replication_id,method_id,information_set,q99_relative_error,mean_relative_error,estimated_q99_kw,fit_status
0,TAIL,event_level,0.098621240878085895,-0.0094242998394954997,291863.02570970519,PASS
0,EVENT-EMP,event_level,-0.0459314854201293,-0.019444867362729198,253460.71333654967,PASS
0,GEV,monthly_maxima,0.0142976807074788,-0.028650008173322299,269461.37490024406,PASS_LMOM_FINITE_MEAN
0,KDE,monthly_maxima,0.0017749301271593001,-0.0286499159956803,266134.54328750481,PASS
0,EMP,monthly_maxima,-0.0459314854201293,-0.028649916041687502,253460.71333654967,PASS
1,TAIL,event_level,-0.044470220167292102,0.0094255362084226003,253848.91746203761,PASS
1,EVENT-EMP,event_level,-0.2263461866976394,0.0101417866501249,205531.20074558567,PASS
1,GEV,monthly_maxima,-0.17717957476661991,0.026676546071043201,218592.95086304465,PASS_LMOM_FINITE_MEAN
1,KDE,monthly_maxima,-0.17402061436059121,0.0266765460658853,219432.16979300432,PASS
1,EMP,monthly_maxima,-0.2263461866976394,0.026676546065883499,205531.20074558567,PASS
2,TAIL,event_level,-0.121067275896081,-0.033954045451440103,233499.9130794252,PASS
2,EVENT-EMP,event_level,-0.1716164993547121,-0.030963422411914,220070.85422187005,PASS
2,GEV,monthly_maxima,-0.091019992109271503,-0.042627032895900099,241482.36493277468,PASS_LMOM_FINITE_MEAN
2,KDE,monthly_maxima,-0.135025968940995,-0.042626984526296798,229791.60466934441,PASS
2,EMP,monthly_maxima,-0.1716164993547121,-0.042626984526296999,220070.85422187005,PASS
3,TAIL,event_level,-0.1158988970243031,-0.041570073657905403,234872.9601673602,PASS
3,EVENT-EMP,event_level,-0.1621114534074535,-0.046756829189460197,222595.99333847719,PASS
3,GEV,monthly_maxima,-0.040801397219376,-0.036403679221576897,254823.58800956508,PASS_LMOM_FINITE_MEAN
3,KDE,monthly_maxima,-0.12565239001999509,-0.036386840762236798,232281.81786003889,PASS
3,EMP,monthly_maxima,-0.1621114534074535,-0.036386840762236798,222595.99333847719,PASS
4,TAIL,event_level,0.2002019398269238,0.063852968492764103,318849.25995110604,PASS
4,EVENT-EMP,event_level,-0.098988735356141402,0.061333293875809103,239365.36461583531,PASS
4,GEV,monthly_maxima,0.15810527299933119,0.062903177630921098,307665.73273041035,PASS_LMOM_FINITE_MEAN
4,KDE,monthly_maxima,-0.0236883102882346,0.062905089409756795,259369.90219420992,PASS
4,EMP,monthly_maxima,-0.098988735356141402,0.062905089392900501,239365.36461583531,PASS
5,TAIL,event_level,-0.13082488910545309,0.00063240698618139996,230907.67618373569,PASS
5,EVENT-EMP,event_level,-0.2042089160560169,0.0013511883786891999,211412.2546975869,PASS
5,GEV,monthly_maxima,-0.057823081142671998,0.0077314059546748004,250301.5562231082,PASS_LMOM_FINITE_MEAN
5,KDE,monthly_maxima,-0.15454384888080669,0.0077314217613599001,224606.42593557152,PASS
5,EMP,monthly_maxima,-0.2042089160560169,0.0077314217613595002,211412.2546975869,PASS
6,TAIL,event_level,0.22268734775052429,0.021449744278893401,324822.80110133335,PASS
6,EVENT-EMP,event_level,-0.21889777567705779,-0.022076754671235599,207509.96803708543,PASS
6,GEV,monthly_maxima,-0.077785272739501005,-0.020247508544324201,244998.34031715075,PASS_LMOM_FINITE_MEAN
6,KDE,monthly_maxima,-0.15841779118700769,-0.020247508540920001,223577.26276191129,PASS
6,EMP,monthly_maxima,-0.21889777567705779,-0.020247508544324,207509.96803708543,PASS
7,TAIL,event_level,-0.14260647760437489,-0.040183991803968602,227777.74392044399,PASS
7,EVENT-EMP,event_level,-0.1950212499916138,-0.037398037779497503,213853.0777191988,PASS
7,GEV,monthly_maxima,-0.0897608405542967,-0.069011058679235904,241816.87492492475,PASS_LMOM_FINITE_MEAN
7,KDE,monthly_maxima,-0.14926769712764951,-0.069011058670925801,226008.10429157093,PASS
7,EMP,monthly_maxima,-0.1950212499916138,-0.069011058679010306,213853.0777191988,PASS
8,TAIL,event_level,-0.0123299420551488,-0.0240625919666318,262387.4004877836,PASS
8,EVENT-EMP,event_level,-0.15175915891163561,-0.038527386764614598,225346.21505471889,PASS
8,GEV,monthly_maxima,-0.1634562193145021,-0.0292751087309744,222238.73877985531,PASS_LMOM_FINITE_MEAN
8,KDE,monthly_maxima,-0.11239428564174569,-0.0292751087309693,235804.0057761565,PASS
8,EMP,monthly_maxima,-0.15175915891163561,-0.029275108730974001,225346.21505471889,PASS
9,TAIL,event_level,0.048620494143221997,0.023607574859953601,278579.67682950501,PASS
9,EVENT-EMP,event_level,-0.18259654760479829,0.0193231842324251,217153.86155372599,PASS
9,GEV,monthly_maxima,-0.1274440790591338,0.053209173633409101,231805.83235690405,PASS_LMOM_FINITE_MEAN
9,KDE,monthly_maxima,-0.12601766991975691,0.0532091736340215,232184.77650237296,PASS
9,EMP,monthly_maxima,-0.18259654760479829,0.053209173633409899,217153.86155372599,PASS
10,TAIL,event_level,-0.33396798317128779,-0.082797992731748496,176940.07035199559,PASS
10,EVENT-EMP,event_level,-0.36490232296671499,-0.078327573586961602,168721.96052935161,PASS
10,GEV,monthly_maxima,-0.35259086797376871,-0.080442214093311995,171992.658720348,PASS_LMOM_FINITE_MEAN
10,KDE,monthly_maxima,-0.34228583725823869,-0.080442214085718902,174730.32419845409,PASS
10,EMP,monthly_maxima,-0.36490232296671499,-0.080442214085718902,168721.96052935161,PASS
11,TAIL,event_level,-0.13646020465835579,-0.023435275044921499,229410.58129161023,PASS
11,EVENT-EMP,event_level,-0.21195271446663869,-0.018949896735181299,209355.01390293083,PASS
11,GEV,monthly_maxima,-0.1511651233579171,0.013773127363626901,225504.02832797111,PASS_LMOM_FINITE_MEAN
11,KDE,monthly_maxima,-0.17255620812025679,0.013773127363626901,219821.2083626852,PASS
11,EMP,monthly_maxima,-0.21195271446663869,0.013773127363626901,209355.01390293083,PASS
12,TAIL,event_level,0.1237546348935972,0.019976201798354201,298540.03881556715,PASS
12,EVENT-EMP,event_level,-0.083850891760000601,0.016226825767109199,243386.92971060687,PASS
12,GEV,monthly_maxima,0.1113811612766331,0.017941392586679199,295252.8645702377,PASS_LMOM_FINITE_MEAN
12,KDE,monthly_maxima,-0.0074548307019816004,0.0179420239431449,263682.53724398708,PASS
12,EMP,monthly_maxima,-0.083850891760000601,0.0179420233737832,243386.92971060687,PASS
13,TAIL,event_level,0.0068332342229325002,0.023239593518317,267478.34757912054,PASS
13,EVENT-EMP,event_level,-0.15640043817657509,0.024024908593989799,224113.19883491023,PASS
13,GEV,monthly_maxima,0.098540351390424899,0.027405174236004699,291841.53636493522,PASS_LMOM_FINITE_MEAN
13,KDE,monthly_maxima,-0.0575970188427938,0.027405393841356599,250361.61261414303,PASS
13,EMP,monthly_maxima,-0.15640043817657509,0.0274053894480739,224113.19883491023,PASS
14,TAIL,event_level,0.0705975063467804,0.032178267211006098,284418.15604247106,PASS
14,EVENT-EMP,event_level,-0.1682334140741942,0.038084156769885899,220969.61484060407,PASS
14,GEV,monthly_maxima,-6.3213248731891291e-05,0.066306588165467195,265646.21658544044,PASS_LMOM_FINITE_MEAN
14,KDE,monthly_maxima,-0.082623699231007,0.066306588175314804,243712.94937171787,PASS
14,EMP,monthly_maxima,-0.1682334140741942,0.066306588165471095,220969.61484060407,PASS
15,TAIL,event_level,0.075431006447039303,0.0070155798228932996,285702.23822797678,PASS
15,EVENT-EMP,event_level,-0.095777844419688896,0.0130278394530942,240218.37956681868,PASS
15,GEV,monthly_maxima,0.11590470503285411,0.044762385556648798,296454.6028204154,PASS_LMOM_FINITE_MEAN
15,KDE,monthly_maxima,-0.0089180955332390996,0.044762440880568202,263293.8019044773,PASS
15,EMP,monthly_maxima,-0.095777844419688896,0.044762440496184198,240218.37956681868,PASS
16,TAIL,event_level,-0.074865132049090399,-0.039839613724776103,245774.11368261024,PASS
16,EVENT-EMP,event_level,-0.010129484571098499,-0.037306361907806201,262971.98064638965,PASS
16,GEV,monthly_maxima,0.045209951138434602,-0.035776554453672497,277673.62170909363,PASS_LMOM_FINITE_MEAN
16,KDE,monthly_maxima,0.037258189181176703,-0.035752941209113202,275561.13269266638,PASS
16,EMP,monthly_maxima,-0.010129484571098499,-0.0357529412227722,262971.98064638965,PASS
17,TAIL,event_level,0.094979056615450697,0.0129217973870466,290895.43207549205,PASS
17,EVENT-EMP,event_level,0.054833786603775803,0.0147124533854206,280230.31880663184,PASS
17,GEV,monthly_maxima,0.27048194714320489,0.0083593185833518002,337520.05823808932,PASS_LMOM_FINITE_MEAN
17,KDE,monthly_maxima,0.1197636577995541,0.0084295734066717008,297479.7838278932,PASS
17,EMP,monthly_maxima,0.054833786603775803,0.0084294296445483006,280230.31880663184,PASS
18,TAIL,event_level,-0.083615661181585102,-0.0168304997647068,243449.42177411451,PASS
18,EVENT-EMP,event_level,-0.20318759990326679,-0.0169078417247037,211683.58062089569,PASS
18,GEV,monthly_maxima,-0.057420479847105202,-0.045468378750005201,250408.51249512131,PASS_LMOM_FINITE_MEAN
18,KDE,monthly_maxima,-0.14928489261752151,-0.045468134267782602,226003.536085973,PASS
18,EMP,monthly_maxima,-0.20318759990326679,-0.045468134267784198,211683.58062089569,PASS
19,TAIL,event_level,0.078039791319252802,0.0211470044840802,286395.29586959071,PASS
19,EVENT-EMP,event_level,-0.012237205342739499,0.017621226896500499,262412.03720194043,PASS
19,GEV,monthly_maxima,0.17032932167442419,0.018516242360472699,310913.21029591217,PASS_LMOM_FINITE_MEAN
19,KDE,monthly_maxima,0.057630289157676498,0.018588764219917099,280973.2460925944,PASS
19,EMP,monthly_maxima,-0.012237205342739499,0.018588763470603901,262412.03720194043,PASS
20,TAIL,event_level,-0.13754078767827391,-0.0259711811868584,229123.51035397599,PASS
20,EVENT-EMP,event_level,-0.1980410212454492,-0.023981148997163901,213050.83619837119,PASS
20,GEV,monthly_maxima,-0.1757869159970617,-0.0139067889941772,218962.92878367865,PASS_LMOM_FINITE_MEAN
20,KDE,monthly_maxima,-0.16366179825719521,-0.013906788994174701,222184.12405914531,PASS
20,EMP,monthly_maxima,-0.1980410212454492,-0.013906788994174499,213050.83619837119,PASS
21,TAIL,event_level,0.32910668515504637,0.084911812026910394,353094.48259920866,PASS
21,EVENT-EMP,event_level,-0.1936782054807181,0.0566392123244275,214209.87496653723,PASS
21,GEV,monthly_maxima,-0.084385957265332198,0.0541406309343282,243244.78259790936,PASS_LMOM_FINITE_MEAN
21,KDE,monthly_maxima,-0.124916581926158,0.054140630942702599,232477.29485303545,PASS
21,EMP,monthly_maxima,-0.1936782054807181,0.054140630934319901,214209.87496653723,PASS
22,TAIL,event_level,-0.22858085719398111,-0.035704222023867201,204937.53145515287,PASS
22,EVENT-EMP,event_level,-0.1964159721552361,-0.040513058831462903,213482.55163108691,PASS
22,GEV,monthly_maxima,-0.21362058958452659,-0.038635041029162501,208911.92117879639,PASS_LMOM_FINITE_MEAN
22,KDE,monthly_maxima,-0.16448875989434711,-0.038635041029162299,221964.43094145891,PASS
22,EMP,monthly_maxima,-0.1964159721552361,-0.038635041029162299,213482.55163108691,PASS
23,TAIL,event_level,0.055899847088930497,0.016567341838763801,280513.53164396802,PASS
23,EVENT-EMP,event_level,0.1248924715176606,0.024041358941960501,298842.31991801248,PASS
23,GEV,monthly_maxima,0.38838642497497811,0.002548044920434,368842.91671222553,PASS_LMOM_FINITE_MEAN
23,KDE,monthly_maxima,0.1931768183630313,0.0039890454151155002,316982.94503734098,PASS
23,EMP,monthly_maxima,0.1248924715176606,0.0039886118612788004,298842.31991801248,PASS
24,TAIL,event_level,-0.183745898293527,-0.0618538088566205,216848.52159020427,PASS
24,EVENT-EMP,event_level,-0.19306657039367861,-0.0618166704739328,214372.36378478628,PASS
24,GEV,monthly_maxima,-0.1020639028448672,-0.074274879178657396,238548.40636450361,PASS_LMOM_FINITE_MEAN
24,KDE,monthly_maxima,-0.1579322264421944,-0.074273673319934203,223706.25935357183,PASS
24,EMP,monthly_maxima,-0.19306657039367861,-0.074273673319934397,214372.36378478628,PASS
25,TAIL,event_level,0.019392433713447298,-0.0047689485466869,270814.86231905373,PASS
25,EVENT-EMP,event_level,0.2256379976374914,0.0055344163004104998,325606.67963178293,PASS
25,GEV,monthly_maxima,0.26856271935175852,-0.033525274809384102,337010.19040612387,PASS_LMOM_FINITE_MEAN
25,KDE,monthly_maxima,0.29231952512017578,-0.033146498751269397,343321.49493472208,PASS
25,EMP,monthly_maxima,0.2256379976374914,-0.033147779736333101,325606.67963178293,PASS
26,TAIL,event_level,0.0048360839521271997,-0.0035798501988615001,266947.77862674138,PASS
26,EVENT-EMP,event_level,0.00059076254266699998,0.0096309696371997006,265819.95376265544,PASS
26,GEV,monthly_maxima,0.1839774586298662,0.047510862354535603,314539.01544048771,PASS_LMOM_FINITE_MEAN
26,KDE,monthly_maxima,0.060585185985906301,0.047559278714990598,281758.25287824322,PASS
26,EMP,monthly_maxima,0.00059076254266699998,0.047559278474869501,265819.95376265544,PASS
27,TAIL,event_level,-0.031017445616209598,-0.0063556636356234004,257422.82204222871,PASS
27,EVENT-EMP,event_level,-0.26903684805055861,-0.012464052869810499,194189.87115136383,PASS
27,GEV,monthly_maxima,-0.16341836164131809,-0.0038465218631221001,222248.79616326524,PASS_LMOM_FINITE_MEAN
27,KDE,monthly_maxima,-0.21479015102464569,-0.0038465218631218998,208601.21196622573,PASS
27,EMP,monthly_maxima,-0.26903684805055861,-0.0038465218631221001,194189.87115136383,PASS
28,TAIL,event_level,-0.1223144897335257,-0.029230157645712102,233168.57449724679,PASS
28,EVENT-EMP,event_level,-0.16895045500203701,-0.018660622796440401,220779.12358941487,PASS
28,GEV,monthly_maxima,-0.043577425250871403,-0.021123264274156998,254086.10004685319,PASS_LMOM_FINITE_MEAN
28,KDE,monthly_maxima,-0.13031491835841061,-0.021122951535287399,231043.15654741079,PASS
28,EMP,monthly_maxima,-0.16895045500203701,-0.021122951535287201,220779.12358941487,PASS
29,TAIL,event_level,-0.12873219419111881,-0.021797120371155301,231463.62781370489,PASS
29,EVENT-EMP,event_level,-0.1568830141487422,-0.0216069022066851,223984.99624958707,PASS
29,GEV,monthly_maxima,-0.070183945051269903,-0.040786680595150102,247017.73191085859,PASS_LMOM_FINITE_MEAN
29,KDE,monthly_maxima,-0.1185707934119534,-0.040786403942839403,234163.13613058921,PASS
29,EMP,monthly_maxima,-0.1568830141487422,-0.040786403942839798,223984.99624958707,PASS
30,TAIL,event_level,-0.1744003954680565,-0.033945828668259799,219331.27600085115,PASS
30,EVENT-EMP,event_level,-0.2426364299290921,-0.032976775373790998,201203.48569496576,PASS
30,GEV,monthly_maxima,-0.060406063126608102,-0.021565567570207899,249615.35345446091,PASS_LMOM_FINITE_MEAN
30,KDE,monthly_maxima,-0.17880491058895179,-0.0215655097064225,218161.15925621119,PASS
30,EMP,monthly_maxima,-0.2426364299290921,-0.021565509706422299,201203.48569496576,PASS
31,TAIL,event_level,-0.0492899259963036,-0.026993475849337499,252568.49990415241,PASS
31,EVENT-EMP,event_level,-0.078948528343689706,-0.011264060639618099,244689.30633193409,PASS
31,GEV,monthly_maxima,0.1680255133190186,-0.013569461658816,310301.17363373499,PASS_LMOM_FINITE_MEAN
31,KDE,monthly_maxima,0.0003615518860545,-0.013524479006410999,265759.06096969399,PASS
31,EMP,monthly_maxima,-0.078948528343689706,-0.0135244802494341,244689.30633193409,PASS
32,TAIL,event_level,-0.25508831924294151,-0.049011005284895097,197895.47929956991,PASS
32,EVENT-EMP,event_level,-0.32870834998010268,-0.045081323365447401,178337.36033710052,PASS
32,GEV,monthly_maxima,-0.27570425293704331,-0.069322592178740303,192418.58830028243,PASS_LMOM_FINITE_MEAN
32,KDE,monthly_maxima,-0.29111576062618028,-0.069322592178571299,188324.32077883452,PASS
32,EMP,monthly_maxima,-0.32870834998010268,-0.069322592178571299,178337.36033710052,PASS
33,TAIL,event_level,-0.25095429082519349,-0.085981926005529397,198993.73773248485,PASS
33,EVENT-EMP,event_level,-0.37417710598024129,-0.093269432742358493,166257.99375681297,PASS
33,GEV,monthly_maxima,-0.3087932709127299,-0.095221477823687201,183628.0601866736,PASS_LMOM_FINITE_MEAN
33,KDE,monthly_maxima,-0.33194761281790341,-0.095221477823686798,177476.80802140533,PASS
33,EMP,monthly_maxima,-0.37417710598024129,-0.095221477823687006,166257.99375681297,PASS
34,TAIL,event_level,-0.0450771395095899,-0.0256529299777855,253687.68144273103,PASS
34,EVENT-EMP,event_level,0.15155052764244911,-0.0056846454716787996,305924.3793490692,PASS
34,GEV,monthly_maxima,0.43942252594083919,0.010163768636714201,382401.32091385627,PASS_LMOM_FINITE_MEAN
34,KDE,monthly_maxima,0.2224793818748004,0.0121287982500298,324767.55226080969,PASS
34,EMP,monthly_maxima,0.15155052764244911,0.0121227509571698,305924.3793490692,PASS
35,TAIL,event_level,0.2416940945964777,0.034679608120664798,329872.19067887741,PASS
35,EVENT-EMP,event_level,0.47930539498967462,0.039010215651998803,392996.72395309969,PASS
35,GEV,monthly_maxima,0.41431217270267379,0.0454870097730578,375730.42889025691,PASS_LMOM_FINITE_MEAN
35,KDE,monthly_maxima,0.56115520237360061,0.046960232374457102,414741.19015123701,PASS
35,EMP,monthly_maxima,0.47930539498967462,0.046932022928854199,392996.72395309969,PASS
36,TAIL,event_level,-0.081197757573844995,-0.0310337834668401,244091.76932445439,PASS
36,EVENT-EMP,event_level,-0.160541037804179,-0.029010396713689501,223013.19467460559,PASS
36,GEV,monthly_maxima,-0.082544816729566095,-0.014714821000003001,243733.9055344876,PASS_LMOM_FINITE_MEAN
36,KDE,monthly_maxima,-0.1179473385411724,-0.0147148209926966,234328.76502816463,PASS
36,EMP,monthly_maxima,-0.160541037804179,-0.014714820992698999,223013.19467460559,PASS
37,TAIL,event_level,0.023520101074060999,-0.0181585311486669,271911.43085438362,PASS
37,EVENT-EMP,event_level,-0.091240054073208204,-0.0108048073678983,241423.90260904719,PASS
37,GEV,monthly_maxima,0.10654703239062339,-0.0182824895555103,293968.61533961678,PASS_LMOM_FINITE_MEAN
37,KDE,monthly_maxima,-0.033619117143730198,-0.0182823769438555,256731.65415317711,PASS
37,EMP,monthly_maxima,-0.091240054073208204,-0.018282404872227601,241423.90260904719,PASS
38,TAIL,event_level,-0.036961010697755897,-0.0078151258952538997,255843.83665249043,PASS
38,EVENT-EMP,event_level,-0.065950968660585793,-0.0030343293442259001,248142.27716009787,PASS
38,GEV,monthly_maxima,0.027652334144934201,0.0215997176370092,273009.21233004372,PASS_LMOM_FINITE_MEAN
38,KDE,monthly_maxima,-0.018816397706612399,0.021599776196701798,260664.18915513644,PASS
38,EMP,monthly_maxima,-0.065950968660585793,0.021599776195199899,248142.27716009787,PASS
39,TAIL,event_level,-0.051296513217899797,-0.024595211678832399,252035.4239030208,PASS
39,EVENT-EMP,event_level,-0.2587125731178106,-0.024077397466613599,196932.6491061413,PASS
39,GEV,monthly_maxima,-0.075946472589582495,-0.037907615548819301,245486.84149978013,PASS_LMOM_FINITE_MEAN
39,KDE,monthly_maxima,-0.18649620859898561,-0.037907612474712103,216117.86587600183,PASS
39,EMP,monthly_maxima,-0.2587125731178106,-0.037907612474712499,196932.6491061413,PASS
40,TAIL,event_level,-0.12017828668170021,-0.062003020554514503,233736.08462998169,PASS
40,EVENT-EMP,event_level,-0.1442327679941301,-0.062224931111130102,227345.69872035549,PASS
40,GEV,monthly_maxima,-0.073261419376628806,-0.044547965200804403,246200.16081836337,PASS_LMOM_FINITE_MEAN
40,KDE,monthly_maxima,-0.10618151087396981,-0.044547183228669997,237454.51022146168,PASS
40,EMP,monthly_maxima,-0.1442327679941301,-0.044547183228670802,227345.69872035549,PASS
41,TAIL,event_level,0.071730424587559405,0.020060686495508299,284719.13051240868,PASS
41,EVENT-EMP,event_level,-0.2512119963270289,0.013952137914291399,198925.2749131718,PASS
41,GEV,monthly_maxima,-0.1921017111854485,0.0101489242108581,214628.69118627801,PASS_LMOM_FINITE_MEAN
41,KDE,monthly_maxima,-0.18116018241506801,0.010148924169399,217535.4506534996,PASS
41,EMP,monthly_maxima,-0.2512119963270289,0.010148924168379401,198925.2749131718,PASS
42,TAIL,event_level,0.1163685776063406,0.032565105053256299,296577.83660454769,PASS
42,EVENT-EMP,event_level,-0.018542161674203202,0.013539200607272,260737.04352495875,PASS
42,GEV,monthly_maxima,0.077273894406765506,0.0059368774213384001,286191.82539046399,PASS_LMOM_FINITE_MEAN
42,KDE,monthly_maxima,0.035141189592963099,0.0059369247482331999,274998.7242098772,PASS
42,EMP,monthly_maxima,-0.018542161674203202,0.0059369110446669,260737.04352495875,PASS
43,TAIL,event_level,0.083812389842645996,0.042182059836287498,287928.86176887946,PASS
43,EVENT-EMP,event_level,-0.18753436161234971,0.022763226043344801,215842.06702162331,PASS
43,GEV,monthly_maxima,-0.1229942080019167,0.031254125093898903,232987.99849610904,PASS_LMOM_FINITE_MEAN
43,KDE,monthly_maxima,-0.14168566106851921,0.031254125093900298,228022.37081302391,PASS
43,EMP,monthly_maxima,-0.18753436161234971,0.0312541250938983,215842.06702162331,PASS
44,TAIL,event_level,-0.1395460778771965,-0.036945891345355003,228590.77892379189,PASS
44,EVENT-EMP,event_level,-0.21551970329443881,-0.041213080293921199,208407.39691427481,PASS
44,GEV,monthly_maxima,-0.1022217985210666,-0.040584806273619198,238506.45932389729,PASS_LMOM_FINITE_MEAN
44,KDE,monthly_maxima,-0.1787924052671277,-0.040584802895317802,218164.48145764804,PASS
44,EMP,monthly_maxima,-0.21551970329443881,-0.040584802895317802,208407.39691427481,PASS
45,TAIL,event_level,0.14403677979708621,0.043581144186364197,303928.25448003371,PASS
45,EVENT-EMP,event_level,-0.0502322778516111,0.0528898704364167,252318.1518737853,PASS
45,GEV,monthly_maxima,0.2566313911845064,0.034304633513362999,333840.47785182594,PASS_LMOM_FINITE_MEAN
45,KDE,monthly_maxima,0.0221776179211618,0.034338588948578497,271554.78273910016,PASS
45,EMP,monthly_maxima,-0.0502322778516111,0.034338582062032399,252318.1518737853,PASS
46,TAIL,event_level,0.058153653063922298,0.0100993172127953,281112.28452325688,PASS
46,EVENT-EMP,event_level,-0.1734373179583904,0.0098879689520119992,219587.13007093943,PASS
46,GEV,monthly_maxima,-0.055568231512978503,0.017587579538756799,250900.58636284657,PASS_LMOM_FINITE_MEAN
46,KDE,monthly_maxima,-0.1104718875050938,0.017587579613643,236314.71585157199,PASS
46,EMP,monthly_maxima,-0.1734373179583904,0.017587579538757898,219587.13007093943,PASS
47,TAIL,event_level,-0.059700294136678003,-0.034772415159041101,249802.85016869559,PASS
47,EVENT-EMP,event_level,-0.080101105420331303,-0.032785328919433698,244383.109236488,PASS
47,GEV,monthly_maxima,-0.026697414292601002,-0.034905461163094703,258570.49456698471,PASS_LMOM_FINITE_MEAN
47,KDE,monthly_maxima,-0.032715724567172401,-0.034905461055012799,256971.65214428373,PASS
47,EMP,monthly_maxima,-0.080101105420331303,-0.034905461141901503,244383.109236488,PASS
48,TAIL,event_level,0.2669786496677316,0.052508061420416703,336589.36168580386,PASS
48,EVENT-EMP,event_level,0.13672599858622389,0.042631871067232999,301986.0503380507,PASS
48,GEV,monthly_maxima,0.26219572164943661,0.0357540285936832,335318.71463181503,PASS_LMOM_FINITE_MEAN
48,KDE,monthly_maxima,0.20064450794890329,0.035781405320764202,318966.83393052442,PASS
48,EMP,monthly_maxima,0.13672599858622389,0.035781213713776197,301986.0503380507,PASS
49,TAIL,event_level,-0.017670367725932501,-0.022089912621570999,260968.64692936256,PASS
49,EVENT-EMP,event_level,-0.31265658384748041,-0.032755084614564403,182601.72084382729,PASS
49,GEV,monthly_maxima,-0.27542556553274011,-0.052705645891206299,192492.62523496081,PASS_LMOM_FINITE_MEAN
49,KDE,monthly_maxima,-0.26215177870376599,-0.052705645882756599,196018.97939814223,PASS
49,EMP,monthly_maxima,-0.31265658384748041,-0.052705645882756599,182601.72084382729,PASS
50,TAIL,event_level,-0.1743454701466822,-0.0472373886478391,219345.86762705309,PASS
50,EVENT-EMP,event_level,-0.27990263545456462,-0.046903707185026899,191303.23336351541,PASS
50,GEV,monthly_maxima,-0.21210702701334219,-0.041714158039206903,209314.01876729168,PASS_LMOM_FINITE_MEAN
50,KDE,monthly_maxima,-0.24305409936642619,-0.041714158039206098,201092.52637505549,PASS
50,EMP,monthly_maxima,-0.27990263545456462,-0.041714158039206098,191303.23336351541,PASS
51,TAIL,event_level,0.061464544135315199,0.038712064969391703,281991.86581108964,PASS
51,EVENT-EMP,event_level,-0.098045576667375497,0.036295242413836297,239615.92699200747,PASS
51,GEV,monthly_maxima,-0.0042955897420224997,0.0268727167135808,264521.83070674841,PASS_LMOM_FINITE_MEAN
51,KDE,monthly_maxima,-0.051699927440177498,0.026872716747637901,251928.25166645067,PASS
51,EMP,monthly_maxima,-0.098045576667375497,0.026872716722601199,239615.92699200747,PASS
52,TAIL,event_level,-0.023968399332514299,-0.0105634068396043,259295.49289563647,PASS
52,EVENT-EMP,event_level,-0.16619418925152099,-0.0075585373412746003,221511.3614450772,PASS
52,GEV,monthly_maxima,0.082605870185012503,-0.022559551623026499,287608.33412499947,PASS_LMOM_FINITE_MEAN
52,KDE,monthly_maxima,-0.1106750164749382,-0.0225531537786328,236260.75199802345,PASS
52,EMP,monthly_maxima,-0.16619418925152099,-0.0225531537830485,221511.3614450772,PASS
53,TAIL,event_level,0.115610332257802,0.0202626244248569,296376.39886293083,PASS
53,EVENT-EMP,event_level,-0.094020556956691106,0.013774861203271401,240685.22584368687,PASS
53,GEV,monthly_maxima,0.025837324854864702,-0.0060218355726216,272527.03149885254,PASS_LMOM_FINITE_MEAN
53,KDE,monthly_maxima,-0.044807740637748901,-0.0060218279501968001,253759.25075791689,PASS
53,EMP,monthly_maxima,-0.094020556956691106,-0.0060218291715182001,240685.22584368687,PASS
54,TAIL,event_level,-0.31746720530778511,-0.1046023032879517,181323.71666667672,PASS
54,EVENT-EMP,event_level,-0.38308712106099879,-0.1031182821314859,163890.93233124787,PASS
54,GEV,monthly_maxima,-0.30135649757996791,-0.10902040706158959,185603.73577499765,PASS_LMOM_FINITE_MEAN
54,KDE,monthly_maxima,-0.3453910534920791,-0.109020407061589,173905.38310704831,PASS
54,EMP,monthly_maxima,-0.38308712106099879,-0.10902040706158909,163890.93233124787,PASS
55,TAIL,event_level,0.073478071337262293,-0.0052352605784360996,285183.41560836433,PASS
55,EVENT-EMP,event_level,0.042282339298988898,-0.0054879792524766997,276895.86353569326,PASS
55,GEV,monthly_maxima,0.253732591266908,-0.0029005142751417001,333070.37394030765,PASS_LMOM_FINITE_MEAN
55,KDE,monthly_maxima,0.1008353264920705,-0.0027024651986759999,292451.22635833034,PASS
55,EMP,monthly_maxima,0.042282339298988898,-0.0027024802237568999,276895.86353569326,PASS
56,TAIL,event_level,0.0211411598163916,0.020970633570792999,271279.43415924039,PASS
56,EVENT-EMP,event_level,-0.1283642764220187,0.019167170000183999,231561.36995567923,PASS
56,GEV,monthly_maxima,-0.0529425043932501,0.0121858628612931,251598.14493293161,PASS_LMOM_FINITE_MEAN
56,KDE,monthly_maxima,-0.085100019998730098,0.012185862861443301,243055.0825428208,PASS
56,EMP,monthly_maxima,-0.1283642764220187,0.0121858628612937,231561.36995567923,PASS
57,TAIL,event_level,-0.1461316018286134,-0.0603419465122755,226841.24880838284,PASS
57,EVENT-EMP,event_level,-0.143250472972941,-0.056226367542988397,227606.65817239985,PASS
57,GEV,monthly_maxima,-0.065331303022956103,-0.033067828464316697,248306.89939858872,PASS_LMOM_FINITE_MEAN
57,KDE,monthly_maxima,-0.091778485005673094,-0.0330676904651801,241280.8614268474,PASS
57,EMP,monthly_maxima,-0.143250472972941,-0.033067690465218201,227606.65817239985,PASS
58,TAIL,event_level,0.17085668632929521,0.049076830519131198,311053.3115774967,PASS
58,EVENT-EMP,event_level,-0.086292499715325502,0.046443192753811001,242738.28479193733,PASS
58,GEV,monthly_maxima,0.0206126453075214,0.070283066981211298,271139.02740398137,PASS_LMOM_FINITE_MEAN
58,KDE,monthly_maxima,-0.033598621419160701,0.070283066993060903,256737.09910905853,PASS
58,EMP,monthly_maxima,-0.086292499715325502,0.070283066981212297,242738.28479193733,PASS
59,TAIL,event_level,-0.13572440678892481,-0.047765474661308698,229606.05556836029,PASS
59,EVENT-EMP,event_level,-0.2472604355631442,-0.062751467795729904,199975.05843993241,PASS
59,GEV,monthly_maxima,-0.20238217304105779,-0.043205997496507401,211897.5527454509,PASS_LMOM_FINITE_MEAN
59,KDE,monthly_maxima,-0.21671689516109141,-0.043205997496504403,208089.34731942351,PASS
59,EMP,monthly_maxima,-0.2472604355631442,-0.043205997496504799,199975.05843993241,PASS
60,TAIL,event_level,0.051306056622388602,-0.0241490385726323,279293.13144128327,PASS
60,EVENT-EMP,event_level,-0.074907963583742299,-0.024029144977255602,245762.73492819132,PASS
60,GEV,monthly_maxima,-0.0090154823173020007,-0.031562888589888899,263267.92983828823,PASS_LMOM_FINITE_MEAN
60,KDE,monthly_maxima,-0.028233228926525501,-0.031562881563243501,258162.48542852289,PASS
60,EMP,monthly_maxima,-0.074907963583742299,-0.031562881682546,245762.73492819132,PASS
61,TAIL,event_level,-0.061019264060993499,-0.027136981673919001,249452.44864849281,PASS
61,EVENT-EMP,event_level,-0.24279945270118911,-0.0497690779970087,201160.17657463072,PASS
61,GEV,monthly_maxima,-0.1663980933377095,-0.051046401476476398,221457.19167178759,PASS_LMOM_FINITE_MEAN
61,KDE,monthly_maxima,-0.2064422381680952,-0.051046401474968903,210818.94362297616,PASS
61,EMP,monthly_maxima,-0.24279945270118911,-0.051046401474969097,201160.17657463072,PASS
62,TAIL,event_level,0.089953341868811404,0.031758549809672298,289560.2855684614,PASS
62,EVENT-EMP,event_level,-0.060217142663773399,0.0176028837143626,249665.54263326959,PASS
62,GEV,monthly_maxima,0.049806171652300398,0.0153600267167745,278894.66748546483,PASS_LMOM_FINITE_MEAN
62,KDE,monthly_maxima,-0.010427816556328001,0.0153603045504433,262892.72487321211,PASS
62,EMP,monthly_maxima,-0.060217142663773399,0.0153603044960771,249665.54263326959,PASS
63,TAIL,event_level,0.074421998065532999,0.048233474465195103,285434.18202422315,PASS
63,EVENT-EMP,event_level,0.1155502622006967,0.056887360725308797,296360.44047074893,PASS
63,GEV,monthly_maxima,0.28230126368381397,0.042377453626469302,340660.01344649744,PASS_LMOM_FINITE_MEAN
63,KDE,monthly_maxima,0.18077032775001869,0.042400418225533698,313686.99939745985,PASS
63,EMP,monthly_maxima,0.1155502622006967,0.042400013766453797,296360.44047074893,PASS
64,TAIL,event_level,-0.057509902661662199,-0.019759103152918799,250384.75616104281,PASS
64,EVENT-EMP,event_level,-0.17867714510968921,-0.020559896682484601,218195.10181800707,PASS
64,GEV,monthly_maxima,-0.13778852953595089,-0.030658268117737999,229057.69450636065,PASS_LMOM_FINITE_MEAN
64,KDE,monthly_maxima,-0.14143419358020301,-0.030658268117737999,228089.176422889,PASS
64,EMP,monthly_maxima,-0.17867714510968921,-0.030658268117737801,218195.10181800707,PASS
65,TAIL,event_level,-0.11523689516152311,-0.052944903017827102,235048.82957485679,PASS
65,EVENT-EMP,event_level,-0.23632203938357149,-0.0538558320422486,202880.98569365084,PASS
65,GEV,monthly_maxima,-0.1567501198886331,-0.030311558452392001,224020.30133874039,PASS_LMOM_FINITE_MEAN
65,KDE,monthly_maxima,-0.18760445780773441,-0.030311558452390999,215823.44505536737,PASS
65,EMP,monthly_maxima,-0.23632203938357149,-0.030311558452390801,202880.98569365084,PASS
66,TAIL,event_level,-0.06033810053297,-0.017902309212015601,249633.40860165472,PASS
66,EVENT-EMP,event_level,-0.30472213166681172,-0.026844195222418699,184709.61129290331,PASS
66,GEV,monthly_maxima,-0.25559025060315999,-0.0371728128456476,197762.1347035972,PASS_LMOM_FINITE_MEAN
66,KDE,monthly_maxima,-0.2471281218870357,-0.037172812838239901,200010.20928939249,PASS
66,EMP,monthly_maxima,-0.30472213166681172,-0.037172812838239901,184709.61129290331,PASS
67,TAIL,event_level,0.0219444867620519,0.0066288505460378004,271492.84841364453,PASS
67,EVENT-EMP,event_level,-0.1225295745100617,0.0036872527402340999,233111.43442810548,PASS
67,GEV,monthly_maxima,-0.062423042257355697,0.022623121986592502,249079.51670746447,PASS_LMOM_FINITE_MEAN
67,KDE,monthly_maxima,-0.078741728069623804,0.022623121987423198,244744.24551521279,PASS
67,EMP,monthly_maxima,-0.1225295745100617,0.022623121986594101,233111.43442810548,PASS
68,TAIL,event_level,-0.039985213854763203,-0.020385195824298499,255040.41773892607,PASS
68,EVENT-EMP,event_level,-0.070901755465699406,-0.0084922597529482006,246827.03623554663,PASS
68,GEV,monthly_maxima,0.065177756260668102,-0.035280280670779297,282978.32892110682,PASS_LMOM_FINITE_MEAN
68,KDE,monthly_maxima,-0.019013684866287999,-0.035280115755504403,260611.77725446119,PASS
68,EMP,monthly_maxima,-0.070901755465699406,-0.035280123798934297,246827.03623554663,PASS
69,TAIL,event_level,-0.014239027983781899,-0.0121682057144261,261880.22697362021,PASS
69,EVENT-EMP,event_level,-0.1830746990530045,-0.017385858740300901,217026.83440075611,PASS
69,GEV,monthly_maxima,-0.081169652008503096,-0.0257547067905716,244099.23593354112,PASS_LMOM_FINITE_MEAN
69,KDE,monthly_maxima,-0.14130549064684619,-0.025754706734500601,228123.36803156129,PASS
69,EMP,monthly_maxima,-0.1830746990530045,-0.025754706734521599,217026.83440075611,PASS
70,TAIL,event_level,-0.0053847427292631001,-0.0254306998168417,264232.48304579954,PASS
70,EVENT-EMP,event_level,-0.23723622252957269,-0.030126236083006502,202638.12104738611,PASS
70,GEV,monthly_maxima,-0.086231392991705402,-0.050356051844411297,242754.51858806601,PASS_LMOM_FINITE_MEAN
70,KDE,monthly_maxima,-0.19479920760312289,-0.0503560288661309,213912.06616847453,PASS
70,EMP,monthly_maxima,-0.23723622252957269,-0.050356028866131303,202638.12104738611,PASS
71,TAIL,event_level,0.0410609282421706,0.0069824582195018,276571.37979788263,PASS
71,EVENT-EMP,event_level,-0.1835472123944466,0.015272833087464599,216901.30508419999,PASS
71,GEV,monthly_maxima,-0.020331810726557001,0.012534522640968901,260261.5999708536,PASS_LMOM_FINITE_MEAN
71,KDE,monthly_maxima,-0.099107741699349897,0.0125345266007394,239333.74903248856,PASS
71,EMP,monthly_maxima,-0.1835472123944466,0.0125345226409682,216901.30508419999,PASS
72,TAIL,event_level,-0.079717831854164395,-0.045202735051551902,244484.9308457321,PASS
72,EVENT-EMP,event_level,-0.16850163340600879,-0.046004322709165102,220898.35888557203,PASS
72,GEV,monthly_maxima,-0.015297320012666401,-0.040506159618022099,261599.07792775999,PASS_LMOM_FINITE_MEAN
72,KDE,monthly_maxima,-0.1158706681345866,-0.040506096685562501,234880.45953917145,PASS
72,EMP,monthly_maxima,-0.16850163340600879,-0.040506096690032099,220898.35888557203,PASS
73,TAIL,event_level,-0.11354664922934141,-0.0119242172692859,235497.86539685293,PASS
73,EVENT-EMP,event_level,-0.20414598460916439,-0.0088429327000631008,211428.97325518183,PASS
73,GEV,monthly_maxima,-0.076295660298180704,-0.033197670619498,245394.07524205639,PASS_LMOM_FINITE_MEAN
73,KDE,monthly_maxima,-0.1469349637818741,-0.033197664428782102,226627.82525375416,PASS
73,EMP,monthly_maxima,-0.20414598460916439,-0.033197664428783302,211428.97325518183,PASS
74,TAIL,event_level,-0.093643779343495895,-0.039441953988854903,240785.3217185117,PASS
74,EVENT-EMP,event_level,-0.17505705005996641,-0.047936798094610399,219156.82716542919,PASS
74,GEV,monthly_maxima,-0.091927562373670099,-0.0262628258421699,241241.25708454137,PASS_LMOM_FINITE_MEAN
74,KDE,monthly_maxima,-0.1336785956255957,-0.026262824127580801,230149.55191991696,PASS
74,EMP,monthly_maxima,-0.17505705005996641,-0.026262824127580599,219156.82716542919,PASS
75,TAIL,event_level,-0.1959177166192812,-0.019290036193567499,213614.9196965216,PASS
75,EVENT-EMP,event_level,-0.2314473827007264,-0.0195298733040116,204176.001660768,PASS
75,GEV,monthly_maxima,-0.1127742669268525,-0.027106889676683,235703.05880420856,PASS_LMOM_FINITE_MEAN
75,KDE,monthly_maxima,-0.1966908433634193,-0.0271068766213464,213409.52851855665,PASS
75,EMP,monthly_maxima,-0.2314473827007264,-0.0271068766213464,204176.001660768,PASS
76,TAIL,event_level,0.00085093105767720001,0.019704007453074199,265889.0709134622,PASS
76,EVENT-EMP,event_level,-0.15475579739967199,0.0188863098816664,224550.11905408319,PASS
76,GEV,monthly_maxima,-0.056373470540788201,0.0308869014028854,250686.66413894325,PASS_LMOM_FINITE_MEAN
76,KDE,monthly_maxima,-0.1083187489344625,0.030886901403031099,236886.72512520888,PASS
76,EMP,monthly_maxima,-0.15475579739967199,0.030886901402899899,224550.11905408319,PASS
77,TAIL,event_level,0.1231113441513305,0.019324439605452,298369.14026066673,PASS
77,EVENT-EMP,event_level,0.3150008439035939,0.023516312950322998,349347.08235366165,PASS
77,GEV,monthly_maxima,0.35277169903538802,0.012503799333645401,359381.40141852642,PASS_LMOM_FINITE_MEAN
77,KDE,monthly_maxima,0.38516650533319358,0.0143276059924146,367987.50316820719,PASS
77,EMP,monthly_maxima,0.3150008439035939,0.014326914021819201,349347.08235366165,PASS
78,TAIL,event_level,-0.11389513494634421,0.021183642883948299,235405.28563232932,PASS
78,EVENT-EMP,event_level,-0.19909931425719271,0.021998766644087401,212769.68689140159,PASS
78,GEV,monthly_maxima,-0.090340137533427095,0.022584575097949099,241662.97714576079,PASS_LMOM_FINITE_MEAN
78,KDE,monthly_maxima,-0.16011449399457769,0.022584575099179199,223126.51158696428,PASS
78,EMP,monthly_maxima,-0.19909931425719271,0.022584575099179199,212769.68689140159,PASS
79,TAIL,event_level,0.070857107759464397,0.040693473366553497,284487.12253516685,PASS
79,EVENT-EMP,event_level,-0.16307098125279559,0.022163377922073398,222341.08228289767,PASS
79,GEV,monthly_maxima,-0.0916050140608414,0.0019020369882519999,241326.94624020025,PASS_LMOM_FINITE_MEAN
79,KDE,monthly_maxima,-0.1192861228609404,0.0019020369884915,233973.09955602439,PASS
79,EMP,monthly_maxima,-0.16307098125279559,0.0019020369882510001,222341.08228289767,PASS
80,TAIL,event_level,-0.070980065215636295,0.0053650205840712001,246806.23223166543,PASS
80,EVENT-EMP,event_level,-0.21020717404443109,0.0020140023001350999,209818.73942558403,PASS
80,GEV,monthly_maxima,-0.13769404667349211,0.0113027099555119,229082.7951079956,PASS_LMOM_FINITE_MEAN
80,KDE,monthly_maxima,-0.16854520322010991,0.011302709955510901,220886.78399761248,PASS
80,EMP,monthly_maxima,-0.21020717404443109,0.011302709955510901,209818.73942558403,PASS
81,TAIL,event_level,0.012757151719707699,-0.012044227138629701,269052.11333234922,PASS
81,EVENT-EMP,event_level,-0.080453841749626998,-0.00088538466794179998,244289.40024150829,PASS
81,GEV,monthly_maxima,0.28694480932063721,-0.0112144489180587,341893.63175748248,PASS_LMOM_FINITE_MEAN
81,KDE,monthly_maxima,0.0073746051987120002,-0.0107982568043307,267622.16982207674,PASS
81,EMP,monthly_maxima,-0.080453841749626998,-0.0107983181072726,244289.40024150829,PASS
82,TAIL,event_level,-0.0849208649210247,-0.0248161727572444,243102.67742002211,PASS
82,EVENT-EMP,event_level,-0.13806081323385069,-0.022604969372290298,228985.35879960065,PASS
82,GEV,monthly_maxima,-0.031003812049827599,-0.0105988027674147,257426.4439765109,PASS_LMOM_FINITE_MEAN
82,KDE,monthly_maxima,-0.0888238946657533,-0.010598801239131799,242065.78678988919,PASS
82,EMP,monthly_maxima,-0.13806081323385069,-0.010598801239226199,228985.35879960065,PASS
83,TAIL,event_level,0.071985448670640703,0.0083449433039683996,284786.88097794441,PASS
83,EVENT-EMP,event_level,-0.065899454036348601,-0.0073262686343500997,248155.96269023209,PASS
83,GEV,monthly_maxima,0.13292244384474761,-0.0036513034211086998,300975.58653670229,PASS_LMOM_FINITE_MEAN
83,KDE,monthly_maxima,-0.0131878917008291,-0.0036431401705511002,262159.47500247741,PASS
83,EMP,monthly_maxima,-0.065899454036348601,-0.0036431408569671002,248155.96269023209,PASS
84,TAIL,event_level,-0.0194044840313598,-0.0162499856588562,260507.95637195988,PASS
84,EVENT-EMP,event_level,-0.018898661652321298,-0.0069917132059487998,260642.33466770439,PASS
84,GEV,monthly_maxima,0.1700537106756598,0.0018932752718472999,310839.99064838927,PASS_LMOM_FINITE_MEAN
84,KDE,monthly_maxima,0.033475598489029999,0.0019942033267218999,274556.23826376483,PASS
84,EMP,monthly_maxima,-0.018898661652321298,0.0019942030496593001,260642.33466770439,PASS
85,TAIL,event_level,0.047279341211342703,0.0109726800567569,278223.38210474176,PASS
85,EVENT-EMP,event_level,-0.0243690338065688,0.0181685695951854,259189.05913534644,PASS
85,GEV,monthly_maxima,0.16848055019858879,0.040861179490813901,310422.06010082603,PASS_LMOM_FINITE_MEAN
85,KDE,monthly_maxima,0.032218616988393699,0.040875091393316097,274222.30477478221,PASS
85,EMP,monthly_maxima,-0.0243690338065688,0.0408750912763566,259189.05913534644,PASS
86,TAIL,event_level,0.13807547399283709,0.073418621828528902,302344.55603650247,PASS
86,EVENT-EMP,event_level,0.041866807205691997,0.071004788460022394,276785.47202903329,PASS
86,GEV,monthly_maxima,0.14145424979944099,0.086895246804476106,303242.17178742494,PASS_LMOM_FINITE_MEAN
86,KDE,monthly_maxima,0.12033120997575369,0.086895392966575599,297630.56144735863,PASS
86,EMP,monthly_maxima,0.041866807205691997,0.086895390911671894,276785.47202903329,PASS
87,TAIL,event_level,0.26533583287117479,0.070459527017125101,336152.92603073991,PASS
87,EVENT-EMP,event_level,0.13615706170402839,0.070843278473435897,301834.90485342243,PASS
87,GEV,monthly_maxima,0.40092204906346168,0.059973637759147699,372173.16833989299,PASS_LMOM_FINITE_MEAN
87,KDE,monthly_maxima,0.21097560161435339,0.060162596081996401,321711.42337035597,PASS
87,EMP,monthly_maxima,0.13615706170402839,0.0601603988250346,301834.90485342243,PASS
88,TAIL,event_level,-0.072372106437326403,-0.039518158466915997,246436.41837065693,PASS
88,EVENT-EMP,event_level,0.46902524600829298,-0.0101556516327407,390265.6686313817,PASS
88,GEV,monthly_maxima,0.4704267966524579,0.0020944761526682002,390638.00879418827,PASS_LMOM_FINITE_MEAN
88,KDE,monthly_maxima,0.55411293656917737,0.0061040717034114003,412870.32062036201,PASS
88,EMP,monthly_maxima,0.46902524600829298,0.0060471410157750998,390265.6686313817,PASS
89,TAIL,event_level,-0.0010852710892892,-0.00084563104394020001,265374.69362311641,PASS
89,EVENT-EMP,event_level,-0.1256463121605732,0.0106134909288336,232283.43252246728,PASS
89,GEV,monthly_maxima,-0.0568296950028244,0.0308685353774787,250565.46217511973,PASS_LMOM_FINITE_MEAN
89,KDE,monthly_maxima,-0.076951107329460297,0.0308685353959266,245219.94721082621,PASS
89,EMP,monthly_maxima,-0.1256463121605732,0.030868535377479502,232283.43252246728,PASS
90,TAIL,event_level,-0.22282566854085939,-0.066442952904212801,206466.47219590144,PASS
90,EVENT-EMP,event_level,-0.3107393543892345,-0.063275016130047004,183111.05779257973,PASS
90,GEV,monthly_maxima,-0.2156155541287092,-0.055907548083428397,208381.93289313081,PASS_LMOM_FINITE_MEAN
90,KDE,monthly_maxima,-0.27120010728846078,-0.055907548083426101,193615.17319079649,PASS
90,EMP,monthly_maxima,-0.3107393543892345,-0.055907548083426302,183111.05779257973,PASS
91,TAIL,event_level,0.29939715656331728,0.097550490071544593,345201.75980762986,PASS
91,EVENT-EMP,event_level,-0.077126510876295407,0.083635584533663904,245173.34897660799,PASS
91,GEV,monthly_maxima,0.13469085286990271,0.083940815868501897,301445.3874012492,PASS_LMOM_FINITE_MEAN
91,KDE,monthly_maxima,-0.0093117780155201006,0.083940817104241505,263189.21503124729,PASS
91,EMP,monthly_maxima,-0.077126510876295407,0.083940816622796705,245173.34897660799,PASS
92,TAIL,event_level,0.20240717155436791,0.058807579162707797,319435.10844958259,PASS
92,EVENT-EMP,event_level,-0.11440516380620951,0.0672516965511014,235269.78983022689,PASS
92,GEV,monthly_maxima,0.049959246737368401,0.090217104907620194,278935.33387332113,PASS_LMOM_FINITE_MEAN
92,KDE,monthly_maxima,-0.020998941942254799,0.090217138832971805,260084.36788402143,PASS
92,EMP,monthly_maxima,-0.11440516380620951,0.090217104907620596,235269.78983022689,PASS
93,TAIL,event_level,-0.094970768702569305,-0.024746774241312899,240432.78973113251,PASS
93,EVENT-EMP,event_level,-0.1390868599413834,-0.028248803442301001,228712.77614286929,PASS
93,GEV,monthly_maxima,0.0143432562576346,-0.024791962467341101,269473.48263808119,PASS_LMOM_FINITE_MEAN
93,KDE,monthly_maxima,-0.094977685551574903,-0.0247859704528447,240430.95218020599,PASS
93,EMP,monthly_maxima,-0.1390868599413834,-0.0247859704528938,228712.77614286929,PASS
94,TAIL,event_level,0.1268697338751813,0.0420805361372278,299367.6053874857,PASS
94,EVENT-EMP,event_level,-0.084856844991242297,0.0533872915740876,243119.68514726852,PASS
94,GEV,monthly_maxima,0.0613453892846249,0.092196972674214006,281960.2107747983,PASS_LMOM_FINITE_MEAN
94,KDE,monthly_maxima,-0.017556815702391201,0.092196972833073002,260998.81350172896,PASS
94,EMP,monthly_maxima,-0.084856844991242297,0.092196972674214797,243119.68514726852,PASS
95,TAIL,event_level,-0.1428029786497132,-0.041399031352042502,227725.54086126969,PASS
95,EVENT-EMP,event_level,-0.29928432545175782,-0.052270363144177601,186154.2352598313,PASS
95,GEV,monthly_maxima,-0.2103477144029757,-0.0456268464158383,209781.40305090559,PASS_LMOM_FINITE_MEAN
95,KDE,monthly_maxima,-0.26068161377136567,-0.045626846415837898,196409.54783929099,PASS
95,EMP,monthly_maxima,-0.29928432545175782,-0.045626846415837898,186154.2352598313,PASS
96,TAIL,event_level,-0.032383111256793301,-0.0042211818592513004,257060.01519748761,PASS
96,EVENT-EMP,event_level,-0.25903266533095232,-0.0084232731512678006,196847.61244531811,PASS
96,GEV,monthly_maxima,-0.2143348957722786,0.0043907193004528999,208722.15644689123,PASS_LMOM_FINITE_MEAN
96,KDE,monthly_maxima,-0.21456140895360021,0.0043907192970224001,208661.98027333501,PASS
96,EMP,monthly_maxima,-0.25903266533095232,0.0043907192970224001,196847.61244531811,PASS
97,TAIL,event_level,0.059368094811894902,0.014640463989168,281434.9167735019,PASS
97,EVENT-EMP,event_level,-0.095419974511100306,0.0079903345532004993,240313.45236392532,PASS
97,GEV,monthly_maxima,0.0412752249885645,0.0144344226660223,276628.31051656441,PASS_LMOM_FINITE_MEAN
97,KDE,monthly_maxima,-0.048103596938543797,0.0144358753610882,252883.663652496,PASS
97,EMP,monthly_maxima,-0.095419974511100306,0.014435875360325199,240313.45236392532,PASS
98,TAIL,event_level,-0.084362523863599603,-0.0057237116299943,243251.00798594835,PASS
98,EVENT-EMP,event_level,-0.1961353841721174,-0.0062117834357502,213557.09347925411,PASS
98,GEV,monthly_maxima,-0.1081027075186711,-0.0042943568259195004,236944.11933801428,PASS_LMOM_FINITE_MEAN
98,KDE,monthly_maxima,-0.16018138653959951,-0.0042943308968220999,223108.74071210672,PASS
98,EMP,monthly_maxima,-0.1961353841721174,-0.0042943308968218996,213557.09347925411,PASS
99,TAIL,event_level,0.27312292130363569,0.091799807609808506,338221.66738290107,PASS
99,EVENT-EMP,event_level,-0.13518096392381149,0.072461663088435699,229750.42823567329,PASS
99,GEV,monthly_maxima,-0.0015816950875302,0.073764713876129095,265242.81212950376,PASS_LMOM_FINITE_MEAN
99,KDE,monthly_maxima,-0.079669955733956799,0.073764713876208005,244497.64975993399,PASS
99,EMP,monthly_maxima,-0.13518096392381149,0.073764713876131802,229750.42823567329,PASS
100,TAIL,event_level,0.42765038447978398,0.099403622001676795,379273.89837907976,PASS
100,EVENT-EMP,event_level,0.330067439455767,0.1085750203223783,353349.71947861562,PASS
100,GEV,monthly_maxima,0.49803482763592322,0.13792980381043421,397972.44140563242,PASS_LMOM_FINITE_MEAN
100,KDE,monthly_maxima,0.40851108290779659,0.1380290358905728,374189.29391402681,PASS
100,EMP,monthly_maxima,0.330067439455767,0.13802180385832469,353349.71947861562,PASS
101,TAIL,event_level,0.33323658712835208,0.080356229440693802,354191.64478847245,PASS
101,EVENT-EMP,event_level,-0.071078410916007806,0.065296822521893894,246780.10541688348,PASS
101,GEV,monthly_maxima,0.15539827578350979,0.056258618156993803,306946.58370197366,PASS_LMOM_FINITE_MEAN
101,KDE,monthly_maxima,0.0090360961323041993,0.0562586395437501,268063.56650459481,PASS
101,EMP,monthly_maxima,-0.071078410916007806,0.056258618947924902,246780.10541688348,PASS
102,TAIL,event_level,-0.17092263773773561,-0.048223918157423801,220255.18758756461,PASS
102,EVENT-EMP,event_level,-0.248110897843211,-0.050974595312653699,199749.12207071207,PASS
102,GEV,monthly_maxima,-0.16310648812977249,-0.063959139928288694,222331.64941908399,PASS_LMOM_FINITE_MEAN
102,KDE,monthly_maxima,-0.20913106711293139,-0.063959136857469595,210104.62123209605,PASS
102,EMP,monthly_maxima,-0.248110897843211,-0.063959136857469401,199749.12207071207,PASS
103,TAIL,event_level,-0.094158044239643898,-0.025225785034821199,240648.70055825991,PASS
103,EVENT-EMP,event_level,-0.11321714709629389,-0.025697123732436399,235585.40192532219,PASS
103,GEV,monthly_maxima,0.020388496632609901,-0.0068549801669505004,271079.4793923152,PASS_LMOM_FINITE_MEAN
103,KDE,monthly_maxima,-0.060024540270833898,-0.0068539147843773001,249716.7099647125,PASS
103,EMP,monthly_maxima,-0.11321714709629389,-0.0068539147955852999,235585.40192532219,PASS
104,TAIL,event_level,0.2478918746659895,0.077720233732790203,331518.71158750763,PASS
104,EVENT-EMP,event_level,-0.14812420391043429,0.062187161223391303,226311.88814157929,PASS
104,GEV,monthly_maxima,0.1167905079597248,0.040704276530962397,296689.92789224122,PASS_LMOM_FINITE_MEAN
104,KDE,monthly_maxima,-0.0522721944987583,0.040704307082323601,251776.22147714003,PASS
104,EMP,monthly_maxima,-0.14812420391043429,0.040704306863360101,226311.88814157929,PASS
105,TAIL,event_level,-0.066454851048435001,-0.0291710097253194,248008.41424825217,PASS
105,EVENT-EMP,event_level,-0.17908266348888591,-0.034462349509051499,218087.37058477639,PASS
105,GEV,monthly_maxima,-0.044516284421075497,-0.033223001943979903,253836.67989372369,PASS_LMOM_FINITE_MEAN
105,KDE,monthly_maxima,-0.12884180153677879,-0.033222992838499603,231434.50919633792,PASS
105,EMP,monthly_maxima,-0.17908266348888591,-0.0332229928387325,218087.37058477639,PASS
106,TAIL,event_level,-0.026877862503680398,-0.0323731357225484,258522.55615207891,PASS
106,EVENT-EMP,event_level,0.1608024128793136,-0.025161493955186,308382.26302933739,PASS
106,GEV,monthly_maxima,0.21683743723036189,-0.0466296521070819,323268.6962642732,PASS_LMOM_FINITE_MEAN
106,KDE,monthly_maxima,0.22170769966570489,-0.045872458825049298,324562.54484237224,PASS
106,EMP,monthly_maxima,0.1608024128793136,-0.045872561816754601,308382.26302933739,PASS
107,TAIL,event_level,-0.2792026692053986,-0.081320236434575505,191489.18850417243,PASS
107,EVENT-EMP,event_level,-0.32242158500378298,-0.079219764200217493,180007.52124391851,PASS
107,GEV,monthly_maxima,-0.27903179878773671,-0.076465440111227606,191534.58245364969,PASS_LMOM_FINITE_MEAN
107,KDE,monthly_maxima,-0.29276978572884138,-0.076465440111227204,187884.90749143387,PASS
107,EMP,monthly_maxima,-0.32242158500378298,-0.076465440111227204,180007.52124391851,PASS
108,TAIL,event_level,-0.0106988469726067,-0.0020750806989538002,262820.72211701993,PASS
108,EVENT-EMP,event_level,-0.12907800018963411,-0.0022811508857465,231371.7599512607,PASS
108,GEV,monthly_maxima,0.0127725234418531,-0.037622202734251597,269056.19703032332,PASS_LMOM_FINITE_MEAN
108,KDE,monthly_maxima,-0.084146750255514699,-0.037621731716889401,243308.33105215235,PASS
108,EMP,monthly_maxima,-0.12907800018963411,-0.037621731718430397,231371.7599512607,PASS
109,TAIL,event_level,-0.013148238276681301,0.00022159191587289999,262170.00945049361,PASS
109,EVENT-EMP,event_level,-0.060219253319625798,0.0024083624065247,249664.9819100828,PASS
109,GEV,monthly_maxima,-0.096664312765930002,0.018001153343831702,239982.87771768001,PASS_LMOM_FINITE_MEAN
109,KDE,monthly_maxima,-0.012749052995109599,0.018001153379300701,262276.05821394658,PASS
109,EMP,monthly_maxima,-0.060219253319625798,0.018001153343828399,249664.9819100828,PASS
110,TAIL,event_level,-0.067763493958778703,-0.016350953221844999,247660.75623366545,PASS
110,EVENT-EMP,event_level,-0.248325649743877,-0.0229775086678769,199692.07043437639,PASS
110,GEV,monthly_maxima,-0.22051597023378941,-0.019189178966290101,207080.0736003666,PASS_LMOM_FINITE_MEAN
110,KDE,monthly_maxima,-0.21193958182920219,-0.0191891789663164,209358.50275892159,PASS
110,EMP,monthly_maxima,-0.248325649743877,-0.0191891789663164,199692.07043437639,PASS
111,TAIL,event_level,-0.049972922646130701,-0.018113617632707499,252387.0529583343,PASS
111,EVENT-EMP,event_level,-0.1374047547493443,-0.020742538034709899,229159.64927133548,PASS
111,GEV,monthly_maxima,-0.074558325253121699,-0.012629655857524799,245855.62089951799,PASS_LMOM_FINITE_MEAN
111,KDE,monthly_maxima,-0.098476800585051996,-0.0126296489441359,239501.36674805035,PASS
111,EMP,monthly_maxima,-0.1374047547493443,-0.0126296489441365,229159.64927133548,PASS
112,TAIL,event_level,-0.21964936610385691,-0.080042557543549803,207310.29826200928,PASS
112,EVENT-EMP,event_level,-0.2086999317468417,-0.084923848539776095,210219.15795117209,PASS
112,GEV,monthly_maxima,-0.25185009851559742,-0.076771150053028897,198755.7547650644,PASS_LMOM_FINITE_MEAN
112,KDE,monthly_maxima,-0.17952930035309969,-0.076771150053010495,217968.71569104903,PASS
112,EMP,monthly_maxima,-0.2086999317468417,-0.076771150053010495,210219.15795117209,PASS
113,TAIL,event_level,-0.15651036884818409,-0.043412432654104202,224083.99432179844,PASS
113,EVENT-EMP,event_level,-0.15300910086239339,-0.055691462733438002,225014.15171374605,PASS
113,GEV,monthly_maxima,-0.1182184025444247,-0.050752906703096401,234256.753349156,PASS_LMOM_FINITE_MEAN
113,KDE,monthly_maxima,-0.1181894784907335,-0.050752472982924297,234264.43740032121,PASS
113,EMP,monthly_maxima,-0.15300910086239339,-0.050752472982924297,225014.15171374605,PASS
114,TAIL,event_level,-0.0044250033873911004,-0.021695569132939699,264487.4502881837,PASS
114,EVENT-EMP,event_level,-0.1322185825745531,-0.030590315040876101,230537.42338170699,PASS
114,GEV,monthly_maxima,-0.072817556811867495,-0.0457576606133401,246318.07868334744,PASS_LMOM_FINITE_MEAN
114,KDE,monthly_maxima,-0.086218857580379393,-0.045757660459727401,242757.84878317048,PASS
114,EMP,monthly_maxima,-0.1322185825745531,-0.045757660613340703,230537.42338170699,PASS
115,TAIL,event_level,-0.095208617662728798,-0.019986737693235099,240369.60206044943,PASS
115,EVENT-EMP,event_level,-0.1713857504120565,-0.020271403855648899,220132.15568053201,PASS
115,GEV,monthly_maxima,-0.100699170146986,-0.018647850102391901,238910.96536087821,PASS_LMOM_FINITE_MEAN
115,KDE,monthly_maxima,-0.13034072103539279,-0.018647850102046299,231036.3017305774,PASS
115,EMP,monthly_maxima,-0.1713857504120565,-0.018647850102047701,220132.15568053201,PASS
116,TAIL,event_level,-0.030829036408447998,-0.0032409743118442,257472.87539947577,PASS
116,EVENT-EMP,event_level,0.1739531690027836,0.0151330054352473,311875.9324849713,PASS
116,GEV,monthly_maxima,0.11966286079055009,0.0245581864293875,297453.00579108146,PASS_LMOM_FINITE_MEAN
116,KDE,monthly_maxima,0.23417347156553789,0.0245588090174408,327874.2393273472,PASS
116,EMP,monthly_maxima,0.1739531690027836,0.0245587697322702,311875.9324849713,PASS
117,TAIL,event_level,-0.028654264088422102,-0.0105972691492276,258050.63196009456,PASS
117,EVENT-EMP,event_level,0.090157228671645107,-0.0094544994829507002,289614.45075020299,PASS
117,GEV,monthly_maxima,0.11323469524251401,-0.0081337381911263003,295745.27998276451,PASS_LMOM_FINITE_MEAN
117,KDE,monthly_maxima,0.14392541328430819,-0.0080994375327055994,303898.66851703508,PASS
117,EMP,monthly_maxima,0.090157228671645107,-0.0080994399635786005,289614.45075020299,PASS
118,TAIL,event_level,-0.1302550886269157,-0.023115123168139299,231059.0510939676,PASS
118,EVENT-EMP,event_level,-0.11055043232443711,-0.021860767805502002,236293.84939844481,PASS
118,GEV,monthly_maxima,-0.0058213572319230997,-0.043058953486960497,264116.49072281003,PASS_LMOM_FINITE_MEAN
118,KDE,monthly_maxima,-0.066977608710942604,-0.043058300124362202,247869.536874126,PASS
118,EMP,monthly_maxima,-0.11055043232443711,-0.043058300124701701,236293.84939844481,PASS
119,TAIL,event_level,-0.086170204789549898,-0.031158662434471601,242770.7740300275,PASS
119,EVENT-EMP,event_level,-0.24902204852382109,-0.036830321349775499,199507.06303833105,PASS
119,GEV,monthly_maxima,-0.19419384573885101,-0.021688218459585899,214072.88842348068,PASS_LMOM_FINITE_MEAN
119,KDE,monthly_maxima,-0.21659621649260211,-0.021688218459586101,208121.40717773809,PASS
119,EMP,monthly_maxima,-0.24902204852382109,-0.021688218459586302,199507.06303833105,PASS
120,TAIL,event_level,0.13194910939724799,0.0567577628038929,300717.0075776357,PASS
120,EVENT-EMP,event_level,0.1709721206709871,0.058901086170095401,311083.97821216879,PASS
120,GEV,monthly_maxima,0.47949008931004389,0.058313262555145698,393045.79040218028,PASS_LMOM_FINITE_MEAN
120,KDE,monthly_maxima,0.24321359452913999,0.060644819727053899,330275.86560469447,PASS
120,EMP,monthly_maxima,0.1709721206709871,0.060644440647149599,311083.97821216879,PASS
121,TAIL,event_level,-0.0138971118088292,-0.0171611483429366,261971.06145382841,PASS
121,EVENT-EMP,event_level,0.42240183976562862,-0.0041338566239483001,377879.55419215898,PASS
121,GEV,monthly_maxima,0.41791387551003523,-0.0014189865623181,376687.26809921255,PASS_LMOM_FINITE_MEAN
121,KDE,monthly_maxima,0.5012720208680651,0.0020942738095879,398832.44390365871,PASS
121,EMP,monthly_maxima,0.42240183976562862,0.0020828045187683999,377879.55419215898,PASS
122,TAIL,event_level,-0.053544420136593898,-0.0102812817350876,251438.23818478407,PASS
122,EVENT-EMP,event_level,-0.15111641818398719,-0.0023122841260013001,225516.96749108023,PASS
122,GEV,monthly_maxima,0.1231901143770132,0.0039650251125398998,298390.06659592054,PASS_LMOM_FINITE_MEAN
122,KDE,monthly_maxima,-0.072319885778732496,0.0039769183432075998,246450.29146800359,PASS
122,EMP,monthly_maxima,-0.15111641818398719,0.0039769183118048999,225516.96749108023,PASS
123,TAIL,event_level,0.30405767657628019,0.077987681910900594,346439.88758247322,PASS
123,EVENT-EMP,event_level,0.46831542646121949,0.093039228489464207,390077.09583394398,PASS
123,GEV,monthly_maxima,0.36779509710732028,0.1020799266863204,363372.56257085491,PASS_LMOM_FINITE_MEAN
123,KDE,monthly_maxima,0.55212097862029597,0.1021271680806609,412341.13107585401,PASS
123,EMP,monthly_maxima,0.46831542646121949,0.1020832098110957,390077.09583394398,PASS
124,TAIL,event_level,0.1101821787722608,0.022753024102683001,294934.33926918003,PASS
124,EVENT-EMP,event_level,-0.13030639961916379,0.0217355036649273,231045.41966132051,PASS
124,GEV,monthly_maxima,0.0278605884781945,0.051296660370619501,273064.53780306474,PASS_LMOM_FINITE_MEAN
124,KDE,monthly_maxima,-0.066995861627512102,0.051296660454055398,247864.68774936872,PASS
124,EMP,monthly_maxima,-0.13030639961916379,0.051296660370719303,231045.41966132051,PASS
125,TAIL,event_level,-0.1090103792042576,-0.028442492234102799,236702.9845459229,PASS
125,EVENT-EMP,event_level,-0.2209143708479217,-0.023042427734707299,206974.23329402745,PASS
125,GEV,monthly_maxima,-0.1827585177184852,-0.0139875594540385,217110.83208579267,PASS_LMOM_FINITE_MEAN
125,KDE,monthly_maxima,-0.17858627790782841,-0.0139875594544698,218219.24187236439,PASS
125,EMP,monthly_maxima,-0.2209143708479217,-0.0139875594544965,206974.23329402745,PASS
126,TAIL,event_level,-0.0034217184738888,0.016354078725452699,264753.98597819969,PASS
126,EVENT-EMP,event_level,-0.2439371826400398,0.0116857715719725,200857.92381450013,PASS
126,GEV,monthly_maxima,-0.1527919594204126,-0.0027357087985249999,225071.83816282,PASS_LMOM_FINITE_MEAN
126,KDE,monthly_maxima,-0.19020555228446201,-0.0027357087985251998,215132.43046736639,PASS
126,EMP,monthly_maxima,-0.2439371826400398,-0.0027357087985254002,200857.92381450013,PASS
127,TAIL,event_level,-0.1207109740815963,-0.030083697724070001,233594.56929193228,PASS
127,EVENT-EMP,event_level,-0.21549476569994741,-0.032684056112140702,208414.02191068971,PASS
127,GEV,monthly_maxima,-0.110434924061226,-0.039548598349127301,236324.53567133017,PASS_LMOM_FINITE_MEAN
127,KDE,monthly_maxima,-0.1569782948662713,-0.039548597915743,223959.68368737263,PASS
127,EMP,monthly_maxima,-0.21549476569994741,-0.039548597915743,208414.02191068971,PASS
128,TAIL,event_level,-0.018144122179504601,-0.021144678096087801,260842.78789522219,PASS
128,EVENT-EMP,event_level,-0.2380991213183796,-0.0248550034577491,202408.88075782001,PASS
128,GEV,monthly_maxima,-0.17424998701822431,-0.020897423669874599,219371.23396236409,PASS_LMOM_FINITE_MEAN
128,KDE,monthly_maxima,-0.19567994932102009,-0.0208974236698742,213678.0856726589,PASS
128,EMP,monthly_maxima,-0.2380991213183796,-0.020897423669874401,202408.88075782001,PASS
129,TAIL,event_level,-0.0044937341302008996,-0.0236578205621597,264469.19107216888,PASS
129,EVENT-EMP,event_level,-0.032329957762407102,-0.0188486892799988,257074.13611479863,PASS
129,GEV,monthly_maxima,-0.0070594526653558996,-0.019238223937993799,263787.5745632879,PASS_LMOM_FINITE_MEAN
129,KDE,monthly_maxima,0.015716669164710699,-0.0192382208568357,269838.347644958,PASS
129,EMP,monthly_maxima,-0.032329957762407102,-0.019238221025001501,257074.13611479863,PASS
130,TAIL,event_level,-0.20184232400868349,-0.032883442049832699,212040.970664341,PASS
130,EVENT-EMP,event_level,-0.29180556082108378,-0.030959524837658702,188141.06638275285,PASS
130,GEV,monthly_maxima,-0.21716220013453039,-0.033019839242613598,207971.04625980847,PASS_LMOM_FINITE_MEAN
130,KDE,monthly_maxima,-0.25300887809935718,-0.0330198392426128,198447.90989290769,PASS
130,EMP,monthly_maxima,-0.29180556082108378,-0.0330198392426128,188141.06638275285,PASS
131,TAIL,event_level,0.34855301950805212,0.094269597587246803,358260.6543170379,PASS
131,EVENT-EMP,event_level,0.050609470525457903,0.105853114915075,279108.07428204338,PASS
131,GEV,monthly_maxima,0.32943884437210819,0.1164000184231202,353182.725016615,PASS_LMOM_FINITE_MEAN
131,KDE,monthly_maxima,0.14855294232331909,0.1164064360097123,305128.03181043523,PASS
131,EMP,monthly_maxima,0.050609470525457903,0.1164062615939425,279108.07428204338,PASS
132,TAIL,event_level,0.16494131945220589,0.036863305532451297,309481.81740763126,PASS
132,EVENT-EMP,event_level,0.053015490892267599,0.042961005879976297,279747.26489482907,PASS
132,GEV,monthly_maxima,0.17632254537907849,0.029040882788634401,312505.38814493816,PASS_LMOM_FINITE_MEAN
132,KDE,monthly_maxima,0.1093142952513229,0.029053560871270499,294703.77472067182,PASS
132,EMP,monthly_maxima,0.053015490892267599,0.0290535541549665,279747.26489482907,PASS
133,TAIL,event_level,-0.071877499455632293,-0.037817880448516999,246567.81715018445,PASS
133,EVENT-EMP,event_level,-0.1115757721046253,-0.047933318805891703,236021.45454615969,PASS
133,GEV,monthly_maxima,-0.044398273028293203,-0.043592587191016698,253868.03115554544,PASS_LMOM_FINITE_MEAN
133,KDE,monthly_maxima,-0.069845416699043802,-0.0435920475205391,247107.66637188385,PASS
133,EMP,monthly_maxima,-0.1115757721046253,-0.043592047525494997,236021.45454615969,PASS
134,TAIL,event_level,0.28084645411512321,0.039334296193616301,340273.52435749152,PASS
134,EVENT-EMP,event_level,-0.14939787571966021,0.0135531552975408,225973.52065497884,PASS
134,GEV,monthly_maxima,-0.11158288580607829,0.0186443157592888,236019.56469881939,PASS_LMOM_FINITE_MEAN
134,KDE,monthly_maxima,-0.099185708636072706,0.0186443159038296,239313.03610139771,PASS
134,EMP,monthly_maxima,-0.14939787571966021,0.0186443157731324,225973.52065497884,PASS
135,TAIL,event_level,-0.13338747171941759,-0.037003149829747499,230226.89277311729,PASS
135,EVENT-EMP,event_level,-0.30427813400930231,-0.045390582672224199,184827.56504703348,PASS
135,GEV,monthly_maxima,-0.28981081136263959,-0.0549920494902831,188670.99752809369,PASS_LMOM_FINITE_MEAN
135,KDE,monthly_maxima,-0.27572660692479978,-0.054992049493099097,192412.64967260932,PASS
135,EMP,monthly_maxima,-0.30427813400930231,-0.054992049493099097,184827.56504703348,PASS
136,TAIL,event_level,0.044526480137456199,0.023466658541949102,277492.04874572094,PASS
136,EVENT-EMP,event_level,0.061100612423252001,0.019340029962475701,281895.1826170258,PASS
136,GEV,monthly_maxima,0.14831773488590649,0.028873188464258102,305065.54589463607,PASS_LMOM_FINITE_MEAN
136,KDE,monthly_maxima,0.1152565967861541,0.028882662388178802,296282.42443278647,PASS
136,EMP,monthly_maxima,0.061100612423252001,0.028882658467494399,281895.1826170258,PASS
137,TAIL,event_level,0.0121928196530234,-0.0124827655395689,268902.19117687014,PASS
137,EVENT-EMP,event_level,0.38418801685209708,-0.0060193183913496004,367727.5549730616,PASS
137,GEV,monthly_maxima,0.3331290916901114,-0.0117878272957368,354163.08722678729,PASS_LMOM_FINITE_MEAN
137,KDE,monthly_maxima,0.45988078904721408,-0.010722356150386801,387836.32467021857,PASS
137,EMP,monthly_maxima,0.38418801685209708,-0.0107318416754007,367727.5549730616,PASS
138,TAIL,event_level,-0.2367139159277464,-0.053060308601546702,202776.87859137409,PASS
138,EVENT-EMP,event_level,-0.30934775268909498,-0.055380033122100103,183480.75488897011,PASS
138,GEV,monthly_maxima,-0.1452847083883359,-0.0424463657517615,227066.23706888244,PASS_LMOM_FINITE_MEAN
138,KDE,monthly_maxima,-0.2462604849555467,-0.042446365071338303,200240.70832820548,PASS
138,EMP,monthly_maxima,-0.30934775268909498,-0.042446365071338497,183480.75488897011,PASS
139,TAIL,event_level,0.054917771762248498,0.0037405958304331998,280252.63055662764,PASS
139,EVENT-EMP,event_level,-0.1126158367276916,-0.0073114817667083998,235745.14784779371,PASS
139,GEV,monthly_maxima,0.016053934091476599,0.0049688848260249002,269927.94646057254,PASS_LMOM_FINITE_MEAN
139,KDE,monthly_maxima,-0.054720823056071698,0.0049692127453094996,251125.71144421413,PASS
139,EMP,monthly_maxima,-0.1126158367276916,0.0049692127377780997,235745.14784779371,PASS
140,TAIL,event_level,-0.078057309050755905,-0.034700810896189101,244926.07033187148,PASS
140,EVENT-EMP,event_level,-0.29112247659115198,-0.037426040209734703,188322.53659536509,PASS
140,GEV,monthly_maxima,-0.272286372226409,-0.027479302538345799,193326.59277771568,PASS_LMOM_FINITE_MEAN
140,KDE,monthly_maxima,-0.25855317538900863,-0.027479302629304401,196974.9951865632,PASS
140,EMP,monthly_maxima,-0.29112247659115198,-0.0274793026293042,188322.53659536509,PASS
141,TAIL,event_level,-0.10495906163346649,-0.0016376565126793999,237779.26976627501,PASS
141,EVENT-EMP,event_level,-0.19204443000583429,0.0023141801609298999,214643.9086768711,PASS
141,GEV,monthly_maxima,-0.021769213298502,-0.015415869573083,259879.7352769984,PASS_LMOM_FINITE_MEAN
141,KDE,monthly_maxima,-0.1234830790773819,-0.0154157727372478,232858.12353469545,PASS
141,EMP,monthly_maxima,-0.19204443000583429,-0.015415772737699,214643.9086768711,PASS
142,TAIL,event_level,-0.091010274998881202,0.0018616927080504001,241484.94640956959,PASS
142,EVENT-EMP,event_level,-0.25951103706340051,0.0029143367329904002,196720.52677097352,PASS
142,GEV,monthly_maxima,-0.1687376328412363,0.023255778918230999,220835.66256524943,PASS_LMOM_FINITE_MEAN
142,KDE,monthly_maxima,-0.1883374194175208,0.023255778918240801,215628.72426789167,PASS
142,EMP,monthly_maxima,-0.25951103706340051,0.023255778918240998,196720.52677097352,PASS
143,TAIL,event_level,0.015627723829566498,0.017119820375903299,269814.71815949748,PASS
143,EVENT-EMP,event_level,-0.16293215137711331,0.020236216891871901,222377.96424555039,PASS
143,GEV,monthly_maxima,0.036374624142711899,0.0192554396990876,275326.40214501054,PASS_LMOM_FINITE_MEAN
143,KDE,monthly_maxima,-0.087017121280265897,0.019255440425356301,242545.779645879,PASS
143,EMP,monthly_maxima,-0.16293215137711331,0.019255440413058399,222377.96424555039,PASS
144,TAIL,event_level,-0.13998514498306119,-0.0131171335710807,228474.13503485263,PASS
144,EVENT-EMP,event_level,-0.2103111293878929,-0.0085495411818044993,209791.12233613359,PASS
144,GEV,monthly_maxima,-0.16052282327671519,-0.0459312487400379,223018.03360079747,PASS_LMOM_FINITE_MEAN
144,KDE,monthly_maxima,-0.17437308228351811,-0.045931248740036699,219338.53210366849,PASS
144,EMP,monthly_maxima,-0.2103111293878929,-0.045931248740036699,209791.12233613359,PASS
145,TAIL,event_level,-0.17430291770179909,-0.057602130952467599,219357.17223764388,PASS
145,EVENT-EMP,event_level,-0.26882792596456251,-0.0553729213461416,194245.37402158653,PASS
145,GEV,monthly_maxima,-0.21650372604650039,-0.067117737747232897,208145.97846804641,PASS_LMOM_FINITE_MEAN
145,KDE,monthly_maxima,-0.23556642182376039,-0.067117737747233105,203081.72532900469,PASS
145,EMP,monthly_maxima,-0.26882792596456251,-0.067117737747233105,194245.37402158653,PASS
146,TAIL,event_level,0.037838774579307101,0.082726964111894494,275715.37275710003,PASS
146,EVENT-EMP,event_level,-0.1316152130534915,0.084622465982653897,230697.71634481891,PASS
146,GEV,monthly_maxima,-0.041248110259731199,0.091302874007492596,254704.91287865481,PASS_LMOM_FINITE_MEAN
146,KDE,monthly_maxima,-0.060693157740088099,0.091302874069495499,249539.08303528689,PASS
146,EMP,monthly_maxima,-0.1316152130534915,0.091302874007491999,230697.71634481891,PASS
147,TAIL,event_level,0.35860182401751628,0.074841742002646705,360930.24996999779,PASS
147,EVENT-EMP,event_level,0.072289283050046796,0.070809605697033207,284867.59853372118,PASS
147,GEV,monthly_maxima,0.21925750129868549,0.0848105081521357,323911.61776907474,PASS_LMOM_FINITE_MEAN
147,KDE,monthly_maxima,0.14415903760236881,0.084811920068743996,303960.73385658202,PASS
147,EMP,monthly_maxima,0.072289283050046796,0.084810508791556105,284867.59853372118,PASS
148,TAIL,event_level,-0.062859732296507098,-0.033258965349214499,248963.50431722327,PASS
148,EVENT-EMP,event_level,-0.19568301849492889,-0.032154827801642402,213677.27030668009,PASS
148,GEV,monthly_maxima,0.0102565974398654,-0.0043613253080019999,268387.80855567945,PASS_LMOM_FINITE_MEAN
148,KDE,monthly_maxima,-0.11682127421596029,-0.0043612611679723001,234627.91866626241,PASS
148,EMP,monthly_maxima,-0.19568301849492889,-0.0043612611687571003,213677.27030668009,PASS
149,TAIL,event_level,0.074561469378231202,0.032379131897049399,285471.23439296422,PASS
149,EVENT-EMP,event_level,-0.1992783079240241,0.00050955821772279998,212722.13489509889,PASS
149,GEV,monthly_maxima,-0.079006627687548195,-0.025351376334012899,244673.87148536515,PASS_LMOM_FINITE_MEAN
149,KDE,monthly_maxima,-0.15657582003561529,-0.025351373460080501,224066.60636233693,PASS
149,EMP,monthly_maxima,-0.1992783079240241,-0.0253513734600809,212722.13489509889,PASS
150,TAIL,event_level,0.1126703130191077,0.0283434322323785,295595.34450249973,PASS
150,EVENT-EMP,event_level,-0.10553474809398,0.034290784030659202,237626.33116835449,PASS
150,GEV,monthly_maxima,0.055816865625737601,0.041262690701984003,280491.48653868132,PASS_LMOM_FINITE_MEAN
150,KDE,monthly_maxima,-0.039806726405012802,0.041262693065969698,255087.83525207531,PASS
150,EMP,monthly_maxima,-0.10553474809398,0.0412626907019846,237626.33116835449,PASS
151,TAIL,event_level,0.1522771369918749,0.028767225922581401,306117.41257593723,PASS
151,EVENT-EMP,event_level,-0.039589518467370799,0.028749658463997001,255145.5393665868,PASS
151,GEV,monthly_maxima,0.1081798079356168,0.047556253020449198,294402.38340556616,PASS_LMOM_FINITE_MEAN
151,KDE,monthly_maxima,0.0140661407465045,0.047556261669118,269399.86329727463,PASS
151,EMP,monthly_maxima,-0.039589518467370799,0.047556260847583097,255145.5393665868,PASS
152,TAIL,event_level,0.19225768435727569,0.069601727785480905,316738.76513077179,PASS
152,EVENT-EMP,event_level,-0.0051333233798736,0.066097663735699599,264299.27586693247,PASS
152,GEV,monthly_maxima,0.11735694799829199,0.090171211411633298,296840.41005787568,PASS_LMOM_FINITE_MEAN
152,KDE,monthly_maxima,0.051424352122938499,0.090171212522889496,279324.55818002968,PASS
152,EMP,monthly_maxima,-0.0051333233798736,0.0901712114135228,264299.27586693247,PASS
153,TAIL,event_level,-0.1009237823043459,-0.041573994178541199,238851.29421906971,PASS
153,EVENT-EMP,event_level,-0.1931476732196063,-0.027602644387356899,214350.81776393024,PASS
153,GEV,monthly_maxima,-0.038637318376118897,-0.0190269824874627,255398.50370895804,PASS_LMOM_FINITE_MEAN
153,KDE,monthly_maxima,-0.13817719620157351,-0.019026982479991,228954.44015008185,PASS
153,EMP,monthly_maxima,-0.1931476732196063,-0.0190269824874362,214350.81776393024,PASS
154,TAIL,event_level,-0.0087888337148184,-0.017509186881954499,263328.14198823803,PASS
154,EVENT-EMP,event_level,0.028973364785094099,-0.010337695061752399,273360.16130622057,PASS
154,GEV,monthly_maxima,0.14413897681553431,-0.033087362698322402,303955.40444756841,PASS_LMOM_FINITE_MEAN
154,KDE,monthly_maxima,0.081449320082359195,-0.032923212436187101,287301.08154350426,PASS
154,EMP,monthly_maxima,0.028973364785094099,-0.032923213465482402,273360.16130622057,PASS
155,TAIL,event_level,-0.13304882306945581,0.010009833570831799,230316.8591928012,PASS
155,EVENT-EMP,event_level,-0.2470858209875578,0.0136087694192792,200021.44707367383,PASS
155,GEV,monthly_maxima,-0.18182742658580109,0.018198390891419999,217358.18855869272,PASS_LMOM_FINITE_MEAN
155,KDE,monthly_maxima,-0.19417973814570369,0.018198390890520201,214076.63628914009,PASS
155,EMP,monthly_maxima,-0.2470858209875578,0.01819839089052,200021.44707367383,PASS
156,TAIL,event_level,-0.0260531082059723,-0.0048051339281814003,258741.66286132456,PASS
156,EVENT-EMP,event_level,-0.29433663307391239,-0.0106033647265845,187468.65410952023,PASS
156,GEV,monthly_maxima,-0.19472027559979821,-0.0143131227086111,213933.03548206369,PASS_LMOM_FINITE_MEAN
156,KDE,monthly_maxima,-0.2342506367191185,-0.014313122708611299,203431.28076042671,PASS
156,EMP,monthly_maxima,-0.29433663307391239,-0.0143131227086115,187468.65410952023,PASS
157,TAIL,event_level,0.0355250613049721,0.011935346842656,275100.70472434617,PASS
157,EVENT-EMP,event_level,-0.1035224707892843,0.0031125881222263002,238160.9188140895,PASS
157,GEV,monthly_maxima,-0.064419253071293703,0.015514353189659699,248549.19733402444,PASS_LMOM_FINITE_MEAN
157,KDE,monthly_maxima,-0.057437522492683503,0.015514353190785399,250403.98489459851,PASS
157,EMP,monthly_maxima,-0.1035224707892843,0.0155143531896595,238160.9188140895,PASS
158,TAIL,event_level,-0.066784028855604805,-0.033469240453886197,247920.9638811718,PASS
158,EVENT-EMP,event_level,-0.1238725303114742,-0.025450447293258599,232754.66074759536,PASS
158,GEV,monthly_maxima,-0.0121430631370539,-0.029470249658090201,262437.0473036716,PASS_LMOM_FINITE_MEAN
158,KDE,monthly_maxima,-0.0754267174318006,-0.029470249501543099,245624.92121946329,PASS
158,EMP,monthly_maxima,-0.1238725303114742,-0.0294702495403702,232754.66074759536,PASS
159,TAIL,event_level,0.17982500061083589,0.0478526768204263,313435.86094422289,PASS
159,EVENT-EMP,event_level,0.0060416944113760003,0.042902761023984402,267268.06473024178,PASS
159,GEV,monthly_maxima,0.21332342799130899,0.023159588298170199,322335.1539926327,PASS_LMOM_FINITE_MEAN
159,KDE,monthly_maxima,0.064662593857161096,0.023223557318962501,282841.46932634845,PASS
159,EMP,monthly_maxima,0.0060416944113760003,0.023223550801075601,267268.06473024178,PASS
160,TAIL,event_level,-0.19751085431589979,-0.067164197315305901,213191.68194068159,PASS
160,EVENT-EMP,event_level,-0.25204767609291068,-0.065881935093107594,198703.26571116532,PASS
160,GEV,monthly_maxima,-0.093379925597840197,-0.084139838130445399,240855.41789878439,PASS_LMOM_FINITE_MEAN
160,KDE,monthly_maxima,-0.20558587664388839,-0.084139793840997498,211046.44720315145,PASS
160,EMP,monthly_maxima,-0.25204767609291068,-0.084139793841000801,198703.26571116532,PASS
161,TAIL,event_level,0.0455446107294167,0.026052420862239498,277762.52838336176,PASS
161,EVENT-EMP,event_level,-0.19811932433963381,0.016446817824138302,213030.0339626772,PASS
161,GEV,monthly_maxima,-0.1632716957746039,0.021906053704344199,222287.75985888188,PASS_LMOM_FINITE_MEAN
161,KDE,monthly_maxima,-0.1521296714409256,0.021906053706671501,225247.78358094225,PASS
161,EMP,monthly_maxima,-0.19811932433963381,0.021906053706431401,213030.0339626772,PASS
162,TAIL,event_level,-0.12885841276319729,-0.0154491190595524,231430.09620792768,PASS
162,EVENT-EMP,event_level,-0.14797975865193311,-0.0263056102243668,226350.26190373409,PASS
162,GEV,monthly_maxima,-0.17227846481347081,-0.0109813421903688,219894.9944855753,PASS_LMOM_FINITE_MEAN
162,KDE,monthly_maxima,-0.11219118907471561,-0.010981342190368001,235857.96102147587,PASS
162,EMP,monthly_maxima,-0.14797975865193311,-0.0109813421903682,226350.26190373409,PASS
163,TAIL,event_level,-0.046864319812490701,-0.033087771265511601,253212.89374403656,PASS
163,EVENT-EMP,event_level,-0.27606626800981238,-0.042695470694607301,192322.41428638253,PASS
163,GEV,monthly_maxima,-0.2054451171188445,-0.050710490279571703,211083.84180226183,PASS_LMOM_FINITE_MEAN
163,KDE,monthly_maxima,-0.23080857590886969,-0.050710490279570197,204345.70899590585,PASS
163,EMP,monthly_maxima,-0.27606626800981238,-0.050710490279571703,192322.41428638253,PASS
164,TAIL,event_level,0.182896264511721,0.052784811629169599,314251.782156659,PASS
164,EVENT-EMP,event_level,-0.13178892839741549,0.038828666997603303,230651.56660366763,PASS
164,GEV,monthly_maxima,-0.033110371057027403,0.018117813560783801,256866.80916990005,PASS_LMOM_FINITE_MEAN
164,KDE,monthly_maxima,-0.082373991713135905,0.018117813564368899,243779.28742253699,PASS
164,EMP,monthly_maxima,-0.13178892839741549,0.018117813563460199,230651.56660366763,PASS
165,TAIL,event_level,-0.083629352134471494,-0.0040450052132271,243445.78459436088,PASS
165,EVENT-EMP,event_level,-0.23476813012341449,0.0025715290528318998,203293.80190498248,PASS
165,GEV,monthly_maxima,-0.1027100675646435,-0.013097910099429099,238376.74430008727,PASS_LMOM_FINITE_MEAN
165,KDE,monthly_maxima,-0.16872706807359239,-0.013097910099429099,220838.46923322167,PASS
165,EMP,monthly_maxima,-0.23476813012341449,-0.0130979100994297,203293.80190498248,PASS
166,TAIL,event_level,-0.13228746640827729,-0.066605301288551702,230519.12349509899,PASS
166,EVENT-EMP,event_level,-0.231992457172152,-0.062865075505284695,204031.1955360109,PASS
166,GEV,monthly_maxima,-0.2437191709037789,-0.051148546355508001,200915.84146857209,PASS_LMOM_FINITE_MEAN
166,KDE,monthly_maxima,-0.19702513865779739,-0.0511485463556016,213320.71862442081,PASS
166,EMP,monthly_maxima,-0.231992457172152,-0.051148546355602197,204031.1955360109,PASS
167,TAIL,event_level,-0.058209707873806797,-0.0186691091095182,250198.84380196559,PASS
167,EVENT-EMP,event_level,-0.17700466078024349,-0.016783461983762599,218639.41903915777,PASS
167,GEV,monthly_maxima,-0.0522020305290588,-0.018940982794352301,251794.86144852449,PASS_LMOM_FINITE_MEAN
167,KDE,monthly_maxima,-0.13836260539105391,-0.018940921998297802,228905.18378672143,PASS
167,EMP,monthly_maxima,-0.17700466078024349,-0.018940921998297999,218639.41903915777,PASS
168,TAIL,event_level,0.016468367011007699,-0.0008421289666221,270038.0459574213,PASS
168,EVENT-EMP,event_level,-0.091494271296820695,0.00098304192252509997,241356.36649622649,PASS
168,GEV,monthly_maxima,0.11729077318880921,-0.0028741779936924,296822.82985880179,PASS_LMOM_FINITE_MEAN
168,KDE,monthly_maxima,-0.032490820774709703,-0.0028628749891097,257031.40076275149,PASS
168,EMP,monthly_maxima,-0.091494271296820695,-0.0028628751966303999,241356.36649622649,PASS
169,TAIL,event_level,-0.16600669700358289,0.0048238105657774999,221561.17120001747,PASS
169,EVENT-EMP,event_level,-0.26849424262522059,0.0075735536251543001,194334.02134190543,PASS
169,GEV,monthly_maxima,-0.1536881498497355,0.026149761285288699,224833.75351582631,PASS_LMOM_FINITE_MEAN
169,KDE,monthly_maxima,-0.20909604238191309,0.026149761285289001,210113.92600756307,PASS
169,EMP,monthly_maxima,-0.26849424262522059,0.0261497612852888,194334.02134190543,PASS
170,TAIL,event_level,-0.092789043944644795,-0.0033098969372167002,241012.39329733039,PASS
170,EVENT-EMP,event_level,-0.2161021056132684,-0.0062003035695996998,208252.67416121924,PASS
170,GEV,monthly_maxima,-0.14027402797375049,0.00068947527846740001,228397.38951000612,PASS_LMOM_FINITE_MEAN
170,KDE,monthly_maxima,-0.17591870623137321,0.00068947527846700005,218927.91699334185,PASS
170,EMP,monthly_maxima,-0.2161021056132684,0.00068947527846680001,208252.67416121924,PASS
171,TAIL,event_level,0.070946968325304796,0.027922820024654099,284510.99516356899,PASS
171,EVENT-EMP,event_level,0.075575518958087201,0.037757505697950701,285740.62985664548,PASS
171,GEV,monthly_maxima,0.26498438880194292,0.0394990742093667,336059.56034145853,PASS_LMOM_FINITE_MEAN
171,KDE,monthly_maxima,0.13631565426502679,0.039540225052606501,301877.03703054204,PASS
171,EMP,monthly_maxima,0.075575518958087201,0.039540187491386998,285740.62985664548,PASS
172,TAIL,event_level,-0.026283605484111499,-0.0322933633009405,258680.42826061559,PASS
172,EVENT-EMP,event_level,-0.1479443884748792,-0.032124357171307898,226359.65845143469,PASS
172,GEV,monthly_maxima,0.0071308212727416997,-0.072352673594303807,267557.40545051207,PASS_LMOM_FINITE_MEAN
172,KDE,monthly_maxima,-0.10394522476059929,-0.072342019257012294,238048.60872157739,PASS
172,EMP,monthly_maxima,-0.1479443884748792,-0.072342019258656201,226359.65845143469,PASS
173,TAIL,event_level,-0.088356355416685795,-0.0182824757302185,242189.99467409303,PASS
173,EVENT-EMP,event_level,-0.20000933058500731,-0.0090331469400288002,212527.92921459847,PASS
173,GEV,monthly_maxima,-0.041341589213203703,-0.023006224536716399,254680.07897850289,PASS_LMOM_FINITE_MEAN
173,KDE,monthly_maxima,-0.1431011013613675,-0.023006223231251299,227646.34068434013,PASS
173,EMP,monthly_maxima,-0.20000933058500731,-0.0230062232313871,212527.92921459847,PASS
174,TAIL,event_level,-0.021323704692111398,-0.00018424995471260001,259998.09043435627,PASS
174,EVENT-EMP,event_level,-0.22833860229049149,-0.0027039449487608002,205001.88962200296,PASS
174,GEV,monthly_maxima,-0.097596005662437896,-0.016545182836246199,239735.36137839119,PASS_LMOM_FINITE_MEAN
174,KDE,monthly_maxima,-0.1698390387271595,-0.0165451828360124,220543.05976235529,PASS
174,EMP,monthly_maxima,-0.22833860229049149,-0.016545182836244801,205001.88962200296,PASS
175,TAIL,event_level,-0.29274769955876601,-0.0608645546982974,187890.77496985564,PASS
175,EVENT-EMP,event_level,-0.32147138838279321,-0.058310423625780899,180259.95333834947,PASS
175,GEV,monthly_maxima,-0.33179779912131929,-0.046978315185390397,177516.6079789802,PASS_LMOM_FINITE_MEAN
175,KDE,monthly_maxima,-0.29075940690457969,-0.046978315204652003,188418.99078114232,PASS
175,EMP,monthly_maxima,-0.32147138838279321,-0.046978315204651899,180259.95333834947,PASS
176,TAIL,event_level,-0.11189287730942141,-0.019586645886953399,235937.21142296449,PASS
176,EVENT-EMP,event_level,-0.33702986412655878,-0.031765922629547499,176126.64184113406,PASS
176,GEV,monthly_maxima,-0.2675659213568693,-0.025242231218293699,194580.6419643095,PASS_LMOM_FINITE_MEAN
176,KDE,monthly_maxima,-0.28812054173877288,-0.025242231218900301,189120.03964409413,PASS
176,EMP,monthly_maxima,-0.33702986412655878,-0.025242231218900499,176126.64184113406,PASS
177,TAIL,event_level,0.036696912730516298,0.020116989265171099,275412.02230133768,PASS
177,EVENT-EMP,event_level,-0.12083539300348529,0.0096475837923985994,233561.51578664139,PASS
177,GEV,monthly_maxima,0.0037321815361207001,0.0205472084529125,266654.51258815068,PASS_LMOM_FINITE_MEAN
177,KDE,monthly_maxima,-0.072813065157813397,0.020547214716972999,246319.27194968337,PASS
177,EMP,monthly_maxima,-0.12083539300348529,0.020547214716574402,233561.51578664139,PASS
178,TAIL,event_level,0.022412237098823701,0.0092102432013414001,271617.11237604328,PASS
178,EVENT-EMP,event_level,-0.13794780640686441,0.0028137784345320001,229015.38053340919,PASS
178,GEV,monthly_maxima,-0.1335027631894547,0.0065048912800542997,230196.26409415912,PASS_LMOM_FINITE_MEAN
178,KDE,monthly_maxima,-0.097020691514991597,0.0065048912800610001,239888.20106650164,PASS
178,EMP,monthly_maxima,-0.13794780640686441,0.0065048912800551003,229015.38053340919,PASS
179,TAIL,event_level,0.13027800788302349,0.0056119127693358001,300273.05771933892,PASS
179,EVENT-EMP,event_level,-0.1108771887677401,-0.0026412175538731999,236207.04229817761,PASS
179,GEV,monthly_maxima,0.055567672336707598,-0.0089884323545351003,280425.28509944398,PASS_LMOM_FINITE_MEAN
179,KDE,monthly_maxima,-0.059816716502024699,-0.0089884095398864994,249771.92105268544,PASS
179,EMP,monthly_maxima,-0.1108771887677401,-0.0089884096942687997,236207.04229817761,PASS
180,TAIL,event_level,-0.079899696672974294,-0.0247599417622884,244436.61609055265,PASS
180,EVENT-EMP,event_level,-0.1087873089506939,-0.0233867329140676,236762.24606092769,PASS
180,GEV,monthly_maxima,-0.088246546826749706,-0.012792794887479,242219.16675462009,PASS_LMOM_FINITE_MEAN
180,KDE,monthly_maxima,-0.067092571428234896,-0.012792794887323501,247838.99553261147,PASS
180,EMP,monthly_maxima,-0.1087873089506939,-0.0127927948874794,236762.24606092769,PASS
181,TAIL,event_level,-0.0035290277586344002,-0.0054688109461149999,264725.47787061252,PASS
181,EVENT-EMP,event_level,0.143495562927378,0.00020280653369100001,303784.47317736025,PASS
181,GEV,monthly_maxima,0.159864952518399,-0.0034870604455234,308133.21448809421,PASS_LMOM_FINITE_MEAN
181,KDE,monthly_maxima,0.2017965093857936,-0.0034218778444218998,319272.87809978152,PASS
181,EMP,monthly_maxima,0.143495562927378,-0.0034219138509714998,303784.47317736025,PASS
182,TAIL,event_level,0.087527781710401695,0.0145856742125813,288915.90395582432,PASS
182,EVENT-EMP,event_level,-0.12719343780640341,0.0049176345037519999,231872.41846653644,PASS
182,GEV,monthly_maxima,0.22318553404703709,0.0060348318095657001,324955.15077240934,PASS_LMOM_FINITE_MEAN
182,KDE,monthly_maxima,-0.0220089742419242,0.0061145419924866998,259816.03966308665,PASS
182,EMP,monthly_maxima,-0.12719343780640341,0.0061145371673215999,231872.41846653644,PASS
183,TAIL,event_level,0.1053524379585072,0.022877347435943302,293651.25578704273,PASS
183,EVENT-EMP,event_level,0.597967266074107,0.065534538061949102,424520.7937984966,PASS
183,GEV,monthly_maxima,0.69574438346340939,0.082081789677645095,450496.55711398274,PASS_LMOM_FINITE_MEAN
183,KDE,monthly_maxima,0.69414239830347546,0.084281907330781405,450070.96891440754,PASS
183,EMP,monthly_maxima,0.597967266074107,0.084060785377981895,424520.7937984966,PASS
184,TAIL,event_level,-0.13538066653461031,-0.0381316011289074,229697.37463898212,PASS
184,EVENT-EMP,event_level,-0.28284862310156239,-0.036028346156344697,190520.59341776944,PASS
184,GEV,monthly_maxima,-0.18345158244329871,-0.0259276418866181,216926.7104248688,PASS_LMOM_FINITE_MEAN
184,KDE,monthly_maxima,-0.230755111565734,-0.0259276418866181,204359.91249423131,PASS
184,EMP,monthly_maxima,-0.28284862310156239,-0.025927641886617898,190520.59341776944,PASS
185,TAIL,event_level,-0.2121294022596083,-0.045029428825769303,209308.07449201896,PASS
185,EVENT-EMP,event_level,-0.29899445651813289,-0.038385662919732798,186231.24271324571,PASS
185,GEV,monthly_maxima,-0.2770066723104983,-0.0244104331604365,192072.58364923848,PASS_LMOM_FINITE_MEAN
185,KDE,monthly_maxima,-0.26314299356482218,-0.024410433361393299,195755.65027459001,PASS
185,EMP,monthly_maxima,-0.29899445651813289,-0.024410433361393102,186231.24271324571,PASS
186,TAIL,event_level,0.1400348134796173,0.036227397484278501,302865.08006218681,PASS
186,EVENT-EMP,event_level,0.23096263818237439,0.082296094526459307,327021.23966614384,PASS
186,GEV,monthly_maxima,0.57516164137250658,0.062151266734221597,418462.18289517099,PASS_LMOM_FINITE_MEAN
186,KDE,monthly_maxima,0.31082871999240408,0.062866060277052299,348238.70335729123,PASS
186,EMP,monthly_maxima,0.23096263818237439,0.062846800922863905,327021.23966614384,PASS
187,TAIL,event_level,-0.098732501528863703,-0.025649903686255499,239433.4364656556,PASS
187,EVENT-EMP,event_level,-0.23646582085801021,-0.028029808088416298,202842.78827436813,PASS
187,GEV,monthly_maxima,-0.16359989889823229,-0.032594087011829899,222200.56842916491,PASS_LMOM_FINITE_MEAN
187,KDE,monthly_maxima,-0.19957329006082269,-0.032594087011828803,212643.76905273859,PASS
187,EMP,monthly_maxima,-0.23646582085801021,-0.032594087011828803,202842.78827436813,PASS
188,TAIL,event_level,-0.058842484896008601,-0.0099416011026581003,250030.73835358399,PASS
188,EVENT-EMP,event_level,-0.054930808242179899,0.0013438308636176,251069.92614761568,PASS
188,GEV,monthly_maxima,0.084479670882049399,0.0158538572755547,288106.13365832821,PASS_LMOM_FINITE_MEAN
188,KDE,monthly_maxima,-0.00031019939063169999,0.015853861873791501,265580.60150355322,PASS
188,EMP,monthly_maxima,-0.054930808242179899,0.015853858068187201,251069.92614761568,PASS
189,TAIL,event_level,-0.3581412744228446,-0.0626753929122284,170518.12103632215,PASS
189,EVENT-EMP,event_level,-0.38067727417647029,-0.056205320386070998,164531.1395082486,PASS
189,GEV,monthly_maxima,-0.39146094739939152,-0.0364750208035724,161666.31642091146,PASS_LMOM_FINITE_MEAN
189,KDE,monthly_maxima,-0.34683644517788298,-0.036475327194406597,173521.39600115802,PASS
189,EMP,monthly_maxima,-0.38067727417647029,-0.036475327194406597,164531.1395082486,PASS
190,TAIL,event_level,-0.041683422793003098,0.001669887033312,254589.26644077184,PASS
190,EVENT-EMP,event_level,0.1443302762889776,0.0155215235773317,304006.22564149619,PASS
190,GEV,monthly_maxima,0.17143511908518619,-0.014034532337483601,311206.97976451355,PASS_LMOM_FINITE_MEAN
190,KDE,monthly_maxima,0.20456755427733361,-0.0140075629638273,320009.04222653358,PASS
190,EMP,monthly_maxima,0.1443302762889776,-0.0140077096413114,304006.22564149619,PASS
191,TAIL,event_level,0.22846784318445509,0.0524415989295864,326358.46491764527,PASS
191,EVENT-EMP,event_level,-0.0004413319069407,0.033467520788768398,265545.76444456074,PASS
191,GEV,monthly_maxima,0.031054682917107099,0.0085058440333202999,273913.09054595407,PASS_LMOM_FINITE_MEAN
191,KDE,monthly_maxima,0.054797112781886197,0.0085059023156580996,280220.57592872018,PASS
191,EMP,monthly_maxima,-0.0004413319069407,0.0085058440333198992,265545.76444456074,PASS
192,TAIL,event_level,0.16646421358460811,0.037754459332359998,309886.39404676779,PASS
192,EVENT-EMP,event_level,0.13876091206160091,0.034147636901476902,302526.65157702391,PASS
192,GEV,monthly_maxima,0.19649839826463869,0.043228475521359,317865.36595198198,PASS_LMOM_FINITE_MEAN
192,KDE,monthly_maxima,0.1988119869770931,0.043237040216801997,318480.00089325168,PASS
192,EMP,monthly_maxima,0.13876091206160091,0.043237021443277499,302526.65157702391,PASS
193,TAIL,event_level,0.068464656860683301,0.0075576862690199999,283851.53682810185,PASS
193,EVENT-EMP,event_level,-0.1118944523518149,0.0141537489558889,235936.79299246141,PASS
193,GEV,monthly_maxima,0.1229655779837828,0.058886903715938202,298330.41558183875,PASS_LMOM_FINITE_MEAN
193,KDE,monthly_maxima,-0.042892495901314401,0.058893332238492899,254268.06043949889,PASS
193,EMP,monthly_maxima,-0.1118944523518149,0.058893332238372897,235936.79299246141,PASS
194,TAIL,event_level,-0.052840753845510298,-0.021794747144867201,251625.17628971409,PASS
194,EVENT-EMP,event_level,-0.27135637322845468,-0.0234261825370192,193573.65911081608,PASS
194,GEV,monthly_maxima,-0.18933002307649399,-0.0073857839362578004,215365.0261921045,PASS_LMOM_FINITE_MEAN
194,KDE,monthly_maxima,-0.21603037263203381,-0.0073857839362583997,208271.73096093084,PASS
194,EMP,monthly_maxima,-0.27135637322845468,-0.0073857839362583997,193573.65911081608,PASS
195,TAIL,event_level,-0.094465800160921001,-0.031791404756675502,240566.94119386584,PASS
195,EVENT-EMP,event_level,-0.15855063369965691,-0.0271191350868728,223541.97142014399,PASS
195,GEV,monthly_maxima,-0.066745835664026004,-0.0591519871125957,247931.11039940841,PASS_LMOM_FINITE_MEAN
195,KDE,monthly_maxima,-0.1171744635717815,-0.059151984078180203,234534.08931889239,PASS
195,EMP,monthly_maxima,-0.15855063369965691,-0.059151984078256399,223541.97142014399,PASS
196,TAIL,event_level,0.043749653690830698,-0.021660954733718402,277285.67469365709,PASS
196,EVENT-EMP,event_level,0.053117399200579202,-0.0223565109773631,279774.3381627599,PASS
196,GEV,monthly_maxima,0.095286018267812994,-0.0304258489106125,290976.98043201544,PASS_LMOM_FINITE_MEAN
196,KDE,monthly_maxima,0.1074474406479493,-0.0304200069834401,294207.82050749345,PASS
196,EMP,monthly_maxima,0.053117399200579202,-0.0304200173891194,279774.3381627599,PASS
197,TAIL,event_level,-0.064002586938930198,-0.016948325136398299,248659.89011291624,PASS
197,EVENT-EMP,event_level,-0.1218925068601746,-0.01932090989732,233280.6797375528,PASS
197,GEV,monthly_maxima,0.092528825969989598,-0.013673165566917099,290244.4964270065,PASS_LMOM_FINITE_MEAN
197,KDE,monthly_maxima,-0.070837477310726704,-0.0136626444794322,246844.1125636744,PASS
197,EMP,monthly_maxima,-0.1218925068601746,-0.013662644486517101,233280.6797375528,PASS
198,TAIL,event_level,0.024743580559802501,0.0113320535891305,272236.46409724792,PASS
198,EVENT-EMP,event_level,0.1332621688556222,0.0099284573314661999,301065.83890566602,PASS
198,GEV,monthly_maxima,0.047238831250296501,0.037483184557625303,278212.62010655494,PASS_LMOM_FINITE_MEAN
198,KDE,monthly_maxima,0.1877661303524828,0.037483281940988301,315545.52537424787,PASS
198,EMP,monthly_maxima,0.1332621688556222,0.037483280611437901,301065.83890566602,PASS
199,TAIL,event_level,-0.0710033938259165,0.0161882558322483,246800.03468283915,PASS
199,EVENT-EMP,event_level,-0.041600931557950603,0.026689560003610401,254611.18131057511,PASS
199,GEV,monthly_maxima,-0.0811624979193874,0.041721599009642098,244101.13651038945,PASS_LMOM_FINITE_MEAN
199,KDE,monthly_maxima,0.0040408159584009997,0.041721599012871598,266736.50533776561,PASS
199,EMP,monthly_maxima,-0.041600931557950603,0.041721599009641702,254611.18131057511,PASS
200,TAIL,event_level,0.011696179204304101,0.020832345775937101,268770.25218037202,PASS
200,EVENT-EMP,event_level,-0.1782970649959284,0.020408297618864799,218296.07504507271,PASS
200,GEV,monthly_maxima,-0.080341078290348103,-0.0058894905918005997,244319.3573215192,PASS_LMOM_FINITE_MEAN
200,KDE,monthly_maxima,-0.12973842000019151,-0.0058894905884145999,231196.31083651952,PASS
200,EMP,monthly_maxima,-0.1782970649959284,-0.0058894905917991998,218296.07504507271,PASS
201,TAIL,event_level,0.080005550585955904,0.021822488759381899,286917.52539333294,PASS
201,EVENT-EMP,event_level,-0.1402496404061353,0.0293361865752166,228403.86838462559,PASS
201,GEV,monthly_maxima,5.7339029167329577e-05,0.027140983824016099,265678.2428664504,PASS_LMOM_FINITE_MEAN
201,KDE,monthly_maxima,-0.073734252272572395,0.027140984749926701,246074.54660799648,PASS
201,EMP,monthly_maxima,-0.1402496404061353,0.027140983824016099,228403.86838462559,PASS
202,TAIL,event_level,0.043940531005305601,0.033046677501593798,277336.38373556262,PASS
202,EVENT-EMP,event_level,-0.1076162378845196,0.034365037573335498,237073.35632530009,PASS
202,GEV,monthly_maxima,0.10357489924015249,0.033428744926386998,293179.02950071997,PASS_LMOM_FINITE_MEAN
202,KDE,monthly_maxima,-0.034370963409174601,0.0334292114005139,256531.91641123639,PASS
202,EMP,monthly_maxima,-0.1076162378845196,0.0334292112864914,237073.35632530009,PASS
203,TAIL,event_level,-0.084922656690295695,-0.0097580775258484,243102.2014132044,PASS
203,EVENT-EMP,event_level,-0.2491693411033459,-0.0166815333940445,199467.93284830271,PASS
203,GEV,monthly_maxima,-0.2181904200408615,-0.00092684336517420002,207697.88626454305,PASS_LMOM_FINITE_MEAN
203,KDE,monthly_maxima,-0.20121859447722251,-0.00092684336536999999,212206.67252909945,PASS
203,EMP,monthly_maxima,-0.2491693411033459,-0.00092684336536979996,199467.93284830271,PASS
204,TAIL,event_level,-0.1278171518121014,-0.036291971691583401,231706.72072639893,PASS
204,EVENT-EMP,event_level,-0.25916259917115059,-0.0360867697766456,196813.09383022925,PASS
204,GEV,monthly_maxima,-0.26254054720559811,-0.055284730239484797,195915.69798774945,PASS_LMOM_FINITE_MEAN
204,KDE,monthly_maxima,-0.22400826511665681,-0.055284730225322001,206152.30002995071,PASS
204,EMP,monthly_maxima,-0.25916259917115059,-0.055284730225322203,196813.09383022925,PASS
205,TAIL,event_level,0.29545193447858681,0.080789001373449104,344153.6602334528,PASS
205,EVENT-EMP,event_level,0.1562669917205006,0.077377595048363904,307177.369392636,PASS
205,GEV,monthly_maxima,0.4459384052856219,0.065996575010172503,384132.3490334361,PASS_LMOM_FINITE_MEAN
205,KDE,monthly_maxima,0.22578160361534769,0.067049156740799101,325644.83042811527,PASS
205,EMP,monthly_maxima,0.1562669917205006,0.067048950237034194,307177.369392636,PASS
206,TAIL,event_level,0.16598970442805849,0.044549394179735198,309760.33451596275,PASS
206,EVENT-EMP,event_level,-0.083168767053265397,0.0290359472862361,243568.14501339849,PASS
206,GEV,monthly_maxima,-0.040050332734190897,0.034234252005233202,255023.11806140901,PASS_LMOM_FINITE_MEAN
206,KDE,monthly_maxima,-0.0221615170649022,0.034234252016384997,259775.51467757925,PASS
206,EMP,monthly_maxima,-0.083168767053265397,0.034234252005233598,243568.14501339849,PASS
207,TAIL,event_level,-0.026752339825871101,0.0042879294934975998,258555.90288448991,PASS
207,EVENT-EMP,event_level,-0.058279143521151003,0.028414543855690401,250180.39731889035,PASS
207,GEV,monthly_maxima,0.0412078286171743,0.033352935235794003,276610.40579367732,PASS_LMOM_FINITE_MEAN
207,KDE,monthly_maxima,0.00018767366896320001,0.033352942317767302,265712.86795916682,PASS
207,EMP,monthly_maxima,-0.058279143521151003,0.033352935235793003,250180.39731889035,PASS
208,TAIL,event_level,-0.0043878231388917001,-0.0099118067958623001,264497.32770491292,PASS
208,EVENT-EMP,event_level,-0.27367974047687621,-0.016158375738281501,192956.42637424785,PASS
208,GEV,monthly_maxima,-0.27536044221277278,-0.0148286445757266,192509.92609216497,PASS_LMOM_FINITE_MEAN
208,KDE,monthly_maxima,-0.23597942693648299,-0.0148286445899041,202972.00514761035,PASS
208,EMP,monthly_maxima,-0.27367974047687621,-0.0148286445899039,192956.42637424785,PASS
209,TAIL,event_level,-0.13858924697825839,-0.024786363668525001,228844.97350047185,PASS
209,EVENT-EMP,event_level,-0.23638174457376149,-0.0229466198697519,202865.12423311191,PASS
209,GEV,monthly_maxima,-0.18169086609539001,-0.011479229300114101,217394.46762962345,PASS_LMOM_FINITE_MEAN
209,KDE,monthly_maxima,-0.18741127654678261,-0.011479229300111001,215874.76617062883,PASS
209,EMP,monthly_maxima,-0.23638174457376149,-0.011479229300114101,202865.12423311191,PASS
210,TAIL,event_level,-0.11217194481558471,-0.036053672126664001,235863.073509282,PASS
210,EVENT-EMP,event_level,-0.2534422040235963,-0.036363153803908498,198332.79122356008,PASS
210,GEV,monthly_maxima,-0.17937825164905111,-0.038207474676186702,218008.84374442435,PASS_LMOM_FINITE_MEAN
210,KDE,monthly_maxima,-0.21000721015198029,-0.038207474676186501,209871.8624351453,PASS
210,EMP,monthly_maxima,-0.2534422040235963,-0.038207474676186501,198332.79122356008,PASS
211,TAIL,event_level,-0.092592436089111496,-0.016206660739366,241064.62473202241,PASS
211,EVENT-EMP,event_level,0.2000397913255158,-0.0066791083279804002,318806.18309215381,PASS
211,GEV,monthly_maxima,0.15286681573823921,3.1520289562049837e-05,306274.06840663368,PASS_LMOM_FINITE_MEAN
211,KDE,monthly_maxima,0.25945284678971797,0.0002301389905726,334590.03424050863,PASS
211,EMP,monthly_maxima,0.2000397913255158,0.00023012563871529999,318806.18309215381,PASS
212,TAIL,event_level,0.29405774915001159,0.026521035411694201,343783.27676255541,PASS
212,EVENT-EMP,event_level,0.091888106696142696,0.0077090192123694997,290074.28101614665,PASS
212,GEV,monthly_maxima,0.1630387153795588,0.0308813999667122,308976.36588283954,PASS_LMOM_FINITE_MEAN
212,KDE,monthly_maxima,0.1548514193322208,0.0308821156538721,306801.30417108227,PASS
212,EMP,monthly_maxima,0.091888106696142696,0.030881551403229301,290074.28101614665,PASS
213,TAIL,event_level,0.022185695145942302,-0.044160465686975202,271556.92855894787,PASS
213,EVENT-EMP,event_level,0.089430551285187398,-0.040789013252355399,289421.39944841235,PASS
213,GEV,monthly_maxima,0.14761218978296989,-0.030145948063792199,304878.10865889402,PASS_LMOM_FINITE_MEAN
213,KDE,monthly_maxima,0.1459295268525227,-0.0300818859738156,304431.08735996363,PASS
213,EMP,monthly_maxima,0.089430551285187398,-0.030081911070143099,289421.39944841235,PASS
214,TAIL,event_level,0.010065230222817601,0.0251276770088306,268336.96936478181,PASS
214,EVENT-EMP,event_level,-0.048064069436923998,0.029834096207537301,252894.1646475544,PASS
214,GEV,monthly_maxima,0.016007826170723199,0.046389505168830301,269915.69729156001,PASS_LMOM_FINITE_MEAN
214,KDE,monthly_maxima,0.0002455247183031,0.046389505274266503,265728.23684306652,PASS
214,EMP,monthly_maxima,-0.048064069436923998,0.0463895051724676,252894.1646475544,PASS
215,TAIL,event_level,0.099957892768839096,0.014419275427348799,292218.12467433471,PASS
215,EVENT-EMP,event_level,-0.084111637572443596,-0.0014897940008468001,243317.65919322649,PASS
215,GEV,monthly_maxima,0.046254418387000201,0.012827752085486199,277951.09802220168,PASS_LMOM_FINITE_MEAN
215,KDE,monthly_maxima,-0.0221111705367689,0.0128277582065835,259788.88988778656,PASS
215,EMP,monthly_maxima,-0.084111637572443596,0.0128277570305595,243317.65919322649,PASS
216,TAIL,event_level,-0.012142273415586101,0.010246088404704101,262437.2571034538,PASS
216,EVENT-EMP,event_level,-0.025223958047735501,0.0075234644108943998,258961.93738810983,PASS
216,GEV,monthly_maxima,0.1400339429687032,-0.00092120009297270002,302864.84879963711,PASS_LMOM_FINITE_MEAN
216,KDE,monthly_maxima,0.0333754900830412,-0.00070833491311840004,274529.6431633028,PASS
216,EMP,monthly_maxima,-0.025223958047735501,-0.00070833494725969996,258961.93738810983,PASS
217,TAIL,event_level,-0.079016355003293806,-0.015781239533981199,244671.28729738487,PASS
217,EVENT-EMP,event_level,-0.2590091598059025,-0.0146478992521007,196853.85699385469,PASS
217,GEV,monthly_maxima,-0.11526305325916179,-0.033962257619759802,235041.88033590207,PASS_LMOM_FINITE_MEAN
217,KDE,monthly_maxima,-0.21128669731718119,-0.033962257618276301,209531.95002357225,PASS
217,EMP,monthly_maxima,-0.2590091598059025,-0.033962257618276301,196853.85699385469,PASS
218,TAIL,event_level,-0.25978669025891338,-0.036436261699557299,196647.29591333543,PASS
218,EVENT-EMP,event_level,-0.29443403492492087,-0.034853887452720597,187442.77804060103,PASS
218,GEV,monthly_maxima,-0.23334025696428959,-0.0168654059608725,203673.13498634432,PASS_LMOM_FINITE_MEAN
218,KDE,monthly_maxima,-0.25833086833124008,-0.0168654059608743,197034.05394867584,PASS
218,EMP,monthly_maxima,-0.29443403492492087,-0.0168654059608743,187442.77804060103,PASS
219,TAIL,event_level,-0.083677437658505105,-0.034853343520346601,243433.0100493083,PASS
219,EVENT-EMP,event_level,-0.22765972644919569,-0.035181079562969397,205182.24182142288,PASS
219,GEV,monthly_maxima,-0.087351308379099601,-0.047185387846434203,242456.99849529719,PASS_LMOM_FINITE_MEAN
219,KDE,monthly_maxima,-0.1600242193137425,-0.047185387842404398,223150.4942304024,PASS
219,EMP,monthly_maxima,-0.22765972644919569,-0.047185387846434799,205182.24182142288,PASS
220,TAIL,event_level,0.0188600473227859,0.0102726086463445,270673.42694802367,PASS
220,EVENT-EMP,event_level,0.15222585546832451,0.0200384397859102,306103.78897203301,PASS
220,GEV,monthly_maxima,0.24565431878355529,0.025679827035182099,330924.27575672045,PASS_LMOM_FINITE_MEAN
220,KDE,monthly_maxima,0.21360273507891131,0.025753793602343901,322409.35555424151,PASS
220,EMP,monthly_maxima,0.15222585546832451,0.025753744410471398,306103.78897203301,PASS
221,TAIL,event_level,-0.13476010160738841,-0.037889441070407801,229862.23578545291,PASS
221,EVENT-EMP,event_level,-0.20937813844358999,-0.0425386932107484,210038.98351870675,PASS
221,GEV,monthly_maxima,-0.0423340769565295,-0.043383780825237098,254416.4116972156,PASS_LMOM_FINITE_MEAN
221,KDE,monthly_maxima,-0.14498802009710521,-0.043383770597103397,227145.05617336475,PASS
221,EMP,monthly_maxima,-0.20937813844358999,-0.043383770597465801,210038.98351870675,PASS
222,TAIL,event_level,-0.111089238371471,-0.028092157433208399,236150.70856217961,PASS
222,EVENT-EMP,event_level,0.0142279163047365,-0.030091295935851501,269442.84107902017,PASS
222,GEV,monthly_maxima,0.13090006074053381,-0.032240477575319303,300438.3141538488,PASS_LMOM_FINITE_MEAN
222,KDE,monthly_maxima,0.066378165514016096,-0.032050759783585799,283297.23325659189,PASS
222,EMP,monthly_maxima,0.0142279163047365,-0.032050760237192701,269442.84107902017,PASS
223,TAIL,event_level,-0.1569199115478534,0.0020957811959687999,223975.19397547777,PASS
223,EVENT-EMP,event_level,-0.20906872607071161,0.0031176324692609001,210121.18294101919,PASS
223,GEV,monthly_maxima,-0.16328710264703311,0.016345714086332199,222283.6668227776,PASS_LMOM_FINITE_MEAN
223,KDE,monthly_maxima,-0.1623170115000343,0.016345714086331901,222541.3841568708,PASS
223,EMP,monthly_maxima,-0.20906872607071161,0.0163457140863317,210121.18294101919,PASS
224,TAIL,event_level,-0.079888448323623004,-0.040552614070481101,244439.6043608989,PASS
224,EVENT-EMP,event_level,-0.111019731630289,-0.044998655658573597,236169.17393225781,PASS
224,GEV,monthly_maxima,-0.042811640752728697,-0.043744204934467998,254289.54066164675,PASS_LMOM_FINITE_MEAN
224,KDE,monthly_maxima,-0.058849495939950598,-0.043744168236966599,250028.87577854705,PASS
224,EMP,monthly_maxima,-0.111019731630289,-0.043744168279513197,236169.17393225781,PASS
225,TAIL,event_level,0.1772726264982486,0.068125501430786897,312757.78955480806,PASS
225,EVENT-EMP,event_level,0.022916251005635199,0.064660385645034305,271751.01022761239,PASS
225,GEV,monthly_maxima,0.12139315653487739,0.078391079054409202,297912.68136672239,PASS_LMOM_FINITE_MEAN
225,KDE,monthly_maxima,0.076580629305307804,0.078391103901683801,286007.65049687767,PASS
225,EMP,monthly_maxima,0.022916251005635199,0.0783911030994799,271751.01022761239,PASS
226,TAIL,event_level,0.28771499881466023,0.0520529464928038,342098.2426167407,PASS
226,EVENT-EMP,event_level,-0.066414562793673595,0.0333983580167517,248019.11734728003,PASS
226,GEV,monthly_maxima,0.051268744881894597,0.034472730594642703,279283.21909199504,PASS_LMOM_FINITE_MEAN
226,KDE,monthly_maxima,-0.010113314599330601,0.0344727320862303,262976.27640976122,PASS
226,EMP,monthly_maxima,-0.066414562793673595,0.034472730595129598,248019.11734728003,PASS
227,TAIL,event_level,-0.15245730460316459,-0.0555471849398885,225160.7435688836,PASS
227,EVENT-EMP,event_level,-0.1182063298652221,-0.056234210576383302,234259.96061345181,PASS
227,GEV,monthly_maxima,0.067316593959253199,-0.052582174317719999,283546.53898203012,PASS_LMOM_FINITE_MEAN
227,KDE,monthly_maxima,-0.072453701493638098,-0.05245873908932,246414.74158239545,PASS
227,EMP,monthly_maxima,-0.1182063298652221,-0.052458739092497701,234259.96061345181,PASS
228,TAIL,event_level,0.024881536834353499,0.0046206248771019998,272273.11397639452,PASS
228,EVENT-EMP,event_level,-0.1628067812242511,-0.0052250934179329002,222411.27045772484,PASS
228,GEV,monthly_maxima,-0.16492939732207521,0.0138927615359675,221847.3698760868,PASS_LMOM_FINITE_MEAN
228,KDE,monthly_maxima,-0.1228328117387654,0.0138927615372549,233030.87551318176,PASS
228,EMP,monthly_maxima,-0.1628067812242511,0.0138927615371808,222411.27045772484,PASS
229,TAIL,event_level,0.092449195715773105,0.0041068883280249002,290223.34161398374,PASS
229,EVENT-EMP,event_level,-0.058533606976735097,-0.0067989516297136,250112.795791343,PASS
229,GEV,monthly_maxima,0.058977918148290398,0.019455094252505901,281331.26126661408,PASS_LMOM_FINITE_MEAN
229,KDE,monthly_maxima,-0.0131169800862225,0.019457609351591,262178.31359545828,PASS
229,EMP,monthly_maxima,-0.058533606976735097,0.0194576093514887,250112.795791343,PASS
230,TAIL,event_level,0.075832621023362495,0.015246891105304,285808.93236518564,PASS
230,EVENT-EMP,event_level,-0.22747414094856769,-0.0075490960830591003,205231.54502413343,PASS
230,GEV,monthly_maxima,-0.14648519538097979,-0.0063950360911639997,226747.31208094201,PASS_LMOM_FINITE_MEAN
230,KDE,monthly_maxima,-0.18242987007483491,-0.0063950360911639997,217198.14160803665,PASS
230,EMP,monthly_maxima,-0.22747414094856769,-0.0063950360911642001,205231.54502413343,PASS
231,TAIL,event_level,0.0076585718303654998,-0.000192871292596,267697.60925218347,PASS
231,EVENT-EMP,event_level,-0.12308491337106491,-0.0093390666339283005,232963.90143471729,PASS
231,GEV,monthly_maxima,-0.068629097078829304,0.0048601451068588002,247430.79750332105,PASS_LMOM_FINITE_MEAN
231,KDE,monthly_maxima,-0.081278509304931107,0.0048601451068907998,244070.31657651081,PASS
231,EMP,monthly_maxima,-0.12308491337106491,0.0048601451068719,232963.90143471729,PASS
232,TAIL,event_level,-0.1722438301681091,-0.036936414443348602,219904.19562971263,PASS
232,EVENT-EMP,event_level,-0.29753623455344641,-0.035505906138558099,186618.63834964321,PASS
232,GEV,monthly_maxima,-0.18983848529087169,-0.041845431010463001,215229.94658975792,PASS_LMOM_FINITE_MEAN
232,KDE,monthly_maxima,-0.24894645196424081,-0.041845431010459497,199527.14624789529,PASS
232,EMP,monthly_maxima,-0.29753623455344641,-0.041845431010459497,186618.63834964321,PASS
233,TAIL,event_level,0.051554105511586498,0.015269884550228201,279359.02885581658,PASS
233,EVENT-EMP,event_level,-0.018676100541794902,0.016051308163655301,260701.46092223737,PASS
233,GEV,monthly_maxima,0.1613399091267913,0.0239139828252268,308525.05590030999,PASS_LMOM_FINITE_MEAN
233,KDE,monthly_maxima,0.035142375127006499,0.023940177027791502,274999.03916241962,PASS
233,EMP,monthly_maxima,-0.018676100541794902,0.023940176780379799,260701.46092223737,PASS
234,TAIL,event_level,-0.091771508648626099,-0.017320039418581401,241282.7147868594,PASS
234,EVENT-EMP,event_level,-0.16799271715420069,-0.017042105851388399,221033.55910886903,PASS
234,GEV,monthly_maxima,-0.025374990726073601,-0.022921789964383502,258921.81359217304,PASS_LMOM_FINITE_MEAN
234,KDE,monthly_maxima,-0.1039070137773461,-0.022921789861732701,238058.75996640377,PASS
234,EMP,monthly_maxima,-0.16799271715420069,-0.022921789961884501,221033.55910886903,PASS
235,TAIL,event_level,0.111539713665346,0.024545810724533899,295294.98607506702,PASS
235,EVENT-EMP,event_level,-0.085025826496619106,0.020042358975060199,243074.79301191459,PASS
235,GEV,monthly_maxima,0.11401165049462481,0.0312183028516284,295951.68825368129,PASS_LMOM_FINITE_MEAN
235,KDE,monthly_maxima,-0.0073787893523715002,0.0312184425090885,263702.73861780955,PASS
235,EMP,monthly_maxima,-0.085025826496619106,0.031218435937597499,243074.79301191459,PASS
236,TAIL,event_level,0.0111717339205056,0.038698474702733701,268630.92646769388,PASS
236,EVENT-EMP,event_level,0.023302619687662,0.048270316818645798,271853.65409465221,PASS
236,GEV,monthly_maxima,0.1336134845845432,0.074660141605529806,301159.1704996741,PASS_LMOM_FINITE_MEAN
236,KDE,monthly_maxima,0.079338204715233895,0.074660237931544096,286740.23628060095,PASS
236,EMP,monthly_maxima,0.023302619687662,0.074660237254143502,271853.65409465221,PASS
237,TAIL,event_level,0.0234392482709532,-0.0093222894898249004,271889.9512553424,PASS
237,EVENT-EMP,event_level,-0.032668779504907701,-0.0159098244081862,256984.12371083,PASS
237,GEV,monthly_maxima,-0.0068716637738454002,-0.0022956057342817002,263837.46312545252,PASS_LMOM_FINITE_MEAN
237,KDE,monthly_maxima,0.0139929659803387,-0.0022955826803889002,269380.42346863844,PASS
237,EMP,monthly_maxima,-0.032668779504907701,-0.002295582690015,256984.12371083,PASS
238,TAIL,event_level,-0.062157433861167198,-0.043292493721045697,249150.07903347912,PASS
238,EVENT-EMP,event_level,-0.15364062921487309,-0.044912873336031202,224846.37799072129,PASS
238,GEV,monthly_maxima,-0.0040776091000561,-0.041694364940032001,264579.74010021653,PASS_LMOM_FINITE_MEAN
238,KDE,monthly_maxima,-0.096603429797882695,-0.041694336610651,239999.05207022963,PASS
238,EMP,monthly_maxima,-0.15364062921487309,-0.041694336639784203,224846.37799072129,PASS
239,TAIL,event_level,0.0037168478836228,0.0049568275054654,266650.43900387367,PASS
239,EVENT-EMP,event_level,-0.1646226283505052,0.0053334048354620996,221928.86704445089,PASS
239,GEV,monthly_maxima,0.039075166184194703,0.012858773222885299,276043.83627240232,PASS_LMOM_FINITE_MEAN
239,KDE,monthly_maxima,-0.10996904826385551,0.0128588734663683,236448.30163794919,PASS
239,EMP,monthly_maxima,-0.1646226283505052,0.012858873465671701,221928.86704445089,PASS
240,TAIL,event_level,-0.096840384738204902,-0.028116006666744301,239936.10190754751,PASS
240,EVENT-EMP,event_level,-0.27742491857706808,-0.0220260513125481,191961.47108713721,PASS
240,GEV,monthly_maxima,-0.1794613792229347,-0.030404767800506199,217986.75982293181,PASS_LMOM_FINITE_MEAN
240,KDE,monthly_maxima,-0.1976172051254787,-0.030404767831263099,213163.42846449217,PASS
240,EMP,monthly_maxima,-0.27742491857706808,-0.030404767832004902,191961.47108713721,PASS
241,TAIL,event_level,-0.2318991442321334,-0.064610118415165604,204055.98533252889,PASS
241,EVENT-EMP,event_level,-0.25043492191862882,-0.068918332455721196,199131.71483950707,PASS
241,GEV,monthly_maxima,-0.21703839468498201,-0.069874913811793102,208003.9367881908,PASS_LMOM_FINITE_MEAN
241,KDE,monthly_maxima,-0.2206830369680815,-0.069874913811797001,207035.69014886249,PASS
241,EMP,monthly_maxima,-0.25043492191862882,-0.069874913811797001,199131.71483950707,PASS
242,TAIL,event_level,-0.11075353929085049,-0.034630972834916597,236239.89139039392,PASS
242,EVENT-EMP,event_level,-0.25727075289389978,-0.0463899569553195,197315.68740671489,PASS
242,GEV,monthly_maxima,-0.22844688513600239,-0.039676446592196303,204973.1228753324,PASS_LMOM_FINITE_MEAN
242,KDE,monthly_maxima,-0.22589260017000351,-0.039676446592196102,205651.70190781623,PASS
242,EMP,monthly_maxima,-0.25727075289389978,-0.039676446592196303,197315.68740671489,PASS
243,TAIL,event_level,-0.036180630900117999,0.00065840017011049997,256051.15469847983,PASS
243,EVENT-EMP,event_level,-0.11693552959760101,-0.0036958273261408999,234597.56523766619,PASS
243,GEV,monthly_maxima,-0.0125811540502719,-0.00077398884864900001,262320.66275300924,PASS_LMOM_FINITE_MEAN
243,KDE,monthly_maxima,-0.070620571810979693,-0.00077398739979880004,246901.73633162439,PASS
243,EMP,monthly_maxima,-0.11693552959760101,-0.00077398740059590005,234597.56523766619,PASS
244,TAIL,event_level,-0.15165187045081391,-0.030203759749523499,225374.71763015981,PASS
244,EVENT-EMP,event_level,-0.1919871742690574,-0.0340559573342493,214659.11940824345,PASS
244,GEV,monthly_maxima,-0.055900573433249903,-0.023527337135265301,250812.29540795565,PASS_LMOM_FINITE_MEAN
244,KDE,monthly_maxima,-0.13178093050255049,-0.023527031574643,230653.69134849121,PASS
244,EMP,monthly_maxima,-0.1919871742690574,-0.023527031574643,214659.11940824345,PASS
245,TAIL,event_level,-0.136835780480981,-0.016326767680204,229310.80468808563,PASS
245,EVENT-EMP,event_level,-0.22882740369758689,-0.015740940621490802,204872.03316889817,PASS
245,GEV,monthly_maxima,-0.12686397922019241,-0.0049716604667940003,231959.94342622199,PASS_LMOM_FINITE_MEAN
245,KDE,monthly_maxima,-0.1891361469393531,-0.0049716604668190003,215416.531910266,PASS
245,EMP,monthly_maxima,-0.22882740369758689,-0.0049716604668190003,204872.03316889817,PASS
246,TAIL,event_level,-0.0189339458538136,-0.0320532234071714,260632.96096053012,PASS
246,EVENT-EMP,event_level,-0.1111725063521125,-0.0389075632257967,236128.58733980512,PASS
246,GEV,monthly_maxima,-0.126441095340249,-0.033688972537893901,232072.2880306514,PASS_LMOM_FINITE_MEAN
246,KDE,monthly_maxima,-0.072395411557246395,-0.033688972537508702,246430.2270623504,PASS
246,EMP,monthly_maxima,-0.1111725063521125,-0.033688972537508702,236128.58733980512,PASS
247,TAIL,event_level,-0.17685455667137531,-0.058417694592077102,218679.29614853417,PASS
247,EVENT-EMP,event_level,-0.2766943841364361,-0.053445343183468497,192155.54706554959,PASS
247,GEV,monthly_maxima,-0.2011324206008917,-0.057074474488394797,212229.56574046944,PASS_LMOM_FINITE_MEAN
247,KDE,monthly_maxima,-0.23572233390686151,-0.057074474488394998,203040.30525571152,PASS
247,EMP,monthly_maxima,-0.2766943841364361,-0.057074474488394998,192155.54706554959,PASS
248,TAIL,event_level,-0.048632557618179799,-0.0042633838382033001,252743.13836616839,PASS
248,EVENT-EMP,event_level,-0.1377891368722739,0.0037478975385821,229057.53315956501,PASS
248,GEV,monthly_maxima,0.052955813806858001,0.016079422353552201,279731.41090069071,PASS_LMOM_FINITE_MEAN
248,KDE,monthly_maxima,-0.072899596274133699,0.0160794313404552,246296.28383286239,PASS
248,EMP,monthly_maxima,-0.1377891368722739,0.016079431233901698,229057.53315956501,PASS
249,TAIL,event_level,-0.0017460341483951001,-0.023927832298871701,265199.15331993258,PASS
249,EVENT-EMP,event_level,0.0013417904467498999,0.0031311730920649998,266019.47409625363,PASS
249,GEV,monthly_maxima,0.31109644352077648,-0.0049282167432177001,348309.82759568846,PASS_LMOM_FINITE_MEAN
249,KDE,monthly_maxima,0.070306543758739806,-0.0048551753770011002,284340.85804553266,PASS
249,EMP,monthly_maxima,0.0013417904467498999,-0.0048558123717615002,266019.47409625363,PASS
250,TAIL,event_level,-0.051794913818377003,-0.0030479604882841,251903.0172993085,PASS
250,EVENT-EMP,event_level,-0.20491110331295709,-0.0077611606653567996,211225.70951731937,PASS
250,GEV,monthly_maxima,-0.11085011862491199,-0.0063890585123344999,236214.23383380263,PASS_LMOM_FINITE_MEAN
250,KDE,monthly_maxima,-0.164720535605479,-0.0063890585122670998,221902.85670839305,PASS
250,EMP,monthly_maxima,-0.20491110331295709,-0.0063890585122670998,211225.70951731937,PASS
251,TAIL,event_level,-0.069272948893296896,-0.013069830092647901,247259.74989229089,PASS
251,EVENT-EMP,event_level,-0.018995692104261799,0.001357307982247,260616.55726577944,PASS
251,GEV,monthly_maxima,0.093225657130125303,0.015024717793179401,290429.61869047512,PASS_LMOM_FINITE_MEAN
251,KDE,monthly_maxima,0.033835177287288999,0.0150247758439109,274651.76504964515,PASS
251,EMP,monthly_maxima,-0.018995692104261799,0.0150247752096506,260616.55726577944,PASS
252,TAIL,event_level,-0.16737716372741021,-0.040471621701633598,221197.08888505056,PASS
252,EVENT-EMP,event_level,-0.28224153210691,-0.040969526869331203,190681.87503875719,PASS
252,GEV,monthly_maxima,-0.163037569735867,-0.019456726435411301,222349.95848705384,PASS_LMOM_FINITE_MEAN
252,KDE,monthly_maxima,-0.22691336249065511,-0.019456726435413199,205380.52311720981,PASS
252,EMP,monthly_maxima,-0.28224153210691,-0.019456726435413199,190681.87503875719,PASS
253,TAIL,event_level,0.3131163174924918,0.024964942337722101,348846.43339484988,PASS
253,EVENT-EMP,event_level,-0.2128571846606927,0.0025750495422997999,209114.72962871648,PASS
253,GEV,monthly_maxima,-0.059086495480621302,-0.022192423968894801,249965.91376720209,PASS_LMOM_FINITE_MEAN
253,KDE,monthly_maxima,-0.13333389819400929,-0.022192423105086199,230241.12527713404,PASS
253,EMP,monthly_maxima,-0.2128571846606927,-0.022192423968894402,209114.72962871648,PASS
254,TAIL,event_level,-0.1030946859882523,0.0013618354071896,238274.56541196705,PASS
254,EVENT-EMP,event_level,-0.20366406888213129,0.0023737593500612999,211557.00043779536,PASS
254,GEV,monthly_maxima,-0.21832650213133439,0.0256667939987716,207661.73428677992,PASS_LMOM_FINITE_MEAN
254,KDE,monthly_maxima,-0.16884117332904561,0.025666793999161198,220808.1556876004,PASS
254,EMP,monthly_maxima,-0.20366406888213129,0.025666793999161001,211557.00043779536,PASS
255,TAIL,event_level,0.074056159395814905,-0.019016554595909198,285336.99222204875,PASS
255,EVENT-EMP,event_level,-0.20737353132561781,-0.019902960229389199,210571.53347954943,PASS
255,GEV,monthly_maxima,-0.1008264271295703,-0.011526108657052199,238877.15788784041,PASS_LMOM_FINITE_MEAN
255,KDE,monthly_maxima,-0.1524253291708742,-0.0115261086530639,225169.23825847209,PASS
255,EMP,monthly_maxima,-0.20737353132561781,-0.011526108657052199,210571.53347954943,PASS
256,TAIL,event_level,0.0150362519598652,0.0093462138379842002,269657.58596225799,PASS
256,EVENT-EMP,event_level,0.0236534413492413,0.0084330334470855001,271946.85443324322,PASS
256,GEV,monthly_maxima,0.23726998198004809,0.019833443428800501,328696.86760458513,PASS_LMOM_FINITE_MEAN
256,KDE,monthly_maxima,0.088640719597748094,0.020067878446501299,289211.57038492803,PASS
256,EMP,monthly_maxima,0.0236534413492413,0.020067872765098201,271946.85443324322,PASS
257,TAIL,event_level,-0.17434893423973971,-0.038054639022248503,219344.94734566449,PASS
257,EVENT-EMP,event_level,-0.2695252076880974,-0.035187649727471702,194060.13206008915,PASS
257,GEV,monthly_maxima,-0.24976395851751759,-0.060325055759674,199309.96499625104,PASS_LMOM_FINITE_MEAN
257,KDE,monthly_maxima,-0.2402016583970269,-0.060325055759674201,201850.31442885444,PASS
257,EMP,monthly_maxima,-0.2695252076880974,-0.060325055759674201,194060.13206008915,PASS
258,TAIL,event_level,0.1016157140599732,0.024574082567117701,292658.54646859172,PASS
258,EVENT-EMP,event_level,0.0055596338169690996,0.030000469412421401,267139.99906172568,PASS
258,GEV,monthly_maxima,0.23047263605226229,0.050682212099595503,326891.06422534824,PASS_LMOM_FINITE_MEAN
258,KDE,monthly_maxima,0.092246203166464397,0.050694072534385903,290169.41400232533,PASS
258,EMP,monthly_maxima,0.0055596338169690996,0.050694045066768001,267139.99906172568,PASS
259,TAIL,event_level,0.1432581690918894,0.01787164832858,303721.40641646722,PASS
259,EVENT-EMP,event_level,-0.16802863842023519,0.016784193682395799,221024.01615721104,PASS
259,GEV,monthly_maxima,0.0024293356972783999,-0.015956909996811899,266308.39464102825,PASS_LMOM_FINITE_MEAN
259,KDE,monthly_maxima,-0.094487332950110095,-0.015956909587228101,240561.22072827601,PASS
259,EMP,monthly_maxima,-0.16802863842023519,-0.015956909996371098,221024.01615721104,PASS
260,TAIL,event_level,0.0186023288784068,-0.0164890336654601,270604.96069035551,PASS
260,EVENT-EMP,event_level,-0.18209911983443611,-0.0243513992361995,217286.00971246167,PASS
260,GEV,monthly_maxima,-0.0231934496313028,-0.0123460046411669,259501.36836586465,PASS_LMOM_FINITE_MEAN
260,KDE,monthly_maxima,-0.13095391223116171,-0.0123436845982657,230873.39951179945,PASS
260,EMP,monthly_maxima,-0.18209911983443611,-0.012343684598265899,217286.00971246167,PASS
261,TAIL,event_level,-0.1145278333402809,-0.0042318004037566002,235237.20107256933,PASS
261,EVENT-EMP,event_level,-0.25195536075618219,-0.0035207279603751999,198727.79048139049,PASS
261,GEV,monthly_maxima,-0.18700883083140241,0.0037477360501804,215981.68111074131,PASS_LMOM_FINITE_MEAN
261,KDE,monthly_maxima,-0.20799381753068449,0.0037477360501800001,210406.74637924539,PASS
261,EMP,monthly_maxima,-0.25195536075618219,0.0037477360501800001,198727.79048139049,PASS
262,TAIL,event_level,-0.062718698230250697,-0.021286540956586001,249000.97185177851,PASS
262,EVENT-EMP,event_level,0.0026895204799157,-0.015522093903241699,266377.51611354179,PASS
262,GEV,monthly_maxima,0.016179078422461499,-0.0075047382938203998,269961.19268022734,PASS_LMOM_FINITE_MEAN
262,KDE,monthly_maxima,0.049298275751252701,-0.0075032610259129998,278759.73833162209,PASS
262,EMP,monthly_maxima,0.0026895204799157,-0.0075032610267532999,266377.51611354179,PASS
263,TAIL,event_level,-0.087831564640429405,-0.0133957413236745,242329.41217133743,PASS
263,EVENT-EMP,event_level,-0.25436252544677679,-0.0086205592719734003,198088.29586410371,PASS
263,GEV,monthly_maxima,-0.1682615476684885,-0.00087101596815919999,220962.14078526152,PASS_LMOM_FINITE_MEAN
263,KDE,monthly_maxima,-0.19345289280745989,-0.00087101596815940003,214269.73220950781,PASS
263,EMP,monthly_maxima,-0.25436252544677679,-0.00087101596815959996,198088.29586410371,PASS
264,TAIL,event_level,-0.065990415011709394,-0.020785412594755599,248131.79772372457,PASS
264,EVENT-EMP,event_level,-0.23856079041652359,-0.023886071745677299,202286.23235557968,PASS
264,GEV,monthly_maxima,-0.24555997206450261,-0.039374081115030102,200426.80869138919,PASS_LMOM_FINITE_MEAN
264,KDE,monthly_maxima,-0.20323084865236249,-0.039374081114223601,211672.09102803183,PASS
264,EMP,monthly_maxima,-0.23856079041652359,-0.039374081114262403,202286.23235557968,PASS
265,TAIL,event_level,-0.20690779112641899,-0.052525723130399403,210695.26342274999,PASS
265,EVENT-EMP,event_level,-0.3500716729860891,-0.050601317194507299,172661.91564357042,PASS
265,GEV,monthly_maxima,-0.2970131073567191,-0.040403350469726103,186757.61389534251,PASS_LMOM_FINITE_MEAN
265,KDE,monthly_maxima,-0.29800223355315569,-0.040403350469800897,186494.83965271999,PASS
265,EMP,monthly_maxima,-0.3500716729860891,-0.040403350469801098,172661.91564357042,PASS
266,TAIL,event_level,-0.1453698798006105,-0.033392070146282302,227043.61017513101,PASS
266,EVENT-EMP,event_level,-0.17862330911021351,-0.033351711452160697,218209.40405167453,PASS
266,GEV,monthly_maxima,-0.1206714890698531,-0.047070229804702497,233605.05899900213,PASS_LMOM_FINITE_MEAN
266,KDE,monthly_maxima,-0.14060259553503821,-0.0470702298043571,228310.10126268369,PASS
266,EMP,monthly_maxima,-0.17862330911021351,-0.047070229804357301,218209.40405167453,PASS
267,TAIL,event_level,-0.10093186215396489,-0.00093447439404799998,238849.14770189952,PASS
267,EVENT-EMP,event_level,-0.17745329168102991,0.011217469202442,218520.23440367251,PASS
267,GEV,monthly_maxima,0.043744824032574903,0.0144342293588501,277284.39163210755,PASS_LMOM_FINITE_MEAN
267,KDE,monthly_maxima,-0.1016123493633079,0.01443423104807,238668.36742159395,PASS
267,EMP,monthly_maxima,-0.17745329168102991,0.0144342309962222,218520.23440367251,PASS
268,TAIL,event_level,-0.037181848619931498,-0.025395522419349201,255785.16818536149,PASS
268,EVENT-EMP,event_level,-0.14967218635968171,-0.0309443950738045,225900.64646467369,PASS
268,GEV,monthly_maxima,-0.1168963545631363,-0.026203421174456901,234607.97259523923,PASS_LMOM_FINITE_MEAN
268,KDE,monthly_maxima,-0.1095422627402324,-0.0262034211742533,236561.68276478248,PASS
268,EMP,monthly_maxima,-0.14967218635968171,-0.026203421174457901,225900.64646467369,PASS
269,TAIL,event_level,-0.024377654618647399,0.0059010702211128004,259186.76890446091,PASS
269,EVENT-EMP,event_level,-0.1964250258567988,0.011601013760331199,213480.14639747809,PASS
269,GEV,monthly_maxima,-0.034208187808396101,-0.013383316565130201,256575.15986729489,PASS_LMOM_FINITE_MEAN
269,KDE,monthly_maxima,-0.13279585807595079,-0.013383316106166099,230384.06263440216,PASS
269,EMP,monthly_maxima,-0.1964250258567988,-0.013383316106222299,213480.14639747809,PASS
270,TAIL,event_level,-0.26775652365200009,-0.078044333362506296,194530.00598487075,PASS
270,EVENT-EMP,event_level,-0.1937764691974988,-0.084382052417914105,214183.7699317628,PASS
270,GEV,monthly_maxima,-0.27045058870953759,-0.075812756156680303,193814.29255252969,PASS_LMOM_FINITE_MEAN
270,KDE,monthly_maxima,-0.164681193643163,-0.075812756156680094,221913.3084125215,PASS
270,EMP,monthly_maxima,-0.1937764691974988,-0.075812756156680094,214183.7699317628,PASS
271,TAIL,event_level,0.3109237426758919,0.0978412591921487,348263.94736940559,PASS
271,EVENT-EMP,event_level,0.50599585297067218,0.1265552993452371,400087.39135880681,PASS
271,GEV,monthly_maxima,0.60958678415186596,0.15112307074881479,427607.66994586913,PASS_LMOM_FINITE_MEAN
271,KDE,monthly_maxima,0.59519681396267154,0.15143466892245949,423784.78715149139,PASS
271,EMP,monthly_maxima,0.50599585297067218,0.15138750733261591,400087.39135880681,PASS
272,TAIL,event_level,-0.051333014703457198,-0.0030200760663879,252025.72680849783,PASS
272,EVENT-EMP,event_level,-0.12865163602093641,-0.0016799479372763999,231485.02913967625,PASS
272,GEV,monthly_maxima,-0.018360972365013099,-0.00052318781579810002,260785.17882221931,PASS_LMOM_FINITE_MEAN
272,KDE,monthly_maxima,-0.087890292211813006,-0.00052300985727199998,242313.81042795329,PASS
272,EMP,monthly_maxima,-0.12865163602093641,-0.00052300985727240005,231485.02913967625,PASS
273,TAIL,event_level,0.25887437713326272,0.071398615278377806,334436.35625037679,PASS
273,EVENT-EMP,event_level,0.0504961036850958,0.070811927002877806,279077.95690599777,PASS
273,GEV,monthly_maxima,0.063987101870266003,0.070159287513151494,282662.01609187404,PASS_LMOM_FINITE_MEAN
273,KDE,monthly_maxima,0.115626852811793,0.070163656331485399,296380.78776303108,PASS
273,EMP,monthly_maxima,0.0504961036850958,0.070159287445684101,279077.95690599777,PASS
274,TAIL,event_level,-0.0440970890006517,-0.00070039125042879995,253948.04461089484,PASS
274,EVENT-EMP,event_level,-0.1909952806567253,-0.0147884629796002,214922.62885090263,PASS
274,GEV,monthly_maxima,-0.0056249593263292003,-0.038267019104434599,264168.66638156923,PASS_LMOM_FINITE_MEAN
274,KDE,monthly_maxima,-0.13450840101908729,-0.038266850125903099,229929.10332136165,PASS
274,EMP,monthly_maxima,-0.1909952806567253,-0.038266850126088603,214922.62885090263,PASS
275,TAIL,event_level,-0.26331869326496438,-0.043855422739625199,195708.97336339284,PASS
275,EVENT-EMP,event_level,-0.37703008193725379,-0.037851533309411697,165500.06357659437,PASS
275,GEV,monthly_maxima,-0.35134175434476239,-0.053772010601075802,172324.50200687104,PASS_LMOM_FINITE_MEAN
275,KDE,monthly_maxima,-0.3213649623816176,-0.053772017910954498,180288.22679016489,PASS
275,EMP,monthly_maxima,-0.37703008193725379,-0.053772017910954498,165500.06357659437,PASS
276,TAIL,event_level,-0.078018651397796804,-0.036660458624793099,244936.34024031641,PASS
276,EVENT-EMP,event_level,0.098609472882299598,-0.026186695064825901,291859.89938852284,PASS
276,GEV,monthly_maxima,0.064378840341611995,-0.0078800677397357008,282766.08651330753,PASS_LMOM_FINITE_MEAN
276,KDE,monthly_maxima,0.15340942690820081,-0.0078791686668991008,306418.22012330929,PASS
276,EMP,monthly_maxima,0.098609472882299598,-0.0078791732300612996,291859.89938852284,PASS
277,TAIL,event_level,-0.041840721604554001,-0.00021430383310129999,254547.47796502465,PASS
277,EVENT-EMP,event_level,-0.21066029717011681,0.0087981836142972999,209698.36137211043,PASS
277,GEV,monthly_maxima,-0.10594532603910831,0.015186611357640101,237517.25579560909,PASS_LMOM_FINITE_MEAN
277,KDE,monthly_maxima,-0.15440050121127311,0.0151866113576634,224644.50810893736,PASS
277,EMP,monthly_maxima,-0.21066029717011681,0.0151866113576405,209698.36137211043,PASS
278,TAIL,event_level,-0.0462598885442373,-0.047105760672433397,253373.46877410333,PASS
278,EVENT-EMP,event_level,-0.20369132817710159,-0.055869201654054401,211549.75865144288,PASS
278,GEV,monthly_maxima,-0.14023663067201861,-0.064994953329311697,228407.32458975044,PASS_LMOM_FINITE_MEAN
278,KDE,monthly_maxima,-0.1692074544466928,-0.064994950239624899,220710.84834337732,PASS
278,EMP,monthly_maxima,-0.20369132817710159,-0.064994950239624899,211549.75865144288,PASS
279,TAIL,event_level,0.012126166852278301,0.022554458173399999,268884.48399319878,PASS
279,EVENT-EMP,event_level,-0.25425193736472651,0.010859105159536199,198117.67502685211,PASS
279,GEV,monthly_maxima,-0.16224529339659841,-0.013752042710368499,222560.43700410155,PASS_LMOM_FINITE_MEAN
279,KDE,monthly_maxima,-0.18239622025014299,-0.013752042711179101,217207.08112175053,PASS
279,EMP,monthly_maxima,-0.25425193736472651,-0.013752042711224099,198117.67502685211,PASS
280,TAIL,event_level,-0.1667597736623829,-0.054442980001168401,221361.10658807441,PASS
280,EVENT-EMP,event_level,0.032144612104303499,-0.057416998649205998,274202.64441451954,PASS
280,GEV,monthly_maxima,0.0047753033984785,-0.056055419229321897,266931.63148190913,PASS_LMOM_FINITE_MEAN
280,KDE,monthly_maxima,0.078931686525801903,-0.055908144070069499,286632.23943477368,PASS
280,EMP,monthly_maxima,0.032144612104303499,-0.0559081440726448,274202.64441451954,PASS
281,TAIL,event_level,-0.026552414682084802,0.029398791265340899,258609.01559996439,PASS
281,EVENT-EMP,event_level,-0.1133047092674246,0.032016301319838,235562.13989537681,PASS
281,GEV,monthly_maxima,0.079683998704367098,0.031593358434642102,286832.10095259652,PASS_LMOM_FINITE_MEAN
281,KDE,monthly_maxima,-0.050584021684286003,0.0315934910169327,252224.70654844536,PASS
281,EMP,monthly_maxima,-0.1133047092674246,0.031593491003035899,235562.13989537681,PASS
282,TAIL,event_level,0.0217214688955953,-0.0018060236581831,271433.60081595625,PASS
282,EVENT-EMP,event_level,-0.26441582584094708,-0.0036865822774222999,195417.50582088009,PASS
282,GEV,monthly_maxima,-0.1174814097643453,-0.0098622547903467004,234452.54506946559,PASS_LMOM_FINITE_MEAN
282,KDE,monthly_maxima,-0.19286602002541489,-0.0098622547903444002,214425.64259927729,PASS
282,EMP,monthly_maxima,-0.26441582584094708,-0.0098622547903462997,195417.50582088009,PASS
283,TAIL,event_level,0.2965575772181514,0.0358977412130543,344447.38861163834,PASS
283,EVENT-EMP,event_level,-0.11737919991838811,0.015487499560083299,234479.69844479489,PASS
283,GEV,monthly_maxima,-0.066928688674721196,0.039832146396481,247882.53311819825,PASS_LMOM_FINITE_MEAN
283,KDE,monthly_maxima,-0.072581862292974905,0.039832146396742499,246380.69399867867,PASS
283,EMP,monthly_maxima,-0.11737919991838811,0.039832146396479598,234479.69844479489,PASS
284,TAIL,event_level,0.029341051899584698,0.0090720453626641998,273457.84217179706,PASS
284,EVENT-EMP,event_level,-0.1375574595879325,0.012612805999646801,229119.08124427343,PASS
284,GEV,monthly_maxima,-0.0273947859260497,0.0085563540574229002,258385.22871974896,PASS_LMOM_FINITE_MEAN
284,KDE,monthly_maxima,-0.089030178261050197,0.0085563540801188998,242010.9848690475,PASS
284,EMP,monthly_maxima,-0.1375574595879325,0.0085563540574229002,229119.08124427343,PASS
285,TAIL,event_level,-0.17584073314809739,-0.063040333682512106,218948.63155734449,PASS
285,EVENT-EMP,event_level,-0.038518049531459,-0.057219968588478297,255430.1890292305,PASS
285,GEV,monthly_maxima,0.029605847607415799,-0.036287069967739803,273528.18859657651,PASS_LMOM_FINITE_MEAN
285,KDE,monthly_maxima,0.0050529014968679004,-0.036207651542290199,267005.37902829959,PASS
285,EMP,monthly_maxima,-0.038518049531459,-0.036207651542330299,255430.1890292305,PASS
286,TAIL,event_level,0.036558960838863001,-0.0046590214665352004,275375.37358656485,PASS
286,EVENT-EMP,event_level,0.31811536550028863,0.0046196959180916999,350174.49553577253,PASS
286,GEV,monthly_maxima,0.40106680109866683,0.00366539201532,372211.62360127032,PASS_LMOM_FINITE_MEAN
286,KDE,monthly_maxima,0.39086527924447478,0.0057551580230620998,369501.45659882965,PASS
286,EMP,monthly_maxima,0.31811536550028863,0.0057515718846447,350174.49553577253,PASS
287,TAIL,event_level,0.087552656448654204,0.019283232370440599,288922.51225366164,PASS
287,EVENT-EMP,event_level,0.044636230494983303,0.023481970099392499,277521.20535605098,PASS
287,GEV,monthly_maxima,0.082799401141483195,0.0075737611114767003,287659.74814142508,PASS_LMOM_FINITE_MEAN
287,KDE,monthly_maxima,0.10011034529258769,0.0075738186552720002,292258.62567067699,PASS
287,EMP,monthly_maxima,0.044636230494983303,0.0075737775146982001,277521.20535605098,PASS
288,TAIL,event_level,-0.020519805185578398,0.0055527818638387997,260211.65679700527,PASS
288,EVENT-EMP,event_level,-0.1511918861059745,0.00054130061513260001,225496.91845576611,PASS
288,GEV,monthly_maxima,0.059189296200065702,0.015937257538525901,281387.41659609822,PASS_LMOM_FINITE_MEAN
288,KDE,monthly_maxima,-0.083234400916200504,0.0159390257526912,243550.70852381279,PASS
288,EMP,monthly_maxima,-0.1511918861059745,0.015939025752621901,225496.91845576611,PASS
289,TAIL,event_level,0.0219471833829873,-0.010446161154917999,271493.56480607908,PASS
289,EVENT-EMP,event_level,-0.077121866598313202,-0.020510381840360199,245174.58278947609,PASS
289,GEV,monthly_maxima,-0.099423403273411898,-0.0199404457043586,239249.8894285796,PASS_LMOM_FINITE_MEAN
289,KDE,monthly_maxima,-0.033732288254280797,-0.019940445697378101,256701.5887753024,PASS
289,EMP,monthly_maxima,-0.077121866598313202,-0.019940445704359998,245174.58278947609,PASS
290,TAIL,event_level,-0.060640075684155602,0.0069700935020450003,249553.18497404331,PASS
290,EVENT-EMP,event_level,-0.1225758767955073,0.0055092404484919999,233099.13362358377,PASS
290,GEV,monthly_maxima,-0.11189632111315451,0.017370012971351899,235936.29653169893,PASS_LMOM_FINITE_MEAN
290,KDE,monthly_maxima,-0.083260932528988807,0.017370012971354602,243543.66005569912,PASS
290,EMP,monthly_maxima,-0.1225758767955073,0.017370012971350698,233099.13362358377,PASS
291,TAIL,event_level,0.1523810020478254,0.060932282444509399,306145.00567933562,PASS
291,EVENT-EMP,event_level,-0.1689869332152214,0.061929282639162302,220769.43267750065,PASS
291,GEV,monthly_maxima,-0.020657565253718702,0.094087900125884597,260175.05904264431,PASS_LMOM_FINITE_MEAN
291,KDE,monthly_maxima,-0.086772010932034294,0.094087900126224797,242610.89639877417,PASS
291,EMP,monthly_maxima,-0.1689869332152214,0.094087900125885304,220769.43267750065,PASS
292,TAIL,event_level,0.26732536482533842,0.0900271280351993,336681.47107818886,PASS
292,EVENT-EMP,event_level,0.3847837311419014,0.1069099988422892,367885.81422439538,PASS
292,GEV,monthly_maxima,0.51964714636054077,0.1069632407542121,403714.03505125298,PASS_LMOM_FINITE_MEAN
292,KDE,monthly_maxima,0.4654416355910716,0.10728827916242401,389313.63590124878,PASS
292,EMP,monthly_maxima,0.3847837311419014,0.1072774498111171,367885.81422439538,PASS
293,TAIL,event_level,-0.043231461750635303,-0.018473347916837399,254178.00975167859,PASS
293,EVENT-EMP,event_level,-0.26650249492547667,-0.026741144038682399,194863.15503099468,PASS
293,GEV,monthly_maxima,-0.1133071868114581,-0.0103978255835467,235561.48170357145,PASS_LMOM_FINITE_MEAN
293,KDE,monthly_maxima,-0.19150419540558941,-0.0103978255835438,214787.42902688228,PASS
293,EMP,monthly_maxima,-0.26650249492547667,-0.010397825583547699,194863.15503099468,PASS
294,TAIL,event_level,-0.1222049824492995,-0.0390868575976542,233197.66653199209,PASS
294,EVENT-EMP,event_level,-0.23567439527195519,-0.037006379728297602,203053.0407777564,PASS
294,GEV,monthly_maxima,-0.1337900332943126,-0.0096218938852564995,230119.94705341745,PASS_LMOM_FINITE_MEAN
294,KDE,monthly_maxima,-0.18380801993492679,-0.0096218938852558993,216832.0181679634,PASS
294,EMP,monthly_maxima,-0.23567439527195519,-0.0096218938852558993,203053.0407777564,PASS
295,TAIL,event_level,-0.051490681177238103,-0.0072585327085686003,251983.84065849599,PASS
295,EVENT-EMP,event_level,-0.11866222391307529,-0.0051597794143029996,234138.84642845468,PASS
295,GEV,monthly_maxima,-0.1127656178016162,-0.0207320088770537,235705.35655685281,PASS_LMOM_FINITE_MEAN
295,KDE,monthly_maxima,-0.069149827036810593,-0.020732008201205,247292.45881528271,PASS
295,EMP,monthly_maxima,-0.11866222391307529,-0.020732008877054599,234138.84642845468,PASS
296,TAIL,event_level,0.13055857646967239,0.028527836693337399,300347.5944145816,PASS
296,EVENT-EMP,event_level,0.079861312780943897,0.050269589740340202,286879.20674389659,PASS
296,GEV,monthly_maxima,0.27660803483688501,0.060135374647514603,339147.5331343615,PASS_LMOM_FINITE_MEAN
296,KDE,monthly_maxima,0.13915073960746849,0.0602090111569124,302630.21433624288,PASS
296,EMP,monthly_maxima,0.079861312780943897,0.060209005465896803,286879.20674389659,PASS
297,TAIL,event_level,0.22214318096282171,0.027964046958701399,324678.23611456621,PASS
297,EVENT-EMP,event_level,-0.020661153292462701,0.031671111838823797,260174.10583347155,PASS
297,GEV,monthly_maxima,0.2126610804110757,0.027108459388758801,322159.19274079683,PASS_LMOM_FINITE_MEAN
297,KDE,monthly_maxima,0.046068456560748497,0.027111599190292102,277901.69484369323,PASS
297,EMP,monthly_maxima,-0.020661153292462701,0.027111441537640599,260174.10583347155,PASS
298,TAIL,event_level,0.2068628522134062,0.042582206344815202,320618.81798509433,PASS
298,EVENT-EMP,event_level,0.0098964762302900001,0.042108259038426701,268292.13767117617,PASS
298,GEV,monthly_maxima,0.2318071635188636,0.054024337706003699,327245.59880906303,PASS_LMOM_FINITE_MEAN
298,KDE,monthly_maxima,0.066907959296981595,0.054048243284903499,283437.9798676577,PASS
298,EMP,monthly_maxima,0.0098964762302900001,0.054048241777289202,268292.13767117617,PASS
299,TAIL,event_level,0.21602373663998831,0.079469984263940502,323052.52611618978,PASS
299,EVENT-EMP,event_level,0.37080893358304179,0.098172718191262401,364173.22744066507,PASS
299,GEV,monthly_maxima,0.54278434177142298,0.1018680151189988,409860.73202723672,PASS_LMOM_FINITE_MEAN
299,KDE,monthly_maxima,0.44838196614925191,0.1032561493596687,384781.51276760426,PASS
299,EMP,monthly_maxima,0.37080893358304179,0.1032534406504259,364173.22744066507,PASS
300,TAIL,event_level,-0.094839191857808799,-0.034529016602743899,240467.74483175887,PASS
300,EVENT-EMP,event_level,-0.20244199370954419,-0.038519732327581803,211881.66060660011,PASS
300,GEV,monthly_maxima,-0.15378031797504821,-0.033073226897486402,224809.26785422899,PASS_LMOM_FINITE_MEAN
300,KDE,monthly_maxima,-0.1658055806994663,-0.033073226897486603,221614.60036273065,PASS
300,EMP,monthly_maxima,-0.20244199370954419,-0.033073226897486797,211881.66060660011,PASS
301,TAIL,event_level,0.15555142770760119,0.038791493936227002,306987.27050311619,PASS
301,EVENT-EMP,event_level,0.096811830761141193,0.0572797890929981,291382.33237169986,PASS
301,GEV,monthly_maxima,0.3980356957871557,0.033552771690768403,371406.3710405649,PASS_LMOM_FINITE_MEAN
301,KDE,monthly_maxima,0.16297420154689249,0.034015270081483702,308959.22694386629,PASS
301,EMP,monthly_maxima,0.096811830761141193,0.034014958716315297,291382.33237169986,PASS
302,TAIL,event_level,-0.087438881309472097,-0.0027485394674248002,242433.7336070193,PASS
302,EVENT-EMP,event_level,-0.2364539649258357,-0.0069814636837940997,202845.93795699609,PASS
302,GEV,monthly_maxima,-0.223240981769252,0.0028244186439596,206356.13883355079,PASS_LMOM_FINITE_MEAN
302,KDE,monthly_maxima,-0.20147544998584771,0.0028244186428644001,212138.43552154108,PASS
302,EMP,monthly_maxima,-0.2364539649258357,0.0028244186428644001,202845.93795699609,PASS
303,TAIL,event_level,-0.046828857218569803,-0.0061447210696488003,253222.31484348024,PASS
303,EVENT-EMP,event_level,-0.050987307329577,0.0066807546688624998,252117.56847002459,PASS
303,GEV,monthly_maxima,0.061830354879233697,-0.0124360551165588,282089.04819441208,PASS_LMOM_FINITE_MEAN
303,KDE,monthly_maxima,0.0021737841181166998,-0.012436047497786099,266240.50403929601,PASS
303,EMP,monthly_maxima,-0.050987307329577,-0.012436052439548701,252117.56847002459,PASS
304,TAIL,event_level,-0.1121308888723033,-0.043267045375245602,235873.98055475281,PASS
304,EVENT-EMP,event_level,-0.31179636145827622,-0.0407946302643915,182830.25011301905,PASS
304,GEV,monthly_maxima,-0.2467937294208106,-0.033578048381748597,200099.04499849369,PASS_LMOM_FINITE_MEAN
304,KDE,monthly_maxima,-0.26040593338506912,-0.0335780483820474,196482.78592051449,PASS
304,EMP,monthly_maxima,-0.31179636145827622,-0.0335780483820474,182830.25011301905,PASS
305,TAIL,event_level,-0.2903857278082102,-0.053992245218142498,188518.26349466067,PASS
305,EVENT-EMP,event_level,-0.34183651251497599,-0.050898855382877597,174849.69316222006,PASS
305,GEV,monthly_maxima,-0.30164859138007383,-0.0237801046302458,185526.13725685701,PASS_LMOM_FINITE_MEAN
305,KDE,monthly_maxima,-0.30155295542463328,-0.023780104636195599,185551.54419264427,PASS
305,EMP,monthly_maxima,-0.34183651251497599,-0.023780104636195599,174849.69316222006,PASS
306,TAIL,event_level,0.11532341822294689,0.049594202795763702,296300.17641681788,PASS
306,EVENT-EMP,event_level,-0.067742272050631103,0.041851234100307798,247666.39410966204,PASS
306,GEV,monthly_maxima,0.1074571994279805,0.038603764062956902,294210.4130543705,PASS_LMOM_FINITE_MEAN
306,KDE,monthly_maxima,-0.0132335781943779,0.038605213122574998,262147.33779108454,PASS
306,EMP,monthly_maxima,-0.067742272050631103,0.038605213105754203,247666.39410966204,PASS
307,TAIL,event_level,0.2400620000425874,0.095712437878097106,329438.60352707427,PASS
307,EVENT-EMP,event_level,-0.076040898670674401,0.084428460498384997,245461.75598285405,PASS
307,GEV,monthly_maxima,0.071363307060314296,0.072798156307961395,284621.60096509429,PASS_LMOM_FINITE_MEAN
307,KDE,monthly_maxima,-0.015670586182093001,0.072798156704221906,261499.91491365616,PASS
307,EMP,monthly_maxima,-0.076040898670674401,0.072798156459413094,245461.75598285405,PASS
308,TAIL,event_level,0.075409961227100294,0.0115356947372887,285696.64729150152,PASS
308,EVENT-EMP,event_level,-0.081703589211528704,0.017719127975740798,243957.38856903039,PASS
308,GEV,monthly_maxima,0.024716262741219699,0.013440024760247001,272229.20676333638,PASS_LMOM_FINITE_MEAN
308,KDE,monthly_maxima,-0.02763613763686,0.0134400301442527,258321.11049778468,PASS
308,EMP,monthly_maxima,-0.081703589211528704,0.013440024760246401,243957.38856903039,PASS
309,TAIL,event_level,-0.088674734539171796,-0.050557256604998199,242105.41311808999,PASS
309,EVENT-EMP,event_level,-0.31534967227810318,-0.052123548530541401,181886.26686513203,PASS
309,GEV,monthly_maxima,-0.250613326336112,-0.0362253700341729,199084.31938495988,PASS_LMOM_FINITE_MEAN
309,KDE,monthly_maxima,-0.25145477877597699,-0.036225370034149697,198860.77659700729,PASS
309,EMP,monthly_maxima,-0.31534967227810318,-0.036225370034149697,181886.26686513203,PASS
310,TAIL,event_level,-0.032227094621768398,-0.0032201015865932002,257101.4630463596,PASS
310,EVENT-EMP,event_level,-0.27570354723014268,-0.0084531587985084006,192418.77578050183,PASS
310,GEV,monthly_maxima,-0.26503173333504199,0.017785714092445299,195253.8819821128,PASS_LMOM_FINITE_MEAN
310,KDE,monthly_maxima,-0.21919485236392819,0.017785713829895002,207431.04575024845,PASS
310,EMP,monthly_maxima,-0.27570354723014268,0.017785713829895002,192418.77578050183,PASS
311,TAIL,event_level,-0.011656057156785801,-0.0045200640459536999,262566.42677828122,PASS
311,EVENT-EMP,event_level,-0.1668355415454737,-0.0096701343874349005,221340.97786419056,PASS
311,GEV,monthly_maxima,-0.13971740872234181,-0.016248391940401001,228545.26265576348,PASS_LMOM_FINITE_MEAN
311,KDE,monthly_maxima,-0.12591537122016891,-0.0162483919402895,232211.95348282531,PASS
311,EMP,monthly_maxima,-0.1668355415454737,-0.016248391940400699,221340.97786419056,PASS
312,TAIL,event_level,0.030823167228870199,-0.0055744883915937,273851.58539135312,PASS
312,EVENT-EMP,event_level,0.088291023440439598,0.0031253775254759999,289118.66905118944,PASS
312,GEV,monthly_maxima,0.29445126047610187,0.005470686771233,343887.81816591654,PASS_LMOM_FINITE_MEAN
312,KDE,monthly_maxima,0.15053821107036719,0.005609479730251,305655.4442814496,PASS
312,EMP,monthly_maxima,0.088291023440439598,0.0056093530911594004,289118.66905118944,PASS
313,TAIL,event_level,-0.24935278956513859,-0.030092202975765099,199419.19737776159,PASS
313,EVENT-EMP,event_level,-0.31820079848304611,-0.026160087418291601,181128.82809561599,PASS
313,GEV,monthly_maxima,-0.26129221400878699,-0.0080651119325395003,196247.33394230643,PASS_LMOM_FINITE_MEAN
313,KDE,monthly_maxima,-0.2774405586029699,-0.0080651119334290994,191957.31611077959,PASS
313,EMP,monthly_maxima,-0.31820079848304611,-0.0080651119334293007,181128.82809561599,PASS
314,TAIL,event_level,0.12525519353722489,0.033997388414678399,298938.68174152588,PASS
314,EVENT-EMP,event_level,-0.045492166916282203,0.041308864894645601,253577.42401263359,PASS
314,GEV,monthly_maxima,0.1025756507384626,0.038839788587453898,292913.5661360157,PASS_LMOM_FINITE_MEAN
314,KDE,monthly_maxima,0.0096051555831208005,0.0388397923898239,268214.7445511719,PASS
314,EMP,monthly_maxima,-0.045492166916282203,0.038839791189426001,253577.42401263359,PASS
315,TAIL,event_level,0.17482454128751229,0.0421917802357544,312107.42386896932,PASS
315,EVENT-EMP,event_level,0.041333941709717603,0.049303619154309197,276643.90937744372,PASS
315,GEV,monthly_maxima,0.15360687738001261,0.073585372710120098,306470.6754099782,PASS_LMOM_FINITE_MEAN
315,KDE,monthly_maxima,0.1025558842274011,0.073585727431879799,292908.31490518973,PASS
315,EMP,monthly_maxima,0.041333941709717603,0.073585372722971401,276643.90937744372,PASS
316,TAIL,event_level,0.1184237402408865,0.016981063115187,297123.81729609583,PASS
316,EVENT-EMP,event_level,-0.1347971620883143,0.014825076059669101,229852.39018653784,PASS
316,GEV,monthly_maxima,-0.028867993584716801,0.019822444703632799,257993.85193878159,PASS_LMOM_FINITE_MEAN
316,KDE,monthly_maxima,-0.087613214153204999,0.019822444704424999,242387.41981901007,PASS
316,EMP,monthly_maxima,-0.1347971620883143,0.019822444703633001,229852.39018653784,PASS
317,TAIL,event_level,0.0218895364612803,0.0083273687110348993,271478.25015134073,PASS
317,EVENT-EMP,event_level,-0.1365854744910189,0.0020104966447910002,229377.30173080185,PASS
317,GEV,monthly_maxima,-0.011883419558857701,0.029903174938501101,262506.02499818429,PASS_LMOM_FINITE_MEAN
317,KDE,monthly_maxima,-0.092803622774528902,0.029903620026090701,241008.52024150096,PASS
317,EMP,monthly_maxima,-0.1365854744910189,0.029903620026090899,229377.30173080185,PASS
318,TAIL,event_level,-0.094151753138535799,-0.022223816057640899,240650.37187111651,PASS
318,EVENT-EMP,event_level,-0.13583326727692249,-0.0284680757740895,229577.13536344795,PASS
318,GEV,monthly_maxima,-0.1184879498592239,-0.0338239623823407,234185.14459816704,PASS_LMOM_FINITE_MEAN
318,KDE,monthly_maxima,-0.096078929938075999,-0.033823962382300302,240138.39228173441,PASS
318,EMP,monthly_maxima,-0.13583326727692249,-0.033823962382335003,229577.13536344795,PASS
319,TAIL,event_level,-0.118955517027033,-0.0077043053590300998,234060.92929698623,PASS
319,EVENT-EMP,event_level,-0.22383830079350239,-0.0054662303636321997,206197.45326363377,PASS
319,GEV,monthly_maxima,-0.2302777267110844,0.0166558527867165,204486.73599164945,PASS_LMOM_FINITE_MEAN
319,KDE,monthly_maxima,-0.18683830759526929,0.016655853153725201,216026.98282692864,PASS
319,EMP,monthly_maxima,-0.22383830079350239,0.016655853153725201,206197.45326363377,PASS
320,TAIL,event_level,0.090399677397506303,0.025184128019041001,289678.86040848773,PASS
320,EVENT-EMP,event_level,-0.15891169303390379,0.020829806794476199,223446.05131061663,PASS
320,GEV,monthly_maxima,-0.054359868294617197,0.0452696325936588,251221.60377261863,PASS_LMOM_FINITE_MEAN
320,KDE,monthly_maxima,-0.085877552608627894,0.0452696325949805,242848.52088929649,PASS
320,EMP,monthly_maxima,-0.15891169303390379,0.045269632593659202,223446.05131061663,PASS
321,TAIL,event_level,-0.080630888483212301,-0.026755612260642801,244242.36547335205,PASS
321,EVENT-EMP,event_level,-0.23709302263728291,-0.031664813212841203,202676.16396180459,PASS
321,GEV,monthly_maxima,-0.073562272377069096,-0.024292843368932102,246120.23530469663,PASS_LMOM_FINITE_MEAN
321,KDE,monthly_maxima,-0.19271766398699999,-0.024292648549551099,214465.05531099532,PASS
321,EMP,monthly_maxima,-0.23709302263728291,-0.0242926485495513,202676.16396180459,PASS
322,TAIL,event_level,0.043340182974800898,0.065591487455770703,277176.89347072673,PASS
322,EVENT-EMP,event_level,0.085873374422434201,0.064184044906192506,288476.38913592475,PASS
322,GEV,monthly_maxima,0.065738941555111702,0.047547741338391701,283127.41509560053,PASS_LMOM_FINITE_MEAN
322,KDE,monthly_maxima,0.13920293197599001,0.047547759221810301,302644.07991796371,PASS
322,EMP,monthly_maxima,0.085873374422434201,0.047547758328541599,288476.38913592475,PASS
323,TAIL,event_level,-0.13420296918705291,-0.032811749237103602,230010.245261212,PASS
323,EVENT-EMP,event_level,-0.25590437687996748,-0.031209993231994301,197678.68297137809,PASS
323,GEV,monthly_maxima,-0.12430547004906969,-0.037928410533619998,232639.644673754,PASS_LMOM_FINITE_MEAN
323,KDE,monthly_maxima,-0.20950835148042429,-0.037928410532794402,210004.39073139915,PASS
323,EMP,monthly_maxima,-0.25590437687996748,-0.0379284105327942,197678.68297137809,PASS
324,TAIL,event_level,-0.097895631773340999,-0.031158480250380802,239655.76180389192,PASS
324,EVENT-EMP,event_level,-0.20307498666238091,-0.034155831069253399,211713.49779343608,PASS
324,GEV,monthly_maxima,-0.1041689901939824,-0.020999347888041,237989.16252300923,PASS_LMOM_FINITE_MEAN
324,KDE,monthly_maxima,-0.16245572291015381,-0.020999347887699998,222504.53366613603,PASS
324,EMP,monthly_maxima,-0.20307498666238091,-0.020999347887699998,211713.49779343608,PASS
325,TAIL,event_level,-0.2200425813895584,-0.068189050726040895,207205.8355056289,PASS
325,EVENT-EMP,event_level,-0.20483649564089099,-0.0565704235976668,211245.53001605009,PASS
325,GEV,monthly_maxima,-0.13706735405897111,-0.060717806184367597,229249.28415431859,PASS_LMOM_FINITE_MEAN
325,KDE,monthly_maxima,-0.16713224331402521,-0.060717806183535901,221262.15517928268,PASS
325,EMP,monthly_maxima,-0.20483649564089099,-0.060717806183537497,211245.53001605009,PASS
326,TAIL,event_level,-0.069914223010833498,-0.029825765586098899,247089.38707998628,PASS
326,EVENT-EMP,event_level,-0.18441967743812071,-0.017225007350628499,216669.52339457133,PASS
326,GEV,monthly_maxima,-0.022481163344922599,0.011802240818779701,259690.59648469137,PASS_LMOM_FINITE_MEAN
326,KDE,monthly_maxima,-0.13033526943898119,0.0118022410601608,231037.75001808943,PASS
326,EMP,monthly_maxima,-0.18441967743812071,0.0118022410601492,216669.52339457133,PASS
327,TAIL,event_level,-0.0156018763847314,-0.011997598557137499,261518.16856524025,PASS
327,EVENT-EMP,event_level,-0.20091681645961401,-0.023523243749095101,212286.84378561136,PASS
327,GEV,monthly_maxima,-0.101994536551698,-0.026740405964830499,238566.83442274001,PASS_LMOM_FINITE_MEAN
327,KDE,monthly_maxima,-0.14815814996934129,-0.026740405950342501,226302.86992939221,PASS
327,EMP,monthly_maxima,-0.20091681645961401,-0.0267404059503441,212286.84378561136,PASS
328,TAIL,event_level,-0.1607657779184935,-0.038209196855297597,222953.48953936732,PASS
328,EVENT-EMP,event_level,-0.27738296532315138,-0.037046664990875,191972.61651485239,PASS
328,GEV,monthly_maxima,-0.13317898956886901,-0.038241466824958499,230282.2787687649,PASS_LMOM_FINITE_MEAN
328,KDE,monthly_maxima,-0.22012712006445209,-0.038241466799296103,207183.37670679463,PASS
328,EMP,monthly_maxima,-0.27738296532315138,-0.038241466799296298,191972.61651485239,PASS
329,TAIL,event_level,0.045402303580306697,0.034590069135505497,277724.72263778362,PASS
329,EVENT-EMP,event_level,-0.056357422177255402,0.039012465022188303,250690.92759550505,PASS
329,GEV,monthly_maxima,0.0526748350082408,0.0170482978581105,279656.7652273018,PASS_LMOM_FINITE_MEAN
329,KDE,monthly_maxima,-0.0066105212002312,0.017048303871641999,263906.83904759993,PASS
329,EMP,monthly_maxima,-0.056357422177255402,0.017048303451431299,250690.92759550505,PASS
330,TAIL,event_level,0.2099835420897814,0.051572728350481503,321447.86985095171,PASS
330,EVENT-EMP,event_level,-0.093447812322909399,0.047470509974822099,240837.38290706289,PASS
330,GEV,monthly_maxima,0.0322779113233733,0.032715328436361997,274238.05708628928,PASS_LMOM_FINITE_MEAN
330,KDE,monthly_maxima,-0.041520241093532001,0.032715331659526503,254632.61778223145,PASS
330,EMP,monthly_maxima,-0.093447812322909399,0.032715331604863701,240837.38290706289,PASS
331,TAIL,event_level,0.084982129376895796,0.0147018224342909,288239.61829447286,PASS
331,EVENT-EMP,event_level,-0.044979784811415499,0.0160631059127882,253713.54498488639,PASS
331,GEV,monthly_maxima,0.034631357343326202,0.013446676071269301,274863.28063983982,PASS_LMOM_FINITE_MEAN
331,KDE,monthly_maxima,0.0066555752609051,0.0134466770359996,267431.15016451362,PASS
331,EMP,monthly_maxima,-0.044979784811415499,0.013446676075533201,253713.54498488639,PASS
332,TAIL,event_level,-0.062908468767715303,-0.021695193717450101,248950.55683958496,PASS
332,EVENT-EMP,event_level,-0.023135185655404199,-0.0223087872973332,259516.84694907689,PASS
332,GEV,monthly_maxima,0.042157882366510101,-0.043053640367519803,276862.79993239464,PASS_LMOM_FINITE_MEAN
332,KDE,monthly_maxima,0.025975706160847899,-0.043049433697348601,272563.79429312883,PASS
332,EMP,monthly_maxima,-0.023135185655404199,-0.043049433991586797,259516.84694907689,PASS
333,TAIL,event_level,0.084175361436909693,0.0142717943443943,288025.28989515873,PASS
333,EVENT-EMP,event_level,0.1165445755025398,0.0080036532496349996,296624.59273540694,PASS
333,GEV,monthly_maxima,0.21522369421386739,-0.00041388449655449999,322839.98443713289,PASS_LMOM_FINITE_MEAN
333,KDE,monthly_maxima,0.17534542795262231,-0.00029285037762820002,312245.80418829515,PASS
333,EMP,monthly_maxima,0.1165445755025398,-0.00029288791491470002,296624.59273540694,PASS
334,TAIL,event_level,-0.12468964207647019,-0.018340621967119702,232537.58437659408,PASS
334,EVENT-EMP,event_level,-0.2665199649824867,-0.020888373656629499,194858.51388306441,PASS
334,GEV,monthly_maxima,-0.192134970583176,-0.015794722815854399,214619.85539456669,PASS_LMOM_FINITE_MEAN
334,KDE,monthly_maxima,-0.2111175376316192,-0.015794722817469398,209576.88949481049,PASS
334,EMP,monthly_maxima,-0.2665199649824867,-0.015794722817469201,194858.51388306441,PASS
335,TAIL,event_level,-0.15876905022459539,-0.018776124179917301,223483.94622869344,PASS
335,EVENT-EMP,event_level,-0.28130232715114323,-0.017063183155607502,190931.38705431999,PASS
335,GEV,monthly_maxima,-0.1687517966237993,0.0010443021040613999,220831.89977214069,PASS_LMOM_FINITE_MEAN
335,KDE,monthly_maxima,-0.21376647046769079,0.0010443021040612,208873.16602427239,PASS
335,EMP,monthly_maxima,-0.28130232715114323,0.001044302104061,190931.38705431999,PASS
336,TAIL,event_level,-0.1421611041642582,-0.0042825331618768,227896.06316912267,PASS
336,EVENT-EMP,event_level,-0.2341645493477725,0.00052820310377909999,203454.15099062209,PASS
336,GEV,monthly_maxima,-0.086997666315905595,0.017488507740115001,242550.94811027049,PASS_LMOM_FINITE_MEAN
336,KDE,monthly_maxima,-0.1779222606279918,0.0174885077402267,218395.64670162267,PASS
336,EMP,monthly_maxima,-0.2341645493477725,0.017488507740226901,203454.15099062209,PASS
337,TAIL,event_level,-0.13666243025775321,-0.040958322585482002,229356.85743017372,PASS
337,EVENT-EMP,event_level,-0.11201553266861369,-0.040330643570583503,235904.626431048,PASS
337,GEV,monthly_maxima,-0.044850885529556503,-0.054612073698387102,253747.78875609289,PASS_LMOM_FINITE_MEAN
337,KDE,monthly_maxima,-0.072137746855984702,-0.054604344108858199,246498.67904246025,PASS
337,EMP,monthly_maxima,-0.11201553266861369,-0.054604344108859802,235904.626431048,PASS
338,TAIL,event_level,-0.1580982317095771,-0.061396579899186197,223662.15789456188,PASS
338,EVENT-EMP,event_level,-0.23763977835474079,-0.058564459859771101,202530.91119216601,PASS
338,GEV,monthly_maxima,-0.15071507563572081,-0.054975276351045599,225623.58936049679,PASS_LMOM_FINITE_MEAN
338,KDE,monthly_maxima,-0.18261771543736399,-0.054975276244913003,217148.23804361129,PASS
338,EMP,monthly_maxima,-0.23763977835474079,-0.054975276244913003,202530.91119216601,PASS
339,TAIL,event_level,-0.1297783551316099,-0.018819125112114098,231185.70154930188,PASS
339,EVENT-EMP,event_level,-0.25939781397723072,-0.017742616042310502,196750.60595684769,PASS
339,GEV,monthly_maxima,-0.096000041561926805,-0.0145699289807365,240159.3500051967,PASS_LMOM_FINITE_MEAN
339,KDE,monthly_maxima,-0.19647705652429581,-0.0145699289807331,213466.32377373811,PASS
339,EMP,monthly_maxima,-0.25939781397723072,-0.014569928980736099,196750.60595684769,PASS
340,TAIL,event_level,-0.0078361994901407998,0.00032696781250530002,263581.22166380187,PASS
340,EVENT-EMP,event_level,-0.19221671077026159,0.0033355943816702999,214598.14005042697,PASS
340,GEV,monthly_maxima,-0.031323418071476497,0.0098186843541367991,257341.53647878321,PASS_LMOM_FINITE_MEAN
340,KDE,monthly_maxima,-0.1227286929952728,0.0098186843546227004,233058.53601197619,PASS
340,EMP,monthly_maxima,-0.19221671077026159,0.0098186843544063995,214598.14005042697,PASS
341,TAIL,event_level,0.31514690067366619,0.060762530444232202,349385.88423483103,PASS
341,EVENT-EMP,event_level,0.11709848482759699,0.058149953684467098,296771.7459539728,PASS
341,GEV,monthly_maxima,0.36568720321167097,0.084571112839328499,362812.57313376048,PASS_LMOM_FINITE_MEAN
341,KDE,monthly_maxima,0.1882582366073875,0.084591065087522094,315676.25980316929,PASS
341,EMP,monthly_maxima,0.11709848482759699,0.084589879631689097,296771.7459539728,PASS
342,TAIL,event_level,-0.2431453028977264,-0.054585776087182798,201068.29697040693,PASS
342,EVENT-EMP,event_level,-0.32955493956377979,-0.048593447466057198,178112.45280005995,PASS
342,GEV,monthly_maxima,-0.2558702415051517,-0.052691405199976102,197687.75147779932,PASS_LMOM_FINITE_MEAN
342,KDE,monthly_maxima,-0.27647427249017231,-0.0526914051999871,192214.02258803367,PASS
342,EMP,monthly_maxima,-0.32955493956377979,-0.052691405199986899,178112.45280005995,PASS
343,TAIL,event_level,0.0031255490383975998,-0.0091427875093412995,266493.35277283727,PASS
343,EVENT-EMP,event_level,-0.1055934287823475,0.0073920916166920004,237610.74188005351,PASS
343,GEV,monthly_maxima,0.18619039616134139,-0.0080113027211259,315126.91108605772,PASS_LMOM_FINITE_MEAN
343,KDE,monthly_maxima,-0.029273275933807699,-0.0079646472432840995,257886.18341001921,PASS
343,EMP,monthly_maxima,-0.1055934287823475,-0.0079646487322722996,237610.74188005351,PASS
344,TAIL,event_level,-0.092453020273034897,-0.020872043592116401,241101.662357364,PASS
344,EVENT-EMP,event_level,-0.17861961096241841,-0.015225688070712401,218210.38651274925,PASS
344,GEV,monthly_maxima,-0.053647873180250598,-0.017115834007812799,251410.75453781185,PASS_LMOM_FINITE_MEAN
344,KDE,monthly_maxima,-0.1157545127243889,-0.017115833980775499,234911.31773507319,PASS
344,EMP,monthly_maxima,-0.17861961096241841,-0.017115833984104899,218210.38651274925,PASS
345,TAIL,event_level,-0.16909609716822099,-0.037417955862118997,220740.43185316244,PASS
345,EVENT-EMP,event_level,-0.2572616439813048,-0.0307926403415026,197318.10730785283,PASS
345,GEV,monthly_maxima,-0.081832783729852004,-0.017740747373988001,243923.06636441621,PASS_LMOM_FINITE_MEAN
345,KDE,monthly_maxima,-0.1885583449288433,-0.0177407473677198,215570.03253156631,PASS
345,EMP,monthly_maxima,-0.2572616439813048,-0.017740747367720001,197318.10730785283,PASS
346,TAIL,event_level,-0.1104180998660749,0.0038471959502746002,236329.00523765496,PASS
346,EVENT-EMP,event_level,-0.25453673308881858,0.0021150444406623,198042.01533755256,PASS
346,GEV,monthly_maxima,-0.2337905489864846,0.033128447925517598,203553.5090523457,PASS_LMOM_FINITE_MEAN
346,KDE,monthly_maxima,-0.22493173632801949,0.033128447927917401,205906.96788828491,PASS
346,EMP,monthly_maxima,-0.25453673308881858,0.033128447927917401,198042.01533755256,PASS
347,TAIL,event_level,-0.16213178608760281,-0.0304826710282954,222590.5916974672,PASS
347,EVENT-EMP,event_level,-0.24022945088312389,-0.033588433996063302,201842.93099334239,PASS
347,GEV,monthly_maxima,-0.15277948423522761,-0.021578107400537401,225075.15235806667,PASS_LMOM_FINITE_MEAN
347,KDE,monthly_maxima,-0.18537086483154699,-0.021578107400536999,216416.82808855263,PASS
347,EMP,monthly_maxima,-0.24022945088312389,-0.021578107400536801,201842.93099334239,PASS
348,TAIL,event_level,0.0888611660677225,0.052368120380207897,289270.13485768693,PASS
348,EVENT-EMP,event_level,-0.076706617529306895,0.053043729920149503,245284.89910705105,PASS
348,GEV,monthly_maxima,0.025147098290598999,0.070025485053300196,272343.66383220267,PASS_LMOM_FINITE_MEAN
348,KDE,monthly_maxima,-0.022183836346375,0.070025485344897095,259769.585270082,PASS
348,EMP,monthly_maxima,-0.076706617529306895,0.070025485053302097,245284.89910705105,PASS
349,TAIL,event_level,-0.1401046170422548,-0.046312520396427498,228442.39572799549,PASS
349,EVENT-EMP,event_level,-0.25963954090841279,-0.048114467869876498,196686.38805271004,PASS
349,GEV,monthly_maxima,-0.1220476311332299,-0.049664742907321001,233239.46895624773,PASS_LMOM_FINITE_MEAN
349,KDE,monthly_maxima,-0.2014861978766167,-0.049664739609887501,212135.58020452809,PASS
349,EMP,monthly_maxima,-0.25963954090841279,-0.049664739609887501,196686.38805271004,PASS
350,TAIL,event_level,0.30452164598731818,0.071009337260206404,346563.14709276089,PASS
350,EVENT-EMP,event_level,0.35767231147406719,0.077028181932099801,360683.31286986551,PASS
350,GEV,monthly_maxima,0.43745917602798901,0.090138257688914994,381879.7314663108,PASS_LMOM_FINITE_MEAN
350,KDE,monthly_maxima,0.4341901099308535,0.090330016150338893,381011.26152703271,PASS
350,EMP,monthly_maxima,0.35767231147406719,0.090325570376492595,360683.31286986551,PASS
351,TAIL,event_level,0.1146244615824102,0.019169314028530299,296114.48949182825,PASS
351,EVENT-EMP,event_level,-0.1025660373175776,0.014788524617334001,238415.00780905489,PASS
351,GEV,monthly_maxima,0.057494647121848902,0.0150679004686441,280937.21102107293,PASS_LMOM_FINITE_MEAN
351,KDE,monthly_maxima,-0.050377365415208798,0.015067988684112601,252279.60747492529,PASS
351,EMP,monthly_maxima,-0.1025660373175776,0.015067988643795801,238415.00780905489,PASS
352,TAIL,event_level,0.1269041295314115,0.033944698349712497,299376.74304105097,PASS
352,EVENT-EMP,event_level,-0.064954024324566095,0.038776114077746601,248407.12839321463,PASS
352,GEV,monthly_maxima,0.010097718725834899,0.045599588943549499,268345.60035828402,PASS_LMOM_FINITE_MEAN
352,KDE,monthly_maxima,-0.0050844827296176003,0.0455995918681203,264312.2510210902,PASS
352,EMP,monthly_maxima,-0.064954024324566095,0.045599588943548798,248407.12839321463,PASS
353,TAIL,event_level,-0.0979708702221746,-0.020252994944519698,239635.77373110648,PASS
353,EVENT-EMP,event_level,-0.15637137326733699,-0.013514097908011301,224120.92030618401,PASS
353,GEV,monthly_maxima,-0.099466638354781797,-0.0036900440787159998,239238.40346672497,PASS_LMOM_FINITE_MEAN
353,KDE,monthly_maxima,-0.1140711240368059,-0.0036900440786161001,235358.53184082889,PASS
353,EMP,monthly_maxima,-0.15637137326733699,-0.0036900440787169999,224120.92030618401,PASS
354,TAIL,event_level,-0.17342609353653371,-0.045513963828604599,219590.1119846355,PASS
354,EVENT-EMP,event_level,-0.2467646701403812,-0.0455732648917027,200106.76497440119,PASS
354,GEV,monthly_maxima,-0.17638032225955211,-0.037503548435840202,218805.28268982819,PASS_LMOM_FINITE_MEAN
354,KDE,monthly_maxima,-0.21435143118538411,-0.037503548435839799,208717.76359927392,PASS
354,EMP,monthly_maxima,-0.2467646701403812,-0.037503548435839799,200106.76497440119,PASS
355,TAIL,event_level,0.13331417163580131,0.043951875299612801,301079.65412077715,PASS
355,EVENT-EMP,event_level,0.018758476642006298,0.043249373247603203,270646.44337523927,PASS
355,GEV,monthly_maxima,0.3040131109682766,0.052876784201685602,346428.04814890813,PASS_LMOM_FINITE_MEAN
355,KDE,monthly_maxima,0.098131761638109494,0.052919363453720898,291732.98918147694,PASS
355,EMP,monthly_maxima,0.018758476642006298,0.052918989101501002,270646.44337523927,PASS
356,TAIL,event_level,-0.075423551647507706,-0.029273418796707699,245625.76225124759,PASS
356,EVENT-EMP,event_level,-0.13303007795575791,-0.029540049690069299,230321.83907612905,PASS
356,GEV,monthly_maxima,-0.038958694157665903,-0.0075128910381810996,255313.1260514888,PASS_LMOM_FINITE_MEAN
356,KDE,monthly_maxima,-0.084469266174125104,-0.0075128523994981997,243222.65050243901,PASS
356,EMP,monthly_maxima,-0.13303007795575791,-0.0075128523995011002,230321.83907612905,PASS
357,TAIL,event_level,-0.16809817095306381,-0.035775190128234803,221005.54393524639,PASS
357,EVENT-EMP,event_level,-0.28243632340109542,-0.033987691968141699,190630.12619722064,PASS
357,GEV,monthly_maxima,-0.23925983803297801,-0.0137887282968775,202100.52126165392,PASS_LMOM_FINITE_MEAN
357,KDE,monthly_maxima,-0.2460177925514454,-0.0137887282966704,200305.18272278496,PASS
357,EMP,monthly_maxima,-0.28243632340109542,-0.0137887282966706,190630.12619722064,PASS
358,TAIL,event_level,0.1035463644859531,0.055474234602083998,293171.44887202955,PASS
358,EVENT-EMP,event_level,-0.20302639722755411,0.029886921840385799,211726.40620894672,PASS
358,GEV,monthly_maxima,-0.096708420573457798,0.030043335437988102,239971.15990476729,PASS_LMOM_FINITE_MEAN
358,KDE,monthly_maxima,-0.151039309495895,0.030043335437988299,225537.45241725651,PASS
358,EMP,monthly_maxima,-0.20302639722755411,0.030043335437988299,211726.40620894672,PASS
359,TAIL,event_level,-0.023271854042125902,0.00091331764088119997,259480.53921408759,PASS
359,EVENT-EMP,event_level,-0.1217747635079086,0.0022075240269377999,233311.95979092416,PASS
359,GEV,monthly_maxima,-0.040204174200011003,0.0088593424902399,254982.24807453528,PASS_LMOM_FINITE_MEAN
359,KDE,monthly_maxima,-0.0743231859135699,0.0088593426297561007,245918.08872423449,PASS
359,EMP,monthly_maxima,-0.1217747635079086,0.0088593424902417006,233311.95979092416,PASS
360,TAIL,event_level,0.067387130594600497,0.031871276230687501,283565.27795689227,PASS
360,EVENT-EMP,event_level,-0.081581249710831,0.035383110011982001,243989.88964902857,PASS
360,GEV,monthly_maxima,0.069549525042864893,0.041349364049516502,284139.74617484142,PASS_LMOM_FINITE_MEAN
360,KDE,monthly_maxima,-0.0279681652207837,0.041349364347563797,258232.90305043399,PASS
360,EMP,monthly_maxima,-0.081581249710831,0.041349364111745002,243989.88964902857,PASS
361,TAIL,event_level,-0.12566985468791619,-0.0129047990912774,232277.17814379017,PASS
361,EVENT-EMP,event_level,-0.1419606343429628,-0.0099003245841267004,227949.32058526363,PASS
361,GEV,monthly_maxima,-0.013596849156332301,0.013854876405420101,262050.83013388343,PASS_LMOM_FINITE_MEAN
361,KDE,monthly_maxima,-0.096123512138837103,0.013854896020572599,240126.54844008732,PASS
361,EMP,monthly_maxima,-0.1419606343429628,0.0138548960204842,227949.32058526363,PASS
362,TAIL,event_level,-0.20833400110317249,-0.076153563140629599,210316.3721874232,PASS
362,EVENT-EMP,event_level,-0.3167919767307793,-0.078948332282824801,181503.09992288705,PASS
362,GEV,monthly_maxima,-0.20004468996907271,-0.065258483955697194,212518.53553419569,PASS_LMOM_FINITE_MEAN
362,KDE,monthly_maxima,-0.26934479857771271,-0.065258483955429603,194108.06008738669,PASS
362,EMP,monthly_maxima,-0.3167919767307793,-0.065258483955429603,181503.09992288705,PASS
363,TAIL,event_level,-0.058871179938021101,-0.021720044059114599,250023.11514235067,PASS
363,EVENT-EMP,event_level,-0.33189602119413969,-0.033755113975309198,177490.51400746556,PASS
363,GEV,monthly_maxima,-0.30988804447513679,-0.056044597828750001,183337.21934680804,PASS_LMOM_FINITE_MEAN
363,KDE,monthly_maxima,-0.28334173898601778,-0.056044598035319901,190389.59076762252,PASS
363,EMP,monthly_maxima,-0.33189602119413969,-0.056044598035320102,177490.51400746556,PASS
364,TAIL,event_level,0.30812947333803697,0.028572353833068099,347521.61336633976,PASS
364,EVENT-EMP,event_level,0.00027830067941230001,0.0098353851329059001,265736.94420355069,PASS
364,GEV,monthly_maxima,0.2335975856233711,0.0122826901412113,327721.24773453025,PASS_LMOM_FINITE_MEAN
364,KDE,monthly_maxima,0.064001778243860802,0.0123546956132545,282665.91506145924,PASS
364,EMP,monthly_maxima,0.00027830067941230001,0.0123546888903588,265736.94420355069,PASS
365,TAIL,event_level,-0.14113432664490119,-0.032395594787868097,228168.83997552289,PASS
365,EVENT-EMP,event_level,-0.049874866023193402,-0.030621358221827301,252413.10297593492,PASS
365,GEV,monthly_maxima,0.0128272483496586,-0.025533930547272599,269070.73541405331,PASS_LMOM_FINITE_MEAN
365,KDE,monthly_maxima,-0.0040488273692663003,-0.025533111419213699,264587.38634145138,PASS
365,EMP,monthly_maxima,-0.049874866023193402,-0.0255331114225275,252413.10297593492,PASS
366,TAIL,event_level,-0.0004021209009789,-0.0043704953954963998,265556.18135842995,PASS
366,EVENT-EMP,event_level,-0.15428603426402351,-0.0132098013151105,224674.91774269004,PASS
366,GEV,monthly_maxima,-0.030085387054173199,-0.023356644941760901,257670.43552532245,PASS_LMOM_FINITE_MEAN
366,KDE,monthly_maxima,-0.1033738242903636,-0.023356638987325099,238200.40869041983,PASS
366,EMP,monthly_maxima,-0.15428603426402351,-0.023356638987658499,224674.91774269004,PASS
367,TAIL,event_level,-0.027586182779083899,-0.019798447030564999,258334.38165566599,PASS
367,EVENT-EMP,event_level,-0.15420033809200481,-0.0130505404808854,224697.68404569465,PASS
367,GEV,monthly_maxima,-0.11918088579991371,0.00058331341226510001,234001.05715042108,PASS_LMOM_FINITE_MEAN
367,KDE,monthly_maxima,-0.111272763100998,0.00058331341362729996,236101.95283012264,PASS
367,EMP,monthly_maxima,-0.15420033809200481,0.00058331341226500004,224697.68404569465,PASS
368,TAIL,event_level,-0.0400758752969076,-0.033648435612552402,255016.3323473144,PASS
368,EVENT-EMP,event_level,-0.21929494377374981,-0.037111086354293998,207404.45516503937,PASS
368,GEV,monthly_maxima,-0.083018472098422794,-0.0157649921962126,243608.07282349089,PASS_LMOM_FINITE_MEAN
368,KDE,monthly_maxima,-0.15660342075848049,-0.015764992195845901,224059.27387122216,PASS
368,EMP,monthly_maxima,-0.21929494377374981,-0.015764992196212399,207404.45516503937,PASS
369,TAIL,event_level,-0.18392720786916081,-0.038408330696531601,216800.35434259824,PASS
369,EVENT-EMP,event_level,-0.092211591231593795,-0.034398404944127998,241165.8011232164,PASS
369,GEV,monthly_maxima,-0.045220440318400099,-0.032832439989738102,253649.61171852605,PASS_LMOM_FINITE_MEAN
369,KDE,monthly_maxima,-0.051203012988883898,-0.0328321229978287,252060.26345529748,PASS
369,EMP,monthly_maxima,-0.092211591231593795,-0.032832122997832197,241165.8011232164,PASS
370,TAIL,event_level,-0.15179626378156511,-0.0200811427052985,225336.35766328743,PASS
370,EVENT-EMP,event_level,-0.2793348548443596,-0.0202059847028776,191454.0716694463,PASS
370,GEV,monthly_maxima,-0.19496482700074191,-0.0110480961338846,213868.06722078743,PASS_LMOM_FINITE_MEAN
370,KDE,monthly_maxima,-0.23590012139705729,-0.011048096133877,202993.07369592445,PASS
370,EMP,monthly_maxima,-0.2793348548443596,-0.011048096133877,191454.0716694463,PASS
371,TAIL,event_level,-0.1206318359689755,-0.056264067828498701,233615.59336113743,PASS
371,EVENT-EMP,event_level,-0.093032288581078496,-0.054372173301917397,240947.7721950472,PASS
371,GEV,monthly_maxima,-0.014295300316144101,-0.045257322345116903,261865.27749642479,PASS_LMOM_FINITE_MEAN
371,KDE,monthly_maxima,-0.051388462505152603,-0.0452432554717336,252010.99637860112,PASS
371,EMP,monthly_maxima,-0.093032288581078496,-0.0452432554717511,240947.7721950472,PASS
372,TAIL,event_level,0.038507968742730499,0.024487359109584699,275893.15289283445,PASS
372,EVENT-EMP,event_level,-0.2793596986036001,0.0070418269784244996,191447.47160158656,PASS
372,GEV,monthly_maxima,-0.23964834112926689,0.00085141603258480001,201997.31035969665,PASS_LMOM_FINITE_MEAN
372,KDE,monthly_maxima,-0.2301637706074787,0.00085141601888899998,204517.00991314207,PASS
372,EMP,monthly_maxima,-0.2793596986036001,0.00085141601888899998,191447.47160158656,PASS
373,TAIL,event_level,0.80609915855930314,0.1401222362218971,479813.73883464432,PASS
373,EVENT-EMP,event_level,-0.0232067877447047,0.1087291847837259,259497.82492251048,PASS
373,GEV,monthly_maxima,0.18103173465849881,0.13460054423222401,313756.44554360339,PASS_LMOM_FINITE_MEAN
373,KDE,monthly_maxima,0.074295573112884095,0.13460140342259491,285400.59559076239,PASS
373,EMP,monthly_maxima,-0.0232067877447047,0.1346005442322287,259497.82492251048,PASS
374,TAIL,event_level,0.1231048289408453,0.0378816496030921,298367.40941023838,PASS
374,EVENT-EMP,event_level,0.012570667744863999,0.050220326626331802,269002.57143827406,PASS
374,GEV,monthly_maxima,0.24522832176112161,0.080774734508834198,330811.10410548653,PASS_LMOM_FINITE_MEAN
374,KDE,monthly_maxima,0.092371879215230907,0.080780522484577899,290202.80147972645,PASS
374,EMP,monthly_maxima,0.012570667744863999,0.080780512284742895,269002.57143827406,PASS
375,TAIL,event_level,0.097455665083368503,0.069989811454207504,291553.37533568882,PASS
375,EVENT-EMP,event_level,-0.21479347256862,0.067181223504014606,208600.32955485565,PASS
375,GEV,monthly_maxima,-0.1223462912649311,0.064654983805155303,233160.12600669081,PASS_LMOM_FINITE_MEAN
375,KDE,monthly_maxima,-0.1334696023535413,0.064654983744043201,230205.07370164225,PASS
375,EMP,monthly_maxima,-0.21479347256862,0.0646549837247129,208600.32955485565,PASS
376,TAIL,event_level,-0.121839869212055,-0.037482938738948798,233294.66361359195,PASS
376,EVENT-EMP,event_level,-0.24134878625914699,-0.042121860560172801,201545.56498814031,PASS
376,GEV,monthly_maxima,-0.1283467429178346,-0.030525092602111,231566.02795917675,PASS_LMOM_FINITE_MEAN
376,KDE,monthly_maxima,-0.18933092911991231,-0.030525092602108402,215364.78548988281,PASS
376,EMP,monthly_maxima,-0.24134878625914699,-0.030525092602108599,201545.56498814031,PASS
377,TAIL,event_level,-0.1219334534611646,0.0016722882805153001,233269.80174028425,PASS
377,EVENT-EMP,event_level,-0.031236131780158799,-0.0025906587448417998,257364.725217667,PASS
377,GEV,monthly_maxima,-0.049400553422969597,-0.0027231748349355002,252539.11028899485,PASS_LMOM_FINITE_MEAN
377,KDE,monthly_maxima,0.011880457343505801,-0.0027231469326105999,268819.20806551084,PASS
377,EMP,monthly_maxima,-0.031236131780158799,-0.0027231469329946001,257364.725217667,PASS
378,TAIL,event_level,-0.032410629322648397,0.021537925525377401,257052.70466528297,PASS
378,EVENT-EMP,event_level,-0.096437954153000299,0.031078298857948598,240043.01282813199,PASS
378,GEV,monthly_maxima,-0.031969843303028003,0.0359716407173266,257169.8052060245,PASS_LMOM_FINITE_MEAN
378,KDE,monthly_maxima,-0.049942765139355798,0.035971640800552297,252395.06469235843,PASS
378,EMP,monthly_maxima,-0.096437954153000299,0.035971640717327003,240043.01282813199,PASS
379,TAIL,event_level,-0.24614341821278371,-0.061247804542894801,200271.80863145969,PASS
379,EVENT-EMP,event_level,-0.34521515988044099,-0.057745753881252797,173952.11153335715,PASS
379,GEV,monthly_maxima,-0.27943148706550952,-0.069594044284618795,191428.40006271191,PASS_LMOM_FINITE_MEAN
379,KDE,monthly_maxima,-0.30459730794561662,-0.069594044284639806,184742.77233839632,PASS
379,EMP,monthly_maxima,-0.34521515988044099,-0.069594044284639597,173952.11153335715,PASS
380,TAIL,event_level,-0.040847337993248002,0.0041715799282658998,254811.38324529619,PASS
380,EVENT-EMP,event_level,-0.1726702548732186,0.00086590371017259999,219790.91035901173,PASS
380,GEV,monthly_maxima,-0.15111372124311409,0.0147980410959948,225517.68396851039,PASS_LMOM_FINITE_MEAN
380,KDE,monthly_maxima,-0.1341872634867011,0.0147980410959948,230014.4176848417,PASS
380,EMP,monthly_maxima,-0.1726702548732186,0.0147980410959948,219790.91035901173,PASS
381,TAIL,event_level,-0.15375691288716431,-0.019587594494423301,224815.4857203257,PASS
381,EVENT-EMP,event_level,-0.2330509836931802,-0.0218579632372468,203749.98419426192,PASS
381,GEV,monthly_maxima,-0.1315374076219597,-0.0050437937254548997,230718.38636995459,PASS_LMOM_FINITE_MEAN
381,KDE,monthly_maxima,-0.1790753728421321,-0.0050437937254548997,218089.30743993787,PASS
381,EMP,monthly_maxima,-0.2330509836931802,-0.0050437937254548997,203749.98419426192,PASS
382,TAIL,event_level,-0.1484266057983093,-0.0335628948454052,226231.55114581456,PASS
382,EVENT-EMP,event_level,-0.33731343936887359,-0.035665567800589097,176051.30638869712,PASS
382,GEV,monthly_maxima,-0.2736057886037091,-0.050397762191169697,192976.07265146912,PASS_LMOM_FINITE_MEAN
382,KDE,monthly_maxima,-0.26646046954494768,-0.050397761973419199,194874.31962008271,PASS
382,EMP,monthly_maxima,-0.33731343936887359,-0.0503977619734194,176051.30638869712,PASS
383,TAIL,event_level,-0.095692668369120396,-0.039172940110134898,240241.00769279324,PASS
383,EVENT-EMP,event_level,-0.1166390516608618,-0.032580974560336699,234676.3284587411,PASS
383,GEV,monthly_maxima,-0.0499688312117521,-0.0249857977859009,252388.13990110657,PASS_LMOM_FINITE_MEAN
383,KDE,monthly_maxima,-0.072951124499857203,-0.0249857972890336,246282.59468931641,PASS
383,EMP,monthly_maxima,-0.1166390516608618,-0.024985797291002299,234676.3284587411,PASS
384,TAIL,event_level,0.1817938404945022,0.055872653671571702,313958.90887394024,PASS
384,EVENT-EMP,event_level,0.1295303592655894,0.063092451565450305,300074.43513720355,PASS
384,GEV,monthly_maxima,0.31470338939979331,0.061326403424229299,349268.05969484174,PASS_LMOM_FINITE_MEAN
384,KDE,monthly_maxima,0.1988269589334358,0.061331848487299501,318483.9783882394,PASS
384,EMP,monthly_maxima,0.1295303592655894,0.061328997239178999,300074.43513720355,PASS
385,TAIL,event_level,0.055896249847462297,0.0075957369936957998,280512.57598997181,PASS
385,EVENT-EMP,event_level,-0.24400963990224631,-0.0189695634468422,200838.67460012549,PASS
385,GEV,monthly_maxima,-0.18898753410240149,-0.019854387953798899,215456.01284385627,PASS_LMOM_FINITE_MEAN
385,KDE,monthly_maxima,-0.1995123492399119,-0.019854387953833,212659.95877465411,PASS
385,EMP,monthly_maxima,-0.24400963990224631,-0.019854387953833,200838.67460012549,PASS
386,TAIL,event_level,-0.18029766553477999,-0.0476035102481202,217764.58948409904,PASS
386,EVENT-EMP,event_level,-0.25469885733080061,-0.0438940689306122,197998.94492343249,PASS
386,GEV,monthly_maxima,-0.1418631588685032,-0.037296517167852199,227975.21621321049,PASS_LMOM_FINITE_MEAN
386,KDE,monthly_maxima,-0.2058286745629615,-0.037296517167852997,210981.94477714697,PASS
386,EMP,monthly_maxima,-0.25469885733080061,-0.037296517167853198,197998.94492343249,PASS
387,TAIL,event_level,0.1515259115039255,-0.0011394126225295,305917.83975161426,PASS
387,EVENT-EMP,event_level,0.0105023827602303,0.0163703100885014,268453.10462370323,PASS
387,GEV,monthly_maxima,0.30208598301491207,0.0278087444391561,345916.08153614798,PASS_LMOM_FINITE_MEAN
387,KDE,monthly_maxima,0.11116524160567499,0.027833131536904102,295195.50270053121,PASS
387,EMP,monthly_maxima,0.0105023827602303,0.0278319723816331,268453.10462370323,PASS
388,TAIL,event_level,-0.0048268263659836004,-0.039540874472290502,264380.70078620082,PASS
388,EVENT-EMP,event_level,-0.25841553040268228,-0.038170638487682103,197011.56236794303,PASS
388,GEV,monthly_maxima,-0.1445252089821365,-0.033801472164079797,227268.0079672322,PASS_LMOM_FINITE_MEAN
388,KDE,monthly_maxima,-0.1945020514838966,-0.033801472164084703,213991.00955755031,PASS
388,EMP,monthly_maxima,-0.25841553040268228,-0.033801472164087298,197011.56236794303,PASS
389,TAIL,event_level,-0.1595977876128683,-0.026407858983566498,223263.7813596192,PASS
389,EVENT-EMP,event_level,-0.25347730877818819,-0.024633740537232999,198323.46518878965,PASS
389,GEV,monthly_maxima,-0.1843272508004333,-0.0133422986008032,216694.07773334425,PASS_LMOM_FINITE_MEAN
389,KDE,monthly_maxima,-0.209050243748231,-0.0133422986008036,210126.09301044128,PASS
389,EMP,monthly_maxima,-0.25347730877818819,-0.013342298600803401,198323.46518878965,PASS
390,TAIL,event_level,0.083914394959164695,0.0086712392900342994,287955.96075516997,PASS
390,EVENT-EMP,event_level,0.12826477310895959,0.025053676841551801,299738.21570940962,PASS
390,GEV,monthly_maxima,0.40869004345685361,0.026081390384139001,374236.83711216185,PASS_LMOM_FINITE_MEAN
390,KDE,monthly_maxima,0.19862823299284041,0.026599155309593999,318431.18425669428,PASS
390,EMP,monthly_maxima,0.12826477310895959,0.026598049954529801,299738.21570940962,PASS
391,TAIL,event_level,-0.1939966874080615,-0.051071245174700103,214125.26609908624,PASS
391,EVENT-EMP,event_level,-0.29587431947513898,-0.0506687692070295,187060.147711723,PASS
391,GEV,monthly_maxima,-0.16274257367691761,-0.036609133448573403,222428.32802801463,PASS_LMOM_FINITE_MEAN
391,KDE,monthly_maxima,-0.2448860985576031,-0.036609133444557899,200605.8319555964,PASS
391,EMP,monthly_maxima,-0.29587431947513898,-0.036609133444558101,187060.147711723,PASS
392,TAIL,event_level,-0.3008068224130892,-0.067578873248911805,185749.76413435693,PASS
392,EVENT-EMP,event_level,-0.32524361578876859,-0.0565938241862761,179257.81205124577,PASS
392,GEV,monthly_maxima,-0.32020180869035531,-0.038077649856288802,180597.23370088681,PASS_LMOM_FINITE_MEAN
392,KDE,monthly_maxima,-0.30072326387427639,-0.038077649856217297,185771.96254728976,PASS
392,EMP,monthly_maxima,-0.32524361578876859,-0.038077649856217297,179257.81205124577,PASS
393,TAIL,event_level,0.030914284081054299,-0.0079623344027597003,273875.79176856682,PASS
393,EVENT-EMP,event_level,-0.039517531600803603,0.013074945459332601,255164.66361424001,PASS
393,GEV,monthly_maxima,0.20679825209867389,-0.0043846924056992996,320601.65612416773,PASS_LMOM_FINITE_MEAN
393,KDE,monthly_maxima,0.031738234154549398,-0.0043683910432413004,274094.68482518726,PASS
393,EMP,monthly_maxima,-0.039517531600803603,-0.0043684458859740002,255164.66361424001,PASS
394,TAIL,event_level,-0.054752400447593101,-0.0219593586491235,251117.3224993344,PASS
394,EVENT-EMP,event_level,-0.11580848145345719,-0.014062420367845999,234896.98024006264,PASS
394,GEV,monthly_maxima,-0.066297683804664803,-0.019563779689690201,248050.1677713067,PASS_LMOM_FINITE_MEAN
394,KDE,monthly_maxima,-0.070891334476846493,-0.019563779427091799,246829.80470681249,PASS
394,EMP,monthly_maxima,-0.11580848145345719,-0.0195637796896906,234896.98024006264,PASS
395,TAIL,event_level,0.37673731141022809,0.063501038899683102,365748.17813869641,PASS
395,EVENT-EMP,event_level,0.67794041344947309,0.077549878637417094,445766.70084999938,PASS
395,GEV,monthly_maxima,0.70709830555777109,0.072623012248295399,453512.87423296011,PASS_LMOM_FINITE_MEAN
395,KDE,monthly_maxima,0.77994687745207492,0.075166414808207196,472866.04511713918,PASS
395,EMP,monthly_maxima,0.67794041344947309,0.074604097080795406,445766.70084999938,PASS
396,TAIL,event_level,-0.090878342753838007,-0.019429439528609201,241519.99592690475,PASS
396,EVENT-EMP,event_level,-0.18464602278216741,-0.019730267949516801,216609.39180917072,PASS
396,GEV,monthly_maxima,-0.124012275448022,-0.0023474435065476001,232717.53563398612,PASS_LMOM_FINITE_MEAN
396,KDE,monthly_maxima,-0.133664810021626,-0.0023474435065476001,230153.21424496232,PASS
396,EMP,monthly_maxima,-0.18464602278216741,-0.0023474435065478001,216609.39180917072,PASS
397,TAIL,event_level,-0.16001082652408391,-0.022832472184285701,223154.05219921551,PASS
397,EVENT-EMP,event_level,-0.2045962685072536,-0.022800549671305199,211309.34947945765,PASS
397,GEV,monthly_maxima,-0.1495190168919763,-0.024029263680920301,225941.3379265056,PASS_LMOM_FINITE_MEAN
397,KDE,monthly_maxima,-0.16706295526824971,-0.024029263680919299,221280.56245008091,PASS
397,EMP,monthly_maxima,-0.2045962685072536,-0.0240292636809189,211309.34947945765,PASS
398,TAIL,event_level,0.1728700195121412,0.061300438980373601,311588.17973099928,PASS
398,EVENT-EMP,event_level,-0.084649543321267201,0.046815980097872897,243174.75753289371,PASS
398,GEV,monthly_maxima,0.12857861533073531,0.046170418252932797,299821.59197871393,PASS_LMOM_FINITE_MEAN
398,KDE,monthly_maxima,-0.016357778765656399,0.046171738118511399,261317.35326345195,PASS
398,EMP,monthly_maxima,-0.084649543321267201,0.046171738070871798,243174.75753289371,PASS
399,TAIL,event_level,0.030446039876474599,-0.031101470699020299,273751.39660375961,PASS
399,EVENT-EMP,event_level,-0.2272995103930828,-0.041617446405956202,205277.93790314285,PASS
399,GEV,monthly_maxima,-0.179911987641756,-0.018267018733819401,217867.04983405309,PASS_LMOM_FINITE_MEAN
399,KDE,monthly_maxima,-0.18763019034978251,-0.018267018733819002,215816.60887079171,PASS
399,EMP,monthly_maxima,-0.2272995103930828,-0.018267018733819002,205277.93790314285,PASS
400,TAIL,event_level,-0.0699607839553264,-0.036681459921577203,247077.01755932349,PASS
400,EVENT-EMP,event_level,-0.22190963102478559,-0.033911840123073897,206709.82947970129,PASS
400,GEV,monthly_maxima,-0.141571470609684,-0.010357340820879401,228052.7069940322,PASS_LMOM_FINITE_MEAN
400,KDE,monthly_maxima,-0.18727172989111829,-0.0103573408189165,215911.83855520908,PASS
400,EMP,monthly_maxima,-0.22190963102478559,-0.0103573408189165,206709.82947970129,PASS
401,TAIL,event_level,-0.0019164056368338,-0.0034195876924936002,265153.89191749453,PASS
401,EVENT-EMP,event_level,0.0345234076611615,0.010914338234333101,274834.60240234662,PASS
401,GEV,monthly_maxima,0.10223994714585991,0.0301276306748079,292824.38210913457,PASS_LMOM_FINITE_MEAN
401,KDE,monthly_maxima,0.094743783303741697,0.030127703079513998,290832.92865932902,PASS
401,EMP,monthly_maxima,0.0345234076611615,0.030127634535839901,274834.60240234662,PASS
402,TAIL,event_level,-0.068151124583429895,0.006649155731057,247557.7771151496,PASS
402,EVENT-EMP,event_level,-0.19373257105338099,0.0064184371368657001,214195.43204486289,PASS
402,GEV,monthly_maxima,-0.1118321745432944,0.0112381235413863,235953.33790252963,PASS_LMOM_FINITE_MEAN
402,KDE,monthly_maxima,-0.1568063506211356,0.0112381235418345,224005.36291308884,PASS
402,EMP,monthly_maxima,-0.19373257105338099,0.011238123541834301,214195.43204486289,PASS
403,TAIL,event_level,0.0020244101437031001,0.0067455244387904997,266200.82089963654,PASS
403,EVENT-EMP,event_level,-0.037175208266067197,0.022584204263488599,255786.93228175657,PASS
403,GEV,monthly_maxima,0.13391143622896709,0.038833504556512702,301238.32523036841,PASS_LMOM_FINITE_MEAN
403,KDE,monthly_maxima,0.043424860968434703,0.038837097433062101,277199.38928139687,PASS
403,EMP,monthly_maxima,-0.037175208266067197,0.038837093515924098,255786.93228175657,PASS
404,TAIL,event_level,-0.072167219731335996,-0.030131160417038099,246490.84918968088,PASS
404,EVENT-EMP,event_level,0.029039373804522699,-0.0289684841390727,273377.69746100961,PASS
404,GEV,monthly_maxima,0.069464528362989303,-0.022309334070544602,284117.16570102505,PASS_LMOM_FINITE_MEAN
404,KDE,monthly_maxima,0.079201090087388501,-0.022291545990635899,286703.80999585148,PASS
404,EMP,monthly_maxima,0.029039373804522699,-0.0222915460899786,273377.69746100961,PASS
405,TAIL,event_level,-0.028891032000022101,0.0033775688214986001,257987.73148402569,PASS
405,EVENT-EMP,event_level,0.41389146590846299,0.0038317514084934999,375618.66265697632,PASS
405,GEV,monthly_maxima,0.33893896087176711,0.0087241557943131005,355706.55456133507,PASS_LMOM_FINITE_MEAN
405,KDE,monthly_maxima,0.4898809402152442,0.0111366532014059,395806.2551301936,PASS
405,EMP,monthly_maxima,0.41389146590846299,0.0111326492500424,375618.66265697632,PASS
406,TAIL,event_level,0.025756787243114299,-0.0080007505913875007,272505.63563449611,PASS
406,EVENT-EMP,event_level,-0.24457605333143459,-0.020913844227968902,200688.1995036187,PASS
406,GEV,monthly_maxima,-0.2319748908125385,-0.036499087722015697,204035.8622679807,PASS_LMOM_FINITE_MEAN
406,KDE,monthly_maxima,-0.2099747786567675,-0.036499087723579501,209880.47828378252,PASS
406,EMP,monthly_maxima,-0.24457605333143459,-0.0364990877235793,200688.1995036187,PASS
407,TAIL,event_level,-0.27306968041113411,-0.054248066208088502,193118.4967675982,PASS
407,EVENT-EMP,event_level,-0.25299051498357211,-0.056707895900006799,198452.78829352025,PASS
407,GEV,monthly_maxima,-0.26666016176379009,-0.044145337771687998,194821.26878414999,PASS_LMOM_FINITE_MEAN
407,KDE,monthly_maxima,-0.2261863900914157,-0.044145337771681198,205573.65279298404,PASS
407,EMP,monthly_maxima,-0.25299051498357211,-0.044145337771680997,198452.78829352025,PASS
408,TAIL,event_level,-0.15284393786105929,-0.042539582873630397,225058.02941382231,PASS
408,EVENT-EMP,event_level,-0.2402586378717978,-0.048446003485021698,201835.17709007816,PASS
408,GEV,monthly_maxima,-0.23498042731196939,-0.039250251820904698,203237.40239485487,PASS_LMOM_FINITE_MEAN
408,KDE,monthly_maxima,-0.20955476125026129,-0.0392502518209049,209992.06137225049,PASS
408,EMP,monthly_maxima,-0.2402586378717978,-0.0392502518209049,201835.17709007816,PASS
409,TAIL,event_level,-0.18968981664061879,-0.043548749280278,215269.44235087783,PASS
409,EVENT-EMP,event_level,-0.1508399273272128,-0.043567815197768998,225590.42088433047,PASS
409,GEV,monthly_maxima,-0.090790884868187205,-0.041318365887514398,241543.23025205563,PASS_LMOM_FINITE_MEAN
409,KDE,monthly_maxima,-0.11292642408284539,-0.041318355090345503,235662.63627615327,PASS
409,EMP,monthly_maxima,-0.1508399273272128,-0.0413183550903461,225590.42088433047,PASS
410,TAIL,event_level,-0.23988462768029539,-0.069266703157315104,201934.53776332611,PASS
410,EVENT-EMP,event_level,-0.25596732387553012,-0.067418979172118004,197661.960283066,PASS
410,GEV,monthly_maxima,-0.2261400512854275,-0.0689919524079525,205585.96329966301,PASS_LMOM_FINITE_MEAN
410,KDE,monthly_maxima,-0.2234839194223428,-0.068991952407951598,206291.59928538656,PASS
410,EMP,monthly_maxima,-0.25596732387553012,-0.068991952407951598,197661.960283066,PASS
411,TAIL,event_level,0.74496647568449603,0.094637003831660793,463573.04629229702,PASS
411,EVENT-EMP,event_level,0.30247115243165928,0.092119595197887399,346018.40680276381,PASS
411,GEV,monthly_maxima,0.75004900860330836,0.092190364371746797,464923.28728597023,PASS_LMOM_FINITE_MEAN
411,KDE,monthly_maxima,0.39536096710147839,0.093670336563011006,370695.7945669748,PASS
411,EMP,monthly_maxima,0.30247115243165928,0.0935074904807284,346018.40680276381,PASS
412,TAIL,event_level,-0.062459768810227002,-0.0364642760852492,249069.75982088147,PASS
412,EVENT-EMP,event_level,-0.22872243186682811,-0.036081994776060999,204899.92030142352,PASS
412,GEV,monthly_maxima,0.0075442284978735003,-0.050209001567535598,267667.23245829938,PASS_LMOM_FINITE_MEAN
412,KDE,monthly_maxima,-0.15457256116447729,-0.050207762883852598,224598.7981438674,PASS
412,EMP,monthly_maxima,-0.22872243186682811,-0.050207762886686103,204899.92030142352,PASS
413,TAIL,event_level,0.25280669874981571,0.085281905835478594,332824.39854727359,PASS
413,EVENT-EMP,event_level,0.20269936189784621,0.090171512451979796,319512.73261572613,PASS
413,GEV,monthly_maxima,0.31117810737680102,0.084957931493339897,348331.52266148874,PASS_LMOM_FINITE_MEAN
413,KDE,monthly_maxima,0.26696171551360448,0.085043526798415203,336584.86290744651,PASS
413,EMP,monthly_maxima,0.20269936189784621,0.085043484866457394,319512.73261572613,PASS
414,TAIL,event_level,-0.1632282599141219,-0.0470979640143947,222299.29916031979,PASS
414,EVENT-EMP,event_level,-0.25605376106793482,-0.041773065059345298,197638.99711835521,PASS
414,GEV,monthly_maxima,-0.16258395672605411,-0.0304835746799119,222470.46668461923,PASS_LMOM_FINITE_MEAN
414,KDE,monthly_maxima,-0.1967725396974728,-0.030483574679910402,213387.82482454539,PASS
414,EMP,monthly_maxima,-0.25605376106793482,-0.030483574679910801,197638.99711835521,PASS
415,TAIL,event_level,-0.1217654084120828,-0.062323029305278499,233314.44509384013,PASS
415,EVENT-EMP,event_level,-0.12831049107662801,-0.059435071018952498,231575.65873242999,PASS
415,GEV,monthly_maxima,-0.0500717315313913,-0.069255762636071097,252360.8030924605,PASS_LMOM_FINITE_MEAN
415,KDE,monthly_maxima,-0.087719461820248701,-0.069254297306629006,242359.19374397697,PASS
415,EMP,monthly_maxima,-0.12831049107662801,-0.069254297306669696,231575.65873242999,PASS
416,TAIL,event_level,0.0140123828773217,0.019434151507716799,269385.58181993593,PASS
416,EVENT-EMP,event_level,-0.1726982300859147,0.0088246325956865997,219783.47837980129,PASS
416,GEV,monthly_maxima,-0.090343057180538103,0.022948636126126899,241662.20150352112,PASS_LMOM_FINITE_MEAN
416,KDE,monthly_maxima,-0.1324213683505211,0.022948636126168501,230483.55070207667,PASS
416,EMP,monthly_maxima,-0.1726982300859147,0.022948636126127499,219783.47837980129,PASS
417,TAIL,event_level,0.12922762433191751,0.043770018849333202,299994.00966348988,PASS
417,EVENT-EMP,event_level,0.53723604290409499,0.040141170663309501,408386.75424972182,PASS
417,GEV,monthly_maxima,0.51968950439347472,0.048828374391231701,403725.2880137802,PASS_LMOM_FINITE_MEAN
417,KDE,monthly_maxima,0.62378059194285085,0.058840757765630601,431378.43964708818,PASS
417,EMP,monthly_maxima,0.53723604290409499,0.058820881880555301,408386.75424972182,PASS
418,TAIL,event_level,0.2312558232759675,0.039596749546862799,327099.12810059707,PASS
418,EVENT-EMP,event_level,0.27989765247464371,0.057811847808256399,340021.46285778179,PASS
418,GEV,monthly_maxima,0.4876363508601676,0.084359588319459097,395209.9507658935,PASS_LMOM_FINITE_MEAN
418,KDE,monthly_maxima,0.35655354350018598,0.084665685600163895,360386.09760242439,PASS
418,EMP,monthly_maxima,0.27989765247464371,0.084657363713928097,340021.46285778179,PASS
419,TAIL,event_level,-0.044375715619890697,-0.0124105034557002,253874.02382455961,PASS
419,EVENT-EMP,event_level,-0.1377420241157937,-0.013956257534822099,229070.04927626127,PASS
419,GEV,monthly_maxima,-0.057231090321982599,-0.016365492991782301,250458.82628642928,PASS_LMOM_FINITE_MEAN
419,KDE,monthly_maxima,-0.090498244114014595,-0.016365492986417301,241620.97407565999,PASS
419,EMP,monthly_maxima,-0.1377420241157937,-0.016365492991781899,229070.04927626127,PASS
420,TAIL,event_level,0.22514616973630289,0.068266826509587097,325476.01915114757,PASS
420,EVENT-EMP,event_level,-0.062104409218252603,0.056117944332890898,249164.16571972039,PASS
420,GEV,monthly_maxima,0.2076096045452247,0.051960018815034099,320817.20245729527,PASS_LMOM_FINITE_MEAN
420,KDE,monthly_maxima,0.0054414364233349999,0.051997361733129799,267108.59838635783,PASS
420,EMP,monthly_maxima,-0.062104409218252603,0.051997361476779198,249164.16571972039,PASS
421,TAIL,event_level,-0.13417866943499229,-0.0556982081918228,230016.70080648683,PASS
421,EVENT-EMP,event_level,-0.12361767421080649,-0.032816507590949798,232822.36658641748,PASS
421,GEV,monthly_maxima,0.1313203277089523,-0.032891017729741998,300549.96354168555,PASS_LMOM_FINITE_MEAN
421,KDE,monthly_maxima,-0.041865885161414901,-0.032869947047021598,254540.79293876648,PASS
421,EMP,monthly_maxima,-0.12361767421080649,-0.0328699511030442,232822.36658641748,PASS
422,TAIL,event_level,0.10513141473339099,0.022314645734627998,293592.53809177683,PASS
422,EVENT-EMP,event_level,0.17723102397745169,0.0330514709206816,312746.73730390926,PASS
422,GEV,monthly_maxima,0.32827069772869683,0.068457619797511901,352872.39166319632,PASS_LMOM_FINITE_MEAN
422,KDE,monthly_maxima,0.2405915281611099,0.068630844762965298,329579.27956092451,PASS
422,EMP,monthly_maxima,0.17723102397745169,0.068630821843242595,312746.73730390926,PASS
423,TAIL,event_level,-0.017752658226725601,-0.012399569048266701,260946.78538722685,PASS
423,EVENT-EMP,event_level,0.25078350967563628,-0.0077805372692721997,332286.91204801307,PASS
423,GEV,monthly_maxima,0.2931410178873104,-0.021882284071592699,343539.73517593835,PASS_LMOM_FINITE_MEAN
423,KDE,monthly_maxima,0.31774402018838682,-0.0207767493527246,350075.84282246057,PASS
423,EMP,monthly_maxima,0.25078350967563628,-0.020777435749510902,332286.91204801307,PASS
424,TAIL,event_level,-0.33440208154009549,-0.063460336356812294,176824.74647269884,PASS
424,EVENT-EMP,event_level,-0.334333374451039,-0.064805907033766194,176842.99940478645,PASS
424,GEV,monthly_maxima,-0.31741863809786758,-0.0530036185073181,181336.61917785107,PASS_LMOM_FINITE_MEAN
424,KDE,monthly_maxima,-0.31003517501619271,-0.053003618507295701,183298.1322044071,PASS
424,EMP,monthly_maxima,-0.334333374451039,-0.053003618507295902,176842.99940478645,PASS
425,TAIL,event_level,-0.091986936522888502,-0.0062802617079381002,241225.48356934337,PASS
425,EVENT-EMP,event_level,-0.16973430124324229,-0.001283286015558,220570.88463759329,PASS
425,GEV,monthly_maxima,-0.1073112809697596,-0.0094701901967795994,237154.37209719783,PASS_LMOM_FINITE_MEAN
425,KDE,monthly_maxima,-0.13097712360343591,-0.0094701901967770008,230867.23310877464,PASS
425,EMP,monthly_maxima,-0.16973430124324229,-0.0094701901967795994,220570.88463759329,PASS
426,TAIL,event_level,0.25286368802003079,0.0098814989952259995,332839.53848833707,PASS
426,EVENT-EMP,event_level,-0.1646668414845662,0.0027418780080103,221917.12125017439,PASS
426,GEV,monthly_maxima,0.072147123760842896,0.0222032146475988,284829.83206905075,PASS_LMOM_FINITE_MEAN
426,KDE,monthly_maxima,-0.071339555714970304,0.022203216318647401,246710.72890354329,PASS
426,EMP,monthly_maxima,-0.1646668414845662,0.022203214995568901,221917.12125017439,PASS
427,TAIL,event_level,-0.052895748399121499,0.0001059871006335,251610.56627106771,PASS
427,EVENT-EMP,event_level,-0.26421575188741941,0.0038742221644709998,195470.6580695984,PASS
427,GEV,monthly_maxima,-0.21869742241086179,0.0094870707652242002,207563.19448884789,PASS_LMOM_FINITE_MEAN
427,KDE,monthly_maxima,-0.20418345688163159,0.0094870707671868004,211419.01825848641,PASS
427,EMP,monthly_maxima,-0.26421575188741941,0.0094870707671860007,195470.6580695984,PASS
428,TAIL,event_level,-0.022195097734243299,-2.9625458822578623e-05,259766.59353588405,PASS
428,EVENT-EMP,event_level,-0.1591291237861634,0.0036024468407876002,223388.28800250319,PASS
428,GEV,monthly_maxima,0.076923612288351303,0.026466190038414598,286098.76838853431,PASS_LMOM_FINITE_MEAN
428,KDE,monthly_maxima,-0.078373423669860304,0.026466339622706801,244842.09037065288,PASS
428,EMP,monthly_maxima,-0.1591291237861634,0.026466339618434,223388.28800250319,PASS
429,TAIL,event_level,-0.022558207283936298,0.0008513936921137,259670.12875995017,PASS
429,EVENT-EMP,event_level,0.26102479899022218,0.0075267682925950997,335007.64379368228,PASS
429,GEV,monthly_maxima,0.2217849539676465,0.019395467809991698,324583.06845276209,PASS_LMOM_FINITE_MEAN
429,KDE,monthly_maxima,0.32512055647020571,0.019709746058280599,352035.51565451722,PASS
429,EMP,monthly_maxima,0.26102479899022218,0.019709628925235201,335007.64379368228,PASS
430,TAIL,event_level,-0.031216359878172999,-0.0076158587550631002,257369.97788066213,PASS
430,EVENT-EMP,event_level,-0.1908870303201998,-0.0066120525307333004,214951.3869611384,PASS
430,GEV,monthly_maxima,-0.056673016532926598,-0.029017955269807601,250607.08584903611,PASS_LMOM_FINITE_MEAN
430,KDE,monthly_maxima,-0.1375470881352463,-0.029017955251179901,229121.83655561224,PASS
430,EMP,monthly_maxima,-0.1908870303201998,-0.029017955269808299,214951.3869611384,PASS
431,TAIL,event_level,0.072964152889334194,0.0056833148367038998,285046.88648658944,PASS
431,EVENT-EMP,event_level,-0.24774147372126071,-0.0039836446196182002,199847.26439491881,PASS
431,GEV,monthly_maxima,-0.16768276781189109,0.0031813096251649001,221115.90118409679,PASS_LMOM_FINITE_MEAN
431,KDE,monthly_maxima,-0.1904335520423564,0.0031813096251649001,215071.85936540319,PASS
431,EMP,monthly_maxima,-0.24774147372126071,0.0031813096251649001,199847.26439491881,PASS
432,TAIL,event_level,-0.1232549022634931,-0.049368679695364397,232918.74167388701,PASS
432,EVENT-EMP,event_level,-0.0084433489301224008,-0.050159770914776199,263419.92451605207,PASS
432,GEV,monthly_maxima,-0.078464110782334506,-0.053709177832818603,244817.99815938409,PASS_LMOM_FINITE_MEAN
432,KDE,monthly_maxima,0.036569276096824199,-0.053709068964797602,275378.11396904383,PASS
432,EMP,monthly_maxima,-0.0084433489301224008,-0.053709068972201797,263419.92451605207,PASS
433,TAIL,event_level,-0.104368417827054,-0.016467091826570999,237936.18197772879,PASS
433,EVENT-EMP,event_level,-0.058646429295842802,-0.0045898386876006003,250082.82307445284,PASS
433,GEV,monthly_maxima,-0.067200222164885706,0.0100120784988794,247810.39671388327,PASS_LMOM_FINITE_MEAN
433,KDE,monthly_maxima,-0.0137163580049545,0.0100120785020893,262019.08105343601,PASS
433,EMP,monthly_maxima,-0.058646429295842802,0.010012078498878601,250082.82307445284,PASS
434,TAIL,event_level,-0.014520481169647201,-0.010672359317226199,261805.45527308708,PASS
434,EVENT-EMP,event_level,-0.0899082470385765,-0.010066543434269701,241777.7144746164,PASS
434,GEV,monthly_maxima,0.050119024464918803,-0.0064968064347451998,278977.7809053543,PASS_LMOM_FINITE_MEAN
434,KDE,monthly_maxima,-0.038474810158849397,-0.0064967381453803,255441.6761311088,PASS
434,EMP,monthly_maxima,-0.0899082470385765,-0.0064967392325939004,241777.7144746164,PASS
435,TAIL,event_level,0.082742030863461394,0.0068860493229663004,287644.50698068086,PASS
435,EVENT-EMP,event_level,-0.12178435138978649,-0.0095294052302827004,233309.41264536488,PASS
435,GEV,monthly_maxima,-0.076489648056117299,-0.0040038594338326003,245342.53987037839,PASS_LMOM_FINITE_MEAN
435,KDE,monthly_maxima,-0.077849846228689998,-0.0040038594303210004,244981.18552964611,PASS
435,EMP,monthly_maxima,-0.12178435138978649,-0.0040038594338327998,233309.41264536488,PASS
436,TAIL,event_level,-0.26882704033915328,-0.038202702538536498,194245.60929949849,PASS
436,EVENT-EMP,event_level,-0.27194218230773831,-0.037752961546510901,193418.03130752392,PASS
436,GEV,monthly_maxima,-0.26944792617637292,-0.033851394245414702,194080.66289911181,PASS_LMOM_FINITE_MEAN
436,KDE,monthly_maxima,-0.24137835035700331,-0.033851394245411601,201537.71090091564,PASS
436,EMP,monthly_maxima,-0.27194218230773831,-0.033851394245411399,193418.03130752392,PASS
437,TAIL,event_level,-0.16955905903082891,-0.057720183042768498,220617.4400112234,PASS
437,EVENT-EMP,event_level,-0.19581370114835089,-0.057336933435693301,213642.5527596162,PASS
437,GEV,monthly_maxima,-0.10667440323078441,-0.052586387817915498,237323.5669543407,PASS_LMOM_FINITE_MEAN
437,KDE,monthly_maxima,-0.15837759272688171,-0.052586384687421099,223587.94200582599,PASS
437,EMP,monthly_maxima,-0.19581370114835089,-0.0525863846874213,213642.5527596162,PASS
438,TAIL,event_level,-0.087447689447297805,-0.0033240555901191001,242431.39361061199,PASS
438,EVENT-EMP,event_level,-0.084234880171227905,-0.0030950319571416999,243284.91819347229,PASS
438,GEV,monthly_maxima,0.10290288610672289,0.0038753219915976002,293000.5004689286,PASS_LMOM_FINITE_MEAN
438,KDE,monthly_maxima,-0.0242525432800582,0.0038862733161081002,259220.0063592566,PASS
438,EMP,monthly_maxima,-0.084234880171227905,0.0038862732676407,243284.91819347229,PASS
439,TAIL,event_level,-0.042168190935795297,-0.0176837471432084,254460.481476802,PASS
439,EVENT-EMP,event_level,-0.25165958562612928,-0.025585908226557,198806.3669927257,PASS
439,GEV,monthly_maxima,-0.15791044806782101,-0.0071868940244583001,223712.04506206093,PASS_LMOM_FINITE_MEAN
439,KDE,monthly_maxima,-0.19723600045072609,-0.0071868940244594996,213264.70044581583,PASS
439,EMP,monthly_maxima,-0.25165958562612928,-0.0071868940244597,198806.3669927257,PASS
440,TAIL,event_level,-0.0333196003430501,-0.010730626094613401,256811.22468799361,PASS
440,EVENT-EMP,event_level,0.33484655228761118,0.0044132228229535001,354619.3529786882,PASS
440,GEV,monthly_maxima,0.4142078805528151,-0.0048027150264124997,375702.72232380533,PASS_LMOM_FINITE_MEAN
440,KDE,monthly_maxima,0.40992017416753612,-4.6759683878092289e-05,374563.63733946427,PASS
440,EMP,monthly_maxima,0.33484655228761118,-5.0723172949713011e-05,354619.3529786882,PASS
441,TAIL,event_level,-0.24013500568709359,-0.090110625485517196,201868.02158840047,PASS
441,EVENT-EMP,event_level,-0.28355732947851409,-0.085969240085119997,190332.31634845704,PASS
441,GEV,monthly_maxima,-0.13997799004183259,-0.084326636140385797,228476.03583807583,PASS_LMOM_FINITE_MEAN
441,KDE,monthly_maxima,-0.23605535468455391,-0.084326577244751802,202951.83395351475,PASS
441,EMP,monthly_maxima,-0.28355732947851409,-0.084326577244751802,190332.31634845704,PASS
442,TAIL,event_level,-0.073456644909667204,-0.022200968791338999,246148.29661562608,PASS
442,EVENT-EMP,event_level,-0.27236992712481589,-0.0273121233051569,193304.39533190409,PASS
442,GEV,monthly_maxima,-0.1101732587835187,-0.046883660648838803,236394.05045662029,PASS_LMOM_FINITE_MEAN
442,KDE,monthly_maxima,-0.21973754110286681,-0.046883654240766098,207286.87342636491,PASS
442,EMP,monthly_maxima,-0.27236992712481589,-0.046883654240766501,193304.39533190409,PASS
443,TAIL,event_level,0.1228877371001196,0.025542100585938299,298309.73613838322,PASS
443,EVENT-EMP,event_level,0.071839701313412899,0.0243807516326697,284748.16129632265,PASS
443,GEV,monthly_maxima,0.2125011702978846,0.029705453442464499,322116.71053879586,PASS_LMOM_FINITE_MEAN
443,KDE,monthly_maxima,0.13098701599553789,0.0297185032393406,300461.41494862922,PASS
443,EMP,monthly_maxima,0.071839701313412899,0.029718465395875401,284748.16129632265,PASS
444,TAIL,event_level,0.052436252714746098,0.019563870699691,279593.38273707754,PASS
444,EVENT-EMP,event_level,0.1634524829018317,0.042534876028655598,309086.28860824986,PASS
444,GEV,monthly_maxima,0.33698896153807528,0.046954547467946597,355188.51186883415,PASS_LMOM_FINITE_MEAN
444,KDE,monthly_maxima,0.23123652353380481,0.047029173544146201,327094.00087300176,PASS
444,EMP,monthly_maxima,0.1634524829018317,0.047028124680037003,309086.28860824986,PASS
445,TAIL,event_level,0.14884060743927921,0.064400990782254794,305204.45379101532,PASS
445,EVENT-EMP,event_level,0.026953071931247699,0.076177010500811798,272823.44422557129,PASS
445,GEV,monthly_maxima,0.25638172261532921,0.080188381034785705,333774.1501482341,PASS_LMOM_FINITE_MEAN
445,KDE,monthly_maxima,0.0919408171859874,0.080199905089283305,290088.2842435377,PASS
445,EMP,monthly_maxima,0.026953071931247699,0.080199899650662099,272823.44422557129,PASS
446,TAIL,event_level,0.40462321605423779,0.037019668432763497,373156.43150320248,PASS
446,EVENT-EMP,event_level,0.2277189835250937,0.046441864818852097,326159.52060646622,PASS
446,GEV,monthly_maxima,0.71278923020531504,0.0268046797983033,455024.74240455171,PASS_LMOM_FINITE_MEAN
446,KDE,monthly_maxima,0.36566788931338828,0.032334263774581498,362807.44214540778,PASS
446,EMP,monthly_maxima,0.2277189835250937,0.032221101606465102,326159.52060646622,PASS
447,TAIL,event_level,0.029812539481229802,0.016802905692437999,273583.09898191801,PASS
447,EVENT-EMP,event_level,-0.093688764838354394,0.017301139756008301,240773.37073654091,PASS
447,GEV,monthly_maxima,0.0240682164006207,2.5882191754919489e-05,272057.04482186859,PASS_LMOM_FINITE_MEAN
447,KDE,monthly_maxima,-0.038417527898550803,2.5885332960271693e-05,255456.89390879971,PASS
447,EMP,monthly_maxima,-0.093688764838354394,2.5885086602122992e-05,240773.37073654091,PASS
448,TAIL,event_level,-0.15158679318521481,-0.039064011778427402,225392.00625242191,PASS
448,EVENT-EMP,event_level,-0.23356706538873179,-0.0324758502966149,203612.88037761199,PASS
448,GEV,monthly_maxima,-0.134219846375285,-0.0034445602219091999,230005.76161658572,PASS_LMOM_FINITE_MEAN
448,KDE,monthly_maxima,-0.17754531019583281,-0.0034445602219016001,218495.7884880536,PASS
448,EMP,monthly_maxima,-0.23356706538873179,-0.0034445602219083998,203612.88037761199,PASS
449,TAIL,event_level,0.24735493695119579,0.069829008236889797,331376.06709800905,PASS
449,EVENT-EMP,event_level,0.38609125116061149,0.1086623969067386,368233.1739282108,PASS
449,GEV,monthly_maxima,0.75436462476444888,0.085889765986867095,466069.7868653753,PASS_LMOM_FINITE_MEAN
449,KDE,monthly_maxima,0.47805458885027891,0.088039042221660493,392664.43102917215,PASS
449,EMP,monthly_maxima,0.38609125116061149,0.087893390261795504,368233.1739282108,PASS
450,TAIL,event_level,-0.014535322061523,-0.0019462797801728,261801.51259708009,PASS
450,EVENT-EMP,event_level,-0.067104506815384102,-0.014477016437795099,247835.82474173585,PASS
450,GEV,monthly_maxima,-0.080049806653716096,-0.0458320648299399,244396.73742123661,PASS_LMOM_FINITE_MEAN
450,KDE,monthly_maxima,-0.024585326647468798,-0.045832010414314901,259131.59812818991,PASS
450,EMP,monthly_maxima,-0.067104506815384102,-0.045832010416560799,247835.82474173585,PASS
451,TAIL,event_level,-0.26758454344181359,-0.073046059364898205,194575.6947651706,PASS
451,EVENT-EMP,event_level,-0.31266334636860321,-0.073172828206637897,182599.92429211052,PASS
451,GEV,monthly_maxima,-0.19789685482485331,-0.068802784876204504,213089.13588360863,PASS_LMOM_FINITE_MEAN
451,KDE,monthly_maxima,-0.2685880014813628,-0.068802784859130994,194309.11308196787,PASS
451,EMP,monthly_maxima,-0.31266334636860321,-0.0688027848591308,182599.92429211052,PASS
452,TAIL,event_level,0.20404550011120309,0.066181543804012394,319870.35174537246,PASS
452,EVENT-EMP,event_level,-0.022168307161299701,0.054883912784692498,259773.71080013204,PASS
452,GEV,monthly_maxima,0.121755854500465,0.047330483487952602,298009.03679998394,PASS_LMOM_FINITE_MEAN
452,KDE,monthly_maxima,0.029506625829563999,0.047330907331073098,273501.82904041413,PASS
452,EMP,monthly_maxima,-0.022168307161299701,0.047330907162371497,259773.71080013204,PASS
453,TAIL,event_level,0.0091375928980567001,0.021261895347265799,268090.53044089064,PASS
453,EVENT-EMP,event_level,0.1525326355826257,0.028284675402004002,306185.28910060867,PASS
453,GEV,monthly_maxima,0.1587737601664295,0.029490132548935299,307843.32504337298,PASS_LMOM_FINITE_MEAN
453,KDE,monthly_maxima,0.21316774387217041,0.0294922438386226,322293.794480932,PASS
453,EMP,monthly_maxima,0.1525326355826257,0.029492184840512199,306185.28910060867,PASS
454,TAIL,event_level,-0.1975196426779687,-0.034844311949293001,213189.34719796132,PASS
454,EVENT-EMP,event_level,-0.063050682907607694,-0.038913262230330502,248912.7758031156,PASS
454,GEV,monthly_maxima,-0.086940072763558807,-0.052091169327138802,242566.24858674401,PASS_LMOM_FINITE_MEAN
454,KDE,monthly_maxima,-0.019509974057527999,-0.0520911687868214,260479.93157408229,PASS
454,EMP,monthly_maxima,-0.063050682907607694,-0.0520911687961872,248912.7758031156,PASS
455,TAIL,event_level,0.19591412817867551,0.046581084198871699,317710.14700228773,PASS
455,EVENT-EMP,event_level,-0.093140491496330302,0.0443277941417465,240919.02668288985,PASS
455,GEV,monthly_maxima,0.0497974481310441,0.042671699256929499,278892.34996855003,PASS_LMOM_FINITE_MEAN
455,KDE,monthly_maxima,-0.023476231652693798,0.0426717445864888,259426.24364288599,PASS
455,EMP,monthly_maxima,-0.093140491496330302,0.0426716992569319,240919.02668288985,PASS
456,TAIL,event_level,-0.092491276023770594,-0.081693080724287007,241091.49921947345,PASS
456,EVENT-EMP,event_level,-0.31137250754980988,-0.089649113300579397,182942.8524181456,PASS
456,GEV,monthly_maxima,-0.1973637208728854,-0.094614378285564404,213230.7698540256,PASS_LMOM_FINITE_MEAN
456,KDE,monthly_maxima,-0.27252509334544017,-0.094614378261573595,193263.1734066816,PASS
456,EMP,monthly_maxima,-0.31137250754980988,-0.094614378261573595,182942.8524181456,PASS
457,TAIL,event_level,0.3262742346310874,0.0972720869294873,352342.00526731682,PASS
457,EVENT-EMP,event_level,0.15514479001118239,0.078473003809562597,306879.24190870312,PASS
457,GEV,monthly_maxima,0.18228432973499339,0.076980791027234596,314089.21372194536,PASS_LMOM_FINITE_MEAN
457,KDE,monthly_maxima,0.2141110079175175,0.076982549217610302,322544.38484645064,PASS
457,EMP,monthly_maxima,0.15514479001118239,0.076982545287031995,306879.24190870312,PASS
458,TAIL,event_level,-0.11121233255631929,-0.040907969824475601,236118.00699051839,PASS
458,EVENT-EMP,event_level,-0.068450746201513493,-0.034875692324086598,247478.17873422621,PASS
458,GEV,monthly_maxima,0.043248822174739902,-0.023970063451713101,277152.62228558585,PASS_LMOM_FINITE_MEAN
458,KDE,monthly_maxima,-0.020705170844758002,-0.023968910660318199,260162.41199803559,PASS
458,EMP,monthly_maxima,-0.068450746201513493,-0.023968910729409199,247478.17873422621,PASS
459,TAIL,event_level,-0.112647753985958,-0.025888958037591201,235736.66861289149,PASS
459,EVENT-EMP,event_level,-0.2632214549815855,-0.016424986800233,195734.80597844321,PASS
459,GEV,monthly_maxima,-0.16890285777775971,-0.0055956726748959996,220791.7684112844,PASS_LMOM_FINITE_MEAN
459,KDE,monthly_maxima,-0.2080331737169194,-0.0055956726749403001,210396.29089634781,PASS
459,EMP,monthly_maxima,-0.2632214549815855,-0.0055956726749400998,195734.80597844321,PASS
460,TAIL,event_level,-0.15352429235717299,-0.0099080275256647997,224877.28439051271,PASS
460,EVENT-EMP,event_level,-0.2575608873777579,-0.0066907864405153002,197238.60940642623,PASS
460,GEV,monthly_maxima,-0.13299366386570599,-0.0022058417118334,230331.51295289889,PASS_LMOM_FINITE_MEAN
460,KDE,monthly_maxima,-0.20088196331645289,-0.0022058417118347002,212296.10297653169,PASS
460,EMP,monthly_maxima,-0.2575608873777579,-0.0022058417118347002,197238.60940642623,PASS
461,TAIL,event_level,-0.031999761638261397,0.00090308316094039995,257161.857011032,PASS
461,EVENT-EMP,event_level,-0.094980115465793005,-0.0022545549202495001,240430.30664188068,PASS
461,GEV,monthly_maxima,-0.1109595021986919,0.0023511428011899001,236185.17466434691,PASS_LMOM_FINITE_MEAN
461,KDE,monthly_maxima,-0.055721057108671701,0.0023511428012056002,250859.98625508856,PASS
461,EMP,monthly_maxima,-0.094980115465793005,0.002351142801205,240430.30664188068,PASS
462,TAIL,event_level,-0.0051024392606620001,0.010818880487365099,264307.48063500365,PASS
462,EVENT-EMP,event_level,-0.23155140539374999,0.0078303469085027003,204148.3666790303,PASS
462,GEV,monthly_maxima,-0.089595250150725197,0.0297589727672752,241860.86616996588,PASS_LMOM_FINITE_MEAN
462,KDE,monthly_maxima,-0.16584408404228079,0.0297589727672746,221604.3714487832,PASS
462,EMP,monthly_maxima,-0.23155140539374999,0.0297589727672746,204148.3666790303,PASS
463,TAIL,event_level,0.1586174806446245,0.048120832327703603,307801.80735520774,PASS
463,EVENT-EMP,event_level,0.082182065109291394,0.052205862610993498,287495.744792927,PASS
463,GEV,monthly_maxima,0.28454277392473598,0.073327192040816697,341255.49980406312,PASS_LMOM_FINITE_MEAN
463,KDE,monthly_maxima,0.14417486309974689,0.073342567287672994,303964.93810585031,PASS
463,EMP,monthly_maxima,0.082182065109291394,0.073342536645802994,287495.744792927,PASS
464,TAIL,event_level,-0.1103130813466682,-0.023088204054424601,236356.90477362703,PASS
464,EVENT-EMP,event_level,-0.27416234063143968,-0.021084437479987599,192828.21736455651,PASS
464,GEV,monthly_maxima,-0.17293935380271599,-0.034566350057940301,219719.42072741169,PASS_LMOM_FINITE_MEAN
464,KDE,monthly_maxima,-0.2073791201632868,-0.0345663500579277,210570.04873211187,PASS
464,EMP,monthly_maxima,-0.27416234063143968,-0.034566350057940697,192828.21736455651,PASS
465,TAIL,event_level,0.2288063096906135,0.048276975714643303,326448.38294845802,PASS
465,EVENT-EMP,event_level,-0.1141520420649265,0.045100231674518099,235337.03491391451,PASS
465,GEV,monthly_maxima,0.12216561753082029,0.066001991976448099,298117.89568001789,PASS_LMOM_FINITE_MEAN
465,KDE,monthly_maxima,-0.022119069249045002,0.066002002198606594,259786.79149210811,PASS
465,EMP,monthly_maxima,-0.1141520420649265,0.066001997832829701,235337.03491391451,PASS
466,TAIL,event_level,-0.2923222186258968,-0.074006058581148795,188003.80951518239,PASS
466,EVENT-EMP,event_level,-0.28459556718784529,-0.076493312957197607,190056.49499349296,PASS
466,GEV,monthly_maxima,-0.21476203945556399,-0.076762132999385793,208608.680170284,PASS_LMOM_FINITE_MEAN
466,KDE,monthly_maxima,-0.25656815183741077,-0.076762132967201996,197502.34251821617,PASS
466,EMP,monthly_maxima,-0.28459556718784529,-0.076762132967202204,190056.49499349296,PASS
467,TAIL,event_level,-0.031277553102917001,0.030650732601527401,257353.72110438452,PASS
467,EVENT-EMP,event_level,-0.1779539146194978,0.033067720330675399,218387.23740696043,PASS
467,GEV,monthly_maxima,-0.030274471543409499,0.032720101333765801,257620.20277076625,PASS_LMOM_FINITE_MEAN
467,KDE,monthly_maxima,-0.1133944686109303,0.032720101333886899,235538.29415800481,PASS
467,EMP,monthly_maxima,-0.1779539146194978,0.0327201013337656,218387.23740696043,PASS
468,TAIL,event_level,-0.2214335459495434,-0.092693944635188597,206836.30767380973,PASS
468,EVENT-EMP,event_level,-0.30095087927547221,-0.088798300607858399,185711.49355468404,PASS
468,GEV,monthly_maxima,-0.1693591676200453,-0.078118427237003907,220670.5437650868,PASS_LMOM_FINITE_MEAN
468,KDE,monthly_maxima,-0.24372605843801559,-0.078118427237001298,200914.0117054953,PASS
468,EMP,monthly_maxima,-0.30095087927547221,-0.078118427237001506,185711.49355468404,PASS
469,TAIL,event_level,0.12208728959604929,0.048380255296257897,298097.08684509894,PASS
469,EVENT-EMP,event_level,0.58323471976504393,0.084159010035949694,420606.901200958,PASS
469,GEV,monthly_maxima,0.69607947883363219,0.082611597807586895,450585.5795586757,PASS_LMOM_FINITE_MEAN
469,KDE,monthly_maxima,0.6791578364942511,0.085625077216744006,446090.12512052752,PASS
469,EMP,monthly_maxima,0.58323471976504393,0.0854140254285395,420606.901200958,PASS
470,TAIL,event_level,-0.0016836446227727999,-0.058609416821248601,265215.72790910234,PASS
470,EVENT-EMP,event_level,-0.17722113187175009,-0.049438851910451803,218581.91067740851,PASS
470,GEV,monthly_maxima,0.090431639039777606,-0.076320588404105993,289687.3514345783,PASS_LMOM_FINITE_MEAN
470,KDE,monthly_maxima,-0.1025001551275269,-0.076312259137128205,238432.51026996964,PASS
470,EMP,monthly_maxima,-0.17722113187175009,-0.076312265820929107,218581.91067740851,PASS
471,TAIL,event_level,-0.233635936437776,-0.073121849218335006,203594.58388742051,PASS
471,EVENT-EMP,event_level,-0.28969885653906818,-0.070019414428326807,188700.73978350853,PASS
471,GEV,monthly_maxima,-0.25208650201970578,-0.049752271886594202,198692.95109858667,PASS_LMOM_FINITE_MEAN
471,KDE,monthly_maxima,-0.25514805055983658,-0.049752271886580497,197879.61089813185,PASS
471,EMP,monthly_maxima,-0.28969885653906818,-0.049752271886580698,188700.73978350853,PASS
472,TAIL,event_level,0.0144685269673849,0.0029130750324576999,269506.7624318992,PASS
472,EVENT-EMP,event_level,-0.1053032277758414,0.003322781042807,237687.83755294909,PASS
472,GEV,monthly_maxima,-0.0292521033135506,0.037686722448911802,257891.80819204645,PASS_LMOM_FINITE_MEAN
472,KDE,monthly_maxima,-0.0655273695356582,0.037686731789470802,248254.81177866264,PASS
472,EMP,monthly_maxima,-0.1053032277758414,0.037686731789470802,237687.83755294909,PASS
473,TAIL,event_level,0.097858992741846396,0.057929776001326802,291660.52457545931,PASS
473,EVENT-EMP,event_level,-0.041345401556877603,0.062246775484461003,254679.06617980736,PASS
473,GEV,monthly_maxima,0.17707499151063361,0.073315667573887605,312705.28524911549,PASS_LMOM_FINITE_MEAN
473,KDE,monthly_maxima,0.038652073352102398,0.073318025961701005,275931.43615711614,PASS
473,EMP,monthly_maxima,-0.041345401556877603,0.073318025511359602,254679.06617980736,PASS
474,TAIL,event_level,0.032915965070478802,0.0106754475718044,274407.56436529179,PASS
474,EVENT-EMP,event_level,-0.019745817382879002,0.0103138821396317,260417.27672637932,PASS
474,GEV,monthly_maxima,0.10872720920519149,0.030090840342808199,294547.80767452321,PASS_LMOM_FINITE_MEAN
474,KDE,monthly_maxima,0.031227205439413298,0.030091994825246202,273958.923398524,PASS
474,EMP,monthly_maxima,-0.019745817382879002,0.0300919946874302,260417.27672637932,PASS
475,TAIL,event_level,0.14602376989192101,0.020340759802152299,304456.12424948235,PASS
475,EVENT-EMP,event_level,0.48766155589277799,0.039519323951760998,395216.64681072411,PASS
475,GEV,monthly_maxima,0.59181589594868711,0.017242772111052299,422886.60229530814,PASS_LMOM_FINITE_MEAN
475,KDE,monthly_maxima,0.57634489947339362,0.022486281116219,418776.53080386826,PASS
475,EMP,monthly_maxima,0.48766155589277799,0.0223704792210947,395216.64681072411,PASS
476,TAIL,event_level,0.057111485413976898,0.020205636274047999,280835.41912844009,PASS
476,EVENT-EMP,event_level,-0.1517827103851985,0.029956566891625399,225339.95829936201,PASS
476,GEV,monthly_maxima,0.046884769092605798,0.023677036116536699,278118.55888801313,PASS_LMOM_FINITE_MEAN
476,KDE,monthly_maxima,-0.060638145012407302,0.023677043736900098,249553.69788211133,PASS
476,EMP,monthly_maxima,-0.1517827103851985,0.0236770361165369,225339.95829936201,PASS
477,TAIL,event_level,0.12758411867335201,-0.00041152442780059998,299557.39100327122,PASS
477,EVENT-EMP,event_level,0.73224762699002877,0.021746643137575902,460194.11866429652,PASS
477,GEV,monthly_maxima,0.62131859553948143,0.0216469556743961,430724.37827194179,PASS_LMOM_FINITE_MEAN
477,KDE,monthly_maxima,0.83491108805005421,0.031986572805531799,487468.00274727738,PASS
477,EMP,monthly_maxima,0.73224762699002877,0.0315437149042107,460194.11866429652,PASS
478,TAIL,event_level,-0.084264409357051095,-0.0087248135674515993,243277.07338108344,PASS
478,EVENT-EMP,event_level,-0.21032985997720821,-0.0097364377314973008,209786.14631139691,PASS
478,GEV,monthly_maxima,-0.087588896896048707,-0.0054004306534104997,242393.88001474133,PASS_LMOM_FINITE_MEAN
478,KDE,monthly_maxima,-0.15191798985641311,-0.0054004306529308,225304.01954784687,PASS
478,EMP,monthly_maxima,-0.21032985997720821,-0.0054004306534113002,209786.14631139691,PASS
479,TAIL,event_level,0.1175769256047275,0.0153045423182543,296898.84997093555,PASS
479,EVENT-EMP,event_level,-0.078944317284679294,0.013949633246546101,244690.42505454607,PASS
479,GEV,monthly_maxima,0.027685386473962601,0.027307913418957601,273017.99311126122,PASS_LMOM_FINITE_MEAN
479,KDE,monthly_maxima,-0.0254265429496894,0.0273079150429777,258908.1180732747,PASS
479,EMP,monthly_maxima,-0.078944317284679294,0.027307913419084399,244690.42505454607,PASS
480,TAIL,event_level,-0.25483201989886411,-0.062477729233554297,197963.56855478039,PASS
480,EVENT-EMP,event_level,-0.33482279069845478,-0.060859724407334101,176712.97961135145,PASS
480,GEV,monthly_maxima,-0.23658089702097701,-0.0555059775415256,202812.2167945343,PASS_LMOM_FINITE_MEAN
480,KDE,monthly_maxima,-0.28129368994747261,-0.055505977541525003,190933.68163984519,PASS
480,EMP,monthly_maxima,-0.33482279069845478,-0.055505977541524802,176712.97961135145,PASS
481,TAIL,event_level,-0.062072007157550298,-0.019425232107886801,249172.77374869701,PASS
481,EVENT-EMP,event_level,-0.048980142766460802,-0.0030101236152453,252650.79784944217,PASS
481,GEV,monthly_maxima,0.1307060063399447,-0.042750622824880902,300386.76107768313,PASS_LMOM_FINITE_MEAN
481,KDE,monthly_maxima,0.0049553809218098998,-0.0427422496585457,266979.47141879203,PASS
481,EMP,monthly_maxima,-0.048980142766460802,-0.042742259930809497,252650.79784944217,PASS
482,TAIL,event_level,0.0289250488409378,-0.0030494455521449001,273347.32554706465,PASS
482,EVENT-EMP,event_level,-0.23295091689573011,-0.018176730154111,203776.56824087439,PASS
482,GEV,monthly_maxima,-0.0829067839959578,-0.028992009418314799,243637.74422097381,PASS_LMOM_FINITE_MEAN
482,KDE,monthly_maxima,-0.17738445430511421,-0.0289920094182608,218538.52194815929,PASS
482,EMP,monthly_maxima,-0.23295091689573011,-0.0289920094182828,203776.56824087439,PASS
483,TAIL,event_level,0.1923376895175743,0.034347048886521299,316760.01954247284,PASS
483,EVENT-EMP,event_level,-0.15197043040377159,0.0020684970692409002,225290.08803418925,PASS
483,GEV,monthly_maxima,0.0065299118221142996,-0.0015182812826620999,267397.76603711653,PASS_LMOM_FINITE_MEAN
483,KDE,monthly_maxima,-0.1046648882567224,-0.0015180600351121999,237857.42075100489,PASS
483,EMP,monthly_maxima,-0.15197043040377159,-0.0015180600351383999,225290.08803418925,PASS
484,TAIL,event_level,0.31965429134620488,0.044546879742110003,350583.33120817679,PASS
484,EVENT-EMP,event_level,-0.27609218243100259,-0.0010239021922244,192315.52978324657,PASS
484,GEV,monthly_maxima,-0.1704170257414945,0.0279522627293399,220389.50999238185,PASS_LMOM_FINITE_MEAN
484,KDE,monthly_maxima,-0.22141281924899411,0.027952262729339299,206841.8139914652,PASS
484,EMP,monthly_maxima,-0.27609218243100259,0.027952262729339199,192315.52978324657,PASS
485,TAIL,event_level,0.13582685953710699,0.017196122054202598,301747.18235184712,PASS
485,EVENT-EMP,event_level,1.0169804471228361,0.086482486581246701,535837.09670866537,PASS
485,GEV,monthly_maxima,1.0343065043443265,0.057068072345228801,540439.9892216865,PASS_LMOM_FINITE_MEAN
485,KDE,monthly_maxima,1.1489207875450649,0.082454137533139807,570888.76468663185,PASS
485,EMP,monthly_maxima,1.0169804471228361,0.077105409231145103,535837.09670866537,PASS
486,TAIL,event_level,-0.034013075433004601,-0.0083276692402360995,256626.99400823112,PASS
486,EVENT-EMP,event_level,0.029996450461783501,-0.0081478707490223005,273631.95732658531,PASS
486,GEV,monthly_maxima,0.053363895781659003,-0.029675310207646299,279839.8231864461,PASS_LMOM_FINITE_MEAN
486,KDE,monthly_maxima,0.079086361464052193,-0.029652349034792001,286673.33084444195,PASS
486,EMP,monthly_maxima,0.029996450461783501,-0.029652349116942402,273631.95732658531,PASS
487,TAIL,event_level,-0.16414848362359591,-0.063215286735062506,222054.82975978081,PASS
487,EVENT-EMP,event_level,-0.3117788297826472,-0.066066581251141704,182834.90763073711,PASS
487,GEV,monthly_maxima,-0.23635735422088541,-0.052732807894268097,202871.60384767209,PASS_LMOM_FINITE_MEAN
487,KDE,monthly_maxima,-0.26250159812834079,-0.052732807892824897,195926.04531685065,PASS
487,EMP,monthly_maxima,-0.3117788297826472,-0.052732807892824703,182834.90763073711,PASS
488,TAIL,event_level,0.28975372867625793,0.068245522379828394,342639.85772836464,PASS
488,EVENT-EMP,event_level,0.36113012471237471,0.077719153572255006,361601.92594279762,PASS
488,GEV,monthly_maxima,0.43266876684547739,0.0817262539533542,380607.0969437178,PASS_LMOM_FINITE_MEAN
488,KDE,monthly_maxima,0.43936517434874778,0.081831345703675104,382386.08471727255,PASS
488,EMP,monthly_maxima,0.36113012471237471,0.081820829012508506,361601.92594279762,PASS
489,TAIL,event_level,-0.1000987595364716,-0.020575487325852699,239070.47225090783,PASS
489,EVENT-EMP,event_level,-0.21026491638832601,-0.0123489799803825,209803.39942070004,PASS
489,GEV,monthly_maxima,-0.1217090656498715,-0.033011156038442402,233329.41328164129,PASS_LMOM_FINITE_MEAN
489,KDE,monthly_maxima,-0.16646949848611681,-0.033011156038390999,221438.22196513164,PASS
489,EMP,monthly_maxima,-0.21026491638832601,-0.033011156038440501,209803.39942070004,PASS
490,TAIL,event_level,-0.2241276894010342,-0.067766998478824794,206120.57341509504,PASS
490,EVENT-EMP,event_level,-0.24330114663240079,-0.068627386468850193,201026.89505476257,PASS
490,GEV,monthly_maxima,-0.17743839218165741,-0.073964770129326798,218524.19264952344,PASS_LMOM_FINITE_MEAN
490,KDE,monthly_maxima,-0.19860729201005409,-0.073964770129179694,212900.39900256705,PASS
490,EMP,monthly_maxima,-0.24330114663240079,-0.073964770129179694,201026.89505476257,PASS
491,TAIL,event_level,0.28508617919547308,0.0980406522727197,341399.86248394102,PASS
491,EVENT-EMP,event_level,0.26481586633952542,0.095896981501309903,336014.79015683883,PASS
491,GEV,monthly_maxima,0.4611832204752514,0.097655259066260602,388182.33252371917,PASS_LMOM_FINITE_MEAN
491,KDE,monthly_maxima,0.33599248825724892,0.098261341852280901,354923.78577765787,PASS
491,EMP,monthly_maxima,0.26481586633952542,0.098260903120898593,336014.79015683883,PASS
492,TAIL,event_level,0.097489564769639894,-0.019037684825831101,291562.381228382,PASS
492,EVENT-EMP,event_level,-0.1119436546394894,-0.0275226177374919,235923.72176461856,PASS
492,GEV,monthly_maxima,-0.053586971667499303,-0.019315337887712902,251426.93381700333,PASS_LMOM_FINITE_MEAN
492,KDE,monthly_maxima,-0.066477010411075399,-0.0193153378425951,248002.52732527329,PASS
492,EMP,monthly_maxima,-0.1119436546394894,-0.0193153378877115,235923.72176461856,PASS
493,TAIL,event_level,-0.1645899802106349,-0.062024427708243998,221937.54044755999,PASS
493,EVENT-EMP,event_level,-0.29699191331769309,-0.074299024995341897,186763.24436754439,PASS
493,GEV,monthly_maxima,-0.30362117574346859,-0.067330974886949294,185002.09455738409,PASS_LMOM_FINITE_MEAN
493,KDE,monthly_maxima,-0.26729261980750357,-0.067330974893399897,194653.24807655369,PASS
493,EMP,monthly_maxima,-0.29699191331769309,-0.067330974893399703,186763.24436754439,PASS
494,TAIL,event_level,0.056072845117269399,0.030920778809498999,280559.49082090182,PASS
494,EVENT-EMP,event_level,-0.16699941462608009,0.032771117188141297,221297.44284833749,PASS
494,GEV,monthly_maxima,0.034644141205204898,0.037484463870362202,274866.67683906603,PASS_LMOM_FINITE_MEAN
494,KDE,monthly_maxima,-0.10097959245192099,0.0374844687050312,238836.46752727599,PASS
494,EMP,monthly_maxima,-0.16699941462608009,0.037484468704954102,221297.44284833749,PASS
495,TAIL,event_level,0.047124282981845497,0.0119338533770714,278182.18886876712,PASS
495,EVENT-EMP,event_level,-0.080363019279954706,0.0113248384227401,244313.52841217769,PASS
495,GEV,monthly_maxima,0.1190351134675243,0.020985591451936798,297286.23654772242,PASS_LMOM_FINITE_MEAN
495,KDE,monthly_maxima,-0.032783407515931902,0.021014953638898201,256953.67128839009,PASS
495,EMP,monthly_maxima,-0.080363019279954706,0.021014953638411101,244313.52841217769,PASS
496,TAIL,event_level,-0.17747687028138739,-0.0421976250437315,218513.97044172985,PASS
496,EVENT-EMP,event_level,-0.052244744360424603,-0.047401562765486301,251783.51396351488,PASS
496,GEV,monthly_maxima,0.0623197924367523,-0.039304919167257098,282219.07364915311,PASS_LMOM_FINITE_MEAN
496,KDE,monthly_maxima,-0.0096171476435443996,-0.038349310025671803,263108.08961670159,PASS
496,EMP,monthly_maxima,-0.052244744360424603,-0.0383493100256736,251783.51396351488,PASS
497,TAIL,event_level,0.25213355511227981,0.073580202312530193,332645.56918235851,PASS
497,EVENT-EMP,event_level,0.32853658442221101,0.075947372662875004,352943.02792251622,PASS
497,GEV,monthly_maxima,0.37142412706049838,0.086576879661492995,364336.66159162309,PASS_LMOM_FINITE_MEAN
497,KDE,monthly_maxima,0.39994791291743648,0.086812388994638404,371914.37639918295,PASS
497,EMP,monthly_maxima,0.32853658442221101,0.0868116825344728,352943.02792251622,PASS
498,TAIL,event_level,-0.20121453910816831,-0.0549955801799119,212207.74989064905,PASS
498,EVENT-EMP,event_level,-0.091526939824818104,-0.057516558048462299,241347.68767674619,PASS
498,GEV,monthly_maxima,-0.041033710331111799,-0.0599782780993314,254761.87100903719,PASS_LMOM_FINITE_MEAN
498,KDE,monthly_maxima,-0.050038121245908403,-0.059972345067536202,252369.7321020691,PASS
498,EMP,monthly_maxima,-0.091526939824818104,-0.059972345067596397,241347.68767674619,PASS
499,TAIL,event_level,-0.098508085084400301,-0.045043874603828603,239493.05561378691,PASS
499,EVENT-EMP,event_level,-0.28775263623859421,-0.0543234000079683,189217.77852666989,PASS
499,GEV,monthly_maxima,-0.2081527286186878,-0.064553825904282103,210364.52958128287,PASS_LMOM_FINITE_MEAN
499,KDE,monthly_maxima,-0.2486541711844254,-0.064553825904281506,199604.7944396284,PASS
499,EMP,monthly_maxima,-0.28775263623859421,-0.064553825904281298,189217.77852666989,PASS
500,TAIL,event_level,-0.042428099567078097,0.0152371639078881,254391.4333674885,PASS
500,EVENT-EMP,event_level,-0.016428633054285199,0.024781000352103101,261298.52989986289,PASS
500,GEV,monthly_maxima,0.1175711134283029,0.020908206512322801,296897.30589065189,PASS_LMOM_FINITE_MEAN
500,KDE,monthly_maxima,0.034785467041310102,0.020915845252859,274904.22188607755,PASS
500,EMP,monthly_maxima,-0.016428633054285199,0.0209158452340658,261298.52989986289,PASS
501,TAIL,event_level,0.0273404887994638,-0.0089171618650026995,272926.36655690928,PASS
501,EVENT-EMP,event_level,0.0250189747367549,-0.0071401272325848,272309.6261432356,PASS
501,GEV,monthly_maxima,0.1974276298585767,-0.0082562482755842003,318112.22841422149,PASS_LMOM_FINITE_MEAN
501,KDE,monthly_maxima,0.080469143254127407,-0.0081804714542579003,287040.68481697672,PASS
501,EMP,monthly_maxima,0.0250189747367549,-0.0081804797026794,272309.6261432356,PASS
502,TAIL,event_level,-0.17199786387963681,-0.021690228158044,219969.53977426849,PASS
502,EVENT-EMP,event_level,-0.28119476961681711,-0.019657459723783799,190959.96111263809,PASS
502,GEV,monthly_maxima,-0.22462722687219649,-0.0163250973511622,205987.86478689456,PASS_LMOM_FINITE_MEAN
502,KDE,monthly_maxima,-0.2459177987573031,-0.0163250973511622,200331.74737511887,PASS
502,EMP,monthly_maxima,-0.28119476961681711,-0.016325097351162599,190959.96111263809,PASS
503,TAIL,event_level,-0.1233026072703379,-0.033668837802038901,232906.06821817619,PASS
503,EVENT-EMP,event_level,-0.1833967895402247,-0.038212034839577101,216941.26687242649,PASS
503,GEV,monthly_maxima,0.061100435088179,-0.0250719684363436,281895.13550565654,PASS_LMOM_FINITE_MEAN
503,KDE,monthly_maxima,-0.116115892606426,-0.024990184665087099,234815.3124678552,PASS
503,EMP,monthly_maxima,-0.1833967895402247,-0.024990184665124399,216941.26687242649,PASS
504,TAIL,event_level,0.1779060354322905,0.0113382869633361,312926.06287879118,PASS
504,EVENT-EMP,event_level,-0.0469349462635568,0.0014309121752748,253194.13090846012,PASS
504,GEV,monthly_maxima,0.094806742291270701,-0.0026756294329702999,290849.65453346301,PASS_LMOM_FINITE_MEAN
504,KDE,monthly_maxima,0.0062777677539341001,-0.0026752611417180999,267330.78068500827,PASS
504,EMP,monthly_maxima,-0.0469349462635568,-0.0026752626455967001,253194.13090846012,PASS
505,TAIL,event_level,0.1039131050956604,0.015128103874791601,293268.87828629633,PASS
505,EVENT-EMP,event_level,-0.035871337218666297,0.0111922015635106,256133.32258887056,PASS
505,GEV,monthly_maxima,0.085739619446503101,0.0223203574696078,288440.85538641544,PASS_LMOM_FINITE_MEAN
505,KDE,monthly_maxima,0.026813984897839101,0.0223204283313416,272786.49394562305,PASS
505,EMP,monthly_maxima,-0.035871337218666297,0.022320425552858299,256133.32258887056,PASS
506,TAIL,event_level,-0.20382608473298749,-0.046929767209166001,211513.958819188,PASS
506,EVENT-EMP,event_level,-0.23163007015280351,-0.0464303692357921,204127.46836235863,PASS
506,GEV,monthly_maxima,-0.0906041234545958,-0.035393431776432401,241592.84585134359,PASS_LMOM_FINITE_MEAN
506,KDE,monthly_maxima,-0.18489129467766399,-0.035393244707914502,216544.23213914287,PASS
506,EMP,monthly_maxima,-0.23163007015280351,-0.035393244707914502,204127.46836235863,PASS
507,TAIL,event_level,0.088824901723048494,0.01551044730751,289260.5007627249,PASS
507,EVENT-EMP,event_level,-0.26131597845005228,-0.0010358969750005999,196241.02060930879,PASS
507,GEV,monthly_maxima,-0.071780130771411293,0.0040322258619615,246593.68440791505,PASS_LMOM_FINITE_MEAN
507,KDE,monthly_maxima,-0.1744645865166114,0.0040322258619672003,219314.22281367649,PASS
507,EMP,monthly_maxima,-0.26131597845005228,0.0040322258619618998,196241.02060930879,PASS
508,TAIL,event_level,0.14019363471556609,0.028004245382186099,302907.27298978204,PASS
508,EVENT-EMP,event_level,-0.12833335623087819,0.0144463119583076,231569.5843067276,PASS
508,GEV,monthly_maxima,0.065244174893818702,0.010218252738040201,282995.97389511013,PASS_LMOM_FINITE_MEAN
508,KDE,monthly_maxima,-0.056638468765975503,0.010218286007345499,250616.26391279337,PASS
508,EMP,monthly_maxima,-0.12833335623087819,0.0102182859341942,231569.5843067276,PASS
509,TAIL,event_level,0.1373534937407398,0.029970788077310399,302152.75258956442,PASS
509,EVENT-EMP,event_level,-0.050939327543901403,0.020766861699985401,252130.31492430667,PASS
509,GEV,monthly_maxima,0.0580071603544563,0.020411967330090201,281073.36682911601,PASS_LMOM_FINITE_MEAN
509,KDE,monthly_maxima,0.0027837942068653998,0.0204119689054547,266402.56115560787,PASS
509,EMP,monthly_maxima,-0.050939327543901403,0.020411967337222201,252130.31492430667,PASS
510,TAIL,event_level,0.13757275295520111,0.027818965717492102,302211.00165245007,PASS
510,EVENT-EMP,event_level,-0.20307253461871899,0.025621333803075099,211714.14921073601,PASS
510,GEV,monthly_maxima,-0.105141109438501,0.041463415982645302,237730.90639842435,PASS_LMOM_FINITE_MEAN
510,KDE,monthly_maxima,-0.1417916068655718,0.041463415990539799,227994.22493368128,PASS
510,EMP,monthly_maxima,-0.20307253461871899,0.041463415982643498,211714.14921073601,PASS
511,TAIL,event_level,0.1091157998953312,0.023043857455634201,294651.04184692656,PASS
511,EVENT-EMP,event_level,-0.14459184271013231,0.020777444815166,227250.30585048479,PASS
511,GEV,monthly_maxima,-0.0051694174839345998,0.014075900826715801,264289.6869986041,PASS_LMOM_FINITE_MEAN
511,KDE,monthly_maxima,-0.064599930863094998,0.014075902358826,248501.19792801305,PASS
511,EMP,monthly_maxima,-0.14459184271013231,0.0140759008267168,227250.30585048479,PASS
512,TAIL,event_level,-0.1473856397024606,-0.037772412270826498,226508.09733215327,PASS
512,EVENT-EMP,event_level,-0.26153943446508482,-0.038005643114181802,196181.65661175089,PASS
512,GEV,monthly_maxima,-0.1707461763515063,-0.0248782508431897,220302.06685058039,PASS_LMOM_FINITE_MEAN
512,KDE,monthly_maxima,-0.21473820754590819,-0.024878250843192801,208615.01142713739,PASS
512,EMP,monthly_maxima,-0.26153943446508482,-0.024878250843192801,196181.65661175089,PASS
513,TAIL,event_level,-0.1057592494787732,-0.0336922162155988,237566.6894547196,PASS
513,EVENT-EMP,event_level,-0.17380437386355349,-0.032479892892953902,219489.61689433284,PASS
513,GEV,monthly_maxima,-0.1214508591624948,-0.020559458323664601,233398.00919428124,PASS_LMOM_FINITE_MEAN
513,KDE,monthly_maxima,-0.13774861554291551,-0.020559458322455301,229068.29817789185,PASS
513,EMP,monthly_maxima,-0.17380437386355349,-0.020559458322455499,219489.61689433284,PASS
514,TAIL,event_level,0.1023604698303304,0.0091128251151170996,292856.40052826522,PASS
514,EVENT-EMP,event_level,-0.048586851329349,0.014786363613851401,252755.28083643541,PASS
514,GEV,monthly_maxima,-0.0249606610522729,0.021223988477718999,259031.88566045032,PASS_LMOM_FINITE_MEAN
514,KDE,monthly_maxima,0.0004501865033929,0.021223988652530001,265782.60790892696,PASS
514,EMP,monthly_maxima,-0.048586851329349,0.0212239884777192,252755.28083643541,PASS
515,TAIL,event_level,0.27907977229341419,0.033081535347289498,339804.182347011,PASS
515,EVENT-EMP,event_level,-0.065365885340881794,0.026594511269161101,248297.71215591559,PASS
515,GEV,monthly_maxima,0.27172458166235358,0.0028103478396404001,337850.18026478542,PASS_LMOM_FINITE_MEAN
515,KDE,monthly_maxima,0.0426931860501907,0.0028264229195935002,277005.01032026927,PASS
515,EMP,monthly_maxima,-0.065365885340881794,0.0028253723587348002,248297.71215591559,PASS
516,TAIL,event_level,0.030443401440777101,-0.011292312904339699,273750.69566899049,PASS
516,EVENT-EMP,event_level,0.28460180168546639,-0.0023771107149153999,341271.18129665282,PASS
516,GEV,monthly_maxima,0.2715962933833756,0.021664629103927999,337816.09881444345,PASS_LMOM_FINITE_MEAN
516,KDE,monthly_maxima,0.3534510689998554,0.021782195539234599,359561.88488819543,PASS
516,EMP,monthly_maxima,0.28460180168546639,0.021780385356896099,341271.18129665282,PASS
517,TAIL,event_level,-0.14340341597508929,-0.062280823580036303,227566.02687408961,PASS
517,EVENT-EMP,event_level,-0.3108049911872558,-0.067649926909248106,183093.62052325011,PASS
517,GEV,monthly_maxima,-0.22409908918300639,-0.073916362747560402,206128.1714351032,PASS_LMOM_FINITE_MEAN
517,KDE,monthly_maxima,-0.27488522831333972,-0.073916362747561096,192636.17284708569,PASS
517,EMP,monthly_maxima,-0.3108049911872558,-0.073916362747561096,183093.62052325011,PASS
518,TAIL,event_level,-0.068051979799122503,-0.018901450216501602,247584.11621697521,PASS
518,EVENT-EMP,event_level,-0.0391761223325756,0.0046923386189525003,255255.36342808188,PASS
518,GEV,monthly_maxima,0.068184920560505097,0.032989351033211697,283777.22124058817,PASS_LMOM_FINITE_MEAN
518,KDE,monthly_maxima,0.010162502682810701,0.032989386097101898,268362.81105929438,PASS
518,EMP,monthly_maxima,-0.0391761223325756,0.032989386056205501,255255.36342808188,PASS
519,TAIL,event_level,-0.186882278447387,-0.046391522652596197,216015.30139800248,PASS
519,EVENT-EMP,event_level,-0.1948964594664698,-0.053632379636034302,213886.22994572896,PASS
519,GEV,monthly_maxima,-0.085085568985814999,-0.054388274496476201,243058.92164240943,PASS_LMOM_FINITE_MEAN
519,KDE,monthly_maxima,-0.15903805041749319,-0.0543763795294896,223412.48282775565,PASS
519,EMP,monthly_maxima,-0.1948964594664698,-0.0543763795294896,213886.22994572896,PASS
520,TAIL,event_level,-0.21039453246953521,-0.073712072962957204,209768.96522242064,PASS
520,EVENT-EMP,event_level,-0.30420868473195462,-0.0726010261565498,184846.01515109651,PASS
520,GEV,monthly_maxima,-0.24889337763457031,-0.069152141724964006,199541.24613406969,PASS_LMOM_FINITE_MEAN
520,KDE,monthly_maxima,-0.2673663502554901,-0.069152141724911603,194633.66062381241,PASS
520,EMP,monthly_maxima,-0.30420868473195462,-0.069152141724911395,184846.01515109651,PASS
521,TAIL,event_level,-0.1037513299806276,-0.037937462890369797,238100.11939244939,PASS
521,EVENT-EMP,event_level,-0.1676170671932371,-0.0381257455331672,221133.35540820772,PASS
521,GEV,monthly_maxima,-0.057656106931811398,-0.037047437286805901,250345.91509455905,PASS_LMOM_FINITE_MEAN
521,KDE,monthly_maxima,-0.1205635971554545,-0.0370474137253268,233633.7218897368,PASS
521,EMP,monthly_maxima,-0.1676170671932371,-0.037047413725433798,221133.35540820772,PASS
522,TAIL,event_level,0.0217048860564233,0.0158146539764825,271429.19536898733,PASS
522,EVENT-EMP,event_level,-0.13763501112741791,0.0193343975331778,229098.47866886307,PASS
522,GEV,monthly_maxima,-0.044798333582467702,0.0418771549333204,253761.74986453823,PASS_LMOM_FINITE_MEAN
522,KDE,monthly_maxima,-0.088683494152494199,0.041877154934328198,242103.08601284825,PASS
522,EMP,monthly_maxima,-0.13763501112741791,0.041877154933320601,229098.47866886307,PASS
523,TAIL,event_level,0.1388709006477844,0.0105025051992233,302555.87147589587,PASS
523,EVENT-EMP,event_level,-0.18502668538215589,-0.0079777154462045002,216508.26383706051,PASS
523,GEV,monthly_maxima,-0.1191450237865405,-0.00076502022681269996,234010.58436083875,PASS_LMOM_FINITE_MEAN
523,KDE,monthly_maxima,-0.1397183725080538,-0.00076502022677460001,228545.00661355021,PASS
523,EMP,monthly_maxima,-0.18502668538215589,-0.00076502022681289999,216508.26383706051,PASS
524,TAIL,event_level,0.091273075657067895,0.048511971605020701,289910.89001905808,PASS
524,EVENT-EMP,event_level,0.17072538141497151,0.054183157643157398,311018.42871872871,PASS
524,GEV,monthly_maxima,0.28789245736691499,0.046350225809722798,342145.38678988424,PASS_LMOM_FINITE_MEAN
524,KDE,monthly_maxima,0.23609044390196449,0.046374704428490003,328383.50796834315,PASS
524,EMP,monthly_maxima,0.17072538141497151,0.046374429925492497,311018.42871872871,PASS
525,TAIL,event_level,0.060363465308568003,0.020619931423253499,281699.3498957206,PASS
525,EVENT-EMP,event_level,-0.20244065299081879,0.0111153823341673,211882.01678597232,PASS
525,GEV,monthly_maxima,-0.1194543240081645,0.0270667403477294,233928.41473296616,PASS_LMOM_FINITE_MEAN
525,KDE,monthly_maxima,-0.15564053685119381,0.0270667403477294,224315.07650831959,PASS
525,EMP,monthly_maxima,-0.20244065299081879,0.027066740347729198,211882.01678597232,PASS
526,TAIL,event_level,0.2274935843402664,0.0692504682788634,326099.64038057177,PASS
526,EVENT-EMP,event_level,0.2343238631866548,0.079718420821172406,327914.192818093,PASS
526,GEV,monthly_maxima,0.54101076178901286,0.080492934764795604,409389.55743062077,PASS_LMOM_FINITE_MEAN
526,KDE,monthly_maxima,0.31287588441527681,0.0809583370938321,348782.55921985162,PASS
526,EMP,monthly_maxima,0.2343238631866548,0.080945583370518201,327914.192818093,PASS
527,TAIL,event_level,-0.096157967006475595,-0.045433892926017301,240117.39505624119,PASS
527,EVENT-EMP,event_level,-0.26343670164025268,-0.059295641229538197,195677.62290320767,PASS
527,GEV,monthly_maxima,-0.18022260853669539,-0.0859923937702535,217784.52935213229,PASS_LMOM_FINITE_MEAN
527,KDE,monthly_maxima,-0.22649988052789441,-0.085992393770252501,205490.36998002056,PASS
527,EMP,monthly_maxima,-0.26343670164025268,-0.085992393770252695,195677.62290320767,PASS
528,TAIL,event_level,-0.1135571096693095,-0.0299477272530311,235495.086444885,PASS
528,EVENT-EMP,event_level,-0.21172965013392089,-0.034529787084410103,209414.27384498599,PASS
528,GEV,monthly_maxima,-0.1124121796587985,-0.0355462924403512,235799.25199772519,PASS_LMOM_FINITE_MEAN
528,KDE,monthly_maxima,-0.14999668904301339,-0.035546292430742497,225814.43810506439,PASS
528,EMP,monthly_maxima,-0.21172965013392089,-0.035546292430744697,209414.27384498599,PASS
529,TAIL,event_level,0.0212016245678802,0.0038942081045256999,271295.49740712019,PASS
529,EVENT-EMP,event_level,-0.19277761842225441,0.0027690226961953001,214449.12763526241,PASS
529,GEV,monthly_maxima,-0.060448611961774097,-0.0038218007289032999,249604.04980283839,PASS_LMOM_FINITE_MEAN
529,KDE,monthly_maxima,-0.1443549416936018,-0.0038218007284725,227313.24168761011,PASS
529,EMP,monthly_maxima,-0.19277761842225441,-0.0038218007284995998,214449.12763526241,PASS
530,TAIL,event_level,-0.078292350504914399,-0.0210574111062161,244863.62851168323,PASS
530,EVENT-EMP,event_level,-0.096805241418429902,-0.022094598784032801,239945.43818766059,PASS
530,GEV,monthly_maxima,0.0069283370003486999,-0.036488544697112303,267503.61286922899,PASS_LMOM_FINITE_MEAN
530,KDE,monthly_maxima,-0.049418100495909403,-0.0364869357515075,252534.44868078089,PASS
530,EMP,monthly_maxima,-0.096805241418429902,-0.036486935756819099,239945.43818766059,PASS
531,TAIL,event_level,-0.1001966761724518,-0.024060614657228498,239044.45942266352,PASS
531,EVENT-EMP,event_level,-0.19201179335086829,-0.0127314782871224,214652.57902886599,PASS
531,GEV,monthly_maxima,0.089281079859110796,-0.0069319324984297003,289381.69041945075,PASS_LMOM_FINITE_MEAN
531,KDE,monthly_maxima,-0.1101522639410399,-0.0069228372961584001,236399.62800966785,PASS
531,EMP,monthly_maxima,-0.19201179335086829,-0.0069228372978424003,214652.57902886599,PASS
532,TAIL,event_level,-0.1021880575099299,-0.026467340727504299,238515.42306247659,PASS
532,EVENT-EMP,event_level,-0.1634795126067069,-0.026488769316111101,222232.55061373519,PASS
532,GEV,monthly_maxima,-0.14552354825832309,-0.0064958237616563998,227002.78615011188,PASS_LMOM_FINITE_MEAN
532,KDE,monthly_maxima,-0.12517740774595729,-0.0064958237616567997,232408.0030806599,PASS
532,EMP,monthly_maxima,-0.1634795126067069,-0.0064958237616566002,222232.55061373519,PASS
533,TAIL,event_level,-0.1207933482681368,-0.030528156767661501,233572.68551758904,PASS
533,EVENT-EMP,event_level,-0.15388997645152991,-0.027926110850239699,224780.13565329404,PASS
533,GEV,monthly_maxima,-0.0308374299598742,-0.0190764229205019,257470.64554333923,PASS_LMOM_FINITE_MEAN
533,KDE,monthly_maxima,-0.1024533854575351,-0.019076407192608801,238444.93524127672,PASS
533,EMP,monthly_maxima,-0.15388997645152991,-0.019076407192792001,224780.13565329404,PASS
534,TAIL,event_level,-0.18109792895549351,-0.058335414650678902,217551.98909495349,PASS
534,EVENT-EMP,event_level,-0.22408229744089431,-0.049977113544785998,206132.63237985599,PASS
534,GEV,monthly_maxima,-0.1746146967083346,-0.0512780678969324,219274.34408831049,PASS_LMOM_FINITE_MEAN
534,KDE,monthly_maxima,-0.18747439695500731,-0.051278067896934398,215857.99741298697,PASS
534,EMP,monthly_maxima,-0.22408229744089431,-0.0512780678969346,206132.63237985599,PASS
535,TAIL,event_level,0.18117768370325049,0.055883435717967701,313795.21880613983,PASS
535,EVENT-EMP,event_level,-0.16156850850764329,0.0342827235592673,222740.23371482885,PASS
535,GEV,monthly_maxima,0.027620841252023499,0.034390799288849999,273000.84583331924,PASS_LMOM_FINITE_MEAN
535,KDE,monthly_maxima,-0.094452188973520604,0.034390809614289003,240570.55718288041,PASS
535,EMP,monthly_maxima,-0.16156850850764329,0.034390809614249,222740.23371482885,PASS
536,TAIL,event_level,0.093505887147963193,0.024235971849209201,290504.06544050842,PASS
536,EVENT-EMP,event_level,-0.026126781635537399,0.038948370570201403,258722.09055626875,PASS
536,GEV,monthly_maxima,0.28767876470922848,0.033934223389261997,342088.61655522679,PASS_LMOM_FINITE_MEAN
536,KDE,monthly_maxima,0.081243557370920205,0.033969854131483103,287246.41800223611,PASS
536,EMP,monthly_maxima,-0.026126781635537399,0.033969627834629701,258722.09055626875,PASS
537,TAIL,event_level,-0.026864864209108399,0.016982120176094202,258526.00931813987,PASS
537,EVENT-EMP,event_level,-0.1309736300838365,0.0161171181297734,230868.16120770693,PASS
537,GEV,monthly_maxima,-0.045243376191696202,0.0202476812704891,253643.51850538905,PASS_LMOM_FINITE_MEAN
537,KDE,monthly_maxima,-0.086578813824438994,0.020247681273459401,242662.22172390265,PASS
537,EMP,monthly_maxima,-0.1309736300838365,0.0202476812733338,230868.16120770693,PASS
538,TAIL,event_level,0.31264196008110912,0.063077948465370307,348720.41417712264,PASS
538,EVENT-EMP,event_level,-0.078909561745731702,0.040473427827389101,244699.65831563729,PASS
538,GEV,monthly_maxima,0.1388662234065644,0.055397372795699201,302554.62890591484,PASS_LMOM_FINITE_MEAN
538,KDE,monthly_maxima,0.0023928459910503002,0.055399031182458203,266298.7006758374,PASS
538,EMP,monthly_maxima,-0.078909561745731702,0.055399031040460997,244699.65831563729,PASS
539,TAIL,event_level,-0.14495969146402571,-0.035633608119815301,227152.58204329805,PASS
539,EVENT-EMP,event_level,-0.15132363159776691,-0.031571401047941497,225461.91855186163,PASS
539,GEV,monthly_maxima,-0.051582763857037001,-0.0073608690833302003,251959.37769661105,PASS_LMOM_FINITE_MEAN
539,KDE,monthly_maxima,-0.1087345453650851,-0.0073608562018462002,236776.26339389937,PASS
539,EMP,monthly_maxima,-0.15132363159776691,-0.0073608562018466,225461.91855186163,PASS
540,TAIL,event_level,-0.058257581129257802,-0.035149030812697803,250186.12564882365,PASS
540,EVENT-EMP,event_level,-0.25370695741650701,-0.036636717310127097,198262.45604028972,PASS
540,GEV,monthly_maxima,-0.10658447172317401,-0.040321403950653201,237347.45842934697,PASS_LMOM_FINITE_MEAN
540,KDE,monthly_maxima,-0.18960287838364509,-0.040321403950632197,215292.53862991027,PASS
540,EMP,monthly_maxima,-0.25370695741650701,-0.040321403950653999,198262.45604028972,PASS
541,TAIL,event_level,-0.063928107015287602,-0.0148388089038234,248679.67667361625,PASS
541,EVENT-EMP,event_level,-0.14560346482882641,-0.012845090851981799,226981.5552734425,PASS
541,GEV,monthly_maxima,-0.050849067809161298,-0.0083834009564402005,252154.29359712012,PASS_LMOM_FINITE_MEAN
541,KDE,monthly_maxima,-0.093323196021559099,-0.0083834009523345993,240870.4888487756,PASS
541,EMP,monthly_maxima,-0.14560346482882641,-0.0083834009564071992,226981.5552734425,PASS
542,TAIL,event_level,-0.19099060728329731,-0.033793072471355198,214923.87039335445,PASS
542,EVENT-EMP,event_level,-0.2308094768131792,-0.033810802412069699,204345.46965895523,PASS
542,GEV,monthly_maxima,-0.1663470580362858,-0.017407013795048099,221470.74986358039,PASS_LMOM_FINITE_MEAN
542,KDE,monthly_maxima,-0.19862980179619261,-0.017407013794782301,212894.41898502689,PASS
542,EMP,monthly_maxima,-0.2308094768131792,-0.0174070137947826,204345.46965895523,PASS
543,TAIL,event_level,-0.088992800493782998,-0.030923372158420299,242020.91475920705,PASS
543,EVENT-EMP,event_level,0.0243356037816756,-0.023258928560568101,272128.07975835761,PASS
543,GEV,monthly_maxima,0.094559387987839194,-0.014361982562371299,290783.9416446751,PASS_LMOM_FINITE_MEAN
543,KDE,monthly_maxima,0.077803061461551498,-0.0143603896191251,286332.40550303517,PASS
543,EMP,monthly_maxima,0.0243356037816756,-0.0143603939053689,272128.07975835761,PASS
544,TAIL,event_level,-0.036626086475338403,0.00093523909499759999,255932.81362954224,PASS
544,EVENT-EMP,event_level,-0.037015457135936701,-0.0056171383553972002,255829.3722478392,PASS
544,GEV,monthly_maxima,0.036460202957166503,-0.020747457208173999,275349.13727045141,PASS_LMOM_FINITE_MEAN
544,KDE,monthly_maxima,0.0107363331516067,-0.020745792955257299,268515.25658886868,PASS
544,EMP,monthly_maxima,-0.037015457135936701,-0.020745793009537699,255829.3722478392,PASS
545,TAIL,event_level,-0.16129018119723751,-0.014493821629788,222814.17498587849,PASS
545,EVENT-EMP,event_level,-0.31821156556647762,-0.0108510532934899,181125.96767982256,PASS
545,GEV,monthly_maxima,-0.25915498368482792,-0.0035123850351354998,196815.11698324839,PASS_LMOM_FINITE_MEAN
545,KDE,monthly_maxima,-0.251102780479107,-0.0035123850364256002,198954.28952407124,PASS
545,EMP,monthly_maxima,-0.31821156556647762,-0.0035123850364258001,181125.96767982256,PASS
546,TAIL,event_level,0.4204198709093076,0.051896117360720598,377353.01838004793,PASS
546,EVENT-EMP,event_level,0.021460910973451201,0.041059101540105197,271364.38021407818,PASS
546,GEV,monthly_maxima,0.35538664963195882,0.031800696742714497,360076.09706503199,PASS_LMOM_FINITE_MEAN
546,KDE,monthly_maxima,0.097581176630225697,0.032115100153503398,291586.71911101759,PASS
546,EMP,monthly_maxima,0.021460910973451201,0.032114973008720002,271364.38021407818,PASS
547,TAIL,event_level,0.061179627853443101,0.045403505702984903,281916.1740940474,PASS
547,EVENT-EMP,event_level,1.350622266712834,0.1066623335553742,624473.38676528051,PASS
547,GEV,monthly_maxima,1.1419787143756703,0.074919590807968797,569044.51263275917,PASS_LMOM_FINITE_MEAN
547,KDE,monthly_maxima,1.5054335434426542,0.1136329952744123,665601.01652440859,PASS
547,EMP,monthly_maxima,1.350622266712834,0.10032278023953729,624473.38676528051,PASS
548,TAIL,event_level,-0.19084812143346469,-0.054872038206683599,214961.72361310443,PASS
548,EVENT-EMP,event_level,-0.20248421212569151,-0.053748148869748102,211870.44473508871,PASS
548,GEV,monthly_maxima,-0.17772050473501599,-0.059275985837876299,218449.24577943733,PASS_LMOM_FINITE_MEAN
548,KDE,monthly_maxima,-0.16696686614583059,-0.059275985837876702,221306.08977557169,PASS
548,EMP,monthly_maxima,-0.20248421212569151,-0.059275985837876702,211870.44473508871,PASS
549,TAIL,event_level,-0.1342154914004054,-0.031256365932725398,230006.91857232081,PASS
549,EVENT-EMP,event_level,-0.32060390486730889,-0.039227980199728903,180490.41162020483,PASS
549,GEV,monthly_maxima,-0.27366721722175302,-0.027360412436026701,192959.75333989892,PASS_LMOM_FINITE_MEAN
549,KDE,monthly_maxima,-0.2782829177045153,-0.027360412436013101,191733.53245635587,PASS
549,EMP,monthly_maxima,-0.32060390486730889,-0.027360412436013101,180490.41162020483,PASS
550,TAIL,event_level,-0.0135426318689467,-0.00030578806448089998,262065.2336616448,PASS
550,EVENT-EMP,event_level,-0.24275443098992661,-0.0026412963160111001,201172.13717796039,PASS
550,GEV,monthly_maxima,-0.1368946881467677,0.015806936815222099,229295.15510028024,PASS_LMOM_FINITE_MEAN
550,KDE,monthly_maxima,-0.1796556453636175,0.0158069368152217,217935.15049525551,PASS
550,EMP,monthly_maxima,-0.24275443098992661,0.0158069368152217,201172.13717796039,PASS
551,TAIL,event_level,0.47079744526217421,0.1115722211156467,390736.47641950048,PASS
551,EVENT-EMP,event_level,1.1106332370031049,0.12398723298003229,560717.17876384547,PASS
551,GEV,monthly_maxima,0.81960179356538165,0.13620224369966219,483400.8894933901,PASS_LMOM_FINITE_MEAN
551,KDE,monthly_maxima,1.2400114868286969,0.14237168104357681,595088.19404199789,PASS
551,EMP,monthly_maxima,1.1106332370031049,0.13963506282931909,560717.17876384547,PASS
552,TAIL,event_level,0.0046517023311535999,-0.013674536143415499,266898.79525032348,PASS
552,EVENT-EMP,event_level,-0.082781230224001995,-0.013943014345774,243671.09921394932,PASS
552,GEV,monthly_maxima,-0.0074906854512930996,-0.013163884718487499,263673.01196336193,PASS_LMOM_FINITE_MEAN
552,KDE,monthly_maxima,-0.038654002229231897,-0.0131637912784376,255394.07142632152,PASS
552,EMP,monthly_maxima,-0.082781230224001995,-0.0131637912789382,243671.09921394932,PASS
553,TAIL,event_level,0.081532924794787895,0.010922060135075099,287323.29222305887,PASS
553,EVENT-EMP,event_level,0.0646069348698909,0.014451529615383599,282826.6827922563,PASS
553,GEV,monthly_maxima,0.16603539871306339,0.0161719700928744,309772.47379725729,PASS_LMOM_FINITE_MEAN
553,KDE,monthly_maxima,0.12025131209182879,0.016190264153533099,297609.33553502191,PASS
553,EMP,monthly_maxima,0.0646069348698909,0.016190257359266099,282826.6827922563,PASS
554,TAIL,event_level,-0.0062997547391144002,0.0058267341432063002,263989.39820106962,PASS
554,EVENT-EMP,event_level,-0.099514063381280604,0.0019650011957320999,239225.80439143561,PASS
554,GEV,monthly_maxima,0.074343975980767404,0.0074335134698446997,285413.45444233727,PASS_LMOM_FINITE_MEAN
554,KDE,monthly_maxima,-0.0531125364963164,0.0074374261693515003,251552.97369263312,PASS
554,EMP,monthly_maxima,-0.099514063381280604,0.0074374261690845003,239225.80439143561,PASS
555,TAIL,event_level,0.016159183244205601,-0.023363358333195298,269955.90726728726,PASS
555,EVENT-EMP,event_level,-0.17505779885468381,-0.025541700552571999,219156.6282383707,PASS
555,GEV,monthly_maxima,-0.059782873007580402,-0.0078921429400796005,249780.91201728868,PASS_LMOM_FINITE_MEAN
555,KDE,monthly_maxima,-0.1173445659437463,-0.0078921429350930997,234488.89941074679,PASS
555,EMP,monthly_maxima,-0.17505779885468381,-0.0078921429400804002,219156.6282383707,PASS
556,TAIL,event_level,-0.1222763782090559,-0.046657502798953802,233178.69931955345,PASS
556,EVENT-EMP,event_level,-0.034456961049597203,-0.0468788119777898,256509.07001922809,PASS
556,GEV,monthly_maxima,-0.1271819897715514,-0.039750356258863397,231875.4597859339,PASS_LMOM_FINITE_MEAN
556,KDE,monthly_maxima,0.0097197159531376004,-0.0397503561448731,268245.17900389811,PASS
556,EMP,monthly_maxima,-0.034456961049597203,-0.039750356258860801,256509.07001922809,PASS
557,TAIL,event_level,0.0141125589495712,-0.018248004515095399,269412.19489682047,PASS
557,EVENT-EMP,event_level,-0.1114323197236441,-0.019583891303008302,236059.56453748388,PASS
557,GEV,monthly_maxima,-0.13484608227109091,-0.0071810464061297999,229839.39390353131,PASS_LMOM_FINITE_MEAN
557,KDE,monthly_maxima,-0.068827713167569304,-0.0071810464055674997,247378.03255535048,PASS
557,EMP,monthly_maxima,-0.1114323197236441,-0.0071810464061294,236059.56453748388,PASS
558,TAIL,event_level,-0.092065491158916699,-0.0434273473143112,241204.61450828609,PASS
558,EVENT-EMP,event_level,-0.2270326784386012,-0.0592806540467452,205348.82528333657,PASS
558,GEV,monthly_maxima,-0.1292707685543969,-0.065850946390696705,231320.54852724363,PASS_LMOM_FINITE_MEAN
558,KDE,monthly_maxima,-0.18959461265323391,-0.065850946347503506,215294.73452873121,PASS
558,EMP,monthly_maxima,-0.2270326784386012,-0.065850946347503894,205348.82528333657,PASS
559,TAIL,event_level,0.0160770764235342,0.0033135320622542002,269934.09452216554,PASS
559,EVENT-EMP,event_level,-0.1495163397887469,0.0074129077784826003,225942.0491338076,PASS
559,GEV,monthly_maxima,0.047114158853924601,0.028175958518870801,278179.49926246994,PASS_LMOM_FINITE_MEAN
559,KDE,monthly_maxima,-0.068751590846611602,0.028175966317098101,247398.25544026485,PASS
559,EMP,monthly_maxima,-0.1495163397887469,0.0281759663135,225942.0491338076,PASS
560,TAIL,event_level,-0.13194377131448329,-0.034523102421428802,230610.43056824105,PASS
560,EVENT-EMP,event_level,-0.28873418885213697,-0.0349652185962731,188957.01630487552,PASS
560,GEV,monthly_maxima,-0.26980912394970979,-0.032331005141187599,193984.70601143921,PASS_LMOM_FINITE_MEAN
560,KDE,monthly_maxima,-0.2439511951630593,-0.032331005139891601,200854.20120545692,PASS
560,EMP,monthly_maxima,-0.28873418885213697,-0.032331005139891601,188957.01630487552,PASS
561,TAIL,event_level,-0.13935341722923539,-0.014206300273298399,228641.96173143919,PASS
561,EVENT-EMP,event_level,-0.2207246831482062,-0.012346832493356601,207024.62629929525,PASS
561,GEV,monthly_maxima,-0.15098578139283581,-0.024800072365940999,225551.67285423525,PASS_LMOM_FINITE_MEAN
561,KDE,monthly_maxima,-0.1844550322219054,-0.024800072365939299,216660.1309362929,PASS
561,EMP,monthly_maxima,-0.2207246831482062,-0.024800072365939299,207024.62629929525,PASS
562,TAIL,event_level,-0.046953164670074599,-0.028043051560810401,253189.29095174721,PASS
562,EVENT-EMP,event_level,-0.096066742312544404,-0.0201579747467651,240141.6300830179,PASS
562,GEV,monthly_maxima,0.0084023809433942994,-0.0049478765242375999,267895.21182002162,PASS_LMOM_FINITE_MEAN
562,KDE,monthly_maxima,-0.048970375330109901,-0.0049478750247185996,252653.3926959832,PASS
562,EMP,monthly_maxima,-0.096066742312544404,-0.0049478750395347999,240141.6300830179,PASS
563,TAIL,event_level,-0.2409088139952979,-0.080436184906452907,201662.44934407421,PASS
563,EVENT-EMP,event_level,-0.33521276065488398,-0.0716992220780725,176609.37901891401,PASS
563,GEV,monthly_maxima,-0.21399215528921631,-0.074478038261078294,208813.20991527289,PASS_LMOM_FINITE_MEAN
563,KDE,monthly_maxima,-0.28316752904325809,-0.074478038261078905,190435.87190538933,PASS
563,EMP,monthly_maxima,-0.33521276065488398,-0.074478038261078905,176609.37901891401,PASS
564,TAIL,event_level,-0.26449782972734259,-0.055509205299814998,195395.72042158799,PASS
564,EVENT-EMP,event_level,-0.28668988548047131,-0.051083409866389103,189500.11209196044,PASS
564,GEV,monthly_maxima,-0.29487915332017811,-0.029397856849769501,187324.52654790736,PASS_LMOM_FINITE_MEAN
564,KDE,monthly_maxima,-0.26101686621498771,-0.0293978568488657,196320.48366600601,PASS
564,EMP,monthly_maxima,-0.28668988548047131,-0.0293978568488657,189500.11209196044,PASS
565,TAIL,event_level,-0.090002544917700003,-0.027113155171758399,241752.6630162111,PASS
565,EVENT-EMP,event_level,-0.086314903693207698,-0.024186801006180501,242732.33288373699,PASS
565,GEV,monthly_maxima,-0.052496612235502303,-0.023563678204960099,251716.60198569761,PASS_LMOM_FINITE_MEAN
565,KDE,monthly_maxima,-0.042615098736211797,-0.023563669941684299,254341.75460534755,PASS
565,EMP,monthly_maxima,-0.086314903693207698,-0.0235636699504705,242732.33288373699,PASS
566,TAIL,event_level,-0.1883501693939709,-0.073812707732371002,215625.33707077039,PASS
566,EVENT-EMP,event_level,-0.2591792534826684,-0.072466756284612396,196808.66939570184,PASS
566,GEV,monthly_maxima,-0.16311478369028609,-0.061946124742988197,222329.44559550827,PASS_LMOM_FINITE_MEAN
566,KDE,monthly_maxima,-0.2075019546475044,-0.061946124742922999,210537.41615330192,PASS
566,EMP,monthly_maxima,-0.2591792534826684,-0.0619461247429232,196808.66939570184,PASS
567,TAIL,event_level,0.0057819491814396001,-0.0005073876932664,267199.06003062183,PASS
567,EVENT-EMP,event_level,-0.16569771930312369,-0.0043410929089307002,221643.2551459466,PASS
567,GEV,monthly_maxima,-0.026452501146273601,0.0054215307383342001,258635.55893062841,PASS_LMOM_FINITE_MEAN
567,KDE,monthly_maxima,-0.11253063642387549,0.0054215307751694997,235767.78241695903,PASS
567,EMP,monthly_maxima,-0.16569771930312369,0.0054215307740154003,221643.2551459466,PASS
568,TAIL,event_level,-0.0498240266661392,-0.0272979079787267,252426.60911255685,PASS
568,EVENT-EMP,event_level,0.018870968605085501,-0.018825438940867498,270676.32832875254,PASS
568,GEV,monthly_maxima,0.15272069949856151,-0.0224140582950852,306235.25072658993,PASS_LMOM_FINITE_MEAN
568,KDE,monthly_maxima,0.071589308836463805,-0.022312302743488201,284681.64127721317,PASS
568,EMP,monthly_maxima,0.018870968605085501,-0.022312303941879798,270676.32832875254,PASS
569,TAIL,event_level,0.2955715741727456,0.042791438428684499,344185.44407471939,PASS
569,EVENT-EMP,event_level,0.1115175522294162,0.015485988333219101,295289.09860129183,PASS
569,GEV,monthly_maxima,0.117605021964271,0.019240065408210098,296906.31413438212,PASS_LMOM_FINITE_MEAN
569,KDE,monthly_maxima,0.1712172236432033,0.0192403617466862,311149.09300552949,PASS
569,EMP,monthly_maxima,0.1115175522294162,0.019240112938638199,295289.09860129183,PASS
570,TAIL,event_level,0.25983604057379761,0.060971744655191701,334691.83465460333,PASS
570,EVENT-EMP,event_level,0.77697422123558502,0.089520652562501093,472076.32031894935,PASS
570,GEV,monthly_maxima,0.79591772556598395,0.077093725298033697,477108.90869945078,PASS_LMOM_FINITE_MEAN
570,KDE,monthly_maxima,0.88552853138014598,0.0831443506134317,500915.18510122708,PASS
570,EMP,monthly_maxima,0.77697422123558502,0.082283260092829505,472076.32031894935,PASS
571,TAIL,event_level,-0.064363159696995395,-0.018659640337589701,248564.09926868201,PASS
571,EVENT-EMP,event_level,-0.087736472043897298,-0.0323257374285989,242354.67475676161,PASS
571,GEV,monthly_maxima,0.0150914778646751,-0.035624535941552599,269672.2574423601,PASS_LMOM_FINITE_MEAN
571,KDE,monthly_maxima,-0.044810035176239299,-0.035613809458160499,253758.641183915,PASS
571,EMP,monthly_maxima,-0.087736472043897298,-0.035613809458247499,242354.67475676161,PASS
572,TAIL,event_level,-0.19092233776251349,-0.066157144029378001,214942.00707973761,PASS
572,EVENT-EMP,event_level,-0.14774383930241899,-0.069483515354451506,226412.93694824493,PASS
572,GEV,monthly_maxima,-0.084363833676839597,-0.067713215927357198,243250.66001702048,PASS_LMOM_FINITE_MEAN
572,KDE,monthly_maxima,-0.1109288018454986,-0.067708957944633302,236193.33061258451,PASS
572,EMP,monthly_maxima,-0.14774383930241899,-0.067708957944633302,226412.93694824493,PASS
573,TAIL,event_level,-0.18666751068970999,-0.016747771082004599,216072.35724695947,PASS
573,EVENT-EMP,event_level,-0.30155109083293458,-0.013866556249630801,185552.03954568732,PASS
573,GEV,monthly_maxima,-0.23859082822048189,0.0001168172033277,202278.25242216609,PASS_LMOM_FINITE_MEAN
573,KDE,monthly_maxima,-0.2483857957154828,0.0001168172028834,199676.0918745198,PASS
573,EMP,monthly_maxima,-0.30155109083293458,0.00011681720288360001,185552.03954568732,PASS
574,TAIL,event_level,-0.035381013740349597,-0.0040190522840966997,256263.58339999747,PASS
574,EVENT-EMP,event_level,-0.1379267164950948,-0.011038521773304701,229020.98334285081,PASS
574,GEV,monthly_maxima,-0.082811084689111497,0.014248360423723299,243663.16798688623,PASS_LMOM_FINITE_MEAN
574,KDE,monthly_maxima,-0.1004552216329405,0.014248360462640801,238975.77345740635,PASS
574,EMP,monthly_maxima,-0.1379267164950948,0.014248360462640599,229020.98334285081,PASS
575,TAIL,event_level,8.7243688992360037e-05,0.0058752187045951997,265686.18742839282,PASS
575,EVENT-EMP,event_level,-0.1275495236083185,0.0070755263311586998,231777.81964057879,PASS
575,GEV,monthly_maxima,0.042929430603586498,0.0109672670887919,277067.77175942226,PASS_LMOM_FINITE_MEAN
575,KDE,monthly_maxima,-0.072561980228423598,0.010967278203985201,246385.97592779249,PASS
575,EMP,monthly_maxima,-0.1275495236083185,0.010967278194243601,231777.81964057879,PASS
576,TAIL,event_level,-0.0083982720522601008,-0.0010936876597956,263431.89977510669,PASS
576,EVENT-EMP,event_level,-0.13210624935212489,-0.0195316441545818,230567.2661637011,PASS
576,GEV,monthly_maxima,-0.094670912348285299,-0.017872033452173301,240512.45047278143,PASS_LMOM_FINITE_MEAN
576,KDE,monthly_maxima,-0.091621007461511098,-0.017872033452136001,241322.69738523808,PASS
576,EMP,monthly_maxima,-0.13210624935212489,-0.017872033452149601,230567.2661637011,PASS
577,TAIL,event_level,-0.075315076160428304,-0.0035376494315861001,245654.58017565712,PASS
577,EVENT-EMP,event_level,-0.2118303707397072,-0.0087672435263686007,209387.51610568297,PASS
577,GEV,monthly_maxima,-0.087962961645282903,-0.012814798378154101,242294.50484752213,PASS_LMOM_FINITE_MEAN
577,KDE,monthly_maxima,-0.16421269992397511,-0.0128147983780744,222037.7698641305,PASS
577,EMP,monthly_maxima,-0.2118303707397072,-0.012814798378076701,209387.51610568297,PASS
578,TAIL,event_level,0.076755023045404297,0.027233594331487601,286053.98046279809,PASS
578,EVENT-EMP,event_level,-0.1419811980620673,0.028959849585646,227943.85756574941,PASS
578,GEV,monthly_maxima,0.1130351113152912,0.0282400245221225,295692.2579159094,PASS_LMOM_FINITE_MEAN
578,KDE,monthly_maxima,-0.051985508746453697,0.028240085614751002,251852.3832770235,PASS
578,EMP,monthly_maxima,-0.1419811980620673,0.028240085091131299,227943.85756574941,PASS
579,TAIL,event_level,-0.065912177666105201,-0.019815291222355001,248152.58249245281,PASS
579,EVENT-EMP,event_level,-0.23220197883988231,-0.024488569278143298,203975.53337909991,PASS
579,GEV,monthly_maxima,-0.043883900525069498,-0.030673976455849801,254004.68090301688,PASS_LMOM_FINITE_MEAN
579,KDE,monthly_maxima,-0.17332995447379779,-0.030673365090725099,219615.65257742119,PASS
579,EMP,monthly_maxima,-0.23220197883988231,-0.030673365090725099,203975.53337909991,PASS
580,TAIL,event_level,0.25876181071809568,0.049642048217349598,334406.45151769777,PASS
580,EVENT-EMP,event_level,-0.21631295533886541,0.024886932592786699,208196.65918845791,PASS
580,GEV,monthly_maxima,-0.1059477436465204,-0.0085489411533407004,237516.61352674692,PASS_LMOM_FINITE_MEAN
580,KDE,monthly_maxima,-0.14962431099064399,-0.0085489411273852005,225913.36517931745,PASS
580,EMP,monthly_maxima,-0.21631295533886541,-0.0085489411533408999,208196.65918845791,PASS
581,TAIL,event_level,0.12274831817357459,0.039386155090978398,298272.69768670521,PASS
581,EVENT-EMP,event_level,-0.18054076561383239,0.023261705190672201,217700.00678536491,PASS
581,GEV,monthly_maxima,-0.1627770185658963,0.033432405725312801,222419.17729512919,PASS_LMOM_FINITE_MEAN
581,KDE,monthly_maxima,-0.13525332616614619,0.033432405559385203,229731.2042645638,PASS
581,EMP,monthly_maxima,-0.18054076561383239,0.033432405558324198,217700.00678536491,PASS
582,TAIL,event_level,-0.025404319468855598,-0.022882694193669902,258914.02203008585,PASS
582,EVENT-EMP,event_level,-0.12828117997794669,-0.026971919150125201,231583.44560713231,PASS
582,GEV,monthly_maxima,-0.0056652427671492001,-0.025402529956524499,264157.96456142754,PASS_LMOM_FINITE_MEAN
582,KDE,monthly_maxima,-0.077306160685465697,-0.025402496167487999,245125.6226675566,PASS
582,EMP,monthly_maxima,-0.12828117997794669,-0.025402496184269801,231583.44560713231,PASS
583,TAIL,event_level,-0.0409733064939512,-0.024873315372084901,254777.91807423325,PASS
583,EVENT-EMP,event_level,-0.22777185234037639,-0.033038166650426498,205152.45411967207,PASS
583,GEV,monthly_maxima,-0.048068186482432801,-0.043147122068597298,252893.07090085212,PASS_LMOM_FINITE_MEAN
583,KDE,monthly_maxima,-0.16121278315065329,-0.043147116894989797,222834.7367839028,PASS
583,EMP,monthly_maxima,-0.22777185234037639,-0.043147116895148302,205152.45411967207,PASS
584,TAIL,event_level,0.033397269514959999,0.016966757016923399,274535.42915274261,PASS
584,EVENT-EMP,event_level,0.1241260338388932,0.0169107545508769,298638.70577728807,PASS
584,GEV,monthly_maxima,0.099737831219384801,-0.0023374464307891001,292159.66246071982,PASS_LMOM_FINITE_MEAN
584,KDE,monthly_maxima,0.17949763706734001,-0.0023178906535919002,313348.8925598911,PASS
584,EMP,monthly_maxima,0.1241260338388932,-0.0023178972295947002,298638.70577728807,PASS
585,TAIL,event_level,-0.042829527064260402,-0.017811800534026302,254284.78893028729,PASS
585,EVENT-EMP,event_level,0.1132480832485122,-0.0064020810338511003,295748.83668073599,PASS
585,GEV,monthly_maxima,0.18673755038967019,-0.0025422158772776,315272.26972529379,PASS_LMOM_FINITE_MEAN
585,KDE,monthly_maxima,0.17127339979083861,-0.0024209025502960999,311164.01693000091,PASS
585,EMP,monthly_maxima,0.1132480832485122,-0.0024209155783256001,295748.83668073599,PASS
586,TAIL,event_level,0.083479087861016502,0.045362970407912297,287840.31576119835,PASS
586,EVENT-EMP,event_level,0.0018539761148070001,0.040255080118432797,266155.54288251232,PASS
586,GEV,monthly_maxima,0.0802656401935741,0.073657703823246296,286986.62158136442,PASS_LMOM_FINITE_MEAN
586,KDE,monthly_maxima,0.050630305073593,0.073657773563492596,279113.60925081308,PASS
586,EMP,monthly_maxima,0.0018539761148070001,0.073657773561981305,266155.54288251232,PASS
587,TAIL,event_level,-0.067139565151347905,-0.0067144285431012,247826.51103867785,PASS
587,EVENT-EMP,event_level,-0.0277819575026007,-0.0103092321831641,258282.37155333321,PASS
587,GEV,monthly_maxima,-0.017574640840310601,-0.0074522766762190997,260994.07802193551,PASS_LMOM_FINITE_MEAN
587,KDE,monthly_maxima,0.017599235572896901,-0.0074521007080853002,270338.47590349551,PASS
587,EMP,monthly_maxima,-0.0277819575026007,-0.0074521007190427998,258282.37155333321,PASS
588,TAIL,event_level,0.27623676723264062,0.045967965937578799,339048.90106509969,PASS
588,EVENT-EMP,event_level,-0.10790003619954661,0.030697041832341902,236997.96161069503,PASS
588,GEV,monthly_maxima,-0.032521504883214897,-0.0024480002275497998,257023.24913012661,PASS_LMOM_FINITE_MEAN
588,KDE,monthly_maxima,-0.058945445799484297,-0.0024480000144730001,250003.38545005355,PASS
588,EMP,monthly_maxima,-0.10790003619954661,-0.0024480002275495999,236997.96161069503,PASS
589,TAIL,event_level,-0.11059848873522379,-0.026808140545310201,236281.08258770505,PASS
589,EVENT-EMP,event_level,-0.1206749366311989,-0.026853405740914001,233604.14310947785,PASS
589,GEV,monthly_maxima,0.033698511918676198,-0.034220048617693802,274615.4581164557,PASS_LMOM_FINITE_MEAN
589,KDE,monthly_maxima,-0.075838035559435704,-0.034208900691025203,245515.64920760519,PASS
589,EMP,monthly_maxima,-0.1206749366311989,-0.034208900691415703,233604.14310947785,PASS
590,TAIL,event_level,-0.17363043794796901,0.0012564522441769999,219535.82523321541,PASS
590,EVENT-EMP,event_level,-0.2496128168675707,0.0047214636313632,199350.11774191345,PASS
590,GEV,monthly_maxima,-0.2576757619967705,0.011306735392222199,197208.09146936599,PASS_LMOM_FINITE_MEAN
590,KDE,monthly_maxima,-0.2115692097042749,0.011306735393717101,209456.89693245257,PASS
590,EMP,monthly_maxima,-0.2496128168675707,0.0113067353937167,199350.11774191345,PASS
591,TAIL,event_level,0.1587634480196205,0.041637522026730198,307840.58548741206,PASS
591,EVENT-EMP,event_level,-0.098313441050664502,0.042797928616768101,239544.7653336692,PASS
591,GEV,monthly_maxima,0.084911496406838899,0.042742009005341898,288220.8537270418,PASS_LMOM_FINITE_MEAN
591,KDE,monthly_maxima,-0.019190918253877799,0.042742015558571399,260564.69289924041,PASS
591,EMP,monthly_maxima,-0.098313441050664502,0.042742009005423999,239544.7653336692,PASS
592,TAIL,event_level,-0.058718413149949501,-0.0069332559329889996,250063.69962709889,PASS
592,EVENT-EMP,event_level,-0.29619476533464811,-0.014666792890127499,186975.01710014133,PASS
592,GEV,monthly_maxima,-0.1998153445838623,-0.018872935034571402,212579.46411956201,PASS_LMOM_FINITE_MEAN
592,KDE,monthly_maxima,-0.2257954583475241,-0.018872935034612601,205677.50889677371,PASS
592,EMP,monthly_maxima,-0.29619476533464811,-0.018872935034612799,186975.01710014133,PASS
593,TAIL,event_level,0.018197089265596999,-0.0277979082546717,270497.30351504224,PASS
593,EVENT-EMP,event_level,-0.1199346769273214,-0.025108308292528098,233800.80273059712,PASS
593,GEV,monthly_maxima,0.12517631166758789,-0.018323719724271999,298917.7257466031,PASS_LMOM_FINITE_MEAN
593,KDE,monthly_maxima,-0.057936473645577399,-0.018322187317088401,250271.43202947409,PASS
593,EMP,monthly_maxima,-0.1199346769273214,-0.018322192870874401,233800.80273059712,PASS
594,TAIL,event_level,-0.19575691035068599,-0.056452463725812703,213657.6399738646,PASS
594,EVENT-EMP,event_level,-0.189888865632028,-0.058189968153703302,215216.5623966812,PASS
594,GEV,monthly_maxima,-0.081548864886776401,-0.050027879253104902,243998.49309886547,PASS_LMOM_FINITE_MEAN
594,KDE,monthly_maxima,-0.15487366711719669,-0.050025190501892698,224518.8054301368,PASS
594,EMP,monthly_maxima,-0.189888865632028,-0.050025190501892497,215216.5623966812,PASS
595,TAIL,event_level,-0.0077156012615121998,0.015020829316720601,263613.2601522209,PASS
595,EVENT-EMP,event_level,-0.252800480607695,0.0057725444058566002,198503.27339782065,PASS
595,GEV,monthly_maxima,-0.18898999636307079,0.025792364243554002,215455.35871227545,PASS_LMOM_FINITE_MEAN
595,KDE,monthly_maxima,-0.18734257019794981,0.025792364240635302,215893.0189060664,PASS
595,EMP,monthly_maxima,-0.252800480607695,0.025792364240635302,198503.27339782065,PASS
596,TAIL,event_level,-0.076856205065815905,-0.028900816487385999,245245.1592318425,PASS
596,EVENT-EMP,event_level,8.2282892174621896e-05,-0.018884774004276,265684.86952817813,PASS
596,GEV,monthly_maxima,0.15532948955532491,-0.0033021100792100999,306928.30974554701,PASS_LMOM_FINITE_MEAN
596,KDE,monthly_maxima,0.0538417095358419,-0.0032537480597585999,279966.76062660525,PASS
596,EMP,monthly_maxima,8.2282892174621896e-05,-0.0032537485974010998,265684.86952817813,PASS
597,TAIL,event_level,-0.19850198786426121,-0.030266466980120199,212928.37441890463,PASS
597,EVENT-EMP,event_level,-0.33854274258771061,-0.0261664960875682,175724.72599536914,PASS
597,GEV,monthly_maxima,-0.3091591926194649,-0.0109590502424484,183530.8483246353,PASS_LMOM_FINITE_MEAN
597,KDE,monthly_maxima,-0.27556761570815608,-0.010959126082486699,192454.88775778768,PASS
597,EMP,monthly_maxima,-0.33854274258771061,-0.010959126082486901,175724.72599536914,PASS
598,TAIL,event_level,-0.035529258188917903,-0.027564480201234299,256224.200333574,PASS
598,EVENT-EMP,event_level,-0.29202725413861919,-0.036637407381918403,188082.17066871785,PASS
598,GEV,monthly_maxima,-0.21288883521348309,-0.0420280331400191,209106.32124759379,PASS_LMOM_FINITE_MEAN
598,KDE,monthly_maxima,-0.23730542636954979,-0.042028033138536598,202619.73614695377,PASS
598,EMP,monthly_maxima,-0.29202725413861919,-0.042028033138536598,188082.17066871785,PASS
599,TAIL,event_level,-0.1716368983348989,-0.069037578868759705,220065.43496739253,PASS
599,EVENT-EMP,event_level,-0.066894430287565004,-0.063109834221307198,247891.63430444809,PASS
599,GEV,monthly_maxima,-0.021893987781821701,-0.052772084487916301,259846.58731218759,PASS_LMOM_FINITE_MEAN
599,KDE,monthly_maxima,-0.021787305328092501,-0.052771705208299997,259874.9288939602,PASS
599,EMP,monthly_maxima,-0.066894430287565004,-0.052771705215305303,247891.63430444809,PASS
600,TAIL,event_level,-0.067723651864519396,-0.0372255833920506,247671.34080435132,PASS
600,EVENT-EMP,event_level,-0.26746426766870163,-0.046088479344102602,194607.6475890865,PASS
600,GEV,monthly_maxima,-0.1581794244263485,-0.040754248451846602,223640.5879930337,PASS_LMOM_FINITE_MEAN
600,KDE,monthly_maxima,-0.21225557356524721,-0.040754248451593499,209274.5554431864,PASS
600,EMP,monthly_maxima,-0.26746426766870163,-0.040754248451593499,194607.6475890865,PASS
601,TAIL,event_level,0.3145604962633724,0.084103991446288495,349230.09827411082,PASS
601,EVENT-EMP,event_level,-0.0085090183509108994,0.091526213312485699,263402.47858005995,PASS
601,GEV,monthly_maxima,0.2169842477897404,0.055915082501455,323307.69839937857,PASS_LMOM_FINITE_MEAN
601,KDE,monthly_maxima,0.080021922088094194,0.055915490297631099,286921.87469586934,PASS
601,EMP,monthly_maxima,-0.0085090183509108994,0.055915099078454503,263402.47858005995,PASS
602,TAIL,event_level,-0.15415062978817551,-0.045711153182648998,224710.88970331231,PASS
602,EVENT-EMP,event_level,-0.2013803341450113,-0.040715546072173897,212163.70428211705,PASS
602,GEV,monthly_maxima,-0.1838064362684389,-0.043645727723746197,216832.43888956943,PASS_LMOM_FINITE_MEAN
602,KDE,monthly_maxima,-0.16254973915914661,-0.043645727723739002,222479.557026439,PASS
602,EMP,monthly_maxima,-0.2013803341450113,-0.043645727723746801,212163.70428211705,PASS
603,TAIL,event_level,-0.079358076506317099,-0.034441325345163303,244580.50453430743,PASS
603,EVENT-EMP,event_level,-0.14401229103370089,-0.0303790663406317,227404.27129330041,PASS
603,GEV,monthly_maxima,0.049602642088010698,-0.0045400479672181998,278840.59720879013,PASS_LMOM_FINITE_MEAN
603,KDE,monthly_maxima,-0.1001401421141771,-0.0045303810482423996,239059.47843075279,PASS
603,EMP,monthly_maxima,-0.14401229103370089,-0.0045303810482508998,227404.27129330041,PASS
604,TAIL,event_level,-0.15034360008442521,-0.038155031983654601,225722.27667359807,PASS
604,EVENT-EMP,event_level,-0.30579423508505038,-0.045035141034562201,184424.79307177479,PASS
604,GEV,monthly_maxima,-0.23846974779528049,-0.0515308110056832,202310.41901237809,PASS_LMOM_FINITE_MEAN
604,KDE,monthly_maxima,-0.27176643690007229,-0.051530811005683803,193464.72036151943,PASS
604,EMP,monthly_maxima,-0.30579423508505038,-0.051530811005683803,184424.79307177479,PASS
605,TAIL,event_level,-0.0011016974262082,0.0068704501052301,265370.32975300704,PASS
605,EVENT-EMP,event_level,-0.18041222206458141,0.0139075546696354,217734.15605157599,PASS
605,GEV,monthly_maxima,0.040865532130918397,0.0048632005208849001,276519.47027882363,PASS_LMOM_FINITE_MEAN
605,KDE,monthly_maxima,-0.1105871996027732,0.0048632072799981996,236284.08169261224,PASS
605,EMP,monthly_maxima,-0.18041222206458141,0.0048632072668737996,217734.15605157599,PASS
606,TAIL,event_level,0.084634982339645295,0.0154150925760962,288147.39416764176,PASS
606,EVENT-EMP,event_level,-0.11447902039983369,0.015464360089213499,235250.16886525587,PASS
606,GEV,monthly_maxima,0.083022296400236104,0.044515901267964703,287718.96316678176,PASS_LMOM_FINITE_MEAN
606,KDE,monthly_maxima,-0.050212253790156702,0.044515901713185001,252323.47152622385,PASS
606,EMP,monthly_maxima,-0.11447902039983369,0.044515901498813203,235250.16886525587,PASS
607,TAIL,event_level,-0.0584203706025705,-0.0096923699356395998,250142.87850734589,PASS
607,EVENT-EMP,event_level,-0.24253193185778379,-0.010623932690823699,201231.24696712947,PASS
607,GEV,monthly_maxima,-0.1356759835446224,-0.0040401721353579998,229618.91983319601,PASS_LMOM_FINITE_MEAN
607,KDE,monthly_maxima,-0.18977297950997599,-0.0040401721353569998,215247.3490526836,PASS
607,EMP,monthly_maxima,-0.24253193185778379,-0.0040401721353568003,201231.24696712947,PASS
608,TAIL,event_level,0.22153272853346151,0.053664256576609497,324516.06148471608,PASS
608,EVENT-EMP,event_level,0.0081916977388100005,0.053175552951005602,267839.24108573369,PASS
608,GEV,monthly_maxima,0.098959597038492705,0.079022151625756099,291952.91442573338,PASS_LMOM_FINITE_MEAN
608,KDE,monthly_maxima,0.073719243404825496,0.079022165958425206,285247.48610576289,PASS
608,EMP,monthly_maxima,0.0081916977388100005,0.079022151625779594,267839.24108573369,PASS
609,TAIL,event_level,-0.030347731779693202,0.0057079542364129,257600.74023588124,PASS
609,EVENT-EMP,event_level,0.1490554506733377,0.017284203847508402,305261.52969125501,PASS
609,GEV,monthly_maxima,0.37071063376908531,0.029483218142724602,364147.11281620624,PASS_LMOM_FINITE_MEAN
609,KDE,monthly_maxima,0.21457188404071681,0.029911747136247498,322666.82258458028,PASS
609,EMP,monthly_maxima,0.1490554506733377,0.0299115354600386,305261.52969125501,PASS
610,TAIL,event_level,0.17506210691885299,0.0246262549270534,312170.53626966558,PASS
610,EVENT-EMP,event_level,0.1489879385842458,0.021802049287892401,305243.59422645497,PASS
610,GEV,monthly_maxima,0.191144841396787,0.030210884004886598,316443.12392022286,PASS_LMOM_FINITE_MEAN
610,KDE,monthly_maxima,0.2098421816663168,0.030217066572062301,321410.31561535818,PASS
610,EMP,monthly_maxima,0.1489879385842458,0.030217010979805201,305243.59422645497,PASS
611,TAIL,event_level,0.0187446877317647,0.033257869335007101,270642.78017183969,PASS
611,EVENT-EMP,event_level,-0.098389468483248296,0.034250070606812198,239524.5676570858,PASS
611,GEV,monthly_maxima,-0.0245619731120644,0.051292625147450401,259137.80229869971,PASS_LMOM_FINITE_MEAN
611,KDE,monthly_maxima,-0.050036968066118098,0.051292625206681097,252370.03845928327,PASS
611,EMP,monthly_maxima,-0.098389468483248296,0.051292625147294199,239524.5676570858,PASS
612,TAIL,event_level,0.038567530685133702,0.0146227083962059,275908.97629773518,PASS
612,EVENT-EMP,event_level,-0.074458935737285403,0.0149504417044864,245882.02501745825,PASS
612,GEV,monthly_maxima,0.068152522411775704,0.0055842864663370999,283768.61425087805,PASS_LMOM_FINITE_MEAN
612,KDE,monthly_maxima,-0.0088735146661709004,0.0055874003932699003,263305.64539181138,PASS
612,EMP,monthly_maxima,-0.074458935737285403,0.0055874003528349004,245882.02501745825,PASS
613,TAIL,event_level,0.29500230578566428,0.1017584634232859,344034.21052150533,PASS
613,EVENT-EMP,event_level,-0.082676581150923398,0.087073155681125405,243698.90060169791,PASS
613,GEV,monthly_maxima,0.059781256905327401,0.082526969688212395,281544.67865886411,PASS_LMOM_FINITE_MEAN
613,KDE,monthly_maxima,-0.019178576681179001,0.0825269696945021,260567.97159859171,PASS
613,EMP,monthly_maxima,-0.082676581150923398,0.082526969688249893,243698.90060169791,PASS
614,TAIL,event_level,0.20297886826796191,0.066322662097935303,319586.9871193273,PASS
614,EVENT-EMP,event_level,0.1024568408065651,0.063134947580766501,292882.00273188902,PASS
614,GEV,monthly_maxima,0.22785101796666599,0.061279225325605903,326194.59727363894,PASS_LMOM_FINITE_MEAN
614,KDE,monthly_maxima,0.16457529009948199,0.0612874309854416,309384.57694803562,PASS
614,EMP,monthly_maxima,0.1024568408065651,0.061287395198492203,292882.00273188902,PASS
615,TAIL,event_level,0.382024082044711,0.096600120174407694,367152.67753867171,PASS
615,EVENT-EMP,event_level,0.025267123078106399,0.1036441407189914,272375.54997852736,PASS
615,GEV,monthly_maxima,0.2285571446895871,0.090275464293440397,326382.18902429682,PASS_LMOM_FINITE_MEAN
615,KDE,monthly_maxima,0.1155934473245115,0.090277213100263501,296371.91316072911,PASS
615,EMP,monthly_maxima,0.025267123078106399,0.090275464389316606,272375.54997852736,PASS
616,TAIL,event_level,0.13485268499408129,0.046122186717054099,301488.38021047442,PASS
616,EVENT-EMP,event_level,-0.10984196123173499,0.036077369492263901,236482.06396143523,PASS
616,GEV,monthly_maxima,0.1448773730378739,0.054691447706089198,304151.56901057321,PASS_LMOM_FINITE_MEAN
616,KDE,monthly_maxima,-0.024392732971378499,0.05469598021054,259182.76314388844,PASS
616,EMP,monthly_maxima,-0.10984196123173499,0.054695980120231198,236482.06396143523,PASS
617,TAIL,event_level,-0.013576010799386799,-0.00063034410404130001,262056.36611451319,PASS
617,EVENT-EMP,event_level,-0.1903246733553404,0.013000263370415001,215100.78440512149,PASS
617,GEV,monthly_maxima,-0.1294532741886984,0.0151602461074801,231272.06353109179,PASS_LMOM_FINITE_MEAN
617,KDE,monthly_maxima,-0.13138415688439231,0.0151602463953162,230759.0994221826,PASS
617,EMP,monthly_maxima,-0.1903246733553404,0.0151602460452355,215100.78440512149,PASS
618,TAIL,event_level,-0.135164780833675,-0.044474557901547598,229754.72748411019,PASS
618,EVENT-EMP,event_level,-0.23627881351297611,-0.051973405256706198,202892.46920854339,PASS
618,GEV,monthly_maxima,-0.15257952726945781,-0.049596535289282699,225128.273527465,PASS_LMOM_FINITE_MEAN
618,KDE,monthly_maxima,-0.19561440249179721,-0.049596535289284503,213695.49904060669,PASS
618,EMP,monthly_maxima,-0.23627881351297611,-0.049596535289284503,202892.46920854339,PASS
619,TAIL,event_level,0.071442488780649405,0.0329089746754756,284642.63661925605,PASS
619,EVENT-EMP,event_level,-0.18882868280054499,0.0284745393747893,215498.21375885105,PASS
619,GEV,monthly_maxima,-0.065262295058789693,0.0384541601320555,248325.23226206368,PASS_LMOM_FINITE_MEAN
619,KDE,monthly_maxima,-0.11519114651533489,0.038454160138575402,235060.98329790696,PASS
619,EMP,monthly_maxima,-0.18882868280054499,0.038454160132054702,215498.21375885105,PASS
620,TAIL,event_level,-0.073597467423048901,-0.0010552460128331999,246110.88528284431,PASS
620,EVENT-EMP,event_level,-0.17138817380525459,0.0044565312283985003,220131.51187460049,PASS
620,GEV,monthly_maxima,-0.067665176202717697,-0.0089340129246005002,247686.87562467772,PASS_LMOM_FINITE_MEAN
620,KDE,monthly_maxima,-0.13215265357649639,-0.0089340111995665009,230554.93827777752,PASS
620,EMP,monthly_maxima,-0.17138817380525459,-0.0089340111995667004,220131.51187460049,PASS
621,TAIL,event_level,-0.19638713512559641,-0.057303460765782098,213490.21256318068,PASS
621,EVENT-EMP,event_level,-0.36132148526939589,-0.058398686055196498,169673.25665036929,PASS
621,GEV,monthly_maxima,-0.32109296077243299,-0.052473406869079399,180360.48755638767,PASS_LMOM_FINITE_MEAN
621,KDE,monthly_maxima,-0.30576869569082699,-0.052473406856005801,184431.57794411801,PASS
621,EMP,monthly_maxima,-0.36132148526939589,-0.052473406856006002,169673.25665036929,PASS
622,TAIL,event_level,-0.28489901491184538,-0.068302801210504693,189975.88015775519,PASS
622,EVENT-EMP,event_level,-0.29544014720419282,-0.0742928067037157,187175.49122408428,PASS
622,GEV,monthly_maxima,-0.16540961956617381,-0.068539173285479704,221719.79258924705,PASS_LMOM_FINITE_MEAN
622,KDE,monthly_maxima,-0.25259284411049487,-0.068539116985767798,198558.43473465421,PASS
622,EMP,monthly_maxima,-0.29544014720419282,-0.068539116985767798,187175.49122408428,PASS
623,TAIL,event_level,-0.086653826879905596,0.0074986618868482001,242642.29352979755,PASS
623,EVENT-EMP,event_level,-0.13561203114701861,0.0082559498796305995,229635.90961964059,PASS
623,GEV,monthly_maxima,-0.14644310229083099,0.0083077466988670991,226758.49465797143,PASS_LMOM_FINITE_MEAN
623,KDE,monthly_maxima,-0.093985587470426998,0.0083077466990588,240694.51594266621,PASS
623,EMP,monthly_maxima,-0.13561203114701861,0.0083077466988270999,229635.90961964059,PASS
624,TAIL,event_level,0.20685142465798409,0.043674707169518497,320615.78210632387,PASS
624,EVENT-EMP,event_level,-0.024830060394795302,0.0016927289853754001,259066.5814242248,PASS
624,GEV,monthly_maxima,-0.034575551665345303,-0.0085323928556684005,256477.56487928989,PASS_LMOM_FINITE_MEAN
624,KDE,monthly_maxima,0.0210761186998966,-0.0085323917746709006,271262.15514045808,PASS
624,EMP,monthly_maxima,-0.024830060394795302,-0.0085323917804181002,259066.5814242248,PASS
625,TAIL,event_level,0.1621989518396138,0.036795789227786903,308753.2717731233,PASS
625,EVENT-EMP,event_level,-0.1986336761584947,0.021843168562656199,212893.38971027583,PASS
625,GEV,monthly_maxima,-0.063812735499815407,0.050246205675421603,248710.32661768573,PASS_LMOM_FINITE_MEAN
625,KDE,monthly_maxima,-0.13024758929607899,0.050246205675413998,231061.04338877072,PASS
625,EMP,monthly_maxima,-0.1986336761584947,0.050246205675374501,212893.38971027583,PASS
626,TAIL,event_level,-0.13999998029021321,-0.0583524426757253,228470.19384250024,PASS
626,EVENT-EMP,event_level,-0.28320330009751499,-0.062318415130259,190426.36885944431,PASS
626,GEV,monthly_maxima,-0.2738016353034699,-0.059189832841639402,192924.04342771065,PASS_LMOM_FINITE_MEAN
626,KDE,monthly_maxima,-0.2529758171385354,-0.059189832841641497,198456.69296727327,PASS
626,EMP,monthly_maxima,-0.28320330009751499,-0.059189832841641699,190426.36885944431,PASS
627,TAIL,event_level,0.079735539815518605,0.0003549209222356,286845.79351932416,PASS
627,EVENT-EMP,event_level,-0.090806551549226705,-0.0058431996091588001,241539.06819441385,PASS
627,GEV,monthly_maxima,0.045570269393328998,-0.0023521467057749999,277769.34494124947,PASS_LMOM_FINITE_MEAN
627,KDE,monthly_maxima,-0.043209123299853797,-0.0023516445099635002,254183.94425175211,PASS
627,EMP,monthly_maxima,-0.090806551549226705,-0.0023516445797582999,241539.06819441385,PASS
628,TAIL,event_level,-0.050749761336951998,-0.015052107890189599,252180.67565344053,PASS
628,EVENT-EMP,event_level,-0.22806485510510449,-0.010275847388711901,205074.614123254,PASS
628,GEV,monthly_maxima,-0.070993423826382698,-0.0109387678624598,246802.68334292507,PASS_LMOM_FINITE_MEAN
628,KDE,monthly_maxima,-0.1453241842895745,-0.010938767860950001,227055.74978213664,PASS
628,EMP,monthly_maxima,-0.22806485510510449,-0.0109387678624606,205074.614123254,PASS
629,TAIL,event_level,-0.036623720437331503,-0.0056274915895928,255933.44219832093,PASS
629,EVENT-EMP,event_level,-0.16814594277148279,-0.0035117869186993998,220992.85273017164,PASS
629,GEV,monthly_maxima,-0.057542856498817699,0.0078018659556,250376.0015454728,PASS_LMOM_FINITE_MEAN
629,KDE,monthly_maxima,-0.12954577115945601,0.0078019192979882999,231247.49050742376,PASS
629,EMP,monthly_maxima,-0.16814594277148279,0.0078019192979881004,220992.85273017164,PASS
630,TAIL,event_level,-0.10445422935687521,-0.016404197012674201,237913.38502842319,PASS
630,EVENT-EMP,event_level,-0.2173458313505276,-0.0156936377401172,207922.26223823533,PASS
630,GEV,monthly_maxima,-0.1053463667155792,-0.0042697074856221,237676.37713236985,PASS_LMOM_FINITE_MEAN
630,KDE,monthly_maxima,-0.1503386259229057,-0.0042697074856182004,225723.5981243196,PASS
630,EMP,monthly_maxima,-0.2173458313505276,-0.0042697074856234999,207922.26223823533,PASS
631,TAIL,event_level,0.24423118750137329,0.035387787871790997,330546.20241666032,PASS
631,EVENT-EMP,event_level,0.1926159917688158,0.047179241654878003,316833.95415622951,PASS
631,GEV,monthly_maxima,0.3043490167836968,0.081699854535107003,346517.28589891165,PASS_LMOM_FINITE_MEAN
631,KDE,monthly_maxima,0.26078349104163168,0.081707917909467395,334943.53719772102,PASS
631,EMP,monthly_maxima,0.1926159917688158,0.081706396864708097,316833.95415622951,PASS
632,TAIL,event_level,-0.1723662845466056,-0.017319335423375399,219871.66403093268,PASS
632,EVENT-EMP,event_level,-0.24449982297421469,-0.013743235182530801,200708.45108977167,PASS
632,GEV,monthly_maxima,-0.1479791933998143,-0.0112181402233888,226350.41207031329,PASS_LMOM_FINITE_MEAN
632,KDE,monthly_maxima,-0.20236792363814379,-0.011218140223388601,211901.33828471985,PASS
632,EMP,monthly_maxima,-0.24449982297421469,-0.0112181402233884,200708.45108977167,PASS
633,TAIL,event_level,-0.19298607075364529,-0.053404103243525097,214393.74956146203,PASS
633,EVENT-EMP,event_level,-0.34636815258843728,-0.062672128298617,173645.80402003432,PASS
633,GEV,monthly_maxima,-0.33134633308231198,-0.055086731123676097,177636.54580581898,PASS_LMOM_FINITE_MEAN
633,KDE,monthly_maxima,-0.30695360480544909,-0.055086724305525199,184116.7914221423,PASS
633,EMP,monthly_maxima,-0.34636815258843728,-0.055086724305525199,173645.80402003432,PASS
634,TAIL,event_level,0.2427618772170998,0.060258093445858099,330155.86102390545,PASS
634,EVENT-EMP,event_level,0.397482921815006,0.066747017803025305,371259.51944326988,PASS
634,GEV,monthly_maxima,0.51536758444430997,0.057265606431634197,402577.11375107418,PASS_LMOM_FINITE_MEAN
634,KDE,monthly_maxima,0.4767521742088755,0.059738542868223901,392318.42763525923,PASS
634,EMP,monthly_maxima,0.397482921815006,0.059730601970325398,371259.51944326988,PASS
635,TAIL,event_level,0.095353000704364796,-0.0068328091245080996,290994.77518772741,PASS
635,EVENT-EMP,event_level,0.041374829231299703,-0.0039403943223225999,276654.7716794989,PASS
635,GEV,monthly_maxima,0.046999187826997302,-0.016373116313551699,278148.95571339282,PASS_LMOM_FINITE_MEAN
635,KDE,monthly_maxima,0.093291534548646304,-0.016371822642256399,290447.11988377094,PASS
635,EMP,monthly_maxima,0.041374829231299703,-0.0163718235169595,276654.7716794989,PASS
636,TAIL,event_level,0.13045761778242679,0.046106912787013898,300320.77342584159,PASS
636,EVENT-EMP,event_level,0.16296174741140659,0.0469136413715159,308955.91834074608,PASS
636,GEV,monthly_maxima,0.1438555727926222,0.031397278288248003,303880.11448179337,PASS_LMOM_FINITE_MEAN
636,KDE,monthly_maxima,0.22240820308159709,0.031400453140592602,324748.64268835861,PASS
636,EMP,monthly_maxima,0.16296174741140659,0.031400403734938701,308955.91834074608,PASS
637,TAIL,event_level,-0.13915963038465159,-0.031183168546646899,228693.4437278712,PASS
637,EVENT-EMP,event_level,-0.18698946359431531,-0.024603114576665499,215986.8262692414,PASS
637,GEV,monthly_maxima,-0.1619261993225446,-0.0151351613838596,222645.2084962902,PASS_LMOM_FINITE_MEAN
637,KDE,monthly_maxima,-0.14747451481287299,-0.0151351613838489,226484.48650280645,PASS
637,EMP,monthly_maxima,-0.18698946359431531,-0.015135161383859799,215986.8262692414,PASS
638,TAIL,event_level,0.10470474669283709,0.016832669407314701,293479.18817584933,PASS
638,EVENT-EMP,event_level,-0.057967094455440099,0.0006299621416081,250263.29721295708,PASS
638,GEV,monthly_maxima,0.1057842739887086,-0.013003536556033601,293765.97864665568,PASS_LMOM_FINITE_MEAN
638,KDE,monthly_maxima,0.0031553191989718999,-0.012989633191964301,266501.26160330384,PASS
638,EMP,monthly_maxima,-0.057967094455440099,-0.0129896334119635,250263.29721295708,PASS
639,TAIL,event_level,0.0511847990818,0.018613148110052099,279260.91779806442,PASS
639,EVENT-EMP,event_level,0.21342542909812839,0.034394902044115098,322362.25191369443,PASS
639,GEV,monthly_maxima,0.41576687348541008,0.052065969034433099,376116.88907885872,PASS_LMOM_FINITE_MEAN
639,KDE,monthly_maxima,0.28492636806363209,0.052296231860622398,341357.40657762345,PASS
639,EMP,monthly_maxima,0.21342542909812839,0.052294044226431503,322362.25191369443,PASS
640,TAIL,event_level,0.20817966085197551,0.036651428299318403,320968.64533162041,PASS
640,EVENT-EMP,event_level,0.0120263260974692,0.037846751918726697,268857.95999775478,PASS
640,GEV,monthly_maxima,0.21273131829267591,0.0338436091482201,322177.85234783927,PASS_LMOM_FINITE_MEAN
640,KDE,monthly_maxima,0.087183572827172096,0.033853284529101399,288824.46038783429,PASS
640,EMP,monthly_maxima,0.0120263260974692,0.033853258020732697,268857.95999775478,PASS
641,TAIL,event_level,-0.15075458445721371,0.015781984390303799,225613.09332805709,PASS
641,EVENT-EMP,event_level,-0.1209595965592051,0.0115810148921514,233528.51949617523,PASS
641,GEV,monthly_maxima,-0.051009385700608603,0.0013391778984366001,252111.70306352025,PASS_LMOM_FINITE_MEAN
641,KDE,monthly_maxima,-0.081559158871779294,0.0013391927574723001,243995.75836782463,PASS
641,EMP,monthly_maxima,-0.1209595965592051,0.0013391927574720999,233528.51949617523,PASS
642,TAIL,event_level,-0.16019556545849489,-0.0324658451823467,223104.9738978344,PASS
642,EVENT-EMP,event_level,-0.20485126259572631,-0.031331236813375997,211241.60698237989,PASS
642,GEV,monthly_maxima,-0.1687000958960396,-0.0086892676381862006,220845.63474309689,PASS_LMOM_FINITE_MEAN
642,KDE,monthly_maxima,-0.1721440998555718,-0.0086892676381839992,219930.69028473023,PASS
642,EMP,monthly_maxima,-0.20485126259572631,-0.0086892676381839992,211241.60698237989,PASS
643,TAIL,event_level,0.27198557716145788,0.056448183769041801,337919.51711467584,PASS
643,EVENT-EMP,event_level,0.087294287537367898,0.062424806561207802,288853.87319099699,PASS
643,GEV,monthly_maxima,0.26540887382128697,0.051931054899546497,336172.33030940051,PASS_LMOM_FINITE_MEAN
643,KDE,monthly_maxima,0.15013317653003649,0.051943875679673901,305547.84158630838,PASS
643,EMP,monthly_maxima,0.087294287537367898,0.051943715045410697,288853.87319099699,PASS
644,TAIL,event_level,-0.2018423972016169,-0.042365913168111301,212040.95121968599,PASS
644,EVENT-EMP,event_level,-0.31569467042907329,-0.039457772418065903,181794.6136178984,PASS
644,GEV,monthly_maxima,-0.26763966842052311,-0.050530843960827,194561.05009740003,PASS_LMOM_FINITE_MEAN
644,KDE,monthly_maxima,-0.2821369209026508,-0.050530843960797697,190709.6663661612,PASS
644,EMP,monthly_maxima,-0.31569467042907329,-0.050530843960797697,181794.6136178984,PASS
645,TAIL,event_level,-0.066039280669417999,0.00043373700457789997,248118.81592601171,PASS
645,EVENT-EMP,event_level,-0.28455647341357621,0.00053675090192969999,190066.88076323783,PASS
645,GEV,monthly_maxima,-0.1616035463958049,-0.032558102220393903,222730.9254439956,PASS_LMOM_FINITE_MEAN
645,KDE,monthly_maxima,-0.2198106157140543,-0.032558102220382502,207267.46020520173,PASS
645,EMP,monthly_maxima,-0.28455647341357621,-0.032558102220394299,190066.88076323783,PASS
646,TAIL,event_level,-0.059199282515568101,-0.0144968190490617,249935.95042400839,PASS
646,EVENT-EMP,event_level,-0.060182058950375303,-0.0102250064205835,249674.86307817319,PASS
646,GEV,monthly_maxima,-0.062800578548047201,-0.027593753708356001,248979.21928009239,PASS_LMOM_FINITE_MEAN
646,KDE,monthly_maxima,-0.014750194997985799,-0.027593753683163101,261744.42880601031,PASS
646,EMP,monthly_maxima,-0.060182058950375303,-0.0275937537018962,249674.86307817319,PASS
647,TAIL,event_level,0.058271294211549897,0.0051432989668874001,281143.53742463642,PASS
647,EVENT-EMP,event_level,-0.18518537892258519,-0.00084075287780529997,216466.10483344132,PASS
647,GEV,monthly_maxima,-0.0523594675768283,-0.0090911799769722995,251753.03624852729,PASS_LMOM_FINITE_MEAN
647,KDE,monthly_maxima,-0.1203952305505539,-0.0090911799754863007,233678.45066877932,PASS
647,EMP,monthly_maxima,-0.18518537892258519,-0.0090911799769722006,216466.10483344132,PASS
648,TAIL,event_level,-0.044005707748230101,-0.0223047248905421,253972.32122947139,PASS
648,EVENT-EMP,event_level,-0.26516013212412631,-0.031919970692633998,195219.77117332333,PASS
648,GEV,monthly_maxima,-0.19628317123833761,-0.022070703870441102,213517.83192240191,PASS_LMOM_FINITE_MEAN
648,KDE,monthly_maxima,-0.20902614102548789,-0.022070703870440501,210132.49621231452,PASS
648,EMP,monthly_maxima,-0.26516013212412631,-0.022070703870441299,195219.77117332333,PASS
649,TAIL,event_level,-0.057574922708064399,-0.033859811449570502,250367.48273980481,PASS
649,EVENT-EMP,event_level,-0.21387803960904389,-0.015087976018102699,208843.5262303566,PASS
649,GEV,monthly_maxima,-0.0568783226190498,-0.0101108765738121,250552.54361622379,PASS_LMOM_FINITE_MEAN
649,KDE,monthly_maxima,-0.1444902803073333,-0.0101108765053413,227277.28722411601,PASS
649,EMP,monthly_maxima,-0.21387803960904389,-0.010110876573813101,208843.5262303566,PASS
650,TAIL,event_level,-0.082800500593766202,0.012102302272440701,243665.97978951383,PASS
650,EVENT-EMP,event_level,-0.2313785293252979,0.012388333062358699,204194.29345573351,PASS
650,GEV,monthly_maxima,-0.0801830636546607,0.014178199617215601,244361.3359652611,PASS_LMOM_FINITE_MEAN
650,KDE,monthly_maxima,-0.1734005656432929,0.014178199617260299,219596.89380159299,PASS
650,EMP,monthly_maxima,-0.2313785293252979,0.0141781996172599,204194.29345573351,PASS
651,TAIL,event_level,-0.1071174480338518,-0.019954414756865199,237205.86633838969,PASS
651,EVENT-EMP,event_level,-0.055782464283858399,-0.0207259888437656,250843.67264009241,PASS
651,GEV,monthly_maxima,-0.053776247979329297,-0.0255616713617399,251376.65010227947,PASS_LMOM_FINITE_MEAN
651,KDE,monthly_maxima,-0.014290020989098101,-0.025560990928204599,261866.68001833852,PASS
651,EMP,monthly_maxima,-0.055782464283858399,-0.025560990928218001,250843.67264009241,PASS
652,TAIL,event_level,0.0030434125158583002,-0.012830985187646899,266471.53213702794,PASS
652,EVENT-EMP,event_level,-0.14411672528308139,-0.015920610726557,227376.5269762621,PASS
652,GEV,monthly_maxima,-0.076769924546180798,-0.0017535488810310001,245268.08077439369,PASS_LMOM_FINITE_MEAN
652,KDE,monthly_maxima,-0.099630628164142296,-0.0017535488810174,239194.8374403597,PASS
652,EMP,monthly_maxima,-0.14411672528308139,-0.0017535488810280001,227376.5269762621,PASS
653,TAIL,event_level,0.1067037161245382,0.019098541825305401,294010.24041198776,PASS
653,EVENT-EMP,event_level,0.23106622855395989,0.043137918053847799,327048.75979606702,PASS
653,GEV,monthly_maxima,0.4269612860576697,0.044345812934002901,379090.83041806961,PASS_LMOM_FINITE_MEAN
653,KDE,monthly_maxima,0.30400202653804081,0.044572367809681102,346425.10342580749,PASS
653,EMP,monthly_maxima,0.23106622855395989,0.044567944228749802,327048.75979606702,PASS
654,TAIL,event_level,-0.189925978413059,-0.037756003056802399,215206.70290356269,PASS
654,EVENT-EMP,event_level,-0.26376334845836508,-0.0358449942257415,195590.8449262986,PASS
654,GEV,monthly_maxima,-0.129725223999899,-0.0293445072476347,231199.81652567731,PASS_LMOM_FINITE_MEAN
654,KDE,monthly_maxima,-0.2188762200283508,-0.029344504090161799,207515.69457560359,PASS
654,EMP,monthly_maxima,-0.26376334845836508,-0.029344504090162,195590.8449262986,PASS
655,TAIL,event_level,-0.12358051082938989,-0.0236499604201411,232832.23952218663,PASS
655,EVENT-EMP,event_level,0.017077994989383099,-0.025735279383690302,270200.00156114122,PASS
655,GEV,monthly_maxima,0.071832021420851905,-0.0281321497692405,284746.12103294837,PASS_LMOM_FINITE_MEAN
655,KDE,monthly_maxima,0.064029025207459095,-0.0278954258598187,282673.15357182233,PASS
655,EMP,monthly_maxima,0.017077994989383099,-0.027895425861515399,270200.00156114122,PASS
656,TAIL,event_level,-0.029938724753361901,0.0065072864842347002,257709.3982736106,PASS
656,EVENT-EMP,event_level,-0.1271867199018841,0.0096501550235522995,231874.20316527199,PASS
656,GEV,monthly_maxima,0.056709527383246298,0.0092624701138964999,280728.63374809962,PASS_LMOM_FINITE_MEAN
656,KDE,monthly_maxima,-0.078538243834014101,0.0092641198920677004,244798.30374973387,PASS
656,EMP,monthly_maxima,-0.1271867199018841,0.0092641198917939992,231874.20316527199,PASS
657,TAIL,event_level,-0.16330083122298061,-0.0108773196385699,222280.01964796821,PASS
657,EVENT-EMP,event_level,-0.22421044410720811,-0.0125088512424159,206098.58855076056,PASS
657,GEV,monthly_maxima,-0.1635307569937211,-0.0198633302479038,222218.93687563503,PASS_LMOM_FINITE_MEAN
657,KDE,monthly_maxima,-0.19017649519833199,-0.019863330247902902,215140.14986032969,PASS
657,EMP,monthly_maxima,-0.22421044410720811,-0.019863330247902902,206098.58855076056,PASS
658,TAIL,event_level,0.1657247992226448,0.062447638769261897,309689.95900172595,PASS
658,EVENT-EMP,event_level,0.18197929796315679,0.0656918429836435,314008.17806329136,PASS
658,GEV,monthly_maxima,0.30382718600552561,0.068449029298269598,346378.65476366819,PASS_LMOM_FINITE_MEAN
658,KDE,monthly_maxima,0.2498923819173646,0.068455725296738199,332050.17236544949,PASS
658,EMP,monthly_maxima,0.18197929796315679,0.068455142947574196,314008.17806329136,PASS
659,TAIL,event_level,0.4777257149377076,0.094876587664428302,392577.06139564561,PASS
659,EVENT-EMP,event_level,0.24793783843090769,0.076196792557182702,331530.92245964706,PASS
659,GEV,monthly_maxima,0.51604331154521299,0.1093583474021546,402756.6294466437,PASS_LMOM_FINITE_MEAN
659,KDE,monthly_maxima,0.3214036452904217,0.1101679383733645,351048.06984256569,PASS
659,EMP,monthly_maxima,0.24793783843090769,0.11016686918184559,331530.92245964706,PASS
660,TAIL,event_level,0.1505701526481876,0.036566680899309902,305663.92997715774,PASS
660,EVENT-EMP,event_level,-0.11902523252708309,0.025891465556259999,234042.40846739875,PASS
660,GEV,monthly_maxima,-0.020059830236487601,0.019667863437130999,260333.85512650872,PASS_LMOM_FINITE_MEAN
660,KDE,monthly_maxima,-0.0695290398519125,0.019667863564514301,247191.71599738937,PASS
660,EMP,monthly_maxima,-0.11902523252708309,0.019667863437130499,234042.40846739875,PASS
661,TAIL,event_level,-0.1124942275132025,-0.036496106898821601,235777.45491775952,PASS
661,EVENT-EMP,event_level,-0.24503278990598751,-0.036060767976446702,200566.86149044253,PASS
661,GEV,monthly_maxima,-0.20055005806516021,-0.039159569110495597,212384.27792462739,PASS_LMOM_FINITE_MEAN
661,KDE,monthly_maxima,-0.21016065152516819,-0.039159569110495798,209831.09873808449,PASS
661,EMP,monthly_maxima,-0.24503278990598751,-0.039159569110495999,200566.86149044253,PASS
662,TAIL,event_level,-0.25423168351609921,-0.079064950028610595,198123.05572524268,PASS
662,EVENT-EMP,event_level,-0.34831493621511789,-0.082676366514065597,173128.61562193726,PASS
662,GEV,monthly_maxima,-0.28826442574797401,-0.081790578967031999,189081.81498511785,PASS_LMOM_FINITE_MEAN
662,KDE,monthly_maxima,-0.30959392423039939,-0.081790578967032804,183415.35621632903,PASS
662,EMP,monthly_maxima,-0.34831493621511789,-0.081790578967032804,173128.61562193726,PASS
663,TAIL,event_level,-0.091002703155063897,-0.0124415957309802,241486.95796838927,PASS
663,EVENT-EMP,event_level,-0.24226754928540301,-0.013807404047959399,201301.48363710169,PASS
663,GEV,monthly_maxima,-0.1921122394799834,-0.019450324789795699,214625.89420786159,PASS_LMOM_FINITE_MEAN
663,KDE,monthly_maxima,-0.1988583112807133,-0.019450324789448602,212833.71246755388,PASS
663,EMP,monthly_maxima,-0.24226754928540301,-0.019450324789448799,201301.48363710169,PASS
664,TAIL,event_level,-0.1025256869918339,0.0033405623056813002,238425.72739804679,PASS
664,EVENT-EMP,event_level,-0.12181980149907599,0.00032102357062069998,233299.99486262599,PASS
664,GEV,monthly_maxima,0.1002514085952208,-0.020601020481748899,292296.1009722561,PASS_LMOM_FINITE_MEAN
664,KDE,monthly_maxima,-0.062140673283881599,-0.0205425196455713,249154.53169889029,PASS
664,EMP,monthly_maxima,-0.12181980149907599,-0.0205425196995054,233299.99486262599,PASS
665,TAIL,event_level,-0.072898037571939203,-0.0233575487041906,246296.6979223791,PASS
665,EVENT-EMP,event_level,-0.25951371141483021,-0.026914034085545799,196719.8162947229,PASS
665,GEV,monthly_maxima,-0.11090768956119459,-0.022637774308831599,236198.93936558085,PASS_LMOM_FINITE_MEAN
665,KDE,monthly_maxima,-0.20389737568722249,-0.022637747997290701,211495.01944969964,PASS
665,EMP,monthly_maxima,-0.25951371141483021,-0.022637747997290899,196719.8162947229,PASS
666,TAIL,event_level,0.046810072038173202,0.0037322921210649002,278098.71464369388,PASS
666,EVENT-EMP,event_level,-0.089605011982307095,0.0062940469411801002,241858.27281240464,PASS
666,GEV,monthly_maxima,0.016438934395321,0.0184416294210323,270030.22680014558,PASS_LMOM_FINITE_MEAN
666,KDE,monthly_maxima,-0.033357904957323901,0.018441631445899501,256801.04856886843,PASS
666,EMP,monthly_maxima,-0.089605011982307095,0.0184416294210334,241858.27281240464,PASS
667,TAIL,event_level,0.0524703948620414,5.1331154192154962e-05,279602.45304269611,PASS
667,EVENT-EMP,event_level,-0.1107895802624337,0.0002721291259683,236230.31663739955,PASS
667,GEV,monthly_maxima,0.16527412114965651,-0.0045135966967487003,309570.23050831154,PASS_LMOM_FINITE_MEAN
667,KDE,monthly_maxima,-0.0281805172322309,-0.0044870403484486001,258176.48897589184,PASS
667,EMP,monthly_maxima,-0.1107895802624337,-0.0044870411943247002,236230.31663739955,PASS
668,TAIL,event_level,-0.23386896394436979,-0.055561162501808398,203532.67709860441,PASS
668,EVENT-EMP,event_level,-0.21942815241553809,-0.0610627606604906,207369.06655630289,PASS
668,GEV,monthly_maxima,-0.22073323480038839,-0.072336726718591496,207022.35444163595,PASS_LMOM_FINITE_MEAN
668,KDE,monthly_maxima,-0.18939115286091701,-0.072336726718578798,215348.78626957361,PASS
668,EMP,monthly_maxima,-0.21942815241553809,-0.072336726718578798,207369.06655630289,PASS
669,TAIL,event_level,-0.18134781660925889,-0.0188385242803886,217485.6031886905,PASS
669,EVENT-EMP,event_level,-0.2485589716964027,-0.017228118644675001,199630.08542216764,PASS
669,GEV,monthly_maxima,-0.15153559579919099,-0.028347790530763299,225405.60750409751,PASS_LMOM_FINITE_MEAN
669,KDE,monthly_maxima,-0.215704975162369,-0.0283477892534101,208358.17703217079,PASS
669,EMP,monthly_maxima,-0.2485589716964027,-0.028347789253410201,199630.08542216764,PASS
670,TAIL,event_level,0.17845225210576079,0.042370990148151801,313071.17244438152,PASS
670,EVENT-EMP,event_level,-0.1369897800728167,0.044736759715667603,229269.89269297864,PASS
670,GEV,monthly_maxima,0.2111216896119581,0.034655938635079001,321750.2335475256,PASS_LMOM_FINITE_MEAN
670,KDE,monthly_maxima,-0.016698564591241902,0.034656663482748998,261226.81907525903,PASS
670,EMP,monthly_maxima,-0.1369897800728167,0.034656611639354698,229269.89269297864,PASS
671,TAIL,event_level,0.018800679043291399,0.031406392190803899,270657.65499219421,PASS
671,EVENT-EMP,event_level,0.034614350475247198,0.033547173034994701,274858.76254407514,PASS
671,GEV,monthly_maxima,0.21259830132367699,0.014165249066803901,322142.51465947297,PASS_LMOM_FINITE_MEAN
671,KDE,monthly_maxima,0.090179435181790404,0.0142518457560323,289620.35019852995,PASS
671,EMP,monthly_maxima,0.034614350475247198,0.0142518439566138,274858.76254407514,PASS
672,TAIL,event_level,0.1137845596618825,0.017497711683438499,295891.35861950991,PASS
672,EVENT-EMP,event_level,-0.17000022600378439,0.016992413267621,220500.2382652722,PASS
672,GEV,monthly_maxima,-0.042551217864718403,0.0062958832063274997,254358.72538995041,PASS_LMOM_FINITE_MEAN
672,KDE,monthly_maxima,-0.11263732105781001,0.0062958832164161996,235739.44025598647,PASS
672,EMP,monthly_maxima,-0.17000022600378439,0.0062958832063277001,220500.2382652722,PASS
673,TAIL,event_level,-0.29004848489400792,-0.061353952530224201,188607.85646235131,PASS
673,EVENT-EMP,event_level,-0.35928939444625108,-0.053914560397613401,170213.10801505423,PASS
673,GEV,monthly_maxima,-0.3246844870985342,-0.041239080494230002,179406.35186207492,PASS_LMOM_FINITE_MEAN
673,KDE,monthly_maxima,-0.31972188840350407,-0.041239080494211898,180724.73076885528,PASS
673,EMP,monthly_maxima,-0.35928939444625108,-0.041239080494212099,170213.10801505423,PASS
674,TAIL,event_level,-0.22416857598555109,-0.055680878316205697,206109.71136198333,PASS
674,EVENT-EMP,event_level,-0.30208142872230809,-0.054149139089552101,185411.14838567545,PASS
674,GEV,monthly_maxima,-0.2337451185533759,-0.053055824287237999,203565.5782379513,PASS_LMOM_FINITE_MEAN
674,KDE,monthly_maxima,-0.25376599966341878,-0.053055824287237999,198246.77069925761,PASS
674,EMP,monthly_maxima,-0.30208142872230809,-0.053055824287237999,185411.14838567545,PASS
675,TAIL,event_level,-0.17913154552625299,-0.047106145609420301,218074.38443559411,PASS
675,EVENT-EMP,event_level,-0.27036677675146448,-0.047043453124515598,193836.55828958601,PASS
675,GEV,monthly_maxima,-0.1096600776861491,-0.028609299016948499,236530.3836916264,PASS_LMOM_FINITE_MEAN
675,KDE,monthly_maxima,-0.2196197165633319,-0.0286092815458233,207318.17504819049,PASS
675,EMP,monthly_maxima,-0.27036677675146448,-0.028609281545823199,193836.55828958601,PASS
676,TAIL,event_level,0.38209113022376961,0.066149207647097294,367170.48975973588,PASS
676,EVENT-EMP,event_level,-0.041124116373927599,0.039465746305782902,254737.85346757987,PASS
676,GEV,monthly_maxima,-0.068426250366422997,0.013363801711859699,247484.68637150899,PASS_LMOM_FINITE_MEAN
676,KDE,monthly_maxima,0.0082739615210441,0.0133638019644479,267861.09552973666,PASS
676,EMP,monthly_maxima,-0.041124116373927599,0.013363801711838499,254737.85346757987,PASS
677,TAIL,event_level,-0.013524491909800099,-0.027285756351382699,262070.05277779303,PASS
677,EVENT-EMP,event_level,-0.15417638202684739,-0.025047213318746899,224704.0482860723,PASS
677,GEV,monthly_maxima,-0.0116745256017728,-0.039598387650551903,262561.52039559581,PASS_LMOM_FINITE_MEAN
677,KDE,monthly_maxima,-0.097959460865657294,-0.039598368064662798,239638.80477510119,PASS
677,EMP,monthly_maxima,-0.15417638202684739,-0.039598368123491899,224704.0482860723,PASS
678,TAIL,event_level,-0.19462793076152199,-0.049864731615853503,213957.5680897588,PASS
678,EVENT-EMP,event_level,-0.25066170950567618,-0.048110702218264398,199071.46576649969,PASS
678,GEV,monthly_maxima,-0.17026293400780179,-0.033951095712792097,220430.44646617191,PASS_LMOM_FINITE_MEAN
678,KDE,monthly_maxima,-0.19412455225469319,-0.0339510957127927,214091.297139056,PASS
678,EMP,monthly_maxima,-0.25066170950567618,-0.0339510957127927,199071.46576649969,PASS
679,TAIL,event_level,-0.1540350209378156,-0.039141518690451398,224741.6026984824,PASS
679,EVENT-EMP,event_level,-0.19191223779489969,-0.039087605232729403,214679.02725752752,PASS
679,GEV,monthly_maxima,-0.15951662785163179,-0.034293635108672803,223285.34250608081,PASS_LMOM_FINITE_MEAN
679,KDE,monthly_maxima,-0.15432905427188309,-0.034293635108655497,224663.48891791151,PASS
679,EMP,monthly_maxima,-0.19191223779489969,-0.034293635108656101,214679.02725752752,PASS
680,TAIL,event_level,-0.16328978053749621,-0.032443518262418099,222282.95540633664,PASS
680,EVENT-EMP,event_level,-0.2798048278148636,-0.035186286750715098,191329.21723548009,PASS
680,GEV,monthly_maxima,-0.20791485454843059,-0.024957810341394999,210427.72392279009,PASS_LMOM_FINITE_MEAN
680,KDE,monthly_maxima,-0.24384839723186441,-0.0249578103414058,200881.51081328079,PASS
680,EMP,monthly_maxima,-0.2798048278148636,-0.0249578103414058,191329.21723548009,PASS
681,TAIL,event_level,0.069268260582081007,0.022186294379994399,284065.02461158147,PASS
681,EVENT-EMP,event_level,-0.22368015017580761,0.0028016401025669998,206239.46803276509,PASS
681,GEV,monthly_maxima,-0.1373744400734736,-0.0099069081215007009,229167.70275937469,PASS_LMOM_FINITE_MEAN
681,KDE,monthly_maxima,-0.1783332884034162,-0.0099069081214992992,218286.45182560681,PASS
681,EMP,monthly_maxima,-0.22368015017580761,-0.0099069081214992992,206239.46803276509,PASS
682,TAIL,event_level,-0.18698586975497411,-0.036237299020363503,215987.78101941827,PASS
682,EVENT-EMP,event_level,-0.1802274565031228,-0.043536106360433799,217783.24142677881,PASS
682,GEV,monthly_maxima,-0.11367364391482759,-0.033673663375655499,235464.12760645169,PASS_LMOM_FINITE_MEAN
682,KDE,monthly_maxima,-0.14668112896824451,-0.033673556563631801,226695.2597743877,PASS
682,EMP,monthly_maxima,-0.1802274565031228,-0.033673556563632003,217783.24142677881,PASS
683,TAIL,event_level,-0.052399317798657599,0.0023923232730411999,251742.4495186467,PASS
683,EVENT-EMP,event_level,-0.13090190755039799,0.0092761447312670001,230887.2152318256,PASS
683,GEV,monthly_maxima,-0.067424502551733601,-0.017666632016398901,247750.81371122767,PASS_LMOM_FINITE_MEAN
683,KDE,monthly_maxima,-0.086902469515484304,-0.0176666320147966,242576.23837881355,PASS
683,EMP,monthly_maxima,-0.13090190755039799,-0.017666632016399501,230887.2152318256,PASS
684,TAIL,event_level,-0.25985799076361549,-0.041793656442637099,196628.3540066412,PASS
684,EVENT-EMP,event_level,-0.3060258877424325,-0.0389489269025661,184363.25152953848,PASS
684,GEV,monthly_maxima,-0.26645355201612059,-0.022045171783740401,194876.15735161272,PASS_LMOM_FINITE_MEAN
684,KDE,monthly_maxima,-0.26385290681624901,-0.022045171783699,195567.05258337184,PASS
684,EMP,monthly_maxima,-0.3060258877424325,-0.022045171783699202,184363.25152953848,PASS
685,TAIL,event_level,-0.0022553522036460002,0.0131176679626894,265063.84635232354,PASS
685,EVENT-EMP,event_level,0.0110830843052663,0.023564983890196199,268607.37554407341,PASS
685,GEV,monthly_maxima,0.1108779994347743,0.037095384066656002,295119.19308080862,PASS_LMOM_FINITE_MEAN
685,KDE,monthly_maxima,0.060595756734392499,0.037108253885394599,281761.06113510404,PASS
685,EMP,monthly_maxima,0.0110830843052663,0.037108253854947898,268607.37554407341,PASS
686,TAIL,event_level,-0.12040618864312801,-0.043616521711500697,233675.5395089222,PASS
686,EVENT-EMP,event_level,-0.2208067283917477,-0.048236158145084397,207002.8299129392,PASS
686,GEV,monthly_maxima,-0.1956831385591157,-0.038700097961948801,213677.23841006681,PASS_LMOM_FINITE_MEAN
686,KDE,monthly_maxima,-0.1879298856167412,-0.038700097961942397,215736.99092408651,PASS
686,EMP,monthly_maxima,-0.2208067283917477,-0.038700097961942397,207002.8299129392,PASS
687,TAIL,event_level,-0.30055662252266618,-0.055926220917559701,185816.23299035025,PASS
687,EVENT-EMP,event_level,-0.30178467728601949,-0.061235776016168801,185489.98426546389,PASS
687,GEV,monthly_maxima,-0.23280174844418819,-0.061760283923099901,203816.19678070908,PASS_LMOM_FINITE_MEAN
687,KDE,monthly_maxima,-0.2683328187428618,-0.0617602817560019,194376.90569637995,PASS
687,EMP,monthly_maxima,-0.30178467728601949,-0.061760281756001699,185489.98426546389,PASS
688,TAIL,event_level,-0.1215078446619472,-0.019334132819421299,233382.87025496995,PASS
688,EVENT-EMP,event_level,-0.15176818043187709,-0.0011534891448453999,225343.81837049665,PASS
688,GEV,monthly_maxima,-0.042231662020847098,0.0048515026419881004,254443.61955729869,PASS_LMOM_FINITE_MEAN
688,KDE,monthly_maxima,-0.087129068177620103,0.0048515026446718998,242516.03949616689,PASS
688,EMP,monthly_maxima,-0.15176818043187709,0.0048515026419882999,225343.81837049665,PASS
689,TAIL,event_level,-0.032027551765113398,0.021600610455483699,257154.47420228401,PASS
689,EVENT-EMP,event_level,-0.18794190071805961,0.021039850556857701,215733.79895610479,PASS
689,GEV,monthly_maxima,-0.1584699070103788,0.030406840823616301,223563.41751540548,PASS_LMOM_FINITE_MEAN
689,KDE,monthly_maxima,-0.14674690993515971,0.030406840823416999,226677.7842047158,PASS
689,EMP,monthly_maxima,-0.18794190071805961,0.030406840823416999,215733.79895610479,PASS
690,TAIL,event_level,-0.011614055865209499,0.020700656002666101,262577.58496782562,PASS
690,EVENT-EMP,event_level,-0.21774999178252391,0.02422955897384,207814.89176134529,PASS
690,GEV,monthly_maxima,-0.031736009234517797,0.0084805546143904998,257231.9262685072,PASS_LMOM_FINITE_MEAN
690,KDE,monthly_maxima,-0.13881524038405729,0.0084805546153696003,228784.93541204548,PASS
690,EMP,monthly_maxima,-0.21774999178252391,0.0084805546144081003,207814.89176134529,PASS
691,TAIL,event_level,0.1127794218390762,0.036262015872994102,295624.33068003092,PASS
691,EVENT-EMP,event_level,-0.18433708279767999,0.0293704443283587,216691.46573536127,PASS
691,GEV,monthly_maxima,-0.048416569237908998,0.0084098163776647993,252800.51848939771,PASS_LMOM_FINITE_MEAN
691,KDE,monthly_maxima,-0.13727878419109571,0.0084098163858306995,229193.11498901213,PASS
691,EMP,monthly_maxima,-0.18433708279767999,0.0084098163858232992,216691.46573536127,PASS
692,TAIL,event_level,-0.028092857938077701,0.0050724698472796002,258199.77680783169,PASS
692,EVENT-EMP,event_level,-0.28885625481030519,0.0066960083100624001,188924.58789500911,PASS
692,GEV,monthly_maxima,-0.20932772429330851,0.023358020440682001,210052.37669361749,PASS_LMOM_FINITE_MEAN
692,KDE,monthly_maxima,-0.21445521079161209,0.023358020437500501,208690.19319670601,PASS
692,EMP,monthly_maxima,-0.28885625481030519,0.023358020437500501,188924.58789500911,PASS
693,TAIL,event_level,0.070268118646904507,0.016170055076810099,284330.64991466264,PASS
693,EVENT-EMP,event_level,0.2491027596993966,0.027831846125771401,331840.39895025542,PASS
693,GEV,monthly_maxima,0.2269091638535442,0.0156196184193061,325944.3814749592,PASS_LMOM_FINITE_MEAN
693,KDE,monthly_maxima,0.31316541264058162,0.015970020106588999,348859.47615966818,PASS
693,EMP,monthly_maxima,0.2491027596993966,0.015969626864292499,331840.39895025542,PASS
694,TAIL,event_level,0.31034776966999561,0.0572112724872623,348110.9326469762,PASS
694,EVENT-EMP,event_level,-0.19485175499037419,0.017631463632087899,213898.10627140931,PASS
694,GEV,monthly_maxima,-0.1051661739884741,0.017940597376429002,237724.24767463401,PASS_LMOM_FINITE_MEAN
694,KDE,monthly_maxima,-0.1436116210638993,0.017940597376442002,227510.71448349743,PASS
694,EMP,monthly_maxima,-0.19485175499037419,0.0179405973764288,213898.10627140931,PASS
695,TAIL,event_level,-0.021922396894446701,0.010863786354046201,259839.04006181599,PASS
695,EVENT-EMP,event_level,-0.13608618623874119,0.0135905758769225,229509.94415076324,PASS
695,GEV,monthly_maxima,-0.0102923743055048,0.024773522747384799,262928.70686924795,PASS_LMOM_FINITE_MEAN
695,KDE,monthly_maxima,-0.056210718479279297,0.024773523364915399,250729.90134148861,PASS
695,EMP,monthly_maxima,-0.13608618623874119,0.024773522747394999,229509.94415076324,PASS
696,TAIL,event_level,0.087263526949204098,0.0079757872466771004,288845.70124055579,PASS
696,EVENT-EMP,event_level,-0.14000721718612569,0.0114474476728779,228468.27126694904,PASS
696,GEV,monthly_maxima,-0.0134559113053919,-0.0031045282171876,262088.27210758827,PASS_LMOM_FINITE_MEAN
696,KDE,monthly_maxima,-0.091093171135776294,-0.0031045275354741001,241462.923972324,PASS
696,EMP,monthly_maxima,-0.14000721718612569,-0.0031045282170190998,228468.27126694904,PASS
697,TAIL,event_level,0.070912500481666502,0.048086359139947299,284501.83833247959,PASS
697,EVENT-EMP,event_level,-0.19490150328563349,0.045682386733859902,213884.88998954801,PASS
697,GEV,monthly_maxima,-0.096324176625518398,0.068617780386314497,240073.23930855404,PASS_LMOM_FINITE_MEAN
697,KDE,monthly_maxima,-0.1129206975089885,0.068617780402036699,235664.1576150012,PASS
697,EMP,monthly_maxima,-0.19490150328563349,0.068617780379321494,213884.88998954801,PASS
698,TAIL,event_level,0.0358475736302468,0.0266198222212932,275186.38431944314,PASS
698,EVENT-EMP,event_level,0.096447898130782694,0.027156694725800901,291285.64893367892,PASS
698,GEV,monthly_maxima,0.1114705759495697,0.031587683246460198,295276.61874138884,PASS_LMOM_FINITE_MEAN
698,KDE,monthly_maxima,0.15205859325353249,0.0315880994312518,306059.35358859086,PASS
698,EMP,monthly_maxima,0.096447898130782694,0.031588097096804102,291285.64893367892,PASS
699,TAIL,event_level,0.063090159350625105,-0.0072885432469295998,282423.73164230265,PASS
699,EVENT-EMP,event_level,-0.043645505434349703,0.0043807817644064004,254068.01366038847,PASS
699,GEV,monthly_maxima,0.17966288546411699,0.015510237362068,313392.79294637777,PASS_LMOM_FINITE_MEAN
699,KDE,monthly_maxima,0.018525802838853599,0.0155216610616322,270584.63055234385,PASS
699,EMP,monthly_maxima,-0.043645505434349703,0.0155216561049192,254068.01366038847,PASS
700,TAIL,event_level,-0.095768641188168399,-0.018550252290491401,240220.8245250062,PASS
700,EVENT-EMP,event_level,-0.2305978189562764,-0.0200814657819628,204401.69932231173,PASS
700,GEV,monthly_maxima,-0.2405466456187185,-0.029692404737033901,201758.66408512573,PASS_LMOM_FINITE_MEAN
700,KDE,monthly_maxima,-0.1989709126610138,-0.029692404736037899,212803.79844593225,PASS
700,EMP,monthly_maxima,-0.2305978189562764,-0.029692404736038101,204401.69932231173,PASS
701,TAIL,event_level,0.050390253981824097,0.0039913554512035999,279049.83655521821,PASS
701,EVENT-EMP,event_level,0.042080366487359397,0.0028515975157204,276842.20683061611,PASS
701,GEV,monthly_maxima,0.045126539373002997,-0.0079078016552169995,277651.46228841902,PASS_LMOM_FINITE_MEAN
701,KDE,monthly_maxima,0.093399543989904799,-0.0079073514555271993,290475.81399704487,PASS
701,EMP,monthly_maxima,0.042080366487359397,-0.0079073517836451002,276842.20683061611,PASS
702,TAIL,event_level,-0.094616705677215293,-0.0025346815908815,240526.85118018041,PASS
702,EVENT-EMP,event_level,-0.1550497538444848,-0.0088157089852168007,224472.02570014319,PASS
702,GEV,monthly_maxima,-0.1523749387253569,-0.014762607957503801,225182.62513590389,PASS_LMOM_FINITE_MEAN
702,KDE,monthly_maxima,-0.11738369796879849,-0.0147626079575079,234478.50347918377,PASS
702,EMP,monthly_maxima,-0.1550497538444848,-0.0147626079575079,224472.02570014319,PASS
703,TAIL,event_level,0.22560852375275131,0.020130489425611402,325598.84951084625,PASS
703,EVENT-EMP,event_level,0.022633158673741102,0.0158027858975959,271675.80306661141,PASS
703,GEV,monthly_maxima,0.21698501086158509,0.030965712970681,323307.90111934167,PASS_LMOM_FINITE_MEAN
703,KDE,monthly_maxima,0.082207509251629493,0.030976172073984998,287502.5043603676,PASS
703,EMP,monthly_maxima,0.022633158673741102,0.030976146970143802,271675.80306661141,PASS
704,TAIL,event_level,0.060845549124485997,0.0033782059860460001,281827.42173333321,PASS
704,EVENT-EMP,event_level,-0.075675095981189197,0.011161350164316399,245558.93622641143,PASS
704,GEV,monthly_maxima,0.1480910171171391,0.035343771781938899,305005.31536976318,PASS_LMOM_FINITE_MEAN
704,KDE,monthly_maxima,0.0009669364107249,0.035343825582068097,265919.88924472983,PASS
704,EMP,monthly_maxima,-0.075675095981189197,0.035343808395345198,245558.93622641143,PASS
705,TAIL,event_level,-0.1025306726454583,-0.036180470639513899,238424.40289429799,PASS
705,EVENT-EMP,event_level,-0.3179045539135768,-0.040059981191672603,181207.52931963955,PASS
705,GEV,monthly_maxima,-0.23693556312590139,-0.023090045817394,202717.9951295525,PASS_LMOM_FINITE_MEAN
705,KDE,monthly_maxima,-0.27329466429645072,-0.0230900458173748,193058.72687142185,PASS
705,EMP,monthly_maxima,-0.3179045539135768,-0.0230900458173748,181207.52931963955,PASS
706,TAIL,event_level,-0.0883443903284091,-0.031052859301347099,242193.17335545967,PASS
706,EVENT-EMP,event_level,-0.30921342884311748,-0.039818467063512698,183516.43976620832,PASS
706,GEV,monthly_maxima,-0.16503857767078581,-0.035233037856763301,221818.36469601467,PASS_LMOM_FINITE_MEAN
706,KDE,monthly_maxima,-0.2313859921601715,-0.035233037856762101,204192.3108565578,PASS
706,EMP,monthly_maxima,-0.30921342884311748,-0.035233037856761899,183516.43976620832,PASS
707,TAIL,event_level,-0.26451856633976528,-0.074071797769115197,195390.21147071439,PASS
707,EVENT-EMP,event_level,-0.33856716442029411,-0.071673898840198993,175718.23801781511,PASS
707,GEV,monthly_maxima,-0.25705864752063068,-0.072698896000483501,197372.03595861635,PASS_LMOM_FINITE_MEAN
707,KDE,monthly_maxima,-0.30118367624273279,-0.072698896000483099,185649.64801164105,PASS
707,EMP,monthly_maxima,-0.33856716442029411,-0.072698896000483307,175718.23801781511,PASS
708,TAIL,event_level,0.0118196114204613,0.0080064931556445007,268803.04355444817,PASS
708,EVENT-EMP,event_level,-0.21944671374149161,0.0068168700687436003,207364.13549858035,PASS
708,GEV,monthly_maxima,-0.1137900926473283,0.0070483697249252002,235433.19148566405,PASS_LMOM_FINITE_MEAN
708,KDE,monthly_maxima,-0.17095835039513169,0.0070483697249308997,220245.70005550541,PASS
708,EMP,monthly_maxima,-0.21944671374149161,0.0070483697249303003,207364.13549858035,PASS
709,TAIL,event_level,0.0046698442331108,0.022512508367006499,266903.61488260468,PASS
709,EVENT-EMP,event_level,-0.12767777486562731,0.026740005490418599,231743.7480255249,PASS
709,GEV,monthly_maxima,0.069442641511831604,0.015878686922168799,284111.35117426689,PASS_LMOM_FINITE_MEAN
709,KDE,monthly_maxima,-0.0597325241995506,0.015878715159514899,249794.28783318016,PASS
709,EMP,monthly_maxima,-0.12767777486562731,0.015878715074996899,231743.7480255249,PASS
710,TAIL,event_level,-0.1903821831332457,-0.032607115700986997,215085.50618441831,PASS
710,EVENT-EMP,event_level,-0.31244790220329671,-0.030932681244938001,182657.15983755444,PASS
710,GEV,monthly_maxima,-0.25000516642102399,-0.0332765018550812,199245.88497856801,PASS_LMOM_FINITE_MEAN
710,KDE,monthly_maxima,-0.25421182062856029,-0.0332765018551733,198128.33255973371,PASS
710,EMP,monthly_maxima,-0.31244790220329671,-0.033276501855173397,182657.15983755444,PASS
711,TAIL,event_level,0.010066655787564599,0.038322909700785501,268337.34808460344,PASS
711,EVENT-EMP,event_level,0.0650857138970143,0.0432411677439552,282953.87666973029,PASS
711,GEV,monthly_maxima,0.21501517791606189,0.050392211310054898,322784.58936982229,PASS_LMOM_FINITE_MEAN
711,KDE,monthly_maxima,0.12575227473275549,0.0503944116655589,299070.73782814859,PASS
711,EMP,monthly_maxima,0.0650857138970143,0.050394242882348401,282953.87666973029,PASS
712,TAIL,event_level,0.249775057342217,0.062957713144584204,332019.00356566795,PASS
712,EVENT-EMP,event_level,0.093340523012020296,0.050653664332062698,290460.13430640649,PASS
712,GEV,monthly_maxima,0.11846152339687981,0.080933417268339594,297133.85488304461,PASS_LMOM_FINITE_MEAN
712,KDE,monthly_maxima,0.1462959652475942,0.080933844539856498,304528.43648698053,PASS
712,EMP,monthly_maxima,0.093340523012020296,0.080933844489954707,290460.13430640649,PASS
713,TAIL,event_level,-0.101448190997923,-0.024407201307021901,238711.97822706,PASS
713,EVENT-EMP,event_level,-0.18794605356003749,-0.029655184643596701,215732.69569960481,PASS
713,GEV,monthly_maxima,-0.092736848004162806,-0.021180160642981199,241026.25982798889,PASS_LMOM_FINITE_MEAN
713,KDE,monthly_maxima,-0.1500438121904725,-0.021180160545978401,225801.91922786931,PASS
713,EMP,monthly_maxima,-0.18794605356003749,-0.021180160545978599,215732.69569960481,PASS
714,TAIL,event_level,0.048857240038549798,-0.0057154187025393998,278642.57145666471,PASS
714,EVENT-EMP,event_level,-0.16621648071893769,0.0056133390137714997,221505.43942674572,PASS
714,GEV,monthly_maxima,-0.042509466457829499,-0.0069514903191291002,254369.81719437649,PASS_LMOM_FINITE_MEAN
714,KDE,monthly_maxima,-0.106137838551256,-0.0069514901683774,237466.11234216785,PASS
714,EMP,monthly_maxima,-0.16621648071893769,-0.0069514903191297004,221505.43942674572,PASS
715,TAIL,event_level,0.1125447990234969,0.0286599612979382,295562.00007662771,PASS
715,EVENT-EMP,event_level,0.032421155607580701,0.041311660117972701,274276.11179399816,PASS
715,GEV,monthly_maxima,0.36527564343664481,0.045478582862266401,362703.23692512914,PASS_LMOM_FINITE_MEAN
715,KDE,monthly_maxima,0.1350719393640234,0.045539887802995997,301546.62798635045,PASS
715,EMP,monthly_maxima,0.032421155607580701,0.045538830721242103,274276.11179399816,PASS
716,TAIL,event_level,0.1367741275243437,0.038043687375714598,301998.83641662006,PASS
716,EVENT-EMP,event_level,-0.12012709408036,0.047899130467344002,233749.68461054383,PASS
716,GEV,monthly_maxima,0.037562784178990803,0.050525807268701199,275642.05231661885,PASS_LMOM_FINITE_MEAN
716,KDE,monthly_maxima,-0.047713710451447303,0.050525807455997801,252987.24207021925,PASS
716,EMP,monthly_maxima,-0.12012709408036,0.050525807268700797,233749.68461054383,PASS
717,TAIL,event_level,-0.029386609595096199,-0.0221618339959735,257856.07484842616,PASS
717,EVENT-EMP,event_level,0.1199033795526558,0.0049903965354619996,297516.90272938571,PASS
717,GEV,monthly_maxima,0.29336791459098438,0.0155198038412595,343600.01323719713,PASS_LMOM_FINITE_MEAN
717,KDE,monthly_maxima,0.18828471635210589,0.015589071016254299,315683.29449185543,PASS
717,EMP,monthly_maxima,0.1199033795526558,0.0155882650466243,297516.90272938571,PASS
718,TAIL,event_level,0.0121960455557982,0.0044888312094392997,268903.04817991127,PASS
718,EVENT-EMP,event_level,-0.078923857548794094,0.022117091601315701,244695.86044956528,PASS
718,GEV,monthly_maxima,-0.094910162596027706,0.042300818102628202,240448.89053182121,PASS_LMOM_FINITE_MEAN
718,KDE,monthly_maxima,-0.031852670505591797,0.042300818131816402,257200.93368408241,PASS
718,EMP,monthly_maxima,-0.078923857548794094,0.042300818102419702,244695.86044956528,PASS
719,TAIL,event_level,0.2516477970524662,0.046441125803871899,332516.52123405307,PASS
719,EVENT-EMP,event_level,0.0100791496804304,0.042337731462904003,268340.66724978888,PASS
719,GEV,monthly_maxima,0.2447157310815829,0.065895456008815995,330674.9277226585,PASS_LMOM_FINITE_MEAN
719,KDE,monthly_maxima,0.087891359715629405,0.065902962591790099,289012.49318306561,PASS
719,EMP,monthly_maxima,0.0100791496804304,0.065902585543059999,268340.66724978888,PASS
720,TAIL,event_level,-0.095050045645057493,-0.012109414880183701,240411.72877996691,PASS
720,EVENT-EMP,event_level,-0.20657632787298161,-0.0156982242210062,210783.32094836503,PASS
720,GEV,monthly_maxima,-0.1085369126936067,-0.0135961678158941,236828.76708428009,PASS_LMOM_FINITE_MEAN
720,KDE,monthly_maxima,-0.15247526342526799,-0.0135961678151867,225155.9725741474,PASS
720,EMP,monthly_maxima,-0.20657632787298161,-0.0135961678151881,210783.32094836503,PASS
721,TAIL,event_level,-0.1101777934759908,-0.032586542875403399,236392.84575656871,PASS
721,EVENT-EMP,event_level,-0.12123832423890089,-0.036579763339498098,233454.47186181488,PASS
721,GEV,monthly_maxima,-0.14503187128598519,-0.023993963529300302,227133.40653453447,PASS_LMOM_FINITE_MEAN
721,KDE,monthly_maxima,-0.083643548715210805,-0.023993963529317201,243442.01308798985,PASS
721,EMP,monthly_maxima,-0.12123832423890089,-0.023993963529317201,233454.47186181488,PASS
722,TAIL,event_level,-0.28133290924967419,-0.096169946455322106,190923.26252197192,PASS
722,EVENT-EMP,event_level,-0.32426876222334611,-0.092589620246776902,179516.79458375231,PASS
722,GEV,monthly_maxima,-0.32144588462092161,-0.086325030055072097,180266.72874449479,PASS_LMOM_FINITE_MEAN
722,KDE,monthly_maxima,-0.29873387693124248,-0.086325030055055194,186300.46907064551,PASS
722,EMP,monthly_maxima,-0.32426876222334611,-0.086325030055055194,179516.79458375231,PASS
723,TAIL,event_level,-0.034594846788075201,0.024720990555789201,256472.43887890701,PASS
723,EVENT-EMP,event_level,-0.2011583069435407,0.023503509547474401,212222.68869676325,PASS
723,GEV,monthly_maxima,-0.15054396907143969,0.0255865343096102,225669.04604539569,PASS_LMOM_FINITE_MEAN
723,KDE,monthly_maxima,-0.1596264859317186,0.025586534309609402,223256.15727785128,PASS
723,EMP,monthly_maxima,-0.2011583069435407,0.025586534309609599,212222.68869676325,PASS
724,TAIL,event_level,0.1238595172045862,0.0087992464238320998,298567.90216600103,PASS
724,EVENT-EMP,event_level,-0.089525426141697506,0.0057404337557905999,241879.41582637496,PASS
724,GEV,monthly_maxima,0.1354808858183961,0.0201085240787801,301655.26993235096,PASS_LMOM_FINITE_MEAN
724,KDE,monthly_maxima,-0.0039267294070136002,0.020110085067424201,264619.82325361919,PASS
724,EMP,monthly_maxima,-0.089525426141697506,0.0201100841506161,241879.41582637496,PASS
725,TAIL,event_level,0.19330788890295389,0.042493738162768697,317017.76563150011,PASS
725,EVENT-EMP,event_level,0.33900973967316977,0.071938543854458706,355725.35787076043,PASS
725,GEV,monthly_maxima,0.39554123648769107,0.1090302402407617,370743.68547472818,PASS_LMOM_FINITE_MEAN
725,KDE,monthly_maxima,0.41226431127543339,0.1091331796831322,375186.38785941823,PASS
725,EMP,monthly_maxima,0.33900973967316977,0.1091321636106081,355725.35787076043,PASS
726,TAIL,event_level,0.059653776286979897,0.0111929737729835,281510.81177407631,PASS
726,EVENT-EMP,event_level,-0.22542183606001079,0.0164535179760689,205776.76651828032,PASS
726,GEV,monthly_maxima,-0.099315089202014706,0.040804275239035598,239278.66447081312,PASS_LMOM_FINITE_MEAN
726,KDE,monthly_maxima,-0.14818893948371981,0.0408042752391072,226294.69029432576,PASS
726,EMP,monthly_maxima,-0.22542183606001079,0.040804275239035397,205776.76651828032,PASS
727,TAIL,event_level,0.018767360361264199,-0.018224425829030898,270648.80345083738,PASS
727,EVENT-EMP,event_level,-0.2246058894997407,-0.025540693250446299,205993.53333748685,PASS
727,GEV,monthly_maxima,-0.15591025644653489,-0.019574260831589901,224243.42198876329,PASS_LMOM_FINITE_MEAN
727,KDE,monthly_maxima,-0.18094389372733,-0.019574260831588801,217592.91055731452,PASS
727,EMP,monthly_maxima,-0.2246058894997407,-0.0195742608315893,205993.53333748685,PASS
728,TAIL,event_level,-0.067233674588306799,-0.018878639903596499,247801.50964238524,PASS
728,EVENT-EMP,event_level,-0.2382745987560847,-0.015621743951267799,202362.26289353089,PASS
728,GEV,monthly_maxima,-0.1361932159627092,-0.0035285424077104001,229481.51031213364,PASS_LMOM_FINITE_MEAN
728,KDE,monthly_maxima,-0.170885085330268,-0.0035285424077022001,220265.16387316547,PASS
728,EMP,monthly_maxima,-0.2382745987560847,-0.0035285424077108,202362.26289353089,PASS
729,TAIL,event_level,-0.034413729528966798,-0.0155908050200204,256520.55503512599,PASS
729,EVENT-EMP,event_level,-0.1358827960531539,-0.010899511289570001,229563.97739967232,PASS
729,GEV,monthly_maxima,0.0027580638939206999,-0.0116219200692547,266395.72556322254,PASS_LMOM_FINITE_MEAN
729,KDE,monthly_maxima,-0.077908124149641197,-0.011621919803151901,244965.70324174929,PASS
729,EMP,monthly_maxima,-0.1358827960531539,-0.0116219200655562,229563.97739967232,PASS
730,TAIL,event_level,0.056116161350761098,-0.0176580744409973,280570.9983418734,PASS
730,EVENT-EMP,event_level,-0.32348749456393477,-0.044774271271842699,179724.34850177294,PASS
730,GEV,monthly_maxima,-0.28655461478535738,-0.045881917525378901,189536.04851199017,PASS_LMOM_FINITE_MEAN
730,KDE,monthly_maxima,-0.26839890704054048,-0.045881917627900198,194359.34848029239,PASS
730,EMP,monthly_maxima,-0.32348749456393477,-0.045881917627900198,179724.34850177294,PASS
731,TAIL,event_level,-0.1259930733594023,-0.022659585354036799,232191.3108986326,PASS
731,EVENT-EMP,event_level,-0.18933658433503059,-0.022505133524431099,215363.28310841223,PASS
731,GEV,monthly_maxima,-0.082492199626009302,-0.016583608427972601,243747.8839525964,PASS_LMOM_FINITE_MEAN
731,KDE,monthly_maxima,-0.14397617405495811,-0.0165836084279543,227413.86623858559,PASS
731,EMP,monthly_maxima,-0.18933658433503059,-0.016583608427973202,215363.28310841223,PASS
732,TAIL,event_level,0.23184954289432841,0.099041700728165205,327256.85744151124,PASS
732,EVENT-EMP,event_level,0.34403669046651703,0.1041216534635086,357060.83274967998,PASS
732,GEV,monthly_maxima,0.24900531774909951,0.1325124134130429,331814.51222843851,PASS_LMOM_FINITE_MEAN
732,KDE,monthly_maxima,0.4163215108350804,0.1325172610163263,376264.23570663459,PASS
732,EMP,monthly_maxima,0.34403669046651703,0.13251253695171589,357060.83274967998,PASS
733,TAIL,event_level,0.23299369314315799,0.066584226227317897,327560.81584051601,PASS
733,EVENT-EMP,event_level,0.1076791733346591,0.071468389460896606,294269.38331056188,PASS
733,GEV,monthly_maxima,0.17961966804826471,0.077077090344201196,313381.3116775977,PASS_LMOM_FINITE_MEAN
733,KDE,monthly_maxima,0.17085987834726621,0.077077290925024897,311054.15957859886,PASS
733,EMP,monthly_maxima,0.1076791733346591,0.077077090663155101,294269.38331056188,PASS
734,TAIL,event_level,-0.0503429009813696,-0.017633728843964701,252288.76340015719,PASS
734,EVENT-EMP,event_level,-0.187955613499592,-0.025892824813398999,215730.15597728724,PASS
734,GEV,monthly_maxima,-0.036762875899632001,-0.027818075522890399,255896.47373934719,PASS_LMOM_FINITE_MEAN
734,KDE,monthly_maxima,-0.1442219856363714,-0.0278180697400866,227348.56319397263,PASS
734,EMP,monthly_maxima,-0.187955613499592,-0.0278180697401657,215730.15597728724,PASS
735,TAIL,event_level,-0.11776324665929459,-0.031868455556067599,234377.67143162224,PASS
735,EVENT-EMP,event_level,-0.1919162966211245,-0.032207342959758099,214677.94897753559,PASS
735,GEV,monthly_maxima,-0.1138444822428262,-0.043513059508401897,235418.74218201099,PASS_LMOM_FINITE_MEAN
735,KDE,monthly_maxima,-0.1518943174795771,-0.043513059433481403,225310.30842273124,PASS
735,EMP,monthly_maxima,-0.1919162966211245,-0.043513059433482201,214677.94897753559,PASS
736,TAIL,event_level,-0.0034321857788491999,0.0047564617316277003,264751.20520245732,PASS
736,EVENT-EMP,event_level,0.095634900863379196,0.0239360165224318,291069.66563249275,PASS
736,GEV,monthly_maxima,0.158446178134143,0.0089166448436922008,307756.29861465143,PASS_LMOM_FINITE_MEAN
736,KDE,monthly_maxima,0.15326876270640599,0.0089242584422817,306380.85084806022,PASS
736,EMP,monthly_maxima,0.095634900863379196,0.0089242327022932,291069.66563249275,PASS
737,TAIL,event_level,0.1250191492251316,0.041727829174135402,298875.97349908005,PASS
737,EVENT-EMP,event_level,-0.073353071527262503,0.031126033239632998,246175.81223215241,PASS
737,GEV,monthly_maxima,0.1224253679675367,0.0218204284388611,298186.90176288667,PASS_LMOM_FINITE_MEAN
737,KDE,monthly_maxima,-0.0144950982615376,0.021821231136268399,261812.19857285821,PASS
737,EMP,monthly_maxima,-0.073353071527262503,0.021821230755273601,246175.81223215241,PASS
738,TAIL,event_level,-0.14679493603024721,-0.052797637808092601,226665.025447736,PASS
738,EVENT-EMP,event_level,-0.30957085833584641,-0.047574644773624102,183421.48397130449,PASS
738,GEV,monthly_maxima,-0.15083460592987699,-0.066069444169763306,225591.83458276413,PASS_LMOM_FINITE_MEAN
738,KDE,monthly_maxima,-0.23057164003046959,-0.066069444169750302,204408.6540945404,PASS
738,EMP,monthly_maxima,-0.30957085833584641,-0.066069444169763694,183421.48397130449,PASS
739,TAIL,event_level,0.37771249288112252,0.042166762461849902,366007.24778355763,PASS
739,EVENT-EMP,event_level,-0.16779509918016619,0.0230338548281038,221086.05889468265,PASS
739,GEV,monthly_maxima,0.082645539534153697,0.027741160392477801,287618.87280369736,PASS_LMOM_FINITE_MEAN
739,KDE,monthly_maxima,-0.079405234036718397,0.027741161471531099,244567.97652283651,PASS
739,EMP,monthly_maxima,-0.16779509918016619,0.027741161258115401,221086.05889468265,PASS
740,TAIL,event_level,0.084204890793669995,0.041899984586886201,288033.13475295925,PASS
740,EVENT-EMP,event_level,-0.10804923851698039,0.048580768649023803,236958.32407394552,PASS
740,GEV,monthly_maxima,0.062576185159172695,0.077964701316490803,282287.18771153531,PASS_LMOM_FINITE_MEAN
740,KDE,monthly_maxima,-0.046631185948959,0.077964701478907494,253274.82878795703,PASS
740,EMP,monthly_maxima,-0.10804923851698039,0.077964701316490803,236958.32407394552,PASS
741,TAIL,event_level,-0.30062799812855417,-0.076326954831320307,185797.27113204889,PASS
741,EVENT-EMP,event_level,-0.38262943125763388,-0.072585787699352797,164012.52358205948,PASS
741,GEV,monthly_maxima,-0.33924572967451261,-0.064694568533851804,175537.96832989302,PASS_LMOM_FINITE_MEAN
741,KDE,monthly_maxima,-0.33595479001225298,-0.064694568537138397,176412.24926632154,PASS
741,EMP,monthly_maxima,-0.38262943125763388,-0.064694568537138605,164012.52358205948,PASS
742,TAIL,event_level,-0.21491857393388489,-0.036795478924963203,208567.09474960336,PASS
742,EVENT-EMP,event_level,-0.18157297254372939,-0.039859418129742197,217425.78758541803,PASS
742,GEV,monthly_maxima,-0.092137411261024704,-0.057755874348687702,241185.50799748005,PASS_LMOM_FINITE_MEAN
742,KDE,monthly_maxima,-0.14460376520731891,-0.057755802122447797,227247.13848399543,PASS
742,EMP,monthly_maxima,-0.18157297254372939,-0.057755802122447797,217425.78758541803,PASS
743,TAIL,event_level,-0.1147983263038936,-3.9395231134359033e-05,235165.34109767017,PASS
743,EVENT-EMP,event_level,-0.20534235842235771,0.0014906343193399,211111.14098687493,PASS
743,GEV,monthly_maxima,-0.10698745131376711,0.0153103923121496,237240.40165833847,PASS_LMOM_FINITE_MEAN
743,KDE,monthly_maxima,-0.16333428683473381,0.0153103923121498,222271.13172944821,PASS
743,EMP,monthly_maxima,-0.20534235842235771,0.0153103923121498,211111.14098687493,PASS
744,TAIL,event_level,0.11973418139637911,0.027780260891102301,297471.95303790155,PASS
744,EVENT-EMP,event_level,0.096518007975579606,0.024236692701803401,291304.27452607884,PASS
744,GEV,monthly_maxima,0.273322046216398,0.031295140712529,338274.5675065929,PASS_LMOM_FINITE_MEAN
744,KDE,monthly_maxima,0.17081826636900249,0.031377384215484298,311043.10481520096,PASS
744,EMP,monthly_maxima,0.096518007975579606,0.031377160387111198,291304.27452607884,PASS
745,TAIL,event_level,0.33183113505801798,0.034549140032237198,353818.26816104638,PASS
745,EVENT-EMP,event_level,0.25342581661471608,0.025966295830851398,332988.87526281242,PASS
745,GEV,monthly_maxima,0.29132453244989681,0.043709853087529102,343057.1621870005,PASS_LMOM_FINITE_MEAN
745,KDE,monthly_maxima,0.32139505460235979,0.043786701039792597,351045.78761451715,PASS
745,EMP,monthly_maxima,0.25342581661471608,0.043785022770361802,332988.87526281242,PASS
746,TAIL,event_level,-0.0076458083621364003,0.0026193920842408,263631.8015439462,PASS
746,EVENT-EMP,event_level,0.120367409318308,0.0145825787769179,297640.17827366188,PASS
746,GEV,monthly_maxima,0.1241892777764748,0.027250773897728401,298655.5073521107,PASS_LMOM_FINITE_MEAN
746,KDE,monthly_maxima,0.17958839118912731,0.0272509112946271,313373.00257305568,PASS
746,EMP,monthly_maxima,0.120367409318308,0.0272508543066112,297640.17827366188,PASS
747,TAIL,event_level,-0.1316643271415153,-0.044830693552617797,230684.66854836079,PASS
747,EVENT-EMP,event_level,-0.062517530616627598,-0.032542474175024302,249054.41464552964,PASS
747,GEV,monthly_maxima,0.026374834076565799,-0.020084284182484601,272669.82781659637,PASS_LMOM_FINITE_MEAN
747,KDE,monthly_maxima,-0.0164326519464244,-0.020082910683021999,261297.46222888029,PASS
747,EMP,monthly_maxima,-0.062517530616627598,-0.020082910688425201,249054.41464552964,PASS
748,TAIL,event_level,-0.060416722914503299,-0.0115634414630833,249612.52154312265,PASS
748,EVENT-EMP,event_level,-0.2305538070145855,-0.013602685810640501,204413.3916672176,PASS
748,GEV,monthly_maxima,-0.056690905312378699,-0.015628724639991601,250602.33346204151,PASS_LMOM_FINITE_MEAN
748,KDE,monthly_maxima,-0.16652147191600949,-0.015628724542995302,221424.41454730599,PASS
748,EMP,monthly_maxima,-0.2305538070145855,-0.015628724543005099,204413.3916672176,PASS
749,TAIL,event_level,0.1479230087461253,0.056377033728888998,304960.68176021322,PASS
749,EVENT-EMP,event_level,-0.0042976685049459003,0.056288180233226501,264521.27845633309,PASS
749,GEV,monthly_maxima,0.1255993828153954,0.041469483979340999,299030.1201011769,PASS_LMOM_FINITE_MEAN
749,KDE,monthly_maxima,0.056203475010021299,0.041469504852240699,280594.19435140723,PASS
749,EMP,monthly_maxima,-0.0042976685049459003,0.041469484935228298,264521.27845633309,PASS
750,TAIL,event_level,-0.29370040447867818,-0.074493844733792405,187637.67651318293,PASS
750,EVENT-EMP,event_level,-0.30603929603349977,-0.073938482778248105,184359.68944257451,PASS
750,GEV,monthly_maxima,-0.33824297876380149,-0.060127521819033997,175804.36215512015,PASS_LMOM_FINITE_MEAN
750,KDE,monthly_maxima,-0.28465627314748521,-0.0601275218190475,190040.36766552963,PASS
750,EMP,monthly_maxima,-0.30603929603349977,-0.0601275218190475,184359.68944257451,PASS
751,TAIL,event_level,0.31327299297465239,0.030331601438068699,348888.05627503502,PASS
751,EVENT-EMP,event_level,-0.1143041574171047,0.028922067788337801,235296.62349158651,PASS
751,GEV,monthly_maxima,0.067011270391453201,0.053140164474769297,283465.42580398219,PASS_LMOM_FINITE_MEAN
751,KDE,monthly_maxima,-0.045248491596326303,0.053140167583948197,253642.15953159763,PASS
751,EMP,monthly_maxima,-0.1143041574171047,0.053140164474768499,235296.62349158651,PASS
752,TAIL,event_level,0.3635688440762298,0.0277520747649696,362249.80346956261,PASS
752,EVENT-EMP,event_level,-0.1495344711929591,-0.0054169939470621997,225937.23229038887,PASS
752,GEV,monthly_maxima,-0.11556297250637521,-0.031363600644975898,234962.20288592821,PASS_LMOM_FINITE_MEAN
752,KDE,monthly_maxima,-0.1049264864628096,-0.031363600638089503,237787.92378416323,PASS
752,EMP,monthly_maxima,-0.1495344711929591,-0.031363600644975398,225937.23229038887,PASS
753,TAIL,event_level,-0.1575853605007336,-0.054181631079360699,223798.40880364936,PASS
753,EVENT-EMP,event_level,-0.29397356019527038,-0.057124971531497502,187565.10914331232,PASS
753,GEV,monthly_maxima,-0.2070538620606473,-0.065507176247749696,210656.45777868835,PASS_LMOM_FINITE_MEAN
753,KDE,monthly_maxima,-0.25302610254582658,-0.065507176247750501,198443.33399461291,PASS
753,EMP,monthly_maxima,-0.29397356019527038,-0.065507176247750501,187565.10914331232,PASS
754,TAIL,event_level,0.078577693282807601,0.0088426414890108006,286538.19652431755,PASS
754,EVENT-EMP,event_level,-0.0502864435637412,0.018501067022459301,252303.76204766161,PASS
754,GEV,monthly_maxima,0.14872796342070421,-0.018914991127098199,305174.5284419813,PASS_LMOM_FINITE_MEAN
754,KDE,monthly_maxima,0.0059098946906368998,-0.018911817897651801,267233.05041971209,PASS
754,EMP,monthly_maxima,-0.0502864435637412,-0.018911830201070099,252303.76204766161,PASS
755,TAIL,event_level,0.0053060022854268,0.033384936645375299,267072.61854562338,PASS
755,EVENT-EMP,event_level,-0.18590889217977641,0.034860239160972299,216273.89412375569,PASS
755,GEV,monthly_maxima,-0.0081310535669286994,0.019124818544655201,263502.88984224945,PASS_LMOM_FINITE_MEAN
755,KDE,monthly_maxima,-0.12862432540798141,0.019124818555224701,231492.284559319,PASS
755,EMP,monthly_maxima,-0.18590889217977641,0.019124818555159899,216273.89412375569,PASS
756,TAIL,event_level,0.0080382903141535001,0.025503430533320302,267798.48640754202,PASS
756,EVENT-EMP,event_level,-0.11685862998769569,0.0098040242534887002,234617.99461950205,PASS
756,GEV,monthly_maxima,-0.1401843828552132,-0.0129535430970142,228421.20490202928,PASS_LMOM_FINITE_MEAN
756,KDE,monthly_maxima,-0.076596542254583802,-0.0129535430969659,245314.14203586132,PASS
756,EMP,monthly_maxima,-0.11685862998769569,-0.012953543097016299,234617.99461950205,PASS
757,TAIL,event_level,0.044464872747308003,0.017172630610730599,277475.68194101547,PASS
757,EVENT-EMP,event_level,-0.20006757329678679,0.022521408321318898,212512.45628047621,PASS
757,GEV,monthly_maxima,-0.069675243856286997,0.043910807298539502,247152.87500151209,PASS_LMOM_FINITE_MEAN
757,KDE,monthly_maxima,-0.12651094119637091,0.043910807317930997,232053.7325702775,PASS
757,EMP,monthly_maxima,-0.20006757329678679,0.043910807298538898,212512.45628047621,PASS
758,TAIL,event_level,0.50737726583529308,0.15667602218389551,400454.38165848487,PASS
758,EVENT-EMP,event_level,0.21412885877368029,0.17105320400032439,322549.12715863006,PASS
758,GEV,monthly_maxima,0.58882021142207375,0.1777493062172732,422090.75972693553,PASS_LMOM_FINITE_MEAN
758,KDE,monthly_maxima,0.34823414534879921,0.1778194816792151,358175.9412480772,PASS
758,EMP,monthly_maxima,0.21412885877368029,0.17779061024534629,322549.12715863006,PASS
759,TAIL,event_level,0.15852558598196681,0.0354341945699293,307777.39434252249,PASS
759,EVENT-EMP,event_level,-0.072180116903052899,0.024305473986348101,246487.42288822195,PASS
759,GEV,monthly_maxima,0.11429003302267721,0.020191745705300499,296025.64419401722,PASS_LMOM_FINITE_MEAN
759,KDE,monthly_maxima,-0.0108921255526229,0.020191834379589602,262769.37514768291,PASS
759,EMP,monthly_maxima,-0.072180116903052899,0.0201918289000994,246487.42288822195,PASS
760,TAIL,event_level,-0.1696524789421863,-0.0563979227706509,220592.62179637761,PASS
760,EVENT-EMP,event_level,-0.053743332031815201,-0.045491919774026002,251385.3946519733,PASS
760,GEV,monthly_maxima,0.12598104281804329,-0.034745700421274603,299131.51304627978,PASS_LMOM_FINITE_MEAN
760,KDE,monthly_maxima,0.00054891045941360005,-0.034583076292977702,265808.83521224326,PASS
760,EMP,monthly_maxima,-0.053743332031815201,-0.0345830763482467,251385.3946519733,PASS
761,TAIL,event_level,-0.0046587643992731,0.010818182477243799,264425.34863414482,PASS
761,EVENT-EMP,event_level,-0.0604065866271183,0.019955360126641199,249615.21437973969,PASS
761,GEV,monthly_maxima,0.056503526528968298,0.029356672869951299,280673.90694108797,PASS_LMOM_FINITE_MEAN
761,KDE,monthly_maxima,-0.0020014064385130998,0.029356674240461698,265131.31034866738,PASS
761,EMP,monthly_maxima,-0.0604065866271183,0.029356672886564999,249615.21437973969,PASS
762,TAIL,event_level,0.0414245420297054,0.0327582749274535,276667.97853115929,PASS
762,EVENT-EMP,event_level,-0.1061225073396086,0.037483318818186603,237470.18527800115,PASS
762,GEV,monthly_maxima,0.15009273463684361,0.059385495226738499,305537.09767123242,PASS_LMOM_FINITE_MEAN
762,KDE,monthly_maxima,-0.029576016734859999,0.059386001127426598,257805.75637755959,PASS
762,EMP,monthly_maxima,-0.1061225073396086,0.0593860007699199,237470.18527800115,PASS
763,TAIL,event_level,0.026656670517242999,0.024089704087420401,272744.70133375644,PASS
763,EVENT-EMP,event_level,-0.080665175832307201,0.025662580753568701,244233.25659298632,PASS
763,GEV,monthly_maxima,0.18297430756861799,0.028529981032350899,314272.51531006442,PASS_LMOM_FINITE_MEAN
763,KDE,monthly_maxima,0.021120056178516498,0.0285312567401909,271273.82770328037,PASS
763,EMP,monthly_maxima,-0.080665175832307201,0.028531199976486898,244233.25659298632,PASS
764,TAIL,event_level,-0.0074637461403480997,0.020109503140672499,263680.16874179512,PASS
764,EVENT-EMP,event_level,-0.1094173249793681,0.036001826914803997,236594.87410639727,PASS
764,GEV,monthly_maxima,0.1473420547955771,0.035292513629825599,304806.3437850349,PASS_LMOM_FINITE_MEAN
764,KDE,monthly_maxima,-0.0295567144314383,0.035292771998394999,257810.88428558668,PASS
764,EMP,monthly_maxima,-0.1094173249793681,0.035292769180955003,236594.87410639727,PASS
765,TAIL,event_level,0.1034828549477461,0.046372032368895803,293154.57673694531,PASS
765,EVENT-EMP,event_level,0.066910057954617894,0.047899110209205301,283438.53740336234,PASS
765,GEV,monthly_maxima,0.1917656467418262,0.053302867444799097,316608.04893681465,PASS_LMOM_FINITE_MEAN
765,KDE,monthly_maxima,0.123985762792109,0.0533148662572802,298601.44094878249,PASS
765,EMP,monthly_maxima,0.066910057954617894,0.053314863826336302,283438.53740336234,PASS
766,TAIL,event_level,-0.16405061368524351,-0.052310001267931602,222080.8301821927,PASS
766,EVENT-EMP,event_level,-0.30874146432918159,-0.055581385557967003,183641.82327959721,PASS
766,GEV,monthly_maxima,-0.26675589685819717,-0.073339273450188605,194795.83551080647,PASS_LMOM_FINITE_MEAN
766,KDE,monthly_maxima,-0.26653403043295842,-0.073339273450088102,194854.77721315497,PASS
766,EMP,monthly_maxima,-0.30874146432918159,-0.073339273450088102,183641.82327959721,PASS
767,TAIL,event_level,0.11258474721658721,0.019555998769995399,295572.61283384846,PASS
767,EVENT-EMP,event_level,-0.074966075562291498,0.0215206649240921,245747.29672505253,PASS
767,GEV,monthly_maxima,0.22544820815613359,0.040273842277625801,325556.25958689768,PASS_LMOM_FINITE_MEAN
767,KDE,monthly_maxima,0.0094415384325466003,0.040306696215390701,268171.27752646152,PASS
767,EMP,monthly_maxima,-0.074966075562291498,0.040306694561396697,245747.29672505253,PASS
768,TAIL,event_level,-0.12300685855196811,0.028673963452234601,232984.63771290411,PASS
768,EVENT-EMP,event_level,-0.170202179529962,0.025406389982668701,220446.58668362623,PASS
768,GEV,monthly_maxima,-0.042974222518317798,0.027301443998579301,254246.34870042803,PASS_LMOM_FINITE_MEAN
768,KDE,monthly_maxima,-0.098808687420805993,0.027301443998617801,239413.19669228213,PASS
768,EMP,monthly_maxima,-0.170202179529962,0.027301443998579498,220446.58668362623,PASS
769,TAIL,event_level,0.0585214096762358,0.019530560885384799,281209.9838518342,PASS
769,EVENT-EMP,event_level,0.12910801475651981,0.012565715998556701,299962.23382366402,PASS
769,GEV,monthly_maxima,0.1641318694524701,0.0271006539278013,309266.77648425096,PASS_LMOM_FINITE_MEAN
769,KDE,monthly_maxima,0.18524573477015879,0.0271873043012484,314875.94949743839,PASS
769,EMP,monthly_maxima,0.12910801475651981,0.027187302130105302,299962.23382366402,PASS
770,TAIL,event_level,-0.054255096858661499,-0.020080412681477099,251249.43766765745,PASS
770,EVENT-EMP,event_level,-0.20826559965493249,-0.024410257319753399,210334.54392205147,PASS
770,GEV,monthly_maxima,-0.062888786754207504,-0.023741381893641202,248955.78562253644,PASS_LMOM_FINITE_MEAN
770,KDE,monthly_maxima,-0.144784340195903,-0.023741379653003498,227199.16638899609,PASS
770,EMP,monthly_maxima,-0.20826559965493249,-0.0237413796530049,210334.54392205147,PASS
771,TAIL,event_level,-0.24481254554249421,-0.047110878875263697,200625.3722709853,PASS
771,EVENT-EMP,event_level,-0.312670066272344,-0.045585565547325603,182598.13906225585,PASS
771,GEV,monthly_maxima,-0.2220239155551561,-0.046580260744036803,206679.46830736572,PASS_LMOM_FINITE_MEAN
771,KDE,monthly_maxima,-0.2804070238227942,-0.046580260744036803,191169.23603139879,PASS
771,EMP,monthly_maxima,-0.312670066272344,-0.046580260744036601,182598.13906225585,PASS
772,TAIL,event_level,-0.056742755385876302,-0.035755624963868297,250588.55881544703,PASS
772,EVENT-EMP,event_level,-0.21141965335701249,-0.045032182924158497,209496.628521832,PASS
772,GEV,monthly_maxima,-0.055847071810679702,-0.049088560352646797,250826.50881004799,PASS_LMOM_FINITE_MEAN
772,KDE,monthly_maxima,-0.166701058417908,-0.049088555559622001,221376.70505665487,PASS
772,EMP,monthly_maxima,-0.21141965335701249,-0.0490885555597812,209496.628521832,PASS
773,TAIL,event_level,0.084882113920726199,0.0035689988599051999,288213.04788733961,PASS
773,EVENT-EMP,event_level,-0.107685232904984,0.0042512946208469998,237055.02690048807,PASS
773,GEV,monthly_maxima,0.14011674767880941,0.0094436663466083998,302886.84694816673,PASS_LMOM_FINITE_MEAN
773,KDE,monthly_maxima,-0.019333316681181999,0.0094437594190576995,260526.86290442239,PASS
773,EMP,monthly_maxima,-0.107685232904984,0.0094437123505904993,237055.02690048807,PASS
774,TAIL,event_level,0.060125362971783003,0.0083967442118879007,281636.09491224051,PASS
774,EVENT-EMP,event_level,0.0085116912006998006,0.032519203777780697,267924.25151200208,PASS
774,GEV,monthly_maxima,0.40184581324536711,0.048976147905494503,372418.57831299497,PASS_LMOM_FINITE_MEAN
774,KDE,monthly_maxima,0.087575944388246604,0.049294262270577101,288928.69899779063,PASS
774,EMP,monthly_maxima,0.0085116912006998006,0.049294119386225098,267924.25151200208,PASS
775,TAIL,event_level,-0.17325596841382779,-0.039664068135149201,219635.30793681141,PASS
775,EVENT-EMP,event_level,-0.24282384856626821,-0.046467222961901297,201153.69549568207,PASS
775,GEV,monthly_maxima,-0.20791865353133751,-0.047762647297476903,210426.7146735561,PASS_LMOM_FINITE_MEAN
775,KDE,monthly_maxima,-0.21403411294899419,-0.047762647238285598,208802.06331708349,PASS
775,EMP,monthly_maxima,-0.24282384856626821,-0.047762647238285598,201153.69549568207,PASS
776,TAIL,event_level,0.089590330976311999,-0.002823370473143,289463.8470020945,PASS
776,EVENT-EMP,event_level,0.19279661292086939,0.0026855792541266,316881.93851515505,PASS
776,GEV,monthly_maxima,0.40592921719586239,0.0042726142410614999,373503.38769755961,PASS_LMOM_FINITE_MEAN
776,KDE,monthly_maxima,0.2663304797958736,0.0068682535840205996,336417.16692664998,PASS
776,EMP,monthly_maxima,0.19279661292086939,0.0068663825665104998,316881.93851515505,PASS
777,TAIL,event_level,-0.095884721209698501,-0.037304710934829302,240189.9863570848,PASS
777,EVENT-EMP,event_level,-0.1746475035271606,-0.026623560335993501,219265.62853007248,PASS
777,GEV,monthly_maxima,-0.011873285923574801,-0.026638104926434501,262508.71713023586,PASS_LMOM_FINITE_MEAN
777,KDE,monthly_maxima,-0.1236598921252155,-0.026638020864830299,232811.15084819929,PASS
777,EMP,monthly_maxima,-0.1746475035271606,-0.026638020864901201,219265.62853007248,PASS
778,TAIL,event_level,0.063551367642801199,0.034802776990136203,282546.25762544252,PASS
778,EVENT-EMP,event_level,-0.1849247686884139,0.0241932808008746,216535.33933269008,PASS
778,GEV,monthly_maxima,-0.071382903069693401,0.0040084351312231004,246699.21311481169,PASS_LMOM_FINITE_MEAN
778,KDE,monthly_maxima,-0.13414070966523819,0.0040084351644174999,230026.78531317887,PASS
778,EMP,monthly_maxima,-0.1849247686884139,0.0040084351312276003,216535.33933269008,PASS
779,TAIL,event_level,0.15871985023585,0.00038740405485959998,307829.00316894602,PASS
779,EVENT-EMP,event_level,-0.079838511321308897,0.0057392143205568999,244452.8707752444,PASS
779,GEV,monthly_maxima,0.16582287926632419,0.0058338757621232001,309716.01524135144,PASS_LMOM_FINITE_MEAN
779,KDE,monthly_maxima,-0.0023212916622267999,0.0058355652402492996,265046.32867727871,PASS
779,EMP,monthly_maxima,-0.079838511321308897,0.0058355511814378999,244452.8707752444,PASS
780,TAIL,event_level,-0.1083969442486291,-0.033382423391692201,236865.95152267889,PASS
780,EVENT-EMP,event_level,-0.21732579437317859,-0.046143011453038597,207927.58532194933,PASS
780,GEV,monthly_maxima,-0.11335474086114811,-0.038288371365397103,235548.84835159281,PASS_LMOM_FINITE_MEAN
780,KDE,monthly_maxima,-0.18678606030512909,-0.038281700386148101,216040.862999292,PASS
780,EMP,monthly_maxima,-0.21732579437317859,-0.038281700386148101,207927.58532194933,PASS
781,TAIL,event_level,-0.19765803456159509,-0.042251870620440599,213152.58159359652,PASS
781,EVENT-EMP,event_level,-0.2121081773351805,-0.035977333524645903,209313.71316932965,PASS
781,GEV,monthly_maxima,-0.1741675179133276,-0.034526741663594498,219393.14295300361,PASS_LMOM_FINITE_MEAN
781,KDE,monthly_maxima,-0.1788451978511901,-0.034526741663594498,218150.45642085999,PASS
781,EMP,monthly_maxima,-0.2121081773351805,-0.034526741663594498,209313.71316932965,PASS
782,TAIL,event_level,-0.092356909800628606,-0.022300371352875301,241127.19535475664,PASS
782,EVENT-EMP,event_level,-0.14591104157448931,-0.025575425235127701,226899.84350938143,PASS
782,GEV,monthly_maxima,-0.019287560324747498,-0.035487563769681901,260539.01867579971,PASS_LMOM_FINITE_MEAN
782,KDE,monthly_maxima,-0.1074278771784358,-0.035474439729249699,237123.39679744549,PASS
782,EMP,monthly_maxima,-0.14591104157448931,-0.035474439729249699,226899.84350938143,PASS
783,TAIL,event_level,0.0149987616349492,0.040234413431616899,269647.62616969459,PASS
783,EVENT-EMP,event_level,-0.0020303632728336999,0.038532289717047898,265123.61758890148,PASS
783,GEV,monthly_maxima,-0.0012170033562669,0.051010533868695501,265339.69723255595,PASS_LMOM_FINITE_MEAN
783,KDE,monthly_maxima,0.048459242720425899,0.051010534134983999,278536.83829115704,PASS
783,EMP,monthly_maxima,-0.0020303632728336999,0.051010533868694703,265123.61758890148,PASS
784,TAIL,event_level,0.22700000383314581,0.074223334617152595,325968.51429736923,PASS
784,EVENT-EMP,event_level,-0.14341475738421069,0.071160229233801997,227563.01388120465,PASS
784,GEV,monthly_maxima,0.0065549700667817999,0.073910686775057396,267404.4230858204,PASS_LMOM_FINITE_MEAN
784,KDE,monthly_maxima,-0.046928323427857403,0.0739106949287065,253195.89035092687,PASS
784,EMP,monthly_maxima,-0.14341475738421069,0.0739106867750568,227563.01388120465,PASS
785,TAIL,event_level,-0.090873233901236694,-0.040524860187004297,241521.35316006449,PASS
785,EVENT-EMP,event_level,-0.31883012313204911,-0.0536619892031737,180961.63981509005,PASS
785,GEV,monthly_maxima,-0.2633806856046757,-0.0598606125503603,195692.50429182773,PASS_LMOM_FINITE_MEAN
785,KDE,monthly_maxima,-0.28375375567871952,-0.059860612550262697,190280.13317286616,PASS
785,EMP,monthly_maxima,-0.31883012313204911,-0.059860612550262503,180961.63981509005,PASS
786,TAIL,event_level,-0.080481768552981697,-0.018231199854117301,244281.98112286921,PASS
786,EVENT-EMP,event_level,-0.10068008320723019,-0.0050248157441909998,238916.03605474555,PASS
786,GEV,monthly_maxima,0.0072336009960777999,-0.0083604043719132,267584.71022118127,PASS_LMOM_FINITE_MEAN
786,KDE,monthly_maxima,-0.052467714547285903,-0.0083604042599177992,251724.2790325314,PASS
786,EMP,monthly_maxima,-0.10068008320723019,-0.0083604043236042997,238916.03605474555,PASS
787,TAIL,event_level,-0.0867802493164814,-0.021934896269604001,242608.70776476435,PASS
787,EVENT-EMP,event_level,-0.037989254899905199,-0.012143756716647899,255570.67020272481,PASS
787,GEV,monthly_maxima,0.17507001425443119,-0.031471427691957501,312172.63695623644,PASS_LMOM_FINITE_MEAN
787,KDE,monthly_maxima,0.013840419670572901,-0.0312324668201115,269339.89755682054,PASS
787,EMP,monthly_maxima,-0.037989254899905199,-0.031232467048037501,255570.67020272481,PASS
788,TAIL,event_level,-0.1307755838301202,-0.0083146238024180003,230920.7747715899,PASS
788,EVENT-EMP,event_level,-0.23165103932333439,-0.0094412801809900995,204121.89762939804,PASS
788,GEV,monthly_maxima,-0.18131524626825299,-0.0019280965969470001,217494.25592351909,PASS_LMOM_FINITE_MEAN
788,KDE,monthly_maxima,-0.1843323239743859,-0.0019280965969465001,216692.72997868169,PASS
788,EMP,monthly_maxima,-0.23165103932333439,-0.0019280965969468,204121.89762939804,PASS
789,TAIL,event_level,-0.12193275292057031,-0.051359015342095499,233269.98784800715,PASS
789,EVENT-EMP,event_level,-0.20330835231643851,-0.046133134891592702,211651.50117134681,PASS
789,GEV,monthly_maxima,-0.013017142449674101,-0.067980579431965601,262204.83676249575,PASS_LMOM_FINITE_MEAN
789,KDE,monthly_maxima,-0.13613029977004601,-0.067978766083195197,229498.22481725481,PASS
789,EMP,monthly_maxima,-0.20330835231643851,-0.067978766085291298,211651.50117134681,PASS
790,TAIL,event_level,0.057386495159517902,-0.0097949706113466001,280908.47904522187,PASS
790,EVENT-EMP,event_level,-0.11610924810025559,-0.011188236284341501,234817.07766736441,PASS
790,GEV,monthly_maxima,0.048154295765547098,-0.0052667245125932001,278455.82516523136,PASS_LMOM_FINITE_MEAN
790,KDE,monthly_maxima,-0.060705197286076901,-0.0052666748407817002,249535.88457326041,PASS
790,EMP,monthly_maxima,-0.11610924810025559,-0.0052666749026338,234817.07766736441,PASS
791,TAIL,event_level,0.1980691706325351,0.037474588167716802,318282.66206727375,PASS
791,EVENT-EMP,event_level,-0.044708656648407397,0.026736329745769501,253785.57370876893,PASS
791,GEV,monthly_maxima,0.046300798536490502,0.023433352434085401,277963.41951231984,PASS_LMOM_FINITE_MEAN
791,KDE,monthly_maxima,0.011031422573016101,0.023433356618734701,268593.65093278163,PASS
791,EMP,monthly_maxima,-0.044708656648407397,0.023433352434137199,253785.57370876893,PASS
792,TAIL,event_level,-0.201235313849359,-0.086556977297290796,212202.23081037225,PASS
792,EVENT-EMP,event_level,-0.36291809719134888,-0.095429494908848805,169249.09592136956,PASS
792,GEV,monthly_maxima,-0.31681477924153739,-0.094360039929637193,181497.04213924333,PASS_LMOM_FINITE_MEAN
792,KDE,monthly_maxima,-0.32479252400549907,-0.094360039929640302,179377.65045217873,PASS
792,EMP,monthly_maxima,-0.36291809719134888,-0.094360039929640496,169249.09592136956,PASS
793,TAIL,event_level,0.028753935367060099,0.0040722481040424002,273301.8670265415,PASS
793,EVENT-EMP,event_level,-0.067048541861327193,0.019823296746843799,247850.6925598855,PASS
793,GEV,monthly_maxima,0.074732306239871898,0.049415020125908503,285516.61942784791,PASS_LMOM_FINITE_MEAN
793,KDE,monthly_maxima,-0.0056354921118706002,0.049415021196475201,264165.86821005854,PASS
793,EMP,monthly_maxima,-0.067048541861327193,0.049415020950598298,247850.6925598855,PASS
794,TAIL,event_level,0.1218736550932967,0.040040250074603101,298040.33206005627,PASS
794,EVENT-EMP,event_level,-0.034116497118039803,0.033546088870114697,256599.51869208465,PASS
794,GEV,monthly_maxima,0.083916332684519396,0.0329289488949739,287956.47553712025,PASS_LMOM_FINITE_MEAN
794,KDE,monthly_maxima,0.023462238476294799,0.032928953232050501,271896.05890249414,PASS
794,EMP,monthly_maxima,-0.034116497118039803,0.032928951297608401,256599.51869208465,PASS
795,TAIL,event_level,-0.034897156504343198,-0.0256776747099851,256392.12636972879,PASS
795,EVENT-EMP,event_level,-0.30821278981628142,-0.03843553545167,183782.27254200843,PASS
795,GEV,monthly_maxima,-0.23150248564911979,-0.030596406833923999,204161.3628456376,PASS_LMOM_FINITE_MEAN
795,KDE,monthly_maxima,-0.25578949735672402,-0.030596406834384401,197709.2022113112,PASS
795,EMP,monthly_maxima,-0.30821278981628142,-0.0305964068343848,183782.27254200843,PASS
796,TAIL,event_level,0.1637719661170294,0.0419658090788236,309171.16348084609,PASS
796,EVENT-EMP,event_level,0.088052705434654099,0.037041473411368597,289055.3567724335,PASS
796,GEV,monthly_maxima,0.078601320607260702,0.0433250813008762,286544.47343045019,PASS_LMOM_FINITE_MEAN
796,KDE,monthly_maxima,0.1441606325441985,0.043325087580962499,303961.15757362923,PASS
796,EMP,monthly_maxima,0.088052705434654099,0.043325082101440697,289055.3567724335,PASS
797,TAIL,event_level,-0.1095491153377617,-0.046514113738863098,236559.86228309647,PASS
797,EVENT-EMP,event_level,-0.25819373735749968,-0.061052215262413098,197070.48457592496,PASS
797,GEV,monthly_maxima,-0.15829059258659839,-0.056938499776823498,223611.05472496472,PASS_LMOM_FINITE_MEAN
797,KDE,monthly_maxima,-0.221537664031913,-0.056938499715289997,206808.64735065121,PASS
797,EMP,monthly_maxima,-0.25819373735749968,-0.056938499715289997,197070.48457592496,PASS
798,TAIL,event_level,0.1127546337805848,-0.0005415658618433,295617.74540979986,PASS
798,EVENT-EMP,event_level,0.93556844556127039,0.0541411577306126,514208.9393230952,PASS
798,GEV,monthly_maxima,0.89195623700250193,0.057276810612856999,502622.78872430348,PASS_LMOM_FINITE_MEAN
798,KDE,monthly_maxima,1.0566722421005754,0.070287380387175094,546381.7384350471,PASS
798,EMP,monthly_maxima,0.93556844556127039,0.067668362901949899,514208.9393230952,PASS
799,TAIL,event_level,0.096827041573166406,0.0300107459651358,291386.37332180713,PASS
799,EVENT-EMP,event_level,-0.23737340733758999,0.0213961993164766,202601.67611836101,PASS
799,GEV,monthly_maxima,-0.1589761587339191,0.0417279541820735,223428.92515870841,PASS_LMOM_FINITE_MEAN
799,KDE,monthly_maxima,-0.1809963013359773,0.041727954182302303,217578.98779425403,PASS
799,EMP,monthly_maxima,-0.23737340733758999,0.041727954182302303,202601.67611836101,PASS
800,TAIL,event_level,-0.1655139403034831,-0.016513578950986499,221692.07842816727,PASS
800,EVENT-EMP,event_level,-0.20684092826341591,-0.016363994698626299,210713.0264121932,PASS
800,GEV,monthly_maxima,-0.14736759054842069,-0.016930269143993999,226512.89232474368,PASS_LMOM_FINITE_MEAN
800,KDE,monthly_maxima,-0.1653541068979032,-0.016930269143992802,221734.54025179337,PASS
800,EMP,monthly_maxima,-0.20684092826341591,-0.0169302691439936,210713.0264121932,PASS
801,TAIL,event_level,0.074664241104993395,0.0437851644427113,285498.53703923954,PASS
801,EVENT-EMP,event_level,-0.056543074171540503,0.052085908070862601,250641.60672788945,PASS
801,GEV,monthly_maxima,0.25679526568760108,0.053002983882160598,333884.01324558153,PASS_LMOM_FINITE_MEAN
801,KDE,monthly_maxima,0.0388996141612441,0.053029912744075897,275997.19859357242,PASS
801,EMP,monthly_maxima,-0.056543074171540503,0.053029906477929198,250641.60672788945,PASS
802,TAIL,event_level,0.14502112034664541,0.0058165804850895996,304189.75735330192,PASS
802,EVENT-EMP,event_level,-0.16550173010643141,-0.0078288729844988997,221695.32222586879,PASS
802,GEV,monthly_maxima,-0.051846200274453101,-0.0227758760497817,251889.39238501471,PASS_LMOM_FINITE_MEAN
802,KDE,monthly_maxima,-0.1210681479770478,-0.022775875986449,233499.68139977052,PASS
802,EMP,monthly_maxima,-0.16550173010643141,-0.022775875986511498,221695.32222586879,PASS
803,TAIL,event_level,-0.2597639423485758,-0.053697097408271402,196653.3391916671,PASS
803,EVENT-EMP,event_level,-0.27374144615250851,-0.0473410721940783,192940.03345872485,PASS
803,GEV,monthly_maxima,-0.2373413950514133,-0.048074834603417299,202610.18059866392,PASS_LMOM_FINITE_MEAN
803,KDE,monthly_maxima,-0.24270719854789971,-0.048074834603417098,201184.68509067927,PASS
803,EMP,monthly_maxima,-0.27374144615250851,-0.048074834603416897,192940.03345872485,PASS
804,TAIL,event_level,-0.23817394993120961,-0.066450659683547297,202389.0015633009,PASS
804,EVENT-EMP,event_level,-0.32223703982818369,-0.064885223112664703,180056.54807075055,PASS
804,GEV,monthly_maxima,-0.19917368826871429,-0.062100061751323897,212749.92846763448,PASS_LMOM_FINITE_MEAN
804,KDE,monthly_maxima,-0.26753232473995597,-0.062100061751335103,194589.56734268481,PASS
804,EMP,monthly_maxima,-0.32223703982818369,-0.062100061751335103,180056.54807075055,PASS
805,TAIL,event_level,0.039492848549633398,-0.0042814074231956002,276154.79902683169,PASS
805,EVENT-EMP,event_level,0.048200412519780703,0.00095937747124050005,278468.07668097282,PASS
805,GEV,monthly_maxima,0.13836838130547591,-5.5580116667621954e-05,302422.37067483127,PASS_LMOM_FINITE_MEAN
805,KDE,monthly_maxima,0.10329142237002401,-4.7769543648365918e-05,293103.72018213419,PASS
805,EMP,monthly_maxima,0.048200412519780703,-4.7772330457772287e-05,278468.07668097282,PASS
806,TAIL,event_level,-0.0064981460570917001,0.0042701122646667004,263936.69296637637,PASS
806,EVENT-EMP,event_level,-0.1238212552131206,-0.0001376000924088,232768.28264456239,PASS
806,GEV,monthly_maxima,-0.052467097337890303,0.0045369889121887998,251724.44300223724,PASS_LMOM_FINITE_MEAN
806,KDE,monthly_maxima,-0.081839600541909405,0.0045369889135832,243921.25538960641,PASS
806,EMP,monthly_maxima,-0.1238212552131206,0.0045369889135688001,232768.28264456239,PASS
807,TAIL,event_level,0.16538034495998111,0.028423282654756601,309598.45024549682,PASS
807,EVENT-EMP,event_level,0.2703070275572873,0.043438555996134103,337473.58857438521,PASS
807,GEV,monthly_maxima,0.48809416037585213,0.031667066041526401,395331.57381984021,PASS_LMOM_FINITE_MEAN
807,KDE,monthly_maxima,0.34327111502319818,0.033993555706867601,356857.44767302019,PASS
807,EMP,monthly_maxima,0.2703070275572873,0.033991501494021498,337473.58857438521,PASS
808,TAIL,event_level,0.080481004575044798,0.022025857951937799,287043.83593119431,PASS
808,EVENT-EMP,event_level,-0.048752672547622299,0.019529397258303601,252711.22827246584,PASS
808,GEV,monthly_maxima,0.0063009855721748997,0.026126441578875399,267336.94880048791,PASS_LMOM_FINITE_MEAN
808,KDE,monthly_maxima,0.0029868823564381999,0.026126442922954601,266456.5141647202,PASS
808,EMP,monthly_maxima,-0.048752672547622299,0.026126441578874698,252711.22827246584,PASS
809,TAIL,event_level,0.025357672456173701,0.0034105438460449999,272399.60559885902,PASS
809,EVENT-EMP,event_level,0.32973105455079382,0.012672844590097499,353260.35445223941,PASS
809,GEV,monthly_maxima,0.23413864698221959,0.021302691235477601,327864.98772372061,PASS_LMOM_FINITE_MEAN
809,KDE,monthly_maxima,0.40092570424169921,0.021343463140507501,372174.13938554568,PASS
809,EMP,monthly_maxima,0.32973105455079382,0.0213410091802817,353260.35445223941,PASS
810,TAIL,event_level,0.080870269431921604,0.0099875280409731995,287147.24920476228,PASS
810,EVENT-EMP,event_level,-0.071784985672268903,-0.0103605320353891,246592.39464033995,PASS
810,GEV,monthly_maxima,-0.038945789394612899,0.0069175869145767996,255316.55436968489,PASS_LMOM_FINITE_MEAN
810,KDE,monthly_maxima,-0.032337282011880499,0.0069183290664021997,257072.19033263752,PASS
810,EMP,monthly_maxima,-0.071784985672268903,0.0069183290664021997,246592.39464033995,PASS
811,TAIL,event_level,-0.19960290186521429,-0.067522862314593202,212635.90229165219,PASS
811,EVENT-EMP,event_level,-0.30459497670640001,-0.071713134543509499,184743.39166242364,PASS
811,GEV,monthly_maxima,-0.20134840534081841,-0.073687948721323698,212172.18658434489,PASS_LMOM_FINITE_MEAN
811,KDE,monthly_maxima,-0.26595726759398058,-0.073687948721318203,195008.00176501821,PASS
811,EMP,monthly_maxima,-0.30459497670640001,-0.073687948721317995,184743.39166242364,PASS
812,TAIL,event_level,-0.044412728247592903,-0.0445895805827356,253864.19093847601,PASS
812,EVENT-EMP,event_level,0.00041552297415779998,-0.042995397454379199,265773.3990914129,PASS
812,GEV,monthly_maxima,0.13448933053968001,-0.058008136809073102,301391.85037241853,PASS_LMOM_FINITE_MEAN
812,KDE,monthly_maxima,0.051249008635360797,-0.057375666590029899,279277.9759013346,PASS
812,EMP,monthly_maxima,0.00041552297415779998,-0.0573756668953379,265773.3990914129,PASS
813,TAIL,event_level,-0.019173955876446099,0.0356604162827142,260569.1991754857,PASS
813,EVENT-EMP,event_level,-0.078704650492419398,0.0387882163955958,244754.09565597665,PASS
813,GEV,monthly_maxima,0.1914980655469094,0.047377901579269202,316536.96251115168,PASS_LMOM_FINITE_MEAN
813,KDE,monthly_maxima,-0.0039675298740452997,0.047456737053598597,264608.98407873785,PASS
813,EMP,monthly_maxima,-0.078704650492419398,0.047456737036267301,244754.09565597665,PASS
814,TAIL,event_level,0.076729724733317906,0.004646627702073,286047.25963706122,PASS
814,EVENT-EMP,event_level,-0.1521790321559254,0.0040988232631672004,225234.67026481929,PASS
814,GEV,monthly_maxima,-0.013082648295876201,0.0023291343265942001,262187.43428222061,PASS_LMOM_FINITE_MEAN
814,KDE,monthly_maxima,-0.071581944503123898,0.0023291345955198002,246646.33516849039,PASS
814,EMP,monthly_maxima,-0.1521790321559254,0.0023291343270955001,225234.67026481929,PASS
815,TAIL,event_level,-0.1023233957019811,-0.042189922205552302,238479.46871100733,PASS
815,EVENT-EMP,event_level,-0.26849651217802972,-0.042055881499605798,194333.41840567481,PASS
815,GEV,monthly_maxima,-0.21986269707714221,-0.0443367219338614,207253.62411351851,PASS_LMOM_FINITE_MEAN
815,KDE,monthly_maxima,-0.22746115925280419,-0.044336721933766102,205234.993780505,PASS
815,EMP,monthly_maxima,-0.26849651217802972,-0.044336721933766303,194333.41840567481,PASS
816,TAIL,event_level,-0.029226849122789,-0.0063174292252381001,257898.51729637949,PASS
816,EVENT-EMP,event_level,-0.22480430775996391,-0.0092486443074860994,205940.82094523552,PASS
816,GEV,monthly_maxima,-0.22974913868147259,0.016937029208797701,204627.16227865001,PASS_LMOM_FINITE_MEAN
816,KDE,monthly_maxima,-0.1880916913387855,0.016937029528148601,215694.00512893181,PASS
816,EMP,monthly_maxima,-0.22480430775996391,0.016937029528148601,205940.82094523552,PASS
817,TAIL,event_level,-0.1075445699957198,-0.041289902319969499,237092.39583235959,PASS
817,EVENT-EMP,event_level,-0.1523403679208645,-0.039735433319996502,225191.8093198837,PASS
817,GEV,monthly_maxima,-0.097858069781139895,-0.017934545232900501,239665.74063580192,PASS_LMOM_FINITE_MEAN
817,KDE,monthly_maxima,-0.1070236280985828,-0.017934545232872801,237230.790824792,PASS
817,EMP,monthly_maxima,-0.1523403679208645,-0.0179345452328773,225191.8093198837,PASS
818,TAIL,event_level,0.20630239888543039,0.078431400015716607,320469.92626701563,PASS
818,EVENT-EMP,event_level,-0.17054371196193591,0.066242421469794796,220355.85414973291,PASS
818,GEV,monthly_maxima,-0.092175725202910494,0.0624147400955124,241175.3294003534,PASS_LMOM_FINITE_MEAN
818,KDE,monthly_maxima,-0.096169042698760601,0.062414740509112401,240114.4526544908,PASS
818,EMP,monthly_maxima,-0.17054371196193591,0.062414740121489898,220355.85414973291,PASS
819,TAIL,event_level,0.12870454035728771,0.014848626590536,299855.0456003031,PASS
819,EVENT-EMP,event_level,0.032925388152547502,0.029049637848178898,274410.06772963773,PASS
819,GEV,monthly_maxima,0.33066195374589141,0.033266726553412403,353507.65993442247,PASS_LMOM_FINITE_MEAN
819,KDE,monthly_maxima,0.1040969329407098,0.033297593409557,293317.71454493533,PASS
819,EMP,monthly_maxima,0.032925388152547502,0.033296452087460203,274410.06772963773,PASS
820,TAIL,event_level,0.1798781169823512,0.022960900212349599,313449.97199936031,PASS
820,EVENT-EMP,event_level,-0.14337560223205789,0.033899479060444097,227573.41595678288,PASS
820,GEV,monthly_maxima,0.17343519892567211,0.023922557282492499,311738.3269951921,PASS_LMOM_FINITE_MEAN
820,KDE,monthly_maxima,-0.039369457128455097,0.023925348250851599,255204.00152426932,PASS
820,EMP,monthly_maxima,-0.14337560223205789,0.023925342077751301,227573.41595678288,PASS
821,TAIL,event_level,0.068420832804766005,0.0097079836634245999,283839.89439749613,PASS
821,EVENT-EMP,event_level,0.0109465048871045,-0.0034203655865966002,268571.09144473949,PASS
821,GEV,monthly_maxima,0.062827242552208507,0.0023903226568529,282353.8843742538,PASS_LMOM_FINITE_MEAN
821,KDE,monthly_maxima,0.0592411948561547,0.0023982593093586002,281401.20414929016,PASS
821,EMP,monthly_maxima,0.0109465048871045,0.0023982592743763999,268571.09144473949,PASS
822,TAIL,event_level,-0.061544236289503298,-0.023953451607366699,249312.98294609657,PASS
822,EVENT-EMP,event_level,-0.1770181045621633,-0.0099159387350197994,218635.84752358709,PASS
822,GEV,monthly_maxima,0.0045001365911631003,-0.018967346569724298,266858.5298396236,PASS_LMOM_FINITE_MEAN
822,KDE,monthly_maxima,-0.102345558673149,-0.018967346014958801,238473.58082937609,PASS
822,EMP,monthly_maxima,-0.1770181045621633,-0.018967346569565301,218635.84752358709,PASS
823,TAIL,event_level,0.0292617058256129,-0.0140435932129935,273436.76285495347,PASS
823,EVENT-EMP,event_level,-0.22523534247524399,-0.0155328862419372,205826.31096535653,PASS
823,GEV,monthly_maxima,-0.1049852569979389,-0.028125117312899101,237772.31062690105,PASS_LMOM_FINITE_MEAN
823,KDE,monthly_maxima,-0.18105133725442629,-0.028125117309239299,217564.36678650035,PASS
823,EMP,monthly_maxima,-0.22523534247524399,-0.0281251173092395,205826.31096535653,PASS
824,TAIL,event_level,0.039034339186830899,-0.0163493003306855,276032.99004939309,PASS
824,EVENT-EMP,event_level,-0.10146830443825081,-0.0070279591591635004,238706.63482996091,PASS
824,GEV,monthly_maxima,-0.050003680320701002,-0.0013555673242605999,252378.88178192719,PASS_LMOM_FINITE_MEAN
824,KDE,monthly_maxima,-0.054429852502341398,-0.0013555672387567999,251203.01155734164,PASS
824,EMP,monthly_maxima,-0.10146830443825081,-0.0013555673242600999,238706.63482996091,PASS
825,TAIL,event_level,0.19979074056284779,0.069834719644374904,318740.01951689878,PASS
825,EVENT-EMP,event_level,-0.10574256572379601,0.066091038707692298,237571.121711285,PASS
825,GEV,monthly_maxima,0.134568415569952,0.066449084896392493,301412.86033960711,PASS_LMOM_FINITE_MEAN
825,KDE,monthly_maxima,-0.0116813797991068,0.066449091144878403,262559.69948890089,PASS
825,EMP,monthly_maxima,-0.10574256572379601,0.066449084987335205,237571.121711285,PASS
826,TAIL,event_level,-0.0185991293942354,-0.0198992538073,260721.90930898173,PASS
826,EVENT-EMP,event_level,-0.13408544605951631,-0.0151446937414555,230041.46680901884,PASS
826,GEV,monthly_maxima,0.103965453566059,-0.0033352109040801999,293282.78533851169,PASS_LMOM_FINITE_MEAN
826,KDE,monthly_maxima,-0.078967798985617801,-0.0033030007280669001,244684.18683519465,PASS
826,EMP,monthly_maxima,-0.13408544605951631,-0.0033030007324768001,230041.46680901884,PASS
827,TAIL,event_level,-0.066012583888138202,-0.0016223987889247,248125.90827328403,PASS
827,EVENT-EMP,event_level,-0.15014481388959641,-0.0061032174775338998,225775.0868124642,PASS
827,GEV,monthly_maxima,-0.11477479011343079,-0.018400685047002201,235171.59379287265,PASS_LMOM_FINITE_MEAN
827,KDE,monthly_maxima,-0.1101679916536485,-0.0184006850469739,236395.44973819569,PASS
827,EMP,monthly_maxima,-0.15014481388959641,-0.018400685047002801,225775.0868124642,PASS
828,TAIL,event_level,-0.093893218656418198,-0.023785756757400901,240719.05491982659,PASS
828,EVENT-EMP,event_level,-0.23147691340695739,-0.025557741680415701,204168.15644446303,PASS
828,GEV,monthly_maxima,-0.1087936552431364,-0.043520544312864201,236760.5600857751,PASS_LMOM_FINITE_MEAN
828,KDE,monthly_maxima,-0.18003078866771491,-0.043520544312542798,217835.48879590488,PASS
828,EMP,monthly_maxima,-0.23147691340695739,-0.043520544312864597,204168.15644446303,PASS
829,TAIL,event_level,-0.16796041110117779,-0.071611074663516905,221042.14163215656,PASS
829,EVENT-EMP,event_level,-0.2285585729749032,-0.0556997517928687,204943.45154786881,PASS
829,GEV,monthly_maxima,-0.057116394172476902,-0.039969808445090703,250489.2968107432,PASS_LMOM_FINITE_MEAN
829,KDE,monthly_maxima,-0.1681785707242662,-0.039969806605023701,220984.18469002479,PASS
829,EMP,monthly_maxima,-0.2285585729749032,-0.039969806605054899,204943.45154786881,PASS
830,TAIL,event_level,-0.094410973288601999,-0.037951411465499199,240581.5066657954,PASS
830,EVENT-EMP,event_level,0.0083928507772771006,-0.026924612722484802,267892.68000740506,PASS
830,GEV,monthly_maxima,0.026103834581639999,-0.0126342075654001,272597.83327506389,PASS_LMOM_FINITE_MEAN
830,KDE,monthly_maxima,0.059987441650946202,-0.012634179490368699,281599.45431900281,PASS
830,EMP,monthly_maxima,0.0083928507772771006,-0.012634184399642,267892.68000740506,PASS
831,TAIL,event_level,-0.28446003855433,-0.059784238389918899,190092.49993821481,PASS
831,EVENT-EMP,event_level,-0.33695949245957751,-0.058154182865141797,176145.33699000353,PASS
831,GEV,monthly_maxima,-0.2548318471487771,-0.046886197987269999,197963.61444808851,PASS_LMOM_FINITE_MEAN
831,KDE,monthly_maxima,-0.29471487895379261,-0.046886197987269403,187368.16817054839,PASS
831,EMP,monthly_maxima,-0.33695949245957751,-0.046886197987269597,176145.33699000353,PASS
832,TAIL,event_level,0.0768098703494038,0.0155867775230579,286068.55136266944,PASS
832,EVENT-EMP,event_level,0.092382390802580094,0.017370380507311801,290205.5940196616,PASS
832,GEV,monthly_maxima,0.1489314008677971,0.0059400822450272001,305228.57424652425,PASS_LMOM_FINITE_MEAN
832,KDE,monthly_maxima,0.15123760928602059,0.0059415851973702001,305841.24851661385,PASS
832,EMP,monthly_maxima,0.092382390802580094,0.0059414983921414,290205.5940196616,PASS
833,TAIL,event_level,0.44385504781659579,0.089319776875086895,383578.87801729329,PASS
833,EVENT-EMP,event_level,0.29922564989113709,0.078927253225990104,345156.19682886213,PASS
833,GEV,monthly_maxima,0.3435820466084335,0.1031027565274147,356940.05069386016,PASS_LMOM_FINITE_MEAN
833,KDE,monthly_maxima,0.3705571279966034,0.1031314840612917,364106.33201063517,PASS
833,EMP,monthly_maxima,0.29922564989113709,0.1031307372467717,345156.19682886213,PASS
834,TAIL,event_level,-0.1034184159306986,-0.018965038574534201,238188.56234102725,PASS
834,EVENT-EMP,event_level,-0.061129552796308002,-0.018114889861998901,249423.14901109919,PASS
834,GEV,monthly_maxima,0.1478478092671478,-0.0261722588986418,304940.70404027705,PASS_LMOM_FINITE_MEAN
834,KDE,monthly_maxima,-0.013449730506039899,-0.024441722867697899,262089.91411734841,PASS
834,EMP,monthly_maxima,-0.061129552796308002,-0.024441722867956098,249423.14901109919,PASS
835,TAIL,event_level,0.33152370347820892,0.097937506280050296,353736.59496218298,PASS
835,EVENT-EMP,event_level,-0.097432408048294505,0.085720550993768102,239778.82321299452,PASS
835,GEV,monthly_maxima,-0.0387631372522051,0.081597300227966796,255365.07828762123,PASS_LMOM_FINITE_MEAN
835,KDE,monthly_maxima,-0.027593840119330901,0.081597308870480098,258332.3473836073,PASS
835,EMP,monthly_maxima,-0.097432408048294505,0.081597300269079395,239778.82321299452,PASS
836,TAIL,event_level,0.0093825429627156995,-0.017820627937013299,268155.60461236944,PASS
836,EVENT-EMP,event_level,-0.051852814877443802,-0.019113370114311901,251887.63512967419,PASS
836,GEV,monthly_maxima,0.030252842793394099,-0.0104198721775629,273700.07128514379,PASS_LMOM_FINITE_MEAN
836,KDE,monthly_maxima,-0.0045780966591429002,-0.010419512671612599,264446.77906879829,PASS
836,EMP,monthly_maxima,-0.051852814877443802,-0.0104195126926615,251887.63512967419,PASS
837,TAIL,event_level,-0.1511915732417797,-0.0194295037021774,225497.00157220985,PASS
837,EVENT-EMP,event_level,-0.25968712604103372,-0.0187154718776428,196673.7464431464,PASS
837,GEV,monthly_maxima,-0.13205676184273499,-0.0110923115860796,230580.41316440332,PASS_LMOM_FINITE_MEAN
837,KDE,monthly_maxima,-0.2107191517660601,-0.0110923115860796,209682.72588299937,PASS
837,EMP,monthly_maxima,-0.25968712604103372,-0.0110923115860798,196673.7464431464,PASS
838,TAIL,event_level,-0.0191592113757479,-0.015832706622103801,260573.11624392224,PASS
838,EVENT-EMP,event_level,0.41330962657628739,-8.0980516663409999e-05,375464.08946864988,PASS
838,GEV,monthly_maxima,0.36036657797721711,0.0080088993619734997,361399.0798188544,PASS_LMOM_FINITE_MEAN
838,KDE,monthly_maxima,0.4909389635716167,0.0089229435894958992,396087.33279970562,PASS
838,EMP,monthly_maxima,0.41330962657628739,0.0089104251737498995,375464.08946864988,PASS
839,TAIL,event_level,0.0045602844737641004,-0.0088279298644940007,266874.5089071609,PASS
839,EVENT-EMP,event_level,-0.1222577713488554,-0.022404078693915998,233183.64247404103,PASS
839,GEV,monthly_maxima,-0.029185416310803299,-0.012802779908202401,257909.52446192468,PASS_LMOM_FINITE_MEAN
839,KDE,monthly_maxima,-0.072260586015605796,-0.0128027791374724,246466.04522156849,PASS
839,EMP,monthly_maxima,-0.1222577713488554,-0.0128027791398932,233183.64247404103,PASS
840,TAIL,event_level,-0.010209953241932799,0.0143368359144275,262950.6030970845,PASS
840,EVENT-EMP,event_level,-0.063041712774438305,0.0133323935025789,248915.1588356935,PASS
840,GEV,monthly_maxima,0.19092088187888609,0.0096130090901582997,316383.62616057752,PASS_LMOM_FINITE_MEAN
840,KDE,monthly_maxima,0.011449835889942901,0.0096956156207850999,268704.80787398358,PASS
840,EMP,monthly_maxima,-0.063041712774438305,0.0096956120146909994,248915.1588356935,PASS
841,TAIL,event_level,-0.030678913935967299,-0.006288849688804,257512.7573873848,PASS
841,EVENT-EMP,event_level,-0.29836986113220187,-0.0075007545859245997,186397.17460350887,PASS
841,GEV,monthly_maxima,-0.19224909211060701,-0.025377320812784501,214589.5375260828,PASS_LMOM_FINITE_MEAN
841,KDE,monthly_maxima,-0.21163822909417551,-0.025377320817732502,209438.56103358269,PASS
841,EMP,monthly_maxima,-0.29836986113220187,-0.025377320819808199,186397.17460350887,PASS
842,TAIL,event_level,-0.075371472874266904,-0.026496373726677801,245639.59765490424,PASS
842,EVENT-EMP,event_level,-0.031409986093819099,-0.0214285230810628,257318.53855739729,PASS
842,GEV,monthly_maxima,0.107440462277509,-0.0325274074447666,294205.96661259735,PASS_LMOM_FINITE_MEAN
842,KDE,monthly_maxima,0.016536772704960099,-0.0324095666113043,270056.21881997841,PASS
842,EMP,monthly_maxima,-0.031409986093819099,-0.032409566621531001,257318.53855739729,PASS
843,TAIL,event_level,0.026311449846438802,0.0086524751777741996,272652.98897123383,PASS
843,EVENT-EMP,event_level,-0.165060569765832,0.0038631220713829999,221812.52220984839,PASS
843,GEV,monthly_maxima,-0.079141441279557204,-0.0069827331728191996,244638.05650072213,PASS_LMOM_FINITE_MEAN
843,KDE,monthly_maxima,-0.12502452077131729,-0.0069827331726938996,232448.61949453369,PASS
843,EMP,monthly_maxima,-0.165060569765832,-0.0069827331726951001,221812.52220984839,PASS
844,TAIL,event_level,-0.087496504024550101,-0.023242831768213301,242418.42538308687,PASS
844,EVENT-EMP,event_level,-0.25080563750314389,-0.0202059276658344,199033.22942146813,PASS
844,GEV,monthly_maxima,-0.1374295711789312,-0.027784477782584499,229153.05646395381,PASS_LMOM_FINITE_MEAN
844,KDE,monthly_maxima,-0.1993873902360189,-0.0277844777824282,212693.15575975584,PASS
844,EMP,monthly_maxima,-0.25080563750314389,-0.0277844777824282,199033.22942146813,PASS
845,TAIL,event_level,-0.1292209367720504,-0.040559312421364901,231333.78698853584,PASS
845,EVENT-EMP,event_level,-0.30265514200882437,-0.044670079575206099,185258.73398709841,PASS
845,GEV,monthly_maxima,-0.21658323820273129,-0.034694537829208602,208124.8550292899,PASS_LMOM_FINITE_MEAN
845,KDE,monthly_maxima,-0.2501294906097129,-0.0346945378292082,199212.85664038413,PASS
845,EMP,monthly_maxima,-0.30265514200882437,-0.034694537829207998,185258.73398709841,PASS
846,TAIL,event_level,0.2458398220464226,0.060000064694258698,330973.55711189995,PASS
846,EVENT-EMP,event_level,-0.10566414148855489,0.0517390458587762,237591.95612967669,PASS
846,GEV,monthly_maxima,0.0074008576313138001,0.056764771696998499,267629.14412234176,PASS_LMOM_FINITE_MEAN
846,KDE,monthly_maxima,-0.0505109130906942,0.056764771798202301,252244.12879747635,PASS
846,EMP,monthly_maxima,-0.10566414148855489,0.0567647716969987,237591.95612967669,PASS
847,TAIL,event_level,-0.097774178195694297,-0.014802562885308901,239688.0275269057,PASS
847,EVENT-EMP,event_level,0.0948214190215277,-0.0082712791251632993,290853.55359780014,PASS
847,GEV,monthly_maxima,0.1803178165151629,-0.0040218354425838997,313566.78390074591,PASS_LMOM_FINITE_MEAN
847,KDE,monthly_maxima,0.15028052326727251,-0.0038713332650222002,305586.98616403725,PASS
847,EMP,monthly_maxima,0.0948214190215277,-0.0038713349434024002,290853.55359780014,PASS
848,TAIL,event_level,-0.075425506892906405,-0.029287567223758901,245625.24281486968,PASS
848,EVENT-EMP,event_level,-0.27072448828789319,-0.033852554420360198,193741.52756610399,PASS
848,GEV,monthly_maxima,-0.180128220237845,-0.0223396589173156,217809.60483171439,PASS_LMOM_FINITE_MEAN
848,KDE,monthly_maxima,-0.20747507290609071,-0.022339658917314799,210544.5576376401,PASS
848,EMP,monthly_maxima,-0.27072448828789319,-0.022339658917314799,193741.52756610399,PASS
849,TAIL,event_level,-0.0056428828828899999,-0.020350364429870801,264163.90475558327,PASS
849,EVENT-EMP,event_level,-0.21704121392813369,-0.020964985799844901,208003.1878195692,PASS
849,GEV,monthly_maxima,-0.050845253913976297,-0.033553400864189301,252155.3068079949,PASS_LMOM_FINITE_MEAN
849,KDE,monthly_maxima,-0.16346463478600329,-0.033553399448997399,222236.50310036569,PASS
849,EMP,monthly_maxima,-0.21704121392813369,-0.033553399449015101,208003.1878195692,PASS
850,TAIL,event_level,-0.080883205120386395,-0.018077493883654899,244175.33427604544,PASS
850,EVENT-EMP,event_level,-0.24043401206633111,-0.021199528342576698,201788.58665368083,PASS
850,GEV,monthly_maxima,-0.17911723033225491,-0.0116189334520404,218078.18745312051,PASS_LMOM_FINITE_MEAN
850,KDE,monthly_maxima,-0.19138410831262781,-0.0116189334520376,214819.3317254615,PASS
850,EMP,monthly_maxima,-0.24043401206633111,-0.0116189334520376,201788.58665368083,PASS
851,TAIL,event_level,0.026006228392233301,-0.0011421053868512,272571.90292099077,PASS
851,EVENT-EMP,event_level,0.15831022208786499,0.0199185109510179,307720.1801221685,PASS
851,GEV,monthly_maxima,0.31632821838240521,0.022166628080888401,349699.71665310964,PASS_LMOM_FINITE_MEAN
851,KDE,monthly_maxima,0.2249438645526895,0.022305681047878799,325422.27414712874,PASS
851,EMP,monthly_maxima,0.15831022208786499,0.0223050947899305,307720.1801221685,PASS
852,TAIL,event_level,-0.31444745037827038,-0.071590997985458496,182125.9538507362,PASS
852,EVENT-EMP,event_level,-0.36405678120583401,-0.070131188663306795,168946.58969863417,PASS
852,GEV,monthly_maxima,-0.34639909955488529,-0.061602215668396,173637.58255577713,PASS_LMOM_FINITE_MEAN
852,KDE,monthly_maxima,-0.31922363885816307,-0.061602215663822797,180857.09724280532,PASS
852,EMP,monthly_maxima,-0.36405678120583401,-0.061602215663822603,168946.58969863417,PASS
853,TAIL,event_level,0.37207480083160088,0.056207798480570802,364509.52154418704,PASS
853,EVENT-EMP,event_level,0.12614750631890509,0.044811777823507898,299175.73624097509,PASS
853,GEV,monthly_maxima,0.29372025087359571,0.024626671410465002,343693.61595457047,PASS_LMOM_FINITE_MEAN
853,KDE,monthly_maxima,0.1871447488280282,0.024964660411550599,315380.44728809828,PASS
853,EMP,monthly_maxima,0.12614750631890509,0.024964631620956801,299175.73624097509,PASS
854,TAIL,event_level,-0.1418318441840444,-0.026468976365604101,227983.53536654124,PASS
854,EVENT-EMP,event_level,-0.2642582114883964,-0.0275617336085235,195459.37812419911,PASS
854,GEV,monthly_maxima,-0.26653303061548078,-0.059187422451077103,194855.04282767561,PASS_LMOM_FINITE_MEAN
854,KDE,monthly_maxima,-0.23506593941259479,-0.059187422451089197,203214.68499281068,PASS
854,EMP,monthly_maxima,-0.2642582114883964,-0.059187422451089197,195459.37812419911,PASS
855,TAIL,event_level,-0.068797466326067105,-0.025862671345691399,247386.06802230715,PASS
855,EVENT-EMP,event_level,-0.27881786014600379,-0.036157779494032302,191591.41803716929,PASS
855,GEV,monthly_maxima,-0.20714047475263231,-0.030141604470959898,210633.44799023081,PASS_LMOM_FINITE_MEAN
855,KDE,monthly_maxima,-0.22887590943011471,-0.030141604468643599,204859.14698999221,PASS
855,EMP,monthly_maxima,-0.27881786014600379,-0.030141604468643699,191591.41803716929,PASS
856,TAIL,event_level,-0.0264688979982057,-0.0047285541794316998,258631.20289358948,PASS
856,EVENT-EMP,event_level,-0.19128371617515369,-0.0016239984601750001,214846.002202884,PASS
856,GEV,monthly_maxima,-0.061295927052368401,0.0122019642935715,249378.94952544649,PASS_LMOM_FINITE_MEAN
856,KDE,monthly_maxima,-0.1210658239522405,0.0122019642949284,233500.29880719623,PASS
856,EMP,monthly_maxima,-0.19128371617515369,0.012201964293570801,214846.002202884,PASS
857,TAIL,event_level,-0.1642628116717455,-0.075064669845862603,222024.45702638107,PASS
857,EVENT-EMP,event_level,-0.16225569548591051,-0.065391555590944506,222557.67355374451,PASS
857,GEV,monthly_maxima,-0.0018136286154995,-0.066107078025608002,265181.1959703418,PASS_LMOM_FINITE_MEAN
857,KDE,monthly_maxima,-0.1188395366528518,-0.066104659810806196,234091.74099229299,PASS
857,EMP,monthly_maxima,-0.16225569548591051,-0.066104659811873995,222557.67355374451,PASS
858,TAIL,event_level,-0.081350669152536997,-0.021978655997065201,244051.14637419413,PASS
858,EVENT-EMP,event_level,-0.12738722894680449,-0.025648794257135999,231820.93532886475,PASS
858,GEV,monthly_maxima,-0.11495507194685101,-0.029878620625070001,235123.69957835652,PASS_LMOM_FINITE_MEAN
858,KDE,monthly_maxima,-0.087335941307587706,-0.029878620625020499,242461.08095777009,PASS
858,EMP,monthly_maxima,-0.12738722894680449,-0.029878620625052098,231820.93532886475,PASS
859,TAIL,event_level,0.17538119270218999,0.043930308759976798,312255.30555931746,PASS
859,EVENT-EMP,event_level,0.1205922823257638,0.055761056384823697,297699.91871369199,PASS
859,GEV,monthly_maxima,0.1695422694674838,0.0550906045189734,310704.11963758344,PASS_LMOM_FINITE_MEAN
859,KDE,monthly_maxima,0.18455701414632311,0.055090892331861298,314692.98190345604,PASS
859,EMP,monthly_maxima,0.1205922823257638,0.055090609835815103,297699.91871369199,PASS
860,TAIL,event_level,-0.14669210380733749,-0.020554809733650901,226692.3441655999,PASS
860,EVENT-EMP,event_level,-0.23423415105310469,-0.018916077548077899,203435.66039208192,PASS
860,GEV,monthly_maxima,-0.14400712114841621,-0.0232900383126858,227405.64474058649,PASS_LMOM_FINITE_MEAN
860,KDE,monthly_maxima,-0.1779198638086473,-0.023290038312639399,218396.28344786409,PASS
860,EMP,monthly_maxima,-0.23423415105310469,-0.023290038312686102,203435.66039208192,PASS
861,TAIL,event_level,-0.063051091865307607,-0.0226347369978055,248912.66715818201,PASS
861,EVENT-EMP,event_level,-0.063349635797998197,-0.028582541439547599,248833.35507840401,PASS
861,GEV,monthly_maxima,-0.0087890828419285999,-0.010067129475978299,263328.07580438,PASS_LMOM_FINITE_MEAN
861,KDE,monthly_maxima,-0.017772442563039802,-0.0100670606696597,260941.52942089061,PASS
861,EMP,monthly_maxima,-0.063349635797998197,-0.010067060688256,248833.35507840401,PASS
862,TAIL,event_level,0.49695428349314569,0.080927855169319496,397685.38079621631,PASS
862,EVENT-EMP,event_level,0.3001412312751135,0.0738702121780688,345399.43293523602,PASS
862,GEV,monthly_maxima,0.57383470118366553,0.077697980141909498,418109.66397050372,PASS_LMOM_FINITE_MEAN
862,KDE,monthly_maxima,0.38044474344063889,0.078680243647796799,366733.10569129302,PASS
862,EMP,monthly_maxima,0.3001412312751135,0.078666425787294603,345399.43293523602,PASS
863,TAIL,event_level,-0.35888213240256289,-0.090580859500712499,170321.30247544221,PASS
863,EVENT-EMP,event_level,-0.3644243945065529,-0.085846962831575502,168848.92844264646,PASS
863,GEV,monthly_maxima,-0.34671508420623082,-0.088574781985797699,173553.63712218456,PASS_LMOM_FINITE_MEAN
863,KDE,monthly_maxima,-0.33774007536705092,-0.088574781985437806,175937.96498524386,PASS
863,EMP,monthly_maxima,-0.3644243945065529,-0.088574781985437806,168848.92844264646,PASS
864,TAIL,event_level,0.11867601812410759,0.032921440038603499,297190.83819791063,PASS
864,EVENT-EMP,event_level,-0.057488654404912402,0.036832497255678498,250390.40103688839,PASS
864,GEV,monthly_maxima,0.095398685260223007,0.053567523817836103,291006.91188434762,PASS_LMOM_FINITE_MEAN
864,KDE,monthly_maxima,0.0110120122968129,0.053567543607558298,268588.49434038042,PASS
864,EMP,monthly_maxima,-0.057488654404912402,0.053567543522851098,250390.40103688839,PASS
865,TAIL,event_level,-0.19611670646384441,-0.071754220740554597,213562.05545545401,PASS
865,EVENT-EMP,event_level,-0.056238653829558199,-0.072073997319801603,250722.4799522479,PASS
865,GEV,monthly_maxima,-0.1192692852325266,-0.0654179063775501,233977.57269107021,PASS_LMOM_FINITE_MEAN
865,KDE,monthly_maxima,-0.016371624907978399,-0.065416347912545997,261313.6748556057,PASS
865,EMP,monthly_maxima,-0.056238653829558199,-0.0654163479125527,250722.4799522479,PASS
866,TAIL,event_level,0.0052096478207498001,-0.012180103135782799,267047.02072850964,PASS
866,EVENT-EMP,event_level,-0.1582470209357171,-0.00064990322918230005,223622.63010088884,PASS
866,GEV,monthly_maxima,0.040424963456626301,0.0047750025568783,276402.42747869622,PASS_LMOM_FINITE_MEAN
866,KDE,monthly_maxima,-0.093839096850080003,0.0047750110279397998,240733.43308180544,PASS
866,EMP,monthly_maxima,-0.1582470209357171,0.0047750109842540998,223622.63010088884,PASS
867,TAIL,event_level,0.0839070924811951,0.0283435654936691,287954.02075689205,PASS
867,EVENT-EMP,event_level,0.043200127444792298,0.036723835605916098,277139.68589705648,PASS
867,GEV,monthly_maxima,0.31496387575786972,0.055336806577353702,349337.26128479419,PASS_LMOM_FINITE_MEAN
867,KDE,monthly_maxima,0.1048156210953452,0.055503330946194099,293508.64340335241,PASS
867,EMP,monthly_maxima,0.043200127444792298,0.055503321432677097,277139.68589705648,PASS
868,TAIL,event_level,-0.059714304218926102,-0.031831745044198001,249799.12820807521,PASS
868,EVENT-EMP,event_level,-0.21996643923529349,-0.041206424517178299,207226.06365951936,PASS
868,GEV,monthly_maxima,-0.12571441396496219,-0.056570564934102202,232265.34039212641,PASS_LMOM_FINITE_MEAN
868,KDE,monthly_maxima,-0.1713565440435276,-0.0565705649313804,220139.91473230679,PASS
868,EMP,monthly_maxima,-0.21996643923529349,-0.0565705649313821,207226.06365951936,PASS
869,TAIL,event_level,-0.064798336500935,-0.0118108567910187,248448.48888906199,PASS
869,EVENT-EMP,event_level,-0.066798115350311799,-0.018720243758232499,247917.22162058749,PASS
869,GEV,monthly_maxima,0.063913290716516594,-0.035912311521184501,282642.40719859686,PASS_LMOM_FINITE_MEAN
869,KDE,monthly_maxima,-0.019416941815234599,-0.035894480783351598,260504.64679959769,PASS
869,EMP,monthly_maxima,-0.066798115350311799,-0.035894480805011703,247917.22162058749,PASS
870,TAIL,event_level,0.26860139960889379,0.10756409198659039,337020.46631966229,PASS
870,EVENT-EMP,event_level,0.2113920854986113,0.1118557057470627,321822.06773266749,PASS
870,GEV,monthly_maxima,0.30451985525611691,0.076004479255648003,346562.67136171984,PASS_LMOM_FINITE_MEAN
870,KDE,monthly_maxima,0.27738142184640519,0.076035487728117301,339352.99345521122,PASS
870,EMP,monthly_maxima,0.2113920854986113,0.076035322654439699,321822.06773266749,PASS
871,TAIL,event_level,-0.14020842791196009,-0.0235751335144508,228414.8170198781,PASS
871,EVENT-EMP,event_level,-0.21378009473056381,-0.023921896517921402,208869.54656158839,PASS
871,GEV,monthly_maxima,-0.14664657825087241,-0.0265181760767325,226704.43862196268,PASS_LMOM_FINITE_MEAN
871,KDE,monthly_maxima,-0.1470483583518499,-0.0265181760753791,226597.70051097599,PASS
871,EMP,monthly_maxima,-0.21378009473056381,-0.026518176076732701,208869.54656158839,PASS
872,TAIL,event_level,-0.0631703925850612,-0.0093331323527933007,248880.97336987624,PASS
872,EVENT-EMP,event_level,-0.2808086316145546,-0.0333939898707196,191062.54369659731,PASS
872,GEV,monthly_maxima,-0.24032331758634809,-0.013532653649398501,201817.99408242432,PASS_LMOM_FINITE_MEAN
872,KDE,monthly_maxima,-0.25170187285901519,-0.013532653649398501,198795.13283915239,PASS
872,EMP,monthly_maxima,-0.2808086316145546,-0.013532653649398299,191062.54369659731,PASS
873,TAIL,event_level,-0.0824660909854288,-0.017929074568889401,243754.82005264016,PASS
873,EVENT-EMP,event_level,-0.21443712181225599,-0.020361153250230999,208694.99876940969,PASS
873,GEV,monthly_maxima,-0.048358794330497799,-0.024080611772826301,252815.86714520343,PASS_LMOM_FINITE_MEAN
873,KDE,monthly_maxima,-0.14997345499418621,-0.0240805493320136,225820.61053241041,PASS
873,EMP,monthly_maxima,-0.21443712181225599,-0.024080549332019498,208694.99876940969,PASS
874,TAIL,event_level,0.018853725018202899,0.035171536093679401,270671.74734555802,PASS
874,EVENT-EMP,event_level,-0.1923871891965058,0.050151645471976099,214552.8502385696,PASS
874,GEV,monthly_maxima,-0.053419343490559303,-0.0038483886197294001,251471.46642305129,PASS_LMOM_FINITE_MEAN
874,KDE,monthly_maxima,-0.12611945435542291,-0.0038483885386116998,232157.73614282199,PASS
874,EMP,monthly_maxima,-0.1923871891965058,-0.0038483886197296,214552.8502385696,PASS
875,TAIL,event_level,-0.066491590680795007,0.028985996444039701,247998.65388693285,PASS
875,EVENT-EMP,event_level,-0.16001376154189489,0.0277835958014182,223153.27247354941,PASS
875,GEV,monthly_maxima,0.015321253627433499,0.026653265771727701,269733.30036312126,PASS_LMOM_FINITE_MEAN
875,KDE,monthly_maxima,-0.095788913315929702,0.0266534924246042,240215.43897052589,PASS
875,EMP,monthly_maxima,-0.16001376154189489,0.026653492424602999,223153.27247354941,PASS
876,TAIL,event_level,-0.067800716329546096,-0.0065004055546011999,247650.86762660777,PASS
876,EVENT-EMP,event_level,-0.164252905946072,-0.0026634481644863999,222027.08861127985,PASS
876,GEV,monthly_maxima,-0.076546661988670495,0.008172136711914,245327.39337744389,PASS_LMOM_FINITE_MEAN
876,KDE,monthly_maxima,-0.12599543526852469,0.0081721367387611998,232190.68342674576,PASS
876,EMP,monthly_maxima,-0.164252905946072,0.0081721367387608008,222027.08861127985,PASS
877,TAIL,event_level,-0.2122388542320893,-0.064931786055975604,209278.99715155843,PASS
877,EVENT-EMP,event_level,-0.23193195347529019,-0.063099941082915195,204047.2691302358,PASS
877,GEV,monthly_maxima,-0.18498043345522799,-0.054349881169592398,216520.55126318685,PASS_LMOM_FINITE_MEAN
877,KDE,monthly_maxima,-0.20024136618845029,-0.054349881169519797,212466.28593775901,PASS
877,EMP,monthly_maxima,-0.23193195347529019,-0.054349881169519797,204047.2691302358,PASS
878,TAIL,event_level,0.3443741449433268,0.073259651717558605,357150.48192172975,PASS
878,EVENT-EMP,event_level,-0.20332019231018769,0.046917472952403998,211648.35572296893,PASS
878,GEV,monthly_maxima,-0.1152719136207226,0.038617142069712597,235039.52646558007,PASS_LMOM_FINITE_MEAN
878,KDE,monthly_maxima,-0.13853704033666059,0.038617142084225099,228858.84287402109,PASS
878,EMP,monthly_maxima,-0.20332019231018769,0.038617142068881297,211648.35572296893,PASS
879,TAIL,event_level,0.0135423968264432,0.0247496907038861,269260.72391099809,PASS
879,EVENT-EMP,event_level,-0.030894361909306299,0.029451895564726799,257455.52083028751,PASS
879,GEV,monthly_maxima,0.088705238365060807,0.036050179930214997,289228.71063485427,PASS_LMOM_FINITE_MEAN
879,KDE,monthly_maxima,0.0253924610509174,0.036050276071182198,272408.84764165257,PASS
879,EMP,monthly_maxima,-0.030894361909306299,0.036050275369648201,257455.52083028751,PASS
880,TAIL,event_level,-0.040557043995100801,-0.0035069629029522999,254888.50362263105,PASS
880,EVENT-EMP,event_level,0.021737959225310601,0.0077317861517766998,271437.98168658442,PASS
880,GEV,monthly_maxima,0.13506377384301571,0.023139178906618599,301544.45870946127,PASS_LMOM_FINITE_MEAN
880,KDE,monthly_maxima,0.076316660213391396,0.023141360473641698,285937.52367337025,PASS
880,EMP,monthly_maxima,0.021737959225310601,0.0231413593201346,271437.98168658442,PASS
881,TAIL,event_level,0.33219309629044957,0.087381933618448801,353914.4278715601,PASS
881,EVENT-EMP,event_level,-0.097993344733256396,0.061695240382818803,239629.80308484405,PASS
881,GEV,monthly_maxima,0.034299158903503997,0.049148220971169797,274775.02780239691,PASS_LMOM_FINITE_MEAN
881,KDE,monthly_maxima,-0.022477703415819401,0.049148223055677898,259691.51565987131,PASS
881,EMP,monthly_maxima,-0.097993344733256396,0.049148220971172697,239629.80308484405,PASS
882,TAIL,event_level,0.20622186864646591,0.053779221058665602,320448.5323613357,PASS
882,EVENT-EMP,event_level,0.70245229128540965,0.090576093210053499,452278.60009682731,PASS
882,GEV,monthly_maxima,0.80387354808694311,0.107190395164521,479222.47645745322,PASS_LMOM_FINITE_MEAN
882,KDE,monthly_maxima,0.80593308130358776,0.1138153250883663,479769.61825099721,PASS
882,EMP,monthly_maxima,0.70245229128540965,0.1134982507293637,452278.60009682731,PASS
883,TAIL,event_level,-0.095408913837657996,-0.060674071802756399,240316.39077572481,PASS
883,EVENT-EMP,event_level,-0.22311861610379069,-0.063287928644219005,206388.6468645588,PASS
883,GEV,monthly_maxima,-0.1389657005120139,-0.045805183324330298,228744.96372156643,PASS_LMOM_FINITE_MEAN
883,KDE,monthly_maxima,-0.1699778983865107,-0.045805183324331998,220506.16988728344,PASS
883,EMP,monthly_maxima,-0.22311861610379069,-0.045805183324332997,206388.6468645588,PASS
884,TAIL,event_level,0.0099974990845143,0.00084955980827530005,268318.97570670891,PASS
884,EVENT-EMP,event_level,-0.033528870125062102,0.0099563284599015998,256755.62944780069,PASS
884,GEV,monthly_maxima,0.1134313175091051,0.0112657161118195,295797.51524594158,PASS_LMOM_FINITE_MEAN
884,KDE,monthly_maxima,0.0205729984076478,0.011266847024416301,271128.49468922347,PASS
884,EMP,monthly_maxima,-0.033528870125062102,0.011266846499216899,256755.62944780069,PASS
885,TAIL,event_level,0.29492753899873958,0.076332147894850003,344014.34775184235,PASS
885,EVENT-EMP,event_level,-0.15769500436170689,0.048023793514501797,223769.28048551435,PASS
885,GEV,monthly_maxima,-0.013940261118770701,0.048510291279544697,261959.59827826955,PASS_LMOM_FINITE_MEAN
885,KDE,monthly_maxima,-0.090377634385581301,0.048510291293035197,241653.0156191517,PASS
885,EMP,monthly_maxima,-0.15769500436170689,0.048510291279543698,223769.28048551435,PASS
886,TAIL,event_level,0.2144257320687567,0.045993869463096297,322627.99541179085,PASS
886,EVENT-EMP,event_level,-0.0281190061650467,0.041097189776404697,258192.83019114879,PASS
886,GEV,monthly_maxima,0.028426846162675299,0.063812615043480403,273214.97152396373,PASS_LMOM_FINITE_MEAN
886,KDE,monthly_maxima,0.024408240347286399,0.063812615599806999,272147.37660701439,PASS
886,EMP,monthly_maxima,-0.0281190061650467,0.063812615043475296,258192.83019114879,PASS
887,TAIL,event_level,0.0646506257730175,0.0417946988427969,282838.28984909086,PASS
887,EVENT-EMP,event_level,0.045430085214114103,0.043353538006602597,277732.10319024383,PASS
887,GEV,monthly_maxima,0.1998676372463373,0.052373719291540999,318760.4481212942,PASS_LMOM_FINITE_MEAN
887,KDE,monthly_maxima,0.097197426410917206,0.052590642044709902,291484.7708726651,PASS
887,EMP,monthly_maxima,0.045430085214114103,0.052590642038046101,277732.10319024383,PASS
888,TAIL,event_level,-0.18576388192516391,-0.0535453052269819,216312.417984478,PASS
888,EVENT-EMP,event_level,-0.23118976392347959,-0.0521594700305393,204244.44144056583,PASS
888,GEV,monthly_maxima,-0.144000747049709,-0.044061705740328,227407.3381028352,PASS_LMOM_FINITE_MEAN
888,KDE,monthly_maxima,-0.18785528766947349,-0.044061705740328798,215756.80883929803,PASS
888,EMP,monthly_maxima,-0.23118976392347959,-0.044061705740328999,204244.44144056583,PASS
889,TAIL,event_level,0.1109632597712354,0.031419136931132699,295141.84359842713,PASS
889,EVENT-EMP,event_level,-0.12837288878797071,0.0091409525413670006,231559.08196861719,PASS
889,GEV,monthly_maxima,0.052034527431151598,0.015727801388002099,279486.65918904176,PASS_LMOM_FINITE_MEAN
889,KDE,monthly_maxima,-0.052712443142056697,0.015728736182675899,251659.26369740971,PASS
889,EMP,monthly_maxima,-0.12837288878797071,0.015728736176799801,231559.08196861719,PASS
890,TAIL,event_level,0.1685243460587143,0.060420430742132901,310433.69504085282,PASS
890,EVENT-EMP,event_level,0.0329750102252796,0.037978615608336701,274423.25047884253,PASS
890,GEV,monthly_maxima,-0.028504897621087901,0.035134875990948597,258090.3131054008,PASS_LMOM_FINITE_MEAN
890,KDE,monthly_maxima,0.082840816145542895,0.0351348761421654,287670.75057606306,PASS
890,EMP,monthly_maxima,0.0329750102252796,0.035134875990948999,274423.25047884253,PASS
891,TAIL,event_level,0.023923312166321799,-0.0045052671201508002,272018.54912682192,PASS
891,EVENT-EMP,event_level,-0.13275159705606501,0.0039642009165877,230395.82115017105,PASS
891,GEV,monthly_maxima,0.10686174564621891,0.036239657015868502,294052.2230103875,PASS_LMOM_FINITE_MEAN
891,KDE,monthly_maxima,-0.056604806463946701,0.036239668975213198,250625.20674127413,PASS
891,EMP,monthly_maxima,-0.13275159705606501,0.036239668599718999,230395.82115017105,PASS
892,TAIL,event_level,-0.12912239147776119,-0.012767075399850799,231359.9668280388,PASS
892,EVENT-EMP,event_level,-0.2429528781896666,-0.012029587971719199,201119.41709755,PASS
892,GEV,monthly_maxima,-0.18075757546112209,0.00085075426006290004,217642.40842873472,PASS_LMOM_FINITE_MEAN
892,KDE,monthly_maxima,-0.1915924441041611,0.00085075426006189997,214763.98461199048,PASS
892,EMP,monthly_maxima,-0.2429528781896666,0.00085075426006189997,201119.41709755,PASS
893,TAIL,event_level,-0.0032223674410947999,-0.011183238354834301,264806.94617361989,PASS
893,EVENT-EMP,event_level,-0.2436874412661155,-0.018783546825955299,200924.27085962024,PASS
893,GEV,monthly_maxima,-0.1194232209957901,-0.00067777745054050005,233936.67765285383,PASS_LMOM_FINITE_MEAN
893,KDE,monthly_maxima,-0.1858746313659824,-0.00067777737576359999,216282.99595467359,PASS
893,EMP,monthly_maxima,-0.2436874412661155,-0.00067777737576339995,200924.27085962024,PASS
894,TAIL,event_level,-0.032939460813513302,-0.0159802336886723,256912.21369963311,PASS
894,EVENT-EMP,event_level,-0.18451857056429799,-0.018653008441627001,216643.25114900203,PASS
894,GEV,monthly_maxima,-0.1782581035022657,-0.0004633957922015,218306.42567275351,PASS_LMOM_FINITE_MEAN
894,KDE,monthly_maxima,-0.15144684831053379,-0.00046339579218199997,225429.1844290648,PASS
894,EMP,monthly_maxima,-0.18451857056429799,-0.00046339579218190001,216643.25114900203,PASS
895,TAIL,event_level,0.053894785840854401,0.029703535884275298,279980.86103755492,PASS
895,EVENT-EMP,event_level,-0.0075312302271305,0.028301358639975599,263662.24071617291,PASS
895,GEV,monthly_maxima,0.055174915358220902,0.032326495503092099,280320.94409833779,PASS_LMOM_FINITE_MEAN
895,KDE,monthly_maxima,0.041410223520385002,0.032326548394103698,276664.17463287443,PASS
895,EMP,monthly_maxima,-0.0075312302271305,0.0323265483620227,263662.24071617291,PASS
896,TAIL,event_level,-0.1886006274138598,-0.063090785273096195,215558.79963932623,PASS
896,EVENT-EMP,event_level,-0.25496722476878148,-0.062877863220870606,197927.64962207049,PASS
896,GEV,monthly_maxima,-0.19927709263271029,-0.053766142042726402,212722.45775304741,PASS_LMOM_FINITE_MEAN
896,KDE,monthly_maxima,-0.22039710821331021,-0.053766142042726998,207111.65084250263,PASS
896,EMP,monthly_maxima,-0.25496722476878148,-0.0537661420427272,197927.64962207049,PASS
897,TAIL,event_level,-0.15467791149269849,-0.035326508688483201,224570.81045856691,PASS
897,EVENT-EMP,event_level,-0.29130141357538958,-0.035997835764237401,188274.99965753089,PASS
897,GEV,monthly_maxima,-0.19233186188009641,-0.048775957017028901,214567.54865998257,PASS_LMOM_FINITE_MEAN
897,KDE,monthly_maxima,-0.241867905470565,-0.048775957017022399,201407.65421588239,PASS
897,EMP,monthly_maxima,-0.29130141357538958,-0.048775957017022399,188274.99965753089,PASS
898,TAIL,event_level,-0.122488617717605,-0.0415811232002153,233122.31513286976,PASS
898,EVENT-EMP,event_level,-0.070770694267922707,-0.0165044496386079,246861.85434784315,PASS
898,GEV,monthly_maxima,0.13994466110707221,-0.020212251914128301,302841.12991153722,PASS_LMOM_FINITE_MEAN
898,KDE,monthly_maxima,-0.014483188755774199,-0.020207545112660701,261815.362488007,PASS
898,EMP,monthly_maxima,-0.070770694267922707,-0.020207557291148499,246861.85434784315,PASS
899,TAIL,event_level,-0.13431592567314821,-0.044013802771913899,229980.23690111603,PASS
899,EVENT-EMP,event_level,0.087632402719399705,-0.031102767952887699,288943.69788798474,PASS
899,GEV,monthly_maxima,0.2078256917662562,-0.027816610912777599,320874.60883885861,PASS_LMOM_FINITE_MEAN
899,KDE,monthly_maxima,0.14580330237198089,-0.027629249097942399,304397.55418452621,PASS
899,EMP,monthly_maxima,0.087632402719399705,-0.027629289447310301,288943.69788798474,PASS
900,TAIL,event_level,0.2226495964046373,0.071286844657106802,324812.77196515322,PASS
900,EVENT-EMP,event_level,0.042656518028524298,0.065736277326841494,276995.26898326242,PASS
900,GEV,monthly_maxima,0.077351386096638303,0.062927301631638496,286212.41206604615,PASS_LMOM_FINITE_MEAN
900,KDE,monthly_maxima,0.10005396978143399,0.062927322660407195,292243.6487826932,PASS
900,EMP,monthly_maxima,0.042656518028524298,0.062927301631638094,276995.26898326242,PASS
901,TAIL,event_level,-0.19118388313763471,-0.065645478882510905,214872.52414812945,PASS
901,EVENT-EMP,event_level,-0.1811178747718285,-0.065776300214032801,217546.69022934887,PASS
901,GEV,monthly_maxima,-0.2342865056242886,-0.0405267105242152,203421.75171911361,PASS_LMOM_FINITE_MEAN
901,KDE,monthly_maxima,-0.1519373713619154,-0.0405267105242152,225298.8705987568,PASS
901,EMP,monthly_maxima,-0.1811178747718285,-0.0405267105242152,217546.69022934887,PASS
902,TAIL,event_level,0.0062089136511524999,0.0043979467976242997,267312.48869681195,PASS
902,EVENT-EMP,event_level,-0.23715137903156069,-0.0039955381927892003,202660.66082644759,PASS
902,GEV,monthly_maxima,-0.16516799469761001,0.0088851664425318999,221783.98337912239,PASS_LMOM_FINITE_MEAN
902,KDE,monthly_maxima,-0.17823794047315791,0.0088851664425331003,218311.78224375719,PASS
902,EMP,monthly_maxima,-0.23715137903156069,0.0088851664425326996,202660.66082644759,PASS
903,TAIL,event_level,0.13019987051556331,0.040034952725120303,300252.2995111054,PASS
903,EVENT-EMP,event_level,0.061999495961608898,0.040888104309088701,282133.98272347177,PASS
903,GEV,monthly_maxima,0.24460326503898819,0.044702797018605397,330645.04965525924,PASS_LMOM_FINITE_MEAN
903,KDE,monthly_maxima,0.1217135565466787,0.044723680267235201,297997.79979826394,PASS
903,EMP,monthly_maxima,0.061999495961608898,0.044723658838999598,282133.98272347177,PASS
904,TAIL,event_level,-0.0139890276199853,-0.013009654637886999,261946.64282276927,PASS
904,EVENT-EMP,event_level,-0.22503465627650859,-0.022074657197422302,205879.62586497952,PASS
904,GEV,monthly_maxima,-0.1300815315145519,-0.033036873671032203,231105.15879884639,PASS_LMOM_FINITE_MEAN
904,KDE,monthly_maxima,-0.1800103713313965,-0.033036873671028102,217840.91292692759,PASS
904,EMP,monthly_maxima,-0.22503465627650859,-0.033036873671034001,205879.62586497952,PASS
905,TAIL,event_level,0.020337779702031399,-0.018465400802151199,271066.0057798794,PASS
905,EVENT-EMP,event_level,-0.083009585436373601,-0.0111301209465641,243610.43368087985,PASS
905,GEV,monthly_maxima,0.016659417966210201,0.0014372504446324001,270088.8011292452,PASS_LMOM_FINITE_MEAN
905,KDE,monthly_maxima,-0.0031934263710189999,0.0014372520988037,264814.63474540907,PASS
905,EMP,monthly_maxima,-0.083009585436373601,0.0014372507202147001,243610.43368087985,PASS
906,TAIL,event_level,-0.0193805763642876,0.0117880226587866,260514.30775475653,PASS
906,EVENT-EMP,event_level,-0.22379080493523201,0.0070739836842223002,206210.0711563048,PASS
906,GEV,monthly_maxima,-0.1112302476881399,0.0139208904808624,236113.24760267424,PASS_LMOM_FINITE_MEAN
906,KDE,monthly_maxima,-0.15873614932390739,0.013920890481192799,223492.68678100209,PASS
906,EMP,monthly_maxima,-0.22379080493523201,0.013920890480861601,206210.0711563048,PASS
907,TAIL,event_level,0.015678737576041799,0.033255459576679101,269828.27062493784,PASS
907,EVENT-EMP,event_level,-0.0094521148128165998,0.029563895988664102,263151.93273526279,PASS
907,GEV,monthly_maxima,0.022771513844352501,0.0240690821929576,271712.55891768611,PASS_LMOM_FINITE_MEAN
907,KDE,monthly_maxima,0.040102359486929702,0.024069083861638699,276316.72353706631,PASS
907,EMP,monthly_maxima,-0.0094521148128165998,0.0240690838279503,263151.93273526279,PASS
908,TAIL,event_level,0.14054230459859449,0.038999886429357297,302999.9016804063,PASS
908,EVENT-EMP,event_level,0.114607790744327,0.038169844329935101,296110.06066680374,PASS
908,GEV,monthly_maxima,0.18371361655776469,0.046328244032504198,314468.92236144666,PASS_LMOM_FINITE_MEAN
908,KDE,monthly_maxima,0.17461445279538471,0.046329857227425199,312051.61112778279,PASS
908,EMP,monthly_maxima,0.114607790744327,0.0463297608640168,296110.06066680374,PASS
909,TAIL,event_level,-0.077575699342442905,0.012792347343077199,245054.0162166307,PASS
909,EVENT-EMP,event_level,-0.29281759593162399,0.0051580010084520001,187872.20608905359,PASS
909,GEV,monthly_maxima,-0.26113729288944471,0.0183512812370074,196288.4907531846,PASS_LMOM_FINITE_MEAN
909,KDE,monthly_maxima,-0.2518160135346954,0.018351281040684099,198764.80988368689,PASS
909,EMP,monthly_maxima,-0.29281759593162399,0.0183512810406843,187872.20608905359,PASS
910,TAIL,event_level,0.026233174365929,-0.0038062227084268,272632.19407147181,PASS
910,EVENT-EMP,event_level,-0.2419406771046631,-0.035272567076182898,201388.3214845247,PASS
910,GEV,monthly_maxima,-0.17300034475773859,-0.037430197083062597,219703.21768671719,PASS_LMOM_FINITE_MEAN
910,KDE,monthly_maxima,-0.20762383620541769,-0.037430197083061501,210505.03673176229,PASS
910,EMP,monthly_maxima,-0.2419406771046631,-0.037430197083061501,201388.3214845247,PASS
911,TAIL,event_level,0.071447744299008395,0.0065095815695193999,284644.03281608247,PASS
911,EVENT-EMP,event_level,-0.1460295905393646,0.0014502834319193999,226868.34943453941,PASS
911,GEV,monthly_maxima,0.0724995009537963,-0.018669547313275699,284923.44565478869,PASS_LMOM_FINITE_MEAN
911,KDE,monthly_maxima,-0.079165877955288705,-0.018669200658076202,244631.56457989279,PASS
911,EMP,monthly_maxima,-0.1460295905393646,-0.0186692008482831,226868.34943453941,PASS
912,TAIL,event_level,0.049046383286884501,0.0039206157855210004,278692.81982133986,PASS
912,EVENT-EMP,event_level,-0.0081726527368003992,0.014576910601865299,263491.83848156751,PASS
912,GEV,monthly_maxima,0.1544776773360661,0.030539085497283899,306702.01474741765,PASS_LMOM_FINITE_MEAN
912,KDE,monthly_maxima,0.048995380239651498,0.030540007991192799,278679.27019829239,PASS
912,EMP,monthly_maxima,-0.0081726527368003992,0.030539996027101699,263491.83848156751,PASS
913,TAIL,event_level,-0.11931002825748541,-0.046242656766353599,233966.74877642284,PASS
913,EVENT-EMP,event_level,-0.30258103120620577,-0.048966879247013699,185278.42248599604,PASS
913,GEV,monthly_maxima,-0.23626869731907471,-0.048758257575973601,202895.15670706503,PASS_LMOM_FINITE_MEAN
913,KDE,monthly_maxima,-0.25836580239212542,-0.048758257575977897,197024.77326090928,PASS
913,EMP,monthly_maxima,-0.30258103120620577,-0.048758257575977897,185278.42248599604,PASS
914,TAIL,event_level,0.3688103628742887,0.084458091617913705,363642.28113046521,PASS
914,EVENT-EMP,event_level,0.12675205758222191,0.066866161358625803,299336.34314929158,PASS
914,GEV,monthly_maxima,0.28111777370507268,0.0731162852100571,340345.60393643146,PASS_LMOM_FINITE_MEAN
914,KDE,monthly_maxima,0.191896632151455,0.073120589806435293,316642.84691500367,PASS
914,EMP,monthly_maxima,0.12675205758222191,0.073120193010586795,299336.34314929158,PASS
915,TAIL,event_level,-0.2187456630935159,-0.063827644040338305,207550.37872388921,PASS
915,EVENT-EMP,event_level,-0.33931190381501353,-0.067013066844383198,175520.3883085429,PASS
915,GEV,monthly_maxima,-0.29271801171220591,-0.061917492373473701,187898.66193253343,PASS_LMOM_FINITE_MEAN
915,KDE,monthly_maxima,-0.30507871083040139,-0.061917492373481799,184614.88139899817,PASS
915,EMP,monthly_maxima,-0.33931190381501353,-0.061917492373481799,175520.3883085429,PASS
916,TAIL,event_level,0.088514639038846502,0.016678465421449601,289178.07544414682,PASS
916,EVENT-EMP,event_level,0.171078435216731,0.021955441138109301,311112.22205439868,PASS
916,GEV,monthly_maxima,0.2987524492113291,0.053678292908573497,345030.48491192679,PASS_LMOM_FINITE_MEAN
916,KDE,monthly_maxima,0.23410604245208019,0.053799301140474397,327856.32590610388,PASS
916,EMP,monthly_maxima,0.171078435216731,0.053799257576938403,311112.22205439868,PASS
917,TAIL,event_level,-0.26949976972216078,-0.052921414470115703,194066.88998668839,PASS
917,EVENT-EMP,event_level,-0.29383958626318218,-0.050253658165748401,187600.7010613734,PASS
917,GEV,monthly_maxima,-0.28786454001091771,-0.053191069178495198,189188.04983368324,PASS_LMOM_FINITE_MEAN
917,KDE,monthly_maxima,-0.26401827571063702,-0.053191069178289099,195523.12018512719,PASS
917,EMP,monthly_maxima,-0.29383958626318218,-0.053191069178289099,187600.7010613734,PASS
918,TAIL,event_level,-0.31347652051003683,-0.1015665675589794,182383.89400203721,PASS
918,EVENT-EMP,event_level,-0.35135476628275908,-0.10078567047227791,172321.04521625681,PASS
918,GEV,monthly_maxima,-0.26736264399748988,-0.091813301666570493,194634.64523946861,PASS_LMOM_FINITE_MEAN
918,KDE,monthly_maxima,-0.30645874565815179,-0.091813301666570105,184248.25719274292,PASS
918,EMP,monthly_maxima,-0.35135476628275908,-0.091813301666570299,172321.04521625681,PASS
919,TAIL,event_level,0.1490913987365981,0.033661836402188297,305271.07976194471,PASS
919,EVENT-EMP,event_level,-0.061482627899013903,0.0226211965464185,249329.35001655569,PASS
919,GEV,monthly_maxima,0.22488900017869889,0.037324246477450099,325407.69871239224,PASS_LMOM_FINITE_MEAN
919,KDE,monthly_maxima,0.013962860264255699,0.037355295504066001,269372.42549348541,PASS
919,EMP,monthly_maxima,-0.061482627899013903,0.037355291391577797,249329.35001655569,PASS
920,TAIL,event_level,0.060732395359787597,0.0349004677014546,281797.36096360977,PASS
920,EVENT-EMP,event_level,-0.1085720679282333,0.034317869522613703,236819.42763883169,PASS
920,GEV,monthly_maxima,-0.0078317871802562004,0.040489796610299299,263582.39385132689,PASS_LMOM_FINITE_MEAN
920,KDE,monthly_maxima,-0.054200647731288402,0.040489796611432399,251263.90278672765,PASS
920,EMP,monthly_maxima,-0.1085720679282333,0.0404897966103017,236819.42763883169,PASS
921,TAIL,event_level,0.13010701872999719,0.056900934754405899,300227.63222626736,PASS
921,EVENT-EMP,event_level,-0.10386140914295409,0.052717713140968903,238070.87543084665,PASS
921,GEV,monthly_maxima,0.0042442714105982004,0.092419339496898095,266790.55592559866,PASS_LMOM_FINITE_MEAN
921,KDE,monthly_maxima,-0.041599659264151601,0.092419339497934294,254611.51931197537,PASS
921,EMP,monthly_maxima,-0.10386140914295409,0.092419339496897707,238070.87543084665,PASS
922,TAIL,event_level,-0.11985127883303449,-0.044643824554156601,233822.95851935423,PASS
922,EVENT-EMP,event_level,-0.2429067540087953,-0.045796405570683797,201131.67058627435,PASS
922,GEV,monthly_maxima,-0.13608637622677899,-0.042795026786450197,229509.89367796929,PASS_LMOM_FINITE_MEAN
922,KDE,monthly_maxima,-0.20847442758728721,-0.042795018834032403,210279.0660649685,PASS
922,EMP,monthly_maxima,-0.2429067540087953,-0.042795018834032403,201131.67058627435,PASS
923,TAIL,event_level,-0.1314734706463796,-0.044968329446637603,230735.372059338,PASS
923,EVENT-EMP,event_level,-0.18956422696189659,-0.054718142036217401,215302.80688295304,PASS
923,GEV,monthly_maxima,-0.1155517532434811,-0.053931012339243203,234965.18342907872,PASS_LMOM_FINITE_MEAN
923,KDE,monthly_maxima,-0.15321147622165029,-0.053931005660565703,224960.38806665453,PASS
923,EMP,monthly_maxima,-0.18956422696189659,-0.053931005660565898,215302.80688295304,PASS
924,TAIL,event_level,0.1597754934679905,0.057860360193146901,308109.44852749031,PASS
924,EVENT-EMP,event_level,0.023232864670411701,0.059294491084210699,271835.12276680639,PASS
924,GEV,monthly_maxima,0.12882575823569431,0.086526954607568499,299887.24870674731,PASS_LMOM_FINITE_MEAN
924,KDE,monthly_maxima,0.082457330405493204,0.086526986382789203,287568.87260006653,PASS
924,EMP,monthly_maxima,0.023232864670411701,0.086526954607600501,271835.12276680639,PASS
925,TAIL,event_level,-0.16339552978376909,-0.0042298153897547004,222254.86174326576,PASS
925,EVENT-EMP,event_level,-0.26258997680116941,-0.0021941389781357,195902.56637260647,PASS
925,GEV,monthly_maxima,-0.17835758439761379,0.0039181878411323999,218279.99727865719,PASS_LMOM_FINITE_MEAN
925,KDE,monthly_maxima,-0.21845352266431931,0.0039181878411285002,207627.98962965439,PASS
925,EMP,monthly_maxima,-0.26258997680116941,0.0039181878411285002,195902.56637260647,PASS
926,TAIL,event_level,0.1314215585111978,0.055293618152198298,300576.85682131554,PASS
926,EVENT-EMP,event_level,0.24453900510617721,0.1153055798019319,330627.9781680858,PASS
926,GEV,monthly_maxima,0.6960045997255232,0.082421351690580902,450565.68694942881,PASS_LMOM_FINITE_MEAN
926,KDE,monthly_maxima,0.35547999292644972,0.083187619934123297,360100.89492561045,PASS
926,EMP,monthly_maxima,0.24453900510617721,0.083027052231412102,330627.9781680858,PASS
927,TAIL,event_level,-0.15437285567053219,-0.041652183952974299,224651.85250650387,PASS
927,EVENT-EMP,event_level,-0.27061300541865158,-0.0483255956704167,193771.14444071089,PASS
927,GEV,monthly_maxima,-0.17273534779969599,-0.055312799443806897,219773.61757623361,PASS_LMOM_FINITE_MEAN
927,KDE,monthly_maxima,-0.23396337168112441,-0.0553127994437606,203507.5964550901,PASS
927,EMP,monthly_maxima,-0.27061300541865158,-0.0553127994437606,193771.14444071089,PASS
928,TAIL,event_level,-0.16901719023493311,-0.058962405327930602,220761.39450657016,PASS
928,EVENT-EMP,event_level,-0.1790362023272947,-0.0589465322143857,218099.71359681312,PASS
928,GEV,monthly_maxima,-0.10339721947571751,-0.071260843031224,238194.19345505905,PASS_LMOM_FINITE_MEAN
928,KDE,monthly_maxima,-0.14254728463490299,-0.071259028857628401,227793.46930288512,PASS
928,EMP,monthly_maxima,-0.1790362023272947,-0.071259028857628401,218099.71359681312,PASS
929,TAIL,event_level,-0.10276961351598569,-0.029524010298325899,238360.92514342,PASS
929,EVENT-EMP,event_level,-0.21132482568664371,-0.023729550686979101,209521.82072617416,PASS
929,GEV,monthly_maxima,-0.13971433104415379,-0.0096773891934314998,228546.08028101479,PASS_LMOM_FINITE_MEAN
929,KDE,monthly_maxima,-0.16632387606012461,-0.0096773891934771004,221476.9084571453,PASS
929,EMP,monthly_maxima,-0.21132482568664371,-0.0096773891934771004,209521.82072617416,PASS
930,TAIL,event_level,0.42326591486143672,0.072073491373115098,378109.10698298377,PASS
930,EVENT-EMP,event_level,-0.1945759459780789,0.046659922051822997,213971.37852380285,PASS
930,GEV,monthly_maxima,-0.031676195680804098,0.018735730080401899,257247.81651722599,PASS_LMOM_FINITE_MEAN
930,KDE,monthly_maxima,-0.1036096438995056,0.018735730769631701,238137.7601432364,PASS
930,EMP,monthly_maxima,-0.1945759459780789,0.018735730080402298,213971.37852380285,PASS
931,TAIL,event_level,-0.018615733910213102,-0.016182273544452699,260717.49810328739,PASS
931,EVENT-EMP,event_level,-0.103851856287724,-0.021983253459267001,238073.41327112119,PASS
931,GEV,monthly_maxima,-0.10814153530645181,-0.0109275542938276,236933.80423104053,PASS_LMOM_FINITE_MEAN
931,KDE,monthly_maxima,-0.059936703904660799,-0.0109275542788043,249740.04483813816,PASS
931,EMP,monthly_maxima,-0.103851856287724,-0.010927554293827999,238073.41327112119,PASS
932,TAIL,event_level,0.29080184576028562,0.026375535590024,342918.30366774759,PASS
932,EVENT-EMP,event_level,-0.097006784741074104,0.017673390308772099,239891.89558192005,PASS
932,GEV,monthly_maxima,0.12515883279899601,0.0250420513882985,298913.08225776145,PASS_LMOM_FINITE_MEAN
932,KDE,monthly_maxima,-0.0066905945063155999,0.0250421281369256,263885.56653208431,PASS
932,EMP,monthly_maxima,-0.097006784741074104,0.0250421157330913,239891.89558192005,PASS
933,TAIL,event_level,-0.082324755835052194,-0.0229258183465769,243792.36757410903,PASS
933,EVENT-EMP,event_level,0.082121990455551894,-0.0084500534300386999,287479.78517958941,PASS
933,GEV,monthly_maxima,0.2164271669311042,-0.027575319418799201,323159.70262165577,PASS_LMOM_FINITE_MEAN
933,KDE,monthly_maxima,0.14064463695322599,-0.027396629305008299,303027.08760175883,PASS
933,EMP,monthly_maxima,0.082121990455551894,-0.0273966863053852,287479.78517958941,PASS
934,TAIL,event_level,-0.13042734140997389,-0.044183180353277098,231013.28990113825,PASS
934,EVENT-EMP,event_level,-0.21568664619795161,-0.041175611709581103,208363.04636002821,PASS
934,GEV,monthly_maxima,-0.1156001044889686,-0.0206366463485088,234952.3382916649,PASS_LMOM_FINITE_MEAN
934,KDE,monthly_maxima,-0.1727672010214106,-0.020636646346644701,219765.15535347443,PASS
934,EMP,monthly_maxima,-0.21568664619795161,-0.020636646346644701,208363.04636002821,PASS
935,TAIL,event_level,-0.26748517455758858,-0.1084537656529713,194602.09340205489,PASS
935,EVENT-EMP,event_level,-0.34356404134099527,-0.1039744899788935,174390.75265442528,PASS
935,GEV,monthly_maxima,-0.24327156045651449,-0.1131152893828667,201034.7550073032,PASS_LMOM_FINITE_MEAN
935,KDE,monthly_maxima,-0.28767092266580663,-0.1131152893828669,189239.4868003751,PASS
935,EMP,monthly_maxima,-0.34356404134099527,-0.1131152893828669,174390.75265442528,PASS
936,TAIL,event_level,-0.020055573997011501,-0.0015785680495653,260334.98585189928,PASS
936,EVENT-EMP,event_level,-0.101102914414713,-0.0107476318120094,238803.70544344065,PASS
936,GEV,monthly_maxima,-0.1165449049329549,0.013283787440831,234701.33976185921,PASS_LMOM_FINITE_MEAN
936,KDE,monthly_maxima,-0.062671356331169395,0.013283787440832201,249013.54884318792,PASS
936,EMP,monthly_maxima,-0.101102914414713,0.013283787440831999,238803.70544344065,PASS
937,TAIL,event_level,-0.1192164635021998,-0.023800914309363298,233991.60547094265,PASS
937,EVENT-EMP,event_level,-0.26789498166008729,-0.0167077530931194,194493.22281368269,PASS
937,GEV,monthly_maxima,-0.14727330769416641,-0.0085303090070129005,226537.93979159696,PASS_LMOM_FINITE_MEAN
937,KDE,monthly_maxima,-0.1964748795383951,-0.0085303090070126993,213466.90211836525,PASS
937,EMP,monthly_maxima,-0.26789498166008729,-0.0085303090070129005,194493.22281368269,PASS
938,TAIL,event_level,0.1904652459666914,0.062604105874760299,316262.5805526764,PASS
938,EVENT-EMP,event_level,-0.075691918898880106,0.048314217857692701,245554.46699946059,PASS
938,GEV,monthly_maxima,-0.0050367127048000001,0.054077714453622201,264324.94174967136,PASS_LMOM_FINITE_MEAN
938,KDE,monthly_maxima,-0.028124916760402699,0.054077714505911402,258191.25996459555,PASS
938,EMP,monthly_maxima,-0.075691918898880106,0.054077714453622999,245554.46699946059,PASS
939,TAIL,event_level,-0.042397627763621701,-0.023040792764398601,254399.52859851508,PASS
939,EVENT-EMP,event_level,-0.2128331893140829,-0.0232215004415776,209121.10430472303,PASS
939,GEV,monthly_maxima,-0.068898085716015106,-0.039485858739204897,247359.33717230847,PASS_LMOM_FINITE_MEAN
939,KDE,monthly_maxima,-0.15872232842749059,-0.039485856695685703,223496.35848194524,PASS
939,EMP,monthly_maxima,-0.2128331893140829,-0.039485856695845097,209121.10430472303,PASS
940,TAIL,event_level,0.061569029657112397,0.032816911833026,282019.62374931248,PASS
940,EVENT-EMP,event_level,-0.13089625871328969,0.030824945952619,230888.7159188948,PASS
940,GEV,monthly_maxima,-0.041308692269099001,0.020507316056734198,254688.81847969384,PASS_LMOM_FINITE_MEAN
940,KDE,monthly_maxima,-0.077666536640959002,0.020507316074677699,245029.88410648599,PASS
940,EMP,monthly_maxima,-0.13089625871328969,0.020507316056743101,230888.7159188948,PASS
941,TAIL,event_level,0.41381163569577278,0.055467814121822202,375597.45472238353,PASS
941,EVENT-EMP,event_level,0.27645968317661451,0.049391078516692201,339108.12158575444,PASS
941,GEV,monthly_maxima,0.41105697181711881,0.056402721033575798,374865.64242482174,PASS_LMOM_FINITE_MEAN
941,KDE,monthly_maxima,0.35077038371264158,0.056516858997399298,358849.72596591176,PASS
941,EMP,monthly_maxima,0.27645968317661451,0.056511338601944898,339108.12158575444,PASS
942,TAIL,event_level,0.0055116044875732004,-0.019826581796264099,267127.23944550974,PASS
942,EVENT-EMP,event_level,0.1400889476668821,-0.0090924547677749008,302879.46151331987,PASS
942,GEV,monthly_maxima,0.3035574228054958,-0.0427627764841641,346306.98865995905,PASS_LMOM_FINITE_MEAN
942,KDE,monthly_maxima,0.20329026861431651,-0.041363420300019098,319669.7146726572,PASS
942,EMP,monthly_maxima,0.1400889476668821,-0.041363700336090603,302879.46151331987,PASS
943,TAIL,event_level,0.078599323860899795,0.029493286744990899,286543.94296880171,PASS
943,EVENT-EMP,event_level,-0.178830574738431,0.017747403289332601,218154.34124101119,PASS
943,GEV,monthly_maxima,-0.067995343723213697,0.0044916262571638998,247599.16232737611,PASS_LMOM_FINITE_MEAN
943,KDE,monthly_maxima,-0.13149282841196289,0.0044916262574127,230730.22941706609,PASS
943,EMP,monthly_maxima,-0.178830574738431,0.0044916262571678004,218154.34124101119,PASS
944,TAIL,event_level,-0.10953045799069271,-0.029286720915889901,236564.8188500776,PASS
944,EVENT-EMP,event_level,-0.22158241098281939,-0.0253362656995791,206796.75974098479,PASS
944,GEV,monthly_maxima,-0.087922868532415197,-0.023185577658141401,242305.15610456711,PASS_LMOM_FINITE_MEAN
944,KDE,monthly_maxima,-0.18079745717058479,-0.023185576087424699,217631.8133337546,PASS
944,EMP,monthly_maxima,-0.22158241098281939,-0.023185576087424699,206796.75974098479,PASS
945,TAIL,event_level,0.38557069651620962,0.0454115721216755,368094.88181450567,PASS
945,EVENT-EMP,event_level,1.188812365422617,0.088480694450833994,581486.4813395259,PASS
945,GEV,monthly_maxima,0.97816996129165801,0.066044732897719297,525526.58622290625,PASS_LMOM_FINITE_MEAN
945,KDE,monthly_maxima,1.3288497494313989,0.087570754196575007,618689.23428885697,PASS
945,EMP,monthly_maxima,1.188812365422617,0.080360155919461704,581486.4813395259,PASS
946,TAIL,event_level,0.0467254925987221,0.047009766826504901,278076.24501522456,PASS
946,EVENT-EMP,event_level,-0.073353142521567202,0.0210447895749417,246175.79337159169,PASS
946,GEV,monthly_maxima,-0.097498174714174199,0.0131586311229034,239761.35144257883,PASS_LMOM_FINITE_MEAN
946,KDE,monthly_maxima,-0.034664372905220002,0.0131586311804283,256453.96836135219,PASS
946,EMP,monthly_maxima,-0.073353142521567202,0.0131586311804283,246175.79337159169,PASS
947,TAIL,event_level,0.2275213864395188,0.026758354285373799,326107.02636994369,PASS
947,EVENT-EMP,event_level,-0.29185174084901783,-0.025187797614979499,188128.79805752967,PASS
947,GEV,monthly_maxima,-0.2257183214529255,-0.020997409997518701,205698.00131637539,PASS_LMOM_FINITE_MEAN
947,KDE,monthly_maxima,-0.22389159177055201,-0.020997409981452001,206183.29582226451,PASS
947,EMP,monthly_maxima,-0.29185174084901783,-0.020997409981455301,188128.79805752967,PASS
948,TAIL,event_level,-0.072642856334369593,-0.0033875917737197,246364.49013804927,PASS
948,EVENT-EMP,event_level,-0.1639795870925847,0.016939650982491301,222099.69932058905,PASS
948,GEV,monthly_maxima,0.054315578375769002,0.018365229007843001,280092.65004896896,PASS_LMOM_FINITE_MEAN
948,KDE,monthly_maxima,-0.089163129046331197,0.018365248590431399,241975.6647632469,PASS
948,EMP,monthly_maxima,-0.1639795870925847,0.018365248586343301,222099.69932058905,PASS
949,TAIL,event_level,-0.031803949473870698,-0.0015260965904718999,257213.87706002005,PASS
949,EVENT-EMP,event_level,-0.25861753506836921,-0.0027682310236129002,196957.8972004212,PASS
949,GEV,monthly_maxima,-0.12880849165710101,-0.0055531778203670003,231443.35839923611,PASS_LMOM_FINITE_MEAN
949,KDE,monthly_maxima,-0.18070588655031089,-0.0055531778203599001,217656.14026036483,PASS
949,EMP,monthly_maxima,-0.25861753506836921,-0.0055531778203668,196957.8972004212,PASS
950,TAIL,event_level,-0.17784503495762621,-0.051467299069158,218416.16270566185,PASS
950,EVENT-EMP,event_level,-0.24163239641437409,-0.0450024600204528,201470.22026063403,PASS
950,GEV,monthly_maxima,-0.14469925700011499,-0.041328243643604198,227221.76984689021,PASS_LMOM_FINITE_MEAN
950,KDE,monthly_maxima,-0.20100133755054189,-0.0413282436436044,212264.38965818635,PASS
950,EMP,monthly_maxima,-0.24163239641437409,-0.041328243643604601,201470.22026063403,PASS
951,TAIL,event_level,0.0020828090680993002,0.0062736167759368999,266216.33533367282,PASS
951,EVENT-EMP,event_level,-0.0213131481577679,0.0076932580926661999,260000.89491504521,PASS
951,GEV,monthly_maxima,0.046130216172431397,0.0093277339898942008,277918.10208802973,PASS_LMOM_FINITE_MEAN
951,KDE,monthly_maxima,0.027223300865141201,0.0093279079557524996,272895.2340575406,PASS
951,EMP,monthly_maxima,-0.0213131481577679,0.0093279079046675994,260000.89491504521,PASS
952,TAIL,event_level,-0.19527239022619791,-0.0338953143451491,213786.35904854524,PASS
952,EVENT-EMP,event_level,-0.057233635758672199,-0.041482497870805601,250458.15005805649,PASS
952,GEV,monthly_maxima,-0.058733042824888698,-0.0306711667317985,250059.81306361919,PASS_LMOM_FINITE_MEAN
952,KDE,monthly_maxima,-0.017817269630419099,-0.030661562288688899,260929.62052724083,PASS
952,EMP,monthly_maxima,-0.057233635758672199,-0.030661562288688701,250458.15005805649,PASS
953,TAIL,event_level,0.0348802720157802,0.023292924874976698,274929.40806095896,PASS
953,EVENT-EMP,event_level,-0.1402283264158655,0.021323176080255499,228409.53072343595,PASS
953,GEV,monthly_maxima,-0.043026929070000802,0.0305640122431317,254232.34651926084,PASS_LMOM_FINITE_MEAN
953,KDE,monthly_maxima,-0.093926032190425196,0.030564012243285199,240710.33757761333,PASS
953,EMP,monthly_maxima,-0.1402283264158655,0.030564012243130899,228409.53072343595,PASS
954,TAIL,event_level,-0.077679749067078294,-0.0215190373818419,245026.37405359361,PASS
954,EVENT-EMP,event_level,-0.079879916955304206,-0.0196655819147061,244441.870829886,PASS
954,GEV,monthly_maxima,0.062824559630418803,-0.0234226392921364,282353.17162117554,PASS_LMOM_FINITE_MEAN
954,KDE,monthly_maxima,-0.033348900710080599,-0.0234147962901981,256803.440664294,PASS
954,EMP,monthly_maxima,-0.079879916955304206,-0.023414796296511099,244441.870829886,PASS
955,TAIL,event_level,-0.068633210350384402,-0.023922109458462501,247429.70475921879,PASS
955,EVENT-EMP,event_level,-0.039453676410357401,-0.010600599329692,255181.62757633851,PASS
955,GEV,monthly_maxima,0.063002262173317405,-0.0084136467432933994,282400.38061360794,PASS_LMOM_FINITE_MEAN
955,KDE,monthly_maxima,0.010746681637853301,-0.0084133467613479,268518.00579887402,PASS
955,EMP,monthly_maxima,-0.039453676410357401,-0.0084133472625344992,255181.62757633851,PASS
956,TAIL,event_level,0.018183226987871601,-0.011597559222138801,270493.62082061614,PASS
956,EVENT-EMP,event_level,-0.1153443840035669,-0.0103835571829838,235020.27376553728,PASS
956,GEV,monthly_maxima,0.20006317562622281,-0.035335089313138501,318812.39543586649,PASS_LMOM_FINITE_MEAN
956,KDE,monthly_maxima,-0.037425747781976,-0.035229318304255401,255720.37319983449,PASS
956,EMP,monthly_maxima,-0.1153443840035669,-0.035229324764896701,235020.27376553728,PASS
957,TAIL,event_level,0.2927460835569391,0.080636516139457798,343434.81573297665,PASS
957,EVENT-EMP,event_level,0.27060117261457262,0.069331119501561594,337551.73203568242,PASS
957,GEV,monthly_maxima,0.16136391362457289,0.086075745823731606,308531.43300744437,PASS_LMOM_FINITE_MEAN
957,KDE,monthly_maxima,0.33735083719251219,0.086076274813408002,355284.64884444023,PASS
957,EMP,monthly_maxima,0.27060117261457262,0.086075752777685893,337551.73203568242,PASS
958,TAIL,event_level,-0.2854334332461288,-0.0458750765933537,189833.90497446639,PASS
958,EVENT-EMP,event_level,-0.31671752250168272,-0.044692255544319999,181522.87965749664,PASS
958,GEV,monthly_maxima,-0.27022385356420048,-0.021934243483156299,193874.52769371439,PASS_LMOM_FINITE_MEAN
958,KDE,monthly_maxima,-0.28667486397069258,-0.0219342434831519,189504.1027514631,PASS
958,EMP,monthly_maxima,-0.31671752250168272,-0.021934243483151698,181522.87965749664,PASS
959,TAIL,event_level,-0.0092562054616073999,-0.024396892510166301,263203.97860319359,PASS
959,EVENT-EMP,event_level,0.073747689602733202,-0.0126140275283708,285255.04320832231,PASS
959,GEV,monthly_maxima,0.15981791431952769,-0.019357167746346798,308120.71817859681,PASS_LMOM_FINITE_MEAN
959,KDE,monthly_maxima,0.1313559264874298,-0.0193381231915325,300559.42082032847,PASS
959,EMP,monthly_maxima,0.073747689602733202,-0.019338190695164501,285255.04320832231,PASS
960,TAIL,event_level,0.083102034966548097,0.0111938314344299,287740.14675432188,PASS
960,EVENT-EMP,event_level,-0.1429285772208076,0.0093895514090184002,227692.17396682021,PASS
960,GEV,monthly_maxima,0.1028624866438785,0.0226960449044032,292989.76782602665,PASS_LMOM_FINITE_MEAN
960,KDE,monthly_maxima,-0.068069186312193594,0.022698627170240002,247579.54508292105,PASS
960,EMP,monthly_maxima,-0.1429285772208076,0.0226986271632208,227692.17396682021,PASS
961,TAIL,event_level,-0.1291346038046681,-0.0047529736330621996,231356.72246451347,PASS
961,EVENT-EMP,event_level,-0.10629634401584501,-0.0073994842000149998,237424.00330334253,PASS
961,GEV,monthly_maxima,-0.1119985250258469,0.0032802530240665,235909.14473261856,PASS_LMOM_FINITE_MEAN
961,KDE,monthly_maxima,-0.068317454308620795,0.0032802530241306999,247513.58945970167,PASS
961,EMP,monthly_maxima,-0.10629634401584501,0.0032802530241308999,237424.00330334253,PASS
962,TAIL,event_level,-0.0140084722939411,-0.016284610345615999,261941.47709215764,PASS
962,EVENT-EMP,event_level,0.1000759862707498,-0.0092070260324465004,292249.49774951464,PASS
962,GEV,monthly_maxima,0.1738627126837794,-0.0039320416063081997,311851.90158699045,PASS_LMOM_FINITE_MEAN
962,KDE,monthly_maxima,0.1541591563242917,-0.0035327718350343,306617.39549667906,PASS
962,EMP,monthly_maxima,0.1000759862707498,-0.0035327721514344999,292249.49774951464,PASS
963,TAIL,event_level,-0.055112000310593601,0.0031020690215768998,251021.79011733143,PASS
963,EVENT-EMP,event_level,-0.23654885205990109,0.0065800853165794999,202820.72995534929,PASS
963,GEV,monthly_maxima,-0.1055091068784447,0.0063171981458506003,237633.14309085388,PASS_LMOM_FINITE_MEAN
963,KDE,monthly_maxima,-0.17713782414065471,0.0063171981458511996,218604.04246000823,PASS
963,EMP,monthly_maxima,-0.23654885205990109,0.0063171981458510001,202820.72995534929,PASS
964,TAIL,event_level,-0.27797157617043983,-0.084388105758510606,191816.24438543868,PASS
964,EVENT-EMP,event_level,-0.31923499726606258,-0.083844418925100805,180854.07973397389,PASS
964,GEV,monthly_maxima,-0.29308272433108828,-0.081569857026042497,187801.77128041344,PASS_LMOM_FINITE_MEAN
964,KDE,monthly_maxima,-0.28966752487280351,-0.081569857026042705,188709.06344827687,PASS
964,EMP,monthly_maxima,-0.31923499726606258,-0.081569857026042705,180854.07973397389,PASS
965,TAIL,event_level,-0.099444724031963694,-0.0026967680700166002,239244.22529168709,PASS
965,EVENT-EMP,event_level,-0.14060440747882491,-0.0026342732337683002,228309.61989624336,PASS
965,GEV,monthly_maxima,-0.1382024033367574,-0.0043260867947503001,228947.74354667519,PASS_LMOM_FINITE_MEAN
965,KDE,monthly_maxima,-0.099529347035808305,-0.0043260867946775996,239221.74408976987,PASS
965,EMP,monthly_maxima,-0.14060440747882491,-0.0043260867947507,228309.61989624336,PASS
966,TAIL,event_level,-0.082580679564554699,-0.027879162796270899,243724.37810579711,PASS
966,EVENT-EMP,event_level,-0.19885920856620429,-0.035386649396024997,212833.47409198951,PASS
966,GEV,monthly_maxima,-0.15907926494628299,-0.037857988973898499,223401.5336519813,PASS_LMOM_FINITE_MEAN
966,KDE,monthly_maxima,-0.1602110014848778,-0.037857988973897798,223100.87311660289,PASS
966,EMP,monthly_maxima,-0.19885920856620429,-0.037857988973897999,212833.47409198951,PASS
967,TAIL,event_level,-0.1033714406156411,-0.044803524053054003,238201.04194462148,PASS
967,EVENT-EMP,event_level,-0.1345063898164105,-0.040164715591510601,229929.6376235185,PASS
967,GEV,monthly_maxima,-0.032240450471436401,-0.021291084016996701,257097.91489113559,PASS_LMOM_FINITE_MEAN
967,KDE,monthly_maxima,-0.085519495603985807,-0.0212910813848423,242943.64339090389,PASS
967,EMP,monthly_maxima,-0.1345063898164105,-0.021291081386341299,229929.6376235185,PASS
968,TAIL,event_level,-0.055298895310526001,-0.035839448355567502,250972.13902909408,PASS
968,EVENT-EMP,event_level,-0.070900786131869106,-0.031805929729248797,246827.29375168969,PASS
968,GEV,monthly_maxima,-0.0294848210568763,-0.039035984262262603,257829.98369587239,PASS_LMOM_FINITE_MEAN
968,KDE,monthly_maxima,-0.022980078714773099,-0.039035983936235502,259558.05312579795,PASS
968,EMP,monthly_maxima,-0.070900786131869106,-0.039035984247107899,246827.29375168969,PASS
969,TAIL,event_level,-0.1189144065091485,-0.0095993979110001008,234071.8508409104,PASS
969,EVENT-EMP,event_level,-0.23091910181526651,-0.0090098802878399008,204316.34635092865,PASS
969,GEV,monthly_maxima,-0.094879570911146294,-0.015941361744336,240457.01761090799,PASS_LMOM_FINITE_MEAN
969,KDE,monthly_maxima,-0.16327009786562971,-0.0159413617440087,222288.18436418968,PASS
969,EMP,monthly_maxima,-0.23091910181526651,-0.015941361744345101,204316.34635092865,PASS
970,TAIL,event_level,-0.0117482553540277,-0.0209492136444176,262541.93312768469,PASS
970,EVENT-EMP,event_level,-0.26861314172534162,-0.043830377359912701,194302.43424908011,PASS
970,GEV,monthly_maxima,-0.1941967966830484,-0.034898155194179603,214072.10446676283,PASS_LMOM_FINITE_MEAN
970,KDE,monthly_maxima,-0.23135602849883199,-0.0348981551941763,204200.2710930201,PASS
970,EMP,monthly_maxima,-0.26861314172534162,-0.0348981551941763,194302.43424908011,PASS
971,TAIL,event_level,-0.097089033214351694,-0.025616925640568999,239870.0452049406,PASS
971,EVENT-EMP,event_level,-0.24103876923956141,-0.038366133791615298,201627.92504271693,PASS
971,GEV,monthly_maxima,-0.18071478165573129,-0.0332427326266772,217653.77715988451,PASS_LMOM_FINITE_MEAN
971,KDE,monthly_maxima,-0.2082747094385636,-0.033242732626677401,210332.1237895115,PASS
971,EMP,monthly_maxima,-0.24103876923956141,-0.033242732626677401,201627.92504271693,PASS
972,TAIL,event_level,-0.12648913261695149,-0.048289669085824598,232059.52630313009,PASS
972,EVENT-EMP,event_level,-0.129804281459623,-0.053434811950152303,231178.81388296347,PASS
972,GEV,monthly_maxima,-0.14888117137326051,-0.059232753667470099,226110.78988692729,PASS_LMOM_FINITE_MEAN
972,KDE,monthly_maxima,-0.088868727295507405,-0.059232753666896197,242053.87641852212,PASS
972,EMP,monthly_maxima,-0.129804281459623,-0.059232753667472299,231178.81388296347,PASS
973,TAIL,event_level,0.026735787370352398,-0.015848027596189598,272765.71975509578,PASS
973,EVENT-EMP,event_level,-0.056716589588606099,-0.0103518793644662,250595.51009990909,PASS
973,GEV,monthly_maxima,0.20123401559952939,-0.018097970263525699,319123.44430741214,PASS_LMOM_FINITE_MEAN
973,KDE,monthly_maxima,0.023970347515657499,-0.018040042777094201,272031.04467930319,PASS
973,EMP,monthly_maxima,-0.056716589588606099,-0.018040100159342501,250595.51009990909,PASS
974,TAIL,event_level,0.18092540064657031,0.052486381187921503,313728.1965299283,PASS
974,EVENT-EMP,event_level,1.6974654228707389,0.1348290550472063,716616.78363064607,PASS
974,GEV,monthly_maxima,1.3176852844923517,0.095408539437492695,615723.24892802793,PASS_LMOM_FINITE_MEAN
974,KDE,monthly_maxima,1.8823512308229484,0.16262943759099749,765734.1038788748,PASS
974,EMP,monthly_maxima,1.6974654228707389,0.1318691511765076,716616.78363064607,PASS
975,TAIL,event_level,-0.0076559417903689997,-0.017114101099920599,263629.10946690023,PASS
975,EVENT-EMP,event_level,-0.14643142341351961,-0.0143377663676191,226761.59730367147,PASS
975,GEV,monthly_maxima,0.059849033331189599,-0.038491773962591298,281562.68434816622,PASS_LMOM_FINITE_MEAN
975,KDE,monthly_maxima,-0.1007017650460006,-0.038472825921016703,238910.27599219533,PASS
975,EMP,monthly_maxima,-0.14643142341351961,-0.038472825921733497,226761.59730367147,PASS
976,TAIL,event_level,-0.032083252479386197,-0.019593432179057301,257139.67658287071,PASS
976,EVENT-EMP,event_level,-0.1168743282880695,-0.0165986988275405,234613.82416177279,PASS
976,GEV,monthly_maxima,0.1078027070686447,0.0051079479796876997,294302.20165416994,PASS_LMOM_FINITE_MEAN
976,KDE,monthly_maxima,-0.065637611849324901,0.0051210323936602999,248225.52447378376,PASS
976,EMP,monthly_maxima,-0.1168743282880695,0.0051210323883125004,234613.82416177279,PASS
977,TAIL,event_level,0.024879821451749998,0.013407071253427799,272272.65826268878,PASS
977,EVENT-EMP,event_level,-0.13990287766277151,0.011009507849305201,228495.99041878604,PASS
977,GEV,monthly_maxima,-0.1074000212268207,0.0161712272448267,237130.79709339817,PASS_LMOM_FINITE_MEAN
977,KDE,monthly_maxima,-0.095899220791740403,0.016171227245751499,240186.13435447568,PASS
977,EMP,monthly_maxima,-0.13990287766277151,0.016171227244826902,228495.99041878604,PASS
978,TAIL,event_level,0.2687734784272498,0.0722017844102434,337066.18129650527,PASS
978,EVENT-EMP,event_level,-0.077651698459554094,0.075823782064858805,245033.82606242105,PASS
978,GEV,monthly_maxima,0.19614839552616359,0.088416296183094906,317772.38317096786,PASS_LMOM_FINITE_MEAN
978,KDE,monthly_maxima,0.0201643998672629,0.088418020224095006,271019.9451711002,PASS
978,EMP,monthly_maxima,-0.077651698459554094,0.088418019797222705,245033.82606242105,PASS
979,TAIL,event_level,-0.12023355967709259,-0.038971547984687598,233721.40063965361,PASS
979,EVENT-EMP,event_level,-0.23489307752340949,-0.053731860913273498,203260.60800260719,PASS
979,GEV,monthly_maxima,-0.14806684369884621,-0.060230396072369401,226327.1266280445,PASS_LMOM_FINITE_MEAN
979,KDE,monthly_maxima,-0.2040819902621322,-0.0602301011027635,211445.9741860379,PASS
979,EMP,monthly_maxima,-0.23489307752340949,-0.060230101102763701,203260.60800260719,PASS
980,TAIL,event_level,-0.1054127900058902,-0.046502871859609399,237658.73092113121,PASS
980,EVENT-EMP,event_level,-0.1449507810769384,-0.035129918458275802,227154.94920355201,PASS
980,GEV,monthly_maxima,-0.051855268487804203,-0.0105139116784398,251886.98329616047,PASS_LMOM_FINITE_MEAN
980,KDE,monthly_maxima,-0.091585919335978302,-0.0105139116730742,241332.01900228261,PASS
980,EMP,monthly_maxima,-0.1449507810769384,-0.010513911673447399,227154.94920355201,PASS
981,TAIL,event_level,0.1725767972009046,0.021613251070815302,311510.28140919487,PASS
981,EVENT-EMP,event_level,-0.12945874877385741,0.021568314951331099,231270.60913631989,PASS
981,GEV,monthly_maxima,0.0235678756267781,0.0021697682566428002,271924.12278586015,PASS_LMOM_FINITE_MEAN
981,KDE,monthly_maxima,-0.077705819187435896,0.0021697737718020002,245019.44818694817,PASS
981,EMP,monthly_maxima,-0.12945874877385741,0.0021697736708097002,231270.60913631989,PASS
982,TAIL,event_level,0.11518796144973061,0.0023530159419719999,296264.19056271936,PASS
982,EVENT-EMP,event_level,0.34900731068294039,0.0143820890757519,358381.34267797851,PASS
982,GEV,monthly_maxima,0.50983635564102137,0.019586306093572401,401107.67085815308,PASS_LMOM_FINITE_MEAN
982,KDE,monthly_maxima,0.426879848133494,0.023401632566008499,379069.19537400431,PASS
982,EMP,monthly_maxima,0.34900731068294039,0.023392927349414099,358381.34267797851,PASS
983,TAIL,event_level,0.40825712479328868,0.12612004230953919,374121.8266369109,PASS
983,EVENT-EMP,event_level,0.090231607962932697,0.12692364699738989,289634.21057660866,PASS
983,GEV,monthly_maxima,0.3438711406166593,0.105888858248209,357016.85227826051,PASS_LMOM_FINITE_MEAN
983,KDE,monthly_maxima,0.16851288975850601,0.1058918103219891,310430.65152565588,PASS
983,EMP,monthly_maxima,0.090231607962932697,0.10588942988911169,289634.21057660866,PASS
984,TAIL,event_level,-0.083328564377228798,-0.019454277966457999,243525.69277532329,PASS
984,EVENT-EMP,event_level,-0.21609998110100201,-0.030538343202950399,208253.23856554279,PASS
984,GEV,monthly_maxima,-0.095244975745127705,-0.025932325141080199,240359.94306284119,PASS_LMOM_FINITE_MEAN
984,KDE,monthly_maxima,-0.17371645006416539,-0.025932322697130899,219512.9749955296,PASS
984,EMP,monthly_maxima,-0.21609998110100201,-0.025932322697131499,208253.23856554279,PASS
985,TAIL,event_level,0.030123772705989899,0.0155042682987777,273665.78213722206,PASS
985,EVENT-EMP,event_level,-0.1159400003175656,0.012919176589325799,234862.04054275088,PASS
985,GEV,monthly_maxima,0.1234685941542818,0.0252587072183975,298464.04837177589,PASS_LMOM_FINITE_MEAN
985,KDE,monthly_maxima,-0.033334216092885699,0.025264209693324699,256807.34182389872,PASS
985,EMP,monthly_maxima,-0.1159400003175656,0.025264209662299201,234862.04054275088,PASS
986,TAIL,event_level,-0.3327005943704755,-0.091822375192666894,177276.76867566901,PASS
986,EVENT-EMP,event_level,-0.37436654567699212,-0.091924764644925896,166207.66663675927,PASS
986,GEV,monthly_maxima,-0.26467840019098698,-0.087217223457014395,195347.74952869781,PASS_LMOM_FINITE_MEAN
986,KDE,monthly_maxima,-0.32914730334187609,-0.087217223455751003,178220.74666575892,PASS
986,EMP,monthly_maxima,-0.37436654567699212,-0.087217223455751003,166207.66663675927,PASS
987,TAIL,event_level,0.070826613849402503,0.0054618932822576996,284479.02143123292,PASS
987,EVENT-EMP,event_level,0.039741383603218002,0.0021706451775549002,276220.82559725939,PASS
987,GEV,monthly_maxima,0.098703788917733098,0.026355743821657101,291884.95567038807,PASS_LMOM_FINITE_MEAN
987,KDE,monthly_maxima,0.091421834237209093,0.026357541943510001,289950.40967122279,PASS
987,EMP,monthly_maxima,0.039741383603218002,0.0263575416493908,276220.82559725939,PASS
988,TAIL,event_level,-0.0001986309221447,-0.0124061984214392,265610.2411187134,PASS
988,EVENT-EMP,event_level,0.071909854512306803,-0.0032412363914817001,284766.79840630246,PASS
988,GEV,monthly_maxima,0.22151551376353329,-0.0129925357341016,324511.48815712042,PASS_LMOM_FINITE_MEAN
988,KDE,monthly_maxima,0.13005569424104119,-0.012846306906128801,300213.99720804422,PASS
988,EMP,monthly_maxima,0.071909854512306803,-0.012846342136501401,284766.79840630246,PASS
989,TAIL,event_level,0.4386482349620402,0.077393874432937104,382195.62044180697,PASS
989,EVENT-EMP,event_level,0.1489467647366349,0.064999201402472798,305232.65585816506,PASS
989,GEV,monthly_maxima,0.39088437172064322,0.0733519249278234,369506.52876351698,PASS_LMOM_FINITE_MEAN
989,KDE,monthly_maxima,0.22107516498364579,0.073380637006076499,324394.50377480238,PASS
989,EMP,monthly_maxima,0.1489467647366349,0.073378173685946804,305232.65585816506,PASS
990,TAIL,event_level,0.57507956823526496,0.12717006007845019,418440.37909849058,PASS
990,EVENT-EMP,event_level,0.40841670693293458,0.12622481131855909,374164.22170847259,PASS
990,GEV,monthly_maxima,0.67917977676970698,0.1205428388911662,446095.95384014549,PASS_LMOM_FINITE_MEAN
990,KDE,monthly_maxima,0.49403330243992688,0.1236095367443355,396909.38417744369,PASS
990,EMP,monthly_maxima,0.40841670693293458,0.12359648329133099,374164.22170847259,PASS
991,TAIL,event_level,-0.2159590365410424,-0.023004069797388699,208290.68232158577,PASS
991,EVENT-EMP,event_level,-0.2217547615608311,-0.0261475364608558,206750.97256765369,PASS
991,GEV,monthly_maxima,-0.20584069098032959,-0.032782259423740502,210978.75245953945,PASS_LMOM_FINITE_MEAN
991,KDE,monthly_maxima,-0.18582914532405159,-0.032782259423746199,216295.0799134862,PASS
991,EMP,monthly_maxima,-0.2217547615608311,-0.032782259423746199,206750.97256765369,PASS
992,TAIL,event_level,-0.040615333188808299,-0.0094363371234338998,254873.01833997981,PASS
992,EVENT-EMP,event_level,-0.22997884648469921,-0.0086944168433239002,204566.13741222263,PASS
992,GEV,monthly_maxima,-0.1036788911316569,-0.0200578200912595,238119.3637151084,PASS_LMOM_FINITE_MEAN
992,KDE,monthly_maxima,-0.17100931122992311,-0.020057820091129702,220232.16164674223,PASS
992,EMP,monthly_maxima,-0.22997884648469921,-0.020057820091259601,204566.13741222263,PASS
993,TAIL,event_level,-0.15687596253028371,-0.051593361635135802,223986.86960377212,PASS
993,EVENT-EMP,event_level,-0.18210578550713111,-0.053873507305331997,217284.23888978979,PASS
993,GEV,monthly_maxima,-0.10803501111209859,-0.074941500201562095,236962.10376915103,PASS_LMOM_FINITE_MEAN
993,KDE,monthly_maxima,-0.14236149813034091,-0.074941500105593306,227842.82590490585,PASS
993,EMP,monthly_maxima,-0.18210578550713111,-0.074941500105751499,217284.23888978979,PASS
994,TAIL,event_level,-0.0202402344100087,0.0163158701989655,260285.92841075323,PASS
994,EVENT-EMP,event_level,0.0065584404569044999,0.0138373065348884,267405.34504010627,PASS
994,GEV,monthly_maxima,0.059108849146466601,-0.014479346174852199,281366.04478969285,PASS_LMOM_FINITE_MEAN
994,KDE,monthly_maxima,0.059971050138380999,-0.0144792937709307,281595.09970043617,PASS
994,EMP,monthly_maxima,0.0065584404569044999,-0.0144793024735179,267405.34504010627,PASS
995,TAIL,event_level,-0.034088025396809898,-0.0099575150718905006,256607.08257524663,PASS
995,EVENT-EMP,event_level,-0.013541677356894301,-0.0028634728721431001,262065.48724018969,PASS
995,GEV,monthly_maxima,0.043283274259142197,-0.0068487134233315003,277161.77493002918,PASS_LMOM_FINITE_MEAN
995,KDE,monthly_maxima,0.037274231434013802,-0.0068486888514101996,275565.39452584239,PASS
995,EMP,monthly_maxima,-0.013541677356894301,-0.0068486906604743004,262065.48724018969,PASS
996,TAIL,event_level,-0.093293501792626396,-0.027000747510364902,240878.37750701371,PASS
996,EVENT-EMP,event_level,-0.1897675294773567,-0.022362191568979801,215248.79692475381,PASS
996,GEV,monthly_maxima,-0.042472200473727399,-0.0087967643570923994,254379.71738788401,PASS_LMOM_FINITE_MEAN
996,KDE,monthly_maxima,-0.1411436692008079,-0.0087967602173032004,228166.3580039996,PASS
996,EMP,monthly_maxima,-0.1897675294773567,-0.0087967602173044997,215248.79692475381,PASS
997,TAIL,event_level,-0.2103649137082419,-0.084134624581151604,209776.83383169849,PASS
997,EVENT-EMP,event_level,-0.1942038664668489,-0.083099490551626798,214070.2262867183,PASS
997,GEV,monthly_maxima,-0.19746510802869649,-0.080231049385721398,213203.83503703671,PASS_LMOM_FINITE_MEAN
997,KDE,monthly_maxima,-0.1619406510777042,-0.080231049333039497,222641.36919951459,PASS
997,EMP,monthly_maxima,-0.1942038664668489,-0.080231049333039497,214070.2262867183,PASS
998,TAIL,event_level,0.32359549156209522,0.077338251164881605,351630.36232057191,PASS
998,EVENT-EMP,event_level,-0.061895648031839799,0.064936180961809503,249219.62584487555,PASS
998,GEV,monthly_maxima,0.14695857949638841,0.0235874463444684,304704.46858278895,PASS_LMOM_FINITE_MEAN
998,KDE,monthly_maxima,0.0035785938068615998,0.023587542569225201,266613.7100096955,PASS
998,EMP,monthly_maxima,-0.061895648031839799,0.0235875171650511,249219.62584487555,PASS
999,TAIL,event_level,-0.069985888418936104,0.0169179887679697,247070.34823195639,PASS
999,EVENT-EMP,event_level,-0.15006798924738121,0.0122995397960955,225795.49627815784,PASS
999,GEV,monthly_maxima,-0.1396291993101593,0.0195176251065147,228568.69663371489,PASS_LMOM_FINITE_MEAN
999,KDE,monthly_maxima,-0.11035958072736241,0.019517625106515099,236344.5516081884,PASS
999,EMP,monthly_maxima,-0.15006798924738121,0.0195176251065147,225795.49627815784,PASS
