tail_rate_per_month,replication_id,method_id,q99_error,regret,accuracy,fit_status
0.2,0,EMP,-0.2931087229891007,6.9557447066e-05,1.0,PASS
0.2,0,EVENT-EMP,-0.2931087229891007,5.1804230077873393e-05,1.0,PASS
0.2,0,GEV,-0.2579967598487994,0.0002874536357330857,1.0,PASS_LMOM_FINITE_MEAN
0.2,0,KDE,-0.2845478872795657,0.0021598835307725713,1.0,PASS
0.2,0,TAIL,-0.3249255134195952,0.0022193615625970857,1.0,PASS
0.2,1,EMP,0.0063466155443299,1.463956687265818e-07,1.0,PASS
0.2,1,EVENT-EMP,0.0063466155443299,1.695168852688292e-07,1.0,PASS
0.2,1,GEV,-0.2415001244458498,2.2467455020618494e-05,1.0,PASS_LMOM_FINITE_MEAN
0.2,1,KDE,0.0363029129676045,0.007066196442642143,0.8571428571428571,PASS
0.2,1,TAIL,-0.3221815300546511,0.0051841380825862855,1.0,FALLBACK_EXPONENTIAL
0.2,2,EMP,-0.3271597934185325,0.00011675426107211429,1.0,PASS
0.2,2,EVENT-EMP,-0.3271597934185325,2.303939052698368e-05,1.0,PASS
0.2,2,GEV,-0.3326174721987755,0.0002260989384793714,1.0,PASS_LMOM_FINITE_MEAN
0.2,2,KDE,-0.3240329403256246,2.7027554678871282e-05,1.0,PASS
0.2,2,TAIL,-0.3273059531071225,0.0039674662679352,1.0,FALLBACK_EXPONENTIAL
0.2,3,EMP,-0.1208698329988826,2.537775665495338e-05,1.0,PASS
0.2,3,EVENT-EMP,-0.1208698329988826,2.537775665495338e-05,1.0,PASS
0.2,3,GEV,-0.1226706440411035,0.0016078876678426285,1.0,PASS_LMOM_FINITE_MEAN
0.2,3,KDE,-0.0990162182466146,0.009116582246565572,0.8571428571428571,PASS
0.2,3,TAIL,-0.2899014142099249,0.0031600438017602857,1.0,PASS
0.2,4,EMP,-0.0935331257918804,1.0169430720423857e-07,1.0,PASS
0.2,4,EVENT-EMP,-0.0935331257918804,2.525400011914186e-07,1.0,PASS
0.2,4,GEV,-0.1447895902026743,0.00048007996185765717,1.0,PASS_LMOM_FINITE_MEAN
0.2,4,KDE,-0.0684488781304317,0.008284540993833958,0.8571428571428571,PASS
0.2,4,TAIL,-0.2942262168166992,0.0032636189914733715,1.0,PASS
0.2,5,EMP,-0.1936684071832123,1.1437283624822663e-05,1.0,PASS
0.2,5,EVENT-EMP,-0.1936684071832123,1.1437283624822663e-05,1.0,PASS
0.2,5,GEV,-0.2395118780076502,1.8732474413095223e-05,1.0,PASS_LMOM_FINITE_MEAN
0.2,5,KDE,-0.1783324772550337,0.0035133489871213143,1.0,PASS
0.2,5,TAIL,-0.3191440162659479,0.0024529320014498287,1.0,PASS
0.2,6,EMP,-0.0458945515618765,2.251373242968453e-06,1.0,PASS
0.2,6,EVENT-EMP,-0.0458945515618765,1.0495155848462984e-05,1.0,PASS
0.2,6,GEV,-0.1163051950600195,0.0013541155970943999,1.0,PASS_LMOM_FINITE_MEAN
0.2,6,KDE,-0.0191461448707336,0.009970339334457956,0.8571428571428571,PASS
0.2,6,TAIL,-0.2918457602904944,0.003672856479910514,1.0,PASS
0.2,7,EMP,0.0576894138010416,0.003118793792783195,0.8571428571428571,PASS
0.2,7,EVENT-EMP,0.0576894138010416,0.003118784063783302,0.8571428571428571,PASS
0.2,7,GEV,-0.0406150537436354,0.001668550942276057,1.0,PASS_LMOM_FINITE_MEAN
0.2,7,KDE,0.0947762412060886,0.012320251284628173,0.8571428571428571,PASS
0.2,7,TAIL,-0.3200218376369139,0.005908432466294857,1.0,FALLBACK_EXPONENTIAL
0.2,8,EMP,-0.2126820734876507,0.0001055150850048,1.0,PASS
0.2,8,EVENT-EMP,-0.2126820734876507,0.0001055150850048,1.0,PASS
0.2,8,GEV,-0.2385707231554851,2.520587483100246e-05,1.0,PASS_LMOM_FINITE_MEAN
0.2,8,KDE,-0.1996745223664824,0.002806682897985086,1.0,PASS
0.2,8,TAIL,-0.3269399151627328,0.003835146825807657,1.0,FALLBACK_EXPONENTIAL
0.2,9,EMP,-0.0329949710771002,2.765570549737242e-06,1.0,PASS
0.2,9,EVENT-EMP,-0.0329949710771002,4.569173444205448e-06,1.0,PASS
0.2,9,GEV,-0.2241404275840398,4.259904033539719e-06,1.0,PASS_LMOM_FINITE_MEAN
0.2,9,KDE,-0.0050107772660326,0.007655218031827857,0.8571428571428571,PASS
0.2,9,TAIL,-0.3218520778992086,0.005420761493027486,1.0,FALLBACK_EXPONENTIAL
0.2,10,EMP,-0.2964335533479765,7.593974682685714e-05,1.0,PASS
0.2,10,EVENT-EMP,-0.2964335533479765,0.00011903099936885714,1.0,PASS
0.2,10,GEV,-0.2838592399378775,1.6238374059103786e-05,1.0,PASS_LMOM_FINITE_MEAN
0.2,10,KDE,-0.2842397837287798,0.0011960148025058855,1.0,PASS
0.2,10,TAIL,-0.3298372954275713,0.003508264816459886,1.0,FALLBACK_EXPONENTIAL
0.2,11,EMP,-0.2201310741767111,6.102082731999357e-06,1.0,PASS
0.2,11,EVENT-EMP,-0.2201310741767111,8.394451238426405e-06,1.0,PASS
0.2,11,GEV,-0.2621028986385089,1.8033369216669691e-06,1.0,PASS_LMOM_FINITE_MEAN
0.2,11,KDE,-0.2071939276792328,0.002361138345033314,1.0,PASS
0.2,11,TAIL,-0.3261380133324316,0.004378967467905314,1.0,FALLBACK_EXPONENTIAL
0.2,12,EMP,-0.2056065270918605,2.9726694300659516e-05,1.0,PASS
0.2,12,EVENT-EMP,-0.2056065270918605,0.002945007199837616,0.8571428571428571,PASS
0.2,12,GEV,-0.148550558923275,0.0013850663864091429,1.0,PASS_LMOM_FINITE_MEAN
0.2,12,KDE,-0.1824493177436158,0.0059523341137684,1.0,PASS
0.2,12,TAIL,-0.281965418046302,0.003538768987672286,1.0,PASS
0.2,13,EMP,-0.1514874253104154,4.754383344265492e-09,1.0,PASS
0.2,13,EVENT-EMP,-0.1514874253104154,2.439930544197996e-05,1.0,PASS
0.2,13,GEV,-0.2320276956326964,2.226543594463861e-05,1.0,PASS_LMOM_FINITE_MEAN
0.2,13,KDE,-0.1336782594866157,0.004344985859844286,1.0,PASS
0.2,13,TAIL,-0.3276117783807065,0.004222917587511885,1.0,FALLBACK_EXPONENTIAL
0.2,14,EMP,-0.027398582143663,1.8301619220634193e-06,1.0,PASS
0.2,14,EVENT-EMP,-0.027398582143663,2.3690623486691286e-06,1.0,PASS
0.2,14,GEV,-0.1326134213755316,0.0006239022208075999,1.0,PASS_LMOM_FINITE_MEAN
0.2,14,KDE,0.0030681899219361,0.009358486131728242,0.8571428571428571,PASS
0.2,14,TAIL,-0.3199585740325963,0.005782961071994686,1.0,FALLBACK_EXPONENTIAL
0.2,15,EMP,-0.2146612261459229,3.932113448172707e-05,1.0,PASS
0.2,15,EVENT-EMP,-0.2146612261459229,3.3146092689837885e-05,1.0,PASS
0.2,15,GEV,-0.1846428437552868,0.0003797239240502857,1.0,PASS_LMOM_FINITE_MEAN
0.2,15,KDE,-0.1948006785029545,0.004419478075167428,1.0,PASS
0.2,15,TAIL,-0.3129056779829814,0.0037759172164861716,1.0,PASS
0.2,16,EMP,-0.171563627972628,2.0465117749054056e-05,1.0,PASS
0.2,16,EVENT-EMP,-0.171563627972628,5.102236587792382e-05,1.0,PASS
0.2,16,GEV,-0.2081606153780947,0.0002165181584649143,1.0,PASS_LMOM_FINITE_MEAN
0.2,16,KDE,-0.1550570216307009,0.004483644559345086,1.0,PASS
0.2,16,TAIL,-0.311153470483437,0.0027302525837825144,1.0,PASS
0.2,17,EMP,-0.2457425901901647,6.0912123623085715e-05,1.0,PASS
0.2,17,EVENT-EMP,-0.2457425901901647,6.0912123623085715e-05,1.0,PASS
0.2,17,GEV,-0.1810097892015085,0.0007834420055189714,1.0,PASS_LMOM_FINITE_MEAN
0.2,17,KDE,-0.2231015677895277,0.004164704606348686,1.0,PASS
0.2,17,TAIL,-0.3243929711053736,0.004696197871377772,1.0,FALLBACK_EXPONENTIAL
0.2,18,EMP,-0.2979065958731651,1.0940479006509947e-06,1.0,PASS
0.2,18,EVENT-EMP,-0.2979065958731651,1.4685103048825796e-05,1.0,PASS
0.2,18,GEV,-0.2732983060804669,0.00014176073573062857,1.0,PASS_LMOM_FINITE_MEAN
0.2,18,KDE,-0.2862998963964083,0.0016794545580937714,1.0,PASS
0.2,18,TAIL,-0.32774833842395,0.004085381180091771,1.0,FALLBACK_EXPONENTIAL
0.2,19,EMP,-0.1474630639089183,0.0001714228096433143,1.0,PASS
0.2,19,EVENT-EMP,-0.1474630639089183,6.590151092334995e-07,1.0,PASS
0.2,19,GEV,-0.2292609227335981,9.70201194138915e-07,1.0,PASS_LMOM_FINITE_MEAN
0.2,19,KDE,-0.12907974786755,0.0042356118766349714,1.0,PASS
0.2,19,TAIL,-0.3269626403243998,0.004318065542373543,1.0,FALLBACK_EXPONENTIAL
0.2,20,EMP,0.1048145655471727,0.0032901157853603286,0.8571428571428571,PASS
0.2,20,EVENT-EMP,0.1048145655471727,0.0032065985219986,0.8571428571428571,PASS
0.2,20,GEV,0.2547442358353705,0.008389430132600842,0.8571428571428571,PASS_LMOM_FINITE_MEAN
0.2,20,KDE,0.1564768431659051,0.06115421203204934,0.42857142857142855,PASS
0.2,20,TAIL,-0.3090054895557018,0.008655148097597086,1.0,FALLBACK_EXPONENTIAL
0.2,21,EMP,-0.1735174193566766,6.27793177806371e-06,1.0,PASS
0.2,21,EVENT-EMP,-0.1735174193566766,7.037868984537143e-05,1.0,PASS
0.2,21,GEV,-0.1358573259808446,0.0012212953207717714,1.0,PASS_LMOM_FINITE_MEAN
0.2,21,KDE,-0.140220718664669,0.0082408217093734,0.8571428571428571,PASS
0.2,21,TAIL,-0.2757299564628616,0.0037049906283088,1.0,PASS
0.2,22,EMP,-0.2118471413032367,5.959688516771428e-05,1.0,PASS
0.2,22,EVENT-EMP,-0.2118471413032367,2.5942896878321464e-05,1.0,PASS
0.2,22,GEV,-0.2077106061365664,0.0002471688066994286,1.0,PASS_LMOM_FINITE_MEAN
0.2,22,KDE,-0.1966320721745296,0.003625465997964743,1.0,PASS
0.2,22,TAIL,-0.325268554370277,0.004628851867249829,1.0,FALLBACK_EXPONENTIAL
0.2,23,EMP,-0.2362557501949117,1.7477577881889373e-05,1.0,PASS
0.2,23,EVENT-EMP,-0.2362557501949117,8.005451812411237e-07,1.0,PASS
0.2,23,GEV,-0.1805876722711781,0.0014111204047670286,1.0,PASS_LMOM_FINITE_MEAN
0.2,23,KDE,-0.2224140418781707,0.004973577078962171,1.0,PASS
0.2,23,TAIL,-0.2917773956640729,0.0037869919798166857,1.0,PASS
0.2,24,EMP,-0.324460630617106,4.828816531200101e-06,1.0,PASS
0.2,24,EVENT-EMP,-0.324460630617106,4.828816531200101e-06,1.0,PASS
0.2,24,GEV,-0.2879194600789333,0.0010692687351593142,1.0,PASS_LMOM_FINITE_MEAN
0.2,24,KDE,-0.3165494081977417,0.002016377640960114,1.0,PASS
0.2,24,TAIL,-0.3307046730427486,0.002047915233926,1.0,PASS
0.2,25,EMP,-0.3278685655712678,6.577903682388572e-05,1.0,PASS
0.2,25,EVENT-EMP,-0.3278685655712678,2.212029202631099e-05,1.0,PASS
0.2,25,GEV,-0.2981471232910582,0.00013838315292617143,1.0,PASS_LMOM_FINITE_MEAN
0.2,25,KDE,-0.3217538175338113,0.0010056332375981143,1.0,PASS
0.2,25,TAIL,-0.3360944765568115,0.0016151393883839429,1.0,PASS
0.2,26,EMP,-0.0182942284730286,0.003123966127173222,0.8571428571428571,PASS
0.2,26,EVENT-EMP,-0.0182942284730286,3.4201003400638197e-06,1.0,PASS
0.2,26,GEV,-0.0600161774501002,0.0022564912608358284,1.0,PASS_LMOM_FINITE_MEAN
0.2,26,KDE,0.0116502425892805,0.011543575304011558,0.8571428571428571,PASS
0.2,26,TAIL,-0.2829561795981651,0.0038224693406338855,1.0,PASS
0.2,27,EMP,-0.1124736273784679,5.5162281939816706e-05,1.0,PASS
0.2,27,EVENT-EMP,-0.1124736273784679,5.2564241855001375e-06,1.0,PASS
0.2,27,GEV,-0.1486808740256865,0.0007155886911376,1.0,PASS_LMOM_FINITE_MEAN
0.2,27,KDE,-0.0887748735440567,0.008140689406794913,0.8571428571428571,PASS
0.2,27,TAIL,-0.2838582450062991,0.003431028720026,1.0,PASS
0.2,28,EMP,-0.2735934571694191,3.4656729953197986e-05,1.0,PASS
0.2,28,EVENT-EMP,-0.2735934571694191,3.4656729953197986e-05,1.0,PASS
0.2,28,GEV,-0.2442334812816441,0.00017470128522274284,1.0,PASS_LMOM_FINITE_MEAN
0.2,28,KDE,-0.2578146194654335,0.002428710519212,1.0,PASS
0.2,28,TAIL,-0.3269416460324679,0.004181711066143257,1.0,FALLBACK_EXPONENTIAL
0.2,29,EMP,-0.0469668736404227,0.0031840217487392286,0.8571428571428571,PASS
0.2,29,EVENT-EMP,-0.0469668736404227,0.0031840217487392286,0.8571428571428571,PASS
0.2,29,GEV,-0.0593593864956237,0.0016951983743489715,1.0,PASS_LMOM_FINITE_MEAN
0.2,29,KDE,-0.0172188649960142,0.010709536237550157,0.8571428571428571,PASS
0.2,29,TAIL,-0.3207829808410816,0.005567771277571257,1.0,FALLBACK_EXPONENTIAL
0.2,30,EMP,0.140494131351409,0.003175060047458157,0.8571428571428571,PASS
0.2,30,EVENT-EMP,0.140494131351409,0.003122848758129295,0.8571428571428571,PASS
0.2,30,GEV,-0.0043126347619866,0.0018196776539890285,1.0,PASS_LMOM_FINITE_MEAN
0.2,30,KDE,0.1851292059047119,0.014191281770019399,0.8571428571428571,PASS
0.2,30,TAIL,-0.3166411853397431,0.0067325205939544564,1.0,FALLBACK_EXPONENTIAL
0.2,31,EMP,-0.2357790138995111,1.3444485557771147e-06,1.0,PASS
0.2,31,EVENT-EMP,-0.2357790138995111,1.3444485557771147e-06,1.0,PASS
0.2,31,GEV,-0.2246956936471723,0.00026196964968417145,1.0,PASS_LMOM_FINITE_MEAN
0.2,31,KDE,-0.2198308021956589,0.0033424371857362287,1.0,PASS
0.2,31,TAIL,-0.3263344941317856,0.004284742661464914,1.0,FALLBACK_EXPONENTIAL
0.2,32,EMP,-0.3103861626822068,4.249986926322282e-06,1.0,PASS
0.2,32,EVENT-EMP,-0.3103861626822068,1.5594833039514447e-06,1.0,PASS
0.2,32,GEV,-0.3231268287849052,6.37051820084e-05,1.0,PASS_LMOM_FINITE_MEAN
0.2,32,KDE,-0.3059078961042644,0.0003846085940876,1.0,PASS
0.2,32,TAIL,-0.3292059464404798,0.0037720136625323426,1.0,FALLBACK_EXPONENTIAL
0.2,33,EMP,-0.0106347019185921,0.0031723943729231713,0.8571428571428571,PASS
0.2,33,EVENT-EMP,-0.0106347019185921,0.003198181609434229,0.8571428571428571,PASS
0.2,33,GEV,0.1269159538904254,0.007144223087248386,0.8571428571428571,PASS_LMOM_FINITE_MEAN
0.2,33,KDE,0.0347314013145625,0.0152722728347572,0.8571428571428571,PASS
0.2,33,TAIL,-0.3170131328880219,0.006798525339193314,1.0,FALLBACK_EXPONENTIAL
0.2,34,EMP,-0.0612691905609781,1.259520973244733e-05,1.0,PASS
0.2,34,EVENT-EMP,-0.0612691905609781,1.9362028175547333e-05,1.0,PASS
0.2,34,GEV,-0.186345214836767,0.0003712770100688572,1.0,PASS_LMOM_FINITE_MEAN
0.2,34,KDE,-0.0362231631588499,0.0083191467408367,0.8571428571428571,PASS
0.2,34,TAIL,-0.301479466778148,0.0033189319378589713,1.0,PASS
0.2,35,EMP,-0.1316302461955453,0.00014884205228702857,1.0,PASS
0.2,35,EVENT-EMP,-0.1316302461955453,1.580077369819218e-05,1.0,PASS
0.2,35,GEV,-0.1138068415353078,0.0010535063382428,1.0,PASS_LMOM_FINITE_MEAN
0.2,35,KDE,-0.0978409148555679,0.0087776731367164,0.8571428571428571,PASS
0.2,35,TAIL,-0.3232073157511966,0.005174110099170628,1.0,FALLBACK_EXPONENTIAL
0.2,36,EMP,-0.1963749733517809,0.00012482492199239999,1.0,PASS
0.2,36,EVENT-EMP,-0.1963749733517809,5.328054149436458e-05,1.0,PASS
0.2,36,GEV,-0.1516328342078889,0.0028154088674138857,1.0,PASS_LMOM_FINITE_MEAN
0.2,36,KDE,-0.1806282694150958,0.007362702505655771,1.0,PASS
0.2,36,TAIL,-0.3012622219334172,0.003988560132599372,1.0,PASS
0.2,37,EMP,-0.1074400036544894,0.003121387981616235,0.8571428571428571,PASS
0.2,37,EVENT-EMP,-0.1074400036544894,0.003120623829616791,0.8571428571428571,PASS
0.2,37,GEV,-0.0157216387233623,0.0028140243438163426,1.0,PASS_LMOM_FINITE_MEAN
0.2,37,KDE,-0.0573435247082859,0.011136104282047001,0.8571428571428571,PASS
0.2,37,TAIL,-0.3216234914535339,0.005476528608899029,1.0,FALLBACK_EXPONENTIAL
0.2,38,EMP,-0.1862052096870035,1.0155550070624562e-05,1.0,PASS
0.2,38,EVENT-EMP,-0.1862052096870035,1.0155550070624562e-05,1.0,PASS
0.2,38,GEV,-0.1262479958019645,0.0015535241736868571,1.0,PASS_LMOM_FINITE_MEAN
0.2,38,KDE,-0.1560761743942726,0.006762930901900115,1.0,PASS
0.2,38,TAIL,-0.2999360739629925,0.0027238937886601144,1.0,PASS
0.2,39,EMP,-0.2831914379763089,1.1880200842636799e-05,1.0,PASS
0.2,39,EVENT-EMP,-0.2831914379763089,4.551971758941815e-07,1.0,PASS
0.2,39,GEV,-0.3108498161110625,0.0001259304922909143,1.0,PASS_LMOM_FINITE_MEAN
0.2,39,KDE,-0.2766021888134769,0.0006270658190445714,1.0,PASS
0.2,39,TAIL,-0.3267197396555434,0.004241702197532114,1.0,FALLBACK_EXPONENTIAL
0.2,40,EMP,0.0892247797055643,6.234407498085715e-05,1.0,PASS
0.2,40,EVENT-EMP,0.0892247797055643,5.421850485752597e-05,1.0,PASS
0.2,40,GEV,-0.19102180384451,7.1704808078820355e-06,1.0,PASS_LMOM_FINITE_MEAN
0.2,40,KDE,0.1262248955873832,0.009362183109385,0.8571428571428571,PASS
0.2,40,TAIL,-0.3235493020353284,0.005039408488475372,1.0,FALLBACK_EXPONENTIAL
0.2,41,EMP,0.101756622038271,0.003128968212743374,0.8571428571428571,PASS
0.2,41,EVENT-EMP,0.101756622038271,0.0031188857453002374,0.8571428571428571,PASS
0.2,41,GEV,-0.1034775400216133,0.00044584277011919997,1.0,PASS_LMOM_FINITE_MEAN
0.2,41,KDE,0.1444919058463263,0.0111828532211935,0.8571428571428571,PASS
0.2,41,TAIL,-0.3207976159431483,0.005648908292547828,1.0,FALLBACK_EXPONENTIAL
0.2,42,EMP,-0.3193704808578835,0.00043667836847994287,1.0,PASS
0.2,42,EVENT-EMP,-0.3193704808578835,0.00030468422794285713,1.0,PASS
0.2,42,GEV,-0.3163562538788145,0.00040972904994182857,1.0,PASS_LMOM_FINITE_MEAN
0.2,42,KDE,-0.3148894904556105,4.158301990132829e-05,1.0,PASS
0.2,42,TAIL,-0.3423635245799882,0.0005960128848657715,1.0,PASS
0.2,43,EMP,-0.2455191179903826,0.00017852431376937143,1.0,PASS
0.2,43,EVENT-EMP,-0.2455191179903826,3.7481541096300996e-08,1.0,PASS
0.2,43,GEV,-0.195589494635123,0.0004094056237203429,1.0,PASS_LMOM_FINITE_MEAN
0.2,43,KDE,-0.2259487882804243,0.0036264984718330858,1.0,PASS
0.2,43,TAIL,-0.2995880337305727,0.0027453403439326287,1.0,PASS
0.2,44,EMP,-0.225275476115171,1.9590391124576334e-05,1.0,PASS
0.2,44,EVENT-EMP,-0.225275476115171,6.604476561914285e-05,1.0,PASS
0.2,44,GEV,-0.2757726594655614,7.447586392662857e-05,1.0,PASS_LMOM_FINITE_MEAN
0.2,44,KDE,-0.212974714302531,0.0020809944093683427,1.0,PASS
0.2,44,TAIL,-0.3254975703519436,0.002809525427248857,1.0,PASS
0.2,45,EMP,-0.3165741051486508,2.3551639609772892e-07,1.0,PASS
0.2,45,EVENT-EMP,-0.3165741051486508,3.1720025051636263e-07,1.0,PASS
0.2,45,GEV,-0.3291641941822302,6.0808883329028566e-05,1.0,PASS_LMOM_FINITE_MEAN
0.2,45,KDE,-0.3126916015089317,0.00017477832787931427,1.0,PASS
0.2,45,TAIL,-0.3418065048080174,0.0017455354887288572,1.0,PASS
0.2,46,EMP,-0.08348405502036,0.003119183178560949,0.8571428571428571,PASS
0.2,46,EVENT-EMP,-0.08348405502036,0.0031363385407896017,0.8571428571428571,PASS
0.2,46,GEV,0.0408736508608894,0.006941859327928514,0.8571428571428571,PASS_LMOM_FINITE_MEAN
0.2,46,KDE,-0.0502254926183646,0.013849689077185428,0.8571428571428571,PASS
0.2,46,TAIL,-0.3183931027958935,0.0063477007709377715,1.0,FALLBACK_EXPONENTIAL
0.2,47,EMP,-0.2818337939215755,1.854148999357644e-05,1.0,PASS
0.2,47,EVENT-EMP,-0.2818337939215755,6.713765898828552e-06,1.0,PASS
0.2,47,GEV,-0.2723270885390348,3.1512612583716783e-07,1.0,PASS_LMOM_FINITE_MEAN
0.2,47,KDE,-0.2676075385958789,0.0016983671182350857,1.0,PASS
0.2,47,TAIL,-0.3224079788616718,0.0018583808676752571,1.0,PASS
0.2,48,EMP,-0.3468930282749117,0.00017882094240239999,1.0,PASS
0.2,48,EVENT-EMP,-0.3468930282749117,3.905149202496331e-05,1.0,PASS
0.2,48,GEV,-0.3501191165645538,0.00015587188656828572,1.0,PASS_LMOM_FINITE_MEAN
0.2,48,KDE,-0.3454254312410902,1.9774779553452288e-05,1.0,PASS
0.2,48,TAIL,-0.3524133636936868,0.00045801196748531433,1.0,PASS
0.2,49,EMP,-0.2525728427387074,3.260622200808718e-05,1.0,PASS
0.2,49,EVENT-EMP,-0.2525728427387074,9.979833777229771e-06,1.0,PASS
0.2,49,GEV,-0.2988896733712191,0.0002491376439653143,1.0,PASS_LMOM_FINITE_MEAN
0.2,49,KDE,-0.2434575177689568,0.0011565590971733715,1.0,PASS
0.2,49,TAIL,-0.3319569023512757,0.0032093767108841713,1.0,FALLBACK_EXPONENTIAL
0.2,50,EMP,0.0906586502891147,0.0031326589666968957,0.8571428571428571,PASS
0.2,50,EVENT-EMP,0.0906586502891147,0.0031191610150692215,0.8571428571428571,PASS
0.2,50,GEV,0.1910873192642046,0.006837302473863443,0.8571428571428571,PASS_LMOM_FINITE_MEAN
0.2,50,KDE,0.1419602776025518,0.06115421203204934,0.42857142857142855,PASS
0.2,50,TAIL,-0.3137896062409213,0.007547819487946629,1.0,FALLBACK_EXPONENTIAL
0.2,51,EMP,0.2666346289565737,0.0031187910934336615,0.8571428571428571,PASS
0.2,51,EVENT-EMP,0.2666346289565737,0.021207973469689202,0.7142857142857143,PASS
0.2,51,GEV,0.2148015635686959,0.006218348438418828,0.8571428571428571,PASS_LMOM_FINITE_MEAN
0.2,51,KDE,0.3301494286609415,0.08448913423174864,0.14285714285714285,PASS
0.2,51,TAIL,-0.3052511383253509,0.009434110124958286,1.0,FALLBACK_EXPONENTIAL
0.2,52,EMP,-0.1663723109590757,7.258676850323359e-07,1.0,PASS
0.2,52,EVENT-EMP,-0.1663723109590757,1.1258765728099052e-06,1.0,PASS
0.2,52,GEV,-0.2221277227329131,0.00026771281172205717,1.0,PASS_LMOM_FINITE_MEAN
0.2,52,KDE,-0.1497685351570274,0.0046984600802695425,1.0,PASS
0.2,52,TAIL,-0.3118722175424711,0.0023778158266053715,1.0,PASS
0.2,53,EMP,-0.2345310122905957,1.7681446459353424e-05,1.0,PASS
0.2,53,EVENT-EMP,-0.2345310122905957,2.6838198886065616e-05,1.0,PASS
0.2,53,GEV,-0.2541984105954367,9.543488445108572e-05,1.0,PASS_LMOM_FINITE_MEAN
0.2,53,KDE,-0.2233743307830339,0.0029803084163889143,1.0,PASS
0.2,53,TAIL,-0.3273702581801078,0.003962288076347657,1.0,FALLBACK_EXPONENTIAL
0.2,54,EMP,0.1527472227513495,0.003131181069959544,0.8571428571428571,PASS
0.2,54,EVENT-EMP,0.1527472227513495,0.0031221621378596876,0.8571428571428571,PASS
0.2,54,GEV,0.1033455354319842,0.005334505741504643,0.8571428571428571,PASS_LMOM_FINITE_MEAN
0.2,54,KDE,0.2028805166202587,0.06115421203204934,0.42857142857142855,PASS
0.2,54,TAIL,-0.3139187574113684,0.007303083917736743,1.0,FALLBACK_EXPONENTIAL
0.2,55,EMP,-0.206406631826275,4.068528920725879e-06,1.0,PASS
0.2,55,EVENT-EMP,-0.206406631826275,4.068528920725879e-06,1.0,PASS
0.2,55,GEV,-0.2381253045717426,1.2139199490857395e-05,1.0,PASS_LMOM_FINITE_MEAN
0.2,55,KDE,-0.1914742407667498,0.0032471561668663425,1.0,PASS
0.2,55,TAIL,-0.3258413131091501,0.004444368670838857,1.0,FALLBACK_EXPONENTIAL
0.2,56,EMP,-0.358056305613416,4.638778299149715e-06,1.0,PASS
0.2,56,EVENT-EMP,-0.358056305613416,1.120367158272492e-09,1.0,PASS
0.2,56,GEV,-0.359554836834744,1.2338078310050844e-06,1.0,PASS_LMOM_FINITE_MEAN
0.2,56,KDE,-0.3573310704666885,1.0902478596429828e-07,1.0,PASS
0.2,56,TAIL,-0.3586570102060089,4.517318839601579e-05,1.0,PASS
0.2,57,EMP,-0.0671382436986077,0.0031291370097424023,0.8571428571428571,PASS
0.2,57,EVENT-EMP,-0.0671382436986077,0.003119301935135973,0.8571428571428571,PASS
0.2,57,GEV,-0.0345083084339953,0.0021064005348589714,1.0,PASS_LMOM_FINITE_MEAN
0.2,57,KDE,-0.035457445082255,0.010574766212391487,0.8571428571428571,PASS
0.2,57,TAIL,-0.3198241266815567,0.0059370507982289145,1.0,FALLBACK_EXPONENTIAL
0.2,58,EMP,-0.1848445907094377,3.8356476344715825e-05,1.0,PASS
0.2,58,EVENT-EMP,-0.1848445907094377,3.8356476344715825e-05,1.0,PASS
0.2,58,GEV,-0.2344437941979205,6.324279954097041e-07,1.0,PASS_LMOM_FINITE_MEAN
0.2,58,KDE,-0.1693117858312249,0.003387181844971257,1.0,PASS
0.2,58,TAIL,-0.3109742002373888,0.002663107747884514,1.0,PASS
0.2,59,EMP,-0.0806122573840613,7.446328755462857e-05,1.0,PASS
0.2,59,EVENT-EMP,-0.0806122573840613,2.3929358380803018e-05,1.0,PASS
0.2,59,GEV,-0.1483816570564459,0.0003050436947353143,1.0,PASS_LMOM_FINITE_MEAN
0.2,59,KDE,-0.0557208718709605,0.008296289153443343,0.8571428571428571,PASS
0.2,59,TAIL,-0.3249249581670156,0.004723468136581943,1.0,FALLBACK_EXPONENTIAL
0.2,60,EMP,-0.0580500735315856,1.055336634095797e-05,1.0,PASS
0.2,60,EVENT-EMP,-0.0580500735315856,3.556484963351578e-06,1.0,PASS
0.2,60,GEV,-0.1548606709538731,0.00021743730221342856,1.0,PASS_LMOM_FINITE_MEAN
0.2,60,KDE,-0.0311946472368055,0.0083622613910044,0.8571428571428571,PASS
0.2,60,TAIL,-0.3239779953932694,0.004927804164960742,1.0,FALLBACK_EXPONENTIAL
0.2,61,EMP,-0.2742069775998729,5.112691116079307e-05,1.0,PASS
0.2,61,EVENT-EMP,-0.2742069775998729,1.2796088408366374e-06,1.0,PASS
0.2,61,GEV,-0.3037999859391762,0.0003149481826366857,1.0,PASS_LMOM_FINITE_MEAN
0.2,61,KDE,-0.2668417100080112,0.00047019488430342856,1.0,PASS
0.2,61,TAIL,-0.331053711697866,0.0033953253548555428,1.0,PASS
0.2,62,EMP,-0.2475343890282888,1.5731629786149944e-06,1.0,PASS
0.2,62,EVENT-EMP,-0.2475343890282888,1.5872387072849823e-05,1.0,PASS
0.2,62,GEV,-0.2309118976485116,0.00027314001647074285,1.0,PASS_LMOM_FINITE_MEAN
0.2,62,KDE,-0.2356023123605555,0.0031627530146162287,1.0,PASS
0.2,62,TAIL,-0.3157497885785457,0.0027110307529453143,1.0,PASS
0.2,63,EMP,-0.1690634389060199,8.13480965196e-05,1.0,PASS
0.2,63,EVENT-EMP,-0.1690634389060199,7.061524510114286e-05,1.0,PASS
0.2,63,GEV,-0.2993036113126759,0.0002966639162698857,1.0,PASS_LMOM_FINITE_MEAN
0.2,63,KDE,-0.1532378427039888,0.0021010278916166855,1.0,PASS
0.2,63,TAIL,-0.3281778505111289,0.003975600094506972,1.0,FALLBACK_EXPONENTIAL
0.2,64,EMP,-0.0148994930072936,5.916244430817143e-05,1.0,PASS
0.2,64,EVENT-EMP,-0.0148994930072936,1.6729483381235662e-05,1.0,PASS
0.2,64,GEV,-0.2168837806614784,2.301202614563688e-05,1.0,PASS_LMOM_FINITE_MEAN
0.2,64,KDE,0.0146946052313136,0.0077324300648349146,0.8571428571428571,PASS
0.2,64,TAIL,-0.3222559499461992,0.005404543888092971,1.0,FALLBACK_EXPONENTIAL
0.2,65,EMP,-0.0107621322630905,0.0031254443055359635,0.8571428571428571,PASS
0.2,65,EVENT-EMP,-0.0107621322630905,0.0031254443055359635,0.8571428571428571,PASS
0.2,65,GEV,0.1089117933151095,0.006869333434370286,0.8571428571428571,PASS_LMOM_FINITE_MEAN
0.2,65,KDE,0.0271274963720509,0.014676670762990857,0.8571428571428571,PASS
0.2,65,TAIL,-0.3146735517658385,0.007188255177814114,1.0,FALLBACK_EXPONENTIAL
0.2,66,EMP,-0.2143357088664836,4.629062221483776e-05,1.0,PASS
0.2,66,EVENT-EMP,-0.2143357088664836,1.7197227847070206e-05,1.0,PASS
0.2,66,GEV,-0.1514283159107085,0.0020438432543758286,1.0,PASS_LMOM_FINITE_MEAN
0.2,66,KDE,-0.1936738572839954,0.006590933443391086,1.0,PASS
0.2,66,TAIL,-0.2988452694453921,0.0032123285697921713,1.0,PASS
0.2,67,EMP,0.0199783219772808,4.2449462086441335e-05,1.0,PASS
0.2,67,EVENT-EMP,0.0199783219772808,4.501952161765509e-05,1.0,PASS
0.2,67,GEV,-0.1290801348213797,0.00038352444509405715,1.0,PASS_LMOM_FINITE_MEAN
0.2,67,KDE,0.0528788316191628,0.009831966019081687,0.8571428571428571,PASS
0.2,67,TAIL,-0.3188363705187115,0.005915377872207257,1.0,FALLBACK_EXPONENTIAL
0.2,68,EMP,-0.2871529033852633,2.2152387481141804e-06,1.0,PASS
0.2,68,EVENT-EMP,-0.2871529033852633,5.618558966676449e-07,1.0,PASS
0.2,68,GEV,-0.2770337501505461,2.5215869533440085e-05,1.0,PASS_LMOM_FINITE_MEAN
0.2,68,KDE,-0.278992014172444,0.0016875155034271427,1.0,PASS
0.2,68,TAIL,-0.3283087867090412,0.0021479349649725144,1.0,PASS
0.2,69,EMP,-0.0821488276337995,5.6812342923340566e-05,1.0,PASS
0.2,69,EVENT-EMP,-0.0821488276337995,5.184564436336508e-06,1.0,PASS
0.2,69,GEV,-0.0970899760434931,0.0010211506352199428,1.0,PASS_LMOM_FINITE_MEAN
0.2,69,KDE,-0.0460349060029561,0.009414829779358,0.8571428571428571,PASS
0.2,69,TAIL,-0.2944146650412199,0.003035776771725943,1.0,PASS
0.2,70,EMP,-0.3139155084558596,0.0004621084569965143,1.0,PASS
0.2,70,EVENT-EMP,-0.3139155084558596,0.00010214398250222858,1.0,PASS
0.2,70,GEV,-0.3109405359241592,0.00031769992214714283,1.0,PASS_LMOM_FINITE_MEAN
0.2,70,KDE,-0.3088186457501273,0.0001952401717506857,1.0,PASS
0.2,70,TAIL,-0.3297968616755289,0.0035313681781994283,1.0,FALLBACK_EXPONENTIAL
0.2,71,EMP,-0.2991517778816228,6.132631372866078e-06,1.0,PASS
0.2,71,EVENT-EMP,-0.2991517778816228,3.7415499332153715e-06,1.0,PASS
0.2,71,GEV,-0.3117657988229576,6.371044259234286e-05,1.0,PASS_LMOM_FINITE_MEAN
0.2,71,KDE,-0.2936636091614453,0.0005960460322078857,1.0,PASS
0.2,71,TAIL,-0.3377609247942323,0.001784372377192057,1.0,PASS
0.2,72,EMP,-0.1342124967347132,0.006083410541815243,0.7142857142857143,PASS
0.2,72,EVENT-EMP,-0.1342124967347132,0.006209257851628157,0.7142857142857143,PASS
0.2,72,GEV,0.0919781662927777,0.010547698697822799,0.8571428571428571,PASS_LMOM_FINITE_MEAN
0.2,72,KDE,-0.0926852642155472,0.019153143565559017,0.7142857142857143,PASS
0.2,72,TAIL,-0.3116639807662273,0.007909219162893485,1.0,FALLBACK_EXPONENTIAL
0.2,73,EMP,-0.2382936371458937,5.262735464918037e-05,1.0,PASS
0.2,73,EVENT-EMP,-0.2382936371458937,7.240007961752077e-07,1.0,PASS
0.2,73,GEV,-0.2086794856641134,0.0014306740985437143,1.0,PASS_LMOM_FINITE_MEAN
0.2,73,KDE,-0.226449242989585,0.004675844593753086,1.0,PASS
0.2,73,TAIL,-0.3087009143793468,0.003032181476071257,1.0,PASS
0.2,74,EMP,0.0725436536435519,0.003150496313518388,0.8571428571428571,PASS
0.2,74,EVENT-EMP,0.0725436536435519,4.228318596960322e-05,1.0,PASS
0.2,74,GEV,-0.0998269370011027,0.0011591463188258856,1.0,PASS_LMOM_FINITE_MEAN
0.2,74,KDE,0.1087817978192309,0.0115171437428935,0.8571428571428571,PASS
0.2,74,TAIL,-0.3204464386900715,0.005812594198404229,1.0,FALLBACK_EXPONENTIAL
0.2,75,EMP,0.0551274611228389,0.0031956576621539287,0.8571428571428571,PASS
0.2,75,EVENT-EMP,0.0551274611228389,0.003122113121374227,0.8571428571428571,PASS
0.2,75,GEV,-0.0012823158080166,0.001906406609281943,1.0,PASS_LMOM_FINITE_MEAN
0.2,75,KDE,0.0954689710973724,0.012954146067024743,0.8571428571428571,PASS
0.2,75,TAIL,-0.3178399674306759,0.0063749520622915995,1.0,FALLBACK_EXPONENTIAL
0.2,76,EMP,-0.1004690965647413,9.063108853072498e-08,1.0,PASS
0.2,76,EVENT-EMP,-0.1004690965647413,3.3671893367086143e-07,1.0,PASS
0.2,76,GEV,-0.1524245626053011,0.0007582014916232,1.0,PASS_LMOM_FINITE_MEAN
0.2,76,KDE,-0.0776834061903855,0.008389264737944543,0.8571428571428571,PASS
0.2,76,TAIL,-0.3245862485687684,0.0047142491380141715,1.0,FALLBACK_EXPONENTIAL
0.2,77,EMP,-0.2677979784508014,4.2281563046071646e-06,1.0,PASS
0.2,77,EVENT-EMP,-0.2677979784508014,1.1711101279370817e-05,1.0,PASS
0.2,77,GEV,-0.2244538946247128,0.00032429939817679997,1.0,PASS_LMOM_FINITE_MEAN
0.2,77,KDE,-0.2531453514387172,0.002896835188442457,1.0,PASS
0.2,77,TAIL,-0.3247492159393771,0.004777706578854914,1.0,FALLBACK_EXPONENTIAL
0.2,78,EMP,-0.0377380395295197,3.819925649216344e-06,1.0,PASS
0.2,78,EVENT-EMP,-0.0377380395295197,2.099147660265888e-08,1.0,PASS
0.2,78,GEV,-0.2567901274611364,0.00011371788365754285,1.0,PASS_LMOM_FINITE_MEAN
0.2,78,KDE,-0.0113141687412823,0.004321374510352171,1.0,PASS
0.2,78,TAIL,-0.3249674275541239,0.004799231111833829,1.0,FALLBACK_EXPONENTIAL
0.2,79,EMP,1.2174427814107225,0.08448913423174864,0.14285714285714285,PASS
0.2,79,EVENT-EMP,1.2174427814107225,0.08448913423174864,0.14285714285714285,PASS
0.2,79,GEV,0.2203622172994884,0.004839263367542586,0.8571428571428571,PASS_LMOM_FINITE_MEAN
0.2,79,KDE,1.3454879436067433,0.08448913423174864,0.14285714285714285,PASS
0.2,79,TAIL,-0.298271834105923,0.01409210101405507,0.8571428571428571,FALLBACK_EXPONENTIAL
0.2,80,EMP,0.279898541520629,0.003118923766769368,0.8571428571428571,PASS
0.2,80,EVENT-EMP,0.279898541520629,0.0031552789555238207,0.8571428571428571,PASS
0.2,80,GEV,0.1646203352610661,0.006316950382582899,0.8571428571428571,PASS_LMOM_FINITE_MEAN
0.2,80,KDE,0.3347469770430685,0.06115421203204934,0.42857142857142855,PASS
0.2,80,TAIL,-0.3104544697307222,0.0082703364348956,1.0,FALLBACK_EXPONENTIAL
0.2,81,EMP,-0.3106285587201039,3.218820072924847e-05,1.0,PASS
0.2,81,EVENT-EMP,-0.3106285587201039,3.246772383744768e-05,1.0,PASS
0.2,81,GEV,-0.2907367268280588,1.2406806124136654e-05,1.0,PASS_LMOM_FINITE_MEAN
0.2,81,KDE,-0.3030082999028055,0.001064405104046457,1.0,PASS
0.2,81,TAIL,-0.3330808197919673,0.0016045514249721142,1.0,PASS
0.2,82,EMP,-0.0484896761394041,0.003148808276056396,0.8571428571428571,PASS
0.2,82,EVENT-EMP,-0.0484896761394041,9.178953285916999e-06,1.0,PASS
0.2,82,GEV,-0.0296243613507419,0.0018591186374162859,1.0,PASS_LMOM_FINITE_MEAN
0.2,82,KDE,-0.018133474680541,0.011008281834917413,0.8571428571428571,PASS
0.2,82,TAIL,-0.322465648874314,0.005436659992787943,1.0,FALLBACK_EXPONENTIAL
0.2,83,EMP,-0.3281354739329515,1.1817430036882331e-08,1.0,PASS
0.2,83,EVENT-EMP,-0.3281354739329515,6.831414656275536e-08,1.0,PASS
0.2,83,GEV,-0.3364974702574063,0.00011181598464525715,1.0,PASS_LMOM_FINITE_MEAN
0.2,83,KDE,-0.3251277238959567,2.1066865154432532e-05,1.0,PASS
0.2,83,TAIL,-0.3309353744420334,0.003205219333875543,1.0,FALLBACK_EXPONENTIAL
0.2,84,EMP,0.4451348939825421,0.003129088821323879,0.8571428571428571,PASS
0.2,84,EVENT-EMP,0.4451348939825421,0.0031274176796525404,0.8571428571428571,PASS
0.2,84,GEV,-0.0400958306569137,0.0004771840794274857,1.0,PASS_LMOM_FINITE_MEAN
0.2,84,KDE,0.5128686339643703,0.08448913423174864,0.14285714285714285,PASS
0.2,84,TAIL,-0.3131674281742749,0.007571560151519886,1.0,FALLBACK_EXPONENTIAL
0.2,85,EMP,-0.2200045214016577,6.17229029858936e-07,1.0,PASS
0.2,85,EVENT-EMP,-0.2200045214016577,0.00013369730163274285,1.0,PASS
0.2,85,GEV,-0.1509578286549662,0.0018710106850050856,1.0,PASS_LMOM_FINITE_MEAN
0.2,85,KDE,-0.2020612931227468,0.005832051271370229,1.0,PASS
0.2,85,TAIL,-0.297411968722147,0.0035262463716481712,1.0,PASS
0.2,86,EMP,-0.1477048235979077,0.0031195257061530078,0.8571428571428571,PASS
0.2,86,EVENT-EMP,-0.1477048235979077,0.0031266806681726064,0.8571428571428571,PASS
0.2,86,GEV,0.0117556558352642,0.006212509916321929,0.8571428571428571,PASS_LMOM_FINITE_MEAN
0.2,86,KDE,-0.1022979276388047,0.011445671075595314,0.8571428571428571,PASS
0.2,86,TAIL,-0.3187951008528101,0.006253956948009886,1.0,FALLBACK_EXPONENTIAL
0.2,87,EMP,-0.2524443814691478,9.583876716925714e-05,1.0,PASS
0.2,87,EVENT-EMP,-0.2524443814691478,4.900577299958192e-06,1.0,PASS
0.2,87,GEV,-0.2571351025734951,1.320154380791966e-06,1.0,PASS_LMOM_FINITE_MEAN
0.2,87,KDE,-0.2401304736612185,0.0023651344590568,1.0,PASS
0.2,87,TAIL,-0.3112103704519469,0.0029041424938192574,1.0,PASS
0.2,88,EMP,-0.1011890089312864,6.25678297340565e-06,1.0,PASS
0.2,88,EVENT-EMP,-0.1011890089312864,6.25678297340565e-06,1.0,PASS
0.2,88,GEV,-0.1052065567245694,0.0014539728606128,1.0,PASS_LMOM_FINITE_MEAN
0.2,88,KDE,-0.0756998695069831,0.009167905521397943,0.8571428571428571,PASS
0.2,88,TAIL,-0.3210058802441938,0.005682674651107771,1.0,FALLBACK_EXPONENTIAL
0.2,89,EMP,-0.1489706361702844,5.325439443323545e-05,1.0,PASS
0.2,89,EVENT-EMP,-0.1489706361702844,0.00010617105926057144,1.0,PASS
0.2,89,GEV,-0.202461751841029,2.2003540201862776e-06,1.0,PASS_LMOM_FINITE_MEAN
0.2,89,KDE,-0.1276618462923029,0.004164824931402229,1.0,PASS
0.2,89,TAIL,-0.3263006412090364,0.004348411620870171,1.0,FALLBACK_EXPONENTIAL
0.2,90,EMP,-0.1780559150127796,4.740386660574541e-06,1.0,PASS
0.2,90,EVENT-EMP,-0.1780559150127796,4.740386660574541e-06,1.0,PASS
0.2,90,GEV,-0.2422473472548857,9.971033934959363e-06,1.0,PASS_LMOM_FINITE_MEAN
0.2,90,KDE,-0.1615122988010794,0.003644813106942743,1.0,PASS
0.2,90,TAIL,-0.317648684036894,0.0035290323206197713,1.0,PASS
0.2,91,EMP,-0.1230357264948927,3.85113039059435e-05,1.0,PASS
0.2,91,EVENT-EMP,-0.1230357264948927,6.532261082097144e-05,1.0,PASS
0.2,91,GEV,-0.1302342798190867,0.0013864761156933713,1.0,PASS_LMOM_FINITE_MEAN
0.2,91,KDE,-0.1005974905040995,0.008704613735271914,0.8571428571428571,PASS
0.2,91,TAIL,-0.3192855795523999,0.0061104319745138285,1.0,FALLBACK_EXPONENTIAL
0.2,92,EMP,-0.3042479121006867,3.302194589821343e-05,1.0,PASS
0.2,92,EVENT-EMP,-0.3042479121006867,2.838837132736242e-05,1.0,PASS
0.2,92,GEV,-0.2909391136708851,6.213868819446178e-06,1.0,PASS_LMOM_FINITE_MEAN
0.2,92,KDE,-0.2965963126781503,0.0009865357182965143,1.0,PASS
0.2,92,TAIL,-0.3338186977384784,0.0015381174352713143,1.0,PASS
0.2,93,EMP,-0.2055394257823959,1.7096672170182802e-05,1.0,PASS
0.2,93,EVENT-EMP,-0.2055394257823959,1.7096672170182802e-05,1.0,PASS
0.2,93,GEV,-0.1686661989369789,0.0008590158684516,1.0,PASS_LMOM_FINITE_MEAN
0.2,93,KDE,-0.1874232904624119,0.004805278707000457,1.0,PASS
0.2,93,TAIL,-0.3256453261495595,0.004609345910331257,1.0,FALLBACK_EXPONENTIAL
0.2,94,EMP,-0.1974581062260936,4.993728683220074e-06,1.0,PASS
0.2,94,EVENT-EMP,-0.1974581062260936,8.18323757875976e-06,1.0,PASS
0.2,94,GEV,-0.2234573626771638,3.599204182447026e-05,1.0,PASS_LMOM_FINITE_MEAN
0.2,94,KDE,-0.1825358393020155,0.003473919393044857,1.0,PASS
0.2,94,TAIL,-0.3142377640256318,0.002667593771488286,1.0,PASS
0.2,95,EMP,-0.1998227229549659,2.525509869607678e-05,1.0,PASS
0.2,95,EVENT-EMP,-0.1998227229549659,2.2398192898978546e-06,1.0,PASS
0.2,95,GEV,-0.1298940095370162,0.0018443174102005715,1.0,PASS_LMOM_FINITE_MEAN
0.2,95,KDE,-0.1774537784423745,0.006810560724724457,1.0,PASS
0.2,95,TAIL,-0.32489436597329,0.0046996710962904,1.0,FALLBACK_EXPONENTIAL
0.2,96,EMP,-0.2085814608170184,6.483450314817142e-05,1.0,PASS
0.2,96,EVENT-EMP,-0.2085814608170184,2.047511281926003e-05,1.0,PASS
0.2,96,GEV,-0.2693628441032958,6.910712633651925e-06,1.0,PASS_LMOM_FINITE_MEAN
0.2,96,KDE,-0.1959025268707527,0.0028160400255527996,1.0,PASS
0.2,96,TAIL,-0.3177970254182938,0.0035474179468054285,1.0,PASS
0.2,97,EMP,-0.2372988893168637,7.1804890746266655e-06,1.0,PASS
0.2,97,EVENT-EMP,-0.2372988893168637,2.6741546830776265e-06,1.0,PASS
0.2,97,GEV,-0.2662004012824597,3.5676761431515104e-05,1.0,PASS_LMOM_FINITE_MEAN
0.2,97,KDE,-0.2260455003407117,0.0020599915722692573,1.0,PASS
0.2,97,TAIL,-0.3293491971748948,0.0035836395767681714,1.0,FALLBACK_EXPONENTIAL
0.2,98,EMP,0.2751926941380533,0.0031790648680018003,0.8571428571428571,PASS
0.2,98,EVENT-EMP,0.2751926941380533,0.0031572586794103613,0.8571428571428571,PASS
0.2,98,GEV,0.0249790999071097,0.0020970722781889144,1.0,PASS_LMOM_FINITE_MEAN
0.2,98,KDE,0.3306619147252689,0.06115421203204934,0.42857142857142855,PASS
0.2,98,TAIL,-0.3117996749229445,0.007910010312835829,1.0,FALLBACK_EXPONENTIAL
0.2,99,EMP,0.514334549314328,0.003292902445783214,0.8571428571428571,PASS
0.2,99,EVENT-EMP,0.514334549314328,0.003255593156665471,0.8571428571428571,PASS
0.2,99,GEV,-0.0642448025357646,1.8400995644100186e-05,1.0,PASS_LMOM_FINITE_MEAN
0.2,99,KDE,0.5854163061507852,0.08448913423174864,0.14285714285714285,PASS
0.2,99,TAIL,-0.3180690152641208,0.0062367674111810855,1.0,FALLBACK_EXPONENTIAL
0.2,100,EMP,-0.1934888914070653,6.801196336817143e-05,1.0,PASS
0.2,100,EVENT-EMP,-0.1934888914070653,0.0029189545768050014,0.8571428571428571,PASS
0.2,100,GEV,-0.1207464073285681,0.0017895256528123427,1.0,PASS_LMOM_FINITE_MEAN
0.2,100,KDE,-0.1700014991204998,0.00800326644014997,0.8571428571428571,PASS
0.2,100,TAIL,-0.2683200083603719,0.004362327902741486,1.0,PASS
0.2,101,EMP,-0.1924049823818696,9.831332226805714e-05,1.0,PASS
0.2,101,EVENT-EMP,-0.1924049823818696,4.7423378311876403e-05,1.0,PASS
0.2,101,GEV,-0.1202405842942532,0.0020572830010806855,1.0,PASS_LMOM_FINITE_MEAN
0.2,101,KDE,-0.172389520833963,0.007941251685467457,0.8571428571428571,PASS
0.2,101,TAIL,-0.3000958211420069,0.003982154849963543,1.0,PASS
0.2,102,EMP,-0.2342831656039271,5.526620342298543e-05,1.0,PASS
0.2,102,EVENT-EMP,-0.2342831656039271,5.526620342298543e-05,1.0,PASS
0.2,102,GEV,-0.2398534112848487,5.4599879250157216e-05,1.0,PASS_LMOM_FINITE_MEAN
0.2,102,KDE,-0.2228011134945928,0.002993683658258,1.0,PASS
0.2,102,TAIL,-0.327824725796653,0.0039194517839132,1.0,FALLBACK_EXPONENTIAL
0.2,103,EMP,-0.3619783792368885,3.791372418466339e-05,1.0,PASS
0.2,103,EVENT-EMP,-0.3619783792368885,3.791372418466339e-05,1.0,PASS
0.2,103,GEV,-0.3620680497218818,3.64773141515967e-05,1.0,PASS_LMOM_FINITE_MEAN
0.2,103,KDE,-0.3614151788478747,3.404617226552765e-05,1.0,PASS
0.2,103,TAIL,-0.3620257655998394,5.771732742908572e-05,1.0,PASS
0.2,104,EMP,-0.0908621638796111,4.116570237350972e-05,1.0,PASS
0.2,104,EVENT-EMP,-0.0908621638796111,0.00011214241270102857,1.0,PASS
0.2,104,GEV,-0.2749587074612969,0.00043543936308925715,1.0,PASS_LMOM_FINITE_MEAN
0.2,104,KDE,-0.0686797343458319,0.003124171271799029,1.0,PASS
0.2,104,TAIL,-0.3243867047703126,0.004516510688065829,1.0,FALLBACK_EXPONENTIAL
0.2,105,EMP,0.0816292625187064,0.0031323737105162786,0.8571428571428571,PASS
0.2,105,EVENT-EMP,0.0816292625187064,0.0212890372696915,0.7142857142857143,PASS
0.2,105,GEV,0.2178124752013538,0.007705654927075085,0.8571428571428571,PASS_LMOM_FINITE_MEAN
0.2,105,KDE,0.138636181215152,0.06115421203204934,0.42857142857142855,PASS
0.2,105,TAIL,-0.3059584481693246,0.00939558080089503,1.0,FALLBACK_EXPONENTIAL
0.2,106,EMP,0.056874542079291,6.0482467633142856e-05,1.0,PASS
0.2,106,EVENT-EMP,0.056874542079291,2.0172180001398845e-06,1.0,PASS
0.2,106,GEV,-0.1521559655317096,0.00012156506710480001,1.0,PASS_LMOM_FINITE_MEAN
0.2,106,KDE,0.0913252285928002,0.009769293656904057,0.8571428571428571,PASS
0.2,106,TAIL,-0.3025313393404734,0.0032174757884134287,1.0,PASS
0.2,107,EMP,-0.2609436837811784,3.4561770178731504e-05,1.0,PASS
0.2,107,EVENT-EMP,-0.2609436837811784,2.7462194579418698e-05,1.0,PASS
0.2,107,GEV,-0.2831820736610906,0.00011154675383502857,1.0,PASS_LMOM_FINITE_MEAN
0.2,107,KDE,-0.2518585073404736,0.0012779649867137141,1.0,PASS
0.2,107,TAIL,-0.3302328792355058,0.002330874938832743,1.0,PASS
0.2,108,EMP,-0.2619755000857314,2.0463225528329458e-05,1.0,PASS
0.2,108,EVENT-EMP,-0.2619755000857314,2.0463225528329458e-05,1.0,PASS
0.2,108,GEV,-0.2873055472654174,5.631876411590295e-06,1.0,PASS_LMOM_FINITE_MEAN
0.2,108,KDE,-0.2533700456287421,0.001815055976371486,1.0,PASS
0.2,108,TAIL,-0.3305747277726235,0.002111735501554,1.0,PASS
0.2,109,EMP,-0.361727983107996,6.043557993182857e-05,1.0,PASS
0.2,109,EVENT-EMP,-0.361727983107996,9.614377950630011e-06,1.0,PASS
0.2,109,GEV,-0.3609500951659576,8.356908289954286e-05,1.0,PASS_LMOM_FINITE_MEAN
0.2,109,KDE,-0.3605012290154399,6.542148291988572e-05,1.0,PASS
0.2,109,TAIL,-0.3616375295329069,3.1731131152078765e-05,1.0,PASS
0.2,110,EMP,-0.0541921639851713,0.0031955106960986288,0.8571428571428571,PASS
0.2,110,EVENT-EMP,-0.0541921639851713,0.0032118743423528717,0.8571428571428571,PASS
0.2,110,GEV,0.0502169658792245,0.006651937250169485,0.8571428571428571,PASS_LMOM_FINITE_MEAN
0.2,110,KDE,-0.0221798650158341,0.013210291028699672,0.8571428571428571,PASS
0.2,110,TAIL,-0.2463206214227372,0.0049295595206067435,1.0,PASS
0.2,111,EMP,-0.3296745875159914,1.646945089142065e-05,1.0,PASS
0.2,111,EVENT-EMP,-0.3296745875159914,1.7594995432759325e-07,1.0,PASS
0.2,111,GEV,-0.3369386464013189,7.25104076452e-05,1.0,PASS_LMOM_FINITE_MEAN
0.2,111,KDE,-0.3268296947126725,5.110095848197195e-05,1.0,PASS
0.2,111,TAIL,-0.3457600128707077,0.0008944199920117715,1.0,PASS
0.2,112,EMP,-0.3301323778157758,1.288496258586907e-06,1.0,PASS
0.2,112,EVENT-EMP,-0.3301323778157758,1.288496258586907e-06,1.0,PASS
0.2,112,GEV,-0.3236719715772311,1.9379919536118697e-07,1.0,PASS_LMOM_FINITE_MEAN
0.2,112,KDE,-0.3262272084867583,0.000305174648304,1.0,PASS
0.2,112,TAIL,-0.3425323168501478,0.001657768338436,1.0,PASS
0.2,113,EMP,-0.2035222605810026,3.315644397962505e-05,1.0,PASS
0.2,113,EVENT-EMP,-0.2035222605810026,4.282479909610818e-05,1.0,PASS
0.2,113,GEV,-0.1091611773127934,0.0030183127068863997,1.0,PASS_LMOM_FINITE_MEAN
0.2,113,KDE,-0.1810657677085554,0.007953598491686571,1.0,PASS
0.2,113,TAIL,-0.284038865550603,0.004033522676250172,1.0,PASS
0.2,114,EMP,-0.1616708241809375,0.00010806708952171428,1.0,PASS
0.2,114,EVENT-EMP,-0.1616708241809375,0.00010806708952171428,1.0,PASS
0.2,114,GEV,-0.0556143967415869,0.0038426828217377716,1.0,PASS_LMOM_FINITE_MEAN
0.2,114,KDE,-0.1345004947475597,0.010742613972860585,0.8571428571428571,PASS
0.2,114,TAIL,-0.2652326290166054,0.0046098409878116,1.0,PASS
0.2,115,EMP,-0.2795328818809997,6.620930032062388e-07,1.0,PASS
0.2,115,EVENT-EMP,-0.2795328818809997,2.021400707503449e-05,1.0,PASS
0.2,115,GEV,-0.2798879484293263,4.98214725922958e-06,1.0,PASS_LMOM_FINITE_MEAN
0.2,115,KDE,-0.2719715566930386,0.0015661637317046285,1.0,PASS
0.2,115,TAIL,-0.3309459439966655,0.003445779224053657,1.0,FALLBACK_EXPONENTIAL
0.2,116,EMP,-0.0698357304432482,5.6567085202823884e-05,1.0,PASS
0.2,116,EVENT-EMP,-0.0698357304432482,1.3687944989316334e-05,1.0,PASS
0.2,116,GEV,-0.1876096488792533,3.968685148935905e-05,1.0,PASS_LMOM_FINITE_MEAN
0.2,116,KDE,-0.0405647112701618,0.007697460989050642,0.8571428571428571,PASS
0.2,116,TAIL,-0.3276418305100452,0.004400119212238857,1.0,FALLBACK_EXPONENTIAL
0.2,117,EMP,-0.1950247455326793,1.094558526161678e-06,1.0,PASS
0.2,117,EVENT-EMP,-0.1950247455326793,1.2124031144023789e-06,1.0,PASS
0.2,117,GEV,-0.1885802419565379,0.0003856165666234857,1.0,PASS_LMOM_FINITE_MEAN
0.2,117,KDE,-0.1770305722374454,0.004363932400040743,1.0,PASS
0.2,117,TAIL,-0.3115756952900588,0.0025943541150461142,1.0,PASS
0.2,118,EMP,0.010806308189997,1.9660817659743317e-05,1.0,PASS
0.2,118,EVENT-EMP,0.010806308189997,0.0031253846669358,0.8571428571428571,PASS
0.2,118,GEV,-0.106629509282786,0.0008301876198936572,1.0,PASS_LMOM_FINITE_MEAN
0.2,118,KDE,0.0446552032847345,0.0101593569631396,0.8571428571428571,PASS
0.2,118,TAIL,-0.3199475432117802,0.005969061138905486,1.0,FALLBACK_EXPONENTIAL
0.2,119,EMP,0.0998113160882651,0.003119174488594735,0.8571428571428571,PASS
0.2,119,EVENT-EMP,0.0998113160882651,0.0031196577488882766,0.8571428571428571,PASS
0.2,119,GEV,-0.0268716794782973,0.001435943732186057,1.0,PASS_LMOM_FINITE_MEAN
0.2,119,KDE,0.1428629442456676,0.012985689180254199,0.8571428571428571,PASS
0.2,119,TAIL,-0.3177939153065242,0.006381342950194058,1.0,FALLBACK_EXPONENTIAL
0.2,120,EMP,-0.180981850232641,1.0509356596975033e-06,1.0,PASS
0.2,120,EVENT-EMP,-0.180981850232641,1.1481006373659137e-05,1.0,PASS
0.2,120,GEV,-0.0630705641580643,0.0037524601172926855,1.0,PASS_LMOM_FINITE_MEAN
0.2,120,KDE,-0.1447926695265191,0.0105415665515293,0.8571428571428571,PASS
0.2,120,TAIL,-0.3210709921474523,0.005668381885647314,1.0,FALLBACK_EXPONENTIAL
0.2,121,EMP,0.0874638506175747,0.0031459057955035676,0.8571428571428571,PASS
0.2,121,EVENT-EMP,0.0874638506175747,0.0031419392180524496,0.8571428571428571,PASS
0.2,121,GEV,-0.0314367719904067,0.0019625263549500572,1.0,PASS_LMOM_FINITE_MEAN
0.2,121,KDE,0.1272815458366695,0.013015242163250498,0.8571428571428571,PASS
0.2,121,TAIL,-0.31954432294085,0.006100393588428343,1.0,FALLBACK_EXPONENTIAL
0.2,122,EMP,-0.3620337156774068,2.910618269022976e-06,1.0,PASS
0.2,122,EVENT-EMP,-0.3620337156774068,8.918613160752629e-06,1.0,PASS
0.2,122,GEV,-0.3617711157494596,1.08203999186632e-07,1.0,PASS_LMOM_FINITE_MEAN
0.2,122,KDE,-0.3608421722709309,7.311009111863749e-09,1.0,PASS
0.2,122,TAIL,-0.3618837057275729,4.3815843324681375e-05,1.0,PASS
0.2,123,EMP,-0.0105178533470633,0.0031890738681600575,0.8571428571428571,PASS
0.2,123,EVENT-EMP,-0.0105178533470633,0.0031779973345217286,0.8571428571428571,PASS
0.2,123,GEV,0.1347319617288932,0.007577461275380886,0.8571428571428571,PASS_LMOM_FINITE_MEAN
0.2,123,KDE,0.0279667118174418,0.015377695129092187,0.8571428571428571,PASS
0.2,123,TAIL,-0.3103106828798139,0.008155049207655887,1.0,FALLBACK_EXPONENTIAL
0.2,124,EMP,-0.2299534525326361,7.121131097422857e-05,1.0,PASS
0.2,124,EVENT-EMP,-0.2299534525326361,7.121131097422857e-05,1.0,PASS
0.2,124,GEV,-0.1272930420083979,0.003292120303751028,1.0,PASS_LMOM_FINITE_MEAN
0.2,124,KDE,-0.2070867782410095,0.007601139256971599,1.0,PASS
0.2,124,TAIL,-0.2814600894288284,0.004322730720720058,1.0,PASS
0.2,125,EMP,-0.2986838386627906,4.5015794104939346e-05,1.0,PASS
0.2,125,EVENT-EMP,-0.2986838386627906,2.5775930477951236e-05,1.0,PASS
0.2,125,GEV,-0.2683715272223365,8.849651009354286e-05,1.0,PASS_LMOM_FINITE_MEAN
0.2,125,KDE,-0.2902484908268155,0.0016619557479562285,1.0,PASS
0.2,125,TAIL,-0.3248718297738647,0.00234541091216,1.0,PASS
0.2,126,EMP,-0.1791916431465625,3.880608868460771e-05,1.0,PASS
0.2,126,EVENT-EMP,-0.1791916431465625,8.997438014708572e-05,1.0,PASS
0.2,126,GEV,-0.287840756720671,0.0004269030245295429,1.0,PASS_LMOM_FINITE_MEAN
0.2,126,KDE,-0.1641657792895682,0.0018695696710505714,1.0,PASS
0.2,126,TAIL,-0.3279741483321465,0.003935959123732114,1.0,FALLBACK_EXPONENTIAL
0.2,127,EMP,-0.1752385082927371,4.7515827459648186e-05,1.0,PASS
0.2,127,EVENT-EMP,-0.1752385082927371,1.7936229055982788e-05,1.0,PASS
0.2,127,GEV,-0.1882142551438581,0.0005604126636930285,1.0,PASS_LMOM_FINITE_MEAN
0.2,127,KDE,-0.1573430120704346,0.0051466063286638285,1.0,PASS
0.2,127,TAIL,-0.3265790938648835,0.004300607328181429,1.0,FALLBACK_EXPONENTIAL
0.2,128,EMP,0.0031133702805036,0.0001620748171472,1.0,PASS
0.2,128,EVENT-EMP,0.0031133702805036,8.642449896937143e-05,1.0,PASS
0.2,128,GEV,-0.2455341087220595,0.00013631626332097143,1.0,PASS_LMOM_FINITE_MEAN
0.2,128,KDE,0.0328633153074997,0.006716691584569471,0.8571428571428571,PASS
0.2,128,TAIL,-0.31513563821472,0.004458200142167143,1.0,PASS
0.2,129,EMP,-0.1514277203263069,8.001200524258892e-07,1.0,PASS
0.2,129,EVENT-EMP,-0.1514277203263069,1.492114258082103e-06,1.0,PASS
0.2,129,GEV,-0.1630519591792365,0.0006392221433404571,1.0,PASS_LMOM_FINITE_MEAN
0.2,129,KDE,-0.1302990718787516,0.005525424181158571,1.0,PASS
0.2,129,TAIL,-0.3263991940344211,0.004702582171416228,1.0,FALLBACK_EXPONENTIAL
0.2,130,EMP,-0.1942220920289789,9.699946044269048e-08,1.0,PASS
0.2,130,EVENT-EMP,-0.1942220920289789,2.0327453579595673e-05,1.0,PASS
0.2,130,GEV,-0.0912128509790404,0.0024059408177240574,1.0,PASS_LMOM_FINITE_MEAN
0.2,130,KDE,-0.1671312387321195,0.008308812946215143,0.8571428571428571,PASS
0.2,130,TAIL,-0.3235334386409076,0.005126445512254001,1.0,FALLBACK_EXPONENTIAL
0.2,131,EMP,-0.0437859442615676,1.425820270423344e-05,1.0,PASS
0.2,131,EVENT-EMP,-0.0437859442615676,1.3122168143432333e-05,1.0,PASS
0.2,131,GEV,-0.1205542541784233,0.0007680512995453143,1.0,PASS_LMOM_FINITE_MEAN
0.2,131,KDE,-0.0156799695320668,0.009509423530593657,0.8571428571428571,PASS
0.2,131,TAIL,-0.3221508061315721,0.0052305454186683436,1.0,FALLBACK_EXPONENTIAL
0.2,132,EMP,-0.0128555459907899,5.8492867316954194e-06,1.0,PASS
0.2,132,EVENT-EMP,-0.0128555459907899,9.493588267185515e-06,1.0,PASS
0.2,132,GEV,-0.241999341733537,5.348613115819472e-05,1.0,PASS_LMOM_FINITE_MEAN
0.2,132,KDE,0.01559571929545,0.007076152618954814,0.8571428571428571,PASS
0.2,132,TAIL,-0.32312733518339,0.0051458557567322285,1.0,FALLBACK_EXPONENTIAL
0.2,133,EMP,-0.055914948537416,0.003122990504298242,0.8571428571428571,PASS
0.2,133,EVENT-EMP,-0.055914948537416,0.0031208370999137873,0.8571428571428571,PASS
0.2,133,GEV,0.010408611583347,0.006088764619103286,0.8571428571428571,PASS_LMOM_FINITE_MEAN
0.2,133,KDE,-0.0265979153509857,0.01290661613422823,0.8571428571428571,PASS
0.2,133,TAIL,-0.3172282420052089,0.006588003967544629,1.0,FALLBACK_EXPONENTIAL
0.2,134,EMP,-0.2522471640112165,3.991681502137846e-06,1.0,PASS
0.2,134,EVENT-EMP,-0.2522471640112165,6.103654166931429e-05,1.0,PASS
0.2,134,GEV,-0.1997070852646767,0.0006114887858298286,1.0,PASS_LMOM_FINITE_MEAN
0.2,134,KDE,-0.2256999242426391,0.003532190343136229,1.0,PASS
0.2,134,TAIL,-0.3251284834156417,0.004486022514860686,1.0,FALLBACK_EXPONENTIAL
0.2,135,EMP,-0.0978907366158838,3.0725169294479034e-07,1.0,PASS
0.2,135,EVENT-EMP,-0.0978907366158838,3.0725169294479034e-07,1.0,PASS
0.2,135,GEV,-0.1857161907406082,0.0002673159264004,1.0,PASS_LMOM_FINITE_MEAN
0.2,135,KDE,-0.0749787574665554,0.006181864703353543,1.0,PASS
0.2,135,TAIL,-0.3248091534730737,0.004785257377230685,1.0,FALLBACK_EXPONENTIAL
0.2,136,EMP,-0.0083002478708168,0.0031382597769495832,0.8571428571428571,PASS
0.2,136,EVENT-EMP,-0.0083002478708168,0.0032485284662139144,0.8571428571428571,PASS
0.2,136,GEV,0.159268326408116,0.008406704735709957,0.8571428571428571,PASS_LMOM_FINITE_MEAN
0.2,136,KDE,0.0296845251631678,0.030400425848140157,0.7142857142857143,PASS
0.2,136,TAIL,-0.3076477346860081,0.008985698358599543,1.0,FALLBACK_EXPONENTIAL
0.2,137,EMP,-0.2458911857485768,0.0003196205805404572,1.0,PASS
0.2,137,EVENT-EMP,-0.2458911857485768,6.296240075415463e-07,1.0,PASS
0.2,137,GEV,-0.2357634098845761,0.00010334722493382857,1.0,PASS_LMOM_FINITE_MEAN
0.2,137,KDE,-0.232192728384301,0.0031806518825489715,1.0,PASS
0.2,137,TAIL,-0.3313740627178778,0.0034027973591137144,1.0,FALLBACK_EXPONENTIAL
0.2,138,EMP,-0.0035726071083913,0.003118857171712524,0.8571428571428571,PASS
0.2,138,EVENT-EMP,-0.0035726071083913,0.0031210425418834605,0.8571428571428571,PASS
0.2,138,GEV,-0.0446292576558646,0.0017650724673778857,1.0,PASS_LMOM_FINITE_MEAN
0.2,138,KDE,0.0308076087658043,0.011577229852796715,0.8571428571428571,PASS
0.2,138,TAIL,-0.2850870909257723,0.0038191213158608,1.0,PASS
0.2,139,EMP,-0.2447123666894106,1.3601854083091501e-05,1.0,PASS
0.2,139,EVENT-EMP,-0.2447123666894106,1.5927289722004263e-05,1.0,PASS
0.2,139,GEV,-0.1974318249488395,0.0008300725019125143,1.0,PASS_LMOM_FINITE_MEAN
0.2,139,KDE,-0.2223841953854865,0.004356111939813429,1.0,PASS
0.2,139,TAIL,-0.3246995078682186,0.0047359496900404,1.0,FALLBACK_EXPONENTIAL
0.2,140,EMP,0.1675874163542875,0.0031752042860334574,0.8571428571428571,PASS
0.2,140,EVENT-EMP,0.1675874163542875,0.0031327779751977045,0.8571428571428571,PASS
0.2,140,GEV,0.1666854016791184,0.005930560176715471,0.8571428571428571,PASS_LMOM_FINITE_MEAN
0.2,140,KDE,0.220595464918101,0.06115421203204934,0.42857142857142855,PASS
0.2,140,TAIL,-0.3129384282021568,0.007604513561284857,1.0,FALLBACK_EXPONENTIAL
0.2,141,EMP,-0.2369713264503956,0.002923927150118252,0.8571428571428571,PASS
0.2,141,EVENT-EMP,-0.2369713264503956,0.002916880534731691,0.8571428571428571,PASS
0.2,141,GEV,-0.0946344619804125,0.005680806329527314,1.0,PASS_LMOM_FINITE_MEAN
0.2,141,KDE,-0.2086478540870086,0.013029606882013798,0.7142857142857143,PASS
0.2,141,TAIL,-0.3226473973432974,0.005379772042024515,1.0,FALLBACK_EXPONENTIAL
0.2,142,EMP,0.9366776634169542,0.003139825126543671,0.8571428571428571,PASS
0.2,142,EVENT-EMP,0.9366776634169542,0.003136001630446494,0.8571428571428571,PASS
0.2,142,GEV,0.0470527522645217,0.00023430792537760002,1.0,PASS_LMOM_FINITE_MEAN
0.2,142,KDE,1.0419346805740577,0.08448913423174864,0.14285714285714285,PASS
0.2,142,TAIL,-0.3092766154052913,0.008448658161843486,1.0,FALLBACK_EXPONENTIAL
0.2,143,EMP,0.2175415794788897,0.02119651086223925,0.7142857142857143,PASS
0.2,143,EVENT-EMP,0.2175415794788897,0.02119651086223925,0.7142857142857143,PASS
0.2,143,GEV,0.292730102009638,0.008746712117333072,0.8571428571428571,PASS_LMOM_FINITE_MEAN
0.2,143,KDE,0.2714655267269901,0.06115421203204934,0.42857142857142855,PASS
0.2,143,TAIL,-0.3048526209246863,0.009383497043925772,1.0,FALLBACK_EXPONENTIAL
0.2,144,EMP,-0.1690970257679741,0.00017616863689257144,1.0,PASS
0.2,144,EVENT-EMP,-0.1690970257679741,3.159399376488665e-05,1.0,PASS
0.2,144,GEV,-0.2200371271042911,5.5384725799977446e-08,1.0,PASS_LMOM_FINITE_MEAN
0.2,144,KDE,-0.1471530058019105,0.0039550586777232,1.0,PASS
0.2,144,TAIL,-0.3256780926662039,0.004348812799429657,1.0,FALLBACK_EXPONENTIAL
0.2,145,EMP,0.0683011981541257,0.0031204866646506943,0.8571428571428571,PASS
0.2,145,EVENT-EMP,0.0683011981541257,0.0031204866646506943,0.8571428571428571,PASS
0.2,145,GEV,-0.0579171534992598,0.0015464829741285715,1.0,PASS_LMOM_FINITE_MEAN
0.2,145,KDE,0.1054640075522732,0.012209269739675843,0.8571428571428571,PASS
0.2,145,TAIL,-0.3189896083920586,0.006106024415778971,1.0,FALLBACK_EXPONENTIAL
0.2,146,EMP,0.0957563383420185,0.0031193110819458633,0.8571428571428571,PASS
0.2,146,EVENT-EMP,0.0957563383420185,0.0031233361220765607,0.8571428571428571,PASS
0.2,146,GEV,-0.100356784527747,0.000995827426838457,1.0,PASS_LMOM_FINITE_MEAN
0.2,146,KDE,0.135008326388566,0.011927576030658698,0.8571428571428571,PASS
0.2,146,TAIL,-0.3154911205937976,0.006774304205705772,1.0,FALLBACK_EXPONENTIAL
0.2,147,EMP,-0.0750670366610693,0.0031511435871437767,0.8571428571428571,PASS
0.2,147,EVENT-EMP,-0.0750670366610693,0.0031568399874693613,0.8571428571428571,PASS
0.2,147,GEV,-0.0211507513513329,0.0023403213670394286,1.0,PASS_LMOM_FINITE_MEAN
0.2,147,KDE,-0.0419677013623135,0.010797717807808213,0.8571428571428571,PASS
0.2,147,TAIL,-0.3196448965149924,0.006057277180130628,1.0,FALLBACK_EXPONENTIAL
0.2,148,EMP,-0.0891663531126996,0.0031257869132048826,0.8571428571428571,PASS
0.2,148,EVENT-EMP,-0.0891663531126996,2.44588008701665e-05,1.0,PASS
0.2,148,GEV,-0.0201452459901714,0.002661749091556914,1.0,PASS_LMOM_FINITE_MEAN
0.2,148,KDE,-0.0613231516624772,0.010725600096226215,0.8571428571428571,PASS
0.2,148,TAIL,-0.2865697939231864,0.004620978609892057,1.0,PASS
0.2,149,EMP,0.0304788772106786,0.0031918583118207143,0.8571428571428571,PASS
0.2,149,EVENT-EMP,0.0304788772106786,0.0031380735622125256,0.8571428571428571,PASS
0.2,149,GEV,-0.00034220142717,0.0016060076745658286,1.0,PASS_LMOM_FINITE_MEAN
0.2,149,KDE,0.0908512892697152,0.012618738584725687,0.8571428571428571,PASS
0.2,149,TAIL,-0.3161381302751996,0.006608728150569886,1.0,FALLBACK_EXPONENTIAL
0.2,150,EMP,-0.0604923184540392,0.0031187993641719866,0.8571428571428571,PASS
0.2,150,EVENT-EMP,-0.0604923184540392,3.3768213614419533e-06,1.0,PASS
0.2,150,GEV,-0.0373941857164536,0.002625967546810457,1.0,PASS_LMOM_FINITE_MEAN
0.2,150,KDE,-0.0314678374062692,0.011571658119963057,0.8571428571428571,PASS
0.2,150,TAIL,-0.3194613691467153,0.005828688153071372,1.0,FALLBACK_EXPONENTIAL
0.2,151,EMP,-0.2517474794647169,3.835139734132581e-06,1.0,PASS
0.2,151,EVENT-EMP,-0.2517474794647169,3.835139734132581e-06,1.0,PASS
0.2,151,GEV,-0.2737350196483286,0.00011083345475222856,1.0,PASS_LMOM_FINITE_MEAN
0.2,151,KDE,-0.2422699826844492,0.0015327617328770285,1.0,PASS
0.2,151,TAIL,-0.3304997660005686,0.003394401794674457,1.0,FALLBACK_EXPONENTIAL
0.2,152,EMP,-0.00348367764318,0.0031404310178699685,0.8571428571428571,PASS
0.2,152,EVENT-EMP,-0.00348367764318,0.003128112544341011,0.8571428571428571,PASS
0.2,152,GEV,0.1848788823158362,0.008469875466171357,0.8571428571428571,PASS_LMOM_FINITE_MEAN
0.2,152,KDE,0.0388781597473004,0.045257002947922544,0.5714285714285714,PASS
0.2,152,TAIL,-0.3149750582276252,0.006971598684355028,1.0,FALLBACK_EXPONENTIAL
0.2,153,EMP,0.1445779889415146,0.0031359166502810247,0.8571428571428571,PASS
0.2,153,EVENT-EMP,0.1445779889415146,0.0031602700562996917,0.8571428571428571,PASS
0.2,153,GEV,0.2271829891643466,0.0069137836013389,0.8571428571428571,PASS_LMOM_FINITE_MEAN
0.2,153,KDE,0.2374965771686821,0.06115421203204934,0.42857142857142855,PASS
0.2,153,TAIL,-0.304883894429157,0.009453937693086056,1.0,FALLBACK_EXPONENTIAL
0.2,154,EMP,0.4387617340023076,0.0031563488603802807,0.8571428571428571,PASS
0.2,154,EVENT-EMP,0.4387617340023076,0.0031382316882499614,0.8571428571428571,PASS
0.2,154,GEV,0.1200293655300453,0.004881119199902029,0.8571428571428571,PASS_LMOM_FINITE_MEAN
0.2,154,KDE,0.5078862289198303,0.08448913423174864,0.14285714285714285,PASS
0.2,154,TAIL,-0.310844426425392,0.008218298551222629,1.0,FALLBACK_EXPONENTIAL
0.2,155,EMP,-0.1808353786488375,3.353710477219032e-06,1.0,PASS
0.2,155,EVENT-EMP,-0.1808353786488375,3.633623142235184e-05,1.0,PASS
0.2,155,GEV,-0.1611541987540345,0.0006958507263806286,1.0,PASS_LMOM_FINITE_MEAN
0.2,155,KDE,-0.1628923324433331,0.005337551055371028,1.0,PASS
0.2,155,TAIL,-0.2991504002817351,0.0033340028313876002,1.0,PASS
0.2,156,EMP,-0.2389741440167147,1.3188522449484433e-05,1.0,PASS
0.2,156,EVENT-EMP,-0.2389741440167147,1.9041966049890748e-09,1.0,PASS
0.2,156,GEV,-0.1954533386747587,0.0008183841380985143,1.0,PASS_LMOM_FINITE_MEAN
0.2,156,KDE,-0.2246900229601141,0.004018679877398114,1.0,PASS
0.2,156,TAIL,-0.3091365395471533,0.004097695912410057,1.0,PASS
0.2,157,EMP,-0.1567524457720088,0.006392098981607871,0.7142857142857143,PASS
0.2,157,EVENT-EMP,-0.1567524457720088,0.008402563205164757,0.7142857142857143,PASS
0.2,157,GEV,-0.0200361171264943,0.013600606573829829,0.7142857142857143,PASS_LMOM_FINITE_MEAN
0.2,157,KDE,-0.1337222911028965,0.018396971257164857,0.7142857142857143,PASS
0.2,157,TAIL,-0.2451187681473188,0.006792119567176285,1.0,PASS
0.2,158,EMP,-0.1128815548575172,4.680844707402253e-05,1.0,PASS
0.2,158,EVENT-EMP,-0.1128815548575172,2.7083125610447765e-05,1.0,PASS
0.2,158,GEV,-0.2272178898116599,2.602427181338432e-06,1.0,PASS_LMOM_FINITE_MEAN
0.2,158,KDE,-0.0912861275645066,0.004950522412924342,1.0,PASS
0.2,158,TAIL,-0.3217865721994445,0.005388728765490743,1.0,FALLBACK_EXPONENTIAL
0.2,159,EMP,-0.1346994131114886,5.7066279437978445e-05,1.0,PASS
0.2,159,EVENT-EMP,-0.1346994131114886,9.671231839502857e-05,1.0,PASS
0.2,159,GEV,-0.0406590971402554,0.002992245685673143,1.0,PASS_LMOM_FINITE_MEAN
0.2,159,KDE,-0.1068537166567747,0.010609058142789271,0.8571428571428571,PASS
0.2,159,TAIL,-0.3210044845104901,0.005756181761151656,1.0,FALLBACK_EXPONENTIAL
0.2,160,EMP,-0.066149956688518,0.006153327417869786,0.7142857142857143,PASS
0.2,160,EVENT-EMP,-0.066149956688518,0.006087604389630301,0.7142857142857143,PASS
0.2,160,GEV,0.1047802694855215,0.010615510390506273,0.8571428571428571,PASS_LMOM_FINITE_MEAN
0.2,160,KDE,-0.0345146143169508,0.02085849393005057,0.7142857142857143,PASS
0.2,160,TAIL,-0.316753550026507,0.006718242459929942,1.0,FALLBACK_EXPONENTIAL
0.2,161,EMP,-0.2097628269590378,6.93386967906562e-07,1.0,PASS
0.2,161,EVENT-EMP,-0.2097628269590378,1.4597576995921075e-05,1.0,PASS
0.2,161,GEV,-0.150713098999684,0.0011788162338468573,1.0,PASS_LMOM_FINITE_MEAN
0.2,161,KDE,-0.1820978451900375,0.0057335289010369715,1.0,PASS
0.2,161,TAIL,-0.3230407632840977,0.005145766538713371,1.0,FALLBACK_EXPONENTIAL
0.2,162,EMP,-0.0118656044490294,0.003145678930010489,0.8571428571428571,PASS
0.2,162,EVENT-EMP,-0.0118656044490294,0.0031215260112009463,0.8571428571428571,PASS
0.2,162,GEV,-0.034118027939664,0.0017766241588265143,1.0,PASS_LMOM_FINITE_MEAN
0.2,162,KDE,0.0244058921912176,0.011476851578103913,0.8571428571428571,PASS
0.2,162,TAIL,-0.3202652144266812,0.0059241792700768,1.0,FALLBACK_EXPONENTIAL
0.2,163,EMP,-0.0764283758388463,0.0002084926006974857,1.0,PASS
0.2,163,EVENT-EMP,-0.0764283758388463,3.288219794938665e-05,1.0,PASS
0.2,163,GEV,-0.2166266590221821,3.9286165923527545e-05,1.0,PASS_LMOM_FINITE_MEAN
0.2,163,KDE,-0.0526943213941257,0.005287562980240286,1.0,PASS
0.2,163,TAIL,-0.3139252866017951,0.002315129357308457,1.0,PASS
0.2,164,EMP,-0.0407643431739743,0.0031306780958613835,0.8571428571428571,PASS
0.2,164,EVENT-EMP,-0.0407643431739743,0.0031306780958613835,0.8571428571428571,PASS
0.2,164,GEV,-0.0517076947420331,0.0017592729845007427,1.0,PASS_LMOM_FINITE_MEAN
0.2,164,KDE,-0.0091724883999454,0.01092130133932047,0.8571428571428571,PASS
0.2,164,TAIL,-0.273290360967645,0.003953936110103714,1.0,PASS
0.2,165,EMP,-0.1882480884700661,5.774319739874286e-05,1.0,PASS
0.2,165,EVENT-EMP,-0.1882480884700661,1.4541382500787876e-06,1.0,PASS
0.2,165,GEV,-0.1384278584336934,0.0010493761903982858,1.0,PASS_LMOM_FINITE_MEAN
0.2,165,KDE,-0.163037726103748,0.006200847265258057,1.0,PASS
0.2,165,TAIL,-0.3247774511974837,0.004624186539949772,1.0,FALLBACK_EXPONENTIAL
0.2,166,EMP,-0.3620719048704895,1.4800211982241441e-05,1.0,PASS
0.2,166,EVENT-EMP,-0.3620719048704895,7.510282843626498e-07,1.0,PASS
0.2,166,GEV,-0.3621005544972641,2.4160465532653077e-06,1.0,PASS_LMOM_FINITE_MEAN
0.2,166,KDE,-0.3603014257835541,1.8876289856763757e-05,1.0,PASS
0.2,166,TAIL,-0.3618623408849837,5.3391259609835695e-05,1.0,PASS
0.2,167,EMP,0.0918058388677048,0.0031955841738596715,0.8571428571428571,PASS
0.2,167,EVENT-EMP,0.0918058388677048,0.003118808833979974,0.8571428571428571,PASS
0.2,167,GEV,0.108347742598369,0.006001589465492929,0.8571428571428571,PASS_LMOM_FINITE_MEAN
0.2,167,KDE,0.1347146802123827,0.029763161036794213,0.7142857142857143,PASS
0.2,167,TAIL,-0.3163232429826257,0.006971364390982629,1.0,FALLBACK_EXPONENTIAL
0.2,168,EMP,-0.2479161913319082,1.2300412415161705e-06,1.0,PASS
0.2,168,EVENT-EMP,-0.2479161913319082,4.530175975936797e-07,1.0,PASS
0.2,168,GEV,-0.2514095403115556,4.5766606926126187e-05,1.0,PASS_LMOM_FINITE_MEAN
0.2,168,KDE,-0.2377727703487686,0.0025492373549939997,1.0,PASS
0.2,168,TAIL,-0.3233565357333647,0.0022214562592210857,1.0,PASS
0.2,169,EMP,-0.2730008649183573,2.547218694813227e-06,1.0,PASS
0.2,169,EVENT-EMP,-0.2730008649183573,3.0386635864669515e-06,1.0,PASS
0.2,169,GEV,-0.2846199689449908,9.72807336701131e-07,1.0,PASS_LMOM_FINITE_MEAN
0.2,169,KDE,-0.2651927055132001,0.0015064676414341144,1.0,PASS
0.2,169,TAIL,-0.3309745118276148,0.0018692707259958857,1.0,PASS
0.2,170,EMP,-0.1274032115283179,1.618109893581493e-10,1.0,PASS
0.2,170,EVENT-EMP,-0.1274032115283179,2.5495952968855492e-05,1.0,PASS
0.2,170,GEV,-0.1284605797618568,0.0011489215766423428,1.0,PASS_LMOM_FINITE_MEAN
0.2,170,KDE,-0.104566058212049,0.008511090658279428,0.8571428571428571,PASS
0.2,170,TAIL,-0.2958375564340864,0.003414709544469371,1.0,PASS
0.2,171,EMP,-0.0831609510412946,1.4321227041294724e-09,1.0,PASS
0.2,171,EVENT-EMP,-0.0831609510412946,2.9986838675627086e-08,1.0,PASS
0.2,171,GEV,-0.2716504576338722,0.00018698712874565715,1.0,PASS_LMOM_FINITE_MEAN
0.2,171,KDE,-0.0604010731007392,0.003514821818947657,1.0,PASS
0.2,171,TAIL,-0.3201379257082233,0.0035295226617337717,1.0,PASS
0.2,172,EMP,-0.2188456749533014,0.0001162485907816,1.0,PASS
0.2,172,EVENT-EMP,-0.2188456749533014,3.722547038579212e-05,1.0,PASS
0.2,172,GEV,-0.2849135050580352,0.0004074324057286286,1.0,PASS_LMOM_FINITE_MEAN
0.2,172,KDE,-0.2069922289763712,0.0014572600500009144,1.0,PASS
0.2,172,TAIL,-0.3266483172750669,0.004171129163355714,1.0,FALLBACK_EXPONENTIAL
0.2,173,EMP,-0.1501784832273523,0.006037525020490397,0.7142857142857143,PASS
0.2,173,EVENT-EMP,-0.1501784832273523,3.265162677719439e-05,1.0,PASS
0.2,173,GEV,-0.036837350650002,0.0031508502280768002,1.0,PASS_LMOM_FINITE_MEAN
0.2,173,KDE,-0.1208323805847585,0.009710810035570257,0.8571428571428571,PASS
0.2,173,TAIL,-0.2772495686625938,0.0030821674001119998,1.0,PASS
0.2,174,EMP,-0.1162787408795814,7.699103079369143e-10,1.0,PASS
0.2,174,EVENT-EMP,-0.1162787408795814,7.699103079369143e-10,1.0,PASS
0.2,174,GEV,-0.2253373039812927,2.0575117867461064e-06,1.0,PASS_LMOM_FINITE_MEAN
0.2,174,KDE,-0.0948102491841267,0.004626946151797486,1.0,PASS
0.2,174,TAIL,-0.3265943788184431,0.0043850983565176,1.0,FALLBACK_EXPONENTIAL
0.2,175,EMP,-0.0927194857984618,0.0031223856282537633,0.8571428571428571,PASS
0.2,175,EVENT-EMP,-0.0927194857984618,6.654613321942857e-05,1.0,PASS
0.2,175,GEV,-0.0363020984098388,0.003822133207848743,1.0,PASS_LMOM_FINITE_MEAN
0.2,175,KDE,-0.0679324936366476,0.011595673607573884,0.8571428571428571,PASS
0.2,175,TAIL,-0.2702004055486187,0.0043238030376744,1.0,PASS
0.2,176,EMP,-0.1565011623272562,1.4368226953357186e-08,1.0,PASS
0.2,176,EVENT-EMP,-0.1565011623272562,3.892837217296244e-09,1.0,PASS
0.2,176,GEV,-0.1206387932119402,0.0014137432823894285,1.0,PASS_LMOM_FINITE_MEAN
0.2,176,KDE,-0.1338993141543252,0.00825640508189997,0.8571428571428571,PASS
0.2,176,TAIL,-0.3010528476053187,0.004831327622171714,1.0,PASS
0.2,177,EMP,-0.1100776045947009,0.003200145636659757,0.8571428571428571,PASS
0.2,177,EVENT-EMP,-0.1100776045947009,0.006161551895986457,0.7142857142857143,PASS
0.2,177,GEV,0.032749780650188,0.006371233513958715,0.8571428571428571,PASS_LMOM_FINITE_MEAN
0.2,177,KDE,-0.0648383314234031,0.012714900676843943,0.8571428571428571,PASS
0.2,177,TAIL,-0.1810908391583773,0.005879117271256401,1.0,PASS
0.2,178,EMP,-0.1152629169840124,2.3746549496452872e-05,1.0,PASS
0.2,178,EVENT-EMP,-0.1152629169840124,8.537996833352065e-06,1.0,PASS
0.2,178,GEV,-0.1251924807002705,0.0009525871474525142,1.0,PASS_LMOM_FINITE_MEAN
0.2,178,KDE,-0.0921211488193408,0.008512740569659172,0.8571428571428571,PASS
0.2,178,TAIL,-0.2969935595406665,0.0035899339990392,1.0,PASS
0.2,179,EMP,-0.3365595155516498,1.2502379695867017e-07,1.0,PASS
0.2,179,EVENT-EMP,-0.3365595155516498,3.0582149671230277e-06,1.0,PASS
0.2,179,GEV,-0.3231323106234021,5.526448967750968e-08,1.0,PASS_LMOM_FINITE_MEAN
0.2,179,KDE,-0.332030924779601,0.00032407924544491424,1.0,PASS
0.2,179,TAIL,-0.3437478848374821,0.0023625597232130283,1.0,PASS
0.2,180,EMP,0.0066130611689827,5.298325580755637e-05,1.0,PASS
0.2,180,EVENT-EMP,0.0066130611689827,6.811680156497143e-05,1.0,PASS
0.2,180,GEV,-0.1421441767766712,0.0005364062721884,1.0,PASS_LMOM_FINITE_MEAN
0.2,180,KDE,0.0383348080711262,0.009651373690034501,0.8571428571428571,PASS
0.2,180,TAIL,-0.2956253796662327,0.0034427580549981143,1.0,PASS
0.2,181,EMP,0.0677171914331397,0.003119704133154942,0.8571428571428571,PASS
0.2,181,EVENT-EMP,0.0677171914331397,0.003119704133154942,0.8571428571428571,PASS
0.2,181,GEV,0.0824396534397905,0.0053422995682108005,0.8571428571428571,PASS_LMOM_FINITE_MEAN
0.2,181,KDE,0.118652580333502,0.044254906876963575,0.5714285714285714,PASS
0.2,181,TAIL,-0.3135123680657597,0.007395695180200915,1.0,FALLBACK_EXPONENTIAL
0.2,182,EMP,-0.2410549553568809,0.0001333516234708,1.0,PASS
0.2,182,EVENT-EMP,-0.2410549553568809,0.00018705349186885715,1.0,PASS
0.2,182,GEV,-0.2940278733842111,0.0003627181081202857,1.0,PASS_LMOM_FINITE_MEAN
0.2,182,KDE,-0.2309842677921776,0.0011552694287858857,1.0,PASS
0.2,182,TAIL,-0.3339766035842104,0.002677766028337829,1.0,FALLBACK_EXPONENTIAL
0.2,183,EMP,-0.3427676438545154,0.00022644850501994285,1.0,PASS
0.2,183,EVENT-EMP,-0.3427676438545154,7.353151598377143e-05,1.0,PASS
0.2,183,GEV,-0.3475312019347115,0.0004151221874032571,1.0,PASS_LMOM_FINITE_MEAN
0.2,183,KDE,-0.340771977248774,0.0001508723566145143,1.0,PASS
0.2,183,TAIL,-0.3505801344790515,0.0004391511068257143,1.0,PASS
0.2,184,EMP,-0.2545281123052426,8.397455256268572e-05,1.0,PASS
0.2,184,EVENT-EMP,-0.2545281123052426,0.000113215645264,1.0,PASS
0.2,184,GEV,-0.2857393360621275,0.00024535015894885714,1.0,PASS_LMOM_FINITE_MEAN
0.2,184,KDE,-0.245310961810009,0.0014133599550489144,1.0,PASS
0.2,184,TAIL,-0.3268049016741794,0.004079323349095028,1.0,FALLBACK_EXPONENTIAL
0.2,185,EMP,-0.2326393028956972,1.526833441609334e-05,1.0,PASS
0.2,185,EVENT-EMP,-0.2326393028956972,1.8371321425256837e-05,1.0,PASS
0.2,185,GEV,-0.1590661678774412,0.0019108947092594858,1.0,PASS_LMOM_FINITE_MEAN
0.2,185,KDE,-0.2115365430919462,0.005876077326220057,1.0,PASS
0.2,185,TAIL,-0.3237055533319893,0.005104167558823429,1.0,FALLBACK_EXPONENTIAL
0.2,186,EMP,-0.361900640855495,1.7192710393710742e-05,1.0,PASS
0.2,186,EVENT-EMP,-0.361900640855495,1.7192710393710742e-05,1.0,PASS
0.2,186,GEV,-0.3617673670502485,2.735745469852919e-05,1.0,PASS_LMOM_FINITE_MEAN
0.2,186,KDE,-0.3610633001736808,2.5695343914305007e-05,1.0,PASS
0.2,186,TAIL,-0.3619267868506121,4.765460390320506e-05,1.0,PASS
0.2,187,EMP,0.3286531642522282,0.0031931104001162286,0.8571428571428571,PASS
0.2,187,EVENT-EMP,0.3286531642522282,0.00312656918380372,0.8571428571428571,PASS
0.2,187,GEV,0.0012659531007736,0.0014536280692206284,1.0,PASS_LMOM_FINITE_MEAN
0.2,187,KDE,0.3855602252639887,0.06115421203204934,0.42857142857142855,PASS
0.2,187,TAIL,-0.3131756347582576,0.007443062103659028,1.0,FALLBACK_EXPONENTIAL
0.2,188,EMP,-0.1013567715402161,2.0109497283967033e-05,1.0,PASS
0.2,188,EVENT-EMP,-0.1013567715402161,2.0109497283967033e-05,1.0,PASS
0.2,188,GEV,-0.2720829327205044,4.14521749587221e-05,1.0,PASS_LMOM_FINITE_MEAN
0.2,188,KDE,-0.0801162595980551,0.0038216784924648,1.0,PASS
0.2,188,TAIL,-0.3230965093989092,0.002142852050480286,1.0,PASS
0.2,189,EMP,0.1686910193153175,0.003118979051386457,0.8571428571428571,PASS
0.2,189,EVENT-EMP,0.1686910193153175,0.003121249338727441,0.8571428571428571,PASS
0.2,189,GEV,0.0489016157048338,0.0047245777425874,0.8571428571428571,PASS_LMOM_FINITE_MEAN
0.2,189,KDE,0.2207478783324984,0.06115421203204934,0.42857142857142855,PASS
0.2,189,TAIL,-0.313088745631366,0.007514383786931314,1.0,FALLBACK_EXPONENTIAL
0.2,190,EMP,-0.2616446510506487,2.931928612694304e-06,1.0,PASS
0.2,190,EVENT-EMP,-0.2616446510506487,4.4856013293174706e-05,1.0,PASS
0.2,190,GEV,-0.1744725404797674,0.0028952983015106287,1.0,PASS_LMOM_FINITE_MEAN
0.2,190,KDE,-0.2461406005915226,0.0058241467205032,1.0,PASS
0.2,190,TAIL,-0.2927623227939739,0.003777937156963086,1.0,PASS
0.2,191,EMP,0.1583812656533641,0.0031326005697356572,0.8571428571428571,PASS
0.2,191,EVENT-EMP,0.1583812656533641,0.0031271885446547414,0.8571428571428571,PASS
0.2,191,GEV,0.0801243009021396,0.0053683207392951566,0.8571428571428571,PASS_LMOM_FINITE_MEAN
0.2,191,KDE,0.2035424744304883,0.029717041089983444,0.7142857142857143,PASS
0.2,191,TAIL,-0.2625756967714752,0.0036885369088044,1.0,PASS
0.2,192,EMP,0.0626146830805115,0.0031256439957970815,0.8571428571428571,PASS
0.2,192,EVENT-EMP,0.0626146830805115,0.0031194287135602435,0.8571428571428571,PASS
0.2,192,GEV,-0.0254655680794773,0.0018287855524526857,1.0,PASS_LMOM_FINITE_MEAN
0.2,192,KDE,0.1001217100138181,0.012722343755535529,0.8571428571428571,PASS
0.2,192,TAIL,-0.3197795083992322,0.0058623275548736,1.0,FALLBACK_EXPONENTIAL
0.2,193,EMP,-0.3002602442722566,4.884554498704883e-06,1.0,PASS
0.2,193,EVENT-EMP,-0.3002602442722566,1.930777866306295e-05,1.0,PASS
0.2,193,GEV,-0.2895166421603163,2.852959340857288e-05,1.0,PASS_LMOM_FINITE_MEAN
0.2,193,KDE,-0.2943395061729772,0.0012736747632240571,1.0,PASS
0.2,193,TAIL,-0.3344583603768415,0.001679652299078,1.0,PASS
0.2,194,EMP,-0.0215524175108194,2.0089173812266077e-05,1.0,PASS
0.2,194,EVENT-EMP,-0.0215524175108194,1.7618954374368235e-06,1.0,PASS
0.2,194,GEV,-0.197285210681523,9.320098572965715e-05,1.0,PASS_LMOM_FINITE_MEAN
0.2,194,KDE,0.0065722257391223,0.008593290877131657,0.8571428571428571,PASS
0.2,194,TAIL,-0.3251098021308221,0.004716910913405885,1.0,FALLBACK_EXPONENTIAL
0.2,195,EMP,0.0867274814225901,0.0032152560587658573,0.8571428571428571,PASS
0.2,195,EVENT-EMP,0.0867274814225901,7.798435237776652e-06,1.0,PASS
0.2,195,GEV,-0.1532731729775031,1.4892826594147653e-05,1.0,PASS_LMOM_FINITE_MEAN
0.2,195,KDE,0.1267071702227602,0.009896662912304243,0.8571428571428571,PASS
0.2,195,TAIL,-0.3224262917386721,0.0053448662249606285,1.0,FALLBACK_EXPONENTIAL
0.2,196,EMP,-0.1291099129985921,0.006126566858836585,0.7142857142857143,PASS
0.2,196,EVENT-EMP,-0.1291099129985921,0.006117066889160785,0.7142857142857143,PASS
0.2,196,GEV,0.0199823868534112,0.008323741047164414,0.8571428571428571,PASS_LMOM_FINITE_MEAN
0.2,196,KDE,-0.1031465096373541,0.01667311725507523,0.7142857142857143,PASS
0.2,196,TAIL,-0.317486632920882,0.0063577314705821715,1.0,FALLBACK_EXPONENTIAL
0.2,197,EMP,-0.0492151256798463,5.416861799872738e-05,1.0,PASS
0.2,197,EVENT-EMP,-0.0492151256798463,4.216352473847109e-05,1.0,PASS
0.2,197,GEV,-0.1028648757674084,0.0016274592137993714,1.0,PASS_LMOM_FINITE_MEAN
0.2,197,KDE,-0.0208851315442368,0.010390657124173515,0.8571428571428571,PASS
0.2,197,TAIL,-0.3215797343922341,0.005549736609020571,1.0,FALLBACK_EXPONENTIAL
0.2,198,EMP,-0.1298454914950286,0.0031695733752256433,0.8571428571428571,PASS
0.2,198,EVENT-EMP,-0.1298454914950286,0.006214753878660557,0.7142857142857143,PASS
0.2,198,GEV,0.0234153540256492,0.006833228463834571,0.8571428571428571,PASS_LMOM_FINITE_MEAN
0.2,198,KDE,-0.0908343385436922,0.012695901084315273,0.8571428571428571,PASS
0.2,198,TAIL,-0.314406274147572,0.007171845265191029,1.0,FALLBACK_EXPONENTIAL
0.2,199,EMP,0.2321534066965028,0.04053218817385214,0.5714285714285714,PASS
0.2,199,EVENT-EMP,0.2321534066965028,0.0032008555534826714,0.8571428571428571,PASS
0.2,199,GEV,0.3371934347713062,0.009386047049706272,0.8571428571428571,PASS_LMOM_FINITE_MEAN
0.2,199,KDE,0.2878696670490002,0.06115421203204934,0.42857142857142855,PASS
0.2,199,TAIL,-0.3059984874867768,0.009030660007619429,1.0,FALLBACK_EXPONENTIAL
1.0,0,EMP,-0.1368597756874493,0.0024964937778779142,1.0,PASS
1.0,0,EVENT-EMP,-0.1368597756874493,0.0015625353987615855,1.0,PASS
1.0,0,GEV,-0.0123697490713077,0.0005887077877541143,1.0,PASS_LMOM_FINITE_MEAN
1.0,0,KDE,-0.1012795430996238,5.9545034893071424e-05,1.0,PASS
1.0,0,TAIL,-0.4438061709120246,0.015043853838547614,0.8571428571428571,FALLBACK_EXPONENTIAL
1.0,1,EMP,-0.2414461084374322,0.0002145167639877,1.0,PASS
1.0,1,EVENT-EMP,-0.2414461084374322,7.350369332541428e-05,1.0,PASS
1.0,1,GEV,-0.0185635185178327,0.00012417212344650001,1.0,PASS_LMOM_FINITE_MEAN
1.0,1,KDE,-0.195464700349822,0.00012930137065594286,1.0,PASS
1.0,1,TAIL,-0.4465708766360338,0.0154154624834162,0.8571428571428571,FALLBACK_EXPONENTIAL
1.0,2,EMP,-0.1479516821368618,0.014753207831068458,0.8571428571428571,PASS
1.0,2,EVENT-EMP,-0.1479516821368618,0.01615564988414764,0.8571428571428571,PASS
1.0,2,GEV,-0.0517402480251388,0.014103610501069829,0.8571428571428571,PASS_LMOM_FINITE_MEAN
1.0,2,KDE,-0.1163521148980477,0.00020014313282224285,1.0,PASS
1.0,2,TAIL,-0.4553093010185213,0.01672066904273427,0.8571428571428571,FALLBACK_EXPONENTIAL
1.0,3,EMP,-0.0983442036502714,0.012729324058757227,0.5714285714285714,PASS
1.0,3,EVENT-EMP,-0.0983442036502714,0.013108427597971057,0.5714285714285714,PASS
1.0,3,GEV,0.0706863653760165,0.012729324058757227,0.5714285714285714,PASS_LMOM_FINITE_MEAN
1.0,3,KDE,-0.0516771834365778,0.012729324058757227,0.5714285714285714,PASS
1.0,3,TAIL,-0.4212758519182657,0.012790928827282156,0.8571428571428571,FALLBACK_EXPONENTIAL
1.0,4,EMP,0.5621789264839185,0.0179006610264724,0.2857142857142857,PASS
1.0,4,EVENT-EMP,0.5621789264839185,0.0179006610264724,0.2857142857142857,PASS
1.0,4,GEV,0.6620098563902617,0.0179006610264724,0.2857142857142857,PASS_LMOM_FINITE_MEAN
1.0,4,KDE,0.6523545245883619,0.0179006610264724,0.2857142857142857,PASS
1.0,4,TAIL,-0.417795362466202,0.012531791687145943,0.8571428571428571,FALLBACK_EXPONENTIAL
1.0,5,EMP,-0.177197417107647,0.001275514933797343,1.0,PASS
1.0,5,EVENT-EMP,-0.177197417107647,0.001275514933797343,1.0,PASS
1.0,5,GEV,-0.0660326836296174,0.00048339592216628573,1.0,PASS_LMOM_FINITE_MEAN
1.0,5,KDE,-0.1466132486216304,6.224042079702857e-05,1.0,PASS
1.0,5,TAIL,-0.4496871670404479,0.015832721674088827,0.8571428571428571,FALLBACK_EXPONENTIAL
1.0,6,EMP,-0.1389110651602022,0.0040384145277098,0.8571428571428571,PASS
1.0,6,EVENT-EMP,-0.1389110651602022,0.012729324058757227,0.5714285714285714,PASS
1.0,6,GEV,0.0974905587213513,0.0036934339682301717,0.8571428571428571,PASS_LMOM_FINITE_MEAN
1.0,6,KDE,-0.0765703378180529,0.012729324058757227,0.5714285714285714,PASS
1.0,6,TAIL,-0.421095213184442,0.01280920726680663,0.8571428571428571,FALLBACK_EXPONENTIAL
1.0,7,EMP,-0.1174369054777746,0.0013593489067606286,1.0,PASS
1.0,7,EVENT-EMP,-0.1174369054777746,0.00012650339087117143,1.0,PASS
1.0,7,GEV,0.0367133358118065,0.0014340442569363,1.0,PASS_LMOM_FINITE_MEAN
1.0,7,KDE,-0.0808799521843997,2.3115645352097205e-06,1.0,PASS
1.0,7,TAIL,-0.4440870153547171,0.015112880795596072,0.8571428571428571,FALLBACK_EXPONENTIAL
1.0,8,EMP,-0.3079982655385609,4.109568480880845e-05,1.0,PASS
1.0,8,EVENT-EMP,-0.3079982655385609,0.0003180566601480857,1.0,PASS
1.0,8,GEV,-0.1812408819746123,0.0012430066328529856,1.0,PASS_LMOM_FINITE_MEAN
1.0,8,KDE,-0.2534053902118429,0.0021269633825761287,1.0,PASS
1.0,8,TAIL,-0.4383289305848243,0.014295562052225598,0.8571428571428571,FALLBACK_EXPONENTIAL
1.0,9,EMP,-0.3571591870764862,0.01623186406570887,0.8571428571428571,PASS
1.0,9,EVENT-EMP,-0.3571591870764862,0.01623186406570887,0.8571428571428571,PASS
1.0,9,GEV,-0.2605105854753181,0.014505969909703315,0.8571428571428571,PASS_LMOM_FINITE_MEAN
1.0,9,KDE,-0.3360060584436569,0.012775006070504113,0.8571428571428571,PASS
1.0,9,TAIL,-0.4576910806259502,0.017134673950141344,0.8571428571428571,FALLBACK_EXPONENTIAL
1.0,10,EMP,-0.2827488727722911,0.001196821316003786,1.0,PASS
1.0,10,EVENT-EMP,-0.2827488727722911,0.003961732838291786,1.0,PASS
1.0,10,GEV,-0.1617933474540141,0.00032601554490085716,1.0,PASS_LMOM_FINITE_MEAN
1.0,10,KDE,-0.2371359037988012,0.0013297173379964143,1.0,PASS
1.0,10,TAIL,-0.4381282550010916,0.014375812858987955,0.8571428571428571,FALLBACK_EXPONENTIAL
1.0,11,EMP,-0.0417079507680553,0.012729324058757227,0.5714285714285714,PASS
1.0,11,EVENT-EMP,-0.0417079507680553,0.0179006610264724,0.2857142857142857,PASS
1.0,11,GEV,0.2506456176432336,0.012729324058757227,0.5714285714285714,PASS_LMOM_FINITE_MEAN
1.0,11,KDE,0.0268430028764362,0.0179006610264724,0.2857142857142857,PASS
1.0,11,TAIL,-0.4293975038565171,0.013470166706481114,0.8571428571428571,FALLBACK_EXPONENTIAL
1.0,12,EMP,-0.1573194235559975,0.012482714906114715,0.8571428571428571,PASS
1.0,12,EVENT-EMP,-0.1573194235559975,0.012563767244630214,0.8571428571428571,PASS
1.0,12,GEV,-0.0823191631496166,0.011878181962047943,0.8571428571428571,PASS_LMOM_FINITE_MEAN
1.0,12,KDE,-0.1271007362152407,2.320221022555216e-05,1.0,PASS
1.0,12,TAIL,-0.4505780432551499,0.0160409628614813,0.8571428571428571,FALLBACK_EXPONENTIAL
1.0,13,EMP,-0.1799129123326726,0.02075874942389333,0.42857142857142855,PASS
1.0,13,EVENT-EMP,-0.1799129123326726,0.012917841009241786,0.5714285714285714,PASS
1.0,13,GEV,-0.018653951608634,0.022488016749569555,0.42857142857142855,PASS_LMOM_FINITE_MEAN
1.0,13,KDE,-0.0996605695440738,0.017410755832635127,0.5714285714285714,PASS
1.0,13,TAIL,-0.420155343711678,0.012702151307809087,0.8571428571428571,FALLBACK_EXPONENTIAL
1.0,14,EMP,-0.1356177713605321,0.00012464209138928574,1.0,PASS
1.0,14,EVENT-EMP,-0.1356177713605321,0.0006546193598180571,1.0,PASS
1.0,14,GEV,0.0312691657369953,7.571600886527924e-06,1.0,PASS_LMOM_FINITE_MEAN
1.0,14,KDE,-0.0984840676655939,0.001102793186583,1.0,PASS
1.0,14,TAIL,-0.43751041701292,0.014231464346471115,0.8571428571428571,FALLBACK_EXPONENTIAL
1.0,15,EMP,-0.1273974956216652,0.0016861493782147714,1.0,PASS
1.0,15,EVENT-EMP,-0.1273974956216652,0.0007766079073882286,1.0,PASS
1.0,15,GEV,0.0287211863828002,0.0016283969063301857,1.0,PASS_LMOM_FINITE_MEAN
1.0,15,KDE,-0.0903191081855906,1.9580966647132167e-05,1.0,PASS
1.0,15,TAIL,-0.449410839264852,0.015811095850046426,0.8571428571428571,FALLBACK_EXPONENTIAL
1.0,16,EMP,-0.1844689000711518,0.00045524554361931434,1.0,PASS
1.0,16,EVENT-EMP,-0.1844689000711518,0.0002461319991796714,1.0,PASS
1.0,16,GEV,0.0580741530048658,4.480968866498571e-05,1.0,PASS_LMOM_FINITE_MEAN
1.0,16,KDE,-0.1248581772968648,0.0006175347038556428,1.0,PASS
1.0,16,TAIL,-0.4408978209605053,0.014715712857622012,0.8571428571428571,FALLBACK_EXPONENTIAL
1.0,17,EMP,-0.2733790082297481,0.0019355439305816144,1.0,PASS
1.0,17,EVENT-EMP,-0.2733790082297481,0.0005358852723350999,1.0,PASS
1.0,17,GEV,-0.1588852927390097,0.0004976963402140286,1.0,PASS_LMOM_FINITE_MEAN
1.0,17,KDE,-0.238782528992321,0.0016224792602087571,1.0,PASS
1.0,17,TAIL,-0.4371678565380264,0.014306950509166014,0.8571428571428571,FALLBACK_EXPONENTIAL
1.0,18,EMP,-0.3135065608709704,0.019908241895861743,0.8571428571428571,PASS
1.0,18,EVENT-EMP,-0.3135065608709704,0.017923459659042056,0.8571428571428571,PASS
1.0,18,GEV,-0.1290327025139932,0.013328556557274643,0.8571428571428571,PASS_LMOM_FINITE_MEAN
1.0,18,KDE,-0.2793871902026144,0.00039377973213368573,1.0,PASS
1.0,18,TAIL,-0.4568422706334909,0.01682832586334047,0.8571428571428571,FALLBACK_EXPONENTIAL
1.0,19,EMP,-0.1176126067652355,0.012729324058757227,0.5714285714285714,PASS
1.0,19,EVENT-EMP,-0.1176126067652355,0.004865105309337201,0.8571428571428571,PASS
1.0,19,GEV,0.0317100958358253,0.012729324058757227,0.5714285714285714,PASS_LMOM_FINITE_MEAN
1.0,19,KDE,-0.0757031975870008,0.012729324058757227,0.5714285714285714,PASS
1.0,19,TAIL,-0.4291428830699114,0.013498210209174771,0.8571428571428571,FALLBACK_EXPONENTIAL
1.0,20,EMP,-0.1675051547411005,0.00016155836927794287,1.0,PASS
1.0,20,EVENT-EMP,-0.1675051547411005,0.0038961780196074577,0.8571428571428571,PASS
1.0,20,GEV,0.0248102154087535,0.0005405163267128572,1.0,PASS_LMOM_FINITE_MEAN
1.0,20,KDE,-0.1275935797826502,0.008080761545860985,0.7142857142857143,PASS
1.0,20,TAIL,-0.4290648113889789,0.013499247846570759,0.8571428571428571,FALLBACK_EXPONENTIAL
1.0,21,EMP,0.0632860918693653,0.012729324058757227,0.5714285714285714,PASS
1.0,21,EVENT-EMP,0.0632860918693653,0.012729324058757227,0.5714285714285714,PASS
1.0,21,GEV,0.280800154694046,0.012729324058757227,0.5714285714285714,PASS_LMOM_FINITE_MEAN
1.0,21,KDE,0.1178648092811353,0.0179006610264724,0.2857142857142857,PASS
1.0,21,TAIL,-0.4257508095069444,0.013205870155961742,0.8571428571428571,FALLBACK_EXPONENTIAL
1.0,22,EMP,-0.1661214020211232,0.0013151161916331855,1.0,PASS
1.0,22,EVENT-EMP,-0.1661214020211232,0.0013151161916331855,1.0,PASS
1.0,22,GEV,-0.0436854598657092,0.0008150454061458,1.0,PASS_LMOM_FINITE_MEAN
1.0,22,KDE,-0.1309195691149936,0.0026582044637403,1.0,PASS
1.0,22,TAIL,-0.4370930638659449,0.014184462569839271,0.8571428571428571,FALLBACK_EXPONENTIAL
1.0,23,EMP,-0.138874912559637,0.007470384148227471,0.7142857142857143,PASS
1.0,23,EVENT-EMP,-0.138874912559637,0.007472719795196086,0.7142857142857143,PASS
1.0,23,GEV,0.1459440427724506,0.0075200021897238135,0.7142857142857143,PASS_LMOM_FINITE_MEAN
1.0,23,KDE,-0.0681157291885733,0.0179006610264724,0.2857142857142857,PASS
1.0,23,TAIL,-0.4333184461938041,0.013910498229710572,0.8571428571428571,FALLBACK_EXPONENTIAL
1.0,24,EMP,-0.3199069563952045,0.00035955222674104284,1.0,PASS
1.0,24,EVENT-EMP,-0.3199069563952045,0.012514578476167786,0.8571428571428571,PASS
1.0,24,GEV,-0.1504929521167587,0.0116345522880862,0.8571428571428571,PASS_LMOM_FINITE_MEAN
1.0,24,KDE,-0.2745240103714046,5.59650207191011e-06,1.0,PASS
1.0,24,TAIL,-0.4528804442937425,0.016323907671982243,0.8571428571428571,FALLBACK_EXPONENTIAL
1.0,25,EMP,-0.3075242371217173,0.0110910413349168,0.8571428571428571,PASS
1.0,25,EVENT-EMP,-0.3075242371217173,0.003098861892590657,1.0,PASS
1.0,25,GEV,-0.2163259813935692,0.0031312566066104574,1.0,PASS_LMOM_FINITE_MEAN
1.0,25,KDE,-0.2540810554401974,0.005030156721740399,1.0,PASS
1.0,25,TAIL,1.1909964035611438,0.12879843896514628,0.2857142857142857,PASS
1.0,26,EMP,-0.2504030629213906,5.788634933201737e-07,1.0,PASS
1.0,26,EVENT-EMP,-0.2504030629213906,0.00019194749033091428,1.0,PASS
1.0,26,GEV,-0.1292409321309578,1.0124189598831748e-05,1.0,PASS_LMOM_FINITE_MEAN
1.0,26,KDE,-0.2202290693302408,0.00041123228811372855,1.0,PASS
1.0,26,TAIL,-0.4436203004366819,0.0149662186499341,0.8571428571428571,FALLBACK_EXPONENTIAL
1.0,27,EMP,-0.1065355896694527,0.0002367195285464143,1.0,PASS
1.0,27,EVENT-EMP,-0.1065355896694527,0.0002367195285464143,1.0,PASS
1.0,27,GEV,-0.0223606934595242,0.013149456166504687,0.8571428571428571,PASS_LMOM_FINITE_MEAN
1.0,27,KDE,-0.0721411564562961,2.0200115654103054e-06,1.0,PASS
1.0,27,TAIL,-0.4505804555066285,0.01600494171904047,0.8571428571428571,FALLBACK_EXPONENTIAL
1.0,28,EMP,-0.302688602188749,0.00014851279787532855,1.0,PASS
1.0,28,EVENT-EMP,-0.302688602188749,0.0003664721561861571,1.0,PASS
1.0,28,GEV,-0.1483714665997126,9.126514978452856e-05,1.0,PASS_LMOM_FINITE_MEAN
1.0,28,KDE,-0.2633541728457221,0.00010117534091335713,1.0,PASS
1.0,28,TAIL,-0.4473736185850298,0.0155176780715631,0.8571428571428571,FALLBACK_EXPONENTIAL
1.0,29,EMP,-0.2720857070131752,0.00015288318452335716,1.0,PASS
1.0,29,EVENT-EMP,-0.2720857070131752,0.00033227690244972855,1.0,PASS
1.0,29,GEV,-0.1007145642241908,7.31347056588857e-05,1.0,PASS_LMOM_FINITE_MEAN
1.0,29,KDE,-0.2252770575892218,0.0007719922126113857,1.0,PASS
1.0,29,TAIL,-0.4456969090564681,0.015236982557351215,0.8571428571428571,FALLBACK_EXPONENTIAL
1.0,30,EMP,0.0756131736330561,0.0022853938699422464,0.8571428571428571,PASS
1.0,30,EVENT-EMP,0.0756131736330561,0.005581082308902829,0.7142857142857143,PASS
1.0,30,GEV,0.2157739365436637,0.00024828772507512855,1.0,PASS_LMOM_FINITE_MEAN
1.0,30,KDE,0.1291456537162049,0.0179006610264724,0.2857142857142857,PASS
1.0,30,TAIL,-0.4437246801853557,0.01505790867010313,0.8571428571428571,FALLBACK_EXPONENTIAL
1.0,31,EMP,-0.1899497124943915,0.001825449517560086,1.0,PASS
1.0,31,EVENT-EMP,-0.1899497124943915,0.004868502934852743,0.8571428571428571,PASS
1.0,31,GEV,-0.05391668960938,0.0013650689735714146,1.0,PASS_LMOM_FINITE_MEAN
1.0,31,KDE,-0.1480064012732434,0.0032384601283378714,1.0,PASS
1.0,31,TAIL,-0.4308405454846828,0.013561460478139957,0.8571428571428571,FALLBACK_EXPONENTIAL
1.0,32,EMP,-0.0738712886175734,0.006509501371199572,1.0,PASS
1.0,32,EVENT-EMP,-0.0738712886175734,1.5843768254501313e-05,1.0,PASS
1.0,32,GEV,0.1209218863674332,0.00014679605405082857,1.0,PASS_LMOM_FINITE_MEAN
1.0,32,KDE,-0.0315614990743729,0.008819231274279143,0.5714285714285714,PASS
1.0,32,TAIL,-0.4404092589106147,0.014656147570142043,0.8571428571428571,FALLBACK_EXPONENTIAL
1.0,33,EMP,-0.2147572588529286,0.022271744498252085,0.8571428571428571,PASS
1.0,33,EVENT-EMP,-0.2147572588529286,0.022024200148488583,0.8571428571428571,PASS
1.0,33,GEV,-0.1600999460588974,0.021029068647454942,0.7142857142857143,PASS_LMOM_FINITE_MEAN
1.0,33,KDE,-0.188110491407306,0.014014482922730942,0.8571428571428571,PASS
1.0,33,TAIL,-0.4630534737787686,0.01794206955591923,0.8571428571428571,FALLBACK_EXPONENTIAL
1.0,34,EMP,-0.1182157589133638,0.012729324058757227,0.5714285714285714,PASS
1.0,34,EVENT-EMP,-0.1182157589133638,0.012729324058757227,0.5714285714285714,PASS
1.0,34,GEV,0.0872769645297028,0.012729324058757227,0.5714285714285714,PASS_LMOM_FINITE_MEAN
1.0,34,KDE,-0.0685804178339262,0.012747472133884528,0.5714285714285714,PASS
1.0,34,TAIL,-0.4252255386576861,0.013088392550880127,0.8571428571428571,FALLBACK_EXPONENTIAL
1.0,35,EMP,0.0419682086513759,0.004425171195643915,0.8571428571428571,PASS
1.0,35,EVENT-EMP,0.0419682086513759,0.004425171195643915,0.8571428571428571,PASS
1.0,35,GEV,0.0731786163635032,0.004840527250588742,0.8571428571428571,PASS_LMOM_FINITE_MEAN
1.0,35,KDE,0.0881975683629809,0.005192247750394923,0.7142857142857143,PASS
1.0,35,TAIL,-0.450026218246885,0.01592343984208937,0.8571428571428571,FALLBACK_EXPONENTIAL
1.0,36,EMP,-0.0312405698188992,0.015014548488142657,0.42857142857142855,PASS
1.0,36,EVENT-EMP,-0.0312405698188992,0.012729324058757227,0.5714285714285714,PASS
1.0,36,GEV,0.2114916822858761,0.012729324058757227,0.5714285714285714,PASS_LMOM_FINITE_MEAN
1.0,36,KDE,0.018411286848639,0.0179006610264724,0.2857142857142857,PASS
1.0,36,TAIL,-0.4316538102429579,0.01365103364090657,0.8571428571428571,FALLBACK_EXPONENTIAL
1.0,37,EMP,-0.0011504818827977,0.00024037889192005715,1.0,PASS
1.0,37,EVENT-EMP,-0.0011504818827977,0.012729324058757227,0.5714285714285714,PASS
1.0,37,GEV,0.1829570353981167,3.3697758540056868e-06,1.0,PASS_LMOM_FINITE_MEAN
1.0,37,KDE,0.0458455388578876,0.0179006610264724,0.2857142857142857,PASS
1.0,37,TAIL,-0.4315063806420496,0.01363901417348684,0.8571428571428571,FALLBACK_EXPONENTIAL
1.0,38,EMP,-0.3503638379939136,0.014188260505791772,0.8571428571428571,PASS
1.0,38,EVENT-EMP,-0.3503638379939136,0.014188260505791772,0.8571428571428571,PASS
1.0,38,GEV,-0.2569398947525365,0.01463873044030387,0.8571428571428571,PASS_LMOM_FINITE_MEAN
1.0,38,KDE,-0.3299580477042435,0.012970042956739914,0.8571428571428571,PASS
1.0,38,TAIL,-0.3334616920589264,0.01727250227065824,0.8571428571428571,PASS
1.0,39,EMP,-0.3564972124018111,0.016573944308758727,0.8571428571428571,PASS
1.0,39,EVENT-EMP,-0.3564972124018111,0.015811151168162115,0.8571428571428571,PASS
1.0,39,GEV,-0.2274598090835973,0.013065842492954215,0.8571428571428571,PASS_LMOM_FINITE_MEAN
1.0,39,KDE,-0.3267364009311923,0.011906499682434155,0.8571428571428571,PASS
1.0,39,TAIL,-0.4551162423632592,0.01668949964145803,0.8571428571428571,FALLBACK_EXPONENTIAL
1.0,40,EMP,0.0345246738504141,0.0179006610264724,0.2857142857142857,PASS
1.0,40,EVENT-EMP,0.0345246738504141,0.0179006610264724,0.2857142857142857,PASS
1.0,40,GEV,0.3776881588003379,0.0179006610264724,0.2857142857142857,PASS_LMOM_FINITE_MEAN
1.0,40,KDE,0.120296474688968,0.0179006610264724,0.2857142857142857,PASS
1.0,40,TAIL,-0.4313901849945071,0.0137018427347328,0.8571428571428571,FALLBACK_EXPONENTIAL
1.0,41,EMP,-0.2124720534859427,0.0020888210242009284,1.0,PASS
1.0,41,EVENT-EMP,-0.2124720534859427,0.013674178411740701,0.8571428571428571,PASS
1.0,41,GEV,-0.04866190735781,0.012786851832970956,0.8571428571428571,PASS_LMOM_FINITE_MEAN
1.0,41,KDE,-0.1776014925428701,2.377110410888475e-05,1.0,PASS
1.0,41,TAIL,-0.146071849691145,0.016225030371286715,0.8571428571428571,PASS
1.0,42,EMP,-0.1901512370855232,0.0017259738006329144,1.0,PASS
1.0,42,EVENT-EMP,-0.1901512370855232,0.0017259738006329144,1.0,PASS
1.0,42,GEV,-0.0250465140010459,0.0005937371659615286,1.0,PASS_LMOM_FINITE_MEAN
1.0,42,KDE,-0.1519118707121988,0.0024565431972835713,1.0,PASS
1.0,42,TAIL,-0.4368090724157593,0.014256130178425327,0.8571428571428571,FALLBACK_EXPONENTIAL
1.0,43,EMP,0.1235154435885852,0.007317619637722756,0.7142857142857143,PASS
1.0,43,EVENT-EMP,0.1235154435885852,0.0001999271571168857,1.0,PASS
1.0,43,GEV,0.2140022093053698,0.0030989661351310317,0.8571428571428571,PASS_LMOM_FINITE_MEAN
1.0,43,KDE,0.1766958904617226,0.0179006610264724,0.2857142857142857,PASS
1.0,43,TAIL,-0.4385946790360481,0.014415919999213359,0.8571428571428571,FALLBACK_EXPONENTIAL
1.0,44,EMP,-0.1089679535350743,0.0003560014859376857,1.0,PASS
1.0,44,EVENT-EMP,-0.1089679535350743,1.0746548320660645e-05,1.0,PASS
1.0,44,GEV,0.081813996070509,0.0004148821150277571,1.0,PASS_LMOM_FINITE_MEAN
1.0,44,KDE,-0.0694939193544232,0.0002773797585804857,1.0,PASS
1.0,44,TAIL,-0.4441340171600206,0.0151439683022076,0.8571428571428571,FALLBACK_EXPONENTIAL
1.0,45,EMP,-0.017458225709862,0.012729324058757227,0.5714285714285714,PASS
1.0,45,EVENT-EMP,-0.017458225709862,0.012729324058757227,0.5714285714285714,PASS
1.0,45,GEV,0.2136094440384642,0.012729324058757227,0.5714285714285714,PASS_LMOM_FINITE_MEAN
1.0,45,KDE,0.0427029040443739,0.0179006610264724,0.2857142857142857,PASS
1.0,45,TAIL,-0.423147402992338,0.012919264762980229,0.8571428571428571,FALLBACK_EXPONENTIAL
1.0,46,EMP,-0.3018949084581254,0.020213313005970412,0.8571428571428571,PASS
1.0,46,EVENT-EMP,-0.3018949084581254,0.017393750668931042,0.8571428571428571,PASS
1.0,46,GEV,-0.1943982077855198,0.015746004833214942,0.8571428571428571,PASS_LMOM_FINITE_MEAN
1.0,46,KDE,-0.2814536643778439,0.013129516636660928,0.8571428571428571,PASS
1.0,46,TAIL,-0.3419427577768241,0.01744646630660914,0.8571428571428571,PASS
1.0,47,EMP,-0.2078651255784628,0.014250923523209771,0.8571428571428571,PASS
1.0,47,EVENT-EMP,-0.2078651255784628,0.013328404826933343,0.8571428571428571,PASS
1.0,47,GEV,-0.0564291145223144,0.01412079549332707,0.8571428571428571,PASS_LMOM_FINITE_MEAN
1.0,47,KDE,-0.1773305440920603,0.0003003620993449286,1.0,PASS
1.0,47,TAIL,-0.4522136077154473,0.0161763558230037,0.8571428571428571,FALLBACK_EXPONENTIAL
1.0,48,EMP,-0.0415639496125552,0.013313381621317158,0.5714285714285714,PASS
1.0,48,EVENT-EMP,-0.0415639496125552,0.012729324058757227,0.5714285714285714,PASS
1.0,48,GEV,0.0996853816441697,0.012729324058757227,0.5714285714285714,PASS_LMOM_FINITE_MEAN
1.0,48,KDE,0.0057782594161581,0.0179006610264724,0.2857142857142857,PASS
1.0,48,TAIL,-0.4283729455738416,0.013395235008848028,0.8571428571428571,FALLBACK_EXPONENTIAL
1.0,49,EMP,0.139683588780955,0.0179006610264724,0.2857142857142857,PASS
1.0,49,EVENT-EMP,0.139683588780955,0.0179006610264724,0.2857142857142857,PASS
1.0,49,GEV,0.3768660807669525,0.0179006610264724,0.2857142857142857,PASS_LMOM_FINITE_MEAN
1.0,49,KDE,0.2021187385097063,0.0179006610264724,0.2857142857142857,PASS
1.0,49,TAIL,-0.4248354889785967,0.013068650199041385,0.8571428571428571,FALLBACK_EXPONENTIAL
1.0,50,EMP,-0.110328243028566,0.012729324058757227,0.5714285714285714,PASS
1.0,50,EVENT-EMP,-0.110328243028566,0.009605912137768314,0.5714285714285714,PASS
1.0,50,GEV,0.1569064653809018,0.012729324058757227,0.5714285714285714,PASS_LMOM_FINITE_MEAN
1.0,50,KDE,-0.0482553337181428,0.0179006610264724,0.2857142857142857,PASS
1.0,50,TAIL,-0.4351003191303833,0.014056812652854456,0.8571428571428571,FALLBACK_EXPONENTIAL
1.0,51,EMP,0.0480986132864088,0.012729324058757227,0.5714285714285714,PASS
1.0,51,EVENT-EMP,0.0480986132864088,0.012729324058757227,0.5714285714285714,PASS
1.0,51,GEV,0.1826830149365563,0.012729324058757227,0.5714285714285714,PASS_LMOM_FINITE_MEAN
1.0,51,KDE,0.0993717394493998,0.0179006610264724,0.2857142857142857,PASS
1.0,51,TAIL,1.2396002506550945,0.20915558182228916,0.14285714285714285,PASS
1.0,52,EMP,0.0172459509641693,0.00011038659152305715,1.0,PASS
1.0,52,EVENT-EMP,0.0172459509641693,0.0001710848665304143,1.0,PASS
1.0,52,GEV,0.1496649481253055,3.2730087375894856e-05,1.0,PASS_LMOM_FINITE_MEAN
1.0,52,KDE,0.0636473087431057,0.012948651530291571,0.42857142857142855,PASS
1.0,52,TAIL,-0.4353709060644611,0.014058652002083043,0.8571428571428571,FALLBACK_EXPONENTIAL
1.0,53,EMP,0.3548607883936992,0.0179006610264724,0.2857142857142857,PASS
1.0,53,EVENT-EMP,0.3548607883936992,0.0179006610264724,0.2857142857142857,PASS
1.0,53,GEV,0.4335066200701112,0.0179006610264724,0.2857142857142857,PASS_LMOM_FINITE_MEAN
1.0,53,KDE,0.4263864258093529,0.0179006610264724,0.2857142857142857,PASS
1.0,53,TAIL,-0.431653833260004,0.013669592571950785,0.8571428571428571,FALLBACK_EXPONENTIAL
1.0,54,EMP,0.0644840406815781,0.0179006610264724,0.2857142857142857,PASS
1.0,54,EVENT-EMP,0.0644840406815781,0.0179006610264724,0.2857142857142857,PASS
1.0,54,GEV,0.3468365063910547,0.0179006610264724,0.2857142857142857,PASS_LMOM_FINITE_MEAN
1.0,54,KDE,0.1300486395868952,0.0179006610264724,0.2857142857142857,PASS
1.0,54,TAIL,-0.4114401243866518,0.012133245908547299,0.8571428571428571,FALLBACK_EXPONENTIAL
1.0,55,EMP,-0.1458761641660293,0.005312264708222129,0.8571428571428571,PASS
1.0,55,EVENT-EMP,-0.1458761641660293,0.0005406681476476286,1.0,PASS
1.0,55,GEV,0.1702923915607475,0.00033960485663695714,1.0,PASS_LMOM_FINITE_MEAN
1.0,55,KDE,-0.0806671958733414,0.0179006610264724,0.2857142857142857,PASS
1.0,55,TAIL,-0.4400318460340812,0.01461524332152293,0.8571428571428571,FALLBACK_EXPONENTIAL
1.0,56,EMP,-0.2727660466195103,0.001119825906339643,1.0,PASS
1.0,56,EVENT-EMP,-0.2727660466195103,0.0128235462972771,0.8571428571428571,PASS
1.0,56,GEV,-0.07023139016517,0.012858036791937073,0.8571428571428571,PASS_LMOM_FINITE_MEAN
1.0,56,KDE,-0.2334787498547285,9.31468963452e-05,1.0,PASS
1.0,56,TAIL,-0.4520938312393057,0.016168328678214543,0.8571428571428571,FALLBACK_EXPONENTIAL
1.0,57,EMP,0.2204734557482247,0.012729324058757227,0.5714285714285714,PASS
1.0,57,EVENT-EMP,0.2204734557482247,0.012729324058757227,0.5714285714285714,PASS
1.0,57,GEV,0.3543795149414823,0.015014548488142657,0.42857142857142855,PASS_LMOM_FINITE_MEAN
1.0,57,KDE,0.2827532449092118,0.0179006610264724,0.2857142857142857,PASS
1.0,57,TAIL,-0.4184345672070125,0.012523106291396814,0.8571428571428571,FALLBACK_EXPONENTIAL
1.0,58,EMP,-0.1854885483694284,0.0014426878022832429,1.0,PASS
1.0,58,EVENT-EMP,-0.1854885483694284,0.0006384923520067715,1.0,PASS
1.0,58,GEV,-0.0636635696510993,0.00040587569982887143,1.0,PASS_LMOM_FINITE_MEAN
1.0,58,KDE,-0.1502766218369586,0.001776846091257857,1.0,PASS
1.0,58,TAIL,-0.4392186810697621,0.014422709863495243,0.8571428571428571,FALLBACK_EXPONENTIAL
1.0,59,EMP,-0.2174928413447,0.00022431260822918572,1.0,PASS
1.0,59,EVENT-EMP,-0.2174928413447,0.00022431260822918572,1.0,PASS
1.0,59,GEV,0.0274706217286228,5.010869095324285e-05,1.0,PASS_LMOM_FINITE_MEAN
1.0,59,KDE,-0.1625398981924194,0.00045334640264417146,1.0,PASS
1.0,59,TAIL,-0.4445902015804669,0.015236564885135386,0.8571428571428571,FALLBACK_EXPONENTIAL
1.0,60,EMP,-0.1131065066945057,0.0004157204779166143,1.0,PASS
1.0,60,EVENT-EMP,-0.1131065066945057,0.0011401036428630002,1.0,PASS
1.0,60,GEV,0.1107715668373208,0.0004255299840225429,1.0,PASS_LMOM_FINITE_MEAN
1.0,60,KDE,-0.0606177594957595,0.0026417636579957426,0.8571428571428571,PASS
1.0,60,TAIL,-0.4477333170243219,0.015542659094924171,0.8571428571428571,FALLBACK_EXPONENTIAL
1.0,61,EMP,0.038152110952999,0.001117895517261514,1.0,PASS
1.0,61,EVENT-EMP,0.038152110952999,3.988558182530122e-05,1.0,PASS
1.0,61,GEV,0.0850601022887861,0.0009618018575350715,1.0,PASS_LMOM_FINITE_MEAN
1.0,61,KDE,0.0831645156398104,0.012729324058757227,0.5714285714285714,PASS
1.0,61,TAIL,-0.4306169479369039,0.013591869906013085,0.8571428571428571,FALLBACK_EXPONENTIAL
1.0,62,EMP,-0.2177506182159367,0.0017156576433572143,1.0,PASS
1.0,62,EVENT-EMP,-0.2177506182159367,4.093823998033708e-06,1.0,PASS
1.0,62,GEV,-0.0013109850208668,0.0005738427829660714,1.0,PASS_LMOM_FINITE_MEAN
1.0,62,KDE,-0.1790149186055956,2.2437348643233033e-05,1.0,PASS
1.0,62,TAIL,-0.444360178209582,0.0151513452997272,0.8571428571428571,FALLBACK_EXPONENTIAL
1.0,63,EMP,-0.0033480613819735,0.0179006610264724,0.2857142857142857,PASS
1.0,63,EVENT-EMP,-0.0033480613819735,0.0179006610264724,0.2857142857142857,PASS
1.0,63,GEV,0.25600538590075,0.012729324058757227,0.5714285714285714,PASS_LMOM_FINITE_MEAN
1.0,63,KDE,0.0482421471712984,0.0179006610264724,0.2857142857142857,PASS
1.0,63,TAIL,0.5050683417185716,0.0179006610264724,0.2857142857142857,PASS
1.0,64,EMP,0.1313587440642561,0.007576367992204314,0.7142857142857143,PASS
1.0,64,EVENT-EMP,0.1313587440642561,0.012729324058757227,0.5714285714285714,PASS
1.0,64,GEV,0.1901721696433273,0.007422268422623329,0.7142857142857143,PASS_LMOM_FINITE_MEAN
1.0,64,KDE,0.1842475211542935,0.0179006610264724,0.2857142857142857,PASS
1.0,64,TAIL,-0.42107011995663,0.012737076833691385,0.8571428571428571,FALLBACK_EXPONENTIAL
1.0,65,EMP,0.0502658452966171,0.007065760832408329,0.7142857142857143,PASS
1.0,65,EVENT-EMP,0.0502658452966171,0.007065760832408329,0.7142857142857143,PASS
1.0,65,GEV,0.1726133798176247,0.003775579915783871,0.8571428571428571,PASS_LMOM_FINITE_MEAN
1.0,65,KDE,0.1000120590168659,0.01907741361605463,0.2857142857142857,PASS
1.0,65,TAIL,-0.4425181195806157,0.0149508185629556,0.8571428571428571,FALLBACK_EXPONENTIAL
1.0,66,EMP,0.2919779485438788,0.0179006610264724,0.2857142857142857,PASS
1.0,66,EVENT-EMP,0.2919779485438788,0.0179006610264724,0.2857142857142857,PASS
1.0,66,GEV,0.4166835852758435,0.012689134044120986,0.42857142857142855,PASS_LMOM_FINITE_MEAN
1.0,66,KDE,0.36097390610127,0.0179006610264724,0.2857142857142857,PASS
1.0,66,TAIL,-0.4323334464125642,0.013861051979529413,0.8571428571428571,FALLBACK_EXPONENTIAL
1.0,67,EMP,0.0078660251284901,0.0029155942378829426,0.8571428571428571,PASS
1.0,67,EVENT-EMP,0.0078660251284901,0.005801706776212686,0.7142857142857143,PASS
1.0,67,GEV,0.2390346677455072,0.00014322522008691427,1.0,PASS_LMOM_FINITE_MEAN
1.0,67,KDE,0.0586413656805418,0.0179006610264724,0.2857142857142857,PASS
1.0,67,TAIL,-0.4409063871696438,0.014733180343572213,0.8571428571428571,FALLBACK_EXPONENTIAL
1.0,68,EMP,0.0495255582717415,0.012729324058757227,0.5714285714285714,PASS
1.0,68,EVENT-EMP,0.0495255582717415,0.007315797436334536,0.7142857142857143,PASS
1.0,68,GEV,0.2198899135731914,0.0073863356323753005,0.7142857142857143,PASS_LMOM_FINITE_MEAN
1.0,68,KDE,0.1007664537869623,0.0179006610264724,0.2857142857142857,PASS
1.0,68,TAIL,-0.4307891161714979,0.013653428921504715,0.8571428571428571,FALLBACK_EXPONENTIAL
1.0,69,EMP,-0.2502085199730925,0.0150160056481353,0.8571428571428571,PASS
1.0,69,EVENT-EMP,-0.2502085199730925,0.014276062510542814,0.8571428571428571,PASS
1.0,69,GEV,-0.0589791389911064,0.013186498081130442,0.8571428571428571,PASS_LMOM_FINITE_MEAN
1.0,69,KDE,-0.2187896439773124,0.00018389640030304287,1.0,PASS
1.0,69,TAIL,-0.4550903274524635,0.016513386077566916,0.8571428571428571,FALLBACK_EXPONENTIAL
1.0,70,EMP,-0.2882179444810134,0.00014251176220071428,1.0,PASS
1.0,70,EVENT-EMP,-0.2882179444810134,0.000931107498311057,1.0,PASS
1.0,70,GEV,-0.1500895707712724,0.0001419985132863857,1.0,PASS_LMOM_FINITE_MEAN
1.0,70,KDE,-0.2494004119571572,0.0010716482994010286,1.0,PASS
1.0,70,TAIL,-0.4408290371149443,0.014686034283108215,0.8571428571428571,FALLBACK_EXPONENTIAL
1.0,71,EMP,-0.1585562902264598,0.0003394478786235857,1.0,PASS
1.0,71,EVENT-EMP,-0.1585562902264598,5.3917859788800003e-05,1.0,PASS
1.0,71,GEV,0.0364766186519221,2.7560694391978268e-05,1.0,PASS_LMOM_FINITE_MEAN
1.0,71,KDE,-0.1176290367596804,0.0011652387414987856,1.0,PASS
1.0,71,TAIL,-0.4405764195483679,0.014613151479813272,0.8571428571428571,FALLBACK_EXPONENTIAL
1.0,72,EMP,-0.063296990180016,0.0008067153563059286,1.0,PASS
1.0,72,EVENT-EMP,-0.063296990180016,0.0007277365526102572,1.0,PASS
1.0,72,GEV,0.0484006364616894,0.0009525736877822143,1.0,PASS_LMOM_FINITE_MEAN
1.0,72,KDE,-0.0240803487179236,3.4687700448158414e-05,1.0,PASS
1.0,72,TAIL,-0.4464296451776759,0.015455240780596987,0.8571428571428571,FALLBACK_EXPONENTIAL
1.0,73,EMP,-0.0857948304223906,0.00023183385747908573,1.0,PASS
1.0,73,EVENT-EMP,-0.0857948304223906,0.00021268329510951427,1.0,PASS
1.0,73,GEV,0.1197303588210147,7.428067954102439e-06,1.0,PASS_LMOM_FINITE_MEAN
1.0,73,KDE,-0.0428443566486183,0.007740013197672585,0.7142857142857143,PASS
1.0,73,TAIL,-0.4397544709727882,0.0146531558726902,0.8571428571428571,FALLBACK_EXPONENTIAL
1.0,74,EMP,-0.0225436118395444,0.0025764733790629287,1.0,PASS
1.0,74,EVENT-EMP,-0.0225436118395444,0.0005401087767909,1.0,PASS
1.0,74,GEV,0.1455277465858291,0.0007447200234390858,1.0,PASS_LMOM_FINITE_MEAN
1.0,74,KDE,0.0218061600344072,0.0054190517237371425,0.7142857142857143,PASS
1.0,74,TAIL,-0.4386546092983713,0.014528427517640942,0.8571428571428571,FALLBACK_EXPONENTIAL
1.0,75,EMP,-0.1623217298995954,0.014503825036408543,0.8571428571428571,PASS
1.0,75,EVENT-EMP,-0.1623217298995954,0.0011824001341159715,1.0,PASS
1.0,75,GEV,-0.0088054466502293,0.014936288881800985,0.8571428571428571,PASS_LMOM_FINITE_MEAN
1.0,75,KDE,-0.12815838760745,0.0003538276770782572,1.0,PASS
1.0,75,TAIL,-0.450222407573744,0.015975930683813155,0.8571428571428571,FALLBACK_EXPONENTIAL
1.0,76,EMP,-0.1868874111244367,5.7740458261542855e-05,1.0,PASS
1.0,76,EVENT-EMP,-0.1868874111244367,0.0013557660478954285,1.0,PASS
1.0,76,GEV,0.0349038084679016,3.175657285302617e-05,1.0,PASS_LMOM_FINITE_MEAN
1.0,76,KDE,-0.1412356935777424,0.0010157278811202858,1.0,PASS
1.0,76,TAIL,-0.433283536406565,0.013885934241895572,0.8571428571428571,FALLBACK_EXPONENTIAL
1.0,77,EMP,-0.1767958804562278,0.0030808370226794797,0.8571428571428571,PASS
1.0,77,EVENT-EMP,-0.1767958804562278,3.1908521701619008e-06,1.0,PASS
1.0,77,GEV,0.0721533604507517,0.0005398627709177143,1.0,PASS_LMOM_FINITE_MEAN
1.0,77,KDE,-0.125286672671116,0.012729324058757227,0.5714285714285714,PASS
1.0,77,TAIL,-0.437337563414235,0.014285731609426115,0.8571428571428571,FALLBACK_EXPONENTIAL
1.0,78,EMP,-0.2461675973882298,0.0156792830486925,0.8571428571428571,PASS
1.0,78,EVENT-EMP,-0.2461675973882298,0.013536287486455158,0.8571428571428571,PASS
1.0,78,GEV,-0.1156187262901079,0.015902584981368786,0.8571428571428571,PASS_LMOM_FINITE_MEAN
1.0,78,KDE,-0.2196642224752794,0.012790407324374387,0.8571428571428571,PASS
1.0,78,TAIL,-0.4547289485901685,0.016629057554877157,0.8571428571428571,FALLBACK_EXPONENTIAL
1.0,79,EMP,-0.1314327081299801,0.012791324707353714,0.42857142857142855,PASS
1.0,79,EVENT-EMP,-0.1314327081299801,0.0030817015214321245,0.8571428571428571,PASS
1.0,79,GEV,0.2074178420999085,9.836505270473131e-06,1.0,PASS_LMOM_FINITE_MEAN
1.0,79,KDE,-0.0625189014606438,0.0179006610264724,0.2857142857142857,PASS
1.0,79,TAIL,-0.4372124875320847,0.014261896361470057,0.8571428571428571,FALLBACK_EXPONENTIAL
1.0,80,EMP,-0.1247527327859615,0.0027718112500749854,1.0,PASS
1.0,80,EVENT-EMP,-0.1247527327859615,0.0027718112500749854,1.0,PASS
1.0,80,GEV,0.0703659462323663,0.00040439480360798574,1.0,PASS_LMOM_FINITE_MEAN
1.0,80,KDE,-0.0865395436228188,0.0002676948303729857,1.0,PASS
1.0,80,TAIL,-0.448379798714266,0.0156142133255828,0.8571428571428571,FALLBACK_EXPONENTIAL
1.0,81,EMP,-0.149453568265302,5.3428851156e-05,1.0,PASS
1.0,81,EVENT-EMP,-0.149453568265302,5.3428851156e-05,1.0,PASS
1.0,81,GEV,0.0442127576174224,1.11847946178443e-05,1.0,PASS_LMOM_FINITE_MEAN
1.0,81,KDE,-0.1112061766307665,0.0009778544591262427,1.0,PASS
1.0,81,TAIL,0.0835402532539502,0.007696339702831857,0.7142857142857143,PASS
1.0,82,EMP,-0.1214996253244331,0.00010846846303225715,1.0,PASS
1.0,82,EVENT-EMP,-0.1214996253244331,0.0003621333111090857,1.0,PASS
1.0,82,GEV,0.0107285320502881,0.00014470485662665717,1.0,PASS_LMOM_FINITE_MEAN
1.0,82,KDE,-0.0850998448526514,0.0005636904321378856,1.0,PASS
1.0,82,TAIL,-0.446184957563822,0.015324196669868412,0.8571428571428571,FALLBACK_EXPONENTIAL
1.0,83,EMP,-0.2602545008081863,0.0008481633645021429,1.0,PASS
1.0,83,EVENT-EMP,-0.2602545008081863,0.000521566336053,1.0,PASS
1.0,83,GEV,-0.0851859392425698,6.660308806298572e-05,1.0,PASS_LMOM_FINITE_MEAN
1.0,83,KDE,-0.2125036244454985,0.00019756904991184284,1.0,PASS
1.0,83,TAIL,-0.4464983014134924,0.015473826998633842,0.8571428571428571,FALLBACK_EXPONENTIAL
1.0,84,EMP,0.080692929940453,0.0179006610264724,0.2857142857142857,PASS
1.0,84,EVENT-EMP,0.080692929940453,0.0179006610264724,0.2857142857142857,PASS
1.0,84,GEV,0.5217776764380007,0.0179006610264724,0.2857142857142857,PASS_LMOM_FINITE_MEAN
1.0,84,KDE,0.1529767642811298,0.0179006610264724,0.2857142857142857,PASS
1.0,84,TAIL,-0.4296312550239835,0.013459765178178342,0.8571428571428571,FALLBACK_EXPONENTIAL
1.0,85,EMP,0.173140272346641,0.012729324058757227,0.5714285714285714,PASS
1.0,85,EVENT-EMP,0.173140272346641,0.012729324058757227,0.5714285714285714,PASS
1.0,85,GEV,0.3227238121085959,0.015014548488142657,0.42857142857142855,PASS_LMOM_FINITE_MEAN
1.0,85,KDE,0.2320550330433617,0.0179006610264724,0.2857142857142857,PASS
1.0,85,TAIL,-0.4276628121437822,0.013286229959899901,0.8571428571428571,FALLBACK_EXPONENTIAL
1.0,86,EMP,-0.1422821185900878,0.0029656758618554426,0.8571428571428571,PASS
1.0,86,EVENT-EMP,-0.1422821185900878,0.002726296523762471,0.8571428571428571,PASS
1.0,86,GEV,0.1738382562101722,0.0001702374499570286,1.0,PASS_LMOM_FINITE_MEAN
1.0,86,KDE,-0.0865854626575977,0.0179006610264724,0.2857142857142857,PASS
1.0,86,TAIL,-0.4436419406441452,0.0149535348486724,0.8571428571428571,FALLBACK_EXPONENTIAL
1.0,87,EMP,0.0147046759049043,0.006739820325657628,0.8571428571428571,PASS
1.0,87,EVENT-EMP,0.0147046759049043,0.00033330885991251434,1.0,PASS
1.0,87,GEV,0.158730803111502,0.0034164350154884428,0.8571428571428571,PASS_LMOM_FINITE_MEAN
1.0,87,KDE,0.0611305032336817,0.005383162383183657,0.7142857142857143,PASS
1.0,87,TAIL,-0.4411178754759548,0.014732613316590972,0.8571428571428571,FALLBACK_EXPONENTIAL
1.0,88,EMP,0.2941013826414012,0.0179006610264724,0.2857142857142857,PASS
1.0,88,EVENT-EMP,0.2941013826414012,0.0179006610264724,0.2857142857142857,PASS
1.0,88,GEV,0.3932231872532185,0.0179006610264724,0.2857142857142857,PASS_LMOM_FINITE_MEAN
1.0,88,KDE,0.3615748910861255,0.0179006610264724,0.2857142857142857,PASS
1.0,88,TAIL,-0.4310760659962839,0.013729543560534586,0.8571428571428571,FALLBACK_EXPONENTIAL
1.0,89,EMP,-0.1387846417591981,0.00012399549677262858,1.0,PASS
1.0,89,EVENT-EMP,-0.1387846417591981,0.00035099253970680003,1.0,PASS
1.0,89,GEV,0.0878330704248211,5.404958607874286e-05,1.0,PASS_LMOM_FINITE_MEAN
1.0,89,KDE,-0.0928110852756744,0.007822257646542213,0.7142857142857143,PASS
1.0,89,TAIL,-0.434409176113698,0.013986482165304357,0.8571428571428571,FALLBACK_EXPONENTIAL
1.0,90,EMP,0.1355764053372718,0.0179006610264724,0.2857142857142857,PASS
1.0,90,EVENT-EMP,0.1355764053372718,0.0179006610264724,0.2857142857142857,PASS
1.0,90,GEV,0.5664570549872525,0.0179006610264724,0.2857142857142857,PASS_LMOM_FINITE_MEAN
1.0,90,KDE,0.2108915825589771,0.0179006610264724,0.2857142857142857,PASS
1.0,90,TAIL,-0.4184901276397033,0.012574156833134143,0.8571428571428571,FALLBACK_EXPONENTIAL
1.0,91,EMP,-0.106502433189056,0.0004173565452820714,1.0,PASS
1.0,91,EVENT-EMP,-0.106502433189056,0.0005154382951944,1.0,PASS
1.0,91,GEV,0.1111230015494524,4.6042010161115554e-07,1.0,PASS_LMOM_FINITE_MEAN
1.0,91,KDE,-0.063413131401329,0.0036275059929300004,0.8571428571428571,PASS
1.0,91,TAIL,-0.4426488068499871,0.014928128344562799,0.8571428571428571,FALLBACK_EXPONENTIAL
1.0,92,EMP,-0.2345217805920055,0.0005905540532650714,1.0,PASS
1.0,92,EVENT-EMP,-0.2345217805920055,0.001218303575178943,1.0,PASS
1.0,92,GEV,-0.041785110378044,0.0007204892255239286,1.0,PASS_LMOM_FINITE_MEAN
1.0,92,KDE,-0.1802853567319715,0.0025115066840238,1.0,PASS
1.0,92,TAIL,0.5673206002590169,0.0179006610264724,0.2857142857142857,PASS
1.0,93,EMP,0.0672659140234108,0.0179006610264724,0.2857142857142857,PASS
1.0,93,EVENT-EMP,0.0672659140234108,0.0179006610264724,0.2857142857142857,PASS
1.0,93,GEV,0.452464249923383,0.0179006610264724,0.2857142857142857,PASS_LMOM_FINITE_MEAN
1.0,93,KDE,0.1648846826856544,0.0179006610264724,0.2857142857142857,PASS
1.0,93,TAIL,-0.4279922116825084,0.013338589002995643,0.8571428571428571,FALLBACK_EXPONENTIAL
1.0,94,EMP,-0.2482760930219266,0.00015898989179237143,1.0,PASS
1.0,94,EVENT-EMP,-0.2482760930219266,0.0010730313487779858,1.0,PASS
1.0,94,GEV,-0.0747524528615948,2.7616216322674896e-05,1.0,PASS_LMOM_FINITE_MEAN
1.0,94,KDE,-0.2119457031217992,0.00035886286338612854,1.0,PASS
1.0,94,TAIL,-0.4380890482393429,0.0143459182503466,0.8571428571428571,FALLBACK_EXPONENTIAL
1.0,95,EMP,-0.0951533478431499,0.0022815261558353146,1.0,PASS
1.0,95,EVENT-EMP,-0.0951533478431499,0.0017470126082683288,1.0,PASS
1.0,95,GEV,0.0352936763095795,0.0018370782169227428,1.0,PASS_LMOM_FINITE_MEAN
1.0,95,KDE,-0.0574570476086977,2.8646813586592095e-05,1.0,PASS
1.0,95,TAIL,-0.4493191944708976,0.015787230901749487,0.8571428571428571,FALLBACK_EXPONENTIAL
1.0,96,EMP,0.7646868087425109,0.0179006610264724,0.2857142857142857,PASS
1.0,96,EVENT-EMP,0.7646868087425109,0.0179006610264724,0.2857142857142857,PASS
1.0,96,GEV,0.6082537829258347,0.0179006610264724,0.2857142857142857,PASS_LMOM_FINITE_MEAN
1.0,96,KDE,0.8653149885770923,0.0179006610264724,0.2857142857142857,PASS
1.0,96,TAIL,-0.425810229018963,0.013166434012972758,0.8571428571428571,FALLBACK_EXPONENTIAL
1.0,97,EMP,-0.1911426683582791,0.002119817326554386,1.0,PASS
1.0,97,EVENT-EMP,-0.1911426683582791,0.008201083727129986,0.7142857142857143,PASS
1.0,97,GEV,0.0603058198201327,8.932286750720249e-06,1.0,PASS_LMOM_FINITE_MEAN
1.0,97,KDE,-0.1417193365636918,0.0008523128145223287,1.0,PASS
1.0,97,TAIL,-0.4341637065720268,0.013994781736081286,0.8571428571428571,FALLBACK_EXPONENTIAL
1.0,98,EMP,-0.1783152988519658,0.005825061998521229,0.8571428571428571,PASS
1.0,98,EVENT-EMP,-0.1783152988519658,0.006418541124798343,0.8571428571428571,PASS
1.0,98,GEV,0.0308514208791235,0.003978448263589343,0.8571428571428571,PASS_LMOM_FINITE_MEAN
1.0,98,KDE,-0.1164736384200711,0.012729324058757227,0.5714285714285714,PASS
1.0,98,TAIL,-0.4265969432970314,0.013215603485001785,0.8571428571428571,FALLBACK_EXPONENTIAL
1.0,99,EMP,-0.1345332404192098,0.0028657103715397287,1.0,PASS
1.0,99,EVENT-EMP,-0.1345332404192098,0.00042310031677371434,1.0,PASS
1.0,99,GEV,0.0120866087375171,0.0005807434680809143,1.0,PASS_LMOM_FINITE_MEAN
1.0,99,KDE,-0.0996285285831765,7.381232396665713e-05,1.0,PASS
1.0,99,TAIL,-0.4402059648025112,0.014579804242288857,0.8571428571428571,FALLBACK_EXPONENTIAL
1.0,100,EMP,-0.0316597787017677,0.000113156273787,1.0,PASS
1.0,100,EVENT-EMP,-0.0316597787017677,8.553043303221712e-06,1.0,PASS
1.0,100,GEV,0.1056478234118797,0.000291323265693,1.0,PASS_LMOM_FINITE_MEAN
1.0,100,KDE,0.0109725612036619,0.0029110359095138,0.8571428571428571,PASS
1.0,100,TAIL,-0.4405699388855383,0.014655566931349229,0.8571428571428571,FALLBACK_EXPONENTIAL
1.0,101,EMP,-0.1555524342641044,0.0003236212499928857,1.0,PASS
1.0,101,EVENT-EMP,-0.1555524342641044,0.00033887940925962857,1.0,PASS
1.0,101,GEV,0.0707078827421121,3.818530568645996e-06,1.0,PASS_LMOM_FINITE_MEAN
1.0,101,KDE,-0.1020115443997535,0.0008960104483327285,1.0,PASS
1.0,101,TAIL,-0.4381467080001229,0.014408882985312557,0.8571428571428571,FALLBACK_EXPONENTIAL
1.0,102,EMP,0.0102766496875852,0.005967895831168457,1.0,PASS
1.0,102,EVENT-EMP,0.0102766496875852,0.00011116785486030001,1.0,PASS
1.0,102,GEV,0.0748694622308094,0.0018014266215191142,1.0,PASS_LMOM_FINITE_MEAN
1.0,102,KDE,0.0536444245962192,0.005186499630600859,0.7142857142857143,PASS
1.0,102,TAIL,-0.0685666877849019,0.015300011914432829,0.8571428571428571,PASS
1.0,103,EMP,-0.1796797413411628,0.00037077073773878567,1.0,PASS
1.0,103,EVENT-EMP,-0.1796797413411628,0.0003488238789689572,1.0,PASS
1.0,103,GEV,-0.0174023600237766,7.608103260287143e-05,1.0,PASS_LMOM_FINITE_MEAN
1.0,103,KDE,-0.1451276584668745,0.0002990128699584,1.0,PASS
1.0,103,TAIL,-0.4389378611014675,0.01443016288764167,0.8571428571428571,FALLBACK_EXPONENTIAL
1.0,104,EMP,-0.2698904811411056,8.585157666729543e-06,1.0,PASS
1.0,104,EVENT-EMP,-0.2698904811411056,0.0011907796031499429,1.0,PASS
1.0,104,GEV,-0.1009213433625347,1.219233459607232e-05,1.0,PASS_LMOM_FINITE_MEAN
1.0,104,KDE,-0.2235152507788995,0.0009642454369092428,1.0,PASS
1.0,104,TAIL,-0.4438590615319908,0.0150550733392306,0.8571428571428571,FALLBACK_EXPONENTIAL
1.0,105,EMP,-0.319198182380122,0.022285740309099744,0.8571428571428571,PASS
1.0,105,EVENT-EMP,-0.319198182380122,0.022156032537064115,0.8571428571428571,PASS
1.0,105,GEV,-0.1427531485895061,0.01662997835817607,0.8571428571428571,PASS_LMOM_FINITE_MEAN
1.0,105,KDE,-0.2816577519147437,0.013652643005772786,0.8571428571428571,PASS
1.0,105,TAIL,-0.4584847109045568,0.01714017931449667,0.8571428571428571,FALLBACK_EXPONENTIAL
1.0,106,EMP,-0.2858041383489633,0.00014899596854429998,1.0,PASS
1.0,106,EVENT-EMP,-0.2858041383489633,1.2607987096529575e-06,1.0,PASS
1.0,106,GEV,-0.1631110324151206,1.643347238170677e-05,1.0,PASS_LMOM_FINITE_MEAN
1.0,106,KDE,-0.2490566843244343,0.00045463175013711425,1.0,PASS
1.0,106,TAIL,0.2169609352502051,0.0074326013769238424,0.7142857142857143,PASS
1.0,107,EMP,-0.2263911230849163,0.0016387657845187286,1.0,PASS
1.0,107,EVENT-EMP,-0.2263911230849163,0.0005502925817211857,1.0,PASS
1.0,107,GEV,-0.079693994374217,0.012287557101902742,0.8571428571428571,PASS_LMOM_FINITE_MEAN
1.0,107,KDE,-0.1974066959628074,5.678185229057332e-07,1.0,PASS
1.0,107,TAIL,-0.4477319839287536,0.015516066320261129,0.8571428571428571,FALLBACK_EXPONENTIAL
1.0,108,EMP,0.0038185076633569,0.013462492972776458,0.5714285714285714,PASS
1.0,108,EVENT-EMP,0.0038185076633569,0.013004319134087543,0.42857142857142855,PASS
1.0,108,GEV,0.2847235421240031,0.0061434806665146575,0.7142857142857143,PASS_LMOM_FINITE_MEAN
1.0,108,KDE,0.0755535684111004,0.0179006610264724,0.2857142857142857,PASS
1.0,108,TAIL,-0.4405304045764778,0.014631774924049015,0.8571428571428571,FALLBACK_EXPONENTIAL
1.0,109,EMP,0.0835784055463017,0.0179006610264724,0.2857142857142857,PASS
1.0,109,EVENT-EMP,0.0835784055463017,0.0179006610264724,0.2857142857142857,PASS
1.0,109,GEV,0.4319985156825609,0.0179006610264724,0.2857142857142857,PASS_LMOM_FINITE_MEAN
1.0,109,KDE,0.1804720803696752,0.0179006610264724,0.2857142857142857,PASS
1.0,109,TAIL,-0.4294363797216633,0.013550460205036943,0.8571428571428571,FALLBACK_EXPONENTIAL
1.0,110,EMP,-0.1390666118500299,3.65185056293262e-05,1.0,PASS
1.0,110,EVENT-EMP,-0.1390666118500299,0.0016205346732477428,1.0,PASS
1.0,110,GEV,0.0214319577521352,4.319439803425715e-05,1.0,PASS_LMOM_FINITE_MEAN
1.0,110,KDE,-0.1029787284309367,0.0005786499432851571,1.0,PASS
1.0,110,TAIL,-0.444761271678724,0.015227060183292488,0.8571428571428571,FALLBACK_EXPONENTIAL
1.0,111,EMP,0.2935707900452533,0.0179006610264724,0.2857142857142857,PASS
1.0,111,EVENT-EMP,0.2935707900452533,0.0179006610264724,0.2857142857142857,PASS
1.0,111,GEV,0.3761251855706042,0.008588873267401773,0.5714285714285714,PASS_LMOM_FINITE_MEAN
1.0,111,KDE,0.3609094313790527,0.0179006610264724,0.2857142857142857,PASS
1.0,111,TAIL,-0.4375648275668095,0.0143122679628401,0.8571428571428571,FALLBACK_EXPONENTIAL
1.0,112,EMP,-0.2251809827640275,0.00031130562362305717,1.0,PASS
1.0,112,EVENT-EMP,-0.2251809827640275,0.0011056741857535714,1.0,PASS
1.0,112,GEV,-0.0328130630596044,0.001217824339474157,1.0,PASS_LMOM_FINITE_MEAN
1.0,112,KDE,-0.1645614087990163,0.005186493138684743,0.8571428571428571,PASS
1.0,112,TAIL,-0.4289408022863251,0.013515726803015988,0.8571428571428571,FALLBACK_EXPONENTIAL
1.0,113,EMP,-0.2717628924245066,0.019814282475267873,0.8571428571428571,PASS
1.0,113,EVENT-EMP,-0.2717628924245066,0.011984736185252401,0.8571428571428571,PASS
1.0,113,GEV,-0.084047254735535,0.014964407692175814,0.8571428571428571,PASS_LMOM_FINITE_MEAN
1.0,113,KDE,-0.2367021093697465,0.012174192974275357,0.8571428571428571,PASS
1.0,113,TAIL,-0.4540948624091274,0.016433433100673186,0.8571428571428571,FALLBACK_EXPONENTIAL
1.0,114,EMP,-0.3266684371815863,0.00022087417198705716,1.0,PASS
1.0,114,EVENT-EMP,-0.3266684371815863,0.00022087417198705716,1.0,PASS
1.0,114,GEV,-0.2202645684899858,0.00023384872700082856,1.0,PASS_LMOM_FINITE_MEAN
1.0,114,KDE,-0.2861829544651709,0.0007504968103641429,1.0,PASS
1.0,114,TAIL,-0.4442646911298892,0.015129142545918387,0.8571428571428571,FALLBACK_EXPONENTIAL
1.0,115,EMP,-0.3046799332207704,0.0013184060326069714,1.0,PASS
1.0,115,EVENT-EMP,-0.3046799332207704,0.0031228079560602,1.0,PASS
1.0,115,GEV,-0.1767056237775806,0.00014294673056721428,1.0,PASS_LMOM_FINITE_MEAN
1.0,115,KDE,-0.2586925591926146,0.0010662518766936429,1.0,PASS
1.0,115,TAIL,-0.4414080490718011,0.014699742420542486,0.8571428571428571,FALLBACK_EXPONENTIAL
1.0,116,EMP,-0.0922395775645569,0.0179006610264724,0.2857142857142857,PASS
1.0,116,EVENT-EMP,-0.0922395775645569,0.0179006610264724,0.2857142857142857,PASS
1.0,116,GEV,0.1753561579340626,0.012729324058757227,0.5714285714285714,PASS_LMOM_FINITE_MEAN
1.0,116,KDE,-0.0260979234928129,0.0179006610264724,0.2857142857142857,PASS
1.0,116,TAIL,-0.4279852236506768,0.013366401428338,0.8571428571428571,FALLBACK_EXPONENTIAL
1.0,117,EMP,-0.2945720798031844,0.012707136709437659,0.8571428571428571,PASS
1.0,117,EVENT-EMP,-0.2945720798031844,0.012707136709437659,0.8571428571428571,PASS
1.0,117,GEV,-0.2076020908570351,0.013310137843998027,0.8571428571428571,PASS_LMOM_FINITE_MEAN
1.0,117,KDE,-0.2731150734208941,0.011776321168174956,0.8571428571428571,PASS
1.0,117,TAIL,-0.4573414607418958,0.016940207826389726,0.8571428571428571,FALLBACK_EXPONENTIAL
1.0,118,EMP,-0.0408968835801288,0.0023199973916010856,1.0,PASS
1.0,118,EVENT-EMP,-0.0408968835801288,6.622181047607143e-05,1.0,PASS
1.0,118,GEV,0.1296439726843399,0.0005745395225102143,1.0,PASS_LMOM_FINITE_MEAN
1.0,118,KDE,0.0021376005528076,0.0054342541619992,0.7142857142857143,PASS
1.0,118,TAIL,-0.4414305102827727,0.014739849156427499,0.8571428571428571,FALLBACK_EXPONENTIAL
1.0,119,EMP,-0.084886844423933,0.005498214605485586,1.0,PASS
1.0,119,EVENT-EMP,-0.084886844423933,3.204443597392626e-05,1.0,PASS
1.0,119,GEV,0.07004066184173,0.0019809870353234144,1.0,PASS_LMOM_FINITE_MEAN
1.0,119,KDE,-0.0429086456597127,0.005179999165836092,0.7142857142857143,PASS
1.0,119,TAIL,-0.4439244579840627,0.01508937824546466,0.8571428571428571,FALLBACK_EXPONENTIAL
1.0,120,EMP,-0.2880365057380731,0.011719916940135942,0.8571428571428571,PASS
1.0,120,EVENT-EMP,-0.2880365057380731,0.011865370849732543,0.8571428571428571,PASS
1.0,120,GEV,-0.146018856235407,0.011547734700161915,0.8571428571428571,PASS_LMOM_FINITE_MEAN
1.0,120,KDE,-0.2578240084518841,3.679572133863672e-06,1.0,PASS
1.0,120,TAIL,-0.4506520165330566,0.01592338454802383,0.8571428571428571,FALLBACK_EXPONENTIAL
1.0,121,EMP,-0.1286298051876,0.0032056929371763717,0.8571428571428571,PASS
1.0,121,EVENT-EMP,-0.1286298051876,0.0001904747239155,1.0,PASS
1.0,121,GEV,0.1358297160430945,4.0468642107849245e-05,1.0,PASS_LMOM_FINITE_MEAN
1.0,121,KDE,-0.0814745378113775,0.0179006610264724,0.2857142857142857,PASS
1.0,121,TAIL,-0.4403801043688494,0.014734979664731557,0.8571428571428571,FALLBACK_EXPONENTIAL
1.0,122,EMP,-0.0350746065079698,1.2080050877019602e-05,1.0,PASS
1.0,122,EVENT-EMP,-0.0350746065079698,0.00045214702670481427,1.0,PASS
1.0,122,GEV,0.1043980471953314,9.905420552753421e-06,1.0,PASS_LMOM_FINITE_MEAN
1.0,122,KDE,0.0082000362647921,0.003922384346241657,0.8571428571428571,PASS
1.0,122,TAIL,-0.4358727048808229,0.014124248700086686,0.8571428571428571,FALLBACK_EXPONENTIAL
1.0,123,EMP,0.0781112325347861,0.002749442188362843,0.8571428571428571,PASS
1.0,123,EVENT-EMP,0.0781112325347861,0.0027173551221905856,0.8571428571428571,PASS
1.0,123,GEV,0.225570924592123,0.0026846684844587,0.8571428571428571,PASS_LMOM_FINITE_MEAN
1.0,123,KDE,0.1298303234667978,0.0179006610264724,0.2857142857142857,PASS
1.0,123,TAIL,-0.4389605855982431,0.014583909508333144,0.8571428571428571,FALLBACK_EXPONENTIAL
1.0,124,EMP,-0.2414216796633668,0.019926991011520154,0.8571428571428571,PASS
1.0,124,EVENT-EMP,-0.2414216796633668,0.015259643048607729,0.8571428571428571,PASS
1.0,124,GEV,-0.1302998652290022,0.0172763652464378,0.8571428571428571,PASS_LMOM_FINITE_MEAN
1.0,124,KDE,-0.2156538314668156,0.013482213868497,0.8571428571428571,PASS
1.0,124,TAIL,-0.457449293777907,0.017009970242428472,0.8571428571428571,FALLBACK_EXPONENTIAL
1.0,125,EMP,-0.2019519099503574,0.0009871683376717285,1.0,PASS
1.0,125,EVENT-EMP,-0.2019519099503574,0.0009871683376717285,1.0,PASS
1.0,125,GEV,-0.0025914209968824,0.0002328036005226,1.0,PASS_LMOM_FINITE_MEAN
1.0,125,KDE,-0.1489879333530546,0.0001822240499909143,1.0,PASS
1.0,125,TAIL,-0.4464922735610135,0.015384251051822728,0.8571428571428571,FALLBACK_EXPONENTIAL
1.0,126,EMP,-0.3423167243814251,0.012761343056658988,0.8571428571428571,PASS
1.0,126,EVENT-EMP,-0.3423167243814251,0.011442564419465144,0.8571428571428571,PASS
1.0,126,GEV,-0.2386337109020755,0.01151177529776613,0.8571428571428571,PASS_LMOM_FINITE_MEAN
1.0,126,KDE,-0.3141027928218191,0.011301628696218305,0.8571428571428571,PASS
1.0,126,TAIL,0.0015415735067489,0.01732629937636323,0.7142857142857143,PASS
1.0,127,EMP,-0.04043547525184,0.015014548488142657,0.42857142857142855,PASS
1.0,127,EVENT-EMP,-0.04043547525184,0.012729324058757227,0.5714285714285714,PASS
1.0,127,GEV,0.242658804901077,0.012729324058757227,0.5714285714285714,PASS_LMOM_FINITE_MEAN
1.0,127,KDE,0.0124241982259096,0.0179006610264724,0.2857142857142857,PASS
1.0,127,TAIL,-0.420789087843252,0.012761160145433529,0.8571428571428571,FALLBACK_EXPONENTIAL
1.0,128,EMP,-0.1033786505704188,0.01672423476442983,0.5714285714285714,PASS
1.0,128,EVENT-EMP,-0.1033786505704188,0.01672423476442983,0.5714285714285714,PASS
1.0,128,GEV,0.0336549310015215,0.012729324058757227,0.5714285714285714,PASS_LMOM_FINITE_MEAN
1.0,128,KDE,-0.0593159054594608,0.013925872702651285,0.5714285714285714,PASS
1.0,128,TAIL,-0.4248413187173458,0.013084865059256285,0.8571428571428571,FALLBACK_EXPONENTIAL
1.0,129,EMP,-0.2271136767332462,0.0008809374831582,1.0,PASS
1.0,129,EVENT-EMP,-0.2271136767332462,0.0019955478813654,1.0,PASS
1.0,129,GEV,-0.0462868064268063,0.0008707584626347286,1.0,PASS_LMOM_FINITE_MEAN
1.0,129,KDE,-0.1719320538940278,0.0026311281287842714,1.0,PASS
1.0,129,TAIL,-0.4329798005735545,0.013821420951501658,0.8571428571428571,FALLBACK_EXPONENTIAL
1.0,130,EMP,-0.2550344348518787,0.0013815656965857858,1.0,PASS
1.0,130,EVENT-EMP,-0.2550344348518787,0.0013815656965857858,1.0,PASS
1.0,130,GEV,-0.2017541395900283,0.0004999518665168571,1.0,PASS_LMOM_FINITE_MEAN
1.0,130,KDE,-0.229188054590206,0.0014489279919432,1.0,PASS
1.0,130,TAIL,-0.4387705744026788,0.014443995569525442,0.8571428571428571,FALLBACK_EXPONENTIAL
1.0,131,EMP,-0.1949296239942855,0.0005525020860888428,1.0,PASS
1.0,131,EVENT-EMP,-0.1949296239942855,0.0001166817898989,1.0,PASS
1.0,131,GEV,-0.0285120460806245,0.0003766374542451857,1.0,PASS_LMOM_FINITE_MEAN
1.0,131,KDE,-0.160746101514534,8.528524657011428e-05,1.0,PASS
1.0,131,TAIL,-0.4426086708633284,0.014887077947145272,0.8571428571428571,FALLBACK_EXPONENTIAL
1.0,132,EMP,-0.1015364179517887,0.012729324058757227,0.5714285714285714,PASS
1.0,132,EVENT-EMP,-0.1015364179517887,0.012729324058757227,0.5714285714285714,PASS
1.0,132,GEV,0.1632803911594503,0.012729324058757227,0.5714285714285714,PASS_LMOM_FINITE_MEAN
1.0,132,KDE,-0.048062612537344,0.0179006610264724,0.2857142857142857,PASS
1.0,132,TAIL,-0.4234546437035383,0.012977051980996914,0.8571428571428571,FALLBACK_EXPONENTIAL
1.0,133,EMP,-0.3080283639272855,0.014406772015683899,0.8571428571428571,PASS
1.0,133,EVENT-EMP,-0.3080283639272855,0.0115794469767915,0.8571428571428571,PASS
1.0,133,GEV,-0.1631290626601284,0.011750895968772613,0.8571428571428571,PASS_LMOM_FINITE_MEAN
1.0,133,KDE,-0.2687154127308135,1.0912259371672329e-06,1.0,PASS
1.0,133,TAIL,-0.4511613715931597,0.016008628059284886,0.8571428571428571,FALLBACK_EXPONENTIAL
1.0,134,EMP,-0.287436360150575,5.462585253672857e-05,1.0,PASS
1.0,134,EVENT-EMP,-0.287436360150575,5.462585253672857e-05,1.0,PASS
1.0,134,GEV,-0.1578552460071409,1.1425084049742843e-05,1.0,PASS_LMOM_FINITE_MEAN
1.0,134,KDE,-0.244961974804565,0.0004094617072874143,1.0,PASS
1.0,134,TAIL,-0.4428687734547443,0.014961381840820544,0.8571428571428571,FALLBACK_EXPONENTIAL
1.0,135,EMP,-0.1594188077211501,0.0014570875451745857,1.0,PASS
1.0,135,EVENT-EMP,-0.1594188077211501,4.1645222660273894e-06,1.0,PASS
1.0,135,GEV,-0.0133160660787765,0.00032959099527205715,1.0,PASS_LMOM_FINITE_MEAN
1.0,135,KDE,-0.1225354844956147,0.002310131995379957,1.0,PASS
1.0,135,TAIL,-0.4437732830107932,0.0150387194404258,0.8571428571428571,FALLBACK_EXPONENTIAL
1.0,136,EMP,0.2744826347481616,0.007990100876422815,0.7142857142857143,PASS
1.0,136,EVENT-EMP,0.2744826347481616,0.005930349324318786,0.7142857142857143,PASS
1.0,136,GEV,0.2439001004764208,0.007417918758026372,0.7142857142857143,PASS_LMOM_FINITE_MEAN
1.0,136,KDE,0.3399576277512576,0.0179006610264724,0.2857142857142857,PASS
1.0,136,TAIL,-0.4407798212124798,0.014676904078590972,0.8571428571428571,FALLBACK_EXPONENTIAL
1.0,137,EMP,-0.1712886676186646,0.0011180093803133141,1.0,PASS
1.0,137,EVENT-EMP,-0.1712886676186646,0.00030630701725474285,1.0,PASS
1.0,137,GEV,0.1150486220269983,9.857441313012857e-05,1.0,PASS_LMOM_FINITE_MEAN
1.0,137,KDE,-0.1069264661526833,0.0086901643528088,0.5714285714285714,PASS
1.0,137,TAIL,-0.442402281505119,0.014866830212796056,0.8571428571428571,FALLBACK_EXPONENTIAL
1.0,138,EMP,-0.2181371338752715,0.0003815979929890286,1.0,PASS
1.0,138,EVENT-EMP,-0.2181371338752715,5.114753990904079e-07,1.0,PASS
1.0,138,GEV,-0.0319806983307226,1.2381308738814039e-05,1.0,PASS_LMOM_FINITE_MEAN
1.0,138,KDE,-0.180045984670601,0.0006518510664038572,1.0,PASS
1.0,138,TAIL,-0.4421281574399743,0.014846413017491471,0.8571428571428571,FALLBACK_EXPONENTIAL
1.0,139,EMP,-0.267560961422171,0.00022269424141135714,1.0,PASS
1.0,139,EVENT-EMP,-0.267560961422171,0.00022269424141135714,1.0,PASS
1.0,139,GEV,-0.1300697639858418,0.011816579850400586,0.8571428571428571,PASS_LMOM_FINITE_MEAN
1.0,139,KDE,-0.2402475850558154,1.4433465337275825e-05,1.0,PASS
1.0,139,TAIL,-0.4466269149350485,0.015358131268391816,0.8571428571428571,FALLBACK_EXPONENTIAL
1.0,140,EMP,0.6853517864922547,0.0179006610264724,0.2857142857142857,PASS
1.0,140,EVENT-EMP,0.6853517864922547,0.0179006610264724,0.2857142857142857,PASS
1.0,140,GEV,0.8194997936012214,0.0179006610264724,0.2857142857142857,PASS_LMOM_FINITE_MEAN
1.0,140,KDE,0.7870930301844614,0.0179006610264724,0.2857142857142857,PASS
1.0,140,TAIL,-0.4163155176565235,0.012429774036811642,0.8571428571428571,FALLBACK_EXPONENTIAL
1.0,141,EMP,-0.0472837399471255,0.0179006610264724,0.2857142857142857,PASS
1.0,141,EVENT-EMP,-0.0472837399471255,0.0179006610264724,0.2857142857142857,PASS
1.0,141,GEV,0.2918906996394103,0.0179006610264724,0.2857142857142857,PASS_LMOM_FINITE_MEAN
1.0,141,KDE,0.0131504582439368,0.0179006610264724,0.2857142857142857,PASS
1.0,141,TAIL,-0.4255365278082705,0.013152035067878171,0.8571428571428571,FALLBACK_EXPONENTIAL
1.0,142,EMP,-0.1144099632574162,0.0005143190061683143,1.0,PASS
1.0,142,EVENT-EMP,-0.1144099632574162,0.0005143190061683143,1.0,PASS
1.0,142,GEV,0.0524475110116223,0.0005074342087463144,1.0,PASS_LMOM_FINITE_MEAN
1.0,142,KDE,-0.0770666087870136,0.0001377013518647143,1.0,PASS
1.0,142,TAIL,-0.4466642535617467,0.015453806606210528,0.8571428571428571,FALLBACK_EXPONENTIAL
1.0,143,EMP,-0.1690381498911993,0.0022448223778385144,1.0,PASS
1.0,143,EVENT-EMP,-0.1690381498911993,0.0011991104429170288,1.0,PASS
1.0,143,GEV,0.007407504955826,0.0004273361887238572,1.0,PASS_LMOM_FINITE_MEAN
1.0,143,KDE,-0.1348022483268436,9.245476194042858e-05,1.0,PASS
1.0,143,TAIL,-0.4484458210962809,0.015770864324038816,0.8571428571428571,FALLBACK_EXPONENTIAL
1.0,144,EMP,-0.1083525949524755,0.015031789800587841,0.8571428571428571,PASS
1.0,144,EVENT-EMP,-0.1083525949524755,0.015858961216751514,0.8571428571428571,PASS
1.0,144,GEV,-0.0303482576613337,0.013865022453601284,0.8571428571428571,PASS_LMOM_FINITE_MEAN
1.0,144,KDE,-0.0744484013723636,6.426094014934286e-05,1.0,PASS
1.0,144,TAIL,-0.455536858099876,0.016601694057709483,0.8571428571428571,FALLBACK_EXPONENTIAL
1.0,145,EMP,-0.2607621148229028,0.02213619645736183,0.8571428571428571,PASS
1.0,145,EVENT-EMP,-0.2607621148229028,0.015348397032465358,0.8571428571428571,PASS
1.0,145,GEV,-0.1377099532963703,0.016904001930375886,0.8571428571428571,PASS_LMOM_FINITE_MEAN
1.0,145,KDE,-0.2356954889732629,0.01329309959851874,0.8571428571428571,PASS
1.0,145,TAIL,-0.3207186461676308,0.0172294344798633,0.8571428571428571,PASS
1.0,146,EMP,-0.1640859553125453,0.022031733586040186,0.8571428571428571,PASS
1.0,146,EVENT-EMP,-0.1640859553125453,0.0008489957976974143,1.0,PASS
1.0,146,GEV,-0.0304643772736054,0.014310304546988771,0.8571428571428571,PASS_LMOM_FINITE_MEAN
1.0,146,KDE,-0.1319166204838175,0.00016455905303417142,1.0,PASS
1.0,146,TAIL,-0.4507893607545866,0.01607305511022507,0.8571428571428571,FALLBACK_EXPONENTIAL
1.0,147,EMP,0.0620062109765919,0.012729324058757227,0.5714285714285714,PASS
1.0,147,EVENT-EMP,0.0620062109765919,0.012729324058757227,0.5714285714285714,PASS
1.0,147,GEV,0.2567595339137758,0.012729324058757227,0.5714285714285714,PASS_LMOM_FINITE_MEAN
1.0,147,KDE,0.1149876218492213,0.0179006610264724,0.2857142857142857,PASS
1.0,147,TAIL,-0.4304229856465615,0.013613818583348257,0.8571428571428571,FALLBACK_EXPONENTIAL
1.0,148,EMP,-0.2852608390432233,2.6203167565753824e-05,1.0,PASS
1.0,148,EVENT-EMP,-0.2852608390432233,3.61795662146017e-05,1.0,PASS
1.0,148,GEV,-0.158255232204462,0.0004371203045094429,1.0,PASS_LMOM_FINITE_MEAN
1.0,148,KDE,-0.2419160023684017,0.0014409676705758,1.0,PASS
1.0,148,TAIL,-0.4405265261692963,0.014695866387632513,0.8571428571428571,FALLBACK_EXPONENTIAL
1.0,149,EMP,-0.0568869358274155,8.454063489899683e-07,1.0,PASS
1.0,149,EVENT-EMP,-0.0568869358274155,0.0001825665089851286,1.0,PASS
1.0,149,GEV,-0.0152987381380912,0.00012602712524284286,1.0,PASS_LMOM_FINITE_MEAN
1.0,149,KDE,-0.0198563803114475,0.0004265335508234571,1.0,PASS
1.0,149,TAIL,-0.4457181421090886,0.015260377692758372,0.8571428571428571,FALLBACK_EXPONENTIAL
1.0,150,EMP,-0.2991673397340844,0.014310633066956199,0.8571428571428571,PASS
1.0,150,EVENT-EMP,-0.2991673397340844,0.013569625618880957,0.8571428571428571,PASS
1.0,150,GEV,-0.1552888383467972,0.013856005160702513,0.8571428571428571,PASS_LMOM_FINITE_MEAN
1.0,150,KDE,-0.2746264629286206,0.0121619593155239,0.8571428571428571,PASS
1.0,150,TAIL,-0.455328879360569,0.016710574598375858,0.8571428571428571,FALLBACK_EXPONENTIAL
1.0,151,EMP,-0.110616721028904,0.0018980568834608999,1.0,PASS
1.0,151,EVENT-EMP,-0.110616721028904,0.0018980568834608999,1.0,PASS
1.0,151,GEV,0.0627695147867763,0.0007957691141081143,1.0,PASS_LMOM_FINITE_MEAN
1.0,151,KDE,-0.072846673096325,6.967693778129999e-05,1.0,PASS
1.0,151,TAIL,-0.4460803690680667,0.015391974562199156,0.8571428571428571,FALLBACK_EXPONENTIAL
1.0,152,EMP,-0.1121701419177355,0.006196925657870529,1.0,PASS
1.0,152,EVENT-EMP,-0.1121701419177355,0.0039263089582881,1.0,PASS
1.0,152,GEV,-0.0139426353647517,0.0015992128551900857,1.0,PASS_LMOM_FINITE_MEAN
1.0,152,KDE,-0.0729983878921917,0.008883451864576442,0.7142857142857143,PASS
1.0,152,TAIL,-0.4368367000919663,0.014176655194617957,0.8571428571428571,FALLBACK_EXPONENTIAL
1.0,153,EMP,-0.3730976469127699,0.011462703118972784,0.8571428571428571,PASS
1.0,153,EVENT-EMP,-0.3730976469127699,0.011361392828583228,0.8571428571428571,PASS
1.0,153,GEV,-0.320156946741492,0.011316466495717213,0.8571428571428571,PASS_LMOM_FINITE_MEAN
1.0,153,KDE,-0.3426861739691635,0.011637632102269315,0.8571428571428571,PASS
1.0,153,TAIL,-0.4525587259367117,0.016208344550399885,0.8571428571428571,FALLBACK_EXPONENTIAL
1.0,154,EMP,-0.0926201600475254,0.00010394352742692857,1.0,PASS
1.0,154,EVENT-EMP,-0.0926201600475254,0.00040863510672377144,1.0,PASS
1.0,154,GEV,0.0629439902210062,0.0001410301972806,1.0,PASS_LMOM_FINITE_MEAN
1.0,154,KDE,-0.0523355656141581,0.0004731794252119714,1.0,PASS
1.0,154,TAIL,-0.4410762917111475,0.014674578765685616,0.8571428571428571,FALLBACK_EXPONENTIAL
1.0,155,EMP,-0.0728089968179984,0.00017445250774937143,1.0,PASS
1.0,155,EVENT-EMP,-0.0728089968179984,0.00017445250774937143,1.0,PASS
1.0,155,GEV,0.0644238193950276,8.589776645310001e-05,1.0,PASS_LMOM_FINITE_MEAN
1.0,155,KDE,-0.032265258021614,0.0041824986334216005,0.8571428571428571,PASS
1.0,155,TAIL,-0.4384703112481311,0.014375117973308957,0.8571428571428571,FALLBACK_EXPONENTIAL
1.0,156,EMP,-0.1859041455389561,0.01854187477950744,0.8571428571428571,PASS
1.0,156,EVENT-EMP,-0.1859041455389561,0.015353706565732173,0.8571428571428571,PASS
1.0,156,GEV,-0.1163902707243195,0.016562498794553855,0.8571428571428571,PASS_LMOM_FINITE_MEAN
1.0,156,KDE,-0.1580931461239139,0.012689165739361985,0.8571428571428571,PASS
1.0,156,TAIL,-0.4574088152171694,0.016958063287950242,0.8571428571428571,FALLBACK_EXPONENTIAL
1.0,157,EMP,0.0034034578828173,0.0001444561174578857,1.0,PASS
1.0,157,EVENT-EMP,0.0034034578828173,9.420616375384285e-05,1.0,PASS
1.0,157,GEV,0.1510522352456335,1.8648240009179657e-05,1.0,PASS_LMOM_FINITE_MEAN
1.0,157,KDE,0.0493582457982411,0.0179006610264724,0.2857142857142857,PASS
1.0,157,TAIL,-0.4359285304735464,0.014159127924649887,0.8571428571428571,FALLBACK_EXPONENTIAL
1.0,158,EMP,-0.137366698552071,0.0179006610264724,0.2857142857142857,PASS
1.0,158,EVENT-EMP,-0.137366698552071,0.012729324058757227,0.5714285714285714,PASS
1.0,158,GEV,0.1704236633559585,0.012729324058757227,0.5714285714285714,PASS_LMOM_FINITE_MEAN
1.0,158,KDE,-0.0562092171776699,0.0179006610264724,0.2857142857142857,PASS
1.0,158,TAIL,2.205634749431268,0.20915558182228916,0.14285714285714285,PASS
1.0,159,EMP,-0.2404580474863847,6.880068943298571e-05,1.0,PASS
1.0,159,EVENT-EMP,-0.2404580474863847,4.358800164497143e-05,1.0,PASS
1.0,159,GEV,-0.1145348025638806,9.682168338081429e-05,1.0,PASS_LMOM_FINITE_MEAN
1.0,159,KDE,-0.2122084718549163,0.00013137504193624287,1.0,PASS
1.0,159,TAIL,-0.4485726427740878,0.015552662730940229,0.8571428571428571,FALLBACK_EXPONENTIAL
1.0,160,EMP,-0.2865612603292646,2.240332691158166e-05,1.0,PASS
1.0,160,EVENT-EMP,-0.2865612603292646,0.0006025433406080143,1.0,PASS
1.0,160,GEV,-0.1514291387863439,1.9617608335540517e-05,1.0,PASS_LMOM_FINITE_MEAN
1.0,160,KDE,-0.2445748030191134,0.00046014339838349995,1.0,PASS
1.0,160,TAIL,-0.4376749259361148,0.014301503227891945,0.8571428571428571,FALLBACK_EXPONENTIAL
1.0,161,EMP,-0.2607967907845014,0.015866274587944186,0.8571428571428571,PASS
1.0,161,EVENT-EMP,-0.2607967907845014,0.0016719230796871712,1.0,PASS
1.0,161,GEV,-0.0583107307589613,0.014311609016642671,0.8571428571428571,PASS_LMOM_FINITE_MEAN
1.0,161,KDE,-0.2253835168512588,0.0006053242718679858,1.0,PASS
1.0,161,TAIL,-0.4480371395352414,0.015633848217967945,0.8571428571428571,FALLBACK_EXPONENTIAL
1.0,162,EMP,-0.2287720177028805,0.011903092018289185,0.8571428571428571,PASS
1.0,162,EVENT-EMP,-0.2287720177028805,0.0114279942900019,0.8571428571428571,PASS
1.0,162,GEV,-0.1564571995875988,0.013005508658486943,0.8571428571428571,PASS_LMOM_FINITE_MEAN
1.0,162,KDE,-0.2032163914682057,0.011520910427779585,0.8571428571428571,PASS
1.0,162,TAIL,-0.4510267088509057,0.016016590732620097,0.8571428571428571,FALLBACK_EXPONENTIAL
1.0,163,EMP,-0.105493080157008,9.413246629941428e-05,1.0,PASS
1.0,163,EVENT-EMP,-0.105493080157008,0.0002799965778744,1.0,PASS
1.0,163,GEV,0.0950021521587237,7.921613801047093e-06,1.0,PASS_LMOM_FINITE_MEAN
1.0,163,KDE,-0.0542625674830654,0.003985861049617514,0.8571428571428571,PASS
1.0,163,TAIL,-0.4338715364691445,0.01395088435144273,0.8571428571428571,FALLBACK_EXPONENTIAL
1.0,164,EMP,0.0789917632030995,0.0179006610264724,0.2857142857142857,PASS
1.0,164,EVENT-EMP,0.0789917632030995,0.0179006610264724,0.2857142857142857,PASS
1.0,164,GEV,0.3055718351206286,0.015014548488142657,0.42857142857142855,PASS_LMOM_FINITE_MEAN
1.0,164,KDE,0.1338354395146021,0.0179006610264724,0.2857142857142857,PASS
1.0,164,TAIL,-0.4326015979716339,0.01376373757602053,0.8571428571428571,FALLBACK_EXPONENTIAL
1.0,165,EMP,-0.2098281409715408,0.003245787493506143,0.8571428571428571,PASS
1.0,165,EVENT-EMP,-0.2098281409715408,0.00025061655841015714,1.0,PASS
1.0,165,GEV,-0.0066706474503338,0.0015001925473529143,1.0,PASS_LMOM_FINITE_MEAN
1.0,165,KDE,-0.1524308863246263,0.012729324058757227,0.5714285714285714,PASS
1.0,165,TAIL,-0.4351516897473226,0.014080569397816227,0.8571428571428571,FALLBACK_EXPONENTIAL
1.0,166,EMP,-0.2084264243144618,0.012729324058757227,0.5714285714285714,PASS
1.0,166,EVENT-EMP,-0.2084264243144618,0.003955610882113428,0.8571428571428571,PASS
1.0,166,GEV,-0.0335093059178821,0.005094406896673001,0.8571428571428571,PASS_LMOM_FINITE_MEAN
1.0,166,KDE,-0.1571829430878681,0.012729324058757227,0.5714285714285714,PASS
1.0,166,TAIL,-0.4343526457213155,0.0139637744144341,0.8571428571428571,FALLBACK_EXPONENTIAL
1.0,167,EMP,0.005146131449969,0.00013343281117735714,1.0,PASS
1.0,167,EVENT-EMP,0.005146131449969,0.00020127812227529999,1.0,PASS
1.0,167,GEV,0.0858355973820785,6.81970324878e-05,1.0,PASS_LMOM_FINITE_MEAN
1.0,167,KDE,0.0485721658376067,0.004339335256971286,0.8571428571428571,PASS
1.0,167,TAIL,-0.4363337182870525,0.014174125614135528,0.8571428571428571,FALLBACK_EXPONENTIAL
1.0,168,EMP,-0.1688174334312433,0.002710954146606857,1.0,PASS
1.0,168,EVENT-EMP,-0.1688174334312433,0.0008085155066514429,1.0,PASS
1.0,168,GEV,-0.0418352016440824,0.0009386596615590857,1.0,PASS_LMOM_FINITE_MEAN
1.0,168,KDE,-0.1254465086227299,0.003060783853148143,1.0,PASS
1.0,168,TAIL,-0.4368061320460641,0.014196922918175644,0.8571428571428571,FALLBACK_EXPONENTIAL
1.0,169,EMP,0.1375374846957796,0.012729324058757227,0.5714285714285714,PASS
1.0,169,EVENT-EMP,0.1375374846957796,0.012729324058757227,0.5714285714285714,PASS
1.0,169,GEV,0.2565538449230887,0.012729324058757227,0.5714285714285714,PASS_LMOM_FINITE_MEAN
1.0,169,KDE,0.1950072139194532,0.0179006610264724,0.2857142857142857,PASS
1.0,169,TAIL,-0.4127585437639797,0.012224565340041857,0.8571428571428571,FALLBACK_EXPONENTIAL
1.0,170,EMP,-0.0179273692859024,0.0179006610264724,0.2857142857142857,PASS
1.0,170,EVENT-EMP,-0.0179273692859024,0.0179006610264724,0.2857142857142857,PASS
1.0,170,GEV,0.3096230257670683,0.0179006610264724,0.2857142857142857,PASS_LMOM_FINITE_MEAN
1.0,170,KDE,0.0439320877025211,0.0179006610264724,0.2857142857142857,PASS
1.0,170,TAIL,-0.4154860618024806,0.012397724122609444,0.8571428571428571,FALLBACK_EXPONENTIAL
1.0,171,EMP,-0.1767184059170105,0.009031521139222672,0.7142857142857143,PASS
1.0,171,EVENT-EMP,-0.1767184059170105,2.2641883813458412e-05,1.0,PASS
1.0,171,GEV,0.0367997732801623,0.003988022761124343,0.8571428571428571,PASS_LMOM_FINITE_MEAN
1.0,171,KDE,-0.1113482405049935,0.012729324058757227,0.5714285714285714,PASS
1.0,171,TAIL,-0.4391062658885715,0.01453065458692713,0.8571428571428571,FALLBACK_EXPONENTIAL
1.0,172,EMP,-0.2878451148033923,0.0010871982352481143,1.0,PASS
1.0,172,EVENT-EMP,-0.2878451148033923,0.0005464543093568571,1.0,PASS
1.0,172,GEV,-0.1476308513981384,2.578680229467159e-07,1.0,PASS_LMOM_FINITE_MEAN
1.0,172,KDE,-0.2532527570893004,0.00045721283261318567,1.0,PASS
1.0,172,TAIL,-0.446372065018813,0.015396925584073228,0.8571428571428571,FALLBACK_EXPONENTIAL
1.0,173,EMP,-0.2039441285111942,0.012729324058757227,0.5714285714285714,PASS
1.0,173,EVENT-EMP,-0.2039441285111942,0.0073403935754626426,0.7142857142857143,PASS
1.0,173,GEV,0.0711073753101165,0.012729324058757227,0.5714285714285714,PASS_LMOM_FINITE_MEAN
1.0,173,KDE,-0.1226156730442405,0.0179006610264724,0.2857142857142857,PASS
1.0,173,TAIL,-0.43722889629496,0.014359635646209358,0.8571428571428571,FALLBACK_EXPONENTIAL
1.0,174,EMP,-0.2569348012158937,4.4055786433500005e-05,1.0,PASS
1.0,174,EVENT-EMP,-0.2569348012158937,4.4055786433500005e-05,1.0,PASS
1.0,174,GEV,-0.1188689593874938,5.210319691916414e-07,1.0,PASS_LMOM_FINITE_MEAN
1.0,174,KDE,-0.226265921603005,0.0005399159741909571,1.0,PASS
1.0,174,TAIL,-0.4479624689385942,0.015683664864190844,0.8571428571428571,FALLBACK_EXPONENTIAL
1.0,175,EMP,0.038020679614541,0.012729324058757227,0.5714285714285714,PASS
1.0,175,EVENT-EMP,0.038020679614541,0.012729324058757227,0.5714285714285714,PASS
1.0,175,GEV,0.2391764729449328,0.007340691792579986,0.7142857142857143,PASS_LMOM_FINITE_MEAN
1.0,175,KDE,0.0887380993489149,0.0179006610264724,0.2857142857142857,PASS
1.0,175,TAIL,-0.4293753627630966,0.013457886802342656,0.8571428571428571,FALLBACK_EXPONENTIAL
1.0,176,EMP,-0.3535037236180083,0.014451215125586529,0.8571428571428571,PASS
1.0,176,EVENT-EMP,-0.3535037236180083,0.0117231060179747,0.8571428571428571,PASS
1.0,176,GEV,-0.2353145136953157,0.0126846076832831,0.8571428571428571,PASS_LMOM_FINITE_MEAN
1.0,176,KDE,-0.3255849405065912,0.011753073582792142,0.8571428571428571,PASS
1.0,176,TAIL,-0.4532194460922402,0.016322389066293845,0.8571428571428571,FALLBACK_EXPONENTIAL
1.0,177,EMP,0.1408441828670339,0.0179006610264724,0.2857142857142857,PASS
1.0,177,EVENT-EMP,0.1408441828670339,0.0179006610264724,0.2857142857142857,PASS
1.0,177,GEV,0.3627335044815584,0.0179006610264724,0.2857142857142857,PASS_LMOM_FINITE_MEAN
1.0,177,KDE,0.2009981813819087,0.0179006610264724,0.2857142857142857,PASS
1.0,177,TAIL,-0.4303679139552221,0.013546831178429742,0.8571428571428571,FALLBACK_EXPONENTIAL
1.0,178,EMP,-0.1390797904250643,0.0005065540369295142,1.0,PASS
1.0,178,EVENT-EMP,-0.1390797904250643,4.882150066337143e-05,1.0,PASS
1.0,178,GEV,0.0217115642439372,0.0005551233283359429,1.0,PASS_LMOM_FINITE_MEAN
1.0,178,KDE,-0.1037408517103836,6.443904032742857e-05,1.0,PASS
1.0,178,TAIL,-0.4424425465285772,0.014932677516743372,0.8571428571428571,FALLBACK_EXPONENTIAL
1.0,179,EMP,-0.2462487362702484,8.709113775402856e-05,1.0,PASS
1.0,179,EVENT-EMP,-0.2462487362702484,0.0004518691145327143,1.0,PASS
1.0,179,GEV,-0.0069080139232142,0.0005575574861784,1.0,PASS_LMOM_FINITE_MEAN
1.0,179,KDE,-0.1769305539024384,0.004468694230646685,0.8571428571428571,PASS
1.0,179,TAIL,-0.4343152960442362,0.013977496212316887,0.8571428571428571,FALLBACK_EXPONENTIAL
1.0,180,EMP,-0.0299362818336438,4.5756094708512085e-06,1.0,PASS
1.0,180,EVENT-EMP,-0.0299362818336438,9.350034319843903e-06,1.0,PASS
1.0,180,GEV,0.026690071925857,0.0001217021364051857,1.0,PASS_LMOM_FINITE_MEAN
1.0,180,KDE,0.0096114351207382,0.0005278114227390429,1.0,PASS
1.0,180,TAIL,0.1548053913546299,0.007885960549289028,0.7142857142857143,PASS
1.0,181,EMP,-0.2456658823771644,0.0015015510566715,1.0,PASS
1.0,181,EVENT-EMP,-0.2456658823771644,0.0019563134284696286,1.0,PASS
1.0,181,GEV,-0.1679387899497452,0.0010582832514587145,1.0,PASS_LMOM_FINITE_MEAN
1.0,181,KDE,-0.2156063685019171,0.0026962623487826144,1.0,PASS
1.0,181,TAIL,-0.4423777985816889,0.01483545514001623,0.8571428571428571,FALLBACK_EXPONENTIAL
1.0,182,EMP,-0.1906750844365148,0.001821757778533714,1.0,PASS
1.0,182,EVENT-EMP,-0.1906750844365148,0.0005264197461707571,1.0,PASS
1.0,182,GEV,-0.0205639342221043,0.0008342203744435714,1.0,PASS_LMOM_FINITE_MEAN
1.0,182,KDE,-0.1462735787302739,0.005292253335974114,0.8571428571428571,PASS
1.0,182,TAIL,-0.4367196681041091,0.014189872501141971,0.8571428571428571,FALLBACK_EXPONENTIAL
1.0,183,EMP,0.1062495924387095,0.012729324058757227,0.5714285714285714,PASS
1.0,183,EVENT-EMP,0.1062495924387095,0.007513470724190857,0.7142857142857143,PASS
1.0,183,GEV,0.2773252909880372,0.015014548488142657,0.42857142857142855,PASS_LMOM_FINITE_MEAN
1.0,183,KDE,0.1612035237085467,0.0179006610264724,0.2857142857142857,PASS
1.0,183,TAIL,-0.4319791739311112,0.013810654307437642,0.8571428571428571,FALLBACK_EXPONENTIAL
1.0,184,EMP,0.6021862315399144,0.0179006610264724,0.2857142857142857,PASS
1.0,184,EVENT-EMP,0.6021862315399144,0.0179006610264724,0.2857142857142857,PASS
1.0,184,GEV,0.6285910699658992,0.0179006610264724,0.2857142857142857,PASS_LMOM_FINITE_MEAN
1.0,184,KDE,0.6921362418819511,0.0179006610264724,0.2857142857142857,PASS
1.0,184,TAIL,-0.4118647525734072,0.012130549294068644,0.8571428571428571,FALLBACK_EXPONENTIAL
1.0,185,EMP,-0.041569359234833,0.012729324058757227,0.5714285714285714,PASS
1.0,185,EVENT-EMP,-0.041569359234833,0.012729324058757227,0.5714285714285714,PASS
1.0,185,GEV,0.2765848911140678,0.012729324058757227,0.5714285714285714,PASS_LMOM_FINITE_MEAN
1.0,185,KDE,0.0307473832615832,0.0179006610264724,0.2857142857142857,PASS
1.0,185,TAIL,-0.4269785422365128,0.013293749717601213,0.8571428571428571,FALLBACK_EXPONENTIAL
1.0,186,EMP,0.085199622272071,0.0179006610264724,0.2857142857142857,PASS
1.0,186,EVENT-EMP,0.085199622272071,0.0179006610264724,0.2857142857142857,PASS
1.0,186,GEV,0.3274394561786314,0.0179006610264724,0.2857142857142857,PASS_LMOM_FINITE_MEAN
1.0,186,KDE,0.1423673432679369,0.0179006610264724,0.2857142857142857,PASS
1.0,186,TAIL,-0.425616595131617,0.013102855645119486,0.8571428571428571,FALLBACK_EXPONENTIAL
1.0,187,EMP,-0.0513936543702287,0.012729324058757227,0.5714285714285714,PASS
1.0,187,EVENT-EMP,-0.0513936543702287,0.008365028026579485,0.7142857142857143,PASS
1.0,187,GEV,0.1193331969740378,0.012729324058757227,0.5714285714285714,PASS_LMOM_FINITE_MEAN
1.0,187,KDE,0.0034423409933941,0.012729324058757227,0.5714285714285714,PASS
1.0,187,TAIL,-0.4266675144080826,0.013226783551267942,0.8571428571428571,FALLBACK_EXPONENTIAL
1.0,188,EMP,2.8303233551437224,0.0179006610264724,0.2857142857142857,PASS
1.0,188,EVENT-EMP,2.8303233551437224,0.0179006610264724,0.2857142857142857,PASS
1.0,188,GEV,1.2699250414558854,0.0179006610264724,0.2857142857142857,PASS_LMOM_FINITE_MEAN
1.0,188,KDE,3.11756845049798,0.0179006610264724,0.2857142857142857,PASS
1.0,188,TAIL,-0.3857201717079139,0.011316617956382,0.8571428571428571,FALLBACK_EXPONENTIAL
1.0,189,EMP,-0.1863903711074251,0.0040389251537594996,1.0,PASS
1.0,189,EVENT-EMP,-0.1863903711074251,0.002644450179459471,1.0,PASS
1.0,189,GEV,-0.0678763264625917,0.003064018689836057,1.0,PASS_LMOM_FINITE_MEAN
1.0,189,KDE,-0.147896460074095,0.00920816206856777,0.7142857142857143,PASS
1.0,189,TAIL,-0.4270329957567054,0.013203505416602285,0.8571428571428571,FALLBACK_EXPONENTIAL
1.0,190,EMP,-0.2489791705132022,0.011562423319558328,0.8571428571428571,PASS
1.0,190,EVENT-EMP,-0.2489791705132022,0.0015564057600852856,1.0,PASS
1.0,190,GEV,-0.1445271076772573,0.011668190584187858,0.8571428571428571,PASS_LMOM_FINITE_MEAN
1.0,190,KDE,-0.2228695593742807,2.2352922573947314e-05,1.0,PASS
1.0,190,TAIL,-0.4384950470729868,0.014490940317586114,0.8571428571428571,FALLBACK_EXPONENTIAL
1.0,191,EMP,-0.2684127263437573,0.0004602307320875143,1.0,PASS
1.0,191,EVENT-EMP,-0.2684127263437573,0.0006060871207368429,1.0,PASS
1.0,191,GEV,-0.1308014701414972,6.511766750524286e-05,1.0,PASS_LMOM_FINITE_MEAN
1.0,191,KDE,-0.2393427586814006,0.00028926731471592856,1.0,PASS
1.0,191,TAIL,-0.4454044445758723,0.015272007986104414,0.8571428571428571,FALLBACK_EXPONENTIAL
1.0,192,EMP,-0.0381646393078583,0.0179006610264724,0.2857142857142857,PASS
1.0,192,EVENT-EMP,-0.0381646393078583,0.0179006610264724,0.2857142857142857,PASS
1.0,192,GEV,0.2960693105729275,0.0179006610264724,0.2857142857142857,PASS_LMOM_FINITE_MEAN
1.0,192,KDE,0.0339062589690928,0.0179006610264724,0.2857142857142857,PASS
1.0,192,TAIL,-0.4236655447203399,0.012998156525456456,0.8571428571428571,FALLBACK_EXPONENTIAL
1.0,193,EMP,-0.1341118658184737,0.00917680567278353,0.7142857142857143,PASS
1.0,193,EVENT-EMP,-0.1341118658184737,6.612338032812857e-05,1.0,PASS
1.0,193,GEV,0.1341458471799385,0.003850348133848143,0.8571428571428571,PASS_LMOM_FINITE_MEAN
1.0,193,KDE,-0.0707015203481642,0.00517181206055989,0.7142857142857143,PASS
1.0,193,TAIL,-0.4442724176516699,0.015059336665729645,0.8571428571428571,FALLBACK_EXPONENTIAL
1.0,194,EMP,-0.2257330123151922,0.00010162564945504285,1.0,PASS
1.0,194,EVENT-EMP,-0.2257330123151922,0.00010162564945504285,1.0,PASS
1.0,194,GEV,0.0019449900257319,1.4239343388878585e-05,1.0,PASS_LMOM_FINITE_MEAN
1.0,194,KDE,-0.172575104358134,0.0005628620509846715,1.0,PASS
1.0,194,TAIL,-0.4401787212243084,0.014635863919584416,0.8571428571428571,FALLBACK_EXPONENTIAL
1.0,195,EMP,-0.2651105540107168,0.0009420511958785287,1.0,PASS
1.0,195,EVENT-EMP,-0.2651105540107168,0.0024439201127136,1.0,PASS
1.0,195,GEV,-0.0296259081991622,4.1045837800475555e-06,1.0,PASS_LMOM_FINITE_MEAN
1.0,195,KDE,-0.2070174550738601,0.00032326061321429994,1.0,PASS
1.0,195,TAIL,-0.4485153398963505,0.01566308476845096,0.8571428571428571,FALLBACK_EXPONENTIAL
1.0,196,EMP,-0.02734823148935,0.0179006610264724,0.2857142857142857,PASS
1.0,196,EVENT-EMP,-0.02734823148935,0.0179006610264724,0.2857142857142857,PASS
1.0,196,GEV,0.3609058649662089,0.0179006610264724,0.2857142857142857,PASS_LMOM_FINITE_MEAN
1.0,196,KDE,0.0481825639538866,0.0179006610264724,0.2857142857142857,PASS
1.0,196,TAIL,-0.4316958285288738,0.013694892054563057,0.8571428571428571,FALLBACK_EXPONENTIAL
1.0,197,EMP,-0.2604429263827404,0.0021749106381686143,1.0,PASS
1.0,197,EVENT-EMP,-0.2604429263827404,0.014258147263732602,0.8571428571428571,PASS
1.0,197,GEV,-0.0886692904613322,0.012469034224328615,0.8571428571428571,PASS_LMOM_FINITE_MEAN
1.0,197,KDE,-0.2308699304887623,2.7955367028672187e-05,1.0,PASS
1.0,197,TAIL,-0.4544710884961591,0.0165365686161077,0.8571428571428571,FALLBACK_EXPONENTIAL
1.0,198,EMP,-0.2875384287860514,0.01355202153929117,0.8571428571428571,PASS
1.0,198,EVENT-EMP,-0.2875384287860514,0.013836523030053957,0.8571428571428571,PASS
1.0,198,GEV,-0.1601809283263402,0.012409288540025784,0.8571428571428571,PASS_LMOM_FINITE_MEAN
1.0,198,KDE,-0.2630430011019642,0.011492158064603927,0.8571428571428571,PASS
1.0,198,TAIL,-0.4569739301893514,0.016893833300624814,0.8571428571428571,FALLBACK_EXPONENTIAL
1.0,199,EMP,0.1717297778377753,0.0179006610264724,0.2857142857142857,PASS
1.0,199,EVENT-EMP,0.1717297778377753,0.0179006610264724,0.2857142857142857,PASS
1.0,199,GEV,0.3948050150323387,0.0179006610264724,0.2857142857142857,PASS_LMOM_FINITE_MEAN
1.0,199,KDE,0.234475963416945,0.0179006610264724,0.2857142857142857,PASS
1.0,199,TAIL,-0.4286448159268164,0.013415009844735556,0.8571428571428571,FALLBACK_EXPONENTIAL
5.0,0,EMP,-0.2794507837810056,0.0009148367613131429,0.7142857142857143,PASS
5.0,0,EVENT-EMP,-0.2794507837810056,0.0007523143861245939,0.7142857142857143,PASS
5.0,0,GEV,-0.248449355172682,0.0010484905183223284,0.7142857142857143,PASS_LMOM_FINITE_MEAN
5.0,0,KDE,-0.2394164291572419,0.0008182007695608143,0.7142857142857143,PASS
5.0,0,TAIL,-0.4706556470182425,0.06044914551724206,0.5714285714285714,FALLBACK_EXPONENTIAL
5.0,1,EMP,-0.1179512290037393,0.0059132753793529865,0.42857142857142855,PASS
5.0,1,EVENT-EMP,-0.1179512290037393,0.0024806822724120427,0.5714285714285714,PASS
5.0,1,GEV,0.0044759727590148,0.0059132753793529865,0.42857142857142855,PASS_LMOM_FINITE_MEAN
5.0,1,KDE,-0.0502336565393919,0.0059132753793529865,0.42857142857142855,PASS
5.0,1,TAIL,-0.450725221684124,0.05195629861404224,0.5714285714285714,FALLBACK_EXPONENTIAL
5.0,2,EMP,-0.0720552849843498,0.0024806822724120427,0.5714285714285714,PASS
5.0,2,EVENT-EMP,-0.0720552849843498,0.0024806822724120427,0.5714285714285714,PASS
5.0,2,GEV,0.073169015328675,0.0024806822724120427,0.5714285714285714,PASS_LMOM_FINITE_MEAN
5.0,2,KDE,-0.0170703869059877,0.0024806822724120427,0.5714285714285714,PASS
5.0,2,TAIL,-0.4462590133638768,0.050433540408931284,0.5714285714285714,FALLBACK_EXPONENTIAL
5.0,3,EMP,-0.0954315223704746,0.0036275610936387,0.5714285714285714,PASS
5.0,3,EVENT-EMP,-0.0954315223704746,0.0024806822724120427,0.5714285714285714,PASS
5.0,3,GEV,0.1551658000464133,0.0036275610936387,0.5714285714285714,PASS_LMOM_FINITE_MEAN
5.0,3,KDE,-0.0309600781896299,0.0036275610936387,0.5714285714285714,PASS
5.0,3,TAIL,-0.4577383924584107,0.05490326743819203,0.5714285714285714,FALLBACK_EXPONENTIAL
5.0,4,EMP,-0.0235930622008783,0.0024806822724120427,0.5714285714285714,PASS
5.0,4,EVENT-EMP,-0.0235930622008783,0.0024806822724120427,0.5714285714285714,PASS
5.0,4,GEV,0.2211458389486637,0.0024806822724120427,0.5714285714285714,PASS_LMOM_FINITE_MEAN
5.0,4,KDE,0.0645601503975092,0.0024806822724120427,0.5714285714285714,PASS
5.0,4,TAIL,-0.4325526135707658,0.044928398275524195,0.5714285714285714,FALLBACK_EXPONENTIAL
5.0,5,EMP,-0.1393655878467923,0.0009698489233373428,0.7142857142857143,PASS
5.0,5,EVENT-EMP,-0.1393655878467923,0.000993925492582743,0.7142857142857143,PASS
5.0,5,GEV,-0.0585877547260634,0.000757716826176155,0.7142857142857143,PASS_LMOM_FINITE_MEAN
5.0,5,KDE,-0.0971881632917942,0.00037885562204765714,0.8571428571428571,PASS
5.0,5,TAIL,-0.4673270393851636,0.05923363397699067,0.5714285714285714,FALLBACK_EXPONENTIAL
5.0,6,EMP,-0.230557910159085,0.0009602906423222428,0.7142857142857143,PASS
5.0,6,EVENT-EMP,-0.230557910159085,0.0014643484142523142,0.7142857142857143,PASS
5.0,6,GEV,-0.1171182278530006,0.000752739813387609,0.7142857142857143,PASS_LMOM_FINITE_MEAN
5.0,6,KDE,-0.1747340158930456,0.001108135665248643,0.7142857142857143,PASS
5.0,6,TAIL,-0.4606999995629277,0.056644661804397874,0.5714285714285714,FALLBACK_EXPONENTIAL
5.0,7,EMP,-0.1868430431156745,0.0100710326143924,0.7142857142857143,PASS
5.0,7,EVENT-EMP,-0.1868430431156745,0.006913765718487529,0.7142857142857143,PASS
5.0,7,GEV,0.0150828959703305,0.004768207452886758,0.7142857142857143,PASS_LMOM_FINITE_MEAN
5.0,7,KDE,-0.1268753634767196,0.0059132753793529865,0.42857142857142855,PASS
5.0,7,TAIL,-0.471162289669972,0.060994321660510185,0.5714285714285714,FALLBACK_EXPONENTIAL
5.0,8,EMP,0.0049813669630274,0.0024806822724120427,0.5714285714285714,PASS
5.0,8,EVENT-EMP,0.0049813669630274,0.0024806822724120427,0.5714285714285714,PASS
5.0,8,GEV,0.1236633525057944,0.0024806822724120427,0.5714285714285714,PASS_LMOM_FINITE_MEAN
5.0,8,KDE,0.0588189381309349,0.0024806822724120427,0.5714285714285714,PASS
5.0,8,TAIL,-0.4601702726364014,0.0559442471585307,0.5714285714285714,FALLBACK_EXPONENTIAL
5.0,9,EMP,-0.0949403120181327,0.0024806822724120427,0.5714285714285714,PASS
5.0,9,EVENT-EMP,-0.0949403120181327,0.0024806822724120427,0.5714285714285714,PASS
5.0,9,GEV,0.0873927956600642,0.0024806822724120427,0.5714285714285714,PASS_LMOM_FINITE_MEAN
5.0,9,KDE,-0.0343475470156771,0.0024806822724120427,0.5714285714285714,PASS
5.0,9,TAIL,-0.4431126097184819,0.048982705368772854,0.5714285714285714,FALLBACK_EXPONENTIAL
5.0,10,EMP,-0.2602986828327508,0.002970681851843757,0.7142857142857143,PASS
5.0,10,EVENT-EMP,-0.2602986828327508,0.0007953187914029001,0.7142857142857143,PASS
5.0,10,GEV,-0.2273710779976575,0.0011048542535035428,0.7142857142857143,PASS_LMOM_FINITE_MEAN
5.0,10,KDE,-0.2274329042176663,0.0008816142461930857,0.7142857142857143,PASS
5.0,10,TAIL,-0.4687509813509991,0.05949338173708986,0.5714285714285714,FALLBACK_EXPONENTIAL
5.0,11,EMP,0.0802200541890186,0.0024806822724120427,0.5714285714285714,PASS
5.0,11,EVENT-EMP,0.0802200541890186,0.0024806822724120427,0.5714285714285714,PASS
5.0,11,GEV,0.3098867805476121,0.0024806822724120427,0.5714285714285714,PASS_LMOM_FINITE_MEAN
5.0,11,KDE,0.1433707400658249,0.0024806822724120427,0.5714285714285714,PASS
5.0,11,TAIL,-0.4193242478322421,0.04058115347904718,0.5714285714285714,FALLBACK_EXPONENTIAL
5.0,12,EMP,-0.1501644275260108,0.001307171052655943,0.7142857142857143,PASS
5.0,12,EVENT-EMP,-0.1501644275260108,0.0013630428482633429,0.7142857142857143,PASS
5.0,12,GEV,-0.0942161074044334,0.0011934774755298857,0.7142857142857143,PASS_LMOM_FINITE_MEAN
5.0,12,KDE,-0.112754338783172,0.0010727588063927428,0.8571428571428571,PASS
5.0,12,TAIL,-0.4354967979943911,0.04597628951005524,0.5714285714285714,FALLBACK_EXPONENTIAL
5.0,13,EMP,0.027859632510619,0.0024806822724120427,0.5714285714285714,PASS
5.0,13,EVENT-EMP,0.027859632510619,0.0024806822724120427,0.5714285714285714,PASS
5.0,13,GEV,0.1853408887627398,0.0024806822724120427,0.5714285714285714,PASS_LMOM_FINITE_MEAN
5.0,13,KDE,0.0891534257244696,0.0024806822724120427,0.5714285714285714,PASS
5.0,13,TAIL,-0.4391065292121825,0.047533989243795725,0.5714285714285714,FALLBACK_EXPONENTIAL
5.0,14,EMP,0.1653547196420571,0.004240603167077371,0.7142857142857143,PASS
5.0,14,EVENT-EMP,0.1653547196420571,0.003309160911029086,0.7142857142857143,PASS
5.0,14,GEV,0.1983850144681927,0.0057221490526217,0.7142857142857143,PASS_LMOM_FINITE_MEAN
5.0,14,KDE,0.2256547717044066,0.0059132753793529865,0.42857142857142855,PASS
5.0,14,TAIL,-0.4700832898076529,0.060354352268687,0.5714285714285714,FALLBACK_EXPONENTIAL
5.0,15,EMP,-0.0753831617681736,0.0009577046065967142,0.7142857142857143,PASS
5.0,15,EVENT-EMP,-0.0753831617681736,0.0009577046065967142,0.7142857142857143,PASS
5.0,15,GEV,-0.0027046412765074,0.0015417406732929286,0.7142857142857143,PASS_LMOM_FINITE_MEAN
5.0,15,KDE,-0.030798116222414,0.0059132753793529865,0.42857142857142855,PASS
5.0,15,TAIL,-0.4581438946405295,0.05511189665506285,0.5714285714285714,FALLBACK_EXPONENTIAL
5.0,16,EMP,0.0316477208660091,0.0001925950333864857,0.8571428571428571,PASS
5.0,16,EVENT-EMP,0.0316477208660091,0.00039773084332049997,0.8571428571428571,PASS
5.0,16,GEV,0.0884483238635122,0.0022755464624780288,0.5714285714285714,PASS_LMOM_FINITE_MEAN
5.0,16,KDE,0.0806082525030284,0.0024806822724120427,0.5714285714285714,PASS
5.0,16,TAIL,-0.4423192686767883,0.048343155191165325,0.5714285714285714,FALLBACK_EXPONENTIAL
5.0,17,EMP,0.0727359391076147,0.006727869072477771,0.5714285714285714,PASS
5.0,17,EVENT-EMP,0.0727359391076147,0.006630181379523271,0.5714285714285714,PASS
5.0,17,GEV,0.1318173419080632,0.0024806822724120427,0.5714285714285714,PASS_LMOM_FINITE_MEAN
5.0,17,KDE,0.127619703279253,0.0024806822724120427,0.5714285714285714,PASS
5.0,17,TAIL,-0.3965420163663299,0.0327141347526243,0.5714285714285714,FALLBACK_EXPONENTIAL
5.0,18,EMP,-0.1862105644518677,0.0018270574057546714,0.7142857142857143,PASS
5.0,18,EVENT-EMP,-0.1862105644518677,0.0030151781010902,0.7142857142857143,PASS
5.0,18,GEV,-0.1068669985709182,0.0007917055030086278,0.7142857142857143,PASS_LMOM_FINITE_MEAN
5.0,18,KDE,-0.1475274416993195,0.0012528413216632427,0.7142857142857143,PASS
5.0,18,TAIL,-0.4529487083049442,0.05311280940429947,0.5714285714285714,FALLBACK_EXPONENTIAL
5.0,19,EMP,0.2305920423704089,0.0022755464624780288,0.5714285714285714,PASS
5.0,19,EVENT-EMP,0.2305920423704089,0.0024806822724120427,0.5714285714285714,PASS
5.0,19,GEV,0.1359735845942659,0.0024806822724120427,0.5714285714285714,PASS_LMOM_FINITE_MEAN
5.0,19,KDE,0.2938757491290423,0.0024806822724120427,0.5714285714285714,PASS
5.0,19,TAIL,-0.4707252475468891,0.06092954921304302,0.5714285714285714,FALLBACK_EXPONENTIAL
5.0,20,EMP,-0.1729951869137801,0.0008504559443494571,0.7142857142857143,PASS
5.0,20,EVENT-EMP,-0.1729951869137801,0.003111292141099943,0.5714285714285714,PASS
5.0,20,GEV,-0.0221439287082189,0.0008350835721993456,0.7142857142857143,PASS_LMOM_FINITE_MEAN
5.0,20,KDE,-0.105256541219095,0.0024806822724120427,0.5714285714285714,PASS
5.0,20,TAIL,-0.4261479449632036,0.04306198271340516,0.5714285714285714,FALLBACK_EXPONENTIAL
5.0,21,EMP,0.0615742415027242,0.0024806822724120427,0.5714285714285714,PASS
5.0,21,EVENT-EMP,0.0615742415027242,0.0024806822724120427,0.5714285714285714,PASS
5.0,21,GEV,0.1864579523102167,0.0024806822724120427,0.5714285714285714,PASS_LMOM_FINITE_MEAN
5.0,21,KDE,0.1577816179268702,0.0024806822724120427,0.5714285714285714,PASS
5.0,21,TAIL,-0.4466430855089778,0.050537840530625884,0.5714285714285714,FALLBACK_EXPONENTIAL
5.0,22,EMP,0.0730605305289193,0.0009161275583049571,0.7142857142857143,PASS
5.0,22,EVENT-EMP,0.0730605305289193,0.0004984516654245285,0.8571428571428571,PASS
5.0,22,GEV,0.2002779232756283,0.0024806822724120427,0.5714285714285714,PASS_LMOM_FINITE_MEAN
5.0,22,KDE,0.1295630615539533,0.0024806822724120427,0.5714285714285714,PASS
5.0,22,TAIL,-0.4532330641841792,0.0531940425465358,0.5714285714285714,FALLBACK_EXPONENTIAL
5.0,23,EMP,-0.2039785128226262,0.0008472055630778572,0.7142857142857143,PASS
5.0,23,EVENT-EMP,-0.2039785128226262,0.0007521595335693972,0.7142857142857143,PASS
5.0,23,GEV,-0.2085904708973525,0.0009599171508052286,0.7142857142857143,PASS_LMOM_FINITE_MEAN
5.0,23,KDE,-0.1656615697322344,0.0011885817474104287,0.7142857142857143,PASS
5.0,23,TAIL,-0.4524109489113518,0.052972170041735565,0.5714285714285714,FALLBACK_EXPONENTIAL
5.0,24,EMP,-0.2564472647046592,0.0024806822724120427,0.5714285714285714,PASS
5.0,24,EVENT-EMP,-0.2564472647046592,0.0033167039672446713,0.5714285714285714,PASS
5.0,24,GEV,-0.1611265754106831,0.0024806822724120427,0.5714285714285714,PASS_LMOM_FINITE_MEAN
5.0,24,KDE,-0.1660123385259517,0.0024806822724120427,0.5714285714285714,PASS
5.0,24,TAIL,-0.4462210855549786,0.04990884356086166,0.5714285714285714,FALLBACK_EXPONENTIAL
5.0,25,EMP,-0.3156577582708594,0.0007587075601113698,0.7142857142857143,PASS
5.0,25,EVENT-EMP,-0.3156577582708594,0.0009326209512268,0.7142857142857143,PASS
5.0,25,GEV,-0.2943506739751851,0.0008540008243112857,0.7142857142857143,PASS_LMOM_FINITE_MEAN
5.0,25,KDE,-0.2822447764192607,0.0009466957398978429,0.7142857142857143,PASS
5.0,25,TAIL,-0.4547979219747783,0.05354360965290739,0.5714285714285714,FALLBACK_EXPONENTIAL
5.0,26,EMP,-0.1987963410061169,0.006880832977749315,0.7142857142857143,PASS
5.0,26,EVENT-EMP,-0.1987963410061169,0.0008601245325665429,0.7142857142857143,PASS
5.0,26,GEV,-0.1085511961994326,0.003414682467926443,0.7142857142857143,PASS_LMOM_FINITE_MEAN
5.0,26,KDE,-0.1613524350610793,0.0016427038478918998,0.7142857142857143,PASS
5.0,26,TAIL,-0.4688263949819926,0.059735745139324024,0.5714285714285714,FALLBACK_EXPONENTIAL
5.0,27,EMP,-0.2407632097076795,0.0033454994412237143,0.7142857142857143,PASS
5.0,27,EVENT-EMP,-0.2407632097076795,0.001959060724655757,0.7142857142857143,PASS
5.0,27,GEV,-0.1717935703082718,0.0020151596323690715,0.7142857142857143,PASS_LMOM_FINITE_MEAN
5.0,27,KDE,-0.2047376293607657,0.0012313428962351712,0.7142857142857143,PASS
5.0,27,TAIL,-0.4710865573460379,0.0606831409061254,0.5714285714285714,FALLBACK_EXPONENTIAL
5.0,28,EMP,-0.2611001204757223,0.0025671065541794,0.7142857142857143,PASS
5.0,28,EVENT-EMP,-0.2611001204757223,0.0019491796771223713,0.7142857142857143,PASS
5.0,28,GEV,-0.1240512571027639,0.0014647675699167144,0.7142857142857143,PASS_LMOM_FINITE_MEAN
5.0,28,KDE,-0.2135446110703268,0.0009550350769075714,0.7142857142857143,PASS
5.0,28,TAIL,-0.4586233677417977,0.05535373047947693,0.5714285714285714,FALLBACK_EXPONENTIAL
5.0,29,EMP,-0.1902767963742156,0.0009143415981695857,0.7142857142857143,PASS
5.0,29,EVENT-EMP,-0.1902767963742156,0.0009143415981695857,0.7142857142857143,PASS
5.0,29,GEV,-0.0334509421541799,0.000752127047398672,0.7142857142857143,PASS_LMOM_FINITE_MEAN
5.0,29,KDE,-0.1261073246543065,0.0007786436570876857,0.7142857142857143,PASS
5.0,29,TAIL,-0.4465642610847891,0.0505382394208796,0.5714285714285714,FALLBACK_EXPONENTIAL
5.0,30,EMP,0.2507331002436914,0.0024806822724120427,0.5714285714285714,PASS
5.0,30,EVENT-EMP,0.2507331002436914,0.0024806822724120427,0.5714285714285714,PASS
5.0,30,GEV,0.4208142826947327,0.0024806822724120427,0.5714285714285714,PASS_LMOM_FINITE_MEAN
5.0,30,KDE,0.3226940160118202,0.0024806822724120427,0.5714285714285714,PASS
5.0,30,TAIL,-0.4093904607738887,0.037114475176460014,0.5714285714285714,FALLBACK_EXPONENTIAL
5.0,31,EMP,0.1878758045895132,0.0024806822724120427,0.5714285714285714,PASS
5.0,31,EVENT-EMP,0.1878758045895132,0.0024806822724120427,0.5714285714285714,PASS
5.0,31,GEV,0.3626915002762905,0.0024806822724120427,0.5714285714285714,PASS_LMOM_FINITE_MEAN
5.0,31,KDE,0.255855342154931,0.0024806822724120427,0.5714285714285714,PASS
5.0,31,TAIL,-0.3881199730201616,0.0306694197519922,0.7142857142857143,FALLBACK_EXPONENTIAL
5.0,32,EMP,-0.2622527693782658,0.0007761760226400609,0.7142857142857143,PASS
5.0,32,EVENT-EMP,-0.2622527693782658,0.0010748109734094713,0.7142857142857143,PASS
5.0,32,GEV,-0.207632312431068,0.0008419367099329144,0.7142857142857143,PASS_LMOM_FINITE_MEAN
5.0,32,KDE,-0.203757610638132,0.0009588463080627546,0.7142857142857143,PASS
5.0,32,TAIL,-0.4708160090219717,0.061073255085892564,0.5714285714285714,FALLBACK_EXPONENTIAL
5.0,33,EMP,-0.1268727699382379,0.0024806822724120427,0.5714285714285714,PASS
5.0,33,EVENT-EMP,-0.1268727699382379,0.0024806822724120427,0.5714285714285714,PASS
5.0,33,GEV,0.1084339478632022,0.0024806822724120427,0.5714285714285714,PASS_LMOM_FINITE_MEAN
5.0,33,KDE,-0.0633720790402069,0.0024806822724120427,0.5714285714285714,PASS
5.0,33,TAIL,-0.4391752374193612,0.04744735936841012,0.5714285714285714,FALLBACK_EXPONENTIAL
5.0,34,EMP,-0.3036520638988413,0.0031133934190606997,0.8571428571428571,PASS
5.0,34,EVENT-EMP,-0.3036520638988413,0.0009628457153635858,0.7142857142857143,PASS
5.0,34,GEV,-0.2082023730078515,0.0033619882268116144,0.7142857142857143,PASS_LMOM_FINITE_MEAN
5.0,34,KDE,-0.2501067399405565,0.0020825230005240714,0.7142857142857143,PASS
5.0,34,TAIL,-0.4941244137194087,0.07154933323307507,0.5714285714285714,FALLBACK_EXPONENTIAL
5.0,35,EMP,-0.0743709284822444,0.002438458480354757,0.7142857142857143,PASS
5.0,35,EVENT-EMP,-0.0743709284822444,0.0019349058953853858,0.8571428571428571,PASS
5.0,35,GEV,-0.1762323988566327,0.0017292332360976713,0.7142857142857143,PASS_LMOM_FINITE_MEAN
5.0,35,KDE,-0.0343501986218908,0.0012504177350608143,0.7142857142857143,PASS
5.0,35,TAIL,-0.4771879605067881,0.06372953668435823,0.5714285714285714,FALLBACK_EXPONENTIAL
5.0,36,EMP,-0.1751297876061014,0.000776034218238615,0.7142857142857143,PASS
5.0,36,EVENT-EMP,-0.1751297876061014,0.000776034218238615,0.7142857142857143,PASS
5.0,36,GEV,-0.0814915602151601,0.0008779691967959429,0.7142857142857143,PASS_LMOM_FINITE_MEAN
5.0,36,KDE,-0.1328448776517805,0.0008934262172844143,0.7142857142857143,PASS
5.0,36,TAIL,-0.4556670462673455,0.054034482412411454,0.5714285714285714,FALLBACK_EXPONENTIAL
5.0,37,EMP,-0.0788088261983832,0.0024806822724120427,0.5714285714285714,PASS
5.0,37,EVENT-EMP,-0.0788088261983832,0.0027232409045460574,0.5714285714285714,PASS
5.0,37,GEV,0.0644364145848034,0.0024806822724120427,0.5714285714285714,PASS_LMOM_FINITE_MEAN
5.0,37,KDE,-0.0045883241878011,0.0024806822724120427,0.5714285714285714,PASS
5.0,37,TAIL,-0.4083861835960379,0.036758174978689294,0.5714285714285714,FALLBACK_EXPONENTIAL
5.0,38,EMP,-0.2348899838882476,0.0009569821804655285,0.7142857142857143,PASS
5.0,38,EVENT-EMP,-0.2348899838882476,0.0007574997803634042,0.7142857142857143,PASS
5.0,38,GEV,-0.1608036977642965,0.0008469497758028285,0.7142857142857143,PASS_LMOM_FINITE_MEAN
5.0,38,KDE,-0.2016162348846387,0.0007522677930262323,0.7142857142857143,PASS
5.0,38,TAIL,-0.4463971006606601,0.05014066422075859,0.5714285714285714,FALLBACK_EXPONENTIAL
5.0,39,EMP,-0.2412971364221636,0.007336826496545443,0.8571428571428571,PASS
5.0,39,EVENT-EMP,-0.2412971364221636,0.001901063603552857,0.7142857142857143,PASS
5.0,39,GEV,-0.1665704787486627,0.0031405323570726854,0.7142857142857143,PASS_LMOM_FINITE_MEAN
5.0,39,KDE,-0.2017294790251743,0.0019488430694494855,0.7142857142857143,PASS
5.0,39,TAIL,-0.476248313075218,0.06331206573999036,0.5714285714285714,FALLBACK_EXPONENTIAL
5.0,40,EMP,-0.2302544750123039,0.0024806822724120427,0.5714285714285714,PASS
5.0,40,EVENT-EMP,-0.2302544750123039,0.0022755464624780288,0.5714285714285714,PASS
5.0,40,GEV,-0.1122214082690923,0.0022755464624780288,0.5714285714285714,PASS_LMOM_FINITE_MEAN
5.0,40,KDE,-0.1553891564225678,0.0024806822724120427,0.5714285714285714,PASS
5.0,40,TAIL,-0.447939247241056,0.0509623544598185,0.5714285714285714,FALLBACK_EXPONENTIAL
5.0,41,EMP,-0.1869449028354351,0.0022755464624780288,0.5714285714285714,PASS
5.0,41,EVENT-EMP,-0.1869449028354351,0.0022755464624780288,0.5714285714285714,PASS
5.0,41,GEV,-0.0755092952688534,0.0022755464624780288,0.5714285714285714,PASS_LMOM_FINITE_MEAN
5.0,41,KDE,-0.1321101186496432,0.0023735301306228,0.5714285714285714,PASS
5.0,41,TAIL,-0.4159068347086548,0.03940946601627774,0.5714285714285714,FALLBACK_EXPONENTIAL
5.0,42,EMP,-0.1882699427851478,0.0024806822724120427,0.5714285714285714,PASS
5.0,42,EVENT-EMP,-0.1882699427851478,0.0022755464624780288,0.5714285714285714,PASS
5.0,42,GEV,-0.0518571323455271,0.0024806822724120427,0.5714285714285714,PASS_LMOM_FINITE_MEAN
5.0,42,KDE,-0.1029339524395903,0.0024806822724120427,0.5714285714285714,PASS
5.0,42,TAIL,-0.4429978556135006,0.049095645742062224,0.5714285714285714,FALLBACK_EXPONENTIAL
5.0,43,EMP,-0.0749310690845276,0.008488715214025515,0.7142857142857143,PASS
5.0,43,EVENT-EMP,-0.0749310690845276,0.003162268334722457,0.7142857142857143,PASS
5.0,43,GEV,0.1335464823273115,0.004704135596184428,0.7142857142857143,PASS_LMOM_FINITE_MEAN
5.0,43,KDE,-0.0257542859058582,0.0059132753793529865,0.42857142857142855,PASS
5.0,43,TAIL,-0.4769005034712594,0.06360157477969114,0.5714285714285714,FALLBACK_EXPONENTIAL
5.0,44,EMP,-0.2136100878066009,0.0009655670908094857,0.7142857142857143,PASS
5.0,44,EVENT-EMP,-0.2136100878066009,0.0012065773581186859,0.8571428571428571,PASS
5.0,44,GEV,-0.0953646448379865,0.0018442257525257144,0.7142857142857143,PASS_LMOM_FINITE_MEAN
5.0,44,KDE,-0.159434254105817,0.0013401280480335998,0.7142857142857143,PASS
5.0,44,TAIL,-0.4614694507983355,0.05676577968886542,0.5714285714285714,FALLBACK_EXPONENTIAL
5.0,45,EMP,-0.2262223393919145,0.0030156771036470714,0.7142857142857143,PASS
5.0,45,EVENT-EMP,-0.2262223393919145,0.001239530148595,0.7142857142857143,PASS
5.0,45,GEV,-0.1964420047401543,0.0016791301487562571,0.7142857142857143,PASS_LMOM_FINITE_MEAN
5.0,45,KDE,-0.1938248693122697,0.0010498017672681572,0.7142857142857143,PASS
5.0,45,TAIL,-0.460345806294295,0.05579161900137231,0.5714285714285714,FALLBACK_EXPONENTIAL
5.0,46,EMP,-0.0841453374105054,0.0024806822724120427,0.5714285714285714,PASS
5.0,46,EVENT-EMP,-0.0841453374105054,0.0024806822724120427,0.5714285714285714,PASS
5.0,46,GEV,0.1435384689427401,0.0024806822724120427,0.5714285714285714,PASS_LMOM_FINITE_MEAN
5.0,46,KDE,0.0065065924458056,0.0024806822724120427,0.5714285714285714,PASS
5.0,46,TAIL,-0.4262357656859197,0.042933379031004824,0.5714285714285714,FALLBACK_EXPONENTIAL
5.0,47,EMP,-0.2110707955535266,0.005988301408526586,0.7142857142857143,PASS
5.0,47,EVENT-EMP,-0.2110707955535266,0.002245687544271429,0.8571428571428571,PASS
5.0,47,GEV,-0.0406064230188339,0.003741819482883129,0.7142857142857143,PASS_LMOM_FINITE_MEAN
5.0,47,KDE,-0.1556571433884745,0.0059132753793529865,0.42857142857142855,PASS
5.0,47,TAIL,-0.4615695042149222,0.056909374019990196,0.5714285714285714,FALLBACK_EXPONENTIAL
5.0,48,EMP,-0.3272626604686748,0.016498849761038315,0.5714285714285714,PASS
5.0,48,EVENT-EMP,-0.3272626604686748,0.0008154880219694856,0.7142857142857143,PASS
5.0,48,GEV,-0.2517085532185953,0.017520093805588385,0.5714285714285714,PASS_LMOM_FINITE_MEAN
5.0,48,KDE,-0.2820947169691504,0.0013170488700675284,0.7142857142857143,PASS
5.0,48,TAIL,-0.4821122838667347,0.06622762482348603,0.5714285714285714,FALLBACK_EXPONENTIAL
5.0,49,EMP,-0.1310633816314547,0.00038460744824319996,0.8571428571428571,PASS
5.0,49,EVENT-EMP,-0.1310633816314547,0.0006521699794202766,0.8571428571428571,PASS
5.0,49,GEV,0.0133054740356856,0.0007181315225716287,0.7142857142857143,PASS_LMOM_FINITE_MEAN
5.0,49,KDE,-0.0726198513342363,0.0022755464624780288,0.5714285714285714,PASS
5.0,49,TAIL,-0.4545821958573309,0.05384037775510291,0.5714285714285714,FALLBACK_EXPONENTIAL
5.0,50,EMP,-0.1099924096936621,0.0022755464624780288,0.5714285714285714,PASS
5.0,50,EVENT-EMP,-0.1099924096936621,0.0009389642977625572,0.7142857142857143,PASS
5.0,50,GEV,-0.0190489604267084,0.0022755464624780288,0.5714285714285714,PASS_LMOM_FINITE_MEAN
5.0,50,KDE,-0.0650000268031223,0.0024806822724120427,0.5714285714285714,PASS
5.0,50,TAIL,-0.4347028074209469,0.045735751700208875,0.5714285714285714,FALLBACK_EXPONENTIAL
5.0,51,EMP,-0.2024331960478168,0.0022755464624780288,0.5714285714285714,PASS
5.0,51,EVENT-EMP,-0.2024331960478168,0.0029078777375054145,0.5714285714285714,PASS
5.0,51,GEV,-0.0907213927704755,0.0026864142043274285,0.5714285714285714,PASS_LMOM_FINITE_MEAN
5.0,51,KDE,-0.1325091804345509,0.003913560340773128,0.5714285714285714,PASS
5.0,51,TAIL,-0.4087265810351327,0.037082594936104704,0.5714285714285714,FALLBACK_EXPONENTIAL
5.0,52,EMP,-0.1374688512435734,0.0024806822724120427,0.5714285714285714,PASS
5.0,52,EVENT-EMP,-0.1374688512435734,0.0021522984136060287,0.7142857142857143,PASS
5.0,52,GEV,0.0419906891496074,0.0024806822724120427,0.5714285714285714,PASS_LMOM_FINITE_MEAN
5.0,52,KDE,-0.0575046881020667,0.0024806822724120427,0.5714285714285714,PASS
5.0,52,TAIL,-0.4373437494670162,0.046961300129632434,0.5714285714285714,FALLBACK_EXPONENTIAL
5.0,53,EMP,0.0160863060416416,0.0022755464624780288,0.5714285714285714,PASS
5.0,53,EVENT-EMP,0.0160863060416416,0.0022755464624780288,0.5714285714285714,PASS
5.0,53,GEV,0.0604965447212741,0.0022755464624780288,0.5714285714285714,PASS_LMOM_FINITE_MEAN
5.0,53,KDE,0.0631118038772249,0.0022755464624780288,0.5714285714285714,PASS
5.0,53,TAIL,-0.4233984101481331,0.04150389720337692,0.5714285714285714,FALLBACK_EXPONENTIAL
5.0,54,EMP,0.5475054257555804,0.0024806822724120427,0.5714285714285714,PASS
5.0,54,EVENT-EMP,0.5475054257555804,0.0024806822724120427,0.5714285714285714,PASS
5.0,54,GEV,0.660843798378409,0.0024806822724120427,0.5714285714285714,PASS_LMOM_FINITE_MEAN
5.0,54,KDE,0.6393403870432306,0.0024806822724120427,0.5714285714285714,PASS
5.0,54,TAIL,-0.4464028664710635,0.05020876785904076,0.5714285714285714,FALLBACK_EXPONENTIAL
5.0,55,EMP,-0.3387153307625958,0.0007525722894041516,0.7142857142857143,PASS
5.0,55,EVENT-EMP,-0.3387153307625958,0.0007525722894041516,0.7142857142857143,PASS
5.0,55,GEV,-0.2570733606512138,0.0009867652919411571,0.7142857142857143,PASS_LMOM_FINITE_MEAN
5.0,55,KDE,-0.2833121640756865,0.0012627077004558427,0.7142857142857143,PASS
5.0,55,TAIL,-0.4563195392808956,0.0545018377770908,0.5714285714285714,FALLBACK_EXPONENTIAL
5.0,56,EMP,0.0298658730097186,0.0024806822724120427,0.5714285714285714,PASS
5.0,56,EVENT-EMP,0.0298658730097186,0.0024806822724120427,0.5714285714285714,PASS
5.0,56,GEV,0.1364560154681668,0.0024806822724120427,0.5714285714285714,PASS_LMOM_FINITE_MEAN
5.0,56,KDE,0.0854483351399623,0.0024806822724120427,0.5714285714285714,PASS
5.0,56,TAIL,-0.4509630384144167,0.05279653038133124,0.5714285714285714,FALLBACK_EXPONENTIAL
5.0,57,EMP,-0.2753997721723604,0.0012123826059828571,0.7142857142857143,PASS
5.0,57,EVENT-EMP,-0.2753997721723604,0.001599144767218914,0.7142857142857143,PASS
5.0,57,GEV,-0.1561504805326632,0.0009291352372366857,0.7142857142857143,PASS_LMOM_FINITE_MEAN
5.0,57,KDE,-0.2077227366158976,0.0012078292890465427,0.7142857142857143,PASS
5.0,57,TAIL,-0.4574374096334483,0.054812121238746354,0.5714285714285714,FALLBACK_EXPONENTIAL
5.0,58,EMP,0.1182915656260357,0.0024806822724120427,0.5714285714285714,PASS
5.0,58,EVENT-EMP,0.1182915656260357,0.0024806822724120427,0.5714285714285714,PASS
5.0,58,GEV,0.4037331763954992,0.0024806822724120427,0.5714285714285714,PASS_LMOM_FINITE_MEAN
5.0,58,KDE,0.1884683481457242,0.0024806822724120427,0.5714285714285714,PASS
5.0,58,TAIL,-0.4469716129684714,0.050513877319945215,0.5714285714285714,FALLBACK_EXPONENTIAL
5.0,59,EMP,0.1398879366243406,0.0022755464624780288,0.5714285714285714,PASS
5.0,59,EVENT-EMP,0.1398879366243406,0.0022755464624780288,0.5714285714285714,PASS
5.0,59,GEV,0.1009025046995495,0.0021522984136060287,0.7142857142857143,PASS_LMOM_FINITE_MEAN
5.0,59,KDE,0.1967581554585257,0.0024806822724120427,0.5714285714285714,PASS
5.0,59,TAIL,-0.4049872520384092,0.03627052494140291,0.5714285714285714,FALLBACK_EXPONENTIAL
5.0,60,EMP,0.0021402853112153,0.000115848113411,1.0,PASS
5.0,60,EVENT-EMP,0.0021402853112153,0.0011312751123225859,0.7142857142857143,PASS
5.0,60,GEV,0.1365524051499231,0.0005860615443063572,0.8571428571428571,PASS_LMOM_FINITE_MEAN
5.0,60,KDE,0.051416072976076,0.0024806822724120427,0.5714285714285714,PASS
5.0,60,TAIL,-0.4517433047231503,0.05233238570321521,0.5714285714285714,FALLBACK_EXPONENTIAL
5.0,61,EMP,-0.3135140808944928,0.0007691650821479905,0.7142857142857143,PASS
5.0,61,EVENT-EMP,-0.3135140808944928,0.0007691650821479905,0.7142857142857143,PASS
5.0,61,GEV,-0.2071919232751073,0.0007530371946611944,0.7142857142857143,PASS_LMOM_FINITE_MEAN
5.0,61,KDE,-0.265426522183336,0.0008823729920692143,0.7142857142857143,PASS
5.0,61,TAIL,-0.4321629029245482,0.04503364006009693,0.5714285714285714,FALLBACK_EXPONENTIAL
5.0,62,EMP,-0.1750506691756723,0.0009924088696111144,0.7142857142857143,PASS
5.0,62,EVENT-EMP,-0.1750506691756723,0.0008459380907598141,0.7142857142857143,PASS
5.0,62,GEV,-0.168457152870966,0.0007593273534020867,0.7142857142857143,PASS_LMOM_FINITE_MEAN
5.0,62,KDE,-0.1365175085306842,0.0009888376912236716,0.7142857142857143,PASS
5.0,62,TAIL,-0.4416533547121337,0.04824184337021418,0.5714285714285714,FALLBACK_EXPONENTIAL
5.0,63,EMP,-0.1905365725680056,0.0031316271587529003,0.5714285714285714,PASS
5.0,63,EVENT-EMP,-0.1905365725680056,0.004210245728250971,0.5714285714285714,PASS
5.0,63,GEV,-0.0995102397696201,0.002648383069671786,0.5714285714285714,PASS_LMOM_FINITE_MEAN
5.0,63,KDE,-0.1264770006985479,0.0024806822724120427,0.5714285714285714,PASS
5.0,63,TAIL,-0.4141288928636433,0.03854391077420172,0.5714285714285714,FALLBACK_EXPONENTIAL
5.0,64,EMP,0.4393680968853591,0.0024806822724120427,0.5714285714285714,PASS
5.0,64,EVENT-EMP,0.4393680968853591,0.0024806822724120427,0.5714285714285714,PASS
5.0,64,GEV,0.668413463929706,0.0024806822724120427,0.5714285714285714,PASS_LMOM_FINITE_MEAN
5.0,64,KDE,0.528801299572849,0.0024806822724120427,0.5714285714285714,PASS
5.0,64,TAIL,-0.4271541754118304,0.04306909471082186,0.5714285714285714,FALLBACK_EXPONENTIAL
5.0,65,EMP,-0.3636422623284422,0.018638268895959143,0.5714285714285714,PASS
5.0,65,EVENT-EMP,-0.3636422623284422,0.016217422484802287,0.5714285714285714,PASS
5.0,65,GEV,-0.2986820661773595,0.0201136682236378,0.5714285714285714,PASS_LMOM_FINITE_MEAN
5.0,65,KDE,-0.313147663670074,0.018520811472263785,0.5714285714285714,PASS
5.0,65,TAIL,-0.472982797218113,0.061494702135608134,0.5714285714285714,FALLBACK_EXPONENTIAL
5.0,66,EMP,0.2251019197431769,0.0024806822724120427,0.5714285714285714,PASS
5.0,66,EVENT-EMP,0.2251019197431769,0.0024806822724120427,0.5714285714285714,PASS
5.0,66,GEV,0.5055048851847187,0.0024806822724120427,0.5714285714285714,PASS_LMOM_FINITE_MEAN
5.0,66,KDE,0.3286613204828777,0.0024806822724120427,0.5714285714285714,PASS
5.0,66,TAIL,-0.4566047891759505,0.05463488947126118,0.5714285714285714,FALLBACK_EXPONENTIAL
5.0,67,EMP,-0.1994450941748539,0.0008018865554814143,0.7142857142857143,PASS
5.0,67,EVENT-EMP,-0.1994450941748539,0.0006574978252406,0.8571428571428571,PASS
5.0,67,GEV,-0.1559957138663494,0.0015243824426135857,0.7142857142857143,PASS_LMOM_FINITE_MEAN
5.0,67,KDE,-0.1572076054917751,0.0011143695457688572,0.8571428571428571,PASS
5.0,67,TAIL,-0.4530179813137812,0.05308888810885328,0.5714285714285714,FALLBACK_EXPONENTIAL
5.0,68,EMP,-0.3339708739022111,0.0008016048351017715,0.7142857142857143,PASS
5.0,68,EVENT-EMP,-0.3339708739022111,0.0011712364591375713,0.7142857142857143,PASS
5.0,68,GEV,-0.2451949329058144,0.0008898224949437285,0.7142857142857143,PASS_LMOM_FINITE_MEAN
5.0,68,KDE,-0.2612656058388817,0.001182606452109414,0.7142857142857143,PASS
5.0,68,TAIL,-0.4502784248174146,0.05223428021259444,0.5714285714285714,FALLBACK_EXPONENTIAL
5.0,69,EMP,-0.090409037019984,0.0024806822724120427,0.5714285714285714,PASS
5.0,69,EVENT-EMP,-0.090409037019984,0.0009016188608201,0.7142857142857143,PASS
5.0,69,GEV,0.130665906645691,0.0024806822724120427,0.5714285714285714,PASS_LMOM_FINITE_MEAN
5.0,69,KDE,-0.028424648667766,0.0024806822724120427,0.5714285714285714,PASS
5.0,69,TAIL,-0.4477949498421301,0.05091667481367168,0.5714285714285714,FALLBACK_EXPONENTIAL
5.0,70,EMP,-0.1890500517955063,0.0024806822724120427,0.5714285714285714,PASS
5.0,70,EVENT-EMP,-0.1890500517955063,0.0024806822724120427,0.5714285714285714,PASS
5.0,70,GEV,0.0247576360365526,0.0024806822724120427,0.5714285714285714,PASS_LMOM_FINITE_MEAN
5.0,70,KDE,-0.1204564635495546,0.0024806822724120427,0.5714285714285714,PASS
5.0,70,TAIL,-0.4540590138316209,0.05355884467641454,0.5714285714285714,FALLBACK_EXPONENTIAL
5.0,71,EMP,-0.2306781804321424,0.019424627554785374,0.5714285714285714,PASS
5.0,71,EVENT-EMP,-0.2306781804321424,0.0016718742262077997,0.7142857142857143,PASS
5.0,71,GEV,-0.2135853831938361,0.0028105930841086854,0.7142857142857143,PASS_LMOM_FINITE_MEAN
5.0,71,KDE,-0.1928964346693499,0.0018759635315768,0.8571428571428571,PASS
5.0,71,TAIL,-0.4580726614486365,0.05531370409225466,0.5714285714285714,FALLBACK_EXPONENTIAL
5.0,72,EMP,0.0312064472356836,0.0024806822724120427,0.5714285714285714,PASS
5.0,72,EVENT-EMP,0.0312064472356836,0.0005326840570339857,0.8571428571428571,PASS
5.0,72,GEV,0.0704268477734557,0.0024806822724120427,0.5714285714285714,PASS_LMOM_FINITE_MEAN
5.0,72,KDE,0.0829580020215808,0.0024806822724120427,0.5714285714285714,PASS
5.0,72,TAIL,-0.4434129146933041,0.04916264649622583,0.5714285714285714,FALLBACK_EXPONENTIAL
5.0,73,EMP,-0.13191365705646,0.0024806822724120427,0.5714285714285714,PASS
5.0,73,EVENT-EMP,-0.13191365705646,0.0024806822724120427,0.5714285714285714,PASS
5.0,73,GEV,-0.0314505644088812,0.0022755464624780288,0.5714285714285714,PASS_LMOM_FINITE_MEAN
5.0,73,KDE,-0.0851774437894249,0.0024806822724120427,0.5714285714285714,PASS
5.0,73,TAIL,-0.4435542843940228,0.049246932561955205,0.5714285714285714,FALLBACK_EXPONENTIAL
5.0,74,EMP,-0.0922736096539858,0.0007892799884017216,0.7142857142857143,PASS
5.0,74,EVENT-EMP,-0.0922736096539858,0.000787018446964881,0.7142857142857143,PASS
5.0,74,GEV,-0.0367126098996009,0.0007598531868320948,0.7142857142857143,PASS_LMOM_FINITE_MEAN
5.0,74,KDE,-0.048958401109451,0.0009404438673917858,0.7142857142857143,PASS
5.0,74,TAIL,-0.4556893655939725,0.05399994277654531,0.5714285714285714,FALLBACK_EXPONENTIAL
5.0,75,EMP,-0.031854041975429,0.0024806822724120427,0.5714285714285714,PASS
5.0,75,EVENT-EMP,-0.031854041975429,0.0024806822724120427,0.5714285714285714,PASS
5.0,75,GEV,0.0446179923560716,0.0024806822724120427,0.5714285714285714,PASS_LMOM_FINITE_MEAN
5.0,75,KDE,0.0181851983535766,0.0024806822724120427,0.5714285714285714,PASS
5.0,75,TAIL,-0.4591221209453306,0.055612322822203485,0.5714285714285714,FALLBACK_EXPONENTIAL
5.0,76,EMP,-0.179530811238384,0.013244014616172358,0.7142857142857143,PASS
5.0,76,EVENT-EMP,-0.179530811238384,0.0013849474806749858,0.7142857142857143,PASS
5.0,76,GEV,0.0925254110997673,0.005586846642081129,0.7142857142857143,PASS_LMOM_FINITE_MEAN
5.0,76,KDE,-0.1157000791366374,0.0059132753793529865,0.42857142857142855,PASS
5.0,76,TAIL,-0.4761030161711242,0.06342626624660028,0.5714285714285714,FALLBACK_EXPONENTIAL
5.0,77,EMP,-0.3461333417501345,0.024816921986761,0.7142857142857143,PASS
5.0,77,EVENT-EMP,-0.3461333417501345,0.01608591090502023,0.5714285714285714,PASS
5.0,77,GEV,-0.2805754861556988,0.02330752905064341,0.5714285714285714,PASS_LMOM_FINITE_MEAN
5.0,77,KDE,-0.2968747040647154,0.02097864527168396,0.5714285714285714,PASS
5.0,77,TAIL,-0.4885846002468688,0.06894221736725514,0.5714285714285714,FALLBACK_EXPONENTIAL
5.0,78,EMP,-0.1691547166755349,0.0008174250809577286,0.7142857142857143,PASS
5.0,78,EVENT-EMP,-0.1691547166755349,0.0008293413063926857,0.7142857142857143,PASS
5.0,78,GEV,-0.1430838003306534,0.0007733599210964676,0.7142857142857143,PASS_LMOM_FINITE_MEAN
5.0,78,KDE,-0.1274320583001443,0.0009773309316710855,0.7142857142857143,PASS
5.0,78,TAIL,-0.4452925936235463,0.04968765604952585,0.5714285714285714,FALLBACK_EXPONENTIAL
5.0,79,EMP,-0.0798086040815765,0.002515326173969414,0.7142857142857143,PASS
5.0,79,EVENT-EMP,-0.0798086040815765,0.0007658196651908107,0.7142857142857143,PASS
5.0,79,GEV,-0.0593980103719927,0.002072476389600543,0.7142857142857143,PASS_LMOM_FINITE_MEAN
5.0,79,KDE,-0.0416956963933858,0.0008574223578706001,0.7142857142857143,PASS
5.0,79,TAIL,-0.4558650453117103,0.05443757586057912,0.5714285714285714,FALLBACK_EXPONENTIAL
5.0,80,EMP,-0.2357060655175299,0.0045586738757329,0.7142857142857143,PASS
5.0,80,EVENT-EMP,-0.2357060655175299,0.002304506862955929,0.7142857142857143,PASS
5.0,80,GEV,-0.1662231387921977,0.0024076019414377143,0.7142857142857143,PASS_LMOM_FINITE_MEAN
5.0,80,KDE,-0.2015670829185721,0.0014738274537637716,0.7142857142857143,PASS
5.0,80,TAIL,-0.462732118851069,0.057222788796594586,0.5714285714285714,FALLBACK_EXPONENTIAL
5.0,81,EMP,-0.1557185397901526,0.0021768291033712572,0.8571428571428571,PASS
5.0,81,EVENT-EMP,-0.1557185397901526,0.001112227711331757,0.7142857142857143,PASS
5.0,81,GEV,-0.1323938347408364,0.0034981288102988142,0.7142857142857143,PASS_LMOM_FINITE_MEAN
5.0,81,KDE,-0.116906146564475,0.0017904397550782144,0.7142857142857143,PASS
5.0,81,TAIL,-0.4714888293290621,0.0608834053504798,0.5714285714285714,FALLBACK_EXPONENTIAL
5.0,82,EMP,-0.1729569088806923,0.0007521145180706816,0.7142857142857143,PASS
5.0,82,EVENT-EMP,-0.1729569088806923,0.0007551492354998218,0.7142857142857143,PASS
5.0,82,GEV,-0.2022962308932929,0.0007521216559576896,0.7142857142857143,PASS_LMOM_FINITE_MEAN
5.0,82,KDE,-0.1375307067362674,0.000870327799709943,0.7142857142857143,PASS
5.0,82,TAIL,-0.4770730287636494,0.063286161328317,0.5714285714285714,FALLBACK_EXPONENTIAL
5.0,83,EMP,-0.3047270047746182,0.0009096067311969143,0.7142857142857143,PASS
5.0,83,EVENT-EMP,-0.3047270047746182,0.0012034865518817572,0.7142857142857143,PASS
5.0,83,GEV,-0.23057402833957,0.000754049569048805,0.7142857142857143,PASS_LMOM_FINITE_MEAN
5.0,83,KDE,-0.2659332621088578,0.0008680739953465142,0.7142857142857143,PASS
5.0,83,TAIL,-0.4560566369697089,0.05435352727726116,0.5714285714285714,FALLBACK_EXPONENTIAL
5.0,84,EMP,-0.1129143427287168,0.0024806822724120427,0.5714285714285714,PASS
5.0,84,EVENT-EMP,-0.1129143427287168,0.0024806822724120427,0.5714285714285714,PASS
5.0,84,GEV,0.1291739767638333,0.0024806822724120427,0.5714285714285714,PASS_LMOM_FINITE_MEAN
5.0,84,KDE,-0.0446695021850604,0.0024806822724120427,0.5714285714285714,PASS
5.0,84,TAIL,-0.4454952997163602,0.0498740369064569,0.5714285714285714,FALLBACK_EXPONENTIAL
5.0,85,EMP,0.2528755472756083,0.0024806822724120427,0.5714285714285714,PASS
5.0,85,EVENT-EMP,0.2528755472756083,0.0024806822724120427,0.5714285714285714,PASS
5.0,85,GEV,0.3119330452372487,0.0024806822724120427,0.5714285714285714,PASS_LMOM_FINITE_MEAN
5.0,85,KDE,0.3253396172991482,0.0024806822724120427,0.5714285714285714,PASS
5.0,85,TAIL,-0.4424718089369452,0.0486629653093002,0.5714285714285714,FALLBACK_EXPONENTIAL
5.0,86,EMP,0.2624459285698999,0.0024806822724120427,0.5714285714285714,PASS
5.0,86,EVENT-EMP,0.2624459285698999,0.0024806822724120427,0.5714285714285714,PASS
5.0,86,GEV,0.4433752441266421,0.0024806822724120427,0.5714285714285714,PASS_LMOM_FINITE_MEAN
5.0,86,KDE,0.337840083323583,0.0024806822724120427,0.5714285714285714,PASS
5.0,86,TAIL,-0.4182566721465502,0.04007571269459714,0.5714285714285714,FALLBACK_EXPONENTIAL
5.0,87,EMP,-0.3117638253595754,0.0009673912876651284,0.7142857142857143,PASS
5.0,87,EVENT-EMP,-0.3117638253595754,0.0011749468375114142,0.7142857142857143,PASS
5.0,87,GEV,-0.2888167102423793,0.0007524633993453812,0.7142857142857143,PASS_LMOM_FINITE_MEAN
5.0,87,KDE,-0.2742947408729251,0.0007710346167822235,0.7142857142857143,PASS
5.0,87,TAIL,-0.4528927815593251,0.052983613653196385,0.5714285714285714,FALLBACK_EXPONENTIAL
5.0,88,EMP,-0.1574508941438032,0.0032800400709162426,0.7142857142857143,PASS
5.0,88,EVENT-EMP,-0.1574508941438032,0.0020886406653830855,0.7142857142857143,PASS
5.0,88,GEV,-0.0754218980894405,0.0008909532308644285,0.8571428571428571,PASS_LMOM_FINITE_MEAN
5.0,88,KDE,-0.1165834627885464,0.0022755464624780288,0.5714285714285714,PASS
5.0,88,TAIL,-0.4122136159231304,0.03799241796061213,0.5714285714285714,FALLBACK_EXPONENTIAL
5.0,89,EMP,-0.0111132175846085,0.0024806822724120427,0.5714285714285714,PASS
5.0,89,EVENT-EMP,-0.0111132175846085,0.0059132753793529865,0.42857142857142855,PASS
5.0,89,GEV,0.1203242965697461,0.0024806822724120427,0.5714285714285714,PASS_LMOM_FINITE_MEAN
5.0,89,KDE,0.0443967396375319,0.0024806822724120427,0.5714285714285714,PASS
5.0,89,TAIL,-0.4791326185245257,0.06450211698256172,0.5714285714285714,FALLBACK_EXPONENTIAL
5.0,90,EMP,-0.2519875525515772,0.016508134287867657,0.5714285714285714,PASS
5.0,90,EVENT-EMP,-0.2519875525515772,0.016958281559420686,0.5714285714285714,PASS
5.0,90,GEV,-0.2555980152086598,0.0010605853967515571,0.7142857142857143,PASS_LMOM_FINITE_MEAN
5.0,90,KDE,-0.2216548261365742,0.0008435628030380429,0.7142857142857143,PASS
5.0,90,TAIL,-0.4742874947153159,0.06239477222332849,0.5714285714285714,FALLBACK_EXPONENTIAL
5.0,91,EMP,-0.0626083489840485,0.0022755464624780288,0.5714285714285714,PASS
5.0,91,EVENT-EMP,-0.0626083489840485,0.0022755464624780288,0.5714285714285714,PASS
5.0,91,GEV,-0.0355526746087413,0.0022755464624780288,0.5714285714285714,PASS_LMOM_FINITE_MEAN
5.0,91,KDE,-0.0150439196449935,0.0024806822724120427,0.5714285714285714,PASS
5.0,91,TAIL,-0.429903100409397,0.044287905234112336,0.5714285714285714,FALLBACK_EXPONENTIAL
5.0,92,EMP,-0.1049022709522961,0.0022755464624780288,0.5714285714285714,PASS
5.0,92,EVENT-EMP,-0.1049022709522961,0.0024806822724120427,0.5714285714285714,PASS
5.0,92,GEV,0.0475390301595705,0.0022755464624780288,0.5714285714285714,PASS_LMOM_FINITE_MEAN
5.0,92,KDE,-0.0614043087864473,0.0022755464624780288,0.5714285714285714,PASS
5.0,92,TAIL,-0.4350075744157967,0.045732466763674325,0.5714285714285714,FALLBACK_EXPONENTIAL
5.0,93,EMP,-0.0261710320571843,0.0007978744509137286,0.7142857142857143,PASS
5.0,93,EVENT-EMP,-0.0261710320571843,0.0024806822724120427,0.5714285714285714,PASS
5.0,93,GEV,-0.0061513836163722,0.0010045496930899856,0.7142857142857143,PASS_LMOM_FINITE_MEAN
5.0,93,KDE,0.0211040531140317,0.0024806822724120427,0.5714285714285714,PASS
5.0,93,TAIL,-0.4561547887407792,0.05425107308364955,0.5714285714285714,FALLBACK_EXPONENTIAL
5.0,94,EMP,-0.1766923512221434,0.002634837704688786,0.7142857142857143,PASS
5.0,94,EVENT-EMP,-0.1766923512221434,0.0015040828708158714,0.7142857142857143,PASS
5.0,94,GEV,-0.1942576292169375,0.001716920132559757,0.7142857142857143,PASS_LMOM_FINITE_MEAN
5.0,94,KDE,-0.1403192203458952,0.0024866855591247567,0.7142857142857143,PASS
5.0,94,TAIL,-0.4556503456595824,0.05376348329366974,0.5714285714285714,FALLBACK_EXPONENTIAL
5.0,95,EMP,-0.1497663120055455,0.01242138031524233,0.7142857142857143,PASS
5.0,95,EVENT-EMP,-0.1497663120055455,0.0013665342647451856,0.7142857142857143,PASS
5.0,95,GEV,-0.0381457275490468,0.005953709120366586,0.7142857142857143,PASS_LMOM_FINITE_MEAN
5.0,95,KDE,-0.1063036295881019,0.0059132753793529865,0.42857142857142855,PASS
5.0,95,TAIL,-0.4721871411775317,0.061573602214936574,0.5714285714285714,FALLBACK_EXPONENTIAL
5.0,96,EMP,0.1437152659130476,0.001569589312173743,0.7142857142857143,PASS
5.0,96,EVENT-EMP,0.1437152659130476,0.0024806822724120427,0.5714285714285714,PASS
5.0,96,GEV,0.0883059823320495,0.0005140029726190429,0.8571428571428571,PASS_LMOM_FINITE_MEAN
5.0,96,KDE,0.1997993680848329,0.0024806822724120427,0.5714285714285714,PASS
5.0,96,TAIL,-0.443848990947921,0.04914434956956478,0.5714285714285714,FALLBACK_EXPONENTIAL
5.0,97,EMP,-0.053827283596092,0.0022755464624780288,0.5714285714285714,PASS
5.0,97,EVENT-EMP,-0.053827283596092,0.0022755464624780288,0.5714285714285714,PASS
5.0,97,GEV,0.0690863711107374,0.0022755464624780288,0.5714285714285714,PASS_LMOM_FINITE_MEAN
5.0,97,KDE,-0.0055327904801045,0.0024806822724120427,0.5714285714285714,PASS
5.0,97,TAIL,-0.4295782970787971,0.04364191618372074,0.5714285714285714,FALLBACK_EXPONENTIAL
5.0,98,EMP,-0.1301535472934272,0.0010355146941846,0.7142857142857143,PASS
5.0,98,EVENT-EMP,-0.1301535472934272,0.0021886514808194145,0.7142857142857143,PASS
5.0,98,GEV,-0.1218891035440767,0.0009185009285738142,0.7142857142857143,PASS_LMOM_FINITE_MEAN
5.0,98,KDE,-0.0922999227118528,0.0016050675213177001,0.7142857142857143,PASS
5.0,98,TAIL,-0.4570819479441536,0.05440540131272818,0.5714285714285714,FALLBACK_EXPONENTIAL
5.0,99,EMP,-0.1568029510929326,0.006983335110814686,0.7142857142857143,PASS
5.0,99,EVENT-EMP,-0.1568029510929326,0.0043029272818626285,0.7142857142857143,PASS
5.0,99,GEV,-0.0631653744596832,0.004285006846195357,0.7142857142857143,PASS_LMOM_FINITE_MEAN
5.0,99,KDE,-0.1145125478764415,0.0059132753793529865,0.42857142857142855,PASS
5.0,99,TAIL,-0.4824698306165353,0.06620486156777901,0.5714285714285714,FALLBACK_EXPONENTIAL
5.0,100,EMP,-0.2075218966176294,0.001045762211349857,0.7142857142857143,PASS
5.0,100,EVENT-EMP,-0.2075218966176294,0.001045762211349857,0.7142857142857143,PASS
5.0,100,GEV,-0.1478437169629797,0.0009461081785424572,0.7142857142857143,PASS_LMOM_FINITE_MEAN
5.0,100,KDE,-0.1691047125252479,0.0006607580293837746,0.8571428571428571,PASS
5.0,100,TAIL,-0.4575174436750957,0.055032402808460126,0.5714285714285714,FALLBACK_EXPONENTIAL
5.0,101,EMP,0.0289282142745807,0.0059132753793529865,0.42857142857142855,PASS
5.0,101,EVENT-EMP,0.0289282142745807,0.0024806822724120427,0.5714285714285714,PASS
5.0,101,GEV,0.2336812217264087,0.0059132753793529865,0.42857142857142855,PASS_LMOM_FINITE_MEAN
5.0,101,KDE,0.0901170566384322,0.0059132753793529865,0.42857142857142855,PASS
5.0,101,TAIL,-0.4535333096995412,0.053169989984264,0.5714285714285714,FALLBACK_EXPONENTIAL
5.0,102,EMP,-0.345898349671188,0.01732056186158786,0.5714285714285714,PASS
5.0,102,EVENT-EMP,-0.345898349671188,0.01814498319357647,0.5714285714285714,PASS
5.0,102,GEV,-0.3212645476223133,0.016385995755078455,0.5714285714285714,PASS_LMOM_FINITE_MEAN
5.0,102,KDE,-0.3054371999545021,0.0009160167959155572,0.7142857142857143,PASS
5.0,102,TAIL,-0.4802183610198116,0.06528829846001784,0.5714285714285714,FALLBACK_EXPONENTIAL
5.0,103,EMP,-0.1111426765859087,0.0013096316547025002,0.7142857142857143,PASS
5.0,103,EVENT-EMP,-0.1111426765859087,0.0013096316547025002,0.7142857142857143,PASS
5.0,103,GEV,0.0010861583472354,0.0017427865472234142,0.7142857142857143,PASS_LMOM_FINITE_MEAN
5.0,103,KDE,-0.0510035272861369,0.0059132753793529865,0.42857142857142855,PASS
5.0,103,TAIL,-0.447964418391583,0.05107303245324762,0.5714285714285714,FALLBACK_EXPONENTIAL
5.0,104,EMP,0.0148233393549472,0.0024806822724120427,0.5714285714285714,PASS
5.0,104,EVENT-EMP,0.0148233393549472,0.0024806822724120427,0.5714285714285714,PASS
5.0,104,GEV,0.0850641085926437,0.0024806822724120427,0.5714285714285714,PASS_LMOM_FINITE_MEAN
5.0,104,KDE,0.0686365867094685,0.0024806822724120427,0.5714285714285714,PASS
5.0,104,TAIL,-0.4420690918710373,0.048445124849960344,0.5714285714285714,FALLBACK_EXPONENTIAL
5.0,105,EMP,-0.190165395950334,0.0016601025923193712,0.7142857142857143,PASS
5.0,105,EVENT-EMP,-0.190165395950334,0.008545580323450357,0.7142857142857143,PASS
5.0,105,GEV,-0.1801241462452193,0.0015872727202843428,0.8571428571428571,PASS_LMOM_FINITE_MEAN
5.0,105,KDE,-0.1486398312109187,0.0022755464624780288,0.5714285714285714,PASS
5.0,105,TAIL,-0.423705637279529,0.041882894119320634,0.5714285714285714,FALLBACK_EXPONENTIAL
5.0,106,EMP,-0.2855417942986495,0.0018671266490480859,0.7142857142857143,PASS
5.0,106,EVENT-EMP,-0.2855417942986495,0.0012638699983761857,0.7142857142857143,PASS
5.0,106,GEV,-0.2309152663921419,0.0019872228009450146,0.7142857142857143,PASS_LMOM_FINITE_MEAN
5.0,106,KDE,-0.2396089525948209,0.0023871047577480853,0.7142857142857143,PASS
5.0,106,TAIL,-0.4591799842664139,0.055213826738427944,0.5714285714285714,FALLBACK_EXPONENTIAL
5.0,107,EMP,-0.1302257513137945,0.001724133123816257,0.7142857142857143,PASS
5.0,107,EVENT-EMP,-0.1302257513137945,0.001724133123816257,0.7142857142857143,PASS
5.0,107,GEV,-0.0970531737763463,0.0009677792783850429,0.7142857142857143,PASS_LMOM_FINITE_MEAN
5.0,107,KDE,-0.0899801118467604,0.000966076683592598,0.7142857142857143,PASS
5.0,107,TAIL,-0.4560756434935066,0.054251153362967916,0.5714285714285714,FALLBACK_EXPONENTIAL
5.0,108,EMP,0.1153972948115744,0.0024806822724120427,0.5714285714285714,PASS
5.0,108,EVENT-EMP,0.1153972948115744,0.0024806822724120427,0.5714285714285714,PASS
5.0,108,GEV,0.24774313168258,0.0024806822724120427,0.5714285714285714,PASS_LMOM_FINITE_MEAN
5.0,108,KDE,0.1752215229960531,0.0024806822724120427,0.5714285714285714,PASS
5.0,108,TAIL,-0.3980691395716046,0.033849815959277114,0.5714285714285714,FALLBACK_EXPONENTIAL
5.0,109,EMP,-0.1871056719277852,0.00013834080093200275,0.8571428571428571,PASS
5.0,109,EVENT-EMP,-0.1871056719277852,0.0006309526989287626,0.7142857142857143,PASS
5.0,109,GEV,-0.0551728487666588,0.0004899741920859429,0.8571428571428571,PASS_LMOM_FINITE_MEAN
5.0,109,KDE,-0.1438480892471006,0.0022755464624780288,0.5714285714285714,PASS
5.0,109,TAIL,-0.4464393359143376,0.05007372483443784,0.5714285714285714,FALLBACK_EXPONENTIAL
5.0,110,EMP,-0.0773729470012714,0.0036275610936387,0.5714285714285714,PASS
5.0,110,EVENT-EMP,-0.0773729470012714,0.0008638214930647857,0.7142857142857143,PASS
5.0,110,GEV,0.1205881001390778,0.0036275610936387,0.5714285714285714,PASS_LMOM_FINITE_MEAN
5.0,110,KDE,-0.0090359634519311,0.0036275610936387,0.5714285714285714,PASS
5.0,110,TAIL,-0.4433992667225856,0.048971602156200014,0.5714285714285714,FALLBACK_EXPONENTIAL
5.0,111,EMP,-0.2630873760347061,0.000992943502986443,0.7142857142857143,PASS
5.0,111,EVENT-EMP,-0.2630873760347061,0.0007522260825512386,0.7142857142857143,PASS
5.0,111,GEV,-0.2282458775776743,0.0015201853466734001,0.7142857142857143,PASS_LMOM_FINITE_MEAN
5.0,111,KDE,-0.2301835239493344,0.0010650616868163288,0.7142857142857143,PASS
5.0,111,TAIL,-0.4687375334116166,0.05958233586269045,0.5714285714285714,FALLBACK_EXPONENTIAL
5.0,112,EMP,-0.394313106556775,0.0238013199985266,0.5714285714285714,PASS
5.0,112,EVENT-EMP,-0.394313106556775,0.022665546308346142,0.5714285714285714,PASS
5.0,112,GEV,-0.3445965734396969,0.019643328772078743,0.5714285714285714,PASS_LMOM_FINITE_MEAN
5.0,112,KDE,-0.3565028828175655,0.01932280212496933,0.5714285714285714,PASS
5.0,112,TAIL,-0.4822245811122784,0.06612903907412607,0.5714285714285714,FALLBACK_EXPONENTIAL
5.0,113,EMP,-0.11695113593469,0.0010122668315794572,0.7142857142857143,PASS
5.0,113,EVENT-EMP,-0.11695113593469,0.0008459902708523142,0.7142857142857143,PASS
5.0,113,GEV,-0.1009819779896722,0.0011269268443812,0.7142857142857143,PASS_LMOM_FINITE_MEAN
5.0,113,KDE,-0.0657180042540586,0.0010047865823224714,0.7142857142857143,PASS
5.0,113,TAIL,-0.4688574918016651,0.06037885706276008,0.5714285714285714,FALLBACK_EXPONENTIAL
5.0,114,EMP,-0.2149150234804542,0.0043687615956992,0.7142857142857143,PASS
5.0,114,EVENT-EMP,-0.2149150234804542,0.0008370487381107427,0.7142857142857143,PASS
5.0,114,GEV,-0.0841678922175334,0.002057325962981743,0.7142857142857143,PASS_LMOM_FINITE_MEAN
5.0,114,KDE,-0.165876362521617,0.0059132753793529865,0.42857142857142855,PASS
5.0,114,TAIL,-0.4522190330529702,0.05284825635738423,0.5714285714285714,FALLBACK_EXPONENTIAL
5.0,115,EMP,-0.0593492775701157,0.0024806822724120427,0.5714285714285714,PASS
5.0,115,EVENT-EMP,-0.0593492775701157,0.0024806822724120427,0.5714285714285714,PASS
5.0,115,GEV,0.1566441555241376,0.0024806822724120427,0.5714285714285714,PASS_LMOM_FINITE_MEAN
5.0,115,KDE,0.0247962164619051,0.0024806822724120427,0.5714285714285714,PASS
5.0,115,TAIL,-0.4339783887870569,0.04582477282482211,0.5714285714285714,FALLBACK_EXPONENTIAL
5.0,116,EMP,0.1101201663590178,0.0024806822724120427,0.5714285714285714,PASS
5.0,116,EVENT-EMP,0.1101201663590178,0.0024806822724120427,0.5714285714285714,PASS
5.0,116,GEV,0.2406208332042945,0.0024806822724120427,0.5714285714285714,PASS_LMOM_FINITE_MEAN
5.0,116,KDE,0.1718798927612099,0.0024806822724120427,0.5714285714285714,PASS
5.0,116,TAIL,-0.4428749558509344,0.04908215730445853,0.5714285714285714,FALLBACK_EXPONENTIAL
5.0,117,EMP,-0.1457389246465391,0.0008474923532238857,0.7142857142857143,PASS
5.0,117,EVENT-EMP,-0.1457389246465391,0.0015055670055210142,0.7142857142857143,PASS
5.0,117,GEV,-0.1601869357982577,0.001612215210182214,0.7142857142857143,PASS_LMOM_FINITE_MEAN
5.0,117,KDE,-0.1071132237456216,0.0011022097765638857,0.7142857142857143,PASS
5.0,117,TAIL,-0.4755982360238412,0.06268814940565876,0.5714285714285714,FALLBACK_EXPONENTIAL
5.0,118,EMP,-0.057786121628781,0.0024806822724120427,0.5714285714285714,PASS
5.0,118,EVENT-EMP,-0.057786121628781,0.0024806822724120427,0.5714285714285714,PASS
5.0,118,GEV,0.1846751431836031,0.0024806822724120427,0.5714285714285714,PASS_LMOM_FINITE_MEAN
5.0,118,KDE,0.023259002643082,0.0024806822724120427,0.5714285714285714,PASS
5.0,118,TAIL,-0.4116474994850232,0.03779003672651412,0.5714285714285714,FALLBACK_EXPONENTIAL
5.0,119,EMP,-0.018611414352582,0.0059132753793529865,0.42857142857142855,PASS
5.0,119,EVENT-EMP,-0.018611414352582,0.0006073274198106999,0.8571428571428571,PASS
5.0,119,GEV,0.1124603156049248,0.0059132753793529865,0.42857142857142855,PASS_LMOM_FINITE_MEAN
5.0,119,KDE,0.0358953245936362,0.0059132753793529865,0.42857142857142855,PASS
5.0,119,TAIL,-0.4616056963042296,0.056593930218091636,0.5714285714285714,FALLBACK_EXPONENTIAL
5.0,120,EMP,-0.2854227606593816,0.001298294341406757,0.7142857142857143,PASS
5.0,120,EVENT-EMP,-0.2854227606593816,0.0007637605040857573,0.7142857142857143,PASS
5.0,120,GEV,-0.215580668854408,0.0010343990835118002,0.7142857142857143,PASS_LMOM_FINITE_MEAN
5.0,120,KDE,-0.2509080182233296,0.0007981364793578715,0.7142857142857143,PASS
5.0,120,TAIL,-0.4536032345761838,0.05321350503382284,0.5714285714285714,FALLBACK_EXPONENTIAL
5.0,121,EMP,-0.1453340397283739,0.0059132753793529865,0.42857142857142855,PASS
5.0,121,EVENT-EMP,-0.1453340397283739,0.0009809028341874143,0.7142857142857143,PASS
5.0,121,GEV,0.0784006009868539,0.0059132753793529865,0.42857142857142855,PASS_LMOM_FINITE_MEAN
5.0,121,KDE,-0.0780910730564991,0.0059132753793529865,0.42857142857142855,PASS
5.0,121,TAIL,-0.4501162469224964,0.05190530825565744,0.5714285714285714,FALLBACK_EXPONENTIAL
5.0,122,EMP,-0.2235403443174693,0.0022755464624780288,0.5714285714285714,PASS
5.0,122,EVENT-EMP,-0.2235403443174693,0.0022755464624780288,0.5714285714285714,PASS
5.0,122,GEV,-0.0789082341859502,0.0022755464624780288,0.5714285714285714,PASS_LMOM_FINITE_MEAN
5.0,122,KDE,-0.1489044913262097,0.0024806822724120427,0.5714285714285714,PASS
5.0,122,TAIL,-0.431564292559936,0.04451995703422307,0.5714285714285714,FALLBACK_EXPONENTIAL
5.0,123,EMP,-0.2005125474307408,0.001274446102068557,0.7142857142857143,PASS
5.0,123,EVENT-EMP,-0.2005125474307408,0.0007521176097001397,0.7142857142857143,PASS
5.0,123,GEV,-0.1556674909953634,0.0008811473218233143,0.7142857142857143,PASS_LMOM_FINITE_MEAN
5.0,123,KDE,-0.1654323630748475,0.0007602683595266873,0.7142857142857143,PASS
5.0,123,TAIL,-0.4499309361525143,0.05172615943796256,0.5714285714285714,FALLBACK_EXPONENTIAL
5.0,124,EMP,0.1022666311601445,0.0024806822724120427,0.5714285714285714,PASS
5.0,124,EVENT-EMP,0.1022666311601445,0.0024806822724120427,0.5714285714285714,PASS
5.0,124,GEV,0.3446545072657032,0.0024806822724120427,0.5714285714285714,PASS_LMOM_FINITE_MEAN
5.0,124,KDE,0.1678747317292039,0.0024806822724120427,0.5714285714285714,PASS
5.0,124,TAIL,-0.4574538450339435,0.05496908540213736,0.5714285714285714,FALLBACK_EXPONENTIAL
5.0,125,EMP,0.078872536046948,0.0024806822724120427,0.5714285714285714,PASS
5.0,125,EVENT-EMP,0.078872536046948,0.0024806822724120427,0.5714285714285714,PASS
5.0,125,GEV,0.4840913842771455,0.0024806822724120427,0.5714285714285714,PASS_LMOM_FINITE_MEAN
5.0,125,KDE,0.1526414946422756,0.0024806822724120427,0.5714285714285714,PASS
5.0,125,TAIL,-0.4291493350111759,0.043719695635703486,0.5714285714285714,FALLBACK_EXPONENTIAL
5.0,126,EMP,-0.0525524465534258,0.002748401217445929,0.7142857142857143,PASS
5.0,126,EVENT-EMP,-0.0525524465534258,0.0011219583919356286,0.8571428571428571,PASS
5.0,126,GEV,0.0253609955023083,0.0022024688029322714,0.7142857142857143,PASS_LMOM_FINITE_MEAN
5.0,126,KDE,-0.0045264156785092,0.0059132753793529865,0.42857142857142855,PASS
5.0,126,TAIL,-0.4538449873324337,0.05330191522492454,0.5714285714285714,FALLBACK_EXPONENTIAL
5.0,127,EMP,-0.2268662567746281,0.000780000770757708,0.7142857142857143,PASS
5.0,127,EVENT-EMP,-0.2268662567746281,0.0029197672416741145,0.7142857142857143,PASS
5.0,127,GEV,-0.1350143508276319,0.0009999584045270857,0.7142857142857143,PASS_LMOM_FINITE_MEAN
5.0,127,KDE,-0.1808225164313985,0.0006937230589150857,0.8571428571428571,PASS
5.0,127,TAIL,-0.4376952865033052,0.046401514565058234,0.5714285714285714,FALLBACK_EXPONENTIAL
5.0,128,EMP,-0.2786906044123873,0.0020638549902586,0.7142857142857143,PASS
5.0,128,EVENT-EMP,-0.2786906044123873,0.0007895406873474525,0.7142857142857143,PASS
5.0,128,GEV,-0.1815155907219928,0.0010581959817044428,0.7142857142857143,PASS_LMOM_FINITE_MEAN
5.0,128,KDE,-0.2344297985135309,0.0007695250310655226,0.7142857142857143,PASS
5.0,128,TAIL,-0.4546434446279405,0.05349810673633339,0.5714285714285714,FALLBACK_EXPONENTIAL
5.0,129,EMP,-0.2567715120760354,0.0007851854526374731,0.7142857142857143,PASS
5.0,129,EVENT-EMP,-0.2567715120760354,0.0013264273522886284,0.7142857142857143,PASS
5.0,129,GEV,-0.1625361735624744,0.0010024966029533859,0.7142857142857143,PASS_LMOM_FINITE_MEAN
5.0,129,KDE,-0.2062566778801531,0.0009617381678467602,0.7142857142857143,PASS
5.0,129,TAIL,-0.4588091851571879,0.055590917356373705,0.5714285714285714,FALLBACK_EXPONENTIAL
5.0,130,EMP,-0.2152955615509061,0.0022755464624780288,0.5714285714285714,PASS
5.0,130,EVENT-EMP,-0.2152955615509061,0.0042898401220974,0.5714285714285714,PASS
5.0,130,GEV,-0.0437511833187868,0.0022755464624780288,0.5714285714285714,PASS_LMOM_FINITE_MEAN
5.0,130,KDE,-0.1300010839406113,0.0024806822724120427,0.5714285714285714,PASS
5.0,130,TAIL,-0.4132927498428942,0.038155478227660355,0.5714285714285714,FALLBACK_EXPONENTIAL
5.0,131,EMP,-0.2353708418246174,0.0022755464624780288,0.5714285714285714,PASS
5.0,131,EVENT-EMP,-0.2353708418246174,0.0008054340659231714,0.7142857142857143,PASS
5.0,131,GEV,-0.0976837995636358,0.0022755464624780288,0.5714285714285714,PASS_LMOM_FINITE_MEAN
5.0,131,KDE,-0.1592663021276307,0.0022755464624780288,0.5714285714285714,PASS
5.0,131,TAIL,-0.4472471839655924,0.05047545571325914,0.5714285714285714,FALLBACK_EXPONENTIAL
5.0,132,EMP,0.1616429857605369,0.0022755464624780288,0.5714285714285714,PASS
5.0,132,EVENT-EMP,0.1616429857605369,0.0024811504972287713,0.5714285714285714,PASS
5.0,132,GEV,0.1157115097467851,0.0022755464624780288,0.5714285714285714,PASS_LMOM_FINITE_MEAN
5.0,132,KDE,0.2189611695157552,0.0024806822724120427,0.5714285714285714,PASS
5.0,132,TAIL,-0.416736640679219,0.03973399207518754,0.5714285714285714,FALLBACK_EXPONENTIAL
5.0,133,EMP,-0.1849770575968009,0.0022755464624780288,0.5714285714285714,PASS
5.0,133,EVENT-EMP,-0.1849770575968009,0.0024806822724120427,0.5714285714285714,PASS
5.0,133,GEV,-0.0577012599845959,0.002284087133948183,0.5714285714285714,PASS_LMOM_FINITE_MEAN
5.0,133,KDE,-0.121778498370826,0.0024806822724120427,0.5714285714285714,PASS
5.0,133,TAIL,-0.4485286339939839,0.05126878940386013,0.5714285714285714,FALLBACK_EXPONENTIAL
5.0,134,EMP,-0.2591580703227819,0.0027531613544399145,0.7142857142857143,PASS
5.0,134,EVENT-EMP,-0.2591580703227819,0.0008108400538890855,0.7142857142857143,PASS
5.0,134,GEV,-0.176374361864102,0.0018655316410427856,0.7142857142857143,PASS_LMOM_FINITE_MEAN
5.0,134,KDE,-0.2178204145036869,0.0010763618380024715,0.8571428571428571,PASS
5.0,134,TAIL,-0.4542024305201327,0.053424453896306255,0.5714285714285714,FALLBACK_EXPONENTIAL
5.0,135,EMP,-0.2990318758003591,0.006231469717913286,0.7142857142857143,PASS
5.0,135,EVENT-EMP,-0.2990318758003591,0.003703481307872443,0.7142857142857143,PASS
5.0,135,GEV,-0.1877028420671523,0.0018859325608195855,0.7142857142857143,PASS_LMOM_FINITE_MEAN
5.0,135,KDE,-0.241878191436609,0.001129456765789443,0.8571428571428571,PASS
5.0,135,TAIL,-0.4863844247126015,0.06777522996214734,0.5714285714285714,FALLBACK_EXPONENTIAL
5.0,136,EMP,0.1027764919105625,0.001147185927252614,0.7142857142857143,PASS
5.0,136,EVENT-EMP,0.1027764919105625,0.0019069162280324714,0.7142857142857143,PASS
5.0,136,GEV,0.1581235858765762,0.0024806822724120427,0.5714285714285714,PASS_LMOM_FINITE_MEAN
5.0,136,KDE,0.158627159743329,0.0024806822724120427,0.5714285714285714,PASS
5.0,136,TAIL,-0.4490685702732746,0.05124209292480344,0.5714285714285714,FALLBACK_EXPONENTIAL
5.0,137,EMP,-0.1400579045300782,0.0024806822724120427,0.5714285714285714,PASS
5.0,137,EVENT-EMP,-0.1400579045300782,0.0024806822724120427,0.5714285714285714,PASS
5.0,137,GEV,0.0213817928574467,0.0024806822724120427,0.5714285714285714,PASS_LMOM_FINITE_MEAN
5.0,137,KDE,-0.0845445318523974,0.0024806822724120427,0.5714285714285714,PASS
5.0,137,TAIL,-0.4419632572717913,0.048816256106943845,0.5714285714285714,FALLBACK_EXPONENTIAL
5.0,138,EMP,-0.3032911074525102,0.0007774563090678872,0.7142857142857143,PASS
5.0,138,EVENT-EMP,-0.3032911074525102,0.0007584013894964112,0.7142857142857143,PASS
5.0,138,GEV,-0.2343246638017016,0.0008989462985605143,0.7142857142857143,PASS_LMOM_FINITE_MEAN
5.0,138,KDE,-0.2665656547779339,0.0007553349920774116,0.7142857142857143,PASS
5.0,138,TAIL,-0.4548931687547567,0.05403866780412996,0.5714285714285714,FALLBACK_EXPONENTIAL
5.0,139,EMP,-0.0814060452255407,0.0024806822724120427,0.5714285714285714,PASS
5.0,139,EVENT-EMP,-0.0814060452255407,0.0024806822724120427,0.5714285714285714,PASS
5.0,139,GEV,0.075550639524967,0.0024806822724120427,0.5714285714285714,PASS_LMOM_FINITE_MEAN
5.0,139,KDE,-0.0299151479388349,0.0024806822724120427,0.5714285714285714,PASS
5.0,139,TAIL,-0.4546490249097636,0.053754015186679015,0.5714285714285714,FALLBACK_EXPONENTIAL
5.0,140,EMP,0.3027632661641658,0.0024806822724120427,0.5714285714285714,PASS
5.0,140,EVENT-EMP,0.3027632661641658,0.0024806822724120427,0.5714285714285714,PASS
5.0,140,GEV,0.5609500209048814,0.0024806822724120427,0.5714285714285714,PASS_LMOM_FINITE_MEAN
5.0,140,KDE,0.3833683175604383,0.0024806822724120427,0.5714285714285714,PASS
5.0,140,TAIL,-0.4134456366391935,0.03852890009815591,0.5714285714285714,FALLBACK_EXPONENTIAL
5.0,141,EMP,0.0569121733274105,0.0024806822724120427,0.5714285714285714,PASS
5.0,141,EVENT-EMP,0.0569121733274105,0.0024806822724120427,0.5714285714285714,PASS
5.0,141,GEV,0.1478526775210967,0.0024806822724120427,0.5714285714285714,PASS_LMOM_FINITE_MEAN
5.0,141,KDE,0.1129011481442795,0.0024806822724120427,0.5714285714285714,PASS
5.0,141,TAIL,-0.4417729907156913,0.04833564554794815,0.5714285714285714,FALLBACK_EXPONENTIAL
5.0,142,EMP,0.2471427715803589,0.0022755464624780288,0.5714285714285714,PASS
5.0,142,EVENT-EMP,0.2471427715803589,0.0006904084185505572,0.7142857142857143,PASS
5.0,142,GEV,0.14010563230223,0.0022755464624780288,0.5714285714285714,PASS_LMOM_FINITE_MEAN
5.0,142,KDE,0.3079523164044507,0.0024806822724120427,0.5714285714285714,PASS
5.0,142,TAIL,-0.4442054218186193,0.049940714610781915,0.5714285714285714,FALLBACK_EXPONENTIAL
5.0,143,EMP,0.6876693926913015,0.0024806822724120427,0.5714285714285714,PASS
5.0,143,EVENT-EMP,0.6876693926913015,0.0024806822724120427,0.5714285714285714,PASS
5.0,143,GEV,0.5633811512504792,0.0024806822724120427,0.5714285714285714,PASS_LMOM_FINITE_MEAN
5.0,143,KDE,0.7861598709444929,0.0024806822724120427,0.5714285714285714,PASS
5.0,143,TAIL,-0.4454641876600041,0.05006285898572714,0.5714285714285714,FALLBACK_EXPONENTIAL
5.0,144,EMP,-0.1205045489130638,0.002550434882476514,0.7142857142857143,PASS
5.0,144,EVENT-EMP,-0.1205045489130638,0.0010065028912115,0.7142857142857143,PASS
5.0,144,GEV,-0.0519847101957291,0.0012877090519564714,0.8571428571428571,PASS_LMOM_FINITE_MEAN
5.0,144,KDE,-0.07809219157478,0.0009788799860848245,0.7142857142857143,PASS
5.0,144,TAIL,-0.4597586200326019,0.05594594066500664,0.5714285714285714,FALLBACK_EXPONENTIAL
5.0,145,EMP,-0.0275812834895714,0.004151005886793115,0.7142857142857143,PASS
5.0,145,EVENT-EMP,-0.0275812834895714,0.0015207042050397429,0.7142857142857143,PASS
5.0,145,GEV,0.0248142209088359,0.0038879155415972,0.7142857142857143,PASS_LMOM_FINITE_MEAN
5.0,145,KDE,0.0181720135313359,0.0059132753793529865,0.42857142857142855,PASS
5.0,145,TAIL,-0.468765004330648,0.06014670560463929,0.5714285714285714,FALLBACK_EXPONENTIAL
5.0,146,EMP,-0.1253318697640613,0.0007939831054434285,0.8571428571428571,PASS
5.0,146,EVENT-EMP,-0.1253318697640613,0.0026919911102181284,0.7142857142857143,PASS
5.0,146,GEV,0.0204772465005813,2.5240018605707997e-05,1.0,PASS_LMOM_FINITE_MEAN
5.0,146,KDE,-0.0757287924947244,0.0024806822724120427,0.5714285714285714,PASS
5.0,146,TAIL,-0.4443368561319062,0.049296365078225546,0.5714285714285714,FALLBACK_EXPONENTIAL
5.0,147,EMP,0.2383678136477782,0.0036275610936387,0.5714285714285714,PASS
5.0,147,EVENT-EMP,0.2383678136477782,0.0036275610936387,0.5714285714285714,PASS
5.0,147,GEV,0.2640697099708056,0.0036275610936387,0.5714285714285714,PASS_LMOM_FINITE_MEAN
5.0,147,KDE,0.3047212550646559,0.0036275610936387,0.5714285714285714,PASS
5.0,147,TAIL,-0.4779731103981186,0.06403777870720831,0.5714285714285714,FALLBACK_EXPONENTIAL
5.0,148,EMP,0.030108613916127,0.003909939930715386,0.8571428571428571,PASS
5.0,148,EVENT-EMP,0.030108613916127,0.004324098003935414,0.7142857142857143,PASS
5.0,148,GEV,0.047059380716055,0.005096589555525728,0.8571428571428571,PASS_LMOM_FINITE_MEAN
5.0,148,KDE,0.0765459707383964,0.0017940538217459002,0.7142857142857143,PASS
5.0,148,TAIL,-0.4680359044693428,0.059641796436109194,0.5714285714285714,FALLBACK_EXPONENTIAL
5.0,149,EMP,-0.318446089744874,0.02486553924205807,0.5714285714285714,PASS
5.0,149,EVENT-EMP,-0.318446089744874,0.024776767673490355,0.5714285714285714,PASS
5.0,149,GEV,-0.2202994809063007,0.024031313069679126,0.7142857142857143,PASS_LMOM_FINITE_MEAN
5.0,149,KDE,-0.2677882504262193,0.02241033714222704,0.5714285714285714,PASS
5.0,149,TAIL,-0.5014118411624551,0.07531794899480018,0.5714285714285714,FALLBACK_EXPONENTIAL
5.0,150,EMP,-0.1035559418606358,0.0021522984136060287,0.7142857142857143,PASS
5.0,150,EVENT-EMP,-0.1035559418606358,0.0024806822724120427,0.5714285714285714,PASS
5.0,150,GEV,0.0823494959989385,0.0021522984136060287,0.7142857142857143,PASS_LMOM_FINITE_MEAN
5.0,150,KDE,-0.0539711789881142,0.0024806822724120427,0.5714285714285714,PASS
5.0,150,TAIL,-0.4519360072690417,0.052084599790298954,0.5714285714285714,FALLBACK_EXPONENTIAL
5.0,151,EMP,-0.0434878329136095,0.0002257625778395714,0.8571428571428571,PASS
5.0,151,EVENT-EMP,-0.0434878329136095,0.0009587459820888571,0.7142857142857143,PASS
5.0,151,GEV,0.0431432423684513,0.0006301315456063271,0.7142857142857143,PASS_LMOM_FINITE_MEAN
5.0,151,KDE,0.0035336816457919,0.0024806822724120427,0.5714285714285714,PASS
5.0,151,TAIL,-0.4475627624664715,0.05052083765171557,0.5714285714285714,FALLBACK_EXPONENTIAL
5.0,152,EMP,-0.2104963852948414,0.02747638357942026,0.5714285714285714,PASS
5.0,152,EVENT-EMP,-0.2104963852948414,0.0010529348740198285,0.7142857142857143,PASS
5.0,152,GEV,-0.0776234381676762,0.027109108990506718,0.5714285714285714,PASS_LMOM_FINITE_MEAN
5.0,152,KDE,-0.1665419689224305,0.004788258812140586,0.7142857142857143,PASS
5.0,152,TAIL,-0.4904623380266027,0.0701145213903165,0.5714285714285714,FALLBACK_EXPONENTIAL
5.0,153,EMP,-0.1844739742970029,0.0018064806463932571,0.7142857142857143,PASS
5.0,153,EVENT-EMP,-0.1844739742970029,0.0011852947865371858,0.7142857142857143,PASS
5.0,153,GEV,-0.0868533444959764,0.0008109124926211571,0.7142857142857143,PASS_LMOM_FINITE_MEAN
5.0,153,KDE,-0.143486530437871,0.0008771917350423143,0.7142857142857143,PASS
5.0,153,TAIL,-0.4363550038373364,0.046201677085686184,0.5714285714285714,FALLBACK_EXPONENTIAL
5.0,154,EMP,-0.16781634333923,0.0008684214691212857,0.7142857142857143,PASS
5.0,154,EVENT-EMP,-0.16781634333923,0.0008684214691212857,0.7142857142857143,PASS
5.0,154,GEV,-0.1649043089090886,0.000961225109410457,0.7142857142857143,PASS_LMOM_FINITE_MEAN
5.0,154,KDE,-0.1333705977591638,0.0016114236824981856,0.7142857142857143,PASS
5.0,154,TAIL,-0.4348017971806381,0.04602885260133553,0.5714285714285714,FALLBACK_EXPONENTIAL
5.0,155,EMP,-0.3943110901191395,0.021278291433990043,0.5714285714285714,PASS
5.0,155,EVENT-EMP,-0.3943110901191395,0.016863456977356427,0.5714285714285714,PASS
5.0,155,GEV,-0.3652969951127188,0.019285293307397127,0.5714285714285714,PASS_LMOM_FINITE_MEAN
5.0,155,KDE,-0.363588246867929,0.01869980942789356,0.5714285714285714,PASS
5.0,155,TAIL,-0.4751963146101799,0.06299229897037414,0.5714285714285714,FALLBACK_EXPONENTIAL
5.0,156,EMP,-0.1533187107018989,0.0006781892393443714,0.7142857142857143,PASS
5.0,156,EVENT-EMP,-0.1533187107018989,0.0006955157504898857,0.8571428571428571,PASS
5.0,156,GEV,-0.0130027647223825,0.0022755464624780288,0.5714285714285714,PASS_LMOM_FINITE_MEAN
5.0,156,KDE,-0.0975492104482181,0.0024806822724120427,0.5714285714285714,PASS
5.0,156,TAIL,-0.4467532176211591,0.050598547558240545,0.5714285714285714,FALLBACK_EXPONENTIAL
5.0,157,EMP,-0.0412854822749846,0.0024806822724120427,0.5714285714285714,PASS
5.0,157,EVENT-EMP,-0.0412854822749846,0.0024806822724120427,0.5714285714285714,PASS
5.0,157,GEV,0.1331028573327302,0.0024806822724120427,0.5714285714285714,PASS_LMOM_FINITE_MEAN
5.0,157,KDE,0.02821774449347,0.0024806822724120427,0.5714285714285714,PASS
5.0,157,TAIL,-0.4294058343490774,0.04387971877865443,0.5714285714285714,FALLBACK_EXPONENTIAL
5.0,158,EMP,-0.1740197930991999,0.0022755464624780288,0.5714285714285714,PASS
5.0,158,EVENT-EMP,-0.1740197930991999,0.0024806822724120427,0.5714285714285714,PASS
5.0,158,GEV,-0.0482482269524654,0.0022755464624780288,0.5714285714285714,PASS_LMOM_FINITE_MEAN
5.0,158,KDE,-0.116438686454442,0.0024806822724120427,0.5714285714285714,PASS
5.0,158,TAIL,-0.4435743065053563,0.04925375759344737,0.5714285714285714,FALLBACK_EXPONENTIAL
5.0,159,EMP,0.3376098454219374,0.0024806822724120427,0.5714285714285714,PASS
5.0,159,EVENT-EMP,0.3376098454219374,0.0024806822724120427,0.5714285714285714,PASS
5.0,159,GEV,0.6003724768312231,0.0024806822724120427,0.5714285714285714,PASS_LMOM_FINITE_MEAN
5.0,159,KDE,0.4208668653319237,0.0024806822724120427,0.5714285714285714,PASS
5.0,159,TAIL,-0.418589255723477,0.0400464676812292,0.5714285714285714,FALLBACK_EXPONENTIAL
5.0,160,EMP,-0.1611237836614092,0.0010729673361816144,0.7142857142857143,PASS
5.0,160,EVENT-EMP,-0.1611237836614092,0.000646287858821222,0.8571428571428571,PASS
5.0,160,GEV,-0.0407516499968367,0.0007622895329869124,0.7142857142857143,PASS_LMOM_FINITE_MEAN
5.0,160,KDE,-0.1163578044000444,0.0024806822724120427,0.5714285714285714,PASS
5.0,160,TAIL,-0.4498111602303372,0.051731844075041326,0.5714285714285714,FALLBACK_EXPONENTIAL
5.0,161,EMP,-0.1619769908420671,0.0022755464624780288,0.5714285714285714,PASS
5.0,161,EVENT-EMP,-0.1619769908420671,0.0008380604109152142,0.7142857142857143,PASS
5.0,161,GEV,-0.084403637817755,0.0022755464624780288,0.5714285714285714,PASS_LMOM_FINITE_MEAN
5.0,161,KDE,-0.1115632767529449,0.0024806822724120427,0.5714285714285714,PASS
5.0,161,TAIL,-0.4352638635193258,0.0459026867396776,0.5714285714285714,FALLBACK_EXPONENTIAL
5.0,162,EMP,0.1947948018930597,0.0024806822724120427,0.5714285714285714,PASS
5.0,162,EVENT-EMP,0.1947948018930597,0.0024806822724120427,0.5714285714285714,PASS
5.0,162,GEV,0.3677001646929377,0.0024806822724120427,0.5714285714285714,PASS_LMOM_FINITE_MEAN
5.0,162,KDE,0.2616359715436181,0.0024806822724120427,0.5714285714285714,PASS
5.0,162,TAIL,-0.4144406408939183,0.03872410939606979,0.5714285714285714,FALLBACK_EXPONENTIAL
5.0,163,EMP,-0.0659494275277281,0.0009927309500115,0.7142857142857143,PASS
5.0,163,EVENT-EMP,-0.0659494275277281,0.0024806822724120427,0.5714285714285714,PASS
5.0,163,GEV,0.098023605720347,0.0014440291835078715,0.7142857142857143,PASS_LMOM_FINITE_MEAN
5.0,163,KDE,-0.0085339003108628,0.0024806822724120427,0.5714285714285714,PASS
5.0,163,TAIL,-0.4336792831049645,0.0452365140469651,0.5714285714285714,FALLBACK_EXPONENTIAL
5.0,164,EMP,0.0947492481191853,0.0022755464624780288,0.5714285714285714,PASS
5.0,164,EVENT-EMP,0.0947492481191853,0.0024806822724120427,0.5714285714285714,PASS
5.0,164,GEV,0.1787739630254087,0.0024806822724120427,0.5714285714285714,PASS_LMOM_FINITE_MEAN
5.0,164,KDE,0.1504509730763779,0.0024806822724120427,0.5714285714285714,PASS
5.0,164,TAIL,-0.4441562304409702,0.049321800945922846,0.5714285714285714,FALLBACK_EXPONENTIAL
5.0,165,EMP,-0.0733904452422045,0.0006347959181866335,0.7142857142857143,PASS
5.0,165,EVENT-EMP,-0.0733904452422045,0.0022755464624780288,0.5714285714285714,PASS
5.0,165,GEV,0.0580184358821036,0.0024806822724120427,0.5714285714285714,PASS_LMOM_FINITE_MEAN
5.0,165,KDE,-0.0237228537290912,0.0024806822724120427,0.5714285714285714,PASS
5.0,165,TAIL,-0.4469542983266598,0.0506838134881404,0.5714285714285714,FALLBACK_EXPONENTIAL
5.0,166,EMP,-0.0319375713497339,0.0029493867866708283,0.7142857142857143,PASS
5.0,166,EVENT-EMP,-0.0319375713497339,0.0036461849031600426,0.7142857142857143,PASS
5.0,166,GEV,0.0434923679319653,0.0022267962716566144,0.7142857142857143,PASS_LMOM_FINITE_MEAN
5.0,166,KDE,0.0114963605531098,0.0010037948962633,0.7142857142857143,PASS
5.0,166,TAIL,-0.4709812403486966,0.06118581567094815,0.5714285714285714,FALLBACK_EXPONENTIAL
5.0,167,EMP,-0.3382409823811925,0.017723560943075544,0.5714285714285714,PASS
5.0,167,EVENT-EMP,-0.3382409823811925,0.016270565868035828,0.5714285714285714,PASS
5.0,167,GEV,-0.2765893312368427,0.01864381736107704,0.5714285714285714,PASS_LMOM_FINITE_MEAN
5.0,167,KDE,-0.2889513076847856,0.0016050643385179858,0.8571428571428571,PASS
5.0,167,TAIL,-0.4738167782257925,0.06217769845276146,0.5714285714285714,FALLBACK_EXPONENTIAL
5.0,168,EMP,0.0078930054139323,0.0024806822724120427,0.5714285714285714,PASS
5.0,168,EVENT-EMP,0.0078930054139323,0.0024806822724120427,0.5714285714285714,PASS
5.0,168,GEV,0.2705846377341628,0.0024806822724120427,0.5714285714285714,PASS_LMOM_FINITE_MEAN
5.0,168,KDE,0.0770531117292528,0.0024806822724120427,0.5714285714285714,PASS
5.0,168,TAIL,-0.435287296394145,0.04576767108058044,0.5714285714285714,FALLBACK_EXPONENTIAL
5.0,169,EMP,-0.2515563428596457,0.028511349109563714,0.5714285714285714,PASS
5.0,169,EVENT-EMP,-0.2515563428596457,0.022040841808414428,0.5714285714285714,PASS
5.0,169,GEV,-0.2632935060940448,0.027649090354990198,0.5714285714285714,PASS_LMOM_FINITE_MEAN
5.0,169,KDE,-0.2239003713626015,0.02424864114469279,0.5714285714285714,PASS
5.0,169,TAIL,-0.4982998584884352,0.07360730987475501,0.5714285714285714,FALLBACK_EXPONENTIAL
5.0,170,EMP,-0.1259345932703764,0.001292756155069757,0.7142857142857143,PASS
5.0,170,EVENT-EMP,-0.1259345932703764,0.0022755464624780288,0.5714285714285714,PASS
5.0,170,GEV,-0.1110213611336107,0.0013281333212832997,0.7142857142857143,PASS_LMOM_FINITE_MEAN
5.0,170,KDE,-0.0840368172757021,0.0021522984136060287,0.7142857142857143,PASS
5.0,170,TAIL,-0.4406043162894719,0.04801032047822532,0.5714285714285714,FALLBACK_EXPONENTIAL
5.0,171,EMP,-0.2564051944556301,0.0007529244110623773,0.7142857142857143,PASS
5.0,171,EVENT-EMP,-0.2564051944556301,0.0007550000042191226,0.7142857142857143,PASS
5.0,171,GEV,-0.1918003133589832,0.0007963002371120714,0.7142857142857143,PASS_LMOM_FINITE_MEAN
5.0,171,KDE,-0.2211954497538178,0.0007742579054308515,0.7142857142857143,PASS
5.0,171,TAIL,-0.4461251754624246,0.05038416642386496,0.5714285714285714,FALLBACK_EXPONENTIAL
5.0,172,EMP,-0.1322564270098439,0.0024806822724120427,0.5714285714285714,PASS
5.0,172,EVENT-EMP,-0.1322564270098439,0.0024806822724120427,0.5714285714285714,PASS
5.0,172,GEV,-0.002812254120884,0.0024806822724120427,0.5714285714285714,PASS_LMOM_FINITE_MEAN
5.0,172,KDE,-0.0801464620103761,0.0024806822724120427,0.5714285714285714,PASS
5.0,172,TAIL,-0.4630172770355826,0.0577254211275499,0.5714285714285714,FALLBACK_EXPONENTIAL
5.0,173,EMP,-0.1582277297686343,0.0008473681945339714,0.7142857142857143,PASS
5.0,173,EVENT-EMP,-0.1582277297686343,0.0007614833785564095,0.7142857142857143,PASS
5.0,173,GEV,-0.0250720264371307,0.0007555035223522013,0.7142857142857143,PASS_LMOM_FINITE_MEAN
5.0,173,KDE,-0.0882803105101971,0.0024806822724120427,0.5714285714285714,PASS
5.0,173,TAIL,-0.4577190927534896,0.05466453236469687,0.5714285714285714,FALLBACK_EXPONENTIAL
5.0,174,EMP,-0.2447479262943139,0.0033828666002420427,0.7142857142857143,PASS
5.0,174,EVENT-EMP,-0.2447479262943139,0.001998209846718714,0.7142857142857143,PASS
5.0,174,GEV,-0.1922367036581168,0.0013075292845028859,0.7142857142857143,PASS_LMOM_FINITE_MEAN
5.0,174,KDE,-0.2107541286020564,0.0009493143182284144,0.7142857142857143,PASS
5.0,174,TAIL,-0.4591496954867078,0.05572052882809132,0.5714285714285714,FALLBACK_EXPONENTIAL
5.0,175,EMP,-0.1358101404942067,0.0022755464624780288,0.5714285714285714,PASS
5.0,175,EVENT-EMP,-0.1358101404942067,0.0022755464624780288,0.5714285714285714,PASS
5.0,175,GEV,-0.0117088455922266,0.002658559583961357,0.5714285714285714,PASS_LMOM_FINITE_MEAN
5.0,175,KDE,-0.0735336168127869,0.0024806822724120427,0.5714285714285714,PASS
5.0,175,TAIL,-0.4208417116872419,0.040859392383524255,0.5714285714285714,FALLBACK_EXPONENTIAL
5.0,176,EMP,-0.2803018153843179,0.0007539668749751381,0.7142857142857143,PASS
5.0,176,EVENT-EMP,-0.2803018153843179,0.0011436845206510143,0.7142857142857143,PASS
5.0,176,GEV,-0.220524894005548,0.0007897339638937297,0.7142857142857143,PASS_LMOM_FINITE_MEAN
5.0,176,KDE,-0.2456699137822379,0.0007816774203827051,0.7142857142857143,PASS
5.0,176,TAIL,-0.4650083608998949,0.05824837702299956,0.5714285714285714,FALLBACK_EXPONENTIAL
5.0,177,EMP,-0.1999658581598104,0.0018171480219381284,0.8571428571428571,PASS
5.0,177,EVENT-EMP,-0.1999658581598104,0.0022302661455904428,0.7142857142857143,PASS
5.0,177,GEV,-0.0320356904989228,0.0023874679463946427,0.8571428571428571,PASS_LMOM_FINITE_MEAN
5.0,177,KDE,-0.1568914044550619,0.0013920537084127858,0.7142857142857143,PASS
5.0,177,TAIL,-0.4604253838114084,0.05619328653603143,0.5714285714285714,FALLBACK_EXPONENTIAL
5.0,178,EMP,-0.1959593608859095,0.0012902367202204143,0.7142857142857143,PASS
5.0,178,EVENT-EMP,-0.1959593608859095,0.0008356046328870857,0.7142857142857143,PASS
5.0,178,GEV,-0.1144053110606162,0.0007597859861709956,0.7142857142857143,PASS_LMOM_FINITE_MEAN
5.0,178,KDE,-0.1567233481625939,0.0008617735918927142,0.7142857142857143,PASS
5.0,178,TAIL,-0.4558626412802805,0.054191016817517715,0.5714285714285714,FALLBACK_EXPONENTIAL
5.0,179,EMP,-0.0754893550001279,0.0024806822724120427,0.5714285714285714,PASS
5.0,179,EVENT-EMP,-0.0754893550001279,0.0024806822724120427,0.5714285714285714,PASS
5.0,179,GEV,0.098165414424808,0.0024806822724120427,0.5714285714285714,PASS_LMOM_FINITE_MEAN
5.0,179,KDE,-0.0075732280515265,0.0024806822724120427,0.5714285714285714,PASS
5.0,179,TAIL,-0.4283832461172794,0.043278871723676796,0.5714285714285714,FALLBACK_EXPONENTIAL
5.0,180,EMP,-0.2835545934480923,0.0033211212610708856,0.7142857142857143,PASS
5.0,180,EVENT-EMP,-0.2835545934480923,0.0029740704897899288,0.7142857142857143,PASS
5.0,180,GEV,-0.1931652639775171,0.0022725111103782144,0.7142857142857143,PASS_LMOM_FINITE_MEAN
5.0,180,KDE,-0.2269668427242804,0.0018292986469029286,0.7142857142857143,PASS
5.0,180,TAIL,-0.4718438706208088,0.061247778538539424,0.5714285714285714,FALLBACK_EXPONENTIAL
5.0,181,EMP,-0.0786708767201651,0.0024806822724120427,0.5714285714285714,PASS
5.0,181,EVENT-EMP,-0.0786708767201651,0.0024806822724120427,0.5714285714285714,PASS
5.0,181,GEV,0.0984533622408816,0.0024806822724120427,0.5714285714285714,PASS_LMOM_FINITE_MEAN
5.0,181,KDE,-0.0073323398515461,0.0024806822724120427,0.5714285714285714,PASS
5.0,181,TAIL,-0.4574977933697254,0.05486007228207135,0.5714285714285714,FALLBACK_EXPONENTIAL
5.0,182,EMP,-0.0227694465476778,0.0024806822724120427,0.5714285714285714,PASS
5.0,182,EVENT-EMP,-0.0227694465476778,0.0024806822724120427,0.5714285714285714,PASS
5.0,182,GEV,0.2165872617204105,0.0024806822724120427,0.5714285714285714,PASS_LMOM_FINITE_MEAN
5.0,182,KDE,0.0421889884677393,0.0024806822724120427,0.5714285714285714,PASS
5.0,182,TAIL,-0.4402530881451472,0.048103949218649245,0.5714285714285714,FALLBACK_EXPONENTIAL
5.0,183,EMP,-0.1778252239989529,0.005253338555562057,0.7142857142857143,PASS
5.0,183,EVENT-EMP,-0.1778252239989529,0.005253338555562057,0.7142857142857143,PASS
5.0,183,GEV,-0.050901277818096,0.0028023535708345854,0.7142857142857143,PASS_LMOM_FINITE_MEAN
5.0,183,KDE,-0.1327896985712063,0.0059132753793529865,0.42857142857142855,PASS
5.0,183,TAIL,-0.4693056659987668,0.05992961445339514,0.5714285714285714,FALLBACK_EXPONENTIAL
5.0,184,EMP,-0.2062416471333863,0.0007912084706466571,0.7142857142857143,PASS
5.0,184,EVENT-EMP,-0.2062416471333863,0.0024465410517583858,0.5714285714285714,PASS
5.0,184,GEV,-0.0237104802402632,0.00022016816786451428,0.8571428571428571,PASS_LMOM_FINITE_MEAN
5.0,184,KDE,-0.14290472491496,0.0024806822724120427,0.5714285714285714,PASS
5.0,184,TAIL,-0.4279305913782233,0.043386677759945085,0.5714285714285714,FALLBACK_EXPONENTIAL
5.0,185,EMP,-0.1770991257154918,0.0022755464624780288,0.5714285714285714,PASS
5.0,185,EVENT-EMP,-0.1770991257154918,0.0022755464624780288,0.5714285714285714,PASS
5.0,185,GEV,0.0294994452445806,0.0022755464624780288,0.5714285714285714,PASS_LMOM_FINITE_MEAN
5.0,185,KDE,-0.1032529479241971,0.0024806822724120427,0.5714285714285714,PASS
5.0,185,TAIL,-0.4211941006272987,0.04111832113540837,0.5714285714285714,FALLBACK_EXPONENTIAL
5.0,186,EMP,-0.1021681968695756,0.017847510832520213,0.7142857142857143,PASS
5.0,186,EVENT-EMP,-0.1021681968695756,0.007966781101866643,0.7142857142857143,PASS
5.0,186,GEV,0.0339116464618155,0.009543818933082716,0.7142857142857143,PASS_LMOM_FINITE_MEAN
5.0,186,KDE,-0.057404768245243,0.0059132753793529865,0.42857142857142855,PASS
5.0,186,TAIL,-0.4836104750504245,0.06664181079530869,0.5714285714285714,FALLBACK_EXPONENTIAL
5.0,187,EMP,-0.3143021501749209,0.020130550999332027,0.5714285714285714,PASS
5.0,187,EVENT-EMP,-0.3143021501749209,0.0189162622699595,0.5714285714285714,PASS
5.0,187,GEV,-0.2600075951087454,0.018700135180875984,0.5714285714285714,PASS_LMOM_FINITE_MEAN
5.0,187,KDE,-0.2840260886593217,0.017645834193434188,0.5714285714285714,PASS
5.0,187,TAIL,-0.484563372220485,0.06710309288303094,0.5714285714285714,FALLBACK_EXPONENTIAL
5.0,188,EMP,0.1083920837840443,0.0024806822724120427,0.5714285714285714,PASS
5.0,188,EVENT-EMP,0.1083920837840443,0.0024806822724120427,0.5714285714285714,PASS
5.0,188,GEV,0.359621878792137,0.0024806822724120427,0.5714285714285714,PASS_LMOM_FINITE_MEAN
5.0,188,KDE,0.178536179246134,0.0024806822724120427,0.5714285714285714,PASS
5.0,188,TAIL,-0.368601993417867,0.026140241717021784,0.5714285714285714,FALLBACK_EXPONENTIAL
5.0,189,EMP,0.2849921972030517,0.0024806822724120427,0.5714285714285714,PASS
5.0,189,EVENT-EMP,0.2849921972030517,0.0024806822724120427,0.5714285714285714,PASS
5.0,189,GEV,0.4761721393106614,0.0024806822724120427,0.5714285714285714,PASS_LMOM_FINITE_MEAN
5.0,189,KDE,0.3634970712456742,0.0024806822724120427,0.5714285714285714,PASS
5.0,189,TAIL,-0.4488212331241896,0.05123870076329308,0.5714285714285714,FALLBACK_EXPONENTIAL
5.0,190,EMP,-0.3207952394412478,0.021102438552712884,0.5714285714285714,PASS
5.0,190,EVENT-EMP,-0.3207952394412478,0.003589870612075843,0.7142857142857143,PASS
5.0,190,GEV,-0.2505486526401445,0.001703714702166057,0.7142857142857143,PASS_LMOM_FINITE_MEAN
5.0,190,KDE,-0.277824344564738,0.0014387067503325286,0.7142857142857143,PASS
5.0,190,TAIL,-0.4823579332504666,0.06605449923953195,0.5714285714285714,FALLBACK_EXPONENTIAL
5.0,191,EMP,-0.2960510795456579,0.0025126251983902713,0.7142857142857143,PASS
5.0,191,EVENT-EMP,-0.2960510795456579,0.0007984529748469714,0.7142857142857143,PASS
5.0,191,GEV,-0.2353529456735638,0.0007524431271121659,0.7142857142857143,PASS_LMOM_FINITE_MEAN
5.0,191,KDE,-0.2576310861125889,0.0007697042063445271,0.7142857142857143,PASS
5.0,191,TAIL,-0.4634497562910698,0.057537763839044985,0.5714285714285714,FALLBACK_EXPONENTIAL
5.0,192,EMP,0.7590060929453712,0.0024806822724120427,0.5714285714285714,PASS
5.0,192,EVENT-EMP,0.7590060929453712,0.0024806822724120427,0.5714285714285714,PASS
5.0,192,GEV,0.7119927356465353,0.0024806822724120427,0.5714285714285714,PASS_LMOM_FINITE_MEAN
5.0,192,KDE,0.8659069040714596,0.0024806822724120427,0.5714285714285714,PASS
5.0,192,TAIL,-0.4375207958030582,0.04693743185180378,0.5714285714285714,FALLBACK_EXPONENTIAL
5.0,193,EMP,0.5412571488105636,0.0024806822724120427,0.5714285714285714,PASS
5.0,193,EVENT-EMP,0.5412571488105636,0.0024806822724120427,0.5714285714285714,PASS
5.0,193,GEV,0.5800650011696519,0.0024806822724120427,0.5714285714285714,PASS_LMOM_FINITE_MEAN
5.0,193,KDE,0.6291454771608688,0.0024806822724120427,0.5714285714285714,PASS
5.0,193,TAIL,-0.4399383871968391,0.047623292602876455,0.5714285714285714,FALLBACK_EXPONENTIAL
5.0,194,EMP,0.3761669784445617,0.0024806822724120427,0.5714285714285714,PASS
5.0,194,EVENT-EMP,0.3761669784445617,0.0024806822724120427,0.5714285714285714,PASS
5.0,194,GEV,0.3246377409997186,0.0024806822724120427,0.5714285714285714,PASS_LMOM_FINITE_MEAN
5.0,194,KDE,0.4489324006262118,0.0024806822724120427,0.5714285714285714,PASS
5.0,194,TAIL,-0.4321625784727106,0.04464898712130827,0.5714285714285714,FALLBACK_EXPONENTIAL
5.0,195,EMP,-0.0455779299469867,0.0024806822724120427,0.5714285714285714,PASS
5.0,195,EVENT-EMP,-0.0455779299469867,0.0024806822724120427,0.5714285714285714,PASS
5.0,195,GEV,0.0737628275857238,0.0024806822724120427,0.5714285714285714,PASS_LMOM_FINITE_MEAN
5.0,195,KDE,0.0183154013536996,0.0024806822724120427,0.5714285714285714,PASS
5.0,195,TAIL,-0.4322991332093976,0.04499754212363534,0.5714285714285714,FALLBACK_EXPONENTIAL
5.0,196,EMP,0.1564146191663674,0.0024806822724120427,0.5714285714285714,PASS
5.0,196,EVENT-EMP,0.1564146191663674,0.0024806822724120427,0.5714285714285714,PASS
5.0,196,GEV,0.3482571069313332,0.0024806822724120427,0.5714285714285714,PASS_LMOM_FINITE_MEAN
5.0,196,KDE,0.2202903422212279,0.0024806822724120427,0.5714285714285714,PASS
5.0,196,TAIL,-0.4437950046370004,0.04914172507978228,0.5714285714285714,FALLBACK_EXPONENTIAL
5.0,197,EMP,-0.1634082199949373,0.0033920905231462567,0.7142857142857143,PASS
5.0,197,EVENT-EMP,-0.1634082199949373,0.0033920905231462567,0.7142857142857143,PASS
5.0,197,GEV,-0.1475460408318673,0.001487862415983743,0.8571428571428571,PASS_LMOM_FINITE_MEAN
5.0,197,KDE,-0.122331559009011,0.0022755464624780288,0.5714285714285714,PASS
5.0,197,TAIL,-0.4462516290954099,0.050329136106316945,0.5714285714285714,FALLBACK_EXPONENTIAL
5.0,198,EMP,-0.1783475964330694,0.0024850212784750286,0.7142857142857143,PASS
5.0,198,EVENT-EMP,-0.1783475964330694,0.003628511931585314,0.7142857142857143,PASS
5.0,198,GEV,-0.1971385400954379,0.0026020028696341286,0.7142857142857143,PASS_LMOM_FINITE_MEAN
5.0,198,KDE,-0.1392186288205536,0.0016084278312651714,0.8571428571428571,PASS
5.0,198,TAIL,-0.4335330711620578,0.045348076596988016,0.5714285714285714,FALLBACK_EXPONENTIAL
5.0,199,EMP,-0.0638722495620993,0.0024806822724120427,0.5714285714285714,PASS
5.0,199,EVENT-EMP,-0.0638722495620993,0.0024806822724120427,0.5714285714285714,PASS
5.0,199,GEV,0.1094973980100351,0.0024806822724120427,0.5714285714285714,PASS_LMOM_FINITE_MEAN
5.0,199,KDE,0.0064171643504788,0.0024806822724120427,0.5714285714285714,PASS
5.0,199,TAIL,-0.4527226623861187,0.053301075951807456,0.5714285714285714,FALLBACK_EXPONENTIAL
30.0,0,EMP,-0.1901785039998595,0.01974050674291054,0.5714285714285714,PASS
30.0,0,EVENT-EMP,-0.1901785039998595,0.01974050674291054,0.5714285714285714,PASS
30.0,0,GEV,-0.2027980777237495,0.002626529351995643,0.7142857142857143,PASS_LMOM_FINITE_MEAN
30.0,0,KDE,-0.1573578885654254,0.0015577871072096998,0.7142857142857143,PASS
30.0,0,TAIL,-0.2233783257361749,0.0023528381864635003,0.7142857142857143,PASS
30.0,1,EMP,-0.3859311071767182,0.018716438818465315,0.5714285714285714,PASS
30.0,1,EVENT-EMP,-0.3859311071767182,0.019378140988070086,0.5714285714285714,PASS
30.0,1,GEV,-0.3459991211527422,0.018851640827012444,0.5714285714285714,PASS_LMOM_FINITE_MEAN
30.0,1,KDE,-0.3444428377751437,0.018642990218728957,0.5714285714285714,PASS
30.0,1,TAIL,-0.3467876651685068,0.01987382408533157,0.5714285714285714,PASS
30.0,2,EMP,-0.2534174548335366,0.0009920288780258571,0.7142857142857143,PASS
30.0,2,EVENT-EMP,-0.2534174548335366,0.001288583646190043,0.7142857142857143,PASS
30.0,2,GEV,-0.1439825095173301,0.0009580001766421714,0.7142857142857143,PASS_LMOM_FINITE_MEAN
30.0,2,KDE,-0.1915059495632778,0.0015604742687655002,0.7142857142857143,PASS
30.0,2,TAIL,-0.0655324091384675,0.0007794387207799954,0.7142857142857143,PASS
30.0,3,EMP,-0.1417306444975026,0.004631509259857286,0.7142857142857143,PASS
30.0,3,EVENT-EMP,-0.1417306444975026,0.0019585267383180715,0.7142857142857143,PASS
30.0,3,GEV,0.0861463126040583,0.002975470749293743,0.7142857142857143,PASS_LMOM_FINITE_MEAN
30.0,3,KDE,-0.0929730018701045,0.005875235886214999,0.42857142857142855,PASS
30.0,3,TAIL,-0.1434192601625803,0.0009172728647487,0.7142857142857143,PASS
30.0,4,EMP,-0.0389863363133517,0.0008006283215245803,0.7142857142857143,PASS
30.0,4,EVENT-EMP,-0.0389863363133517,0.0017648198820755714,0.7142857142857143,PASS
30.0,4,GEV,-0.0782235967622285,0.0007769986980794723,0.7142857142857143,PASS_LMOM_FINITE_MEAN
30.0,4,KDE,0.0037765414355242,0.0011044157019254573,0.7142857142857143,PASS
30.0,4,TAIL,0.0293873329951054,0.0021245156005313,0.7142857142857143,PASS
30.0,5,EMP,-0.1803838903350141,0.02332637844751081,0.5714285714285714,PASS
30.0,5,EVENT-EMP,-0.1803838903350141,0.0226537682495913,0.5714285714285714,PASS
30.0,5,GEV,-0.1095805564815515,0.02522903289472393,0.5714285714285714,PASS_LMOM_FINITE_MEAN
30.0,5,KDE,-0.1453840683324709,0.0042897981628396715,0.7142857142857143,PASS
30.0,5,TAIL,-0.2190501237138765,0.018930071941840387,0.5714285714285714,PASS
30.0,6,EMP,-0.0197955754508621,0.002442753467772414,0.5714285714285714,PASS
30.0,6,EVENT-EMP,-0.0197955754508621,0.002442753467772414,0.5714285714285714,PASS
30.0,6,GEV,0.1660438326555919,0.002442753467772414,0.5714285714285714,PASS_LMOM_FINITE_MEAN
30.0,6,KDE,0.0446808967160348,0.002442753467772414,0.5714285714285714,PASS
30.0,6,TAIL,0.005733405919059,0.00034521186750797686,0.8571428571428571,PASS
30.0,7,EMP,-0.2614019903150619,0.0012096905676395142,0.7142857142857143,PASS
30.0,7,EVENT-EMP,-0.2614019903150619,0.0027056772709057003,0.7142857142857143,PASS
30.0,7,GEV,-0.1677901977031209,0.001472224453454943,0.7142857142857143,PASS_LMOM_FINITE_MEAN
30.0,7,KDE,-0.1854988633097881,0.0035895216005007425,0.5714285714285714,PASS
30.0,7,TAIL,0.0779808954781392,0.002442753467772414,0.5714285714285714,PASS
30.0,8,EMP,-0.3277228380710701,0.001035940812380657,0.7142857142857143,PASS
30.0,8,EVENT-EMP,-0.3277228380710701,0.000784270135459131,0.7142857142857143,PASS
30.0,8,GEV,-0.3258521889043302,0.0013078431514698288,0.7142857142857143,PASS_LMOM_FINITE_MEAN
30.0,8,KDE,-0.2930812061385416,0.0013570229169996143,0.7142857142857143,PASS
30.0,8,TAIL,-0.1546074881934966,0.0012942931287337142,0.7142857142857143,PASS
30.0,9,EMP,-0.2225572144962748,0.005875235886214999,0.42857142857142855,PASS
30.0,9,EVENT-EMP,-0.2225572144962748,0.0028467051943560995,0.7142857142857143,PASS
30.0,9,GEV,-0.0614007512961868,0.005875235886214999,0.42857142857142855,PASS_LMOM_FINITE_MEAN
30.0,9,KDE,-0.1633065773274076,0.005875235886214999,0.42857142857142855,PASS
30.0,9,TAIL,-0.0534233532519729,0.0031456159605312,0.7142857142857143,PASS
30.0,10,EMP,-0.1520695330380985,0.0008019737835265785,0.7142857142857143,PASS
30.0,10,EVENT-EMP,-0.1520695330380985,0.0007896683028547261,0.7142857142857143,PASS
30.0,10,GEV,0.0104230959424674,0.000137886379196605,0.8571428571428571,PASS_LMOM_FINITE_MEAN
30.0,10,KDE,-0.1026318292854315,0.002442753467772414,0.5714285714285714,PASS
30.0,10,TAIL,-0.1158541070063335,0.0013982677941432999,0.7142857142857143,PASS
30.0,11,EMP,-0.0535737805629185,0.002257351167465486,0.5714285714285714,PASS
30.0,11,EVENT-EMP,-0.0535737805629185,0.0021245156005313,0.7142857142857143,PASS
30.0,11,GEV,0.087804135834841,0.002442753467772414,0.5714285714285714,PASS_LMOM_FINITE_MEAN
30.0,11,KDE,0.0030537042756171,0.002442753467772414,0.5714285714285714,PASS
30.0,11,TAIL,0.1217293795376226,0.002442753467772414,0.5714285714285714,PASS
30.0,12,EMP,0.004555159332964,0.002442753467772414,0.5714285714285714,PASS
30.0,12,EVENT-EMP,0.004555159332964,0.002442753467772414,0.5714285714285714,PASS
30.0,12,GEV,0.2540482778317771,0.002442753467772414,0.5714285714285714,PASS_LMOM_FINITE_MEAN
30.0,12,KDE,0.0715375929685573,0.002442753467772414,0.5714285714285714,PASS
30.0,12,TAIL,0.2203292372240667,0.002442753467772414,0.5714285714285714,PASS
30.0,13,EMP,-0.2400079176591991,0.002532179899356128,0.5714285714285714,PASS
30.0,13,EVENT-EMP,-0.2400079176591991,0.0024883713422040143,0.7142857142857143,PASS
30.0,13,GEV,-0.1395234713087825,0.002257351167465486,0.5714285714285714,PASS_LMOM_FINITE_MEAN
30.0,13,KDE,-0.1643588572308284,0.002442753467772414,0.5714285714285714,PASS
30.0,13,TAIL,-0.0376738723510295,0.00021863398266944284,0.8571428571428571,PASS
30.0,14,EMP,-0.1824934203533182,0.0049933231554755856,0.7142857142857143,PASS
30.0,14,EVENT-EMP,-0.1824934203533182,0.0010287804513332715,0.7142857142857143,PASS
30.0,14,GEV,-0.0863310465547149,0.002125949091275043,0.7142857142857143,PASS_LMOM_FINITE_MEAN
30.0,14,KDE,-0.1393453384339726,0.005875235886214999,0.42857142857142855,PASS
30.0,14,TAIL,-0.0942310008230618,0.0011048357730874428,0.7142857142857143,PASS
30.0,15,EMP,-0.0668144538446232,0.0007755583068560875,0.7142857142857143,PASS
30.0,15,EVENT-EMP,-0.0668144538446232,0.0021245156005313,0.7142857142857143,PASS
30.0,15,GEV,0.0838272613570034,0.0001331953354315407,0.8571428571428571,PASS_LMOM_FINITE_MEAN
30.0,15,KDE,-0.0108528705933153,0.002442753467772414,0.5714285714285714,PASS
30.0,15,TAIL,-0.0110731257956526,0.00015610777990871834,0.8571428571428571,PASS
30.0,16,EMP,0.0136201241446928,0.004125711338324786,0.7142857142857143,PASS
30.0,16,EVENT-EMP,0.0136201241446928,0.003474887506449414,0.7142857142857143,PASS
30.0,16,GEV,0.1934975873041806,0.005875235886214999,0.42857142857142855,PASS_LMOM_FINITE_MEAN
30.0,16,KDE,0.0770675368182257,0.005875235886214999,0.42857142857142855,PASS
30.0,16,TAIL,0.001720363451475,0.002305052320374743,0.7142857142857143,PASS
30.0,17,EMP,-0.1000081847837447,0.002257351167465486,0.5714285714285714,PASS
30.0,17,EVENT-EMP,-0.1000081847837447,0.0014354197446519428,0.7142857142857143,PASS
30.0,17,GEV,-0.0706905292153757,0.002257351167465486,0.5714285714285714,PASS_LMOM_FINITE_MEAN
30.0,17,KDE,-0.0523823800159162,0.002442753467772414,0.5714285714285714,PASS
30.0,17,TAIL,-0.0177760200181456,0.002257351167465486,0.5714285714285714,PASS
30.0,18,EMP,-0.2061520458084342,0.002257351167465486,0.5714285714285714,PASS
30.0,18,EVENT-EMP,-0.2061520458084342,0.0008521241438501284,0.7142857142857143,PASS
30.0,18,GEV,-0.0143083953654079,0.002257351167465486,0.5714285714285714,PASS_LMOM_FINITE_MEAN
30.0,18,KDE,-0.1326407681062211,0.002442753467772414,0.5714285714285714,PASS
30.0,18,TAIL,-0.0374156759656683,0.0008511604299449428,0.7142857142857143,PASS
30.0,19,EMP,-0.1796133538291599,0.0008824771627953427,0.7142857142857143,PASS
30.0,19,EVENT-EMP,-0.1796133538291599,0.0008087516849333183,0.7142857142857143,PASS
30.0,19,GEV,-0.0292085128238344,0.0001763417255381857,0.8571428571428571,PASS_LMOM_FINITE_MEAN
30.0,19,KDE,-0.1107437394850768,0.002442753467772414,0.5714285714285714,PASS
30.0,19,TAIL,-0.0401625999193916,0.0008238884930644573,0.7142857142857143,PASS
30.0,20,EMP,-0.0616248658905956,0.002121535194979943,0.7142857142857143,PASS
30.0,20,EVENT-EMP,-0.0616248658905956,0.002233094795867029,0.7142857142857143,PASS
30.0,20,GEV,-0.0506815465818028,0.0007755659163492142,0.7142857142857143,PASS_LMOM_FINITE_MEAN
30.0,20,KDE,-0.0176634725195073,0.002442753467772414,0.5714285714285714,PASS
30.0,20,TAIL,-0.0069811428528141,0.00013737937955254667,0.8571428571428571,PASS
30.0,21,EMP,-0.217214248044064,0.0015631341593150144,0.7142857142857143,PASS
30.0,21,EVENT-EMP,-0.217214248044064,0.0020417813671565286,0.8571428571428571,PASS
30.0,21,GEV,-0.0141291335502132,0.00013320387852028406,0.8571428571428571,PASS_LMOM_FINITE_MEAN
30.0,21,KDE,-0.1489294334343268,0.002442753467772414,0.5714285714285714,PASS
30.0,21,TAIL,-0.053873289089339,0.0007951649876750538,0.7142857142857143,PASS
30.0,22,EMP,-0.1118299681470848,0.003849251220318771,0.7142857142857143,PASS
30.0,22,EVENT-EMP,-0.1118299681470848,0.001258866704977743,0.7142857142857143,PASS
30.0,22,GEV,0.0073052386206326,0.0023182484473626428,0.7142857142857143,PASS_LMOM_FINITE_MEAN
30.0,22,KDE,-0.0672737498032682,0.005875235886214999,0.42857142857142855,PASS
30.0,22,TAIL,-0.0492181768138893,0.0008312955991393,0.7142857142857143,PASS
30.0,23,EMP,0.1668819913646754,0.002442753467772414,0.5714285714285714,PASS
30.0,23,EVENT-EMP,0.1668819913646754,0.002442753467772414,0.5714285714285714,PASS
30.0,23,GEV,0.37206161389301,0.002442753467772414,0.5714285714285714,PASS_LMOM_FINITE_MEAN
30.0,23,KDE,0.2331506376955592,0.002442753467772414,0.5714285714285714,PASS
30.0,23,TAIL,0.1130189008909845,0.002442753467772414,0.5714285714285714,PASS
30.0,24,EMP,0.4958043408214483,0.002442753467772414,0.5714285714285714,PASS
30.0,24,EVENT-EMP,0.4958043408214483,0.002442753467772414,0.5714285714285714,PASS
30.0,24,GEV,0.5225591827915134,0.002442753467772414,0.5714285714285714,PASS_LMOM_FINITE_MEAN
30.0,24,KDE,0.5827652837273152,0.002442753467772414,0.5714285714285714,PASS
30.0,24,TAIL,0.1905804839225141,0.002442753467772414,0.5714285714285714,PASS
30.0,25,EMP,-0.2606071493203547,0.0008030436848699773,0.7142857142857143,PASS
30.0,25,EVENT-EMP,-0.2606071493203547,0.0008030436848699773,0.7142857142857143,PASS
30.0,25,GEV,-0.2369618950341853,0.0013357828567108856,0.7142857142857143,PASS_LMOM_FINITE_MEAN
30.0,25,KDE,-0.2269057926854101,0.0016111486885311429,0.7142857142857143,PASS
30.0,25,TAIL,-0.1111464801583188,0.0008786523953107572,0.7142857142857143,PASS
30.0,26,EMP,0.2609100652733144,0.002442753467772414,0.5714285714285714,PASS
30.0,26,EVENT-EMP,0.2609100652733144,0.002442753467772414,0.5714285714285714,PASS
30.0,26,GEV,0.4124051352534617,0.002442753467772414,0.5714285714285714,PASS_LMOM_FINITE_MEAN
30.0,26,KDE,0.3328478892862107,0.002442753467772414,0.5714285714285714,PASS
30.0,26,TAIL,0.0876273084624615,0.0021245156005313,0.7142857142857143,PASS
30.0,27,EMP,-0.0889798379613376,0.0008750000055611428,0.7142857142857143,PASS
30.0,27,EVENT-EMP,-0.0889798379613376,0.0008185504474525,0.7142857142857143,PASS
30.0,27,GEV,-0.0765068994084449,0.0010607057653290572,0.7142857142857143,PASS_LMOM_FINITE_MEAN
30.0,27,KDE,-0.0496720595186056,0.0008105782124565511,0.7142857142857143,PASS
30.0,27,TAIL,-0.0590209891095335,0.0007759171529590328,0.7142857142857143,PASS
30.0,28,EMP,-0.1445635566408611,0.005756483251151071,0.7142857142857143,PASS
30.0,28,EVENT-EMP,-0.1445635566408611,0.0012829073924532,0.7142857142857143,PASS
30.0,28,GEV,-0.1469206575168003,0.0014479498442443856,0.8571428571428571,PASS_LMOM_FINITE_MEAN
30.0,28,KDE,-0.1058250643393728,0.002257351167465486,0.5714285714285714,PASS
30.0,28,TAIL,-0.0594849533611269,0.002257351167465486,0.5714285714285714,PASS
30.0,29,EMP,-0.2827504562253464,0.0012991075827595143,0.7142857142857143,PASS
30.0,29,EVENT-EMP,-0.2827504562253464,0.0010430399165426857,0.7142857142857143,PASS
30.0,29,GEV,-0.1217664938289466,0.0015606565341205285,0.7142857142857143,PASS_LMOM_FINITE_MEAN
30.0,29,KDE,-0.218117706580936,0.0010831579154506857,0.7142857142857143,PASS
30.0,29,TAIL,-0.1635215530607189,0.0016102776193376714,0.7142857142857143,PASS
30.0,30,EMP,-0.05599755318721,0.0017384100023117143,0.7142857142857143,PASS
30.0,30,EVENT-EMP,-0.05599755318721,0.00046540557262192856,0.8571428571428571,PASS
30.0,30,GEV,0.0209602910164302,0.0007634321390321429,0.8571428571428571,PASS_LMOM_FINITE_MEAN
30.0,30,KDE,-0.0101394621896592,0.002442753467772414,0.5714285714285714,PASS
30.0,30,TAIL,0.0783212533827538,0.002442753467772414,0.5714285714285714,PASS
30.0,31,EMP,-0.1176319422787547,0.0011486312526455573,0.7142857142857143,PASS
30.0,31,EVENT-EMP,-0.1176319422787547,0.0011486312526455573,0.7142857142857143,PASS
30.0,31,GEV,0.0088299298143527,0.0011689043941933857,0.7142857142857143,PASS_LMOM_FINITE_MEAN
30.0,31,KDE,-0.0702827505811857,0.0035895216005007425,0.5714285714285714,PASS
30.0,31,TAIL,-0.0101196138484254,0.0011447524007833286,0.7142857142857143,PASS
30.0,32,EMP,0.1024243871322822,0.005875235886214999,0.42857142857142855,PASS
30.0,32,EVENT-EMP,0.1024243871322822,0.005875235886214999,0.42857142857142855,PASS
30.0,32,GEV,0.2558780753315732,0.005875235886214999,0.42857142857142855,PASS_LMOM_FINITE_MEAN
30.0,32,KDE,0.1631950132558478,0.005875235886214999,0.42857142857142855,PASS
30.0,32,TAIL,-0.0252976306642297,0.0020754079555370428,0.7142857142857143,PASS
30.0,33,EMP,-0.0121645561183615,0.002442753467772414,0.5714285714285714,PASS
30.0,33,EVENT-EMP,-0.0121645561183615,0.002442753467772414,0.5714285714285714,PASS
30.0,33,GEV,0.2205774291549754,0.002442753467772414,0.5714285714285714,PASS_LMOM_FINITE_MEAN
30.0,33,KDE,0.0659721601012898,0.002442753467772414,0.5714285714285714,PASS
30.0,33,TAIL,0.3095551425724979,0.002442753467772414,0.5714285714285714,PASS
30.0,34,EMP,-0.2172139243446204,0.0020598564528037716,0.7142857142857143,PASS
30.0,34,EVENT-EMP,-0.2172139243446204,0.0018744541524968429,0.7142857142857143,PASS
30.0,34,GEV,-0.1634019940041725,0.0028791143189453713,0.7142857142857143,PASS_LMOM_FINITE_MEAN
30.0,34,KDE,-0.1779326281375211,0.005875235886214999,0.42857142857142855,PASS
30.0,34,TAIL,-0.1010714830245135,0.0025786962173096283,0.8571428571428571,PASS
30.0,35,EMP,-0.2224350724412264,0.001126064012687786,0.7142857142857143,PASS
30.0,35,EVENT-EMP,-0.2224350724412264,0.001556492837489686,0.7142857142857143,PASS
30.0,35,GEV,-0.2014291278061446,0.0011415987664289283,0.7142857142857143,PASS_LMOM_FINITE_MEAN
30.0,35,KDE,-0.1902902086195984,0.0008181332787542357,0.7142857142857143,PASS
30.0,35,TAIL,-0.0565073198987376,0.0014152035842251859,0.8571428571428571,PASS
30.0,36,EMP,-0.1630344297126287,0.0007156276442580142,0.8571428571428571,PASS
30.0,36,EVENT-EMP,-0.1630344297126287,0.0008162864569583709,0.7142857142857143,PASS
30.0,36,GEV,-0.0045406174484516,0.00013580946609678695,0.8571428571428571,PASS_LMOM_FINITE_MEAN
30.0,36,KDE,-0.1147022047001277,0.002442753467772414,0.5714285714285714,PASS
30.0,36,TAIL,-0.0311101091678431,0.0008405993370454714,0.7142857142857143,PASS
30.0,37,EMP,0.0253822639958401,0.002442753467772414,0.5714285714285714,PASS
30.0,37,EVENT-EMP,0.0253822639958401,0.002442753467772414,0.5714285714285714,PASS
30.0,37,GEV,0.4229318783940388,0.002442753467772414,0.5714285714285714,PASS_LMOM_FINITE_MEAN
30.0,37,KDE,0.1300837499477337,0.002442753467772414,0.5714285714285714,PASS
30.0,37,TAIL,0.0929670925875124,0.002442753467772414,0.5714285714285714,PASS
30.0,38,EMP,-0.2171448957931145,0.013489526060299458,0.42857142857142855,PASS
30.0,38,EVENT-EMP,-0.2171448957931145,0.004100360034073043,0.7142857142857143,PASS
30.0,38,GEV,-0.1786610866780446,0.0026991460222656853,0.5714285714285714,PASS_LMOM_FINITE_MEAN
30.0,38,KDE,-0.1698225209741536,0.003786871927273071,0.5714285714285714,PASS
30.0,38,TAIL,-0.0481808694429168,0.0008471557962646713,0.7142857142857143,PASS
30.0,39,EMP,-0.2433323668219967,0.0009992852668556857,0.7142857142857143,PASS
30.0,39,EVENT-EMP,-0.2433323668219967,0.0008879874989742142,0.8571428571428571,PASS
30.0,39,GEV,-0.1295131207957522,0.0013036236126696143,0.8571428571428571,PASS_LMOM_FINITE_MEAN
30.0,39,KDE,-0.1864419353775376,0.002257351167465486,0.5714285714285714,PASS
30.0,39,TAIL,-0.0943936475228446,0.0007339402724621571,0.8571428571428571,PASS
30.0,40,EMP,-0.2884920496628361,0.0024956797884268145,0.7142857142857143,PASS
30.0,40,EVENT-EMP,-0.2884920496628361,0.0023823346472001575,0.7142857142857143,PASS
30.0,40,GEV,-0.1809742402570073,0.000809334385890471,0.7142857142857143,PASS_LMOM_FINITE_MEAN
30.0,40,KDE,-0.2205411758288404,0.0012391087869004,0.7142857142857143,PASS
30.0,40,TAIL,-0.0520085195976344,0.0010399274065752571,0.8571428571428571,PASS
30.0,41,EMP,-0.0039144198517158,0.002442753467772414,0.5714285714285714,PASS
30.0,41,EVENT-EMP,-0.0039144198517158,0.002442753467772414,0.5714285714285714,PASS
30.0,41,GEV,0.3015229420013771,0.002442753467772414,0.5714285714285714,PASS_LMOM_FINITE_MEAN
30.0,41,KDE,0.0548367498929526,0.002442753467772414,0.5714285714285714,PASS
30.0,41,TAIL,0.0027524274652124,0.0006435125062849999,0.7142857142857143,PASS
30.0,42,EMP,-0.2761339705157344,0.03432902740971834,0.5714285714285714,PASS
30.0,42,EVENT-EMP,-0.2761339705157344,0.03370264701782284,0.5714285714285714,PASS
30.0,42,GEV,-0.1170759185310782,0.02860017006617341,0.5714285714285714,PASS_LMOM_FINITE_MEAN
30.0,42,KDE,-0.2343251683902083,0.0064756916928505,0.7142857142857143,PASS
30.0,42,TAIL,-0.2577453400317961,0.022584456763114328,0.5714285714285714,PASS
30.0,43,EMP,-0.2237325526068063,0.0009695546295650999,0.7142857142857143,PASS
30.0,43,EVENT-EMP,-0.2237325526068063,0.0008212823192934143,0.7142857142857143,PASS
30.0,43,GEV,-0.1559086758846924,0.0010248831681280571,0.7142857142857143,PASS_LMOM_FINITE_MEAN
30.0,43,KDE,-0.1848256385198555,0.0009657925118273048,0.7142857142857143,PASS
30.0,43,TAIL,-0.0017985843355202,0.0018237045164610287,0.7142857142857143,PASS
30.0,44,EMP,-0.1768663128969906,0.0009963737505798143,0.7142857142857143,PASS
30.0,44,EVENT-EMP,-0.1768663128969906,0.0009320005905127858,0.7142857142857143,PASS
30.0,44,GEV,-0.0732259296777082,0.0007756239504691368,0.7142857142857143,PASS_LMOM_FINITE_MEAN
30.0,44,KDE,-0.135387443673111,0.0004631120643773429,0.8571428571428571,PASS
30.0,44,TAIL,0.0775657528088597,0.002442753467772414,0.5714285714285714,PASS
30.0,45,EMP,-0.2754651935268496,0.0007907662037211648,0.7142857142857143,PASS
30.0,45,EVENT-EMP,-0.2754651935268496,0.0008725198383352428,0.7142857142857143,PASS
30.0,45,GEV,-0.2291062725397312,0.0008247009396019715,0.7142857142857143,PASS_LMOM_FINITE_MEAN
30.0,45,KDE,-0.2271693646639352,0.0009863381580063142,0.7142857142857143,PASS
30.0,45,TAIL,-0.2187343610283381,0.0007790276417133587,0.7142857142857143,PASS
30.0,46,EMP,-0.0589000927770565,0.0007006205308615286,0.7142857142857143,PASS
30.0,46,EVENT-EMP,-0.0589000927770565,0.0006094028741160429,0.8571428571428571,PASS
30.0,46,GEV,0.0029212737349706,0.00017297295661095714,0.8571428571428571,PASS_LMOM_FINITE_MEAN
30.0,46,KDE,-0.0143132667353064,0.002442753467772414,0.5714285714285714,PASS
30.0,46,TAIL,-0.0048075129718205,0.0006391431569343856,0.7142857142857143,PASS
30.0,47,EMP,0.0932830211977957,0.002442753467772414,0.5714285714285714,PASS
30.0,47,EVENT-EMP,0.0932830211977957,0.002442753467772414,0.5714285714285714,PASS
30.0,47,GEV,0.1378749070224327,0.002442753467772414,0.5714285714285714,PASS_LMOM_FINITE_MEAN
30.0,47,KDE,0.1544414661400491,0.002442753467772414,0.5714285714285714,PASS
30.0,47,TAIL,0.1577795498935724,0.002442753467772414,0.5714285714285714,PASS
30.0,48,EMP,0.0877185650168618,0.002442753467772414,0.5714285714285714,PASS
30.0,48,EVENT-EMP,0.0877185650168618,0.002442753467772414,0.5714285714285714,PASS
30.0,48,GEV,0.166568977612567,0.002442753467772414,0.5714285714285714,PASS_LMOM_FINITE_MEAN
30.0,48,KDE,0.1443224776388391,0.002442753467772414,0.5714285714285714,PASS
30.0,48,TAIL,0.0489841128071307,0.002442753467772414,0.5714285714285714,PASS
30.0,49,EMP,-0.2618246412637621,0.0008062220342220529,0.7142857142857143,PASS
30.0,49,EVENT-EMP,-0.2618246412637621,0.004255696553574743,0.7142857142857143,PASS
30.0,49,GEV,-0.1916178763491667,0.0014294296464070714,0.7142857142857143,PASS_LMOM_FINITE_MEAN
30.0,49,KDE,-0.2002793474658339,0.0021542340820983716,0.7142857142857143,PASS
30.0,49,TAIL,-0.067605527867697,0.0010563893015355,0.7142857142857143,PASS
30.0,50,EMP,0.2665088010774415,0.002442753467772414,0.5714285714285714,PASS
30.0,50,EVENT-EMP,0.2665088010774415,0.002442753467772414,0.5714285714285714,PASS
30.0,50,GEV,0.3947878036940801,0.002442753467772414,0.5714285714285714,PASS_LMOM_FINITE_MEAN
30.0,50,KDE,0.3406638227008655,0.002442753467772414,0.5714285714285714,PASS
30.0,50,TAIL,0.054372105753156,0.002442753467772414,0.5714285714285714,PASS
30.0,51,EMP,-0.1480295562970781,0.0009205847452709142,0.7142857142857143,PASS
30.0,51,EVENT-EMP,-0.1480295562970781,0.002271922401962057,0.8571428571428571,PASS
30.0,51,GEV,-0.0356932866450641,0.0008935997464472143,0.7142857142857143,PASS_LMOM_FINITE_MEAN
30.0,51,KDE,-0.0982209692101827,0.000359620462587,0.8571428571428571,PASS
30.0,51,TAIL,-0.0792636857870572,0.0009878558265541287,0.7142857142857143,PASS
30.0,52,EMP,-0.1579645021422414,0.0003025263933144,1.0,PASS
30.0,52,EVENT-EMP,-0.1579645021422414,0.000995992245971822,0.7142857142857143,PASS
30.0,52,GEV,0.0654210899150015,0.0008221411819845142,0.7142857142857143,PASS_LMOM_FINITE_MEAN
30.0,52,KDE,-0.0816194221413788,0.002442753467772414,0.5714285714285714,PASS
30.0,52,TAIL,0.0053876990332506,0.0010704154759742857,0.7142857142857143,PASS
30.0,53,EMP,0.0019063511879408,0.002442753467772414,0.5714285714285714,PASS
30.0,53,EVENT-EMP,0.0019063511879408,0.002442753467772414,0.5714285714285714,PASS
30.0,53,GEV,0.2800998925545562,0.002442753467772414,0.5714285714285714,PASS_LMOM_FINITE_MEAN
30.0,53,KDE,0.0781809038637706,0.002442753467772414,0.5714285714285714,PASS
30.0,53,TAIL,0.1759240744206938,0.002442753467772414,0.5714285714285714,PASS
30.0,54,EMP,-0.3567246584533195,0.021205546024749944,0.5714285714285714,PASS
30.0,54,EVENT-EMP,-0.3567246584533195,0.0227021552826546,0.5714285714285714,PASS
30.0,54,GEV,-0.3167988271490403,0.01923316107756897,0.5714285714285714,PASS_LMOM_FINITE_MEAN
30.0,54,KDE,-0.3190447782579715,0.018754307030035,0.5714285714285714,PASS
30.0,54,TAIL,-0.2582547680217724,0.021172697677703172,0.5714285714285714,PASS
30.0,55,EMP,-0.1646176902671269,0.02460732912150723,0.7142857142857143,PASS
30.0,55,EVENT-EMP,-0.1646176902671269,0.0024191306534254997,0.7142857142857143,PASS
30.0,55,GEV,-0.0837070233328056,0.005671325250640601,0.8571428571428571,PASS_LMOM_FINITE_MEAN
30.0,55,KDE,-0.1296844530970063,0.0031168331229778855,0.7142857142857143,PASS
30.0,55,TAIL,-0.1699955459322073,0.002224827720076157,0.7142857142857143,PASS
30.0,56,EMP,-0.2073147304449127,0.002257351167465486,0.5714285714285714,PASS
30.0,56,EVENT-EMP,-0.2073147304449127,0.002257351167465486,0.5714285714285714,PASS
30.0,56,GEV,-0.0546910816041438,0.002257351167465486,0.5714285714285714,PASS_LMOM_FINITE_MEAN
30.0,56,KDE,-0.1256073681306343,0.002442753467772414,0.5714285714285714,PASS
30.0,56,TAIL,0.0118429887932694,0.002257351167465486,0.5714285714285714,PASS
30.0,57,EMP,-0.2899742891285589,0.0013461685318804427,0.7142857142857143,PASS
30.0,57,EVENT-EMP,-0.2899742891285589,0.0013461685318804427,0.7142857142857143,PASS
30.0,57,GEV,-0.1850361570916235,0.0008186653091399,0.7142857142857143,PASS_LMOM_FINITE_MEAN
30.0,57,KDE,-0.2422552579365924,0.0007823099423551526,0.7142857142857143,PASS
30.0,57,TAIL,-0.103076079303596,0.0011932136358485856,0.7142857142857143,PASS
30.0,58,EMP,-0.2814330135951063,0.0015103048843544999,0.7142857142857143,PASS
30.0,58,EVENT-EMP,-0.2814330135951063,0.0009063099262754715,0.7142857142857143,PASS
30.0,58,GEV,-0.1342567837615443,0.0008933168414766142,0.7142857142857143,PASS_LMOM_FINITE_MEAN
30.0,58,KDE,-0.2236597163901986,0.0007899027978677017,0.7142857142857143,PASS
30.0,58,TAIL,-0.1756744110666949,0.001324154220471343,0.7142857142857143,PASS
30.0,59,EMP,-0.0642111328387043,0.002442753467772414,0.5714285714285714,PASS
30.0,59,EVENT-EMP,-0.0642111328387043,0.002442753467772414,0.5714285714285714,PASS
30.0,59,GEV,0.1583541414767236,0.002442753467772414,0.5714285714285714,PASS_LMOM_FINITE_MEAN
30.0,59,KDE,0.0322688242676802,0.002442753467772414,0.5714285714285714,PASS
30.0,59,TAIL,0.3619117988817035,0.002442753467772414,0.5714285714285714,PASS
30.0,60,EMP,-0.2335218670824902,0.0011565308045702,0.7142857142857143,PASS
30.0,60,EVENT-EMP,-0.2335218670824902,0.0012147373146148856,0.7142857142857143,PASS
30.0,60,GEV,-0.194897539413609,0.0015929059566764856,0.7142857142857143,PASS_LMOM_FINITE_MEAN
30.0,60,KDE,-0.2004170203530261,0.0009173295354448428,0.7142857142857143,PASS
30.0,60,TAIL,-0.0841294497069509,0.0015118043867384141,0.7142857142857143,PASS
30.0,61,EMP,-0.0156716909762211,0.0033003519147165286,0.7142857142857143,PASS
30.0,61,EVENT-EMP,-0.0156716909762211,0.0009586389120535572,0.8571428571428571,PASS
30.0,61,GEV,0.0265849368911394,0.0019545401171103143,0.7142857142857143,PASS_LMOM_FINITE_MEAN
30.0,61,KDE,0.0331442653284662,0.005875235886214999,0.42857142857142855,PASS
30.0,61,TAIL,-0.0448355088387325,0.0009142913919759858,0.8571428571428571,PASS
30.0,62,EMP,0.0392533225748612,0.002442753467772414,0.5714285714285714,PASS
30.0,62,EVENT-EMP,0.0392533225748612,0.002442753467772414,0.5714285714285714,PASS
30.0,62,GEV,0.1950799253630221,0.002442753467772414,0.5714285714285714,PASS_LMOM_FINITE_MEAN
30.0,62,KDE,0.123405234939684,0.002442753467772414,0.5714285714285714,PASS
30.0,62,TAIL,0.1113544237156687,0.002442753467772414,0.5714285714285714,PASS
30.0,63,EMP,-0.1519539500866695,0.002257351167465486,0.5714285714285714,PASS
30.0,63,EVENT-EMP,-0.1519539500866695,0.00013494630572257336,0.8571428571428571,PASS
30.0,63,GEV,-0.0790832267729998,0.002257351167465486,0.5714285714285714,PASS_LMOM_FINITE_MEAN
30.0,63,KDE,-0.1083837683391756,0.002441480252927143,0.5714285714285714,PASS
30.0,63,TAIL,-0.0794352318659133,0.0007880021431562569,0.7142857142857143,PASS
30.0,64,EMP,-0.1716664695342268,0.002442753467772414,0.5714285714285714,PASS
30.0,64,EVENT-EMP,-0.1716664695342268,0.002257351167465486,0.5714285714285714,PASS
30.0,64,GEV,-0.078598309475408,0.002442753467772414,0.5714285714285714,PASS_LMOM_FINITE_MEAN
30.0,64,KDE,-0.1185854227999741,0.002442753467772414,0.5714285714285714,PASS
30.0,64,TAIL,-0.0029374900959057,0.002257351167465486,0.5714285714285714,PASS
30.0,65,EMP,-0.1841720715874257,0.0018202945201734144,0.8571428571428571,PASS
30.0,65,EVENT-EMP,-0.1841720715874257,0.0022930536217417286,0.7142857142857143,PASS
30.0,65,GEV,-0.0914755163262615,0.0021179914750961,0.8571428571428571,PASS_LMOM_FINITE_MEAN
30.0,65,KDE,-0.1438160103416303,0.0013256001751146284,0.7142857142857143,PASS
30.0,65,TAIL,-0.1616601381705964,0.0025750831169589284,0.7142857142857143,PASS
30.0,66,EMP,-0.0763615477183692,0.0010137580212182715,0.7142857142857143,PASS
30.0,66,EVENT-EMP,-0.0763615477183692,0.0008809224542840856,0.8571428571428571,PASS
30.0,66,GEV,-0.0434554186914197,0.001180183702369343,0.7142857142857143,PASS_LMOM_FINITE_MEAN
30.0,66,KDE,-0.0319706921230305,0.005875235886214999,0.42857142857142855,PASS
30.0,66,TAIL,-0.0974291984784023,0.0013617628421814857,0.7142857142857143,PASS
30.0,67,EMP,-0.2481772776607313,0.005990802336357172,0.7142857142857143,PASS
30.0,67,EVENT-EMP,-0.2481772776607313,0.005990802336357172,0.7142857142857143,PASS
30.0,67,GEV,-0.1345717074100813,0.0030181974875679,0.8571428571428571,PASS_LMOM_FINITE_MEAN
30.0,67,KDE,-0.2098979741506479,0.001968028386252157,0.7142857142857143,PASS
30.0,67,TAIL,-0.155716654241579,0.0031475252353660144,0.8571428571428571,PASS
30.0,68,EMP,-0.024091107425208,0.0015985784043901427,0.7142857142857143,PASS
30.0,68,EVENT-EMP,-0.024091107425208,0.0009904481610143998,0.8571428571428571,PASS
30.0,68,GEV,0.1976632634883079,0.002442753467772414,0.5714285714285714,PASS_LMOM_FINITE_MEAN
30.0,68,KDE,0.0677808687494603,0.002442753467772414,0.5714285714285714,PASS
30.0,68,TAIL,-0.0510880791187643,0.0010350827713690857,0.8571428571428571,PASS
30.0,69,EMP,-0.0070583277636092,0.002442753467772414,0.5714285714285714,PASS
30.0,69,EVENT-EMP,-0.0070583277636092,0.002442753467772414,0.5714285714285714,PASS
30.0,69,GEV,0.2094409938927206,0.002442753467772414,0.5714285714285714,PASS_LMOM_FINITE_MEAN
30.0,69,KDE,0.056077419332229,0.002442753467772414,0.5714285714285714,PASS
30.0,69,TAIL,0.2060812009884903,0.002442753467772414,0.5714285714285714,PASS
30.0,70,EMP,0.1768142386535444,0.002442753467772414,0.5714285714285714,PASS
30.0,70,EVENT-EMP,0.1768142386535444,0.002442753467772414,0.5714285714285714,PASS
30.0,70,GEV,0.1481201699867882,0.002442753467772414,0.5714285714285714,PASS_LMOM_FINITE_MEAN
30.0,70,KDE,0.2377960861396035,0.002442753467772414,0.5714285714285714,PASS
30.0,70,TAIL,0.0600658696026643,0.0021245156005313,0.7142857142857143,PASS
30.0,71,EMP,-0.0457154132308156,0.0022825005735425,0.7142857142857143,PASS
30.0,71,EVENT-EMP,-0.0457154132308156,0.0007892391674962538,0.7142857142857143,PASS
30.0,71,GEV,0.0390007613106358,0.0019411880874560285,0.7142857142857143,PASS_LMOM_FINITE_MEAN
30.0,71,KDE,0.0025471328218313,0.005875235886214999,0.42857142857142855,PASS
30.0,71,TAIL,0.0209923183808348,0.000809155895604653,0.7142857142857143,PASS
30.0,72,EMP,-0.1012836958678667,0.0009825384455783856,0.7142857142857143,PASS
30.0,72,EVENT-EMP,-0.1012836958678667,0.0008153664002462012,0.7142857142857143,PASS
30.0,72,GEV,-0.1272806801203926,0.0007788021908909447,0.7142857142857143,PASS_LMOM_FINITE_MEAN
30.0,72,KDE,-0.0627745971185645,0.0010487591062964144,0.7142857142857143,PASS
30.0,72,TAIL,-0.1568071063451944,0.0010001121715840571,0.7142857142857143,PASS
30.0,73,EMP,-0.2343956122383313,0.005795204476605428,0.7142857142857143,PASS
30.0,73,EVENT-EMP,-0.2343956122383313,0.0019818103771353144,0.7142857142857143,PASS
30.0,73,GEV,-0.1098780903754472,0.0016777299473253143,0.7142857142857143,PASS_LMOM_FINITE_MEAN
30.0,73,KDE,-0.1806264634676713,0.005875235886214999,0.42857142857142855,PASS
30.0,73,TAIL,-0.1195498466157192,0.0015713269676197858,0.7142857142857143,PASS
30.0,74,EMP,-0.1998162013684412,0.000690750960514657,0.7142857142857143,PASS
30.0,74,EVENT-EMP,-0.1998162013684412,0.00020809582992672857,0.8571428571428571,PASS
30.0,74,GEV,-0.0204500093659708,0.0008184380851437142,0.7142857142857143,PASS_LMOM_FINITE_MEAN
30.0,74,KDE,-0.1322937676271448,0.0021245156005313,0.7142857142857143,PASS
30.0,74,TAIL,0.0165875482962023,0.0021245156005313,0.7142857142857143,PASS
30.0,75,EMP,0.0084911592508238,0.002442753467772414,0.5714285714285714,PASS
30.0,75,EVENT-EMP,0.0084911592508238,0.002442753467772414,0.5714285714285714,PASS
30.0,75,GEV,0.3764925418159057,0.002442753467772414,0.5714285714285714,PASS_LMOM_FINITE_MEAN
30.0,75,KDE,0.1117315650553905,0.002442753467772414,0.5714285714285714,PASS
30.0,75,TAIL,0.9340323809678598,0.002442753467772414,0.5714285714285714,PASS
30.0,76,EMP,-0.0562870210601851,0.0008785285532162143,0.7142857142857143,PASS
30.0,76,EVENT-EMP,-0.0562870210601851,0.0011901243519463428,0.8571428571428571,PASS
30.0,76,GEV,-0.0806922371485458,0.0007884878645923249,0.7142857142857143,PASS_LMOM_FINITE_MEAN
30.0,76,KDE,-0.0111743133294974,0.0035895216005007425,0.5714285714285714,PASS
30.0,76,TAIL,-0.0598683553989727,0.0012288865492924284,0.7142857142857143,PASS
30.0,77,EMP,0.0640420358459298,0.001651563942299943,0.7142857142857143,PASS
30.0,77,EVENT-EMP,0.0640420358459298,0.0008718371324830143,0.7142857142857143,PASS
30.0,77,GEV,0.0543913814919766,0.002301736999055829,0.8571428571428571,PASS_LMOM_FINITE_MEAN
30.0,77,KDE,0.1134909727808329,0.005875235886214999,0.42857142857142855,PASS
30.0,77,TAIL,-0.0889532646664908,0.0009110008037496572,0.7142857142857143,PASS
30.0,78,EMP,-0.2746508263879406,0.0168183118857004,0.5714285714285714,PASS
30.0,78,EVENT-EMP,-0.2746508263879406,0.0168183118857004,0.5714285714285714,PASS
30.0,78,GEV,-0.2794277945088603,0.017589648370273856,0.5714285714285714,PASS_LMOM_FINITE_MEAN
30.0,78,KDE,-0.2439496295311558,0.001240850817658843,0.7142857142857143,PASS
30.0,78,TAIL,-0.2681920983508588,0.018029312316169086,0.5714285714285714,PASS
30.0,79,EMP,-0.2965730676015929,0.0008155031855606668,0.7142857142857143,PASS
30.0,79,EVENT-EMP,-0.2965730676015929,0.0012445751665554716,0.7142857142857143,PASS
30.0,79,GEV,-0.2060853905113901,0.00078783847066091,0.7142857142857143,PASS_LMOM_FINITE_MEAN
30.0,79,KDE,-0.2384220987262095,0.000828436115712,0.7142857142857143,PASS
30.0,79,TAIL,-0.0808202852108211,0.0015800628850084284,0.8571428571428571,PASS
30.0,80,EMP,0.2848639723707751,0.002442753467772414,0.5714285714285714,PASS
30.0,80,EVENT-EMP,0.2848639723707751,0.002442753467772414,0.5714285714285714,PASS
30.0,80,GEV,0.5936946013863154,0.002442753467772414,0.5714285714285714,PASS_LMOM_FINITE_MEAN
30.0,80,KDE,0.3677389587236491,0.002442753467772414,0.5714285714285714,PASS
30.0,80,TAIL,0.0977857976503083,0.002442753467772414,0.5714285714285714,PASS
30.0,81,EMP,-0.0878207133721878,0.001194827659655143,0.7142857142857143,PASS
30.0,81,EVENT-EMP,-0.0878207133721878,0.0006758624563825246,0.8571428571428571,PASS
30.0,81,GEV,0.0297483869540661,0.005875235886214999,0.42857142857142855,PASS_LMOM_FINITE_MEAN
30.0,81,KDE,-0.0361169687148782,0.005875235886214999,0.42857142857142855,PASS
30.0,81,TAIL,0.041862102720175,0.0008225857388788286,0.7142857142857143,PASS
30.0,82,EMP,0.0080400984356787,0.00048186979310242857,1.0,PASS
30.0,82,EVENT-EMP,0.0080400984356787,0.0008080177266935944,0.7142857142857143,PASS
30.0,82,GEV,0.1760661948230419,0.0009491808007130285,0.8571428571428571,PASS_LMOM_FINITE_MEAN
30.0,82,KDE,0.0592104005147722,0.002442753467772414,0.5714285714285714,PASS
30.0,82,TAIL,0.0382605877272598,0.0008077549506235795,0.7142857142857143,PASS
30.0,83,EMP,-0.3097501373116407,0.017082785291724016,0.5714285714285714,PASS
30.0,83,EVENT-EMP,-0.3097501373116407,0.0178539120470625,0.5714285714285714,PASS
30.0,83,GEV,-0.2880928783332135,0.017261438192524427,0.5714285714285714,PASS_LMOM_FINITE_MEAN
30.0,83,KDE,-0.2839828901786067,0.0165543576981495,0.5714285714285714,PASS
30.0,83,TAIL,-0.2869675217253767,0.019748711274083088,0.5714285714285714,PASS
30.0,84,EMP,-0.0841824668135257,0.0010315290437953428,0.8571428571428571,PASS
30.0,84,EVENT-EMP,-0.0841824668135257,0.0008441458822786142,0.7142857142857143,PASS
30.0,84,GEV,0.0996337717428177,0.0009205080847279714,0.7142857142857143,PASS_LMOM_FINITE_MEAN
30.0,84,KDE,-0.0332864023343253,0.002442753467772414,0.5714285714285714,PASS
30.0,84,TAIL,-0.0183546156963986,0.0007878913680599275,0.7142857142857143,PASS
30.0,85,EMP,-0.1411266455871343,0.0011613848101856858,0.7142857142857143,PASS
30.0,85,EVENT-EMP,-0.1411266455871343,0.0011613848101856858,0.7142857142857143,PASS
30.0,85,GEV,-0.0924422876583156,0.002442753467772414,0.5714285714285714,PASS_LMOM_FINITE_MEAN
30.0,85,KDE,-0.0943145093964761,0.002442753467772414,0.5714285714285714,PASS
30.0,85,TAIL,0.0314358789874315,0.002442753467772414,0.5714285714285714,PASS
30.0,86,EMP,-0.0217960920023875,0.002442753467772414,0.5714285714285714,PASS
30.0,86,EVENT-EMP,-0.0217960920023875,0.002442753467772414,0.5714285714285714,PASS
30.0,86,GEV,0.1852749249434904,0.002442753467772414,0.5714285714285714,PASS_LMOM_FINITE_MEAN
30.0,86,KDE,0.0463981089291454,0.002442753467772414,0.5714285714285714,PASS
30.0,86,TAIL,0.2330307811357775,0.002442753467772414,0.5714285714285714,PASS
30.0,87,EMP,-0.1462453247683058,0.002257351167465486,0.5714285714285714,PASS
30.0,87,EVENT-EMP,-0.1462453247683058,0.000740978719041443,0.8571428571428571,PASS
30.0,87,GEV,-0.086872044315025,0.002257351167465486,0.5714285714285714,PASS_LMOM_FINITE_MEAN
30.0,87,KDE,-0.0899060242404257,0.002442753467772414,0.5714285714285714,PASS
30.0,87,TAIL,0.1420942003878315,0.002442753467772414,0.5714285714285714,PASS
30.0,88,EMP,0.0109372155805326,0.002257351167465486,0.5714285714285714,PASS
30.0,88,EVENT-EMP,0.0109372155805326,0.002442753467772414,0.5714285714285714,PASS
30.0,88,GEV,0.1556353050611335,0.002442753467772414,0.5714285714285714,PASS_LMOM_FINITE_MEAN
30.0,88,KDE,0.0634937725168382,0.002442753467772414,0.5714285714285714,PASS
30.0,88,TAIL,-0.0396993870439739,0.0008427973188465429,0.7142857142857143,PASS
30.0,89,EMP,0.1229302447261742,0.002442753467772414,0.5714285714285714,PASS
30.0,89,EVENT-EMP,0.1229302447261742,0.002442753467772414,0.5714285714285714,PASS
30.0,89,GEV,0.2300090984357226,0.002442753467772414,0.5714285714285714,PASS_LMOM_FINITE_MEAN
30.0,89,KDE,0.1847311219546666,0.002442753467772414,0.5714285714285714,PASS
30.0,89,TAIL,0.0580023374387567,0.002442753467772414,0.5714285714285714,PASS
30.0,90,EMP,0.0963096074181792,0.002442753467772414,0.5714285714285714,PASS
30.0,90,EVENT-EMP,0.0963096074181792,0.002442753467772414,0.5714285714285714,PASS
30.0,90,GEV,0.2524851263930612,0.002442753467772414,0.5714285714285714,PASS_LMOM_FINITE_MEAN
30.0,90,KDE,0.1552935920632135,0.002442753467772414,0.5714285714285714,PASS
30.0,90,TAIL,0.0896602368352183,0.002442753467772414,0.5714285714285714,PASS
30.0,91,EMP,-0.1507103398610707,0.005875235886214999,0.42857142857142855,PASS
30.0,91,EVENT-EMP,-0.1507103398610707,0.005875235886214999,0.42857142857142855,PASS
30.0,91,GEV,0.0166009869157486,0.005875235886214999,0.42857142857142855,PASS_LMOM_FINITE_MEAN
30.0,91,KDE,-0.0989393555156932,0.005875235886214999,0.42857142857142855,PASS
30.0,91,TAIL,-0.110513144643421,0.0018517664295887287,0.7142857142857143,PASS
30.0,92,EMP,-0.2250209782691999,0.0009806198849412857,0.7142857142857143,PASS
30.0,92,EVENT-EMP,-0.2250209782691999,0.0008880986731041286,0.7142857142857143,PASS
30.0,92,GEV,-0.2014768495910935,0.0007787325124077891,0.7142857142857143,PASS_LMOM_FINITE_MEAN
30.0,92,KDE,-0.18666277074695,0.0008600200471189857,0.7142857142857143,PASS
30.0,92,TAIL,-0.1541392811420378,0.0011125353761581287,0.7142857142857143,PASS
30.0,93,EMP,0.3419260776441544,0.002442753467772414,0.5714285714285714,PASS
30.0,93,EVENT-EMP,0.3419260776441544,0.002442753467772414,0.5714285714285714,PASS
30.0,93,GEV,0.5099457892468547,0.002442753467772414,0.5714285714285714,PASS_LMOM_FINITE_MEAN
30.0,93,KDE,0.4198917259809971,0.002442753467772414,0.5714285714285714,PASS
30.0,93,TAIL,-0.0176965968424073,0.0006744572794609706,0.8571428571428571,PASS
30.0,94,EMP,-0.0862384359896887,0.001038058541828443,0.7142857142857143,PASS
30.0,94,EVENT-EMP,-0.0862384359896887,0.001038058541828443,0.7142857142857143,PASS
30.0,94,GEV,-0.0883611234483162,0.001020654836962,0.7142857142857143,PASS_LMOM_FINITE_MEAN
30.0,94,KDE,-0.0446768766171958,0.0009853954891649675,0.7142857142857143,PASS
30.0,94,TAIL,-0.1043390023537343,0.0017090416178391428,0.7142857142857143,PASS
30.0,95,EMP,-0.089174900330286,0.0031260102906294288,0.8571428571428571,PASS
30.0,95,EVENT-EMP,-0.089174900330286,0.002643032267095871,0.7142857142857143,PASS
30.0,95,GEV,0.0871470253081985,0.00014513086423465716,1.0,PASS_LMOM_FINITE_MEAN
30.0,95,KDE,-0.0420172091873732,0.002442753467772414,0.5714285714285714,PASS
30.0,95,TAIL,0.0462063514152855,0.002442753467772414,0.5714285714285714,PASS
30.0,96,EMP,0.0094917991189525,0.0006227154902531685,0.7142857142857143,PASS
30.0,96,EVENT-EMP,0.0094917991189525,0.0035895216005007425,0.5714285714285714,PASS
30.0,96,GEV,0.1066645361934058,0.002442753467772414,0.5714285714285714,PASS_LMOM_FINITE_MEAN
30.0,96,KDE,0.0604460838311586,0.002442753467772414,0.5714285714285714,PASS
30.0,96,TAIL,-0.0450141127826088,0.0009630648498167143,0.7142857142857143,PASS
30.0,97,EMP,-0.1596806755542753,0.0014671690499987572,0.7142857142857143,PASS
30.0,97,EVENT-EMP,-0.1596806755542753,0.0005932250100416429,0.8571428571428571,PASS
30.0,97,GEV,-0.0602999568049729,0.0009316825075412285,0.7142857142857143,PASS_LMOM_FINITE_MEAN
30.0,97,KDE,-0.109243613003137,0.002257351167465486,0.5714285714285714,PASS
30.0,97,TAIL,-0.0114799421247275,0.002257351167465486,0.5714285714285714,PASS
30.0,98,EMP,0.0871397193194998,0.005875235886214999,0.42857142857142855,PASS
30.0,98,EVENT-EMP,0.0871397193194998,0.005875235886214999,0.42857142857142855,PASS
30.0,98,GEV,0.3354341023464429,0.005875235886214999,0.42857142857142855,PASS_LMOM_FINITE_MEAN
30.0,98,KDE,0.1499841303649316,0.005875235886214999,0.42857142857142855,PASS
30.0,98,TAIL,-0.0638344973616667,0.0021480135579574145,0.7142857142857143,PASS
30.0,99,EMP,-0.2242117729645404,0.0009883077577916143,0.7142857142857143,PASS
30.0,99,EVENT-EMP,-0.2242117729645404,0.0009883077577916143,0.7142857142857143,PASS
30.0,99,GEV,-0.1368514307534389,0.0008900247592245857,0.7142857142857143,PASS_LMOM_FINITE_MEAN
30.0,99,KDE,-0.1774177399144986,0.0014409336460405573,0.7142857142857143,PASS
30.0,99,TAIL,-0.1384664293646027,0.0008591414530933429,0.7142857142857143,PASS
30.0,100,EMP,-0.311962428135327,0.0217624418292112,0.5714285714285714,PASS
30.0,100,EVENT-EMP,-0.311962428135327,0.016243440377068343,0.5714285714285714,PASS
30.0,100,GEV,-0.2703159351706309,0.019338347419513627,0.5714285714285714,PASS_LMOM_FINITE_MEAN
30.0,100,KDE,-0.2842013884925615,0.018059576994106517,0.5714285714285714,PASS
30.0,100,TAIL,-0.1931312667562561,0.0023332170650554,0.7142857142857143,PASS
30.0,101,EMP,-0.1711110487060397,0.0015989312482083,0.7142857142857143,PASS
30.0,101,EVENT-EMP,-0.1711110487060397,0.0024818000953697426,0.7142857142857143,PASS
30.0,101,GEV,-0.1954625957701685,0.0014807953528468286,0.7142857142857143,PASS_LMOM_FINITE_MEAN
30.0,101,KDE,-0.1374393704177336,0.0020372491050086,0.7142857142857143,PASS
30.0,101,TAIL,0.0524392081127851,0.002442753467772414,0.5714285714285714,PASS
30.0,102,EMP,-0.1751381513934584,0.002442753467772414,0.5714285714285714,PASS
30.0,102,EVENT-EMP,-0.1751381513934584,0.002257351167465486,0.5714285714285714,PASS
30.0,102,GEV,-0.0298024911376884,0.002442753467772414,0.5714285714285714,PASS_LMOM_FINITE_MEAN
30.0,102,KDE,-0.0897625404917244,0.002442753467772414,0.5714285714285714,PASS
30.0,102,TAIL,0.0731921374834458,0.002442753467772414,0.5714285714285714,PASS
30.0,103,EMP,-0.2333824658857219,0.002275939204384057,0.7142857142857143,PASS
30.0,103,EVENT-EMP,-0.2333824658857219,0.0007807543324372746,0.7142857142857143,PASS
30.0,103,GEV,-0.100371555243052,0.0008302879309510428,0.7142857142857143,PASS_LMOM_FINITE_MEAN
30.0,103,KDE,-0.1789106676477714,0.0009848911882972874,0.7142857142857143,PASS
30.0,103,TAIL,-0.0501525453409084,0.0010015092555189001,0.7142857142857143,PASS
30.0,104,EMP,-0.3259941064915859,0.0011741890251321285,0.7142857142857143,PASS
30.0,104,EVENT-EMP,-0.3259941064915859,0.0007851979781871175,0.7142857142857143,PASS
30.0,104,GEV,-0.2557146824390632,0.0009385196999038142,0.7142857142857143,PASS_LMOM_FINITE_MEAN
30.0,104,KDE,-0.2658794334574729,0.0008417557782817286,0.7142857142857143,PASS
30.0,104,TAIL,-0.0830429396223653,0.001114715304345,0.7142857142857143,PASS
30.0,105,EMP,0.3978985246090824,0.002442753467772414,0.5714285714285714,PASS
30.0,105,EVENT-EMP,0.3978985246090824,0.002442753467772414,0.5714285714285714,PASS
30.0,105,GEV,0.3020637166191995,0.002442753467772414,0.5714285714285714,PASS_LMOM_FINITE_MEAN
30.0,105,KDE,0.4746705587982518,0.002442753467772414,0.5714285714285714,PASS
30.0,105,TAIL,0.479903527215552,0.002442753467772414,0.5714285714285714,PASS
30.0,106,EMP,-0.1010392341293741,0.002257351167465486,0.5714285714285714,PASS
30.0,106,EVENT-EMP,-0.1010392341293741,0.002257351167465486,0.5714285714285714,PASS
30.0,106,GEV,-0.0236445515521131,0.002257351167465486,0.5714285714285714,PASS_LMOM_FINITE_MEAN
30.0,106,KDE,-0.0552668580222871,0.002442753467772414,0.5714285714285714,PASS
30.0,106,TAIL,-0.0777363955967627,0.002257351167465486,0.5714285714285714,PASS
30.0,107,EMP,-0.2150168613841901,0.0036169556618203,0.8571428571428571,PASS
30.0,107,EVENT-EMP,-0.2150168613841901,0.0012337663732691286,0.8571428571428571,PASS
30.0,107,GEV,-0.1425835744849181,0.004109999462334772,0.8571428571428571,PASS_LMOM_FINITE_MEAN
30.0,107,KDE,-0.1691815530335724,0.0026233229421400287,0.7142857142857143,PASS
30.0,107,TAIL,-0.1068776413245747,0.0019642782294538997,0.8571428571428571,PASS
30.0,108,EMP,-0.1769812482523945,0.011759649272549829,0.7142857142857143,PASS
30.0,108,EVENT-EMP,-0.1769812482523945,0.0008671408060113857,0.7142857142857143,PASS
30.0,108,GEV,0.002022399392641,0.0031276031114439713,0.7142857142857143,PASS_LMOM_FINITE_MEAN
30.0,108,KDE,-0.1318357731618578,0.005875235886214999,0.42857142857142855,PASS
30.0,108,TAIL,-0.1000631835719404,0.0008234941439467286,0.7142857142857143,PASS
30.0,109,EMP,-0.2080891671069745,0.013872330678229242,0.42857142857142855,PASS
30.0,109,EVENT-EMP,-0.2080891671069745,0.004196465009040429,0.5714285714285714,PASS
30.0,109,GEV,-0.1337053105716934,0.0034552065328891284,0.5714285714285714,PASS_LMOM_FINITE_MEAN
30.0,109,KDE,-0.1418492058014259,0.0051181833575445,0.5714285714285714,PASS
30.0,109,TAIL,0.0898207539182736,0.002442753467772414,0.5714285714285714,PASS
30.0,110,EMP,-0.0740364538037051,0.0018503863198509856,0.7142857142857143,PASS
30.0,110,EVENT-EMP,-0.0740364538037051,0.001152998229506943,0.7142857142857143,PASS
30.0,110,GEV,-0.1175581357508061,0.002257351167465486,0.5714285714285714,PASS_LMOM_FINITE_MEAN
30.0,110,KDE,-0.0293980185938843,0.002442753467772414,0.5714285714285714,PASS
30.0,110,TAIL,0.0011129863656238,0.0006770818142149856,0.7142857142857143,PASS
30.0,111,EMP,0.1704448624268187,0.002442753467772414,0.5714285714285714,PASS
30.0,111,EVENT-EMP,0.1704448624268187,0.002442753467772414,0.5714285714285714,PASS
30.0,111,GEV,0.3383327000530437,0.002442753467772414,0.5714285714285714,PASS_LMOM_FINITE_MEAN
30.0,111,KDE,0.2391397790474713,0.002442753467772414,0.5714285714285714,PASS
30.0,111,TAIL,0.1322440337752697,0.002442753467772414,0.5714285714285714,PASS
30.0,112,EMP,-0.232411677553122,0.0010726204987075857,0.7142857142857143,PASS
30.0,112,EVENT-EMP,-0.232411677553122,0.0009356098649048999,0.7142857142857143,PASS
30.0,112,GEV,-0.0715843037787603,0.0008056274043415861,0.7142857142857143,PASS_LMOM_FINITE_MEAN
30.0,112,KDE,-0.1613959412299685,0.0035895216005007425,0.5714285714285714,PASS
30.0,112,TAIL,-0.0394047091635131,0.0009385699109233286,0.7142857142857143,PASS
30.0,113,EMP,-0.0546716203397487,0.002442753467772414,0.5714285714285714,PASS
30.0,113,EVENT-EMP,-0.0546716203397487,0.002442753467772414,0.5714285714285714,PASS
30.0,113,GEV,0.1254443982911583,0.002442753467772414,0.5714285714285714,PASS_LMOM_FINITE_MEAN
30.0,113,KDE,0.0004783109028212,0.002442753467772414,0.5714285714285714,PASS
30.0,113,TAIL,-0.0381334372430283,0.0008858383314971,0.8571428571428571,PASS
30.0,114,EMP,-0.1285426686323114,0.0035895216005007425,0.5714285714285714,PASS
30.0,114,EVENT-EMP,-0.1285426686323114,0.005875235886214999,0.42857142857142855,PASS
30.0,114,GEV,0.0584951808083713,0.0035895216005007425,0.5714285714285714,PASS_LMOM_FINITE_MEAN
30.0,114,KDE,-0.0719523833352656,0.0035895216005007425,0.5714285714285714,PASS
30.0,114,TAIL,-0.0457564293068769,0.0016961998841718143,0.7142857142857143,PASS
30.0,115,EMP,-0.1417650174246376,0.002442753467772414,0.5714285714285714,PASS
30.0,115,EVENT-EMP,-0.1417650174246376,0.002442753467772414,0.5714285714285714,PASS
30.0,115,GEV,0.1284793987569249,0.002442753467772414,0.5714285714285714,PASS_LMOM_FINITE_MEAN
30.0,115,KDE,-0.0583999004937551,0.002442753467772414,0.5714285714285714,PASS
30.0,115,TAIL,0.0199662104025248,0.0021245156005313,0.7142857142857143,PASS
30.0,116,EMP,-0.0556564635273388,0.002624224987689557,0.7142857142857143,PASS
30.0,116,EVENT-EMP,-0.0556564635273388,0.002221443891943857,0.7142857142857143,PASS
30.0,116,GEV,0.0644431638114595,0.0015372084116678142,0.8571428571428571,PASS_LMOM_FINITE_MEAN
30.0,116,KDE,-0.0100878021172722,0.0035895216005007425,0.5714285714285714,PASS
30.0,116,TAIL,-0.0212051336349597,0.0016331505358768428,0.7142857142857143,PASS
30.0,117,EMP,-0.1760065453022467,0.004314409315683986,0.7142857142857143,PASS
30.0,117,EVENT-EMP,-0.1760065453022467,0.0019557485428182,0.8571428571428571,PASS
30.0,117,GEV,0.039353507228734,0.002955077707221957,0.7142857142857143,PASS_LMOM_FINITE_MEAN
30.0,117,KDE,-0.1108449425374295,0.005875235886214999,0.42857142857142855,PASS
30.0,117,TAIL,-0.0981266491523427,0.0009171121738965571,0.7142857142857143,PASS
30.0,118,EMP,0.017405647714715,0.002442753467772414,0.5714285714285714,PASS
30.0,118,EVENT-EMP,0.017405647714715,0.002442753467772414,0.5714285714285714,PASS
30.0,118,GEV,0.1644663761442469,0.002442753467772414,0.5714285714285714,PASS_LMOM_FINITE_MEAN
30.0,118,KDE,0.0797138409310276,0.002442753467772414,0.5714285714285714,PASS
30.0,118,TAIL,0.3567204116846351,0.002442753467772414,0.5714285714285714,PASS
30.0,119,EMP,0.0059815118198809,0.008435557080102313,0.7142857142857143,PASS
30.0,119,EVENT-EMP,0.0059815118198809,0.0034053426811069287,0.7142857142857143,PASS
30.0,119,GEV,0.0622328088795915,0.008036661006808185,0.7142857142857143,PASS_LMOM_FINITE_MEAN
30.0,119,KDE,0.0547272819619875,0.005875235886214999,0.42857142857142855,PASS
30.0,119,TAIL,-0.1668437524425521,0.0021876662817408143,0.7142857142857143,PASS
30.0,120,EMP,-0.2877694061100885,0.0010354635097145428,0.7142857142857143,PASS
30.0,120,EVENT-EMP,-0.2877694061100885,0.0010354635097145428,0.7142857142857143,PASS
30.0,120,GEV,-0.2422291940804037,0.0008697112410372,0.7142857142857143,PASS_LMOM_FINITE_MEAN
30.0,120,KDE,-0.2504662084750803,0.0011298014603894288,0.7142857142857143,PASS
30.0,120,TAIL,-0.1700361751613073,0.0010608419248574429,0.7142857142857143,PASS
30.0,121,EMP,-0.1202243960295669,0.002442753467772414,0.5714285714285714,PASS
30.0,121,EVENT-EMP,-0.1202243960295669,0.002257351167465486,0.5714285714285714,PASS
30.0,121,GEV,0.0060431406076194,0.002442753467772414,0.5714285714285714,PASS_LMOM_FINITE_MEAN
30.0,121,KDE,-0.0418357785804315,0.002442753467772414,0.5714285714285714,PASS
30.0,121,TAIL,-0.013571576309726,0.002257351167465486,0.5714285714285714,PASS
30.0,122,EMP,-0.1660580247741195,0.004623140724443471,0.7142857142857143,PASS
30.0,122,EVENT-EMP,-0.1660580247741195,0.0023069833113110285,0.7142857142857143,PASS
30.0,122,GEV,-0.0833860987316705,0.0019501735876904858,0.7142857142857143,PASS_LMOM_FINITE_MEAN
30.0,122,KDE,-0.1306260932404384,0.0009350062904753428,0.7142857142857143,PASS
30.0,122,TAIL,-0.0642196797736052,0.0007838996007318908,0.7142857142857143,PASS
30.0,123,EMP,-0.1130038256039338,0.0008286498211885713,0.7142857142857143,PASS
30.0,123,EVENT-EMP,-0.1130038256039338,0.0007983987317689245,0.7142857142857143,PASS
30.0,123,GEV,-0.0780996858606814,0.0012229738765286143,0.7142857142857143,PASS_LMOM_FINITE_MEAN
30.0,123,KDE,-0.0725764397620282,0.0010575980427467572,0.7142857142857143,PASS
30.0,123,TAIL,0.1379518402338032,0.002442753467772414,0.5714285714285714,PASS
30.0,124,EMP,0.0698854221589278,0.002442753467772414,0.5714285714285714,PASS
30.0,124,EVENT-EMP,0.0698854221589278,0.002442753467772414,0.5714285714285714,PASS
30.0,124,GEV,0.1096731318914744,0.002442753467772414,0.5714285714285714,PASS_LMOM_FINITE_MEAN
30.0,124,KDE,0.1247364884393581,0.002442753467772414,0.5714285714285714,PASS
30.0,124,TAIL,0.0285612228976595,0.0008108000574659746,0.7142857142857143,PASS
30.0,125,EMP,-0.1039451196426432,0.002257351167465486,0.5714285714285714,PASS
30.0,125,EVENT-EMP,-0.1039451196426432,0.002257351167465486,0.5714285714285714,PASS
30.0,125,GEV,0.0003166896588586,0.002442753467772414,0.5714285714285714,PASS_LMOM_FINITE_MEAN
30.0,125,KDE,-0.0537181519163574,0.002442753467772414,0.5714285714285714,PASS
30.0,125,TAIL,0.1133863324751802,0.002442753467772414,0.5714285714285714,PASS
30.0,126,EMP,-0.0160327958606506,0.002442753467772414,0.5714285714285714,PASS
30.0,126,EVENT-EMP,-0.0160327958606506,0.002442753467772414,0.5714285714285714,PASS
30.0,126,GEV,0.2251542745772732,0.002442753467772414,0.5714285714285714,PASS_LMOM_FINITE_MEAN
30.0,126,KDE,0.0546071793834302,0.002442753467772414,0.5714285714285714,PASS
30.0,126,TAIL,0.146937267001792,0.002442753467772414,0.5714285714285714,PASS
30.0,127,EMP,0.3913188036037995,0.0035895216005007425,0.5714285714285714,PASS
30.0,127,EVENT-EMP,0.3913188036037995,0.002442753467772414,0.5714285714285714,PASS
30.0,127,GEV,0.4310897405360567,0.005875235886214999,0.42857142857142855,PASS_LMOM_FINITE_MEAN
30.0,127,KDE,0.4700842928324029,0.0035895216005007425,0.5714285714285714,PASS
30.0,127,TAIL,0.0433550393874617,0.0016963008060444714,0.7142857142857143,PASS
30.0,128,EMP,0.1297481445500518,0.002442753467772414,0.5714285714285714,PASS
30.0,128,EVENT-EMP,0.1297481445500518,0.002442753467772414,0.5714285714285714,PASS
30.0,128,GEV,0.2202374145951166,0.002442753467772414,0.5714285714285714,PASS_LMOM_FINITE_MEAN
30.0,128,KDE,0.1897579870459473,0.002442753467772414,0.5714285714285714,PASS
30.0,128,TAIL,0.0749569612656906,0.002442753467772414,0.5714285714285714,PASS
30.0,129,EMP,0.049207870274185,0.002442753467772414,0.5714285714285714,PASS
30.0,129,EVENT-EMP,0.049207870274185,0.002442753467772414,0.5714285714285714,PASS
30.0,129,GEV,0.2155222571907146,0.002442753467772414,0.5714285714285714,PASS_LMOM_FINITE_MEAN
30.0,129,KDE,0.1101851909923602,0.002442753467772414,0.5714285714285714,PASS
30.0,129,TAIL,0.160622316986911,0.002442753467772414,0.5714285714285714,PASS
30.0,130,EMP,0.0520311291702061,0.002442753467772414,0.5714285714285714,PASS
30.0,130,EVENT-EMP,0.0520311291702061,0.002442753467772414,0.5714285714285714,PASS
30.0,130,GEV,0.2207402993402139,0.002442753467772414,0.5714285714285714,PASS_LMOM_FINITE_MEAN
30.0,130,KDE,0.1144393517291825,0.002442753467772414,0.5714285714285714,PASS
30.0,130,TAIL,0.1178657866388732,0.002442753467772414,0.5714285714285714,PASS
30.0,131,EMP,-0.2873937335063941,0.023178587267818084,0.5714285714285714,PASS
30.0,131,EVENT-EMP,-0.2873937335063941,0.01916991346424606,0.5714285714285714,PASS
30.0,131,GEV,-0.3079773326983365,0.02302948985850616,0.5714285714285714,PASS_LMOM_FINITE_MEAN
30.0,131,KDE,-0.2625240190306643,0.02145629216960306,0.7142857142857143,PASS
30.0,131,TAIL,-0.2800024027660557,0.021409785661356973,0.5714285714285714,PASS
30.0,132,EMP,0.3949335416741872,0.002442753467772414,0.5714285714285714,PASS
30.0,132,EVENT-EMP,0.3949335416741872,0.002442753467772414,0.5714285714285714,PASS
30.0,132,GEV,0.358293466369355,0.002442753467772414,0.5714285714285714,PASS_LMOM_FINITE_MEAN
30.0,132,KDE,0.4703549738005294,0.002442753467772414,0.5714285714285714,PASS
30.0,132,TAIL,0.2346610065870013,0.002442753467772414,0.5714285714285714,PASS
30.0,133,EMP,-0.1470149740565337,0.002257351167465486,0.5714285714285714,PASS
30.0,133,EVENT-EMP,-0.1470149740565337,0.002257351167465486,0.5714285714285714,PASS
30.0,133,GEV,-0.042400410511094,0.002257351167465486,0.5714285714285714,PASS_LMOM_FINITE_MEAN
30.0,133,KDE,-0.0917167646973871,0.002442753467772414,0.5714285714285714,PASS
30.0,133,TAIL,0.0999732919337623,0.002442753467772414,0.5714285714285714,PASS
30.0,134,EMP,-0.1026045322692181,0.004872977091837572,0.7142857142857143,PASS
30.0,134,EVENT-EMP,-0.1026045322692181,0.005875235886214999,0.42857142857142855,PASS
30.0,134,GEV,0.0712569989029519,0.002990535558852114,0.7142857142857143,PASS_LMOM_FINITE_MEAN
30.0,134,KDE,-0.0578123104627764,0.005875235886214999,0.42857142857142855,PASS
30.0,134,TAIL,0.0409584590624518,0.0004232130673116286,0.8571428571428571,PASS
30.0,135,EMP,-0.1975523915242636,0.002257351167465486,0.5714285714285714,PASS
30.0,135,EVENT-EMP,-0.1975523915242636,0.005875235886214999,0.42857142857142855,PASS
30.0,135,GEV,-0.1106200636808387,0.002257351167465486,0.5714285714285714,PASS_LMOM_FINITE_MEAN
30.0,135,KDE,-0.1459669350736444,0.0023065285025307284,0.5714285714285714,PASS
30.0,135,TAIL,-0.0562699201646814,0.0018695520492126715,0.7142857142857143,PASS
30.0,136,EMP,-0.0718795766140096,0.001127770754938,0.7142857142857143,PASS
30.0,136,EVENT-EMP,-0.0718795766140096,0.001127770754938,0.7142857142857143,PASS
30.0,136,GEV,-0.0624576918862036,0.0008336010016834285,0.7142857142857143,PASS_LMOM_FINITE_MEAN
30.0,136,KDE,-0.029375213299361,0.0011807720299409571,0.7142857142857143,PASS
30.0,136,TAIL,-0.0094275697440044,0.0010498806882143284,0.7142857142857143,PASS
30.0,137,EMP,-0.2105428429608098,0.008944950592887715,0.7142857142857143,PASS
30.0,137,EVENT-EMP,-0.2105428429608098,0.0019446451181091714,0.7142857142857143,PASS
30.0,137,GEV,-0.1081455764735546,0.005556222205428356,0.7142857142857143,PASS_LMOM_FINITE_MEAN
30.0,137,KDE,-0.1743077676358941,0.0032412908638554997,0.7142857142857143,PASS
30.0,137,TAIL,-0.2053858293893564,0.0016512799387823143,0.7142857142857143,PASS
30.0,138,EMP,-0.1966605648527948,0.0018317562010980429,0.7142857142857143,PASS
30.0,138,EVENT-EMP,-0.1966605648527948,0.0008293975414614428,0.7142857142857143,PASS
30.0,138,GEV,-0.1721857436846303,0.0010116289093060856,0.7142857142857143,PASS_LMOM_FINITE_MEAN
30.0,138,KDE,-0.1641663512802179,0.0007767343180057855,0.7142857142857143,PASS
30.0,138,TAIL,-0.1682334674848694,0.0011139015560326286,0.7142857142857143,PASS
30.0,139,EMP,0.0068194571095292,0.0015726637916338715,0.8571428571428571,PASS
30.0,139,EVENT-EMP,0.0068194571095292,0.0018909016588749858,0.7142857142857143,PASS
30.0,139,GEV,0.0895839188068823,0.0014980243260555143,0.8571428571428571,PASS_LMOM_FINITE_MEAN
30.0,139,KDE,0.05622660099971,0.002442753467772414,0.5714285714285714,PASS
30.0,139,TAIL,-0.0686832463154534,0.0009625845989317857,0.7142857142857143,PASS
30.0,140,EMP,-0.2009134023602682,0.0030304642665122997,0.7142857142857143,PASS
30.0,140,EVENT-EMP,-0.2009134023602682,0.002712226399271186,0.8571428571428571,PASS
30.0,140,GEV,-0.1165841359632832,0.0029395258880480285,0.7142857142857143,PASS_LMOM_FINITE_MEAN
30.0,140,KDE,-0.154852493509213,0.005875235886214999,0.42857142857142855,PASS
30.0,140,TAIL,-0.116770989995132,0.0019955186937602857,0.7142857142857143,PASS
30.0,141,EMP,-0.1440748288945024,0.0023748241020063,0.7142857142857143,PASS
30.0,141,EVENT-EMP,-0.1440748288945024,0.002214607299645143,0.7142857142857143,PASS
30.0,141,GEV,-0.1247445779328926,0.0034976974041835427,0.8571428571428571,PASS_LMOM_FINITE_MEAN
30.0,141,KDE,-0.1063688854184857,0.0019008176076499572,0.7142857142857143,PASS
30.0,141,TAIL,-0.1374512575369457,0.003428554275401443,0.8571428571428571,PASS
30.0,142,EMP,-0.2182197222553273,0.002257351167465486,0.5714285714285714,PASS
30.0,142,EVENT-EMP,-0.2182197222553273,0.002350226232982971,0.5714285714285714,PASS
30.0,142,GEV,-0.0836030116148552,0.002257351167465486,0.5714285714285714,PASS_LMOM_FINITE_MEAN
30.0,142,KDE,-0.1472124644374213,0.002442753467772414,0.5714285714285714,PASS
30.0,142,TAIL,-0.0045940973054884,0.002257351167465486,0.5714285714285714,PASS
30.0,143,EMP,-0.1552301624980188,0.0035289879747587003,0.7142857142857143,PASS
30.0,143,EVENT-EMP,-0.1552301624980188,0.0017803007041352142,0.7142857142857143,PASS
30.0,143,GEV,0.0031105911320751,0.0014268418451691713,0.7142857142857143,PASS_LMOM_FINITE_MEAN
30.0,143,KDE,-0.107322299943599,0.005875235886214999,0.42857142857142855,PASS
30.0,143,TAIL,-0.041943416742183,0.001482467896135786,0.7142857142857143,PASS
30.0,144,EMP,-0.1879948467212633,0.008679545489717357,0.7142857142857143,PASS
30.0,144,EVENT-EMP,-0.1879948467212633,0.0019296349877329572,0.7142857142857143,PASS
30.0,144,GEV,-0.0271164835770326,0.004863091141214528,0.7142857142857143,PASS_LMOM_FINITE_MEAN
30.0,144,KDE,-0.1437654943307639,0.005875235886214999,0.42857142857142855,PASS
30.0,144,TAIL,-0.1059711564671706,0.0020020914306478855,0.8571428571428571,PASS
30.0,145,EMP,0.0423485162588014,0.002442753467772414,0.5714285714285714,PASS
30.0,145,EVENT-EMP,0.0423485162588014,0.002442753467772414,0.5714285714285714,PASS
30.0,145,GEV,0.331207519247802,0.002442753467772414,0.5714285714285714,PASS_LMOM_FINITE_MEAN
30.0,145,KDE,0.11238294619931,0.002442753467772414,0.5714285714285714,PASS
30.0,145,TAIL,-0.0293986461638491,0.0002070843915117857,0.8571428571428571,PASS
30.0,146,EMP,-0.3724626332391896,0.019427809998863916,0.5714285714285714,PASS
30.0,146,EVENT-EMP,-0.3724626332391896,0.019427809998863916,0.5714285714285714,PASS
30.0,146,GEV,-0.3410204311943496,0.019580695633531913,0.5714285714285714,PASS_LMOM_FINITE_MEAN
30.0,146,KDE,-0.3279830100205527,0.018813568100502397,0.5714285714285714,PASS
30.0,146,TAIL,-0.261855674832632,0.023769005792671043,0.7142857142857143,PASS
30.0,147,EMP,-0.1155775197988195,0.00025359714162505716,1.0,PASS
30.0,147,EVENT-EMP,-0.1155775197988195,0.00022163751052595715,0.8571428571428571,PASS
30.0,147,GEV,0.0593418452006523,0.00014904930045321925,0.8571428571428571,PASS_LMOM_FINITE_MEAN
30.0,147,KDE,-0.0668068357620213,0.002442753467772414,0.5714285714285714,PASS
30.0,147,TAIL,-0.0602004637601026,0.0008680080522566286,0.7142857142857143,PASS
30.0,148,EMP,-0.2078559925978688,0.012815712792522457,0.5714285714285714,PASS
30.0,148,EVENT-EMP,-0.2078559925978688,0.0035502008139749286,0.7142857142857143,PASS
30.0,148,GEV,-0.1945426374252074,0.011249153823479071,0.7142857142857143,PASS_LMOM_FINITE_MEAN
30.0,148,KDE,-0.1707946522247102,0.0025406404557635717,0.7142857142857143,PASS
30.0,148,TAIL,-0.1131803375895164,0.0015795879396306,0.7142857142857143,PASS
30.0,149,EMP,-0.304593655317318,0.000902598589262243,0.7142857142857143,PASS
30.0,149,EVENT-EMP,-0.304593655317318,0.000902598589262243,0.7142857142857143,PASS
30.0,149,GEV,-0.244115903697046,0.0008053744858176565,0.7142857142857143,PASS_LMOM_FINITE_MEAN
30.0,149,KDE,-0.2573667392790104,0.000800196124808552,0.7142857142857143,PASS
30.0,149,TAIL,-0.2079714071988858,0.0010924210164262572,0.7142857142857143,PASS
30.0,150,EMP,0.0373922486500501,0.002442753467772414,0.5714285714285714,PASS
30.0,150,EVENT-EMP,0.0373922486500501,0.002442753467772414,0.5714285714285714,PASS
30.0,150,GEV,0.3634440097679983,0.002442753467772414,0.5714285714285714,PASS_LMOM_FINITE_MEAN
30.0,150,KDE,0.1105105263314522,0.002442753467772414,0.5714285714285714,PASS
30.0,150,TAIL,0.1897436543465242,0.002442753467772414,0.5714285714285714,PASS
30.0,151,EMP,-0.1775167189379969,0.00035498416125232863,0.8571428571428571,PASS
30.0,151,EVENT-EMP,-0.1775167189379969,0.0016437520731136142,0.8571428571428571,PASS
30.0,151,GEV,-0.098059876086425,0.0011840183531282,0.7142857142857143,PASS_LMOM_FINITE_MEAN
30.0,151,KDE,-0.1303656330383573,0.002257351167465486,0.5714285714285714,PASS
30.0,151,TAIL,-0.0177408233075673,0.002257351167465486,0.5714285714285714,PASS
30.0,152,EMP,-0.3168984860190659,0.01936838718957477,0.5714285714285714,PASS
30.0,152,EVENT-EMP,-0.3168984860190659,0.018222563236316686,0.5714285714285714,PASS
30.0,152,GEV,-0.2605522937530786,0.017696509722187188,0.5714285714285714,PASS_LMOM_FINITE_MEAN
30.0,152,KDE,-0.2827844698378127,0.0015467031102075286,0.7142857142857143,PASS
30.0,152,TAIL,-0.1420125132700423,0.0020508214798372285,0.7142857142857143,PASS
30.0,153,EMP,-0.2733639200953244,0.0012012431470393857,0.8571428571428571,PASS
30.0,153,EVENT-EMP,-0.2733639200953244,0.0011517497472569428,0.7142857142857143,PASS
30.0,153,GEV,-0.1657166238459756,0.0013825532424903855,0.8571428571428571,PASS_LMOM_FINITE_MEAN
30.0,153,KDE,-0.1917000032396967,0.002442753467772414,0.5714285714285714,PASS
30.0,153,TAIL,-0.0956101109051987,0.001188211819249743,0.7142857142857143,PASS
30.0,154,EMP,-0.1932323958767237,0.006868557608589044,0.7142857142857143,PASS
30.0,154,EVENT-EMP,-0.1932323958767237,0.0010688888828157,0.7142857142857143,PASS
30.0,154,GEV,-0.0774844987051262,0.0036277373394737003,0.7142857142857143,PASS_LMOM_FINITE_MEAN
30.0,154,KDE,-0.1507004917575799,0.005875235886214999,0.42857142857142855,PASS
30.0,154,TAIL,-0.084539477878439,0.0024527448588181574,0.7142857142857143,PASS
30.0,155,EMP,-0.3256901498909308,0.0007854018058001474,0.7142857142857143,PASS
30.0,155,EVENT-EMP,-0.3256901498909308,0.0008478653684597714,0.7142857142857143,PASS
30.0,155,GEV,-0.2923892597613222,0.0009292215025181287,0.7142857142857143,PASS_LMOM_FINITE_MEAN
30.0,155,KDE,-0.2777760082482409,0.0010141809222838714,0.7142857142857143,PASS
30.0,155,TAIL,-0.0391231565757932,0.001035731951428457,0.8571428571428571,PASS
30.0,156,EMP,-0.0717378712735815,2.2714458574166727e-05,1.0,PASS
30.0,156,EVENT-EMP,-0.0717378712735815,0.0015239890658635285,0.7142857142857143,PASS
30.0,156,GEV,0.0115256267360031,0.0010605981730819572,0.7142857142857143,PASS_LMOM_FINITE_MEAN
30.0,156,KDE,-0.0256494838050658,0.002442753467772414,0.5714285714285714,PASS
30.0,156,TAIL,-0.0329689330148521,0.0008651550641337429,0.7142857142857143,PASS
30.0,157,EMP,-0.2763429792214017,0.001023248327698843,0.7142857142857143,PASS
30.0,157,EVENT-EMP,-0.2763429792214017,0.0010155178383668714,0.7142857142857143,PASS
30.0,157,GEV,-0.2103781028219041,0.0011750556180283,0.7142857142857143,PASS_LMOM_FINITE_MEAN
30.0,157,KDE,-0.2426368915967223,0.0008157707915474396,0.7142857142857143,PASS
30.0,157,TAIL,-0.1659734647508516,0.0018388215948086715,0.7142857142857143,PASS
30.0,158,EMP,0.0297108311720926,0.002442753467772414,0.5714285714285714,PASS
30.0,158,EVENT-EMP,0.0297108311720926,0.002442753467772414,0.5714285714285714,PASS
30.0,158,GEV,0.2187058443825082,0.002442753467772414,0.5714285714285714,PASS_LMOM_FINITE_MEAN
30.0,158,KDE,0.0944080006670681,0.002442753467772414,0.5714285714285714,PASS
30.0,158,TAIL,0.2267281234736194,0.002442753467772414,0.5714285714285714,PASS
30.0,159,EMP,-0.1146846750394462,0.002442753467772414,0.5714285714285714,PASS
30.0,159,EVENT-EMP,-0.1146846750394462,0.002442753467772414,0.5714285714285714,PASS
30.0,159,GEV,0.0758743738103687,0.002442753467772414,0.5714285714285714,PASS_LMOM_FINITE_MEAN
30.0,159,KDE,-0.0548840438905974,0.002442753467772414,0.5714285714285714,PASS
30.0,159,TAIL,0.0813450112825828,0.002442753467772414,0.5714285714285714,PASS
30.0,160,EMP,0.114385275182196,0.002442753467772414,0.5714285714285714,PASS
30.0,160,EVENT-EMP,0.114385275182196,0.002442753467772414,0.5714285714285714,PASS
30.0,160,GEV,0.1665995459636128,0.002442753467772414,0.5714285714285714,PASS_LMOM_FINITE_MEAN
30.0,160,KDE,0.174170035779131,0.002442753467772414,0.5714285714285714,PASS
30.0,160,TAIL,0.3089008689238363,0.002442753467772414,0.5714285714285714,PASS
30.0,161,EMP,0.0755603650069409,0.002442753467772414,0.5714285714285714,PASS
30.0,161,EVENT-EMP,0.0755603650069409,0.0021245156005313,0.7142857142857143,PASS
30.0,161,GEV,0.1250176526913475,0.002442753467772414,0.5714285714285714,PASS_LMOM_FINITE_MEAN
30.0,161,KDE,0.1315337773224398,0.002442753467772414,0.5714285714285714,PASS
30.0,161,TAIL,-0.0363428804288625,0.0008097495954062534,0.7142857142857143,PASS
30.0,162,EMP,0.0982191997858357,0.0032407483722336284,0.7142857142857143,PASS
30.0,162,EVENT-EMP,0.0982191997858357,0.0027002931769981716,0.8571428571428571,PASS
30.0,162,GEV,0.1219614977464364,0.003937580871880557,0.7142857142857143,PASS_LMOM_FINITE_MEAN
30.0,162,KDE,0.1510870566481228,0.005875235886214999,0.42857142857142855,PASS
30.0,162,TAIL,-0.061489636980312,0.0009575162967980429,0.7142857142857143,PASS
30.0,163,EMP,-0.1611538513861602,0.001269684868261657,0.7142857142857143,PASS
30.0,163,EVENT-EMP,-0.1611538513861602,0.0013912191206252283,0.7142857142857143,PASS
30.0,163,GEV,-0.0566530364127714,0.002257351167465486,0.5714285714285714,PASS_LMOM_FINITE_MEAN
30.0,163,KDE,-0.115892509321392,0.002257351167465486,0.5714285714285714,PASS
30.0,163,TAIL,0.1727279099798662,0.002442753467772414,0.5714285714285714,PASS
30.0,164,EMP,-0.2679891231662735,0.0017198516820123573,0.7142857142857143,PASS
30.0,164,EVENT-EMP,-0.2679891231662735,0.0014060575360007857,0.7142857142857143,PASS
30.0,164,GEV,-0.1897265723798145,0.0009262241904565999,0.7142857142857143,PASS_LMOM_FINITE_MEAN
30.0,164,KDE,-0.2242828725241235,0.0007845471067471796,0.7142857142857143,PASS
30.0,164,TAIL,-0.1911783024899343,0.0019494732277137714,0.7142857142857143,PASS
30.0,165,EMP,0.3631051129957423,0.002442753467772414,0.5714285714285714,PASS
30.0,165,EVENT-EMP,0.3631051129957423,0.002442753467772414,0.5714285714285714,PASS
30.0,165,GEV,0.4807985706327113,0.002442753467772414,0.5714285714285714,PASS_LMOM_FINITE_MEAN
30.0,165,KDE,0.4417653894144629,0.002442753467772414,0.5714285714285714,PASS
30.0,165,TAIL,0.3906016377874582,0.002442753467772414,0.5714285714285714,PASS
30.0,166,EMP,-0.1600358158294013,0.003476656021032757,0.7142857142857143,PASS
30.0,166,EVENT-EMP,-0.1600358158294013,0.0023951053375569,0.7142857142857143,PASS
30.0,166,GEV,-0.0010737825143895,0.0037685563780552283,0.7142857142857143,PASS_LMOM_FINITE_MEAN
30.0,166,KDE,-0.0879811934653744,0.005875235886214999,0.42857142857142855,PASS
30.0,166,TAIL,-0.1107650284672844,0.0016890035318354142,0.7142857142857143,PASS
30.0,167,EMP,-0.2342868894945229,0.002518043241969443,0.7142857142857143,PASS
30.0,167,EVENT-EMP,-0.2342868894945229,0.0014354311747577857,0.7142857142857143,PASS
30.0,167,GEV,-0.1072447563961651,0.0011422569108673858,0.7142857142857143,PASS_LMOM_FINITE_MEAN
30.0,167,KDE,-0.202471323186626,0.0007787883049205366,0.7142857142857143,PASS
30.0,167,TAIL,-0.1079653216604555,0.001320212755836757,0.7142857142857143,PASS
30.0,168,EMP,0.4753449237486496,0.002442753467772414,0.5714285714285714,PASS
30.0,168,EVENT-EMP,0.4753449237486496,0.002442753467772414,0.5714285714285714,PASS
30.0,168,GEV,0.625772568345569,0.002442753467772414,0.5714285714285714,PASS_LMOM_FINITE_MEAN
30.0,168,KDE,0.5656174656515377,0.002442753467772414,0.5714285714285714,PASS
30.0,168,TAIL,0.2280759971583337,0.002442753467772414,0.5714285714285714,PASS
30.0,169,EMP,0.1012054967340101,0.002257351167465486,0.5714285714285714,PASS
30.0,169,EVENT-EMP,0.1012054967340101,0.002442753467772414,0.5714285714285714,PASS
30.0,169,GEV,0.1359015238203133,0.002442753467772414,0.5714285714285714,PASS_LMOM_FINITE_MEAN
30.0,169,KDE,0.1574749996216878,0.002442753467772414,0.5714285714285714,PASS
30.0,169,TAIL,0.125517386696001,0.002442753467772414,0.5714285714285714,PASS
30.0,170,EMP,-0.1174700034528098,0.002092661962300043,0.8571428571428571,PASS
30.0,170,EVENT-EMP,-0.1174700034528098,0.002092661962300043,0.8571428571428571,PASS
30.0,170,GEV,-0.1060553043553491,0.002401784849644686,0.7142857142857143,PASS_LMOM_FINITE_MEAN
30.0,170,KDE,-0.0760051055555464,0.0013038854398355285,0.7142857142857143,PASS
30.0,170,TAIL,-0.1969569608257016,0.003295846224612843,0.7142857142857143,PASS
30.0,171,EMP,0.0283876142826952,0.002257351167465486,0.5714285714285714,PASS
30.0,171,EVENT-EMP,0.0283876142826952,0.002257351167465486,0.5714285714285714,PASS
30.0,171,GEV,0.1619732284084745,0.002442753467772414,0.5714285714285714,PASS_LMOM_FINITE_MEAN
30.0,171,KDE,0.0808998280585896,0.002442753467772414,0.5714285714285714,PASS
30.0,171,TAIL,0.0592007252423735,0.002442753467772414,0.5714285714285714,PASS
30.0,172,EMP,-0.1350965365024236,0.0009671045700116856,0.7142857142857143,PASS
30.0,172,EVENT-EMP,-0.1350965365024236,0.0006984749954268143,0.7142857142857143,PASS
30.0,172,GEV,-0.0016261108220898,0.00014075510887210746,0.8571428571428571,PASS_LMOM_FINITE_MEAN
30.0,172,KDE,-0.0774059450624686,0.002442753467772414,0.5714285714285714,PASS
30.0,172,TAIL,-0.0465400568547055,0.002257351167465486,0.5714285714285714,PASS
30.0,173,EMP,-0.0717861755379561,0.0009204532155181285,0.7142857142857143,PASS
30.0,173,EVENT-EMP,-0.0717861755379561,0.0025940459028824425,0.7142857142857143,PASS
30.0,173,GEV,-0.0625963562207205,0.0008011289864447939,0.7142857142857143,PASS_LMOM_FINITE_MEAN
30.0,173,KDE,-0.0309968572967749,0.0006959875026774141,0.8571428571428571,PASS
30.0,173,TAIL,-0.0624454057629436,0.0012329694083929859,0.8571428571428571,PASS
30.0,174,EMP,-0.2168271672083708,0.0009504864743728286,0.7142857142857143,PASS
30.0,174,EVENT-EMP,-0.2168271672083708,0.001349280647803057,0.7142857142857143,PASS
30.0,174,GEV,-0.1881826823155283,0.0010122628556998572,0.7142857142857143,PASS_LMOM_FINITE_MEAN
30.0,174,KDE,-0.1841079347142233,0.0014816785789408856,0.7142857142857143,PASS
30.0,174,TAIL,-0.0344507937683755,0.00021482430027958572,0.8571428571428571,PASS
30.0,175,EMP,-0.0598395065754126,0.002442753467772414,0.5714285714285714,PASS
30.0,175,EVENT-EMP,-0.0598395065754126,0.002442753467772414,0.5714285714285714,PASS
30.0,175,GEV,0.1071952148752975,0.002442753467772414,0.5714285714285714,PASS_LMOM_FINITE_MEAN
30.0,175,KDE,0.0072147101803167,0.002442753467772414,0.5714285714285714,PASS
30.0,175,TAIL,0.0170677178515022,0.0021245156005313,0.7142857142857143,PASS
30.0,176,EMP,0.0112541107314458,0.0027212220934517716,0.7142857142857143,PASS
30.0,176,EVENT-EMP,0.0112541107314458,0.002937938541910328,0.7142857142857143,PASS
30.0,176,GEV,0.1733969140792553,0.0012137935258640857,0.8571428571428571,PASS_LMOM_FINITE_MEAN
30.0,176,KDE,0.0670359196314381,0.002442753467772414,0.5714285714285714,PASS
30.0,176,TAIL,-0.1060673218811279,0.0007761300737853229,0.7142857142857143,PASS
30.0,177,EMP,0.3866011825886036,0.002442753467772414,0.5714285714285714,PASS
30.0,177,EVENT-EMP,0.3866011825886036,0.002442753467772414,0.5714285714285714,PASS
30.0,177,GEV,0.4683176868676608,0.002442753467772414,0.5714285714285714,PASS_LMOM_FINITE_MEAN
30.0,177,KDE,0.4699086263435873,0.002442753467772414,0.5714285714285714,PASS
30.0,177,TAIL,0.1201324444065616,0.002442753467772414,0.5714285714285714,PASS
30.0,178,EMP,-0.2248741473167715,0.023797006564540712,0.5714285714285714,PASS
30.0,178,EVENT-EMP,-0.2248741473167715,0.02205380053660827,0.5714285714285714,PASS
30.0,178,GEV,-0.131290478425816,0.022351257489476573,0.5714285714285714,PASS_LMOM_FINITE_MEAN
30.0,178,KDE,-0.1929230589092754,0.0029958244412335,0.8571428571428571,PASS
30.0,178,TAIL,-0.1686014467455725,0.0031231663614512853,0.7142857142857143,PASS
30.0,179,EMP,-0.2708015922391982,0.003090176114100157,0.7142857142857143,PASS
30.0,179,EVENT-EMP,-0.2708015922391982,0.0031679492150719288,0.7142857142857143,PASS
30.0,179,GEV,-0.1869187185610033,0.0009659002058026858,0.7142857142857143,PASS_LMOM_FINITE_MEAN
30.0,179,KDE,-0.2324834687710238,0.0007913223542700382,0.7142857142857143,PASS
30.0,179,TAIL,-0.2091416077346589,0.002667476169933714,0.7142857142857143,PASS
30.0,180,EMP,-0.2997727642561327,0.010100637860484271,0.5714285714285714,PASS
30.0,180,EVENT-EMP,-0.2997727642561327,0.0023659890010661,0.7142857142857143,PASS
30.0,180,GEV,-0.2930784375575348,0.011164617229384114,0.5714285714285714,PASS_LMOM_FINITE_MEAN
30.0,180,KDE,-0.265856429549313,0.002737540274379,0.7142857142857143,PASS
30.0,180,TAIL,-0.2145315391612223,0.0009508378561408572,0.7142857142857143,PASS
30.0,181,EMP,-0.2413716611362835,0.005901362937541242,0.7142857142857143,PASS
30.0,181,EVENT-EMP,-0.2413716611362835,0.0013313606468692857,0.7142857142857143,PASS
30.0,181,GEV,-0.1193489843483646,0.0013475094938144429,0.7142857142857143,PASS_LMOM_FINITE_MEAN
30.0,181,KDE,-0.1988664999389116,0.001014166553539457,0.7142857142857143,PASS
30.0,181,TAIL,-0.1546343585390303,0.0015335962659052858,0.7142857142857143,PASS
30.0,182,EMP,-0.2599826669289064,0.004516203325899829,0.7142857142857143,PASS
30.0,182,EVENT-EMP,-0.2599826669289064,0.0012065411346939712,0.7142857142857143,PASS
30.0,182,GEV,-0.1508692903826728,0.0024766818287646286,0.7142857142857143,PASS_LMOM_FINITE_MEAN
30.0,182,KDE,-0.2175144171100645,0.0013974251617467285,0.7142857142857143,PASS
30.0,182,TAIL,-0.1951353539632254,0.002051653528708314,0.7142857142857143,PASS
30.0,183,EMP,-0.2854308747220732,0.017596728125587813,0.5714285714285714,PASS
30.0,183,EVENT-EMP,-0.2854308747220732,0.017568883212263013,0.5714285714285714,PASS
30.0,183,GEV,-0.2023674169670872,0.021180895736067646,0.5714285714285714,PASS_LMOM_FINITE_MEAN
30.0,183,KDE,-0.2505975946288616,0.0023438364823577715,0.8571428571428571,PASS
30.0,183,TAIL,-0.2141473203927753,0.021386517020244328,0.7142857142857143,PASS
30.0,184,EMP,-0.2178200025398437,0.0033398334439955144,0.7142857142857143,PASS
30.0,184,EVENT-EMP,-0.2178200025398437,0.0011856223447306569,0.7142857142857143,PASS
30.0,184,GEV,-0.0862504841526267,0.0013715700050106426,0.7142857142857143,PASS_LMOM_FINITE_MEAN
30.0,184,KDE,-0.1556515496467788,0.002257351167465486,0.5714285714285714,PASS
30.0,184,TAIL,0.1040945495117069,0.002442753467772414,0.5714285714285714,PASS
30.0,185,EMP,0.2355532341451885,0.003689574122853529,0.7142857142857143,PASS
30.0,185,EVENT-EMP,0.2355532341451885,0.005875235886214999,0.42857142857142855,PASS
30.0,185,GEV,0.2381611228792361,0.0021623509445020854,0.8571428571428571,PASS_LMOM_FINITE_MEAN
30.0,185,KDE,0.2994257319375202,0.0035895216005007425,0.5714285714285714,PASS
30.0,185,TAIL,-0.0426157569668142,0.002708207033791214,0.7142857142857143,PASS
30.0,186,EMP,-0.3000313338401515,0.001588126952957143,0.7142857142857143,PASS
30.0,186,EVENT-EMP,-0.3000313338401515,0.018858252376058798,0.5714285714285714,PASS
30.0,186,GEV,-0.2540296814928935,0.0009323872938899,0.7142857142857143,PASS_LMOM_FINITE_MEAN
30.0,186,KDE,-0.2665895996028296,0.0008444026695427858,0.7142857142857143,PASS
30.0,186,TAIL,-0.1708484622839592,0.002414161615613943,0.7142857142857143,PASS
30.0,187,EMP,-0.2277227498717811,0.0015782516801048855,0.7142857142857143,PASS
30.0,187,EVENT-EMP,-0.2277227498717811,0.0015782516801048855,0.7142857142857143,PASS
30.0,187,GEV,-0.1644110190567038,0.0022923460284637004,0.7142857142857143,PASS_LMOM_FINITE_MEAN
30.0,187,KDE,-0.1782320504974413,0.0015855472045088429,0.8571428571428571,PASS
30.0,187,TAIL,-0.0559670884752995,0.0003056487869153285,0.8571428571428571,PASS
30.0,188,EMP,-0.2151426334651488,0.001245656288449857,0.7142857142857143,PASS
30.0,188,EVENT-EMP,-0.2151426334651488,0.0009630488039890715,0.7142857142857143,PASS
30.0,188,GEV,-0.0865152275070448,0.0011336469912956429,0.7142857142857143,PASS_LMOM_FINITE_MEAN
30.0,188,KDE,-0.1603398006773605,0.005875235886214999,0.42857142857142855,PASS
30.0,188,TAIL,-0.1283288018632005,0.0008195472302133714,0.7142857142857143,PASS
30.0,189,EMP,-0.1466605658264244,0.002442753467772414,0.5714285714285714,PASS
30.0,189,EVENT-EMP,-0.1466605658264244,0.002257351167465486,0.5714285714285714,PASS
30.0,189,GEV,-0.0552685175329165,0.002442753467772414,0.5714285714285714,PASS_LMOM_FINITE_MEAN
30.0,189,KDE,-0.0893736497151494,0.002442753467772414,0.5714285714285714,PASS
30.0,189,TAIL,0.1167040005776135,0.002442753467772414,0.5714285714285714,PASS
30.0,190,EMP,0.0752352901176109,0.002257351167465486,0.5714285714285714,PASS
30.0,190,EVENT-EMP,0.0752352901176109,0.002442753467772414,0.5714285714285714,PASS
30.0,190,GEV,0.1963203905885935,0.002442753467772414,0.5714285714285714,PASS_LMOM_FINITE_MEAN
30.0,190,KDE,0.1334105824611076,0.002442753467772414,0.5714285714285714,PASS
30.0,190,TAIL,0.0629485067568787,0.002442753467772414,0.5714285714285714,PASS
30.0,191,EMP,-0.1357548760104885,0.0014838064235628856,0.7142857142857143,PASS
30.0,191,EVENT-EMP,-0.1357548760104885,0.002257351167465486,0.5714285714285714,PASS
30.0,191,GEV,0.001834712058966,0.002257351167465486,0.5714285714285714,PASS_LMOM_FINITE_MEAN
30.0,191,KDE,-0.0814656069877511,0.002257351167465486,0.5714285714285714,PASS
30.0,191,TAIL,0.1510947631436239,0.002442753467772414,0.5714285714285714,PASS
30.0,192,EMP,-0.0616745793329742,0.002257351167465486,0.5714285714285714,PASS
30.0,192,EVENT-EMP,-0.0616745793329742,0.002442753467772414,0.5714285714285714,PASS
30.0,192,GEV,0.1445571866934897,0.002442753467772414,0.5714285714285714,PASS_LMOM_FINITE_MEAN
30.0,192,KDE,0.0059916116370331,0.002442753467772414,0.5714285714285714,PASS
30.0,192,TAIL,0.1406357030966225,0.002442753467772414,0.5714285714285714,PASS
30.0,193,EMP,-0.1376773335435807,0.010366889310812342,0.5714285714285714,PASS
30.0,193,EVENT-EMP,-0.1376773335435807,0.0111746013524595,0.42857142857142855,PASS
30.0,193,GEV,-0.1543778305963662,0.011228452187290558,0.42857142857142855,PASS_LMOM_FINITE_MEAN
30.0,193,KDE,-0.0987896248935995,0.003337957093940014,0.5714285714285714,PASS
30.0,193,TAIL,0.1411441871306711,0.002442753467772414,0.5714285714285714,PASS
30.0,194,EMP,0.19614701151665,0.002442753467772414,0.5714285714285714,PASS
30.0,194,EVENT-EMP,0.19614701151665,0.002442753467772414,0.5714285714285714,PASS
30.0,194,GEV,0.2386403006723801,0.002442753467772414,0.5714285714285714,PASS_LMOM_FINITE_MEAN
30.0,194,KDE,0.2607399743434729,0.002442753467772414,0.5714285714285714,PASS
30.0,194,TAIL,0.1351330035361907,0.002442753467772414,0.5714285714285714,PASS
30.0,195,EMP,-0.1278352342605964,0.0016172543248175572,0.7142857142857143,PASS
30.0,195,EVENT-EMP,-0.1278352342605964,0.001024195561072,0.7142857142857143,PASS
30.0,195,GEV,-0.1288954103833577,0.0008137225631226572,0.8571428571428571,PASS_LMOM_FINITE_MEAN
30.0,195,KDE,-0.0861044297294243,0.005875235886214999,0.42857142857142855,PASS
30.0,195,TAIL,-0.0893047845194186,0.0016176146015405,0.8571428571428571,PASS
30.0,196,EMP,-0.1799838462969146,0.0008165541971261285,0.7142857142857143,PASS
30.0,196,EVENT-EMP,-0.1799838462969146,0.0009648233792829858,0.7142857142857143,PASS
30.0,196,GEV,-0.0834368185706337,0.0003656518375849,0.8571428571428571,PASS_LMOM_FINITE_MEAN
30.0,196,KDE,-0.1353020059952251,0.002442753467772414,0.5714285714285714,PASS
30.0,196,TAIL,-0.0664032194618906,0.0009243170051071856,0.7142857142857143,PASS
30.0,197,EMP,-0.1031821165297602,0.004008297388373543,0.8571428571428571,PASS
30.0,197,EVENT-EMP,-0.1031821165297602,0.0008736491060008428,0.7142857142857143,PASS
30.0,197,GEV,-0.0394286694687891,0.0021414560089528145,0.7142857142857143,PASS_LMOM_FINITE_MEAN
30.0,197,KDE,-0.0600738662824265,0.005875235886214999,0.42857142857142855,PASS
30.0,197,TAIL,-0.1170435096561563,0.0014325049899602856,0.7142857142857143,PASS
30.0,198,EMP,-0.2208396420856257,0.00032102550135353644,0.8571428571428571,PASS
30.0,198,EVENT-EMP,-0.2208396420856257,0.002442753467772414,0.5714285714285714,PASS
30.0,198,GEV,-0.0264998007700168,7.71864174692823e-06,1.0,PASS_LMOM_FINITE_MEAN
30.0,198,KDE,-0.1486922233147731,0.002442753467772414,0.5714285714285714,PASS
30.0,198,TAIL,0.0548041401525815,0.002442753467772414,0.5714285714285714,PASS
30.0,199,EMP,-0.2764567396941713,0.0018262453730439143,0.7142857142857143,PASS
30.0,199,EVENT-EMP,-0.2764567396941713,0.0024065163265697717,0.7142857142857143,PASS
30.0,199,GEV,-0.1813279341939207,0.0015110662487868144,0.7142857142857143,PASS_LMOM_FINITE_MEAN
30.0,199,KDE,-0.2303475438610939,0.0022070397659852427,0.7142857142857143,PASS
30.0,199,TAIL,-0.0762382469684264,0.0008084015245167394,0.7142857142857143,PASS
