replication_id,oracle_mode,contrast,q99_difference_pp,regret_difference_pp
0,actual_maximum_demand,TAIL-minus-KDE,9.684631075092659,0.0
1,actual_maximum_demand,TAIL-minus-KDE,-12.95503941932991,-0.06947021018050667
2,actual_maximum_demand,TAIL-minus-KDE,-1.3958693044913997,0.03099496561797667
3,actual_maximum_demand,TAIL-minus-KDE,-0.975349299569199,0.03099496561797667
4,actual_maximum_demand,TAIL-minus-KDE,17.651362953868922,0.0
5,actual_maximum_demand,TAIL-minus-KDE,-2.3718959775353596,0.0
6,actual_maximum_demand,TAIL-minus-KDE,6.42695565635166,0.26881720430107336
7,actual_maximum_demand,TAIL-minus-KDE,-0.6661219523274614,0.03099496561797667
8,actual_maximum_demand,TAIL-minus-KDE,-10.006434358659689,0.0
9,actual_maximum_demand,TAIL-minus-KDE,-7.73971757765349,-0.19768055825221334
10,actual_maximum_demand,TAIL-minus-KDE,-0.8317854086950904,0.0
11,actual_maximum_demand,TAIL-minus-KDE,-3.6096003461901005,-0.26881720430107336
12,actual_maximum_demand,TAIL-minus-KDE,11.629980419161559,0.0
13,actual_maximum_demand,TAIL-minus-KDE,-5.07637846198613,0.03099496561797667
14,actual_maximum_demand,TAIL-minus-KDE,-1.2026192884226599,0.0
15,actual_maximum_demand,TAIL-minus-KDE,6.651291091380021,-0.26881720430107336
16,actual_maximum_demand,TAIL-minus-KDE,3.7606942867913697,0.0
17,actual_maximum_demand,TAIL-minus-KDE,-2.4784601184103403,0.0
18,actual_maximum_demand,TAIL-minus-KDE,-6.566923143593641,0.03099496561797667
19,actual_maximum_demand,TAIL-minus-KDE,2.0409502161576305,0.0
20,actual_maximum_demand,TAIL-minus-KDE,-2.61210105789213,0.0
21,actual_maximum_demand,TAIL-minus-KDE,20.419010322888838,0.0
22,actual_maximum_demand,TAIL-minus-KDE,6.4092097299634,0.0
23,actual_maximum_demand,TAIL-minus-KDE,-13.72769712741008,0.26881720430107336
24,actual_maximum_demand,TAIL-minus-KDE,2.58136718513326,0.03099496561797667
25,actual_maximum_demand,TAIL-minus-KDE,-27.292709140672848,0.0
26,actual_maximum_demand,TAIL-minus-KDE,-5.57491020337791,-0.26881720430107336
27,actual_maximum_demand,TAIL-minus-KDE,-18.37727054084361,0.0
28,actual_maximum_demand,TAIL-minus-KDE,-0.8000428624884912,0.03099496561797667
29,actual_maximum_demand,TAIL-minus-KDE,1.0161400779165413,0.03099496561797667
30,actual_maximum_demand,TAIL-minus-KDE,-0.44045151208952915,0.03099496561797667
31,actual_maximum_demand,TAIL-minus-KDE,4.89283741102491,0.0
32,actual_maximum_demand,TAIL-minus-KDE,-3.6027441383238767,0.0
33,actual_maximum_demand,TAIL-minus-KDE,-8.099332199270993,-0.03099496561797667
34,actual_maximum_demand,TAIL-minus-KDE,-17.74022423652105,-0.26881720430107336
35,actual_maximum_demand,TAIL-minus-KDE,-31.94611077771229,0.0
36,actual_maximum_demand,TAIL-minus-KDE,-3.67495809673274,0.03099496561797667
37,actual_maximum_demand,TAIL-minus-KDE,-1.00990160696692,0.0
38,actual_maximum_demand,TAIL-minus-KDE,1.8144612991143498,-0.23782223868309668
39,actual_maximum_demand,TAIL-minus-KDE,-13.519969538108581,0.0
40,actual_maximum_demand,TAIL-minus-KDE,1.39967758077304,0.0
41,actual_maximum_demand,TAIL-minus-KDE,-10.94297578275086,0.0
42,actual_maximum_demand,TAIL-minus-KDE,8.12273880133775,0.26881720430107336
43,actual_maximum_demand,TAIL-minus-KDE,-5.787327122587321,-0.04064364009411002
44,actual_maximum_demand,TAIL-minus-KDE,-3.9246327389931195,0.03099496561797667
45,actual_maximum_demand,TAIL-minus-KDE,12.185916187592442,0.0
46,actual_maximum_demand,TAIL-minus-KDE,-5.2318234441171505,0.0
47,actual_maximum_demand,TAIL-minus-KDE,2.6984569569505603,0.0
48,actual_maximum_demand,TAIL-minus-KDE,6.633414171882832,0.0
49,actual_maximum_demand,TAIL-minus-KDE,-24.44814109778335,-0.03099496561797667
50,actual_maximum_demand,TAIL-minus-KDE,-6.8708629219744,0.0
51,actual_maximum_demand,TAIL-minus-KDE,0.9764616695137701,0.03099496561797667
52,actual_maximum_demand,TAIL-minus-KDE,-8.67066171424239,0.03099496561797667
53,actual_maximum_demand,TAIL-minus-KDE,7.080259162005309,0.26881720430107336
54,actual_maximum_demand,TAIL-minus-KDE,-2.7923848184294,0.0
55,actual_maximum_demand,TAIL-minus-KDE,-2.7357255154808207,0.0
56,actual_maximum_demand,TAIL-minus-KDE,-6.39588601823385,0.03099496561797667
57,actual_maximum_demand,TAIL-minus-KDE,5.435311682294031,0.0
58,actual_maximum_demand,TAIL-minus-KDE,13.72580649101345,0.0
59,actual_maximum_demand,TAIL-minus-KDE,-8.09924883721666,0.0
60,actual_maximum_demand,TAIL-minus-KDE,2.30728276958631,0.0
61,actual_maximum_demand,TAIL-minus-KDE,-14.54229741071017,-0.03099496561797667
62,actual_maximum_demand,TAIL-minus-KDE,7.95255253124834,0.0
63,actual_maximum_demand,TAIL-minus-KDE,-10.634832968448569,0.0
64,actual_maximum_demand,TAIL-minus-KDE,-8.392429091854082,0.0
65,actual_maximum_demand,TAIL-minus-KDE,-7.23675626462113,-0.03099496561797667
66,actual_maximum_demand,TAIL-minus-KDE,-18.67900213540657,0.0
67,actual_maximum_demand,TAIL-minus-KDE,-5.67972413075719,-0.29981216991905
68,actual_maximum_demand,TAIL-minus-KDE,2.0971528988475203,0.0
69,actual_maximum_demand,TAIL-minus-KDE,-12.706646266306429,0.0
70,actual_maximum_demand,TAIL-minus-KDE,-18.941446487385978,0.0
71,actual_maximum_demand,TAIL-minus-KDE,-5.804681345717929,-0.26881720430107336
72,actual_maximum_demand,TAIL-minus-KDE,-3.6152836280422207,0.0
73,actual_maximum_demand,TAIL-minus-KDE,-3.3388314552532687,0.03099496561797667
74,actual_maximum_demand,TAIL-minus-KDE,-4.00348162820998,-0.03099496561797667
75,actual_maximum_demand,TAIL-minus-KDE,-0.07731267441380973,0.0
76,actual_maximum_demand,TAIL-minus-KDE,-10.74678178767853,0.03099496561797667
77,actual_maximum_demand,TAIL-minus-KDE,-26.205516118186306,0.0
78,actual_maximum_demand,TAIL-minus-KDE,-4.621935904823349,0.0
79,actual_maximum_demand,TAIL-minus-KDE,-4.8429015101476,0.26881720430107336
80,actual_maximum_demand,TAIL-minus-KDE,-9.756513800447362,-0.26881720430107336
81,actual_maximum_demand,TAIL-minus-KDE,0.5382546520995699,0.0
82,actual_maximum_demand,TAIL-minus-KDE,-0.39030297447286005,0.03099496561797667
83,actual_maximum_demand,TAIL-minus-KDE,5.879755696981161,0.26881720430107336
84,actual_maximum_demand,TAIL-minus-KDE,-1.40711144576702,0.0
85,actual_maximum_demand,TAIL-minus-KDE,1.5060724222949005,0.0
86,actual_maximum_demand,TAIL-minus-KDE,1.77442640170834,0.0
87,actual_maximum_demand,TAIL-minus-KDE,5.436023125682141,0.0
88,actual_maximum_demand,TAIL-minus-KDE,-48.1740830131851,0.0
89,actual_maximum_demand,TAIL-minus-KDE,-7.58658362401711,-0.26881720430107336
90,actual_maximum_demand,TAIL-minus-KDE,-4.8374438747601385,0.0
91,actual_maximum_demand,TAIL-minus-KDE,29.00853785477972,0.0
92,actual_maximum_demand,TAIL-minus-KDE,18.140822961211313,0.0
93,actual_maximum_demand,TAIL-minus-KDE,-0.0006916849005597636,0.03099496561797667
94,actual_maximum_demand,TAIL-minus-KDE,10.93129181727901,0.0
95,actual_maximum_demand,TAIL-minus-KDE,-11.787863512165247,0.0
96,actual_maximum_demand,TAIL-minus-KDE,-18.21782976968069,0.0
97,actual_maximum_demand,TAIL-minus-KDE,1.1264497873351105,0.0
98,actual_maximum_demand,TAIL-minus-KDE,-7.581886267599991,0.0
99,actual_maximum_demand,TAIL-minus-KDE,19.345296556967888,0.0
100,actual_maximum_demand,TAIL-minus-KDE,1.91393015719874,0.0
101,actual_maximum_demand,TAIL-minus-KDE,32.42004909960479,0.0
102,actual_maximum_demand,TAIL-minus-KDE,-3.820842937519578,0.03099496561797667
103,actual_maximum_demand,TAIL-minus-KDE,3.413350396881,0.03099496561797667
104,actual_maximum_demand,TAIL-minus-KDE,19.56196801672312,0.0
105,actual_maximum_demand,TAIL-minus-KDE,-6.238695048834379,0.0
106,actual_maximum_demand,TAIL-minus-KDE,-19.482983716202448,0.0
107,actual_maximum_demand,TAIL-minus-KDE,-1.356711652344278,0.0
108,actual_maximum_demand,TAIL-minus-KDE,-7.3447903282908,0.03099496561797667
109,actual_maximum_demand,TAIL-minus-KDE,0.039918528157170154,-0.23782223868309668
110,actual_maximum_demand,TAIL-minus-KDE,-14.417608787042349,0.0
111,actual_maximum_demand,TAIL-minus-KDE,-4.850387793892129,0.0
112,actual_maximum_demand,TAIL-minus-KDE,4.012006575075722,0.0
113,actual_maximum_demand,TAIL-minus-KDE,3.832089035745059,0.03099496561797667
114,actual_maximum_demand,TAIL-minus-KDE,-8.179385419298828,0.0
115,actual_maximum_demand,TAIL-minus-KDE,-3.5132103372663996,0.03099496561797667
116,actual_maximum_demand,TAIL-minus-KDE,-20.33444351570899,-0.23782223868309668
117,actual_maximum_demand,TAIL-minus-KDE,-11.527114919588609,0.0
118,actual_maximum_demand,TAIL-minus-KDE,6.32774799159731,0.03099496561797667
119,actual_maximum_demand,TAIL-minus-KDE,-13.04260117030522,0.0
120,actual_maximum_demand,TAIL-minus-KDE,-11.1264485131892,0.0
121,actual_maximum_demand,TAIL-minus-KDE,-48.73749090592359,0.0
122,actual_maximum_demand,TAIL-minus-KDE,-1.8775465642138598,0.03099496561797667
123,actual_maximum_demand,TAIL-minus-KDE,-24.80633020440158,0.0
124,actual_maximum_demand,TAIL-minus-KDE,4.31863171447487,0.0
125,actual_maximum_demand,TAIL-minus-KDE,-6.957589870357081,0.0
126,actual_maximum_demand,TAIL-minus-KDE,-18.67838338105732,0.26881720430107336
127,actual_maximum_demand,TAIL-minus-KDE,-3.6267320784674997,0.03099496561797667
128,actual_maximum_demand,TAIL-minus-KDE,-17.75358271415155,-0.03099496561797667
129,actual_maximum_demand,TAIL-minus-KDE,-1.12229350345098,0.0
130,actual_maximum_demand,TAIL-minus-KDE,-5.116655409067369,0.0
131,actual_maximum_demand,TAIL-minus-KDE,20.000007718473302,0.0
132,actual_maximum_demand,TAIL-minus-KDE,5.562702420088299,0.0
133,actual_maximum_demand,TAIL-minus-KDE,0.20320827565884908,0.0
134,actual_maximum_demand,TAIL-minus-KDE,18.16607454790505,0.0
135,actual_maximum_demand,TAIL-minus-KDE,-14.233913520538218,0.0
136,actual_maximum_demand,TAIL-minus-KDE,-7.073011664869791,0.0
137,actual_maximum_demand,TAIL-minus-KDE,-44.76879693941907,0.0
138,actual_maximum_demand,TAIL-minus-KDE,-0.9546569027800295,0.0
139,actual_maximum_demand,TAIL-minus-KDE,0.019694870617679994,0.0
140,actual_maximum_demand,TAIL-minus-KDE,-18.04958663382527,-0.03099496561797667
141,actual_maximum_demand,TAIL-minus-KDE,-1.8524017443915408,0.03099496561797667
142,actual_maximum_demand,TAIL-minus-KDE,-9.73271444186396,-0.26881720430107336
143,actual_maximum_demand,TAIL-minus-KDE,-7.138939745069941,0.0
144,actual_maximum_demand,TAIL-minus-KDE,-3.438793730045692,0.03099496561797667
145,actual_maximum_demand,TAIL-minus-KDE,-6.12635041219613,0.03099496561797667
146,actual_maximum_demand,TAIL-minus-KDE,-2.2854383160780998,0.18466478117502333
147,actual_maximum_demand,TAIL-minus-KDE,21.444278641514746,0.0
148,actual_maximum_demand,TAIL-minus-KDE,-5.396154191945319,0.0
149,actual_maximum_demand,TAIL-minus-KDE,-8.201435065738409,0.26881720430107336
150,actual_maximum_demand,TAIL-minus-KDE,7.28635866140949,0.0
151,actual_maximum_demand,TAIL-minus-KDE,13.82109962453704,0.0
152,actual_maximum_demand,TAIL-minus-KDE,14.08333322343372,0.0
153,actual_maximum_demand,TAIL-minus-KDE,-3.725341389722761,0.0
154,actual_maximum_demand,TAIL-minus-KDE,-7.26604863675408,0.0
155,actual_maximum_demand,TAIL-minus-KDE,-6.113091507624787,0.0
156,actual_maximum_demand,TAIL-minus-KDE,-20.81975285131462,0.0
157,actual_maximum_demand,TAIL-minus-KDE,-2.1912461187711405,0.0
158,actual_maximum_demand,TAIL-minus-KDE,-0.8642688576195795,0.0
159,actual_maximum_demand,TAIL-minus-KDE,11.516240675367479,0.0
160,actual_maximum_demand,TAIL-minus-KDE,-0.8075022327988596,0.03099496561797667
161,actual_maximum_demand,TAIL-minus-KDE,-10.658506071150889,0.0
162,actual_maximum_demand,TAIL-minus-KDE,1.6667223688481683,0.0
163,actual_maximum_demand,TAIL-minus-KDE,-18.3944256096379,0.0
164,actual_maximum_demand,TAIL-minus-KDE,10.05222727985851,0.0
165,actual_maximum_demand,TAIL-minus-KDE,-8.50977159391209,0.03099496561797667
166,actual_maximum_demand,TAIL-minus-KDE,-6.4737672249520095,-0.03099496561797667
167,actual_maximum_demand,TAIL-minus-KDE,-8.01528975172471,0.03099496561797667
168,actual_maximum_demand,TAIL-minus-KDE,-1.6022453763702003,0.0
169,actual_maximum_demand,TAIL-minus-KDE,-4.30893453783302,-0.26881720430107336
170,actual_maximum_demand,TAIL-minus-KDE,-8.312966228672842,0.0
171,actual_maximum_demand,TAIL-minus-KDE,-6.536868593972199,0.0
172,actual_maximum_demand,TAIL-minus-KDE,-7.766161927648779,0.0
173,actual_maximum_demand,TAIL-minus-KDE,-5.4744745944681705,0.03099496561797667
174,actual_maximum_demand,TAIL-minus-KDE,-14.85153340350481,0.03099496561797667
175,actual_maximum_demand,TAIL-minus-KDE,0.19882926541863188,0.0
176,actual_maximum_demand,TAIL-minus-KDE,-17.62276644293515,0.0
177,actual_maximum_demand,TAIL-minus-KDE,-3.6116152427297097,0.0
178,actual_maximum_demand,TAIL-minus-KDE,-7.460845441616789,0.23782223868309668
179,actual_maximum_demand,TAIL-minus-KDE,7.04612913809988,0.0
180,actual_maximum_demand,TAIL-minus-KDE,1.2807125244739397,0.03099496561797667
181,actual_maximum_demand,TAIL-minus-KDE,-19.82674816271592,0.0
182,actual_maximum_demand,TAIL-minus-KDE,6.551880746847749,0.26881720430107336
183,actual_maximum_demand,TAIL-minus-KDE,-58.87899603449682,0.0
184,actual_maximum_demand,TAIL-minus-KDE,-9.537444503112368,0.0
185,actual_maximum_demand,TAIL-minus-KDE,-5.101359130521388,0.0
186,actual_maximum_demand,TAIL-minus-KDE,-17.07939065127868,0.0
187,actual_maximum_demand,TAIL-minus-KDE,-10.0840788531959,0.0
188,actual_maximum_demand,TAIL-minus-KDE,5.853228550537691,-0.23782223868309668
189,actual_maximum_demand,TAIL-minus-KDE,1.1304829244961623,0.0
190,actual_maximum_demand,TAIL-minus-KDE,-16.28841314843305,0.03099496561797667
191,actual_maximum_demand,TAIL-minus-KDE,17.36707304025689,0.0
192,actual_maximum_demand,TAIL-minus-KDE,-3.2347773392484984,0.0
193,actual_maximum_demand,TAIL-minus-KDE,2.55721609593689,-0.26881720430107336
194,actual_maximum_demand,TAIL-minus-KDE,-16.318961878652352,-0.03099496561797667
195,actual_maximum_demand,TAIL-minus-KDE,-2.2708663410860503,0.03099496561797667
196,actual_maximum_demand,TAIL-minus-KDE,-6.36977869571186,0.0
197,actual_maximum_demand,TAIL-minus-KDE,-0.6834890371796507,0.03099496561797667
198,actual_maximum_demand,TAIL-minus-KDE,-16.30225497926803,0.0
199,actual_maximum_demand,TAIL-minus-KDE,6.69625778675155,0.03099496561797667
200,actual_maximum_demand,TAIL-minus-KDE,-11.80422407958874,0.29981216991905
201,actual_maximum_demand,TAIL-minus-KDE,0.6271298313383509,0.0
202,actual_maximum_demand,TAIL-minus-KDE,0.9569567596131,0.03099496561797667
203,actual_maximum_demand,TAIL-minus-KDE,-11.629593778692682,0.0
204,actual_maximum_demand,TAIL-minus-KDE,-9.61911133045554,0.0
205,actual_maximum_demand,TAIL-minus-KDE,6.967033086323912,0.0
206,actual_maximum_demand,TAIL-minus-KDE,14.382818736315627,0.0
207,actual_maximum_demand,TAIL-minus-KDE,2.65646661569079,-0.23782223868309668
208,actual_maximum_demand,TAIL-minus-KDE,-23.15916037975913,-0.03099496561797667
209,actual_maximum_demand,TAIL-minus-KDE,-4.882202956852422,0.0
210,actual_maximum_demand,TAIL-minus-KDE,-9.783526533639558,0.03099496561797667
211,actual_maximum_demand,TAIL-minus-KDE,-16.686041070060647,0.03099496561797667
212,actual_maximum_demand,TAIL-minus-KDE,13.920632981779079,0.0
213,actual_maximum_demand,TAIL-minus-KDE,-12.374383170658039,0.0
214,actual_maximum_demand,TAIL-minus-KDE,0.9819705504514501,0.03099496561797667
215,actual_maximum_demand,TAIL-minus-KDE,7.7846722232070205,0.0
216,actual_maximum_demand,TAIL-minus-KDE,-2.1233216667455097,0.29981216991905
217,actual_maximum_demand,TAIL-minus-KDE,-13.22703423138874,0.03099496561797667
218,actual_maximum_demand,TAIL-minus-KDE,0.14558219276732953,0.0
219,actual_maximum_demand,TAIL-minus-KDE,-7.63467816552374,0.0
220,actual_maximum_demand,TAIL-minus-KDE,-19.47426877561254,0.0
221,actual_maximum_demand,TAIL-minus-KDE,-1.0227918489716799,0.03099496561797667
222,actual_maximum_demand,TAIL-minus-KDE,4.47110728574549,0.03099496561797667
223,actual_maximum_demand,TAIL-minus-KDE,-0.5397099952180906,-0.26881720430107336
224,actual_maximum_demand,TAIL-minus-KDE,2.1038952383672407,0.0
225,actual_maximum_demand,TAIL-minus-KDE,10.06919971929408,0.0
226,actual_maximum_demand,TAIL-minus-KDE,27.76016842153296,0.0
227,actual_maximum_demand,TAIL-minus-KDE,8.000360310952649,0.03099496561797667
228,actual_maximum_demand,TAIL-minus-KDE,-9.795127490441189,-0.29981216991905
229,actual_maximum_demand,TAIL-minus-KDE,7.93322156295506,-0.26881720430107336
230,actual_maximum_demand,TAIL-minus-KDE,-10.659724905147241,0.23782223868309668
231,actual_maximum_demand,TAIL-minus-KDE,-7.361993747456561,0.0
232,actual_maximum_demand,TAIL-minus-KDE,-7.670262179613172,0.0
233,actual_maximum_demand,TAIL-minus-KDE,1.6411730384579999,0.0
234,actual_maximum_demand,TAIL-minus-KDE,-1.2135505128719997,0.03099496561797667
235,actual_maximum_demand,TAIL-minus-KDE,10.41609243129745,0.0
236,actual_maximum_demand,TAIL-minus-KDE,-6.816647079472829,0.03099496561797667
237,actual_maximum_demand,TAIL-minus-KDE,0.9446282290614499,0.0
238,actual_maximum_demand,TAIL-minus-KDE,-3.44459959367155,0.0
239,actual_maximum_demand,TAIL-minus-KDE,-10.62522003802327,-0.23782223868309668
240,actual_maximum_demand,TAIL-minus-KDE,-10.07768203872738,0.03099496561797667
241,actual_maximum_demand,TAIL-minus-KDE,1.1216107264051893,0.0
242,actual_maximum_demand,TAIL-minus-KDE,-11.513906087915302,0.0
243,actual_maximum_demand,TAIL-minus-KDE,-3.4439940910861693,0.03099496561797667
244,actual_maximum_demand,TAIL-minus-KDE,1.9870939948263415,0.03099496561797667
245,actual_maximum_demand,TAIL-minus-KDE,-5.2300366458372105,0.0
246,actual_maximum_demand,TAIL-minus-KDE,-5.346146570343279,-0.03099496561797667
247,actual_maximum_demand,TAIL-minus-KDE,-5.88677772354862,0.03099496561797667
248,actual_maximum_demand,TAIL-minus-KDE,-2.42670386559539,-0.23782223868309668
249,actual_maximum_demand,TAIL-minus-KDE,-6.856050961034471,0.0
250,actual_maximum_demand,TAIL-minus-KDE,-11.2925621787102,0.0
251,actual_maximum_demand,TAIL-minus-KDE,3.5437771606007895,-0.23782223868309668
252,actual_maximum_demand,TAIL-minus-KDE,-5.95361987632449,0.0
253,actual_maximum_demand,TAIL-minus-KDE,17.978241929848252,0.26881720430107336
254,actual_maximum_demand,TAIL-minus-KDE,-6.5746487340793305,-0.26881720430107336
255,actual_maximum_demand,TAIL-minus-KDE,-7.83691697750593,0.0
256,actual_maximum_demand,TAIL-minus-KDE,-7.360446763788289,0.0
257,actual_maximum_demand,TAIL-minus-KDE,-6.585272415728719,0.0
258,actual_maximum_demand,TAIL-minus-KDE,0.9369510893508806,0.0
259,actual_maximum_demand,TAIL-minus-KDE,4.877083614177931,0.26881720430107336
260,actual_maximum_demand,TAIL-minus-KDE,-11.235158335275491,-0.03099496561797667
261,actual_maximum_demand,TAIL-minus-KDE,-9.34659841904036,0.0
262,actual_maximum_demand,TAIL-minus-KDE,1.3420422478997995,0.03099496561797667
263,actual_maximum_demand,TAIL-minus-KDE,-10.562132816703048,0.0
264,actual_maximum_demand,TAIL-minus-KDE,-13.724043364065308,0.0
265,actual_maximum_demand,TAIL-minus-KDE,-9.10944424267367,0.0
266,actual_maximum_demand,TAIL-minus-KDE,0.4767284265572297,0.03099496561797667
267,actual_maximum_demand,TAIL-minus-KDE,-0.06804872093430087,-0.23782223868309668
268,actual_maximum_demand,TAIL-minus-KDE,-7.23604141203009,0.0
269,actual_maximum_demand,TAIL-minus-KDE,-10.841820345730339,0.03099496561797667
270,actual_maximum_demand,TAIL-minus-KDE,10.307533000883708,0.0
271,actual_maximum_demand,TAIL-minus-KDE,-28.427307128677963,0.0
272,actual_maximum_demand,TAIL-minus-KDE,-3.655727750835581,0.03099496561797667
273,actual_maximum_demand,TAIL-minus-KDE,14.324752432146973,0.0
274,actual_maximum_demand,TAIL-minus-KDE,-9.041131201843559,0.03099496561797667
275,actual_maximum_demand,TAIL-minus-KDE,-5.804626911665323,0.0
276,actual_maximum_demand,TAIL-minus-KDE,-7.539077551040401,0.0
277,actual_maximum_demand,TAIL-minus-KDE,-11.25597796067191,-0.23782223868309668
278,actual_maximum_demand,TAIL-minus-KDE,-12.294756590245552,0.0
279,actual_maximum_demand,TAIL-minus-KDE,-17.02700533978647,0.29981216991905
280,actual_maximum_demand,TAIL-minus-KDE,8.782808713658099,0.03099496561797667
281,actual_maximum_demand,TAIL-minus-KDE,-2.4031607002201203,0.03099496561797667
282,actual_maximum_demand,TAIL-minus-KDE,-17.114455112981958,0.0
283,actual_maximum_demand,TAIL-minus-KDE,22.39757149251765,0.0
284,actual_maximum_demand,TAIL-minus-KDE,-5.96891263614655,0.0
285,actual_maximum_demand,TAIL-minus-KDE,17.07878316512295,0.03099496561797667
286,actual_maximum_demand,TAIL-minus-KDE,-35.430631840561176,0.0
287,actual_maximum_demand,TAIL-minus-KDE,-1.255768884393349,0.26881720430107336
288,actual_maximum_demand,TAIL-minus-KDE,-6.27145957306221,-0.23782223868309668
289,actual_maximum_demand,TAIL-minus-KDE,-1.1785104871293497,0.0
290,actual_maximum_demand,TAIL-minus-KDE,-2.2620856844833206,-0.26881720430107336
291,actual_maximum_demand,TAIL-minus-KDE,6.56089911157911,0.0
292,actual_maximum_demand,TAIL-minus-KDE,-19.81162707657332,0.0
293,actual_maximum_demand,TAIL-minus-KDE,-14.827273365495412,0.0
294,actual_maximum_demand,TAIL-minus-KDE,-6.160303748562729,0.0
295,actual_maximum_demand,TAIL-minus-KDE,-1.7659145859572491,0.03099496561797667
296,actual_maximum_demand,TAIL-minus-KDE,-0.8592163137796094,0.0
297,actual_maximum_demand,TAIL-minus-KDE,17.60747244020732,0.0
298,actual_maximum_demand,TAIL-minus-KDE,13.99548929164246,0.0
299,actual_maximum_demand,TAIL-minus-KDE,-23.23582295092636,0.0
300,actual_maximum_demand,TAIL-minus-KDE,-7.09663888416575,0.0
301,actual_maximum_demand,TAIL-minus-KDE,-0.7422773839291297,0.0
302,actual_maximum_demand,TAIL-minus-KDE,-11.403656867637562,0.0
303,actual_maximum_demand,TAIL-minus-KDE,4.46550731004531,0.03099496561797667
304,actual_maximum_demand,TAIL-minus-KDE,-14.827504451276582,-0.03099496561797667
305,actual_maximum_demand,TAIL-minus-KDE,-1.116722761642308,0.0
306,actual_maximum_demand,TAIL-minus-KDE,10.2089840028569,0.0
307,actual_maximum_demand,TAIL-minus-KDE,22.439141386049442,0.0
308,actual_maximum_demand,TAIL-minus-KDE,4.777382359024029,0.0
309,actual_maximum_demand,TAIL-minus-KDE,-16.27800442368052,-0.03099496561797667
310,actual_maximum_demand,TAIL-minus-KDE,-18.69677577421598,-0.26881720430107336
311,actual_maximum_demand,TAIL-minus-KDE,-11.42593140633831,0.0
312,actual_maximum_demand,TAIL-minus-KDE,-11.971504384149698,0.0
313,actual_maximum_demand,TAIL-minus-KDE,-2.8087769037831305,0.0
314,actual_maximum_demand,TAIL-minus-KDE,11.565003795410409,0.0
315,actual_maximum_demand,TAIL-minus-KDE,7.226865706011119,0.0
316,actual_maximum_demand,TAIL-minus-KDE,3.0810526087681507,0.0
317,actual_maximum_demand,TAIL-minus-KDE,-7.091408631324861,-0.03099496561797667
318,actual_maximum_demand,TAIL-minus-KDE,-0.19271767995402006,0.03099496561797667
319,actual_maximum_demand,TAIL-minus-KDE,-6.788279056823629,-0.26881720430107336
320,actual_maximum_demand,TAIL-minus-KDE,0.45221247888784094,0.0
321,actual_maximum_demand,TAIL-minus-KDE,-11.20867755037877,0.0
322,actual_maximum_demand,TAIL-minus-KDE,-9.586274900118912,0.03099496561797667
323,actual_maximum_demand,TAIL-minus-KDE,-7.530538229337139,0.03099496561797667
324,actual_maximum_demand,TAIL-minus-KDE,-6.456009113681281,0.0
325,actual_maximum_demand,TAIL-minus-KDE,5.291033807553319,0.03099496561797667
326,actual_maximum_demand,TAIL-minus-KDE,-6.042104642814769,-0.26881720430107336
327,actual_maximum_demand,TAIL-minus-KDE,-13.25562735846099,0.0
328,actual_maximum_demand,TAIL-minus-KDE,-5.936134214595859,0.0
329,actual_maximum_demand,TAIL-minus-KDE,3.8791782380075497,0.03099496561797667
330,actual_maximum_demand,TAIL-minus-KDE,16.84633009962494,0.0
331,actual_maximum_demand,TAIL-minus-KDE,7.832655411599069,0.0
332,actual_maximum_demand,TAIL-minus-KDE,3.6932762606867406,0.03099496561797667
333,actual_maximum_demand,TAIL-minus-KDE,-9.117006651571263,0.26881720430107336
334,actual_maximum_demand,TAIL-minus-KDE,-8.6427895555149,0.0
335,actual_maximum_demand,TAIL-minus-KDE,-5.49974202430954,0.0
336,actual_maximum_demand,TAIL-minus-KDE,-3.5761156463733594,-0.26881720430107336
337,actual_maximum_demand,TAIL-minus-KDE,6.452468340176851,0.03099496561797667
338,actual_maximum_demand,TAIL-minus-KDE,-2.4519483727786895,0.0
339,actual_maximum_demand,TAIL-minus-KDE,-6.669870139268591,0.03099496561797667
340,actual_maximum_demand,TAIL-minus-KDE,-11.4892493505132,-0.23782223868309668
341,actual_maximum_demand,TAIL-minus-KDE,12.688866406627868,0.0
342,actual_maximum_demand,TAIL-minus-KDE,-3.332896959244591,0.0
343,actual_maximum_demand,TAIL-minus-KDE,-2.61477268954101,0.0
344,actual_maximum_demand,TAIL-minus-KDE,-2.3301492451354004,0.03099496561797667
345,actual_maximum_demand,TAIL-minus-KDE,-1.9462247760622304,0.03099496561797667
346,actual_maximum_demand,TAIL-minus-KDE,-11.45136364619446,-2.259204343455367
347,actual_maximum_demand,TAIL-minus-KDE,-2.323907874394418,0.0
348,actual_maximum_demand,TAIL-minus-KDE,6.6677329721347505,0.0
349,actual_maximum_demand,TAIL-minus-KDE,-6.13815808343619,0.03099496561797667
350,actual_maximum_demand,TAIL-minus-KDE,-12.966846394353531,0.0
351,actual_maximum_demand,TAIL-minus-KDE,6.42470961672014,0.0
352,actual_maximum_demand,TAIL-minus-KDE,12.181964680179389,0.0
353,actual_maximum_demand,TAIL-minus-KDE,-1.6100253814631302,0.03099496561797667
354,actual_maximum_demand,TAIL-minus-KDE,-4.092533764885039,0.0
355,actual_maximum_demand,TAIL-minus-KDE,3.5182409997691817,0.0
356,actual_maximum_demand,TAIL-minus-KDE,-0.9045714526617399,0.0
357,actual_maximum_demand,TAIL-minus-KDE,-7.7919621598381585,0.0
358,actual_maximum_demand,TAIL-minus-KDE,-4.74929450099419,-0.03099496561797667
359,actual_maximum_demand,TAIL-minus-KDE,-5.1051331871444,-0.23782223868309668
360,actual_maximum_demand,TAIL-minus-KDE,3.94189653738168,0.0
361,actual_maximum_demand,TAIL-minus-KDE,2.954634254907909,-0.23782223868309668
362,actual_maximum_demand,TAIL-minus-KDE,-6.101079747454022,-0.03099496561797667
363,actual_maximum_demand,TAIL-minus-KDE,-22.44705590479967,0.0
364,actual_maximum_demand,TAIL-minus-KDE,24.41276950941762,0.0
365,actual_maximum_demand,TAIL-minus-KDE,13.70854992756349,0.03099496561797667
366,actual_maximum_demand,TAIL-minus-KDE,-10.29717033893847,0.0
367,actual_maximum_demand,TAIL-minus-KDE,-8.36865803219141,0.0
368,actual_maximum_demand,TAIL-minus-KDE,-11.65275454615729,0.0
369,actual_maximum_demand,TAIL-minus-KDE,13.272419488027692,0.03099496561797667
370,actual_maximum_demand,TAIL-minus-KDE,-8.410385761549218,0.0
371,actual_maximum_demand,TAIL-minus-KDE,6.9243373463822895,0.0
372,actual_maximum_demand,TAIL-minus-KDE,-19.16558018647482,0.26881720430107336
373,actual_maximum_demand,TAIL-minus-KDE,73.1803585446419,0.0
374,actual_maximum_demand,TAIL-minus-KDE,3.0732949725614396,0.0
375,actual_maximum_demand,TAIL-minus-KDE,-3.6013937270172796,0.0
376,actual_maximum_demand,TAIL-minus-KDE,-6.749105990785731,0.0
377,actual_maximum_demand,TAIL-minus-KDE,11.00529961176588,0.0
378,actual_maximum_demand,TAIL-minus-KDE,-1.7532135816707402,0.03099496561797667
379,actual_maximum_demand,TAIL-minus-KDE,-5.845388973283291,0.0
380,actual_maximum_demand,TAIL-minus-KDE,-9.33399254934531,-0.26881720430107336
381,actual_maximum_demand,TAIL-minus-KDE,-2.531845995496779,0.0
382,actual_maximum_demand,TAIL-minus-KDE,-11.803386374663837,0.0
383,actual_maximum_demand,TAIL-minus-KDE,2.274154386926319,0.0
384,actual_maximum_demand,TAIL-minus-KDE,-1.7033118438933599,0.0
385,actual_maximum_demand,TAIL-minus-KDE,-14.36160993924496,-0.03099496561797667
386,actual_maximum_demand,TAIL-minus-KDE,-2.5531009028181506,0.0
387,actual_maximum_demand,TAIL-minus-KDE,4.03606698982505,-0.26881720430107336
388,actual_maximum_demand,TAIL-minus-KDE,-18.967522511791298,0.0
389,actual_maximum_demand,TAIL-minus-KDE,-4.94524561353627,0.0
390,actual_maximum_demand,TAIL-minus-KDE,-11.471383803367571,0.0
391,actual_maximum_demand,TAIL-minus-KDE,-5.08894111495416,0.0
392,actual_maximum_demand,TAIL-minus-KDE,0.008355853881281128,0.0
393,actual_maximum_demand,TAIL-minus-KDE,-0.08239500734950993,0.0
394,actual_maximum_demand,TAIL-minus-KDE,-1.6138934029253391,0.0
395,actual_maximum_demand,TAIL-minus-KDE,-40.32095660418468,0.0
396,actual_maximum_demand,TAIL-minus-KDE,-4.278646726778799,0.0
397,actual_maximum_demand,TAIL-minus-KDE,-0.7052128744165803,0.0
398,actual_maximum_demand,TAIL-minus-KDE,15.651224074648482,0.0
399,actual_maximum_demand,TAIL-minus-KDE,-15.718415047330792,-0.03099496561797667
400,actual_maximum_demand,TAIL-minus-KDE,-11.731094593579188,-0.03099496561797667
401,actual_maximum_demand,TAIL-minus-KDE,-9.28273776669079,-0.26881720430107336
402,actual_maximum_demand,TAIL-minus-KDE,-8.86552260377057,-0.26881720430107336
403,actual_maximum_demand,TAIL-minus-KDE,-4.1400450824731605,-0.23782223868309668
404,actual_maximum_demand,TAIL-minus-KDE,-0.7033870356052505,0.03099496561797667
405,actual_maximum_demand,TAIL-minus-KDE,-46.098990821522214,-0.23782223868309668
406,actual_maximum_demand,TAIL-minus-KDE,-18.42179914136532,-0.03099496561797667
407,actual_maximum_demand,TAIL-minus-KDE,4.688329031971842,0.0
408,actual_maximum_demand,TAIL-minus-KDE,-5.6710823389202,0.0
409,actual_maximum_demand,TAIL-minus-KDE,7.676339255777339,0.03099496561797667
410,actual_maximum_demand,TAIL-minus-KDE,1.640070825795259,0.03099496561797667
411,actual_maximum_demand,TAIL-minus-KDE,34.960550858301765,0.0
412,actual_maximum_demand,TAIL-minus-KDE,-9.21127923542503,0.0
413,actual_maximum_demand,TAIL-minus-KDE,-1.4155016763788775,0.0
414,actual_maximum_demand,TAIL-minus-KDE,-3.3544279783350897,0.0
415,actual_maximum_demand,TAIL-minus-KDE,3.4045946591834104,0.0
416,actual_maximum_demand,TAIL-minus-KDE,-11.84089854731994,0.0
417,actual_maximum_demand,TAIL-minus-KDE,-49.45529676109334,0.0
418,actual_maximum_demand,TAIL-minus-KDE,-12.529772022421849,0.0
419,actual_maximum_demand,TAIL-minus-KDE,-4.61225284941239,0.03099496561797667
420,actual_maximum_demand,TAIL-minus-KDE,21.970473331296787,0.0
421,actual_maximum_demand,TAIL-minus-KDE,9.23127842735774,0.0
422,actual_maximum_demand,TAIL-minus-KDE,-13.546011342771891,0.0
423,actual_maximum_demand,TAIL-minus-KDE,-29.99913619616612,0.0
424,actual_maximum_demand,TAIL-minus-KDE,2.4366906523902774,0.0
425,actual_maximum_demand,TAIL-minus-KDE,-3.899018708054741,0.0
426,actual_maximum_demand,TAIL-minus-KDE,18.15241323050605,0.0
427,actual_maximum_demand,TAIL-minus-KDE,-15.128770848251008,-0.26881720430107336
428,actual_maximum_demand,TAIL-minus-KDE,-5.6178325935617,-0.23782223868309668
429,actual_maximum_demand,TAIL-minus-KDE,-30.25623491862694,-0.23782223868309668
430,actual_maximum_demand,TAIL-minus-KDE,-10.633072825707329,0.03099496561797667
431,actual_maximum_demand,TAIL-minus-KDE,-11.746939915302221,-0.03099496561797667
432,actual_maximum_demand,TAIL-minus-KDE,8.66856261666689,0.0
433,actual_maximum_demand,TAIL-minus-KDE,9.065205982209951,-0.23782223868309668
434,actual_maximum_demand,TAIL-minus-KDE,-2.3954328989202196,0.0
435,actual_maximum_demand,TAIL-minus-KDE,0.4892184634771396,0.0
436,actual_maximum_demand,TAIL-minus-KDE,2.744868998214997,0.0
437,actual_maximum_demand,TAIL-minus-KDE,1.1181466303947203,0.03099496561797667
438,actual_maximum_demand,TAIL-minus-KDE,6.319514616723961,0.03099496561797667
439,actual_maximum_demand,TAIL-minus-KDE,-15.506780951493079,-0.03099496561797667
440,actual_maximum_demand,TAIL-minus-KDE,-37.660057382448606,0.03099496561797667
441,actual_maximum_demand,TAIL-minus-KDE,0.40796510025396804,0.0
442,actual_maximum_demand,TAIL-minus-KDE,-14.628089619319962,0.03099496561797667
443,actual_maximum_demand,TAIL-minus-KDE,-0.8099278895418283,0.0
444,actual_maximum_demand,TAIL-minus-KDE,-17.88002708190587,0.0
445,actual_maximum_demand,TAIL-minus-KDE,5.689979025329181,0.0
446,actual_maximum_demand,TAIL-minus-KDE,3.8955326740849507,0.0
447,actual_maximum_demand,TAIL-minus-KDE,-0.8604988417321001,0.26881720430107336
448,actual_maximum_demand,TAIL-minus-KDE,-2.5958517010617994,0.0
449,actual_maximum_demand,TAIL-minus-KDE,-23.069965189908313,0.0
450,actual_maximum_demand,TAIL-minus-KDE,-1.0050004585945798,0.03099496561797667
451,actual_maximum_demand,TAIL-minus-KDE,-0.10034580395492099,0.0
452,actual_maximum_demand,TAIL-minus-KDE,17.45388742816391,0.0
453,actual_maximum_demand,TAIL-minus-KDE,-20.40301509741137,0.03099496561797667
454,actual_maximum_demand,TAIL-minus-KDE,17.80096686204407,0.03099496561797667
455,actual_maximum_demand,TAIL-minus-KDE,17.24378965259817,0.0
456,actual_maximum_demand,TAIL-minus-KDE,-18.003381732166957,0.0
457,actual_maximum_demand,TAIL-minus-KDE,11.21632267135699,0.0
458,actual_maximum_demand,TAIL-minus-KDE,9.050716171156129,0.03099496561797667
459,actual_maximum_demand,TAIL-minus-KDE,-9.538541973096141,0.0
460,actual_maximum_demand,TAIL-minus-KDE,-4.73576709592799,0.0
461,actual_maximum_demand,TAIL-minus-KDE,-2.3721295470410304,0.0
462,actual_maximum_demand,TAIL-minus-KDE,-16.07416447816188,0.0
463,actual_maximum_demand,TAIL-minus-KDE,1.4442617544877607,0.0
464,actual_maximum_demand,TAIL-minus-KDE,-9.70660388166186,0.03099496561797667
465,actual_maximum_demand,TAIL-minus-KDE,20.66872404415685,0.0
466,actual_maximum_demand,TAIL-minus-KDE,3.5754066788486027,0.0
467,actual_maximum_demand,TAIL-minus-KDE,-8.211691550801332,0.03099496561797667
468,actual_maximum_demand,TAIL-minus-KDE,-2.2292512488472194,0.0
469,actual_maximum_demand,TAIL-minus-KDE,-55.70705468982018,0.0
470,actual_maximum_demand,TAIL-minus-KDE,-10.08165105047541,0.0
471,actual_maximum_demand,TAIL-minus-KDE,-2.151211412206058,0.0
472,actual_maximum_demand,TAIL-minus-KDE,-5.10588425682733,-0.29981216991905
473,actual_maximum_demand,TAIL-minus-KDE,5.9206919389744,0.0
474,actual_maximum_demand,TAIL-minus-KDE,0.16887596310655034,0.0
475,actual_maximum_demand,TAIL-minus-KDE,-43.03211295814726,0.0
476,actual_maximum_demand,TAIL-minus-KDE,-0.3526659598430404,0.0
477,actual_maximum_demand,TAIL-minus-KDE,-70.73269693767021,-0.26881720430107336
478,actual_maximum_demand,TAIL-minus-KDE,-6.765358049936202,0.03099496561797667
479,actual_maximum_demand,TAIL-minus-KDE,9.21503826550381,0.0
480,actual_maximum_demand,TAIL-minus-KDE,-2.6461670048608497,0.0
481,actual_maximum_demand,TAIL-minus-KDE,5.71166262357404,0.03099496561797667
482,actual_maximum_demand,TAIL-minus-KDE,-14.84594054641764,0.0
483,actual_maximum_demand,TAIL-minus-KDE,8.76728012608519,0.26881720430107336
484,actual_maximum_demand,TAIL-minus-KDE,9.824147209721076,-0.03099496561797667
485,actual_maximum_demand,TAIL-minus-KDE,-101.30939280079578,0.0
486,actual_maximum_demand,TAIL-minus-KDE,-4.507328603104759,0.03099496561797667
487,actual_maximum_demand,TAIL-minus-KDE,-9.835311450474487,-0.03099496561797667
488,actual_maximum_demand,TAIL-minus-KDE,-14.961144567248985,0.0
489,actual_maximum_demand,TAIL-minus-KDE,-6.637073894964521,0.03099496561797667
490,actual_maximum_demand,TAIL-minus-KDE,2.552039739098011,0.03099496561797667
491,actual_maximum_demand,TAIL-minus-KDE,-5.0906309061775845,0.0
492,actual_maximum_demand,TAIL-minus-KDE,3.1012554358564497,0.0
493,actual_maximum_demand,TAIL-minus-KDE,-10.270263959686869,-0.03099496561797667
494,actual_maximum_demand,TAIL-minus-KDE,-4.490674733465159,0.0
495,actual_maximum_demand,TAIL-minus-KDE,1.4340875465913596,0.0
496,actual_maximum_demand,TAIL-minus-KDE,16.7859722637843,0.03099496561797667
497,actual_maximum_demand,TAIL-minus-KDE,-14.781435780515666,0.0
498,actual_maximum_demand,TAIL-minus-KDE,15.117641786225992,0.03099496561797667
499,actual_maximum_demand,TAIL-minus-KDE,-15.014608610002512,0.0
500,actual_maximum_demand,TAIL-minus-KDE,0.7642632525767995,0.03099496561797667
501,actual_maximum_demand,TAIL-minus-KDE,-5.312865445466361,0.0
502,actual_maximum_demand,TAIL-minus-KDE,-7.391993487766629,0.0
503,actual_maximum_demand,TAIL-minus-KDE,0.7186714663911895,0.03099496561797667
504,actual_maximum_demand,TAIL-minus-KDE,17.16282676783564,0.26881720430107336
505,actual_maximum_demand,TAIL-minus-KDE,7.709912019782131,0.0
506,actual_maximum_demand,TAIL-minus-KDE,1.8934790055323503,0.0
507,actual_maximum_demand,TAIL-minus-KDE,-8.56396847935629,0.26881720430107336
508,actual_maximum_demand,TAIL-minus-KDE,8.35551659495906,0.0
509,actual_maximum_demand,TAIL-minus-KDE,13.456969953387441,0.0
510,actual_maximum_demand,TAIL-minus-KDE,-0.421885391037069,0.0
511,actual_maximum_demand,TAIL-minus-KDE,4.45158690322362,0.0
512,actual_maximum_demand,TAIL-minus-KDE,-6.7352567843447595,0.0
513,actual_maximum_demand,TAIL-minus-KDE,-3.1989366064142306,0.0
514,actual_maximum_demand,TAIL-minus-KDE,10.19102833269375,0.0
515,actual_maximum_demand,TAIL-minus-KDE,23.638658624322346,0.26881720430107336
516,actual_maximum_demand,TAIL-minus-KDE,-32.30076675590783,-0.26881720430107336
517,actual_maximum_demand,TAIL-minus-KDE,-13.148181233825044,-0.03099496561797667
518,actual_maximum_demand,TAIL-minus-KDE,5.78894771163118,-0.23782223868309668
519,actual_maximum_demand,TAIL-minus-KDE,2.784422802989381,0.03099496561797667
520,actual_maximum_demand,TAIL-minus-KDE,-5.697181778595489,0.0
521,actual_maximum_demand,TAIL-minus-KDE,-1.681226717482691,0.03099496561797667
522,actual_maximum_demand,TAIL-minus-KDE,-6.697860809607089,0.03099496561797667
523,actual_maximum_demand,TAIL-minus-KDE,-0.08474718602693998,0.26881720430107336
524,actual_maximum_demand,TAIL-minus-KDE,-14.48173682448966,0.0
525,actual_maximum_demand,TAIL-minus-KDE,-9.527707154262579,-0.03099496561797667
526,actual_maximum_demand,TAIL-minus-KDE,-8.53823000750104,0.0
527,actual_maximum_demand,TAIL-minus-KDE,-13.034191352141884,0.0
528,actual_maximum_demand,TAIL-minus-KDE,-3.6439579373703888,0.03099496561797667
529,actual_maximum_demand,TAIL-minus-KDE,-12.31533171257216,0.0
530,actual_maximum_demand,TAIL-minus-KDE,2.8874250009004996,0.03099496561797667
531,actual_maximum_demand,TAIL-minus-KDE,-0.9955587768588098,0.03099496561797667
532,actual_maximum_demand,TAIL-minus-KDE,-2.2989350236027386,0.0
533,actual_maximum_demand,TAIL-minus-KDE,1.8339962810601698,0.03099496561797667
534,actual_maximum_demand,TAIL-minus-KDE,-0.6376467999513802,0.03099496561797667
535,actual_maximum_demand,TAIL-minus-KDE,8.672549472972989,0.0
536,actual_maximum_demand,TAIL-minus-KDE,1.2262329777042988,0.0
537,actual_maximum_demand,TAIL-minus-KDE,-5.9713949615330595,0.0
538,actual_maximum_demand,TAIL-minus-KDE,31.024911409005885,0.0
539,actual_maximum_demand,TAIL-minus-KDE,3.6225146098940604,0.0
540,actual_maximum_demand,TAIL-minus-KDE,-13.134529725438728,0.0
541,actual_maximum_demand,TAIL-minus-KDE,-2.9395089006271498,0.03099496561797667
542,actual_maximum_demand,TAIL-minus-KDE,-0.7639194512895298,0.0
543,actual_maximum_demand,TAIL-minus-KDE,1.11897390322315,0.03099496561797667
544,actual_maximum_demand,TAIL-minus-KDE,2.5889753323731703,0.03099496561797667
545,actual_maximum_demand,TAIL-minus-KDE,-8.98125992818695,0.0
546,actual_maximum_demand,TAIL-minus-KDE,32.28386942790819,0.0
547,actual_maximum_demand,TAIL-minus-KDE,-144.42539155892112,0.03099496561797667
548,actual_maximum_demand,TAIL-minus-KDE,2.38812552876341,0.03099496561797667
549,actual_maximum_demand,TAIL-minus-KDE,-14.40674263041099,0.0
550,actual_maximum_demand,TAIL-minus-KDE,-16.61130134946708,-0.26881720430107336
551,actual_maximum_demand,TAIL-minus-KDE,-76.92140415665227,0.0
552,actual_maximum_demand,TAIL-minus-KDE,-3.40022998980783,0.0
553,actual_maximum_demand,TAIL-minus-KDE,-3.87183872970409,0.0
554,actual_maximum_demand,TAIL-minus-KDE,-4.6812781757202,0.03099496561797667
555,actual_maximum_demand,TAIL-minus-KDE,-10.118538269954069,0.0
556,actual_maximum_demand,TAIL-minus-KDE,11.25566622559183,0.03099496561797667
557,actual_maximum_demand,TAIL-minus-KDE,-5.471515421799811,0.0
558,actual_maximum_demand,TAIL-minus-KDE,-9.75291214943172,0.0
559,actual_maximum_demand,TAIL-minus-KDE,-5.26745144230774,-0.26881720430107336
560,actual_maximum_demand,TAIL-minus-KDE,-11.200742384857602,0.0
561,actual_maximum_demand,TAIL-minus-KDE,-4.510161499267001,0.0
562,actual_maximum_demand,TAIL-minus-KDE,-0.20172106600353026,0.0
563,actual_maximum_demand,TAIL-minus-KDE,-4.22587150479602,0.03099496561797667
564,actual_maximum_demand,TAIL-minus-KDE,0.34809635123548843,0.0
565,actual_maximum_demand,TAIL-minus-KDE,4.738744618148821,0.03099496561797667
566,actual_maximum_demand,TAIL-minus-KDE,-1.9151785253533504,0.0
567,actual_maximum_demand,TAIL-minus-KDE,-10.67486872424359,0.0
568,actual_maximum_demand,TAIL-minus-KDE,-2.1765282170324607,0.0
569,actual_maximum_demand,TAIL-minus-KDE,12.43543505295423,0.0
570,actual_maximum_demand,TAIL-minus-KDE,-62.56924908063483,0.0
571,actual_maximum_demand,TAIL-minus-KDE,1.9553124520756096,0.03099496561797667
572,actual_maximum_demand,TAIL-minus-KDE,7.99935359170149,0.03099496561797667
573,actual_maximum_demand,TAIL-minus-KDE,-6.171828502577281,0.0
574,actual_maximum_demand,TAIL-minus-KDE,-6.507420789259092,-0.26881720430107336
575,actual_maximum_demand,TAIL-minus-KDE,-7.247473653943123,-0.26881720430107336
576,actual_maximum_demand,TAIL-minus-KDE,-8.3222735409251,0.0
577,actual_maximum_demand,TAIL-minus-KDE,-8.88976237635468,0.03099496561797667
578,actual_maximum_demand,TAIL-minus-KDE,2.47695142989506,0.0
579,actual_maximum_demand,TAIL-minus-KDE,-10.741777680769259,0.03099496561797667
580,actual_maximum_demand,TAIL-minus-KDE,10.913749972745169,0.26881720430107336
581,actual_maximum_demand,TAIL-minus-KDE,-1.2505007992571593,-0.1287200792519367
582,actual_maximum_demand,TAIL-minus-KDE,-5.19018412166101,0.0
583,actual_maximum_demand,TAIL-minus-KDE,-12.02394766567021,0.0
584,actual_maximum_demand,TAIL-minus-KDE,-14.610036755238001,0.26881720430107336
585,actual_maximum_demand,TAIL-minus-KDE,-12.84438727265782,0.03099496561797667
586,actual_maximum_demand,TAIL-minus-KDE,3.28487827874235,0.0
587,actual_maximum_demand,TAIL-minus-KDE,4.954032957845101,0.03099496561797667
588,actual_maximum_demand,TAIL-minus-KDE,21.72913214331563,0.26881720430107336
589,actual_maximum_demand,TAIL-minus-KDE,3.476045317578809,0.03099496561797667
590,actual_maximum_demand,TAIL-minus-KDE,-3.793877175630589,-0.26881720430107336
591,actual_maximum_demand,TAIL-minus-KDE,13.957252976574269,0.0
592,actual_maximum_demand,TAIL-minus-KDE,-16.70770451975746,0.0
593,actual_maximum_demand,TAIL-minus-KDE,-3.9739384379980396,0.0
594,actual_maximum_demand,TAIL-minus-KDE,4.08832432334893,0.03099496561797667
595,actual_maximum_demand,TAIL-minus-KDE,-17.962696893643763,0.0
596,actual_maximum_demand,TAIL-minus-KDE,2.3014495529974006,0.03099496561797667
597,actual_maximum_demand,TAIL-minus-KDE,-7.706562784389487,0.0
598,actual_maximum_demand,TAIL-minus-KDE,-20.17761681806319,-0.03099496561797667
599,actual_maximum_demand,TAIL-minus-KDE,14.98495930068064,0.0
600,actual_maximum_demand,TAIL-minus-KDE,-14.453192170072782,-0.03099496561797667
601,actual_maximum_demand,TAIL-minus-KDE,23.45385741752782,0.0
602,actual_maximum_demand,TAIL-minus-KDE,-0.8399109370971103,0.03099496561797667
603,actual_maximum_demand,TAIL-minus-KDE,-2.078206560786,0.0
604,actual_maximum_demand,TAIL-minus-KDE,-12.142283681564708,0.0
605,actual_maximum_demand,TAIL-minus-KDE,-10.9485502176565,0.03099496561797667
606,actual_maximum_demand,TAIL-minus-KDE,3.4422728549488593,0.0
607,actual_maximum_demand,TAIL-minus-KDE,-13.135260890740549,0.0
608,actual_maximum_demand,TAIL-minus-KDE,14.781348512863602,0.0
609,actual_maximum_demand,TAIL-minus-KDE,-18.422415226102363,-0.23782223868309668
610,actual_maximum_demand,TAIL-minus-KDE,-3.4780074747463807,0.0
611,actual_maximum_demand,TAIL-minus-KDE,-3.1292280334353397,0.03099496561797667
612,actual_maximum_demand,TAIL-minus-KDE,2.96940160189628,0.26881720430107336
613,actual_maximum_demand,TAIL-minus-KDE,27.582372910448527,0.0
614,actual_maximum_demand,TAIL-minus-KDE,3.840357816847992,0.0
615,actual_maximum_demand,TAIL-minus-KDE,26.64306347201995,0.0
616,actual_maximum_demand,TAIL-minus-KDE,11.045995202270278,0.0
617,actual_maximum_demand,TAIL-minus-KDE,-11.78081460850055,-0.23782223868309668
618,actual_maximum_demand,TAIL-minus-KDE,-6.044962165812221,0.03099496561797667
619,actual_maximum_demand,TAIL-minus-KDE,-4.3748657734685485,0.0
620,actual_maximum_demand,TAIL-minus-KDE,-5.8555186153447485,0.0
621,actual_maximum_demand,TAIL-minus-KDE,-10.938156056523058,0.0
622,actual_maximum_demand,TAIL-minus-KDE,3.230617080135051,0.03099496561797667
623,actual_maximum_demand,TAIL-minus-KDE,-0.7331760590521402,-0.26881720430107336
624,actual_maximum_demand,TAIL-minus-KDE,18.57753059580875,0.26881720430107336
625,actual_maximum_demand,TAIL-minus-KDE,3.195136254353481,0.0
626,actual_maximum_demand,TAIL-minus-KDE,-11.297583684832219,-0.03099496561797667
627,actual_maximum_demand,TAIL-minus-KDE,3.652641651566481,0.0
628,actual_maximum_demand,TAIL-minus-KDE,-9.45744229526225,0.03099496561797667
629,actual_maximum_demand,TAIL-minus-KDE,-9.29220507221245,0.0
630,actual_maximum_demand,TAIL-minus-KDE,-4.588439656603049,0.0
631,actual_maximum_demand,TAIL-minus-KDE,-1.6552303540258384,0.0
632,actual_maximum_demand,TAIL-minus-KDE,-3.000163909153819,0.0
633,actual_maximum_demand,TAIL-minus-KDE,-11.396753405180378,0.0
634,actual_maximum_demand,TAIL-minus-KDE,-23.39902969917757,0.0
635,actual_maximum_demand,TAIL-minus-KDE,0.20614661557184916,0.0
636,actual_maximum_demand,TAIL-minus-KDE,-9.19505852991703,0.0
637,actual_maximum_demand,TAIL-minus-KDE,-0.8314884428221397,0.0
638,actual_maximum_demand,TAIL-minus-KDE,10.15494274938652,0.26881720430107336
639,actual_maximum_demand,TAIL-minus-KDE,-23.37415689818321,0.0
640,actual_maximum_demand,TAIL-minus-KDE,12.099608802480342,0.0
641,actual_maximum_demand,TAIL-minus-KDE,6.919542558543442,0.26881720430107336
642,actual_maximum_demand,TAIL-minus-KDE,-1.1948534397076909,0.0
643,actual_maximum_demand,TAIL-minus-KDE,12.185240063142139,0.0
644,actual_maximum_demand,TAIL-minus-KDE,-8.02945237010339,0.0
645,actual_maximum_demand,TAIL-minus-KDE,-15.37713350446363,0.03099496561797667
646,actual_maximum_demand,TAIL-minus-KDE,4.44490875175823,0.03099496561797667
647,actual_maximum_demand,TAIL-minus-KDE,-6.2123936339004,0.0
648,actual_maximum_demand,TAIL-minus-KDE,-16.50204332772578,-0.03099496561797667
649,actual_maximum_demand,TAIL-minus-KDE,-8.69153575992689,0.0
650,actual_maximum_demand,TAIL-minus-KDE,-9.06000650495267,0.0
651,actual_maximum_demand,TAIL-minus-KDE,9.282742704475371,0.03099496561797667
652,actual_maximum_demand,TAIL-minus-KDE,-9.6587215648284,0.0
653,actual_maximum_demand,TAIL-minus-KDE,-19.72983104135026,0.0
654,actual_maximum_demand,TAIL-minus-KDE,-2.8950241615291805,0.0
655,actual_maximum_demand,TAIL-minus-KDE,5.95514856219308,0.03099496561797667
656,actual_maximum_demand,TAIL-minus-KDE,-4.85995190806522,-0.23782223868309668
657,actual_maximum_demand,TAIL-minus-KDE,-2.6875663975351376,0.0
658,actual_maximum_demand,TAIL-minus-KDE,-8.41675826947198,0.0
659,actual_maximum_demand,TAIL-minus-KDE,15.63220696472859,0.0
660,actual_maximum_demand,TAIL-minus-KDE,8.10411127962751,0.0
661,actual_maximum_demand,TAIL-minus-KDE,-9.76664240119657,0.0
662,actual_maximum_demand,TAIL-minus-KDE,-5.536224071430018,0.0
663,actual_maximum_demand,TAIL-minus-KDE,-10.78556081256494,0.0
664,actual_maximum_demand,TAIL-minus-KDE,4.03850137079523,0.03099496561797667
665,actual_maximum_demand,TAIL-minus-KDE,-13.09993381152833,0.0
666,actual_maximum_demand,TAIL-minus-KDE,1.34521670808493,-0.26881720430107336
667,actual_maximum_demand,TAIL-minus-KDE,2.42898776298105,0.0
668,actual_maximum_demand,TAIL-minus-KDE,4.447781108345278,0.0
669,actual_maximum_demand,TAIL-minus-KDE,-3.4357158553110114,0.0
670,actual_maximum_demand,TAIL-minus-KDE,16.17536875145189,0.0
671,actual_maximum_demand,TAIL-minus-KDE,-7.137875613849901,0.03099496561797667
672,actual_maximum_demand,TAIL-minus-KDE,0.11472386040724952,0.26881720430107336
673,actual_maximum_demand,TAIL-minus-KDE,-2.9673403509496152,0.0
674,actual_maximum_demand,TAIL-minus-KDE,-2.959742367786769,0.0
675,actual_maximum_demand,TAIL-minus-KDE,-4.048817103707892,0.0
676,actual_maximum_demand,TAIL-minus-KDE,37.381716870272555,0.0
677,actual_maximum_demand,TAIL-minus-KDE,-8.443496895585719,0.0
678,actual_maximum_demand,TAIL-minus-KDE,0.05033785068287999,0.0
679,actual_maximum_demand,TAIL-minus-KDE,-0.0294033334067495,0.03099496561797667
680,actual_maximum_demand,TAIL-minus-KDE,-8.05586166943682,0.0
681,actual_maximum_demand,TAIL-minus-KDE,-10.906502782133519,0.23782223868309668
682,actual_maximum_demand,TAIL-minus-KDE,4.0304740786729605,0.0
683,actual_maximum_demand,TAIL-minus-KDE,-3.4503151716826705,0.03099496561797667
684,actual_maximum_demand,TAIL-minus-KDE,-0.39949160526335237,0.0
685,actual_maximum_demand,TAIL-minus-KDE,-5.83404045307465,0.03099496561797667
686,actual_maximum_demand,TAIL-minus-KDE,-6.75236969736132,0.0
687,actual_maximum_demand,TAIL-minus-KDE,3.2223803779804383,0.0
688,actual_maximum_demand,TAIL-minus-KDE,3.437877648432709,0.03099496561797667
689,actual_maximum_demand,TAIL-minus-KDE,-11.471935817004631,-0.004968900977683375
690,actual_maximum_demand,TAIL-minus-KDE,-12.72011845188478,0.03099496561797667
691,actual_maximum_demand,TAIL-minus-KDE,-2.449936235201951,0.0
692,actual_maximum_demand,TAIL-minus-KDE,-18.63623528535344,-0.26881720430107336
693,actual_maximum_demand,TAIL-minus-KDE,-24.289729399367708,0.0
694,actual_maximum_demand,TAIL-minus-KDE,16.673614860609632,-0.03099496561797667
695,actual_maximum_demand,TAIL-minus-KDE,-3.4288321584832597,0.03099496561797667
696,actual_maximum_demand,TAIL-minus-KDE,-0.38296441865721953,0.0
697,actual_maximum_demand,TAIL-minus-KDE,-4.2008197027322005,0.0
698,actual_maximum_demand,TAIL-minus-KDE,-11.62110196232857,0.03099496561797667
699,actual_maximum_demand,TAIL-minus-KDE,4.45643565117715,-0.26881720430107336
700,actual_maximum_demand,TAIL-minus-KDE,-10.32022714728454,0.0
701,actual_maximum_demand,TAIL-minus-KDE,-4.30092900080807,0.0
702,actual_maximum_demand,TAIL-minus-KDE,-2.27669922915832,0.0
703,actual_maximum_demand,TAIL-minus-KDE,14.340101450112181,0.0
704,actual_maximum_demand,TAIL-minus-KDE,5.98786127137611,-0.26881720430107336
705,actual_maximum_demand,TAIL-minus-KDE,-17.076399165099243,0.0
706,actual_maximum_demand,TAIL-minus-KDE,-14.30416018317624,0.03099496561797667
707,actual_maximum_demand,TAIL-minus-KDE,-3.666510990296751,0.0
708,actual_maximum_demand,TAIL-minus-KDE,-15.913873897467038,0.0
709,actual_maximum_demand,TAIL-minus-KDE,-5.50626799664398,0.03099496561797667
710,actual_maximum_demand,TAIL-minus-KDE,-6.382963749531459,0.0
711,actual_maximum_demand,TAIL-minus-KDE,-11.568561894519089,0.03099496561797667
712,actual_maximum_demand,TAIL-minus-KDE,10.34790920946228,0.0
713,actual_maximum_demand,TAIL-minus-KDE,-4.859562119254949,0.0
714,actual_maximum_demand,TAIL-minus-KDE,-5.72805985127062,0.0
715,actual_maximum_demand,TAIL-minus-KDE,-2.2527140340526497,0.0
716,actual_maximum_demand,TAIL-minus-KDE,8.90604170728964,0.0
717,actual_maximum_demand,TAIL-minus-KDE,-15.88981067570097,-0.26881720430107336
718,actual_maximum_demand,TAIL-minus-KDE,-1.9656624949793595,-0.26881720430107336
719,actual_maximum_demand,TAIL-minus-KDE,16.37564373368368,0.0
720,actual_maximum_demand,TAIL-minus-KDE,-5.742521778021049,0.0
721,actual_maximum_demand,TAIL-minus-KDE,2.6534244760779995,0.0
722,actual_maximum_demand,TAIL-minus-KDE,-1.7400967681568291,-0.03099496561797667
723,actual_maximum_demand,TAIL-minus-KDE,-12.50316391436434,0.0
724,actual_maximum_demand,TAIL-minus-KDE,11.99327877975726,0.0
725,actual_maximum_demand,TAIL-minus-KDE,-21.89564223724795,0.0
726,actual_maximum_demand,TAIL-minus-KDE,-8.85351631967399,0.0
727,actual_maximum_demand,TAIL-minus-KDE,-16.21765333660658,-0.03099496561797667
728,actual_maximum_demand,TAIL-minus-KDE,-10.36514107419612,0.03099496561797667
729,actual_maximum_demand,TAIL-minus-KDE,-4.34943946206744,0.0
730,actual_maximum_demand,TAIL-minus-KDE,-21.22827456897794,-0.03099496561797667
731,actual_maximum_demand,TAIL-minus-KDE,-1.798310069555581,0.03099496561797667
732,actual_maximum_demand,TAIL-minus-KDE,-18.4471967940752,0.0
733,actual_maximum_demand,TAIL-minus-KDE,6.213381479589178,0.0
734,actual_maximum_demand,TAIL-minus-KDE,-9.38790846550018,0.03099496561797667
735,actual_maximum_demand,TAIL-minus-KDE,-3.413107082028251,0.03099496561797667
736,actual_maximum_demand,TAIL-minus-KDE,-14.983657692755678,-0.23782223868309668
737,actual_maximum_demand,TAIL-minus-KDE,11.0524050963594,0.0
738,actual_maximum_demand,TAIL-minus-KDE,-8.377670400022238,0.0
739,actual_maximum_demand,TAIL-minus-KDE,29.83072588444041,0.0
740,actual_maximum_demand,TAIL-minus-KDE,3.7573704844710996,0.0
741,actual_maximum_demand,TAIL-minus-KDE,-3.5326791883698805,0.0
742,actual_maximum_demand,TAIL-minus-KDE,7.031480872656598,0.03099496561797667
743,actual_maximum_demand,TAIL-minus-KDE,-4.853596053084021,-0.26881720430107336
744,actual_maximum_demand,TAIL-minus-KDE,-5.108408497262339,0.0
745,actual_maximum_demand,TAIL-minus-KDE,1.0436080455658192,0.0
746,actual_maximum_demand,TAIL-minus-KDE,-17.19425828269909,-0.23782223868309668
747,actual_maximum_demand,TAIL-minus-KDE,11.523167519509089,0.03099496561797667
748,actual_maximum_demand,TAIL-minus-KDE,-10.610474900150619,0.03099496561797667
749,actual_maximum_demand,TAIL-minus-KDE,9.1719533736104,0.0
750,actual_maximum_demand,TAIL-minus-KDE,0.9044131331192973,0.0
751,actual_maximum_demand,TAIL-minus-KDE,26.802450137832608,0.0
752,actual_maximum_demand,TAIL-minus-KDE,25.86423576134202,0.26881720430107336
753,actual_maximum_demand,TAIL-minus-KDE,-9.544074204509299,0.03099496561797667
754,actual_maximum_demand,TAIL-minus-KDE,7.2667798592170705,0.26881720430107336
755,actual_maximum_demand,TAIL-minus-KDE,-12.331832312255461,0.03099496561797667
756,actual_maximum_demand,TAIL-minus-KDE,-6.85582519404303,0.26881720430107336
757,actual_maximum_demand,TAIL-minus-KDE,-8.204606844906289,0.0
758,actual_maximum_demand,TAIL-minus-KDE,15.914312048649387,0.0
759,actual_maximum_demand,TAIL-minus-KDE,14.763346042934392,0.0
760,actual_maximum_demand,TAIL-minus-KDE,16.91035684827727,0.03099496561797667
761,actual_maximum_demand,TAIL-minus-KDE,0.265735796076,0.03099496561797667
762,actual_maximum_demand,TAIL-minus-KDE,1.18485252948454,0.03099496561797667
763,actual_maximum_demand,TAIL-minus-KDE,0.55366143387265,0.0
764,actual_maximum_demand,TAIL-minus-KDE,-2.20929682910902,0.03099496561797667
765,actual_maximum_demand,TAIL-minus-KDE,-2.05029078443629,0.0
766,actual_maximum_demand,TAIL-minus-KDE,-10.248341674771492,0.03099496561797667
767,actual_maximum_demand,TAIL-minus-KDE,10.314320878404061,0.0
768,actual_maximum_demand,TAIL-minus-KDE,2.419817113116211,0.03099496561797667
769,actual_maximum_demand,TAIL-minus-KDE,-12.672432509392301,0.0
770,actual_maximum_demand,TAIL-minus-KDE,-9.05292433372415,0.03099496561797667
771,actual_maximum_demand,TAIL-minus-KDE,-3.559447828029999,0.0
772,actual_maximum_demand,TAIL-minus-KDE,-10.995830303203169,0.0
773,actual_maximum_demand,TAIL-minus-KDE,6.55487972395442,-0.26881720430107336
774,actual_maximum_demand,TAIL-minus-KDE,-2.74505814164636,0.0
775,actual_maximum_demand,TAIL-minus-KDE,-4.07781445351664,0.0
776,actual_maximum_demand,TAIL-minus-KDE,-17.67401488195616,0.0
777,actual_maximum_demand,TAIL-minus-KDE,-2.7775170915516996,0.03099496561797667
778,actual_maximum_demand,TAIL-minus-KDE,-7.0589342022437,0.26881720430107336
779,actual_maximum_demand,TAIL-minus-KDE,15.63985585736232,0.0
780,actual_maximum_demand,TAIL-minus-KDE,-7.838911605649999,0.0
781,actual_maximum_demand,TAIL-minus-KDE,1.8812836710404985,0.0
782,actual_maximum_demand,TAIL-minus-KDE,-1.5070967377807194,0.03099496561797667
783,actual_maximum_demand,TAIL-minus-KDE,-3.3460481085476697,0.03099496561797667
784,actual_maximum_demand,TAIL-minus-KDE,18.00716804052884,0.0
785,actual_maximum_demand,TAIL-minus-KDE,-19.288052177748284,-0.03099496561797667
786,actual_maximum_demand,TAIL-minus-KDE,2.8014054005695797,0.03099496561797667
787,actual_maximum_demand,TAIL-minus-KDE,7.2939829645908505,0.03099496561797667
788,actual_maximum_demand,TAIL-minus-KDE,-5.355674014426571,0.0
789,actual_maximum_demand,TAIL-minus-KDE,-1.4197546849475704,0.0
790,actual_maximum_demand,TAIL-minus-KDE,-0.3318702126558999,0.0
791,actual_maximum_demand,TAIL-minus-KDE,18.703774805951902,0.0
792,actual_maximum_demand,TAIL-minus-KDE,-12.355721015614007,-0.03099496561797667
793,actual_maximum_demand,TAIL-minus-KDE,2.31184432551895,-0.26881720430107336
794,actual_maximum_demand,TAIL-minus-KDE,9.84114166170019,0.0
795,actual_maximum_demand,TAIL-minus-KDE,-22.089234085238083,-0.03099496561797667
796,actual_maximum_demand,TAIL-minus-KDE,1.9611333572830902,0.0
797,actual_maximum_demand,TAIL-minus-KDE,-11.198854869415129,-0.03099496561797667
798,actual_maximum_demand,TAIL-minus-KDE,-94.39176083199906,-0.26881720430107336
799,actual_maximum_demand,TAIL-minus-KDE,-8.416925976281089,-0.05555272422745668
800,actual_maximum_demand,TAIL-minus-KDE,0.01598334055799011,0.0
801,actual_maximum_demand,TAIL-minus-KDE,3.5764626943749294,0.0
802,actual_maximum_demand,TAIL-minus-KDE,2.3952972369597605,0.0
803,actual_maximum_demand,TAIL-minus-KDE,1.7056743800676095,0.0
804,actual_maximum_demand,TAIL-minus-KDE,-2.935837480874637,0.03099496561797667
805,actual_maximum_demand,TAIL-minus-KDE,-6.379857382039061,0.0
806,actual_maximum_demand,TAIL-minus-KDE,-7.5341454484817705,0.03099496561797667
807,actual_maximum_demand,TAIL-minus-KDE,-17.78907700632171,0.0
808,actual_maximum_demand,TAIL-minus-KDE,7.74941222186066,0.0
809,actual_maximum_demand,TAIL-minus-KDE,-37.55680317855255,-0.26881720430107336
810,actual_maximum_demand,TAIL-minus-KDE,4.85329874200411,0.23782223868309668
811,actual_maximum_demand,TAIL-minus-KDE,-6.63543657287663,0.03099496561797667
812,actual_maximum_demand,TAIL-minus-KDE,-0.6836280387767895,0.0
813,actual_maximum_demand,TAIL-minus-KDE,1.5206426002400801,0.03099496561797667
814,actual_maximum_demand,TAIL-minus-KDE,0.5147780230194008,0.0
815,actual_maximum_demand,TAIL-minus-KDE,-12.51377635508231,-0.03099496561797667
816,actual_maximum_demand,TAIL-minus-KDE,-15.88648422159965,-0.26881720430107336
817,actual_maximum_demand,TAIL-minus-KDE,0.052094189713700056,0.03099496561797667
818,actual_maximum_demand,TAIL-minus-KDE,11.013335618666979,0.0
819,actual_maximum_demand,TAIL-minus-KDE,2.46076074165779,0.0
820,actual_maximum_demand,TAIL-minus-KDE,14.05086598538961,0.0
821,actual_maximum_demand,TAIL-minus-KDE,0.9179637948611306,0.26881720430107336
822,actual_maximum_demand,TAIL-minus-KDE,-4.08013223836457,0.03099496561797667
823,actual_maximum_demand,TAIL-minus-KDE,-15.178963142881338,0.0
824,actual_maximum_demand,TAIL-minus-KDE,-1.5395513315510498,0.0
825,actual_maximum_demand,TAIL-minus-KDE,18.810936076374098,0.0
826,actual_maximum_demand,TAIL-minus-KDE,-6.03686695913824,0.0
827,actual_maximum_demand,TAIL-minus-KDE,-4.41554077655103,0.03099496561797667
828,actual_maximum_demand,TAIL-minus-KDE,-8.61375700112967,0.03099496561797667
829,actual_maximum_demand,TAIL-minus-KDE,-0.021815962308840975,0.0
830,actual_maximum_demand,TAIL-minus-KDE,3.4423531637655795,0.0
831,actual_maximum_demand,TAIL-minus-KDE,-1.0254840399462617,0.0
832,actual_maximum_demand,TAIL-minus-KDE,-7.442773893661679,0.26881720430107336
833,actual_maximum_demand,TAIL-minus-KDE,7.329791981999239,0.0
834,actual_maximum_demand,TAIL-minus-KDE,8.99686854246587,0.03099496561797667
835,actual_maximum_demand,TAIL-minus-KDE,30.3929863358878,0.0
836,actual_maximum_demand,TAIL-minus-KDE,0.4804446303572799,0.0
837,actual_maximum_demand,TAIL-minus-KDE,-5.952757852428039,0.0
838,actual_maximum_demand,TAIL-minus-KDE,-47.177975219586884,-0.26881720430107336
839,actual_maximum_demand,TAIL-minus-KDE,-6.77003015418417,0.0
840,actual_maximum_demand,TAIL-minus-KDE,-0.12398826480101016,0.03099496561797667
841,actual_maximum_demand,TAIL-minus-KDE,-18.09593151582082,0.03099496561797667
842,actual_maximum_demand,TAIL-minus-KDE,5.883470016930681,0.03099496561797667
843,actual_maximum_demand,TAIL-minus-KDE,-9.87130709248785,0.26881720430107336
844,actual_maximum_demand,TAIL-minus-KDE,-11.18908862114688,0.0
845,actual_maximum_demand,TAIL-minus-KDE,-12.09085538376625,0.0
846,actual_maximum_demand,TAIL-minus-KDE,19.53289089557284,0.0
847,actual_maximum_demand,TAIL-minus-KDE,-5.250634507157821,0.03099496561797667
848,actual_maximum_demand,TAIL-minus-KDE,-13.204956601318429,-0.03099496561797667
849,actual_maximum_demand,TAIL-minus-KDE,-15.782175190311328,0.0
850,actual_maximum_demand,TAIL-minus-KDE,-11.050090319224141,0.0
851,actual_maximum_demand,TAIL-minus-KDE,-19.89376361604562,-0.26881720430107336
852,actual_maximum_demand,TAIL-minus-KDE,-0.47761884798926957,0.0
853,actual_maximum_demand,TAIL-minus-KDE,18.493005200357267,0.0
854,actual_maximum_demand,TAIL-minus-KDE,-9.323409522855039,0.0
855,actual_maximum_demand,TAIL-minus-KDE,-16.007844310404764,0.0
856,actual_maximum_demand,TAIL-minus-KDE,-9.45969259540348,-0.23782223868309668
857,actual_maximum_demand,TAIL-minus-KDE,4.54232750188937,0.0
858,actual_maximum_demand,TAIL-minus-KDE,-0.5985272155050708,0.03099496561797667
859,actual_maximum_demand,TAIL-minus-KDE,-0.917582144413312,0.0
860,actual_maximum_demand,TAIL-minus-KDE,-3.1227760001309806,0.03099496561797667
861,actual_maximum_demand,TAIL-minus-KDE,4.52786493022678,0.03099496561797667
862,actual_maximum_demand,TAIL-minus-KDE,11.65095400525068,0.0
863,actual_maximum_demand,TAIL-minus-KDE,2.1142057035511974,0.0
864,actual_maximum_demand,TAIL-minus-KDE,10.766400582729469,0.0
865,actual_maximum_demand,TAIL-minus-KDE,17.9745081555866,0.0
866,actual_maximum_demand,TAIL-minus-KDE,-8.86294490293302,0.0
867,actual_maximum_demand,TAIL-minus-KDE,-2.0908528614150104,0.0
868,actual_maximum_demand,TAIL-minus-KDE,-11.16422398246015,0.0
869,actual_maximum_demand,TAIL-minus-KDE,4.538139468570041,0.03099496561797667
870,actual_maximum_demand,TAIL-minus-KDE,-0.8780022237511398,0.0
871,actual_maximum_demand,TAIL-minus-KDE,-0.6839930439889813,0.03099496561797667
872,actual_maximum_demand,TAIL-minus-KDE,-18.8531480273954,0.0
873,actual_maximum_demand,TAIL-minus-KDE,-6.750736400875741,0.03099496561797667
874,actual_maximum_demand,TAIL-minus-KDE,-10.726572933722,0.29981216991905
875,actual_maximum_demand,TAIL-minus-KDE,-2.9297322635134697,0.0
876,actual_maximum_demand,TAIL-minus-KDE,-5.81947189389786,-0.26881720430107336
877,actual_maximum_demand,TAIL-minus-KDE,1.1997488043639009,0.0
878,actual_maximum_demand,TAIL-minus-KDE,20.58371046066662,0.0
879,actual_maximum_demand,TAIL-minus-KDE,-1.18500642244742,0.03099496561797667
880,actual_maximum_demand,TAIL-minus-KDE,-3.5759616218290593,-0.23782223868309668
881,actual_maximum_demand,TAIL-minus-KDE,30.971539287463017,0.0
882,actual_maximum_demand,TAIL-minus-KDE,-59.97112126571218,0.0
883,actual_maximum_demand,TAIL-minus-KDE,-7.456898454885271,0.0
884,actual_maximum_demand,TAIL-minus-KDE,-1.05754993231335,-0.26881720430107336
885,actual_maximum_demand,TAIL-minus-KDE,20.454990461315827,0.0
886,actual_maximum_demand,TAIL-minus-KDE,19.00174917214703,0.0
887,actual_maximum_demand,TAIL-minus-KDE,-3.2546800637899707,0.03099496561797667
888,actual_maximum_demand,TAIL-minus-KDE,-0.20914057443095768,0.03099496561797667
889,actual_maximum_demand,TAIL-minus-KDE,5.825081662917871,0.0
890,actual_maximum_demand,TAIL-minus-KDE,8.568352991317141,0.0
891,actual_maximum_demand,TAIL-minus-KDE,-3.2681494297624902,-0.26881720430107336
892,actual_maximum_demand,TAIL-minus-KDE,-6.24700526263999,0.0
893,actual_maximum_demand,TAIL-minus-KDE,-18.26522639248876,-0.03099496561797667
894,actual_maximum_demand,TAIL-minus-KDE,-11.850738749702048,-0.03099496561797667
895,actual_maximum_demand,TAIL-minus-KDE,1.24845623204694,0.0
896,actual_maximum_demand,TAIL-minus-KDE,-3.179648079945041,0.0
897,actual_maximum_demand,TAIL-minus-KDE,-8.71899939778665,0.0
898,actual_maximum_demand,TAIL-minus-KDE,10.80054289618308,0.03099496561797667
899,actual_maximum_demand,TAIL-minus-KDE,-1.148737669883268,0.03099496561797667
900,actual_maximum_demand,TAIL-minus-KDE,12.25956266232033,0.0
901,actual_maximum_demand,TAIL-minus-KDE,3.9246511775719304,0.0
902,actual_maximum_demand,TAIL-minus-KDE,-17.20290268220054,-0.29981216991905
903,actual_maximum_demand,TAIL-minus-KDE,0.8486313968884607,0.0
904,actual_maximum_demand,TAIL-minus-KDE,-16.60213437114112,0.0
905,actual_maximum_demand,TAIL-minus-KDE,1.7144353331012399,0.0
906,actual_maximum_demand,TAIL-minus-KDE,-13.935557295961978,0.03099496561797667
907,actual_maximum_demand,TAIL-minus-KDE,-2.4423621910887903,0.03099496561797667
908,actual_maximum_demand,TAIL-minus-KDE,-3.407214819679022,0.0
909,actual_maximum_demand,TAIL-minus-KDE,-17.42403141922525,-1.9903871391542933
910,actual_maximum_demand,TAIL-minus-KDE,-18.139066183948866,-0.03099496561797667
911,actual_maximum_demand,TAIL-minus-KDE,-0.771813365628031,0.0
912,actual_maximum_demand,TAIL-minus-KDE,0.0051003047233003085,-0.26881720430107336
913,actual_maximum_demand,TAIL-minus-KDE,-13.905577413464002,0.0
914,actual_maximum_demand,TAIL-minus-KDE,17.69137307228337,0.0
915,actual_maximum_demand,TAIL-minus-KDE,-8.633304773688549,0.0
916,actual_maximum_demand,TAIL-minus-KDE,-14.559140341323367,0.0
917,actual_maximum_demand,TAIL-minus-KDE,0.5481494011523758,0.0
918,actual_maximum_demand,TAIL-minus-KDE,0.7017774851885039,0.0
919,actual_maximum_demand,TAIL-minus-KDE,13.51285384723424,0.0
920,actual_maximum_demand,TAIL-minus-KDE,0.6531747628499195,0.0
921,actual_maximum_demand,TAIL-minus-KDE,8.850735946584559,0.0
922,actual_maximum_demand,TAIL-minus-KDE,-8.862314875425271,0.0
923,actual_maximum_demand,TAIL-minus-KDE,-2.17380055752707,0.03099496561797667
924,actual_maximum_demand,TAIL-minus-KDE,7.73181630624973,0.0
925,actual_maximum_demand,TAIL-minus-KDE,-5.505799288055021,0.0
926,actual_maximum_demand,TAIL-minus-KDE,-22.405843441525192,0.0
927,actual_maximum_demand,TAIL-minus-KDE,-7.9590516010592225,0.0
928,actual_maximum_demand,TAIL-minus-KDE,2.6469905600030126,0.03099496561797667
929,actual_maximum_demand,TAIL-minus-KDE,-6.355426254413891,0.0
930,actual_maximum_demand,TAIL-minus-KDE,31.96562709619311,0.0
931,actual_maximum_demand,TAIL-minus-KDE,-4.132096999444769,0.0
932,actual_maximum_demand,TAIL-minus-KDE,28.411125125397003,0.0
933,actual_maximum_demand,TAIL-minus-KDE,-5.831988111817379,0.03099496561797667
934,actual_maximum_demand,TAIL-minus-KDE,-4.233985961143672,0.0
935,actual_maximum_demand,TAIL-minus-KDE,-2.018574810821805,0.0
936,actual_maximum_demand,TAIL-minus-KDE,-4.261578233415789,-0.26881720430107336
937,actual_maximum_demand,TAIL-minus-KDE,-7.725841603619529,0.0
938,actual_maximum_demand,TAIL-minus-KDE,16.23403292062887,0.0
939,actual_maximum_demand,TAIL-minus-KDE,-11.632470066386889,0.0
940,actual_maximum_demand,TAIL-minus-KDE,-1.6097506983846606,0.0
941,actual_maximum_demand,TAIL-minus-KDE,6.304125198313121,0.0
942,actual_maximum_demand,TAIL-minus-KDE,-19.77786641267433,0.0
943,actual_maximum_demand,TAIL-minus-KDE,-5.289350455106309,0.26881720430107336
944,actual_maximum_demand,TAIL-minus-KDE,-7.1266999179892085,0.0
945,actual_maximum_demand,TAIL-minus-KDE,-94.32790529151893,0.0
946,actual_maximum_demand,TAIL-minus-KDE,1.2061119693502098,0.0
947,actual_maximum_demand,TAIL-minus-KDE,0.36297946689667904,0.23782223868309668
948,actual_maximum_demand,TAIL-minus-KDE,-1.6520272711961603,-0.23782223868309668
949,actual_maximum_demand,TAIL-minus-KDE,-14.89019370764402,0.03099496561797667
950,actual_maximum_demand,TAIL-minus-KDE,-2.315630259291568,0.03099496561797667
951,actual_maximum_demand,TAIL-minus-KDE,-2.5140491797041897,-0.23782223868309668
952,actual_maximum_demand,TAIL-minus-KDE,17.74551205957788,0.0
953,actual_maximum_demand,TAIL-minus-KDE,-5.9045760174645,0.03099496561797667
954,actual_maximum_demand,TAIL-minus-KDE,4.43308483569977,0.03099496561797667
955,actual_maximum_demand,TAIL-minus-KDE,5.7886528712531105,0.03099496561797667
956,actual_maximum_demand,TAIL-minus-KDE,-1.9242520794104399,0.0
957,actual_maximum_demand,TAIL-minus-KDE,-4.460475363557309,0.0
958,actual_maximum_demand,TAIL-minus-KDE,-0.12414307245637857,0.0
959,actual_maximum_demand,TAIL-minus-KDE,-12.20997210258224,0.0
960,actual_maximum_demand,TAIL-minus-KDE,1.5032848654354503,0.0
961,actual_maximum_demand,TAIL-minus-KDE,6.08171494960473,0.0
962,actual_maximum_demand,TAIL-minus-KDE,-14.01506840303506,0.0
963,actual_maximum_demand,TAIL-minus-KDE,-12.20258238300611,0.0
964,actual_maximum_demand,TAIL-minus-KDE,-1.1695948702363679,0.0
965,actual_maximum_demand,TAIL-minus-KDE,-0.008462300384461108,0.0
966,actual_maximum_demand,TAIL-minus-KDE,-7.76303219203231,0.03099496561797667
967,actual_maximum_demand,TAIL-minus-KDE,1.7851945011655297,0.0
968,actual_maximum_demand,TAIL-minus-KDE,3.2318816595752904,0.0
969,actual_maximum_demand,TAIL-minus-KDE,-4.435569135648121,0.03099496561797667
970,actual_maximum_demand,TAIL-minus-KDE,-21.960777314480428,-0.03099496561797667
971,actual_maximum_demand,TAIL-minus-KDE,-11.11856762242119,0.0
972,actual_maximum_demand,TAIL-minus-KDE,3.762040532144409,0.03099496561797667
973,actual_maximum_demand,TAIL-minus-KDE,0.27654398546949,0.0
974,actual_maximum_demand,TAIL-minus-KDE,-170.1425830176378,0.0
975,actual_maximum_demand,TAIL-minus-KDE,-9.30458232556316,0.0
976,actual_maximum_demand,TAIL-minus-KDE,-3.3554359369938704,0.0
977,actual_maximum_demand,TAIL-minus-KDE,-7.1019399339990406,0.0
978,actual_maximum_demand,TAIL-minus-KDE,24.86090785599869,0.0
979,actual_maximum_demand,TAIL-minus-KDE,-8.38484305850396,0.0
980,actual_maximum_demand,TAIL-minus-KDE,1.3826870669911895,0.0
981,actual_maximum_demand,TAIL-minus-KDE,9.48709780134687,0.26881720430107336
982,actual_maximum_demand,TAIL-minus-KDE,-31.16918866837634,-0.26881720430107336
983,actual_maximum_demand,TAIL-minus-KDE,23.974423503478267,0.0
984,actual_maximum_demand,TAIL-minus-KDE,-9.03878856869366,0.03099496561797667
985,actual_maximum_demand,TAIL-minus-KDE,-0.32104433868958004,0.0
986,actual_maximum_demand,TAIL-minus-KDE,0.35532910285994146,0.0
987,actual_maximum_demand,TAIL-minus-KDE,-2.059522038780659,-0.26881720430107336
988,actual_maximum_demand,TAIL-minus-KDE,-12.985706331889649,0.0
989,actual_maximum_demand,TAIL-minus-KDE,21.75730699783944,0.0
990,actual_maximum_demand,TAIL-minus-KDE,8.104626579533807,0.0
991,actual_maximum_demand,TAIL-minus-KDE,3.0129891216990807,0.0
992,actual_maximum_demand,TAIL-minus-KDE,-13.03939780411148,0.03099496561797667
993,actual_maximum_demand,TAIL-minus-KDE,1.4514464399942806,0.03099496561797667
994,actual_maximum_demand,TAIL-minus-KDE,-3.9730815728372297,0.29981216991905
995,actual_maximum_demand,TAIL-minus-KDE,-0.31862060372039036,0.03099496561797667
996,actual_maximum_demand,TAIL-minus-KDE,-4.7850167408181505,0.03099496561797667
997,actual_maximum_demand,TAIL-minus-KDE,4.84242626305377,0.0
998,actual_maximum_demand,TAIL-minus-KDE,32.00168977552336,0.0
999,actual_maximum_demand,TAIL-minus-KDE,-4.03736923084263,0.0
0,capacity,TAIL-minus-KDE,9.684631075092659,-0.5333333333333267
1,capacity,TAIL-minus-KDE,-12.95503941932991,0.0
2,capacity,TAIL-minus-KDE,-1.3958693044913997,0.019834736843699942
3,capacity,TAIL-minus-KDE,-0.975349299569199,0.035626496262483334
4,capacity,TAIL-minus-KDE,17.651362953868922,0.0
5,capacity,TAIL-minus-KDE,-2.3718959775353596,0.16915337934151334
6,capacity,TAIL-minus-KDE,6.42695565635166,-0.7999999999999866
7,capacity,TAIL-minus-KDE,-0.6661219523274614,-0.3143805522953199
8,capacity,TAIL-minus-KDE,-10.006434358659689,0.032385425809433335
9,capacity,TAIL-minus-KDE,-7.73971757765349,0.0
10,capacity,TAIL-minus-KDE,-0.8317854086950904,0.06496932688704465
11,capacity,TAIL-minus-KDE,-3.6096003461901005,0.42612801423442337
12,capacity,TAIL-minus-KDE,11.629980419161559,0.0
13,capacity,TAIL-minus-KDE,-5.07637846198613,0.0
14,capacity,TAIL-minus-KDE,-1.2026192884226599,0.0
15,capacity,TAIL-minus-KDE,6.651291091380021,0.0
16,capacity,TAIL-minus-KDE,3.7606942867913697,-0.2792449941664266
17,capacity,TAIL-minus-KDE,-2.4784601184103403,0.0
18,capacity,TAIL-minus-KDE,-6.566923143593641,-0.058150048530480024
19,capacity,TAIL-minus-KDE,2.0409502161576305,0.0
20,capacity,TAIL-minus-KDE,-2.61210105789213,-0.01594891876367001
21,capacity,TAIL-minus-KDE,20.419010322888838,0.0
22,capacity,TAIL-minus-KDE,6.4092097299634,-0.0010989811502766338
23,capacity,TAIL-minus-KDE,-13.72769712741008,0.0
24,capacity,TAIL-minus-KDE,2.58136718513326,-0.07739943785736325
25,capacity,TAIL-minus-KDE,-27.292709140672848,-0.7999999999999866
26,capacity,TAIL-minus-KDE,-5.57491020337791,0.0
27,capacity,TAIL-minus-KDE,-18.37727054084361,-0.09650060879018334
28,capacity,TAIL-minus-KDE,-0.8000428624884912,0.02948275457111335
29,capacity,TAIL-minus-KDE,1.0161400779165413,-0.027558954553783335
30,capacity,TAIL-minus-KDE,-0.44045151208952915,0.026526759636729975
31,capacity,TAIL-minus-KDE,4.89283741102491,0.19466651185672335
32,capacity,TAIL-minus-KDE,-3.6027441383238767,-3.727812346690116
33,capacity,TAIL-minus-KDE,-8.099332199270993,0.20189029884603443
34,capacity,TAIL-minus-KDE,-17.74022423652105,0.46213172761516
35,capacity,TAIL-minus-KDE,-31.94611077771229,0.0
36,capacity,TAIL-minus-KDE,-3.67495809673274,0.041335009050986596
37,capacity,TAIL-minus-KDE,-1.00990160696692,-0.3440652887330633
38,capacity,TAIL-minus-KDE,1.8144612991143498,0.15154354893000332
39,capacity,TAIL-minus-KDE,-13.519969538108581,0.005325914382829991
40,capacity,TAIL-minus-KDE,1.39967758077304,0.19796883544267002
41,capacity,TAIL-minus-KDE,-10.94297578275086,0.0
42,capacity,TAIL-minus-KDE,8.12273880133775,0.0
43,capacity,TAIL-minus-KDE,-5.787327122587321,0.0
44,capacity,TAIL-minus-KDE,-3.9246327389931195,0.0227477119899633
45,capacity,TAIL-minus-KDE,12.185916187592442,0.0
46,capacity,TAIL-minus-KDE,-5.2318234441171505,0.0
47,capacity,TAIL-minus-KDE,2.6984569569505603,-0.29216314244499997
48,capacity,TAIL-minus-KDE,6.633414171882832,0.0
49,capacity,TAIL-minus-KDE,-24.44814109778335,0.04152285113555336
50,capacity,TAIL-minus-KDE,-6.8708629219744,0.061577147837710025
51,capacity,TAIL-minus-KDE,0.9764616695137701,0.0
52,capacity,TAIL-minus-KDE,-8.67066171424239,-0.3758778063361766
53,capacity,TAIL-minus-KDE,7.080259162005309,0.0
54,capacity,TAIL-minus-KDE,-2.7923848184294,-0.08070606986479087
55,capacity,TAIL-minus-KDE,-2.7357255154808207,0.0
56,capacity,TAIL-minus-KDE,-6.39588601823385,0.0
57,capacity,TAIL-minus-KDE,5.435311682294031,0.19360665796756002
58,capacity,TAIL-minus-KDE,13.72580649101345,0.0
59,capacity,TAIL-minus-KDE,-8.09924883721666,0.08587269961392324
60,capacity,TAIL-minus-KDE,2.30728276958631,-0.29433691117151334
61,capacity,TAIL-minus-KDE,-14.54229741071017,-0.012455380143890082
62,capacity,TAIL-minus-KDE,7.95255253124834,0.0
63,capacity,TAIL-minus-KDE,-10.634832968448569,0.0
64,capacity,TAIL-minus-KDE,-8.392429091854082,0.01846986128663658
65,capacity,TAIL-minus-KDE,-7.23675626462113,0.16314007651109674
66,capacity,TAIL-minus-KDE,-18.67900213540657,-0.008667796725356659
67,capacity,TAIL-minus-KDE,-5.67972413075719,0.0
68,capacity,TAIL-minus-KDE,2.0971528988475203,-0.36081582946638663
69,capacity,TAIL-minus-KDE,-12.706646266306429,0.009725154550970037
70,capacity,TAIL-minus-KDE,-18.941446487385978,-0.01754199997510992
71,capacity,TAIL-minus-KDE,-5.804681345717929,0.0
72,capacity,TAIL-minus-KDE,-3.6152836280422207,-0.2577634710732499
73,capacity,TAIL-minus-KDE,-3.3388314552532687,-0.014102159403693321
74,capacity,TAIL-minus-KDE,-4.00348162820998,0.09083386828791672
75,capacity,TAIL-minus-KDE,-0.07731267441380973,-0.004895831793553379
76,capacity,TAIL-minus-KDE,-10.74678178767853,0.0
77,capacity,TAIL-minus-KDE,-26.205516118186306,0.0
78,capacity,TAIL-minus-KDE,-4.621935904823349,0.0
79,capacity,TAIL-minus-KDE,-4.8429015101476,0.0
80,capacity,TAIL-minus-KDE,-9.756513800447362,0.16439897455751667
81,capacity,TAIL-minus-KDE,0.5382546520995699,0.16844664912223664
82,capacity,TAIL-minus-KDE,-0.39030297447286005,0.1766087718233467
83,capacity,TAIL-minus-KDE,5.879755696981161,0.0
84,capacity,TAIL-minus-KDE,-1.40711144576702,0.43639692551222
85,capacity,TAIL-minus-KDE,1.5060724222949005,0.0
86,capacity,TAIL-minus-KDE,1.77442640170834,0.0
87,capacity,TAIL-minus-KDE,5.436023125682141,0.0
88,capacity,TAIL-minus-KDE,-48.1740830131851,0.5204927100732633
89,capacity,TAIL-minus-KDE,-7.58658362401711,0.0
90,capacity,TAIL-minus-KDE,-4.8374438747601385,3.981632573033876
91,capacity,TAIL-minus-KDE,29.00853785477972,0.0
92,capacity,TAIL-minus-KDE,18.140822961211313,0.0
93,capacity,TAIL-minus-KDE,-0.0006916849005597636,-0.3617949112274634
94,capacity,TAIL-minus-KDE,10.93129181727901,0.0
95,capacity,TAIL-minus-KDE,-11.787863512165247,0.0426414258744367
96,capacity,TAIL-minus-KDE,-18.21782976968069,-0.18943648323825
97,capacity,TAIL-minus-KDE,1.1264497873351105,0.0
98,capacity,TAIL-minus-KDE,-7.581886267599991,-0.014996654683549993
99,capacity,TAIL-minus-KDE,19.345296556967888,0.0
100,capacity,TAIL-minus-KDE,1.91393015719874,0.0
101,capacity,TAIL-minus-KDE,32.42004909960479,0.0
102,capacity,TAIL-minus-KDE,-3.820842937519578,-0.07648044601247682
103,capacity,TAIL-minus-KDE,3.413350396881,0.4415653047956467
104,capacity,TAIL-minus-KDE,19.56196801672312,0.0
105,capacity,TAIL-minus-KDE,-6.238695048834379,-0.3341215300126733
106,capacity,TAIL-minus-KDE,-19.482983716202448,-0.2959337026133634
107,capacity,TAIL-minus-KDE,-1.356711652344278,0.347713793493714
108,capacity,TAIL-minus-KDE,-7.3447903282908,-0.7999999999999866
109,capacity,TAIL-minus-KDE,0.039918528157170154,0.0
110,capacity,TAIL-minus-KDE,-14.417608787042349,-0.01926258819777999
111,capacity,TAIL-minus-KDE,-4.850387793892129,0.019235566414566637
112,capacity,TAIL-minus-KDE,4.012006575075722,0.2572965835609432
113,capacity,TAIL-minus-KDE,3.832089035745059,-0.006271901217369969
114,capacity,TAIL-minus-KDE,-8.179385419298828,-0.3425198061679934
115,capacity,TAIL-minus-KDE,-3.5132103372663996,0.009226976142643305
116,capacity,TAIL-minus-KDE,-20.33444351570899,0.14996895053913334
117,capacity,TAIL-minus-KDE,-11.527114919588609,0.15441770169769337
118,capacity,TAIL-minus-KDE,6.32774799159731,-0.3751557609204199
119,capacity,TAIL-minus-KDE,-13.04260117030522,0.038593815111716626
120,capacity,TAIL-minus-KDE,-11.1264485131892,0.0
121,capacity,TAIL-minus-KDE,-48.73749090592359,0.44118207160306333
122,capacity,TAIL-minus-KDE,-1.8775465642138598,0.41906284251099674
123,capacity,TAIL-minus-KDE,-24.80633020440158,0.0
124,capacity,TAIL-minus-KDE,4.31863171447487,0.0
125,capacity,TAIL-minus-KDE,-6.957589870357081,-0.046880509876656706
126,capacity,TAIL-minus-KDE,-18.67838338105732,0.0
127,capacity,TAIL-minus-KDE,-3.6267320784674997,0.009945048378603386
128,capacity,TAIL-minus-KDE,-17.75358271415155,-0.016492511543949977
129,capacity,TAIL-minus-KDE,-1.12229350345098,-0.33350056715936327
130,capacity,TAIL-minus-KDE,-5.116655409067369,0.016111948456490072
131,capacity,TAIL-minus-KDE,20.000007718473302,0.0
132,capacity,TAIL-minus-KDE,5.562702420088299,0.0
133,capacity,TAIL-minus-KDE,0.20320827565884908,0.04084797727257998
134,capacity,TAIL-minus-KDE,18.16607454790505,0.0
135,capacity,TAIL-minus-KDE,-14.233913520538218,0.03359569691096667
136,capacity,TAIL-minus-KDE,-7.073011664869791,0.0
137,capacity,TAIL-minus-KDE,-44.76879693941907,0.1672031090790133
138,capacity,TAIL-minus-KDE,-0.9546569027800295,0.024260322429646604
139,capacity,TAIL-minus-KDE,0.019694870617679994,0.0
140,capacity,TAIL-minus-KDE,-18.04958663382527,0.040588986828913376
141,capacity,TAIL-minus-KDE,-1.8524017443915408,-0.11015671165736336
142,capacity,TAIL-minus-KDE,-9.73271444186396,0.1609113527094667
143,capacity,TAIL-minus-KDE,-7.138939745069941,0.0
144,capacity,TAIL-minus-KDE,-3.438793730045692,-0.02344306604675009
145,capacity,TAIL-minus-KDE,-6.12635041219613,0.05325104719522662
146,capacity,TAIL-minus-KDE,-2.2854383160780998,0.0
147,capacity,TAIL-minus-KDE,21.444278641514746,0.0
148,capacity,TAIL-minus-KDE,-5.396154191945319,0.48887692561453666
149,capacity,TAIL-minus-KDE,-8.201435065738409,-0.41920899277907664
150,capacity,TAIL-minus-KDE,7.28635866140949,0.0
151,capacity,TAIL-minus-KDE,13.82109962453704,0.0
152,capacity,TAIL-minus-KDE,14.08333322343372,0.0
153,capacity,TAIL-minus-KDE,-3.725341389722761,-0.28332008923549
154,capacity,TAIL-minus-KDE,-7.26604863675408,-0.3560386587249333
155,capacity,TAIL-minus-KDE,-6.113091507624787,0.21033702565097
156,capacity,TAIL-minus-KDE,-20.81975285131462,-0.28624811074357004
157,capacity,TAIL-minus-KDE,-2.1912461187711405,0.0
158,capacity,TAIL-minus-KDE,-0.8642688576195795,-0.31139623368218
159,capacity,TAIL-minus-KDE,11.516240675367479,0.0
160,capacity,TAIL-minus-KDE,-0.8075022327988596,3.701027745218053
161,capacity,TAIL-minus-KDE,-10.658506071150889,0.0
162,capacity,TAIL-minus-KDE,1.6667223688481683,-0.02368717143127674
163,capacity,TAIL-minus-KDE,-18.3944256096379,0.05688020081039005
164,capacity,TAIL-minus-KDE,10.05222727985851,0.0
165,capacity,TAIL-minus-KDE,-8.50977159391209,-0.28167801813487664
166,capacity,TAIL-minus-KDE,-6.4737672249520095,0.2587819101190533
167,capacity,TAIL-minus-KDE,-8.01528975172471,0.015580457925353387
168,capacity,TAIL-minus-KDE,-1.6022453763702003,0.0
169,capacity,TAIL-minus-KDE,-4.30893453783302,0.19923726947727
170,capacity,TAIL-minus-KDE,-8.312966228672842,-0.05838903445565668
171,capacity,TAIL-minus-KDE,-6.536868593972199,0.0
172,capacity,TAIL-minus-KDE,-7.766161927648779,-0.30144042116242
173,capacity,TAIL-minus-KDE,-5.4744745944681705,-0.37441842721345997
174,capacity,TAIL-minus-KDE,-14.85153340350481,-0.7999999999999866
175,capacity,TAIL-minus-KDE,0.19882926541863188,3.7940788797288536
176,capacity,TAIL-minus-KDE,-17.62276644293515,-0.010910077770146659
177,capacity,TAIL-minus-KDE,-3.6116152427297097,0.0
178,capacity,TAIL-minus-KDE,-7.460845441616789,0.0
179,capacity,TAIL-minus-KDE,7.04612913809988,-0.26666666666666
180,capacity,TAIL-minus-KDE,1.2807125244739397,0.17778579355224997
181,capacity,TAIL-minus-KDE,-19.82674816271592,0.15239991568609332
182,capacity,TAIL-minus-KDE,6.551880746847749,0.0
183,capacity,TAIL-minus-KDE,-58.87899603449682,0.0
184,capacity,TAIL-minus-KDE,-9.537444503112368,0.047544340654583246
185,capacity,TAIL-minus-KDE,-5.101359130521388,0.013278653113253311
186,capacity,TAIL-minus-KDE,-17.07939065127868,0.0
187,capacity,TAIL-minus-KDE,-10.0840788531959,0.02473140052244669
188,capacity,TAIL-minus-KDE,5.853228550537691,0.41819651866148
189,capacity,TAIL-minus-KDE,1.1304829244961623,0.10298136984302278
190,capacity,TAIL-minus-KDE,-16.28841314843305,-0.11351315594700667
191,capacity,TAIL-minus-KDE,17.36707304025689,0.0
192,capacity,TAIL-minus-KDE,-3.2347773392484984,0.0
193,capacity,TAIL-minus-KDE,2.55721609593689,0.0
194,capacity,TAIL-minus-KDE,-16.318961878652352,0.22263976938667338
195,capacity,TAIL-minus-KDE,-2.2708663410860503,-0.34543906291803994
196,capacity,TAIL-minus-KDE,-6.36977869571186,-0.31277552978488327
197,capacity,TAIL-minus-KDE,-0.6834890371796507,0.16083361630021006
198,capacity,TAIL-minus-KDE,-16.30225497926803,0.0
199,capacity,TAIL-minus-KDE,6.69625778675155,0.0
200,capacity,TAIL-minus-KDE,-11.80422407958874,0.0
201,capacity,TAIL-minus-KDE,0.6271298313383509,0.0
202,capacity,TAIL-minus-KDE,0.9569567596131,0.0
203,capacity,TAIL-minus-KDE,-11.629593778692682,0.1406983758126134
204,capacity,TAIL-minus-KDE,-9.61911133045554,0.051779816897169935
205,capacity,TAIL-minus-KDE,6.967033086323912,0.0
206,capacity,TAIL-minus-KDE,14.382818736315627,0.0
207,capacity,TAIL-minus-KDE,2.65646661569079,0.0
208,capacity,TAIL-minus-KDE,-23.15916037975913,-0.0713052244124799
209,capacity,TAIL-minus-KDE,-4.882202956852422,-0.028502163744253354
210,capacity,TAIL-minus-KDE,-9.783526533639558,0.05890955468617672
211,capacity,TAIL-minus-KDE,-16.686041070060647,0.4219342300317967
212,capacity,TAIL-minus-KDE,13.920632981779079,0.0
213,capacity,TAIL-minus-KDE,-12.374383170658039,-0.14602039578833656
214,capacity,TAIL-minus-KDE,0.9819705504514501,0.0
215,capacity,TAIL-minus-KDE,7.7846722232070205,0.0
216,capacity,TAIL-minus-KDE,-2.1233216667455097,0.0
217,capacity,TAIL-minus-KDE,-13.22703423138874,0.0008244684012666953
218,capacity,TAIL-minus-KDE,0.14558219276732953,-0.002360762496586566
219,capacity,TAIL-minus-KDE,-7.63467816552374,-0.3146782795813667
220,capacity,TAIL-minus-KDE,-19.47426877561254,0.0
221,capacity,TAIL-minus-KDE,-1.0227918489716799,-0.32121352526563995
222,capacity,TAIL-minus-KDE,4.47110728574549,-0.35471832410155996
223,capacity,TAIL-minus-KDE,-0.5397099952180906,0.18197840057935336
224,capacity,TAIL-minus-KDE,2.1038952383672407,-0.27085884093132
225,capacity,TAIL-minus-KDE,10.06919971929408,0.0
226,capacity,TAIL-minus-KDE,27.76016842153296,0.0
227,capacity,TAIL-minus-KDE,8.000360310952649,-0.21985693724895003
228,capacity,TAIL-minus-KDE,-9.795127490441189,0.0
229,capacity,TAIL-minus-KDE,7.93322156295506,0.0
230,capacity,TAIL-minus-KDE,-10.659724905147241,-0.2109676675934533
231,capacity,TAIL-minus-KDE,-7.361993747456561,0.0
232,capacity,TAIL-minus-KDE,-7.670262179613172,0.02958864768251336
233,capacity,TAIL-minus-KDE,1.6411730384579999,0.0
234,capacity,TAIL-minus-KDE,-1.2135505128719997,-0.37669619687482
235,capacity,TAIL-minus-KDE,10.41609243129745,0.0
236,capacity,TAIL-minus-KDE,-6.816647079472829,0.0
237,capacity,TAIL-minus-KDE,0.9446282290614499,0.26666666666666
238,capacity,TAIL-minus-KDE,-3.44459959367155,-0.24855290439947672
239,capacity,TAIL-minus-KDE,-10.62522003802327,0.0
240,capacity,TAIL-minus-KDE,-10.07768203872738,-0.36490160890644663
241,capacity,TAIL-minus-KDE,1.1216107264051893,0.048775677234060705
242,capacity,TAIL-minus-KDE,-11.513906087915302,0.057140361765839996
243,capacity,TAIL-minus-KDE,-3.4439940910861693,0.15189988098808668
244,capacity,TAIL-minus-KDE,1.9870939948263415,0.019095769835876606
245,capacity,TAIL-minus-KDE,-5.2300366458372105,0.24854856400185008
246,capacity,TAIL-minus-KDE,-5.346146570343279,0.09955460868930013
247,capacity,TAIL-minus-KDE,-5.88677772354862,0.1496054835444999
248,capacity,TAIL-minus-KDE,-2.42670386559539,0.15002745220629002
249,capacity,TAIL-minus-KDE,-6.856050961034471,0.47079684991703674
250,capacity,TAIL-minus-KDE,-11.2925621787102,-0.04363854192287666
251,capacity,TAIL-minus-KDE,3.5437771606007895,0.4207884454739733
252,capacity,TAIL-minus-KDE,-5.95361987632449,0.05070390402576999
253,capacity,TAIL-minus-KDE,17.978241929848252,-0.7999999999999866
254,capacity,TAIL-minus-KDE,-6.5746487340793305,0.16467424801433
255,capacity,TAIL-minus-KDE,-7.83691697750593,0.5333333333333267
256,capacity,TAIL-minus-KDE,-7.360446763788289,0.0
257,capacity,TAIL-minus-KDE,-6.585272415728719,-0.04610985991408325
258,capacity,TAIL-minus-KDE,0.9369510893508806,0.0
259,capacity,TAIL-minus-KDE,4.877083614177931,-0.7999999999999866
260,capacity,TAIL-minus-KDE,-11.235158335275491,0.040617875072640044
261,capacity,TAIL-minus-KDE,-9.34659841904036,-0.11407897881696
262,capacity,TAIL-minus-KDE,1.3420422478997995,0.43808327075330333
263,capacity,TAIL-minus-KDE,-10.562132816703048,0.4181408616180234
264,capacity,TAIL-minus-KDE,-13.724043364065308,0.00911919829656993
265,capacity,TAIL-minus-KDE,-9.10944424267367,0.10357218063326663
266,capacity,TAIL-minus-KDE,0.4767284265572297,0.02214923214707001
267,capacity,TAIL-minus-KDE,-0.06804872093430087,0.15690348779568
268,capacity,TAIL-minus-KDE,-7.23604141203009,0.04459472816606665
269,capacity,TAIL-minus-KDE,-10.841820345730339,-0.26666666666666
270,capacity,TAIL-minus-KDE,10.307533000883708,0.1608587740856475
271,capacity,TAIL-minus-KDE,-28.427307128677963,0.0
272,capacity,TAIL-minus-KDE,-3.655727750835581,0.15016013115971
273,capacity,TAIL-minus-KDE,14.324752432146973,0.0
274,capacity,TAIL-minus-KDE,-9.041131201843559,-0.6488144451004166
275,capacity,TAIL-minus-KDE,-5.804626911665323,0.02312417746981009
276,capacity,TAIL-minus-KDE,-7.539077551040401,0.49998809370184005
277,capacity,TAIL-minus-KDE,-11.25597796067191,0.15130965528147333
278,capacity,TAIL-minus-KDE,-12.294756590245552,0.051800835353216654
279,capacity,TAIL-minus-KDE,-17.02700533978647,-0.26666666666666
280,capacity,TAIL-minus-KDE,8.782808713658099,0.0009035698080867537
281,capacity,TAIL-minus-KDE,-2.4031607002201203,0.0
282,capacity,TAIL-minus-KDE,-17.114455112981958,-0.26666666666666
283,capacity,TAIL-minus-KDE,22.39757149251765,0.0
284,capacity,TAIL-minus-KDE,-5.96891263614655,0.0
285,capacity,TAIL-minus-KDE,17.07878316512295,0.17740926317400002
286,capacity,TAIL-minus-KDE,-35.430631840561176,0.0
287,capacity,TAIL-minus-KDE,-1.255768884393349,0.0
288,capacity,TAIL-minus-KDE,-6.27145957306221,0.0
289,capacity,TAIL-minus-KDE,-1.1785104871293497,-0.5333333333333267
290,capacity,TAIL-minus-KDE,-2.2620856844833206,0.16695483918189002
291,capacity,TAIL-minus-KDE,6.56089911157911,0.0
292,capacity,TAIL-minus-KDE,-19.81162707657332,0.0
293,capacity,TAIL-minus-KDE,-14.827273365495412,0.1693107833325466
294,capacity,TAIL-minus-KDE,-6.160303748562729,0.04901839844217672
295,capacity,TAIL-minus-KDE,-1.7659145859572491,-0.6500201339765433
296,capacity,TAIL-minus-KDE,-0.8592163137796094,0.0
297,capacity,TAIL-minus-KDE,17.60747244020732,0.0
298,capacity,TAIL-minus-KDE,13.99548929164246,0.0
299,capacity,TAIL-minus-KDE,-23.23582295092636,0.0
300,capacity,TAIL-minus-KDE,-7.09663888416575,0.057224597503826705
301,capacity,TAIL-minus-KDE,-0.7422773839291297,0.0
302,capacity,TAIL-minus-KDE,-11.403656867637562,-0.14361964785831668
303,capacity,TAIL-minus-KDE,4.46550731004531,-0.11667995172412336
304,capacity,TAIL-minus-KDE,-14.827504451276582,0.08716116635489324
305,capacity,TAIL-minus-KDE,-1.116722761642308,3.6874549023286267
306,capacity,TAIL-minus-KDE,10.2089840028569,0.0
307,capacity,TAIL-minus-KDE,22.439141386049442,0.0
308,capacity,TAIL-minus-KDE,4.777382359024029,0.0
309,capacity,TAIL-minus-KDE,-16.27800442368052,0.14463617097652676
310,capacity,TAIL-minus-KDE,-18.69677577421598,-0.37734065825136
311,capacity,TAIL-minus-KDE,-11.42593140633831,-0.3061392155094634
312,capacity,TAIL-minus-KDE,-11.971504384149698,0.0
313,capacity,TAIL-minus-KDE,-2.8087769037831305,-0.08676635783960328
314,capacity,TAIL-minus-KDE,11.565003795410409,0.0
315,capacity,TAIL-minus-KDE,7.226865706011119,0.0
316,capacity,TAIL-minus-KDE,3.0810526087681507,0.0
317,capacity,TAIL-minus-KDE,-7.091408631324861,0.0
318,capacity,TAIL-minus-KDE,-0.19271767995402006,0.014903874287840006
319,capacity,TAIL-minus-KDE,-6.788279056823629,0.15241766717970334
320,capacity,TAIL-minus-KDE,0.45221247888784094,0.0
321,capacity,TAIL-minus-KDE,-11.20867755037877,0.025640442744236623
322,capacity,TAIL-minus-KDE,-9.586274900118912,0.0
323,capacity,TAIL-minus-KDE,-7.530538229337139,0.024051919972533416
324,capacity,TAIL-minus-KDE,-6.456009113681281,0.04013708344752327
325,capacity,TAIL-minus-KDE,5.291033807553319,3.9442603182134772
326,capacity,TAIL-minus-KDE,-6.042104642814769,0.4672781613156234
327,capacity,TAIL-minus-KDE,-13.25562735846099,0.008306361379326749
328,capacity,TAIL-minus-KDE,-5.936134214595859,0.03068233885323672
329,capacity,TAIL-minus-KDE,3.8791782380075497,0.0
330,capacity,TAIL-minus-KDE,16.84633009962494,0.0
331,capacity,TAIL-minus-KDE,7.832655411599069,0.0
332,capacity,TAIL-minus-KDE,3.6932762606867406,-0.3584775626413799
333,capacity,TAIL-minus-KDE,-9.117006651571263,0.0
334,capacity,TAIL-minus-KDE,-8.6427895555149,-0.06045596863282661
335,capacity,TAIL-minus-KDE,-5.49974202430954,0.16689207743089343
336,capacity,TAIL-minus-KDE,-3.5761156463733594,0.1620551755213
337,capacity,TAIL-minus-KDE,6.452468340176851,-0.0581955248724033
338,capacity,TAIL-minus-KDE,-2.4519483727786895,0.12375431202554676
339,capacity,TAIL-minus-KDE,-6.669870139268591,0.15067663626113667
340,capacity,TAIL-minus-KDE,-11.4892493505132,0.0
341,capacity,TAIL-minus-KDE,12.688866406627868,0.0
342,capacity,TAIL-minus-KDE,-3.332896959244591,0.04551084140351665
343,capacity,TAIL-minus-KDE,-2.61477268954101,0.15819990396505665
344,capacity,TAIL-minus-KDE,-2.3301492451354004,-0.3696962423365566
345,capacity,TAIL-minus-KDE,-1.9462247760622304,0.04367090945897331
346,capacity,TAIL-minus-KDE,-11.45136364619446,-0.3028165308333
347,capacity,TAIL-minus-KDE,-2.323907874394418,0.016349187947106627
348,capacity,TAIL-minus-KDE,6.6677329721347505,0.0
349,capacity,TAIL-minus-KDE,-6.13815808343619,-0.011813439884606793
350,capacity,TAIL-minus-KDE,-12.966846394353531,0.0
351,capacity,TAIL-minus-KDE,6.42470961672014,0.0
352,capacity,TAIL-minus-KDE,12.181964680179389,0.0
353,capacity,TAIL-minus-KDE,-1.6100253814631302,0.42894043824874006
354,capacity,TAIL-minus-KDE,-4.092533764885039,0.06754806328122331
355,capacity,TAIL-minus-KDE,3.5182409997691817,0.0
356,capacity,TAIL-minus-KDE,-0.9045714526617399,0.46086608562336
357,capacity,TAIL-minus-KDE,-7.7919621598381585,-0.014438078392523326
358,capacity,TAIL-minus-KDE,-4.74929450099419,0.0
359,capacity,TAIL-minus-KDE,-5.1051331871444,0.0
360,capacity,TAIL-minus-KDE,3.94189653738168,0.0
361,capacity,TAIL-minus-KDE,2.954634254907909,0.41663325502062337
362,capacity,TAIL-minus-KDE,-6.101079747454022,4.07677275943268
363,capacity,TAIL-minus-KDE,-22.44705590479967,0.021895973185396666
364,capacity,TAIL-minus-KDE,24.41276950941762,0.0
365,capacity,TAIL-minus-KDE,13.70854992756349,-0.3487267646514966
366,capacity,TAIL-minus-KDE,-10.29717033893847,-0.7999999999999866
367,capacity,TAIL-minus-KDE,-8.36865803219141,0.4440799822724467
368,capacity,TAIL-minus-KDE,-11.65275454615729,-0.2949344567703533
369,capacity,TAIL-minus-KDE,13.272419488027692,0.033040703539550034
370,capacity,TAIL-minus-KDE,-8.410385761549218,-0.01354439037402665
371,capacity,TAIL-minus-KDE,6.9243373463822895,0.12585824747410013
372,capacity,TAIL-minus-KDE,-19.16558018647482,-0.3326821315936367
373,capacity,TAIL-minus-KDE,73.1803585446419,0.0
374,capacity,TAIL-minus-KDE,3.0732949725614396,0.0
375,capacity,TAIL-minus-KDE,-3.6013937270172796,0.0
376,capacity,TAIL-minus-KDE,-6.749105990785731,0.06256911810266999
377,capacity,TAIL-minus-KDE,11.00529961176588,0.17152850054306
378,capacity,TAIL-minus-KDE,-1.7532135816707402,0.0
379,capacity,TAIL-minus-KDE,-5.845388973283291,0.05554436381895317
380,capacity,TAIL-minus-KDE,-9.33399254934531,0.0
381,capacity,TAIL-minus-KDE,-2.531845995496779,0.23497610256322676
382,capacity,TAIL-minus-KDE,-11.803386374663837,0.03450737342965997
383,capacity,TAIL-minus-KDE,2.274154386926319,-0.29794505336367666
384,capacity,TAIL-minus-KDE,-1.7033118438933599,0.0
385,capacity,TAIL-minus-KDE,-14.36160993924496,-0.46489747487009997
386,capacity,TAIL-minus-KDE,-2.5531009028181506,0.08103171275568666
387,capacity,TAIL-minus-KDE,4.03606698982505,0.0
388,capacity,TAIL-minus-KDE,-18.967522511791298,0.14099598016172002
389,capacity,TAIL-minus-KDE,-4.94524561353627,-0.021020983899790006
390,capacity,TAIL-minus-KDE,-11.471383803367571,0.0
391,capacity,TAIL-minus-KDE,-5.08894111495416,0.08445624751787661
392,capacity,TAIL-minus-KDE,0.008355853881281128,3.764187045517844
393,capacity,TAIL-minus-KDE,-0.08239500734950993,0.26666666666666
394,capacity,TAIL-minus-KDE,-1.6138934029253391,-0.3717109708523967
395,capacity,TAIL-minus-KDE,-40.32095660418468,0.0
396,capacity,TAIL-minus-KDE,-4.278646726778799,0.2140497504547967
397,capacity,TAIL-minus-KDE,-0.7052128744165803,0.000248106204863395
398,capacity,TAIL-minus-KDE,15.651224074648482,0.0
399,capacity,TAIL-minus-KDE,-15.718415047330792,0.08469382665186337
400,capacity,TAIL-minus-KDE,-11.731094593579188,0.07518011100658668
401,capacity,TAIL-minus-KDE,-9.28273776669079,0.0
402,capacity,TAIL-minus-KDE,-8.86552260377057,-0.07104229413098333
403,capacity,TAIL-minus-KDE,-4.1400450824731605,0.0
404,capacity,TAIL-minus-KDE,-0.7033870356052505,-0.32861877911244336
405,capacity,TAIL-minus-KDE,-46.098990821522214,0.0
406,capacity,TAIL-minus-KDE,-18.42179914136532,-0.15720183521130668
407,capacity,TAIL-minus-KDE,4.688329031971842,3.7103523897555606
408,capacity,TAIL-minus-KDE,-5.6710823389202,0.07572650446385663
409,capacity,TAIL-minus-KDE,7.676339255777339,0.0332632914805034
410,capacity,TAIL-minus-KDE,1.640070825795259,3.897982442054907
411,capacity,TAIL-minus-KDE,34.960550858301765,0.0
412,capacity,TAIL-minus-KDE,-9.21127923542503,-0.2914212049372333
413,capacity,TAIL-minus-KDE,-1.4155016763788775,0.0
414,capacity,TAIL-minus-KDE,-3.3544279783350897,0.09700298871829008
415,capacity,TAIL-minus-KDE,3.4045946591834104,0.06129630070613344
416,capacity,TAIL-minus-KDE,-11.84089854731994,0.0
417,capacity,TAIL-minus-KDE,-49.45529676109334,0.0
418,capacity,TAIL-minus-KDE,-12.529772022421849,0.0
419,capacity,TAIL-minus-KDE,-4.61225284941239,-0.3767402696676033
420,capacity,TAIL-minus-KDE,21.970473331296787,0.0
421,capacity,TAIL-minus-KDE,9.23127842735774,-0.2085508884044033
422,capacity,TAIL-minus-KDE,-13.546011342771891,0.0
423,capacity,TAIL-minus-KDE,-29.99913619616612,-0.37177640784292326
424,capacity,TAIL-minus-KDE,2.4366906523902774,0.13362692177414995
425,capacity,TAIL-minus-KDE,-3.899018708054741,-0.2832111894903034
426,capacity,TAIL-minus-KDE,18.15241323050605,0.0
427,capacity,TAIL-minus-KDE,-15.128770848251008,0.15211034956827332
428,capacity,TAIL-minus-KDE,-5.6178325935617,0.0
429,capacity,TAIL-minus-KDE,-30.25623491862694,0.0
430,capacity,TAIL-minus-KDE,-10.633072825707329,-0.6478114123985299
431,capacity,TAIL-minus-KDE,-11.746939915302221,-0.24546242871283666
432,capacity,TAIL-minus-KDE,8.66856261666689,0.0594643042692332
433,capacity,TAIL-minus-KDE,9.065205982209951,0.4199289345575067
434,capacity,TAIL-minus-KDE,-2.3954328989202196,0.4246844337813467
435,capacity,TAIL-minus-KDE,0.4892184634771396,0.0
436,capacity,TAIL-minus-KDE,2.744868998214997,-0.0015297191126432443
437,capacity,TAIL-minus-KDE,1.1181466303947203,0.10344144397014671
438,capacity,TAIL-minus-KDE,6.319514616723961,0.15259892045766665
439,capacity,TAIL-minus-KDE,-15.506780951493079,0.2531431396519668
440,capacity,TAIL-minus-KDE,-37.660057382448606,0.4217894795836134
441,capacity,TAIL-minus-KDE,0.40796510025396804,4.17921398996268
442,capacity,TAIL-minus-KDE,-14.628089619319962,-0.050803908379496665
443,capacity,TAIL-minus-KDE,-0.8099278895418283,0.0
444,capacity,TAIL-minus-KDE,-17.88002708190587,0.0
445,capacity,TAIL-minus-KDE,5.689979025329181,0.0
446,capacity,TAIL-minus-KDE,3.8955326740849507,0.0
447,capacity,TAIL-minus-KDE,-0.8604988417321001,0.0
448,capacity,TAIL-minus-KDE,-2.5958517010617994,0.47419708509822334
449,capacity,TAIL-minus-KDE,-23.069965189908313,0.0
450,capacity,TAIL-minus-KDE,-1.0050004585945798,-0.4695318307928167
451,capacity,TAIL-minus-KDE,-0.10034580395492099,3.8589697923144697
452,capacity,TAIL-minus-KDE,17.45388742816391,0.0
453,capacity,TAIL-minus-KDE,-20.40301509741137,0.0
454,capacity,TAIL-minus-KDE,17.80096686204407,-0.3643206664293066
455,capacity,TAIL-minus-KDE,17.24378965259817,0.0
456,capacity,TAIL-minus-KDE,-18.003381732166957,-3.84761942942626
457,capacity,TAIL-minus-KDE,11.21632267135699,0.0
458,capacity,TAIL-minus-KDE,9.050716171156129,-0.29827727848226
459,capacity,TAIL-minus-KDE,-9.538541973096141,0.18820068096104997
460,capacity,TAIL-minus-KDE,-4.73576709592799,0.21865423916639007
461,capacity,TAIL-minus-KDE,-2.3721295470410304,-0.20729355388419998
462,capacity,TAIL-minus-KDE,-16.07416447816188,0.0
463,capacity,TAIL-minus-KDE,1.4442617544877607,0.0
464,capacity,TAIL-minus-KDE,-9.70660388166186,0.011038957142439978
465,capacity,TAIL-minus-KDE,20.66872404415685,0.0
466,capacity,TAIL-minus-KDE,3.5754066788486027,-0.01679741129229015
467,capacity,TAIL-minus-KDE,-8.211691550801332,0.0
468,capacity,TAIL-minus-KDE,-2.2292512488472194,4.420283347991007
469,capacity,TAIL-minus-KDE,-55.70705468982018,0.0
470,capacity,TAIL-minus-KDE,-10.08165105047541,-0.0455975022498399
471,capacity,TAIL-minus-KDE,-2.151211412206058,4.10929144104788
472,capacity,TAIL-minus-KDE,-5.10588425682733,0.0
473,capacity,TAIL-minus-KDE,5.9206919389744,0.0
474,capacity,TAIL-minus-KDE,0.16887596310655034,0.0
475,capacity,TAIL-minus-KDE,-43.03211295814726,0.0
476,capacity,TAIL-minus-KDE,-0.3526659598430404,0.0
477,capacity,TAIL-minus-KDE,-70.73269693767021,0.0
478,capacity,TAIL-minus-KDE,-6.765358049936202,0.4166473789634333
479,capacity,TAIL-minus-KDE,9.21503826550381,0.0
480,capacity,TAIL-minus-KDE,-2.6461670048608497,3.79721183734567
481,capacity,TAIL-minus-KDE,5.71166262357404,-0.36613299580194664
482,capacity,TAIL-minus-KDE,-14.84594054641764,-0.7999999999999866
483,capacity,TAIL-minus-KDE,8.76728012608519,0.0
484,capacity,TAIL-minus-KDE,9.824147209721076,0.0
485,capacity,TAIL-minus-KDE,-101.30939280079578,0.0
486,capacity,TAIL-minus-KDE,-4.507328603104759,-0.3808467171974133
487,capacity,TAIL-minus-KDE,-9.835311450474487,0.21645968822213008
488,capacity,TAIL-minus-KDE,-14.961144567248985,0.0
489,capacity,TAIL-minus-KDE,-6.637073894964521,0.008402708301323385
490,capacity,TAIL-minus-KDE,2.552039739098011,3.7975599970181566
491,capacity,TAIL-minus-KDE,-5.0906309061775845,0.0
492,capacity,TAIL-minus-KDE,3.1012554358564497,-0.28169900612779336
493,capacity,TAIL-minus-KDE,-10.270263959686869,-3.4669985136609696
494,capacity,TAIL-minus-KDE,-4.490674733465159,0.0
495,capacity,TAIL-minus-KDE,1.4340875465913596,0.0
496,capacity,TAIL-minus-KDE,16.7859722637843,-0.02526855357558328
497,capacity,TAIL-minus-KDE,-14.781435780515666,0.0
498,capacity,TAIL-minus-KDE,15.117641786225992,-0.04225002408457003
499,capacity,TAIL-minus-KDE,-15.014608610002512,0.0663335603811232
500,capacity,TAIL-minus-KDE,0.7642632525767995,0.0
501,capacity,TAIL-minus-KDE,-5.312865445466361,0.0
502,capacity,TAIL-minus-KDE,-7.391993487766629,-0.02168296814379
503,capacity,TAIL-minus-KDE,0.7186714663911895,-0.3383234069643766
504,capacity,TAIL-minus-KDE,17.16282676783564,0.0
505,capacity,TAIL-minus-KDE,7.709912019782131,0.0
506,capacity,TAIL-minus-KDE,1.8934790055323503,0.04046220537001991
507,capacity,TAIL-minus-KDE,-8.56396847935629,0.0
508,capacity,TAIL-minus-KDE,8.35551659495906,0.0
509,capacity,TAIL-minus-KDE,13.456969953387441,0.0
510,capacity,TAIL-minus-KDE,-0.421885391037069,0.0
511,capacity,TAIL-minus-KDE,4.45158690322362,0.0
512,capacity,TAIL-minus-KDE,-6.7352567843447595,0.0436374082236267
513,capacity,TAIL-minus-KDE,-3.1989366064142306,0.04951551999367674
514,capacity,TAIL-minus-KDE,10.19102833269375,0.0
515,capacity,TAIL-minus-KDE,23.638658624322346,0.0
516,capacity,TAIL-minus-KDE,-32.30076675590783,0.26666666666666
517,capacity,TAIL-minus-KDE,-13.148181233825044,0.0888541738201033
518,capacity,TAIL-minus-KDE,5.78894771163118,0.42839307468649007
519,capacity,TAIL-minus-KDE,2.784422802989381,-0.06249564095110339
520,capacity,TAIL-minus-KDE,-5.697181778595489,4.124652666991007
521,capacity,TAIL-minus-KDE,-1.681226717482691,0.0604244821703067
522,capacity,TAIL-minus-KDE,-6.697860809607089,0.0
523,capacity,TAIL-minus-KDE,-0.08474718602693998,0.0
524,capacity,TAIL-minus-KDE,-14.48173682448966,0.0
525,capacity,TAIL-minus-KDE,-9.527707154262579,0.0
526,capacity,TAIL-minus-KDE,-8.53823000750104,0.0
527,capacity,TAIL-minus-KDE,-13.034191352141884,-0.0747176264695934
528,capacity,TAIL-minus-KDE,-3.6439579373703888,0.02134061321631001
529,capacity,TAIL-minus-KDE,-12.31533171257216,0.0
530,capacity,TAIL-minus-KDE,2.8874250009004996,-0.3659413715261233
531,capacity,TAIL-minus-KDE,-0.9955587768588098,0.43717960410819673
532,capacity,TAIL-minus-KDE,-2.2989350236027386,0.2251571081036467
533,capacity,TAIL-minus-KDE,1.8339962810601698,-0.3519621556435633
534,capacity,TAIL-minus-KDE,-0.6376467999513802,0.12480863584375329
535,capacity,TAIL-minus-KDE,8.672549472972989,0.0
536,capacity,TAIL-minus-KDE,1.2262329777042988,0.0
537,capacity,TAIL-minus-KDE,-5.9713949615330595,0.0
538,capacity,TAIL-minus-KDE,31.024911409005885,0.0
539,capacity,TAIL-minus-KDE,3.6225146098940604,0.2896876200784434
540,capacity,TAIL-minus-KDE,-13.134529725438728,-0.30756525671921336
541,capacity,TAIL-minus-KDE,-2.9395089006271498,0.15810591773669
542,capacity,TAIL-minus-KDE,-0.7639194512895298,0.017087143727813336
543,capacity,TAIL-minus-KDE,1.11897390322315,0.19961705092320325
544,capacity,TAIL-minus-KDE,2.5889753323731703,-0.6480742817045932
545,capacity,TAIL-minus-KDE,-8.98125992818695,0.026691014037660006
546,capacity,TAIL-minus-KDE,32.28386942790819,0.0
547,capacity,TAIL-minus-KDE,-144.42539155892112,0.0
548,capacity,TAIL-minus-KDE,2.38812552876341,0.07170780019691655
549,capacity,TAIL-minus-KDE,-14.40674263041099,0.028452103013379935
550,capacity,TAIL-minus-KDE,-16.61130134946708,0.0
551,capacity,TAIL-minus-KDE,-76.92140415665227,0.0
552,capacity,TAIL-minus-KDE,-3.40022998980783,0.16773253009325664
553,capacity,TAIL-minus-KDE,-3.87183872970409,0.0
554,capacity,TAIL-minus-KDE,-4.6812781757202,0.0
555,capacity,TAIL-minus-KDE,-10.118538269954069,0.48104683937269
556,capacity,TAIL-minus-KDE,11.25566622559183,0.11311019067031333
557,capacity,TAIL-minus-KDE,-5.471515421799811,0.45286444805712667
558,capacity,TAIL-minus-KDE,-9.75291214943172,-0.020427565126143396
559,capacity,TAIL-minus-KDE,-5.26745144230774,0.0
560,capacity,TAIL-minus-KDE,-11.200742384857602,0.011330800255243342
561,capacity,TAIL-minus-KDE,-4.510161499267001,-0.005523827041526656
562,capacity,TAIL-minus-KDE,-0.20172106600353026,0.46571518334980994
563,capacity,TAIL-minus-KDE,-4.22587150479602,4.10389075948041
564,capacity,TAIL-minus-KDE,0.34809635123548843,3.726513977970413
565,capacity,TAIL-minus-KDE,4.738744618148821,0.02836950521655666
566,capacity,TAIL-minus-KDE,-1.9151785253533504,4.146032723616849
567,capacity,TAIL-minus-KDE,-10.67486872424359,0.0
568,capacity,TAIL-minus-KDE,-2.1765282170324607,-0.3352873962343799
569,capacity,TAIL-minus-KDE,12.43543505295423,0.0
570,capacity,TAIL-minus-KDE,-62.56924908063483,0.0
571,capacity,TAIL-minus-KDE,1.9553124520756096,-0.36906430647368993
572,capacity,TAIL-minus-KDE,7.99935359170149,0.002093349930163378
573,capacity,TAIL-minus-KDE,-6.171828502577281,0.14881669527084
574,capacity,TAIL-minus-KDE,-6.507420789259092,0.14997363744307665
575,capacity,TAIL-minus-KDE,-7.247473653943123,0.0
576,capacity,TAIL-minus-KDE,-8.3222735409251,-0.42407718162159336
577,capacity,TAIL-minus-KDE,-8.88976237635468,-0.27162145521447334
578,capacity,TAIL-minus-KDE,2.47695142989506,0.0
579,capacity,TAIL-minus-KDE,-10.741777680769259,-0.005437344690830022
580,capacity,TAIL-minus-KDE,10.913749972745169,-0.26666666666666
581,capacity,TAIL-minus-KDE,-1.2505007992571593,0.0
582,capacity,TAIL-minus-KDE,-5.19018412166101,-0.34155554419145323
583,capacity,TAIL-minus-KDE,-12.02394766567021,-0.34219216144608666
584,capacity,TAIL-minus-KDE,-14.610036755238001,0.0
585,capacity,TAIL-minus-KDE,-12.84438727265782,0.43593849844022664
586,capacity,TAIL-minus-KDE,3.28487827874235,0.0
587,capacity,TAIL-minus-KDE,4.954032957845101,0.15006943581263
588,capacity,TAIL-minus-KDE,21.72913214331563,0.0
589,capacity,TAIL-minus-KDE,3.476045317578809,-0.35897963790962667
590,capacity,TAIL-minus-KDE,-3.793877175630589,-0.18775019357829
591,capacity,TAIL-minus-KDE,13.957252976574269,0.0
592,capacity,TAIL-minus-KDE,-16.70770451975746,-0.30559925971213336
593,capacity,TAIL-minus-KDE,-3.9739384379980396,-0.29591880497566
594,capacity,TAIL-minus-KDE,4.08832432334893,0.04011062239537662
595,capacity,TAIL-minus-KDE,-17.962696893643763,0.0
596,capacity,TAIL-minus-KDE,2.3014495529974006,0.46183658361991337
597,capacity,TAIL-minus-KDE,-7.706562784389487,-0.17047251264583002
598,capacity,TAIL-minus-KDE,-20.17761681806319,0.05341656534916667
599,capacity,TAIL-minus-KDE,14.98495930068064,-0.10196459139652997
600,capacity,TAIL-minus-KDE,-14.453192170072782,0.04995732739624002
601,capacity,TAIL-minus-KDE,23.45385741752782,0.0
602,capacity,TAIL-minus-KDE,-0.8399109370971103,0.08989638275373668
603,capacity,TAIL-minus-KDE,-2.078206560786,0.48544043286784
604,capacity,TAIL-minus-KDE,-12.142283681564708,0.019636130309800062
605,capacity,TAIL-minus-KDE,-10.9485502176565,0.0
606,capacity,TAIL-minus-KDE,3.4422728549488593,0.0
607,capacity,TAIL-minus-KDE,-13.135260890740549,0.21801198683567996
608,capacity,TAIL-minus-KDE,14.781348512863602,0.0
609,capacity,TAIL-minus-KDE,-18.422415226102363,0.0
610,capacity,TAIL-minus-KDE,-3.4780074747463807,0.0
611,capacity,TAIL-minus-KDE,-3.1292280334353397,0.0
612,capacity,TAIL-minus-KDE,2.96940160189628,0.0
613,capacity,TAIL-minus-KDE,27.582372910448527,0.0
614,capacity,TAIL-minus-KDE,3.840357816847992,0.0
615,capacity,TAIL-minus-KDE,26.64306347201995,0.0
616,capacity,TAIL-minus-KDE,11.045995202270278,0.0
617,capacity,TAIL-minus-KDE,-11.78081460850055,0.0
618,capacity,TAIL-minus-KDE,-6.044962165812221,0.07191477949168674
619,capacity,TAIL-minus-KDE,-4.3748657734685485,0.0
620,capacity,TAIL-minus-KDE,-5.8555186153447485,-0.27364983796129344
621,capacity,TAIL-minus-KDE,-10.938156056523058,0.14304362200496992
622,capacity,TAIL-minus-KDE,3.230617080135051,3.678463119021063
623,capacity,TAIL-minus-KDE,-0.7331760590521402,0.0
624,capacity,TAIL-minus-KDE,18.57753059580875,-0.26666666666666
625,capacity,TAIL-minus-KDE,3.195136254353481,0.0
626,capacity,TAIL-minus-KDE,-11.297583684832219,0.13567939004187676
627,capacity,TAIL-minus-KDE,3.652641651566481,0.0
628,capacity,TAIL-minus-KDE,-9.45744229526225,0.15909600587722664
629,capacity,TAIL-minus-KDE,-9.29220507221245,0.15045919675792666
630,capacity,TAIL-minus-KDE,-4.588439656603049,0.42047516944387664
631,capacity,TAIL-minus-KDE,-1.6552303540258384,0.0
632,capacity,TAIL-minus-KDE,-3.000163909153819,-0.03562614704199999
633,capacity,TAIL-minus-KDE,-11.396753405180378,0.11736502101729676
634,capacity,TAIL-minus-KDE,-23.39902969917757,0.0
635,capacity,TAIL-minus-KDE,0.20614661557184916,-0.7999999999999866
636,capacity,TAIL-minus-KDE,-9.19505852991703,0.0
637,capacity,TAIL-minus-KDE,-0.8314884428221397,-0.03709060982168
638,capacity,TAIL-minus-KDE,10.15494274938652,-0.26666666666666
639,capacity,TAIL-minus-KDE,-23.37415689818321,0.0
640,capacity,TAIL-minus-KDE,12.099608802480342,0.0
641,capacity,TAIL-minus-KDE,6.919542558543442,0.2584487414209567
642,capacity,TAIL-minus-KDE,-1.1948534397076909,-0.01088489812850332
643,capacity,TAIL-minus-KDE,12.185240063142139,0.0
644,capacity,TAIL-minus-KDE,-8.02945237010339,0.018952907592569967
645,capacity,TAIL-minus-KDE,-15.37713350446363,-0.26288271207589337
646,capacity,TAIL-minus-KDE,4.44490875175823,-0.37561317918111664
647,capacity,TAIL-minus-KDE,-6.2123936339004,-0.26666666666666
648,capacity,TAIL-minus-KDE,-16.50204332772578,0.014824223370396659
649,capacity,TAIL-minus-KDE,-8.69153575992689,0.20639123286674338
650,capacity,TAIL-minus-KDE,-9.06000650495267,0.0
651,capacity,TAIL-minus-KDE,9.282742704475371,0.0037201719237933695
652,capacity,TAIL-minus-KDE,-9.6587215648284,0.4366906877855334
653,capacity,TAIL-minus-KDE,-19.72983104135026,0.0
654,capacity,TAIL-minus-KDE,-2.8950241615291805,0.03044445427176669
655,capacity,TAIL-minus-KDE,5.95514856219308,-0.3701483631608833
656,capacity,TAIL-minus-KDE,-4.85995190806522,0.0
657,capacity,TAIL-minus-KDE,-2.6875663975351376,-0.002289996948759941
658,capacity,TAIL-minus-KDE,-8.41675826947198,0.0
659,capacity,TAIL-minus-KDE,15.63220696472859,0.0
660,capacity,TAIL-minus-KDE,8.10411127962751,0.0
661,capacity,TAIL-minus-KDE,-9.76664240119657,0.06126679913771669
662,capacity,TAIL-minus-KDE,-5.536224071430018,0.13955879721739284
663,capacity,TAIL-minus-KDE,-10.78556081256494,-0.051362700565179935
664,capacity,TAIL-minus-KDE,4.03850137079523,-0.6275784789436
665,capacity,TAIL-minus-KDE,-13.09993381152833,0.021341581859013296
666,capacity,TAIL-minus-KDE,1.34521670808493,0.0
667,capacity,TAIL-minus-KDE,2.42898776298105,0.0
668,capacity,TAIL-minus-KDE,4.447781108345278,-0.10228274926103592
669,capacity,TAIL-minus-KDE,-3.4357158553110114,-0.007837983180256601
670,capacity,TAIL-minus-KDE,16.17536875145189,0.0
671,capacity,TAIL-minus-KDE,-7.137875613849901,0.0
672,capacity,TAIL-minus-KDE,0.11472386040724952,0.0
673,capacity,TAIL-minus-KDE,-2.9673403509496152,0.18622665943911904
674,capacity,TAIL-minus-KDE,-2.959742367786769,0.08193251961992001
675,capacity,TAIL-minus-KDE,-4.048817103707892,0.0749660556960667
676,capacity,TAIL-minus-KDE,37.381716870272555,0.0
677,capacity,TAIL-minus-KDE,-8.443496895585719,-0.31682683713958665
678,capacity,TAIL-minus-KDE,0.05033785068287999,0.0895906707201799
679,capacity,TAIL-minus-KDE,-0.0294033334067495,0.06002267649571
680,capacity,TAIL-minus-KDE,-8.05586166943682,0.023860849836746748
681,capacity,TAIL-minus-KDE,-10.906502782133519,-0.44917062801049
682,capacity,TAIL-minus-KDE,4.0304740786729605,0.020949346000629938
683,capacity,TAIL-minus-KDE,-3.4503151716826705,-0.64420040595883
684,capacity,TAIL-minus-KDE,-0.39949160526335237,0.0028368042909765988
685,capacity,TAIL-minus-KDE,-5.83404045307465,0.0
686,capacity,TAIL-minus-KDE,-6.75236969736132,0.0997172362161734
687,capacity,TAIL-minus-KDE,3.2223803779804383,-0.18939638063740008
688,capacity,TAIL-minus-KDE,3.437877648432709,0.42273727697174
689,capacity,TAIL-minus-KDE,-11.471935817004631,0.0
690,capacity,TAIL-minus-KDE,-12.72011845188478,0.0
691,capacity,TAIL-minus-KDE,-2.449936235201951,0.0
692,capacity,TAIL-minus-KDE,-18.63623528535344,0.0
693,capacity,TAIL-minus-KDE,-24.289729399367708,0.0
694,capacity,TAIL-minus-KDE,16.673614860609632,0.0
695,capacity,TAIL-minus-KDE,-3.4288321584832597,0.0
696,capacity,TAIL-minus-KDE,-0.38296441865721953,0.0
697,capacity,TAIL-minus-KDE,-4.2008197027322005,0.0
698,capacity,TAIL-minus-KDE,-11.62110196232857,0.0
699,capacity,TAIL-minus-KDE,4.45643565117715,0.0
700,capacity,TAIL-minus-KDE,-10.32022714728454,0.0021015673788133023
701,capacity,TAIL-minus-KDE,-4.30092900080807,0.0
702,capacity,TAIL-minus-KDE,-2.27669922915832,-0.2986886546961833
703,capacity,TAIL-minus-KDE,14.340101450112181,0.0
704,capacity,TAIL-minus-KDE,5.98786127137611,0.0
705,capacity,TAIL-minus-KDE,-17.076399165099243,0.06041751257464334
706,capacity,TAIL-minus-KDE,-14.30416018317624,0.04598465174116004
707,capacity,TAIL-minus-KDE,-3.666510990296751,0.17044170187306001
708,capacity,TAIL-minus-KDE,-15.913873897467038,0.0
709,capacity,TAIL-minus-KDE,-5.50626799664398,0.0
710,capacity,TAIL-minus-KDE,-6.382963749531459,0.012046952922300028
711,capacity,TAIL-minus-KDE,-11.568561894519089,0.0
712,capacity,TAIL-minus-KDE,10.34790920946228,0.0
713,capacity,TAIL-minus-KDE,-4.859562119254949,0.02010082402505997
714,capacity,TAIL-minus-KDE,-5.72805985127062,0.0
715,capacity,TAIL-minus-KDE,-2.2527140340526497,0.0
716,capacity,TAIL-minus-KDE,8.90604170728964,0.0
717,capacity,TAIL-minus-KDE,-15.88981067570097,0.44811412011213003
718,capacity,TAIL-minus-KDE,-1.9656624949793595,0.0
719,capacity,TAIL-minus-KDE,16.37564373368368,0.0
720,capacity,TAIL-minus-KDE,-5.742521778021049,-0.0076080945790066995
721,capacity,TAIL-minus-KDE,2.6534244760779995,0.04073877680471341
722,capacity,TAIL-minus-KDE,-1.7400967681568291,0.49549834325674363
723,capacity,TAIL-minus-KDE,-12.50316391436434,0.0
724,capacity,TAIL-minus-KDE,11.99327877975726,0.0
725,capacity,TAIL-minus-KDE,-21.89564223724795,0.0
726,capacity,TAIL-minus-KDE,-8.85351631967399,0.0
727,capacity,TAIL-minus-KDE,-16.21765333660658,0.025130102180030006
728,capacity,TAIL-minus-KDE,-10.36514107419612,0.42996196826007
729,capacity,TAIL-minus-KDE,-4.34943946206744,0.16402896335272668
730,capacity,TAIL-minus-KDE,-21.22827456897794,0.04250626132071998
731,capacity,TAIL-minus-KDE,-1.798310069555581,-0.37189696591142996
732,capacity,TAIL-minus-KDE,-18.4471967940752,0.0
733,capacity,TAIL-minus-KDE,6.213381479589178,0.0
734,capacity,TAIL-minus-KDE,-9.38790846550018,-0.36810831775165326
735,capacity,TAIL-minus-KDE,-3.413107082028251,0.01454343800180672
736,capacity,TAIL-minus-KDE,-14.983657692755678,0.0
737,capacity,TAIL-minus-KDE,11.0524050963594,0.0
738,capacity,TAIL-minus-KDE,-8.377670400022238,-0.2635138523747533
739,capacity,TAIL-minus-KDE,29.83072588444041,0.0
740,capacity,TAIL-minus-KDE,3.7573704844710996,0.0
741,capacity,TAIL-minus-KDE,-3.5326791883698805,0.323854266828566
742,capacity,TAIL-minus-KDE,7.031480872656598,-0.0747763391370334
743,capacity,TAIL-minus-KDE,-4.853596053084021,0.16520147062945334
744,capacity,TAIL-minus-KDE,-5.108408497262339,0.0
745,capacity,TAIL-minus-KDE,1.0436080455658192,0.0
746,capacity,TAIL-minus-KDE,-17.19425828269909,0.0
747,capacity,TAIL-minus-KDE,11.523167519509089,-0.2824418671300866
748,capacity,TAIL-minus-KDE,-10.610474900150619,0.15276063484181
749,capacity,TAIL-minus-KDE,9.1719533736104,0.0
750,capacity,TAIL-minus-KDE,0.9044131331192973,0.2798435150769558
751,capacity,TAIL-minus-KDE,26.802450137832608,0.0
752,capacity,TAIL-minus-KDE,25.86423576134202,-0.7999999999999866
753,capacity,TAIL-minus-KDE,-9.544074204509299,0.023015681427043366
754,capacity,TAIL-minus-KDE,7.2667798592170705,-0.7999999999999866
755,capacity,TAIL-minus-KDE,-12.331832312255461,0.0
756,capacity,TAIL-minus-KDE,-6.85582519404303,-0.44964628239959337
757,capacity,TAIL-minus-KDE,-8.204606844906289,0.0
758,capacity,TAIL-minus-KDE,15.914312048649387,0.0
759,capacity,TAIL-minus-KDE,14.763346042934392,0.0
760,capacity,TAIL-minus-KDE,16.91035684827727,-0.22451568773698996
761,capacity,TAIL-minus-KDE,0.265735796076,0.0
762,capacity,TAIL-minus-KDE,1.18485252948454,0.0
763,capacity,TAIL-minus-KDE,0.55366143387265,0.0
764,capacity,TAIL-minus-KDE,-2.20929682910902,0.0
765,capacity,TAIL-minus-KDE,-2.05029078443629,0.0
766,capacity,TAIL-minus-KDE,-10.248341674771492,0.06630218852285326
767,capacity,TAIL-minus-KDE,10.314320878404061,0.0
768,capacity,TAIL-minus-KDE,2.419817113116211,0.0
769,capacity,TAIL-minus-KDE,-12.672432509392301,0.0
770,capacity,TAIL-minus-KDE,-9.05292433372415,0.020458248350303278
771,capacity,TAIL-minus-KDE,-3.559447828029999,0.026705522638873283
772,capacity,TAIL-minus-KDE,-10.995830303203169,-0.29622386406990997
773,capacity,TAIL-minus-KDE,6.55487972395442,0.0
774,capacity,TAIL-minus-KDE,-2.74505814164636,0.0
775,capacity,TAIL-minus-KDE,-4.07781445351664,-0.009885366419073397
776,capacity,TAIL-minus-KDE,-17.67401488195616,0.0
777,capacity,TAIL-minus-KDE,-2.7775170915516996,-0.3065452829944833
778,capacity,TAIL-minus-KDE,-7.0589342022437,0.0
779,capacity,TAIL-minus-KDE,15.63985585736232,0.0
780,capacity,TAIL-minus-KDE,-7.838911605649999,0.0005675668484866545
781,capacity,TAIL-minus-KDE,1.8812836710404985,0.03147358608473995
782,capacity,TAIL-minus-KDE,-1.5070967377807194,-0.013166540261016699
783,capacity,TAIL-minus-KDE,-3.3460481085476697,0.0
784,capacity,TAIL-minus-KDE,18.00716804052884,0.0
785,capacity,TAIL-minus-KDE,-19.288052177748284,0.07412604917197002
786,capacity,TAIL-minus-KDE,2.8014054005695797,0.1607749408094367
787,capacity,TAIL-minus-KDE,7.2939829645908505,-0.36712568146262997
788,capacity,TAIL-minus-KDE,-5.355674014426571,0.16866119631515336
789,capacity,TAIL-minus-KDE,-1.4197546849475704,-0.22745838960250997
790,capacity,TAIL-minus-KDE,-0.3318702126558999,0.26666666666666
791,capacity,TAIL-minus-KDE,18.703774805951902,0.0
792,capacity,TAIL-minus-KDE,-12.355721015614007,0.4003273073038799
793,capacity,TAIL-minus-KDE,2.31184432551895,0.0
794,capacity,TAIL-minus-KDE,9.84114166170019,0.0
795,capacity,TAIL-minus-KDE,-22.089234085238083,0.04567495024481996
796,capacity,TAIL-minus-KDE,1.9611333572830902,0.0
797,capacity,TAIL-minus-KDE,-11.198854869415129,0.029518358866633277
798,capacity,TAIL-minus-KDE,-94.39176083199906,0.0
799,capacity,TAIL-minus-KDE,-8.416925976281089,0.0
800,capacity,TAIL-minus-KDE,0.01598334055799011,-0.021730434402630026
801,capacity,TAIL-minus-KDE,3.5764626943749294,0.0
802,capacity,TAIL-minus-KDE,2.3952972369597605,-0.7999999999999866
803,capacity,TAIL-minus-KDE,1.7056743800676095,3.682763429940293
804,capacity,TAIL-minus-KDE,-2.935837480874637,3.894770766506936
805,capacity,TAIL-minus-KDE,-6.379857382039061,0.0
806,capacity,TAIL-minus-KDE,-7.5341454484817705,0.0
807,capacity,TAIL-minus-KDE,-17.78907700632171,0.0
808,capacity,TAIL-minus-KDE,7.74941222186066,0.0
809,capacity,TAIL-minus-KDE,-37.55680317855255,0.0
810,capacity,TAIL-minus-KDE,4.85329874200411,0.0
811,capacity,TAIL-minus-KDE,-6.63543657287663,3.83087723645412
812,capacity,TAIL-minus-KDE,-0.6836280387767895,-0.2181111887509934
813,capacity,TAIL-minus-KDE,1.5206426002400801,0.0
814,capacity,TAIL-minus-KDE,0.5147780230194008,0.0
815,capacity,TAIL-minus-KDE,-12.51377635508231,0.09947697875417327
816,capacity,TAIL-minus-KDE,-15.88648422159965,0.15139850877323002
817,capacity,TAIL-minus-KDE,0.052094189713700056,0.08488311160867326
818,capacity,TAIL-minus-KDE,11.013335618666979,0.0
819,capacity,TAIL-minus-KDE,2.46076074165779,0.0
820,capacity,TAIL-minus-KDE,14.05086598538961,0.0
821,capacity,TAIL-minus-KDE,0.9179637948611306,0.0
822,capacity,TAIL-minus-KDE,-4.08013223836457,-0.35350649223483005
823,capacity,TAIL-minus-KDE,-15.178963142881338,0.0287848961888733
824,capacity,TAIL-minus-KDE,-1.5395513315510498,0.45229958036409335
825,capacity,TAIL-minus-KDE,18.810936076374098,0.0
826,capacity,TAIL-minus-KDE,-6.03686695913824,0.45098022160241336
827,capacity,TAIL-minus-KDE,-4.41554077655103,-0.2778947238033
828,capacity,TAIL-minus-KDE,-8.61375700112967,-0.36991984431158
829,capacity,TAIL-minus-KDE,-0.021815962308840975,3.8530411650495764
830,capacity,TAIL-minus-KDE,3.4423531637655795,0.2232223937388633
831,capacity,TAIL-minus-KDE,-1.0254840399462617,3.7738486754218896
832,capacity,TAIL-minus-KDE,-7.442773893661679,0.0
833,capacity,TAIL-minus-KDE,7.329791981999239,0.0
834,capacity,TAIL-minus-KDE,8.99686854246587,-0.37887494239498665
835,capacity,TAIL-minus-KDE,30.3929863358878,0.0
836,capacity,TAIL-minus-KDE,0.4804446303572799,0.18539607160437999
837,capacity,TAIL-minus-KDE,-5.952757852428039,-0.009466295455323303
838,capacity,TAIL-minus-KDE,-47.177975219586884,0.43414182776021
839,capacity,TAIL-minus-KDE,-6.77003015418417,0.15759138826463337
840,capacity,TAIL-minus-KDE,-0.12398826480101016,0.0
841,capacity,TAIL-minus-KDE,-18.09593151582082,-0.6497861579175133
842,capacity,TAIL-minus-KDE,5.883470016930681,-0.3488211237129466
843,capacity,TAIL-minus-KDE,-9.87130709248785,0.0
844,capacity,TAIL-minus-KDE,-11.18908862114688,0.01809500760512001
845,capacity,TAIL-minus-KDE,-12.09085538376625,0.07946225530102331
846,capacity,TAIL-minus-KDE,19.53289089557284,0.0
847,capacity,TAIL-minus-KDE,-5.250634507157821,0.41968090508308337
848,capacity,TAIL-minus-KDE,-13.204956601318429,0.037659813819789986
849,capacity,TAIL-minus-KDE,-15.782175190311328,-0.3497096318641233
850,capacity,TAIL-minus-KDE,-11.050090319224141,-0.008653520899643257
851,capacity,TAIL-minus-KDE,-19.89376361604562,0.0
852,capacity,TAIL-minus-KDE,-0.47761884798926957,0.25094225740570353
853,capacity,TAIL-minus-KDE,18.493005200357267,0.0
854,capacity,TAIL-minus-KDE,-9.323409522855039,-0.016036732661710035
855,capacity,TAIL-minus-KDE,-16.007844310404764,0.01927441147787333
856,capacity,TAIL-minus-KDE,-9.45969259540348,0.15039732461240002
857,capacity,TAIL-minus-KDE,4.54232750188937,3.9440682035301933
858,capacity,TAIL-minus-KDE,-0.5985272155050708,0.01761450506121004
859,capacity,TAIL-minus-KDE,-0.917582144413312,0.0
860,capacity,TAIL-minus-KDE,-3.1227760001309806,-0.02140011198736337
861,capacity,TAIL-minus-KDE,4.52786493022678,0.17603117171951665
862,capacity,TAIL-minus-KDE,11.65095400525068,0.0
863,capacity,TAIL-minus-KDE,2.1142057035511974,0.10460505471327972
864,capacity,TAIL-minus-KDE,10.766400582729469,0.0
865,capacity,TAIL-minus-KDE,17.9745081555866,3.9945145757336404
866,capacity,TAIL-minus-KDE,-8.86294490293302,0.43197912372810343
867,capacity,TAIL-minus-KDE,-2.0908528614150104,0.0
868,capacity,TAIL-minus-KDE,-11.16422398246015,-0.023514543892153364
869,capacity,TAIL-minus-KDE,4.538139468570041,-0.3801604494502433
870,capacity,TAIL-minus-KDE,-0.8780022237511398,0.0
871,capacity,TAIL-minus-KDE,-0.6839930439889813,-0.0011749754471599913
872,capacity,TAIL-minus-KDE,-18.8531480273954,-0.01837633494134669
873,capacity,TAIL-minus-KDE,-6.750736400875741,-0.003671899538023292
874,capacity,TAIL-minus-KDE,-10.726572933722,0.0
875,capacity,TAIL-minus-KDE,-2.9297322635134697,0.0
876,capacity,TAIL-minus-KDE,-5.81947189389786,0.14997893107239
877,capacity,TAIL-minus-KDE,1.1997488043639009,3.927039017029063
878,capacity,TAIL-minus-KDE,20.58371046066662,0.0
879,capacity,TAIL-minus-KDE,-1.18500642244742,0.0
880,capacity,TAIL-minus-KDE,-3.5759616218290593,0.14996839007071
881,capacity,TAIL-minus-KDE,30.971539287463017,0.0
882,capacity,TAIL-minus-KDE,-59.97112126571218,0.0
883,capacity,TAIL-minus-KDE,-7.456898454885271,0.2535787187704234
884,capacity,TAIL-minus-KDE,-1.05754993231335,0.0
885,capacity,TAIL-minus-KDE,20.454990461315827,0.0
886,capacity,TAIL-minus-KDE,19.00174917214703,0.0
887,capacity,TAIL-minus-KDE,-3.2546800637899707,0.0
888,capacity,TAIL-minus-KDE,-0.20914057443095768,0.10976458668464674
889,capacity,TAIL-minus-KDE,5.825081662917871,0.0
890,capacity,TAIL-minus-KDE,8.568352991317141,0.0
891,capacity,TAIL-minus-KDE,-3.2681494297624902,0.0
892,capacity,TAIL-minus-KDE,-6.24700526263999,0.19798500605307
893,capacity,TAIL-minus-KDE,-18.26522639248876,0.24795227275583664
894,capacity,TAIL-minus-KDE,-11.850738749702048,0.20254607202742006
895,capacity,TAIL-minus-KDE,1.24845623204694,0.0
896,capacity,TAIL-minus-KDE,-3.179648079945041,0.19077053516746997
897,capacity,TAIL-minus-KDE,-8.71899939778665,0.0020590271708233188
898,capacity,TAIL-minus-KDE,10.80054289618308,-0.29817646786019
899,capacity,TAIL-minus-KDE,-1.148737669883268,-0.28811418742757
900,capacity,TAIL-minus-KDE,12.25956266232033,0.0
901,capacity,TAIL-minus-KDE,3.9246511775719304,4.018029861570733
902,capacity,TAIL-minus-KDE,-17.20290268220054,0.0
903,capacity,TAIL-minus-KDE,0.8486313968884607,0.0
904,capacity,TAIL-minus-KDE,-16.60213437114112,0.01270883356357666
905,capacity,TAIL-minus-KDE,1.7144353331012399,0.45506310201676003
906,capacity,TAIL-minus-KDE,-13.935557295961978,0.0
907,capacity,TAIL-minus-KDE,-2.4423621910887903,0.0
908,capacity,TAIL-minus-KDE,-3.407214819679022,0.0
909,capacity,TAIL-minus-KDE,-17.42403141922525,-0.37730502937223664
910,capacity,TAIL-minus-KDE,-18.139066183948866,-0.4171693738688767
911,capacity,TAIL-minus-KDE,-0.771813365628031,-0.7999999999999866
912,capacity,TAIL-minus-KDE,0.0051003047233003085,0.0
913,capacity,TAIL-minus-KDE,-13.905577413464002,0.11228309462509335
914,capacity,TAIL-minus-KDE,17.69137307228337,0.0
915,capacity,TAIL-minus-KDE,-8.633304773688549,0.21271883574727618
916,capacity,TAIL-minus-KDE,-14.559140341323367,0.0
917,capacity,TAIL-minus-KDE,0.5481494011523758,3.6877486552161365
918,capacity,TAIL-minus-KDE,0.7017774851885039,0.41301485597481646
919,capacity,TAIL-minus-KDE,13.51285384723424,0.0
920,capacity,TAIL-minus-KDE,0.6531747628499195,0.0
921,capacity,TAIL-minus-KDE,8.850735946584559,0.0
922,capacity,TAIL-minus-KDE,-8.862314875425271,0.04767104383002329
923,capacity,TAIL-minus-KDE,-2.17380055752707,0.014735557896430017
924,capacity,TAIL-minus-KDE,7.73181630624973,0.0
925,capacity,TAIL-minus-KDE,-5.505799288055021,-0.06199654521953
926,capacity,TAIL-minus-KDE,-22.405843441525192,0.0
927,capacity,TAIL-minus-KDE,-7.9590516010592225,-0.022428099082956628
928,capacity,TAIL-minus-KDE,2.6469905600030126,-0.06740374586688318
929,capacity,TAIL-minus-KDE,-6.355426254413891,0.023947689060489948
930,capacity,TAIL-minus-KDE,31.96562709619311,0.0
931,capacity,TAIL-minus-KDE,-4.132096999444769,0.16817710306867
932,capacity,TAIL-minus-KDE,28.411125125397003,0.0
933,capacity,TAIL-minus-KDE,-5.831988111817379,-0.36562777484945663
934,capacity,TAIL-minus-KDE,-4.233985961143672,0.08862725571895674
935,capacity,TAIL-minus-KDE,-2.018574810821805,0.15402906391799587
936,capacity,TAIL-minus-KDE,-4.261578233415789,0.14997006605517665
937,capacity,TAIL-minus-KDE,-7.725841603619529,-0.050244544900463275
938,capacity,TAIL-minus-KDE,16.23403292062887,0.0
939,capacity,TAIL-minus-KDE,-11.632470066386889,-0.34769731181055324
940,capacity,TAIL-minus-KDE,-1.6097506983846606,0.0
941,capacity,TAIL-minus-KDE,6.304125198313121,0.0
942,capacity,TAIL-minus-KDE,-19.77786641267433,-0.3459861625931133
943,capacity,TAIL-minus-KDE,-5.289350455106309,0.0
944,capacity,TAIL-minus-KDE,-7.1266999179892085,0.027217283541543322
945,capacity,TAIL-minus-KDE,-94.32790529151893,0.0
946,capacity,TAIL-minus-KDE,1.2061119693502098,0.0
947,capacity,TAIL-minus-KDE,0.36297946689667904,-0.4735105757631
948,capacity,TAIL-minus-KDE,-1.6520272711961603,0.15130338690714001
949,capacity,TAIL-minus-KDE,-14.89019370764402,0.15026528796958336
950,capacity,TAIL-minus-KDE,-2.315630259291568,0.1004731869535167
951,capacity,TAIL-minus-KDE,-2.5140491797041897,0.0
952,capacity,TAIL-minus-KDE,17.74551205957788,0.010162655571163345
953,capacity,TAIL-minus-KDE,-5.9045760174645,0.0
954,capacity,TAIL-minus-KDE,4.43308483569977,-0.3631587706192466
955,capacity,TAIL-minus-KDE,5.7886528712531105,0.17964903745223
956,capacity,TAIL-minus-KDE,-1.9242520794104399,-0.3616770755770567
957,capacity,TAIL-minus-KDE,-4.460475363557309,0.0
958,capacity,TAIL-minus-KDE,-0.12414307245637857,3.63481112922234
959,capacity,TAIL-minus-KDE,-12.20997210258224,-0.33089638561760326
960,capacity,TAIL-minus-KDE,1.5032848654354503,0.0
961,capacity,TAIL-minus-KDE,6.08171494960473,-0.07043712002868002
962,capacity,TAIL-minus-KDE,-14.01506840303506,0.43481773295038
963,capacity,TAIL-minus-KDE,-12.20258238300611,0.15665029445745
964,capacity,TAIL-minus-KDE,-1.1695948702363679,0.24826324090972962
965,capacity,TAIL-minus-KDE,-0.008462300384461108,0.15333718497648333
966,capacity,TAIL-minus-KDE,-7.76303219203231,0.036624574414320044
967,capacity,TAIL-minus-KDE,1.7851945011655297,-0.26917869094617325
968,capacity,TAIL-minus-KDE,3.2318816595752904,-0.29764675388176337
969,capacity,TAIL-minus-KDE,-4.435569135648121,-0.3824497645192366
970,capacity,TAIL-minus-KDE,-21.960777314480428,0.03389893600951001
971,capacity,TAIL-minus-KDE,-11.11856762242119,0.021469846393303276
972,capacity,TAIL-minus-KDE,3.762040532144409,0.0874393129635733
973,capacity,TAIL-minus-KDE,0.27654398546949,-0.3505386525513833
974,capacity,TAIL-minus-KDE,-170.1425830176378,0.0
975,capacity,TAIL-minus-KDE,-9.30458232556316,-0.35766161522766665
976,capacity,TAIL-minus-KDE,-3.3554359369938704,0.4429770810998333
977,capacity,TAIL-minus-KDE,-7.1019399339990406,0.0
978,capacity,TAIL-minus-KDE,24.86090785599869,0.0
979,capacity,TAIL-minus-KDE,-8.38484305850396,-0.07192483680196005
980,capacity,TAIL-minus-KDE,1.3826870669911895,0.2782192666043433
981,capacity,TAIL-minus-KDE,9.48709780134687,0.0
982,capacity,TAIL-minus-KDE,-31.16918866837634,0.0
983,capacity,TAIL-minus-KDE,23.974423503478267,0.0
984,capacity,TAIL-minus-KDE,-9.03878856869366,0.0037481824278366715
985,capacity,TAIL-minus-KDE,-0.32104433868958004,0.0
986,capacity,TAIL-minus-KDE,0.35532910285994146,-0.13271631915377363
987,capacity,TAIL-minus-KDE,-2.059522038780659,0.0
988,capacity,TAIL-minus-KDE,-12.985706331889649,0.16297597071067332
989,capacity,TAIL-minus-KDE,21.75730699783944,0.0
990,capacity,TAIL-minus-KDE,8.104626579533807,0.0
991,capacity,TAIL-minus-KDE,3.0129891216990807,-0.0003903409743666493
992,capacity,TAIL-minus-KDE,-13.03939780411148,-0.38012615470248995
993,capacity,TAIL-minus-KDE,1.4514464399942806,-0.25279905030408995
994,capacity,TAIL-minus-KDE,-3.9730815728372297,-0.26666666666666
995,capacity,TAIL-minus-KDE,-0.31862060372039036,0.4191061406709401
996,capacity,TAIL-minus-KDE,-4.7850167408181505,0.17948138616421996
997,capacity,TAIL-minus-KDE,4.84242626305377,0.34892717048777
998,capacity,TAIL-minus-KDE,32.00168977552336,0.0
999,capacity,TAIL-minus-KDE,-4.03736923084263,0.0
0,contracted_maximum_demand,TAIL-minus-KDE,9.684631075092659,0.0
1,contracted_maximum_demand,TAIL-minus-KDE,-12.95503941932991,-0.6355680892620067
2,contracted_maximum_demand,TAIL-minus-KDE,-1.3958693044913997,0.03949180024737333
3,contracted_maximum_demand,TAIL-minus-KDE,-0.975349299569199,0.07093386138665335
4,contracted_maximum_demand,TAIL-minus-KDE,17.651362953868922,0.0
5,contracted_maximum_demand,TAIL-minus-KDE,-2.3718959775353596,-0.04132446858851334
6,contracted_maximum_demand,TAIL-minus-KDE,6.42695565635166,-0.26757923096994335
7,contracted_maximum_demand,TAIL-minus-KDE,-0.6661219523274614,-0.7002004831614599
8,contracted_maximum_demand,TAIL-minus-KDE,-10.006434358659689,0.13873625534384662
9,contracted_maximum_demand,TAIL-minus-KDE,-7.73971757765349,-0.2723764266832467
10,contracted_maximum_demand,TAIL-minus-KDE,-0.8317854086950904,0.06152920668985326
11,contracted_maximum_demand,TAIL-minus-KDE,-3.6096003461901005,-0.34406813333209996
12,contracted_maximum_demand,TAIL-minus-KDE,11.629980419161559,0.0
13,contracted_maximum_demand,TAIL-minus-KDE,-5.07637846198613,-0.07425550235625995
14,contracted_maximum_demand,TAIL-minus-KDE,-1.2026192884226599,0.0
15,contracted_maximum_demand,TAIL-minus-KDE,6.651291091380021,0.0
16,contracted_maximum_demand,TAIL-minus-KDE,3.7606942867913697,-0.5559885980137066
17,contracted_maximum_demand,TAIL-minus-KDE,-2.4784601184103403,0.0
18,contracted_maximum_demand,TAIL-minus-KDE,-6.566923143593641,-0.19003470926166
19,contracted_maximum_demand,TAIL-minus-KDE,2.0409502161576305,0.0
20,contracted_maximum_demand,TAIL-minus-KDE,-2.61210105789213,-0.03175497204424
21,contracted_maximum_demand,TAIL-minus-KDE,20.419010322888838,0.0
22,contracted_maximum_demand,TAIL-minus-KDE,6.4092097299634,-0.0021881179672000005
23,contracted_maximum_demand,TAIL-minus-KDE,-13.72769712741008,0.0
24,contracted_maximum_demand,TAIL-minus-KDE,2.58136718513326,-0.22836105783747332
25,contracted_maximum_demand,TAIL-minus-KDE,-27.292709140672848,-0.7542319887297999
26,contracted_maximum_demand,TAIL-minus-KDE,-5.57491020337791,-0.5656315795823482
27,contracted_maximum_demand,TAIL-minus-KDE,-18.37727054084361,-0.19213679496344555
28,contracted_maximum_demand,TAIL-minus-KDE,-0.8000428624884912,0.058701411742424
29,contracted_maximum_demand,TAIL-minus-KDE,1.0161400779165413,-0.12912654686977337
30,contracted_maximum_demand,TAIL-minus-KDE,-0.44045151208952915,0.05281590076232891
31,contracted_maximum_demand,TAIL-minus-KDE,4.89283741102491,-0.6742999702774066
32,contracted_maximum_demand,TAIL-minus-KDE,-3.6027441383238767,-0.08665234870860002
33,contracted_maximum_demand,TAIL-minus-KDE,-8.099332199270993,0.19120022511502016
34,contracted_maximum_demand,TAIL-minus-KDE,-17.74022423652105,-0.47938629663602994
35,contracted_maximum_demand,TAIL-minus-KDE,-31.94611077771229,0.0
36,contracted_maximum_demand,TAIL-minus-KDE,-3.67495809673274,0.08229975187109335
37,contracted_maximum_demand,TAIL-minus-KDE,-1.00990160696692,-0.6850485469897732
38,contracted_maximum_demand,TAIL-minus-KDE,1.8144612991143498,-0.5668358853482683
39,contracted_maximum_demand,TAIL-minus-KDE,-13.519969538108581,0.01060412087131998
40,contracted_maximum_demand,TAIL-minus-KDE,1.39967758077304,0.39416432726661327
41,contracted_maximum_demand,TAIL-minus-KDE,-10.94297578275086,0.0
42,contracted_maximum_demand,TAIL-minus-KDE,8.12273880133775,0.0
43,contracted_maximum_demand,TAIL-minus-KDE,-5.787327122587321,-0.040734180511493336
44,contracted_maximum_demand,TAIL-minus-KDE,-3.9246327389931195,0.04529165700919333
45,contracted_maximum_demand,TAIL-minus-KDE,12.185916187592442,0.0
46,contracted_maximum_demand,TAIL-minus-KDE,-5.2318234441171505,0.0
47,contracted_maximum_demand,TAIL-minus-KDE,2.6984569569505603,-0.6559646801489466
48,contracted_maximum_demand,TAIL-minus-KDE,6.633414171882832,0.0
49,contracted_maximum_demand,TAIL-minus-KDE,-24.44814109778335,0.15692925576516664
50,contracted_maximum_demand,TAIL-minus-KDE,-6.8708629219744,0.12260270662387335
51,contracted_maximum_demand,TAIL-minus-KDE,0.9764616695137701,-0.07425550235625995
52,contracted_maximum_demand,TAIL-minus-KDE,-8.67066171424239,-0.8226441178555467
53,contracted_maximum_demand,TAIL-minus-KDE,7.080259162005309,0.0
54,contracted_maximum_demand,TAIL-minus-KDE,-2.7923848184294,-0.07643269049824666
55,contracted_maximum_demand,TAIL-minus-KDE,-2.7357255154808207,0.0
56,contracted_maximum_demand,TAIL-minus-KDE,-6.39588601823385,-0.07425550235625995
57,contracted_maximum_demand,TAIL-minus-KDE,5.435311682294031,0.31122354499722665
58,contracted_maximum_demand,TAIL-minus-KDE,13.72580649101345,0.0
59,contracted_maximum_demand,TAIL-minus-KDE,-8.09924883721666,0.17097617813533333
60,contracted_maximum_demand,TAIL-minus-KDE,2.30728276958631,-0.5860372432975599
61,contracted_maximum_demand,TAIL-minus-KDE,-14.54229741071017,-0.024799188843479994
62,contracted_maximum_demand,TAIL-minus-KDE,7.95255253124834,0.0
63,contracted_maximum_demand,TAIL-minus-KDE,-10.634832968448569,0.0
64,contracted_maximum_demand,TAIL-minus-KDE,-8.392429091854082,0.03677427526648469
65,contracted_maximum_demand,TAIL-minus-KDE,-7.23675626462113,0.399074297013668
66,contracted_maximum_demand,TAIL-minus-KDE,-18.67900213540657,-0.017257950007606666
67,contracted_maximum_demand,TAIL-minus-KDE,-5.67972413075719,-0.3048110363550045
68,contracted_maximum_demand,TAIL-minus-KDE,2.0971528988475203,-0.79265508464782
69,contracted_maximum_demand,TAIL-minus-KDE,-12.706646266306429,0.019363194174348744
70,contracted_maximum_demand,TAIL-minus-KDE,-18.941446487385978,-0.03492686413817999
71,contracted_maximum_demand,TAIL-minus-KDE,-5.804681345717929,0.0
72,contracted_maximum_demand,TAIL-minus-KDE,-3.6152836280422207,-0.5132179766694399
73,contracted_maximum_demand,TAIL-minus-KDE,-3.3388314552532687,-0.10233349837988732
74,contracted_maximum_demand,TAIL-minus-KDE,-4.00348162820998,0.18085407486825095
75,contracted_maximum_demand,TAIL-minus-KDE,-0.07731267441380973,-0.00974780823961713
76,contracted_maximum_demand,TAIL-minus-KDE,-10.74678178767853,-0.07425550235625995
77,contracted_maximum_demand,TAIL-minus-KDE,-26.205516118186306,0.0
78,contracted_maximum_demand,TAIL-minus-KDE,-4.621935904823349,-0.08433562296654
79,contracted_maximum_demand,TAIL-minus-KDE,-4.8429015101476,-0.07425550235625995
80,contracted_maximum_demand,TAIL-minus-KDE,-9.756513800447362,-0.23633792765263
81,contracted_maximum_demand,TAIL-minus-KDE,0.5382546520995699,-0.7265048263228132
82,contracted_maximum_demand,TAIL-minus-KDE,-0.39030297447286005,-0.7845091970483999
83,contracted_maximum_demand,TAIL-minus-KDE,5.879755696981161,0.0
84,contracted_maximum_demand,TAIL-minus-KDE,-1.40711144576702,-0.45636987408525
85,contracted_maximum_demand,TAIL-minus-KDE,1.5060724222949005,0.0
86,contracted_maximum_demand,TAIL-minus-KDE,1.77442640170834,0.0
87,contracted_maximum_demand,TAIL-minus-KDE,5.436023125682141,0.0
88,contracted_maximum_demand,TAIL-minus-KDE,-48.1740830131851,-0.2889316090000366
89,contracted_maximum_demand,TAIL-minus-KDE,-7.58658362401711,-0.5699702864095353
90,contracted_maximum_demand,TAIL-minus-KDE,-4.8374438747601385,0.3510328616726
91,contracted_maximum_demand,TAIL-minus-KDE,29.00853785477972,0.0
92,contracted_maximum_demand,TAIL-minus-KDE,18.140822961211313,0.0
93,contracted_maximum_demand,TAIL-minus-KDE,-0.0006916849005597636,-0.7946044778582733
94,contracted_maximum_demand,TAIL-minus-KDE,10.93129181727901,0.0
95,contracted_maximum_demand,TAIL-minus-KDE,-11.787863512165247,0.08490088304001335
96,contracted_maximum_demand,TAIL-minus-KDE,-18.21782976968069,-0.377176053030727
97,contracted_maximum_demand,TAIL-minus-KDE,1.1264497873351105,0.0
98,contracted_maximum_demand,TAIL-minus-KDE,-7.581886267599991,-0.02985897397119553
99,contracted_maximum_demand,TAIL-minus-KDE,19.345296556967888,0.0
100,contracted_maximum_demand,TAIL-minus-KDE,1.91393015719874,0.0
101,contracted_maximum_demand,TAIL-minus-KDE,32.42004909960479,0.0
102,contracted_maximum_demand,TAIL-minus-KDE,-3.820842937519578,-0.22653130619249995
103,contracted_maximum_demand,TAIL-minus-KDE,3.413350396881,-0.52033491461829
104,contracted_maximum_demand,TAIL-minus-KDE,19.56196801672312,0.0
105,contracted_maximum_demand,TAIL-minus-KDE,-6.238695048834379,-0.7395056050214
106,contracted_maximum_demand,TAIL-minus-KDE,-19.482983716202448,-0.5892165226172332
107,contracted_maximum_demand,TAIL-minus-KDE,-1.356711652344278,0.32930237842828664
108,contracted_maximum_demand,TAIL-minus-KDE,-7.3447903282908,-0.8374429449987773
109,contracted_maximum_demand,TAIL-minus-KDE,0.039918528157170154,-0.5694048289022314
110,contracted_maximum_demand,TAIL-minus-KDE,-14.417608787042349,-0.038352628086200005
111,contracted_maximum_demand,TAIL-minus-KDE,-4.850387793892129,0.03829882657255333
112,contracted_maximum_demand,TAIL-minus-KDE,4.012006575075722,0.2436727518824268
113,contracted_maximum_demand,TAIL-minus-KDE,3.832089035745059,-0.012487620682813328
114,contracted_maximum_demand,TAIL-minus-KDE,-8.179385419298828,-0.6819714258146133
115,contracted_maximum_demand,TAIL-minus-KDE,-3.5132103372663996,0.018371299885847493
116,contracted_maximum_demand,TAIL-minus-KDE,-20.33444351570899,-0.569970977364467
117,contracted_maximum_demand,TAIL-minus-KDE,-11.527114919588609,-0.8286925565546799
118,contracted_maximum_demand,TAIL-minus-KDE,6.32774799159731,-0.8212064948836199
119,contracted_maximum_demand,TAIL-minus-KDE,-13.04260117030522,0.07684191876032
120,contracted_maximum_demand,TAIL-minus-KDE,-11.1264485131892,0.0
121,contracted_maximum_demand,TAIL-minus-KDE,-48.73749090592359,-0.4468424457627433
122,contracted_maximum_demand,TAIL-minus-KDE,-1.8775465642138598,-0.5651382690878839
123,contracted_maximum_demand,TAIL-minus-KDE,-24.80633020440158,0.0
124,contracted_maximum_demand,TAIL-minus-KDE,4.31863171447487,0.0
125,contracted_maximum_demand,TAIL-minus-KDE,-6.957589870357081,-0.09334107864062664
126,contracted_maximum_demand,TAIL-minus-KDE,-18.67838338105732,0.21153615902613668
127,contracted_maximum_demand,TAIL-minus-KDE,-3.6267320784674997,-0.054454490267553314
128,contracted_maximum_demand,TAIL-minus-KDE,-17.75358271415155,0.041418214087519986
129,contracted_maximum_demand,TAIL-minus-KDE,-1.12229350345098,-0.6640137393517667
130,contracted_maximum_demand,TAIL-minus-KDE,-5.116655409067369,0.032079571060286534
131,contracted_maximum_demand,TAIL-minus-KDE,20.000007718473302,0.0
132,contracted_maximum_demand,TAIL-minus-KDE,5.562702420088299,0.0
133,contracted_maximum_demand,TAIL-minus-KDE,0.20320827565884908,0.0813300509943667
134,contracted_maximum_demand,TAIL-minus-KDE,18.16607454790505,0.0
135,contracted_maximum_demand,TAIL-minus-KDE,-14.233913520538218,0.06689045395632
136,contracted_maximum_demand,TAIL-minus-KDE,-7.073011664869791,-0.07425550235625995
137,contracted_maximum_demand,TAIL-minus-KDE,-44.76879693941907,-0.72898076716204
138,contracted_maximum_demand,TAIL-minus-KDE,-0.9546569027800295,0.04830332839192001
139,contracted_maximum_demand,TAIL-minus-KDE,0.019694870617679994,0.0
140,contracted_maximum_demand,TAIL-minus-KDE,-18.04958663382527,0.08081439006335332
141,contracted_maximum_demand,TAIL-minus-KDE,-1.8524017443915408,-0.8245267916897466
142,contracted_maximum_demand,TAIL-minus-KDE,-9.73271444186396,-0.4755020288312422
143,contracted_maximum_demand,TAIL-minus-KDE,-7.138939745069941,-0.07425550235625995
144,contracted_maximum_demand,TAIL-minus-KDE,-3.438793730045692,-0.04667613635611699
145,contracted_maximum_demand,TAIL-minus-KDE,-6.12635041219613,0.1060250879741533
146,contracted_maximum_demand,TAIL-minus-KDE,-2.2854383160780998,0.18507615245783332
147,contracted_maximum_demand,TAIL-minus-KDE,21.444278641514746,0.0
148,contracted_maximum_demand,TAIL-minus-KDE,-5.396154191945319,-0.3518799734954633
149,contracted_maximum_demand,TAIL-minus-KDE,-8.201435065738409,0.5648472777206349
150,contracted_maximum_demand,TAIL-minus-KDE,7.28635866140949,0.0
151,contracted_maximum_demand,TAIL-minus-KDE,13.82109962453704,0.0
152,contracted_maximum_demand,TAIL-minus-KDE,14.08333322343372,0.0
153,contracted_maximum_demand,TAIL-minus-KDE,-3.725341389722761,-0.6383577870664333
154,contracted_maximum_demand,TAIL-minus-KDE,-7.26604863675408,-0.7088880332271267
155,contracted_maximum_demand,TAIL-minus-KDE,-6.113091507624787,-0.26229203674545
156,contracted_maximum_demand,TAIL-minus-KDE,-20.81975285131462,-0.03898748363207993
157,contracted_maximum_demand,TAIL-minus-KDE,-2.1912461187711405,0.0
158,contracted_maximum_demand,TAIL-minus-KDE,-0.8642688576195795,-0.6942585785386066
159,contracted_maximum_demand,TAIL-minus-KDE,11.516240675367479,0.0
160,contracted_maximum_demand,TAIL-minus-KDE,-0.8075022327988596,-0.35739720230018657
161,contracted_maximum_demand,TAIL-minus-KDE,-10.658506071150889,-0.07425550235625995
162,contracted_maximum_demand,TAIL-minus-KDE,1.6667223688481683,-0.04716216050459912
163,contracted_maximum_demand,TAIL-minus-KDE,-18.3944256096379,0.18750638872472664
164,contracted_maximum_demand,TAIL-minus-KDE,10.05222727985851,0.0
165,contracted_maximum_demand,TAIL-minus-KDE,-8.50977159391209,-0.029888235891273335
166,contracted_maximum_demand,TAIL-minus-KDE,-6.4737672249520095,0.5895012342552225
167,contracted_maximum_demand,TAIL-minus-KDE,-8.01528975172471,0.031021350925857217
168,contracted_maximum_demand,TAIL-minus-KDE,-1.6022453763702003,-0.3813282143360101
169,contracted_maximum_demand,TAIL-minus-KDE,-4.30893453783302,-0.28186016223555665
170,contracted_maximum_demand,TAIL-minus-KDE,-8.312966228672842,-0.11625503799371825
171,contracted_maximum_demand,TAIL-minus-KDE,-6.536868593972199,0.0
172,contracted_maximum_demand,TAIL-minus-KDE,-7.766161927648779,-0.6001806322331801
173,contracted_maximum_demand,TAIL-minus-KDE,-5.4744745944681705,-0.81973843227708
174,contracted_maximum_demand,TAIL-minus-KDE,-14.85153340350481,-0.8365028671560468
175,contracted_maximum_demand,TAIL-minus-KDE,0.19882926541863188,0.2020631578380378
176,contracted_maximum_demand,TAIL-minus-KDE,-17.62276644293515,-0.02172242643687334
177,contracted_maximum_demand,TAIL-minus-KDE,-3.6116152427297097,-0.07425550235625995
178,contracted_maximum_demand,TAIL-minus-KDE,-7.460845441616789,0.07425550235625995
179,contracted_maximum_demand,TAIL-minus-KDE,7.04612913809988,-0.26757923096994335
180,contracted_maximum_demand,TAIL-minus-KDE,1.2807125244739397,-0.07118014828232669
181,contracted_maximum_demand,TAIL-minus-KDE,-19.82674816271592,-0.5651308229047173
182,contracted_maximum_demand,TAIL-minus-KDE,6.551880746847749,0.0
183,contracted_maximum_demand,TAIL-minus-KDE,-58.87899603449682,0.0
184,contracted_maximum_demand,TAIL-minus-KDE,-9.537444503112368,0.09466279380561334
185,contracted_maximum_demand,TAIL-minus-KDE,-5.101359130521388,0.02643836015748667
186,contracted_maximum_demand,TAIL-minus-KDE,-17.07939065127868,0.0
187,contracted_maximum_demand,TAIL-minus-KDE,-10.0840788531959,0.049241264805609655
188,contracted_maximum_demand,TAIL-minus-KDE,5.853228550537691,-0.5668631565257248
189,contracted_maximum_demand,TAIL-minus-KDE,1.1304829244961623,0.09752851528372
190,contracted_maximum_demand,TAIL-minus-KDE,-16.28841314843305,-0.8312096142788508
191,contracted_maximum_demand,TAIL-minus-KDE,17.36707304025689,0.0
192,contracted_maximum_demand,TAIL-minus-KDE,-3.2347773392484984,0.0
193,contracted_maximum_demand,TAIL-minus-KDE,2.55721609593689,0.0
194,contracted_maximum_demand,TAIL-minus-KDE,-16.318961878652352,-0.08765941522663333
195,contracted_maximum_demand,TAIL-minus-KDE,-2.2708663410860503,-0.7620392918715867
196,contracted_maximum_demand,TAIL-minus-KDE,-6.36977869571186,-0.62274931307972
197,contracted_maximum_demand,TAIL-minus-KDE,-0.6834890371796507,-0.8159181991289467
198,contracted_maximum_demand,TAIL-minus-KDE,-16.30225497926803,-0.07425550235625995
199,contracted_maximum_demand,TAIL-minus-KDE,6.69625778675155,-0.4507216164647833
200,contracted_maximum_demand,TAIL-minus-KDE,-11.80422407958874,-0.07425550235625995
201,contracted_maximum_demand,TAIL-minus-KDE,0.6271298313383509,0.0
202,contracted_maximum_demand,TAIL-minus-KDE,0.9569567596131,-0.07425550235625995
203,contracted_maximum_demand,TAIL-minus-KDE,-11.629593778692682,-0.25080819670623145
204,contracted_maximum_demand,TAIL-minus-KDE,-9.61911133045554,0.10309580620416377
205,contracted_maximum_demand,TAIL-minus-KDE,6.967033086323912,0.0
206,contracted_maximum_demand,TAIL-minus-KDE,14.382818736315627,0.0
207,contracted_maximum_demand,TAIL-minus-KDE,2.65646661569079,-0.5602224762740766
208,contracted_maximum_demand,TAIL-minus-KDE,-23.15916037975913,-0.06771621631497332
209,contracted_maximum_demand,TAIL-minus-KDE,-4.882202956852422,-0.056749013918146664
210,contracted_maximum_demand,TAIL-minus-KDE,-9.783526533639558,0.04303591343920667
211,contracted_maximum_demand,TAIL-minus-KDE,-16.686041070060647,-0.5594212150479033
212,contracted_maximum_demand,TAIL-minus-KDE,13.920632981779079,0.0
213,contracted_maximum_demand,TAIL-minus-KDE,-12.374383170658039,-0.29073278601864
214,contracted_maximum_demand,TAIL-minus-KDE,0.9819705504514501,-0.07425550235625995
215,contracted_maximum_demand,TAIL-minus-KDE,7.7846722232070205,0.0
216,contracted_maximum_demand,TAIL-minus-KDE,-2.1233216667455097,-0.44433359770354663
217,contracted_maximum_demand,TAIL-minus-KDE,-13.22703423138874,0.0016415514695133312
218,contracted_maximum_demand,TAIL-minus-KDE,0.14558219276732953,-0.00470037801264
219,contracted_maximum_demand,TAIL-minus-KDE,-7.63467816552374,-0.7007932707845733
220,contracted_maximum_demand,TAIL-minus-KDE,-19.47426877561254,-0.07425550235625995
221,contracted_maximum_demand,TAIL-minus-KDE,-1.0227918489716799,-0.7138052214428866
222,contracted_maximum_demand,TAIL-minus-KDE,4.47110728574549,-0.7805146934859666
223,contracted_maximum_demand,TAIL-minus-KDE,-0.5397099952180906,-0.27367676214927333
224,contracted_maximum_demand,TAIL-minus-KDE,2.1038952383672407,-0.6135469144675533
225,contracted_maximum_demand,TAIL-minus-KDE,10.06919971929408,0.0
226,contracted_maximum_demand,TAIL-minus-KDE,27.76016842153296,0.0
227,contracted_maximum_demand,TAIL-minus-KDE,8.000360310952649,-0.5119999663869332
228,contracted_maximum_demand,TAIL-minus-KDE,-9.795127490441189,-0.13828498428218697
229,contracted_maximum_demand,TAIL-minus-KDE,7.93322156295506,0.0
230,contracted_maximum_demand,TAIL-minus-KDE,-10.659724905147241,0.44851995090326324
231,contracted_maximum_demand,TAIL-minus-KDE,-7.361993747456561,-0.4214591489400326
232,contracted_maximum_demand,TAIL-minus-KDE,-7.670262179613172,0.05891224940748
233,contracted_maximum_demand,TAIL-minus-KDE,1.6411730384579999,0.0
234,contracted_maximum_demand,TAIL-minus-KDE,-1.2135505128719997,-0.8242735680434266
235,contracted_maximum_demand,TAIL-minus-KDE,10.41609243129745,0.0
236,contracted_maximum_demand,TAIL-minus-KDE,-6.816647079472829,-0.07425550235625995
237,contracted_maximum_demand,TAIL-minus-KDE,0.9446282290614499,-0.47376921824386325
238,contracted_maximum_demand,TAIL-minus-KDE,-3.44459959367155,-0.4948793487303866
239,contracted_maximum_demand,TAIL-minus-KDE,-10.62522003802327,-0.453785418670268
240,contracted_maximum_demand,TAIL-minus-KDE,-10.07768203872738,-0.80079004437898
241,contracted_maximum_demand,TAIL-minus-KDE,1.1216107264051893,0.04619300937486665
242,contracted_maximum_demand,TAIL-minus-KDE,-11.513906087915302,0.11376887783796673
243,contracted_maximum_demand,TAIL-minus-KDE,-3.4439940910861693,-0.5661264131445106
244,contracted_maximum_demand,TAIL-minus-KDE,1.9870939948263415,0.0380204856697002
245,contracted_maximum_demand,TAIL-minus-KDE,-5.2300366458372105,-0.03607390896780743
246,contracted_maximum_demand,TAIL-minus-KDE,-5.346146570343279,0.2724729403310939
247,contracted_maximum_demand,TAIL-minus-KDE,-5.88677772354862,0.22361534506705333
248,contracted_maximum_demand,TAIL-minus-KDE,-2.42670386559539,-0.5698544980700035
249,contracted_maximum_demand,TAIL-minus-KDE,-6.856050961034471,-0.3878781691624633
250,contracted_maximum_demand,TAIL-minus-KDE,-11.2925621787102,-0.08688618327962339
251,contracted_maximum_demand,TAIL-minus-KDE,3.5437771606007895,-0.5617025205797433
252,contracted_maximum_demand,TAIL-minus-KDE,-5.95361987632449,0.10095361815620665
253,contracted_maximum_demand,TAIL-minus-KDE,17.978241929848252,-0.26757923096994335
254,contracted_maximum_demand,TAIL-minus-KDE,-6.5746487340793305,-0.5225838832013266
255,contracted_maximum_demand,TAIL-minus-KDE,-7.83691697750593,0.0
256,contracted_maximum_demand,TAIL-minus-KDE,-7.360446763788289,-0.45011615774768327
257,contracted_maximum_demand,TAIL-minus-KDE,-6.585272415728719,-0.09180668195957334
258,contracted_maximum_demand,TAIL-minus-KDE,0.9369510893508806,0.0
259,contracted_maximum_demand,TAIL-minus-KDE,4.877083614177931,-0.26757923096994335
260,contracted_maximum_demand,TAIL-minus-KDE,-11.235158335275491,0.1551274101351103
261,contracted_maximum_demand,TAIL-minus-KDE,-9.34659841904036,-0.22713607341328002
262,contracted_maximum_demand,TAIL-minus-KDE,1.3420422478997995,-0.5272677917186233
263,contracted_maximum_demand,TAIL-minus-KDE,-10.562132816703048,-0.2713083562873276
264,contracted_maximum_demand,TAIL-minus-KDE,-13.724043364065308,0.018156709634333332
265,contracted_maximum_demand,TAIL-minus-KDE,-9.10944424267367,0.20621659369546738
266,contracted_maximum_demand,TAIL-minus-KDE,0.4767284265572297,-0.030155444035466678
267,contracted_maximum_demand,TAIL-minus-KDE,-0.06804872093430087,-0.5561640202920634
268,contracted_maximum_demand,TAIL-minus-KDE,-7.23604141203009,0.0887899905452781
269,contracted_maximum_demand,TAIL-minus-KDE,-10.841820345730339,-0.8246251609974999
270,contracted_maximum_demand,TAIL-minus-KDE,10.307533000883708,0.15234131601517334
271,contracted_maximum_demand,TAIL-minus-KDE,-28.427307128677963,0.0
272,contracted_maximum_demand,TAIL-minus-KDE,-3.655727750835581,-0.172631926865844
273,contracted_maximum_demand,TAIL-minus-KDE,14.324752432146973,0.0
274,contracted_maximum_demand,TAIL-minus-KDE,-9.041131201843559,-0.8351278975792407
275,contracted_maximum_demand,TAIL-minus-KDE,-5.804626911665323,0.0460412157075149
276,contracted_maximum_demand,TAIL-minus-KDE,-7.539077551040401,-0.4040126700854233
277,contracted_maximum_demand,TAIL-minus-KDE,-11.25597796067191,-0.5673015774983468
278,contracted_maximum_demand,TAIL-minus-KDE,-12.294756590245552,0.10313765483942668
279,contracted_maximum_demand,TAIL-minus-KDE,-17.02700533978647,-0.3418347333262033
280,contracted_maximum_demand,TAIL-minus-KDE,8.782808713658099,-0.07245645663905997
281,contracted_maximum_demand,TAIL-minus-KDE,-2.4031607002201203,-0.07425550235625995
282,contracted_maximum_demand,TAIL-minus-KDE,-17.114455112981958,-0.6482501514016992
283,contracted_maximum_demand,TAIL-minus-KDE,22.39757149251765,0.0
284,contracted_maximum_demand,TAIL-minus-KDE,-5.96891263614655,0.0
285,contracted_maximum_demand,TAIL-minus-KDE,17.07878316512295,0.27897384666465996
286,contracted_maximum_demand,TAIL-minus-KDE,-35.430631840561176,-0.47744222183114327
287,contracted_maximum_demand,TAIL-minus-KDE,-1.255768884393349,0.0
288,contracted_maximum_demand,TAIL-minus-KDE,-6.27145957306221,-0.55985102883273
289,contracted_maximum_demand,TAIL-minus-KDE,-1.1785104871293497,-0.7360084737037267
290,contracted_maximum_demand,TAIL-minus-KDE,-2.2620856844833206,-0.22869739562444333
291,contracted_maximum_demand,TAIL-minus-KDE,6.56089911157911,0.0
292,contracted_maximum_demand,TAIL-minus-KDE,-19.81162707657332,0.0
293,contracted_maximum_demand,TAIL-minus-KDE,-14.827273365495412,-0.7990398009055332
294,contracted_maximum_demand,TAIL-minus-KDE,-6.160303748562729,0.09759770522689999
295,contracted_maximum_demand,TAIL-minus-KDE,-1.7659145859572491,-0.8375284751433278
296,contracted_maximum_demand,TAIL-minus-KDE,-0.8592163137796094,0.0
297,contracted_maximum_demand,TAIL-minus-KDE,17.60747244020732,0.0
298,contracted_maximum_demand,TAIL-minus-KDE,13.99548929164246,0.0
299,contracted_maximum_demand,TAIL-minus-KDE,-23.23582295092636,0.0
300,contracted_maximum_demand,TAIL-minus-KDE,-7.09663888416575,0.11393659475624666
301,contracted_maximum_demand,TAIL-minus-KDE,-0.7422773839291297,0.0
302,contracted_maximum_demand,TAIL-minus-KDE,-11.403656867637562,-0.2859527953162758
303,contracted_maximum_demand,TAIL-minus-KDE,4.46550731004531,-0.8375148386556385
304,contracted_maximum_demand,TAIL-minus-KDE,-14.827504451276582,0.17354156993057998
305,contracted_maximum_demand,TAIL-minus-KDE,-1.116722761642308,0.09727521365129332
306,contracted_maximum_demand,TAIL-minus-KDE,10.2089840028569,0.0
307,contracted_maximum_demand,TAIL-minus-KDE,22.439141386049442,0.0
308,contracted_maximum_demand,TAIL-minus-KDE,4.777382359024029,0.0
309,contracted_maximum_demand,TAIL-minus-KDE,-16.27800442368052,0.36223223820915995
310,contracted_maximum_demand,TAIL-minus-KDE,-18.69677577421598,-0.8196434067647718
311,contracted_maximum_demand,TAIL-minus-KDE,-11.42593140633831,-0.15284701715367782
312,contracted_maximum_demand,TAIL-minus-KDE,-11.971504384149698,-0.48219401598580336
313,contracted_maximum_demand,TAIL-minus-KDE,-2.8087769037831305,-0.17275548947260716
314,contracted_maximum_demand,TAIL-minus-KDE,11.565003795410409,0.0
315,contracted_maximum_demand,TAIL-minus-KDE,7.226865706011119,0.0
316,contracted_maximum_demand,TAIL-minus-KDE,3.0810526087681507,0.0
317,contracted_maximum_demand,TAIL-minus-KDE,-7.091408631324861,0.0
318,contracted_maximum_demand,TAIL-minus-KDE,-0.19271767995402006,-0.0445812580783846
319,contracted_maximum_demand,TAIL-minus-KDE,-6.788279056823629,-0.7420868494557109
320,contracted_maximum_demand,TAIL-minus-KDE,0.45221247888784094,0.0
321,contracted_maximum_demand,TAIL-minus-KDE,-11.20867755037877,0.05105120633002667
322,contracted_maximum_demand,TAIL-minus-KDE,-9.586274900118912,-0.04867682059862665
323,contracted_maximum_demand,TAIL-minus-KDE,-7.530538229337139,0.04788839028246667
324,contracted_maximum_demand,TAIL-minus-KDE,-6.456009113681281,0.07991463131134
325,contracted_maximum_demand,TAIL-minus-KDE,5.291033807553319,0.16706369340525337
326,contracted_maximum_demand,TAIL-minus-KDE,-6.042104642814769,-0.46913952939699
327,contracted_maximum_demand,TAIL-minus-KDE,-13.25562735846099,0.016538316941625414
328,contracted_maximum_demand,TAIL-minus-KDE,-5.936134214595859,0.06108983480157333
329,contracted_maximum_demand,TAIL-minus-KDE,3.8791782380075497,-0.07425550235625995
330,contracted_maximum_demand,TAIL-minus-KDE,16.84633009962494,0.0
331,contracted_maximum_demand,TAIL-minus-KDE,7.832655411599069,0.0
332,contracted_maximum_demand,TAIL-minus-KDE,3.6932762606867406,-0.7879994964690665
333,contracted_maximum_demand,TAIL-minus-KDE,-9.117006651571263,0.0
334,contracted_maximum_demand,TAIL-minus-KDE,-8.6427895555149,-0.12037039139077205
335,contracted_maximum_demand,TAIL-minus-KDE,-5.49974202430954,-0.1986554285500495
336,contracted_maximum_demand,TAIL-minus-KDE,-3.5761156463733594,-0.21072968371299
337,contracted_maximum_demand,TAIL-minus-KDE,6.452468340176851,-0.19012525458249332
338,contracted_maximum_demand,TAIL-minus-KDE,-2.4519483727786895,0.24640007118704663
339,contracted_maximum_demand,TAIL-minus-KDE,-6.669870139268591,-0.8361411761202988
340,contracted_maximum_demand,TAIL-minus-KDE,-11.4892493505132,-0.5696871233597126
341,contracted_maximum_demand,TAIL-minus-KDE,12.688866406627868,0.0
342,contracted_maximum_demand,TAIL-minus-KDE,-3.332896959244591,0.09061401076104666
343,contracted_maximum_demand,TAIL-minus-KDE,-2.61477268954101,-0.7469065294622066
344,contracted_maximum_demand,TAIL-minus-KDE,-2.3301492451354004,-0.8103363623953665
345,contracted_maximum_demand,TAIL-minus-KDE,-1.9462247760622304,0.01269512605718017
346,contracted_maximum_demand,TAIL-minus-KDE,-11.45136364619446,-0.62037579850088
347,contracted_maximum_demand,TAIL-minus-KDE,-2.323907874394418,0.032551924923520846
348,contracted_maximum_demand,TAIL-minus-KDE,6.6677329721347505,0.0
349,contracted_maximum_demand,TAIL-minus-KDE,-6.13815808343619,-0.09777656098353994
350,contracted_maximum_demand,TAIL-minus-KDE,-12.966846394353531,0.0
351,contracted_maximum_demand,TAIL-minus-KDE,6.42470961672014,0.0
352,contracted_maximum_demand,TAIL-minus-KDE,12.181964680179389,0.0
353,contracted_maximum_demand,TAIL-minus-KDE,-1.6100253814631302,-0.54547155806101
354,contracted_maximum_demand,TAIL-minus-KDE,-4.092533764885039,0.13449105189647334
355,contracted_maximum_demand,TAIL-minus-KDE,3.5182409997691817,0.0
356,contracted_maximum_demand,TAIL-minus-KDE,-0.9045714526617399,0.06328946127396667
357,contracted_maximum_demand,TAIL-minus-KDE,-7.7919621598381585,-0.02874682494286
358,contracted_maximum_demand,TAIL-minus-KDE,-4.74929450099419,0.07425550235625995
359,contracted_maximum_demand,TAIL-minus-KDE,-5.1051331871444,-0.5663177001220128
360,contracted_maximum_demand,TAIL-minus-KDE,3.94189653738168,0.0
361,contracted_maximum_demand,TAIL-minus-KDE,2.954634254907909,-0.49572017821882286
362,contracted_maximum_demand,TAIL-minus-KDE,-6.101079747454022,0.2975956756289067
363,contracted_maximum_demand,TAIL-minus-KDE,-22.44705590479967,0.043595809012917555
364,contracted_maximum_demand,TAIL-minus-KDE,24.41276950941762,0.0
365,contracted_maximum_demand,TAIL-minus-KDE,13.70854992756349,-0.76858524512288
366,contracted_maximum_demand,TAIL-minus-KDE,-10.29717033893847,-0.7603808999243886
367,contracted_maximum_demand,TAIL-minus-KDE,-8.36865803219141,-0.4410725830117633
368,contracted_maximum_demand,TAIL-minus-KDE,-11.65275454615729,-0.5872269818665199
369,contracted_maximum_demand,TAIL-minus-KDE,13.272419488027692,-0.00847006368374667
370,contracted_maximum_demand,TAIL-minus-KDE,-8.410385761549218,-0.026967454286810612
371,contracted_maximum_demand,TAIL-minus-KDE,6.9243373463822895,0.25058909568091337
372,contracted_maximum_demand,TAIL-minus-KDE,-19.16558018647482,0.13192580108276328
373,contracted_maximum_demand,TAIL-minus-KDE,73.1803585446419,0.0
374,contracted_maximum_demand,TAIL-minus-KDE,3.0732949725614396,0.0
375,contracted_maximum_demand,TAIL-minus-KDE,-3.6013937270172796,0.0
376,contracted_maximum_demand,TAIL-minus-KDE,-6.749105990785731,0.12457776139085806
377,contracted_maximum_demand,TAIL-minus-KDE,11.00529961176588,-0.013987255466659996
378,contracted_maximum_demand,TAIL-minus-KDE,-1.7532135816707402,-0.07425550235625995
379,contracted_maximum_demand,TAIL-minus-KDE,-5.845388973283291,0.05260329459492001
380,contracted_maximum_demand,TAIL-minus-KDE,-9.33399254934531,-0.2765684539259333
381,contracted_maximum_demand,TAIL-minus-KDE,-2.531845995496779,-0.06309725393189669
382,contracted_maximum_demand,TAIL-minus-KDE,-11.803386374663837,0.06870564047732165
383,contracted_maximum_demand,TAIL-minus-KDE,2.274154386926319,-0.6674767094159799
384,contracted_maximum_demand,TAIL-minus-KDE,-1.7033118438933599,0.0
385,contracted_maximum_demand,TAIL-minus-KDE,-14.36160993924496,0.47387957683493664
386,contracted_maximum_demand,TAIL-minus-KDE,-2.5531009028181506,0.16133756848236472
387,contracted_maximum_demand,TAIL-minus-KDE,4.03606698982505,0.0
388,contracted_maximum_demand,TAIL-minus-KDE,-18.967522511791298,0.28072896192710733
389,contracted_maximum_demand,TAIL-minus-KDE,-4.94524561353627,-0.041853668325193334
390,contracted_maximum_demand,TAIL-minus-KDE,-11.471383803367571,0.0
391,contracted_maximum_demand,TAIL-minus-KDE,-5.08894111495416,0.16815596208316666
392,contracted_maximum_demand,TAIL-minus-KDE,0.008355853881281128,0.17690528761759589
393,contracted_maximum_demand,TAIL-minus-KDE,-0.08239500734950993,-0.4727494774832766
394,contracted_maximum_demand,TAIL-minus-KDE,-1.6138934029253391,-0.7400922697556666
395,contracted_maximum_demand,TAIL-minus-KDE,-40.32095660418468,0.0
396,contracted_maximum_demand,TAIL-minus-KDE,-4.278646726778799,-0.10476250635670667
397,contracted_maximum_demand,TAIL-minus-KDE,-0.7052128744165803,0.0004939899510580738
398,contracted_maximum_demand,TAIL-minus-KDE,15.651224074648482,0.0
399,contracted_maximum_demand,TAIL-minus-KDE,-15.718415047330792,0.24288449454696673
400,contracted_maximum_demand,TAIL-minus-KDE,-11.731094593579188,0.22394228417966666
401,contracted_maximum_demand,TAIL-minus-KDE,-9.28273776669079,-0.5683122934520083
402,contracted_maximum_demand,TAIL-minus-KDE,-8.86552260377057,-0.14144821335642
403,contracted_maximum_demand,TAIL-minus-KDE,-4.1400450824731605,-0.45165980979542
404,contracted_maximum_demand,TAIL-minus-KDE,-0.7033870356052505,-0.7285493951621332
405,contracted_maximum_demand,TAIL-minus-KDE,-46.098990821522214,-0.5636907247978598
406,contracted_maximum_demand,TAIL-minus-KDE,-18.42179914136532,0.08101888935590001
407,contracted_maximum_demand,TAIL-minus-KDE,4.688329031971842,0.11689673369299336
408,contracted_maximum_demand,TAIL-minus-KDE,-5.6710823389202,0.15077467431428132
409,contracted_maximum_demand,TAIL-minus-KDE,7.676339255777339,-0.00802688167580001
410,contracted_maximum_demand,TAIL-minus-KDE,1.640070825795259,0.17508094867163335
411,contracted_maximum_demand,TAIL-minus-KDE,34.960550858301765,0.0
412,contracted_maximum_demand,TAIL-minus-KDE,-9.21127923542503,-0.5802319488239532
413,contracted_maximum_demand,TAIL-minus-KDE,-1.4155016763788775,0.0
414,contracted_maximum_demand,TAIL-minus-KDE,-3.3544279783350897,0.19313705465558964
415,contracted_maximum_demand,TAIL-minus-KDE,3.4045946591834104,0.12204352810248663
416,contracted_maximum_demand,TAIL-minus-KDE,-11.84089854731994,0.0
417,contracted_maximum_demand,TAIL-minus-KDE,-49.45529676109334,0.0
418,contracted_maximum_demand,TAIL-minus-KDE,-12.529772022421849,0.0
419,contracted_maximum_demand,TAIL-minus-KDE,-4.61225284941239,-0.8243613188385399
420,contracted_maximum_demand,TAIL-minus-KDE,21.970473331296787,0.0
421,contracted_maximum_demand,TAIL-minus-KDE,9.23127842735774,-0.4894891447877199
422,contracted_maximum_demand,TAIL-minus-KDE,-13.546011342771891,0.0
423,contracted_maximum_demand,TAIL-minus-KDE,-29.99913619616612,-0.8144780599286533
424,contracted_maximum_demand,TAIL-minus-KDE,2.4366906523902774,0.12655138791056667
425,contracted_maximum_demand,TAIL-minus-KDE,-3.899018708054741,-0.03294084492716131
426,contracted_maximum_demand,TAIL-minus-KDE,18.15241323050605,0.0
427,contracted_maximum_demand,TAIL-minus-KDE,-15.128770848251008,-0.4443466673442223
428,contracted_maximum_demand,TAIL-minus-KDE,-5.6178325935617,-0.5690679599555802
429,contracted_maximum_demand,TAIL-minus-KDE,-30.25623491862694,-0.5683112049387804
430,contracted_maximum_demand,TAIL-minus-KDE,-10.633072825707329,-0.8331308170322871
431,contracted_maximum_demand,TAIL-minus-KDE,-11.746939915302221,0.37983942206930993
432,contracted_maximum_demand,TAIL-minus-KDE,8.66856261666689,0.04414044333007996
433,contracted_maximum_demand,TAIL-minus-KDE,9.065205982209951,-0.5634138431796313
434,contracted_maximum_demand,TAIL-minus-KDE,-2.3954328989202196,-0.55394544302367
435,contracted_maximum_demand,TAIL-minus-KDE,0.4892184634771396,0.0
436,contracted_maximum_demand,TAIL-minus-KDE,2.744868998214997,-0.003045735474446667
437,contracted_maximum_demand,TAIL-minus-KDE,1.1181466303947203,0.13170078911157998
438,contracted_maximum_demand,TAIL-minus-KDE,6.319514616723961,-0.564734595984784
439,contracted_maximum_demand,TAIL-minus-KDE,-15.506780951493079,-0.026925914455673328
440,contracted_maximum_demand,TAIL-minus-KDE,-37.660057382448606,-0.5597094193145099
441,contracted_maximum_demand,TAIL-minus-KDE,0.40796510025396804,0.10065549108099342
442,contracted_maximum_demand,TAIL-minus-KDE,-14.628089619319962,-0.17540823341184003
443,contracted_maximum_demand,TAIL-minus-KDE,-0.8099278895418283,0.0
444,contracted_maximum_demand,TAIL-minus-KDE,-17.88002708190587,0.0
445,contracted_maximum_demand,TAIL-minus-KDE,5.689979025329181,0.0
446,contracted_maximum_demand,TAIL-minus-KDE,3.8955326740849507,0.0
447,contracted_maximum_demand,TAIL-minus-KDE,-0.8604988417321001,-0.07425550235625995
448,contracted_maximum_demand,TAIL-minus-KDE,-2.5958517010617994,-0.020027209347393347
449,contracted_maximum_demand,TAIL-minus-KDE,-23.069965189908313,0.0
450,contracted_maximum_demand,TAIL-minus-KDE,-1.0050004585945798,-0.1795666110489063
451,contracted_maximum_demand,TAIL-minus-KDE,-0.10034580395492099,0.06713270513065331
452,contracted_maximum_demand,TAIL-minus-KDE,17.45388742816391,0.0
453,contracted_maximum_demand,TAIL-minus-KDE,-20.40301509741137,-0.07425550235625995
454,contracted_maximum_demand,TAIL-minus-KDE,17.80096686204407,-0.7996333633277933
455,contracted_maximum_demand,TAIL-minus-KDE,17.24378965259817,0.0
456,contracted_maximum_demand,TAIL-minus-KDE,-18.003381732166957,0.3509080068225999
457,contracted_maximum_demand,TAIL-minus-KDE,11.21632267135699,0.0
458,contracted_maximum_demand,TAIL-minus-KDE,9.050716171156129,-0.6681381836832466
459,contracted_maximum_demand,TAIL-minus-KDE,-9.538541973096141,-0.15622909737184668
460,contracted_maximum_demand,TAIL-minus-KDE,-4.73576709592799,-0.09559477451976
461,contracted_maximum_demand,TAIL-minus-KDE,-2.3721295470410304,-0.110319593836166
462,contracted_maximum_demand,TAIL-minus-KDE,-16.07416447816188,-0.36824183900552
463,contracted_maximum_demand,TAIL-minus-KDE,1.4442617544877607,0.0
464,contracted_maximum_demand,TAIL-minus-KDE,-9.70660388166186,-0.052276471636377664
465,contracted_maximum_demand,TAIL-minus-KDE,20.66872404415685,0.0
466,contracted_maximum_demand,TAIL-minus-KDE,3.5754066788486027,-0.01590798982810662
467,contracted_maximum_demand,TAIL-minus-KDE,-8.211691550801332,-0.07425550235625995
468,contracted_maximum_demand,TAIL-minus-KDE,-2.2292512488472194,0.5400829935395468
469,contracted_maximum_demand,TAIL-minus-KDE,-55.70705468982018,0.0
470,contracted_maximum_demand,TAIL-minus-KDE,-10.08165105047541,-0.09078655617262661
471,contracted_maximum_demand,TAIL-minus-KDE,-2.151211412206058,0.4964563821691199
472,contracted_maximum_demand,TAIL-minus-KDE,-5.10588425682733,-0.3071005978699459
473,contracted_maximum_demand,TAIL-minus-KDE,5.9206919389744,0.0
474,contracted_maximum_demand,TAIL-minus-KDE,0.16887596310655034,0.0
475,contracted_maximum_demand,TAIL-minus-KDE,-43.03211295814726,0.0
476,contracted_maximum_demand,TAIL-minus-KDE,-0.3526659598430404,0.0
477,contracted_maximum_demand,TAIL-minus-KDE,-70.73269693767021,0.0
478,contracted_maximum_demand,TAIL-minus-KDE,-6.765358049936202,-0.569947559207375
479,contracted_maximum_demand,TAIL-minus-KDE,9.21503826550381,0.0
480,contracted_maximum_demand,TAIL-minus-KDE,-2.6461670048608497,0.16151909585131338
481,contracted_maximum_demand,TAIL-minus-KDE,5.71166262357404,-0.8032417877869
482,contracted_maximum_demand,TAIL-minus-KDE,-14.84594054641764,-0.7565671241597399
483,contracted_maximum_demand,TAIL-minus-KDE,8.76728012608519,0.0
484,contracted_maximum_demand,TAIL-minus-KDE,9.824147209721076,0.10719021955318334
485,contracted_maximum_demand,TAIL-minus-KDE,-101.30939280079578,0.0
486,contracted_maximum_demand,TAIL-minus-KDE,-4.507328603104759,-0.8325374296108394
487,contracted_maximum_demand,TAIL-minus-KDE,-9.835311450474487,0.4309803974834333
488,contracted_maximum_demand,TAIL-minus-KDE,-14.961144567248985,0.0
489,contracted_maximum_demand,TAIL-minus-KDE,-6.637073894964521,-0.0575253546165827
490,contracted_maximum_demand,TAIL-minus-KDE,2.552039739098011,-0.0768245335824867
491,contracted_maximum_demand,TAIL-minus-KDE,-5.0906309061775845,0.0
492,contracted_maximum_demand,TAIL-minus-KDE,3.1012554358564497,-0.56087463965604
493,contracted_maximum_demand,TAIL-minus-KDE,-10.270263959686869,0.3214925237240267
494,contracted_maximum_demand,TAIL-minus-KDE,-4.490674733465159,0.0
495,contracted_maximum_demand,TAIL-minus-KDE,1.4340875465913596,0.0
496,contracted_maximum_demand,TAIL-minus-KDE,16.7859722637843,-0.1245662616171733
497,contracted_maximum_demand,TAIL-minus-KDE,-14.781435780515666,0.0
498,contracted_maximum_demand,TAIL-minus-KDE,15.117641786225992,-0.15837708787275329
499,contracted_maximum_demand,TAIL-minus-KDE,-15.014608610002512,0.13207292523775335
500,contracted_maximum_demand,TAIL-minus-KDE,0.7642632525767995,-0.4235816017383866
501,contracted_maximum_demand,TAIL-minus-KDE,-5.312865445466361,-0.73631727155354
502,contracted_maximum_demand,TAIL-minus-KDE,-7.391993487766629,-0.043171706963008614
503,contracted_maximum_demand,TAIL-minus-KDE,0.7186714663911895,-0.7478717198102399
504,contracted_maximum_demand,TAIL-minus-KDE,17.16282676783564,0.0
505,contracted_maximum_demand,TAIL-minus-KDE,7.709912019782131,0.0
506,contracted_maximum_demand,TAIL-minus-KDE,1.8934790055323503,0.08056196281467336
507,contracted_maximum_demand,TAIL-minus-KDE,-8.56396847935629,0.0
508,contracted_maximum_demand,TAIL-minus-KDE,8.35551659495906,0.0
509,contracted_maximum_demand,TAIL-minus-KDE,13.456969953387441,0.0
510,contracted_maximum_demand,TAIL-minus-KDE,-0.421885391037069,0.0
511,contracted_maximum_demand,TAIL-minus-KDE,4.45158690322362,0.0
512,contracted_maximum_demand,TAIL-minus-KDE,-6.7352567843447595,0.08688392603645138
513,contracted_maximum_demand,TAIL-minus-KDE,-3.1989366064142306,0.09858749526873893
514,contracted_maximum_demand,TAIL-minus-KDE,10.19102833269375,0.0
515,contracted_maximum_demand,TAIL-minus-KDE,23.638658624322346,0.0
516,contracted_maximum_demand,TAIL-minus-KDE,-32.30076675590783,-0.45733958345656994
517,contracted_maximum_demand,TAIL-minus-KDE,-13.148181233825044,0.25116792177983327
518,contracted_maximum_demand,TAIL-minus-KDE,5.78894771163118,-0.5465613820719499
519,contracted_maximum_demand,TAIL-minus-KDE,2.784422802989381,-0.19868696762958662
520,contracted_maximum_demand,TAIL-minus-KDE,-5.697181778595489,0.45378320361588004
521,contracted_maximum_demand,TAIL-minus-KDE,-1.681226717482691,0.04605219815546667
522,contracted_maximum_demand,TAIL-minus-KDE,-6.697860809607089,-0.07425550235625995
523,contracted_maximum_demand,TAIL-minus-KDE,-0.08474718602693998,0.0
524,contracted_maximum_demand,TAIL-minus-KDE,-14.48173682448966,0.0
525,contracted_maximum_demand,TAIL-minus-KDE,-9.527707154262579,0.0519467215558133
526,contracted_maximum_demand,TAIL-minus-KDE,-8.53823000750104,0.0
527,contracted_maximum_demand,TAIL-minus-KDE,-13.034191352141884,-0.22302145789915997
528,contracted_maximum_demand,TAIL-minus-KDE,-3.6439579373703888,-0.03176543853861333
529,contracted_maximum_demand,TAIL-minus-KDE,-12.31533171257216,0.0
530,contracted_maximum_demand,TAIL-minus-KDE,2.8874250009004996,-0.8028602557462665
531,contracted_maximum_demand,TAIL-minus-KDE,-0.9955587768588098,-0.5290670302424233
532,contracted_maximum_demand,TAIL-minus-KDE,-2.2989350236027386,-0.08264728733458666
533,contracted_maximum_demand,TAIL-minus-KDE,1.8339962810601698,-0.7750270454748467
534,contracted_maximum_demand,TAIL-minus-KDE,-0.6376467999513802,0.17424377216042
535,contracted_maximum_demand,TAIL-minus-KDE,8.672549472972989,0.0
536,contracted_maximum_demand,TAIL-minus-KDE,1.2262329777042988,0.0
537,contracted_maximum_demand,TAIL-minus-KDE,-5.9713949615330595,0.0
538,contracted_maximum_demand,TAIL-minus-KDE,31.024911409005885,0.0
539,contracted_maximum_demand,TAIL-minus-KDE,3.6225146098940604,0.04583569224065333
540,contracted_maximum_demand,TAIL-minus-KDE,-13.134529725438728,-0.6123754389635601
541,contracted_maximum_demand,TAIL-minus-KDE,-2.9395089006271498,-0.8213491623756267
542,contracted_maximum_demand,TAIL-minus-KDE,-0.7639194512895298,0.034021226105211556
543,contracted_maximum_demand,TAIL-minus-KDE,1.11897390322315,-0.7386987398990267
544,contracted_maximum_demand,TAIL-minus-KDE,2.5889753323731703,-0.833654200942447
545,contracted_maximum_demand,TAIL-minus-KDE,-8.98125992818695,-0.47780167755881914
546,contracted_maximum_demand,TAIL-minus-KDE,32.28386942790819,0.0
547,contracted_maximum_demand,TAIL-minus-KDE,-144.42539155892112,-0.07425550235625995
548,contracted_maximum_demand,TAIL-minus-KDE,2.38812552876341,0.06851776173443999
549,contracted_maximum_demand,TAIL-minus-KDE,-14.40674263041099,0.056649340884953325
550,contracted_maximum_demand,TAIL-minus-KDE,-16.61130134946708,-0.49550259305901423
551,contracted_maximum_demand,TAIL-minus-KDE,-76.92140415665227,0.0
552,contracted_maximum_demand,TAIL-minus-KDE,-3.40022998980783,-0.7279266675233066
553,contracted_maximum_demand,TAIL-minus-KDE,-3.87183872970409,0.0
554,contracted_maximum_demand,TAIL-minus-KDE,-4.6812781757202,-0.45168560670874325
555,contracted_maximum_demand,TAIL-minus-KDE,-10.118538269954069,-0.36747000648754996
556,contracted_maximum_demand,TAIL-minus-KDE,11.25566622559183,0.15095167286841332
557,contracted_maximum_demand,TAIL-minus-KDE,-5.471515421799811,-0.42358233997086997
558,contracted_maximum_demand,TAIL-minus-KDE,-9.75291214943172,-0.11492764879606665
559,contracted_maximum_demand,TAIL-minus-KDE,-5.26745144230774,-0.455660402434891
560,contracted_maximum_demand,TAIL-minus-KDE,-11.200742384857602,0.022560102705120003
561,contracted_maximum_demand,TAIL-minus-KDE,-4.510161499267001,-0.010998173348299313
562,contracted_maximum_demand,TAIL-minus-KDE,-0.20172106600353026,-0.3979959822989899
563,contracted_maximum_demand,TAIL-minus-KDE,-4.22587150479602,0.30809721375870663
564,contracted_maximum_demand,TAIL-minus-KDE,0.34809635123548843,0.13877893484672937
565,contracted_maximum_demand,TAIL-minus-KDE,4.738744618148821,-0.017770617179430147
566,contracted_maximum_demand,TAIL-minus-KDE,-1.9151785253533504,0.3687011635695467
567,contracted_maximum_demand,TAIL-minus-KDE,-10.67486872424359,-0.5695916022618365
568,contracted_maximum_demand,TAIL-minus-KDE,-2.1765282170324607,-0.6675713916394133
569,contracted_maximum_demand,TAIL-minus-KDE,12.43543505295423,0.0
570,contracted_maximum_demand,TAIL-minus-KDE,-62.56924908063483,0.0
571,contracted_maximum_demand,TAIL-minus-KDE,1.9553124520756096,-0.8090781513557067
572,contracted_maximum_demand,TAIL-minus-KDE,7.99935359170149,-0.07008755407737333
573,contracted_maximum_demand,TAIL-minus-KDE,-6.171828502577281,-0.2346442791854161
574,contracted_maximum_demand,TAIL-minus-KDE,-6.507420789259092,-0.2297840870267343
575,contracted_maximum_demand,TAIL-minus-KDE,-7.247473653943123,-0.4508929352752566
576,contracted_maximum_demand,TAIL-minus-KDE,-8.3222735409251,-0.08907588044471548
577,contracted_maximum_demand,TAIL-minus-KDE,-8.88976237635468,-0.08412069598801539
578,contracted_maximum_demand,TAIL-minus-KDE,2.47695142989506,0.0
579,contracted_maximum_demand,TAIL-minus-KDE,-10.741777680769259,-0.08508148568533334
580,contracted_maximum_demand,TAIL-minus-KDE,10.913749972745169,-0.26757923096994335
581,contracted_maximum_demand,TAIL-minus-KDE,-1.2505007992571593,-0.12900682447638334
582,contracted_maximum_demand,TAIL-minus-KDE,-5.19018412166101,-0.6800515394221799
583,contracted_maximum_demand,TAIL-minus-KDE,-12.02394766567021,-0.6813190713109133
584,contracted_maximum_demand,TAIL-minus-KDE,-14.610036755238001,-0.07425550235625995
585,contracted_maximum_demand,TAIL-minus-KDE,-12.84438727265782,-0.5315381241375299
586,contracted_maximum_demand,TAIL-minus-KDE,3.28487827874235,0.0
587,contracted_maximum_demand,TAIL-minus-KDE,4.954032957845101,-0.09081873674754169
588,contracted_maximum_demand,TAIL-minus-KDE,21.72913214331563,0.0
589,contracted_maximum_demand,TAIL-minus-KDE,3.476045317578809,-0.7889991495705467
590,contracted_maximum_demand,TAIL-minus-KDE,-3.793877175630589,-0.3738185789722066
591,contracted_maximum_demand,TAIL-minus-KDE,13.957252976574269,0.0
592,contracted_maximum_demand,TAIL-minus-KDE,-16.70770451975746,-0.07751643995984812
593,contracted_maximum_demand,TAIL-minus-KDE,-3.9739384379980396,-0.5891868607902534
594,contracted_maximum_demand,TAIL-minus-KDE,4.08832432334893,0.07986194623696664
595,contracted_maximum_demand,TAIL-minus-KDE,-17.962696893643763,-0.07712643098572664
596,contracted_maximum_demand,TAIL-minus-KDE,2.3014495529974006,-0.4799739408178766
597,contracted_maximum_demand,TAIL-minus-KDE,-7.706562784389487,-0.33941798523106664
598,contracted_maximum_demand,TAIL-minus-KDE,-20.17761681806319,0.18061014397784178
599,contracted_maximum_demand,TAIL-minus-KDE,14.98495930068064,-0.27727131786559994
600,contracted_maximum_demand,TAIL-minus-KDE,-14.453192170072782,0.17372265485602004
601,contracted_maximum_demand,TAIL-minus-KDE,23.45385741752782,0.0
602,contracted_maximum_demand,TAIL-minus-KDE,-0.8399109370971103,0.10473199914919336
603,contracted_maximum_demand,TAIL-minus-KDE,-2.078206560786,-0.4329776783056033
604,contracted_maximum_demand,TAIL-minus-KDE,-12.142283681564708,0.039096366235499995
605,contracted_maximum_demand,TAIL-minus-KDE,-10.9485502176565,-0.4511369819229833
606,contracted_maximum_demand,TAIL-minus-KDE,3.4422728549488593,0.0
607,contracted_maximum_demand,TAIL-minus-KDE,-13.135260890740549,-0.09687352608337371
608,contracted_maximum_demand,TAIL-minus-KDE,14.781348512863602,0.0
609,contracted_maximum_demand,TAIL-minus-KDE,-18.422415226102363,-0.5529668968507433
610,contracted_maximum_demand,TAIL-minus-KDE,-3.4780074747463807,0.0
611,contracted_maximum_demand,TAIL-minus-KDE,-3.1292280334353397,-0.07425550235625995
612,contracted_maximum_demand,TAIL-minus-KDE,2.96940160189628,-0.07425550235625995
613,contracted_maximum_demand,TAIL-minus-KDE,27.582372910448527,0.0
614,contracted_maximum_demand,TAIL-minus-KDE,3.840357816847992,0.0
615,contracted_maximum_demand,TAIL-minus-KDE,26.64306347201995,0.0
616,contracted_maximum_demand,TAIL-minus-KDE,11.045995202270278,0.0
617,contracted_maximum_demand,TAIL-minus-KDE,-11.78081460850055,-0.5695436232595388
618,contracted_maximum_demand,TAIL-minus-KDE,-6.044962165812221,0.06892986626745999
619,contracted_maximum_demand,TAIL-minus-KDE,-4.3748657734685485,0.0
620,contracted_maximum_demand,TAIL-minus-KDE,-5.8555186153447485,-0.013903789499906668
621,contracted_maximum_demand,TAIL-minus-KDE,-10.938156056523058,0.2848059034710761
622,contracted_maximum_demand,TAIL-minus-KDE,3.230617080135051,-0.13607137708918005
623,contracted_maximum_demand,TAIL-minus-KDE,-0.7331760590521402,-0.4252159195498033
624,contracted_maximum_demand,TAIL-minus-KDE,18.57753059580875,-0.26757923096994335
625,contracted_maximum_demand,TAIL-minus-KDE,3.195136254353481,0.0
626,contracted_maximum_demand,TAIL-minus-KDE,-11.297583684832219,0.2701434060579
627,contracted_maximum_demand,TAIL-minus-KDE,3.652641651566481,0.0
628,contracted_maximum_demand,TAIL-minus-KDE,-9.45744229526225,-0.8193778549979933
629,contracted_maximum_demand,TAIL-minus-KDE,-9.29220507221245,-0.08195051240833869
630,contracted_maximum_demand,TAIL-minus-KDE,-4.588439656603049,-0.08010757490078001
631,contracted_maximum_demand,TAIL-minus-KDE,-1.6552303540258384,0.0
632,contracted_maximum_demand,TAIL-minus-KDE,-3.000163909153819,-0.07093316607389309
633,contracted_maximum_demand,TAIL-minus-KDE,-11.396753405180378,0.23367872246392
634,contracted_maximum_demand,TAIL-minus-KDE,-23.39902969917757,0.0
635,contracted_maximum_demand,TAIL-minus-KDE,0.20614661557184916,-0.26757923096994335
636,contracted_maximum_demand,TAIL-minus-KDE,-9.19505852991703,0.0
637,contracted_maximum_demand,TAIL-minus-KDE,-0.8314884428221397,-0.07384897342846668
638,contracted_maximum_demand,TAIL-minus-KDE,10.15494274938652,-0.26757923096994335
639,contracted_maximum_demand,TAIL-minus-KDE,-23.37415689818321,0.0
640,contracted_maximum_demand,TAIL-minus-KDE,12.099608802480342,0.0
641,contracted_maximum_demand,TAIL-minus-KDE,6.919542558543442,0.13669776103273332
642,contracted_maximum_demand,TAIL-minus-KDE,-1.1948534397076909,-0.02167229270502666
643,contracted_maximum_demand,TAIL-minus-KDE,12.185240063142139,0.0
644,contracted_maximum_demand,TAIL-minus-KDE,-8.02945237010339,0.03773604089889334
645,contracted_maximum_demand,TAIL-minus-KDE,-15.37713350446363,-0.06672148867000903
646,contracted_maximum_demand,TAIL-minus-KDE,4.44490875175823,-0.8221172339936667
647,contracted_maximum_demand,TAIL-minus-KDE,-6.2123936339004,-0.26757923096994335
648,contracted_maximum_demand,TAIL-minus-KDE,-16.50204332772578,0.029515655931280006
649,contracted_maximum_demand,TAIL-minus-KDE,-8.69153575992689,-0.6509555546830533
650,contracted_maximum_demand,TAIL-minus-KDE,-9.06000650495267,-0.41226703805245
651,contracted_maximum_demand,TAIL-minus-KDE,9.282742704475371,0.0074070196977266654
652,contracted_maximum_demand,TAIL-minus-KDE,-9.6587215648284,-0.06042227313261998
653,contracted_maximum_demand,TAIL-minus-KDE,-19.72983104135026,0.0
654,contracted_maximum_demand,TAIL-minus-KDE,-2.8950241615291805,0.06061619653515999
655,contracted_maximum_demand,TAIL-minus-KDE,5.95514856219308,-0.8112365540854667
656,contracted_maximum_demand,TAIL-minus-KDE,-4.85995190806522,-0.5533121821747167
657,contracted_maximum_demand,TAIL-minus-KDE,-2.6875663975351376,-0.004559480812886759
658,contracted_maximum_demand,TAIL-minus-KDE,-8.41675826947198,0.0
659,contracted_maximum_demand,TAIL-minus-KDE,15.63220696472859,0.0
660,contracted_maximum_demand,TAIL-minus-KDE,8.10411127962751,0.0
661,contracted_maximum_demand,TAIL-minus-KDE,-9.76664240119657,0.12198478923158
662,contracted_maximum_demand,TAIL-minus-KDE,-5.536224071430018,0.13216917106599996
663,contracted_maximum_demand,TAIL-minus-KDE,-10.78556081256494,-0.10226530993931225
664,contracted_maximum_demand,TAIL-minus-KDE,4.03850137079523,-0.7928461904845866
665,contracted_maximum_demand,TAIL-minus-KDE,-13.09993381152833,0.04249199242624864
666,contracted_maximum_demand,TAIL-minus-KDE,1.34521670808493,0.0
667,contracted_maximum_demand,TAIL-minus-KDE,2.42898776298105,-0.37894729685929823
668,contracted_maximum_demand,TAIL-minus-KDE,4.447781108345278,-0.09686688660066668
669,contracted_maximum_demand,TAIL-minus-KDE,-3.4357158553110114,-0.01560575613056906
670,contracted_maximum_demand,TAIL-minus-KDE,16.17536875145189,0.0
671,contracted_maximum_demand,TAIL-minus-KDE,-7.137875613849901,-0.07425550235625995
672,contracted_maximum_demand,TAIL-minus-KDE,0.11472386040724952,0.0
673,contracted_maximum_demand,TAIL-minus-KDE,-2.9673403509496152,0.17636597404975937
674,contracted_maximum_demand,TAIL-minus-KDE,-2.959742367786769,0.16313111306146
675,contracted_maximum_demand,TAIL-minus-KDE,-4.048817103707892,0.14926058864365332
676,contracted_maximum_demand,TAIL-minus-KDE,37.381716870272555,0.0
677,contracted_maximum_demand,TAIL-minus-KDE,-8.443496895585719,-0.6308156374304467
678,contracted_maximum_demand,TAIL-minus-KDE,0.05033785068287999,0.17837881591222
679,contracted_maximum_demand,TAIL-minus-KDE,-0.0294033334067495,0.11950768841353361
680,contracted_maximum_demand,TAIL-minus-KDE,-8.05586166943682,0.04750796155809062
681,contracted_maximum_demand,TAIL-minus-KDE,-10.906502782133519,0.5051923943225033
682,contracted_maximum_demand,TAIL-minus-KDE,4.0304740786729605,0.04171103423703334
683,contracted_maximum_demand,TAIL-minus-KDE,-3.4503151716826705,-0.8259411504321067
684,contracted_maximum_demand,TAIL-minus-KDE,-0.39949160526335237,0.0056481973662133355
685,contracted_maximum_demand,TAIL-minus-KDE,-5.83404045307465,-0.4398758346541633
686,contracted_maximum_demand,TAIL-minus-KDE,-6.75236969736132,0.19854123626148276
687,contracted_maximum_demand,TAIL-minus-KDE,3.2223803779804383,-0.1793678587868133
688,contracted_maximum_demand,TAIL-minus-KDE,3.437877648432709,-0.5578223146142166
689,contracted_maximum_demand,TAIL-minus-KDE,-11.471935817004631,-0.11029948440134332
690,contracted_maximum_demand,TAIL-minus-KDE,-12.72011845188478,-0.07425550235625995
691,contracted_maximum_demand,TAIL-minus-KDE,-2.449936235201951,0.0
692,contracted_maximum_demand,TAIL-minus-KDE,-18.63623528535344,-0.58066003163613
693,contracted_maximum_demand,TAIL-minus-KDE,-24.289729399367708,0.0
694,contracted_maximum_demand,TAIL-minus-KDE,16.673614860609632,0.07425550235625995
695,contracted_maximum_demand,TAIL-minus-KDE,-3.4288321584832597,-0.44126303268662664
696,contracted_maximum_demand,TAIL-minus-KDE,-0.38296441865721953,0.0
697,contracted_maximum_demand,TAIL-minus-KDE,-4.2008197027322005,0.0
698,contracted_maximum_demand,TAIL-minus-KDE,-11.62110196232857,-0.07425550235625995
699,contracted_maximum_demand,TAIL-minus-KDE,4.45643565117715,0.0
700,contracted_maximum_demand,TAIL-minus-KDE,-10.32022714728454,0.0041843095668199996
701,contracted_maximum_demand,TAIL-minus-KDE,-4.30092900080807,0.0
702,contracted_maximum_demand,TAIL-minus-KDE,-2.27669922915832,-0.06375713299102
703,contracted_maximum_demand,TAIL-minus-KDE,14.340101450112181,0.0
704,contracted_maximum_demand,TAIL-minus-KDE,5.98786127137611,0.0
705,contracted_maximum_demand,TAIL-minus-KDE,-17.076399165099243,0.12029382375187911
706,contracted_maximum_demand,TAIL-minus-KDE,-14.30416018317624,0.017301884833560807
707,contracted_maximum_demand,TAIL-minus-KDE,-3.666510990296751,0.16141682861131337
708,contracted_maximum_demand,TAIL-minus-KDE,-15.913873897467038,-0.10498227443466333
709,contracted_maximum_demand,TAIL-minus-KDE,-5.50626799664398,-0.07425550235625995
710,contracted_maximum_demand,TAIL-minus-KDE,-6.382963749531459,0.02398599296506828
711,contracted_maximum_demand,TAIL-minus-KDE,-11.568561894519089,-0.07425550235625995
712,contracted_maximum_demand,TAIL-minus-KDE,10.34790920946228,0.0
713,contracted_maximum_demand,TAIL-minus-KDE,-4.859562119254949,0.040021591083389194
714,contracted_maximum_demand,TAIL-minus-KDE,-5.72805985127062,0.0
715,contracted_maximum_demand,TAIL-minus-KDE,-2.2527140340526497,0.0
716,contracted_maximum_demand,TAIL-minus-KDE,8.90604170728964,0.0
717,contracted_maximum_demand,TAIL-minus-KDE,-15.88981067570097,-0.43304044389186996
718,contracted_maximum_demand,TAIL-minus-KDE,-1.9656624949793595,-0.4545397119869039
719,contracted_maximum_demand,TAIL-minus-KDE,16.37564373368368,0.0
720,contracted_maximum_demand,TAIL-minus-KDE,-5.742521778021049,-0.01514803819908667
721,contracted_maximum_demand,TAIL-minus-KDE,2.6534244760779995,0.08111262824266138
722,contracted_maximum_demand,TAIL-minus-KDE,-1.7400967681568291,0.46926174915943336
723,contracted_maximum_demand,TAIL-minus-KDE,-12.50316391436434,0.1319486256692167
724,contracted_maximum_demand,TAIL-minus-KDE,11.99327877975726,0.0
725,contracted_maximum_demand,TAIL-minus-KDE,-21.89564223724795,0.0
726,contracted_maximum_demand,TAIL-minus-KDE,-8.85351631967399,0.0
727,contracted_maximum_demand,TAIL-minus-KDE,-16.21765333660658,0.12429059903086667
728,contracted_maximum_demand,TAIL-minus-KDE,-10.36514107419612,-0.5434376485883433
729,contracted_maximum_demand,TAIL-minus-KDE,-4.34943946206744,-0.8095561279548533
730,contracted_maximum_demand,TAIL-minus-KDE,-21.22827456897794,0.15888726705112668
731,contracted_maximum_demand,TAIL-minus-KDE,-1.798310069555581,-0.8147180961437666
732,contracted_maximum_demand,TAIL-minus-KDE,-18.4471967940752,0.0
733,contracted_maximum_demand,TAIL-minus-KDE,6.213381479589178,0.0
734,contracted_maximum_demand,TAIL-minus-KDE,-9.38790846550018,-0.8071747373630266
735,contracted_maximum_demand,TAIL-minus-KDE,-3.413107082028251,-0.04529890197363999
736,contracted_maximum_demand,TAIL-minus-KDE,-14.983657692755678,-0.453163095770693
737,contracted_maximum_demand,TAIL-minus-KDE,11.0524050963594,0.0
738,contracted_maximum_demand,TAIL-minus-KDE,-8.377670400022238,-0.5989227314909467
739,contracted_maximum_demand,TAIL-minus-KDE,29.83072588444041,0.0
740,contracted_maximum_demand,TAIL-minus-KDE,3.7573704844710996,0.0
741,contracted_maximum_demand,TAIL-minus-KDE,-3.5326791883698805,0.3067062116209267
742,contracted_maximum_demand,TAIL-minus-KDE,7.031480872656598,-0.22313835730412668
743,contracted_maximum_demand,TAIL-minus-KDE,-4.853596053084021,-0.22409517334147336
744,contracted_maximum_demand,TAIL-minus-KDE,-5.108408497262339,0.0
745,contracted_maximum_demand,TAIL-minus-KDE,1.0436080455658192,0.0
746,contracted_maximum_demand,TAIL-minus-KDE,-17.19425828269909,-0.5677869874675912
747,contracted_maximum_demand,TAIL-minus-KDE,11.523167519509089,-0.6366092096977065
748,contracted_maximum_demand,TAIL-minus-KDE,-10.610474900150619,-0.8319918467738928
749,contracted_maximum_demand,TAIL-minus-KDE,9.1719533736104,0.0
750,contracted_maximum_demand,TAIL-minus-KDE,0.9044131331192973,0.26502582533942665
751,contracted_maximum_demand,TAIL-minus-KDE,26.802450137832608,0.0
752,contracted_maximum_demand,TAIL-minus-KDE,25.86423576134202,-0.26757923096994335
753,contracted_maximum_demand,TAIL-minus-KDE,-9.544074204509299,0.04582519549598662
754,contracted_maximum_demand,TAIL-minus-KDE,7.2667798592170705,-0.26757923096994335
755,contracted_maximum_demand,TAIL-minus-KDE,-12.331832312255461,-0.07425550235625995
756,contracted_maximum_demand,TAIL-minus-KDE,-6.85582519404303,0.42998984395298334
757,contracted_maximum_demand,TAIL-minus-KDE,-8.204606844906289,0.0
758,contracted_maximum_demand,TAIL-minus-KDE,15.914312048649387,0.0
759,contracted_maximum_demand,TAIL-minus-KDE,14.763346042934392,0.0
760,contracted_maximum_demand,TAIL-minus-KDE,16.91035684827727,-0.5212757357165599
761,contracted_maximum_demand,TAIL-minus-KDE,0.265735796076,-0.4449552774852033
762,contracted_maximum_demand,TAIL-minus-KDE,1.18485252948454,-0.07425550235625995
763,contracted_maximum_demand,TAIL-minus-KDE,0.55366143387265,-0.07425550235625995
764,contracted_maximum_demand,TAIL-minus-KDE,-2.20929682910902,-0.07425550235625995
765,contracted_maximum_demand,TAIL-minus-KDE,-2.05029078443629,0.0
766,contracted_maximum_demand,TAIL-minus-KDE,-10.248341674771492,0.13201046254061335
767,contracted_maximum_demand,TAIL-minus-KDE,10.314320878404061,0.0
768,contracted_maximum_demand,TAIL-minus-KDE,2.419817113116211,-0.29075977294230326
769,contracted_maximum_demand,TAIL-minus-KDE,-12.672432509392301,0.0
770,contracted_maximum_demand,TAIL-minus-KDE,-9.05292433372415,-0.033522264318978916
771,contracted_maximum_demand,TAIL-minus-KDE,-3.559447828029999,0.05317182546291334
772,contracted_maximum_demand,TAIL-minus-KDE,-10.995830303203169,-0.5897942463537066
773,contracted_maximum_demand,TAIL-minus-KDE,6.55487972395442,0.0
774,contracted_maximum_demand,TAIL-minus-KDE,-2.74505814164636,0.0
775,contracted_maximum_demand,TAIL-minus-KDE,-4.07781445351664,-0.019682182782179983
776,contracted_maximum_demand,TAIL-minus-KDE,-17.67401488195616,0.0
777,contracted_maximum_demand,TAIL-minus-KDE,-2.7775170915516996,-0.6846001304796266
778,contracted_maximum_demand,TAIL-minus-KDE,-7.0589342022437,-0.07425550235625995
779,contracted_maximum_demand,TAIL-minus-KDE,15.63985585736232,0.0
780,contracted_maximum_demand,TAIL-minus-KDE,-7.838911605649999,0.0011300496086266796
781,contracted_maximum_demand,TAIL-minus-KDE,1.8812836710404985,0.06266524151651999
782,contracted_maximum_demand,TAIL-minus-KDE,-1.5070967377807194,-0.10047064108154667
783,contracted_maximum_demand,TAIL-minus-KDE,-3.3460481085476697,-0.07425550235625995
784,contracted_maximum_demand,TAIL-minus-KDE,18.00716804052884,0.0
785,contracted_maximum_demand,TAIL-minus-KDE,-19.288052177748284,0.14758810011418666
786,contracted_maximum_demand,TAIL-minus-KDE,2.8014054005695797,-0.8160350245135867
787,contracted_maximum_demand,TAIL-minus-KDE,7.2939829645908505,-0.8052182669370399
788,contracted_maximum_demand,TAIL-minus-KDE,-5.355674014426571,-0.19513303800150214
789,contracted_maximum_demand,TAIL-minus-KDE,-1.4197546849475704,-0.5271347796341332
790,contracted_maximum_demand,TAIL-minus-KDE,-0.3318702126558999,-0.4471740158126099
791,contracted_maximum_demand,TAIL-minus-KDE,18.703774805951902,0.0
792,contracted_maximum_demand,TAIL-minus-KDE,-12.355721015614007,0.45338551362325996
793,contracted_maximum_demand,TAIL-minus-KDE,2.31184432551895,-0.3813513364256725
794,contracted_maximum_demand,TAIL-minus-KDE,9.84114166170019,0.0
795,contracted_maximum_demand,TAIL-minus-KDE,-22.089234085238083,0.16519626076365673
796,contracted_maximum_demand,TAIL-minus-KDE,1.9611333572830902,0.0
797,contracted_maximum_demand,TAIL-minus-KDE,-11.198854869415129,0.058772301401199996
798,contracted_maximum_demand,TAIL-minus-KDE,-94.39176083199906,0.0
799,contracted_maximum_demand,TAIL-minus-KDE,-8.416925976281089,-0.055676477090803395
800,contracted_maximum_demand,TAIL-minus-KDE,0.01598334055799011,-0.04326621429262179
801,contracted_maximum_demand,TAIL-minus-KDE,3.5764626943749294,-0.07425550235625995
802,contracted_maximum_demand,TAIL-minus-KDE,2.3952972369597605,-0.26757923096994335
803,contracted_maximum_demand,TAIL-minus-KDE,1.7056743800676095,0.08413915864603999
804,contracted_maximum_demand,TAIL-minus-KDE,-2.935837480874637,0.22721217788366668
805,contracted_maximum_demand,TAIL-minus-KDE,-6.379857382039061,-0.3757096347233467
806,contracted_maximum_demand,TAIL-minus-KDE,-7.5341454484817705,-0.5648845988497033
807,contracted_maximum_demand,TAIL-minus-KDE,-17.78907700632171,0.0
808,contracted_maximum_demand,TAIL-minus-KDE,7.74941222186066,0.0
809,contracted_maximum_demand,TAIL-minus-KDE,-37.55680317855255,-0.38161083925987344
810,contracted_maximum_demand,TAIL-minus-KDE,4.85329874200411,0.4728835645479033
811,contracted_maximum_demand,TAIL-minus-KDE,-6.63543657287663,0.0025474782412800503
812,contracted_maximum_demand,TAIL-minus-KDE,-0.6836280387767895,-0.4342686049100466
813,contracted_maximum_demand,TAIL-minus-KDE,1.5206426002400801,-0.07425550235625995
814,contracted_maximum_demand,TAIL-minus-KDE,0.5147780230194008,0.0
815,contracted_maximum_demand,TAIL-minus-KDE,-12.51377635508231,0.19806287348954335
816,contracted_maximum_demand,TAIL-minus-KDE,-15.88648422159965,-0.7901958110795568
817,contracted_maximum_demand,TAIL-minus-KDE,0.052094189713700056,0.16900586654821334
818,contracted_maximum_demand,TAIL-minus-KDE,11.013335618666979,0.0
819,contracted_maximum_demand,TAIL-minus-KDE,2.46076074165779,0.0
820,contracted_maximum_demand,TAIL-minus-KDE,14.05086598538961,0.0
821,contracted_maximum_demand,TAIL-minus-KDE,0.9179637948611306,0.0
822,contracted_maximum_demand,TAIL-minus-KDE,-4.08013223836457,-0.7781018849676866
823,contracted_maximum_demand,TAIL-minus-KDE,-15.178963142881338,0.1315674485338269
824,contracted_maximum_demand,TAIL-minus-KDE,-1.5395513315510498,-0.4247070154467967
825,contracted_maximum_demand,TAIL-minus-KDE,18.810936076374098,0.0
826,contracted_maximum_demand,TAIL-minus-KDE,-6.03686695913824,-0.42733391456229664
827,contracted_maximum_demand,TAIL-minus-KDE,-4.41554077655103,-0.022355536809000827
828,contracted_maximum_demand,TAIL-minus-KDE,-8.61375700112967,-0.8107815633880532
829,contracted_maximum_demand,TAIL-minus-KDE,-0.021815962308840975,-0.1391773774459066
830,contracted_maximum_demand,TAIL-minus-KDE,3.4423531637655795,-0.6916995036302133
831,contracted_maximum_demand,TAIL-minus-KDE,-1.0254840399462617,0.1694141613346
832,contracted_maximum_demand,TAIL-minus-KDE,-7.442773893661679,0.0
833,contracted_maximum_demand,TAIL-minus-KDE,7.329791981999239,0.0
834,contracted_maximum_demand,TAIL-minus-KDE,8.99686854246587,-0.8286115425550267
835,contracted_maximum_demand,TAIL-minus-KDE,30.3929863358878,0.0
836,contracted_maximum_demand,TAIL-minus-KDE,0.4804446303572799,-0.6927578090446067
837,contracted_maximum_demand,TAIL-minus-KDE,-5.952757852428039,-0.01884779476280639
838,contracted_maximum_demand,TAIL-minus-KDE,-47.177975219586884,-0.46085986912085
839,contracted_maximum_demand,TAIL-minus-KDE,-6.77003015418417,-0.7481181099675532
840,contracted_maximum_demand,TAIL-minus-KDE,-0.12398826480101016,-0.07425550235625995
841,contracted_maximum_demand,TAIL-minus-KDE,-18.09593151582082,-0.8370626189104641
842,contracted_maximum_demand,TAIL-minus-KDE,5.883470016930681,-0.7687731180064866
843,contracted_maximum_demand,TAIL-minus-KDE,-9.87130709248785,0.49928592300071
844,contracted_maximum_demand,TAIL-minus-KDE,-11.18908862114688,0.03602792572683148
845,contracted_maximum_demand,TAIL-minus-KDE,-12.09085538376625,0.15821271228765554
846,contracted_maximum_demand,TAIL-minus-KDE,19.53289089557284,0.0
847,contracted_maximum_demand,TAIL-minus-KDE,-5.250634507157821,-0.5639076803571319
848,contracted_maximum_demand,TAIL-minus-KDE,-13.204956601318429,0.07498228267125334
849,contracted_maximum_demand,TAIL-minus-KDE,-15.782175190311328,-0.69628667297128
850,contracted_maximum_demand,TAIL-minus-KDE,-11.050090319224141,-0.017229526234613338
851,contracted_maximum_demand,TAIL-minus-KDE,-19.89376361604562,-0.38042329179869133
852,contracted_maximum_demand,TAIL-minus-KDE,-0.47761884798926957,0.2376548867433867
853,contracted_maximum_demand,TAIL-minus-KDE,18.493005200357267,0.0
854,contracted_maximum_demand,TAIL-minus-KDE,-9.323409522855039,-0.031929813230566664
855,contracted_maximum_demand,TAIL-minus-KDE,-16.007844310404764,0.03837616873710667
856,contracted_maximum_demand,TAIL-minus-KDE,-9.45969259540348,-0.5691180664604372
857,contracted_maximum_demand,TAIL-minus-KDE,4.54232750188937,-0.0529702127206667
858,contracted_maximum_demand,TAIL-minus-KDE,-0.5985272155050708,-0.03918427752403
859,contracted_maximum_demand,TAIL-minus-KDE,-0.917582144413312,0.0
860,contracted_maximum_demand,TAIL-minus-KDE,-3.1227760001309806,-0.11686403074441334
861,contracted_maximum_demand,TAIL-minus-KDE,4.52786493022678,-0.7856592232929134
862,contracted_maximum_demand,TAIL-minus-KDE,11.65095400525068,0.0
863,contracted_maximum_demand,TAIL-minus-KDE,2.1142057035511974,0.09906622618158674
864,contracted_maximum_demand,TAIL-minus-KDE,10.766400582729469,0.0
865,contracted_maximum_demand,TAIL-minus-KDE,17.9745081555866,0.1356156035351533
866,contracted_maximum_demand,TAIL-minus-KDE,-8.86294490293302,-0.46516590435102323
867,contracted_maximum_demand,TAIL-minus-KDE,-2.0908528614150104,0.0
868,contracted_maximum_demand,TAIL-minus-KDE,-11.16422398246015,-0.04681845177048664
869,contracted_maximum_demand,TAIL-minus-KDE,4.538139468570041,-0.8311710414907993
870,contracted_maximum_demand,TAIL-minus-KDE,-0.8780022237511398,0.0
871,contracted_maximum_demand,TAIL-minus-KDE,-0.6839930439889813,-0.07659492818380667
872,contracted_maximum_demand,TAIL-minus-KDE,-18.8531480273954,-0.036588060355987675
873,contracted_maximum_demand,TAIL-minus-KDE,-6.750736400875741,-0.08156640969154666
874,contracted_maximum_demand,TAIL-minus-KDE,-10.726572933722,-0.07425550235625995
875,contracted_maximum_demand,TAIL-minus-KDE,-2.9297322635134697,0.0
876,contracted_maximum_demand,TAIL-minus-KDE,-5.81947189389786,-0.18199535813005888
877,contracted_maximum_demand,TAIL-minus-KDE,1.1997488043639009,0.2584540434379934
878,contracted_maximum_demand,TAIL-minus-KDE,20.58371046066662,0.0
879,contracted_maximum_demand,TAIL-minus-KDE,-1.18500642244742,-0.07425550235625995
880,contracted_maximum_demand,TAIL-minus-KDE,-3.5759616218290593,-0.5699720932808117
881,contracted_maximum_demand,TAIL-minus-KDE,30.971539287463017,0.0
882,contracted_maximum_demand,TAIL-minus-KDE,-59.97112126571218,0.0
883,contracted_maximum_demand,TAIL-minus-KDE,-7.456898454885271,0.5048859577810534
884,contracted_maximum_demand,TAIL-minus-KDE,-1.05754993231335,-0.3814383367973028
885,contracted_maximum_demand,TAIL-minus-KDE,20.454990461315827,0.0
886,contracted_maximum_demand,TAIL-minus-KDE,19.00174917214703,0.0
887,contracted_maximum_demand,TAIL-minus-KDE,-3.2546800637899707,-0.07425550235625995
888,contracted_maximum_demand,TAIL-minus-KDE,-0.20914057443095768,0.14429043378316667
889,contracted_maximum_demand,TAIL-minus-KDE,5.825081662917871,0.0
890,contracted_maximum_demand,TAIL-minus-KDE,8.568352991317141,0.0
891,contracted_maximum_demand,TAIL-minus-KDE,-3.2681494297624902,-0.48879129209393657
892,contracted_maximum_demand,TAIL-minus-KDE,-6.24700526263999,-0.13674809214680622
893,contracted_maximum_demand,TAIL-minus-KDE,-18.26522639248876,0.03699435228904
894,contracted_maximum_demand,TAIL-minus-KDE,-11.850738749702048,-0.05341131446061333
895,contracted_maximum_demand,TAIL-minus-KDE,1.24845623204694,0.0
896,contracted_maximum_demand,TAIL-minus-KDE,-3.179648079945041,0.37983220686446
897,contracted_maximum_demand,TAIL-minus-KDE,-8.71899939778665,0.004099610212879995
898,contracted_maximum_demand,TAIL-minus-KDE,10.80054289618308,-0.6679374654694866
899,contracted_maximum_demand,TAIL-minus-KDE,-1.148737669883268,-0.6479030394012533
900,contracted_maximum_demand,TAIL-minus-KDE,12.25956266232033,0.0
901,contracted_maximum_demand,TAIL-minus-KDE,3.9246511775719304,0.39563922636838
902,contracted_maximum_demand,TAIL-minus-KDE,-17.20290268220054,-0.17243183096501308
903,contracted_maximum_demand,TAIL-minus-KDE,0.8486313968884607,0.0
904,contracted_maximum_demand,TAIL-minus-KDE,-16.60213437114112,0.02530382532548054
905,contracted_maximum_demand,TAIL-minus-KDE,1.7144353331012399,-0.41920472691398325
906,contracted_maximum_demand,TAIL-minus-KDE,-13.935557295961978,-0.4389278345708566
907,contracted_maximum_demand,TAIL-minus-KDE,-2.4423621910887903,-0.07425550235625995
908,contracted_maximum_demand,TAIL-minus-KDE,-3.407214819679022,0.0
909,contracted_maximum_demand,TAIL-minus-KDE,-17.42403141922525,-0.3741227176567733
910,contracted_maximum_demand,TAIL-minus-KDE,-18.139066183948866,0.0797843352932704
911,contracted_maximum_demand,TAIL-minus-KDE,-0.771813365628031,-0.26757923096994335
912,contracted_maximum_demand,TAIL-minus-KDE,0.0051003047233003085,0.0
913,contracted_maximum_demand,TAIL-minus-KDE,-13.905577413464002,0.22356039200488004
914,contracted_maximum_demand,TAIL-minus-KDE,17.69137307228337,0.0
915,contracted_maximum_demand,TAIL-minus-KDE,-8.633304773688549,0.20145539193096004
916,contracted_maximum_demand,TAIL-minus-KDE,-14.559140341323367,0.0
917,contracted_maximum_demand,TAIL-minus-KDE,0.5481494011523758,0.09373788361351333
918,contracted_maximum_demand,TAIL-minus-KDE,0.7017774851885039,0.3911457553414067
919,contracted_maximum_demand,TAIL-minus-KDE,13.51285384723424,0.0
920,contracted_maximum_demand,TAIL-minus-KDE,0.6531747628499195,0.0
921,contracted_maximum_demand,TAIL-minus-KDE,8.850735946584559,0.0
922,contracted_maximum_demand,TAIL-minus-KDE,-8.862314875425271,0.09491506518862668
923,contracted_maximum_demand,TAIL-minus-KDE,-2.17380055752707,-0.04491638313501335
924,contracted_maximum_demand,TAIL-minus-KDE,7.73181630624973,0.0
925,contracted_maximum_demand,TAIL-minus-KDE,-5.505799288055021,-0.12343774455544003
926,contracted_maximum_demand,TAIL-minus-KDE,-22.405843441525192,0.0
927,contracted_maximum_demand,TAIL-minus-KDE,-7.9590516010592225,-0.044655294188779976
928,contracted_maximum_demand,TAIL-minus-KDE,2.6469905600030126,-0.20845921217484
929,contracted_maximum_demand,TAIL-minus-KDE,-6.355426254413891,0.04768086212666667
930,contracted_maximum_demand,TAIL-minus-KDE,31.96562709619311,0.0
931,contracted_maximum_demand,TAIL-minus-KDE,-4.132096999444769,-0.72704150391974
932,contracted_maximum_demand,TAIL-minus-KDE,28.411125125397003,0.0
933,contracted_maximum_demand,TAIL-minus-KDE,-5.831988111817379,-0.8022358714949999
934,contracted_maximum_demand,TAIL-minus-KDE,-4.233985961143672,0.1764606158834756
935,contracted_maximum_demand,TAIL-minus-KDE,-2.018574810821805,0.1458732384057533
936,contracted_maximum_demand,TAIL-minus-KDE,-4.261578233415789,-0.262732194145054
937,contracted_maximum_demand,TAIL-minus-KDE,-7.725841603619529,-0.10003901470261334
938,contracted_maximum_demand,TAIL-minus-KDE,16.23403292062887,0.0
939,contracted_maximum_demand,TAIL-minus-KDE,-11.632470066386889,-0.7665355609612533
940,contracted_maximum_demand,TAIL-minus-KDE,-1.6097506983846606,0.0
941,contracted_maximum_demand,TAIL-minus-KDE,6.304125198313121,0.0
942,contracted_maximum_demand,TAIL-minus-KDE,-19.77786641267433,-0.6888730881157467
943,contracted_maximum_demand,TAIL-minus-KDE,-5.289350455106309,0.0
944,contracted_maximum_demand,TAIL-minus-KDE,-7.1266999179892085,0.054190763072315566
945,contracted_maximum_demand,TAIL-minus-KDE,-94.32790529151893,0.0
946,contracted_maximum_demand,TAIL-minus-KDE,1.2061119693502098,0.29294826097330334
947,contracted_maximum_demand,TAIL-minus-KDE,0.36297946689667904,0.4567305285436833
948,contracted_maximum_demand,TAIL-minus-KDE,-1.6520272711961603,-0.5673140580968526
949,contracted_maximum_demand,TAIL-minus-KDE,-14.89019370764402,-0.24720338648648857
950,contracted_maximum_demand,TAIL-minus-KDE,-2.315630259291568,0.12579086380692667
951,contracted_maximum_demand,TAIL-minus-KDE,-2.5140491797041897,-0.45289923372422386
952,contracted_maximum_demand,TAIL-minus-KDE,17.74551205957788,0.020234277215866667
953,contracted_maximum_demand,TAIL-minus-KDE,-5.9045760174645,-0.07425550235625995
954,contracted_maximum_demand,TAIL-minus-KDE,4.43308483569977,-0.7973199796110932
955,contracted_maximum_demand,TAIL-minus-KDE,5.7886528712531105,-0.7784558995501333
956,contracted_maximum_demand,TAIL-minus-KDE,-1.9242520794104399,-0.7201143597365266
957,contracted_maximum_demand,TAIL-minus-KDE,-4.460475363557309,0.0
958,contracted_maximum_demand,TAIL-minus-KDE,-0.12414307245637857,0.0468239495008
959,contracted_maximum_demand,TAIL-minus-KDE,-12.20997210258224,-0.6588287037213266
960,contracted_maximum_demand,TAIL-minus-KDE,1.5032848654354503,0.0
961,contracted_maximum_demand,TAIL-minus-KDE,6.08171494960473,-0.14024328611430667
962,contracted_maximum_demand,TAIL-minus-KDE,-14.01506840303506,-0.4595141132902299
963,contracted_maximum_demand,TAIL-minus-KDE,-12.20258238300611,-0.16705576875344
964,contracted_maximum_demand,TAIL-minus-KDE,-1.1695948702363679,0.23511772393741986
965,contracted_maximum_demand,TAIL-minus-KDE,-0.008462300384461108,-0.21309574251398666
966,contracted_maximum_demand,TAIL-minus-KDE,-7.76303219203231,0.07292107721483852
967,contracted_maximum_demand,TAIL-minus-KDE,1.7851945011655297,-0.6102016647613466
968,contracted_maximum_demand,TAIL-minus-KDE,3.2318816595752904,-0.59262728017042
969,contracted_maximum_demand,TAIL-minus-KDE,-4.435569135648121,-0.8357291646522191
970,contracted_maximum_demand,TAIL-minus-KDE,-21.960777314480428,0.14174971818757484
971,contracted_maximum_demand,TAIL-minus-KDE,-11.11856762242119,0.042747372540786664
972,contracted_maximum_demand,TAIL-minus-KDE,3.762040532144409,0.09983986924035995
973,contracted_maximum_demand,TAIL-minus-KDE,0.27654398546949,-0.6979372882348
974,contracted_maximum_demand,TAIL-minus-KDE,-170.1425830176378,0.0
975,contracted_maximum_demand,TAIL-minus-KDE,-9.30458232556316,-0.7121194082900333
976,contracted_maximum_demand,TAIL-minus-KDE,-3.3554359369938704,-0.51752400826555
977,contracted_maximum_demand,TAIL-minus-KDE,-7.1019399339990406,-0.07425550235625995
978,contracted_maximum_demand,TAIL-minus-KDE,24.86090785599869,0.0
979,contracted_maximum_demand,TAIL-minus-KDE,-8.38484305850396,-0.14320539315398667
980,contracted_maximum_demand,TAIL-minus-KDE,1.3826870669911895,-0.5821984028821267
981,contracted_maximum_demand,TAIL-minus-KDE,9.48709780134687,0.0
982,contracted_maximum_demand,TAIL-minus-KDE,-31.16918866837634,0.0
983,contracted_maximum_demand,TAIL-minus-KDE,23.974423503478267,0.0
984,contracted_maximum_demand,TAIL-minus-KDE,-9.03878856869366,0.007462789796366668
985,contracted_maximum_demand,TAIL-minus-KDE,-0.32104433868958004,-0.07425550235625995
986,contracted_maximum_demand,TAIL-minus-KDE,0.35532910285994146,-0.12568900161959326
987,contracted_maximum_demand,TAIL-minus-KDE,-2.059522038780659,0.0
988,contracted_maximum_demand,TAIL-minus-KDE,-12.985706331889649,-0.7373971785001866
989,contracted_maximum_demand,TAIL-minus-KDE,21.75730699783944,0.0
990,contracted_maximum_demand,TAIL-minus-KDE,8.104626579533807,0.0
991,contracted_maximum_demand,TAIL-minus-KDE,3.0129891216990807,-0.0007771853949728265
992,contracted_maximum_demand,TAIL-minus-KDE,-13.03939780411148,-0.8311027591970345
993,contracted_maximum_demand,TAIL-minus-KDE,1.4514464399942806,-0.5775891072337067
994,contracted_maximum_demand,TAIL-minus-KDE,-3.9730815728372297,-0.3418347333262033
995,contracted_maximum_demand,TAIL-minus-KDE,-0.31862060372039036,-0.5650520606195285
996,contracted_maximum_demand,TAIL-minus-KDE,-4.7850167408181505,-0.03640804795857334
997,contracted_maximum_demand,TAIL-minus-KDE,4.84242626305377,0.3304515072162466
998,contracted_maximum_demand,TAIL-minus-KDE,32.00168977552336,0.0
999,contracted_maximum_demand,TAIL-minus-KDE,-4.03736923084263,-0.38437656291093003
0,actual_maximum_demand,GEV-minus-KDE,1.25227505803195,0.0
1,actual_maximum_demand,GEV-minus-KDE,0.3158960406028699,-0.06947021018050667
2,actual_maximum_demand,GEV-minus-KDE,-4.40059768317235,0.03099496561797667
3,actual_maximum_demand,GEV-minus-KDE,-8.485099280061908,0.03099496561797667
4,actual_maximum_demand,GEV-minus-KDE,13.44169627110966,0.0
5,actual_maximum_demand,GEV-minus-KDE,-9.672076773813469,0.0
6,actual_maximum_demand,GEV-minus-KDE,-8.063251844750669,0.0
7,actual_maximum_demand,GEV-minus-KDE,-5.95068565733528,0.0
8,actual_maximum_demand,GEV-minus-KDE,5.106193367275641,0.03099496561797667
9,actual_maximum_demand,GEV-minus-KDE,0.14264091393768885,-0.07563157445530663
10,actual_maximum_demand,GEV-minus-KDE,1.0305030715530017,0.0
11,actual_maximum_demand,GEV-minus-KDE,-2.13910847623397,0.0
12,actual_maximum_demand,GEV-minus-KDE,10.39263305746515,0.0
13,actual_maximum_demand,GEV-minus-KDE,4.09433325476311,0.0
14,actual_maximum_demand,GEV-minus-KDE,-8.256048598227512,0.0
15,actual_maximum_demand,GEV-minus-KDE,10.6986609499615,0.0
16,actual_maximum_demand,GEV-minus-KDE,0.7951761957257899,0.0
17,actual_maximum_demand,GEV-minus-KDE,15.071828934365078,0.0
18,actual_maximum_demand,GEV-minus-KDE,-9.18644127704163,0.0
19,actual_maximum_demand,GEV-minus-KDE,11.26990325167477,0.0
20,actual_maximum_demand,GEV-minus-KDE,1.212511773986649,0.0
21,actual_maximum_demand,GEV-minus-KDE,-4.053062466082579,0.13214121834112
22,actual_maximum_demand,GEV-minus-KDE,4.9131829690179485,0.0
23,actual_maximum_demand,GEV-minus-KDE,19.52096066119468,0.0
24,actual_maximum_demand,GEV-minus-KDE,-5.58683235973272,0.0
25,actual_maximum_demand,GEV-minus-KDE,-2.3756805768417264,0.0
26,actual_maximum_demand,GEV-minus-KDE,12.339227264395989,0.03099496561797667
27,actual_maximum_demand,GEV-minus-KDE,-5.1371789383327595,0.0
28,actual_maximum_demand,GEV-minus-KDE,-8.67374931075392,0.03099496561797667
29,actual_maximum_demand,GEV-minus-KDE,-4.838684836068349,0.03099496561797667
30,actual_maximum_demand,GEV-minus-KDE,-11.83988474623437,0.03099496561797667
31,actual_maximum_demand,GEV-minus-KDE,16.76639614329641,0.0
32,actual_maximum_demand,GEV-minus-KDE,-1.541150768913696,0.0
33,actual_maximum_demand,GEV-minus-KDE,-2.3154341905173514,0.0
34,actual_maximum_demand,GEV-minus-KDE,21.69431440660388,0.0
35,actual_maximum_demand,GEV-minus-KDE,-14.684302967092682,0.0
36,actual_maximum_demand,GEV-minus-KDE,-3.5402521811606302,0.03099496561797667
37,actual_maximum_demand,GEV-minus-KDE,7.29279152468932,0.0
38,actual_maximum_demand,GEV-minus-KDE,0.8835936438321802,0.03099496561797667
39,actual_maximum_demand,GEV-minus-KDE,-11.054973600940311,0.0
40,actual_maximum_demand,GEV-minus-KDE,-3.2920091497341,0.0
41,actual_maximum_demand,GEV-minus-KDE,1.0941528770380486,0.03099496561797667
42,actual_maximum_demand,GEV-minus-KDE,4.213270481380241,0.0
43,actual_maximum_demand,GEV-minus-KDE,-1.8691453066602512,-0.009648674476133356
44,actual_maximum_demand,GEV-minus-KDE,-7.65706067460611,0.03099496561797667
45,actual_maximum_demand,GEV-minus-KDE,23.44537732633446,0.0
46,actual_maximum_demand,GEV-minus-KDE,-5.49036559921153,0.0
47,actual_maximum_demand,GEV-minus-KDE,-0.6018310274571399,0.0
48,actual_maximum_demand,GEV-minus-KDE,6.155121370053332,0.0
49,actual_maximum_demand,GEV-minus-KDE,1.3273786828974121,0.0
50,actual_maximum_demand,GEV-minus-KDE,-3.0947072353084,0.0
51,actual_maximum_demand,GEV-minus-KDE,-4.7404337698155,0.03099496561797667
52,actual_maximum_demand,GEV-minus-KDE,-2.80691462899257,0.0
53,actual_maximum_demand,GEV-minus-KDE,-1.89704157828842,0.0
54,actual_maximum_demand,GEV-minus-KDE,-4.403455591211119,0.0
55,actual_maximum_demand,GEV-minus-KDE,15.28972647748375,0.0
56,actual_maximum_demand,GEV-minus-KDE,-3.2157515605479996,0.03099496561797667
57,actual_maximum_demand,GEV-minus-KDE,-2.644718198271699,0.03099496561797667
58,actual_maximum_demand,GEV-minus-KDE,-1.2985976111639301,0.08732556679416004
59,actual_maximum_demand,GEV-minus-KDE,-1.4334722120033616,0.0
60,actual_maximum_demand,GEV-minus-KDE,-1.9217746609223498,0.0
61,actual_maximum_demand,GEV-minus-KDE,-4.004414483038571,0.0
62,actual_maximum_demand,GEV-minus-KDE,3.93783550959724,0.03099496561797667
63,actual_maximum_demand,GEV-minus-KDE,10.153093593379529,0.0
64,actual_maximum_demand,GEV-minus-KDE,-0.36456640442521226,0.0
65,actual_maximum_demand,GEV-minus-KDE,-3.0854337919101305,0.0
66,actual_maximum_demand,GEV-minus-KDE,0.8462128716124284,0.0
67,actual_maximum_demand,GEV-minus-KDE,-1.6318685812268106,0.0
68,actual_maximum_demand,GEV-minus-KDE,4.61640713943801,0.0
69,actual_maximum_demand,GEV-minus-KDE,-6.0135838638343095,0.03099496561797667
70,actual_maximum_demand,GEV-minus-KDE,-10.856781461141749,0.0
71,actual_maximum_demand,GEV-minus-KDE,-7.87759309727929,0.0
72,actual_maximum_demand,GEV-minus-KDE,-10.057334812192021,0.0
73,actual_maximum_demand,GEV-minus-KDE,-7.063930348369339,0.03099496561797667
74,actual_maximum_demand,GEV-minus-KDE,-4.17510332519256,0.0
75,actual_maximum_demand,GEV-minus-KDE,-8.39165764365668,0.0
76,actual_maximum_demand,GEV-minus-KDE,-5.19452783936743,0.03099496561797667
77,actual_maximum_demand,GEV-minus-KDE,-3.2394806297805556,0.0
78,actual_maximum_demand,GEV-minus-KDE,-6.97743564611506,0.0
79,actual_maximum_demand,GEV-minus-KDE,-2.7681108800098997,0.03099496561797667
80,actual_maximum_demand,GEV-minus-KDE,-3.08511565466178,0.0
81,actual_maximum_demand,GEV-minus-KDE,27.957020412192517,0.0
82,actual_maximum_demand,GEV-minus-KDE,-5.78200826159257,0.03099496561797667
83,actual_maximum_demand,GEV-minus-KDE,11.973455214391851,0.0
84,actual_maximum_demand,GEV-minus-KDE,13.65781121866298,0.0
85,actual_maximum_demand,GEV-minus-KDE,13.626193321019509,0.0
86,actual_maximum_demand,GEV-minus-KDE,2.1123039823687293,0.03099496561797667
87,actual_maximum_demand,GEV-minus-KDE,18.99464474491083,0.0
88,actual_maximum_demand,GEV-minus-KDE,-8.368613991671946,0.0
89,actual_maximum_demand,GEV-minus-KDE,-2.01214123266359,0.03099496561797667
90,actual_maximum_demand,GEV-minus-KDE,-5.558455315975158,0.0
91,actual_maximum_demand,GEV-minus-KDE,12.53790748543826,0.0
92,actual_maximum_demand,GEV-minus-KDE,2.89603047951136,0.0
93,actual_maximum_demand,GEV-minus-KDE,-8.06344292939403,0.0
94,actual_maximum_demand,GEV-minus-KDE,4.37885735822337,0.0
95,actual_maximum_demand,GEV-minus-KDE,-5.033389936838997,0.0
96,actual_maximum_demand,GEV-minus-KDE,-0.022651318132160814,0.0
97,actual_maximum_demand,GEV-minus-KDE,-0.6828371949979296,0.03099496561797667
98,actual_maximum_demand,GEV-minus-KDE,-5.207867902092842,0.0
99,actual_maximum_demand,GEV-minus-KDE,-7.80882606464266,0.1366063752113233
100,actual_maximum_demand,GEV-minus-KDE,8.952374472812663,0.0
101,actual_maximum_demand,GEV-minus-KDE,14.63621796512056,0.0
102,actual_maximum_demand,GEV-minus-KDE,-4.6024578983158895,0.03099496561797667
103,actual_maximum_demand,GEV-minus-KDE,-3.9636043638224,0.03099496561797667
104,actual_maximum_demand,GEV-minus-KDE,6.451831346096651,0.0
105,actual_maximum_demand,GEV-minus-KDE,-8.43255171157033,0.0
106,actual_maximum_demand,GEV-minus-KDE,-0.4870262435342998,0.0
107,actual_maximum_demand,GEV-minus-KDE,-1.3737986941104674,0.0
108,actual_maximum_demand,GEV-minus-KDE,-7.13742268136616,0.0
109,actual_maximum_demand,GEV-minus-KDE,8.39152597708204,0.03099496561797667
110,actual_maximum_demand,GEV-minus-KDE,0.8576388404587215,0.0
111,actual_maximum_demand,GEV-minus-KDE,-2.3918475331930296,0.0
112,actual_maximum_demand,GEV-minus-KDE,7.232079816249773,0.03099496561797667
113,actual_maximum_demand,GEV-minus-KDE,0.0028924053691203877,0.03099496561797667
114,actual_maximum_demand,GEV-minus-KDE,-1.3401300768511897,0.0
115,actual_maximum_demand,GEV-minus-KDE,-2.9641550888406796,0.03099496561797667
116,actual_maximum_demand,GEV-minus-KDE,-11.45106107749878,0.0
117,actual_maximum_demand,GEV-minus-KDE,-3.0690718041794183,0.0
118,actual_maximum_demand,GEV-minus-KDE,-6.115625147901951,0.0
119,actual_maximum_demand,GEV-minus-KDE,-2.2402370753751093,0.0
120,actual_maximum_demand,GEV-minus-KDE,23.62764947809039,0.0
121,actual_maximum_demand,GEV-minus-KDE,-8.335814535802989,0.0
122,actual_maximum_demand,GEV-minus-KDE,5.08702285982807,0.0
123,actual_maximum_demand,GEV-minus-KDE,-18.43258815129757,0.0
124,actual_maximum_demand,GEV-minus-KDE,-3.91352731493176,0.03099496561797667
125,actual_maximum_demand,GEV-minus-KDE,0.4172239810656786,0.0
126,actual_maximum_demand,GEV-minus-KDE,-3.741359286404941,0.0
127,actual_maximum_demand,GEV-minus-KDE,-4.654337080504529,0.03099496561797667
128,actual_maximum_demand,GEV-minus-KDE,-2.1429962302795786,0.0
129,actual_maximum_demand,GEV-minus-KDE,-0.86572164993548,0.0
130,actual_maximum_demand,GEV-minus-KDE,-3.5846677964826794,0.0
131,actual_maximum_demand,GEV-minus-KDE,18.08859020487891,0.0
132,actual_maximum_demand,GEV-minus-KDE,6.700825012775559,0.0
133,actual_maximum_demand,GEV-minus-KDE,-2.54471436707506,0.0
134,actual_maximum_demand,GEV-minus-KDE,1.2397177170005589,0.0
135,actual_maximum_demand,GEV-minus-KDE,1.408420443783981,0.0
136,actual_maximum_demand,GEV-minus-KDE,3.306113809975239,0.0
137,actual_maximum_demand,GEV-minus-KDE,-12.675169735710268,0.0
138,actual_maximum_demand,GEV-minus-KDE,-10.097577656721079,0.0
139,actual_maximum_demand,GEV-minus-KDE,-3.8666888964595096,0.03099496561797667
140,actual_maximum_demand,GEV-minus-KDE,1.3733196837400374,0.0
141,actual_maximum_demand,GEV-minus-KDE,-10.17138657788799,0.03099496561797667
142,actual_maximum_demand,GEV-minus-KDE,-1.95997865762845,0.0
143,actual_maximum_demand,GEV-minus-KDE,-5.0642497137554,0.0
144,actual_maximum_demand,GEV-minus-KDE,-1.3850259006802923,0.03099496561797667
145,actual_maximum_demand,GEV-minus-KDE,-1.9062695777259997,0.03099496561797667
146,actual_maximum_demand,GEV-minus-KDE,-1.94450474803569,0.6000124824187535
147,actual_maximum_demand,GEV-minus-KDE,7.509846369631667,0.0
148,actual_maximum_demand,GEV-minus-KDE,-10.65646767760949,0.0
149,actual_maximum_demand,GEV-minus-KDE,-7.75691923480671,0.03099496561797667
150,actual_maximum_demand,GEV-minus-KDE,1.60101392207248,0.0
151,actual_maximum_demand,GEV-minus-KDE,9.411366718911228,0.0
152,actual_maximum_demand,GEV-minus-KDE,6.59325958753535,0.0
153,actual_maximum_demand,GEV-minus-KDE,-9.953987782545463,0.0
154,actual_maximum_demand,GEV-minus-KDE,6.268965673317512,0.0
155,actual_maximum_demand,GEV-minus-KDE,-1.23523115599026,0.0
156,actual_maximum_demand,GEV-minus-KDE,-3.953036111932029,0.0
157,actual_maximum_demand,GEV-minus-KDE,0.69817305786102,0.03099496561797667
158,actual_maximum_demand,GEV-minus-KDE,-6.328365429474669,0.0
159,actual_maximum_demand,GEV-minus-KDE,14.866083413414788,0.0
160,actual_maximum_demand,GEV-minus-KDE,-11.220595104604818,0.0
161,actual_maximum_demand,GEV-minus-KDE,1.1142024333678306,0.03099496561797667
162,actual_maximum_demand,GEV-minus-KDE,6.008727573875521,0.0
163,actual_maximum_demand,GEV-minus-KDE,-2.536345879002519,0.03099496561797667
164,actual_maximum_demand,GEV-minus-KDE,-4.92636206561085,0.03099496561797667
165,actual_maximum_demand,GEV-minus-KDE,-6.601700050894889,0.03099496561797667
166,actual_maximum_demand,GEV-minus-KDE,4.669403224598151,0.0
167,actual_maximum_demand,GEV-minus-KDE,-8.61605748619951,0.03099496561797667
168,actual_maximum_demand,GEV-minus-KDE,8.47999524140995,0.0
169,actual_maximum_demand,GEV-minus-KDE,-5.54078925321776,0.0
170,actual_maximum_demand,GEV-minus-KDE,-3.5644678257622715,0.0
171,actual_maximum_demand,GEV-minus-KDE,12.866873453691612,0.0
172,actual_maximum_demand,GEV-minus-KDE,-9.68144034878576,0.0
173,actual_maximum_demand,GEV-minus-KDE,-10.17595121481638,0.0
174,actual_maximum_demand,GEV-minus-KDE,-7.2243033064721605,0.0
175,actual_maximum_demand,GEV-minus-KDE,4.103839221673961,0.0
176,actual_maximum_demand,GEV-minus-KDE,-2.0554620381903588,0.0
177,actual_maximum_demand,GEV-minus-KDE,-6.908088362169269,0.03099496561797667
178,actual_maximum_demand,GEV-minus-KDE,3.6482071674463104,0.0
179,actual_maximum_demand,GEV-minus-KDE,-0.42490441653171007,0.0
180,actual_maximum_demand,GEV-minus-KDE,2.115397539851481,0.03099496561797667
181,actual_maximum_demand,GEV-minus-KDE,-4.193155686739461,0.0
182,actual_maximum_demand,GEV-minus-KDE,20.11765598051129,0.0
183,actual_maximum_demand,GEV-minus-KDE,0.16019851599339274,0.0
184,actual_maximum_demand,GEV-minus-KDE,-4.7303529122435295,0.0
185,actual_maximum_demand,GEV-minus-KDE,1.3863678745676122,0.0
186,actual_maximum_demand,GEV-minus-KDE,26.433292138010252,0.0
187,actual_maximum_demand,GEV-minus-KDE,-3.5973391162590405,0.0
188,actual_maximum_demand,GEV-minus-KDE,8.41694714914177,0.0
189,actual_maximum_demand,GEV-minus-KDE,4.462450222150855,0.0
190,actual_maximum_demand,GEV-minus-KDE,-3.3132435192147422,0.0
191,actual_maximum_demand,GEV-minus-KDE,-2.3742429864779098,0.0
192,actual_maximum_demand,GEV-minus-KDE,-0.23135887124544063,0.0
193,actual_maximum_demand,GEV-minus-KDE,8.00730820824684,0.03099496561797667
194,actual_maximum_demand,GEV-minus-KDE,-2.670034955553982,0.0
195,actual_maximum_demand,GEV-minus-KDE,-5.04286279077555,0.0
196,actual_maximum_demand,GEV-minus-KDE,-1.2161422380136302,0.0
197,actual_maximum_demand,GEV-minus-KDE,2.1691348659262895,0.0
198,actual_maximum_demand,GEV-minus-KDE,-14.05272991021863,0.03099496561797667
199,actual_maximum_demand,GEV-minus-KDE,7.71216819609864,0.03099496561797667
200,actual_maximum_demand,GEV-minus-KDE,-4.93973417098434,0.03099496561797667
201,actual_maximum_demand,GEV-minus-KDE,-7.367691324340507,0.0
202,actual_maximum_demand,GEV-minus-KDE,6.920393583097789,0.0
203,actual_maximum_demand,GEV-minus-KDE,1.6971825563638991,0.0
204,actual_maximum_demand,GEV-minus-KDE,3.85322820889413,0.0
205,actual_maximum_demand,GEV-minus-KDE,22.015680167027423,0.0
206,actual_maximum_demand,GEV-minus-KDE,1.7888815669288696,0.03099496561797667
207,actual_maximum_demand,GEV-minus-KDE,4.10201549482111,0.0
208,actual_maximum_demand,GEV-minus-KDE,3.938101527628979,0.0
209,actual_maximum_demand,GEV-minus-KDE,-0.5720410451392599,0.0
210,actual_maximum_demand,GEV-minus-KDE,-3.062895850292918,0.03099496561797667
211,actual_maximum_demand,GEV-minus-KDE,-10.658603105147876,0.0
212,actual_maximum_demand,GEV-minus-KDE,0.8187296047338005,0.0
213,actual_maximum_demand,GEV-minus-KDE,0.1682662930447193,0.0
214,actual_maximum_demand,GEV-minus-KDE,1.5762301452420098,0.03099496561797667
215,actual_maximum_demand,GEV-minus-KDE,2.41432478502313,0.0
216,actual_maximum_demand,GEV-minus-KDE,10.6658452885662,0.0
217,actual_maximum_demand,GEV-minus-KDE,-9.60236440580194,0.03099496561797667
218,actual_maximum_demand,GEV-minus-KDE,-2.4990611366950493,0.0
219,actual_maximum_demand,GEV-minus-KDE,-7.26729109346429,0.0
220,actual_maximum_demand,GEV-minus-KDE,3.2051583704643978,0.0
221,actual_maximum_demand,GEV-minus-KDE,-10.265394314057572,0.0
222,actual_maximum_demand,GEV-minus-KDE,6.452189522651771,0.0
223,actual_maximum_demand,GEV-minus-KDE,0.09700911469988083,0.0
224,actual_maximum_demand,GEV-minus-KDE,-1.60378551872219,0.0
225,actual_maximum_demand,GEV-minus-KDE,4.481252722956959,0.0
226,actual_maximum_demand,GEV-minus-KDE,4.1155430282564,0.0
227,actual_maximum_demand,GEV-minus-KDE,-0.5137107534384899,0.0
228,actual_maximum_demand,GEV-minus-KDE,4.209658558330981,0.0
229,actual_maximum_demand,GEV-minus-KDE,4.586093806206789,0.03099496561797667
230,actual_maximum_demand,GEV-minus-KDE,-3.594467469385512,0.0
231,actual_maximum_demand,GEV-minus-KDE,-1.2649412226101804,0.03099496561797667
232,actual_maximum_demand,GEV-minus-KDE,-5.910796667336912,0.0
233,actual_maximum_demand,GEV-minus-KDE,12.619753399978482,0.0
234,actual_maximum_demand,GEV-minus-KDE,-7.853202305127249,0.0
235,actual_maximum_demand,GEV-minus-KDE,10.66328611422533,0.0
236,actual_maximum_demand,GEV-minus-KDE,5.42752798693093,0.0
237,actual_maximum_demand,GEV-minus-KDE,-0.7121302206493301,0.03099496561797667
238,actual_maximum_demand,GEV-minus-KDE,-9.25258206978266,0.0
239,actual_maximum_demand,GEV-minus-KDE,-7.0893882079660795,0.0
240,actual_maximum_demand,GEV-minus-KDE,-1.8155825902543998,0.03099496561797667
241,actual_maximum_demand,GEV-minus-KDE,-0.3644642283099492,0.0
242,actual_maximum_demand,GEV-minus-KDE,0.2554284965998882,0.0
243,actual_maximum_demand,GEV-minus-KDE,-5.803941776070779,0.03099496561797667
244,actual_maximum_demand,GEV-minus-KDE,-7.588035706930059,0.03099496561797667
245,actual_maximum_demand,GEV-minus-KDE,-6.227216771916069,0.0
246,actual_maximum_demand,GEV-minus-KDE,5.404568378300261,0.0
247,actual_maximum_demand,GEV-minus-KDE,-3.4589913305969806,0.03099496561797667
248,actual_maximum_demand,GEV-minus-KDE,-1.9943782467275697,0.0
249,actual_maximum_demand,GEV-minus-KDE,24.07898997620367,0.0
250,actual_maximum_demand,GEV-minus-KDE,-5.3870416980567,0.0
251,actual_maximum_demand,GEV-minus-KDE,5.93904798428363,0.0
252,actual_maximum_demand,GEV-minus-KDE,-6.387579275478811,0.0
253,actual_maximum_demand,GEV-minus-KDE,-7.4247402713387975,0.0
254,actual_maximum_demand,GEV-minus-KDE,4.948532880228878,1.9903871391542933
255,actual_maximum_demand,GEV-minus-KDE,-5.159890204130391,0.0
256,actual_maximum_demand,GEV-minus-KDE,14.862926238230001,0.0
257,actual_maximum_demand,GEV-minus-KDE,0.9562300120490697,0.0
258,actual_maximum_demand,GEV-minus-KDE,13.822643288579789,0.0
259,actual_maximum_demand,GEV-minus-KDE,-9.20579972528317,0.0
260,actual_maximum_demand,GEV-minus-KDE,-10.776046259985891,0.0
261,actual_maximum_demand,GEV-minus-KDE,-2.0984986699282087,0.0
262,actual_maximum_demand,GEV-minus-KDE,-3.3119197328791206,0.03099496561797667
263,actual_maximum_demand,GEV-minus-KDE,-2.5191345138971393,0.0
264,actual_maximum_demand,GEV-minus-KDE,4.232912341214012,0.0
265,actual_maximum_demand,GEV-minus-KDE,-0.0989126196436596,0.0
266,actual_maximum_demand,GEV-minus-KDE,-1.9931106465185102,0.0
267,actual_maximum_demand,GEV-minus-KDE,-5.7867525330733,0.0
268,actual_maximum_demand,GEV-minus-KDE,0.7354091822903891,0.03099496561797667
269,actual_maximum_demand,GEV-minus-KDE,-9.85876702675547,0.0
270,actual_maximum_demand,GEV-minus-KDE,10.576939506637459,0.0
271,actual_maximum_demand,GEV-minus-KDE,1.4389970189194412,0.0
272,actual_maximum_demand,GEV-minus-KDE,-6.952931984679991,0.03099496561797667
273,actual_maximum_demand,GEV-minus-KDE,-5.1639750941527,0.0
274,actual_maximum_demand,GEV-minus-KDE,-12.88834416927581,0.0
275,actual_maximum_demand,GEV-minus-KDE,2.997679196314479,0.0
276,actual_maximum_demand,GEV-minus-KDE,-8.903058656658882,0.0
277,actual_maximum_demand,GEV-minus-KDE,-4.84551751721648,0.03099496561797667
278,actual_maximum_demand,GEV-minus-KDE,-2.8970823774674193,0.0
279,actual_maximum_demand,GEV-minus-KDE,-2.015092685354458,0.03099496561797667
280,actual_maximum_demand,GEV-minus-KDE,-7.415638312732341,0.0
281,actual_maximum_demand,GEV-minus-KDE,2.9099977020081096,0.0
282,actual_maximum_demand,GEV-minus-KDE,-7.538461026106959,0.03099496561797667
283,actual_maximum_demand,GEV-minus-KDE,-0.565317361825371,0.03099496561797667
284,actual_maximum_demand,GEV-minus-KDE,-6.16353923350005,0.0
285,actual_maximum_demand,GEV-minus-KDE,2.45529461105479,0.0
286,actual_maximum_demand,GEV-minus-KDE,1.0201521854192042,0.0
287,actual_maximum_demand,GEV-minus-KDE,-1.73109441511045,0.0
288,actual_maximum_demand,GEV-minus-KDE,-2.40451047161348,0.03099496561797667
289,actual_maximum_demand,GEV-minus-KDE,6.5691115019131106,0.03099496561797667
290,actual_maximum_demand,GEV-minus-KDE,2.86353885841657,0.0
291,actual_maximum_demand,GEV-minus-KDE,-6.611444567831559,2.42121138280548
292,actual_maximum_demand,GEV-minus-KDE,5.420551076946917,0.0
293,actual_maximum_demand,GEV-minus-KDE,-7.819700859413131,0.03099496561797667
294,actual_maximum_demand,GEV-minus-KDE,-5.001798664061418,0.0
295,actual_maximum_demand,GEV-minus-KDE,4.361579076480561,0.0
296,actual_maximum_demand,GEV-minus-KDE,13.745729522941652,0.0
297,actual_maximum_demand,GEV-minus-KDE,16.65926238503272,0.0
298,actual_maximum_demand,GEV-minus-KDE,16.489920422188202,0.0
299,actual_maximum_demand,GEV-minus-KDE,9.440237562217108,0.0
300,actual_maximum_demand,GEV-minus-KDE,-1.2025262724418089,0.0
301,actual_maximum_demand,GEV-minus-KDE,23.506149424026322,0.0
302,actual_maximum_demand,GEV-minus-KDE,2.176553178340429,0.0
303,actual_maximum_demand,GEV-minus-KDE,5.965657076111699,0.0
304,actual_maximum_demand,GEV-minus-KDE,-1.3612203964258525,0.0
305,actual_maximum_demand,GEV-minus-KDE,0.009563595544054282,0.0
306,actual_maximum_demand,GEV-minus-KDE,9.42236212336026,0.03099496561797667
307,actual_maximum_demand,GEV-minus-KDE,5.56927208782213,0.03099496561797667
308,actual_maximum_demand,GEV-minus-KDE,-0.2919874895640301,0.0
309,actual_maximum_demand,GEV-minus-KDE,-0.08414524398649981,0.0
310,actual_maximum_demand,GEV-minus-KDE,4.58368809711138,1.9903871391542933
311,actual_maximum_demand,GEV-minus-KDE,1.3802037502172904,0.03099496561797667
312,actual_maximum_demand,GEV-minus-KDE,14.391304940573468,0.0
313,actual_maximum_demand,GEV-minus-KDE,-1.6148344594182906,0.0
314,actual_maximum_demand,GEV-minus-KDE,9.29704951553418,0.0
315,actual_maximum_demand,GEV-minus-KDE,5.105099315261151,0.0
316,actual_maximum_demand,GEV-minus-KDE,-5.874522056848821,0.03099496561797667
317,actual_maximum_demand,GEV-minus-KDE,-8.09202032156712,0.0
318,actual_maximum_demand,GEV-minus-KDE,2.2409019921147895,0.03099496561797667
319,actual_maximum_demand,GEV-minus-KDE,4.343941911581512,0.0
320,actual_maximum_demand,GEV-minus-KDE,-3.1517684314010697,0.03099496561797667
321,actual_maximum_demand,GEV-minus-KDE,-11.91553916099309,0.0
322,actual_maximum_demand,GEV-minus-KDE,-7.346399042087831,0.03099496561797667
323,actual_maximum_demand,GEV-minus-KDE,-8.52028814313546,0.03099496561797667
324,actual_maximum_demand,GEV-minus-KDE,-5.8286732716171405,0.0
325,actual_maximum_demand,GEV-minus-KDE,-3.00648892550541,0.0
326,actual_maximum_demand,GEV-minus-KDE,-10.785410609405858,0.03099496561797667
327,actual_maximum_demand,GEV-minus-KDE,-4.616361341764328,0.03099496561797667
328,actual_maximum_demand,GEV-minus-KDE,-8.69481304955831,0.0
329,actual_maximum_demand,GEV-minus-KDE,4.60643138080096,0.0
330,actual_maximum_demand,GEV-minus-KDE,-0.9242329770158701,0.03099496561797667
331,actual_maximum_demand,GEV-minus-KDE,2.7975782082421103,0.0
332,actual_maximum_demand,GEV-minus-KDE,1.6182176205662202,0.0
333,actual_maximum_demand,GEV-minus-KDE,3.987826626124508,0.0
334,actual_maximum_demand,GEV-minus-KDE,-1.89825670484432,0.0
335,actual_maximum_demand,GEV-minus-KDE,-4.501467384389149,0.0
336,actual_maximum_demand,GEV-minus-KDE,-9.09245943120862,0.0
337,actual_maximum_demand,GEV-minus-KDE,-2.72868613264282,0.0
338,actual_maximum_demand,GEV-minus-KDE,-3.190263980164318,0.03099496561797667
339,actual_maximum_demand,GEV-minus-KDE,-10.0477014962369,0.03099496561797667
340,actual_maximum_demand,GEV-minus-KDE,-9.14052749237963,0.03099496561797667
341,actual_maximum_demand,GEV-minus-KDE,17.742896660428347,0.0
342,actual_maximum_demand,GEV-minus-KDE,-2.0604030985020616,0.0
343,actual_maximum_demand,GEV-minus-KDE,15.691712022753368,0.0
344,actual_maximum_demand,GEV-minus-KDE,-6.21066395441383,0.0
345,actual_maximum_demand,GEV-minus-KDE,-10.672556119899129,0.03099496561797667
346,actual_maximum_demand,GEV-minus-KDE,0.885881265846511,0.0
347,actual_maximum_demand,GEV-minus-KDE,-3.2591380596319386,0.0
348,actual_maximum_demand,GEV-minus-KDE,0.29632619442239994,0.0
349,actual_maximum_demand,GEV-minus-KDE,-7.94385667433868,0.03099496561797667
350,actual_maximum_demand,GEV-minus-KDE,0.3269066097135509,0.0
351,actual_maximum_demand,GEV-minus-KDE,0.7117281706640104,0.0
352,actual_maximum_demand,GEV-minus-KDE,0.5013235996217299,0.0
353,actual_maximum_demand,GEV-minus-KDE,-1.4604485682024104,0.03099496561797667
354,actual_maximum_demand,GEV-minus-KDE,-3.7971108925832,0.0
355,actual_maximum_demand,GEV-minus-KDE,20.58813493301671,0.0
356,actual_maximum_demand,GEV-minus-KDE,-4.5510572016459205,0.03099496561797667
357,actual_maximum_demand,GEV-minus-KDE,-0.6757954518467391,0.0
358,actual_maximum_demand,GEV-minus-KDE,-5.43308889224372,0.0
359,actual_maximum_demand,GEV-minus-KDE,-3.4119011713558898,0.0
360,actual_maximum_demand,GEV-minus-KDE,4.158135982208119,0.0
361,actual_maximum_demand,GEV-minus-KDE,-8.25266629825048,0.03099496561797667
362,actual_maximum_demand,GEV-minus-KDE,-6.930010860864,0.0
363,actual_maximum_demand,GEV-minus-KDE,2.6546305489119018,0.0
364,actual_maximum_demand,GEV-minus-KDE,16.95958073795103,0.0
365,actual_maximum_demand,GEV-minus-KDE,0.8778420980392301,0.0
366,actual_maximum_demand,GEV-minus-KDE,-7.32884372361904,0.0
367,actual_maximum_demand,GEV-minus-KDE,0.7908122698915707,0.03099496561797667
368,actual_maximum_demand,GEV-minus-KDE,-7.35849486600577,0.03099496561797667
369,actual_maximum_demand,GEV-minus-KDE,-0.5982572670483799,0.0
370,actual_maximum_demand,GEV-minus-KDE,-4.0935294396315385,0.0
371,actual_maximum_demand,GEV-minus-KDE,-3.70931621890085,0.0
372,actual_maximum_demand,GEV-minus-KDE,0.9484570521788194,0.0
373,actual_maximum_demand,GEV-minus-KDE,10.673616154561472,0.0
374,actual_maximum_demand,GEV-minus-KDE,15.28564425458907,0.0
375,actual_maximum_demand,GEV-minus-KDE,-1.11233110886102,0.45648289761985994
376,actual_maximum_demand,GEV-minus-KDE,-6.098418620207771,0.0
377,actual_maximum_demand,GEV-minus-KDE,3.75200960794638,0.0
378,actual_maximum_demand,GEV-minus-KDE,-1.7972921836327795,0.03099496561797667
379,actual_maximum_demand,GEV-minus-KDE,-2.5165820880107104,0.0
380,actual_maximum_demand,GEV-minus-KDE,1.6926457756412994,0.0
381,actual_maximum_demand,GEV-minus-KDE,-4.75379652201724,0.0
382,actual_maximum_demand,GEV-minus-KDE,0.7145319058761423,0.0
383,actual_maximum_demand,GEV-minus-KDE,-2.2982293288105105,0.0
384,actual_maximum_demand,GEV-minus-KDE,11.587643046635751,0.0
385,actual_maximum_demand,GEV-minus-KDE,-1.0524815137510413,0.0
386,actual_maximum_demand,GEV-minus-KDE,-6.39655156944583,0.0
387,actual_maximum_demand,GEV-minus-KDE,19.09207414092371,0.0
388,actual_maximum_demand,GEV-minus-KDE,-4.99768425017601,0.03099496561797667
389,actual_maximum_demand,GEV-minus-KDE,-2.47229929477977,0.0
390,actual_maximum_demand,GEV-minus-KDE,21.00618104640132,0.0
391,actual_maximum_demand,GEV-minus-KDE,-8.214352488068549,0.0
392,actual_maximum_demand,GEV-minus-KDE,1.9478544816078913,0.0
393,actual_maximum_demand,GEV-minus-KDE,17.506001794412448,0.0
394,actual_maximum_demand,GEV-minus-KDE,-0.459365067218169,0.0
395,actual_maximum_demand,GEV-minus-KDE,-7.284857189430383,0.0
396,actual_maximum_demand,GEV-minus-KDE,-0.9652534573604001,0.0
397,actual_maximum_demand,GEV-minus-KDE,-1.7543938376273411,0.0
398,actual_maximum_demand,GEV-minus-KDE,11.222083656507891,0.0
399,actual_maximum_demand,GEV-minus-KDE,-0.7718202708026506,0.0
400,actual_maximum_demand,GEV-minus-KDE,-4.570025928143428,0.0
401,actual_maximum_demand,GEV-minus-KDE,0.7496163842118209,0.0
402,actual_maximum_demand,GEV-minus-KDE,-4.4974176077841195,0.0
403,actual_maximum_demand,GEV-minus-KDE,9.048657526053239,0.0
404,actual_maximum_demand,GEV-minus-KDE,-0.9736561724399198,0.0
405,actual_maximum_demand,GEV-minus-KDE,-15.094197934347708,0.0
406,actual_maximum_demand,GEV-minus-KDE,2.2000112155770997,0.0
407,actual_maximum_demand,GEV-minus-KDE,4.04737716723744,0.0
408,actual_maximum_demand,GEV-minus-KDE,2.5425666061708094,0.0
409,actual_maximum_demand,GEV-minus-KDE,-2.213553921465819,0.03099496561797667
410,actual_maximum_demand,GEV-minus-KDE,0.2656131863084693,0.03099496561797667
411,actual_maximum_demand,GEV-minus-KDE,35.468804150183,0.0
412,actual_maximum_demand,GEV-minus-KDE,-14.70283326666038,0.0
413,actual_maximum_demand,GEV-minus-KDE,4.421639186319654,0.0
414,actual_maximum_demand,GEV-minus-KDE,-3.418858297141869,0.0
415,actual_maximum_demand,GEV-minus-KDE,-3.76477302888574,0.0
416,actual_maximum_demand,GEV-minus-KDE,-4.2078311169983,0.0
417,actual_maximum_demand,GEV-minus-KDE,-10.409108754937613,0.0
418,actual_maximum_demand,GEV-minus-KDE,13.108280735998163,0.0
419,actual_maximum_demand,GEV-minus-KDE,-3.3267153792031996,0.0
420,actual_maximum_demand,GEV-minus-KDE,20.21681681218897,0.0
421,actual_maximum_demand,GEV-minus-KDE,8.94544425475374,0.0
422,actual_maximum_demand,GEV-minus-KDE,8.767916956758693,0.0
423,actual_maximum_demand,GEV-minus-KDE,-2.4603002301076424,0.0
424,actual_maximum_demand,GEV-minus-KDE,0.7383463081674868,0.0
425,actual_maximum_demand,GEV-minus-KDE,-2.3665842633676313,0.0
426,actual_maximum_demand,GEV-minus-KDE,0.0807568045872592,0.0
427,actual_maximum_demand,GEV-minus-KDE,1.4513965529230206,0.0
428,actual_maximum_demand,GEV-minus-KDE,-0.14498113815090002,0.0
429,actual_maximum_demand,GEV-minus-KDE,-10.333560250255921,0.0
430,actual_maximum_demand,GEV-minus-KDE,-8.08740716023197,0.0
431,actual_maximum_demand,GEV-minus-KDE,-2.275078423046531,0.0
432,actual_maximum_demand,GEV-minus-KDE,4.189483468551031,0.0
433,actual_maximum_demand,GEV-minus-KDE,5.3483864159931205,0.03099496561797667
434,actual_maximum_demand,GEV-minus-KDE,1.1644214306069407,0.0
435,actual_maximum_demand,GEV-minus-KDE,-0.13601981725726991,0.03099496561797667
436,actual_maximum_demand,GEV-minus-KDE,2.8069575819369614,0.0
437,actual_maximum_demand,GEV-minus-KDE,-5.1703189496097295,0.0
438,actual_maximum_demand,GEV-minus-KDE,7.865034282666469,0.0
439,actual_maximum_demand,GEV-minus-KDE,-3.932555238290508,0.0
440,actual_maximum_demand,GEV-minus-KDE,0.42877063852789776,0.0
441,actual_maximum_demand,GEV-minus-KDE,-9.607736464272133,0.0
442,actual_maximum_demand,GEV-minus-KDE,-10.95642823193481,0.03099496561797667
443,actual_maximum_demand,GEV-minus-KDE,8.151415430234671,0.0
444,actual_maximum_demand,GEV-minus-KDE,10.575243800427048,0.0
445,actual_maximum_demand,GEV-minus-KDE,16.44409054293418,0.0
446,actual_maximum_demand,GEV-minus-KDE,34.71213408919267,0.0
447,actual_maximum_demand,GEV-minus-KDE,-1.4349311497930104,0.0
448,actual_maximum_demand,GEV-minus-KDE,-4.3325463820547805,0.0
449,actual_maximum_demand,GEV-minus-KDE,27.631003591417,0.0
450,actual_maximum_demand,GEV-minus-KDE,5.546448000624729,0.0
451,actual_maximum_demand,GEV-minus-KDE,-7.069114665650949,0.0
452,actual_maximum_demand,GEV-minus-KDE,9.2249228670901,0.0
453,actual_maximum_demand,GEV-minus-KDE,-5.439398370574092,0.0
454,actual_maximum_demand,GEV-minus-KDE,6.743009870603081,0.0
455,actual_maximum_demand,GEV-minus-KDE,2.63212164783503,0.0
456,actual_maximum_demand,GEV-minus-KDE,-7.516137247255478,0.0
457,actual_maximum_demand,GEV-minus-KDE,-3.18266781825241,0.0
458,actual_maximum_demand,GEV-minus-KDE,2.25436513299819,0.0
459,actual_maximum_demand,GEV-minus-KDE,-3.9130315939159694,0.0
460,actual_maximum_demand,GEV-minus-KDE,-6.788829945074689,0.0
461,actual_maximum_demand,GEV-minus-KDE,5.52384450900202,0.0
462,actual_maximum_demand,GEV-minus-KDE,-7.62488338915556,0.0
463,actual_maximum_demand,GEV-minus-KDE,14.036791082498908,0.0
464,actual_maximum_demand,GEV-minus-KDE,-3.4439766360570805,0.03099496561797667
465,actual_maximum_demand,GEV-minus-KDE,10.00465482817753,0.0
466,actual_maximum_demand,GEV-minus-KDE,-4.180611238184678,0.0
467,actual_maximum_demand,GEV-minus-KDE,-8.311999706752081,0.03099496561797667
468,actual_maximum_demand,GEV-minus-KDE,-7.436689081797029,0.0
469,actual_maximum_demand,GEV-minus-KDE,1.6921642339381093,0.0
470,actual_maximum_demand,GEV-minus-KDE,-1.2068516087749295,0.0
471,actual_maximum_demand,GEV-minus-KDE,-0.30615485401307985,0.0
472,actual_maximum_demand,GEV-minus-KDE,-3.62752662221076,0.0
473,actual_maximum_demand,GEV-minus-KDE,13.84229181585312,0.0
474,actual_maximum_demand,GEV-minus-KDE,7.7500003765778205,0.0
475,actual_maximum_demand,GEV-minus-KDE,1.5470996475293486,0.0
476,actual_maximum_demand,GEV-minus-KDE,-1.3753375919801505,0.0
477,actual_maximum_demand,GEV-minus-KDE,-21.35924925105728,0.0
478,actual_maximum_demand,GEV-minus-KDE,-6.43290929603644,0.03099496561797667
479,actual_maximum_demand,GEV-minus-KDE,0.22588435242732013,0.0
480,actual_maximum_demand,GEV-minus-KDE,-4.471279292649561,0.0
481,actual_maximum_demand,GEV-minus-KDE,12.57506254181348,0.0
482,actual_maximum_demand,GEV-minus-KDE,-9.44776703091564,0.0
483,actual_maximum_demand,GEV-minus-KDE,-9.813497643460812,0.03099496561797667
484,actual_maximum_demand,GEV-minus-KDE,-5.099579350749961,0.0
485,actual_maximum_demand,GEV-minus-KDE,-11.461428320073841,0.0
486,actual_maximum_demand,GEV-minus-KDE,-2.572246568239319,0.0
487,actual_maximum_demand,GEV-minus-KDE,-2.6144243907455373,0.0
488,actual_maximum_demand,GEV-minus-KDE,-0.6696407503270385,0.0
489,actual_maximum_demand,GEV-minus-KDE,-4.476043283624531,0.03099496561797667
490,actual_maximum_demand,GEV-minus-KDE,-2.1168899828396675,0.0
491,actual_maximum_demand,GEV-minus-KDE,12.519073221800248,0.0
492,actual_maximum_demand,GEV-minus-KDE,-1.2890038743576095,0.0
493,actual_maximum_demand,GEV-minus-KDE,3.632855593596501,0.0
494,actual_maximum_demand,GEV-minus-KDE,-6.63354512467161,0.03099496561797667
495,actual_maximum_demand,GEV-minus-KDE,8.62517059515924,0.03099496561797667
496,actual_maximum_demand,GEV-minus-KDE,5.27026447932079,0.0
497,actual_maximum_demand,GEV-minus-KDE,-2.8523785856938098,0.0
498,actual_maximum_demand,GEV-minus-KDE,-0.9004410914796603,0.0
499,actual_maximum_demand,GEV-minus-KDE,-4.050144256573759,0.03099496561797667
500,actual_maximum_demand,GEV-minus-KDE,8.27856463869928,0.0
501,actual_maximum_demand,GEV-minus-KDE,11.69584866044493,0.0
502,actual_maximum_demand,GEV-minus-KDE,-2.129057188510661,0.0
503,actual_maximum_demand,GEV-minus-KDE,-5.5015457518247,0.0
504,actual_maximum_demand,GEV-minus-KDE,8.85289745373366,0.0
505,actual_maximum_demand,GEV-minus-KDE,5.8925634548664,0.0
506,actual_maximum_demand,GEV-minus-KDE,-9.42871712230682,0.0
507,actual_maximum_demand,GEV-minus-KDE,-10.26844557452001,0.03099496561797667
508,actual_maximum_demand,GEV-minus-KDE,0.8605706127843199,0.0
509,actual_maximum_demand,GEV-minus-KDE,5.52233661475909,0.0
510,actual_maximum_demand,GEV-minus-KDE,-3.66504974270708,0.03099496561797667
511,actual_maximum_demand,GEV-minus-KDE,-5.943051337916041,0.0
512,actual_maximum_demand,GEV-minus-KDE,-4.39920311944019,0.0
513,actual_maximum_demand,GEV-minus-KDE,-1.6297756380420705,0.0
514,actual_maximum_demand,GEV-minus-KDE,2.451047454888,0.0
515,actual_maximum_demand,GEV-minus-KDE,22.90313956121629,0.0
516,actual_maximum_demand,GEV-minus-KDE,-8.18547756164798,0.0
517,actual_maximum_demand,GEV-minus-KDE,-5.078613913033333,0.0
518,actual_maximum_demand,GEV-minus-KDE,5.802241787769439,0.0
519,actual_maximum_demand,GEV-minus-KDE,-7.395248143167819,0.03099496561797667
520,actual_maximum_demand,GEV-minus-KDE,-1.8472972620919792,0.0
521,actual_maximum_demand,GEV-minus-KDE,-6.290749022364311,0.0
522,actual_maximum_demand,GEV-minus-KDE,-4.38851605700265,0.03099496561797667
523,actual_maximum_demand,GEV-minus-KDE,-2.05733487215133,0.03099496561797667
524,actual_maximum_demand,GEV-minus-KDE,5.18020134649505,0.0
525,actual_maximum_demand,GEV-minus-KDE,-3.6186212843029306,0.0
526,actual_maximum_demand,GEV-minus-KDE,22.813487737373606,0.0
527,actual_maximum_demand,GEV-minus-KDE,-4.627727199119902,0.0
528,actual_maximum_demand,GEV-minus-KDE,-3.7584509384214884,0.03099496561797667
529,actual_maximum_demand,GEV-minus-KDE,-8.390632973182772,0.03099496561797667
530,actual_maximum_demand,GEV-minus-KDE,-4.24897634955607,0.0
531,actual_maximum_demand,GEV-minus-KDE,-2.0871184081929104,0.0
532,actual_maximum_demand,GEV-minus-KDE,2.0346140512365802,0.0
533,actual_maximum_demand,GEV-minus-KDE,-7.16159554976609,0.0
534,actual_maximum_demand,GEV-minus-KDE,-1.2859700246672712,0.03099496561797667
535,actual_maximum_demand,GEV-minus-KDE,-6.683134772149709,0.03099496561797667
536,actual_maximum_demand,GEV-minus-KDE,20.64352073383083,0.0
537,actual_maximum_demand,GEV-minus-KDE,-4.133543763274279,0.0
538,actual_maximum_demand,GEV-minus-KDE,13.64733774155141,0.0
539,actual_maximum_demand,GEV-minus-KDE,-5.71517815080481,0.0
540,actual_maximum_demand,GEV-minus-KDE,-8.301840666047108,0.0
541,actual_maximum_demand,GEV-minus-KDE,-4.24741282123978,0.0
542,actual_maximum_demand,GEV-minus-KDE,-3.2282743759906807,0.0
543,actual_maximum_demand,GEV-minus-KDE,1.6756326526287695,0.0
544,actual_maximum_demand,GEV-minus-KDE,2.5723869805559803,0.0
545,actual_maximum_demand,GEV-minus-KDE,0.805220320572092,0.0
546,actual_maximum_demand,GEV-minus-KDE,25.78054730017331,0.0
547,actual_maximum_demand,GEV-minus-KDE,-36.34548290669839,0.0
548,actual_maximum_demand,GEV-minus-KDE,1.0753638589185406,0.03099496561797667
549,actual_maximum_demand,GEV-minus-KDE,-0.4615700482762275,0.0
550,actual_maximum_demand,GEV-minus-KDE,-4.27609572168498,0.0
551,actual_maximum_demand,GEV-minus-KDE,-42.04096932633152,0.0
552,actual_maximum_demand,GEV-minus-KDE,-3.11633167779388,0.0
553,actual_maximum_demand,GEV-minus-KDE,4.57840866212346,0.0
554,actual_maximum_demand,GEV-minus-KDE,2.1231439484451005,0.0
555,actual_maximum_demand,GEV-minus-KDE,-5.75616929361659,0.0
556,actual_maximum_demand,GEV-minus-KDE,11.746227381841381,0.03099496561797667
557,actual_maximum_demand,GEV-minus-KDE,6.60183691035216,0.03099496561797667
558,actual_maximum_demand,GEV-minus-KDE,-6.032384409883701,0.0
559,actual_maximum_demand,GEV-minus-KDE,-2.1637431992687,0.0
560,actual_maximum_demand,GEV-minus-KDE,2.5857928786650497,0.0
561,actual_maximum_demand,GEV-minus-KDE,-3.3469250829069597,0.0
562,actual_maximum_demand,GEV-minus-KDE,-4.05679943867156,0.0
563,actual_maximum_demand,GEV-minus-KDE,-6.917537375404178,0.03099496561797667
564,actual_maximum_demand,GEV-minus-KDE,3.38622871051904,0.0
565,actual_maximum_demand,GEV-minus-KDE,0.9881513499290506,0.03099496561797667
566,actual_maximum_demand,GEV-minus-KDE,-4.438717095721831,0.0
567,actual_maximum_demand,GEV-minus-KDE,-8.60781352776019,0.03099496561797667
568,actual_maximum_demand,GEV-minus-KDE,8.11313906620977,0.0
569,actual_maximum_demand,GEV-minus-KDE,-5.361220167893229,0.0
570,actual_maximum_demand,GEV-minus-KDE,-8.961080581416203,0.0
571,actual_maximum_demand,GEV-minus-KDE,-2.9718557311564195,0.0
572,actual_maximum_demand,GEV-minus-KDE,-2.6564968168659,0.0
573,actual_maximum_demand,GEV-minus-KDE,-0.9794967495000917,0.0
574,actual_maximum_demand,GEV-minus-KDE,-1.7644136943829005,0.0
575,actual_maximum_demand,GEV-minus-KDE,-2.96325496248371,0.0
576,actual_maximum_demand,GEV-minus-KDE,0.3049904886774202,0.03099496561797667
577,actual_maximum_demand,GEV-minus-KDE,-7.624973827869221,0.03099496561797667
578,actual_maximum_demand,GEV-minus-KDE,6.104960256883751,0.0
579,actual_maximum_demand,GEV-minus-KDE,-12.944605394872829,0.03099496561797667
580,actual_maximum_demand,GEV-minus-KDE,-4.367656734412359,0.0
581,actual_maximum_demand,GEV-minus-KDE,2.7523692399750113,-0.09321344298496002
582,actual_maximum_demand,GEV-minus-KDE,-7.164091791831649,0.0
583,actual_maximum_demand,GEV-minus-KDE,-11.31445966682205,0.0
584,actual_maximum_demand,GEV-minus-KDE,-7.975980584795521,0.0
585,actual_maximum_demand,GEV-minus-KDE,1.5464150598831576,0.0
586,actual_maximum_demand,GEV-minus-KDE,2.96353351199811,0.03099496561797667
587,actual_maximum_demand,GEV-minus-KDE,-0.002459473258629996,0.03099496561797667
588,actual_maximum_demand,GEV-minus-KDE,-2.64239409162694,0.0
589,actual_maximum_demand,GEV-minus-KDE,-4.213952364075951,0.0
590,actual_maximum_demand,GEV-minus-KDE,4.610655229249561,0.0
591,actual_maximum_demand,GEV-minus-KDE,6.572057815296111,0.0
592,actual_maximum_demand,GEV-minus-KDE,-2.59801137636618,0.0
593,actual_maximum_demand,GEV-minus-KDE,6.723983802201048,0.0
594,actual_maximum_demand,GEV-minus-KDE,-7.332480223042029,0.03099496561797667
595,actual_maximum_demand,GEV-minus-KDE,0.16474261651209798,0.0
596,actual_maximum_demand,GEV-minus-KDE,10.148778001948301,0.0
597,actual_maximum_demand,GEV-minus-KDE,3.359157691130882,0.0
598,actual_maximum_demand,GEV-minus-KDE,-2.4416591156066705,0.0
599,actual_maximum_demand,GEV-minus-KDE,0.010668245372920035,0.0
600,actual_maximum_demand,GEV-minus-KDE,-5.407614913889872,0.0
601,actual_maximum_demand,GEV-minus-KDE,13.696232570164621,0.0
602,actual_maximum_demand,GEV-minus-KDE,2.1256697109292286,0.03099496561797667
603,actual_maximum_demand,GEV-minus-KDE,-5.05375000261664,0.03099496561797667
604,actual_maximum_demand,GEV-minus-KDE,-3.3296689104791803,0.0
605,actual_maximum_demand,GEV-minus-KDE,-6.97216674718548,0.0
606,actual_maximum_demand,GEV-minus-KDE,3.28100426100794,0.0
607,actual_maximum_demand,GEV-minus-KDE,-5.409699596535359,0.0
608,actual_maximum_demand,GEV-minus-KDE,2.5240353633667207,0.0
609,actual_maximum_demand,GEV-minus-KDE,15.61387497283685,0.0
610,actual_maximum_demand,GEV-minus-KDE,-1.8697340269529794,0.0
611,actual_maximum_demand,GEV-minus-KDE,-2.54749949540537,0.03099496561797667
612,actual_maximum_demand,GEV-minus-KDE,5.92790077456048,0.0
613,actual_maximum_demand,GEV-minus-KDE,4.0602680224148395,0.15760489526695
614,actual_maximum_demand,GEV-minus-KDE,6.3275727867184,0.0
615,actual_maximum_demand,GEV-minus-KDE,11.29636973650756,0.0
616,actual_maximum_demand,GEV-minus-KDE,12.048464006649539,0.03099496561797667
617,actual_maximum_demand,GEV-minus-KDE,-0.1930882695693914,0.0
618,actual_maximum_demand,GEV-minus-KDE,-4.30348752223394,0.03099496561797667
619,actual_maximum_demand,GEV-minus-KDE,-4.99288514565452,0.03099496561797667
620,actual_maximum_demand,GEV-minus-KDE,-6.448747737377869,0.0
621,actual_maximum_demand,GEV-minus-KDE,1.5324265081606003,0.0
622,actual_maximum_demand,GEV-minus-KDE,-8.718322454432107,0.03099496561797667
623,actual_maximum_demand,GEV-minus-KDE,5.245751482040399,0.0
624,actual_maximum_demand,GEV-minus-KDE,1.3499432965448703,0.03099496561797667
625,actual_maximum_demand,GEV-minus-KDE,-6.643485379626359,0.03099496561797667
626,actual_maximum_demand,GEV-minus-KDE,2.082581816493451,0.0
627,actual_maximum_demand,GEV-minus-KDE,0.23611460934752013,0.0
628,actual_maximum_demand,GEV-minus-KDE,-7.43307604631918,0.0
629,actual_maximum_demand,GEV-minus-KDE,-7.200291466063831,0.0
630,actual_maximum_demand,GEV-minus-KDE,-4.499225920732649,0.0
631,actual_maximum_demand,GEV-minus-KDE,4.356552574206512,0.0
632,actual_maximum_demand,GEV-minus-KDE,-5.438873023832949,0.0
633,actual_maximum_demand,GEV-minus-KDE,2.4392728276862896,0.0
634,actual_maximum_demand,GEV-minus-KDE,3.8615410235434466,0.0
635,actual_maximum_demand,GEV-minus-KDE,-4.6292346721649,0.0
636,actual_maximum_demand,GEV-minus-KDE,-7.855263028897489,0.0
637,actual_maximum_demand,GEV-minus-KDE,1.4451684509671603,0.0
638,actual_maximum_demand,GEV-minus-KDE,10.26289547897367,0.0
639,actual_maximum_demand,GEV-minus-KDE,13.084050542177799,0.0
640,actual_maximum_demand,GEV-minus-KDE,12.554774546550382,0.0
641,actual_maximum_demand,GEV-minus-KDE,-3.054977317117069,0.0
642,actual_maximum_demand,GEV-minus-KDE,-0.3444003959532205,0.0
643,actual_maximum_demand,GEV-minus-KDE,11.527569729125048,0.0
644,actual_maximum_demand,GEV-minus-KDE,-1.4497252482127687,0.0
645,actual_maximum_demand,GEV-minus-KDE,-5.82070693182494,0.03099496561797667
646,actual_maximum_demand,GEV-minus-KDE,4.80503835500614,0.0
647,actual_maximum_demand,GEV-minus-KDE,-6.80357629737256,0.0
648,actual_maximum_demand,GEV-minus-KDE,-1.2742969787150282,0.0
649,actual_maximum_demand,GEV-minus-KDE,-8.761195768828351,0.0
650,actual_maximum_demand,GEV-minus-KDE,-9.321750198863219,0.0
651,actual_maximum_demand,GEV-minus-KDE,3.9486226990231197,0.03099496561797667
652,actual_maximum_demand,GEV-minus-KDE,-2.28607036179615,0.03099496561797667
653,actual_maximum_demand,GEV-minus-KDE,12.295925951962888,0.0
654,actual_maximum_demand,GEV-minus-KDE,-8.915099602845181,0.0
655,actual_maximum_demand,GEV-minus-KDE,0.780299621339281,0.0
656,actual_maximum_demand,GEV-minus-KDE,-2.1828716450767804,0.03099496561797667
657,actual_maximum_demand,GEV-minus-KDE,-2.6645738204610887,0.0
658,actual_maximum_demand,GEV-minus-KDE,5.393480408816101,0.0
659,actual_maximum_demand,GEV-minus-KDE,19.463966625479127,0.0
660,actual_maximum_demand,GEV-minus-KDE,-4.94692096154249,0.0
661,actual_maximum_demand,GEV-minus-KDE,-0.9610593460007977,0.0
662,actual_maximum_demand,GEV-minus-KDE,-2.132949848242538,0.0
663,actual_maximum_demand,GEV-minus-KDE,-0.6746071800729891,0.0
664,actual_maximum_demand,GEV-minus-KDE,3.8110735311339203,0.0
665,actual_maximum_demand,GEV-minus-KDE,-9.29896861260279,0.0
666,actual_maximum_demand,GEV-minus-KDE,-1.6918970562002902,0.0
667,actual_maximum_demand,GEV-minus-KDE,13.709360391742562,0.0
668,actual_maximum_demand,GEV-minus-KDE,3.1342081939471385,0.0
669,actual_maximum_demand,GEV-minus-KDE,-6.416937936317801,0.0
670,actual_maximum_demand,GEV-minus-KDE,19.44231250207162,0.0
671,actual_maximum_demand,GEV-minus-KDE,12.241886614188658,0.0
672,actual_maximum_demand,GEV-minus-KDE,-7.008610319309161,0.03099496561797667
673,actual_maximum_demand,GEV-minus-KDE,0.49625986950301293,0.0
674,actual_maximum_demand,GEV-minus-KDE,-2.002088111004288,0.0
675,actual_maximum_demand,GEV-minus-KDE,-10.995963887718279,0.0
676,actual_maximum_demand,GEV-minus-KDE,6.01522888453789,0.0
677,actual_maximum_demand,GEV-minus-KDE,-8.62849352638845,0.0
678,actual_maximum_demand,GEV-minus-KDE,-2.3861618246891396,0.0
679,actual_maximum_demand,GEV-minus-KDE,0.5187573579748694,0.03099496561797667
680,actual_maximum_demand,GEV-minus-KDE,-3.5933542683433823,0.0
681,actual_maximum_demand,GEV-minus-KDE,-4.095884832994259,0.0
682,actual_maximum_demand,GEV-minus-KDE,-3.300748505341691,0.0
683,actual_maximum_demand,GEV-minus-KDE,-1.9477966963750704,0.0
684,actual_maximum_demand,GEV-minus-KDE,0.2600645199871576,0.0
685,actual_maximum_demand,GEV-minus-KDE,5.028224270038181,0.03099496561797667
686,actual_maximum_demand,GEV-minus-KDE,0.77532529423745,0.0
687,actual_maximum_demand,GEV-minus-KDE,-3.5531070298673613,0.0
688,actual_maximum_demand,GEV-minus-KDE,-4.4897406156773005,0.0
689,actual_maximum_demand,GEV-minus-KDE,1.1722997075219093,-0.004968900977683375
690,actual_maximum_demand,GEV-minus-KDE,-10.70792311495395,0.03099496561797667
691,actual_maximum_demand,GEV-minus-KDE,-8.886221495318672,0.03099496561797667
692,actual_maximum_demand,GEV-minus-KDE,-0.512748649830358,0.0
693,actual_maximum_demand,GEV-minus-KDE,-8.625624878703741,0.0
694,actual_maximum_demand,GEV-minus-KDE,-3.84454470754252,0.0
695,actual_maximum_demand,GEV-minus-KDE,-4.5918344173774495,0.0
696,actual_maximum_demand,GEV-minus-KDE,-7.763725983038439,0.0
697,actual_maximum_demand,GEV-minus-KDE,-1.6596520883470105,0.47239083260560005
698,actual_maximum_demand,GEV-minus-KDE,-4.058801730396279,0.0
699,actual_maximum_demand,GEV-minus-KDE,16.113708262526337,0.0
700,actual_maximum_demand,GEV-minus-KDE,4.15757329577047,0.0
701,actual_maximum_demand,GEV-minus-KDE,-4.8273004616901805,0.0
702,actual_maximum_demand,GEV-minus-KDE,3.499124075655841,0.0
703,actual_maximum_demand,GEV-minus-KDE,13.47775016099556,0.0
704,actual_maximum_demand,GEV-minus-KDE,14.71240807064142,0.0
705,actual_maximum_demand,GEV-minus-KDE,-3.635910117054933,0.0
706,actual_maximum_demand,GEV-minus-KDE,-6.634741448938569,0.03099496561797667
707,actual_maximum_demand,GEV-minus-KDE,-4.4125028722102115,0.0
708,actual_maximum_demand,GEV-minus-KDE,-5.716825774780339,0.0
709,actual_maximum_demand,GEV-minus-KDE,0.9710117312281004,0.0
710,actual_maximum_demand,GEV-minus-KDE,-0.4206654207536298,0.0
711,actual_maximum_demand,GEV-minus-KDE,8.92629031833064,0.0
712,actual_maximum_demand,GEV-minus-KDE,-2.783444185071439,0.03099496561797667
713,actual_maximum_demand,GEV-minus-KDE,-5.730696418630969,0.0
714,actual_maximum_demand,GEV-minus-KDE,-6.362837209342651,0.0
715,actual_maximum_demand,GEV-minus-KDE,23.020370407262142,0.0
716,actual_maximum_demand,GEV-minus-KDE,-1.01509262724565,0.0
717,actual_maximum_demand,GEV-minus-KDE,10.508319823887849,0.0
718,actual_maximum_demand,GEV-minus-KDE,6.30574920904359,0.03099496561797667
719,actual_maximum_demand,GEV-minus-KDE,15.68243713659535,0.0
720,actual_maximum_demand,GEV-minus-KDE,-4.393835073166128,0.0
721,actual_maximum_demand,GEV-minus-KDE,6.138832257077438,0.0
722,actual_maximum_demand,GEV-minus-KDE,2.271200768967913,0.0
723,actual_maximum_demand,GEV-minus-KDE,-0.9082516860278916,0.0
724,actual_maximum_demand,GEV-minus-KDE,13.15541564113825,0.0
725,actual_maximum_demand,GEV-minus-KDE,-1.672307478774232,0.0
726,actual_maximum_demand,GEV-minus-KDE,-4.88738502817051,0.03099496561797667
727,actual_maximum_demand,GEV-minus-KDE,-2.5033637280795107,0.0
728,actual_maximum_demand,GEV-minus-KDE,-3.4691869367558805,0.03099496561797667
729,actual_maximum_demand,GEV-minus-KDE,-7.515006025572049,0.0
730,actual_maximum_demand,GEV-minus-KDE,1.8155707744816896,0.0
731,actual_maximum_demand,GEV-minus-KDE,-6.14839744289488,0.03099496561797667
732,actual_maximum_demand,GEV-minus-KDE,-16.731619308598088,0.0
733,actual_maximum_demand,GEV-minus-KDE,0.8759789700998499,0.0
734,actual_maximum_demand,GEV-minus-KDE,-10.745910973673938,0.0
735,actual_maximum_demand,GEV-minus-KDE,-3.80498352367509,0.03099496561797667
736,actual_maximum_demand,GEV-minus-KDE,0.5177415427737003,0.0
737,actual_maximum_demand,GEV-minus-KDE,10.793026970599911,0.0
738,actual_maximum_demand,GEV-minus-KDE,-7.97370341005926,0.0
739,actual_maximum_demand,GEV-minus-KDE,0.32403054974353,0.0
740,actual_maximum_demand,GEV-minus-KDE,1.5944999210213695,0.0
741,actual_maximum_demand,GEV-minus-KDE,0.3290939662259629,0.0
742,actual_maximum_demand,GEV-minus-KDE,-5.24663539462942,0.0
743,actual_maximum_demand,GEV-minus-KDE,-5.63468355209667,0.0
744,actual_maximum_demand,GEV-minus-KDE,10.25037798473955,0.0
745,actual_maximum_demand,GEV-minus-KDE,-3.0070522152462975,0.0
746,actual_maximum_demand,GEV-minus-KDE,-5.539911341265251,0.0
747,actual_maximum_demand,GEV-minus-KDE,0.9942182130141398,0.0
748,actual_maximum_demand,GEV-minus-KDE,-10.983056660363081,0.03099496561797667
749,actual_maximum_demand,GEV-minus-KDE,6.939590780537411,0.0
750,actual_maximum_demand,GEV-minus-KDE,5.358670561631628,0.0
751,actual_maximum_demand,GEV-minus-KDE,2.17627787951269,0.0
752,actual_maximum_demand,GEV-minus-KDE,1.063648604356561,0.0
753,actual_maximum_demand,GEV-minus-KDE,-4.597224048517928,0.03099496561797667
754,actual_maximum_demand,GEV-minus-KDE,14.28180687300673,0.0
755,actual_maximum_demand,GEV-minus-KDE,-12.049327184105271,0.03099496561797667
756,actual_maximum_demand,GEV-minus-KDE,6.35878406006294,0.0
757,actual_maximum_demand,GEV-minus-KDE,-5.683569734008391,0.03099496561797667
758,actual_maximum_demand,GEV-minus-KDE,24.058606607327455,0.0
759,actual_maximum_demand,GEV-minus-KDE,10.33979074700543,0.0
760,actual_maximum_demand,GEV-minus-KDE,12.543213235862968,0.0
761,actual_maximum_demand,GEV-minus-KDE,5.45021200904552,0.0
762,actual_maximum_demand,GEV-minus-KDE,12.05167179019836,0.0
763,actual_maximum_demand,GEV-minus-KDE,16.18542513901015,0.0
764,actual_maximum_demand,GEV-minus-KDE,11.77853403641388,0.0
765,actual_maximum_demand,GEV-minus-KDE,6.777988394971719,0.0
766,actual_maximum_demand,GEV-minus-KDE,0.02218664252387481,0.03099496561797667
767,actual_maximum_demand,GEV-minus-KDE,21.6006669723587,0.0
768,actual_maximum_demand,GEV-minus-KDE,-5.58344649024882,0.03099496561797667
769,actual_maximum_demand,GEV-minus-KDE,-2.111386531768869,0.0
770,actual_maximum_demand,GEV-minus-KDE,-8.18955534416955,0.03099496561797667
771,actual_maximum_demand,GEV-minus-KDE,-5.838310826763809,0.0
772,actual_maximum_demand,GEV-minus-KDE,-11.085398660722829,0.0
773,actual_maximum_demand,GEV-minus-KDE,12.07834309976274,0.0
774,actual_maximum_demand,GEV-minus-KDE,31.42698688571205,0.0
775,actual_maximum_demand,GEV-minus-KDE,-0.6115459417656677,0.0
776,actual_maximum_demand,GEV-minus-KDE,13.95987373999888,0.0
777,actual_maximum_demand,GEV-minus-KDE,-11.17866062016407,0.0
778,actual_maximum_demand,GEV-minus-KDE,-6.27578065955448,0.0
779,actual_maximum_demand,GEV-minus-KDE,16.350158760409737,0.0
780,actual_maximum_demand,GEV-minus-KDE,-7.343131944398099,0.0
781,actual_maximum_demand,GEV-minus-KDE,-0.46776799378625,0.0
782,actual_maximum_demand,GEV-minus-KDE,-8.81403168536883,0.0
783,actual_maximum_demand,GEV-minus-KDE,-4.7242239364159,0.03099496561797667
784,actual_maximum_demand,GEV-minus-KDE,-4.03733533610756,0.0
785,actual_maximum_demand,GEV-minus-KDE,-2.037307007404382,0.0
786,actual_maximum_demand,GEV-minus-KDE,-4.52341135512081,0.0
787,actual_maximum_demand,GEV-minus-KDE,16.12295945838583,0.0
788,actual_maximum_demand,GEV-minus-KDE,-0.3017077706132909,0.0
789,actual_maximum_demand,GEV-minus-KDE,-12.31131573203719,0.0
790,actual_maximum_demand,GEV-minus-KDE,-1.2550901520529802,0.0
791,actual_maximum_demand,GEV-minus-KDE,3.52693759634744,0.0
792,actual_maximum_demand,GEV-minus-KDE,-0.797774476396168,0.0
793,actual_maximum_demand,GEV-minus-KDE,6.90968141280013,0.0
794,actual_maximum_demand,GEV-minus-KDE,6.04540942082246,0.0
795,actual_maximum_demand,GEV-minus-KDE,-2.428701170760422,0.0
796,actual_maximum_demand,GEV-minus-KDE,-6.55593119369378,0.0
797,actual_maximum_demand,GEV-minus-KDE,-6.324707144531461,0.0
798,actual_maximum_demand,GEV-minus-KDE,-16.47160050980735,0.0
799,actual_maximum_demand,GEV-minus-KDE,-2.20201426020582,1.9658293805448133
800,actual_maximum_demand,GEV-minus-KDE,-1.7986516349482506,0.0
801,actual_maximum_demand,GEV-minus-KDE,21.7895651526357,0.0
802,actual_maximum_demand,GEV-minus-KDE,-6.9221947702594715,0.0
803,actual_maximum_demand,GEV-minus-KDE,-0.536580349648641,0.0
804,actual_maximum_demand,GEV-minus-KDE,-6.835863647124168,0.03099496561797667
805,actual_maximum_demand,GEV-minus-KDE,3.5076958935451903,0.0
806,actual_maximum_demand,GEV-minus-KDE,-2.93725032040191,0.03099496561797667
807,actual_maximum_demand,GEV-minus-KDE,14.482304535265394,0.0
808,actual_maximum_demand,GEV-minus-KDE,0.33141032157367,0.0
809,actual_maximum_demand,GEV-minus-KDE,-16.678705725947964,0.0
810,actual_maximum_demand,GEV-minus-KDE,0.66085073827324,0.0
811,actual_maximum_demand,GEV-minus-KDE,-6.460886225316218,0.0
812,actual_maximum_demand,GEV-minus-KDE,8.324032190431922,0.0
813,actual_maximum_demand,GEV-minus-KDE,18.75305356728641,0.03099496561797667
814,actual_maximum_demand,GEV-minus-KDE,-5.84992962072477,0.0
815,actual_maximum_demand,GEV-minus-KDE,-0.7598462175661985,0.0
816,actual_maximum_demand,GEV-minus-KDE,4.165744734268709,0.0
817,actual_maximum_demand,GEV-minus-KDE,-0.916555831744291,0.03099496561797667
818,actual_maximum_demand,GEV-minus-KDE,-0.3993317495850107,0.0
819,actual_maximum_demand,GEV-minus-KDE,22.65650208051816,0.0
820,actual_maximum_demand,GEV-minus-KDE,13.4065741797217,0.0
821,actual_maximum_demand,GEV-minus-KDE,0.3586047696053807,0.03099496561797667
822,actual_maximum_demand,GEV-minus-KDE,-9.784542208198589,0.0
823,actual_maximum_demand,GEV-minus-KDE,-7.60660802564874,0.03099496561797667
824,actual_maximum_demand,GEV-minus-KDE,-0.44261721816403965,0.0
825,actual_maximum_demand,GEV-minus-KDE,12.28870357708452,0.0
826,actual_maximum_demand,GEV-minus-KDE,2.4997654580441204,0.0
827,actual_maximum_demand,GEV-minus-KDE,0.4606798459782291,0.03099496561797667
828,actual_maximum_demand,GEV-minus-KDE,-7.123713342457851,0.0
829,actual_maximum_demand,GEV-minus-KDE,-11.106217655178929,0.0
830,actual_maximum_demand,GEV-minus-KDE,-3.3883607069306203,0.0
831,actual_maximum_demand,GEV-minus-KDE,-3.988303180501551,0.0
832,actual_maximum_demand,GEV-minus-KDE,-0.23062084182234877,0.0
833,actual_maximum_demand,GEV-minus-KDE,-2.69750813881699,0.0
834,actual_maximum_demand,GEV-minus-KDE,13.439807876110791,0.0
835,actual_maximum_demand,GEV-minus-KDE,1.1169297132874199,0.0
836,actual_maximum_demand,GEV-minus-KDE,2.56747461342512,0.0
837,actual_maximum_demand,GEV-minus-KDE,-7.866238992332511,0.0
838,actual_maximum_demand,GEV-minus-KDE,-13.05723855943996,-0.26881720430107336
839,actual_maximum_demand,GEV-minus-KDE,-4.30751697048025,0.0
840,actual_maximum_demand,GEV-minus-KDE,17.94710459889432,0.0
841,actual_maximum_demand,GEV-minus-KDE,-1.9389136983568505,0.03099496561797667
842,actual_maximum_demand,GEV-minus-KDE,9.09036895725489,0.0
843,actual_maximum_demand,GEV-minus-KDE,-4.588307949176008,0.03099496561797667
844,actual_maximum_demand,GEV-minus-KDE,-6.1957819057087695,0.0
845,actual_maximum_demand,GEV-minus-KDE,-3.3546252406981614,0.0
846,actual_maximum_demand,GEV-minus-KDE,-4.31100554593804,0.0
847,actual_maximum_demand,GEV-minus-KDE,3.0037293247890395,0.0
848,actual_maximum_demand,GEV-minus-KDE,-2.734685266824571,0.0
849,actual_maximum_demand,GEV-minus-KDE,-11.261938087202699,0.0
850,actual_maximum_demand,GEV-minus-KDE,-1.2266877980372903,0.0
851,actual_maximum_demand,GEV-minus-KDE,9.138435382971572,0.0
852,actual_maximum_demand,GEV-minus-KDE,2.7175460696722222,0.0
853,actual_maximum_demand,GEV-minus-KDE,10.65755020455675,0.0
854,actual_maximum_demand,GEV-minus-KDE,3.146709120288599,0.0
855,actual_maximum_demand,GEV-minus-KDE,-2.17354346774824,0.0
856,actual_maximum_demand,GEV-minus-KDE,-5.976989689987209,0.03099496561797667
857,actual_maximum_demand,GEV-minus-KDE,-11.70259080373523,0.0
858,actual_maximum_demand,GEV-minus-KDE,2.76191306392633,0.03099496561797667
859,actual_maximum_demand,GEV-minus-KDE,-1.5014744678839316,0.0
860,actual_maximum_demand,GEV-minus-KDE,-3.3912742660231086,0.03099496561797667
861,actual_maximum_demand,GEV-minus-KDE,-0.8983359721111202,0.03099496561797667
862,actual_maximum_demand,GEV-minus-KDE,19.338995774302663,0.0
863,actual_maximum_demand,GEV-minus-KDE,0.8975008839179899,0.0
864,actual_maximum_demand,GEV-minus-KDE,8.438667296341011,0.0
865,actual_maximum_demand,GEV-minus-KDE,10.28976603245482,0.0
866,actual_maximum_demand,GEV-minus-KDE,-5.341413339345371,0.0
867,actual_maximum_demand,GEV-minus-KDE,21.01482546625245,0.0
868,actual_maximum_demand,GEV-minus-KDE,-4.564213007856541,0.0
869,actual_maximum_demand,GEV-minus-KDE,4.4496348901282,0.0
870,actual_maximum_demand,GEV-minus-KDE,2.713843340971173,0.0
871,actual_maximum_demand,GEV-minus-KDE,-0.04017801009774946,0.03099496561797667
872,actual_maximum_demand,GEV-minus-KDE,-1.1378555272667095,0.0
873,actual_maximum_demand,GEV-minus-KDE,-10.16146606636884,0.03099496561797667
874,actual_maximum_demand,GEV-minus-KDE,-7.270011086486361,0.0
875,actual_maximum_demand,GEV-minus-KDE,-8.04676596884962,0.0
876,actual_maximum_demand,GEV-minus-KDE,-4.94487732798542,0.0
877,actual_maximum_demand,GEV-minus-KDE,-1.5260932733222292,0.0
878,actual_maximum_demand,GEV-minus-KDE,-2.3265126715937985,0.04696327727921664
879,actual_maximum_demand,GEV-minus-KDE,6.331277731414341,0.0
880,actual_maximum_demand,GEV-minus-KDE,5.874711362962431,0.0
881,actual_maximum_demand,GEV-minus-KDE,1.1821455487684596,0.0
882,actual_maximum_demand,GEV-minus-KDE,-0.2059533216644649,0.0
883,actual_maximum_demand,GEV-minus-KDE,-3.10121978744968,0.03099496561797667
884,actual_maximum_demand,GEV-minus-KDE,9.28583191014573,0.0
885,actual_maximum_demand,GEV-minus-KDE,-7.643737326681061,0.03099496561797667
886,actual_maximum_demand,GEV-minus-KDE,0.40186058153889004,0.0
887,actual_maximum_demand,GEV-minus-KDE,10.267021083542009,0.03099496561797667
888,actual_maximum_demand,GEV-minus-KDE,-4.385454061976449,0.03099496561797667
889,actual_maximum_demand,GEV-minus-KDE,-0.06779157109050998,0.03099496561797667
890,actual_maximum_demand,GEV-minus-KDE,-5.433591852445499,0.03099496561797667
891,actual_maximum_demand,GEV-minus-KDE,5.025693918227221,0.0
892,actual_maximum_demand,GEV-minus-KDE,-1.0834868643039008,0.0
893,actual_maximum_demand,GEV-minus-KDE,-6.645141037019229,0.0
894,actual_maximum_demand,GEV-minus-KDE,2.6811255191731913,0.0
895,actual_maximum_demand,GEV-minus-KDE,1.37646918378359,0.03099496561797667
896,actual_maximum_demand,GEV-minus-KDE,-2.1120015580599922,0.0
897,actual_maximum_demand,GEV-minus-KDE,-4.953604359046859,0.0
898,actual_maximum_demand,GEV-minus-KDE,12.546147235129801,0.0
899,actual_maximum_demand,GEV-minus-KDE,6.202238939427532,0.0
900,actual_maximum_demand,GEV-minus-KDE,-2.270258368479569,0.0
901,actual_maximum_demand,GEV-minus-KDE,8.23491342623732,0.0
902,actual_maximum_demand,GEV-minus-KDE,-1.3069945775547902,0.0
903,actual_maximum_demand,GEV-minus-KDE,12.288970849230948,0.0
904,actual_maximum_demand,GEV-minus-KDE,-4.992883981684459,0.03099496561797667
905,actual_maximum_demand,GEV-minus-KDE,1.3465991595191202,0.0
906,actual_maximum_demand,GEV-minus-KDE,-4.750590163576749,0.03099496561797667
907,actual_maximum_demand,GEV-minus-KDE,-1.7330845642577202,0.03099496561797667
908,actual_maximum_demand,GEV-minus-KDE,0.9099163762379986,0.0
909,actual_maximum_demand,GEV-minus-KDE,0.9321279354749301,0.0
910,actual_maximum_demand,GEV-minus-KDE,-3.4623491447679093,0.0
911,actual_maximum_demand,GEV-minus-KDE,-0.6666377001492405,0.0
912,actual_maximum_demand,GEV-minus-KDE,10.54822970964146,0.0
913,actual_maximum_demand,GEV-minus-KDE,-2.209710507305071,0.0
914,actual_maximum_demand,GEV-minus-KDE,8.922114155361768,0.0
915,actual_maximum_demand,GEV-minus-KDE,-1.2360699118195484,0.0
916,actual_maximum_demand,GEV-minus-KDE,6.4646406759248904,0.0
917,actual_maximum_demand,GEV-minus-KDE,2.3846264300280695,0.0
918,actual_maximum_demand,GEV-minus-KDE,-3.909610166066191,0.0
919,actual_maximum_demand,GEV-minus-KDE,21.09261399144432,0.0
920,actual_maximum_demand,GEV-minus-KDE,-4.63688605510322,0.03099496561797667
921,actual_maximum_demand,GEV-minus-KDE,-3.73553878535534,0.34840682573049
922,actual_maximum_demand,GEV-minus-KDE,-7.238805136050821,0.0
923,actual_maximum_demand,GEV-minus-KDE,-3.7659722978169192,0.0
924,actual_maximum_demand,GEV-minus-KDE,4.636842783020111,0.0
925,actual_maximum_demand,GEV-minus-KDE,-4.009593826670551,0.0
926,actual_maximum_demand,GEV-minus-KDE,34.05246067990735,0.0
927,actual_maximum_demand,GEV-minus-KDE,-6.122802388142842,0.0
928,actual_maximum_demand,GEV-minus-KDE,-3.9150065159185483,0.0
929,actual_maximum_demand,GEV-minus-KDE,-2.660954501597082,0.0
930,actual_maximum_demand,GEV-minus-KDE,-7.1933448218701495,0.0
931,actual_maximum_demand,GEV-minus-KDE,4.820483140179101,0.03099496561797667
932,actual_maximum_demand,GEV-minus-KDE,11.846823829268041,0.0
933,actual_maximum_demand,GEV-minus-KDE,7.578252997787821,0.0
934,actual_maximum_demand,GEV-minus-KDE,-5.716709653244201,0.0
935,actual_maximum_demand,GEV-minus-KDE,-4.439936220929214,0.0
936,actual_maximum_demand,GEV-minus-KDE,5.387354860178551,0.0
937,actual_maximum_demand,GEV-minus-KDE,-4.920157184422869,0.0
938,actual_maximum_demand,GEV-minus-KDE,-2.3088204055602697,0.03099496561797667
939,actual_maximum_demand,GEV-minus-KDE,-8.982424271147549,0.0
940,actual_maximum_demand,GEV-minus-KDE,-3.635784437186,0.0
941,actual_maximum_demand,GEV-minus-KDE,6.028658810447723,0.0
942,actual_maximum_demand,GEV-minus-KDE,10.026715419117929,0.0
943,actual_maximum_demand,GEV-minus-KDE,-6.349748468874919,0.03099496561797667
944,actual_maximum_demand,GEV-minus-KDE,-9.28745886381696,0.0
945,actual_maximum_demand,GEV-minus-KDE,-35.06797881397409,0.0
946,actual_maximum_demand,GEV-minus-KDE,6.283380180895421,0.0
947,actual_maximum_demand,GEV-minus-KDE,0.18267296823734902,0.0
948,actual_maximum_demand,GEV-minus-KDE,-3.4847550670562195,0.0
949,actual_maximum_demand,GEV-minus-KDE,-5.1897394893209885,0.03099496561797667
950,actual_maximum_demand,GEV-minus-KDE,-5.63020805504269,0.03099496561797667
951,actual_maximum_demand,GEV-minus-KDE,1.8906915307290197,0.0
952,actual_maximum_demand,GEV-minus-KDE,4.09157731944696,0.0
953,actual_maximum_demand,GEV-minus-KDE,-5.08991031204244,0.03099496561797667
954,actual_maximum_demand,GEV-minus-KDE,2.94756589203382,0.0
955,actual_maximum_demand,GEV-minus-KDE,5.22555805354641,0.0
956,actual_maximum_demand,GEV-minus-KDE,16.263742784424682,0.0
957,actual_maximum_demand,GEV-minus-KDE,-17.59869235679393,0.0
958,actual_maximum_demand,GEV-minus-KDE,-1.6451010406492106,0.0
959,actual_maximum_demand,GEV-minus-KDE,2.8461987832097884,0.0
960,actual_maximum_demand,GEV-minus-KDE,3.47933003316849,0.0
961,actual_maximum_demand,GEV-minus-KDE,4.36810707172261,0.0
962,actual_maximum_demand,GEV-minus-KDE,1.9703556359487702,0.0
963,actual_maximum_demand,GEV-minus-KDE,-7.1628717262210015,0.0
964,actual_maximum_demand,GEV-minus-KDE,0.3415199458284779,0.0
965,actual_maximum_demand,GEV-minus-KDE,3.8673056300949096,0.0
966,actual_maximum_demand,GEV-minus-KDE,-0.1131736538594802,0.03099496561797667
967,actual_maximum_demand,GEV-minus-KDE,-5.327904513254941,0.0
968,actual_maximum_demand,GEV-minus-KDE,0.65047423421032,0.0
969,actual_maximum_demand,GEV-minus-KDE,-6.839052695448341,0.0
970,actual_maximum_demand,GEV-minus-KDE,-3.7159231815783595,0.0
971,actual_maximum_demand,GEV-minus-KDE,-2.755992778283231,0.0
972,actual_maximum_demand,GEV-minus-KDE,6.001244407775311,0.0
973,actual_maximum_demand,GEV-minus-KDE,17.72636680838719,0.0
974,actual_maximum_demand,GEV-minus-KDE,-56.46659463305967,0.0
975,actual_maximum_demand,GEV-minus-KDE,-4.0852731714811,0.0
976,actual_maximum_demand,GEV-minus-KDE,4.21650952193198,0.0
977,actual_maximum_demand,GEV-minus-KDE,1.1500800435080296,0.03099496561797667
978,actual_maximum_demand,GEV-minus-KDE,17.59839956589007,0.0
979,actual_maximum_demand,GEV-minus-KDE,-5.6015146563285985,0.0
980,actual_maximum_demand,GEV-minus-KDE,-3.97306508481741,0.03099496561797667
981,actual_maximum_demand,GEV-minus-KDE,-5.413794356065779,0.0
982,actual_maximum_demand,GEV-minus-KDE,8.295650750752737,0.0
983,actual_maximum_demand,GEV-minus-KDE,17.53582508581533,0.0
984,actual_maximum_demand,GEV-minus-KDE,-7.847147431903768,0.03099496561797667
985,actual_maximum_demand,GEV-minus-KDE,9.01343780613961,0.0
986,actual_maximum_demand,GEV-minus-KDE,-6.44689031508891,0.0
987,actual_maximum_demand,GEV-minus-KDE,0.7281954680524005,0.0
988,actual_maximum_demand,GEV-minus-KDE,9.14598195224921,0.0
989,actual_maximum_demand,GEV-minus-KDE,16.980920673699742,0.0
990,actual_maximum_demand,GEV-minus-KDE,18.51464743297801,0.0
991,actual_maximum_demand,GEV-minus-KDE,2.0011545656277994,0.0
992,actual_maximum_demand,GEV-minus-KDE,-6.733042009826621,0.03099496561797667
993,actual_maximum_demand,GEV-minus-KDE,-3.432648701824231,0.0
994,actual_maximum_demand,GEV-minus-KDE,-0.08622009919143983,0.0
995,actual_maximum_demand,GEV-minus-KDE,0.6009042825128396,0.0
996,actual_maximum_demand,GEV-minus-KDE,-9.86714687270805,0.03099496561797667
997,actual_maximum_demand,GEV-minus-KDE,3.5524456950992294,0.0
998,actual_maximum_demand,GEV-minus-KDE,14.337998568952681,0.0
999,actual_maximum_demand,GEV-minus-KDE,2.926961858279689,0.0
0,capacity,GEV-minus-KDE,1.25227505803195,-0.3003837965356799
1,capacity,GEV-minus-KDE,0.3158960406028699,0.0
2,capacity,GEV-minus-KDE,-4.40059768317235,0.11714303539237005
3,capacity,GEV-minus-KDE,-8.485099280061908,0.13961801974508667
4,capacity,GEV-minus-KDE,13.44169627110966,0.0
5,capacity,GEV-minus-KDE,-9.672076773813469,0.1539817287642
6,capacity,GEV-minus-KDE,-8.063251844750669,-0.3833145318623966
7,capacity,GEV-minus-KDE,-5.95068565733528,-0.10331867767994998
8,capacity,GEV-minus-KDE,5.106193367275641,-0.013452009238350097
9,capacity,GEV-minus-KDE,0.14264091393768885,0.0
10,capacity,GEV-minus-KDE,1.0305030715530017,0.026130666301597827
11,capacity,GEV-minus-KDE,-2.13910847623397,0.24777468046439668
12,capacity,GEV-minus-KDE,10.39263305746515,0.0
13,capacity,GEV-minus-KDE,4.09433325476311,0.0
14,capacity,GEV-minus-KDE,-8.256048598227512,0.0
15,capacity,GEV-minus-KDE,10.6986609499615,0.0
16,capacity,GEV-minus-KDE,0.7951761957257899,-0.15589823639632333
17,capacity,GEV-minus-KDE,15.071828934365078,0.0
18,capacity,GEV-minus-KDE,-9.18644127704163,0.12839655202429995
19,capacity,GEV-minus-KDE,11.26990325167477,0.0
20,capacity,GEV-minus-KDE,1.212511773986649,-0.030215841121240036
21,capacity,GEV-minus-KDE,-4.053062466082579,0.0
22,capacity,GEV-minus-KDE,4.9131829690179485,0.028078337158370017
23,capacity,GEV-minus-KDE,19.52096066119468,0.0
24,capacity,GEV-minus-KDE,-5.58683235973272,4.407561107206724
25,capacity,GEV-minus-KDE,-2.3756805768417264,0.0
26,capacity,GEV-minus-KDE,12.339227264395989,0.0
27,capacity,GEV-minus-KDE,-5.1371789383327595,-0.07608971018632334
28,capacity,GEV-minus-KDE,-8.67374931075392,0.05112305442075667
29,capacity,GEV-minus-KDE,-4.838684836068349,0.12543300051750345
30,capacity,GEV-minus-KDE,-11.83988474623437,0.04092985070939005
31,capacity,GEV-minus-KDE,16.76639614329641,0.0
32,capacity,GEV-minus-KDE,-1.541150768913696,0.0704135099766301
33,capacity,GEV-minus-KDE,-2.3154341905173514,0.20230948590503756
34,capacity,GEV-minus-KDE,21.69431440660388,0.0
35,capacity,GEV-minus-KDE,-14.684302967092682,0.0
36,capacity,GEV-minus-KDE,-3.5402521811606302,-0.005405641560680095
37,capacity,GEV-minus-KDE,7.29279152468932,0.0
38,capacity,GEV-minus-KDE,0.8835936438321802,0.0
39,capacity,GEV-minus-KDE,-11.054973600940311,0.07616401913843668
40,capacity,GEV-minus-KDE,-3.2920091497341,0.1397309730107467
41,capacity,GEV-minus-KDE,1.0941528770380486,0.0
42,capacity,GEV-minus-KDE,4.213270481380241,0.0
43,capacity,GEV-minus-KDE,-1.8691453066602512,0.0
44,capacity,GEV-minus-KDE,-7.65706067460611,0.0822032880599466
45,capacity,GEV-minus-KDE,23.44537732633446,0.0
46,capacity,GEV-minus-KDE,-5.49036559921153,0.0
47,capacity,GEV-minus-KDE,-0.6018310274571399,0.0
48,capacity,GEV-minus-KDE,6.155121370053332,0.0
49,capacity,GEV-minus-KDE,1.3273786828974121,-0.0037500112888865997
50,capacity,GEV-minus-KDE,-3.0947072353084,0.03428976947475
51,capacity,GEV-minus-KDE,-4.7404337698155,0.0
52,capacity,GEV-minus-KDE,-2.80691462899257,-0.27159986222055005
53,capacity,GEV-minus-KDE,-1.89704157828842,0.0
54,capacity,GEV-minus-KDE,-4.403455591211119,0.2930966265663394
55,capacity,GEV-minus-KDE,15.28972647748375,0.0
56,capacity,GEV-minus-KDE,-3.2157515605479996,0.0
57,capacity,GEV-minus-KDE,-2.644718198271699,0.08111188247961668
58,capacity,GEV-minus-KDE,-1.2985976111639301,0.0
59,capacity,GEV-minus-KDE,-1.4334722120033616,0.04281786830161328
60,capacity,GEV-minus-KDE,-1.9217746609223498,-0.3073407766953933
61,capacity,GEV-minus-KDE,-4.004414483038571,0.08459078826550662
62,capacity,GEV-minus-KDE,3.93783550959724,0.0
63,capacity,GEV-minus-KDE,10.153093593379529,0.0
64,capacity,GEV-minus-KDE,-0.36456640442521226,0.019198261937813325
65,capacity,GEV-minus-KDE,-3.0854337919101305,0.011172033294580032
66,capacity,GEV-minus-KDE,0.8462128716124284,-0.015726330376750024
67,capacity,GEV-minus-KDE,-1.6318685812268106,0.0
68,capacity,GEV-minus-KDE,4.61640713943801,0.0
69,capacity,GEV-minus-KDE,-6.0135838638343095,0.029693526699030044
70,capacity,GEV-minus-KDE,-10.856781461141749,0.12184473005888673
71,capacity,GEV-minus-KDE,-7.87759309727929,0.0
72,capacity,GEV-minus-KDE,-10.057334812192021,-0.23576817872155664
73,capacity,GEV-minus-KDE,-7.063930348369339,0.06473450832471336
74,capacity,GEV-minus-KDE,-4.17510332519256,0.04136899585652333
75,capacity,GEV-minus-KDE,-8.39165764365668,0.04683225156050996
76,capacity,GEV-minus-KDE,-5.19452783936743,0.0
77,capacity,GEV-minus-KDE,-3.2394806297805556,0.0
78,capacity,GEV-minus-KDE,-6.97743564611506,0.21455103769914668
79,capacity,GEV-minus-KDE,-2.7681108800098997,0.0
80,capacity,GEV-minus-KDE,-3.08511565466178,0.23342646157623
81,capacity,GEV-minus-KDE,27.957020412192517,0.0
82,capacity,GEV-minus-KDE,-5.78200826159257,0.15539724690325002
83,capacity,GEV-minus-KDE,11.973455214391851,0.0
84,capacity,GEV-minus-KDE,13.65781121866298,0.0
85,capacity,GEV-minus-KDE,13.626193321019509,0.0
86,capacity,GEV-minus-KDE,2.1123039823687293,0.0
87,capacity,GEV-minus-KDE,18.99464474491083,0.0
88,capacity,GEV-minus-KDE,-8.368613991671946,0.0
89,capacity,GEV-minus-KDE,-2.01214123266359,0.0
90,capacity,GEV-minus-KDE,-5.558455315975158,0.07437474746179
91,capacity,GEV-minus-KDE,12.53790748543826,0.0
92,capacity,GEV-minus-KDE,2.89603047951136,0.0
93,capacity,GEV-minus-KDE,-8.06344292939403,-0.27387741759948
94,capacity,GEV-minus-KDE,4.37885735822337,0.0
95,capacity,GEV-minus-KDE,-5.033389936838997,0.03343434256625668
96,capacity,GEV-minus-KDE,-0.022651318132160814,-0.059494123674923294
97,capacity,GEV-minus-KDE,-0.6828371949979296,0.0
98,capacity,GEV-minus-KDE,-5.207867902092842,-0.014199488750580008
99,capacity,GEV-minus-KDE,-7.80882606464266,0.0
100,capacity,GEV-minus-KDE,8.952374472812663,0.0
101,capacity,GEV-minus-KDE,14.63621796512056,0.0
102,capacity,GEV-minus-KDE,-4.6024578983158895,4.0179530253376505
103,capacity,GEV-minus-KDE,-3.9636043638224,0.16877743539274334
104,capacity,GEV-minus-KDE,6.451831346096651,0.0
105,capacity,GEV-minus-KDE,-8.43255171157033,-0.29955444232024003
106,capacity,GEV-minus-KDE,-0.4870262435342998,0.0
107,capacity,GEV-minus-KDE,-1.3737986941104674,0.1779407158434998
108,capacity,GEV-minus-KDE,-7.13742268136616,-0.22638805350326
109,capacity,GEV-minus-KDE,8.39152597708204,0.0
110,capacity,GEV-minus-KDE,0.8576388404587215,-0.01761720904056999
111,capacity,GEV-minus-KDE,-2.3918475331930296,0.004629561345616609
112,capacity,GEV-minus-KDE,7.232079816249773,0.24150864012226908
113,capacity,GEV-minus-KDE,0.0028924053691203877,0.14506114152559677
114,capacity,GEV-minus-KDE,-1.3401300768511897,0.0
115,capacity,GEV-minus-KDE,-2.9641550888406796,0.004221313192333265
116,capacity,GEV-minus-KDE,-11.45106107749878,0.0
117,capacity,GEV-minus-KDE,-3.0690718041794183,0.21809674245151328
118,capacity,GEV-minus-KDE,-6.115625147901951,-0.18314779855724672
119,capacity,GEV-minus-KDE,-2.2402370753751093,-0.007332896172223321
120,capacity,GEV-minus-KDE,23.62764947809039,0.0
121,capacity,GEV-minus-KDE,-8.335814535802989,0.0
122,capacity,GEV-minus-KDE,5.08702285982807,0.0
123,capacity,GEV-minus-KDE,-18.43258815129757,0.0
124,capacity,GEV-minus-KDE,-3.91352731493176,0.0
125,capacity,GEV-minus-KDE,0.4172239810656786,-0.039301645802523356
126,capacity,GEV-minus-KDE,-3.741359286404941,0.19190044380142
127,capacity,GEV-minus-KDE,-4.654337080504529,0.07169056477177668
128,capacity,GEV-minus-KDE,-2.1429962302795786,-0.04701885392346333
129,capacity,GEV-minus-KDE,-0.86572164993548,-0.35859676132987667
130,capacity,GEV-minus-KDE,-3.5846677964826794,0.014442850264903377
131,capacity,GEV-minus-KDE,18.08859020487891,0.0
132,capacity,GEV-minus-KDE,6.700825012775559,0.0
133,capacity,GEV-minus-KDE,-2.54471436707506,0.1384912531871934
134,capacity,GEV-minus-KDE,1.2397177170005589,0.0
135,capacity,GEV-minus-KDE,1.408420443783981,3.65636767418763
136,capacity,GEV-minus-KDE,3.306113809975239,0.0
137,capacity,GEV-minus-KDE,-12.675169735710268,0.0
138,capacity,GEV-minus-KDE,-10.097577656721079,0.049663723269886564
139,capacity,GEV-minus-KDE,-3.8666888964595096,0.0
140,capacity,GEV-minus-KDE,1.3733196837400374,-0.020200983050763354
141,capacity,GEV-minus-KDE,-10.17138657788799,0.17711991599417995
142,capacity,GEV-minus-KDE,-1.95997865762845,0.0
143,capacity,GEV-minus-KDE,-5.0642497137554,0.0
144,capacity,GEV-minus-KDE,-1.3850259006802923,0.051313423757623315
145,capacity,GEV-minus-KDE,-1.9062695777259997,0.07205879099228991
146,capacity,GEV-minus-KDE,-1.94450474803569,0.0
147,capacity,GEV-minus-KDE,7.509846369631667,0.0
148,capacity,GEV-minus-KDE,-10.65646767760949,0.15459216602432999
149,capacity,GEV-minus-KDE,-7.75691923480671,0.038792130716153346
150,capacity,GEV-minus-KDE,1.60101392207248,0.0
151,capacity,GEV-minus-KDE,9.411366718911228,0.0
152,capacity,GEV-minus-KDE,6.59325958753535,0.0
153,capacity,GEV-minus-KDE,-9.953987782545463,-0.3777394173569833
154,capacity,GEV-minus-KDE,6.268965673317512,-0.07182107685660992
155,capacity,GEV-minus-KDE,-1.23523115599026,0.34810711848330333
156,capacity,GEV-minus-KDE,-3.953036111932029,-0.013869644901546609
157,capacity,GEV-minus-KDE,0.69817305786102,0.0
158,capacity,GEV-minus-KDE,-6.328365429474669,0.0
159,capacity,GEV-minus-KDE,14.866083413414788,0.0
160,capacity,GEV-minus-KDE,-11.220595104604818,0.20853874115914323
161,capacity,GEV-minus-KDE,1.1142024333678306,0.0
162,capacity,GEV-minus-KDE,6.008727573875521,-0.02132229380309011
163,capacity,GEV-minus-KDE,-2.536345879002519,0.025256881266980027
164,capacity,GEV-minus-KDE,-4.92636206561085,0.0
165,capacity,GEV-minus-KDE,-6.601700050894889,-0.019789164869163205
166,capacity,GEV-minus-KDE,4.669403224598151,0.015807741310296716
167,capacity,GEV-minus-KDE,-8.61605748619951,0.0336339192942267
168,capacity,GEV-minus-KDE,8.47999524140995,0.0
169,capacity,GEV-minus-KDE,-5.54078925321776,0.30965671899687003
170,capacity,GEV-minus-KDE,-3.5644678257622715,-0.03903517706854
171,capacity,GEV-minus-KDE,12.866873453691612,0.0
172,capacity,GEV-minus-KDE,-9.68144034878576,0.23492750462385004
173,capacity,GEV-minus-KDE,-10.17595121481638,-0.3512179200480899
174,capacity,GEV-minus-KDE,-7.2243033064721605,-0.38194871169001327
175,capacity,GEV-minus-KDE,4.103839221673961,3.5790569176684364
176,capacity,GEV-minus-KDE,-2.0554620381903588,-0.01660874726217669
177,capacity,GEV-minus-KDE,-6.908088362169269,0.0
178,capacity,GEV-minus-KDE,3.6482071674463104,0.22525664027741998
179,capacity,GEV-minus-KDE,-0.42490441653171007,0.0
180,capacity,GEV-minus-KDE,2.115397539851481,0.15007278937192006
181,capacity,GEV-minus-KDE,-4.193155686739461,0.0
182,capacity,GEV-minus-KDE,20.11765598051129,0.0
183,capacity,GEV-minus-KDE,0.16019851599339274,0.0
184,capacity,GEV-minus-KDE,-4.7303529122435295,-0.012538970833063379
185,capacity,GEV-minus-KDE,1.3863678745676122,-0.014931362211609983
186,capacity,GEV-minus-KDE,26.433292138010252,0.0
187,capacity,GEV-minus-KDE,-3.5973391162590405,0.015982259687483385
188,capacity,GEV-minus-KDE,8.41694714914177,0.0
189,capacity,GEV-minus-KDE,4.462450222150855,0.03013805769199948
190,capacity,GEV-minus-KDE,-3.3132435192147422,0.0
191,capacity,GEV-minus-KDE,-2.3742429864779098,0.0
192,capacity,GEV-minus-KDE,-0.23135887124544063,0.0
193,capacity,GEV-minus-KDE,8.00730820824684,0.0
194,capacity,GEV-minus-KDE,-2.670034955553982,-0.04001566569973667
195,capacity,GEV-minus-KDE,-5.04286279077555,-0.12364954432498004
196,capacity,GEV-minus-KDE,-1.2161422380136302,0.0
197,capacity,GEV-minus-KDE,2.1691348659262895,0.22287754852306998
198,capacity,GEV-minus-KDE,-14.05272991021863,0.0
199,capacity,GEV-minus-KDE,7.71216819609864,0.0
200,capacity,GEV-minus-KDE,-4.93973417098434,0.0
201,capacity,GEV-minus-KDE,-7.367691324340507,0.0
202,capacity,GEV-minus-KDE,6.920393583097789,0.0
203,capacity,GEV-minus-KDE,1.6971825563638991,-0.029802835427720012
204,capacity,GEV-minus-KDE,3.85322820889413,0.010433719186499907
205,capacity,GEV-minus-KDE,22.015680167027423,0.0
206,capacity,GEV-minus-KDE,1.7888815669288696,0.0
207,capacity,GEV-minus-KDE,4.10201549482111,0.0
208,capacity,GEV-minus-KDE,3.938101527628979,-0.01760609047184664
209,capacity,GEV-minus-KDE,-0.5720410451392599,-0.018414030081890034
210,capacity,GEV-minus-KDE,-3.062895850292918,0.004577575672020089
211,capacity,GEV-minus-KDE,-10.658603105147876,0.0
212,capacity,GEV-minus-KDE,0.8187296047338005,0.0
213,capacity,GEV-minus-KDE,0.1682662930447193,0.0
214,capacity,GEV-minus-KDE,1.5762301452420098,0.0
215,capacity,GEV-minus-KDE,2.41432478502313,0.0
216,capacity,GEV-minus-KDE,10.6658452885662,0.22132491810611998
217,capacity,GEV-minus-KDE,-9.60236440580194,0.04558705036293003
218,capacity,GEV-minus-KDE,-2.4990611366950493,-0.007220864285333289
219,capacity,GEV-minus-KDE,-7.26729109346429,-0.2873420449096933
220,capacity,GEV-minus-KDE,3.2051583704643978,0.0
221,capacity,GEV-minus-KDE,-10.265394314057572,-0.23708297429263997
222,capacity,GEV-minus-KDE,6.452189522651771,-0.08205086353466001
223,capacity,GEV-minus-KDE,0.09700911469988083,0.28958069809128
224,capacity,GEV-minus-KDE,-1.60378551872219,-0.2221777743393499
225,capacity,GEV-minus-KDE,4.481252722956959,0.0
226,capacity,GEV-minus-KDE,4.1155430282564,0.0
227,capacity,GEV-minus-KDE,-0.5137107534384899,0.09949184501313671
228,capacity,GEV-minus-KDE,4.209658558330981,0.0
229,capacity,GEV-minus-KDE,4.586093806206789,0.0
230,capacity,GEV-minus-KDE,-3.594467469385512,-0.043303164632529985
231,capacity,GEV-minus-KDE,-1.2649412226101804,0.16645455802489667
232,capacity,GEV-minus-KDE,-5.910796667336912,0.03338024457020666
233,capacity,GEV-minus-KDE,12.619753399978482,0.0
234,capacity,GEV-minus-KDE,-7.853202305127249,0.0
235,capacity,GEV-minus-KDE,10.66328611422533,0.0
236,capacity,GEV-minus-KDE,5.42752798693093,0.0
237,capacity,GEV-minus-KDE,-0.7121302206493301,0.15113373252460333
238,capacity,GEV-minus-KDE,-9.25258206978266,-0.2348417261350033
239,capacity,GEV-minus-KDE,-7.0893882079660795,0.0
240,capacity,GEV-minus-KDE,-1.8155825902543998,-0.37756073742487
241,capacity,GEV-minus-KDE,-0.3644642283099492,0.2560693303320566
242,capacity,GEV-minus-KDE,0.2554284965998882,0.01600080724382339
243,capacity,GEV-minus-KDE,-5.803941776070779,0.0
244,capacity,GEV-minus-KDE,-7.588035706930059,0.0582438414929133
245,capacity,GEV-minus-KDE,-6.227216771916069,-0.016699616894993323
246,capacity,GEV-minus-KDE,5.404568378300261,0.04618678996037677
247,capacity,GEV-minus-KDE,-3.4589913305969806,0.060014032807849914
248,capacity,GEV-minus-KDE,-1.9943782467275697,0.0
249,capacity,GEV-minus-KDE,24.07898997620367,0.0
250,capacity,GEV-minus-KDE,-5.3870416980567,-0.04326451237622001
251,capacity,GEV-minus-KDE,5.93904798428363,0.0
252,capacity,GEV-minus-KDE,-6.387579275478811,-0.004734398708190063
253,capacity,GEV-minus-KDE,-7.4247402713387975,0.0
254,capacity,GEV-minus-KDE,4.948532880228878,0.4526545074823067
255,capacity,GEV-minus-KDE,-5.159890204130391,0.0
256,capacity,GEV-minus-KDE,14.862926238230001,0.0
257,capacity,GEV-minus-KDE,0.9562300120490697,3.7491251663199026
258,capacity,GEV-minus-KDE,13.822643288579789,0.0
259,capacity,GEV-minus-KDE,-9.20579972528317,0.0
260,capacity,GEV-minus-KDE,-10.776046259985891,0.035212683855509984
261,capacity,GEV-minus-KDE,-2.0984986699282087,-0.06743898225817337
262,capacity,GEV-minus-KDE,-3.3119197328791206,0.17183062306893332
263,capacity,GEV-minus-KDE,-2.5191345138971393,0.21089442260161
264,capacity,GEV-minus-KDE,4.232912341214012,-0.006750026284423408
265,capacity,GEV-minus-KDE,-0.0989126196436596,0.000181364139729967
266,capacity,GEV-minus-KDE,-1.9931106465185102,0.09932542452605
267,capacity,GEV-minus-KDE,-5.7867525330733,0.0
268,capacity,GEV-minus-KDE,0.7354091822903891,0.01146202466176336
269,capacity,GEV-minus-KDE,-9.85876702675547,0.1574677140299267
270,capacity,GEV-minus-KDE,10.576939506637459,0.20017131835582957
271,capacity,GEV-minus-KDE,1.4389970189194412,0.0
272,capacity,GEV-minus-KDE,-6.952931984679991,0.15189198289702
273,capacity,GEV-minus-KDE,-5.1639750941527,0.0
274,capacity,GEV-minus-KDE,-12.88834416927581,-0.2384554794552132
275,capacity,GEV-minus-KDE,2.997679196314479,3.5753217037152063
276,capacity,GEV-minus-KDE,-8.903058656658882,0.0
277,capacity,GEV-minus-KDE,-4.84551751721648,0.0
278,capacity,GEV-minus-KDE,-2.8970823774674193,0.1799030205662966
279,capacity,GEV-minus-KDE,-2.015092685354458,0.18153308028556
280,capacity,GEV-minus-KDE,-7.415638312732341,0.3489007499407265
281,capacity,GEV-minus-KDE,2.9099977020081096,0.0
282,capacity,GEV-minus-KDE,-7.538461026106959,0.16097579031406672
283,capacity,GEV-minus-KDE,-0.565317361825371,0.0
284,capacity,GEV-minus-KDE,-6.16353923350005,0.0
285,capacity,GEV-minus-KDE,2.45529461105479,0.22345947062839666
286,capacity,GEV-minus-KDE,1.0201521854192042,0.0
287,capacity,GEV-minus-KDE,-1.73109441511045,0.0
288,capacity,GEV-minus-KDE,-2.40451047161348,0.0
289,capacity,GEV-minus-KDE,6.5691115019131106,-0.38113268387396665
290,capacity,GEV-minus-KDE,2.86353885841657,0.2262987416067333
291,capacity,GEV-minus-KDE,-6.611444567831559,0.0
292,capacity,GEV-minus-KDE,5.420551076946917,0.0
293,capacity,GEV-minus-KDE,-7.819700859413131,0.1594707501020867
294,capacity,GEV-minus-KDE,-5.001798664061418,-0.020813794653103384
295,capacity,GEV-minus-KDE,4.361579076480561,0.0
296,capacity,GEV-minus-KDE,13.745729522941652,0.0
297,capacity,GEV-minus-KDE,16.65926238503272,0.0
298,capacity,GEV-minus-KDE,16.489920422188202,0.0
299,capacity,GEV-minus-KDE,9.440237562217108,0.0
300,capacity,GEV-minus-KDE,-1.2025262724418089,0.024724626253083345
301,capacity,GEV-minus-KDE,23.506149424026322,0.0
302,capacity,GEV-minus-KDE,2.176553178340429,-0.038084330455606705
303,capacity,GEV-minus-KDE,5.965657076111699,0.0
304,capacity,GEV-minus-KDE,-1.3612203964258525,-0.013522947750230045
305,capacity,GEV-minus-KDE,0.009563595544054282,-0.0032337404466465866
306,capacity,GEV-minus-KDE,9.42236212336026,0.0
307,capacity,GEV-minus-KDE,5.56927208782213,0.0
308,capacity,GEV-minus-KDE,-0.2919874895640301,0.0
309,capacity,GEV-minus-KDE,-0.08414524398649981,-0.018166335794653297
310,capacity,GEV-minus-KDE,4.58368809711138,-0.024284864322690006
311,capacity,GEV-minus-KDE,1.3802037502172904,-0.03384463575644998
312,capacity,GEV-minus-KDE,14.391304940573468,0.0
313,capacity,GEV-minus-KDE,-1.6148344594182906,-0.05235803773189661
314,capacity,GEV-minus-KDE,9.29704951553418,0.0
315,capacity,GEV-minus-KDE,5.105099315261151,0.0
316,capacity,GEV-minus-KDE,-5.874522056848821,0.0
317,capacity,GEV-minus-KDE,-8.09202032156712,0.0
318,capacity,GEV-minus-KDE,2.2409019921147895,0.03762041073620669
319,capacity,GEV-minus-KDE,4.343941911581512,0.4303941615142933
320,capacity,GEV-minus-KDE,-3.1517684314010697,0.0
321,capacity,GEV-minus-KDE,-11.91553916099309,0.04944213463331324
322,capacity,GEV-minus-KDE,-7.346399042087831,0.0
323,capacity,GEV-minus-KDE,-8.52028814313546,0.05055260128572665
324,capacity,GEV-minus-KDE,-5.8286732716171405,0.005556681342800025
325,capacity,GEV-minus-KDE,-3.00648892550541,0.11067544843601004
326,capacity,GEV-minus-KDE,-10.785410609405858,0.0
327,capacity,GEV-minus-KDE,-4.616361341764328,0.028237062163116722
328,capacity,GEV-minus-KDE,-8.69481304955831,0.0582905957911834
329,capacity,GEV-minus-KDE,4.60643138080096,0.0
330,capacity,GEV-minus-KDE,-0.9242329770158701,0.0
331,capacity,GEV-minus-KDE,2.7975782082421103,0.0
332,capacity,GEV-minus-KDE,1.6182176205662202,-0.13378318798956662
333,capacity,GEV-minus-KDE,3.987826626124508,0.0
334,capacity,GEV-minus-KDE,-1.89825670484432,-0.04320855058724659
335,capacity,GEV-minus-KDE,-4.501467384389149,-0.05117310121675665
336,capacity,GEV-minus-KDE,-9.09245943120862,0.19959588860619334
337,capacity,GEV-minus-KDE,-2.72868613264282,0.21634380057750993
338,capacity,GEV-minus-KDE,-3.190263980164318,0.11103807853432664
339,capacity,GEV-minus-KDE,-10.0477014962369,0.15018913500642336
340,capacity,GEV-minus-KDE,-9.14052749237963,0.0
341,capacity,GEV-minus-KDE,17.742896660428347,0.0
342,capacity,GEV-minus-KDE,-2.0604030985020616,0.010561175555970012
343,capacity,GEV-minus-KDE,15.691712022753368,0.0
344,capacity,GEV-minus-KDE,-6.21066395441383,-0.37425048852514325
345,capacity,GEV-minus-KDE,-10.672556119899129,0.00602671090087336
346,capacity,GEV-minus-KDE,0.885881265846511,-0.07666053379485668
347,capacity,GEV-minus-KDE,-3.2591380596319386,0.00012930899221334086
348,capacity,GEV-minus-KDE,0.29632619442239994,0.0
349,capacity,GEV-minus-KDE,-7.94385667433868,0.056675527915059885
350,capacity,GEV-minus-KDE,0.3269066097135509,0.0
351,capacity,GEV-minus-KDE,0.7117281706640104,0.0
352,capacity,GEV-minus-KDE,0.5013235996217299,0.0
353,capacity,GEV-minus-KDE,-1.4604485682024104,0.17018143482688
354,capacity,GEV-minus-KDE,-3.7971108925832,0.04078104541416659
355,capacity,GEV-minus-KDE,20.58813493301671,0.0
356,capacity,GEV-minus-KDE,-4.5510572016459205,0.15646568438053332
357,capacity,GEV-minus-KDE,-0.6757954518467391,-0.028827554344706616
358,capacity,GEV-minus-KDE,-5.43308889224372,0.0
359,capacity,GEV-minus-KDE,-3.4119011713558898,0.0
360,capacity,GEV-minus-KDE,4.158135982208119,0.0
361,capacity,GEV-minus-KDE,-8.25266629825048,0.0
362,capacity,GEV-minus-KDE,-6.930010860864,3.926443876159596
363,capacity,GEV-minus-KDE,2.6546305489119018,-0.0006841164091399808
364,capacity,GEV-minus-KDE,16.95958073795103,0.0
365,capacity,GEV-minus-KDE,0.8778420980392301,-0.2952444799104166
366,capacity,GEV-minus-KDE,-7.32884372361904,-0.34376895686468334
367,capacity,GEV-minus-KDE,0.7908122698915707,0.0
368,capacity,GEV-minus-KDE,-7.35849486600577,-0.3829312568956
369,capacity,GEV-minus-KDE,-0.5982572670483799,0.10190748520351664
370,capacity,GEV-minus-KDE,-4.0935294396315385,-0.014009401817523335
371,capacity,GEV-minus-KDE,-3.70931621890085,0.20456569570382663
372,capacity,GEV-minus-KDE,0.9484570521788194,-0.047313215406923334
373,capacity,GEV-minus-KDE,10.673616154561472,0.0
374,capacity,GEV-minus-KDE,15.28564425458907,0.0
375,capacity,GEV-minus-KDE,-1.11233110886102,0.0
376,capacity,GEV-minus-KDE,-6.098418620207771,0.027668103299383334
377,capacity,GEV-minus-KDE,3.75200960794638,0.15109374081018334
378,capacity,GEV-minus-KDE,-1.7972921836327795,0.0
379,capacity,GEV-minus-KDE,-2.5165820880107104,0.09052508788048308
380,capacity,GEV-minus-KDE,1.6926457756412994,0.23862737304609336
381,capacity,GEV-minus-KDE,-4.75379652201724,-0.031650677451336644
382,capacity,GEV-minus-KDE,0.7145319058761423,-2.649781960335426e-05
383,capacity,GEV-minus-KDE,-2.2982293288105105,-0.3483151208337
384,capacity,GEV-minus-KDE,11.587643046635751,0.0
385,capacity,GEV-minus-KDE,-1.0524815137510413,-0.03955084364839663
386,capacity,GEV-minus-KDE,-6.39655156944583,0.0420796188277066
387,capacity,GEV-minus-KDE,19.09207414092371,0.0
388,capacity,GEV-minus-KDE,-4.99768425017601,0.01374282798997338
389,capacity,GEV-minus-KDE,-2.47229929477977,-0.016682164140990018
390,capacity,GEV-minus-KDE,21.00618104640132,0.0
391,capacity,GEV-minus-KDE,-8.214352488068549,0.04493620190580659
392,capacity,GEV-minus-KDE,1.9478544816078913,3.580930726689604
393,capacity,GEV-minus-KDE,17.506001794412448,0.0
394,capacity,GEV-minus-KDE,-0.459365067218169,-0.3793144430679833
395,capacity,GEV-minus-KDE,-7.284857189430383,0.0
396,capacity,GEV-minus-KDE,-0.9652534573604001,-0.048055981431660025
397,capacity,GEV-minus-KDE,-1.7543938376273411,0.0034906387467933953
398,capacity,GEV-minus-KDE,11.222083656507891,0.0
399,capacity,GEV-minus-KDE,-0.7718202708026506,-0.025933932239096628
400,capacity,GEV-minus-KDE,-4.570025928143428,-0.01161299513965661
401,capacity,GEV-minus-KDE,0.7496163842118209,0.0
402,capacity,GEV-minus-KDE,-4.4974176077841195,-0.058552000603996644
403,capacity,GEV-minus-KDE,9.048657526053239,0.0
404,capacity,GEV-minus-KDE,-0.9736561724399198,-0.25770623371131
405,capacity,GEV-minus-KDE,-15.094197934347708,0.0
406,capacity,GEV-minus-KDE,2.2000112155770997,-0.0069593153711966504
407,capacity,GEV-minus-KDE,4.04737716723744,3.6518867513390165
408,capacity,GEV-minus-KDE,2.5425666061708094,0.017914082134540005
409,capacity,GEV-minus-KDE,-2.213553921465819,0.10024931808234336
410,capacity,GEV-minus-KDE,0.2656131863084693,3.888119937936597
411,capacity,GEV-minus-KDE,35.468804150183,0.0
412,capacity,GEV-minus-KDE,-14.70283326666038,-0.10336049663648991
413,capacity,GEV-minus-KDE,4.421639186319654,0.0
414,capacity,GEV-minus-KDE,-3.418858297141869,0.008069501907733388
415,capacity,GEV-minus-KDE,-3.76477302888574,0.27999885199942326
416,capacity,GEV-minus-KDE,-4.2078311169983,0.0
417,capacity,GEV-minus-KDE,-10.409108754937613,0.0
418,capacity,GEV-minus-KDE,13.108280735998163,0.0
419,capacity,GEV-minus-KDE,-3.3267153792031996,-0.38237437775119
420,capacity,GEV-minus-KDE,20.21681681218897,0.0
421,capacity,GEV-minus-KDE,8.94544425475374,0.0
422,capacity,GEV-minus-KDE,8.767916956758693,0.0
423,capacity,GEV-minus-KDE,-2.4603002301076424,0.0
424,capacity,GEV-minus-KDE,0.7383463081674868,0.04196861240979288
425,capacity,GEV-minus-KDE,-2.3665842633676313,-0.017637722493596582
426,capacity,GEV-minus-KDE,0.0807568045872592,0.0
427,capacity,GEV-minus-KDE,1.4513965529230206,0.35879892508950334
428,capacity,GEV-minus-KDE,-0.14498113815090002,0.0
429,capacity,GEV-minus-KDE,-10.333560250255921,0.0
430,capacity,GEV-minus-KDE,-8.08740716023197,0.0
431,capacity,GEV-minus-KDE,-2.275078423046531,-0.03191580506652332
432,capacity,GEV-minus-KDE,4.189483468551031,0.17101826656768324
433,capacity,GEV-minus-KDE,5.3483864159931205,0.0
434,capacity,GEV-minus-KDE,1.1644214306069407,0.0
435,capacity,GEV-minus-KDE,-0.13601981725726991,0.0
436,capacity,GEV-minus-KDE,2.8069575819369614,-0.010186454852883272
437,capacity,GEV-minus-KDE,-5.1703189496097295,0.12829473141602668
438,capacity,GEV-minus-KDE,7.865034282666469,0.0
439,capacity,GEV-minus-KDE,-3.932555238290508,-0.01698007980119999
440,capacity,GEV-minus-KDE,0.42877063852789776,0.0
441,capacity,GEV-minus-KDE,-9.607736464272133,4.427958514621957
442,capacity,GEV-minus-KDE,-10.95642823193481,0.08559543152845328
443,capacity,GEV-minus-KDE,8.151415430234671,0.0
444,capacity,GEV-minus-KDE,10.575243800427048,0.0
445,capacity,GEV-minus-KDE,16.44409054293418,0.0
446,capacity,GEV-minus-KDE,34.71213408919267,0.0
447,capacity,GEV-minus-KDE,-1.4349311497930104,0.0
448,capacity,GEV-minus-KDE,-4.3325463820547805,0.18190830132044
449,capacity,GEV-minus-KDE,27.631003591417,0.0
450,capacity,GEV-minus-KDE,5.546448000624729,0.12237339195056672
451,capacity,GEV-minus-KDE,-7.069114665650949,4.01505171498638
452,capacity,GEV-minus-KDE,9.2249228670901,0.0
453,capacity,GEV-minus-KDE,-5.439398370574092,0.0
454,capacity,GEV-minus-KDE,6.743009870603081,-0.20122698670591005
455,capacity,GEV-minus-KDE,2.63212164783503,0.0
456,capacity,GEV-minus-KDE,-7.516137247255478,0.45630754221096664
457,capacity,GEV-minus-KDE,-3.18266781825241,0.0
458,capacity,GEV-minus-KDE,2.25436513299819,-0.2951814357432133
459,capacity,GEV-minus-KDE,-3.9130315939159694,-0.060821794032363326
460,capacity,GEV-minus-KDE,-6.788829945074689,-0.043301691086513355
461,capacity,GEV-minus-KDE,5.52384450900202,-0.04640690351456996
462,capacity,GEV-minus-KDE,-7.62488338915556,0.0
463,capacity,GEV-minus-KDE,14.036791082498908,0.0
464,capacity,GEV-minus-KDE,-3.4439766360570805,0.0018454244891366947
465,capacity,GEV-minus-KDE,10.00465482817753,0.0
466,capacity,GEV-minus-KDE,-4.180611238184678,0.3530950724135472
467,capacity,GEV-minus-KDE,-8.311999706752081,0.0
468,capacity,GEV-minus-KDE,-7.436689081797029,4.076057565211764
469,capacity,GEV-minus-KDE,1.6921642339381093,0.0
470,capacity,GEV-minus-KDE,-1.2068516087749295,0.0
471,capacity,GEV-minus-KDE,-0.30615485401307985,0.03157722071308669
472,capacity,GEV-minus-KDE,-3.62752662221076,0.0
473,capacity,GEV-minus-KDE,13.84229181585312,0.0
474,capacity,GEV-minus-KDE,7.7500003765778205,0.0
475,capacity,GEV-minus-KDE,1.5470996475293486,0.0
476,capacity,GEV-minus-KDE,-1.3753375919801505,0.0
477,capacity,GEV-minus-KDE,-21.35924925105728,0.0
478,capacity,GEV-minus-KDE,-6.43290929603644,0.15889100514617
479,capacity,GEV-minus-KDE,0.22588435242732013,0.0
480,capacity,GEV-minus-KDE,-4.471279292649561,0.04872494645007004
481,capacity,GEV-minus-KDE,12.57506254181348,0.0
482,capacity,GEV-minus-KDE,-9.44776703091564,-0.35651930086164335
483,capacity,GEV-minus-KDE,-9.813497643460812,0.15366727934137
484,capacity,GEV-minus-KDE,-5.099579350749961,0.3081427846812767
485,capacity,GEV-minus-KDE,-11.461428320073841,0.0
486,capacity,GEV-minus-KDE,-2.572246568239319,-0.20451898565562993
487,capacity,GEV-minus-KDE,-2.6144243907455373,0.023788230833080015
488,capacity,GEV-minus-KDE,-0.6696407503270385,0.0
489,capacity,GEV-minus-KDE,-4.476043283624531,0.02276318363323669
490,capacity,GEV-minus-KDE,-2.1168899828396675,4.066708269096313
491,capacity,GEV-minus-KDE,12.519073221800248,0.0
492,capacity,GEV-minus-KDE,-1.2890038743576095,-0.37987195273249663
493,capacity,GEV-minus-KDE,3.632855593596501,0.05288418278161372
494,capacity,GEV-minus-KDE,-6.63354512467161,0.0
495,capacity,GEV-minus-KDE,8.62517059515924,0.0
496,capacity,GEV-minus-KDE,5.27026447932079,0.3136607592746099
497,capacity,GEV-minus-KDE,-2.8523785856938098,0.0
498,capacity,GEV-minus-KDE,-0.9004410914796603,0.24187659507116324
499,capacity,GEV-minus-KDE,-4.050144256573759,0.09592475396579996
500,capacity,GEV-minus-KDE,8.27856463869928,0.0
501,capacity,GEV-minus-KDE,11.69584866044493,0.0
502,capacity,GEV-minus-KDE,-2.129057188510661,-0.01908865650724007
503,capacity,GEV-minus-KDE,-5.5015457518247,-0.20716839058090322
504,capacity,GEV-minus-KDE,8.85289745373366,0.0
505,capacity,GEV-minus-KDE,5.8925634548664,0.0
506,capacity,GEV-minus-KDE,-9.42871712230682,0.08406100813602331
507,capacity,GEV-minus-KDE,-10.26844557452001,0.0
508,capacity,GEV-minus-KDE,0.8605706127843199,0.0
509,capacity,GEV-minus-KDE,5.52233661475909,0.0
510,capacity,GEV-minus-KDE,-3.66504974270708,0.0
511,capacity,GEV-minus-KDE,-5.943051337916041,0.0
512,capacity,GEV-minus-KDE,-4.39920311944019,0.0006623551927366529
513,capacity,GEV-minus-KDE,-1.6297756380420705,0.008884390009953388
514,capacity,GEV-minus-KDE,2.451047454888,0.0
515,capacity,GEV-minus-KDE,22.90313956121629,0.0
516,capacity,GEV-minus-KDE,-8.18547756164798,0.0
517,capacity,GEV-minus-KDE,-5.078613913033333,3.966414154620489
518,capacity,GEV-minus-KDE,5.802241787769439,0.0
519,capacity,GEV-minus-KDE,-7.395248143167819,0.1932616594492233
520,capacity,GEV-minus-KDE,-1.8472972620919792,3.77905090140752
521,capacity,GEV-minus-KDE,-6.290749022364311,0.09108718748684344
522,capacity,GEV-minus-KDE,-4.38851605700265,0.0
523,capacity,GEV-minus-KDE,-2.05733487215133,0.0
524,capacity,GEV-minus-KDE,5.18020134649505,0.0
525,capacity,GEV-minus-KDE,-3.6186212843029306,0.0
526,capacity,GEV-minus-KDE,22.813487737373606,0.0
527,capacity,GEV-minus-KDE,-4.627727199119902,4.231001299703803
528,capacity,GEV-minus-KDE,-3.7584509384214884,0.051668347605500056
529,capacity,GEV-minus-KDE,-8.390632973182772,0.15163883874605336
530,capacity,GEV-minus-KDE,-4.24897634955607,-0.2170868293014467
531,capacity,GEV-minus-KDE,-2.0871184081929104,0.0
532,capacity,GEV-minus-KDE,2.0346140512365802,-0.054411130047116674
533,capacity,GEV-minus-KDE,-7.16159554976609,-0.35369392168881
534,capacity,GEV-minus-KDE,-1.2859700246672712,0.0627993422099066
535,capacity,GEV-minus-KDE,-6.683134772149709,0.0
536,capacity,GEV-minus-KDE,20.64352073383083,0.0
537,capacity,GEV-minus-KDE,-4.133543763274279,0.0
538,capacity,GEV-minus-KDE,13.64733774155141,0.0
539,capacity,GEV-minus-KDE,-5.71517815080481,-0.009195012584553335
540,capacity,GEV-minus-KDE,-8.301840666047108,-0.33799521689081663
541,capacity,GEV-minus-KDE,-4.24741282123978,0.15015950453578336
542,capacity,GEV-minus-KDE,-3.2282743759906807,0.0035359955890866893
543,capacity,GEV-minus-KDE,1.6756326526287695,0.0
544,capacity,GEV-minus-KDE,2.5723869805559803,-0.3084447331242733
545,capacity,GEV-minus-KDE,0.805220320572092,-0.09062372397550329
546,capacity,GEV-minus-KDE,25.78054730017331,0.0
547,capacity,GEV-minus-KDE,-36.34548290669839,0.0
548,capacity,GEV-minus-KDE,1.0753638589185406,0.08423618551467657
549,capacity,GEV-minus-KDE,-0.4615700482762275,-0.003270368585863402
550,capacity,GEV-minus-KDE,-4.27609572168498,0.0
551,capacity,GEV-minus-KDE,-42.04096932633152,0.0
552,capacity,GEV-minus-KDE,-3.11633167779388,0.17160813148511003
553,capacity,GEV-minus-KDE,4.57840866212346,0.0
554,capacity,GEV-minus-KDE,2.1231439484451005,0.0
555,capacity,GEV-minus-KDE,-5.75616929361659,0.0
556,capacity,GEV-minus-KDE,11.746227381841381,0.05296592322520336
557,capacity,GEV-minus-KDE,6.60183691035216,0.17909243634372665
558,capacity,GEV-minus-KDE,-6.032384409883701,0.14527797915156668
559,capacity,GEV-minus-KDE,-2.1637431992687,0.0
560,capacity,GEV-minus-KDE,2.5857928786650497,-0.014548301738930014
561,capacity,GEV-minus-KDE,-3.3469250829069597,0.0016621990117833725
562,capacity,GEV-minus-KDE,-4.05679943867156,0.0
563,capacity,GEV-minus-KDE,-6.917537375404178,4.02516319768866
564,capacity,GEV-minus-KDE,3.38622871051904,-0.0022524774226267627
565,capacity,GEV-minus-KDE,0.9881513499290506,0.03855190884766331
566,capacity,GEV-minus-KDE,-4.438717095721831,0.12076963102844339
567,capacity,GEV-minus-KDE,-8.60781352776019,0.0
568,capacity,GEV-minus-KDE,8.11313906620977,-0.18566883560628325
569,capacity,GEV-minus-KDE,-5.361220167893229,0.0
570,capacity,GEV-minus-KDE,-8.961080581416203,0.0
571,capacity,GEV-minus-KDE,-2.9718557311564195,-0.18637063766642673
572,capacity,GEV-minus-KDE,-2.6564968168659,4.360486058388649
573,capacity,GEV-minus-KDE,-0.9794967495000917,-0.035706698754573364
574,capacity,GEV-minus-KDE,-1.7644136943829005,0.17808459219633
575,capacity,GEV-minus-KDE,-2.96325496248371,0.0
576,capacity,GEV-minus-KDE,0.3049904886774202,-0.0029241263279966567
577,capacity,GEV-minus-KDE,-7.624973827869221,-0.005533681364343346
578,capacity,GEV-minus-KDE,6.104960256883751,0.0
579,capacity,GEV-minus-KDE,-12.944605394872829,0.08280094444722665
580,capacity,GEV-minus-KDE,-4.367656734412359,0.0
581,capacity,GEV-minus-KDE,2.7523692399750113,0.0
582,capacity,GEV-minus-KDE,-7.164091791831649,-0.3250713878673399
583,capacity,GEV-minus-KDE,-11.31445966682205,-0.24506742328583322
584,capacity,GEV-minus-KDE,-7.975980584795521,0.0
585,capacity,GEV-minus-KDE,1.5464150598831576,0.0
586,capacity,GEV-minus-KDE,2.96353351199811,0.0
587,capacity,GEV-minus-KDE,-0.002459473258629996,0.16082050879702
588,capacity,GEV-minus-KDE,-2.64239409162694,0.0
589,capacity,GEV-minus-KDE,-4.213952364075951,-0.19094307297433327
590,capacity,GEV-minus-KDE,4.610655229249561,-0.02372154693797337
591,capacity,GEV-minus-KDE,6.572057815296111,0.0
592,capacity,GEV-minus-KDE,-2.59801137636618,-0.021789552917833403
593,capacity,GEV-minus-KDE,6.723983802201048,0.0
594,capacity,GEV-minus-KDE,-7.332480223042029,0.16261607950294327
595,capacity,GEV-minus-KDE,0.16474261651209798,0.0
596,capacity,GEV-minus-KDE,10.148778001948301,0.0
597,capacity,GEV-minus-KDE,3.359157691130882,-0.007380231421836702
598,capacity,GEV-minus-KDE,-2.4416591156066705,0.0038565192495067582
599,capacity,GEV-minus-KDE,0.010668245372920035,-0.10933808163109665
600,capacity,GEV-minus-KDE,-5.407614913889872,0.044336609872346666
601,capacity,GEV-minus-KDE,13.696232570164621,0.0
602,capacity,GEV-minus-KDE,2.1256697109292286,0.020161870627253414
603,capacity,GEV-minus-KDE,-5.05375000261664,0.17938475107959997
604,capacity,GEV-minus-KDE,-3.3296689104791803,0.04612722490220664
605,capacity,GEV-minus-KDE,-6.97216674718548,0.0
606,capacity,GEV-minus-KDE,3.28100426100794,0.0
607,capacity,GEV-minus-KDE,-5.409699596535359,-0.043400499443640016
608,capacity,GEV-minus-KDE,2.5240353633667207,0.0
609,capacity,GEV-minus-KDE,15.61387497283685,0.0
610,capacity,GEV-minus-KDE,-1.8697340269529794,0.0
611,capacity,GEV-minus-KDE,-2.54749949540537,0.0
612,capacity,GEV-minus-KDE,5.92790077456048,0.0
613,capacity,GEV-minus-KDE,4.0602680224148395,0.0
614,capacity,GEV-minus-KDE,6.3275727867184,0.0
615,capacity,GEV-minus-KDE,11.29636973650756,0.0
616,capacity,GEV-minus-KDE,12.048464006649539,0.0
617,capacity,GEV-minus-KDE,-0.1930882695693914,0.0
618,capacity,GEV-minus-KDE,-4.30348752223394,0.07449131443221678
619,capacity,GEV-minus-KDE,-4.99288514565452,0.0
620,capacity,GEV-minus-KDE,-6.448747737377869,-0.007306469767020055
621,capacity,GEV-minus-KDE,1.5324265081606003,5.0638808816658165e-05
622,capacity,GEV-minus-KDE,-8.718322454432107,4.1361897645825865
623,capacity,GEV-minus-KDE,5.245751482040399,0.0
624,capacity,GEV-minus-KDE,1.3499432965448703,0.1527030756887866
625,capacity,GEV-minus-KDE,-6.643485379626359,0.0
626,capacity,GEV-minus-KDE,2.082581816493451,3.69654360483271
627,capacity,GEV-minus-KDE,0.23611460934752013,0.0
628,capacity,GEV-minus-KDE,-7.43307604631918,0.15200625830271663
629,capacity,GEV-minus-KDE,-7.200291466063831,0.15254472860999999
630,capacity,GEV-minus-KDE,-4.499225920732649,0.16045220428824333
631,capacity,GEV-minus-KDE,4.356552574206512,0.0
632,capacity,GEV-minus-KDE,-5.438873023832949,-0.033698427357293365
633,capacity,GEV-minus-KDE,2.4392728276862896,3.59308854450269
634,capacity,GEV-minus-KDE,3.8615410235434466,0.0
635,capacity,GEV-minus-KDE,-4.6292346721649,-0.32950521208718997
636,capacity,GEV-minus-KDE,-7.855263028897489,0.0
637,capacity,GEV-minus-KDE,1.4451684509671603,-0.049786759959
638,capacity,GEV-minus-KDE,10.26289547897367,0.0
639,capacity,GEV-minus-KDE,13.084050542177799,0.0
640,capacity,GEV-minus-KDE,12.554774546550382,0.0
641,capacity,GEV-minus-KDE,-3.054977317117069,0.15003845540910665
642,capacity,GEV-minus-KDE,-0.3444003959532205,-0.03185561223235335
643,capacity,GEV-minus-KDE,11.527569729125048,0.0
644,capacity,GEV-minus-KDE,-1.4497252482127687,3.6456736851691462
645,capacity,GEV-minus-KDE,-5.82070693182494,0.0049861004661966996
646,capacity,GEV-minus-KDE,4.80503835500614,-0.3516995153443199
647,capacity,GEV-minus-KDE,-6.80357629737256,0.0
648,capacity,GEV-minus-KDE,-1.2742969787150282,-0.014647993327936582
649,capacity,GEV-minus-KDE,-8.761195768828351,0.0
650,capacity,GEV-minus-KDE,-9.321750198863219,0.18972170091339666
651,capacity,GEV-minus-KDE,3.9486226990231197,0.07284427478499332
652,capacity,GEV-minus-KDE,-2.28607036179615,0.15631859826780667
653,capacity,GEV-minus-KDE,12.295925951962888,0.0
654,capacity,GEV-minus-KDE,-8.915099602845181,0.045995433638453334
655,capacity,GEV-minus-KDE,0.780299621339281,-0.14650564798444005
656,capacity,GEV-minus-KDE,-2.1828716450767804,0.0
657,capacity,GEV-minus-KDE,-2.6645738204610887,-0.0025210930373166865
658,capacity,GEV-minus-KDE,5.393480408816101,0.0
659,capacity,GEV-minus-KDE,19.463966625479127,0.0
660,capacity,GEV-minus-KDE,-4.94692096154249,0.0
661,capacity,GEV-minus-KDE,-0.9610593460007977,0.012023336230933355
662,capacity,GEV-minus-KDE,-2.132949848242538,0.12885121037335967
663,capacity,GEV-minus-KDE,-0.6746071800729891,-0.04186953235430996
664,capacity,GEV-minus-KDE,3.8110735311339203,-0.2344000560101432
665,capacity,GEV-minus-KDE,-9.29896861260279,0.03708573552707994
666,capacity,GEV-minus-KDE,-1.6918970562002902,0.0
667,capacity,GEV-minus-KDE,13.709360391742562,0.0
668,capacity,GEV-minus-KDE,3.1342081939471385,0.3089621028730047
669,capacity,GEV-minus-KDE,-6.416937936317801,0.037713230179063376
670,capacity,GEV-minus-KDE,19.44231250207162,0.0
671,capacity,GEV-minus-KDE,12.241886614188658,0.0
672,capacity,GEV-minus-KDE,-7.008610319309161,0.0
673,capacity,GEV-minus-KDE,0.49625986950301293,0.0113702469371528
674,capacity,GEV-minus-KDE,-2.002088111004288,0.02912449039364339
675,capacity,GEV-minus-KDE,-10.995963887718279,0.04497562278529674
676,capacity,GEV-minus-KDE,6.01522888453789,0.0
677,capacity,GEV-minus-KDE,-8.62849352638845,-0.2534762315751066
678,capacity,GEV-minus-KDE,-2.3861618246891396,0.022985668472026537
679,capacity,GEV-minus-KDE,0.5187573579748694,0.015707120332096678
680,capacity,GEV-minus-KDE,-3.5933542683433823,0.0009402253950733207
681,capacity,GEV-minus-KDE,-4.095884832994259,-0.028687231434963364
682,capacity,GEV-minus-KDE,-3.300748505341691,0.08243123422801996
683,capacity,GEV-minus-KDE,-1.9477966963750704,-0.3818434607108666
684,capacity,GEV-minus-KDE,0.2600645199871576,-0.005554209681770013
685,capacity,GEV-minus-KDE,5.028224270038181,0.0
686,capacity,GEV-minus-KDE,0.77532529423745,0.027883190602290102
687,capacity,GEV-minus-KDE,-3.5531070298673613,0.2185725217651105
688,capacity,GEV-minus-KDE,-4.4897406156773005,0.0
689,capacity,GEV-minus-KDE,1.1722997075219093,0.0
690,capacity,GEV-minus-KDE,-10.70792311495395,0.0
691,capacity,GEV-minus-KDE,-8.886221495318672,0.0
692,capacity,GEV-minus-KDE,-0.512748649830358,0.0
693,capacity,GEV-minus-KDE,-8.625624878703741,0.0
694,capacity,GEV-minus-KDE,-3.84454470754252,0.0
695,capacity,GEV-minus-KDE,-4.5918344173774495,0.0
696,capacity,GEV-minus-KDE,-7.763725983038439,0.0
697,capacity,GEV-minus-KDE,-1.6596520883470105,0.0
698,capacity,GEV-minus-KDE,-4.058801730396279,0.0
699,capacity,GEV-minus-KDE,16.113708262526337,0.0
700,capacity,GEV-minus-KDE,4.15757329577047,-0.006969861019683315
701,capacity,GEV-minus-KDE,-4.8273004616901805,0.0
702,capacity,GEV-minus-KDE,3.499124075655841,-0.035355587409616626
703,capacity,GEV-minus-KDE,13.47775016099556,0.0
704,capacity,GEV-minus-KDE,14.71240807064142,0.0
705,capacity,GEV-minus-KDE,-3.635910117054933,0.0006862586711233257
706,capacity,GEV-minus-KDE,-6.634741448938569,0.01177116302673335
707,capacity,GEV-minus-KDE,-4.4125028722102115,0.20020689285886323
708,capacity,GEV-minus-KDE,-5.716825774780339,0.19850427163133003
709,capacity,GEV-minus-KDE,0.9710117312281004,0.0
710,capacity,GEV-minus-KDE,-0.4206654207536298,0.0004693503360700402
711,capacity,GEV-minus-KDE,8.92629031833064,0.0
712,capacity,GEV-minus-KDE,-2.783444185071439,0.0
713,capacity,GEV-minus-KDE,-5.730696418630969,0.01893144247992664
714,capacity,GEV-minus-KDE,-6.362837209342651,0.0
715,capacity,GEV-minus-KDE,23.020370407262142,0.0
716,capacity,GEV-minus-KDE,-1.01509262724565,0.0
717,capacity,GEV-minus-KDE,10.508319823887849,0.0
718,capacity,GEV-minus-KDE,6.30574920904359,0.0
719,capacity,GEV-minus-KDE,15.68243713659535,0.0
720,capacity,GEV-minus-KDE,-4.393835073166128,-0.006043124301090101
721,capacity,GEV-minus-KDE,6.138832257077438,0.007209862878206682
722,capacity,GEV-minus-KDE,2.271200768967913,0.07854805295374051
723,capacity,GEV-minus-KDE,-0.9082516860278916,0.31121007860745664
724,capacity,GEV-minus-KDE,13.15541564113825,0.0
725,capacity,GEV-minus-KDE,-1.672307478774232,0.0
726,capacity,GEV-minus-KDE,-4.88738502817051,0.0
727,capacity,GEV-minus-KDE,-2.5033637280795107,-0.0235289122374434
728,capacity,GEV-minus-KDE,-3.4691869367558805,0.19602038611557
729,capacity,GEV-minus-KDE,-7.515006025572049,0.0
730,capacity,GEV-minus-KDE,1.8155707744816896,-0.009493720805653274
731,capacity,GEV-minus-KDE,-6.14839744289488,-0.3817561213122199
732,capacity,GEV-minus-KDE,-16.731619308598088,0.0
733,capacity,GEV-minus-KDE,0.8759789700998499,0.0
734,capacity,GEV-minus-KDE,-10.745910973673938,-0.3270415084612067
735,capacity,GEV-minus-KDE,-3.80498352367509,0.08034293567223666
736,capacity,GEV-minus-KDE,0.5177415427737003,0.0
737,capacity,GEV-minus-KDE,10.793026970599911,0.0
738,capacity,GEV-minus-KDE,-7.97370341005926,-0.19601551779352325
739,capacity,GEV-minus-KDE,0.32403054974353,0.0
740,capacity,GEV-minus-KDE,1.5944999210213695,0.0
741,capacity,GEV-minus-KDE,0.3290939662259629,0.005767322286869686
742,capacity,GEV-minus-KDE,-5.24663539462942,0.1870037809222633
743,capacity,GEV-minus-KDE,-5.63468355209667,0.20964714099225668
744,capacity,GEV-minus-KDE,10.25037798473955,0.0
745,capacity,GEV-minus-KDE,-3.0070522152462975,0.0
746,capacity,GEV-minus-KDE,-5.539911341265251,0.0
747,capacity,GEV-minus-KDE,0.9942182130141398,-0.31513205846121
748,capacity,GEV-minus-KDE,-10.983056660363081,0.15850145938061336
749,capacity,GEV-minus-KDE,6.939590780537411,0.0
750,capacity,GEV-minus-KDE,5.358670561631628,0.050951296787269534
751,capacity,GEV-minus-KDE,2.17627787951269,0.0
752,capacity,GEV-minus-KDE,1.063648604356561,-0.37840557510450334
753,capacity,GEV-minus-KDE,-4.597224048517928,3.8631828871768232
754,capacity,GEV-minus-KDE,14.28180687300673,0.0
755,capacity,GEV-minus-KDE,-12.049327184105271,0.0
756,capacity,GEV-minus-KDE,6.35878406006294,-0.029538440540616707
757,capacity,GEV-minus-KDE,-5.683569734008391,0.0
758,capacity,GEV-minus-KDE,24.058606607327455,0.0
759,capacity,GEV-minus-KDE,10.33979074700543,0.0
760,capacity,GEV-minus-KDE,12.543213235862968,-0.06474733788665665
761,capacity,GEV-minus-KDE,5.45021200904552,0.0
762,capacity,GEV-minus-KDE,12.05167179019836,0.0
763,capacity,GEV-minus-KDE,16.18542513901015,0.0
764,capacity,GEV-minus-KDE,11.77853403641388,0.0
765,capacity,GEV-minus-KDE,6.777988394971719,0.0
766,capacity,GEV-minus-KDE,0.02218664252387481,3.7370645187895497
767,capacity,GEV-minus-KDE,21.6006669723587,0.0
768,capacity,GEV-minus-KDE,-5.58344649024882,0.0
769,capacity,GEV-minus-KDE,-2.111386531768869,0.0
770,capacity,GEV-minus-KDE,-8.18955534416955,0.0356217005277
771,capacity,GEV-minus-KDE,-5.838310826763809,0.05817389970044669
772,capacity,GEV-minus-KDE,-11.085398660722829,-0.2036612881485533
773,capacity,GEV-minus-KDE,12.07834309976274,0.0
774,capacity,GEV-minus-KDE,31.42698688571205,0.0
775,capacity,GEV-minus-KDE,-0.6115459417656677,3.789808415956349
776,capacity,GEV-minus-KDE,13.95987373999888,0.0
777,capacity,GEV-minus-KDE,-11.17866062016407,-0.31358548825904337
778,capacity,GEV-minus-KDE,-6.27578065955448,0.0
779,capacity,GEV-minus-KDE,16.350158760409737,0.0
780,capacity,GEV-minus-KDE,-7.343131944398099,0.11835742914592003
781,capacity,GEV-minus-KDE,-0.46776799378625,0.030873794143189935
782,capacity,GEV-minus-KDE,-8.81403168536883,0.1581258047530799
783,capacity,GEV-minus-KDE,-4.7242239364159,0.0
784,capacity,GEV-minus-KDE,-4.03733533610756,0.0
785,capacity,GEV-minus-KDE,-2.037307007404382,3.720085802558353
786,capacity,GEV-minus-KDE,-4.52341135512081,0.0
787,capacity,GEV-minus-KDE,16.12295945838583,0.0
788,capacity,GEV-minus-KDE,-0.3017077706132909,-0.05632642790889669
789,capacity,GEV-minus-KDE,-12.31131573203719,0.10312036164088004
790,capacity,GEV-minus-KDE,-1.2550901520529802,0.0
791,capacity,GEV-minus-KDE,3.52693759634744,0.0
792,capacity,GEV-minus-KDE,-0.797774476396168,0.1377447315981932
793,capacity,GEV-minus-KDE,6.90968141280013,0.0
794,capacity,GEV-minus-KDE,6.04540942082246,0.0
795,capacity,GEV-minus-KDE,-2.428701170760422,-0.0013029010366600279
796,capacity,GEV-minus-KDE,-6.55593119369378,0.0
797,capacity,GEV-minus-KDE,-6.324707144531461,0.10857227444503328
798,capacity,GEV-minus-KDE,-16.47160050980735,0.0
799,capacity,GEV-minus-KDE,-2.20201426020582,0.0
800,capacity,GEV-minus-KDE,-1.7986516349482506,-0.021065269178106687
801,capacity,GEV-minus-KDE,21.7895651526357,0.0
802,capacity,GEV-minus-KDE,-6.9221947702594715,-0.3604279438218733
803,capacity,GEV-minus-KDE,-0.536580349648641,0.032777909826510035
804,capacity,GEV-minus-KDE,-6.835863647124168,0.0736497940668367
805,capacity,GEV-minus-KDE,3.5076958935451903,0.0
806,capacity,GEV-minus-KDE,-2.93725032040191,0.0
807,capacity,GEV-minus-KDE,14.482304535265394,0.0
808,capacity,GEV-minus-KDE,0.33141032157367,0.0
809,capacity,GEV-minus-KDE,-16.678705725947964,0.0
810,capacity,GEV-minus-KDE,0.66085073827324,0.14998752951671002
811,capacity,GEV-minus-KDE,-6.460886225316218,4.009650361283367
812,capacity,GEV-minus-KDE,8.324032190431922,0.32896229556042994
813,capacity,GEV-minus-KDE,18.75305356728641,0.0
814,capacity,GEV-minus-KDE,-5.84992962072477,0.0
815,capacity,GEV-minus-KDE,-0.7598462175661985,0.010115367250256631
816,capacity,GEV-minus-KDE,4.165744734268709,0.43435261286733334
817,capacity,GEV-minus-KDE,-0.916555831744291,-0.005500060268780107
818,capacity,GEV-minus-KDE,-0.3993317495850107,0.0
819,capacity,GEV-minus-KDE,22.65650208051816,0.0
820,capacity,GEV-minus-KDE,13.4065741797217,0.0
821,capacity,GEV-minus-KDE,0.3586047696053807,0.16204280068500998
822,capacity,GEV-minus-KDE,-9.784542208198589,0.0
823,capacity,GEV-minus-KDE,-7.60660802564874,0.03160510144500994
824,capacity,GEV-minus-KDE,-0.44261721816403965,0.0
825,capacity,GEV-minus-KDE,12.28870357708452,0.0
826,capacity,GEV-minus-KDE,2.4997654580441204,0.19503425407321334
827,capacity,GEV-minus-KDE,0.4606798459782291,-0.012461733079699965
828,capacity,GEV-minus-KDE,-7.123713342457851,-0.3157293662157833
829,capacity,GEV-minus-KDE,-11.106217655178929,-0.27339600373130657
830,capacity,GEV-minus-KDE,-3.3883607069306203,0.0
831,capacity,GEV-minus-KDE,-3.988303180501551,0.03148196345333998
832,capacity,GEV-minus-KDE,-0.23062084182234877,0.0
833,capacity,GEV-minus-KDE,-2.69750813881699,0.0
834,capacity,GEV-minus-KDE,13.439807876110791,-0.042470031767446584
835,capacity,GEV-minus-KDE,1.1169297132874199,0.0
836,capacity,GEV-minus-KDE,2.56747461342512,0.1729023062763067
837,capacity,GEV-minus-KDE,-7.866238992332511,-0.011729338662763277
838,capacity,GEV-minus-KDE,-13.05723855943996,0.0
839,capacity,GEV-minus-KDE,-4.30751697048025,0.15744775743275669
840,capacity,GEV-minus-KDE,17.94710459889432,0.0
841,capacity,GEV-minus-KDE,-1.9389136983568505,-0.35283304522715664
842,capacity,GEV-minus-KDE,9.09036895725489,-0.10967723560497325
843,capacity,GEV-minus-KDE,-4.588307949176008,0.15033381462113335
844,capacity,GEV-minus-KDE,-6.1957819057087695,0.024497088030226658
845,capacity,GEV-minus-KDE,-3.3546252406981614,0.002782694571543294
846,capacity,GEV-minus-KDE,-4.31100554593804,0.0
847,capacity,GEV-minus-KDE,3.0037293247890395,0.0
848,capacity,GEV-minus-KDE,-2.734685266824571,-0.006712363982433293
849,capacity,GEV-minus-KDE,-11.261938087202699,-0.3091744925821067
850,capacity,GEV-minus-KDE,-1.2266877980372903,-0.017187505587626644
851,capacity,GEV-minus-KDE,9.138435382971572,0.0
852,capacity,GEV-minus-KDE,2.7175460696722222,-0.016508338536563166
853,capacity,GEV-minus-KDE,10.65755020455675,0.0
854,capacity,GEV-minus-KDE,3.146709120288599,3.7165791301179474
855,capacity,GEV-minus-KDE,-2.17354346774824,-0.018151717227966706
856,capacity,GEV-minus-KDE,-5.976989689987209,0.0
857,capacity,GEV-minus-KDE,-11.70259080373523,0.09169968037759327
858,capacity,GEV-minus-KDE,2.76191306392633,0.028494930869250087
859,capacity,GEV-minus-KDE,-1.5014744678839316,0.0
860,capacity,GEV-minus-KDE,-3.3912742660231086,-0.02346448070486007
861,capacity,GEV-minus-KDE,-0.8983359721111202,0.16330072591513997
862,capacity,GEV-minus-KDE,19.338995774302663,0.0
863,capacity,GEV-minus-KDE,0.8975008839179899,0.06657783186711994
864,capacity,GEV-minus-KDE,8.438667296341011,0.0
865,capacity,GEV-minus-KDE,10.28976603245482,4.250877207738574
866,capacity,GEV-minus-KDE,-5.341413339345371,0.0
867,capacity,GEV-minus-KDE,21.01482546625245,0.0
868,capacity,GEV-minus-KDE,-4.564213007856541,0.09772965708360996
869,capacity,GEV-minus-KDE,4.4496348901282,-0.15504346636159
870,capacity,GEV-minus-KDE,2.713843340971173,0.0
871,capacity,GEV-minus-KDE,-0.04017801009774946,-0.00705944687699675
872,capacity,GEV-minus-KDE,-1.1378555272667095,-0.014574229673480071
873,capacity,GEV-minus-KDE,-10.16146606636884,0.03954579428492675
874,capacity,GEV-minus-KDE,-7.270011086486361,0.0
875,capacity,GEV-minus-KDE,-8.04676596884962,0.0
876,capacity,GEV-minus-KDE,-4.94487732798542,0.16414749724125335
877,capacity,GEV-minus-KDE,-1.5260932733222292,0.08475556495486335
878,capacity,GEV-minus-KDE,-2.3265126715937985,0.0
879,capacity,GEV-minus-KDE,6.331277731414341,0.0
880,capacity,GEV-minus-KDE,5.874711362962431,0.0
881,capacity,GEV-minus-KDE,1.1821455487684596,0.0
882,capacity,GEV-minus-KDE,-0.2059533216644649,0.0
883,capacity,GEV-minus-KDE,-3.10121978744968,0.05980899263786331
884,capacity,GEV-minus-KDE,9.28583191014573,0.0
885,capacity,GEV-minus-KDE,-7.643737326681061,0.0
886,capacity,GEV-minus-KDE,0.40186058153889004,0.0
887,capacity,GEV-minus-KDE,10.267021083542009,0.0
888,capacity,GEV-minus-KDE,-4.385454061976449,0.05476767264616326
889,capacity,GEV-minus-KDE,-0.06779157109050998,0.0
890,capacity,GEV-minus-KDE,-5.433591852445499,0.0
891,capacity,GEV-minus-KDE,5.025693918227221,0.0
892,capacity,GEV-minus-KDE,-1.0834868643039008,-0.03578311145158999
893,capacity,GEV-minus-KDE,-6.645141037019229,-0.026787981495396667
894,capacity,GEV-minus-KDE,2.6811255191731913,-0.050927421220173304
895,capacity,GEV-minus-KDE,1.37646918378359,0.0
896,capacity,GEV-minus-KDE,-2.1120015580599922,0.07594353838273668
897,capacity,GEV-minus-KDE,-4.953604359046859,0.03328312438335328
898,capacity,GEV-minus-KDE,12.546147235129801,0.0
899,capacity,GEV-minus-KDE,6.202238939427532,0.0
900,capacity,GEV-minus-KDE,-2.270258368479569,0.0
901,capacity,GEV-minus-KDE,8.23491342623732,3.691511550192343
902,capacity,GEV-minus-KDE,-1.3069945775547902,0.2526387581696766
903,capacity,GEV-minus-KDE,12.288970849230948,0.0
904,capacity,GEV-minus-KDE,-4.992883981684459,0.014642291980119897
905,capacity,GEV-minus-KDE,1.3465991595191202,0.0
906,capacity,GEV-minus-KDE,-4.750590163576749,0.0
907,capacity,GEV-minus-KDE,-1.7330845642577202,0.0
908,capacity,GEV-minus-KDE,0.9099163762379986,0.0
909,capacity,GEV-minus-KDE,0.9321279354749301,-0.015902278816389958
910,capacity,GEV-minus-KDE,-3.4623491447679093,0.03220359566906998
911,capacity,GEV-minus-KDE,-0.6666377001492405,0.0
912,capacity,GEV-minus-KDE,10.54822970964146,0.0
913,capacity,GEV-minus-KDE,-2.209710507305071,0.024455770822523395
914,capacity,GEV-minus-KDE,8.922114155361768,0.0
915,capacity,GEV-minus-KDE,-1.2360699118195484,0.07016622049582227
916,capacity,GEV-minus-KDE,6.4646406759248904,0.0
917,capacity,GEV-minus-KDE,2.3846264300280695,3.6241183689962
918,capacity,GEV-minus-KDE,-3.909610166066191,0.17254719760115625
919,capacity,GEV-minus-KDE,21.09261399144432,0.0
920,capacity,GEV-minus-KDE,-4.63688605510322,0.0
921,capacity,GEV-minus-KDE,-3.73553878535534,0.0
922,capacity,GEV-minus-KDE,-7.238805136050821,0.06865680683833669
923,capacity,GEV-minus-KDE,-3.7659722978169192,0.12590120480015338
924,capacity,GEV-minus-KDE,4.636842783020111,0.0
925,capacity,GEV-minus-KDE,-4.009593826670551,-0.04766374059832332
926,capacity,GEV-minus-KDE,34.05246067990735,0.0
927,capacity,GEV-minus-KDE,-6.122802388142842,0.06750201321475664
928,capacity,GEV-minus-KDE,-3.9150065159185483,4.35637798152427
929,capacity,GEV-minus-KDE,-2.660954501597082,-0.013880912855813391
930,capacity,GEV-minus-KDE,-7.1933448218701495,0.0
931,capacity,GEV-minus-KDE,4.820483140179101,0.15877866864350668
932,capacity,GEV-minus-KDE,11.846823829268041,0.0
933,capacity,GEV-minus-KDE,7.578252997787821,0.0
934,capacity,GEV-minus-KDE,-5.716709653244201,0.011940484562236644
935,capacity,GEV-minus-KDE,-4.439936220929214,0.2666985290773416
936,capacity,GEV-minus-KDE,5.387354860178551,0.19787039553180003
937,capacity,GEV-minus-KDE,-4.920157184422869,-0.04608854749801328
938,capacity,GEV-minus-KDE,-2.3088204055602697,0.0
939,capacity,GEV-minus-KDE,-8.982424271147549,-0.27638951099707665
940,capacity,GEV-minus-KDE,-3.635784437186,0.0
941,capacity,GEV-minus-KDE,6.028658810447723,0.0
942,capacity,GEV-minus-KDE,10.026715419117929,0.0
943,capacity,GEV-minus-KDE,-6.349748468874919,0.16678229399935668
944,capacity,GEV-minus-KDE,-9.28745886381696,0.03100756182910667
945,capacity,GEV-minus-KDE,-35.06797881397409,0.0
946,capacity,GEV-minus-KDE,6.283380180895421,0.1746781089846
947,capacity,GEV-minus-KDE,0.18267296823734902,-0.017319982697546702
948,capacity,GEV-minus-KDE,-3.4847550670562195,0.0
949,capacity,GEV-minus-KDE,-5.1897394893209885,0.1751971129132
950,capacity,GEV-minus-KDE,-5.63020805504269,0.0425494534671134
951,capacity,GEV-minus-KDE,1.8906915307290197,0.0
952,capacity,GEV-minus-KDE,4.09157731944696,0.12328390991344657
953,capacity,GEV-minus-KDE,-5.08991031204244,0.0
954,capacity,GEV-minus-KDE,2.94756589203382,-0.2670885620010932
955,capacity,GEV-minus-KDE,5.22555805354641,0.0
956,capacity,GEV-minus-KDE,16.263742784424682,0.0
957,capacity,GEV-minus-KDE,-17.59869235679393,0.0
958,capacity,GEV-minus-KDE,-1.6451010406492106,-0.0067863166814233905
959,capacity,GEV-minus-KDE,2.8461987832097884,0.0
960,capacity,GEV-minus-KDE,3.47933003316849,0.0
961,capacity,GEV-minus-KDE,4.36810707172261,-0.06438670443516668
962,capacity,GEV-minus-KDE,1.9703556359487702,0.2624762471226833
963,capacity,GEV-minus-KDE,-7.1628717262210015,0.18081354596625332
964,capacity,GEV-minus-KDE,0.3415199458284779,0.17533792776837018
965,capacity,GEV-minus-KDE,3.8673056300949096,0.18762324066588335
966,capacity,GEV-minus-KDE,-0.1131736538594802,0.029072651277320047
967,capacity,GEV-minus-KDE,-5.327904513254941,-0.35379359396890997
968,capacity,GEV-minus-KDE,0.65047423421032,0.0
969,capacity,GEV-minus-KDE,-6.839052695448341,-0.38184363665105336
970,capacity,GEV-minus-KDE,-3.7159231815783595,0.014662939817646718
971,capacity,GEV-minus-KDE,-2.755992778283231,0.02525539619481331
972,capacity,GEV-minus-KDE,6.001244407775311,0.09228950362493334
973,capacity,GEV-minus-KDE,17.72636680838719,0.0
974,capacity,GEV-minus-KDE,-56.46659463305967,0.0
975,capacity,GEV-minus-KDE,-4.0852731714811,-0.13141582659813325
976,capacity,GEV-minus-KDE,4.21650952193198,0.0
977,capacity,GEV-minus-KDE,1.1500800435080296,0.0
978,capacity,GEV-minus-KDE,17.59839956589007,0.0
979,capacity,GEV-minus-KDE,-5.6015146563285985,4.08003794203793
980,capacity,GEV-minus-KDE,-3.97306508481741,0.1508134791758967
981,capacity,GEV-minus-KDE,-5.413794356065779,0.0
982,capacity,GEV-minus-KDE,8.295650750752737,0.0
983,capacity,GEV-minus-KDE,17.53582508581533,0.0
984,capacity,GEV-minus-KDE,-7.847147431903768,0.03455183128215668
985,capacity,GEV-minus-KDE,9.01343780613961,0.0
986,capacity,GEV-minus-KDE,-6.44689031508891,0.1802644008084775
987,capacity,GEV-minus-KDE,0.7281954680524005,0.0
988,capacity,GEV-minus-KDE,9.14598195224921,0.0
989,capacity,GEV-minus-KDE,16.980920673699742,0.0
990,capacity,GEV-minus-KDE,18.51464743297801,0.0
991,capacity,GEV-minus-KDE,2.0011545656277994,0.01480088990236661
992,capacity,GEV-minus-KDE,-6.733042009826621,-0.38257660138763
993,capacity,GEV-minus-KDE,-3.432648701824231,0.0020078128412266694
994,capacity,GEV-minus-KDE,-0.08622009919143983,0.0
995,capacity,GEV-minus-KDE,0.6009042825128396,0.0
996,capacity,GEV-minus-KDE,-9.86714687270805,0.15441306024011328
997,capacity,GEV-minus-KDE,3.5524456950992294,0.382956486101383
998,capacity,GEV-minus-KDE,14.337998568952681,0.0
999,capacity,GEV-minus-KDE,2.926961858279689,0.0
0,contracted_maximum_demand,GEV-minus-KDE,1.25227505803195,-0.5980768478964134
1,contracted_maximum_demand,GEV-minus-KDE,0.3158960406028699,-0.15342504702100332
2,contracted_maximum_demand,GEV-minus-KDE,-4.40059768317235,0.23323673969266664
3,contracted_maximum_demand,GEV-minus-KDE,-8.485099280061908,0.2779853844372133
4,contracted_maximum_demand,GEV-minus-KDE,13.44169627110966,0.0
5,contracted_maximum_demand,GEV-minus-KDE,-9.672076773813469,-0.07153186678812667
6,contracted_maximum_demand,GEV-minus-KDE,-8.063251844750669,-0.7631954506637952
7,contracted_maximum_demand,GEV-minus-KDE,-5.95068565733528,-0.20571185858992
8,contracted_maximum_demand,GEV-minus-KDE,5.106193367275641,-0.02678351953710664
9,contracted_maximum_demand,GEV-minus-KDE,0.14264091393768885,-0.0758000562719601
10,contracted_maximum_demand,GEV-minus-KDE,1.0305030715530017,0.02474704979797326
11,contracted_maximum_demand,GEV-minus-KDE,-2.13910847623397,-0.16823255106969331
12,contracted_maximum_demand,GEV-minus-KDE,10.39263305746515,0.0
13,contracted_maximum_demand,GEV-minus-KDE,4.09433325476311,0.0
14,contracted_maximum_demand,GEV-minus-KDE,-8.256048598227512,0.0
15,contracted_maximum_demand,GEV-minus-KDE,10.6986609499615,0.0
16,contracted_maximum_demand,GEV-minus-KDE,0.7951761957257899,-0.31039998459253326
17,contracted_maximum_demand,GEV-minus-KDE,15.071828934365078,0.0
18,contracted_maximum_demand,GEV-minus-KDE,-9.18644127704163,0.25564296743396
19,contracted_maximum_demand,GEV-minus-KDE,11.26990325167477,0.0
20,contracted_maximum_demand,GEV-minus-KDE,1.212511773986649,-0.06016101808003083
21,contracted_maximum_demand,GEV-minus-KDE,-4.053062466082579,0.13243558471761663
22,contracted_maximum_demand,GEV-minus-KDE,4.9131829690179485,0.0559051572539
23,contracted_maximum_demand,GEV-minus-KDE,19.52096066119468,0.0
24,contracted_maximum_demand,GEV-minus-KDE,-5.58683235973272,0.5097477258930068
25,contracted_maximum_demand,GEV-minus-KDE,-2.3756805768417264,0.0
26,contracted_maximum_demand,GEV-minus-KDE,12.339227264395989,-0.07425550235625995
27,contracted_maximum_demand,GEV-minus-KDE,-5.1371789383327595,-0.15149783227466
28,contracted_maximum_demand,GEV-minus-KDE,-8.67374931075392,0.10178816432653066
29,contracted_maximum_demand,GEV-minus-KDE,-4.838684836068349,0.1754869086422133
30,contracted_maximum_demand,GEV-minus-KDE,-11.83988474623437,0.08149306447105559
31,contracted_maximum_demand,GEV-minus-KDE,16.76639614329641,0.0
32,contracted_maximum_demand,GEV-minus-KDE,-1.541150768913696,0.06668512075925334
33,contracted_maximum_demand,GEV-minus-KDE,-2.3154341905173514,0.19159721625578
34,contracted_maximum_demand,GEV-minus-KDE,21.69431440660388,0.0
35,contracted_maximum_demand,GEV-minus-KDE,-14.684302967092682,0.0
36,contracted_maximum_demand,GEV-minus-KDE,-3.5402521811606302,-0.010762861055606667
37,contracted_maximum_demand,GEV-minus-KDE,7.29279152468932,0.0
38,contracted_maximum_demand,GEV-minus-KDE,0.8835936438321802,-0.07425550235625995
39,contracted_maximum_demand,GEV-minus-KDE,-11.054973600940311,0.0773902821860133
40,contracted_maximum_demand,GEV-minus-KDE,-3.2920091497341,0.20395477681184665
41,contracted_maximum_demand,GEV-minus-KDE,1.0941528770380486,-0.19511951471355996
42,contracted_maximum_demand,GEV-minus-KDE,4.213270481380241,0.0
43,contracted_maximum_demand,GEV-minus-KDE,-1.8691453066602512,-0.1149896828677533
44,contracted_maximum_demand,GEV-minus-KDE,-7.65706067460611,0.16367022448154667
45,contracted_maximum_demand,GEV-minus-KDE,23.44537732633446,0.0
46,contracted_maximum_demand,GEV-minus-KDE,-5.49036559921153,0.0
47,contracted_maximum_demand,GEV-minus-KDE,-0.6018310274571399,0.0
48,contracted_maximum_demand,GEV-minus-KDE,6.155121370053332,0.0
49,contracted_maximum_demand,GEV-minus-KDE,1.3273786828974121,-0.007466431136097234
50,contracted_maximum_demand,GEV-minus-KDE,-3.0947072353084,0.06827238179646002
51,contracted_maximum_demand,GEV-minus-KDE,-4.7404337698155,-0.07425550235625995
52,contracted_maximum_demand,GEV-minus-KDE,-2.80691462899257,-0.5407668168501599
53,contracted_maximum_demand,GEV-minus-KDE,-1.89704157828842,0.0
54,contracted_maximum_demand,GEV-minus-KDE,-4.403455591211119,0.3518326880865933
55,contracted_maximum_demand,GEV-minus-KDE,15.28972647748375,0.0
56,contracted_maximum_demand,GEV-minus-KDE,-3.2157515605479996,-0.4172892766980099
57,contracted_maximum_demand,GEV-minus-KDE,-2.644718198271699,0.08724168743836
58,contracted_maximum_demand,GEV-minus-KDE,-1.2985976111639301,0.08752009890908999
59,contracted_maximum_demand,GEV-minus-KDE,-1.4334722120033616,0.08525218737766001
60,contracted_maximum_demand,GEV-minus-KDE,-1.9217746609223498,-0.6119284897385666
61,contracted_maximum_demand,GEV-minus-KDE,-4.004414483038571,0.168423838404
62,contracted_maximum_demand,GEV-minus-KDE,3.93783550959724,-0.07425550235625995
63,contracted_maximum_demand,GEV-minus-KDE,10.153093593379529,0.0
64,contracted_maximum_demand,GEV-minus-KDE,-0.36456640442521226,0.03822455178101802
65,contracted_maximum_demand,GEV-minus-KDE,-3.0854337919101305,0.022243990969141248
66,contracted_maximum_demand,GEV-minus-KDE,0.8462128716124284,-0.03131178914834
67,contracted_maximum_demand,GEV-minus-KDE,-1.6318685812268106,-0.29822776986944666
68,contracted_maximum_demand,GEV-minus-KDE,4.61640713943801,0.0
69,contracted_maximum_demand,GEV-minus-KDE,-6.0135838638343095,-0.01513443438955792
70,contracted_maximum_demand,GEV-minus-KDE,-10.856781461141749,0.24259801269856668
71,contracted_maximum_demand,GEV-minus-KDE,-7.87759309727929,0.0
72,contracted_maximum_demand,GEV-minus-KDE,-10.057334812192021,-0.46942441899430665
73,contracted_maximum_demand,GEV-minus-KDE,-7.063930348369339,0.054633642582593324
74,contracted_maximum_demand,GEV-minus-KDE,-4.17510332519256,0.08236742103886427
75,contracted_maximum_demand,GEV-minus-KDE,-8.39165764365668,0.09324499429141334
76,contracted_maximum_demand,GEV-minus-KDE,-5.19452783936743,-0.07425550235625995
77,contracted_maximum_demand,GEV-minus-KDE,-3.2394806297805556,0.0
78,contracted_maximum_demand,GEV-minus-KDE,-6.97743564611506,-0.15666730903488
79,contracted_maximum_demand,GEV-minus-KDE,-2.7681108800098997,-0.4131982228918233
80,contracted_maximum_demand,GEV-minus-KDE,-3.08511565466178,-0.09890128050159669
81,contracted_maximum_demand,GEV-minus-KDE,27.957020412192517,0.0
82,contracted_maximum_demand,GEV-minus-KDE,-5.78200826159257,-0.8267422406066599
83,contracted_maximum_demand,GEV-minus-KDE,11.973455214391851,0.0
84,contracted_maximum_demand,GEV-minus-KDE,13.65781121866298,-0.3293108786944466
85,contracted_maximum_demand,GEV-minus-KDE,13.626193321019509,0.0
86,contracted_maximum_demand,GEV-minus-KDE,2.1123039823687293,0.03046895641353334
87,contracted_maximum_demand,GEV-minus-KDE,18.99464474491083,0.0
88,contracted_maximum_demand,GEV-minus-KDE,-8.368613991671946,0.0
89,contracted_maximum_demand,GEV-minus-KDE,-2.01214123266359,-0.07425550235625995
90,contracted_maximum_demand,GEV-minus-KDE,-5.558455315975158,0.14808326893144
91,contracted_maximum_demand,GEV-minus-KDE,12.53790748543826,0.0
92,contracted_maximum_demand,GEV-minus-KDE,2.89603047951136,0.0
93,contracted_maximum_demand,GEV-minus-KDE,-8.06344292939403,-0.5453015259711267
94,contracted_maximum_demand,GEV-minus-KDE,4.37885735822337,0.0
95,contracted_maximum_demand,GEV-minus-KDE,-5.033389936838997,0.06656919062922667
96,contracted_maximum_demand,GEV-minus-KDE,-0.022651318132160814,-0.11845531738470666
97,contracted_maximum_demand,GEV-minus-KDE,-0.6828371949979296,-0.45455132452290575
98,contracted_maximum_demand,GEV-minus-KDE,-5.207867902092842,-0.028271782871211893
99,contracted_maximum_demand,GEV-minus-KDE,-7.80882606464266,0.13691068846181662
100,contracted_maximum_demand,GEV-minus-KDE,8.952374472812663,0.0
101,contracted_maximum_demand,GEV-minus-KDE,14.63621796512056,0.0
102,contracted_maximum_demand,GEV-minus-KDE,-4.6024578983158895,0.16172677648224662
103,contracted_maximum_demand,GEV-minus-KDE,-3.9636043638224,-0.5325224882492566
104,contracted_maximum_demand,GEV-minus-KDE,6.451831346096651,0.0
105,contracted_maximum_demand,GEV-minus-KDE,-8.43255171157033,-0.5964255685641733
106,contracted_maximum_demand,GEV-minus-KDE,-0.4870262435342998,0.0
107,contracted_maximum_demand,GEV-minus-KDE,-1.3737986941104674,0.16851877044548658
108,contracted_maximum_demand,GEV-minus-KDE,-7.13742268136616,-0.4507481928192199
109,contracted_maximum_demand,GEV-minus-KDE,8.39152597708204,-0.07425550235625995
110,contracted_maximum_demand,GEV-minus-KDE,0.8576388404587215,-0.03507660856954666
111,contracted_maximum_demand,GEV-minus-KDE,-2.3918475331930296,0.009217652512093335
112,contracted_maximum_demand,GEV-minus-KDE,7.232079816249773,0.22872077867305343
113,contracted_maximum_demand,GEV-minus-KDE,0.0028924053691203877,0.2888228701962601
114,contracted_maximum_demand,GEV-minus-KDE,-1.3401300768511897,0.0
115,contracted_maximum_demand,GEV-minus-KDE,-2.9641550888406796,0.00840481316625416
116,contracted_maximum_demand,GEV-minus-KDE,-11.45106107749878,0.0
117,contracted_maximum_demand,GEV-minus-KDE,-3.0690718041794183,-0.6276493898491999
118,contracted_maximum_demand,GEV-minus-KDE,-6.115625147901951,-0.36465501576172665
119,contracted_maximum_demand,GEV-minus-KDE,-2.2402370753751093,-0.014600106527757258
120,contracted_maximum_demand,GEV-minus-KDE,23.62764947809039,0.0
121,contracted_maximum_demand,GEV-minus-KDE,-8.335814535802989,0.0
122,contracted_maximum_demand,GEV-minus-KDE,5.08702285982807,0.0
123,contracted_maximum_demand,GEV-minus-KDE,-18.43258815129757,0.0
124,contracted_maximum_demand,GEV-minus-KDE,-3.91352731493176,-0.07425550235625995
125,contracted_maximum_demand,GEV-minus-KDE,0.4172239810656786,-0.07825123961345998
126,contracted_maximum_demand,GEV-minus-KDE,-3.741359286404941,-0.20069193880952665
127,contracted_maximum_demand,GEV-minus-KDE,-4.654337080504529,0.06848344527378
128,contracted_maximum_demand,GEV-minus-KDE,-2.1429962302795786,-0.09361652749104668
129,contracted_maximum_demand,GEV-minus-KDE,-0.86572164993548,-0.7139813237448
130,contracted_maximum_demand,GEV-minus-KDE,-3.5846677964826794,0.0287563259426532
131,contracted_maximum_demand,GEV-minus-KDE,18.08859020487891,0.0
132,contracted_maximum_demand,GEV-minus-KDE,6.700825012775559,0.0
133,contracted_maximum_demand,GEV-minus-KDE,-2.54471436707506,0.2757419445478733
134,contracted_maximum_demand,GEV-minus-KDE,1.2397177170005589,0.0
135,contracted_maximum_demand,GEV-minus-KDE,1.408420443783981,0.051616586575773324
136,contracted_maximum_demand,GEV-minus-KDE,3.306113809975239,0.0
137,contracted_maximum_demand,GEV-minus-KDE,-12.675169735710268,0.0
138,contracted_maximum_demand,GEV-minus-KDE,-10.097577656721079,0.09888257426203999
139,contracted_maximum_demand,GEV-minus-KDE,-3.8666888964595096,-0.5696476761126482
140,contracted_maximum_demand,GEV-minus-KDE,1.3733196837400374,-0.04022101194121334
141,contracted_maximum_demand,GEV-minus-KDE,-10.17138657788799,-0.7834914873781733
142,contracted_maximum_demand,GEV-minus-KDE,-1.95997865762845,-0.058788741947555546
143,contracted_maximum_demand,GEV-minus-KDE,-5.0642497137554,0.0
144,contracted_maximum_demand,GEV-minus-KDE,-1.3850259006802923,0.10216719773061332
145,contracted_maximum_demand,GEV-minus-KDE,-1.9062695777259997,0.14347210161443333
146,contracted_maximum_demand,GEV-minus-KDE,-1.94450474803569,0.6013491092678166
147,contracted_maximum_demand,GEV-minus-KDE,7.509846369631667,0.0
148,contracted_maximum_demand,GEV-minus-KDE,-10.65646767760949,-0.5607659597289633
149,contracted_maximum_demand,GEV-minus-KDE,-7.75691923480671,0.077236773519325
150,contracted_maximum_demand,GEV-minus-KDE,1.60101392207248,0.0
151,contracted_maximum_demand,GEV-minus-KDE,9.411366718911228,0.0
152,contracted_maximum_demand,GEV-minus-KDE,6.59325958753535,0.0
153,contracted_maximum_demand,GEV-minus-KDE,-9.953987782545463,-0.7520951618049667
154,contracted_maximum_demand,GEV-minus-KDE,6.268965673317512,-0.14299880271280005
155,contracted_maximum_demand,GEV-minus-KDE,-1.23523115599026,0.012014047024190089
156,contracted_maximum_demand,GEV-minus-KDE,-3.953036111932029,-0.027615049812366663
157,contracted_maximum_demand,GEV-minus-KDE,0.69817305786102,-0.39239380454655326
158,contracted_maximum_demand,GEV-minus-KDE,-6.328365429474669,0.0
159,contracted_maximum_demand,GEV-minus-KDE,14.866083413414788,0.0
160,contracted_maximum_demand,GEV-minus-KDE,-11.220595104604818,0.4152094567522066
161,contracted_maximum_demand,GEV-minus-KDE,1.1142024333678306,-0.07425550235625995
162,contracted_maximum_demand,GEV-minus-KDE,6.008727573875521,-0.04245358909083217
163,contracted_maximum_demand,GEV-minus-KDE,-2.536345879002519,0.05028751920064
164,contracted_maximum_demand,GEV-minus-KDE,-4.92636206561085,-0.07425550235625995
165,contracted_maximum_demand,GEV-minus-KDE,-6.601700050894889,-0.039401064517951556
166,contracted_maximum_demand,GEV-minus-KDE,4.669403224598151,0.03147388176146251
167,contracted_maximum_demand,GEV-minus-KDE,-8.61605748619951,0.06696655633854387
168,contracted_maximum_demand,GEV-minus-KDE,8.47999524140995,-0.3482367920049333
169,contracted_maximum_demand,GEV-minus-KDE,-5.54078925321776,-0.062010366485030013
170,contracted_maximum_demand,GEV-minus-KDE,-3.5644678257622715,-0.07772068909002666
171,contracted_maximum_demand,GEV-minus-KDE,12.866873453691612,0.0
172,contracted_maximum_demand,GEV-minus-KDE,-9.68144034878576,0.46775060129754015
173,contracted_maximum_demand,GEV-minus-KDE,-10.17595121481638,-0.69928973856
174,contracted_maximum_demand,GEV-minus-KDE,-7.2243033064721605,-0.8347315472700975
175,contracted_maximum_demand,GEV-minus-KDE,4.103839221673961,-0.001573410068471831
176,contracted_maximum_demand,GEV-minus-KDE,-2.0554620381903588,-0.03306871850156795
177,contracted_maximum_demand,GEV-minus-KDE,-6.908088362169269,-0.07425550235625995
178,contracted_maximum_demand,GEV-minus-KDE,3.6482071674463104,-0.34581449937843
179,contracted_maximum_demand,GEV-minus-KDE,-0.42490441653171007,0.0
180,contracted_maximum_demand,GEV-minus-KDE,2.115397539851481,-0.12635791212000352
181,contracted_maximum_demand,GEV-minus-KDE,-4.193155686739461,-0.31522489550843996
182,contracted_maximum_demand,GEV-minus-KDE,20.11765598051129,0.0
183,contracted_maximum_demand,GEV-minus-KDE,0.16019851599339274,0.0
184,contracted_maximum_demand,GEV-minus-KDE,-4.7303529122435295,-0.024965621442279
185,contracted_maximum_demand,GEV-minus-KDE,1.3863678745676122,-0.029728973897093332
186,contracted_maximum_demand,GEV-minus-KDE,26.433292138010252,0.0
187,contracted_maximum_demand,GEV-minus-KDE,-3.5973391162590405,0.03182135523417632
188,contracted_maximum_demand,GEV-minus-KDE,8.41694714914177,0.0
189,contracted_maximum_demand,GEV-minus-KDE,4.462450222150855,0.028542250163466665
190,contracted_maximum_demand,GEV-minus-KDE,-3.3132435192147422,0.0
191,contracted_maximum_demand,GEV-minus-KDE,-2.3742429864779098,0.0
192,contracted_maximum_demand,GEV-minus-KDE,-0.23135887124544063,0.0
193,contracted_maximum_demand,GEV-minus-KDE,8.00730820824684,-0.07425550235625995
194,contracted_maximum_demand,GEV-minus-KDE,-2.670034955553982,-0.07967288343841333
195,contracted_maximum_demand,GEV-minus-KDE,-5.04286279077555,-0.2461914742625866
196,contracted_maximum_demand,GEV-minus-KDE,-1.2161422380136302,0.0
197,contracted_maximum_demand,GEV-minus-KDE,2.1691348659262895,-0.61813060268872
198,contracted_maximum_demand,GEV-minus-KDE,-14.05272991021863,-0.07425550235625995
199,contracted_maximum_demand,GEV-minus-KDE,7.71216819609864,-0.07425550235625995
200,contracted_maximum_demand,GEV-minus-KDE,-4.93973417098434,-0.5476874895532633
201,contracted_maximum_demand,GEV-minus-KDE,-7.367691324340507,0.0
202,contracted_maximum_demand,GEV-minus-KDE,6.920393583097789,0.0
203,contracted_maximum_demand,GEV-minus-KDE,1.6971825563638991,-0.05933870627029335
204,contracted_maximum_demand,GEV-minus-KDE,3.85322820889413,0.02077397634249044
205,contracted_maximum_demand,GEV-minus-KDE,22.015680167027423,0.0
206,contracted_maximum_demand,GEV-minus-KDE,1.7888815669288696,-0.07425550235625995
207,contracted_maximum_demand,GEV-minus-KDE,4.10201549482111,0.0
208,contracted_maximum_demand,GEV-minus-KDE,3.938101527628979,-0.03505447102879998
209,contracted_maximum_demand,GEV-minus-KDE,-0.5720410451392599,-0.03666311297566
210,contracted_maximum_demand,GEV-minus-KDE,-3.062895850292918,-0.06514135551977332
211,contracted_maximum_demand,GEV-minus-KDE,-10.658603105147876,-0.3586456333200433
212,contracted_maximum_demand,GEV-minus-KDE,0.8187296047338005,0.0
213,contracted_maximum_demand,GEV-minus-KDE,0.1682662930447193,0.0
214,contracted_maximum_demand,GEV-minus-KDE,1.5762301452420098,-0.07425550235625995
215,contracted_maximum_demand,GEV-minus-KDE,2.41432478502313,0.0
216,contracted_maximum_demand,GEV-minus-KDE,10.6658452885662,-0.35364272456945
217,contracted_maximum_demand,GEV-minus-KDE,-9.60236440580194,0.09076574602358
218,contracted_maximum_demand,GEV-minus-KDE,-2.4990611366950493,-0.014377046300980599
219,contracted_maximum_demand,GEV-minus-KDE,-7.26729109346429,-0.5721101686231732
220,contracted_maximum_demand,GEV-minus-KDE,3.2051583704643978,0.0
221,contracted_maximum_demand,GEV-minus-KDE,-10.265394314057572,-0.4720422326042599
222,contracted_maximum_demand,GEV-minus-KDE,6.452189522651771,-0.16336674080274668
223,contracted_maximum_demand,GEV-minus-KDE,0.09700911469988083,-0.05943603523742669
224,contracted_maximum_demand,GEV-minus-KDE,-1.60378551872219,-0.4423653488703866
225,contracted_maximum_demand,GEV-minus-KDE,4.481252722956959,0.0
226,contracted_maximum_demand,GEV-minus-KDE,4.1155430282564,0.0
227,contracted_maximum_demand,GEV-minus-KDE,-0.5137107534384899,0.19809247284012008
228,contracted_maximum_demand,GEV-minus-KDE,4.209658558330981,-0.02363596242579329
229,contracted_maximum_demand,GEV-minus-KDE,4.586093806206789,-0.07425550235625995
230,contracted_maximum_demand,GEV-minus-KDE,-3.594467469385512,-0.08621843290500666
231,contracted_maximum_demand,GEV-minus-KDE,-1.2649412226101804,-0.46289193301142334
232,contracted_maximum_demand,GEV-minus-KDE,-5.910796667336912,0.06646147923025332
233,contracted_maximum_demand,GEV-minus-KDE,12.619753399978482,0.0
234,contracted_maximum_demand,GEV-minus-KDE,-7.853202305127249,0.0
235,contracted_maximum_demand,GEV-minus-KDE,10.66328611422533,0.0
236,contracted_maximum_demand,GEV-minus-KDE,5.42752798693093,0.0
237,contracted_maximum_demand,GEV-minus-KDE,-0.7121302206493301,-0.5676518471504223
238,contracted_maximum_demand,GEV-minus-KDE,-9.25258206978266,-0.4675798126970266
239,contracted_maximum_demand,GEV-minus-KDE,-7.0893882079660795,-0.07425550235625995
240,contracted_maximum_demand,GEV-minus-KDE,-1.8155825902543998,-0.8259949048565866
241,contracted_maximum_demand,GEV-minus-KDE,-0.3644642283099492,0.24251048160506658
242,contracted_maximum_demand,GEV-minus-KDE,0.2554284965998882,0.0318582842035734
243,contracted_maximum_demand,GEV-minus-KDE,-5.803941776070779,-0.5697938021258772
244,contracted_maximum_demand,GEV-minus-KDE,-7.588035706930059,0.1159659526619002
245,contracted_maximum_demand,GEV-minus-KDE,-6.227216771916069,-0.03324964378512525
246,contracted_maximum_demand,GEV-minus-KDE,5.404568378300261,0.09195985293658729
247,contracted_maximum_demand,GEV-minus-KDE,-3.4589913305969806,0.04523497610904002
248,contracted_maximum_demand,GEV-minus-KDE,-1.9943782467275697,0.0
249,contracted_maximum_demand,GEV-minus-KDE,24.07898997620367,0.0
250,contracted_maximum_demand,GEV-minus-KDE,-5.3870416980567,-0.08614147462734595
251,contracted_maximum_demand,GEV-minus-KDE,5.93904798428363,0.0
252,contracted_maximum_demand,GEV-minus-KDE,-6.387579275478811,-0.009426388136559542
253,contracted_maximum_demand,GEV-minus-KDE,-7.4247402713387975,0.0
254,contracted_maximum_demand,GEV-minus-KDE,4.948532880228878,0.05079699760974005
255,contracted_maximum_demand,GEV-minus-KDE,-5.159890204130391,0.0
256,contracted_maximum_demand,GEV-minus-KDE,14.862926238230001,0.0
257,contracted_maximum_demand,GEV-minus-KDE,0.9562300120490697,0.07921141812576667
258,contracted_maximum_demand,GEV-minus-KDE,13.822643288579789,0.0
259,contracted_maximum_demand,GEV-minus-KDE,-9.20579972528317,0.0
260,contracted_maximum_demand,GEV-minus-KDE,-10.776046259985891,0.07010994337630368
261,contracted_maximum_demand,GEV-minus-KDE,-2.0984986699282087,-0.13427386696445334
262,contracted_maximum_demand,GEV-minus-KDE,-3.3119197328791206,-0.5264434624080766
263,contracted_maximum_demand,GEV-minus-KDE,-2.5191345138971393,-0.15300016901424002
264,contracted_maximum_demand,GEV-minus-KDE,4.232912341214012,-0.013439587920393913
265,contracted_maximum_demand,GEV-minus-KDE,-0.0989126196436596,0.00036110367557058124
266,contracted_maximum_demand,GEV-minus-KDE,-1.9931106465185102,0.12350562025294665
267,contracted_maximum_demand,GEV-minus-KDE,-5.7867525330733,0.0
268,contracted_maximum_demand,GEV-minus-KDE,0.7354091822903891,-0.051434126305761906
269,contracted_maximum_demand,GEV-minus-KDE,-9.85876702675547,-0.8226198529576666
270,contracted_maximum_demand,GEV-minus-KDE,10.576939506637459,0.18957226449198666
271,contracted_maximum_demand,GEV-minus-KDE,1.4389970189194412,0.0
272,contracted_maximum_demand,GEV-minus-KDE,-6.952931984679991,-0.16918373678362636
273,contracted_maximum_demand,GEV-minus-KDE,-5.1639750941527,0.0
274,contracted_maximum_demand,GEV-minus-KDE,-12.88834416927581,-0.4747749484525266
275,contracted_maximum_demand,GEV-minus-KDE,2.997679196314479,-0.004659456371732814
276,contracted_maximum_demand,GEV-minus-KDE,-8.903058656658882,-0.4488567793695766
277,contracted_maximum_demand,GEV-minus-KDE,-4.84551751721648,-0.34373777680310325
278,contracted_maximum_demand,GEV-minus-KDE,-2.8970823774674193,0.2839390231415734
279,contracted_maximum_demand,GEV-minus-KDE,-2.015092685354458,-0.7747046905566533
280,contracted_maximum_demand,GEV-minus-KDE,-7.415638312732341,0.6946761548386601
281,contracted_maximum_demand,GEV-minus-KDE,2.9099977020081096,0.0
282,contracted_maximum_demand,GEV-minus-KDE,-7.538461026106959,-0.8156351246520933
283,contracted_maximum_demand,GEV-minus-KDE,-0.565317361825371,-0.07425550235625995
284,contracted_maximum_demand,GEV-minus-KDE,-6.16353923350005,0.0
285,contracted_maximum_demand,GEV-minus-KDE,2.45529461105479,0.44491726040940677
286,contracted_maximum_demand,GEV-minus-KDE,1.0201521854192042,0.0
287,contracted_maximum_demand,GEV-minus-KDE,-1.73109441511045,0.0
288,contracted_maximum_demand,GEV-minus-KDE,-2.40451047161348,-0.07425550235625995
289,contracted_maximum_demand,GEV-minus-KDE,6.5691115019131106,-0.8331068013628796
290,contracted_maximum_demand,GEV-minus-KDE,2.86353885841657,-0.11054117510439
291,contracted_maximum_demand,GEV-minus-KDE,-6.611444567831559,0.43178397577037325
292,contracted_maximum_demand,GEV-minus-KDE,5.420551076946917,0.0
293,contracted_maximum_demand,GEV-minus-KDE,-7.819700859413131,-0.8186317233911732
294,contracted_maximum_demand,GEV-minus-KDE,-5.001798664061418,-0.04144114576903337
295,contracted_maximum_demand,GEV-minus-KDE,4.361579076480561,0.0
296,contracted_maximum_demand,GEV-minus-KDE,13.745729522941652,0.0
297,contracted_maximum_demand,GEV-minus-KDE,16.65926238503272,0.0
298,contracted_maximum_demand,GEV-minus-KDE,16.489920422188202,0.0
299,contracted_maximum_demand,GEV-minus-KDE,9.440237562217108,0.0
300,contracted_maximum_demand,GEV-minus-KDE,-1.2025262724418089,0.04922777694869333
301,contracted_maximum_demand,GEV-minus-KDE,23.506149424026322,0.0
302,contracted_maximum_demand,GEV-minus-KDE,2.176553178340429,-0.07582751325411995
303,contracted_maximum_demand,GEV-minus-KDE,5.965657076111699,0.0
304,contracted_maximum_demand,GEV-minus-KDE,-1.3612203964258525,-0.026924761115610464
305,contracted_maximum_demand,GEV-minus-KDE,0.009563595544054282,-0.0064385140462
306,contracted_maximum_demand,GEV-minus-KDE,9.42236212336026,-0.07425550235625995
307,contracted_maximum_demand,GEV-minus-KDE,5.56927208782213,-0.002096453342153356
308,contracted_maximum_demand,GEV-minus-KDE,-0.2919874895640301,0.0
309,contracted_maximum_demand,GEV-minus-KDE,-0.08414524398649981,-0.03616994317003085
310,contracted_maximum_demand,GEV-minus-KDE,4.58368809711138,-0.07230786445219335
311,contracted_maximum_demand,GEV-minus-KDE,1.3802037502172904,-0.14164160408633336
312,contracted_maximum_demand,GEV-minus-KDE,14.391304940573468,0.0
313,contracted_maximum_demand,GEV-minus-KDE,-1.6148344594182906,-0.10424706835015334
314,contracted_maximum_demand,GEV-minus-KDE,9.29704951553418,0.0
315,contracted_maximum_demand,GEV-minus-KDE,5.105099315261151,0.0
316,contracted_maximum_demand,GEV-minus-KDE,-5.874522056848821,-0.07425550235625995
317,contracted_maximum_demand,GEV-minus-KDE,-8.09202032156712,-0.4159272107127767
318,contracted_maximum_demand,GEV-minus-KDE,2.2409019921147895,0.0006483271084753873
319,contracted_maximum_demand,GEV-minus-KDE,4.343941911581512,-0.18862388827638996
320,contracted_maximum_demand,GEV-minus-KDE,-3.1517684314010697,-0.07425550235625995
321,contracted_maximum_demand,GEV-minus-KDE,-11.91553916099309,0.09844138191138666
322,contracted_maximum_demand,GEV-minus-KDE,-7.346399042087831,-0.07425550235625995
323,contracted_maximum_demand,GEV-minus-KDE,-8.52028814313546,0.10065236799928667
324,contracted_maximum_demand,GEV-minus-KDE,-5.8286732716171405,0.011063587652173336
325,contracted_maximum_demand,GEV-minus-KDE,-3.00648892550541,0.22035950042420668
326,contracted_maximum_demand,GEV-minus-KDE,-10.785410609405858,-0.43863038873813
327,contracted_maximum_demand,GEV-minus-KDE,-4.616361341764328,0.05622118545387875
328,contracted_maximum_demand,GEV-minus-KDE,-8.69481304955831,0.11605904244790001
329,contracted_maximum_demand,GEV-minus-KDE,4.60643138080096,0.0
330,contracted_maximum_demand,GEV-minus-KDE,-0.9242329770158701,-0.07425550235625995
331,contracted_maximum_demand,GEV-minus-KDE,2.7975782082421103,0.0
332,contracted_maximum_demand,GEV-minus-KDE,1.6182176205662202,-0.26636798754499325
333,contracted_maximum_demand,GEV-minus-KDE,3.987826626124508,0.0
334,contracted_maximum_demand,GEV-minus-KDE,-1.89825670484432,-0.08603005233780667
335,contracted_maximum_demand,GEV-minus-KDE,-4.501467384389149,-0.10188780961481335
336,contracted_maximum_demand,GEV-minus-KDE,-9.09245943120862,-0.13598453564395663
337,contracted_maximum_demand,GEV-minus-KDE,-2.72868613264282,0.4307496602798867
338,contracted_maximum_demand,GEV-minus-KDE,-3.190263980164318,0.22108151229254
339,contracted_maximum_demand,GEV-minus-KDE,-10.0477014962369,-0.8371118117442162
340,contracted_maximum_demand,GEV-minus-KDE,-9.14052749237963,-0.43130232943673324
341,contracted_maximum_demand,GEV-minus-KDE,17.742896660428347,0.0
342,contracted_maximum_demand,GEV-minus-KDE,-2.0604030985020616,0.021027747366673327
343,contracted_maximum_demand,GEV-minus-KDE,15.691712022753368,0.0
344,contracted_maximum_demand,GEV-minus-KDE,-6.21066395441383,-0.8194040592432932
345,contracted_maximum_demand,GEV-minus-KDE,-10.672556119899129,-0.062256065967393165
346,contracted_maximum_demand,GEV-minus-KDE,0.885881265846511,-0.17008963992123338
347,contracted_maximum_demand,GEV-minus-KDE,-3.2591380596319386,0.00025745967445184163
348,contracted_maximum_demand,GEV-minus-KDE,0.29632619442239994,0.0
349,contracted_maximum_demand,GEV-minus-KDE,-7.94385667433868,0.038587871618060016
350,contracted_maximum_demand,GEV-minus-KDE,0.3269066097135509,0.0
351,contracted_maximum_demand,GEV-minus-KDE,0.7117281706640104,0.0
352,contracted_maximum_demand,GEV-minus-KDE,0.5013235996217299,0.0
353,contracted_maximum_demand,GEV-minus-KDE,-1.4604485682024104,-0.5297270659738167
354,contracted_maximum_demand,GEV-minus-KDE,-3.7971108925832,0.08119678683242666
355,contracted_maximum_demand,GEV-minus-KDE,20.58813493301671,0.0
356,contracted_maximum_demand,GEV-minus-KDE,-4.5510572016459205,-0.011840000750773332
357,contracted_maximum_demand,GEV-minus-KDE,-0.6757954518467391,-0.057396880370666675
358,contracted_maximum_demand,GEV-minus-KDE,-5.43308889224372,-0.24422237782962333
359,contracted_maximum_demand,GEV-minus-KDE,-3.4119011713558898,0.0
360,contracted_maximum_demand,GEV-minus-KDE,4.158135982208119,0.0
361,contracted_maximum_demand,GEV-minus-KDE,-8.25266629825048,-0.4732663169950033
362,contracted_maximum_demand,GEV-minus-KDE,-6.930010860864,0.15522669362534672
363,contracted_maximum_demand,GEV-minus-KDE,2.6546305489119018,-0.0013621047150053616
364,contracted_maximum_demand,GEV-minus-KDE,16.95958073795103,0.0
365,contracted_maximum_demand,GEV-minus-KDE,0.8778420980392301,-0.5878442510552067
366,contracted_maximum_demand,GEV-minus-KDE,-7.32884372361904,-0.6844585377022733
367,contracted_maximum_demand,GEV-minus-KDE,0.7908122698915707,-0.4570388870397633
368,contracted_maximum_demand,GEV-minus-KDE,-7.35849486600577,-0.8366878363451071
369,contracted_maximum_demand,GEV-minus-KDE,-0.5982572670483799,0.12864661230667335
370,contracted_maximum_demand,GEV-minus-KDE,-4.0935294396315385,-0.02789331174507092
371,contracted_maximum_demand,GEV-minus-KDE,-3.70931621890085,0.4072989551543532
372,contracted_maximum_demand,GEV-minus-KDE,0.9484570521788194,-0.09420261365880671
373,contracted_maximum_demand,GEV-minus-KDE,10.673616154561472,0.0
374,contracted_maximum_demand,GEV-minus-KDE,15.28564425458907,0.0
375,contracted_maximum_demand,GEV-minus-KDE,-1.11233110886102,0.4574997886262534
376,contracted_maximum_demand,GEV-minus-KDE,-6.098418620207771,0.055088364283991394
377,contracted_maximum_demand,GEV-minus-KDE,3.75200960794638,-0.05467372667285886
378,contracted_maximum_demand,GEV-minus-KDE,-1.7972921836327795,-0.07425550235625995
379,contracted_maximum_demand,GEV-minus-KDE,-2.5165820880107104,0.08573179236564003
380,contracted_maximum_demand,GEV-minus-KDE,1.6926457756412994,-0.11425834307257332
381,contracted_maximum_demand,GEV-minus-KDE,-4.75379652201724,-0.06301783792000121
382,contracted_maximum_demand,GEV-minus-KDE,0.7145319058761423,-5.2758279929051515e-05
383,contracted_maximum_demand,GEV-minus-KDE,-2.2982293288105105,-0.6935101425090799
384,contracted_maximum_demand,GEV-minus-KDE,11.587643046635751,0.0
385,contracted_maximum_demand,GEV-minus-KDE,-1.0524815137510413,-0.07874740306794667
386,contracted_maximum_demand,GEV-minus-KDE,-6.39655156944583,0.08378230144037142
387,contracted_maximum_demand,GEV-minus-KDE,19.09207414092371,0.0
388,contracted_maximum_demand,GEV-minus-KDE,-4.99768425017601,-0.04689295038035933
389,contracted_maximum_demand,GEV-minus-KDE,-2.47229929477977,-0.0332148946135
390,contracted_maximum_demand,GEV-minus-KDE,21.00618104640132,0.0
391,contracted_maximum_demand,GEV-minus-KDE,-8.214352488068549,0.08946987920857999
392,contracted_maximum_demand,GEV-minus-KDE,1.9478544816078913,0.0033523749022026433
393,contracted_maximum_demand,GEV-minus-KDE,17.506001794412448,0.0
394,contracted_maximum_demand,GEV-minus-KDE,-0.459365067218169,-0.75523110463362
395,contracted_maximum_demand,GEV-minus-KDE,-7.284857189430383,0.0
396,contracted_maximum_demand,GEV-minus-KDE,-0.9652534573604001,-0.09568149223988666
397,contracted_maximum_demand,GEV-minus-KDE,-1.7543938376273411,0.006950009430950246
398,contracted_maximum_demand,GEV-minus-KDE,11.222083656507891,0.0
399,contracted_maximum_demand,GEV-minus-KDE,-0.7718202708026506,-0.0516355563316
400,contracted_maximum_demand,GEV-minus-KDE,-4.570025928143428,-0.023121964659419035
401,contracted_maximum_demand,GEV-minus-KDE,0.7496163842118209,0.0
402,contracted_maximum_demand,GEV-minus-KDE,-4.4974176077841195,-0.11657951049003998
403,contracted_maximum_demand,GEV-minus-KDE,9.048657526053239,0.0
404,contracted_maximum_demand,GEV-minus-KDE,-0.9736561724399198,-0.5131040146601533
405,contracted_maximum_demand,GEV-minus-KDE,-15.094197934347708,0.0
406,contracted_maximum_demand,GEV-minus-KDE,2.2000112155770997,-0.01385629134702291
407,contracted_maximum_demand,GEV-minus-KDE,4.04737716723744,0.061526845735859995
408,contracted_maximum_demand,GEV-minus-KDE,2.5425666061708094,0.03566769546009465
409,contracted_maximum_demand,GEV-minus-KDE,-2.213553921465819,0.1253451314127133
410,contracted_maximum_demand,GEV-minus-KDE,0.2656131863084693,0.16574066328696002
411,contracted_maximum_demand,GEV-minus-KDE,35.468804150183,0.0
412,contracted_maximum_demand,GEV-minus-KDE,-14.70283326666038,-0.2057951219017133
413,contracted_maximum_demand,GEV-minus-KDE,4.421639186319654,0.0
414,contracted_maximum_demand,GEV-minus-KDE,-3.418858297141869,0.01606671971235631
415,contracted_maximum_demand,GEV-minus-KDE,-3.76477302888574,0.55748956085432
416,contracted_maximum_demand,GEV-minus-KDE,-4.2078311169983,-0.30674381473596996
417,contracted_maximum_demand,GEV-minus-KDE,-10.409108754937613,0.0
418,contracted_maximum_demand,GEV-minus-KDE,13.108280735998163,0.0
419,contracted_maximum_demand,GEV-minus-KDE,-3.3267153792031996,-0.7613235640512284
420,contracted_maximum_demand,GEV-minus-KDE,20.21681681218897,0.0
421,contracted_maximum_demand,GEV-minus-KDE,8.94544425475374,0.0
422,contracted_maximum_demand,GEV-minus-KDE,8.767916956758693,0.0
423,contracted_maximum_demand,GEV-minus-KDE,-2.4603002301076424,0.0
424,contracted_maximum_demand,GEV-minus-KDE,0.7383463081674868,0.039746378039873326
425,contracted_maximum_demand,GEV-minus-KDE,-2.3665842633676313,-0.03511745172242772
426,contracted_maximum_demand,GEV-minus-KDE,0.0807568045872592,0.0
427,contracted_maximum_demand,GEV-minus-KDE,1.4513965529230206,-0.03282096865610002
428,contracted_maximum_demand,GEV-minus-KDE,-0.14498113815090002,0.0
429,contracted_maximum_demand,GEV-minus-KDE,-10.333560250255921,0.0
430,contracted_maximum_demand,GEV-minus-KDE,-8.08740716023197,0.0
431,contracted_maximum_demand,GEV-minus-KDE,-2.275078423046531,-0.06354571821918
432,contracted_maximum_demand,GEV-minus-KDE,4.189483468551031,0.34050460437987323
433,contracted_maximum_demand,GEV-minus-KDE,5.3483864159931205,-0.4131192256925266
434,contracted_maximum_demand,GEV-minus-KDE,1.1644214306069407,0.0
435,contracted_maximum_demand,GEV-minus-KDE,-0.13601981725726991,-0.5453309234893566
436,contracted_maximum_demand,GEV-minus-KDE,2.8069575819369614,-0.020281662592699236
437,contracted_maximum_demand,GEV-minus-KDE,-5.1703189496097295,0.18118473593868673
438,contracted_maximum_demand,GEV-minus-KDE,7.865034282666469,-0.3678237900117399
439,contracted_maximum_demand,GEV-minus-KDE,-3.932555238290508,-0.03380805729754666
440,contracted_maximum_demand,GEV-minus-KDE,0.42877063852789776,0.0
441,contracted_maximum_demand,GEV-minus-KDE,-9.607736464272133,0.41048451719162654
442,contracted_maximum_demand,GEV-minus-KDE,-10.95642823193481,0.09616862328991334
443,contracted_maximum_demand,GEV-minus-KDE,8.151415430234671,0.0
444,contracted_maximum_demand,GEV-minus-KDE,10.575243800427048,0.0
445,contracted_maximum_demand,GEV-minus-KDE,16.44409054293418,0.0
446,contracted_maximum_demand,GEV-minus-KDE,34.71213408919267,0.0
447,contracted_maximum_demand,GEV-minus-KDE,-1.4349311497930104,0.0
448,contracted_maximum_demand,GEV-minus-KDE,-4.3325463820547805,-0.07104192856656001
449,contracted_maximum_demand,GEV-minus-KDE,27.631003591417,0.0
450,contracted_maximum_demand,GEV-minus-KDE,5.546448000624729,0.1693950985359
451,contracted_maximum_demand,GEV-minus-KDE,-7.069114665650949,0.21495010359819333
452,contracted_maximum_demand,GEV-minus-KDE,9.2249228670901,0.0
453,contracted_maximum_demand,GEV-minus-KDE,-5.439398370574092,0.0
454,contracted_maximum_demand,GEV-minus-KDE,6.743009870603081,-0.40065144428144667
455,contracted_maximum_demand,GEV-minus-KDE,2.63212164783503,0.0
456,contracted_maximum_demand,GEV-minus-KDE,-7.516137247255478,0.4321460976139132
457,contracted_maximum_demand,GEV-minus-KDE,-3.18266781825241,0.0
458,contracted_maximum_demand,GEV-minus-KDE,2.25436513299819,-0.58771872745096
459,contracted_maximum_demand,GEV-minus-KDE,-3.9130315939159694,-0.12109876523902666
460,contracted_maximum_demand,GEV-minus-KDE,-6.788829945074689,-0.08621549901254
461,contracted_maximum_demand,GEV-minus-KDE,5.52384450900202,-0.09239810833581333
462,contracted_maximum_demand,GEV-minus-KDE,-7.62488338915556,-0.23780613857644334
463,contracted_maximum_demand,GEV-minus-KDE,14.036791082498908,0.0
464,contracted_maximum_demand,GEV-minus-KDE,-3.4439766360570805,-0.07058118411997982
465,contracted_maximum_demand,GEV-minus-KDE,10.00465482817753,0.0
466,contracted_maximum_demand,GEV-minus-KDE,-4.180611238184678,0.33439871909824664
467,contracted_maximum_demand,GEV-minus-KDE,-8.311999706752081,-0.07425550235625995
468,contracted_maximum_demand,GEV-minus-KDE,-7.436689081797029,0.2140839359623466
469,contracted_maximum_demand,GEV-minus-KDE,1.6921642339381093,0.0
470,contracted_maximum_demand,GEV-minus-KDE,-1.2068516087749295,0.0
471,contracted_maximum_demand,GEV-minus-KDE,-0.30615485401307985,0.06287158244625334
472,contracted_maximum_demand,GEV-minus-KDE,-3.62752662221076,-0.28408991940388334
473,contracted_maximum_demand,GEV-minus-KDE,13.84229181585312,0.0
474,contracted_maximum_demand,GEV-minus-KDE,7.7500003765778205,0.0
475,contracted_maximum_demand,GEV-minus-KDE,1.5470996475293486,0.0
476,contracted_maximum_demand,GEV-minus-KDE,-1.3753375919801505,0.0
477,contracted_maximum_demand,GEV-minus-KDE,-21.35924925105728,0.0
478,contracted_maximum_demand,GEV-minus-KDE,-6.43290929603644,-0.5522067891569966
479,contracted_maximum_demand,GEV-minus-KDE,0.22588435242732013,0.0
480,contracted_maximum_demand,GEV-minus-KDE,-4.471279292649561,0.09701342989490001
481,contracted_maximum_demand,GEV-minus-KDE,12.57506254181348,0.0
482,contracted_maximum_demand,GEV-minus-KDE,-9.44776703091564,-0.7841005144131467
483,contracted_maximum_demand,GEV-minus-KDE,-9.813497643460812,-0.5626074482459366
484,contracted_maximum_demand,GEV-minus-KDE,-5.099579350749961,-0.1478499618281399
485,contracted_maximum_demand,GEV-minus-KDE,-11.461428320073841,0.0
486,contracted_maximum_demand,GEV-minus-KDE,-2.572246568239319,-0.40720595347213334
487,contracted_maximum_demand,GEV-minus-KDE,-2.6144243907455373,0.04736337404934666
488,contracted_maximum_demand,GEV-minus-KDE,-0.6696407503270385,0.0
489,contracted_maximum_demand,GEV-minus-KDE,-4.476043283624531,-0.028933040650722705
490,contracted_maximum_demand,GEV-minus-KDE,-2.1168899828396675,0.2523278632991933
491,contracted_maximum_demand,GEV-minus-KDE,12.519073221800248,0.0
492,contracted_maximum_demand,GEV-minus-KDE,-1.2890038743576095,-0.7563411299634466
493,contracted_maximum_demand,GEV-minus-KDE,3.632855593596501,0.05008396991169336
494,contracted_maximum_demand,GEV-minus-KDE,-6.63354512467161,-0.07425550235625995
495,contracted_maximum_demand,GEV-minus-KDE,8.62517059515924,-0.07425550235625995
496,contracted_maximum_demand,GEV-minus-KDE,5.27026447932079,0.6245118424471001
497,contracted_maximum_demand,GEV-minus-KDE,-2.8523785856938098,0.0
498,contracted_maximum_demand,GEV-minus-KDE,-0.9004410914796603,0.4815865343885
499,contracted_maximum_demand,GEV-minus-KDE,-4.050144256573759,0.19099024364415332
500,contracted_maximum_demand,GEV-minus-KDE,8.27856463869928,0.0
501,contracted_maximum_demand,GEV-minus-KDE,11.69584866044493,0.0
502,contracted_maximum_demand,GEV-minus-KDE,-2.129057188510661,-0.038006322731426664
503,contracted_maximum_demand,GEV-minus-KDE,-5.5015457518247,-0.4124810307725133
504,contracted_maximum_demand,GEV-minus-KDE,8.85289745373366,0.0
505,contracted_maximum_demand,GEV-minus-KDE,5.8925634548664,0.0
506,contracted_maximum_demand,GEV-minus-KDE,-9.42871712230682,0.16736902375163337
507,contracted_maximum_demand,GEV-minus-KDE,-10.26844557452001,-0.5189351933607099
508,contracted_maximum_demand,GEV-minus-KDE,0.8605706127843199,0.0
509,contracted_maximum_demand,GEV-minus-KDE,5.52233661475909,0.0
510,contracted_maximum_demand,GEV-minus-KDE,-3.66504974270708,-0.0176372628763034
511,contracted_maximum_demand,GEV-minus-KDE,-5.943051337916041,0.0
512,contracted_maximum_demand,GEV-minus-KDE,-4.39920311944019,0.0013187772124463243
513,contracted_maximum_demand,GEV-minus-KDE,-1.6297756380420705,0.017689196401118924
514,contracted_maximum_demand,GEV-minus-KDE,2.451047454888,0.0
515,contracted_maximum_demand,GEV-minus-KDE,22.90313956121629,0.0
516,contracted_maximum_demand,GEV-minus-KDE,-8.18547756164798,0.0
517,contracted_maximum_demand,GEV-minus-KDE,-5.078613913033333,0.21521238690963332
518,contracted_maximum_demand,GEV-minus-KDE,5.802241787769439,0.0
519,contracted_maximum_demand,GEV-minus-KDE,-7.395248143167819,0.3105366383506133
520,contracted_maximum_demand,GEV-minus-KDE,-1.8472972620919792,0.1264810214040067
521,contracted_maximum_demand,GEV-minus-KDE,-6.290749022364311,0.18135844411104665
522,contracted_maximum_demand,GEV-minus-KDE,-4.38851605700265,-0.07425550235625995
523,contracted_maximum_demand,GEV-minus-KDE,-2.05733487215133,-0.47631203691808993
524,contracted_maximum_demand,GEV-minus-KDE,5.18020134649505,0.0
525,contracted_maximum_demand,GEV-minus-KDE,-3.6186212843029306,-0.2237591414152033
526,contracted_maximum_demand,GEV-minus-KDE,22.813487737373606,0.0
527,contracted_maximum_demand,GEV-minus-KDE,-4.627727199119902,0.40642285900925335
528,contracted_maximum_demand,GEV-minus-KDE,-3.7584509384214884,0.02861836377201335
529,contracted_maximum_demand,GEV-minus-KDE,-8.390632973182772,-0.5666461592928824
530,contracted_maximum_demand,GEV-minus-KDE,-4.24897634955607,-0.43222906190617993
531,contracted_maximum_demand,GEV-minus-KDE,-2.0871184081929104,-0.4123702708352299
532,contracted_maximum_demand,GEV-minus-KDE,2.0346140512365802,-0.10833486201442667
533,contracted_maximum_demand,GEV-minus-KDE,-7.16159554976609,-0.7784750649405466
534,contracted_maximum_demand,GEV-minus-KDE,-1.2859700246672712,0.050780644972706686
535,contracted_maximum_demand,GEV-minus-KDE,-6.683134772149709,-0.07425550235625995
536,contracted_maximum_demand,GEV-minus-KDE,20.64352073383083,0.0
537,contracted_maximum_demand,GEV-minus-KDE,-4.133543763274279,-0.32867723259785336
538,contracted_maximum_demand,GEV-minus-KDE,13.64733774155141,-0.07425550235625995
539,contracted_maximum_demand,GEV-minus-KDE,-5.71517815080481,-0.01830765908934
540,contracted_maximum_demand,GEV-minus-KDE,-8.301840666047108,-0.67296277713206
541,contracted_maximum_demand,GEV-minus-KDE,-4.24741282123978,-0.8371708072648991
542,contracted_maximum_demand,GEV-minus-KDE,-3.2282743759906807,0.007040316822958223
543,contracted_maximum_demand,GEV-minus-KDE,1.6756326526287695,0.0
544,contracted_maximum_demand,GEV-minus-KDE,2.5723869805559803,-0.6141265136959666
545,contracted_maximum_demand,GEV-minus-KDE,0.805220320572092,-0.18043566865120664
546,contracted_maximum_demand,GEV-minus-KDE,25.78054730017331,0.0
547,contracted_maximum_demand,GEV-minus-KDE,-36.34548290669839,0.0
548,contracted_maximum_demand,GEV-minus-KDE,1.0753638589185406,0.09346230696788663
549,contracted_maximum_demand,GEV-minus-KDE,-0.4615700482762275,-0.006511442221083156
550,contracted_maximum_demand,GEV-minus-KDE,-4.27609572168498,-0.25697462459706333
551,contracted_maximum_demand,GEV-minus-KDE,-42.04096932633152,0.0
552,contracted_maximum_demand,GEV-minus-KDE,-3.11633167779388,-0.7944656835348465
553,contracted_maximum_demand,GEV-minus-KDE,4.57840866212346,0.0
554,contracted_maximum_demand,GEV-minus-KDE,2.1231439484451005,-0.45311327999514905
555,contracted_maximum_demand,GEV-minus-KDE,-5.75616929361659,-0.48705279769591
556,contracted_maximum_demand,GEV-minus-KDE,11.746227381841381,0.03120189173021333
557,contracted_maximum_demand,GEV-minus-KDE,6.60183691035216,-0.5119848849365566
558,contracted_maximum_demand,GEV-minus-KDE,-6.032384409883701,0.28925460308378664
559,contracted_maximum_demand,GEV-minus-KDE,-2.1637431992687,-0.07425550235625995
560,contracted_maximum_demand,GEV-minus-KDE,2.5857928786650497,-0.02896628428901333
561,contracted_maximum_demand,GEV-minus-KDE,-3.3469250829069597,0.0033095085587466645
562,contracted_maximum_demand,GEV-minus-KDE,-4.05679943867156,-0.3808768905775561
563,contracted_maximum_demand,GEV-minus-KDE,-6.917537375404178,0.2335382695034466
564,contracted_maximum_demand,GEV-minus-KDE,3.38622871051904,-0.004484777848932647
565,contracted_maximum_demand,GEV-minus-KDE,0.9881513499290506,0.0025029792593098555
566,contracted_maximum_demand,GEV-minus-KDE,-4.438717095721831,0.16620194268613997
567,contracted_maximum_demand,GEV-minus-KDE,-8.60781352776019,-0.5528724253272433
568,contracted_maximum_demand,GEV-minus-KDE,8.11313906620977,-0.36967450718937994
569,contracted_maximum_demand,GEV-minus-KDE,-5.361220167893229,0.0
570,contracted_maximum_demand,GEV-minus-KDE,-8.961080581416203,0.0
571,contracted_maximum_demand,GEV-minus-KDE,-2.9718557311564195,-0.3710718247837999
572,contracted_maximum_demand,GEV-minus-KDE,-2.6564968168659,0.5214533160584
573,contracted_maximum_demand,GEV-minus-KDE,-0.9794967495000917,-0.07109354794171334
574,contracted_maximum_demand,GEV-minus-KDE,-1.7644136943829005,-0.17381398676140666
575,contracted_maximum_demand,GEV-minus-KDE,-2.96325496248371,0.0
576,contracted_maximum_demand,GEV-minus-KDE,0.3049904886774202,-0.08007756159270667
577,contracted_maximum_demand,GEV-minus-KDE,-7.624973827869221,-0.08527329607821389
578,contracted_maximum_demand,GEV-minus-KDE,6.104960256883751,0.0
579,contracted_maximum_demand,GEV-minus-KDE,-12.944605394872829,0.09060468127871334
580,contracted_maximum_demand,GEV-minus-KDE,-4.367656734412359,-0.7880445425709333
581,contracted_maximum_demand,GEV-minus-KDE,2.7523692399750113,-0.09342109131601668
582,contracted_maximum_demand,GEV-minus-KDE,-7.164091791831649,-0.6472308867496332
583,contracted_maximum_demand,GEV-minus-KDE,-11.31445966682205,-0.48793960836525324
584,contracted_maximum_demand,GEV-minus-KDE,-7.975980584795521,-0.42566832542519667
585,contracted_maximum_demand,GEV-minus-KDE,1.5464150598831576,0.0
586,contracted_maximum_demand,GEV-minus-KDE,2.96353351199811,-0.06823648235563329
587,contracted_maximum_demand,GEV-minus-KDE,-0.002459473258629996,-0.06941289556648
588,contracted_maximum_demand,GEV-minus-KDE,-2.64239409162694,-0.3757166284338833
589,contracted_maximum_demand,GEV-minus-KDE,-4.213952364075951,-0.38017573693786
590,contracted_maximum_demand,GEV-minus-KDE,4.610655229249561,-0.04723060359284664
591,contracted_maximum_demand,GEV-minus-KDE,6.572057815296111,0.0
592,contracted_maximum_demand,GEV-minus-KDE,-2.59801137636618,-0.04338392175764667
593,contracted_maximum_demand,GEV-minus-KDE,6.723983802201048,0.0
594,contracted_maximum_demand,GEV-minus-KDE,-7.332480223042029,0.32377549444428666
595,contracted_maximum_demand,GEV-minus-KDE,0.16474261651209798,0.009926832287056753
596,contracted_maximum_demand,GEV-minus-KDE,10.148778001948301,0.0
597,contracted_maximum_demand,GEV-minus-KDE,3.359157691130882,-0.014694353012459967
598,contracted_maximum_demand,GEV-minus-KDE,-2.4416591156066705,0.007678492991955089
599,contracted_maximum_demand,GEV-minus-KDE,0.010668245372920035,-0.21769674653272655
600,contracted_maximum_demand,GEV-minus-KDE,-5.407614913889872,0.08827606610170667
601,contracted_maximum_demand,GEV-minus-KDE,13.696232570164621,0.0
602,contracted_maximum_demand,GEV-minus-KDE,2.1256697109292286,-0.03411236490506666
603,contracted_maximum_demand,GEV-minus-KDE,-5.05375000261664,-0.5114028739298366
604,contracted_maximum_demand,GEV-minus-KDE,-3.3296689104791803,0.09184125638562667
605,contracted_maximum_demand,GEV-minus-KDE,-6.97216674718548,0.0
606,contracted_maximum_demand,GEV-minus-KDE,3.28100426100794,0.0
607,contracted_maximum_demand,GEV-minus-KDE,-5.409699596535359,-0.08641223063208667
608,contracted_maximum_demand,GEV-minus-KDE,2.5240353633667207,0.0
609,contracted_maximum_demand,GEV-minus-KDE,15.61387497283685,0.0
610,contracted_maximum_demand,GEV-minus-KDE,-1.8697340269529794,0.0
611,contracted_maximum_demand,GEV-minus-KDE,-2.54749949540537,-0.04307076798771327
612,contracted_maximum_demand,GEV-minus-KDE,5.92790077456048,-0.4520413675880266
613,contracted_maximum_demand,GEV-minus-KDE,4.0602680224148395,0.15795598618710663
614,contracted_maximum_demand,GEV-minus-KDE,6.3275727867184,0.0
615,contracted_maximum_demand,GEV-minus-KDE,11.29636973650756,0.0
616,contracted_maximum_demand,GEV-minus-KDE,12.048464006649539,-0.07425550235625995
617,contracted_maximum_demand,GEV-minus-KDE,-0.1930882695693914,0.0
618,contracted_maximum_demand,GEV-minus-KDE,-4.30348752223394,0.07405985634514665
619,contracted_maximum_demand,GEV-minus-KDE,-4.99288514565452,-0.07425550235625995
620,contracted_maximum_demand,GEV-minus-KDE,-6.448747737377869,-0.014547490436917599
621,contracted_maximum_demand,GEV-minus-KDE,1.5324265081606003,0.00010082401083602356
622,contracted_maximum_demand,GEV-minus-KDE,-8.718322454432107,0.2974186824765466
623,contracted_maximum_demand,GEV-minus-KDE,5.245751482040399,-0.2605720623042767
624,contracted_maximum_demand,GEV-minus-KDE,1.3499432965448703,-0.832106449482844
625,contracted_maximum_demand,GEV-minus-KDE,-6.643485379626359,-0.012705128035980003
626,contracted_maximum_demand,GEV-minus-KDE,2.082581816493451,0.04514629159799331
627,contracted_maximum_demand,GEV-minus-KDE,0.23611460934752013,-0.47965153955618994
628,contracted_maximum_demand,GEV-minus-KDE,-7.43307604631918,-0.7592383400240285
629,contracted_maximum_demand,GEV-minus-KDE,-7.200291466063831,-0.07779813025370545
630,contracted_maximum_demand,GEV-minus-KDE,-4.499225920732649,-0.06687968410273334
631,contracted_maximum_demand,GEV-minus-KDE,4.356552574206512,0.0
632,contracted_maximum_demand,GEV-minus-KDE,-5.438873023832949,-0.06709499462139376
633,contracted_maximum_demand,GEV-minus-KDE,2.4392728276862896,0.009679835253853332
634,contracted_maximum_demand,GEV-minus-KDE,3.8615410235434466,0.0
635,contracted_maximum_demand,GEV-minus-KDE,-4.6292346721649,-0.6560588183628466
636,contracted_maximum_demand,GEV-minus-KDE,-7.855263028897489,0.0
637,contracted_maximum_demand,GEV-minus-KDE,1.4451684509671603,-0.09912754551564666
638,contracted_maximum_demand,GEV-minus-KDE,10.26289547897367,-0.6115885425576266
639,contracted_maximum_demand,GEV-minus-KDE,13.084050542177799,0.0
640,contracted_maximum_demand,GEV-minus-KDE,12.554774546550382,0.0
641,contracted_maximum_demand,GEV-minus-KDE,-3.054977317117069,-0.079151705167798
642,contracted_maximum_demand,GEV-minus-KDE,-0.3444003959532205,-0.0634258717396304
643,contracted_maximum_demand,GEV-minus-KDE,11.527569729125048,0.0
644,contracted_maximum_demand,GEV-minus-KDE,-1.4497252482127687,0.038989494010373334
645,contracted_maximum_demand,GEV-minus-KDE,-5.82070693182494,-0.06432796537020903
646,contracted_maximum_demand,GEV-minus-KDE,4.80503835500614,-0.7002486151706933
647,contracted_maximum_demand,GEV-minus-KDE,-6.80357629737256,-0.7587610155162027
648,contracted_maximum_demand,GEV-minus-KDE,-1.2742969787150282,-0.02916477446058903
649,contracted_maximum_demand,GEV-minus-KDE,-8.761195768828351,0.0
650,contracted_maximum_demand,GEV-minus-KDE,-9.321750198863219,-0.41656606710655
651,contracted_maximum_demand,GEV-minus-KDE,3.9486226990231197,0.14503603307888666
652,contracted_maximum_demand,GEV-minus-KDE,-2.28607036179615,-0.16196585225063334
653,contracted_maximum_demand,GEV-minus-KDE,12.295925951962888,0.0
654,contracted_maximum_demand,GEV-minus-KDE,-8.915099602845181,0.09157885440351334
655,contracted_maximum_demand,GEV-minus-KDE,0.780299621339281,-0.2916989436717067
656,contracted_maximum_demand,GEV-minus-KDE,-2.1828716450767804,-0.45570816219720417
657,contracted_maximum_demand,GEV-minus-KDE,-2.6645738204610887,-0.005019602902691675
658,contracted_maximum_demand,GEV-minus-KDE,5.393480408816101,0.0
659,contracted_maximum_demand,GEV-minus-KDE,19.463966625479127,0.0
660,contracted_maximum_demand,GEV-minus-KDE,-4.94692096154249,0.0
661,contracted_maximum_demand,GEV-minus-KDE,-0.9610593460007977,0.02393897113335333
662,contracted_maximum_demand,GEV-minus-KDE,-2.132949848242538,0.12202855001229333
663,contracted_maximum_demand,GEV-minus-KDE,-0.6746071800729891,-0.08336401038326001
664,contracted_maximum_demand,GEV-minus-KDE,3.8110735311339203,-0.4667004287917267
665,contracted_maximum_demand,GEV-minus-KDE,-9.29896861260279,0.07383926850168197
666,contracted_maximum_demand,GEV-minus-KDE,-1.6918970562002902,0.0
667,contracted_maximum_demand,GEV-minus-KDE,13.709360391742562,0.0
668,contracted_maximum_demand,GEV-minus-KDE,3.1342081939471385,0.29260258644908665
669,contracted_maximum_demand,GEV-minus-KDE,-6.416937936317801,0.07508863690258
670,contracted_maximum_demand,GEV-minus-KDE,19.44231250207162,0.0
671,contracted_maximum_demand,GEV-minus-KDE,12.241886614188658,0.0
672,contracted_maximum_demand,GEV-minus-KDE,-7.008610319309161,-0.4326173162904833
673,contracted_maximum_demand,GEV-minus-KDE,0.49625986950301293,0.010768193352639396
674,contracted_maximum_demand,GEV-minus-KDE,-2.002088111004288,0.05798809260721999
675,contracted_maximum_demand,GEV-minus-KDE,-10.995963887718279,0.08954836784751334
676,contracted_maximum_demand,GEV-minus-KDE,6.01522888453789,0.0
677,contracted_maximum_demand,GEV-minus-KDE,-8.62849352638845,-0.5046819014390266
678,contracted_maximum_demand,GEV-minus-KDE,-2.3861618246891396,0.04576543843272667
679,contracted_maximum_demand,GEV-minus-KDE,0.5187573579748694,0.031273541136673605
680,contracted_maximum_demand,GEV-minus-KDE,-3.5933542683433823,0.0018720285417634368
681,contracted_maximum_demand,GEV-minus-KDE,-4.095884832994259,-0.05711749152042
682,contracted_maximum_demand,GEV-minus-KDE,-3.300748505341691,0.16412407494640002
683,contracted_maximum_demand,GEV-minus-KDE,-1.9477966963750704,-0.7602664857612726
684,contracted_maximum_demand,GEV-minus-KDE,0.2600645199871576,-0.0110586664705
685,contracted_maximum_demand,GEV-minus-KDE,5.028224270038181,-0.07425550235625995
686,contracted_maximum_demand,GEV-minus-KDE,0.77532529423745,0.05551661220424946
687,contracted_maximum_demand,GEV-minus-KDE,-3.5531070298673613,0.20699912578423335
688,contracted_maximum_demand,GEV-minus-KDE,-4.4897406156773005,-0.43351785733667
689,contracted_maximum_demand,GEV-minus-KDE,1.1722997075219093,-0.11029948440134332
690,contracted_maximum_demand,GEV-minus-KDE,-10.70792311495395,-0.07425550235625995
691,contracted_maximum_demand,GEV-minus-KDE,-8.886221495318672,-0.5376817268799433
692,contracted_maximum_demand,GEV-minus-KDE,-0.512748649830358,0.05101895694330002
693,contracted_maximum_demand,GEV-minus-KDE,-8.625624878703741,0.0
694,contracted_maximum_demand,GEV-minus-KDE,-3.84454470754252,-0.26366407964374666
695,contracted_maximum_demand,GEV-minus-KDE,-4.5918344173774495,0.0
696,contracted_maximum_demand,GEV-minus-KDE,-7.763725983038439,0.0
697,contracted_maximum_demand,GEV-minus-KDE,-1.6596520883470105,0.47344316116311014
698,contracted_maximum_demand,GEV-minus-KDE,-4.058801730396279,0.0
699,contracted_maximum_demand,GEV-minus-KDE,16.113708262526337,0.0
700,contracted_maximum_demand,GEV-minus-KDE,4.15757329577047,-0.013877288179331797
701,contracted_maximum_demand,GEV-minus-KDE,-4.8273004616901805,-0.45867138551499
702,contracted_maximum_demand,GEV-minus-KDE,3.499124075655841,-0.07039447039865745
703,contracted_maximum_demand,GEV-minus-KDE,13.47775016099556,0.0
704,contracted_maximum_demand,GEV-minus-KDE,14.71240807064142,0.0
705,contracted_maximum_demand,GEV-minus-KDE,-3.635910117054933,0.0013663700492512398
706,contracted_maximum_demand,GEV-minus-KDE,-6.634741448938569,-0.050818618741712535
707,contracted_maximum_demand,GEV-minus-KDE,-4.4125028722102115,0.18960595532817995
708,contracted_maximum_demand,GEV-minus-KDE,-5.716825774780339,-0.1262501965645933
709,contracted_maximum_demand,GEV-minus-KDE,0.9710117312281004,0.0
710,contracted_maximum_demand,GEV-minus-KDE,-0.4206654207536298,0.0009344963769438027
711,contracted_maximum_demand,GEV-minus-KDE,8.92629031833064,0.0
712,contracted_maximum_demand,GEV-minus-KDE,-2.783444185071439,-0.04175045076657332
713,contracted_maximum_demand,GEV-minus-KDE,-5.730696418630969,0.037693302951449195
714,contracted_maximum_demand,GEV-minus-KDE,-6.362837209342651,0.0
715,contracted_maximum_demand,GEV-minus-KDE,23.020370407262142,0.0
716,contracted_maximum_demand,GEV-minus-KDE,-1.01509262724565,0.0
717,contracted_maximum_demand,GEV-minus-KDE,10.508319823887849,0.0
718,contracted_maximum_demand,GEV-minus-KDE,6.30574920904359,0.023526162542759996
719,contracted_maximum_demand,GEV-minus-KDE,15.68243713659535,0.0
720,contracted_maximum_demand,GEV-minus-KDE,-4.393835073166128,-0.012032116163134295
721,contracted_maximum_demand,GEV-minus-KDE,6.138832257077438,0.014355142033941375
722,contracted_maximum_demand,GEV-minus-KDE,2.271200768967913,0.07438894039457997
723,contracted_maximum_demand,GEV-minus-KDE,-0.9082516860278916,-0.04272894137411329
724,contracted_maximum_demand,GEV-minus-KDE,13.15541564113825,0.0
725,contracted_maximum_demand,GEV-minus-KDE,-1.672307478774232,0.0
726,contracted_maximum_demand,GEV-minus-KDE,-4.88738502817051,-0.06049910608936998
727,contracted_maximum_demand,GEV-minus-KDE,-2.5033637280795107,-0.04684705975387028
728,contracted_maximum_demand,GEV-minus-KDE,-3.4691869367558805,-0.4782806207330433
729,contracted_maximum_demand,GEV-minus-KDE,-7.515006025572049,0.0
730,contracted_maximum_demand,GEV-minus-KDE,1.8155707744816896,-0.01890239979564883
731,contracted_maximum_demand,GEV-minus-KDE,-6.14839744289488,-0.8343480916795716
732,contracted_maximum_demand,GEV-minus-KDE,-16.731619308598088,0.0
733,contracted_maximum_demand,GEV-minus-KDE,0.8759789700998499,0.0
734,contracted_maximum_demand,GEV-minus-KDE,-10.745910973673938,-0.65115348020622
735,contracted_maximum_demand,GEV-minus-KDE,-3.80498352367509,0.08571068181136003
736,contracted_maximum_demand,GEV-minus-KDE,0.5177415427737003,0.0
737,contracted_maximum_demand,GEV-minus-KDE,10.793026970599911,0.0
738,contracted_maximum_demand,GEV-minus-KDE,-7.97370341005926,-0.39027518918387333
739,contracted_maximum_demand,GEV-minus-KDE,0.32403054974353,0.0
740,contracted_maximum_demand,GEV-minus-KDE,1.5944999210213695,0.0
741,contracted_maximum_demand,GEV-minus-KDE,0.3290939662259629,0.005461943074346683
742,contracted_maximum_demand,GEV-minus-KDE,-5.24663539462942,0.37233243979393993
743,contracted_maximum_demand,GEV-minus-KDE,-5.63468355209667,-0.1356019631890067
744,contracted_maximum_demand,GEV-minus-KDE,10.25037798473955,0.0
745,contracted_maximum_demand,GEV-minus-KDE,-3.0070522152462975,0.0
746,contracted_maximum_demand,GEV-minus-KDE,-5.539911341265251,0.0
747,contracted_maximum_demand,GEV-minus-KDE,0.9942182130141398,-0.6274412613770999
748,contracted_maximum_demand,GEV-minus-KDE,-10.983056660363081,-0.8205616222275267
749,contracted_maximum_demand,GEV-minus-KDE,6.939590780537411,0.0
750,contracted_maximum_demand,GEV-minus-KDE,5.358670561631628,0.04825343006231999
751,contracted_maximum_demand,GEV-minus-KDE,2.17627787951269,0.0
752,contracted_maximum_demand,GEV-minus-KDE,1.063648604356561,-0.7534215100648732
753,contracted_maximum_demand,GEV-minus-KDE,-4.597224048517928,0.13286780411639337
754,contracted_maximum_demand,GEV-minus-KDE,14.28180687300673,0.0
755,contracted_maximum_demand,GEV-minus-KDE,-12.049327184105271,-0.07425550235625995
756,contracted_maximum_demand,GEV-minus-KDE,6.35878406006294,-0.05881228486373999
757,contracted_maximum_demand,GEV-minus-KDE,-5.683569734008391,0.011360469620790015
758,contracted_maximum_demand,GEV-minus-KDE,24.058606607327455,0.0
759,contracted_maximum_demand,GEV-minus-KDE,10.33979074700543,0.0
760,contracted_maximum_demand,GEV-minus-KDE,12.543213235862968,-0.12891468913948664
761,contracted_maximum_demand,GEV-minus-KDE,5.45021200904552,0.0
762,contracted_maximum_demand,GEV-minus-KDE,12.05167179019836,0.0
763,contracted_maximum_demand,GEV-minus-KDE,16.18542513901015,0.0
764,contracted_maximum_demand,GEV-minus-KDE,11.77853403641388,0.0
765,contracted_maximum_demand,GEV-minus-KDE,6.777988394971719,0.0
766,contracted_maximum_demand,GEV-minus-KDE,0.02218664252387481,0.07915051742486667
767,contracted_maximum_demand,GEV-minus-KDE,21.6006669723587,0.0
768,contracted_maximum_demand,GEV-minus-KDE,-5.58344649024882,-0.07425550235625995
769,contracted_maximum_demand,GEV-minus-KDE,-2.111386531768869,-0.07425550235625995
770,contracted_maximum_demand,GEV-minus-KDE,-8.18955534416955,-0.0033311894804655888
771,contracted_maximum_demand,GEV-minus-KDE,-5.838310826763809,0.11582669559392665
772,contracted_maximum_demand,GEV-minus-KDE,-11.085398660722829,-0.40549824144706
773,contracted_maximum_demand,GEV-minus-KDE,12.07834309976274,0.0
774,contracted_maximum_demand,GEV-minus-KDE,31.42698688571205,0.0
775,contracted_maximum_demand,GEV-minus-KDE,-0.6115459417656677,0.13714979290031332
776,contracted_maximum_demand,GEV-minus-KDE,13.95987373999888,0.0
777,contracted_maximum_demand,GEV-minus-KDE,-11.17866062016407,-0.6243619746704532
778,contracted_maximum_demand,GEV-minus-KDE,-6.27578065955448,-0.41224194008966664
779,contracted_maximum_demand,GEV-minus-KDE,16.350158760409737,0.0
780,contracted_maximum_demand,GEV-minus-KDE,-7.343131944398099,0.23565464903599334
781,contracted_maximum_demand,GEV-minus-KDE,-0.46776799378625,0.06147103038418666
782,contracted_maximum_demand,GEV-minus-KDE,-8.81403168536883,0.24057966508118003
783,contracted_maximum_demand,GEV-minus-KDE,-4.7242239364159,-0.07425550235625995
784,contracted_maximum_demand,GEV-minus-KDE,-4.03733533610756,0.0
785,contracted_maximum_demand,GEV-minus-KDE,-2.037307007404382,0.11069689022818667
786,contracted_maximum_demand,GEV-minus-KDE,-4.52341135512081,0.0
787,contracted_maximum_demand,GEV-minus-KDE,16.12295945838583,0.0
788,contracted_maximum_demand,GEV-minus-KDE,-0.3017077706132909,-0.11214830109191336
789,contracted_maximum_demand,GEV-minus-KDE,-12.31131573203719,0.20531700296554015
790,contracted_maximum_demand,GEV-minus-KDE,-1.2550901520529802,0.0
791,contracted_maximum_demand,GEV-minus-KDE,3.52693759634744,0.0
792,contracted_maximum_demand,GEV-minus-KDE,-0.797774476396168,0.13045116006326005
793,contracted_maximum_demand,GEV-minus-KDE,6.90968141280013,0.0
794,contracted_maximum_demand,GEV-minus-KDE,6.04540942082246,0.0
795,contracted_maximum_demand,GEV-minus-KDE,-2.428701170760422,-0.0025941310886697776
796,contracted_maximum_demand,GEV-minus-KDE,-6.55593119369378,0.0
797,contracted_maximum_demand,GEV-minus-KDE,-6.324707144531461,0.21617199202460002
798,contracted_maximum_demand,GEV-minus-KDE,-16.47160050980735,0.0
799,contracted_maximum_demand,GEV-minus-KDE,-2.20201426020582,-0.07210980053081331
800,contracted_maximum_demand,GEV-minus-KDE,-1.7986516349482506,-0.041941842187999366
801,contracted_maximum_demand,GEV-minus-KDE,21.7895651526357,0.0
802,contracted_maximum_demand,GEV-minus-KDE,-6.9221947702594715,-0.7176272855622133
803,contracted_maximum_demand,GEV-minus-KDE,-0.536580349648641,0.06526220527126
804,contracted_maximum_demand,GEV-minus-KDE,-6.835863647124168,0.14663985604990667
805,contracted_maximum_demand,GEV-minus-KDE,3.5076958935451903,0.0
806,contracted_maximum_demand,GEV-minus-KDE,-2.93725032040191,-0.5480641737994566
807,contracted_maximum_demand,GEV-minus-KDE,14.482304535265394,0.0
808,contracted_maximum_demand,GEV-minus-KDE,0.33141032157367,0.0
809,contracted_maximum_demand,GEV-minus-KDE,-16.678705725947964,0.0
810,contracted_maximum_demand,GEV-minus-KDE,0.66085073827324,-0.09705042128614845
811,contracted_maximum_demand,GEV-minus-KDE,-6.460886225316218,0.1718545816892533
812,contracted_maximum_demand,GEV-minus-KDE,8.324032190431922,0.6549778485877135
813,contracted_maximum_demand,GEV-minus-KDE,18.75305356728641,-0.07425550235625995
814,contracted_maximum_demand,GEV-minus-KDE,-5.84992962072477,0.0
815,contracted_maximum_demand,GEV-minus-KDE,-0.7598462175661985,0.020140124168216693
816,contracted_maximum_demand,GEV-minus-KDE,4.165744734268709,-0.22682221827042331
817,contracted_maximum_demand,GEV-minus-KDE,-0.916555831744291,-0.010950852698213335
818,contracted_maximum_demand,GEV-minus-KDE,-0.3993317495850107,0.0
819,contracted_maximum_demand,GEV-minus-KDE,22.65650208051816,0.0
820,contracted_maximum_demand,GEV-minus-KDE,13.4065741797217,0.0
821,contracted_maximum_demand,GEV-minus-KDE,0.3586047696053807,-0.5459314308892632
822,contracted_maximum_demand,GEV-minus-KDE,-9.784542208198589,0.0
823,contracted_maximum_demand,GEV-minus-KDE,-7.60660802564874,0.06292709416312024
824,contracted_maximum_demand,GEV-minus-KDE,-0.44261721816403965,-0.3653884660625867
825,contracted_maximum_demand,GEV-minus-KDE,12.28870357708452,0.0
826,contracted_maximum_demand,GEV-minus-KDE,2.4997654580441204,-0.40598854899556325
827,contracted_maximum_demand,GEV-minus-KDE,0.4606798459782291,-0.02481183780745498
828,contracted_maximum_demand,GEV-minus-KDE,-7.123713342457851,-0.62863052638806
829,contracted_maximum_demand,GEV-minus-KDE,-11.106217655178929,-0.5443430105913666
830,contracted_maximum_demand,GEV-minus-KDE,-3.3883607069306203,-0.7305735340617333
831,contracted_maximum_demand,GEV-minus-KDE,-3.988303180501551,0.06268192121183999
832,contracted_maximum_demand,GEV-minus-KDE,-0.23062084182234877,0.0
833,contracted_maximum_demand,GEV-minus-KDE,-2.69750813881699,0.0
834,contracted_maximum_demand,GEV-minus-KDE,13.439807876110791,-0.0845596301214533
835,contracted_maximum_demand,GEV-minus-KDE,1.1169297132874199,0.0
836,contracted_maximum_demand,GEV-minus-KDE,2.56747461342512,-0.7176334244138333
837,contracted_maximum_demand,GEV-minus-KDE,-7.866238992332511,-0.023353609536333367
838,contracted_maximum_demand,GEV-minus-KDE,-13.05723855943996,0.0
839,contracted_maximum_demand,GEV-minus-KDE,-4.30751697048025,-0.82265958738698
840,contracted_maximum_demand,GEV-minus-KDE,17.94710459889432,0.0
841,contracted_maximum_demand,GEV-minus-KDE,-1.9389136983568505,-0.7767610234824133
842,contracted_maximum_demand,GEV-minus-KDE,9.09036895725489,-0.21837201644404658
843,contracted_maximum_demand,GEV-minus-KDE,-4.588307949176008,-0.06995859453939479
844,contracted_maximum_demand,GEV-minus-KDE,-6.1957819057087695,0.04877473872003148
845,contracted_maximum_demand,GEV-minus-KDE,-3.3546252406981614,0.00554046262547553
846,contracted_maximum_demand,GEV-minus-KDE,-4.31100554593804,0.0
847,contracted_maximum_demand,GEV-minus-KDE,3.0037293247890395,-0.29069480952273996
848,contracted_maximum_demand,GEV-minus-KDE,-2.734685266824571,-0.013364600683678306
849,contracted_maximum_demand,GEV-minus-KDE,-11.261938087202699,-0.6155794956520333
850,contracted_maximum_demand,GEV-minus-KDE,-1.2266877980372903,-0.03422105081432892
851,contracted_maximum_demand,GEV-minus-KDE,9.138435382971572,0.0
852,contracted_maximum_demand,GEV-minus-KDE,2.7175460696722222,-0.015634223449599995
853,contracted_maximum_demand,GEV-minus-KDE,10.65755020455675,0.0
854,contracted_maximum_demand,GEV-minus-KDE,3.146709120288599,0.09712289177159332
855,contracted_maximum_demand,GEV-minus-KDE,-2.17354346774824,-0.03614083698524892
856,contracted_maximum_demand,GEV-minus-KDE,-5.976989689987209,-0.07425550235625995
857,contracted_maximum_demand,GEV-minus-KDE,-11.70259080373523,0.18257794337060673
858,contracted_maximum_demand,GEV-minus-KDE,2.76191306392633,-0.01752088939826334
859,contracted_maximum_demand,GEV-minus-KDE,-1.5014744678839316,0.0
860,contracted_maximum_demand,GEV-minus-KDE,-3.3912742660231086,-0.12097427620270543
861,contracted_maximum_demand,GEV-minus-KDE,-0.8983359721111202,-0.8110060795042267
862,contracted_maximum_demand,GEV-minus-KDE,19.338995774302663,0.0
863,contracted_maximum_demand,GEV-minus-KDE,0.8975008839179899,0.06305254147140668
864,contracted_maximum_demand,GEV-minus-KDE,8.438667296341011,0.0
865,contracted_maximum_demand,GEV-minus-KDE,10.28976603245482,0.37840385651508
866,contracted_maximum_demand,GEV-minus-KDE,-5.341413339345371,0.0
867,contracted_maximum_demand,GEV-minus-KDE,21.01482546625245,0.0
868,contracted_maximum_demand,GEV-minus-KDE,-4.564213007856541,0.19458388211568667
869,contracted_maximum_demand,GEV-minus-KDE,4.4496348901282,-0.30869810128875996
870,contracted_maximum_demand,GEV-minus-KDE,2.713843340971173,0.0
871,contracted_maximum_demand,GEV-minus-KDE,-0.04017801009774946,-0.08831115976780282
872,contracted_maximum_demand,GEV-minus-KDE,-1.1378555272667095,-0.029017907903693334
873,contracted_maximum_demand,GEV-minus-KDE,-10.16146606636884,0.004481847215386686
874,contracted_maximum_demand,GEV-minus-KDE,-7.270011086486361,0.0
875,contracted_maximum_demand,GEV-minus-KDE,-8.04676596884962,-0.3504824308744134
876,contracted_maximum_demand,GEV-minus-KDE,-4.94487732798542,-0.15378514342736
877,contracted_maximum_demand,GEV-minus-KDE,-1.5260932733222292,0.16875191576407333
878,contracted_maximum_demand,GEV-minus-KDE,-2.3265126715937985,0.04706789573161668
879,contracted_maximum_demand,GEV-minus-KDE,6.331277731414341,0.0
880,contracted_maximum_demand,GEV-minus-KDE,5.874711362962431,0.0
881,contracted_maximum_demand,GEV-minus-KDE,1.1821455487684596,0.0
882,contracted_maximum_demand,GEV-minus-KDE,-0.2059533216644649,0.0
883,contracted_maximum_demand,GEV-minus-KDE,-3.10121978744968,0.04482673245551332
884,contracted_maximum_demand,GEV-minus-KDE,9.28583191014573,0.0
885,contracted_maximum_demand,GEV-minus-KDE,-7.643737326681061,-0.07425550235625995
886,contracted_maximum_demand,GEV-minus-KDE,0.40186058153889004,0.0
887,contracted_maximum_demand,GEV-minus-KDE,10.267021083542009,-0.07425550235625995
888,contracted_maximum_demand,GEV-minus-KDE,-4.385454061976449,0.034789251057886654
889,contracted_maximum_demand,GEV-minus-KDE,-0.06779157109050998,-0.07425550235625995
890,contracted_maximum_demand,GEV-minus-KDE,-5.433591852445499,-0.07425550235625995
891,contracted_maximum_demand,GEV-minus-KDE,5.025693918227221,0.0
892,contracted_maximum_demand,GEV-minus-KDE,-1.0834868643039008,-0.07124568885443334
893,contracted_maximum_demand,GEV-minus-KDE,-6.645141037019229,-0.05333600453501865
894,contracted_maximum_demand,GEV-minus-KDE,2.6811255191731913,-0.10139865034708667
895,contracted_maximum_demand,GEV-minus-KDE,1.37646918378359,-0.07425550235625995
896,contracted_maximum_demand,GEV-minus-KDE,-2.1120015580599922,0.15120679802931336
897,contracted_maximum_demand,GEV-minus-KDE,-4.953604359046859,0.06626810882916001
898,contracted_maximum_demand,GEV-minus-KDE,12.546147235129801,0.0
899,contracted_maximum_demand,GEV-minus-KDE,6.202238939427532,0.0
900,contracted_maximum_demand,GEV-minus-KDE,-2.270258368479569,0.0
901,contracted_maximum_demand,GEV-minus-KDE,8.23491342623732,0.0864100311244
902,contracted_maximum_demand,GEV-minus-KDE,-1.3069945775547902,-0.08386114511940002
903,contracted_maximum_demand,GEV-minus-KDE,12.288970849230948,0.0
904,contracted_maximum_demand,GEV-minus-KDE,-4.992883981684459,-0.0451020795203928
905,contracted_maximum_demand,GEV-minus-KDE,1.3465991595191202,0.0
906,contracted_maximum_demand,GEV-minus-KDE,-4.750590163576749,-0.07425550235625995
907,contracted_maximum_demand,GEV-minus-KDE,-1.7330845642577202,-0.07425550235625995
908,contracted_maximum_demand,GEV-minus-KDE,0.9099163762379986,0.0
909,contracted_maximum_demand,GEV-minus-KDE,0.9321279354749301,-0.03166210993590657
910,contracted_maximum_demand,GEV-minus-KDE,-3.4623491447679093,0.06411872148502253
911,contracted_maximum_demand,GEV-minus-KDE,-0.6666377001492405,0.0
912,contracted_maximum_demand,GEV-minus-KDE,10.54822970964146,0.0
913,contracted_maximum_demand,GEV-minus-KDE,-2.209710507305071,0.04869247441139332
914,contracted_maximum_demand,GEV-minus-KDE,8.922114155361768,0.0
915,contracted_maximum_demand,GEV-minus-KDE,-1.2360699118195484,0.06645092523492001
916,contracted_maximum_demand,GEV-minus-KDE,6.4646406759248904,0.0
917,contracted_maximum_demand,GEV-minus-KDE,2.3846264300280695,0.033476815504126664
918,contracted_maximum_demand,GEV-minus-KDE,-3.909610166066191,0.1634108385240799
919,contracted_maximum_demand,GEV-minus-KDE,21.09261399144432,0.0
920,contracted_maximum_demand,GEV-minus-KDE,-4.63688605510322,-0.07425550235625995
921,contracted_maximum_demand,GEV-minus-KDE,-3.73553878535534,0.3491829594465599
922,contracted_maximum_demand,GEV-minus-KDE,-7.238805136050821,0.13669860722872668
923,contracted_maximum_demand,GEV-minus-KDE,-3.7659722978169192,0.17641912317831998
924,contracted_maximum_demand,GEV-minus-KDE,4.636842783020111,0.0
925,contracted_maximum_demand,GEV-minus-KDE,-4.009593826670551,-0.0949005241453267
926,contracted_maximum_demand,GEV-minus-KDE,34.05246067990735,0.0
927,contracted_maximum_demand,GEV-minus-KDE,-6.122802388142842,0.13439936426580004
928,contracted_maximum_demand,GEV-minus-KDE,-3.9150065159185483,0.4774855886705066
929,contracted_maximum_demand,GEV-minus-KDE,-2.660954501597082,-0.02763748478604102
930,contracted_maximum_demand,GEV-minus-KDE,-7.1933448218701495,0.0
931,contracted_maximum_demand,GEV-minus-KDE,4.820483140179101,-0.8200096868566132
932,contracted_maximum_demand,GEV-minus-KDE,11.846823829268041,0.0
933,contracted_maximum_demand,GEV-minus-KDE,7.578252997787821,0.0
934,contracted_maximum_demand,GEV-minus-KDE,-5.716709653244201,0.023774009955588957
935,contracted_maximum_demand,GEV-minus-KDE,-4.439936220929214,0.2525768652030264
936,contracted_maximum_demand,GEV-minus-KDE,5.387354860178551,-0.16736061153315332
937,contracted_maximum_demand,GEV-minus-KDE,-4.920157184422869,-0.09176424803746666
938,contracted_maximum_demand,GEV-minus-KDE,-2.3088204055602697,-0.06905179035846662
939,contracted_maximum_demand,GEV-minus-KDE,-8.982424271147549,-0.5503032102103665
940,contracted_maximum_demand,GEV-minus-KDE,-3.635784437186,0.0
941,contracted_maximum_demand,GEV-minus-KDE,6.028658810447723,0.0
942,contracted_maximum_demand,GEV-minus-KDE,10.026715419117929,0.0
943,contracted_maximum_demand,GEV-minus-KDE,-6.349748468874919,-0.53649489917629
944,contracted_maximum_demand,GEV-minus-KDE,-9.28745886381696,0.06173736750644224
945,contracted_maximum_demand,GEV-minus-KDE,-35.06797881397409,0.0
946,contracted_maximum_demand,GEV-minus-KDE,6.283380180895421,-0.15357023414560664
947,contracted_maximum_demand,GEV-minus-KDE,0.18267296823734902,-0.03448481834517999
948,contracted_maximum_demand,GEV-minus-KDE,-3.4847550670562195,0.0
949,contracted_maximum_demand,GEV-minus-KDE,-5.1897394893209885,-0.1975630681785367
950,contracted_maximum_demand,GEV-minus-KDE,-5.63020805504269,0.010462259729493353
951,contracted_maximum_demand,GEV-minus-KDE,1.8906915307290197,0.0
952,contracted_maximum_demand,GEV-minus-KDE,4.09157731944696,0.24546348067952667
953,contracted_maximum_demand,GEV-minus-KDE,-5.08991031204244,-0.07425550235625995
954,contracted_maximum_demand,GEV-minus-KDE,2.94756589203382,-0.5317846272437867
955,contracted_maximum_demand,GEV-minus-KDE,5.22555805354641,0.0
956,contracted_maximum_demand,GEV-minus-KDE,16.263742784424682,0.0
957,contracted_maximum_demand,GEV-minus-KDE,-17.59869235679393,0.0
958,contracted_maximum_demand,GEV-minus-KDE,-1.6451010406492106,-0.013511843636244626
959,contracted_maximum_demand,GEV-minus-KDE,2.8461987832097884,0.0
960,contracted_maximum_demand,GEV-minus-KDE,3.47933003316849,0.0
961,contracted_maximum_demand,GEV-minus-KDE,4.36810707172261,-0.12819665267945335
962,contracted_maximum_demand,GEV-minus-KDE,1.9703556359487702,-0.27170868741825
963,contracted_maximum_demand,GEV-minus-KDE,-7.1628717262210015,-0.11894571267191331
964,contracted_maximum_demand,GEV-minus-KDE,0.3415199458284779,0.1660537997721267
965,contracted_maximum_demand,GEV-minus-KDE,3.8673056300949096,-0.14483075502129336
966,contracted_maximum_demand,GEV-minus-KDE,-0.1131736538594802,0.05788487873335188
967,contracted_maximum_demand,GEV-minus-KDE,-5.327904513254941,-0.7044180143110199
968,contracted_maximum_demand,GEV-minus-KDE,0.65047423421032,0.0
969,contracted_maximum_demand,GEV-minus-KDE,-6.839052695448341,-0.8345223384218883
970,contracted_maximum_demand,GEV-minus-KDE,-3.7159231815783595,0.02919453355398151
971,contracted_maximum_demand,GEV-minus-KDE,-2.755992778283231,0.050284562359119996
972,contracted_maximum_demand,GEV-minus-KDE,6.001244407775311,0.18375230641100665
973,contracted_maximum_demand,GEV-minus-KDE,17.72636680838719,0.0
974,contracted_maximum_demand,GEV-minus-KDE,-56.46659463305967,0.0
975,contracted_maximum_demand,GEV-minus-KDE,-4.0852731714811,-0.2616544708535133
976,contracted_maximum_demand,GEV-minus-KDE,4.21650952193198,-0.36887121583832666
977,contracted_maximum_demand,GEV-minus-KDE,1.1500800435080296,-0.07425550235625995
978,contracted_maximum_demand,GEV-minus-KDE,17.59839956589007,0.0
979,contracted_maximum_demand,GEV-minus-KDE,-5.6015146563285985,0.32391388833016665
980,contracted_maximum_demand,GEV-minus-KDE,-3.97306508481741,-0.835868716087298
981,contracted_maximum_demand,GEV-minus-KDE,-5.413794356065779,-0.381335570113383
982,contracted_maximum_demand,GEV-minus-KDE,8.295650750752737,0.0
983,contracted_maximum_demand,GEV-minus-KDE,17.53582508581533,0.0
984,contracted_maximum_demand,GEV-minus-KDE,-7.847147431903768,0.06879415794262667
985,contracted_maximum_demand,GEV-minus-KDE,9.01343780613961,0.0
986,contracted_maximum_demand,GEV-minus-KDE,-6.44689031508891,0.1707194164940534
987,contracted_maximum_demand,GEV-minus-KDE,0.7281954680524005,0.0
988,contracted_maximum_demand,GEV-minus-KDE,9.14598195224921,0.0
989,contracted_maximum_demand,GEV-minus-KDE,16.980920673699742,0.0
990,contracted_maximum_demand,GEV-minus-KDE,18.51464743297801,0.0
991,contracted_maximum_demand,GEV-minus-KDE,2.0011545656277994,0.029469198009209926
992,contracted_maximum_demand,GEV-minus-KDE,-6.733042009826621,-0.8359817022235532
993,contracted_maximum_demand,GEV-minus-KDE,-3.432648701824231,0.003997640315813421
994,contracted_maximum_demand,GEV-minus-KDE,-0.08622009919143983,0.0
995,contracted_maximum_demand,GEV-minus-KDE,0.6009042825128396,0.0
996,contracted_maximum_demand,GEV-minus-KDE,-9.86714687270805,-0.08632014549393334
997,contracted_maximum_demand,GEV-minus-KDE,3.5524456950992294,0.2884234711772066
998,contracted_maximum_demand,GEV-minus-KDE,14.337998568952681,0.0
999,contracted_maximum_demand,GEV-minus-KDE,2.926961858279689,-0.18045086397185667
0,actual_maximum_demand,TAIL-minus-EVENT-EMP,5.2689755457956595,0.0
1,actual_maximum_demand,TAIL-minus-EVENT-EMP,-18.187596653034728,0.0
2,actual_maximum_demand,TAIL-minus-EVENT-EMP,-5.054922345863109,0.0
3,actual_maximum_demand,TAIL-minus-EVENT-EMP,-4.6212556383150405,0.03099496561797667
4,actual_maximum_demand,TAIL-minus-EVENT-EMP,10.12132044707824,0.0
5,actual_maximum_demand,TAIL-minus-EVENT-EMP,-7.338402695056382,0.0
6,actual_maximum_demand,TAIL-minus-EVENT-EMP,0.37895720734665017,0.26881720430107336
7,actual_maximum_demand,TAIL-minus-EVENT-EMP,-5.24147723872389,0.0
8,actual_maximum_demand,TAIL-minus-EVENT-EMP,-13.94292168564868,-0.03099496561797667
9,actual_maximum_demand,TAIL-minus-EVENT-EMP,-13.39760534615763,-0.03099496561797667
10,actual_maximum_demand,TAIL-minus-EVENT-EMP,-3.09343397954272,0.0
11,actual_maximum_demand,TAIL-minus-EVENT-EMP,-7.5492509808282895,0.0
12,actual_maximum_demand,TAIL-minus-EVENT-EMP,3.9903743133596596,0.0
13,actual_maximum_demand,TAIL-minus-EVENT-EMP,-14.95672039536426,0.03099496561797667
14,actual_maximum_demand,TAIL-minus-EVENT-EMP,-9.76359077274138,0.0
15,actual_maximum_demand,TAIL-minus-EVENT-EMP,-2.034683797264959,-0.26881720430107336
16,actual_maximum_demand,TAIL-minus-EVENT-EMP,6.47356474779919,0.0
17,actual_maximum_demand,TAIL-minus-EVENT-EMP,4.014527001167489,0.0
18,actual_maximum_demand,TAIL-minus-EVENT-EMP,-11.957193872168169,0.0
19,actual_maximum_demand,TAIL-minus-EVENT-EMP,6.58025859765133,0.0
20,actual_maximum_demand,TAIL-minus-EVENT-EMP,-6.05002335671753,0.0
21,actual_maximum_demand,TAIL-minus-EVENT-EMP,13.542847967432827,-0.15700499536175
22,actual_maximum_demand,TAIL-minus-EVENT-EMP,3.2164885038745012,0.0
23,actual_maximum_demand,TAIL-minus-EVENT-EMP,-6.899262442873011,0.0
24,actual_maximum_demand,TAIL-minus-EVENT-EMP,-0.9320672100151611,0.0
25,actual_maximum_demand,TAIL-minus-EVENT-EMP,-20.62455639240441,0.0
26,actual_maximum_demand,TAIL-minus-EVENT-EMP,0.42453214094602,-0.26881720430107336
27,actual_maximum_demand,TAIL-minus-EVENT-EMP,-23.801940243434903,0.0
28,actual_maximum_demand,TAIL-minus-EVENT-EMP,-4.663596526851131,0.03099496561797667
29,actual_maximum_demand,TAIL-minus-EVENT-EMP,-2.815081995762339,0.0
30,actual_maximum_demand,TAIL-minus-EVENT-EMP,-6.82360344610356,0.0
31,actual_maximum_demand,TAIL-minus-EVENT-EMP,-2.9658602347386105,0.0
32,actual_maximum_demand,TAIL-minus-EVENT-EMP,-7.362003073716117,0.0
33,actual_maximum_demand,TAIL-minus-EVENT-EMP,-12.322281515504779,-0.03099496561797667
34,actual_maximum_demand,TAIL-minus-EVENT-EMP,-10.647338813285922,0.0
35,actual_maximum_demand,TAIL-minus-EVENT-EMP,-23.761130039319692,0.0
36,actual_maximum_demand,TAIL-minus-EVENT-EMP,-7.934328023033401,0.0
37,actual_maximum_demand,TAIL-minus-EVENT-EMP,-6.771995299914721,0.0
38,actual_maximum_demand,TAIL-minus-EVENT-EMP,-2.8989957962829895,0.03099496561797667
39,actual_maximum_demand,TAIL-minus-EVENT-EMP,-20.74160598999108,-0.03099496561797667
40,actual_maximum_demand,TAIL-minus-EVENT-EMP,-2.405448131242989,0.0
41,actual_maximum_demand,TAIL-minus-EVENT-EMP,-17.94815717394695,-0.21738751245856006
42,actual_maximum_demand,TAIL-minus-EVENT-EMP,9.78264159321374,-0.03099496561797667
43,actual_maximum_demand,TAIL-minus-EVENT-EMP,-10.37219717697037,-0.03099496561797667
44,actual_maximum_demand,TAIL-minus-EVENT-EMP,-7.597362541724231,0.0
45,actual_maximum_demand,TAIL-minus-EVENT-EMP,9.38045019454751,0.0
46,actual_maximum_demand,TAIL-minus-EVENT-EMP,-11.52836648944681,0.0
47,actual_maximum_demand,TAIL-minus-EVENT-EMP,-2.04008112836533,0.0
48,actual_maximum_demand,TAIL-minus-EVENT-EMP,13.025265108150771,0.0
49,actual_maximum_demand,TAIL-minus-EVENT-EMP,-29.49862161215479,-0.03099496561797667
50,actual_maximum_demand,TAIL-minus-EVENT-EMP,-10.555716530788242,0.0
51,actual_maximum_demand,TAIL-minus-EVENT-EMP,-3.65810325320603,0.0
52,actual_maximum_demand,TAIL-minus-EVENT-EMP,-14.222578991900669,0.03099496561797667
53,actual_maximum_demand,TAIL-minus-EVENT-EMP,2.1589775301110894,-0.03099496561797667
54,actual_maximum_demand,TAIL-minus-EVENT-EMP,-6.561991575321368,-0.03099496561797667
55,actual_maximum_demand,TAIL-minus-EVENT-EMP,3.1195732038273394,0.0
56,actual_maximum_demand,TAIL-minus-EVENT-EMP,-10.72231166056271,0.0
57,actual_maximum_demand,TAIL-minus-EVENT-EMP,0.28811288556724046,0.0
58,actual_maximum_demand,TAIL-minus-EVENT-EMP,8.45641866139697,0.0
59,actual_maximum_demand,TAIL-minus-EVENT-EMP,-11.153602877421939,0.0
60,actual_maximum_demand,TAIL-minus-EVENT-EMP,-2.3601906961353696,0.0
61,actual_maximum_demand,TAIL-minus-EVENT-EMP,-18.17801886401956,-0.03099496561797667
62,actual_maximum_demand,TAIL-minus-EVENT-EMP,2.9736199205038005,-0.03099496561797667
63,actual_maximum_demand,TAIL-minus-EVENT-EMP,-4.11282641351637,0.0
64,actual_maximum_demand,TAIL-minus-EVENT-EMP,-12.1167242448027,0.0
65,actual_maximum_demand,TAIL-minus-EVENT-EMP,-12.108514422204838,0.0
66,actual_maximum_demand,TAIL-minus-EVENT-EMP,-24.438403113384172,0.0
67,actual_maximum_demand,TAIL-minus-EVENT-EMP,-10.05850877480098,-0.03099496561797667
68,actual_maximum_demand,TAIL-minus-EVENT-EMP,-3.0916541610936203,0.0
69,actual_maximum_demand,TAIL-minus-EVENT-EMP,-16.88356710692226,-0.03099496561797667
70,actual_maximum_demand,TAIL-minus-EVENT-EMP,-23.18514798003096,-0.03099496561797667
71,actual_maximum_demand,TAIL-minus-EVENT-EMP,-14.248628415227598,-0.26881720430107336
72,actual_maximum_demand,TAIL-minus-EVENT-EMP,-8.87838015518444,0.0
73,actual_maximum_demand,TAIL-minus-EVENT-EMP,-9.059933537982298,0.0
74,actual_maximum_demand,TAIL-minus-EVENT-EMP,-8.141327071647051,0.0
75,actual_maximum_demand,TAIL-minus-EVENT-EMP,-3.55296660814452,0.0
76,actual_maximum_demand,TAIL-minus-EVENT-EMP,-15.39048663419948,0.0
77,actual_maximum_demand,TAIL-minus-EVENT-EMP,-19.18894997522634,0.0
78,actual_maximum_demand,TAIL-minus-EVENT-EMP,-8.52041793108485,0.0
79,actual_maximum_demand,TAIL-minus-EVENT-EMP,-9.221387349333119,-0.03099496561797667
80,actual_maximum_demand,TAIL-minus-EVENT-EMP,-13.92271088287948,0.0
81,actual_maximum_demand,TAIL-minus-EVENT-EMP,-6.769669002991929,0.0
82,actual_maximum_demand,TAIL-minus-EVENT-EMP,-5.313994831282599,0.0
83,actual_maximum_demand,TAIL-minus-EVENT-EMP,0.6085994634292102,0.26881720430107336
84,actual_maximum_demand,TAIL-minus-EVENT-EMP,0.05058223790385015,0.0
85,actual_maximum_demand,TAIL-minus-EVENT-EMP,2.29103074047739,0.0
86,actual_maximum_demand,TAIL-minus-EVENT-EMP,9.62086667871451,-0.11788008720278334
87,actual_maximum_demand,TAIL-minus-EVENT-EMP,12.91787711671464,0.0
88,actual_maximum_demand,TAIL-minus-EVENT-EMP,-39.66531395709666,0.0
89,actual_maximum_demand,TAIL-minus-EVENT-EMP,-12.4561041071284,-0.29981216991905
90,actual_maximum_demand,TAIL-minus-EVENT-EMP,-8.79136858483751,0.0
91,actual_maximum_demand,TAIL-minus-EVENT-EMP,22.227064568702186,0.0
92,actual_maximum_demand,TAIL-minus-EVENT-EMP,8.80020077481584,0.0
93,actual_maximum_demand,TAIL-minus-EVENT-EMP,-4.411609123881409,0.03099496561797667
94,actual_maximum_demand,TAIL-minus-EVENT-EMP,4.201288888393901,0.0
95,actual_maximum_demand,TAIL-minus-EVENT-EMP,-15.648134680204462,0.0
96,actual_maximum_demand,TAIL-minus-EVENT-EMP,-22.664955407415903,0.0
97,actual_maximum_demand,TAIL-minus-EVENT-EMP,-3.6051879699205402,0.23782223868309668
98,actual_maximum_demand,TAIL-minus-EVENT-EMP,-11.17728603085178,0.0
99,actual_maximum_demand,TAIL-minus-EVENT-EMP,13.79419573798242,-0.3261775306250499
100,actual_maximum_demand,TAIL-minus-EVENT-EMP,9.758294502401698,0.0
101,actual_maximum_demand,TAIL-minus-EVENT-EMP,26.21581762123443,0.0
102,actual_maximum_demand,TAIL-minus-EVENT-EMP,-7.718826010547539,0.03099496561797667
103,actual_maximum_demand,TAIL-minus-EVENT-EMP,-1.9059102856649996,0.03099496561797667
104,actual_maximum_demand,TAIL-minus-EVENT-EMP,9.97676707555552,0.0
105,actual_maximum_demand,TAIL-minus-EVENT-EMP,-11.26278124404509,0.0
106,actual_maximum_demand,TAIL-minus-EVENT-EMP,-13.39245503756332,0.0
107,actual_maximum_demand,TAIL-minus-EVENT-EMP,-4.3218915798384385,0.0
108,actual_maximum_demand,TAIL-minus-EVENT-EMP,-11.837915321702742,0.03099496561797667
109,actual_maximum_demand,TAIL-minus-EVENT-EMP,-4.7071015042944495,0.0
110,actual_maximum_demand,TAIL-minus-EVENT-EMP,-18.05621557850983,0.0
111,actual_maximum_demand,TAIL-minus-EVENT-EMP,-8.743183210321359,0.0
112,actual_maximum_demand,TAIL-minus-EVENT-EMP,1.0949434357015204,0.0
113,actual_maximum_demand,TAIL-minus-EVENT-EMP,0.35012679857907014,0.0
114,actual_maximum_demand,TAIL-minus-EVENT-EMP,-12.7793579187162,-0.03099496561797667
115,actual_maximum_demand,TAIL-minus-EVENT-EMP,-7.617713274932771,0.0
116,actual_maximum_demand,TAIL-minus-EVENT-EMP,-14.31241325943356,-0.23782223868309668
117,actual_maximum_demand,TAIL-minus-EVENT-EMP,-6.1502964583223,0.0
118,actual_maximum_demand,TAIL-minus-EVENT-EMP,1.9704656302478598,0.0
119,actual_maximum_demand,TAIL-minus-EVENT-EMP,-16.28518437342712,0.0
120,actual_maximum_demand,TAIL-minus-EVENT-EMP,-3.902301127373911,0.0
121,actual_maximum_demand,TAIL-minus-EVENT-EMP,-40.85047279567994,0.0
122,actual_maximum_demand,TAIL-minus-EVENT-EMP,-9.75719980473933,0.03099496561797667
123,actual_maximum_demand,TAIL-minus-EVENT-EMP,-16.42577498849393,0.0
124,actual_maximum_demand,TAIL-minus-EVENT-EMP,-2.012422084690299,0.0
125,actual_maximum_demand,TAIL-minus-EVENT-EMP,-11.19039916436641,0.0
126,actual_maximum_demand,TAIL-minus-EVENT-EMP,-24.0515464166151,-0.051181908215156696
127,actual_maximum_demand,TAIL-minus-EVENT-EMP,-9.478379161835111,0.0
128,actual_maximum_demand,TAIL-minus-EVENT-EMP,-21.9954999138875,-0.03099496561797667
129,actual_maximum_demand,TAIL-minus-EVENT-EMP,-2.7836223632206205,0.0
130,actual_maximum_demand,TAIL-minus-EVENT-EMP,-8.996323681240028,0.0
131,actual_maximum_demand,TAIL-minus-EVENT-EMP,29.794354898259424,0.0
132,actual_maximum_demand,TAIL-minus-EVENT-EMP,11.19258285599383,0.0
133,actual_maximum_demand,TAIL-minus-EVENT-EMP,-3.9698272648993003,0.0
134,actual_maximum_demand,TAIL-minus-EVENT-EMP,13.144857839546301,-0.03099496561797667
135,actual_maximum_demand,TAIL-minus-EVENT-EMP,-17.08906622898847,0.0
136,actual_maximum_demand,TAIL-minus-EVENT-EMP,-1.6574132285795802,0.0
137,actual_maximum_demand,TAIL-minus-EVENT-EMP,-37.19951971990737,0.0
138,actual_maximum_demand,TAIL-minus-EVENT-EMP,-7.263383676134858,0.0
139,actual_maximum_demand,TAIL-minus-EVENT-EMP,-5.76980649654431,-0.03099496561797667
140,actual_maximum_demand,TAIL-minus-EVENT-EMP,-21.306516754039606,-0.03099496561797667
141,actual_maximum_demand,TAIL-minus-EVENT-EMP,-8.70853683723678,0.0
142,actual_maximum_demand,TAIL-minus-EVENT-EMP,-16.85007620645193,0.0
143,actual_maximum_demand,TAIL-minus-EVENT-EMP,-14.73044275475468,-0.03099496561797667
144,actual_maximum_demand,TAIL-minus-EVENT-EMP,-7.03259844048317,0.0
145,actual_maximum_demand,TAIL-minus-EVENT-EMP,-9.452500826276342,0.0
146,actual_maximum_demand,TAIL-minus-EVENT-EMP,-9.37764384741844,-0.14093813361793667
147,actual_maximum_demand,TAIL-minus-EVENT-EMP,28.63125409674695,0.0
148,actual_maximum_demand,TAIL-minus-EVENT-EMP,-13.282328619842179,0.0
149,actual_maximum_demand,TAIL-minus-EVENT-EMP,-12.47168385457929,0.23782223868309668
150,actual_maximum_demand,TAIL-minus-EVENT-EMP,0.7135564925127693,0.0
151,actual_maximum_demand,TAIL-minus-EVENT-EMP,11.26876185245041,0.0
152,actual_maximum_demand,TAIL-minus-EVENT-EMP,18.71243609774021,0.0
153,actual_maximum_demand,TAIL-minus-EVENT-EMP,-9.22238909152604,0.0
154,actual_maximum_demand,TAIL-minus-EVENT-EMP,-2.01845310702757,0.0
155,actual_maximum_demand,TAIL-minus-EVENT-EMP,-11.4036997918102,0.0
156,actual_maximum_demand,TAIL-minus-EVENT-EMP,-26.82835248679401,0.0
157,actual_maximum_demand,TAIL-minus-EVENT-EMP,-6.79974094843122,0.23782223868309668
158,actual_maximum_demand,TAIL-minus-EVENT-EMP,-5.70885014558694,0.0
159,actual_maximum_demand,TAIL-minus-EVENT-EMP,17.378330619945988,0.0
160,actual_maximum_demand,TAIL-minus-EVENT-EMP,-5.453682177701088,0.03099496561797667
161,actual_maximum_demand,TAIL-minus-EVENT-EMP,-15.25747136102171,-0.03099496561797667
162,actual_maximum_demand,TAIL-minus-EVENT-EMP,-1.912134588873582,0.0
163,actual_maximum_demand,TAIL-minus-EVENT-EMP,-22.920194819732167,-0.03099496561797667
164,actual_maximum_demand,TAIL-minus-EVENT-EMP,5.110733611430551,-0.03099496561797667
165,actual_maximum_demand,TAIL-minus-EVENT-EMP,-15.113877798894299,0.0
166,actual_maximum_demand,TAIL-minus-EVENT-EMP,-9.97049907638747,-0.03099496561797667
167,actual_maximum_demand,TAIL-minus-EVENT-EMP,-11.879495290643668,0.0
168,actual_maximum_demand,TAIL-minus-EVENT-EMP,-7.502590428581299,0.0
169,actual_maximum_demand,TAIL-minus-EVENT-EMP,-10.24875456216377,0.0
170,actual_maximum_demand,TAIL-minus-EVENT-EMP,-12.33130616686236,0.0
171,actual_maximum_demand,TAIL-minus-EVENT-EMP,-0.4628550632782405,0.0
172,actual_maximum_demand,TAIL-minus-EVENT-EMP,-12.16607829907677,0.0
173,actual_maximum_demand,TAIL-minus-EVENT-EMP,-11.165297516832151,0.03099496561797667
174,actual_maximum_demand,TAIL-minus-EVENT-EMP,-20.70148975983801,0.0
175,actual_maximum_demand,TAIL-minus-EVENT-EMP,-2.8723688824027205,0.0
176,actual_maximum_demand,TAIL-minus-EVENT-EMP,-22.513698681713738,0.0
177,actual_maximum_demand,TAIL-minus-EVENT-EMP,-8.4138480272969,-0.03099496561797667
178,actual_maximum_demand,TAIL-minus-EVENT-EMP,-11.55355693080407,0.23782223868309668
179,actual_maximum_demand,TAIL-minus-EVENT-EMP,1.9400819115283394,0.0
180,actual_maximum_demand,TAIL-minus-EVENT-EMP,-2.8887612277719605,0.0
181,actual_maximum_demand,TAIL-minus-EVENT-EMP,-13.99665351687436,0.0
182,actual_maximum_demand,TAIL-minus-EVENT-EMP,-3.9665656096001713,0.26881720430107336
183,actual_maximum_demand,TAIL-minus-EVENT-EMP,-49.26148281155998,0.0
184,actual_maximum_demand,TAIL-minus-EVENT-EMP,-14.746795656695207,0.0
185,actual_maximum_demand,TAIL-minus-EVENT-EMP,-8.68650542585246,0.0
186,actual_maximum_demand,TAIL-minus-EVENT-EMP,-9.09278247027571,0.0
187,actual_maximum_demand,TAIL-minus-EVENT-EMP,-13.773331932914651,0.0
188,actual_maximum_demand,TAIL-minus-EVENT-EMP,0.39116766538287023,0.03099496561797667
189,actual_maximum_demand,TAIL-minus-EVENT-EMP,-2.253599975362569,0.0
190,actual_maximum_demand,TAIL-minus-EVENT-EMP,-10.26468534959745,-0.23782223868309668
191,actual_maximum_demand,TAIL-minus-EVENT-EMP,22.80265112775144,-0.03099496561797667
192,actual_maximum_demand,TAIL-minus-EVENT-EMP,2.770330152300721,0.0
193,actual_maximum_demand,TAIL-minus-EVENT-EMP,-4.34297954911316,-0.26881720430107336
194,actual_maximum_demand,TAIL-minus-EVENT-EMP,-21.851561938294438,-0.03099496561797667
195,actual_maximum_demand,TAIL-minus-EVENT-EMP,-6.408483353873591,0.0
196,actual_maximum_demand,TAIL-minus-EVENT-EMP,-0.9367745509748504,0.0
197,actual_maximum_demand,TAIL-minus-EVENT-EMP,-5.78899199212444,0.03099496561797667
198,actual_maximum_demand,TAIL-minus-EVENT-EMP,-10.85185882958197,-0.03099496561797667
199,actual_maximum_demand,TAIL-minus-EVENT-EMP,2.9402462267965896,-0.06647322349498004
200,actual_maximum_demand,TAIL-minus-EVENT-EMP,-16.66008857916243,0.0
201,actual_maximum_demand,TAIL-minus-EVENT-EMP,-6.02440898201794,0.0
202,actual_maximum_demand,TAIL-minus-EVENT-EMP,-6.3675706879214005,0.03099496561797667
203,actual_maximum_demand,TAIL-minus-EVENT-EMP,-16.42466844130502,0.0
204,actual_maximum_demand,TAIL-minus-EVENT-EMP,-13.134544735904917,0.0
205,actual_maximum_demand,TAIL-minus-EVENT-EMP,13.918494275808621,0.0
206,actual_maximum_demand,TAIL-minus-EVENT-EMP,8.28209373747931,-0.03099496561797667
207,actual_maximum_demand,TAIL-minus-EVENT-EMP,-3.15268036952799,-0.23782223868309668
208,actual_maximum_demand,TAIL-minus-EVENT-EMP,-26.92919173379845,-0.03099496561797667
209,actual_maximum_demand,TAIL-minus-EVENT-EMP,-9.779249759550309,0.0
210,actual_maximum_demand,TAIL-minus-EVENT-EMP,-14.12702592080116,0.0
211,actual_maximum_demand,TAIL-minus-EVENT-EMP,-10.744735523640431,0.03099496561797667
212,actual_maximum_demand,TAIL-minus-EVENT-EMP,20.21696424538689,0.26881720430107336
213,actual_maximum_demand,TAIL-minus-EVENT-EMP,-6.724485613924509,0.0
214,actual_maximum_demand,TAIL-minus-EVENT-EMP,-3.7998839214106397,0.0
215,actual_maximum_demand,TAIL-minus-EVENT-EMP,1.58462551963955,0.26881720430107336
216,actual_maximum_demand,TAIL-minus-EVENT-EMP,-1.30816846321494,0.26881720430107336
217,actual_maximum_demand,TAIL-minus-EVENT-EMP,-17.99928048026087,0.0
218,actual_maximum_demand,TAIL-minus-EVENT-EMP,-3.4647344666007496,0.0
219,actual_maximum_demand,TAIL-minus-EVENT-EMP,-14.398228879069059,-0.03099496561797667
220,actual_maximum_demand,TAIL-minus-EVENT-EMP,-13.33658081455386,0.0
221,actual_maximum_demand,TAIL-minus-EVENT-EMP,-7.461803683620158,0.03099496561797667
222,actual_maximum_demand,TAIL-minus-EVENT-EMP,9.68613220667345,0.03099496561797667
223,actual_maximum_demand,TAIL-minus-EVENT-EMP,-5.214881452285821,0.0
224,actual_maximum_demand,TAIL-minus-EVENT-EMP,-3.1131283306665996,0.0
225,actual_maximum_demand,TAIL-minus-EVENT-EMP,15.435637549261338,0.0
226,actual_maximum_demand,TAIL-minus-EVENT-EMP,22.130043602098663,0.0
227,actual_maximum_demand,TAIL-minus-EVENT-EMP,3.425097473794249,0.03099496561797667
228,actual_maximum_demand,TAIL-minus-EVENT-EMP,-13.792524438989762,-0.03099496561797667
229,actual_maximum_demand,TAIL-minus-EVENT-EMP,3.3915588739038007,0.0
230,actual_maximum_demand,TAIL-minus-EVENT-EMP,-15.16415199252052,0.23782223868309668
231,actual_maximum_demand,TAIL-minus-EVENT-EMP,-11.54263415406994,-0.03099496561797667
232,actual_maximum_demand,TAIL-minus-EVENT-EMP,-12.529240438533732,0.0
233,actual_maximum_demand,TAIL-minus-EVENT-EMP,3.28780049697916,0.0
234,actual_maximum_demand,TAIL-minus-EVENT-EMP,-7.62212085055746,0.03099496561797667
235,actual_maximum_demand,TAIL-minus-EVENT-EMP,2.6513887168726895,0.0
236,actual_maximum_demand,TAIL-minus-EVENT-EMP,-1.21308857671564,0.03099496561797667
237,actual_maximum_demand,TAIL-minus-EVENT-EMP,-0.9229531233954501,-0.03099496561797667
238,actual_maximum_demand,TAIL-minus-EVENT-EMP,-9.14831953537059,0.0
239,actual_maximum_demand,TAIL-minus-EVENT-EMP,-16.09057804668824,0.03099496561797667
240,actual_maximum_demand,TAIL-minus-EVENT-EMP,-18.05845338388632,0.0
241,actual_maximum_demand,TAIL-minus-EVENT-EMP,-1.8535777686495418,0.0
242,actual_maximum_demand,TAIL-minus-EVENT-EMP,-14.65172136030493,0.0
243,actual_maximum_demand,TAIL-minus-EVENT-EMP,-8.075489869748301,0.0
244,actual_maximum_demand,TAIL-minus-EVENT-EMP,-4.033530381824349,0.0
245,actual_maximum_demand,TAIL-minus-EVENT-EMP,-9.19916232166059,0.0
246,actual_maximum_demand,TAIL-minus-EVENT-EMP,-9.22385604982989,-0.03099496561797667
247,actual_maximum_demand,TAIL-minus-EVENT-EMP,-9.98398274650608,0.0
248,actual_maximum_demand,TAIL-minus-EVENT-EMP,-8.915657925409409,0.03099496561797667
249,actual_maximum_demand,TAIL-minus-EVENT-EMP,0.04042437016452002,0.0
250,actual_maximum_demand,TAIL-minus-EVENT-EMP,-15.311618949458008,0.0
251,actual_maximum_demand,TAIL-minus-EVENT-EMP,5.02772567890351,0.03099496561797667
252,actual_maximum_demand,TAIL-minus-EVENT-EMP,-11.486436837949979,0.0
253,actual_maximum_demand,TAIL-minus-EVENT-EMP,10.02591328317991,0.26881720430107336
254,actual_maximum_demand,TAIL-minus-EVENT-EMP,-10.0569382893879,0.0
255,actual_maximum_demand,TAIL-minus-EVENT-EMP,-13.331737192980292,0.0
256,actual_maximum_demand,TAIL-minus-EVENT-EMP,-0.86171893893761,0.0
257,actual_maximum_demand,TAIL-minus-EVENT-EMP,-9.51762734483577,0.0
258,actual_maximum_demand,TAIL-minus-EVENT-EMP,9.60560802430041,0.0
259,actual_maximum_demand,TAIL-minus-EVENT-EMP,-2.4770469328345786,0.0
260,actual_maximum_demand,TAIL-minus-EVENT-EMP,-16.34967909560293,-0.03099496561797667
261,actual_maximum_demand,TAIL-minus-EVENT-EMP,-13.742752741590131,0.0
262,actual_maximum_demand,TAIL-minus-EVENT-EMP,6.0029177750335,0.03099496561797667
263,actual_maximum_demand,TAIL-minus-EVENT-EMP,-16.65309608063474,0.0
264,actual_maximum_demand,TAIL-minus-EVENT-EMP,-17.257037540481416,0.0
265,actual_maximum_demand,TAIL-minus-EVENT-EMP,-14.31638818596701,0.0
266,actual_maximum_demand,TAIL-minus-EVENT-EMP,-3.325342930960301,0.0
267,actual_maximum_demand,TAIL-minus-EVENT-EMP,-7.652142952706502,-0.23782223868309668
268,actual_maximum_demand,TAIL-minus-EVENT-EMP,-11.249033773975022,-0.03099496561797667
269,actual_maximum_demand,TAIL-minus-EVENT-EMP,-17.20473712381514,-0.26881720430107336
270,actual_maximum_demand,TAIL-minus-EVENT-EMP,7.398005445450129,0.03099496561797667
271,actual_maximum_demand,TAIL-minus-EVENT-EMP,-19.50721102947803,0.0
272,actual_maximum_demand,TAIL-minus-EVENT-EMP,-7.7318621317479215,0.0
273,actual_maximum_demand,TAIL-minus-EVENT-EMP,20.83782734481669,0.0
274,actual_maximum_demand,TAIL-minus-EVENT-EMP,-14.689819165607359,0.0
275,actual_maximum_demand,TAIL-minus-EVENT-EMP,-11.371138867228941,0.0
276,actual_maximum_demand,TAIL-minus-EVENT-EMP,-2.0590821484502793,0.0
277,actual_maximum_demand,TAIL-minus-EVENT-EMP,-16.88195755655628,-0.26881720430107336
278,actual_maximum_demand,TAIL-minus-EVENT-EMP,-15.74314396328643,-0.03099496561797667
279,actual_maximum_demand,TAIL-minus-EVENT-EMP,-24.21257705124482,0.0
280,actual_maximum_demand,TAIL-minus-EVENT-EMP,13.46151615580794,0.03099496561797667
281,actual_maximum_demand,TAIL-minus-EVENT-EMP,-8.67522945853398,0.0
282,actual_maximum_demand,TAIL-minus-EVENT-EMP,-24.26943569453518,-0.37677314435045994
283,actual_maximum_demand,TAIL-minus-EVENT-EMP,17.91783772997633,-0.03099496561797667
284,actual_maximum_demand,TAIL-minus-EVENT-EMP,-10.821640768834781,0.0
285,actual_maximum_demand,TAIL-minus-EVENT-EMP,13.732268361663841,0.03099496561797667
286,actual_maximum_demand,TAIL-minus-EVENT-EMP,-28.15564046614256,0.0
287,actual_maximum_demand,TAIL-minus-EVENT-EMP,4.29164259536709,0.0
288,actual_maximum_demand,TAIL-minus-EVENT-EMP,-13.067208092039612,0.03099496561797667
289,actual_maximum_demand,TAIL-minus-EVENT-EMP,-5.51746832153259,-0.03099496561797667
290,actual_maximum_demand,TAIL-minus-EVENT-EMP,-6.193580111135169,0.0
291,actual_maximum_demand,TAIL-minus-EVENT-EMP,-1.6605931167396004,-0.03099496561797667
292,actual_maximum_demand,TAIL-minus-EVENT-EMP,-11.745836631656298,0.0
293,actual_maximum_demand,TAIL-minus-EVENT-EMP,-22.327103317484138,0.0
294,actual_maximum_demand,TAIL-minus-EVENT-EMP,-11.346941282265568,0.0
295,actual_maximum_demand,TAIL-minus-EVENT-EMP,-6.71715427358372,0.0
296,actual_maximum_demand,TAIL-minus-EVENT-EMP,5.06972636887285,0.0
297,actual_maximum_demand,TAIL-minus-EVENT-EMP,20.1482027670359,0.0
298,actual_maximum_demand,TAIL-minus-EVENT-EMP,19.69663759831162,0.0
299,actual_maximum_demand,TAIL-minus-EVENT-EMP,-15.478519694305348,0.0
300,actual_maximum_demand,TAIL-minus-EVENT-EMP,-10.760280185173539,0.0
301,actual_maximum_demand,TAIL-minus-EVENT-EMP,5.8739596946459995,0.0
302,actual_maximum_demand,TAIL-minus-EVENT-EMP,-14.901508361636361,0.0
303,actual_maximum_demand,TAIL-minus-EVENT-EMP,-0.41584501110071975,0.03099496561797667
304,actual_maximum_demand,TAIL-minus-EVENT-EMP,-19.96654725859729,-0.03099496561797667
305,actual_maximum_demand,TAIL-minus-EVENT-EMP,-5.145078470676578,0.0
306,actual_maximum_demand,TAIL-minus-EVENT-EMP,4.758114617231579,0.0
307,actual_maximum_demand,TAIL-minus-EVENT-EMP,16.4021101371913,0.0
308,actual_maximum_demand,TAIL-minus-EVENT-EMP,-0.6293627984428409,0.0
309,actual_maximum_demand,TAIL-minus-EVENT-EMP,-22.66749377389314,-0.03099496561797667
310,actual_maximum_demand,TAIL-minus-EVENT-EMP,-24.347645260837428,0.0
311,actual_maximum_demand,TAIL-minus-EVENT-EMP,-15.517948438868789,-0.03099496561797667
312,actual_maximum_demand,TAIL-minus-EVENT-EMP,-5.74678562115694,0.0
313,actual_maximum_demand,TAIL-minus-EVENT-EMP,-6.884800891790752,0.0
314,actual_maximum_demand,TAIL-minus-EVENT-EMP,7.976302662094269,0.0
315,actual_maximum_demand,TAIL-minus-EVENT-EMP,13.349059957779469,0.0
316,actual_maximum_demand,TAIL-minus-EVENT-EMP,-1.6373421847427794,0.0
317,actual_maximum_demand,TAIL-minus-EVENT-EMP,-11.46959380297386,0.23782223868309668
318,actual_maximum_demand,TAIL-minus-EVENT-EMP,-4.168151413838669,0.0
319,actual_maximum_demand,TAIL-minus-EVENT-EMP,-10.488278376646939,0.0
320,actual_maximum_demand,TAIL-minus-EVENT-EMP,-6.851201563639749,0.0
321,actual_maximum_demand,TAIL-minus-EVENT-EMP,-15.646213415407061,0.03099496561797667
322,actual_maximum_demand,TAIL-minus-EVENT-EMP,-4.2533191447633305,0.0
323,actual_maximum_demand,TAIL-minus-EVENT-EMP,-12.170140769291457,0.0
324,actual_maximum_demand,TAIL-minus-EVENT-EMP,-10.51793548890399,0.0
325,actual_maximum_demand,TAIL-minus-EVENT-EMP,1.5206085748667415,0.03099496561797667
326,actual_maximum_demand,TAIL-minus-EVENT-EMP,-11.450545442728721,0.0
327,actual_maximum_demand,TAIL-minus-EVENT-EMP,-18.531494007488263,-0.03099496561797667
328,actual_maximum_demand,TAIL-minus-EVENT-EMP,-11.661718740465787,0.0
329,actual_maximum_demand,TAIL-minus-EVENT-EMP,-1.0955118596948705,0.03099496561797667
330,actual_maximum_demand,TAIL-minus-EVENT-EMP,11.653572976687201,0.0
331,actual_maximum_demand,TAIL-minus-EVENT-EMP,4.0002344565480294,0.0
332,actual_maximum_demand,TAIL-minus-EVENT-EMP,3.9773283112311106,0.03099496561797667
333,actual_maximum_demand,TAIL-minus-EVENT-EMP,-3.2369214065630105,0.26881720430107336
334,actual_maximum_demand,TAIL-minus-EVENT-EMP,-14.183032290601648,0.0
335,actual_maximum_demand,TAIL-minus-EVENT-EMP,-12.253327692654784,0.0
336,actual_maximum_demand,TAIL-minus-EVENT-EMP,-9.20034451835143,0.0
337,actual_maximum_demand,TAIL-minus-EVENT-EMP,2.4646897589139516,0.03099496561797667
338,actual_maximum_demand,TAIL-minus-EVENT-EMP,-7.954154664516369,0.0
339,actual_maximum_demand,TAIL-minus-EVENT-EMP,-12.961945884562082,0.0
340,actual_maximum_demand,TAIL-minus-EVENT-EMP,-18.438051128012077,0.0
341,actual_maximum_demand,TAIL-minus-EVENT-EMP,19.80484158460692,0.0
342,actual_maximum_demand,TAIL-minus-EVENT-EMP,-8.640963666605339,0.0
343,actual_maximum_demand,TAIL-minus-EVENT-EMP,-10.24678797439499,0.0
344,actual_maximum_demand,TAIL-minus-EVENT-EMP,-8.61665906893835,0.0
345,actual_maximum_demand,TAIL-minus-EVENT-EMP,-8.81655468130838,0.0
346,actual_maximum_demand,TAIL-minus-EVENT-EMP,-14.411863322274368,0.0
347,actual_maximum_demand,TAIL-minus-EVENT-EMP,-7.809766479552108,0.0
348,actual_maximum_demand,TAIL-minus-EVENT-EMP,1.2154548538415604,0.0
349,actual_maximum_demand,TAIL-minus-EVENT-EMP,-11.9534923866158,0.03099496561797667
350,actual_maximum_demand,TAIL-minus-EVENT-EMP,-5.315066548674902,0.0
351,actual_maximum_demand,TAIL-minus-EVENT-EMP,1.20584242648326,0.0
352,actual_maximum_demand,TAIL-minus-EVENT-EMP,6.195010520684541,0.0
353,actual_maximum_demand,TAIL-minus-EVENT-EMP,-5.8400503045162395,0.0
354,actual_maximum_demand,TAIL-minus-EVENT-EMP,-7.333857660384749,0.0
355,actual_maximum_demand,TAIL-minus-EVENT-EMP,11.4555694993795,0.0
356,actual_maximum_demand,TAIL-minus-EVENT-EMP,-5.760652630825021,-0.03099496561797667
357,actual_maximum_demand,TAIL-minus-EVENT-EMP,-11.433815244803162,0.0
358,actual_maximum_demand,TAIL-minus-EVENT-EMP,-9.9480032741601,-0.03099496561797667
359,actual_maximum_demand,TAIL-minus-EVENT-EMP,-9.85029094657827,0.0
360,actual_maximum_demand,TAIL-minus-EVENT-EMP,-1.4194119116230501,0.0
361,actual_maximum_demand,TAIL-minus-EVENT-EMP,-1.6290779655046606,0.03099496561797667
362,actual_maximum_demand,TAIL-minus-EVENT-EMP,-10.845797562760682,0.0
363,actual_maximum_demand,TAIL-minus-EVENT-EMP,-27.30248412561186,0.0
364,actual_maximum_demand,TAIL-minus-EVENT-EMP,30.785117265862468,0.0
365,actual_maximum_demand,TAIL-minus-EVENT-EMP,9.125946062170778,0.03099496561797667
366,actual_maximum_demand,TAIL-minus-EVENT-EMP,-15.38839133630446,-0.03099496561797667
367,actual_maximum_demand,TAIL-minus-EVENT-EMP,-12.661415531292091,-0.03099496561797667
368,actual_maximum_demand,TAIL-minus-EVENT-EMP,-17.92190684768422,0.0
369,actual_maximum_demand,TAIL-minus-EVENT-EMP,9.171561663756702,0.0
370,actual_maximum_demand,TAIL-minus-EVENT-EMP,-12.75385910627945,0.0
371,actual_maximum_demand,TAIL-minus-EVENT-EMP,2.759954738789701,0.0
372,actual_maximum_demand,TAIL-minus-EVENT-EMP,-24.08517298608696,0.10110581568182334
373,actual_maximum_demand,TAIL-minus-EVENT-EMP,78.28923708145985,0.0
374,actual_maximum_demand,TAIL-minus-EVENT-EMP,11.05341611959813,0.0
375,actual_maximum_demand,TAIL-minus-EVENT-EMP,-11.733780748525149,-3.4345634754852203
376,actual_maximum_demand,TAIL-minus-EVENT-EMP,-11.9508917047092,0.0
377,actual_maximum_demand,TAIL-minus-EVENT-EMP,9.06973216810058,0.0
378,actual_maximum_demand,TAIL-minus-EVENT-EMP,-6.402732483035189,0.0
379,actual_maximum_demand,TAIL-minus-EVENT-EMP,-9.907174166765728,0.0
380,actual_maximum_demand,TAIL-minus-EVENT-EMP,-13.182291687997061,0.0
381,actual_maximum_demand,TAIL-minus-EVENT-EMP,-7.929407080601589,0.0
382,actual_maximum_demand,TAIL-minus-EVENT-EMP,-18.88868335705643,0.0
383,actual_maximum_demand,TAIL-minus-EVENT-EMP,-2.0946383291741406,0.0
384,actual_maximum_demand,TAIL-minus-EVENT-EMP,5.226348122891281,0.0
385,actual_maximum_demand,TAIL-minus-EVENT-EMP,-18.811339005478402,-0.03099496561797667
386,actual_maximum_demand,TAIL-minus-EVENT-EMP,-7.440119179602061,0.0
387,actual_maximum_demand,TAIL-minus-EVENT-EMP,14.10235287436952,-0.26881720430107336
388,actual_maximum_demand,TAIL-minus-EVENT-EMP,-25.35887040366987,-0.03099496561797667
389,actual_maximum_demand,TAIL-minus-EVENT-EMP,-9.38795211653199,0.0
390,actual_maximum_demand,TAIL-minus-EVENT-EMP,-4.43503781497949,0.0
391,actual_maximum_demand,TAIL-minus-EVENT-EMP,-10.187763206707748,0.0
392,actual_maximum_demand,TAIL-minus-EVENT-EMP,-2.443679337567939,0.0
393,actual_maximum_demand,TAIL-minus-EVENT-EMP,-0.8603247519749304,-0.26881720430107336
394,actual_maximum_demand,TAIL-minus-EVENT-EMP,-6.10560810058641,-0.03099496561797667
395,actual_maximum_demand,TAIL-minus-EVENT-EMP,-30.1203102039245,0.0
396,actual_maximum_demand,TAIL-minus-EVENT-EMP,-9.37676800283294,0.0
397,actual_maximum_demand,TAIL-minus-EVENT-EMP,-4.458544198316969,0.0
398,actual_maximum_demand,TAIL-minus-EVENT-EMP,8.8220476190874,-0.03099496561797667
399,actual_maximum_demand,TAIL-minus-EVENT-EMP,-19.68534705166082,-0.03099496561797667
400,actual_maximum_demand,TAIL-minus-EVENT-EMP,-15.194884706945919,-0.03099496561797667
401,actual_maximum_demand,TAIL-minus-EVENT-EMP,-3.26070020243277,-0.26881720430107336
402,actual_maximum_demand,TAIL-minus-EVENT-EMP,-12.558144646995109,0.0
403,actual_maximum_demand,TAIL-minus-EVENT-EMP,-3.5150798122364093,-0.23782223868309668
404,actual_maximum_demand,TAIL-minus-EVENT-EMP,4.3127845926813295,0.03099496561797667
405,actual_maximum_demand,TAIL-minus-EVENT-EMP,-38.50004339084409,0.03099496561797667
406,actual_maximum_demand,TAIL-minus-EVENT-EMP,-21.88192660883203,-0.03099496561797667
407,actual_maximum_demand,TAIL-minus-EVENT-EMP,2.0079165427562,0.0
408,actual_maximum_demand,TAIL-minus-EVENT-EMP,-8.74147000107385,0.0
409,actual_maximum_demand,TAIL-minus-EVENT-EMP,3.884988931340599,0.0
410,actual_maximum_demand,TAIL-minus-EVENT-EMP,-1.6082696195234725,0.0
411,actual_maximum_demand,TAIL-minus-EVENT-EMP,44.249532325283674,0.0
412,actual_maximum_demand,TAIL-minus-EVENT-EMP,-16.626266305660113,0.0
413,actual_maximum_demand,TAIL-minus-EVENT-EMP,5.01073368519695,0.0
414,actual_maximum_demand,TAIL-minus-EVENT-EMP,-9.28255011538129,0.0
415,actual_maximum_demand,TAIL-minus-EVENT-EMP,-0.6545082664545204,0.0
416,actual_maximum_demand,TAIL-minus-EVENT-EMP,-15.8685847208593,0.0
417,actual_maximum_demand,TAIL-minus-EVENT-EMP,-40.80084185721775,0.0
418,actual_maximum_demand,TAIL-minus-EVENT-EMP,-4.864182919867622,0.0
419,actual_maximum_demand,TAIL-minus-EVENT-EMP,-9.3366308495903,0.0
420,actual_maximum_demand,TAIL-minus-EVENT-EMP,16.304176051805026,0.0
421,actual_maximum_demand,TAIL-minus-EVENT-EMP,1.0560995224185799,0.0
422,actual_maximum_demand,TAIL-minus-EVENT-EMP,-7.20996092440607,0.0
423,actual_maximum_demand,TAIL-minus-EVENT-EMP,-23.303085144891067,0.0
424,actual_maximum_demand,TAIL-minus-EVENT-EMP,0.006870708905648559,0.0
425,actual_maximum_demand,TAIL-minus-EVENT-EMP,-7.774736472035379,0.0
426,actual_maximum_demand,TAIL-minus-EVENT-EMP,8.819684653546458,0.26881720430107336
427,actual_maximum_demand,TAIL-minus-EVENT-EMP,-21.13200034882979,0.0
428,actual_maximum_demand,TAIL-minus-EVENT-EMP,-13.69340260519201,0.03099496561797667
429,actual_maximum_demand,TAIL-minus-EVENT-EMP,-23.84665917062859,0.03099496561797667
430,actual_maximum_demand,TAIL-minus-EVENT-EMP,-15.967067044202679,0.0
431,actual_maximum_demand,TAIL-minus-EVENT-EMP,-17.477732083192652,-0.03099496561797667
432,actual_maximum_demand,TAIL-minus-EVENT-EMP,11.481155333337071,-0.03099496561797667
433,actual_maximum_demand,TAIL-minus-EVENT-EMP,4.57219885312112,0.0
434,actual_maximum_demand,TAIL-minus-EVENT-EMP,-7.53877658689293,0.0
435,actual_maximum_demand,TAIL-minus-EVENT-EMP,-3.90423205263251,-0.03099496561797667
436,actual_maximum_demand,TAIL-minus-EVENT-EMP,-0.31151419685850334,0.0
437,actual_maximum_demand,TAIL-minus-EVENT-EMP,-2.625464211752199,0.03099496561797667
438,actual_maximum_demand,TAIL-minus-EVENT-EMP,0.32128092760699,0.03099496561797667
439,actual_maximum_demand,TAIL-minus-EVENT-EMP,-20.949139469033398,-0.03099496561797667
440,actual_maximum_demand,TAIL-minus-EVENT-EMP,-30.152695194456108,0.03099496561797667
441,actual_maximum_demand,TAIL-minus-EVENT-EMP,-4.342232379142049,0.0
442,actual_maximum_demand,TAIL-minus-EVENT-EMP,-19.89132822151487,0.0
443,actual_maximum_demand,TAIL-minus-EVENT-EMP,5.104803578670671,0.0
444,actual_maximum_demand,TAIL-minus-EVENT-EMP,-11.10162301870856,0.0
445,actual_maximum_demand,TAIL-minus-EVENT-EMP,12.18875355080315,0.0
446,actual_maximum_demand,TAIL-minus-EVENT-EMP,17.690423252914407,0.0
447,actual_maximum_demand,TAIL-minus-EVENT-EMP,-6.387622535712459,-0.03099496561797667
448,actual_maximum_demand,TAIL-minus-EVENT-EMP,-8.198027220351698,0.03099496561797667
449,actual_maximum_demand,TAIL-minus-EVENT-EMP,-13.873631420941571,0.0
450,actual_maximum_demand,TAIL-minus-EVENT-EMP,-5.256918475386111,0.0
451,actual_maximum_demand,TAIL-minus-EVENT-EMP,-4.507880292678962,0.0
452,actual_maximum_demand,TAIL-minus-EVENT-EMP,18.18771929499034,-0.03328148117700668
453,actual_maximum_demand,TAIL-minus-EVENT-EMP,-14.3395042684569,0.0
454,actual_maximum_demand,TAIL-minus-EVENT-EMP,13.4468959770361,0.0
455,actual_maximum_demand,TAIL-minus-EVENT-EMP,10.277363668234521,0.0
456,actual_maximum_demand,TAIL-minus-EVENT-EMP,-21.888123152603928,0.0
457,actual_maximum_demand,TAIL-minus-EVENT-EMP,17.1129444619905,0.0
458,actual_maximum_demand,TAIL-minus-EVENT-EMP,4.27615863548058,0.03099496561797667
459,actual_maximum_demand,TAIL-minus-EVENT-EMP,-15.05737009956275,0.0
460,actual_maximum_demand,TAIL-minus-EVENT-EMP,-10.40365950205849,0.0
461,actual_maximum_demand,TAIL-minus-EVENT-EMP,-6.298035382753161,0.0
462,actual_maximum_demand,TAIL-minus-EVENT-EMP,-22.6448966133088,0.26881720430107336
463,actual_maximum_demand,TAIL-minus-EVENT-EMP,7.643541553533311,0.0
464,actual_maximum_demand,TAIL-minus-EVENT-EMP,-16.38492592847715,0.0
465,actual_maximum_demand,TAIL-minus-EVENT-EMP,11.465426762568699,0.0
466,actual_maximum_demand,TAIL-minus-EVENT-EMP,0.7726651438051513,0.0
467,actual_maximum_demand,TAIL-minus-EVENT-EMP,-14.667636151658082,-0.02680953487148338
468,actual_maximum_demand,TAIL-minus-EVENT-EMP,-7.95173333259288,0.0
469,actual_maximum_demand,TAIL-minus-EVENT-EMP,-46.11474301689946,0.0
470,actual_maximum_demand,TAIL-minus-EVENT-EMP,-17.55374872489773,0.0
471,actual_maximum_demand,TAIL-minus-EVENT-EMP,-5.606292010129218,0.0
472,actual_maximum_demand,TAIL-minus-EVENT-EMP,-9.08347008084565,-0.03099496561797667
473,actual_maximum_demand,TAIL-minus-EVENT-EMP,5.651359118496879,0.0
474,actual_maximum_demand,TAIL-minus-EVENT-EMP,1.31701476875998,0.0
475,actual_maximum_demand,TAIL-minus-EVENT-EMP,-34.1637786000857,0.0
476,actual_maximum_demand,TAIL-minus-EVENT-EMP,-9.46712249712216,0.0
477,actual_maximum_demand,TAIL-minus-EVENT-EMP,-60.46635083166767,-0.26881720430107336
478,actual_maximum_demand,TAIL-minus-EVENT-EMP,-12.606545062015712,0.0
479,actual_maximum_demand,TAIL-minus-EVENT-EMP,3.863260832004821,0.0
480,actual_maximum_demand,TAIL-minus-EVENT-EMP,-7.999077079959066,0.0
481,actual_maximum_demand,TAIL-minus-EVENT-EMP,1.3091864391089496,0.03099496561797667
482,actual_maximum_demand,TAIL-minus-EVENT-EMP,-20.40258680547923,-0.03099496561797667
483,actual_maximum_demand,TAIL-minus-EVENT-EMP,4.0367259113802705,0.23782223868309668
484,actual_maximum_demand,TAIL-minus-EVENT-EMP,4.356210891520229,0.23782223868309668
485,actual_maximum_demand,TAIL-minus-EVENT-EMP,-88.11535875857291,0.0
486,actual_maximum_demand,TAIL-minus-EVENT-EMP,0.40166249712211,0.0
487,actual_maximum_demand,TAIL-minus-EVENT-EMP,-14.763034615905129,-0.03099496561797667
488,actual_maximum_demand,TAIL-minus-EVENT-EMP,-7.137639603611678,0.0
489,actual_maximum_demand,TAIL-minus-EVENT-EMP,-11.01661568518544,0.0
490,actual_maximum_demand,TAIL-minus-EVENT-EMP,-1.9173457231366597,0.03099496561797667
491,actual_maximum_demand,TAIL-minus-EVENT-EMP,2.0270312855947656,0.0
492,actual_maximum_demand,TAIL-minus-EVENT-EMP,-1.4454089869849502,0.0
493,actual_maximum_demand,TAIL-minus-EVENT-EMP,-13.24019331070582,-0.03099496561797667
494,actual_maximum_demand,TAIL-minus-EVENT-EMP,-11.09265695088107,0.0
495,actual_maximum_demand,TAIL-minus-EVENT-EMP,-3.323873629810921,0.0
496,actual_maximum_demand,TAIL-minus-EVENT-EMP,12.523212592096279,0.03099496561797667
497,actual_maximum_demand,TAIL-minus-EVENT-EMP,-7.64030293099312,0.0
498,actual_maximum_demand,TAIL-minus-EVENT-EMP,10.96875992833502,0.03099496561797667
499,actual_maximum_demand,TAIL-minus-EVENT-EMP,-18.92445511541939,-0.03099496561797667
500,actual_maximum_demand,TAIL-minus-EVENT-EMP,2.5999466512792897,0.03099496561797667
501,actual_maximum_demand,TAIL-minus-EVENT-EMP,0.2321514062708901,0.0
502,actual_maximum_demand,TAIL-minus-EVENT-EMP,-10.91969057371803,0.0
503,actual_maximum_demand,TAIL-minus-EVENT-EMP,-6.0094182269886804,0.03099496561797667
504,actual_maximum_demand,TAIL-minus-EVENT-EMP,13.09710891687337,0.26881720430107336
505,actual_maximum_demand,TAIL-minus-EVENT-EMP,6.804176787699411,0.0
506,actual_maximum_demand,TAIL-minus-EVENT-EMP,-2.7803985419816017,0.0
507,actual_maximum_demand,TAIL-minus-EVENT-EMP,-17.24910767270038,0.23782223868309668
508,actual_maximum_demand,TAIL-minus-EVENT-EMP,1.1860278484687903,0.0
509,actual_maximum_demand,TAIL-minus-EVENT-EMP,8.64141661968384,0.0
510,actual_maximum_demand,TAIL-minus-EVENT-EMP,-6.549978166351789,-0.03099496561797667
511,actual_maximum_demand,TAIL-minus-EVENT-EMP,-3.5476042814801114,0.0
512,actual_maximum_demand,TAIL-minus-EVENT-EMP,-11.415379476262421,0.0
513,actual_maximum_demand,TAIL-minus-EVENT-EMP,-6.804512438478029,0.0
514,actual_maximum_demand,TAIL-minus-EVENT-EMP,5.37736185009814,0.0
515,actual_maximum_demand,TAIL-minus-EVENT-EMP,21.37138869525324,0.0
516,actual_maximum_demand,TAIL-minus-EVENT-EMP,-25.415840024468928,0.0
517,actual_maximum_demand,TAIL-minus-EVENT-EMP,-16.740157521216652,-0.03099496561797667
518,actual_maximum_demand,TAIL-minus-EVENT-EMP,2.88758574665469,0.03099496561797667
519,actual_maximum_demand,TAIL-minus-EVENT-EMP,-0.80141810190828,0.0
520,actual_maximum_demand,TAIL-minus-EVENT-EMP,-9.381415226241941,0.0
521,actual_maximum_demand,TAIL-minus-EVENT-EMP,-6.386573721260951,0.0
522,actual_maximum_demand,TAIL-minus-EVENT-EMP,-11.593012507099461,0.0
523,actual_maximum_demand,TAIL-minus-EVENT-EMP,-4.615578473437148,0.23782223868309668
524,actual_maximum_demand,TAIL-minus-EVENT-EMP,-7.945230575790362,0.0
525,actual_maximum_demand,TAIL-minus-EVENT-EMP,-14.207718768225078,-0.03099496561797667
526,actual_maximum_demand,TAIL-minus-EVENT-EMP,-0.6830278846388399,0.0
527,actual_maximum_demand,TAIL-minus-EVENT-EMP,-16.72787346337771,-0.03099496561797667
528,actual_maximum_demand,TAIL-minus-EVENT-EMP,-9.817254046461139,0.0
529,actual_maximum_demand,TAIL-minus-EVENT-EMP,-17.157599385437422,0.0
530,actual_maximum_demand,TAIL-minus-EVENT-EMP,-1.8512890913515503,0.0
531,actual_maximum_demand,TAIL-minus-EVENT-EMP,-9.18151171784165,0.03099496561797667
532,actual_maximum_demand,TAIL-minus-EVENT-EMP,-6.129145509677699,0.0
533,actual_maximum_demand,TAIL-minus-EVENT-EMP,-3.309662818339311,0.0
534,actual_maximum_demand,TAIL-minus-EVENT-EMP,-4.29843684854008,0.0
535,actual_maximum_demand,TAIL-minus-EVENT-EMP,1.9609175195607205,-0.03099496561797667
536,actual_maximum_demand,TAIL-minus-EVENT-EMP,6.737910551242579,0.0
537,actual_maximum_demand,TAIL-minus-EVENT-EMP,-10.41087658747281,0.0
538,actual_maximum_demand,TAIL-minus-EVENT-EMP,23.37323983353774,0.0
539,actual_maximum_demand,TAIL-minus-EVENT-EMP,-0.6363940133741197,0.0
540,actual_maximum_demand,TAIL-minus-EVENT-EMP,-19.54493762872492,0.0
541,actual_maximum_demand,TAIL-minus-EVENT-EMP,-8.16753578135388,0.0
542,actual_maximum_demand,TAIL-minus-EVENT-EMP,-3.9818869529881895,0.0
543,actual_maximum_demand,TAIL-minus-EVENT-EMP,6.46571967121074,0.03099496561797667
544,actual_maximum_demand,TAIL-minus-EVENT-EMP,-0.03893706605982983,0.0
545,actual_maximum_demand,TAIL-minus-EVENT-EMP,-15.692138436924012,0.0
546,actual_maximum_demand,TAIL-minus-EVENT-EMP,39.89589599358564,0.0
547,actual_maximum_demand,TAIL-minus-EVENT-EMP,-128.94426388593908,0.03099496561797667
548,actual_maximum_demand,TAIL-minus-EVENT-EMP,-1.163609069222682,0.0
549,actual_maximum_demand,TAIL-minus-EVENT-EMP,-18.63884134669035,0.0
550,actual_maximum_demand,TAIL-minus-EVENT-EMP,-22.92117991209799,0.0
551,actual_maximum_demand,TAIL-minus-EVENT-EMP,-63.98357917409307,0.0
552,actual_maximum_demand,TAIL-minus-EVENT-EMP,-7.812952789284839,-0.03099496561797667
553,actual_maximum_demand,TAIL-minus-EVENT-EMP,1.6925989924896996,0.0
554,actual_maximum_demand,TAIL-minus-EVENT-EMP,-9.321430864216621,0.03099496561797667
555,actual_maximum_demand,TAIL-minus-EVENT-EMP,-15.889861561047821,0.0
556,actual_maximum_demand,TAIL-minus-EVENT-EMP,8.781941715945871,0.0
557,actual_maximum_demand,TAIL-minus-EVENT-EMP,-9.73197607740729,-0.03099496561797667
558,actual_maximum_demand,TAIL-minus-EVENT-EMP,-13.49671872796845,0.0
559,actual_maximum_demand,TAIL-minus-EVENT-EMP,-13.34392633652127,0.0
560,actual_maximum_demand,TAIL-minus-EVENT-EMP,-15.679041753765368,0.0
561,actual_maximum_demand,TAIL-minus-EVENT-EMP,-8.137126591897081,0.0
562,actual_maximum_demand,TAIL-minus-EVENT-EMP,-4.91135776424698,0.0
563,actual_maximum_demand,TAIL-minus-EVENT-EMP,-9.430394665958609,0.0
564,actual_maximum_demand,TAIL-minus-EVENT-EMP,-2.2192055753128717,0.0
565,actual_maximum_demand,TAIL-minus-EVENT-EMP,0.3687641224492305,0.03099496561797667
566,actual_maximum_demand,TAIL-minus-EVENT-EMP,-7.082908408869751,0.0
567,actual_maximum_demand,TAIL-minus-EVENT-EMP,-15.99157701216841,0.0
568,actual_maximum_demand,TAIL-minus-EVENT-EMP,3.0953058061053698,0.0
569,actual_maximum_demand,TAIL-minus-EVENT-EMP,18.40540219433294,0.0
570,actual_maximum_demand,TAIL-minus-EVENT-EMP,-51.71381806617874,0.0
571,actual_maximum_demand,TAIL-minus-EVENT-EMP,-2.33733123469019,0.0
572,actual_maximum_demand,TAIL-minus-EVENT-EMP,4.31784984600945,0.03099496561797667
573,actual_maximum_demand,TAIL-minus-EVENT-EMP,-11.488358014322458,0.0
574,actual_maximum_demand,TAIL-minus-EVENT-EMP,-10.25457027547452,0.0
575,actual_maximum_demand,TAIL-minus-EVENT-EMP,-12.746227991932615,-0.03099496561797667
576,actual_maximum_demand,TAIL-minus-EVENT-EMP,-12.37079772998648,-0.03099496561797667
577,actual_maximum_demand,TAIL-minus-EVENT-EMP,-13.651529457927891,0.0
578,actual_maximum_demand,TAIL-minus-EVENT-EMP,-6.5226175016663,0.0
579,actual_maximum_demand,TAIL-minus-EVENT-EMP,-16.62898011737771,0.0
580,actual_maximum_demand,TAIL-minus-EVENT-EMP,4.244885537923027,-0.12484693252851
581,actual_maximum_demand,TAIL-minus-EVENT-EMP,-5.77924474402578,-0.03099496561797667
582,actual_maximum_demand,TAIL-minus-EVENT-EMP,-10.287686050909109,0.0
583,actual_maximum_demand,TAIL-minus-EVENT-EMP,-18.67985458464252,0.0
584,actual_maximum_demand,TAIL-minus-EVENT-EMP,-9.07287643239332,0.0
585,actual_maximum_demand,TAIL-minus-EVENT-EMP,-7.04185561842518,0.03099496561797667
586,actual_maximum_demand,TAIL-minus-EVENT-EMP,8.162511174620949,0.0
587,actual_maximum_demand,TAIL-minus-EVENT-EMP,3.9357607648747206,0.0
588,actual_maximum_demand,TAIL-minus-EVENT-EMP,16.8336731033094,0.0
589,actual_maximum_demand,TAIL-minus-EVENT-EMP,-1.0076447895975102,0.03099496561797667
590,actual_maximum_demand,TAIL-minus-EVENT-EMP,-7.598237891960169,0.0
591,actual_maximum_demand,TAIL-minus-EVENT-EMP,6.0450006968956,0.0
592,actual_maximum_demand,TAIL-minus-EVENT-EMP,-23.747635218469863,0.0
593,actual_maximum_demand,TAIL-minus-EVENT-EMP,-10.17375876617244,0.0
594,actual_maximum_demand,TAIL-minus-EVENT-EMP,0.5868044718657983,0.03099496561797667
595,actual_maximum_demand,TAIL-minus-EVENT-EMP,-24.50848793461828,0.26881720430107336
596,actual_maximum_demand,TAIL-minus-EVENT-EMP,7.677392217364128,0.03099496561797667
597,actual_maximum_demand,TAIL-minus-EVENT-EMP,-14.00407547234494,0.0
598,actual_maximum_demand,TAIL-minus-EVENT-EMP,-25.64979959497013,-0.03099496561797667
599,actual_maximum_demand,TAIL-minus-EVENT-EMP,10.47424680473339,0.0
600,actual_maximum_demand,TAIL-minus-EVENT-EMP,-19.974061580418223,-0.03099496561797667
601,actual_maximum_demand,TAIL-minus-EVENT-EMP,30.60514779124615,0.0
602,actual_maximum_demand,TAIL-minus-EVENT-EMP,-4.722970435683579,0.0
603,actual_maximum_demand,TAIL-minus-EVENT-EMP,-6.465421452738379,0.0
604,actual_maximum_demand,TAIL-minus-EVENT-EMP,-15.545063500062517,0.0
605,actual_maximum_demand,TAIL-minus-EVENT-EMP,-17.93105246383732,-0.23782223868309668
606,actual_maximum_demand,TAIL-minus-EVENT-EMP,-2.98440380601884,0.0
607,actual_maximum_demand,TAIL-minus-EVENT-EMP,-18.41115612552133,0.0
608,actual_maximum_demand,TAIL-minus-EVENT-EMP,21.33410307946515,0.0
609,actual_maximum_demand,TAIL-minus-EVENT-EMP,-11.87077188936445,-0.23782223868309668
610,actual_maximum_demand,TAIL-minus-EVENT-EMP,2.6074168334607184,0.0
611,actual_maximum_demand,TAIL-minus-EVENT-EMP,-7.964478075148359,0.03099496561797667
612,actual_maximum_demand,TAIL-minus-EVENT-EMP,-3.58914050521517,0.0
613,actual_maximum_demand,TAIL-minus-EVENT-EMP,21.232572463474085,-1.2362292188533501
614,actual_maximum_demand,TAIL-minus-EVENT-EMP,10.052202746139681,0.0
615,actual_maximum_demand,TAIL-minus-EVENT-EMP,35.67569589666046,0.0
616,actual_maximum_demand,TAIL-minus-EVENT-EMP,2.5010723762346294,0.0
617,actual_maximum_demand,TAIL-minus-EVENT-EMP,-17.674866255595358,-0.26881720430107336
618,actual_maximum_demand,TAIL-minus-EVENT-EMP,-10.111403267930111,0.0
619,actual_maximum_demand,TAIL-minus-EVENT-EMP,-11.738619401989558,-0.03099496561797667
620,actual_maximum_demand,TAIL-minus-EVENT-EMP,-9.779070638220569,0.0
621,actual_maximum_demand,TAIL-minus-EVENT-EMP,-16.493435014379948,0.0
622,actual_maximum_demand,TAIL-minus-EVENT-EMP,-1.0541132292347433,0.03099496561797667
623,actual_maximum_demand,TAIL-minus-EVENT-EMP,-4.8958204267113015,-0.26881720430107336
624,actual_maximum_demand,TAIL-minus-EVENT-EMP,18.20213642631888,0.23782223868309668
625,actual_maximum_demand,TAIL-minus-EVENT-EMP,-3.64347243188809,-0.03099496561797667
626,actual_maximum_demand,TAIL-minus-EVENT-EMP,-14.320331980730177,-0.03099496561797667
627,actual_maximum_demand,TAIL-minus-EVENT-EMP,-1.10710117337081,0.0
628,actual_maximum_demand,TAIL-minus-EVENT-EMP,-17.73150937681525,0.03099496561797667
629,actual_maximum_demand,TAIL-minus-EVENT-EMP,-13.152222233415129,0.0
630,actual_maximum_demand,TAIL-minus-EVENT-EMP,-11.28916019936524,0.0
631,actual_maximum_demand,TAIL-minus-EVENT-EMP,5.161519573255749,0.0
632,actual_maximum_demand,TAIL-minus-EVENT-EMP,-7.213353842760909,0.0
633,actual_maximum_demand,TAIL-minus-EVENT-EMP,-15.3382081834792,0.0
634,actual_maximum_demand,TAIL-minus-EVENT-EMP,-15.47210445979062,0.0
635,actual_maximum_demand,TAIL-minus-EVENT-EMP,5.397817147306509,0.0
636,actual_maximum_demand,TAIL-minus-EVENT-EMP,-3.2504129628979808,-0.03099496561797667
637,actual_maximum_demand,TAIL-minus-EVENT-EMP,-4.7829833209663715,0.0
638,actual_maximum_demand,TAIL-minus-EVENT-EMP,4.673765223739699,0.26881720430107336
639,actual_maximum_demand,TAIL-minus-EVENT-EMP,-16.22406300163284,0.0
640,actual_maximum_demand,TAIL-minus-EVENT-EMP,19.61533347545063,0.0
641,actual_maximum_demand,TAIL-minus-EVENT-EMP,2.9794987898008607,0.0
642,actual_maximum_demand,TAIL-minus-EVENT-EMP,-4.465569713723141,0.0
643,actual_maximum_demand,TAIL-minus-EVENT-EMP,18.469128962409,0.0
644,actual_maximum_demand,TAIL-minus-EVENT-EMP,-11.385227322745639,0.0
645,actual_maximum_demand,TAIL-minus-EVENT-EMP,-21.85171927441582,-0.014319799687606664
646,actual_maximum_demand,TAIL-minus-EVENT-EMP,-0.09827764348072018,0.0
647,actual_maximum_demand,TAIL-minus-EVENT-EMP,-12.69140847110353,-0.03099496561797667
648,actual_maximum_demand,TAIL-minus-EVENT-EMP,-22.11544243758962,-0.03099496561797667
649,actual_maximum_demand,TAIL-minus-EVENT-EMP,-15.630311690097948,0.0
650,actual_maximum_demand,TAIL-minus-EVENT-EMP,-14.857802873153169,0.0
651,actual_maximum_demand,TAIL-minus-EVENT-EMP,5.13349837499934,0.0
652,actual_maximum_demand,TAIL-minus-EVENT-EMP,-14.10733127672231,-0.03099496561797667
653,actual_maximum_demand,TAIL-minus-EVENT-EMP,-12.436251242942168,0.0
654,actual_maximum_demand,TAIL-minus-EVENT-EMP,-7.383737004530608,0.0
655,actual_maximum_demand,TAIL-minus-EVENT-EMP,10.65025158400068,0.03099496561797667
656,actual_maximum_demand,TAIL-minus-EVENT-EMP,-9.72479951485222,-0.23782223868309668
657,actual_maximum_demand,TAIL-minus-EVENT-EMP,-6.09096128842275,0.0
658,actual_maximum_demand,TAIL-minus-EVENT-EMP,-1.6254498740511991,0.0
659,actual_maximum_demand,TAIL-minus-EVENT-EMP,22.97878765067999,0.0
660,actual_maximum_demand,TAIL-minus-EVENT-EMP,3.1544920121104507,-0.06512574516155004
661,actual_maximum_demand,TAIL-minus-EVENT-EMP,-13.2538562392785,0.0
662,actual_maximum_demand,TAIL-minus-EVENT-EMP,-9.408325269901868,0.0
663,actual_maximum_demand,TAIL-minus-EVENT-EMP,-15.126484613033911,0.0
664,actual_maximum_demand,TAIL-minus-EVENT-EMP,-1.9294114507242097,0.03099496561797667
665,actual_maximum_demand,TAIL-minus-EVENT-EMP,-18.6615673842891,0.0
666,actual_maximum_demand,TAIL-minus-EVENT-EMP,-4.279493994413389,0.0
667,actual_maximum_demand,TAIL-minus-EVENT-EMP,-5.83191854003923,0.0
668,actual_maximum_demand,TAIL-minus-EVENT-EMP,1.4440811528831698,0.0
669,actual_maximum_demand,TAIL-minus-EVENT-EMP,-6.721115508714382,0.0
670,actual_maximum_demand,TAIL-minus-EVENT-EMP,4.1462472032944095,0.0
671,actual_maximum_demand,TAIL-minus-EVENT-EMP,-1.5813671431955798,0.03099496561797667
672,actual_maximum_demand,TAIL-minus-EVENT-EMP,-5.62156663419019,-0.03099496561797667
673,actual_maximum_demand,TAIL-minus-EVENT-EMP,-6.924090955224315,0.0
674,actual_maximum_demand,TAIL-minus-EVENT-EMP,-7.791285273675699,0.0
675,actual_maximum_demand,TAIL-minus-EVENT-EMP,-9.12352312252115,0.0
676,actual_maximum_demand,TAIL-minus-EVENT-EMP,34.0967013849842,-0.22090237192378667
677,actual_maximum_demand,TAIL-minus-EVENT-EMP,-14.06518901170473,0.0
678,actual_maximum_demand,TAIL-minus-EVENT-EMP,-5.603377874415419,0.0
679,actual_maximum_demand,TAIL-minus-EVENT-EMP,-3.787721685708409,0.0
680,actual_maximum_demand,TAIL-minus-EVENT-EMP,-11.65150472773674,0.0
681,actual_maximum_demand,TAIL-minus-EVENT-EMP,-15.44118895937266,0.23782223868309668
682,actual_maximum_demand,TAIL-minus-EVENT-EMP,0.6758413251851308,0.0
683,actual_maximum_demand,TAIL-minus-EVENT-EMP,-7.850258975174039,-0.26881720430107336
684,actual_maximum_demand,TAIL-minus-EVENT-EMP,-4.616789697881702,0.0
685,actual_maximum_demand,TAIL-minus-EVENT-EMP,-0.88277321016203,0.0
686,actual_maximum_demand,TAIL-minus-EVENT-EMP,-10.04005397486197,0.0
687,actual_maximum_demand,TAIL-minus-EVENT-EMP,-0.12280547633533034,0.0
688,actual_maximum_demand,TAIL-minus-EVENT-EMP,-3.02603357699299,0.0
689,actual_maximum_demand,TAIL-minus-EVENT-EMP,-15.59143489529462,0.0
690,actual_maximum_demand,TAIL-minus-EVENT-EMP,-20.61359359173144,0.0
691,actual_maximum_demand,TAIL-minus-EVENT-EMP,-7.155766095860379,-0.03099496561797667
692,actual_maximum_demand,TAIL-minus-EVENT-EMP,-26.07633968722275,0.0
693,actual_maximum_demand,TAIL-minus-EVENT-EMP,-17.883464105249207,0.0
694,actual_maximum_demand,TAIL-minus-EVENT-EMP,11.549601467962143,-0.03099496561797667
695,actual_maximum_demand,TAIL-minus-EVENT-EMP,-11.41637893442945,0.03099496561797667
696,actual_maximum_demand,TAIL-minus-EVENT-EMP,-5.2743690236921585,-0.26881720430107336
697,actual_maximum_demand,TAIL-minus-EVENT-EMP,-12.398900280396699,0.0
698,actual_maximum_demand,TAIL-minus-EVENT-EMP,-6.06003245005359,0.0
699,actual_maximum_demand,TAIL-minus-EVENT-EMP,1.9444653916275403,0.0
700,actual_maximum_demand,TAIL-minus-EVENT-EMP,-13.4829177768108,0.0
701,actual_maximum_demand,TAIL-minus-EVENT-EMP,0.83098874944647,-0.03099496561797667
702,actual_maximum_demand,TAIL-minus-EVENT-EMP,-6.043304816726951,0.0
703,actual_maximum_demand,TAIL-minus-EVENT-EMP,20.29753650790102,0.0
704,actual_maximum_demand,TAIL-minus-EVENT-EMP,-1.48295468567032,-0.26881720430107336
705,actual_maximum_demand,TAIL-minus-EVENT-EMP,-21.53738812681185,0.0
706,actual_maximum_demand,TAIL-minus-EVENT-EMP,-22.086903851470836,0.0
707,actual_maximum_demand,TAIL-minus-EVENT-EMP,-7.4048598080528825,0.0
708,actual_maximum_demand,TAIL-minus-EVENT-EMP,-20.76271023210303,0.0
709,actual_maximum_demand,TAIL-minus-EVENT-EMP,-12.300793063251652,0.03099496561797667
710,actual_maximum_demand,TAIL-minus-EVENT-EMP,-12.2065719070051,0.0
711,actual_maximum_demand,TAIL-minus-EVENT-EMP,-5.5019058109449706,0.03099496561797667
712,actual_maximum_demand,TAIL-minus-EVENT-EMP,15.643453433019673,0.0
713,actual_maximum_demand,TAIL-minus-EVENT-EMP,-8.64978625621145,0.0
714,actual_maximum_demand,TAIL-minus-EVENT-EMP,-11.73592406803879,-0.03099496561797667
715,actual_maximum_demand,TAIL-minus-EVENT-EMP,8.01236434159162,0.0
716,actual_maximum_demand,TAIL-minus-EVENT-EMP,1.6647033443983703,0.0
717,actual_maximum_demand,TAIL-minus-EVENT-EMP,-9.05167699575596,0.0
718,actual_maximum_demand,TAIL-minus-EVENT-EMP,-6.672781199299589,-0.3958825153988167
719,actual_maximum_demand,TAIL-minus-EVENT-EMP,24.15686473720358,0.0
720,actual_maximum_demand,TAIL-minus-EVENT-EMP,-11.152628222792412,0.0
721,actual_maximum_demand,TAIL-minus-EVENT-EMP,-1.1060530762910095,0.0
722,actual_maximum_demand,TAIL-minus-EVENT-EMP,-4.2935852973671915,-0.03099496561797667
723,actual_maximum_demand,TAIL-minus-EVENT-EMP,-16.65634601554655,0.0
724,actual_maximum_demand,TAIL-minus-EVENT-EMP,3.433409106288869,0.26881720430107336
725,actual_maximum_demand,TAIL-minus-EVENT-EMP,-14.570185077021588,0.0
726,actual_maximum_demand,TAIL-minus-EVENT-EMP,-16.57680597730309,-0.03099496561797667
727,actual_maximum_demand,TAIL-minus-EVENT-EMP,-20.58385291384765,-0.03099496561797667
728,actual_maximum_demand,TAIL-minus-EVENT-EMP,-17.10409241677779,0.0
729,actual_maximum_demand,TAIL-minus-EVENT-EMP,-10.14690665241871,0.0
730,actual_maximum_demand,TAIL-minus-EVENT-EMP,-26.73713332131737,-0.03099496561797667
731,actual_maximum_demand,TAIL-minus-EVENT-EMP,-6.334351097562829,0.0
732,actual_maximum_demand,TAIL-minus-EVENT-EMP,-11.218714757218862,0.0
733,actual_maximum_demand,TAIL-minus-EVENT-EMP,12.531451980849889,0.0
734,actual_maximum_demand,TAIL-minus-EVENT-EMP,-13.76127125182224,0.03099496561797667
735,actual_maximum_demand,TAIL-minus-EVENT-EMP,-7.41530499618299,0.0
736,actual_maximum_demand,TAIL-minus-EVENT-EMP,-9.220271508453,-0.23782223868309668
737,actual_maximum_demand,TAIL-minus-EVENT-EMP,5.16660776978691,-0.03099496561797667
738,actual_maximum_demand,TAIL-minus-EVENT-EMP,-16.27759223055992,0.0
739,actual_maximum_demand,TAIL-minus-EVENT-EMP,20.991739370095633,0.0
740,actual_maximum_demand,TAIL-minus-EVENT-EMP,-2.3844347723310397,0.0
741,actual_maximum_demand,TAIL-minus-EVENT-EMP,-8.20014331290797,0.0
742,actual_maximum_demand,TAIL-minus-EVENT-EMP,3.3345601390155495,0.0
743,actual_maximum_demand,TAIL-minus-EVENT-EMP,-9.054403211846411,0.0
744,actual_maximum_demand,TAIL-minus-EVENT-EMP,2.32161734207995,0.0
745,actual_maximum_demand,TAIL-minus-EVENT-EMP,7.84053184433019,0.0
746,actual_maximum_demand,TAIL-minus-EVENT-EMP,-11.27216009561716,-0.23782223868309668
747,actual_maximum_demand,TAIL-minus-EVENT-EMP,6.91467965248877,0.03099496561797667
748,actual_maximum_demand,TAIL-minus-EVENT-EMP,-17.01370841000822,0.0
749,actual_maximum_demand,TAIL-minus-EVENT-EMP,14.36253402411794,0.0
750,actual_maximum_demand,TAIL-minus-EVENT-EMP,-1.2338891554821596,0.0
751,actual_maximum_demand,TAIL-minus-EVENT-EMP,19.89688355575477,0.0
752,actual_maximum_demand,TAIL-minus-EVENT-EMP,21.40343728832707,0.23782223868309668
753,actual_maximum_demand,TAIL-minus-EVENT-EMP,-13.638819969453678,0.03099496561797667
754,actual_maximum_demand,TAIL-minus-EVENT-EMP,2.8291249719066403,0.0
755,actual_maximum_demand,TAIL-minus-EVENT-EMP,-18.060288989434962,-0.09830933439645999
756,actual_maximum_demand,TAIL-minus-EVENT-EMP,-10.88203396735422,0.0
757,actual_maximum_demand,TAIL-minus-EVENT-EMP,-15.560270054947878,0.0
758,actual_maximum_demand,TAIL-minus-EVENT-EMP,29.324840706161282,0.0
759,actual_maximum_demand,TAIL-minus-EVENT-EMP,8.63454690789139,0.0
760,actual_maximum_demand,TAIL-minus-EVENT-EMP,11.59091469103711,0.03099496561797667
761,actual_maximum_demand,TAIL-minus-EVENT-EMP,-5.5747822227845205,0.03099496561797667
762,actual_maximum_demand,TAIL-minus-EVENT-EMP,-6.46979653099032,0.03099496561797667
763,actual_maximum_demand,TAIL-minus-EVENT-EMP,-5.40085053150642,0.0
764,actual_maximum_demand,TAIL-minus-EVENT-EMP,-10.195357883902,0.03099496561797667
765,actual_maximum_demand,TAIL-minus-EVENT-EMP,3.657279699312821,0.0
766,actual_maximum_demand,TAIL-minus-EVENT-EMP,-14.469085064393807,0.0
767,actual_maximum_demand,TAIL-minus-EVENT-EMP,3.7618671654295706,0.0
768,actual_maximum_demand,TAIL-minus-EVENT-EMP,-4.719532097799389,0.0
769,actual_maximum_demand,TAIL-minus-EVENT-EMP,-7.058660508028401,0.0
770,actual_maximum_demand,TAIL-minus-EVENT-EMP,-15.401050279627098,0.0
771,actual_maximum_demand,TAIL-minus-EVENT-EMP,-6.785752072984979,0.0
772,actual_maximum_demand,TAIL-minus-EVENT-EMP,-15.467689797113618,0.0
773,actual_maximum_demand,TAIL-minus-EVENT-EMP,-2.2803118984257797,0.0
774,actual_maximum_demand,TAIL-minus-EVENT-EMP,5.16136717710832,0.0
775,actual_maximum_demand,TAIL-minus-EVENT-EMP,-6.956788015244042,0.0
776,actual_maximum_demand,TAIL-minus-EVENT-EMP,-10.32062819445574,0.0
777,actual_maximum_demand,TAIL-minus-EVENT-EMP,-7.87627823174621,0.03099496561797667
778,actual_maximum_demand,TAIL-minus-EVENT-EMP,-12.13734010456127,-0.03099496561797667
779,actual_maximum_demand,TAIL-minus-EVENT-EMP,7.88813389145411,0.0
780,actual_maximum_demand,TAIL-minus-EVENT-EMP,-10.892885012454949,0.0
781,actual_maximum_demand,TAIL-minus-EVENT-EMP,-1.4450142773585417,0.0
782,actual_maximum_demand,TAIL-minus-EVENT-EMP,-5.355413177386071,0.0
783,actual_maximum_demand,TAIL-minus-EVENT-EMP,1.29683983621155,0.0
784,actual_maximum_demand,TAIL-minus-EVENT-EMP,8.358524644893512,0.0
785,actual_maximum_demand,TAIL-minus-EVENT-EMP,-22.795688923081244,-0.03099496561797667
786,actual_maximum_demand,TAIL-minus-EVENT-EMP,-2.0198314654248497,0.03099496561797667
787,actual_maximum_demand,TAIL-minus-EVENT-EMP,4.87909944165762,0.03099496561797667
788,actual_maximum_demand,TAIL-minus-EVENT-EMP,-10.087545549321419,0.0
789,actual_maximum_demand,TAIL-minus-EVENT-EMP,-8.13755993958682,0.0
790,actual_maximum_demand,TAIL-minus-EVENT-EMP,-5.872275294073769,0.0
791,actual_maximum_demand,TAIL-minus-EVENT-EMP,15.33605139841277,-0.03099496561797667
792,actual_maximum_demand,TAIL-minus-EVENT-EMP,-16.168278334198988,-0.03099496561797667
793,actual_maximum_demand,TAIL-minus-EVENT-EMP,-3.8294606494267094,-0.26881720430107336
794,actual_maximum_demand,TAIL-minus-EVENT-EMP,8.77571579752569,-0.03099496561797667
795,actual_maximum_demand,TAIL-minus-EVENT-EMP,-27.33156333119382,-0.03099496561797667
796,actual_maximum_demand,TAIL-minus-EVENT-EMP,7.571926068237531,0.0
797,actual_maximum_demand,TAIL-minus-EVENT-EMP,-14.864462201973799,-0.03099496561797667
798,actual_maximum_demand,TAIL-minus-EVENT-EMP,-82.28138117806856,-0.26881720430107336
799,actual_maximum_demand,TAIL-minus-EVENT-EMP,-14.054636576442359,-0.03099496561797667
800,actual_maximum_demand,TAIL-minus-EVENT-EMP,-4.132698795993281,0.0
801,actual_maximum_demand,TAIL-minus-EVENT-EMP,1.8121166933452892,0.0
802,actual_maximum_demand,TAIL-minus-EVENT-EMP,-2.0480609759785997,0.0
803,actual_maximum_demand,TAIL-minus-EVENT-EMP,-1.39775038039327,0.0
804,actual_maximum_demand,TAIL-minus-EVENT-EMP,-8.406308989697408,0.0
805,actual_maximum_demand,TAIL-minus-EVENT-EMP,-0.8707563970147304,0.0
806,actual_maximum_demand,TAIL-minus-EVENT-EMP,-11.73231091560289,0.0
807,actual_maximum_demand,TAIL-minus-EVENT-EMP,-10.49266825973062,0.0
808,actual_maximum_demand,TAIL-minus-EVENT-EMP,3.17283320274225,0.0
809,actual_maximum_demand,TAIL-minus-EVENT-EMP,-30.437338209462013,-0.26881720430107336
810,actual_maximum_demand,TAIL-minus-EVENT-EMP,0.9085283759652701,0.23782223868309668
811,actual_maximum_demand,TAIL-minus-EVENT-EMP,-10.499207484118573,0.0
812,actual_maximum_demand,TAIL-minus-EVENT-EMP,4.3997205273435105,0.0
813,actual_maximum_demand,TAIL-minus-EVENT-EMP,-5.953069461597329,0.0
814,actual_maximum_demand,TAIL-minus-EVENT-EMP,-7.54493074226075,-0.03099496561797667
815,actual_maximum_demand,TAIL-minus-EVENT-EMP,-16.61731164760486,-0.03099496561797667
816,actual_maximum_demand,TAIL-minus-EVENT-EMP,-19.55774586371749,0.0
817,actual_maximum_demand,TAIL-minus-EVENT-EMP,-4.479579792514469,0.0
818,actual_maximum_demand,TAIL-minus-EVENT-EMP,3.5758686923494487,-0.5037188649719834
819,actual_maximum_demand,TAIL-minus-EVENT-EMP,9.57791522047402,0.0
820,actual_maximum_demand,TAIL-minus-EVENT-EMP,3.6502514750293313,0.0
821,actual_maximum_demand,TAIL-minus-EVENT-EMP,5.747432791766151,0.23782223868309668
822,actual_maximum_demand,TAIL-minus-EVENT-EMP,-11.547386827266,0.03099496561797667
823,actual_maximum_demand,TAIL-minus-EVENT-EMP,-19.597363664963108,-0.03099496561797667
824,actual_maximum_demand,TAIL-minus-EVENT-EMP,-6.243396525141991,0.0
825,actual_maximum_demand,TAIL-minus-EVENT-EMP,9.404817483905179,0.0
826,actual_maximum_demand,TAIL-minus-EVENT-EMP,-11.54863166652809,0.0
827,actual_maximum_demand,TAIL-minus-EVENT-EMP,-8.413223000145821,0.0
828,actual_maximum_demand,TAIL-minus-EVENT-EMP,-13.75836947505392,0.0
829,actual_maximum_demand,TAIL-minus-EVENT-EMP,-6.059816187372541,0.0
830,actual_maximum_demand,TAIL-minus-EVENT-EMP,8.60181225113249,0.0
831,actual_maximum_demand,TAIL-minus-EVENT-EMP,-5.2499453905247515,0.0
832,actual_maximum_demand,TAIL-minus-EVENT-EMP,-1.5572520453176295,0.0
833,actual_maximum_demand,TAIL-minus-EVENT-EMP,14.462939792545871,0.0
834,actual_maximum_demand,TAIL-minus-EVENT-EMP,4.22888631343906,0.03099496561797667
835,actual_maximum_demand,TAIL-minus-EVENT-EMP,23.40912954299144,-0.9658031778553501
836,actual_maximum_demand,TAIL-minus-EVENT-EMP,-4.24702719147281,0.0
837,actual_maximum_demand,TAIL-minus-EVENT-EMP,-10.849555279925402,0.0
838,actual_maximum_demand,TAIL-minus-EVENT-EMP,-39.41504152005395,0.0
839,actual_maximum_demand,TAIL-minus-EVENT-EMP,-11.76974868750913,-0.03099496561797667
840,actual_maximum_demand,TAIL-minus-EVENT-EMP,-5.2831759532505504,0.03099496561797667
841,actual_maximum_demand,TAIL-minus-EVENT-EMP,-26.76909471962346,0.0
842,actual_maximum_demand,TAIL-minus-EVENT-EMP,4.3961486780447805,0.03099496561797667
843,actual_maximum_demand,TAIL-minus-EVENT-EMP,-13.874911991939321,0.23782223868309668
844,actual_maximum_demand,TAIL-minus-EVENT-EMP,-16.330913347859376,0.0
845,actual_maximum_demand,TAIL-minus-EVENT-EMP,-17.3434205236774,0.0
846,actual_maximum_demand,TAIL-minus-EVENT-EMP,14.017568055786771,0.0
847,actual_maximum_demand,TAIL-minus-EVENT-EMP,0.2952759174166597,0.03099496561797667
848,actual_maximum_demand,TAIL-minus-EVENT-EMP,-19.52989813949868,-0.03099496561797667
849,actual_maximum_demand,TAIL-minus-EVENT-EMP,-21.13983310452437,-0.03099496561797667
850,actual_maximum_demand,TAIL-minus-EVENT-EMP,-15.95508069459447,0.0
851,actual_maximum_demand,TAIL-minus-EVENT-EMP,-13.23039936956317,-0.26881720430107336
852,actual_maximum_demand,TAIL-minus-EVENT-EMP,-4.960933082756363,0.0
853,actual_maximum_demand,TAIL-minus-EVENT-EMP,24.59272945126958,0.0
854,actual_maximum_demand,TAIL-minus-EVENT-EMP,-12.2426367304352,0.0
855,actual_maximum_demand,TAIL-minus-EVENT-EMP,-21.00203938199367,0.0
856,actual_maximum_demand,TAIL-minus-EVENT-EMP,-16.4814818176948,0.0
857,actual_maximum_demand,TAIL-minus-EVENT-EMP,0.20071161858349895,0.0
858,actual_maximum_demand,TAIL-minus-EVENT-EMP,-4.603655979426749,0.0
859,actual_maximum_demand,TAIL-minus-EVENT-EMP,5.478891037642619,0.0
860,actual_maximum_demand,TAIL-minus-EVENT-EMP,-8.75420472457672,0.0
861,actual_maximum_demand,TAIL-minus-EVENT-EMP,-0.029854393269058976,0.03099496561797667
862,actual_maximum_demand,TAIL-minus-EVENT-EMP,19.681305221803218,0.0
863,actual_maximum_demand,TAIL-minus-EVENT-EMP,-0.5542262103990003,0.0
864,actual_maximum_demand,TAIL-minus-EVENT-EMP,6.118736371919519,0.0
865,actual_maximum_demand,TAIL-minus-EVENT-EMP,13.987805263428621,0.0
866,actual_maximum_demand,TAIL-minus-EVENT-EMP,-15.303737311496729,0.0
867,actual_maximum_demand,TAIL-minus-EVENT-EMP,4.0706965036402805,0.0
868,actual_maximum_demand,TAIL-minus-EVENT-EMP,-16.02521350163674,-0.03099496561797667
869,actual_maximum_demand,TAIL-minus-EVENT-EMP,-0.19997788493767987,0.0
870,actual_maximum_demand,TAIL-minus-EVENT-EMP,5.720931411028249,0.0
871,actual_maximum_demand,TAIL-minus-EVENT-EMP,-7.357166681860372,0.0
872,actual_maximum_demand,TAIL-minus-EVENT-EMP,-21.76382390294934,0.0
873,actual_maximum_demand,TAIL-minus-EVENT-EMP,-13.197103082682721,0.03099496561797667
874,actual_maximum_demand,TAIL-minus-EVENT-EMP,-17.35334641783029,-1.9903871391542933
875,actual_maximum_demand,TAIL-minus-EVENT-EMP,-9.352217086109988,0.0
876,actual_maximum_demand,TAIL-minus-EVENT-EMP,-9.64521896165259,0.0
877,actual_maximum_demand,TAIL-minus-EVENT-EMP,-1.9693099243200896,0.0
878,actual_maximum_demand,TAIL-minus-EVENT-EMP,14.10539526331391,-0.23182119858365333
879,actual_maximum_demand,TAIL-minus-EVENT-EMP,-1.73519650828631,0.0
880,actual_maximum_demand,TAIL-minus-EVENT-EMP,1.88190847697902,0.03099496561797667
881,actual_maximum_demand,TAIL-minus-EVENT-EMP,23.41997515571932,0.0
882,actual_maximum_demand,TAIL-minus-EVENT-EMP,-49.623042263894376,0.0
883,actual_maximum_demand,TAIL-minus-EVENT-EMP,-12.77097022661327,0.0
884,actual_maximum_demand,TAIL-minus-EVENT-EMP,-2.35313710405478,-0.26881720430107336
885,actual_maximum_demand,TAIL-minus-EVENT-EMP,13.72325346370327,-0.03099496561797667
886,actual_maximum_demand,TAIL-minus-EVENT-EMP,18.630672590371,0.0
887,actual_maximum_demand,TAIL-minus-EVENT-EMP,1.9220540558903396,0.03099496561797667
888,actual_maximum_demand,TAIL-minus-EVENT-EMP,-4.5425881998315685,0.0
889,actual_maximum_demand,TAIL-minus-EVENT-EMP,-1.7409629016735304,-0.03099496561797667
890,actual_maximum_demand,TAIL-minus-EVENT-EMP,13.55493358334347,-0.03099496561797667
891,actual_maximum_demand,TAIL-minus-EVENT-EMP,-10.882828488974322,0.0
892,actual_maximum_demand,TAIL-minus-EVENT-EMP,-11.38304867119054,0.0
893,actual_maximum_demand,TAIL-minus-EVENT-EMP,-24.04650738250207,-0.03099496561797667
894,actual_maximum_demand,TAIL-minus-EVENT-EMP,-15.15791097507847,-0.03099496561797667
895,actual_maximum_demand,TAIL-minus-EVENT-EMP,4.6363555613723895,-0.03099496561797667
896,actual_maximum_demand,TAIL-minus-EVENT-EMP,-6.6366597354921675,0.0
897,actual_maximum_demand,TAIL-minus-EVENT-EMP,-13.662350208269109,0.0
898,actual_maximum_demand,TAIL-minus-EVENT-EMP,5.171792344968229,0.03099496561797667
899,actual_maximum_demand,TAIL-minus-EVENT-EMP,4.66835229537485,0.03099496561797667
900,actual_maximum_demand,TAIL-minus-EVENT-EMP,17.9993078376113,0.0
901,actual_maximum_demand,TAIL-minus-EVENT-EMP,1.0066008365806205,0.0
902,actual_maximum_demand,TAIL-minus-EVENT-EMP,-23.09424653804082,-0.03099496561797667
903,actual_maximum_demand,TAIL-minus-EVENT-EMP,6.8200374553954415,0.0
904,actual_maximum_demand,TAIL-minus-EVENT-EMP,-21.10456286565233,-0.03099496561797667
905,actual_maximum_demand,TAIL-minus-EVENT-EMP,-6.26718057343422,0.0
906,actual_maximum_demand,TAIL-minus-EVENT-EMP,-20.441022857094442,0.26881720430107336
907,actual_maximum_demand,TAIL-minus-EVENT-EMP,0.6226622763225199,0.0
908,actual_maximum_demand,TAIL-minus-EVENT-EMP,2.5934513854267482,0.0
909,actual_maximum_demand,TAIL-minus-EVENT-EMP,-21.524189658918107,0.26881720430107336
910,actual_maximum_demand,TAIL-minus-EVENT-EMP,-21.57075027387341,-0.03099496561797667
911,actual_maximum_demand,TAIL-minus-EVENT-EMP,-7.45818462403562,0.0
912,actual_maximum_demand,TAIL-minus-EVENT-EMP,4.08737305500841,-0.26881720430107336
913,actual_maximum_demand,TAIL-minus-EVENT-EMP,-18.327100294872036,0.0
914,actual_maximum_demand,TAIL-minus-EVENT-EMP,24.20583052920668,0.0
915,actual_maximum_demand,TAIL-minus-EVENT-EMP,-12.056624072149763,0.0
916,actual_maximum_demand,TAIL-minus-EVENT-EMP,-8.256379617788449,0.0
917,actual_maximum_demand,TAIL-minus-EVENT-EMP,-2.4339816541021406,0.0
918,actual_maximum_demand,TAIL-minus-EVENT-EMP,-3.787824577272225,0.0
919,actual_maximum_demand,TAIL-minus-EVENT-EMP,8.76087708375842,0.0
920,actual_maximum_demand,TAIL-minus-EVENT-EMP,-4.783967256844571,0.0
921,actual_maximum_demand,TAIL-minus-EVENT-EMP,2.62456095870431,-0.03099496561797667
922,actual_maximum_demand,TAIL-minus-EVENT-EMP,-12.30554751757608,0.0
923,actual_maximum_demand,TAIL-minus-EVENT-EMP,-5.8090756315517,0.0
924,actual_maximum_demand,TAIL-minus-EVENT-EMP,13.65426287975788,0.0
925,actual_maximum_demand,TAIL-minus-EVENT-EMP,-9.919444701740032,0.0
926,actual_maximum_demand,TAIL-minus-EVENT-EMP,-11.311744659497942,0.0
927,actual_maximum_demand,TAIL-minus-EVENT-EMP,-11.624014974811939,0.0
928,actual_maximum_demand,TAIL-minus-EVENT-EMP,-1.0019012092361583,0.0
929,actual_maximum_demand,TAIL-minus-EVENT-EMP,-10.855521217065801,0.0
930,actual_maximum_demand,TAIL-minus-EVENT-EMP,22.868996888335783,0.0
931,actual_maximum_demand,TAIL-minus-EVENT-EMP,-8.523612237751092,-0.03099496561797667
932,actual_maximum_demand,TAIL-minus-EVENT-EMP,19.37950610192115,0.0
933,actual_maximum_demand,TAIL-minus-EVENT-EMP,0.020276537950029982,0.03099496561797667
934,actual_maximum_demand,TAIL-minus-EVENT-EMP,-8.525930478797772,0.0
935,actual_maximum_demand,TAIL-minus-EVENT-EMP,-7.60788667834067,0.0
936,actual_maximum_demand,TAIL-minus-EVENT-EMP,-8.10473404177015,0.0
937,actual_maximum_demand,TAIL-minus-EVENT-EMP,-14.867851815788748,0.0
938,actual_maximum_demand,TAIL-minus-EVENT-EMP,11.47733270678113,-0.03099496561797667
939,actual_maximum_demand,TAIL-minus-EVENT-EMP,-17.04355615504612,0.0
940,actual_maximum_demand,TAIL-minus-EVENT-EMP,-6.93272290561773,0.0
941,actual_maximum_demand,TAIL-minus-EVENT-EMP,13.735195251915828,0.0
942,actual_maximum_demand,TAIL-minus-EVENT-EMP,-13.457734317930889,0.0
943,actual_maximum_demand,TAIL-minus-EVENT-EMP,-10.02312508775312,-0.03099496561797667
944,actual_maximum_demand,TAIL-minus-EVENT-EMP,-11.205195299212669,0.0
945,actual_maximum_demand,TAIL-minus-EVENT-EMP,-80.32416689064075,0.0
946,actual_maximum_demand,TAIL-minus-EVENT-EMP,-2.6627649922845102,0.0
947,actual_maximum_demand,TAIL-minus-EVENT-EMP,-6.433035440949903,0.23782223868309668
948,actual_maximum_demand,TAIL-minus-EVENT-EMP,-9.13367307582151,-0.23782223868309668
949,actual_maximum_demand,TAIL-minus-EVENT-EMP,-22.68135855944985,0.0
950,actual_maximum_demand,TAIL-minus-EVENT-EMP,-6.378736145674788,0.0
951,actual_maximum_demand,TAIL-minus-EVENT-EMP,-1.9230339089668598,0.0
952,actual_maximum_demand,TAIL-minus-EVENT-EMP,13.803875446752572,0.0
953,actual_maximum_demand,TAIL-minus-EVENT-EMP,-10.53480544000853,0.0
954,actual_maximum_demand,TAIL-minus-EVENT-EMP,-0.22001678882259124,0.03099496561797667
955,actual_maximum_demand,TAIL-minus-EVENT-EMP,2.9179533940027,0.03099496561797667
956,actual_maximum_demand,TAIL-minus-EVENT-EMP,-9.71611570156953,0.0
957,actual_maximum_demand,TAIL-minus-EVENT-EMP,2.214491094236648,0.0
958,actual_maximum_demand,TAIL-minus-EVENT-EMP,-3.1284089255553926,0.0
959,actual_maximum_demand,TAIL-minus-EVENT-EMP,-6.449148414112581,0.0
960,actual_maximum_demand,TAIL-minus-EVENT-EMP,-5.98265422542595,0.0
961,actual_maximum_demand,TAIL-minus-EVENT-EMP,2.2838259788823088,0.0
962,actual_maximum_demand,TAIL-minus-EVENT-EMP,-8.60675139768087,0.0
963,actual_maximum_demand,TAIL-minus-EVENT-EMP,-18.14368517493075,0.0
964,actual_maximum_demand,TAIL-minus-EVENT-EMP,-4.126342109562275,0.0
965,actual_maximum_demand,TAIL-minus-EVENT-EMP,-4.115968344686122,0.0
966,actual_maximum_demand,TAIL-minus-EVENT-EMP,-11.627852900164958,0.0
967,actual_maximum_demand,TAIL-minus-EVENT-EMP,-3.1134949200769397,0.0
968,actual_maximum_demand,TAIL-minus-EVENT-EMP,-1.5601890821343105,0.0
969,actual_maximum_demand,TAIL-minus-EVENT-EMP,-11.200469530611802,0.0
970,actual_maximum_demand,TAIL-minus-EVENT-EMP,-25.686488637131394,-0.03099496561797667
971,actual_maximum_demand,TAIL-minus-EVENT-EMP,-14.394973602520972,0.0
972,actual_maximum_demand,TAIL-minus-EVENT-EMP,-0.3315148842671506,0.0
973,actual_maximum_demand,TAIL-minus-EVENT-EMP,-2.99808022182537,0.0
974,actual_maximum_demand,TAIL-minus-EVENT-EMP,-151.65400222241686,0.0
975,actual_maximum_demand,TAIL-minus-EVENT-EMP,-13.877548162315062,0.0
976,actual_maximum_demand,TAIL-minus-EVENT-EMP,-8.47910758086833,0.0
977,actual_maximum_demand,TAIL-minus-EVENT-EMP,-11.502305621102153,-0.03099496561797667
978,actual_maximum_demand,TAIL-minus-EVENT-EMP,19.11217799676957,0.0
979,actual_maximum_demand,TAIL-minus-EVENT-EMP,-11.46595178463169,0.0
980,actual_maximum_demand,TAIL-minus-EVENT-EMP,-3.95379910710482,0.0
981,actual_maximum_demand,TAIL-minus-EVENT-EMP,4.31180484270472,0.0
982,actual_maximum_demand,TAIL-minus-EVENT-EMP,-23.38193492332098,-0.26881720430107336
983,actual_maximum_demand,TAIL-minus-EVENT-EMP,31.802551683035595,0.0
984,actual_maximum_demand,TAIL-minus-EVENT-EMP,-13.27714167237732,0.0
985,actual_maximum_demand,TAIL-minus-EVENT-EMP,-8.58162276115757,0.0
986,actual_maximum_demand,TAIL-minus-EVENT-EMP,-4.166595130651663,0.0
987,actual_maximum_demand,TAIL-minus-EVENT-EMP,3.1085230246184503,0.0
988,actual_maximum_demand,TAIL-minus-EVENT-EMP,-7.17112235901621,0.0
989,actual_maximum_demand,TAIL-minus-EVENT-EMP,28.970147022540527,0.0
990,actual_maximum_demand,TAIL-minus-EVENT-EMP,16.666286130233036,0.0
991,actual_maximum_demand,TAIL-minus-EVENT-EMP,-0.57957250197887,0.0
992,actual_maximum_demand,TAIL-minus-EVENT-EMP,-18.93635132958909,0.0
993,actual_maximum_demand,TAIL-minus-EVENT-EMP,-2.5229822976847394,0.0
994,actual_maximum_demand,TAIL-minus-EVENT-EMP,1.36817939531042,0.0
995,actual_maximum_demand,TAIL-minus-EVENT-EMP,2.0546348039915596,0.03099496561797667
996,actual_maximum_demand,TAIL-minus-EVENT-EMP,-9.64740276847303,0.0
997,actual_maximum_demand,TAIL-minus-EVENT-EMP,1.6161047241393,0.0
998,actual_maximum_demand,TAIL-minus-EVENT-EMP,26.169984353025544,0.0
999,actual_maximum_demand,TAIL-minus-EVENT-EMP,-8.00821008284451,0.0
0,capacity,TAIL-minus-EVENT-EMP,5.2689755457956595,-0.15104999291121998
1,capacity,TAIL-minus-EVENT-EMP,-18.187596653034728,0.0
2,capacity,TAIL-minus-EVENT-EMP,-5.054922345863109,0.04858613033460659
3,capacity,TAIL-minus-EVENT-EMP,-4.6212556383150405,-0.12898838207365
4,capacity,TAIL-minus-EVENT-EMP,10.12132044707824,0.0
5,capacity,TAIL-minus-EVENT-EMP,-7.338402695056382,-0.04956512692457335
6,capacity,TAIL-minus-EVENT-EMP,0.37895720734665017,-0.45542403606383336
7,capacity,TAIL-minus-EVENT-EMP,-5.24147723872389,0.03137110866967335
8,capacity,TAIL-minus-EVENT-EMP,-13.94292168564868,0.04621531884049339
9,capacity,TAIL-minus-EVENT-EMP,-13.39760534615763,0.0
10,capacity,TAIL-minus-EVENT-EMP,-3.09343397954272,0.14116431901341417
11,capacity,TAIL-minus-EVENT-EMP,-7.5492509808282895,-0.002744311015073341
12,capacity,TAIL-minus-EVENT-EMP,3.9903743133596596,0.0
13,capacity,TAIL-minus-EVENT-EMP,-14.95672039536426,0.0
14,capacity,TAIL-minus-EVENT-EMP,-9.76359077274138,0.0
15,capacity,TAIL-minus-EVENT-EMP,-2.034683797264959,0.0
16,capacity,TAIL-minus-EVENT-EMP,6.47356474779919,-0.06440681358738333
17,capacity,TAIL-minus-EVENT-EMP,4.014527001167489,0.0
18,capacity,TAIL-minus-EVENT-EMP,-11.957193872168169,-0.061481001817113336
19,capacity,TAIL-minus-EVENT-EMP,6.58025859765133,0.0
20,capacity,TAIL-minus-EVENT-EMP,-6.05002335671753,0.005861079369816682
21,capacity,TAIL-minus-EVENT-EMP,13.542847967432827,0.0
22,capacity,TAIL-minus-EVENT-EMP,3.2164885038745012,-0.002659202202769974
23,capacity,TAIL-minus-EVENT-EMP,-6.899262442873011,0.0
24,capacity,TAIL-minus-EVENT-EMP,-0.9320672100151611,-4.045145913741173
25,capacity,TAIL-minus-EVENT-EMP,-20.62455639240441,0.0
26,capacity,TAIL-minus-EVENT-EMP,0.42453214094602,0.0
27,capacity,TAIL-minus-EVENT-EMP,-23.801940243434903,-0.4261990384699101
28,capacity,TAIL-minus-EVENT-EMP,-4.663596526851131,-0.04135758764994661
29,capacity,TAIL-minus-EVENT-EMP,-2.815081995762339,0.002112580597853249
30,capacity,TAIL-minus-EVENT-EMP,-6.82360344610356,0.0005130862648266947
31,capacity,TAIL-minus-EVENT-EMP,-2.9658602347386105,0.19466651185672335
32,capacity,TAIL-minus-EVENT-EMP,-7.362003073716117,0.050896190585216716
33,capacity,TAIL-minus-EVENT-EMP,-12.322281515504779,0.13064549765875386
34,capacity,TAIL-minus-EVENT-EMP,-10.647338813285922,0.46213172761516
35,capacity,TAIL-minus-EVENT-EMP,-23.761130039319692,0.0
36,capacity,TAIL-minus-EVENT-EMP,-7.934328023033401,0.05024353609007666
37,capacity,TAIL-minus-EVENT-EMP,-6.771995299914721,0.1892680446002633
38,capacity,TAIL-minus-EVENT-EMP,-2.8989957962829895,0.15154354893000332
39,capacity,TAIL-minus-EVENT-EMP,-20.74160598999108,0.008318593714719963
40,capacity,TAIL-minus-EVENT-EMP,-2.405448131242989,-0.009803360155040061
41,capacity,TAIL-minus-EVENT-EMP,-17.94815717394695,0.0
42,capacity,TAIL-minus-EVENT-EMP,9.78264159321374,0.0
43,capacity,TAIL-minus-EVENT-EMP,-10.37219717697037,0.0
44,capacity,TAIL-minus-EVENT-EMP,-7.597362541724231,-0.09229347254777667
45,capacity,TAIL-minus-EVENT-EMP,9.38045019454751,0.0
46,capacity,TAIL-minus-EVENT-EMP,-11.52836648944681,0.0
47,capacity,TAIL-minus-EVENT-EMP,-2.04008112836533,0.009641881690630044
48,capacity,TAIL-minus-EVENT-EMP,13.025265108150771,0.0
49,capacity,TAIL-minus-EVENT-EMP,-29.49862161215479,-0.08479270852777337
50,capacity,TAIL-minus-EVENT-EMP,-10.555716530788242,0.02814832761325334
51,capacity,TAIL-minus-EVENT-EMP,-3.65810325320603,0.0
52,capacity,TAIL-minus-EVENT-EMP,-14.222578991900669,0.42412219366381004
53,capacity,TAIL-minus-EVENT-EMP,2.1589775301110894,0.0
54,capacity,TAIL-minus-EVENT-EMP,-6.561991575321368,0.4908801096696995
55,capacity,TAIL-minus-EVENT-EMP,3.1195732038273394,0.0
56,capacity,TAIL-minus-EVENT-EMP,-10.72231166056271,0.0
57,capacity,TAIL-minus-EVENT-EMP,0.28811288556724046,0.1556614539468734
58,capacity,TAIL-minus-EVENT-EMP,8.45641866139697,0.0
59,capacity,TAIL-minus-EVENT-EMP,-11.153602877421939,-3.9422941145401333
60,capacity,TAIL-minus-EVENT-EMP,-2.3601906961353696,0.08681312903260326
61,capacity,TAIL-minus-EVENT-EMP,-18.17801886401956,-0.05597452185664674
62,capacity,TAIL-minus-EVENT-EMP,2.9736199205038005,0.0
63,capacity,TAIL-minus-EVENT-EMP,-4.11282641351637,0.0
64,capacity,TAIL-minus-EVENT-EMP,-12.1167242448027,0.019570198498866653
65,capacity,TAIL-minus-EVENT-EMP,-12.108514422204838,0.00936188705185012
66,capacity,TAIL-minus-EVENT-EMP,-24.438403113384172,-0.043356730493576606
67,capacity,TAIL-minus-EVENT-EMP,-10.05850877480098,-0.15640031048086667
68,capacity,TAIL-minus-EVENT-EMP,-3.0916541610936203,0.17251750386693998
69,capacity,TAIL-minus-EVENT-EMP,-16.88356710692226,0.007999045213696616
70,capacity,TAIL-minus-EVENT-EMP,-23.18514798003096,0.05584811498492333
71,capacity,TAIL-minus-EVENT-EMP,-14.248628415227598,0.0
72,capacity,TAIL-minus-EVENT-EMP,-8.87838015518444,-0.18017375981085326
73,capacity,TAIL-minus-EVENT-EMP,-9.059933537982298,-0.018550037693036703
74,capacity,TAIL-minus-EVENT-EMP,-8.141327071647051,-0.06307347398340993
75,capacity,TAIL-minus-EVENT-EMP,-3.55296660814452,-0.006388334943263369
76,capacity,TAIL-minus-EVENT-EMP,-15.39048663419948,0.0
77,capacity,TAIL-minus-EVENT-EMP,-19.18894997522634,0.0
78,capacity,TAIL-minus-EVENT-EMP,-8.52041793108485,0.0
79,capacity,TAIL-minus-EVENT-EMP,-9.221387349333119,0.0
80,capacity,TAIL-minus-EVENT-EMP,-13.92271088287948,-0.11856934108539334
81,capacity,TAIL-minus-EVENT-EMP,-6.769669002991929,0.43511331578889667
82,capacity,TAIL-minus-EVENT-EMP,-5.313994831282599,0.024610772916453406
83,capacity,TAIL-minus-EVENT-EMP,0.6085994634292102,0.0
84,capacity,TAIL-minus-EVENT-EMP,0.05058223790385015,0.43639692551222
85,capacity,TAIL-minus-EVENT-EMP,2.29103074047739,0.0
86,capacity,TAIL-minus-EVENT-EMP,9.62086667871451,0.0
87,capacity,TAIL-minus-EVENT-EMP,12.91787711671464,0.0
88,capacity,TAIL-minus-EVENT-EMP,-39.66531395709666,0.25382604340660325
89,capacity,TAIL-minus-EVENT-EMP,-12.4561041071284,0.0
90,capacity,TAIL-minus-EVENT-EMP,-8.79136858483751,3.8620950322217724
91,capacity,TAIL-minus-EVENT-EMP,22.227064568702186,0.0
92,capacity,TAIL-minus-EVENT-EMP,8.80020077481584,0.0
93,capacity,TAIL-minus-EVENT-EMP,-4.411609123881409,-0.0580932431084067
94,capacity,TAIL-minus-EVENT-EMP,4.201288888393901,0.0
95,capacity,TAIL-minus-EVENT-EMP,-15.648134680204462,-0.06076413037674659
96,capacity,TAIL-minus-EVENT-EMP,-22.664955407415903,-0.34006559492790667
97,capacity,TAIL-minus-EVENT-EMP,-3.6051879699205402,-0.17223348731257665
98,capacity,TAIL-minus-EVENT-EMP,-11.17728603085178,-0.0016981343950966564
99,capacity,TAIL-minus-EVENT-EMP,13.79419573798242,0.0
100,capacity,TAIL-minus-EVENT-EMP,9.758294502401698,0.0
101,capacity,TAIL-minus-EVENT-EMP,26.21581762123443,0.0
102,capacity,TAIL-minus-EVENT-EMP,-7.718826010547539,-0.1948679347333
103,capacity,TAIL-minus-EVENT-EMP,-1.9059102856649996,-0.08559087987705001
104,capacity,TAIL-minus-EVENT-EMP,9.97676707555552,0.0
105,capacity,TAIL-minus-EVENT-EMP,-11.26278124404509,-0.08887647300073334
106,capacity,TAIL-minus-EVENT-EMP,-13.39245503756332,-0.11086059616860341
107,capacity,TAIL-minus-EVENT-EMP,-4.3218915798384385,0.34739575730455136
108,capacity,TAIL-minus-EVENT-EMP,-11.837915321702742,0.0
109,capacity,TAIL-minus-EVENT-EMP,-4.7071015042944495,0.0
110,capacity,TAIL-minus-EVENT-EMP,-18.05621557850983,0.009256674599123285
111,capacity,TAIL-minus-EVENT-EMP,-8.743183210321359,-0.12334502355626992
112,capacity,TAIL-minus-EVENT-EMP,1.0949434357015204,-0.21480473266508315
113,capacity,TAIL-minus-EVENT-EMP,0.35012679857907014,-3.746547697977751
114,capacity,TAIL-minus-EVENT-EMP,-12.7793579187162,-0.0499483217559534
115,capacity,TAIL-minus-EVENT-EMP,-7.617713274932771,0.010119732662256659
116,capacity,TAIL-minus-EVENT-EMP,-14.31241325943356,0.14996895053913334
117,capacity,TAIL-minus-EVENT-EMP,-6.1502964583223,-0.01656370213906329
118,capacity,TAIL-minus-EVENT-EMP,1.9704656302478598,-0.018272375939639915
119,capacity,TAIL-minus-EVENT-EMP,-16.28518437342712,0.02980418199465002
120,capacity,TAIL-minus-EVENT-EMP,-3.902301127373911,0.0
121,capacity,TAIL-minus-EVENT-EMP,-40.85047279567994,0.44118207160306333
122,capacity,TAIL-minus-EVENT-EMP,-9.75719980473933,0.41906284251099674
123,capacity,TAIL-minus-EVENT-EMP,-16.42577498849393,0.0
124,capacity,TAIL-minus-EVENT-EMP,-2.012422084690299,0.0
125,capacity,TAIL-minus-EVENT-EMP,-11.19039916436641,-0.0022166657880066942
126,capacity,TAIL-minus-EVENT-EMP,-24.0515464166151,-0.61682503714779
127,capacity,TAIL-minus-EVENT-EMP,-9.478379161835111,0.017216766584680042
128,capacity,TAIL-minus-EVENT-EMP,-21.9954999138875,0.008395966010779979
129,capacity,TAIL-minus-EVENT-EMP,-2.7836223632206205,-0.33350056715936327
130,capacity,TAIL-minus-EVENT-EMP,-8.996323681240028,-0.06137727901358667
131,capacity,TAIL-minus-EVENT-EMP,29.794354898259424,0.0
132,capacity,TAIL-minus-EVENT-EMP,11.19258285599383,0.0
133,capacity,TAIL-minus-EVENT-EMP,-3.9698272648993003,-0.06931079015756997
134,capacity,TAIL-minus-EVENT-EMP,13.144857839546301,0.0
135,capacity,TAIL-minus-EVENT-EMP,-17.08906622898847,-0.020430509964463293
136,capacity,TAIL-minus-EVENT-EMP,-1.6574132285795802,0.0
137,capacity,TAIL-minus-EVENT-EMP,-37.19951971990737,0.43386977574567337
138,capacity,TAIL-minus-EVENT-EMP,-7.263383676134858,-0.21921765721580333
139,capacity,TAIL-minus-EVENT-EMP,-5.76980649654431,-0.17828032923877665
140,capacity,TAIL-minus-EVENT-EMP,-21.306516754039606,0.03427512126070002
141,capacity,TAIL-minus-EVENT-EMP,-8.70853683723678,0.15650995500929665
142,capacity,TAIL-minus-EVENT-EMP,-16.85007620645193,-0.0213333736146033
143,capacity,TAIL-minus-EVENT-EMP,-14.73044275475468,0.0
144,capacity,TAIL-minus-EVENT-EMP,-7.03259844048317,-0.007221036617296658
145,capacity,TAIL-minus-EVENT-EMP,-9.452500826276342,0.10611530314643992
146,capacity,TAIL-minus-EVENT-EMP,-9.37764384741844,0.0
147,capacity,TAIL-minus-EVENT-EMP,28.63125409674695,0.0
148,capacity,TAIL-minus-EVENT-EMP,-13.282328619842179,-0.019156458191359974
149,capacity,TAIL-minus-EVENT-EMP,-12.47168385457929,-0.17815646746298
150,capacity,TAIL-minus-EVENT-EMP,0.7135564925127693,0.0
151,capacity,TAIL-minus-EVENT-EMP,11.26876185245041,0.0
152,capacity,TAIL-minus-EVENT-EMP,18.71243609774021,0.0
153,capacity,TAIL-minus-EVENT-EMP,-9.22238909152604,0.07204618575289995
154,capacity,TAIL-minus-EVENT-EMP,-2.01845310702757,0.17729467460839335
155,capacity,TAIL-minus-EVENT-EMP,-11.4036997918102,-0.06911046710826331
156,capacity,TAIL-minus-EVENT-EMP,-26.82835248679401,-0.3338318207243767
157,capacity,TAIL-minus-EVENT-EMP,-6.79974094843122,-0.18713856694359668
158,capacity,TAIL-minus-EVENT-EMP,-5.70885014558694,0.013781350820929981
159,capacity,TAIL-minus-EVENT-EMP,17.378330619945988,0.0
160,capacity,TAIL-minus-EVENT-EMP,-5.453682177701088,3.8345222958514733
161,capacity,TAIL-minus-EVENT-EMP,-15.25747136102171,0.0
162,capacity,TAIL-minus-EVENT-EMP,-1.912134588873582,-0.037393280981016644
163,capacity,TAIL-minus-EVENT-EMP,-22.920194819732167,0.07169024107961343
164,capacity,TAIL-minus-EVENT-EMP,5.110733611430551,0.0
165,capacity,TAIL-minus-EVENT-EMP,-15.113877798894299,-0.06653884754370668
166,capacity,TAIL-minus-EVENT-EMP,-9.97049907638747,0.2523789957931866
167,capacity,TAIL-minus-EVENT-EMP,-11.879495290643668,-0.005012262285886658
168,capacity,TAIL-minus-EVENT-EMP,-7.502590428581299,0.0
169,capacity,TAIL-minus-EVENT-EMP,-10.24875456216377,0.031029704610293307
170,capacity,TAIL-minus-EVENT-EMP,-12.33130616686236,-0.0184913879468267
171,capacity,TAIL-minus-EVENT-EMP,-0.4628550632782405,0.0
172,capacity,TAIL-minus-EVENT-EMP,-12.16607829907677,0.05803687809086662
173,capacity,TAIL-minus-EVENT-EMP,-11.165297516832151,0.15891490611986667
174,capacity,TAIL-minus-EVENT-EMP,-20.70148975983801,-0.14997969741071998
175,capacity,TAIL-minus-EVENT-EMP,-2.8723688824027205,0.11044829420058383
176,capacity,TAIL-minus-EVENT-EMP,-22.513698681713738,0.007887179689623335
177,capacity,TAIL-minus-EVENT-EMP,-8.4138480272969,0.0
178,capacity,TAIL-minus-EVENT-EMP,-11.55355693080407,-0.4115080712156333
179,capacity,TAIL-minus-EVENT-EMP,1.9400819115283394,0.0
180,capacity,TAIL-minus-EVENT-EMP,-2.8887612277719605,0.021234037719236598
181,capacity,TAIL-minus-EVENT-EMP,-13.99665351687436,0.15239991568609332
182,capacity,TAIL-minus-EVENT-EMP,-3.9665656096001713,0.0
183,capacity,TAIL-minus-EVENT-EMP,-49.26148281155998,0.0
184,capacity,TAIL-minus-EVENT-EMP,-14.746795656695207,0.057760819553663315
185,capacity,TAIL-minus-EVENT-EMP,-8.68650542585246,0.03182691009504333
186,capacity,TAIL-minus-EVENT-EMP,-9.09278247027571,0.0
187,capacity,TAIL-minus-EVENT-EMP,-13.773331932914651,0.017788581768193347
188,capacity,TAIL-minus-EVENT-EMP,0.39116766538287023,0.41819651866148
189,capacity,TAIL-minus-EVENT-EMP,-2.253599975362569,0.12036814901434656
190,capacity,TAIL-minus-EVENT-EMP,-10.26468534959745,0.15315351071965333
191,capacity,TAIL-minus-EVENT-EMP,22.80265112775144,0.0
192,capacity,TAIL-minus-EVENT-EMP,2.770330152300721,0.0
193,capacity,TAIL-minus-EVENT-EMP,-4.34297954911316,0.0
194,capacity,TAIL-minus-EVENT-EMP,-21.851561938294438,0.01401331529631341
195,capacity,TAIL-minus-EVENT-EMP,-6.408483353873591,0.019121195019870026
196,capacity,TAIL-minus-EVENT-EMP,-0.9367745509748504,0.02729092526507007
197,capacity,TAIL-minus-EVENT-EMP,-5.78899199212444,-0.14138451070379665
198,capacity,TAIL-minus-EVENT-EMP,-10.85185882958197,0.0
199,capacity,TAIL-minus-EVENT-EMP,2.9402462267965896,0.0
200,capacity,TAIL-minus-EVENT-EMP,-16.66008857916243,0.0
201,capacity,TAIL-minus-EVENT-EMP,-6.02440898201794,0.0
202,capacity,TAIL-minus-EVENT-EMP,-6.3675706879214005,0.0
203,capacity,TAIL-minus-EVENT-EMP,-16.42466844130502,-0.09297870893654998
204,capacity,TAIL-minus-EVENT-EMP,-13.134544735904917,0.05068901552635002
205,capacity,TAIL-minus-EVENT-EMP,13.918494275808621,0.0
206,capacity,TAIL-minus-EVENT-EMP,8.28209373747931,0.0
207,capacity,TAIL-minus-EVENT-EMP,-3.15268036952799,0.0
208,capacity,TAIL-minus-EVENT-EMP,-26.92919173379845,-0.10255906735885659
209,capacity,TAIL-minus-EVENT-EMP,-9.779249759550309,-0.007805383984330061
210,capacity,TAIL-minus-EVENT-EMP,-14.12702592080116,-0.01879204121513333
211,capacity,TAIL-minus-EVENT-EMP,-10.744735523640431,0.2719658911705234
212,capacity,TAIL-minus-EVENT-EMP,20.21696424538689,0.0
213,capacity,TAIL-minus-EVENT-EMP,-6.724485613924509,-0.04138607344335993
214,capacity,TAIL-minus-EVENT-EMP,-3.7998839214106397,0.0
215,capacity,TAIL-minus-EVENT-EMP,1.58462551963955,0.0
216,capacity,TAIL-minus-EVENT-EMP,-1.30816846321494,-0.17969923982216668
217,capacity,TAIL-minus-EVENT-EMP,-17.99928048026087,0.0057539246466766815
218,capacity,TAIL-minus-EVENT-EMP,-3.4647344666007496,-0.006081000551743342
219,capacity,TAIL-minus-EVENT-EMP,-14.398228879069059,0.040308825827779955
220,capacity,TAIL-minus-EVENT-EMP,-13.33658081455386,0.0
221,capacity,TAIL-minus-EVENT-EMP,-7.461803683620158,-0.28507521242141337
222,capacity,TAIL-minus-EVENT-EMP,9.68613220667345,-0.10453036959383669
223,capacity,TAIL-minus-EVENT-EMP,-5.214881452285821,-0.0008327767720399653
224,capacity,TAIL-minus-EVENT-EMP,-3.1131283306665996,-0.029744226105966713
225,capacity,TAIL-minus-EVENT-EMP,15.435637549261338,0.0
226,capacity,TAIL-minus-EVENT-EMP,22.130043602098663,0.0
227,capacity,TAIL-minus-EVENT-EMP,3.425097473794249,-0.44274022786134004
228,capacity,TAIL-minus-EVENT-EMP,-13.792524438989762,-0.16496872384645334
229,capacity,TAIL-minus-EVENT-EMP,3.3915588739038007,-0.15085355183245333
230,capacity,TAIL-minus-EVENT-EMP,-15.16415199252052,-0.16270864416699998
231,capacity,TAIL-minus-EVENT-EMP,-11.54263415406994,-0.42450834014795
232,capacity,TAIL-minus-EVENT-EMP,-12.529240438533732,0.038310201553596636
233,capacity,TAIL-minus-EVENT-EMP,3.28780049697916,0.0
234,capacity,TAIL-minus-EVENT-EMP,-7.62212085055746,-0.01814973002903994
235,capacity,TAIL-minus-EVENT-EMP,2.6513887168726895,0.0
236,capacity,TAIL-minus-EVENT-EMP,-1.21308857671564,0.0
237,capacity,TAIL-minus-EVENT-EMP,-0.9229531233954501,-0.15675838338166997
238,capacity,TAIL-minus-EVENT-EMP,-9.14831953537059,-0.05670024231241352
239,capacity,TAIL-minus-EVENT-EMP,-16.09057804668824,0.0
240,capacity,TAIL-minus-EVENT-EMP,-18.05845338388632,0.008796691446126634
241,capacity,TAIL-minus-EVENT-EMP,-1.8535777686495418,-0.05425054773754365
242,capacity,TAIL-minus-EVENT-EMP,-14.65172136030493,0.05310356876704666
243,capacity,TAIL-minus-EVENT-EMP,-8.075489869748301,-0.00829812434035666
244,capacity,TAIL-minus-EVENT-EMP,-4.033530381824349,0.01695609384780661
245,capacity,TAIL-minus-EVENT-EMP,-9.19916232166059,-0.02947883505433997
246,capacity,TAIL-minus-EVENT-EMP,-9.22385604982989,0.10067330266862011
247,capacity,TAIL-minus-EVENT-EMP,-9.98398274650608,0.16781556842067327
248,capacity,TAIL-minus-EVENT-EMP,-8.915657925409409,0.15002745220629002
249,capacity,TAIL-minus-EVENT-EMP,0.04042437016452002,0.47079684991703674
250,capacity,TAIL-minus-EVENT-EMP,-15.311618949458008,-0.03773835735963666
251,capacity,TAIL-minus-EVENT-EMP,5.02772567890351,0.4207884454739733
252,capacity,TAIL-minus-EVENT-EMP,-11.486436837949979,0.04214813632185997
253,capacity,TAIL-minus-EVENT-EMP,10.02591328317991,0.0
254,capacity,TAIL-minus-EVENT-EMP,-10.0569382893879,-0.18331039765826665
255,capacity,TAIL-minus-EVENT-EMP,-13.331737192980292,0.0
256,capacity,TAIL-minus-EVENT-EMP,-0.86171893893761,0.0
257,capacity,TAIL-minus-EVENT-EMP,-9.51762734483577,-0.00992973157205989
258,capacity,TAIL-minus-EVENT-EMP,9.60560802430041,0.0
259,capacity,TAIL-minus-EVENT-EMP,-2.4770469328345786,0.0
260,capacity,TAIL-minus-EVENT-EMP,-16.34967909560293,0.04036912928591669
261,capacity,TAIL-minus-EVENT-EMP,-13.742752741590131,-0.03034910154989332
262,capacity,TAIL-minus-EVENT-EMP,6.0029177750335,0.020338800625696683
263,capacity,TAIL-minus-EVENT-EMP,-16.65309608063474,-0.013879254383923276
264,capacity,TAIL-minus-EVENT-EMP,-17.257037540481416,-0.07663597421634005
265,capacity,TAIL-minus-EVENT-EMP,-14.31638818596701,0.09917663737918003
266,capacity,TAIL-minus-EVENT-EMP,-3.325342930960301,0.02685861562337329
267,capacity,TAIL-minus-EVENT-EMP,-7.652142952706502,0.15690348779568
268,capacity,TAIL-minus-EVENT-EMP,-11.249033773975022,0.04503632060552662
269,capacity,TAIL-minus-EVENT-EMP,-17.20473712381514,0.0
270,capacity,TAIL-minus-EVENT-EMP,7.398005445450129,0.12033638792501647
271,capacity,TAIL-minus-EVENT-EMP,-19.50721102947803,0.0
272,capacity,TAIL-minus-EVENT-EMP,-7.7318621317479215,-0.1630106579699
273,capacity,TAIL-minus-EVENT-EMP,20.83782734481669,0.0
274,capacity,TAIL-minus-EVENT-EMP,-14.689819165607359,-0.26865251053720673
275,capacity,TAIL-minus-EVENT-EMP,-11.371138867228941,-3.5830029704017066
276,capacity,TAIL-minus-EVENT-EMP,-2.0590821484502793,0.04134053789638008
277,capacity,TAIL-minus-EVENT-EMP,-16.88195755655628,0.15130965528147333
278,capacity,TAIL-minus-EVENT-EMP,-15.74314396328643,0.11853250779675335
279,capacity,TAIL-minus-EVENT-EMP,-24.21257705124482,-0.33863123518929333
280,capacity,TAIL-minus-EVENT-EMP,13.46151615580794,-0.1586222315627866
281,capacity,TAIL-minus-EVENT-EMP,-8.67522945853398,0.0
282,capacity,TAIL-minus-EVENT-EMP,-24.26943569453518,0.0
283,capacity,TAIL-minus-EVENT-EMP,17.91783772997633,0.0
284,capacity,TAIL-minus-EVENT-EMP,-10.821640768834781,0.0
285,capacity,TAIL-minus-EVENT-EMP,13.732268361663841,-0.050001059997536665
286,capacity,TAIL-minus-EVENT-EMP,-28.15564046614256,0.0
287,capacity,TAIL-minus-EVENT-EMP,4.29164259536709,0.0
288,capacity,TAIL-minus-EVENT-EMP,-13.067208092039612,-0.15695482307276
289,capacity,TAIL-minus-EVENT-EMP,-5.51746832153259,-0.1516736397376833
290,capacity,TAIL-minus-EVENT-EMP,-6.193580111135169,-0.05327726621619333
291,capacity,TAIL-minus-EVENT-EMP,-1.6605931167396004,0.0
292,capacity,TAIL-minus-EVENT-EMP,-11.745836631656298,0.0
293,capacity,TAIL-minus-EVENT-EMP,-22.327103317484138,-0.03469345840810675
294,capacity,TAIL-minus-EVENT-EMP,-11.346941282265568,-0.003557046388343206
295,capacity,TAIL-minus-EVENT-EMP,-6.71715427358372,-0.08406984229426336
296,capacity,TAIL-minus-EVENT-EMP,5.06972636887285,0.0
297,capacity,TAIL-minus-EVENT-EMP,20.1482027670359,0.0
298,capacity,TAIL-minus-EVENT-EMP,19.69663759831162,0.0
299,capacity,TAIL-minus-EVENT-EMP,-15.478519694305348,0.0
300,capacity,TAIL-minus-EVENT-EMP,-10.760280185173539,-0.05471485087943659
301,capacity,TAIL-minus-EVENT-EMP,5.8739596946459995,0.0
302,capacity,TAIL-minus-EVENT-EMP,-14.901508361636361,-0.012997570533833314
303,capacity,TAIL-minus-EVENT-EMP,-0.41584501110071975,0.14998671494253665
304,capacity,TAIL-minus-EVENT-EMP,-19.96654725859729,0.10099527844286658
305,capacity,TAIL-minus-EVENT-EMP,-5.145078470676578,0.07886871671636334
306,capacity,TAIL-minus-EVENT-EMP,4.758114617231579,0.0
307,capacity,TAIL-minus-EVENT-EMP,16.4021101371913,0.0
308,capacity,TAIL-minus-EVENT-EMP,-0.6293627984428409,0.0
309,capacity,TAIL-minus-EVENT-EMP,-22.66749377389314,0.12113037964463008
310,capacity,TAIL-minus-EVENT-EMP,-24.347645260837428,-0.52759972600818
311,capacity,TAIL-minus-EVENT-EMP,-15.517948438868789,-0.2875518774380334
312,capacity,TAIL-minus-EVENT-EMP,-5.74678562115694,0.0
313,capacity,TAIL-minus-EVENT-EMP,-6.884800891790752,-0.02867869859828334
314,capacity,TAIL-minus-EVENT-EMP,7.976302662094269,0.0
315,capacity,TAIL-minus-EVENT-EMP,13.349059957779469,0.0
316,capacity,TAIL-minus-EVENT-EMP,-1.6373421847427794,0.0
317,capacity,TAIL-minus-EVENT-EMP,-11.46959380297386,-0.16650113968812666
318,capacity,TAIL-minus-EVENT-EMP,-4.168151413838669,-0.011152414558433365
319,capacity,TAIL-minus-EVENT-EMP,-10.488278376646939,-0.19147500093445666
320,capacity,TAIL-minus-EVENT-EMP,-6.851201563639749,0.0
321,capacity,TAIL-minus-EVENT-EMP,-15.646213415407061,-0.025882188309690052
322,capacity,TAIL-minus-EVENT-EMP,-4.2533191447633305,0.0
323,capacity,TAIL-minus-EVENT-EMP,-12.170140769291457,-0.12956251870674995
324,capacity,TAIL-minus-EVENT-EMP,-10.51793548890399,0.025314900434579915
325,capacity,TAIL-minus-EVENT-EMP,1.5206085748667415,3.9509520471940673
326,capacity,TAIL-minus-EVENT-EMP,-11.450545442728721,-0.019495456795346616
327,capacity,TAIL-minus-EVENT-EMP,-18.531494007488263,-0.00529528051348661
328,capacity,TAIL-minus-EVENT-EMP,-11.661718740465787,0.049412964883400065
329,capacity,TAIL-minus-EVENT-EMP,-1.0955118596948705,0.0
330,capacity,TAIL-minus-EVENT-EMP,11.653572976687201,0.0
331,capacity,TAIL-minus-EVENT-EMP,4.0002344565480294,0.0
332,capacity,TAIL-minus-EVENT-EMP,3.9773283112311106,0.010768965477376668
333,capacity,TAIL-minus-EVENT-EMP,-3.2369214065630105,0.0
334,capacity,TAIL-minus-EVENT-EMP,-14.183032290601648,0.0024038780314332778
335,capacity,TAIL-minus-EVENT-EMP,-12.253327692654784,-0.05273458182847666
336,capacity,TAIL-minus-EVENT-EMP,-9.20034451835143,0.0022048226033333316
337,capacity,TAIL-minus-EVENT-EMP,2.4646897589139516,-0.059591362561766614
338,capacity,TAIL-minus-EVENT-EMP,-7.954154664516369,0.03197473243726004
339,capacity,TAIL-minus-EVENT-EMP,-12.961945884562082,-0.0021020731185799474
340,capacity,TAIL-minus-EVENT-EMP,-18.438051128012077,0.0
341,capacity,TAIL-minus-EVENT-EMP,19.80484158460692,0.0
342,capacity,TAIL-minus-EVENT-EMP,-8.640963666605339,0.0571896201865733
343,capacity,TAIL-minus-EVENT-EMP,-10.24678797439499,0.4248665706317167
344,capacity,TAIL-minus-EVENT-EMP,-8.61665906893835,0.01363997153730331
345,capacity,TAIL-minus-EVENT-EMP,-8.81655468130838,-0.06583784623632677
346,capacity,TAIL-minus-EVENT-EMP,-14.411863322274368,-0.2418635164543567
347,capacity,TAIL-minus-EVENT-EMP,-7.809766479552108,-0.008700364770743412
348,capacity,TAIL-minus-EVENT-EMP,1.2154548538415604,0.0
349,capacity,TAIL-minus-EVENT-EMP,-11.9534923866158,-0.0664417735724501
350,capacity,TAIL-minus-EVENT-EMP,-5.315066548674902,0.0
351,capacity,TAIL-minus-EVENT-EMP,1.20584242648326,0.0
352,capacity,TAIL-minus-EVENT-EMP,6.195010520684541,0.0
353,capacity,TAIL-minus-EVENT-EMP,-5.8400503045162395,0.009589559208783311
354,capacity,TAIL-minus-EVENT-EMP,-7.333857660384749,-0.13696616318308008
355,capacity,TAIL-minus-EVENT-EMP,11.4555694993795,0.0
356,capacity,TAIL-minus-EVENT-EMP,-5.760652630825021,0.03226437909705001
357,capacity,TAIL-minus-EVENT-EMP,-11.433815244803162,0.02762897472101001
358,capacity,TAIL-minus-EVENT-EMP,-9.9480032741601,0.0
359,capacity,TAIL-minus-EVENT-EMP,-9.85029094657827,0.0
360,capacity,TAIL-minus-EVENT-EMP,-1.4194119116230501,0.0
361,capacity,TAIL-minus-EVENT-EMP,-1.6290779655046606,-0.027617065557159967
362,capacity,TAIL-minus-EVENT-EMP,-10.845797562760682,-0.4663044503003838
363,capacity,TAIL-minus-EVENT-EMP,-27.30248412561186,-0.04917272945181
364,capacity,TAIL-minus-EVENT-EMP,30.785117265862468,0.0
365,capacity,TAIL-minus-EVENT-EMP,9.125946062170778,-0.19280255513649666
366,capacity,TAIL-minus-EVENT-EMP,-15.38839133630446,-0.4248569144346
367,capacity,TAIL-minus-EVENT-EMP,-12.661415531292091,-0.04820967582085328
368,capacity,TAIL-minus-EVENT-EMP,-17.92190684768422,-0.1711199785718467
369,capacity,TAIL-minus-EVENT-EMP,9.171561663756702,-0.015153499503263272
370,capacity,TAIL-minus-EVENT-EMP,-12.75385910627945,-0.013460392270563289
371,capacity,TAIL-minus-EVENT-EMP,2.759954738789701,-0.1755102352754465
372,capacity,TAIL-minus-EVENT-EMP,-24.08517298608696,-0.7352189892383499
373,capacity,TAIL-minus-EVENT-EMP,78.28923708145985,0.0
374,capacity,TAIL-minus-EVENT-EMP,11.05341611959813,0.0
375,capacity,TAIL-minus-EVENT-EMP,-11.733780748525149,0.0
376,capacity,TAIL-minus-EVENT-EMP,-11.9508917047092,0.014103659763606627
377,capacity,TAIL-minus-EVENT-EMP,9.06973216810058,-0.09613088840548
378,capacity,TAIL-minus-EVENT-EMP,-6.402732483035189,0.0
379,capacity,TAIL-minus-EVENT-EMP,-9.907174166765728,0.21545739877631281
380,capacity,TAIL-minus-EVENT-EMP,-13.182291687997061,-0.20919342293271667
381,capacity,TAIL-minus-EVENT-EMP,-7.929407080601589,-0.020679899170743254
382,capacity,TAIL-minus-EVENT-EMP,-18.88868335705643,0.02710049651107665
383,capacity,TAIL-minus-EVENT-EMP,-2.0946383291741406,0.020235706046169925
384,capacity,TAIL-minus-EVENT-EMP,5.226348122891281,0.0
385,capacity,TAIL-minus-EVENT-EMP,-18.811339005478402,-0.48444852193468
386,capacity,TAIL-minus-EVENT-EMP,-7.440119179602061,-0.12260027025991659
387,capacity,TAIL-minus-EVENT-EMP,14.10235287436952,0.0
388,capacity,TAIL-minus-EVENT-EMP,-25.35887040366987,0.11559532387291002
389,capacity,TAIL-minus-EVENT-EMP,-9.38795211653199,0.007515445353683311
390,capacity,TAIL-minus-EVENT-EMP,-4.43503781497949,0.0
391,capacity,TAIL-minus-EVENT-EMP,-10.187763206707748,-0.025917998599346657
392,capacity,TAIL-minus-EVENT-EMP,-2.443679337567939,0.1507353127926936
393,capacity,TAIL-minus-EVENT-EMP,-0.8603247519749304,0.26666666666666
394,capacity,TAIL-minus-EVENT-EMP,-6.10560810058641,-0.026156375776086732
395,capacity,TAIL-minus-EVENT-EMP,-30.1203102039245,0.0
396,capacity,TAIL-minus-EVENT-EMP,-9.37676800283294,0.00984102480903002
397,capacity,TAIL-minus-EVENT-EMP,-4.458544198316969,-0.001217758860836641
398,capacity,TAIL-minus-EVENT-EMP,8.8220476190874,0.0
399,capacity,TAIL-minus-EVENT-EMP,-19.68534705166082,0.10428906907198002
400,capacity,TAIL-minus-EVENT-EMP,-15.194884706945919,0.08563605188963665
401,capacity,TAIL-minus-EVENT-EMP,-3.26070020243277,0.0
402,capacity,TAIL-minus-EVENT-EMP,-12.558144646995109,0.013446206341553336
403,capacity,TAIL-minus-EVENT-EMP,-3.5150798122364093,0.0
404,capacity,TAIL-minus-EVENT-EMP,4.3127845926813295,-0.0024258743038466785
405,capacity,TAIL-minus-EVENT-EMP,-38.50004339084409,0.0
406,capacity,TAIL-minus-EVENT-EMP,-21.88192660883203,-0.2753952481845333
407,capacity,TAIL-minus-EVENT-EMP,2.0079165427562,0.07283618909344064
408,capacity,TAIL-minus-EVENT-EMP,-8.74147000107385,0.07370688454037995
409,capacity,TAIL-minus-EVENT-EMP,3.884988931340599,0.01934714469836677
410,capacity,TAIL-minus-EVENT-EMP,-1.6082696195234725,0.20154252772675366
411,capacity,TAIL-minus-EVENT-EMP,44.249532325283674,0.0
412,capacity,TAIL-minus-EVENT-EMP,-16.626266305660113,-0.1399787816515034
413,capacity,TAIL-minus-EVENT-EMP,5.01073368519695,0.0
414,capacity,TAIL-minus-EVENT-EMP,-9.28255011538129,-0.013048067782306643
415,capacity,TAIL-minus-EVENT-EMP,-0.6545082664545204,0.07962195548697343
416,capacity,TAIL-minus-EVENT-EMP,-15.8685847208593,-0.16314818061751002
417,capacity,TAIL-minus-EVENT-EMP,-40.80084185721775,0.0
418,capacity,TAIL-minus-EVENT-EMP,-4.864182919867622,0.0
419,capacity,TAIL-minus-EVENT-EMP,-9.3366308495903,0.004353146040506593
420,capacity,TAIL-minus-EVENT-EMP,16.304176051805026,0.0
421,capacity,TAIL-minus-EVENT-EMP,1.0560995224185799,-0.2085508884044033
422,capacity,TAIL-minus-EVENT-EMP,-7.20996092440607,0.0
423,capacity,TAIL-minus-EVENT-EMP,-23.303085144891067,0.1083346831500367
424,capacity,TAIL-minus-EVENT-EMP,0.006870708905648559,-0.1627858958064103
425,capacity,TAIL-minus-EVENT-EMP,-7.774736472035379,-0.04093677935741002
426,capacity,TAIL-minus-EVENT-EMP,8.819684653546458,0.0
427,capacity,TAIL-minus-EVENT-EMP,-21.13200034882979,-0.09305532312736335
428,capacity,TAIL-minus-EVENT-EMP,-13.69340260519201,0.0
429,capacity,TAIL-minus-EVENT-EMP,-23.84665917062859,0.0
430,capacity,TAIL-minus-EVENT-EMP,-15.967067044202679,-0.03026330192802667
431,capacity,TAIL-minus-EVENT-EMP,-17.477732083192652,-0.22157516610218
432,capacity,TAIL-minus-EVENT-EMP,11.481155333337071,0.07656265099392655
433,capacity,TAIL-minus-EVENT-EMP,4.57219885312112,0.2647943561265634
434,capacity,TAIL-minus-EVENT-EMP,-7.53877658689293,0.15801776711468668
435,capacity,TAIL-minus-EVENT-EMP,-3.90423205263251,-0.4210257919097967
436,capacity,TAIL-minus-EVENT-EMP,-0.31151419685850334,-0.010964633099546598
437,capacity,TAIL-minus-EVENT-EMP,-2.625464211752199,-0.08641674195378332
438,capacity,TAIL-minus-EVENT-EMP,0.32128092760699,-0.08591994785287667
439,capacity,TAIL-minus-EVENT-EMP,-20.949139469033398,0.01569611065121339
440,capacity,TAIL-minus-EVENT-EMP,-30.152695194456108,0.4217894795836134
441,capacity,TAIL-minus-EVENT-EMP,-4.342232379142049,0.37918192417748586
442,capacity,TAIL-minus-EVENT-EMP,-19.89132822151487,0.023049625416993354
443,capacity,TAIL-minus-EVENT-EMP,5.104803578670671,0.0
444,capacity,TAIL-minus-EVENT-EMP,-11.10162301870856,0.0
445,capacity,TAIL-minus-EVENT-EMP,12.18875355080315,0.0
446,capacity,TAIL-minus-EVENT-EMP,17.690423252914407,0.0
447,capacity,TAIL-minus-EVENT-EMP,-6.387622535712459,0.0
448,capacity,TAIL-minus-EVENT-EMP,-8.198027220351698,0.021333616869720004
449,capacity,TAIL-minus-EVENT-EMP,-13.873631420941571,0.0
450,capacity,TAIL-minus-EVENT-EMP,-5.256918475386111,-0.4338864166332634
451,capacity,TAIL-minus-EVENT-EMP,-4.507880292678962,0.06652428235248281
452,capacity,TAIL-minus-EVENT-EMP,18.18771929499034,0.0
453,capacity,TAIL-minus-EVENT-EMP,-14.3395042684569,0.0
454,capacity,TAIL-minus-EVENT-EMP,13.4468959770361,0.006294552995006735
455,capacity,TAIL-minus-EVENT-EMP,10.277363668234521,0.0
456,capacity,TAIL-minus-EVENT-EMP,-21.888123152603928,-3.5384272886448893
457,capacity,TAIL-minus-EVENT-EMP,17.1129444619905,0.0
458,capacity,TAIL-minus-EVENT-EMP,4.27615863548058,-0.07386022371525672
459,capacity,TAIL-minus-EVENT-EMP,-15.05737009956275,0.015228504016493241
460,capacity,TAIL-minus-EVENT-EMP,-10.40365950205849,0.2444297453049301
461,capacity,TAIL-minus-EVENT-EMP,-6.298035382753161,-0.23729528810665668
462,capacity,TAIL-minus-EVENT-EMP,-22.6448966133088,0.0
463,capacity,TAIL-minus-EVENT-EMP,7.643541553533311,0.0
464,capacity,TAIL-minus-EVENT-EMP,-16.38492592847715,0.005064423678663357
465,capacity,TAIL-minus-EVENT-EMP,11.465426762568699,0.0
466,capacity,TAIL-minus-EVENT-EMP,0.7726651438051513,-0.015352103912290305
467,capacity,TAIL-minus-EVENT-EMP,-14.667636151658082,0.0
468,capacity,TAIL-minus-EVENT-EMP,-7.95173333259288,-0.11748365409394723
469,capacity,TAIL-minus-EVENT-EMP,-46.11474301689946,0.0
470,capacity,TAIL-minus-EVENT-EMP,-17.55374872489773,-0.25843999071698986
471,capacity,TAIL-minus-EVENT-EMP,-5.606292010129218,0.3797937756135697
472,capacity,TAIL-minus-EVENT-EMP,-9.08347008084565,-0.31503475596020997
473,capacity,TAIL-minus-EVENT-EMP,5.651359118496879,0.0
474,capacity,TAIL-minus-EVENT-EMP,1.31701476875998,0.0
475,capacity,TAIL-minus-EVENT-EMP,-34.1637786000857,0.0
476,capacity,TAIL-minus-EVENT-EMP,-9.46712249712216,0.0
477,capacity,TAIL-minus-EVENT-EMP,-60.46635083166767,0.0
478,capacity,TAIL-minus-EVENT-EMP,-12.606545062015712,-0.007607196940433332
479,capacity,TAIL-minus-EVENT-EMP,3.863260832004821,0.0
480,capacity,TAIL-minus-EVENT-EMP,-7.999077079959066,0.07333677613746356
481,capacity,TAIL-minus-EVENT-EMP,1.3091864391089496,0.43386700419804003
482,capacity,TAIL-minus-EVENT-EMP,-20.40258680547923,-0.41948172274175005
483,capacity,TAIL-minus-EVENT-EMP,4.0367259113802705,-0.20572199781986664
484,capacity,TAIL-minus-EVENT-EMP,4.356210891520229,-0.35758798668167335
485,capacity,TAIL-minus-EVENT-EMP,-88.11535875857291,0.0
486,capacity,TAIL-minus-EVENT-EMP,0.40166249712211,0.0011615004337300026
487,capacity,TAIL-minus-EVENT-EMP,-14.763034615905129,0.09121852822897344
488,capacity,TAIL-minus-EVENT-EMP,-7.137639603611678,0.0
489,capacity,TAIL-minus-EVENT-EMP,-11.01661568518544,0.0063281117556533185
490,capacity,TAIL-minus-EVENT-EMP,-1.9173457231366597,-0.02902944307484681
491,capacity,TAIL-minus-EVENT-EMP,2.0270312855947656,0.0
492,capacity,TAIL-minus-EVENT-EMP,-1.4454089869849502,0.0014500250561533083
493,capacity,TAIL-minus-EVENT-EMP,-13.24019331070582,-3.7043867616389003
494,capacity,TAIL-minus-EVENT-EMP,-11.09265695088107,0.0
495,capacity,TAIL-minus-EVENT-EMP,-3.323873629810921,0.0
496,capacity,TAIL-minus-EVENT-EMP,12.523212592096279,-0.30341761199113
497,capacity,TAIL-minus-EVENT-EMP,-7.64030293099312,0.0
498,capacity,TAIL-minus-EVENT-EMP,10.96875992833502,-0.16709062770203673
499,capacity,TAIL-minus-EVENT-EMP,-18.92445511541939,0.10973806144646998
500,capacity,TAIL-minus-EVENT-EMP,2.5999466512792897,0.0
501,capacity,TAIL-minus-EVENT-EMP,0.2321514062708901,0.26666666666666
502,capacity,TAIL-minus-EVENT-EMP,-10.91969057371803,-0.0023782652953132505
503,capacity,TAIL-minus-EVENT-EMP,-6.0094182269886804,-0.3289992892114465
504,capacity,TAIL-minus-EVENT-EMP,13.09710891687337,0.0
505,capacity,TAIL-minus-EVENT-EMP,6.804176787699411,0.0
506,capacity,TAIL-minus-EVENT-EMP,-2.7803985419816017,-0.05291199299950009
507,capacity,TAIL-minus-EVENT-EMP,-17.24910767270038,-0.15304437987915334
508,capacity,TAIL-minus-EVENT-EMP,1.1860278484687903,0.0
509,capacity,TAIL-minus-EVENT-EMP,8.64141661968384,0.0
510,capacity,TAIL-minus-EVENT-EMP,-6.549978166351789,0.0
511,capacity,TAIL-minus-EVENT-EMP,-3.5476042814801114,0.0
512,capacity,TAIL-minus-EVENT-EMP,-11.415379476262421,-0.03547657276831004
513,capacity,TAIL-minus-EVENT-EMP,-6.804512438478029,0.03850759574248672
514,capacity,TAIL-minus-EVENT-EMP,5.37736185009814,0.0
515,capacity,TAIL-minus-EVENT-EMP,21.37138869525324,0.0
516,capacity,TAIL-minus-EVENT-EMP,-25.415840024468928,0.26666666666666
517,capacity,TAIL-minus-EVENT-EMP,-16.740157521216652,-3.4904079746824404
518,capacity,TAIL-minus-EVENT-EMP,2.88758574665469,0.42839307468649007
519,capacity,TAIL-minus-EVENT-EMP,-0.80141810190828,-0.18761711570027
520,capacity,TAIL-minus-EVENT-EMP,-9.381415226241941,0.09612587438573919
521,capacity,TAIL-minus-EVENT-EMP,-6.386573721260951,-0.051454490232783444
522,capacity,TAIL-minus-EVENT-EMP,-11.593012507099461,0.0
523,capacity,TAIL-minus-EVENT-EMP,-4.615578473437148,-0.5238779378861467
524,capacity,TAIL-minus-EVENT-EMP,-7.945230575790362,0.0
525,capacity,TAIL-minus-EVENT-EMP,-14.207718768225078,-0.2226354504248167
526,capacity,TAIL-minus-EVENT-EMP,-0.6830278846388399,0.0
527,capacity,TAIL-minus-EVENT-EMP,-16.72787346337771,-0.022752927567129978
528,capacity,TAIL-minus-EVENT-EMP,-9.817254046461139,-0.0014130915265033253
529,capacity,TAIL-minus-EVENT-EMP,-17.157599385437422,0.0
530,capacity,TAIL-minus-EVENT-EMP,-1.8512890913515503,-0.046874547539259986
531,capacity,TAIL-minus-EVENT-EMP,-9.18151171784165,0.17051293744153673
532,capacity,TAIL-minus-EVENT-EMP,-6.129145509677699,-0.0518072314275933
533,capacity,TAIL-minus-EVENT-EMP,-3.309662818339311,-0.06188058628832666
534,capacity,TAIL-minus-EVENT-EMP,-4.29843684854008,0.00034275483986670463
535,capacity,TAIL-minus-EVENT-EMP,1.9609175195607205,0.0
536,capacity,TAIL-minus-EVENT-EMP,6.737910551242579,0.0
537,capacity,TAIL-minus-EVENT-EMP,-10.41087658747281,0.0
538,capacity,TAIL-minus-EVENT-EMP,23.37323983353774,0.0
539,capacity,TAIL-minus-EVENT-EMP,-0.6363940133741197,0.021380055974296736
540,capacity,TAIL-minus-EVENT-EMP,-19.54493762872492,0.016515846286689964
541,capacity,TAIL-minus-EVENT-EMP,-8.16753578135388,-0.03102690986546003
542,capacity,TAIL-minus-EVENT-EMP,-3.9818869529881895,0.01441582588781673
543,capacity,TAIL-minus-EVENT-EMP,6.46571967121074,-0.08910805594469348
544,capacity,TAIL-minus-EVENT-EMP,-0.03893706605982983,-0.014043045047543341
545,capacity,TAIL-minus-EVENT-EMP,-15.692138436924012,-0.14528964107138
546,capacity,TAIL-minus-EVENT-EMP,39.89589599358564,0.0
547,capacity,TAIL-minus-EVENT-EMP,-128.94426388593908,0.0
548,capacity,TAIL-minus-EVENT-EMP,-1.163609069222682,0.0714035322002633
549,capacity,TAIL-minus-EVENT-EMP,-18.63884134669035,0.03230825965082999
550,capacity,TAIL-minus-EVENT-EMP,-22.92117991209799,-0.18876209099094668
551,capacity,TAIL-minus-EVENT-EMP,-63.98357917409307,0.0
552,capacity,TAIL-minus-EVENT-EMP,-7.812952789284839,-0.00449308346990333
553,capacity,TAIL-minus-EVENT-EMP,1.6925989924896996,0.0
554,capacity,TAIL-minus-EVENT-EMP,-9.321430864216621,0.0
555,capacity,TAIL-minus-EVENT-EMP,-15.889861561047821,0.052701122868573355
556,capacity,TAIL-minus-EVENT-EMP,8.781941715945871,0.10646654920337326
557,capacity,TAIL-minus-EVENT-EMP,-9.73197607740729,-0.15952425562248668
558,capacity,TAIL-minus-EVENT-EMP,-13.49671872796845,-0.14720260225467668
559,capacity,TAIL-minus-EVENT-EMP,-13.34392633652127,0.0
560,capacity,TAIL-minus-EVENT-EMP,-15.679041753765368,-0.015184767017590011
561,capacity,TAIL-minus-EVENT-EMP,-8.137126591897081,-0.02671296268895
562,capacity,TAIL-minus-EVENT-EMP,-4.91135776424698,0.033950319157883234
563,capacity,TAIL-minus-EVENT-EMP,-9.430394665958609,4.099497593053
564,capacity,TAIL-minus-EVENT-EMP,-2.2192055753128717,0.0824423143960265
565,capacity,TAIL-minus-EVENT-EMP,0.3687641224492305,-0.0011592632323698983
566,capacity,TAIL-minus-EVENT-EMP,-7.082908408869751,0.06963704083497307
567,capacity,TAIL-minus-EVENT-EMP,-15.99157701216841,-0.18109750092143334
568,capacity,TAIL-minus-EVENT-EMP,3.0953058061053698,-0.22716578489245998
569,capacity,TAIL-minus-EVENT-EMP,18.40540219433294,0.0
570,capacity,TAIL-minus-EVENT-EMP,-51.71381806617874,0.0
571,capacity,TAIL-minus-EVENT-EMP,-2.33733123469019,-0.07991429221323332
572,capacity,TAIL-minus-EVENT-EMP,4.31784984600945,-4.433470756734238
573,capacity,TAIL-minus-EVENT-EMP,-11.488358014322458,-0.18281608970713006
574,capacity,TAIL-minus-EVENT-EMP,-10.25457027547452,-0.26700993262651335
575,capacity,TAIL-minus-EVENT-EMP,-12.746227991932615,0.0
576,capacity,TAIL-minus-EVENT-EMP,-12.37079772998648,-0.47908996077947674
577,capacity,TAIL-minus-EVENT-EMP,-13.651529457927891,-0.27382449007260995
578,capacity,TAIL-minus-EVENT-EMP,-6.5226175016663,0.0
579,capacity,TAIL-minus-EVENT-EMP,-16.62898011737771,0.0030532930181699676
580,capacity,TAIL-minus-EVENT-EMP,4.244885537923027,0.0
581,capacity,TAIL-minus-EVENT-EMP,-5.77924474402578,0.0
582,capacity,TAIL-minus-EVENT-EMP,-10.287686050909109,-0.09978972590913995
583,capacity,TAIL-minus-EVENT-EMP,-18.67985458464252,-0.08526457879754332
584,capacity,TAIL-minus-EVENT-EMP,-9.07287643239332,0.0
585,capacity,TAIL-minus-EVENT-EMP,-7.04185561842518,0.43593849844022664
586,capacity,TAIL-minus-EVENT-EMP,8.162511174620949,0.0
587,capacity,TAIL-minus-EVENT-EMP,3.9357607648747206,-0.26878971592473666
588,capacity,TAIL-minus-EVENT-EMP,16.8336731033094,0.0
589,capacity,TAIL-minus-EVENT-EMP,-1.0076447895975102,-0.10402568703971674
590,capacity,TAIL-minus-EVENT-EMP,-7.598237891960169,-0.17890143835718997
591,capacity,TAIL-minus-EVENT-EMP,6.0450006968956,0.0
592,capacity,TAIL-minus-EVENT-EMP,-23.747635218469863,-0.2717445504462301
593,capacity,TAIL-minus-EVENT-EMP,-10.17375876617244,-0.29591880497566
594,capacity,TAIL-minus-EVENT-EMP,0.5868044718657983,-0.22577161019405662
595,capacity,TAIL-minus-EVENT-EMP,-24.50848793461828,-0.28180047463773666
596,capacity,TAIL-minus-EVENT-EMP,7.677392217364128,-0.15544199454143323
597,capacity,TAIL-minus-EVENT-EMP,-14.00407547234494,0.0014453206362466386
598,capacity,TAIL-minus-EVENT-EMP,-25.64979959497013,0.05359005823375
599,capacity,TAIL-minus-EVENT-EMP,10.47424680473339,-0.08424392856018004
600,capacity,TAIL-minus-EVENT-EMP,-19.974061580418223,0.002719571625613322
601,capacity,TAIL-minus-EVENT-EMP,30.60514779124615,0.0
602,capacity,TAIL-minus-EVENT-EMP,-4.722970435683579,0.03858714587544332
603,capacity,TAIL-minus-EVENT-EMP,-6.465421452738379,-0.05078003936551008
604,capacity,TAIL-minus-EVENT-EMP,-15.545063500062517,0.04981185512377001
605,capacity,TAIL-minus-EVENT-EMP,-17.93105246383732,0.0
606,capacity,TAIL-minus-EVENT-EMP,-2.98440380601884,0.0
607,capacity,TAIL-minus-EVENT-EMP,-18.41115612552133,-0.17620172598129005
608,capacity,TAIL-minus-EVENT-EMP,21.33410307946515,0.0
609,capacity,TAIL-minus-EVENT-EMP,-11.87077188936445,0.0
610,capacity,TAIL-minus-EVENT-EMP,2.6074168334607184,0.0
611,capacity,TAIL-minus-EVENT-EMP,-7.964478075148359,0.0
612,capacity,TAIL-minus-EVENT-EMP,-3.58914050521517,0.0
613,capacity,TAIL-minus-EVENT-EMP,21.232572463474085,0.0
614,capacity,TAIL-minus-EVENT-EMP,10.052202746139681,0.0
615,capacity,TAIL-minus-EVENT-EMP,35.67569589666046,0.0
616,capacity,TAIL-minus-EVENT-EMP,2.5010723762346294,0.0
617,capacity,TAIL-minus-EVENT-EMP,-17.674866255595358,0.0
618,capacity,TAIL-minus-EVENT-EMP,-10.111403267930111,0.007845501073589986
619,capacity,TAIL-minus-EVENT-EMP,-11.738619401989558,0.0
620,capacity,TAIL-minus-EVENT-EMP,-9.779070638220569,0.0004810187018433349
621,capacity,TAIL-minus-EVENT-EMP,-16.493435014379948,-3.466509705786637
622,capacity,TAIL-minus-EVENT-EMP,-1.0541132292347433,-0.5536736349015365
623,capacity,TAIL-minus-EVENT-EMP,-4.8958204267113015,-0.30144331542731
624,capacity,TAIL-minus-EVENT-EMP,18.20213642631888,-0.1658652015535433
625,capacity,TAIL-minus-EVENT-EMP,-3.64347243188809,0.0
626,capacity,TAIL-minus-EVENT-EMP,-14.320331980730177,-3.4767782397374734
627,capacity,TAIL-minus-EVENT-EMP,-1.10710117337081,0.0
628,capacity,TAIL-minus-EVENT-EMP,-17.73150937681525,0.15909600587722664
629,capacity,TAIL-minus-EVENT-EMP,-13.152222233415129,-0.022094213420426664
630,capacity,TAIL-minus-EVENT-EMP,-11.28916019936524,-0.0030709234640166963
631,capacity,TAIL-minus-EVENT-EMP,5.161519573255749,0.0
632,capacity,TAIL-minus-EVENT-EMP,-7.213353842760909,-0.07199066532350332
633,capacity,TAIL-minus-EVENT-EMP,-15.3382081834792,-3.5588184791062636
634,capacity,TAIL-minus-EVENT-EMP,-15.47210445979062,0.0
635,capacity,TAIL-minus-EVENT-EMP,5.397817147306509,0.0
636,capacity,TAIL-minus-EVENT-EMP,-3.2504129628979808,0.0
637,capacity,TAIL-minus-EVENT-EMP,-4.7829833209663715,0.027959297099453342
638,capacity,TAIL-minus-EVENT-EMP,4.673765223739699,0.0
639,capacity,TAIL-minus-EVENT-EMP,-16.22406300163284,0.0
640,capacity,TAIL-minus-EVENT-EMP,19.61533347545063,0.0
641,capacity,TAIL-minus-EVENT-EMP,2.9794987898008607,0.045470786122523345
642,capacity,TAIL-minus-EVENT-EMP,-4.465569713723141,0.008115469310036698
643,capacity,TAIL-minus-EVENT-EMP,18.469128962409,0.0
644,capacity,TAIL-minus-EVENT-EMP,-11.385227322745639,0.04348761616563661
645,capacity,TAIL-minus-EVENT-EMP,-21.85171927441582,-0.42467380816480677
646,capacity,TAIL-minus-EVENT-EMP,-0.09827764348072018,-0.005357167766643304
647,capacity,TAIL-minus-EVENT-EMP,-12.69140847110353,-0.26984274814087666
648,capacity,TAIL-minus-EVENT-EMP,-22.11544243758962,0.023969940992656612
649,capacity,TAIL-minus-EVENT-EMP,-15.630311690097948,0.20639123286674338
650,capacity,TAIL-minus-EVENT-EMP,-14.857802873153169,-0.23350489868585
651,capacity,TAIL-minus-EVENT-EMP,5.13349837499934,-0.09444716246362998
652,capacity,TAIL-minus-EVENT-EMP,-14.10733127672231,0.018411141462849976
653,capacity,TAIL-minus-EVENT-EMP,-12.436251242942168,0.0
654,capacity,TAIL-minus-EVENT-EMP,-7.383737004530608,0.007945388654859945
655,capacity,TAIL-minus-EVENT-EMP,10.65025158400068,-0.1915201818816133
656,capacity,TAIL-minus-EVENT-EMP,-9.72479951485222,0.0
657,capacity,TAIL-minus-EVENT-EMP,-6.09096128842275,-0.03935119920212325
658,capacity,TAIL-minus-EVENT-EMP,-1.6254498740511991,0.0
659,capacity,TAIL-minus-EVENT-EMP,22.97878765067999,0.0
660,capacity,TAIL-minus-EVENT-EMP,3.1544920121104507,0.0
661,capacity,TAIL-minus-EVENT-EMP,-13.2538562392785,0.03591824015539667
662,capacity,TAIL-minus-EVENT-EMP,-9.408325269901868,0.22453333985835988
663,capacity,TAIL-minus-EVENT-EMP,-15.126484613033911,-0.13129288951441337
664,capacity,TAIL-minus-EVENT-EMP,-1.9294114507242097,-0.04305253453711999
665,capacity,TAIL-minus-EVENT-EMP,-18.6615673842891,-0.010235298570336615
666,capacity,TAIL-minus-EVENT-EMP,-4.279493994413389,0.0
667,capacity,TAIL-minus-EVENT-EMP,-5.83191854003923,0.0
668,capacity,TAIL-minus-EVENT-EMP,1.4440811528831698,0.016970636807703277
669,capacity,TAIL-minus-EVENT-EMP,-6.721115508714382,-0.0034015013520133017
670,capacity,TAIL-minus-EVENT-EMP,4.1462472032944095,0.0
671,capacity,TAIL-minus-EVENT-EMP,-1.5813671431955798,0.0
672,capacity,TAIL-minus-EVENT-EMP,-5.62156663419019,0.0
673,capacity,TAIL-minus-EVENT-EMP,-6.924090955224315,0.17760287532697233
674,capacity,TAIL-minus-EVENT-EMP,-7.791285273675699,0.03570379095135332
675,capacity,TAIL-minus-EVENT-EMP,-9.12352312252115,-0.07320356145143672
676,capacity,TAIL-minus-EVENT-EMP,34.0967013849842,0.0
677,capacity,TAIL-minus-EVENT-EMP,-14.06518901170473,0.006856141574976618
678,capacity,TAIL-minus-EVENT-EMP,-5.603377874415419,0.06707906209362668
679,capacity,TAIL-minus-EVENT-EMP,-3.787721685708409,0.055579412901916606
680,capacity,TAIL-minus-EVENT-EMP,-11.65150472773674,0.02528096060440011
681,capacity,TAIL-minus-EVENT-EMP,-15.44118895937266,-0.19022718531152333
682,capacity,TAIL-minus-EVENT-EMP,0.6758413251851308,-0.2026735873292534
683,capacity,TAIL-minus-EVENT-EMP,-7.850258975174039,0.15579959404115667
684,capacity,TAIL-minus-EVENT-EMP,-4.616789697881702,0.010367152783729953
685,capacity,TAIL-minus-EVENT-EMP,-0.88277321016203,0.0
686,capacity,TAIL-minus-EVENT-EMP,-10.04005397486197,-0.10676822863200001
687,capacity,TAIL-minus-EVENT-EMP,-0.12280547633533034,-0.20987678966606985
688,capacity,TAIL-minus-EVENT-EMP,-3.02603357699299,0.18564841356149336
689,capacity,TAIL-minus-EVENT-EMP,-15.59143489529462,0.0
690,capacity,TAIL-minus-EVENT-EMP,-20.61359359173144,0.0
691,capacity,TAIL-minus-EVENT-EMP,-7.155766095860379,0.0
692,capacity,TAIL-minus-EVENT-EMP,-26.07633968722275,-0.3599737322135133
693,capacity,TAIL-minus-EVENT-EMP,-17.883464105249207,0.0
694,capacity,TAIL-minus-EVENT-EMP,11.549601467962143,0.0
695,capacity,TAIL-minus-EVENT-EMP,-11.41637893442945,0.0
696,capacity,TAIL-minus-EVENT-EMP,-5.2743690236921585,0.0
697,capacity,TAIL-minus-EVENT-EMP,-12.398900280396699,0.0
698,capacity,TAIL-minus-EVENT-EMP,-6.06003245005359,0.0
699,capacity,TAIL-minus-EVENT-EMP,1.9444653916275403,0.0
700,capacity,TAIL-minus-EVENT-EMP,-13.4829177768108,-0.09306935811365337
701,capacity,TAIL-minus-EVENT-EMP,0.83098874944647,0.0
702,capacity,TAIL-minus-EVENT-EMP,-6.043304816726951,-0.28015629239790335
703,capacity,TAIL-minus-EVENT-EMP,20.29753650790102,0.0
704,capacity,TAIL-minus-EVENT-EMP,-1.48295468567032,0.0
705,capacity,TAIL-minus-EVENT-EMP,-21.53738812681185,0.03575200043538004
706,capacity,TAIL-minus-EVENT-EMP,-22.086903851470836,-0.14093084568524333
707,capacity,TAIL-minus-EVENT-EMP,-7.4048598080528825,0.16233859508408346
708,capacity,TAIL-minus-EVENT-EMP,-20.76271023210303,0.0
709,capacity,TAIL-minus-EVENT-EMP,-12.300793063251652,0.0
710,capacity,TAIL-minus-EVENT-EMP,-12.2065719070051,0.005781664095066714
711,capacity,TAIL-minus-EVENT-EMP,-5.5019058109449706,0.0
712,capacity,TAIL-minus-EVENT-EMP,15.643453433019673,0.0
713,capacity,TAIL-minus-EVENT-EMP,-8.64978625621145,0.0014780621826166775
714,capacity,TAIL-minus-EVENT-EMP,-11.73592406803879,0.0
715,capacity,TAIL-minus-EVENT-EMP,8.01236434159162,0.0
716,capacity,TAIL-minus-EVENT-EMP,1.6647033443983703,0.0
717,capacity,TAIL-minus-EVENT-EMP,-9.05167699575596,0.44811412011213003
718,capacity,TAIL-minus-EVENT-EMP,-6.672781199299589,0.0
719,capacity,TAIL-minus-EVENT-EMP,24.15686473720358,0.0
720,capacity,TAIL-minus-EVENT-EMP,-11.152628222792412,-0.038745649721976666
721,capacity,TAIL-minus-EVENT-EMP,-1.1060530762910095,0.02954948023593338
722,capacity,TAIL-minus-EVENT-EMP,-4.2935852973671915,0.5156183856541707
723,capacity,TAIL-minus-EVENT-EMP,-16.65634601554655,-0.31235285492054
724,capacity,TAIL-minus-EVENT-EMP,3.433409106288869,0.0
725,capacity,TAIL-minus-EVENT-EMP,-14.570185077021588,0.0
726,capacity,TAIL-minus-EVENT-EMP,-16.57680597730309,0.0
727,capacity,TAIL-minus-EVENT-EMP,-20.58385291384765,-0.050860252010543304
728,capacity,TAIL-minus-EVENT-EMP,-17.10409241677779,0.01312527155936669
729,capacity,TAIL-minus-EVENT-EMP,-10.14690665241871,0.011590139434360016
730,capacity,TAIL-minus-EVENT-EMP,-26.73713332131737,0.052822347202933356
731,capacity,TAIL-minus-EVENT-EMP,-6.334351097562829,0.010651972913736703
732,capacity,TAIL-minus-EVENT-EMP,-11.218714757218862,0.0
733,capacity,TAIL-minus-EVENT-EMP,12.531451980849889,0.0
734,capacity,TAIL-minus-EVENT-EMP,-13.76127125182224,-0.18304650350833
735,capacity,TAIL-minus-EVENT-EMP,-7.41530499618299,0.03251487459572343
736,capacity,TAIL-minus-EVENT-EMP,-9.220271508453,0.0
737,capacity,TAIL-minus-EVENT-EMP,5.16660776978691,0.0
738,capacity,TAIL-minus-EVENT-EMP,-16.27759223055992,-0.03428212486125664
739,capacity,TAIL-minus-EVENT-EMP,20.991739370095633,0.0
740,capacity,TAIL-minus-EVENT-EMP,-2.3844347723310397,0.0
741,capacity,TAIL-minus-EVENT-EMP,-8.20014331290797,0.15353768601893553
742,capacity,TAIL-minus-EVENT-EMP,3.3345601390155495,-0.017409245319303327
743,capacity,TAIL-minus-EVENT-EMP,-9.054403211846411,-0.01634824687902999
744,capacity,TAIL-minus-EVENT-EMP,2.32161734207995,0.0
745,capacity,TAIL-minus-EVENT-EMP,7.84053184433019,0.0
746,capacity,TAIL-minus-EVENT-EMP,-11.27216009561716,0.0
747,capacity,TAIL-minus-EVENT-EMP,6.91467965248877,-0.011330614184096657
748,capacity,TAIL-minus-EVENT-EMP,-17.01370841000822,-0.013424380829553384
749,capacity,TAIL-minus-EVENT-EMP,14.36253402411794,0.0
750,capacity,TAIL-minus-EVENT-EMP,-1.2338891554821596,0.2816513636577367
751,capacity,TAIL-minus-EVENT-EMP,19.89688355575477,0.0
752,capacity,TAIL-minus-EVENT-EMP,21.40343728832707,-0.37076248599643
753,capacity,TAIL-minus-EVENT-EMP,-13.638819969453678,-0.03750200561826993
754,capacity,TAIL-minus-EVENT-EMP,2.8291249719066403,0.0
755,capacity,TAIL-minus-EVENT-EMP,-18.060288989434962,0.0
756,capacity,TAIL-minus-EVENT-EMP,-10.88203396735422,-0.21062369302199
757,capacity,TAIL-minus-EVENT-EMP,-15.560270054947878,0.0
758,capacity,TAIL-minus-EVENT-EMP,29.324840706161282,0.0
759,capacity,TAIL-minus-EVENT-EMP,8.63454690789139,0.0
760,capacity,TAIL-minus-EVENT-EMP,11.59091469103711,-0.060630749940419976
761,capacity,TAIL-minus-EVENT-EMP,-5.5747822227845205,0.0
762,capacity,TAIL-minus-EVENT-EMP,-6.46979653099032,0.0
763,capacity,TAIL-minus-EVENT-EMP,-5.40085053150642,0.0
764,capacity,TAIL-minus-EVENT-EMP,-10.195357883902,0.0
765,capacity,TAIL-minus-EVENT-EMP,3.657279699312821,0.0
766,capacity,TAIL-minus-EVENT-EMP,-14.469085064393807,-3.4619841678696734
767,capacity,TAIL-minus-EVENT-EMP,3.7618671654295706,0.0
768,capacity,TAIL-minus-EVENT-EMP,-4.719532097799389,0.0
769,capacity,TAIL-minus-EVENT-EMP,-7.058660508028401,0.0
770,capacity,TAIL-minus-EVENT-EMP,-15.401050279627098,0.006945806832349931
771,capacity,TAIL-minus-EVENT-EMP,-6.785752072984979,-0.1628306518150567
772,capacity,TAIL-minus-EVENT-EMP,-15.467689797113618,-0.1287015355515066
773,capacity,TAIL-minus-EVENT-EMP,-2.2803118984257797,0.0
774,capacity,TAIL-minus-EVENT-EMP,5.16136717710832,0.0
775,capacity,TAIL-minus-EVENT-EMP,-6.956788015244042,-3.5406134318305034
776,capacity,TAIL-minus-EVENT-EMP,-10.32062819445574,0.0
777,capacity,TAIL-minus-EVENT-EMP,-7.87627823174621,0.07300820829442001
778,capacity,TAIL-minus-EVENT-EMP,-12.13734010456127,0.0
779,capacity,TAIL-minus-EVENT-EMP,7.88813389145411,0.0
780,capacity,TAIL-minus-EVENT-EMP,-10.892885012454949,-0.007007424801576748
781,capacity,TAIL-minus-EVENT-EMP,-1.4450142773585417,0.020208319418679992
782,capacity,TAIL-minus-EVENT-EMP,-5.355413177386071,0.012729414544693316
783,capacity,TAIL-minus-EVENT-EMP,1.29683983621155,0.0
784,capacity,TAIL-minus-EVENT-EMP,8.358524644893512,0.0
785,capacity,TAIL-minus-EVENT-EMP,-22.795688923081244,-3.4870952776872466
786,capacity,TAIL-minus-EVENT-EMP,-2.0198314654248497,0.4274416074760967
787,capacity,TAIL-minus-EVENT-EMP,4.87909944165762,0.16620765187069664
788,capacity,TAIL-minus-EVENT-EMP,-10.087545549321419,0.0008161616052433478
789,capacity,TAIL-minus-EVENT-EMP,-8.13755993958682,-0.15513252546933343
790,capacity,TAIL-minus-EVENT-EMP,-5.872275294073769,0.0
791,capacity,TAIL-minus-EVENT-EMP,15.33605139841277,0.0
792,capacity,TAIL-minus-EVENT-EMP,-16.168278334198988,-0.03828699245473008
793,capacity,TAIL-minus-EVENT-EMP,-3.8294606494267094,0.0
794,capacity,TAIL-minus-EVENT-EMP,8.77571579752569,0.0
795,capacity,TAIL-minus-EVENT-EMP,-27.33156333119382,-0.06697209634336336
796,capacity,TAIL-minus-EVENT-EMP,7.571926068237531,0.0
797,capacity,TAIL-minus-EVENT-EMP,-14.864462201973799,-0.07384501708564001
798,capacity,TAIL-minus-EVENT-EMP,-82.28138117806856,0.0
799,capacity,TAIL-minus-EVENT-EMP,-14.054636576442359,0.0
800,capacity,TAIL-minus-EVENT-EMP,-4.132698795993281,-0.012077087068263458
801,capacity,TAIL-minus-EVENT-EMP,1.8121166933452892,0.0
802,capacity,TAIL-minus-EVENT-EMP,-2.0480609759785997,0.0
803,capacity,TAIL-minus-EVENT-EMP,-1.39775038039327,3.6420565762531396
804,capacity,TAIL-minus-EVENT-EMP,-8.406308989697408,3.878940993331239
805,capacity,TAIL-minus-EVENT-EMP,-0.8707563970147304,0.0
806,capacity,TAIL-minus-EVENT-EMP,-11.73231091560289,-0.19633384965228
807,capacity,TAIL-minus-EVENT-EMP,-10.49266825973062,0.0
808,capacity,TAIL-minus-EVENT-EMP,3.17283320274225,0.0
809,capacity,TAIL-minus-EVENT-EMP,-30.437338209462013,0.0
810,capacity,TAIL-minus-EVENT-EMP,0.9085283759652701,-0.41870451826340005
811,capacity,TAIL-minus-EVENT-EMP,-10.499207484118573,-0.09781411526230341
812,capacity,TAIL-minus-EVENT-EMP,4.3997205273435105,-0.24645845888018994
813,capacity,TAIL-minus-EVENT-EMP,-5.953069461597329,0.0
814,capacity,TAIL-minus-EVENT-EMP,-7.54493074226075,0.0
815,capacity,TAIL-minus-EVENT-EMP,-16.61731164760486,0.010097825649673254
816,capacity,TAIL-minus-EVENT-EMP,-19.55774586371749,-0.4077044100767834
817,capacity,TAIL-minus-EVENT-EMP,-4.479579792514469,-0.049485852540103334
818,capacity,TAIL-minus-EVENT-EMP,3.5758686923494487,0.0
819,capacity,TAIL-minus-EVENT-EMP,9.57791522047402,0.0
820,capacity,TAIL-minus-EVENT-EMP,3.6502514750293313,0.0
821,capacity,TAIL-minus-EVENT-EMP,5.747432791766151,-0.15004873544996
822,capacity,TAIL-minus-EVENT-EMP,-11.547386827266,0.17982684109849661
823,capacity,TAIL-minus-EVENT-EMP,-19.597363664963108,0.02806983226844662
824,capacity,TAIL-minus-EVENT-EMP,-6.243396525141991,0.45229958036409335
825,capacity,TAIL-minus-EVENT-EMP,9.404817483905179,0.0
826,capacity,TAIL-minus-EVENT-EMP,-11.54863166652809,-0.20747167698955665
827,capacity,TAIL-minus-EVENT-EMP,-8.413223000145821,-0.011987301654983327
828,capacity,TAIL-minus-EVENT-EMP,-13.75836947505392,0.008813513630749961
829,capacity,TAIL-minus-EVENT-EMP,-6.059816187372541,3.9156539704529267
830,capacity,TAIL-minus-EVENT-EMP,8.60181225113249,-0.0650051366686234
831,capacity,TAIL-minus-EVENT-EMP,-5.2499453905247515,0.0892077044142063
832,capacity,TAIL-minus-EVENT-EMP,-1.5572520453176295,0.0
833,capacity,TAIL-minus-EVENT-EMP,14.462939792545871,0.0
834,capacity,TAIL-minus-EVENT-EMP,4.22888631343906,-0.10790848418738339
835,capacity,TAIL-minus-EVENT-EMP,23.40912954299144,0.0
836,capacity,TAIL-minus-EVENT-EMP,-4.24702719147281,0.02442619951970662
837,capacity,TAIL-minus-EVENT-EMP,-10.849555279925402,0.00043326504184674694
838,capacity,TAIL-minus-EVENT-EMP,-39.41504152005395,0.43414182776021
839,capacity,TAIL-minus-EVENT-EMP,-11.76974868750913,-0.00532813896213331
840,capacity,TAIL-minus-EVENT-EMP,-5.2831759532505504,0.0
841,capacity,TAIL-minus-EVENT-EMP,-26.76909471962346,-0.09255547855347666
842,capacity,TAIL-minus-EVENT-EMP,4.3961486780447805,0.022884606299696658
843,capacity,TAIL-minus-EVENT-EMP,-13.874911991939321,-0.21852866590070666
844,capacity,TAIL-minus-EVENT-EMP,-16.330913347859376,0.016916052800879967
845,capacity,TAIL-minus-EVENT-EMP,-17.3434205236774,0.034340886036609945
846,capacity,TAIL-minus-EVENT-EMP,14.017568055786771,0.0
847,capacity,TAIL-minus-EVENT-EMP,0.2952759174166597,-0.023195309593273313
848,capacity,TAIL-minus-EVENT-EMP,-19.52989813949868,0.04395531020821332
849,capacity,TAIL-minus-EVENT-EMP,-21.13983310452437,0.02911004989406005
850,capacity,TAIL-minus-EVENT-EMP,-15.95508069459447,0.009907410714443416
851,capacity,TAIL-minus-EVENT-EMP,-13.23039936956317,0.0
852,capacity,TAIL-minus-EVENT-EMP,-4.960933082756363,0.06852734332269059
853,capacity,TAIL-minus-EVENT-EMP,24.59272945126958,0.0
854,capacity,TAIL-minus-EVENT-EMP,-12.2426367304352,-0.011217721116603407
855,capacity,TAIL-minus-EVENT-EMP,-21.00203938199367,0.035666179397696694
856,capacity,TAIL-minus-EVENT-EMP,-16.4814818176948,0.15039732461240002
857,capacity,TAIL-minus-EVENT-EMP,0.20071161858349895,4.040700440868427
858,capacity,TAIL-minus-EVENT-EMP,-4.603655979426749,0.01817684234883335
859,capacity,TAIL-minus-EVENT-EMP,5.478891037642619,0.0
860,capacity,TAIL-minus-EVENT-EMP,-8.75420472457672,-0.014782103660863303
861,capacity,TAIL-minus-EVENT-EMP,-0.029854393269058976,0.014008950779479962
862,capacity,TAIL-minus-EVENT-EMP,19.681305221803218,0.0
863,capacity,TAIL-minus-EVENT-EMP,-0.5542262103990003,0.025924117335413
864,capacity,TAIL-minus-EVENT-EMP,6.118736371919519,0.0
865,capacity,TAIL-minus-EVENT-EMP,13.987805263428621,-0.10886150898331282
866,capacity,TAIL-minus-EVENT-EMP,-15.303737311496729,0.43197912372810343
867,capacity,TAIL-minus-EVENT-EMP,4.0706965036402805,0.0
868,capacity,TAIL-minus-EVENT-EMP,-16.02521350163674,-0.07753892371927337
869,capacity,TAIL-minus-EVENT-EMP,-0.19997788493767987,0.00317124763390339
870,capacity,TAIL-minus-EVENT-EMP,5.720931411028249,0.0
871,capacity,TAIL-minus-EVENT-EMP,-7.357166681860372,-0.01691042303553665
872,capacity,TAIL-minus-EVENT-EMP,-21.76382390294934,-0.0613229717298467
873,capacity,TAIL-minus-EVENT-EMP,-13.197103082682721,-0.09483915427488335
874,capacity,TAIL-minus-EVENT-EMP,-17.35334641783029,0.0
875,capacity,TAIL-minus-EVENT-EMP,-9.352217086109988,0.0
876,capacity,TAIL-minus-EVENT-EMP,-9.64521896165259,-0.02187707586072667
877,capacity,TAIL-minus-EVENT-EMP,-1.9693099243200896,-0.11714323078179656
878,capacity,TAIL-minus-EVENT-EMP,14.10539526331391,0.0
879,capacity,TAIL-minus-EVENT-EMP,-1.73519650828631,0.0
880,capacity,TAIL-minus-EVENT-EMP,1.88190847697902,0.14996839007071
881,capacity,TAIL-minus-EVENT-EMP,23.41997515571932,0.0
882,capacity,TAIL-minus-EVENT-EMP,-49.623042263894376,0.0
883,capacity,TAIL-minus-EVENT-EMP,-12.77097022661327,0.07452504301422996
884,capacity,TAIL-minus-EVENT-EMP,-2.35313710405478,0.0
885,capacity,TAIL-minus-EVENT-EMP,13.72325346370327,0.0
886,capacity,TAIL-minus-EVENT-EMP,18.630672590371,0.0
887,capacity,TAIL-minus-EVENT-EMP,1.9220540558903396,0.0
888,capacity,TAIL-minus-EVENT-EMP,-4.5425881998315685,0.07820350364658342
889,capacity,TAIL-minus-EVENT-EMP,-1.7409629016735304,0.0
890,capacity,TAIL-minus-EVENT-EMP,13.55493358334347,0.0
891,capacity,TAIL-minus-EVENT-EMP,-10.882828488974322,0.0
892,capacity,TAIL-minus-EVENT-EMP,-11.38304867119054,-0.0356718851257167
893,capacity,TAIL-minus-EVENT-EMP,-24.04650738250207,0.0030030851024999937
894,capacity,TAIL-minus-EVENT-EMP,-15.15791097507847,-0.03078582762404995
895,capacity,TAIL-minus-EVENT-EMP,4.6363555613723895,0.0
896,capacity,TAIL-minus-EVENT-EMP,-6.6366597354921675,0.09747339007023333
897,capacity,TAIL-minus-EVENT-EMP,-13.662350208269109,5.583725383338442e-05
898,capacity,TAIL-minus-EVENT-EMP,5.171792344968229,-0.29817646786019
899,capacity,TAIL-minus-EVENT-EMP,4.66835229537485,-0.08964129748565991
900,capacity,TAIL-minus-EVENT-EMP,17.9993078376113,0.0
901,capacity,TAIL-minus-EVENT-EMP,1.0066008365806205,0.30530485100417337
902,capacity,TAIL-minus-EVENT-EMP,-23.09424653804082,-0.15733902138402336
903,capacity,TAIL-minus-EVENT-EMP,6.8200374553954415,0.0
904,capacity,TAIL-minus-EVENT-EMP,-21.10456286565233,0.012864198764360023
905,capacity,TAIL-minus-EVENT-EMP,-6.26718057343422,0.18839643535010003
906,capacity,TAIL-minus-EVENT-EMP,-20.441022857094442,0.0
907,capacity,TAIL-minus-EVENT-EMP,0.6226622763225199,0.0
908,capacity,TAIL-minus-EVENT-EMP,2.5934513854267482,0.0
909,capacity,TAIL-minus-EVENT-EMP,-21.524189658918107,-0.2532696843987767
910,capacity,TAIL-minus-EVENT-EMP,-21.57075027387341,-0.4379172073649967
911,capacity,TAIL-minus-EVENT-EMP,-7.45818462403562,0.0
912,capacity,TAIL-minus-EVENT-EMP,4.08737305500841,0.0
913,capacity,TAIL-minus-EVENT-EMP,-18.327100294872036,0.1204790016251866
914,capacity,TAIL-minus-EVENT-EMP,24.20583052920668,0.0
915,capacity,TAIL-minus-EVENT-EMP,-12.056624072149763,0.25091974110289655
916,capacity,TAIL-minus-EVENT-EMP,-8.256379617788449,0.0
917,capacity,TAIL-minus-EVENT-EMP,-2.4339816541021406,0.11773016174836046
918,capacity,TAIL-minus-EVENT-EMP,-3.787824577272225,-0.40431880310186974
919,capacity,TAIL-minus-EVENT-EMP,8.76087708375842,0.0
920,capacity,TAIL-minus-EVENT-EMP,-4.783967256844571,0.0
921,capacity,TAIL-minus-EVENT-EMP,2.62456095870431,0.0
922,capacity,TAIL-minus-EVENT-EMP,-12.30554751757608,-0.0629053447061467
923,capacity,TAIL-minus-EVENT-EMP,-5.8090756315517,-0.06296356093122334
924,capacity,TAIL-minus-EVENT-EMP,13.65426287975788,0.0
925,capacity,TAIL-minus-EVENT-EMP,-9.919444701740032,-0.040366013412539974
926,capacity,TAIL-minus-EVENT-EMP,-11.311744659497942,0.0
927,capacity,TAIL-minus-EVENT-EMP,-11.624014974811939,-0.05101051492530668
928,capacity,TAIL-minus-EVENT-EMP,-1.0019012092361583,0.09538919665925674
929,capacity,TAIL-minus-EVENT-EMP,-10.855521217065801,0.009214796441263298
930,capacity,TAIL-minus-EVENT-EMP,22.868996888335783,0.0
931,capacity,TAIL-minus-EVENT-EMP,-8.523612237751092,0.01807413086271333
932,capacity,TAIL-minus-EVENT-EMP,19.37950610192115,0.0
933,capacity,TAIL-minus-EVENT-EMP,0.020276537950029982,0.16770555848387003
934,capacity,TAIL-minus-EVENT-EMP,-8.525930478797772,0.05554305079058007
935,capacity,TAIL-minus-EVENT-EMP,-7.60788667834067,0.00643283922023008
936,capacity,TAIL-minus-EVENT-EMP,-8.10473404177015,-0.30412608807946667
937,capacity,TAIL-minus-EVENT-EMP,-14.867851815788748,-0.053691812987103314
938,capacity,TAIL-minus-EVENT-EMP,11.47733270678113,0.0
939,capacity,TAIL-minus-EVENT-EMP,-17.04355615504612,-0.003383846661516622
940,capacity,TAIL-minus-EVENT-EMP,-6.93272290561773,0.0
941,capacity,TAIL-minus-EVENT-EMP,13.735195251915828,0.0
942,capacity,TAIL-minus-EVENT-EMP,-13.457734317930889,0.18734717074021331
943,capacity,TAIL-minus-EVENT-EMP,-10.02312508775312,0.0
944,capacity,TAIL-minus-EVENT-EMP,-11.205195299212669,0.02608148768876665
945,capacity,TAIL-minus-EVENT-EMP,-80.32416689064075,0.0
946,capacity,TAIL-minus-EVENT-EMP,-2.6627649922845102,-0.18502665682954
947,capacity,TAIL-minus-EVENT-EMP,-6.433035440949903,-0.4174881897104867
948,capacity,TAIL-minus-EVENT-EMP,-9.13367307582151,0.15130338690714001
949,capacity,TAIL-minus-EVENT-EMP,-22.68135855944985,-0.013824391683636651
950,capacity,TAIL-minus-EVENT-EMP,-6.378736145674788,-0.08065099164960661
951,capacity,TAIL-minus-EVENT-EMP,-1.9230339089668598,0.0
952,capacity,TAIL-minus-EVENT-EMP,13.803875446752572,-0.02260063361381997
953,capacity,TAIL-minus-EVENT-EMP,-10.53480544000853,0.0
954,capacity,TAIL-minus-EVENT-EMP,-0.22001678882259124,0.00830932825611674
955,capacity,TAIL-minus-EVENT-EMP,2.9179533940027,0.028201222687456676
956,capacity,TAIL-minus-EVENT-EMP,-9.71611570156953,0.17165625775626994
957,capacity,TAIL-minus-EVENT-EMP,2.214491094236648,0.0
958,capacity,TAIL-minus-EVENT-EMP,-3.1284089255553926,3.575773868103677
959,capacity,TAIL-minus-EVENT-EMP,-6.449148414112581,0.20243694771572338
960,capacity,TAIL-minus-EVENT-EMP,-5.98265422542595,0.0
961,capacity,TAIL-minus-EVENT-EMP,2.2838259788823088,0.004963590069206685
962,capacity,TAIL-minus-EVENT-EMP,-8.60675139768087,0.16815106628371998
963,capacity,TAIL-minus-EVENT-EMP,-18.14368517493075,-0.08482611046998999
964,capacity,TAIL-minus-EVENT-EMP,-4.126342109562275,0.32629396448341297
965,capacity,TAIL-minus-EVENT-EMP,-4.115968344686122,-0.015944620883986654
966,capacity,TAIL-minus-EVENT-EMP,-11.627852900164958,0.03820276693592668
967,capacity,TAIL-minus-EVENT-EMP,-3.1134949200769397,-0.041493157935379874
968,capacity,TAIL-minus-EVENT-EMP,-1.5601890821343105,0.0469092465830899
969,capacity,TAIL-minus-EVENT-EMP,-11.200469530611802,-0.0009973855568233374
970,capacity,TAIL-minus-EVENT-EMP,-25.686488637131394,0.01857436557654666
971,capacity,TAIL-minus-EVENT-EMP,-14.394973602520972,-0.03951085321244338
972,capacity,TAIL-minus-EVENT-EMP,-0.3315148842671506,-0.02242494957551003
973,capacity,TAIL-minus-EVENT-EMP,-2.99808022182537,0.18279468078194333
974,capacity,TAIL-minus-EVENT-EMP,-151.65400222241686,0.0
975,capacity,TAIL-minus-EVENT-EMP,-13.877548162315062,0.017118398549943303
976,capacity,TAIL-minus-EVENT-EMP,-8.47910758086833,-0.35702291890015336
977,capacity,TAIL-minus-EVENT-EMP,-11.502305621102153,0.0
978,capacity,TAIL-minus-EVENT-EMP,19.11217799676957,0.0
979,capacity,TAIL-minus-EVENT-EMP,-11.46595178463169,-3.634088471624647
980,capacity,TAIL-minus-EVENT-EMP,-3.95379910710482,0.08738780488085325
981,capacity,TAIL-minus-EVENT-EMP,4.31180484270472,0.0
982,capacity,TAIL-minus-EVENT-EMP,-23.38193492332098,0.0
983,capacity,TAIL-minus-EVENT-EMP,31.802551683035595,0.0
984,capacity,TAIL-minus-EVENT-EMP,-13.27714167237732,-0.17623489178002996
985,capacity,TAIL-minus-EVENT-EMP,-8.58162276115757,0.0
986,capacity,TAIL-minus-EVENT-EMP,-4.166595130651663,-0.21513094921354337
987,capacity,TAIL-minus-EVENT-EMP,3.1085230246184503,0.0
988,capacity,TAIL-minus-EVENT-EMP,-7.17112235901621,0.4296426373773333
989,capacity,TAIL-minus-EVENT-EMP,28.970147022540527,0.0
990,capacity,TAIL-minus-EVENT-EMP,16.666286130233036,0.0
991,capacity,TAIL-minus-EVENT-EMP,-0.57957250197887,-0.002438094084166592
992,capacity,TAIL-minus-EVENT-EMP,-18.93635132958909,0.002736491030479963
993,capacity,TAIL-minus-EVENT-EMP,-2.5229822976847394,-0.04108365836941004
994,capacity,TAIL-minus-EVENT-EMP,1.36817939531042,0.0
995,capacity,TAIL-minus-EVENT-EMP,2.0546348039915596,0.4191061406709401
996,capacity,TAIL-minus-EVENT-EMP,-9.64740276847303,0.014039448084706644
997,capacity,TAIL-minus-EVENT-EMP,1.6161047241393,0.5870140583631466
998,capacity,TAIL-minus-EVENT-EMP,26.169984353025544,0.0
999,capacity,TAIL-minus-EVENT-EMP,-8.00821008284451,-0.18913106219411002
0,contracted_maximum_demand,TAIL-minus-EVENT-EMP,5.2689755457956595,0.8353978072335635
1,contracted_maximum_demand,TAIL-minus-EVENT-EMP,-18.187596653034728,-0.5995109191203101
2,contracted_maximum_demand,TAIL-minus-EVENT-EMP,-5.054922345863109,0.09673704113581173
3,contracted_maximum_demand,TAIL-minus-EVENT-EMP,-4.6212556383150405,-0.25682132610206665
4,contracted_maximum_demand,TAIL-minus-EVENT-EMP,10.12132044707824,0.0
5,contracted_maximum_demand,TAIL-minus-EVENT-EMP,-7.338402695056382,-0.09868626476698668
6,contracted_maximum_demand,TAIL-minus-EVENT-EMP,0.37895720734665017,0.41848609195542996
7,contracted_maximum_demand,TAIL-minus-EVENT-EMP,-5.24147723872389,0.06246120464738
8,contracted_maximum_demand,TAIL-minus-EVENT-EMP,-13.94292168564868,0.16627215750018998
9,contracted_maximum_demand,TAIL-minus-EVENT-EMP,-13.39760534615763,0.0
10,contracted_maximum_demand,TAIL-minus-EVENT-EMP,-3.09343397954272,0.13368968062282666
11,contracted_maximum_demand,TAIL-minus-EVENT-EMP,-7.5492509808282895,-0.005464039340573334
12,contracted_maximum_demand,TAIL-minus-EVENT-EMP,3.9903743133596596,0.07425550235625995
13,contracted_maximum_demand,TAIL-minus-EVENT-EMP,-14.95672039536426,-0.07425550235625995
14,contracted_maximum_demand,TAIL-minus-EVENT-EMP,-9.76359077274138,0.0
15,contracted_maximum_demand,TAIL-minus-EVENT-EMP,-2.034683797264959,0.0
16,contracted_maximum_demand,TAIL-minus-EVENT-EMP,6.47356474779919,-0.12823669085231998
17,contracted_maximum_demand,TAIL-minus-EVENT-EMP,4.014527001167489,0.0
18,contracted_maximum_demand,TAIL-minus-EVENT-EMP,-11.957193872168169,-0.12241127582900667
19,contracted_maximum_demand,TAIL-minus-EVENT-EMP,6.58025859765133,0.0
20,contracted_maximum_demand,TAIL-minus-EVENT-EMP,-6.05002335671753,0.011669657002800001
21,contracted_maximum_demand,TAIL-minus-EVENT-EMP,13.542847967432827,-0.15735474990584333
22,contracted_maximum_demand,TAIL-minus-EVENT-EMP,3.2164885038745012,-0.0052945840944
23,contracted_maximum_demand,TAIL-minus-EVENT-EMP,-6.899262442873011,0.0
24,contracted_maximum_demand,TAIL-minus-EVENT-EMP,-0.9320672100151611,-0.24732679645404007
25,contracted_maximum_demand,TAIL-minus-EVENT-EMP,-20.62455639240441,-0.4866527577598566
26,contracted_maximum_demand,TAIL-minus-EVENT-EMP,0.42453214094602,-0.5656315795823482
27,contracted_maximum_demand,TAIL-minus-EVENT-EMP,-23.801940243434903,-0.3176357019450388
28,contracted_maximum_demand,TAIL-minus-EVENT-EMP,-4.663596526851131,-0.08234470681690666
29,contracted_maximum_demand,TAIL-minus-EVENT-EMP,-2.815081995762339,0.0042062373518841085
30,contracted_maximum_demand,TAIL-minus-EVENT-EMP,-6.82360344610356,0.001021576461526666
31,contracted_maximum_demand,TAIL-minus-EVENT-EMP,-2.9658602347386105,-0.6742999702774066
32,contracted_maximum_demand,TAIL-minus-EVENT-EMP,-7.362003073716117,0.10133646883154586
33,contracted_maximum_demand,TAIL-minus-EVENT-EMP,-12.322281515504779,0.12372782994228013
34,contracted_maximum_demand,TAIL-minus-EVENT-EMP,-10.647338813285922,-0.47938629663602994
35,contracted_maximum_demand,TAIL-minus-EVENT-EMP,-23.761130039319692,0.0
36,contracted_maximum_demand,TAIL-minus-EVENT-EMP,-7.934328023033401,0.1000370061184453
37,contracted_maximum_demand,TAIL-minus-EVENT-EMP,-6.771995299914721,-0.6850485469897732
38,contracted_maximum_demand,TAIL-minus-EVENT-EMP,-2.8989957962829895,-0.18151659085085842
39,contracted_maximum_demand,TAIL-minus-EVENT-EMP,-20.74160598999108,0.09081817439519331
40,contracted_maximum_demand,TAIL-minus-EVENT-EMP,-2.405448131242989,-0.019518904840866696
41,contracted_maximum_demand,TAIL-minus-EVENT-EMP,-17.94815717394695,-0.9252039885471699
42,contracted_maximum_demand,TAIL-minus-EVENT-EMP,9.78264159321374,0.5450761735485232
43,contracted_maximum_demand,TAIL-minus-EVENT-EMP,-10.37219717697037,0.07425550235625995
44,contracted_maximum_demand,TAIL-minus-EVENT-EMP,-7.597362541724231,-0.18376020870430668
45,contracted_maximum_demand,TAIL-minus-EVENT-EMP,9.38045019454751,0.0
46,contracted_maximum_demand,TAIL-minus-EVENT-EMP,-11.52836648944681,0.0
47,contracted_maximum_demand,TAIL-minus-EVENT-EMP,-2.04008112836533,-0.05505810797005334
48,contracted_maximum_demand,TAIL-minus-EVENT-EMP,13.025265108150771,0.0
49,contracted_maximum_demand,TAIL-minus-EVENT-EMP,-29.49862161215479,-0.094570367833
50,contracted_maximum_demand,TAIL-minus-EVENT-EMP,-10.555716530788242,0.05604451121081332
51,contracted_maximum_demand,TAIL-minus-EVENT-EMP,-3.65810325320603,0.0
52,contracted_maximum_demand,TAIL-minus-EVENT-EMP,-14.222578991900669,-0.5550648868856033
53,contracted_maximum_demand,TAIL-minus-EVENT-EMP,2.1589775301110894,0.07425550235625995
54,contracted_maximum_demand,TAIL-minus-EVENT-EMP,-6.561991575321368,0.46488805063838684
55,contracted_maximum_demand,TAIL-minus-EVENT-EMP,3.1195732038273394,0.0
56,contracted_maximum_demand,TAIL-minus-EVENT-EMP,-10.72231166056271,0.0
57,contracted_maximum_demand,TAIL-minus-EVENT-EMP,0.28811288556724046,0.23567303836135328
58,contracted_maximum_demand,TAIL-minus-EVENT-EMP,8.45641866139697,0.0
59,contracted_maximum_demand,TAIL-minus-EVENT-EMP,-11.153602877421939,-0.21748417953251337
60,contracted_maximum_demand,TAIL-minus-EVENT-EMP,-2.3601906961353696,0.2471041152529812
61,contracted_maximum_demand,TAIL-minus-EVENT-EMP,-18.17801886401956,-0.11144764125303333
62,contracted_maximum_demand,TAIL-minus-EVENT-EMP,2.9736199205038005,0.45454272645634064
63,contracted_maximum_demand,TAIL-minus-EVENT-EMP,-4.11282641351637,0.0
64,contracted_maximum_demand,TAIL-minus-EVENT-EMP,-12.1167242448027,0.03896509321040174
65,contracted_maximum_demand,TAIL-minus-EVENT-EMP,-12.108514422204838,0.09289541557031336
66,contracted_maximum_demand,TAIL-minus-EVENT-EMP,-24.438403113384172,-0.08632508480068
67,contracted_maximum_demand,TAIL-minus-EVENT-EMP,-10.05850877480098,0.17809932890361216
68,contracted_maximum_demand,TAIL-minus-EVENT-EMP,-3.0916541610936203,-0.79265508464782
69,contracted_maximum_demand,TAIL-minus-EVENT-EMP,-16.88356710692226,0.09018193980981389
70,contracted_maximum_demand,TAIL-minus-EVENT-EMP,-23.18514798003096,0.18545146217952002
71,contracted_maximum_demand,TAIL-minus-EVENT-EMP,-14.248628415227598,0.0
72,contracted_maximum_demand,TAIL-minus-EVENT-EMP,-8.87838015518444,-0.3587335787884934
73,contracted_maximum_demand,TAIL-minus-EVENT-EMP,-9.059933537982298,-0.03693390988382064
74,contracted_maximum_demand,TAIL-minus-EVENT-EMP,-8.141327071647051,-0.12558195528829996
75,contracted_maximum_demand,TAIL-minus-EVENT-EMP,-3.55296660814452,-0.01271944515727713
76,contracted_maximum_demand,TAIL-minus-EVENT-EMP,-15.39048663419948,0.0
77,contracted_maximum_demand,TAIL-minus-EVENT-EMP,-19.18894997522634,0.0
78,contracted_maximum_demand,TAIL-minus-EVENT-EMP,-8.52041793108485,-0.22098154944592668
79,contracted_maximum_demand,TAIL-minus-EVENT-EMP,-9.221387349333119,0.22588928238944334
80,contracted_maximum_demand,TAIL-minus-EVENT-EMP,-13.92271088287948,-0.23607657467330667
81,contracted_maximum_demand,TAIL-minus-EVENT-EMP,-6.769669002991929,-0.4589255953528699
82,contracted_maximum_demand,TAIL-minus-EVENT-EMP,-5.313994831282599,0.049001090138416935
83,contracted_maximum_demand,TAIL-minus-EVENT-EMP,0.6085994634292102,0.2424833132361566
84,contracted_maximum_demand,TAIL-minus-EVENT-EMP,0.05058223790385015,-0.45636987408525
85,contracted_maximum_demand,TAIL-minus-EVENT-EMP,2.29103074047739,0.0
86,contracted_maximum_demand,TAIL-minus-EVENT-EMP,9.62086667871451,-0.11814268455557671
87,contracted_maximum_demand,TAIL-minus-EVENT-EMP,12.91787711671464,0.0
88,contracted_maximum_demand,TAIL-minus-EVENT-EMP,-39.66531395709666,-0.5565108399699801
89,contracted_maximum_demand,TAIL-minus-EVENT-EMP,-12.4561041071284,-0.4957147840532753
90,contracted_maximum_demand,TAIL-minus-EVENT-EMP,-8.79136858483751,0.11302856037966667
91,contracted_maximum_demand,TAIL-minus-EVENT-EMP,22.227064568702186,0.0
92,contracted_maximum_demand,TAIL-minus-EVENT-EMP,8.80020077481584,0.0
93,contracted_maximum_demand,TAIL-minus-EVENT-EMP,-4.411609123881409,-0.11566610490665334
94,contracted_maximum_demand,TAIL-minus-EVENT-EMP,4.201288888393901,0.0
95,contracted_maximum_demand,TAIL-minus-EVENT-EMP,-15.648134680204462,-0.12098395446098664
96,contracted_maximum_demand,TAIL-minus-EVENT-EMP,-22.664955407415903,-0.14614037161704033
97,contracted_maximum_demand,TAIL-minus-EVENT-EMP,-3.6051879699205402,0.5256413426541232
98,contracted_maximum_demand,TAIL-minus-EVENT-EMP,-11.17728603085178,-0.0033810574273198217
99,contracted_maximum_demand,TAIL-minus-EVENT-EMP,13.79419573798242,-0.32690414491687
100,contracted_maximum_demand,TAIL-minus-EVENT-EMP,9.758294502401698,0.0
101,contracted_maximum_demand,TAIL-minus-EVENT-EMP,26.21581762123443,0.0
102,contracted_maximum_demand,TAIL-minus-EVENT-EMP,-7.718826010547539,-0.4622458051139199
103,contracted_maximum_demand,TAIL-minus-EVENT-EMP,-1.9059102856649996,-0.24467056547191335
104,contracted_maximum_demand,TAIL-minus-EVENT-EMP,9.97676707555552,0.0
105,contracted_maximum_demand,TAIL-minus-EVENT-EMP,-11.26278124404509,-0.25121232039193336
106,contracted_maximum_demand,TAIL-minus-EVENT-EMP,-13.39245503756332,-0.22072813739326
107,contracted_maximum_demand,TAIL-minus-EVENT-EMP,-4.3218915798384385,0.3290011822276267
108,contracted_maximum_demand,TAIL-minus-EVENT-EMP,-11.837915321702742,-0.19137388238774672
109,contracted_maximum_demand,TAIL-minus-EVENT-EMP,-4.7071015042944495,-0.3280490093744548
110,contracted_maximum_demand,TAIL-minus-EVENT-EMP,-18.05621557850983,0.018430430769217722
111,contracted_maximum_demand,TAIL-minus-EVENT-EMP,-8.743183210321359,-0.24558516052805998
112,contracted_maximum_demand,TAIL-minus-EVENT-EMP,1.0949434357015204,-0.20343084078872667
113,contracted_maximum_demand,TAIL-minus-EVENT-EMP,0.35012679857907014,-0.07641539595865333
114,contracted_maximum_demand,TAIL-minus-EVENT-EMP,-12.7793579187162,-0.025193719532673332
115,contracted_maximum_demand,TAIL-minus-EVENT-EMP,-7.617713274932771,0.02014881588819994
116,contracted_maximum_demand,TAIL-minus-EVENT-EMP,-14.31241325943356,-0.569970977364467
117,contracted_maximum_demand,TAIL-minus-EVENT-EMP,-6.1502964583223,-0.03297903175562667
118,contracted_maximum_demand,TAIL-minus-EVENT-EMP,1.9704656302478598,-0.03638107358517334
119,contracted_maximum_demand,TAIL-minus-EVENT-EMP,-16.28518437342712,0.05934138734202
120,contracted_maximum_demand,TAIL-minus-EVENT-EMP,-3.902301127373911,0.0
121,contracted_maximum_demand,TAIL-minus-EVENT-EMP,-40.85047279567994,-0.4468424457627433
122,contracted_maximum_demand,TAIL-minus-EVENT-EMP,-9.75719980473933,-0.5651382690878839
123,contracted_maximum_demand,TAIL-minus-EVENT-EMP,-16.42577498849393,0.0
124,contracted_maximum_demand,TAIL-minus-EVENT-EMP,-2.012422084690299,0.0
125,contracted_maximum_demand,TAIL-minus-EVENT-EMP,-11.19039916436641,-0.004413475369246665
126,contracted_maximum_demand,TAIL-minus-EVENT-EMP,-24.0515464166151,-0.5904301844714067
127,contracted_maximum_demand,TAIL-minus-EVENT-EMP,-9.478379161835111,0.034279310697480005
128,contracted_maximum_demand,TAIL-minus-EVENT-EMP,-21.9954999138875,0.09097222591020666
129,contracted_maximum_demand,TAIL-minus-EVENT-EMP,-2.7836223632206205,-0.6640137393517667
130,contracted_maximum_demand,TAIL-minus-EVENT-EMP,-8.996323681240028,-0.12220475933876002
131,contracted_maximum_demand,TAIL-minus-EVENT-EMP,29.794354898259424,0.0
132,contracted_maximum_demand,TAIL-minus-EVENT-EMP,11.19258285599383,0.0
133,contracted_maximum_demand,TAIL-minus-EVENT-EMP,-3.9698272648993003,-0.13800071568681993
134,contracted_maximum_demand,TAIL-minus-EVENT-EMP,13.144857839546301,0.07425550235625995
135,contracted_maximum_demand,TAIL-minus-EVENT-EMP,-17.08906622898847,-0.04067800973748667
136,contracted_maximum_demand,TAIL-minus-EVENT-EMP,-1.6574132285795802,-0.07425550235625995
137,contracted_maximum_demand,TAIL-minus-EVENT-EMP,-37.19951971990737,-0.4614015361920966
138,contracted_maximum_demand,TAIL-minus-EVENT-EMP,-7.263383676134858,-0.43647163043726
139,contracted_maximum_demand,TAIL-minus-EVENT-EMP,-5.76980649654431,0.5136018245420967
140,contracted_maximum_demand,TAIL-minus-EVENT-EMP,-21.306516754039606,0.06824321658252666
141,contracted_maximum_demand,TAIL-minus-EVENT-EMP,-8.70853683723678,-0.013633319808286668
142,contracted_maximum_demand,TAIL-minus-EVENT-EMP,-16.85007620645193,-0.04247564946434
143,contracted_maximum_demand,TAIL-minus-EVENT-EMP,-14.73044275475468,0.0
144,contracted_maximum_demand,TAIL-minus-EVENT-EMP,-7.03259844048317,-0.01437738942121699
145,contracted_maximum_demand,TAIL-minus-EVENT-EMP,-9.452500826276342,0.21128005821664667
146,contracted_maximum_demand,TAIL-minus-EVENT-EMP,-9.37764384741844,-0.1412520965753267
147,contracted_maximum_demand,TAIL-minus-EVENT-EMP,28.63125409674695,0.0
148,contracted_maximum_demand,TAIL-minus-EVENT-EMP,-13.282328619842179,-0.038141318753146664
149,contracted_maximum_demand,TAIL-minus-EVENT-EMP,-12.47168385457929,0.5138484385782033
150,contracted_maximum_demand,TAIL-minus-EVENT-EMP,0.7135564925127693,0.0
151,contracted_maximum_demand,TAIL-minus-EVENT-EMP,11.26876185245041,0.0
152,contracted_maximum_demand,TAIL-minus-EVENT-EMP,18.71243609774021,0.0
153,contracted_maximum_demand,TAIL-minus-EVENT-EMP,-9.22238909152604,0.06919150169322
154,contracted_maximum_demand,TAIL-minus-EVENT-EMP,-2.01845310702757,-0.7088880332271267
155,contracted_maximum_demand,TAIL-minus-EVENT-EMP,-11.4036997918102,-0.13760186402014668
156,contracted_maximum_demand,TAIL-minus-EVENT-EMP,-26.82835248679401,-0.13372866343189327
157,contracted_maximum_demand,TAIL-minus-EVENT-EMP,-6.79974094843122,0.4959646984869766
158,contracted_maximum_demand,TAIL-minus-EVENT-EMP,-5.70885014558694,-0.04681624979406002
159,contracted_maximum_demand,TAIL-minus-EVENT-EMP,17.378330619945988,0.0
160,contracted_maximum_demand,TAIL-minus-EVENT-EMP,-5.453682177701088,-0.01734840158703335
161,contracted_maximum_demand,TAIL-minus-EVENT-EMP,-15.25747136102171,-0.06192506353494337
162,contracted_maximum_demand,TAIL-minus-EVENT-EMP,-1.912134588873582,-0.07445160451247246
163,contracted_maximum_demand,TAIL-minus-EVENT-EMP,-22.920194819732167,0.21699380550149996
164,contracted_maximum_demand,TAIL-minus-EVENT-EMP,5.110733611430551,0.03432979446306335
165,contracted_maximum_demand,TAIL-minus-EVENT-EMP,-15.113877798894299,-0.13248166066398667
166,contracted_maximum_demand,TAIL-minus-EVENT-EMP,-9.97049907638747,0.5767527609303333
167,contracted_maximum_demand,TAIL-minus-EVENT-EMP,-11.879495290643668,-0.009979626275946661
168,contracted_maximum_demand,TAIL-minus-EVENT-EMP,-7.502590428581299,0.1115798084028326
169,contracted_maximum_demand,TAIL-minus-EVENT-EMP,-10.24875456216377,0.06178145472063334
170,contracted_maximum_demand,TAIL-minus-EVENT-EMP,-12.33130616686236,-0.036817135757698224
171,contracted_maximum_demand,TAIL-minus-EVENT-EMP,-0.4628550632782405,0.0
172,contracted_maximum_demand,TAIL-minus-EVENT-EMP,-12.16607829907677,0.11555387977197329
173,contracted_maximum_demand,TAIL-minus-EVENT-EMP,-11.165297516832151,-0.15551682101167336
174,contracted_maximum_demand,TAIL-minus-EVENT-EMP,-20.70148975983801,0.0010259437023437579
175,contracted_maximum_demand,TAIL-minus-EVENT-EMP,-2.8723688824027205,0.10460006664721998
176,contracted_maximum_demand,TAIL-minus-EVENT-EMP,-22.513698681713738,0.015703708462183955
177,contracted_maximum_demand,TAIL-minus-EVENT-EMP,-8.4138480272969,0.3353404133927833
178,contracted_maximum_demand,TAIL-minus-EVENT-EMP,-11.55355693080407,0.049235522590296635
179,contracted_maximum_demand,TAIL-minus-EVENT-EMP,1.9400819115283394,0.37816450705302995
180,contracted_maximum_demand,TAIL-minus-EVENT-EMP,-2.8887612277719605,0.04227786749384666
181,contracted_maximum_demand,TAIL-minus-EVENT-EMP,-13.99665351687436,-0.07038145703251504
182,contracted_maximum_demand,TAIL-minus-EVENT-EMP,-3.9665656096001713,0.0
183,contracted_maximum_demand,TAIL-minus-EVENT-EMP,-49.26148281155998,0.0
184,contracted_maximum_demand,TAIL-minus-EVENT-EMP,-14.746795656695207,0.11500423554458519
185,contracted_maximum_demand,TAIL-minus-EVENT-EMP,-8.68650542585246,0.06336872456988667
186,contracted_maximum_demand,TAIL-minus-EVENT-EMP,-9.09278247027571,0.0
187,contracted_maximum_demand,TAIL-minus-EVENT-EMP,-13.773331932914651,0.03541781892088666
188,contracted_maximum_demand,TAIL-minus-EVENT-EMP,0.39116766538287023,-0.5668631565257248
189,contracted_maximum_demand,TAIL-minus-EVENT-EMP,-2.253599975362569,0.11399466601301204
190,contracted_maximum_demand,TAIL-minus-EVENT-EMP,-10.26468534959745,-0.5636303833089075
191,contracted_maximum_demand,TAIL-minus-EVENT-EMP,22.80265112775144,0.07425550235625995
192,contracted_maximum_demand,TAIL-minus-EVENT-EMP,2.770330152300721,0.0
193,contracted_maximum_demand,TAIL-minus-EVENT-EMP,-4.34297954911316,0.0
194,contracted_maximum_demand,TAIL-minus-EVENT-EMP,-21.851561938294438,0.02790110364692
195,contracted_maximum_demand,TAIL-minus-EVENT-EMP,-6.408483353873591,0.03807110828676
196,contracted_maximum_demand,TAIL-minus-EVENT-EMP,-0.9367745509748504,0.054337386859579985
197,contracted_maximum_demand,TAIL-minus-EVENT-EMP,-5.78899199212444,-0.35575804503105324
198,contracted_maximum_demand,TAIL-minus-EVENT-EMP,-10.85185882958197,0.49341187648166496
199,contracted_maximum_demand,TAIL-minus-EVENT-EMP,2.9402462267965896,-0.5484069320581301
200,contracted_maximum_demand,TAIL-minus-EVENT-EMP,-16.66008857916243,0.3015458773895267
201,contracted_maximum_demand,TAIL-minus-EVENT-EMP,-6.02440898201794,0.0
202,contracted_maximum_demand,TAIL-minus-EVENT-EMP,-6.3675706879214005,0.0
203,contracted_maximum_demand,TAIL-minus-EVENT-EMP,-16.42466844130502,-0.18512454334613812
204,contracted_maximum_demand,TAIL-minus-EVENT-EMP,-13.134544735904917,0.10092397452394247
205,contracted_maximum_demand,TAIL-minus-EVENT-EMP,13.918494275808621,0.0
206,contracted_maximum_demand,TAIL-minus-EVENT-EMP,8.28209373747931,0.07425550235625995
207,contracted_maximum_demand,TAIL-minus-EVENT-EMP,-3.15268036952799,-0.5602224762740766
208,contracted_maximum_demand,TAIL-minus-EVENT-EMP,-26.92919173379845,-0.1299439399458667
209,contracted_maximum_demand,TAIL-minus-EVENT-EMP,-9.779249759550309,-0.015540849752239998
210,contracted_maximum_demand,TAIL-minus-EVENT-EMP,-14.12702592080116,-0.03741574913529999
211,contracted_maximum_demand,TAIL-minus-EVENT-EMP,-10.744735523640431,-0.06370452216319306
212,contracted_maximum_demand,TAIL-minus-EVENT-EMP,20.21696424538689,0.0
213,contracted_maximum_demand,TAIL-minus-EVENT-EMP,-6.724485613924509,-0.08240142323679994
214,contracted_maximum_demand,TAIL-minus-EVENT-EMP,-3.7998839214106397,0.0
215,contracted_maximum_demand,TAIL-minus-EVENT-EMP,1.58462551963955,0.37706614031751995
216,contracted_maximum_demand,TAIL-minus-EVENT-EMP,-1.30816846321494,0.06644311583406999
217,contracted_maximum_demand,TAIL-minus-EVENT-EMP,-17.99928048026087,0.011456307415400909
218,contracted_maximum_demand,TAIL-minus-EVENT-EMP,-3.4647344666007496,-0.012107529380700003
219,contracted_maximum_demand,TAIL-minus-EVENT-EMP,-14.398228879069059,0.08025657765671333
220,contracted_maximum_demand,TAIL-minus-EVENT-EMP,-13.33658081455386,-0.07425550235625995
221,contracted_maximum_demand,TAIL-minus-EVENT-EMP,-7.461803683620158,-0.6418523115874333
222,contracted_maximum_demand,TAIL-minus-EVENT-EMP,9.68613220667345,-0.28237989081242665
223,contracted_maximum_demand,TAIL-minus-EVENT-EMP,-5.214881452285821,-0.001658093787233327
224,contracted_maximum_demand,TAIL-minus-EVENT-EMP,-3.1131283306665996,-0.13347751498722668
225,contracted_maximum_demand,TAIL-minus-EVENT-EMP,15.435637549261338,0.0
226,contracted_maximum_demand,TAIL-minus-EVENT-EMP,22.130043602098663,0.0
227,contracted_maximum_demand,TAIL-minus-EVENT-EMP,3.425097473794249,-0.9557700280067666
228,contracted_maximum_demand,TAIL-minus-EVENT-EMP,-13.792524438989762,0.15884457184987968
229,contracted_maximum_demand,TAIL-minus-EVENT-EMP,3.3915588739038007,0.4939541964064511
230,contracted_maximum_demand,TAIL-minus-EVENT-EMP,-15.16415199252052,0.5446057083453233
231,contracted_maximum_demand,TAIL-minus-EVENT-EMP,-11.54263415406994,0.0585814016018507
232,contracted_maximum_demand,TAIL-minus-EVENT-EMP,-12.529240438533732,0.07627723216664914
233,contracted_maximum_demand,TAIL-minus-EVENT-EMP,3.28780049697916,0.0
234,contracted_maximum_demand,TAIL-minus-EVENT-EMP,-7.62212085055746,-0.11039238274437999
235,contracted_maximum_demand,TAIL-minus-EVENT-EMP,2.6513887168726895,0.0
236,contracted_maximum_demand,TAIL-minus-EVENT-EMP,-1.21308857671564,-0.07425550235625995
237,contracted_maximum_demand,TAIL-minus-EVENT-EMP,-0.9229531233954501,0.08268371107574667
238,contracted_maximum_demand,TAIL-minus-EVENT-EMP,-9.14831953537059,-0.11289258138510662
239,contracted_maximum_demand,TAIL-minus-EVENT-EMP,-16.09057804668824,-0.453785418670268
240,contracted_maximum_demand,TAIL-minus-EVENT-EMP,-18.05845338388632,0.017514584850086667
241,contracted_maximum_demand,TAIL-minus-EVENT-EMP,-1.8535777686495418,-0.05137798596227994
242,contracted_maximum_demand,TAIL-minus-EVENT-EMP,-14.65172136030493,0.10573145218395333
243,contracted_maximum_demand,TAIL-minus-EVENT-EMP,-8.075489869748301,-0.016521916648534047
244,contracted_maximum_demand,TAIL-minus-EVENT-EMP,-4.033530381824349,0.033760300249506665
245,contracted_maximum_demand,TAIL-minus-EVENT-EMP,-9.19916232166059,-0.05869360781870077
246,contracted_maximum_demand,TAIL-minus-EVENT-EMP,-9.22385604982989,0.27470030737495216
247,contracted_maximum_demand,TAIL-minus-EVENT-EMP,-9.98398274650608,0.3341278968656323
248,contracted_maximum_demand,TAIL-minus-EVENT-EMP,-8.915657925409409,-0.19858555171954353
249,contracted_maximum_demand,TAIL-minus-EVENT-EMP,0.04042437016452002,-0.3878781691624633
250,contracted_maximum_demand,TAIL-minus-EVENT-EMP,-15.311618949458008,-0.07513866618221006
251,contracted_maximum_demand,TAIL-minus-EVENT-EMP,5.02772567890351,-0.5617025205797433
252,contracted_maximum_demand,TAIL-minus-EVENT-EMP,-11.486436837949979,0.08391872267015998
253,contracted_maximum_demand,TAIL-minus-EVENT-EMP,10.02591328317991,0.0
254,contracted_maximum_demand,TAIL-minus-EVENT-EMP,-10.0569382893879,-0.3649787574512934
255,contracted_maximum_demand,TAIL-minus-EVENT-EMP,-13.331737192980292,0.0
256,contracted_maximum_demand,TAIL-minus-EVENT-EMP,-0.86171893893761,-0.45011615774768327
257,contracted_maximum_demand,TAIL-minus-EVENT-EMP,-9.51762734483577,-0.019770515678826667
258,contracted_maximum_demand,TAIL-minus-EVENT-EMP,9.60560802430041,0.0
259,contracted_maximum_demand,TAIL-minus-EVENT-EMP,-2.4770469328345786,0.0
260,contracted_maximum_demand,TAIL-minus-EVENT-EMP,-16.34967909560293,0.1546321467495121
261,contracted_maximum_demand,TAIL-minus-EVENT-EMP,-13.742752741590131,-0.06042634523161333
262,contracted_maximum_demand,TAIL-minus-EVENT-EMP,6.0029177750335,0.04049541256384987
263,contracted_maximum_demand,TAIL-minus-EVENT-EMP,-16.65309608063474,-0.027634182698340927
264,contracted_maximum_demand,TAIL-minus-EVENT-EMP,-17.257037540481416,-0.15258546707040668
265,contracted_maximum_demand,TAIL-minus-EVENT-EMP,-14.31638818596701,0.19746488110472665
266,contracted_maximum_demand,TAIL-minus-EVENT-EMP,-3.325342930960301,0.05347664007229999
267,contracted_maximum_demand,TAIL-minus-EVENT-EMP,-7.652142952706502,-0.5561640202920634
268,contracted_maximum_demand,TAIL-minus-EVENT-EMP,-11.249033773975022,0.163924722131919
269,contracted_maximum_demand,TAIL-minus-EVENT-EMP,-17.20473712381514,-0.12115887567413332
270,contracted_maximum_demand,TAIL-minus-EVENT-EMP,7.398005445450129,0.11396458667059335
271,contracted_maximum_demand,TAIL-minus-EVENT-EMP,-19.50721102947803,0.0
272,contracted_maximum_demand,TAIL-minus-EVENT-EMP,-7.7318621317479215,-0.32456111686628736
273,contracted_maximum_demand,TAIL-minus-EVENT-EMP,20.83782734481669,0.0
274,contracted_maximum_demand,TAIL-minus-EVENT-EMP,-14.689819165607359,-0.003953899165691942
275,contracted_maximum_demand,TAIL-minus-EVENT-EMP,-11.371138867228941,0.02152637350660667
276,contracted_maximum_demand,TAIL-minus-EVENT-EMP,-2.0590821484502793,0.008055257679933335
277,contracted_maximum_demand,TAIL-minus-EVENT-EMP,-16.88195755655628,-0.49304607514208687
278,contracted_maximum_demand,TAIL-minus-EVENT-EMP,-15.74314396328643,0.31025874039349993
279,contracted_maximum_demand,TAIL-minus-EVENT-EMP,-24.21257705124482,0.12008088412208333
280,contracted_maximum_demand,TAIL-minus-EVENT-EMP,13.46151615580794,-0.3900790765752467
281,contracted_maximum_demand,TAIL-minus-EVENT-EMP,-8.67522945853398,0.0
282,contracted_maximum_demand,TAIL-minus-EVENT-EMP,-24.26943569453518,-1.1393703950097693
283,contracted_maximum_demand,TAIL-minus-EVENT-EMP,17.91783772997633,0.07425550235625995
284,contracted_maximum_demand,TAIL-minus-EVENT-EMP,-10.821640768834781,0.0
285,contracted_maximum_demand,TAIL-minus-EVENT-EMP,13.732268361663841,-0.17380972831549346
286,contracted_maximum_demand,TAIL-minus-EVENT-EMP,-28.15564046614256,-0.47744222183114327
287,contracted_maximum_demand,TAIL-minus-EVENT-EMP,4.29164259536709,0.0
288,contracted_maximum_demand,TAIL-minus-EVENT-EMP,-13.067208092039612,-0.0037892192492866654
289,contracted_maximum_demand,TAIL-minus-EVENT-EMP,-5.51746832153259,0.09814762631236251
290,contracted_maximum_demand,TAIL-minus-EVENT-EMP,-6.193580111135169,-0.1060772911541933
291,contracted_maximum_demand,TAIL-minus-EVENT-EMP,-1.6605931167396004,-0.012548900900846705
292,contracted_maximum_demand,TAIL-minus-EVENT-EMP,-11.745836631656298,0.0
293,contracted_maximum_demand,TAIL-minus-EVENT-EMP,-22.327103317484138,-0.14333164589877997
294,contracted_maximum_demand,TAIL-minus-EVENT-EMP,-11.346941282265568,-0.0070822298549333374
295,contracted_maximum_demand,TAIL-minus-EVENT-EMP,-6.71715427358372,-0.1673866129344613
296,contracted_maximum_demand,TAIL-minus-EVENT-EMP,5.06972636887285,0.0
297,contracted_maximum_demand,TAIL-minus-EVENT-EMP,20.1482027670359,0.0
298,contracted_maximum_demand,TAIL-minus-EVENT-EMP,19.69663759831162,0.0
299,contracted_maximum_demand,TAIL-minus-EVENT-EMP,-15.478519694305348,0.0
300,contracted_maximum_demand,TAIL-minus-EVENT-EMP,-10.760280185173539,-0.10893958304175999
301,contracted_maximum_demand,TAIL-minus-EVENT-EMP,5.8739596946459995,0.0
302,contracted_maximum_demand,TAIL-minus-EVENT-EMP,-14.901508361636361,-0.025878712849489192
303,contracted_maximum_demand,TAIL-minus-EVENT-EMP,-0.41584501110071975,-0.5699356076856952
304,contracted_maximum_demand,TAIL-minus-EVENT-EMP,-19.96654725859729,0.20108587240774517
305,contracted_maximum_demand,TAIL-minus-EVENT-EMP,-5.145078470676578,0.07469262503891333
306,contracted_maximum_demand,TAIL-minus-EVENT-EMP,4.758114617231579,0.0
307,contracted_maximum_demand,TAIL-minus-EVENT-EMP,16.4021101371913,0.0
308,contracted_maximum_demand,TAIL-minus-EVENT-EMP,-0.6293627984428409,0.0
309,contracted_maximum_demand,TAIL-minus-EVENT-EMP,-22.66749377389314,0.3154312131564666
310,contracted_maximum_demand,TAIL-minus-EVENT-EMP,-24.347645260837428,-0.5195287610142618
311,contracted_maximum_demand,TAIL-minus-EVENT-EMP,-15.517948438868789,-0.04158333828206447
312,contracted_maximum_demand,TAIL-minus-EVENT-EMP,-5.74678562115694,-0.48219401598580336
313,contracted_maximum_demand,TAIL-minus-EVENT-EMP,-6.884800891790752,-0.05710050228157385
314,contracted_maximum_demand,TAIL-minus-EVENT-EMP,7.976302662094269,0.0
315,contracted_maximum_demand,TAIL-minus-EVENT-EMP,13.349059957779469,0.0
316,contracted_maximum_demand,TAIL-minus-EVENT-EMP,-1.6373421847427794,0.0
317,contracted_maximum_demand,TAIL-minus-EVENT-EMP,-11.46959380297386,0.4627991869491034
318,contracted_maximum_demand,TAIL-minus-EVENT-EMP,-4.168151413838669,-0.02220492923542
319,contracted_maximum_demand,TAIL-minus-EVENT-EMP,-10.488278376646939,-0.38123482801189423
320,contracted_maximum_demand,TAIL-minus-EVENT-EMP,-6.851201563639749,0.0
321,contracted_maximum_demand,TAIL-minus-EVENT-EMP,-15.646213415407061,-0.051532531978906664
322,contracted_maximum_demand,TAIL-minus-EVENT-EMP,-4.2533191447633305,0.025578681757633306
323,contracted_maximum_demand,TAIL-minus-EVENT-EMP,-12.170140769291457,-0.25796445642981997
324,contracted_maximum_demand,TAIL-minus-EVENT-EMP,-10.51793548890399,0.05040303781807334
325,contracted_maximum_demand,TAIL-minus-EVENT-EMP,1.5206085748667415,0.18038720892722002
326,contracted_maximum_demand,TAIL-minus-EVENT-EMP,-11.450545442728721,-0.11307178167270003
327,contracted_maximum_demand,TAIL-minus-EVENT-EMP,-18.531494007488263,-0.010543127541360001
328,contracted_maximum_demand,TAIL-minus-EVENT-EMP,-11.661718740465787,0.09838330370515909
329,contracted_maximum_demand,TAIL-minus-EVENT-EMP,-1.0955118596948705,-0.07425550235625995
330,contracted_maximum_demand,TAIL-minus-EVENT-EMP,11.653572976687201,0.0
331,contracted_maximum_demand,TAIL-minus-EVENT-EMP,4.0002344565480294,0.0
332,contracted_maximum_demand,TAIL-minus-EVENT-EMP,3.9773283112311106,0.021441465891620003
333,contracted_maximum_demand,TAIL-minus-EVENT-EMP,-3.2369214065630105,0.0
334,contracted_maximum_demand,TAIL-minus-EVENT-EMP,-14.183032290601648,0.004786222866705799
335,contracted_maximum_demand,TAIL-minus-EVENT-EMP,-12.253327692654784,-0.10499678357771616
336,contracted_maximum_demand,TAIL-minus-EVENT-EMP,-9.20034451835143,0.004389895087486667
337,contracted_maximum_demand,TAIL-minus-EVENT-EMP,2.4646897589139516,-0.11864892412251332
338,contracted_maximum_demand,TAIL-minus-EVENT-EMP,-7.954154664516369,0.06366304510747994
339,contracted_maximum_demand,TAIL-minus-EVENT-EMP,-12.961945884562082,-0.004185316516093132
340,contracted_maximum_demand,TAIL-minus-EVENT-EMP,-18.438051128012077,-0.03622902621220931
341,contracted_maximum_demand,TAIL-minus-EVENT-EMP,19.80484158460692,0.0
342,contracted_maximum_demand,TAIL-minus-EVENT-EMP,-8.640963666605339,0.11386695343773333
343,contracted_maximum_demand,TAIL-minus-EVENT-EMP,-10.24678797439499,-0.47932729849226324
344,contracted_maximum_demand,TAIL-minus-EVENT-EMP,-8.61665906893835,0.027157760426861577
345,contracted_maximum_demand,TAIL-minus-EVENT-EMP,-8.81655468130838,-0.13108593740219998
346,contracted_maximum_demand,TAIL-minus-EVENT-EMP,-14.411863322274368,-0.4815604943090867
347,contracted_maximum_demand,TAIL-minus-EVENT-EMP,-7.809766479552108,-0.017322794363893335
348,contracted_maximum_demand,TAIL-minus-EVENT-EMP,1.2154548538415604,0.0
349,contracted_maximum_demand,TAIL-minus-EVENT-EMP,-11.9534923866158,-0.13228838228009332
350,contracted_maximum_demand,TAIL-minus-EVENT-EMP,-5.315066548674902,0.0
351,contracted_maximum_demand,TAIL-minus-EVENT-EMP,1.20584242648326,0.07425550235625995
352,contracted_maximum_demand,TAIL-minus-EVENT-EMP,6.195010520684541,0.0
353,contracted_maximum_demand,TAIL-minus-EVENT-EMP,-5.8400503045162395,0.019093218111120802
354,contracted_maximum_demand,TAIL-minus-EVENT-EMP,-7.333857660384749,-0.27270542582436663
355,contracted_maximum_demand,TAIL-minus-EVENT-EMP,11.4555694993795,0.0
356,contracted_maximum_demand,TAIL-minus-EVENT-EMP,-5.760652630825021,0.06423974386184
357,contracted_maximum_demand,TAIL-minus-EVENT-EMP,-11.433815244803162,0.05501045762895334
358,contracted_maximum_demand,TAIL-minus-EVENT-EMP,-9.9480032741601,-0.3134199960253335
359,contracted_maximum_demand,TAIL-minus-EVENT-EMP,-9.85029094657827,-0.008764293529882831
360,contracted_maximum_demand,TAIL-minus-EVENT-EMP,-1.4194119116230501,0.0
361,contracted_maximum_demand,TAIL-minus-EVENT-EMP,-1.6290779655046606,-0.05498674597985954
362,contracted_maximum_demand,TAIL-minus-EVENT-EMP,-10.845797562760682,-0.4416136702911332
363,contracted_maximum_demand,TAIL-minus-EVENT-EMP,-27.30248412561186,-0.09790498479670666
364,contracted_maximum_demand,TAIL-minus-EVENT-EMP,30.785117265862468,0.0
365,contracted_maximum_demand,TAIL-minus-EVENT-EMP,9.125946062170778,-0.45813354695215336
366,contracted_maximum_demand,TAIL-minus-EVENT-EMP,-15.38839133630446,0.0608003577910846
367,contracted_maximum_demand,TAIL-minus-EVENT-EMP,-12.661415531292091,-0.02173200191519331
368,contracted_maximum_demand,TAIL-minus-EVENT-EMP,-17.92190684768422,-0.34070711728351993
369,contracted_maximum_demand,TAIL-minus-EVENT-EMP,9.171561663756702,-0.030171258643226655
370,contracted_maximum_demand,TAIL-minus-EVENT-EMP,-12.75385910627945,-0.026800210508923943
371,contracted_maximum_demand,TAIL-minus-EVENT-EMP,2.759954738789701,-0.34944830412857325
372,contracted_maximum_demand,TAIL-minus-EVENT-EMP,-24.08517298608696,-0.94294662129273
373,contracted_maximum_demand,TAIL-minus-EVENT-EMP,78.28923708145985,0.0
374,contracted_maximum_demand,TAIL-minus-EVENT-EMP,11.05341611959813,0.0
375,contracted_maximum_demand,TAIL-minus-EVENT-EMP,-11.733780748525149,-1.4473934775112864
376,contracted_maximum_demand,TAIL-minus-EVENT-EMP,-11.9508917047092,0.0280809833037
377,contracted_maximum_demand,TAIL-minus-EVENT-EMP,9.06973216810058,-0.19140066603494
378,contracted_maximum_demand,TAIL-minus-EVENT-EMP,-6.402732483035189,0.0
379,contracted_maximum_demand,TAIL-minus-EVENT-EMP,-9.907174166765728,0.20404894828624
380,contracted_maximum_demand,TAIL-minus-EVENT-EMP,-13.182291687997061,-0.10370587085115333
381,contracted_maximum_demand,TAIL-minus-EVENT-EMP,-7.929407080601589,-0.04117455419865003
382,contracted_maximum_demand,TAIL-minus-EVENT-EMP,-18.88868335705643,0.05395823515349335
383,contracted_maximum_demand,TAIL-minus-EVENT-EMP,-2.0946383291741406,-0.033965355462093345
384,contracted_maximum_demand,TAIL-minus-EVENT-EMP,5.226348122891281,0.0
385,contracted_maximum_demand,TAIL-minus-EVENT-EMP,-18.811339005478402,0.43495261494047
386,contracted_maximum_demand,TAIL-minus-EVENT-EMP,-7.440119179602061,-0.24410232520511338
387,contracted_maximum_demand,TAIL-minus-EVENT-EMP,14.10235287436952,0.0
388,contracted_maximum_demand,TAIL-minus-EVENT-EMP,-25.35887040366987,0.30441068293126
389,contracted_maximum_demand,TAIL-minus-EVENT-EMP,-9.38795211653199,0.0149635696715565
390,contracted_maximum_demand,TAIL-minus-EVENT-EMP,-4.43503781497949,0.0
391,contracted_maximum_demand,TAIL-minus-EVENT-EMP,-10.187763206707748,-0.05160383178071334
392,contracted_maximum_demand,TAIL-minus-EVENT-EMP,-2.443679337567939,0.14275389111552
393,contracted_maximum_demand,TAIL-minus-EVENT-EMP,-0.8603247519749304,-0.4727494774832766
394,contracted_maximum_demand,TAIL-minus-EVENT-EMP,-6.10560810058641,0.022177051531106655
395,contracted_maximum_demand,TAIL-minus-EVENT-EMP,-30.1203102039245,0.0
396,contracted_maximum_demand,TAIL-minus-EVENT-EMP,-9.37676800283294,0.019593896760523845
397,contracted_maximum_demand,TAIL-minus-EVENT-EMP,-4.458544198316969,-0.0024246094143128083
398,contracted_maximum_demand,TAIL-minus-EVENT-EMP,8.8220476190874,0.07425550235625995
399,contracted_maximum_demand,TAIL-minus-EVENT-EMP,-19.68534705166082,0.2818994512641734
400,contracted_maximum_demand,TAIL-minus-EVENT-EMP,-15.194884706945919,0.2447605048601575
401,contracted_maximum_demand,TAIL-minus-EVENT-EMP,-3.26070020243277,-0.5683122934520083
402,contracted_maximum_demand,TAIL-minus-EVENT-EMP,-12.558144646995109,0.026771965724070385
403,contracted_maximum_demand,TAIL-minus-EVENT-EMP,-3.5150798122364093,-0.45165980979542
404,contracted_maximum_demand,TAIL-minus-EVENT-EMP,4.3127845926813295,-0.07908552073198666
405,contracted_maximum_demand,TAIL-minus-EVENT-EMP,-38.50004339084409,-0.21937685893850317
406,contracted_maximum_demand,TAIL-minus-EVENT-EMP,-21.88192660883203,-0.15430919654086667
407,contracted_maximum_demand,TAIL-minus-EVENT-EMP,2.0079165427562,0.06897951922794668
408,contracted_maximum_demand,TAIL-minus-EVENT-EMP,-8.74147000107385,0.1467535255981699
409,contracted_maximum_demand,TAIL-minus-EVENT-EMP,3.884988931340599,0.03852098365638666
410,contracted_maximum_demand,TAIL-minus-EVENT-EMP,-1.6082696195234725,0.19087086844620668
411,contracted_maximum_demand,TAIL-minus-EVENT-EMP,44.249532325283674,0.0
412,contracted_maximum_demand,TAIL-minus-EVENT-EMP,-16.626266305660113,-0.27870367665643997
413,contracted_maximum_demand,TAIL-minus-EVENT-EMP,5.01073368519695,0.0
414,contracted_maximum_demand,TAIL-minus-EVENT-EMP,-9.28255011538129,-0.02597925500769998
415,contracted_maximum_demand,TAIL-minus-EVENT-EMP,-0.6545082664545204,0.1585306821146733
416,contracted_maximum_demand,TAIL-minus-EVENT-EMP,-15.8685847208593,0.46947507031966995
417,contracted_maximum_demand,TAIL-minus-EVENT-EMP,-40.80084185721775,0.0
418,contracted_maximum_demand,TAIL-minus-EVENT-EMP,-4.864182919867622,0.0
419,contracted_maximum_demand,TAIL-minus-EVENT-EMP,-9.3366308495903,0.008667297944713376
420,contracted_maximum_demand,TAIL-minus-EVENT-EMP,16.304176051805026,0.0
421,contracted_maximum_demand,TAIL-minus-EVENT-EMP,1.0560995224185799,-0.4894891447877199
422,contracted_maximum_demand,TAIL-minus-EVENT-EMP,-7.20996092440607,0.0
423,contracted_maximum_demand,TAIL-minus-EVENT-EMP,-23.303085144891067,-0.38950118043518
424,contracted_maximum_demand,TAIL-minus-EVENT-EMP,0.006870708905648559,-0.15416639680876004
425,contracted_maximum_demand,TAIL-minus-EVENT-EMP,-7.774736472035379,-0.08150685970240129
426,contracted_maximum_demand,TAIL-minus-EVENT-EMP,8.819684653546458,0.0
427,contracted_maximum_demand,TAIL-minus-EVENT-EMP,-21.13200034882979,-0.18527708544154234
428,contracted_maximum_demand,TAIL-minus-EVENT-EMP,-13.69340260519201,-0.5690679599555802
429,contracted_maximum_demand,TAIL-minus-EVENT-EMP,-23.84665917062859,-0.5683112049387804
430,contracted_maximum_demand,TAIL-minus-EVENT-EMP,-15.967067044202679,-0.06025551455436053
431,contracted_maximum_demand,TAIL-minus-EVENT-EMP,-17.477732083192652,0.4273999725777633
432,contracted_maximum_demand,TAIL-minus-EVENT-EMP,11.481155333337071,0.15243947743234
433,contracted_maximum_demand,TAIL-minus-EVENT-EMP,4.57219885312112,-0.0037278495012613017
434,contracted_maximum_demand,TAIL-minus-EVENT-EMP,-7.53877658689293,-0.08063232077419333
435,contracted_maximum_demand,TAIL-minus-EVENT-EMP,-3.90423205263251,0.56122995378409
436,contracted_maximum_demand,TAIL-minus-EVENT-EMP,-0.31151419685850334,-0.0218310484059
437,contracted_maximum_demand,TAIL-minus-EVENT-EMP,-2.625464211752199,-0.17205938945197338
438,contracted_maximum_demand,TAIL-minus-EVENT-EMP,0.32128092760699,-0.24532575373437407
439,contracted_maximum_demand,TAIL-minus-EVENT-EMP,-20.949139469033398,0.03125162039622252
440,contracted_maximum_demand,TAIL-minus-EVENT-EMP,-30.152695194456108,-0.5597094193145099
441,contracted_maximum_demand,TAIL-minus-EVENT-EMP,-4.342232379142049,0.2848487719782601
442,contracted_maximum_demand,TAIL-minus-EVENT-EMP,-19.89132822151487,0.045892779416110786
443,contracted_maximum_demand,TAIL-minus-EVENT-EMP,5.104803578670671,0.0
444,contracted_maximum_demand,TAIL-minus-EVENT-EMP,-11.10162301870856,0.0
445,contracted_maximum_demand,TAIL-minus-EVENT-EMP,12.18875355080315,0.0
446,contracted_maximum_demand,TAIL-minus-EVENT-EMP,17.690423252914407,0.0
447,contracted_maximum_demand,TAIL-minus-EVENT-EMP,-6.387622535712459,0.0
448,contracted_maximum_demand,TAIL-minus-EVENT-EMP,-8.198027220351698,-0.03177936856068003
449,contracted_maximum_demand,TAIL-minus-EVENT-EMP,-13.873631420941571,0.0
450,contracted_maximum_demand,TAIL-minus-EVENT-EMP,-5.256918475386111,-0.03433958097251963
451,contracted_maximum_demand,TAIL-minus-EVENT-EMP,-4.507880292678962,0.06300182739890667
452,contracted_maximum_demand,TAIL-minus-EVENT-EMP,18.18771929499034,-0.03335562117012672
453,contracted_maximum_demand,TAIL-minus-EVENT-EMP,-14.3395042684569,0.0
454,contracted_maximum_demand,TAIL-minus-EVENT-EMP,13.4468959770361,0.012532721330473331
455,contracted_maximum_demand,TAIL-minus-EVENT-EMP,10.277363668234521,0.0
456,contracted_maximum_demand,TAIL-minus-EVENT-EMP,-21.888123152603928,0.7179839530491133
457,contracted_maximum_demand,TAIL-minus-EVENT-EMP,17.1129444619905,0.0
458,contracted_maximum_demand,TAIL-minus-EVENT-EMP,4.27615863548058,-0.22131433273926668
459,contracted_maximum_demand,TAIL-minus-EVENT-EMP,-15.05737009956275,0.030320595802440002
460,contracted_maximum_demand,TAIL-minus-EVENT-EMP,-10.40365950205849,-0.044274651257253335
461,contracted_maximum_demand,TAIL-minus-EVENT-EMP,-6.298035382753161,-0.17005431602203266
462,contracted_maximum_demand,TAIL-minus-EVENT-EMP,-22.6448966133088,-0.07478693922656333
463,contracted_maximum_demand,TAIL-minus-EVENT-EMP,7.643541553533311,0.0
464,contracted_maximum_demand,TAIL-minus-EVENT-EMP,-16.38492592847715,0.010083481815859998
465,contracted_maximum_demand,TAIL-minus-EVENT-EMP,11.465426762568699,0.0
466,contracted_maximum_demand,TAIL-minus-EVENT-EMP,0.7726651438051513,-0.014539211347926618
467,contracted_maximum_demand,TAIL-minus-EVENT-EMP,-14.667636151658082,-0.13218877191238992
468,contracted_maximum_demand,TAIL-minus-EVENT-EMP,-7.95173333259288,-0.11126290484729968
469,contracted_maximum_demand,TAIL-minus-EVENT-EMP,-46.11474301689946,0.0
470,contracted_maximum_demand,TAIL-minus-EVENT-EMP,-17.55374872489773,-0.5145649559031266
471,contracted_maximum_demand,TAIL-minus-EVENT-EMP,-5.606292010129218,0.35968372829037326
472,contracted_maximum_demand,TAIL-minus-EVENT-EMP,-9.08347008084565,-0.14003812525493592
473,contracted_maximum_demand,TAIL-minus-EVENT-EMP,5.651359118496879,0.0
474,contracted_maximum_demand,TAIL-minus-EVENT-EMP,1.31701476875998,0.0
475,contracted_maximum_demand,TAIL-minus-EVENT-EMP,-34.1637786000857,0.0
476,contracted_maximum_demand,TAIL-minus-EVENT-EMP,-9.46712249712216,0.0
477,contracted_maximum_demand,TAIL-minus-EVENT-EMP,-60.46635083166767,0.0
478,contracted_maximum_demand,TAIL-minus-EVENT-EMP,-12.606545062015712,-0.01514625096270516
479,contracted_maximum_demand,TAIL-minus-EVENT-EMP,3.863260832004821,0.0
480,contracted_maximum_demand,TAIL-minus-EVENT-EMP,-7.999077079959066,0.06945360023161336
481,contracted_maximum_demand,TAIL-minus-EVENT-EMP,1.3091864391089496,-0.5356625568169566
482,contracted_maximum_demand,TAIL-minus-EVENT-EMP,-20.40258680547923,0.07531636763617358
483,contracted_maximum_demand,TAIL-minus-EVENT-EMP,4.0367259113802705,0.45896430136249666
484,contracted_maximum_demand,TAIL-minus-EVENT-EMP,4.356210891520229,0.15659269221228994
485,contracted_maximum_demand,TAIL-minus-EVENT-EMP,-88.11535875857291,0.0
486,contracted_maximum_demand,TAIL-minus-EVENT-EMP,0.40166249712211,0.0023125965056941165
487,contracted_maximum_demand,TAIL-minus-EVENT-EMP,-14.763034615905129,0.18161994908553994
488,contracted_maximum_demand,TAIL-minus-EVENT-EMP,-7.137639603611678,0.0
489,contracted_maximum_demand,TAIL-minus-EVENT-EMP,-11.01661568518544,0.012599538242757773
490,contracted_maximum_demand,TAIL-minus-EVENT-EMP,-1.9173457231366597,-0.027492336593686658
491,contracted_maximum_demand,TAIL-minus-EVENT-EMP,2.0270312855947656,0.0
492,contracted_maximum_demand,TAIL-minus-EVENT-EMP,-1.4454089869849502,0.0028870612361799573
493,contracted_maximum_demand,TAIL-minus-EVENT-EMP,-13.24019331070582,0.09667396279032665
494,contracted_maximum_demand,TAIL-minus-EVENT-EMP,-11.09265695088107,0.0
495,contracted_maximum_demand,TAIL-minus-EVENT-EMP,-3.323873629810921,0.0
496,contracted_maximum_demand,TAIL-minus-EVENT-EMP,12.523212592096279,-0.6783728051827332
497,contracted_maximum_demand,TAIL-minus-EVENT-EMP,-7.64030293099312,0.0
498,contracted_maximum_demand,TAIL-minus-EVENT-EMP,10.96875992833502,-0.4069400115794333
499,contracted_maximum_demand,TAIL-minus-EVENT-EMP,-18.92445511541939,0.21849312326796003
500,contracted_maximum_demand,TAIL-minus-EVENT-EMP,2.5999466512792897,-0.4235816017383866
501,contracted_maximum_demand,TAIL-minus-EVENT-EMP,0.2321514062708901,-0.4687380405835966
502,contracted_maximum_demand,TAIL-minus-EVENT-EMP,-10.91969057371803,-0.004735226825428622
503,contracted_maximum_demand,TAIL-minus-EVENT-EMP,-6.0094182269886804,-0.7293070068683265
504,contracted_maximum_demand,TAIL-minus-EVENT-EMP,13.09710891687337,0.3737771534857433
505,contracted_maximum_demand,TAIL-minus-EVENT-EMP,6.804176787699411,0.0
506,contracted_maximum_demand,TAIL-minus-EVENT-EMP,-2.7803985419816017,-0.10535001672535331
507,contracted_maximum_demand,TAIL-minus-EVENT-EMP,-17.24910767270038,0.5638476674295753
508,contracted_maximum_demand,TAIL-minus-EVENT-EMP,1.1860278484687903,0.0
509,contracted_maximum_demand,TAIL-minus-EVENT-EMP,8.64141661968384,0.0
510,contracted_maximum_demand,TAIL-minus-EVENT-EMP,-6.549978166351789,0.0058682890983099804
511,contracted_maximum_demand,TAIL-minus-EVENT-EMP,-3.5476042814801114,0.0
512,contracted_maximum_demand,TAIL-minus-EVENT-EMP,-11.415379476262421,-0.07063535736661335
513,contracted_maximum_demand,TAIL-minus-EVENT-EMP,-6.804512438478029,0.07667025234831333
514,contracted_maximum_demand,TAIL-minus-EVENT-EMP,5.37736185009814,0.0
515,contracted_maximum_demand,TAIL-minus-EVENT-EMP,21.37138869525324,0.0
516,contracted_maximum_demand,TAIL-minus-EVENT-EMP,-25.415840024468928,-0.45733958345656994
517,contracted_maximum_demand,TAIL-minus-EVENT-EMP,-16.740157521216652,0.40260787600094655
518,contracted_maximum_demand,TAIL-minus-EVENT-EMP,2.88758574665469,-0.5465613820719499
519,contracted_maximum_demand,TAIL-minus-EVENT-EMP,-0.80141810190828,-0.3735536152866533
520,contracted_maximum_demand,TAIL-minus-EVENT-EMP,-9.381415226241941,0.0910360177135066
521,contracted_maximum_demand,TAIL-minus-EVENT-EMP,-6.386573721260951,-0.10244806705106663
522,contracted_maximum_demand,TAIL-minus-EVENT-EMP,-11.593012507099461,0.0
523,contracted_maximum_demand,TAIL-minus-EVENT-EMP,-4.615578473437148,0.3564469795546166
524,contracted_maximum_demand,TAIL-minus-EVENT-EMP,-7.945230575790362,0.0
525,contracted_maximum_demand,TAIL-minus-EVENT-EMP,-14.207718768225078,0.4252889016316299
526,contracted_maximum_demand,TAIL-minus-EVENT-EMP,-0.6830278846388399,0.0
527,contracted_maximum_demand,TAIL-minus-EVENT-EMP,-16.72787346337771,-0.0453020414439933
528,contracted_maximum_demand,TAIL-minus-EVENT-EMP,-9.817254046461139,-0.0028135250160199942
529,contracted_maximum_demand,TAIL-minus-EVENT-EMP,-17.157599385437422,0.4542559346532699
530,contracted_maximum_demand,TAIL-minus-EVENT-EMP,-1.8512890913515503,-0.09332920737460666
531,contracted_maximum_demand,TAIL-minus-EVENT-EMP,-9.18151171784165,-0.05148673450022
532,contracted_maximum_demand,TAIL-minus-EVENT-EMP,-6.129145509677699,-0.10315038969411333
533,contracted_maximum_demand,TAIL-minus-EVENT-EMP,-3.309662818339311,-0.12320686541727999
534,contracted_maximum_demand,TAIL-minus-EVENT-EMP,-4.29843684854008,0.000682439387853298
535,contracted_maximum_demand,TAIL-minus-EVENT-EMP,1.9609175195607205,0.07425550235625995
536,contracted_maximum_demand,TAIL-minus-EVENT-EMP,6.737910551242579,0.0
537,contracted_maximum_demand,TAIL-minus-EVENT-EMP,-10.41087658747281,0.3525901454756166
538,contracted_maximum_demand,TAIL-minus-EVENT-EMP,23.37323983353774,0.0
539,contracted_maximum_demand,TAIL-minus-EVENT-EMP,-0.6363940133741197,0.04256859601758
540,contracted_maximum_demand,TAIL-minus-EVENT-EMP,-19.54493762872492,0.10713925108506664
541,contracted_maximum_demand,TAIL-minus-EVENT-EMP,-8.16753578135388,-0.06177589026543333
542,contracted_maximum_demand,TAIL-minus-EVENT-EMP,-3.9818869529881895,0.028702519264500004
543,contracted_maximum_demand,TAIL-minus-EVENT-EMP,6.46571967121074,-0.25167341183144
544,contracted_maximum_demand,TAIL-minus-EVENT-EMP,-0.03893706605982983,-0.02796029683946044
545,contracted_maximum_demand,TAIL-minus-EVENT-EMP,-15.692138436924012,-0.2892778224595391
546,contracted_maximum_demand,TAIL-minus-EVENT-EMP,39.89589599358564,0.0
547,contracted_maximum_demand,TAIL-minus-EVENT-EMP,-128.94426388593908,-0.07425550235625995
548,contracted_maximum_demand,TAIL-minus-EVENT-EMP,-1.163609069222682,0.14216745363603334
549,contracted_maximum_demand,TAIL-minus-EVENT-EMP,-18.63884134669035,0.06432711190096155
550,contracted_maximum_demand,TAIL-minus-EVENT-EMP,-22.92117991209799,-0.07702590199655088
551,contracted_maximum_demand,TAIL-minus-EVENT-EMP,-63.98357917409307,0.0
552,contracted_maximum_demand,TAIL-minus-EVENT-EMP,-7.812952789284839,0.06530958306897999
553,contracted_maximum_demand,TAIL-minus-EVENT-EMP,1.6925989924896996,0.0
554,contracted_maximum_demand,TAIL-minus-EVENT-EMP,-9.321430864216621,0.11748028497350253
555,contracted_maximum_demand,TAIL-minus-EVENT-EMP,-15.889861561047821,0.10493016537293999
556,contracted_maximum_demand,TAIL-minus-EVENT-EMP,8.781941715945871,0.21197940397693332
557,contracted_maximum_demand,TAIL-minus-EVENT-EMP,-9.73197607740729,-0.24336403992948663
558,contracted_maximum_demand,TAIL-minus-EVENT-EMP,-13.49671872796845,-0.29308660911132006
559,contracted_maximum_demand,TAIL-minus-EVENT-EMP,-13.34392633652127,-0.455660402434891
560,contracted_maximum_demand,TAIL-minus-EVENT-EMP,-15.679041753765368,-0.03023351358714668
561,contracted_maximum_demand,TAIL-minus-EVENT-EMP,-8.137126591897081,-0.05318663891739932
562,contracted_maximum_demand,TAIL-minus-EVENT-EMP,-4.91135776424698,0.06759652185370667
563,contracted_maximum_demand,TAIL-minus-EVENT-EMP,-9.430394665958609,0.29935023353043994
564,contracted_maximum_demand,TAIL-minus-EVENT-EMP,-2.2192055753128717,0.07807700103284668
565,contracted_maximum_demand,TAIL-minus-EVENT-EMP,0.3687641224492305,-0.07656364449939332
566,contracted_maximum_demand,TAIL-minus-EVENT-EMP,-7.082908408869751,-0.008305736765266622
567,contracted_maximum_demand,TAIL-minus-EVENT-EMP,-15.99157701216841,-0.061598885732146474
568,contracted_maximum_demand,TAIL-minus-EVENT-EMP,3.0953058061053698,-0.45229668892029995
569,contracted_maximum_demand,TAIL-minus-EVENT-EMP,18.40540219433294,0.0
570,contracted_maximum_demand,TAIL-minus-EVENT-EMP,-51.71381806617874,0.0
571,contracted_maximum_demand,TAIL-minus-EVENT-EMP,-2.33733123469019,-0.15911273690518668
572,contracted_maximum_demand,TAIL-minus-EVENT-EMP,4.31784984600945,-0.6626435422976867
573,contracted_maximum_demand,TAIL-minus-EVENT-EMP,-11.488358014322458,-0.3639945694068094
574,contracted_maximum_demand,TAIL-minus-EVENT-EMP,-10.25457027547452,-0.0006834570493722117
575,contracted_maximum_demand,TAIL-minus-EVENT-EMP,-12.746227991932615,-0.37663743291899665
576,contracted_maximum_demand,TAIL-minus-EVENT-EMP,-12.37079772998648,-0.1243531489376955
577,contracted_maximum_demand,TAIL-minus-EVENT-EMP,-13.651529457927891,-0.014251529242922062
578,contracted_maximum_demand,TAIL-minus-EVENT-EMP,-6.5226175016663,0.0
579,contracted_maximum_demand,TAIL-minus-EVENT-EMP,-16.62898011737771,0.00607923558152
580,contracted_maximum_demand,TAIL-minus-EVENT-EMP,4.244885537923027,-0.12512504967929008
581,contracted_maximum_demand,TAIL-minus-EVENT-EMP,-5.77924474402578,0.23843843458695663
582,contracted_maximum_demand,TAIL-minus-EVENT-EMP,-10.287686050909109,-0.1986855663071533
583,contracted_maximum_demand,TAIL-minus-EVENT-EMP,-18.67985458464252,-0.09550988150455997
584,contracted_maximum_demand,TAIL-minus-EVENT-EMP,-9.07287643239332,0.0
585,contracted_maximum_demand,TAIL-minus-EVENT-EMP,-7.04185561842518,-0.03600792954250623
586,contracted_maximum_demand,TAIL-minus-EVENT-EMP,8.162511174620949,0.07425550235625995
587,contracted_maximum_demand,TAIL-minus-EVENT-EMP,3.9357607648747206,-0.004227080897316693
588,contracted_maximum_demand,TAIL-minus-EVENT-EMP,16.8336731033094,0.0
589,contracted_maximum_demand,TAIL-minus-EVENT-EMP,-1.0076447895975102,-0.2813750464944667
590,contracted_maximum_demand,TAIL-minus-EVENT-EMP,-7.598237891960169,-0.3562003329433666
591,contracted_maximum_demand,TAIL-minus-EVENT-EMP,6.0450006968956,0.0
592,contracted_maximum_demand,TAIL-minus-EVENT-EMP,-23.747635218469863,-0.010110281446248124
593,contracted_maximum_demand,TAIL-minus-EVENT-EMP,-10.17375876617244,-0.5891868607902534
594,contracted_maximum_demand,TAIL-minus-EVENT-EMP,0.5868044718657983,-0.44952082810938
595,contracted_maximum_demand,TAIL-minus-EVENT-EMP,-24.50848793461828,0.2332333328434433
596,contracted_maximum_demand,TAIL-minus-EVENT-EMP,7.677392217364128,-0.3837470901125001
597,contracted_maximum_demand,TAIL-minus-EVENT-EMP,-14.00407547234494,0.0028776945371066665
598,contracted_maximum_demand,TAIL-minus-EVENT-EMP,-25.64979959497013,0.18095557565138584
599,contracted_maximum_demand,TAIL-minus-EVENT-EMP,10.47424680473339,-0.24198872841160665
600,contracted_maximum_demand,TAIL-minus-EVENT-EMP,-19.974061580418223,0.07967028452571337
601,contracted_maximum_demand,TAIL-minus-EVENT-EMP,30.60514779124615,0.0
602,contracted_maximum_demand,TAIL-minus-EVENT-EMP,-4.722970435683579,0.07682864002873337
603,contracted_maximum_demand,TAIL-minus-EVENT-EMP,-6.465421452738379,-0.17536070919511332
604,contracted_maximum_demand,TAIL-minus-EVENT-EMP,-15.545063500062517,0.09917751105046
605,contracted_maximum_demand,TAIL-minus-EVENT-EMP,-17.93105246383732,-0.4511369819229833
606,contracted_maximum_demand,TAIL-minus-EVENT-EMP,-2.98440380601884,0.0
607,contracted_maximum_demand,TAIL-minus-EVENT-EMP,-18.41115612552133,-0.35082509138032036
608,contracted_maximum_demand,TAIL-minus-EVENT-EMP,21.33410307946515,0.0
609,contracted_maximum_demand,TAIL-minus-EVENT-EMP,-11.87077188936445,-0.5529668968507433
610,contracted_maximum_demand,TAIL-minus-EVENT-EMP,2.6074168334607184,0.0
611,contracted_maximum_demand,TAIL-minus-EVENT-EMP,-7.964478075148359,-0.07425550235625995
612,contracted_maximum_demand,TAIL-minus-EVENT-EMP,-3.58914050521517,0.0
613,contracted_maximum_demand,TAIL-minus-EVENT-EMP,21.232572463474085,-1.2389831235035533
614,contracted_maximum_demand,TAIL-minus-EVENT-EMP,10.052202746139681,0.0
615,contracted_maximum_demand,TAIL-minus-EVENT-EMP,35.67569589666046,0.0
616,contracted_maximum_demand,TAIL-minus-EVENT-EMP,2.5010723762346294,0.0
617,contracted_maximum_demand,TAIL-minus-EVENT-EMP,-17.674866255595358,-0.49528812090327884
618,contracted_maximum_demand,TAIL-minus-EVENT-EMP,-10.111403267930111,0.015620724574280003
619,contracted_maximum_demand,TAIL-minus-EVENT-EMP,-11.738619401989558,0.07425550235625995
620,contracted_maximum_demand,TAIL-minus-EVENT-EMP,-9.779070638220569,0.0009577285868800969
621,contracted_maximum_demand,TAIL-minus-EVENT-EMP,-16.493435014379948,0.2547444932871867
622,contracted_maximum_demand,TAIL-minus-EVENT-EMP,-1.0541132292347433,-0.5243566641810801
623,contracted_maximum_demand,TAIL-minus-EVENT-EMP,-4.8958204267113015,-0.2310923137910067
624,contracted_maximum_demand,TAIL-minus-EVENT-EMP,18.20213642631888,0.5383208690373432
625,contracted_maximum_demand,TAIL-minus-EVENT-EMP,-3.64347243188809,0.07425550235625995
626,contracted_maximum_demand,TAIL-minus-EVENT-EMP,-14.320331980730177,0.30463074446151334
627,contracted_maximum_demand,TAIL-minus-EVENT-EMP,-1.10710117337081,0.4169030681901566
628,contracted_maximum_demand,TAIL-minus-EVENT-EMP,-17.73150937681525,-0.05657335967837724
629,contracted_maximum_demand,TAIL-minus-EVENT-EMP,-13.152222233415129,-0.04399051370825203
630,contracted_maximum_demand,TAIL-minus-EVENT-EMP,-11.28916019936524,-0.006114338545126667
631,contracted_maximum_demand,TAIL-minus-EVENT-EMP,5.161519573255749,0.0
632,contracted_maximum_demand,TAIL-minus-EVENT-EMP,-7.213353842760909,-0.14333646052552643
633,contracted_maximum_demand,TAIL-minus-EVENT-EMP,-15.3382081834792,0.14530380224835332
634,contracted_maximum_demand,TAIL-minus-EVENT-EMP,-15.47210445979062,0.0
635,contracted_maximum_demand,TAIL-minus-EVENT-EMP,5.397817147306509,0.49547335431742584
636,contracted_maximum_demand,TAIL-minus-EVENT-EMP,-3.2504129628979808,0.07425550235625995
637,contracted_maximum_demand,TAIL-minus-EVENT-EMP,-4.7829833209663715,0.05566814346011071
638,contracted_maximum_demand,TAIL-minus-EVENT-EMP,4.673765223739699,0.4842750493759966
639,contracted_maximum_demand,TAIL-minus-EVENT-EMP,-16.22406300163284,0.0
640,contracted_maximum_demand,TAIL-minus-EVENT-EMP,19.61533347545063,0.0
641,contracted_maximum_demand,TAIL-minus-EVENT-EMP,2.9794987898008607,0.09053425900187999
642,contracted_maximum_demand,TAIL-minus-EVENT-EMP,-4.465569713723141,0.01615824275518667
643,contracted_maximum_demand,TAIL-minus-EVENT-EMP,18.469128962409,0.0
644,contracted_maximum_demand,TAIL-minus-EVENT-EMP,-11.385227322745639,0.08658568371141187
645,contracted_maximum_demand,TAIL-minus-EVENT-EMP,-21.85171927441582,-0.9652147334409101
646,contracted_maximum_demand,TAIL-minus-EVENT-EMP,-0.09827764348072018,-0.010666347680793331
647,contracted_maximum_demand,TAIL-minus-EVENT-EMP,-12.69140847110353,0.3312971745766233
648,contracted_maximum_demand,TAIL-minus-EVENT-EMP,-22.11544243758962,0.04772516666506667
649,contracted_maximum_demand,TAIL-minus-EVENT-EMP,-15.630311690097948,0.043963999778279986
650,contracted_maximum_demand,TAIL-minus-EVENT-EMP,-14.857802873153169,-0.0828751701423
651,contracted_maximum_demand,TAIL-minus-EVENT-EMP,5.13349837499934,-0.18804829644762666
652,contracted_maximum_demand,TAIL-minus-EVENT-EMP,-14.10733127672231,0.1109128639691945
653,contracted_maximum_demand,TAIL-minus-EVENT-EMP,-12.436251242942168,0.0
654,contracted_maximum_demand,TAIL-minus-EVENT-EMP,-7.383737004530608,0.015819604974753324
655,contracted_maximum_demand,TAIL-minus-EVENT-EMP,10.65025158400068,-0.38132478518926
656,contracted_maximum_demand,TAIL-minus-EVENT-EMP,-9.72479951485222,-0.11222787348194668
657,contracted_maximum_demand,TAIL-minus-EVENT-EMP,-6.09096128842275,-0.07834990252862675
658,contracted_maximum_demand,TAIL-minus-EVENT-EMP,-1.6254498740511991,0.0
659,contracted_maximum_demand,TAIL-minus-EVENT-EMP,22.97878765067999,0.0
660,contracted_maximum_demand,TAIL-minus-EVENT-EMP,3.1544920121104507,-0.06527082350925002
661,contracted_maximum_demand,TAIL-minus-EVENT-EMP,-13.2538562392785,0.07151473582089334
662,contracted_maximum_demand,TAIL-minus-EVENT-EMP,-9.408325269901868,0.21264431907888
663,contracted_maximum_demand,TAIL-minus-EVENT-EMP,-15.126484613033911,-0.2614096979184589
664,contracted_maximum_demand,TAIL-minus-EVENT-EMP,-1.9294114507242097,-0.15997492013734663
665,contracted_maximum_demand,TAIL-minus-EVENT-EMP,-18.6615673842891,-0.020378912500686665
666,contracted_maximum_demand,TAIL-minus-EVENT-EMP,-4.279493994413389,0.0
667,contracted_maximum_demand,TAIL-minus-EVENT-EMP,-5.83191854003923,-0.37894729685929823
668,contracted_maximum_demand,TAIL-minus-EVENT-EMP,1.4440811528831698,0.01607204306757334
669,contracted_maximum_demand,TAIL-minus-EVENT-EMP,-6.721115508714382,-0.0067725331066090565
670,contracted_maximum_demand,TAIL-minus-EVENT-EMP,4.1462472032944095,0.0
671,contracted_maximum_demand,TAIL-minus-EVENT-EMP,-1.5813671431955798,-0.07425550235625995
672,contracted_maximum_demand,TAIL-minus-EVENT-EMP,-5.62156663419019,0.07425550235625995
673,contracted_maximum_demand,TAIL-minus-EVENT-EMP,-6.924090955224315,0.16819881855487331
674,contracted_maximum_demand,TAIL-minus-EVENT-EMP,-7.791285273675699,0.07108775838247333
675,contracted_maximum_demand,TAIL-minus-EVENT-EMP,-9.12352312252115,-0.1457513880328934
676,contracted_maximum_demand,TAIL-minus-EVENT-EMP,34.0967013849842,-0.2213944684217566
677,contracted_maximum_demand,TAIL-minus-EVENT-EMP,-14.06518901170473,0.013650867953546655
678,contracted_maximum_demand,TAIL-minus-EVENT-EMP,-5.603377874415419,0.13355725068891333
679,contracted_maximum_demand,TAIL-minus-EVENT-EMP,-3.787721685708409,0.11066096260742668
680,contracted_maximum_demand,TAIL-minus-EVENT-EMP,-11.65150472773674,0.0503354621802213
681,contracted_maximum_demand,TAIL-minus-EVENT-EMP,-15.44118895937266,0.48981512863950993
682,contracted_maximum_demand,TAIL-minus-EVENT-EMP,0.6758413251851308,-0.4035316873270067
683,contracted_maximum_demand,TAIL-minus-EVENT-EMP,-7.850258975174039,-0.36237911636628667
684,contracted_maximum_demand,TAIL-minus-EVENT-EMP,-4.616789697881702,0.020641439818200005
685,contracted_maximum_demand,TAIL-minus-EVENT-EMP,-0.88277321016203,-0.36562033229790336
686,contracted_maximum_demand,TAIL-minus-EVENT-EMP,-10.04005397486197,-0.21258006048313333
687,contracted_maximum_demand,TAIL-minus-EVENT-EMP,-0.12280547633533034,-0.19876383194209332
688,contracted_maximum_demand,TAIL-minus-EVENT-EMP,-3.02603357699299,-0.1613107697487133
689,contracted_maximum_demand,TAIL-minus-EVENT-EMP,-15.59143489529462,-0.35776162360631003
690,contracted_maximum_demand,TAIL-minus-EVENT-EMP,-20.61359359173144,0.0
691,contracted_maximum_demand,TAIL-minus-EVENT-EMP,-7.155766095860379,0.008373186891176727
692,contracted_maximum_demand,TAIL-minus-EVENT-EMP,-26.07633968722275,-0.4061512476760534
693,contracted_maximum_demand,TAIL-minus-EVENT-EMP,-17.883464105249207,0.0
694,contracted_maximum_demand,TAIL-minus-EVENT-EMP,11.549601467962143,0.33897620085173663
695,contracted_maximum_demand,TAIL-minus-EVENT-EMP,-11.41637893442945,-0.44126303268662664
696,contracted_maximum_demand,TAIL-minus-EVENT-EMP,-5.2743690236921585,0.0
697,contracted_maximum_demand,TAIL-minus-EVENT-EMP,-12.398900280396699,0.04975571110572667
698,contracted_maximum_demand,TAIL-minus-EVENT-EMP,-6.06003245005359,0.0
699,contracted_maximum_demand,TAIL-minus-EVENT-EMP,1.9444653916275403,0.0
700,contracted_maximum_demand,TAIL-minus-EVENT-EMP,-13.4829177768108,-0.18530502969305337
701,contracted_maximum_demand,TAIL-minus-EVENT-EMP,0.83098874944647,0.5621212690520899
702,contracted_maximum_demand,TAIL-minus-EVENT-EMP,-6.043304816726951,-0.026858415565986667
703,contracted_maximum_demand,TAIL-minus-EVENT-EMP,20.29753650790102,0.0
704,contracted_maximum_demand,TAIL-minus-EVENT-EMP,-1.48295468567032,0.0
705,contracted_maximum_demand,TAIL-minus-EVENT-EMP,-21.53738812681185,0.07118374550487333
706,contracted_maximum_demand,TAIL-minus-EVENT-EMP,-22.086903851470836,-0.28059927642866
707,contracted_maximum_demand,TAIL-minus-EVENT-EMP,-7.4048598080528825,0.15374278062070668
708,contracted_maximum_demand,TAIL-minus-EVENT-EMP,-20.76271023210303,-0.09238064559023669
709,contracted_maximum_demand,TAIL-minus-EVENT-EMP,-12.300793063251652,-0.07425550235625995
710,contracted_maximum_demand,TAIL-minus-EVENT-EMP,-12.2065719070051,0.011511537830779999
711,contracted_maximum_demand,TAIL-minus-EVENT-EMP,-5.5019058109449706,-0.07425550235625995
712,contracted_maximum_demand,TAIL-minus-EVENT-EMP,15.643453433019673,0.0
713,contracted_maximum_demand,TAIL-minus-EVENT-EMP,-8.64978625621145,0.0029428843411933355
714,contracted_maximum_demand,TAIL-minus-EVENT-EMP,-11.73592406803879,0.40415084218680997
715,contracted_maximum_demand,TAIL-minus-EVENT-EMP,8.01236434159162,0.0
716,contracted_maximum_demand,TAIL-minus-EVENT-EMP,1.6647033443983703,0.0
717,contracted_maximum_demand,TAIL-minus-EVENT-EMP,-9.05167699575596,-0.43304044389186996
718,contracted_maximum_demand,TAIL-minus-EVENT-EMP,-6.672781199299589,-0.5818880820398773
719,contracted_maximum_demand,TAIL-minus-EVENT-EMP,24.15686473720358,0.0
720,contracted_maximum_demand,TAIL-minus-EVENT-EMP,-11.152628222792412,-0.07714422789334666
721,contracted_maximum_demand,TAIL-minus-EVENT-EMP,-1.1060530762910095,0.05883426536419335
722,contracted_maximum_demand,TAIL-minus-EVENT-EMP,-4.2935852973671915,0.48831643706519334
723,contracted_maximum_demand,TAIL-minus-EVENT-EMP,-16.65634601554655,0.17240225105404333
724,contracted_maximum_demand,TAIL-minus-EVENT-EMP,3.433409106288869,0.0
725,contracted_maximum_demand,TAIL-minus-EVENT-EMP,-14.570185077021588,0.0
726,contracted_maximum_demand,TAIL-minus-EVENT-EMP,-16.57680597730309,0.07425550235625995
727,contracted_maximum_demand,TAIL-minus-EVENT-EMP,-20.58385291384765,-0.02700941125258001
728,contracted_maximum_demand,TAIL-minus-EVENT-EMP,-17.10409241677779,0.026132970994250774
729,contracted_maximum_demand,TAIL-minus-EVENT-EMP,-10.14690665241871,0.023076457983176524
730,contracted_maximum_demand,TAIL-minus-EVENT-EMP,-26.73713332131737,0.17942703050780248
731,contracted_maximum_demand,TAIL-minus-EVENT-EMP,-6.334351097562829,0.021208528747543476
732,contracted_maximum_demand,TAIL-minus-EVENT-EMP,-11.218714757218862,0.0
733,contracted_maximum_demand,TAIL-minus-EVENT-EMP,12.531451980849889,0.0
734,contracted_maximum_demand,TAIL-minus-EVENT-EMP,-13.76127125182224,-0.43870883538988
735,contracted_maximum_demand,TAIL-minus-EVENT-EMP,-7.41530499618299,0.06473849099795999
736,contracted_maximum_demand,TAIL-minus-EVENT-EMP,-9.220271508453,-0.453163095770693
737,contracted_maximum_demand,TAIL-minus-EVENT-EMP,5.16660776978691,0.07425550235625995
738,contracted_maximum_demand,TAIL-minus-EVENT-EMP,-16.27759223055992,-0.14251266340381333
739,contracted_maximum_demand,TAIL-minus-EVENT-EMP,20.991739370095633,0.0
740,contracted_maximum_demand,TAIL-minus-EVENT-EMP,-2.3844347723310397,0.0
741,contracted_maximum_demand,TAIL-minus-EVENT-EMP,-8.20014331290797,0.14540787892364004
742,contracted_maximum_demand,TAIL-minus-EVENT-EMP,3.3345601390155495,-0.03466254400173334
743,contracted_maximum_demand,TAIL-minus-EVENT-EMP,-9.054403211846411,-0.03255005121716667
744,contracted_maximum_demand,TAIL-minus-EVENT-EMP,2.32161734207995,0.0
745,contracted_maximum_demand,TAIL-minus-EVENT-EMP,7.84053184433019,0.0
746,contracted_maximum_demand,TAIL-minus-EVENT-EMP,-11.27216009561716,-0.5677869874675912
747,contracted_maximum_demand,TAIL-minus-EVENT-EMP,6.91467965248877,-0.09681523458585331
748,contracted_maximum_demand,TAIL-minus-EVENT-EMP,-17.01370841000822,-0.026728510206259576
749,contracted_maximum_demand,TAIL-minus-EVENT-EMP,14.36253402411794,0.0
750,contracted_maximum_demand,TAIL-minus-EVENT-EMP,-1.2338891554821596,0.2667379484953933
751,contracted_maximum_demand,TAIL-minus-EVENT-EMP,19.89688355575477,0.0
752,contracted_maximum_demand,TAIL-minus-EVENT-EMP,21.40343728832707,0.13036170667427
753,contracted_maximum_demand,TAIL-minus-EVENT-EMP,-13.638819969453678,-0.07466807986530005
754,contracted_maximum_demand,TAIL-minus-EVENT-EMP,2.8291249719066403,0.0
755,contracted_maximum_demand,TAIL-minus-EVENT-EMP,-18.060288989434962,-0.20384784904332998
756,contracted_maximum_demand,TAIL-minus-EVENT-EMP,-10.88203396735422,0.37494931647207663
757,contracted_maximum_demand,TAIL-minus-EVENT-EMP,-15.560270054947878,0.0
758,contracted_maximum_demand,TAIL-minus-EVENT-EMP,29.324840706161282,0.0
759,contracted_maximum_demand,TAIL-minus-EVENT-EMP,8.63454690789139,0.0
760,contracted_maximum_demand,TAIL-minus-EVENT-EMP,11.59091469103711,-0.19497389072529997
761,contracted_maximum_demand,TAIL-minus-EVENT-EMP,-5.5747822227845205,-0.37069977512894337
762,contracted_maximum_demand,TAIL-minus-EVENT-EMP,-6.46979653099032,-0.07425550235625995
763,contracted_maximum_demand,TAIL-minus-EVENT-EMP,-5.40085053150642,-0.07425550235625995
764,contracted_maximum_demand,TAIL-minus-EVENT-EMP,-10.195357883902,-0.07425550235625995
765,contracted_maximum_demand,TAIL-minus-EVENT-EMP,3.657279699312821,0.0
766,contracted_maximum_demand,TAIL-minus-EVENT-EMP,-14.469085064393807,0.2505833220069533
767,contracted_maximum_demand,TAIL-minus-EVENT-EMP,3.7618671654295706,0.0
768,contracted_maximum_demand,TAIL-minus-EVENT-EMP,-4.719532097799389,0.27436684043817916
769,contracted_maximum_demand,TAIL-minus-EVENT-EMP,-7.058660508028401,0.5551715412596233
770,contracted_maximum_demand,TAIL-minus-EVENT-EMP,-15.401050279627098,0.01382939527464
771,contracted_maximum_demand,TAIL-minus-EVENT-EMP,-6.785752072984979,-0.3242027169960867
772,contracted_maximum_demand,TAIL-minus-EVENT-EMP,-15.467689797113618,-0.1819947001839733
773,contracted_maximum_demand,TAIL-minus-EVENT-EMP,-2.2803118984257797,0.0
774,contracted_maximum_demand,TAIL-minus-EVENT-EMP,5.16136717710832,0.0
775,contracted_maximum_demand,TAIL-minus-EVENT-EMP,-6.956788015244042,0.08853009287754668
776,contracted_maximum_demand,TAIL-minus-EVENT-EMP,-10.32062819445574,0.0
777,contracted_maximum_demand,TAIL-minus-EVENT-EMP,-7.87627823174621,0.07110692927577998
778,contracted_maximum_demand,TAIL-minus-EVENT-EMP,-12.13734010456127,-0.05628245652954996
779,contracted_maximum_demand,TAIL-minus-EVENT-EMP,7.88813389145411,0.0
780,contracted_maximum_demand,TAIL-minus-EVENT-EMP,-10.892885012454949,-0.013952079258379988
781,contracted_maximum_demand,TAIL-minus-EVENT-EMP,-1.4450142773585417,0.040235618960126666
782,contracted_maximum_demand,TAIL-minus-EVENT-EMP,-5.355413177386071,0.025344802929653326
783,contracted_maximum_demand,TAIL-minus-EVENT-EMP,1.29683983621155,-0.03517137834930326
784,contracted_maximum_demand,TAIL-minus-EVENT-EMP,8.358524644893512,0.0
785,contracted_maximum_demand,TAIL-minus-EVENT-EMP,-22.795688923081244,0.18734382544045333
786,contracted_maximum_demand,TAIL-minus-EVENT-EMP,-2.0198314654248497,-0.5484557935436433
787,contracted_maximum_demand,TAIL-minus-EVENT-EMP,4.87909944165762,-0.04191990977039411
788,contracted_maximum_demand,TAIL-minus-EVENT-EMP,-10.087545549321419,0.0016250122871706528
789,contracted_maximum_demand,TAIL-minus-EVENT-EMP,-8.13755993958682,-0.3831309240965533
790,contracted_maximum_demand,TAIL-minus-EVENT-EMP,-5.872275294073769,0.04393485995415662
791,contracted_maximum_demand,TAIL-minus-EVENT-EMP,15.33605139841277,0.07425550235625995
792,contracted_maximum_demand,TAIL-minus-EVENT-EMP,-16.168278334198988,0.03799580281564664
793,contracted_maximum_demand,TAIL-minus-EVENT-EMP,-3.8294606494267094,-0.3813513364256725
794,contracted_maximum_demand,TAIL-minus-EVENT-EMP,8.77571579752569,0.07425550235625995
795,contracted_maximum_demand,TAIL-minus-EVENT-EMP,-27.33156333119382,-0.059088774998246656
796,contracted_maximum_demand,TAIL-minus-EVENT-EMP,7.571926068237531,0.0
797,contracted_maximum_demand,TAIL-minus-EVENT-EMP,-14.864462201973799,-0.14702855334006665
798,contracted_maximum_demand,TAIL-minus-EVENT-EMP,-82.28138117806856,0.0
799,contracted_maximum_demand,TAIL-minus-EVENT-EMP,-14.054636576442359,0.25829320653339993
800,contracted_maximum_demand,TAIL-minus-EVENT-EMP,-4.132698795993281,-0.024045991324628462
801,contracted_maximum_demand,TAIL-minus-EVENT-EMP,1.8121166933452892,-0.07425550235625995
802,contracted_maximum_demand,TAIL-minus-EVENT-EMP,-2.0480609759785997,0.38524134886608996
803,contracted_maximum_demand,TAIL-minus-EVENT-EMP,-1.39775038039327,0.003090090681073321
804,contracted_maximum_demand,TAIL-minus-EVENT-EMP,-8.406308989697408,0.19569442974603332
805,contracted_maximum_demand,TAIL-minus-EVENT-EMP,-0.8707563970147304,-0.3757096347233467
806,contracted_maximum_demand,TAIL-minus-EVENT-EMP,-11.73231091560289,-0.08722809728064003
807,contracted_maximum_demand,TAIL-minus-EVENT-EMP,-10.49266825973062,0.0
808,contracted_maximum_demand,TAIL-minus-EVENT-EMP,3.17283320274225,0.0
809,contracted_maximum_demand,TAIL-minus-EVENT-EMP,-30.437338209462013,-0.38161083925987344
810,contracted_maximum_demand,TAIL-minus-EVENT-EMP,0.9085283759652701,0.5658517078252587
811,contracted_maximum_demand,TAIL-minus-EVENT-EMP,-10.499207484118573,-0.0926348663827666
812,contracted_maximum_demand,TAIL-minus-EVENT-EMP,4.3997205273435105,-0.49070921908719994
813,contracted_maximum_demand,TAIL-minus-EVENT-EMP,-5.953069461597329,0.0
814,contracted_maximum_demand,TAIL-minus-EVENT-EMP,-7.54493074226075,0.40363828613908
815,contracted_maximum_demand,TAIL-minus-EVENT-EMP,-16.61731164760486,0.020105198099286643
816,contracted_maximum_demand,TAIL-minus-EVENT-EMP,-19.55774586371749,-0.2808121143216468
817,contracted_maximum_demand,TAIL-minus-EVENT-EMP,-4.479579792514469,-0.09852842611348
818,contracted_maximum_demand,TAIL-minus-EVENT-EMP,3.5758686923494487,-0.50484098189293
819,contracted_maximum_demand,TAIL-minus-EVENT-EMP,9.57791522047402,0.0
820,contracted_maximum_demand,TAIL-minus-EVENT-EMP,3.6502514750293313,0.0
821,contracted_maximum_demand,TAIL-minus-EVENT-EMP,5.747432791766151,0.5698121222313812
822,contracted_maximum_demand,TAIL-minus-EVENT-EMP,-11.547386827266,-0.7781018849676866
823,contracted_maximum_demand,TAIL-minus-EVENT-EMP,-19.597363664963108,0.13014372601449
824,contracted_maximum_demand,TAIL-minus-EVENT-EMP,-6.243396525141991,0.07056124641243992
825,contracted_maximum_demand,TAIL-minus-EVENT-EMP,9.404817483905179,0.0
826,contracted_maximum_demand,TAIL-minus-EVENT-EMP,-11.54863166652809,-0.4130848868439532
827,contracted_maximum_demand,TAIL-minus-EVENT-EMP,-8.413223000145821,-0.023867224768040828
828,contracted_maximum_demand,TAIL-minus-EVENT-EMP,-13.75836947505392,0.01754807853141334
829,contracted_maximum_demand,TAIL-minus-EVENT-EMP,-6.059816187372541,-0.014512632791019962
830,contracted_maximum_demand,TAIL-minus-EVENT-EMP,8.60181225113249,-0.20368347977789994
831,contracted_maximum_demand,TAIL-minus-EVENT-EMP,-5.2499453905247515,0.08448416423910667
832,contracted_maximum_demand,TAIL-minus-EVENT-EMP,-1.5572520453176295,0.0
833,contracted_maximum_demand,TAIL-minus-EVENT-EMP,14.462939792545871,0.0
834,contracted_maximum_demand,TAIL-minus-EVENT-EMP,4.22888631343906,-0.28910585989345333
835,contracted_maximum_demand,TAIL-minus-EVENT-EMP,23.40912954299144,-0.96795466385982
836,contracted_maximum_demand,TAIL-minus-EVENT-EMP,-4.24702719147281,0.04863359669634665
837,contracted_maximum_demand,TAIL-minus-EVENT-EMP,-10.849555279925402,0.0008626490294024722
838,contracted_maximum_demand,TAIL-minus-EVENT-EMP,-39.41504152005395,-0.46085986912085
839,contracted_maximum_demand,TAIL-minus-EVENT-EMP,-11.76974868750913,0.06364695225343334
840,contracted_maximum_demand,TAIL-minus-EVENT-EMP,-5.2831759532505504,-0.07425550235625995
841,contracted_maximum_demand,TAIL-minus-EVENT-EMP,-26.76909471962346,-0.18428187374691743
842,contracted_maximum_demand,TAIL-minus-EVENT-EMP,4.3961486780447805,-0.028691282984506662
843,contracted_maximum_demand,TAIL-minus-EVENT-EMP,-13.874911991939321,0.4334656833738433
844,contracted_maximum_demand,TAIL-minus-EVENT-EMP,-16.330913347859376,0.03368057683096719
845,contracted_maximum_demand,TAIL-minus-EVENT-EMP,-17.3434205236774,0.06837415703382
846,contracted_maximum_demand,TAIL-minus-EVENT-EMP,14.017568055786771,0.0
847,contracted_maximum_demand,TAIL-minus-EVENT-EMP,0.2952759174166597,-0.12043834513112861
848,contracted_maximum_demand,TAIL-minus-EVENT-EMP,-19.52989813949868,0.08751688233793312
849,contracted_maximum_demand,TAIL-minus-EVENT-EMP,-21.13983310452437,0.13221484331784
850,contracted_maximum_demand,TAIL-minus-EVENT-EMP,-15.95508069459447,0.01972607390693297
851,contracted_maximum_demand,TAIL-minus-EVENT-EMP,-13.23039936956317,-0.38042329179869133
852,contracted_maximum_demand,TAIL-minus-EVENT-EMP,-4.960933082756363,0.06489882646527997
853,contracted_maximum_demand,TAIL-minus-EVENT-EMP,24.59272945126958,0.0
854,contracted_maximum_demand,TAIL-minus-EVENT-EMP,-12.2426367304352,-0.02233495735580667
855,contracted_maximum_demand,TAIL-minus-EVENT-EMP,-21.00203938199367,0.07101287218782304
856,contracted_maximum_demand,TAIL-minus-EVENT-EMP,-16.4814818176948,-0.20288442620284725
857,contracted_maximum_demand,TAIL-minus-EVENT-EMP,0.20071161858349895,0.13942866025104658
858,contracted_maximum_demand,TAIL-minus-EVENT-EMP,-4.603655979426749,0.036190862163923906
859,contracted_maximum_demand,TAIL-minus-EVENT-EMP,5.478891037642619,0.0
860,contracted_maximum_demand,TAIL-minus-EVENT-EMP,-8.75420472457672,-0.029431793807546663
861,contracted_maximum_demand,TAIL-minus-EVENT-EMP,-0.029854393269058976,-0.046363088647013335
862,contracted_maximum_demand,TAIL-minus-EVENT-EMP,19.681305221803218,0.0
863,contracted_maximum_demand,TAIL-minus-EVENT-EMP,-0.5542262103990003,0.02455143758155337
864,contracted_maximum_demand,TAIL-minus-EVENT-EMP,6.118736371919519,0.0
865,contracted_maximum_demand,TAIL-minus-EVENT-EMP,13.987805263428621,-0.17735280392518674
866,contracted_maximum_demand,TAIL-minus-EVENT-EMP,-15.303737311496729,-0.46516590435102323
867,contracted_maximum_demand,TAIL-minus-EVENT-EMP,4.0706965036402805,0.0
868,contracted_maximum_demand,TAIL-minus-EVENT-EMP,-16.02521350163674,-0.08012777537754665
869,contracted_maximum_demand,TAIL-minus-EVENT-EMP,-0.19997788493767987,0.006314088212004866
870,contracted_maximum_demand,TAIL-minus-EVENT-EMP,5.720931411028249,0.0
871,contracted_maximum_demand,TAIL-minus-EVENT-EMP,-7.357166681860372,-0.03366936772998667
872,contracted_maximum_demand,TAIL-minus-EVENT-EMP,-21.76382390294934,-0.12209663123913435
873,contracted_maximum_demand,TAIL-minus-EVENT-EMP,-13.197103082682721,-0.26308427108495336
874,contracted_maximum_demand,TAIL-minus-EVENT-EMP,-17.35334641783029,0.0
875,contracted_maximum_demand,TAIL-minus-EVENT-EMP,-9.352217086109988,0.0
876,contracted_maximum_demand,TAIL-minus-EVENT-EMP,-9.64521896165259,-0.0435581836399722
877,contracted_maximum_demand,TAIL-minus-EVENT-EMP,-1.9693099243200896,-0.11094050691985999
878,contracted_maximum_demand,TAIL-minus-EVENT-EMP,14.10539526331391,-0.23233761857038665
879,contracted_maximum_demand,TAIL-minus-EVENT-EMP,-1.73519650828631,0.0
880,contracted_maximum_demand,TAIL-minus-EVENT-EMP,1.88190847697902,-0.5699720932808117
881,contracted_maximum_demand,TAIL-minus-EVENT-EMP,23.41997515571932,0.0
882,contracted_maximum_demand,TAIL-minus-EVENT-EMP,-49.623042263894376,0.0
883,contracted_maximum_demand,TAIL-minus-EVENT-EMP,-12.77097022661327,0.1483825137352268
884,contracted_maximum_demand,TAIL-minus-EVENT-EMP,-2.35313710405478,-0.3814383367973028
885,contracted_maximum_demand,TAIL-minus-EVENT-EMP,13.72325346370327,0.07425550235625995
886,contracted_maximum_demand,TAIL-minus-EVENT-EMP,18.630672590371,0.0
887,contracted_maximum_demand,TAIL-minus-EVENT-EMP,1.9220540558903396,-0.07425550235625995
888,contracted_maximum_demand,TAIL-minus-EVENT-EMP,-4.5425881998315685,0.15570648448691998
889,contracted_maximum_demand,TAIL-minus-EVENT-EMP,-1.7409629016735304,0.4192437019543066
890,contracted_maximum_demand,TAIL-minus-EVENT-EMP,13.55493358334347,0.07425550235625995
891,contracted_maximum_demand,TAIL-minus-EVENT-EMP,-10.882828488974322,-0.48879129209393657
892,contracted_maximum_demand,TAIL-minus-EVENT-EMP,-11.38304867119054,-0.07102423253371958
893,contracted_maximum_demand,TAIL-minus-EVENT-EMP,-24.04650738250207,0.08023477185342
894,contracted_maximum_demand,TAIL-minus-EVENT-EMP,-15.15791097507847,0.012959617033480003
895,contracted_maximum_demand,TAIL-minus-EVENT-EMP,4.6363555613723895,-0.007718714184116668
896,contracted_maximum_demand,TAIL-minus-EVENT-EMP,-6.6366597354921675,0.19407364364961333
897,contracted_maximum_demand,TAIL-minus-EVENT-EMP,-13.662350208269109,0.00011117433481333018
898,contracted_maximum_demand,TAIL-minus-EVENT-EMP,5.171792344968229,-0.6679374654694866
899,contracted_maximum_demand,TAIL-minus-EVENT-EMP,4.66835229537485,-0.2527351183005267
900,contracted_maximum_demand,TAIL-minus-EVENT-EMP,17.9993078376113,0.0
901,contracted_maximum_demand,TAIL-minus-EVENT-EMP,1.0066008365806205,0.28913898574802
902,contracted_maximum_demand,TAIL-minus-EVENT-EMP,-23.09424653804082,0.10117512214890027
903,contracted_maximum_demand,TAIL-minus-EVENT-EMP,6.8200374553954415,0.0
904,contracted_maximum_demand,TAIL-minus-EVENT-EMP,-21.10456286565233,0.09986866636987694
905,contracted_maximum_demand,TAIL-minus-EVENT-EMP,-6.26718057343422,0.07393042091070849
906,contracted_maximum_demand,TAIL-minus-EVENT-EMP,-20.441022857094442,0.062466463169233336
907,contracted_maximum_demand,TAIL-minus-EVENT-EMP,0.6226622763225199,0.0
908,contracted_maximum_demand,TAIL-minus-EVENT-EMP,2.5934513854267482,0.0
909,contracted_maximum_demand,TAIL-minus-EVENT-EMP,-21.524189658918107,-0.12716309798015335
910,contracted_maximum_demand,TAIL-minus-EVENT-EMP,-21.57075027387341,0.03847452097855455
911,contracted_maximum_demand,TAIL-minus-EVENT-EMP,-7.45818462403562,0.5137495691282433
912,contracted_maximum_demand,TAIL-minus-EVENT-EMP,4.08737305500841,0.0
913,contracted_maximum_demand,TAIL-minus-EVENT-EMP,-18.327100294872036,0.2398787896042155
914,contracted_maximum_demand,TAIL-minus-EVENT-EMP,24.20583052920668,0.0
915,contracted_maximum_demand,TAIL-minus-EVENT-EMP,-12.056624072149763,0.23763356267685332
916,contracted_maximum_demand,TAIL-minus-EVENT-EMP,-8.256379617788449,0.0
917,contracted_maximum_demand,TAIL-minus-EVENT-EMP,-2.4339816541021406,0.1114963599428799
918,contracted_maximum_demand,TAIL-minus-EVENT-EMP,-3.787824577272225,-0.45716566006655973
919,contracted_maximum_demand,TAIL-minus-EVENT-EMP,8.76087708375842,0.0
920,contracted_maximum_demand,TAIL-minus-EVENT-EMP,-4.783967256844571,0.0
921,contracted_maximum_demand,TAIL-minus-EVENT-EMP,2.62456095870431,0.023229798125219952
922,contracted_maximum_demand,TAIL-minus-EVENT-EMP,-12.30554751757608,-0.12524720278386
923,contracted_maximum_demand,TAIL-minus-EVENT-EMP,-5.8090756315517,-0.12536311375106668
924,contracted_maximum_demand,TAIL-minus-EVENT-EMP,13.65426287975788,0.0
925,contracted_maximum_demand,TAIL-minus-EVENT-EMP,-9.919444701740032,-0.08037044055753334
926,contracted_maximum_demand,TAIL-minus-EVENT-EMP,-11.311744659497942,0.0
927,contracted_maximum_demand,TAIL-minus-EVENT-EMP,-11.624014974811939,-0.10156409342964
928,contracted_maximum_demand,TAIL-minus-EVENT-EMP,-1.0019012092361583,0.18992392638782668
929,contracted_maximum_demand,TAIL-minus-EVENT-EMP,-10.855521217065801,0.018347049585093336
930,contracted_maximum_demand,TAIL-minus-EVENT-EMP,22.868996888335783,0.0
931,contracted_maximum_demand,TAIL-minus-EVENT-EMP,-8.523612237751092,0.11024186160568271
932,contracted_maximum_demand,TAIL-minus-EVENT-EMP,19.37950610192115,0.0
933,contracted_maximum_demand,TAIL-minus-EVENT-EMP,0.020276537950029982,-0.03897221334580868
934,contracted_maximum_demand,TAIL-minus-EVENT-EMP,-8.525930478797772,0.11058856410530665
935,contracted_maximum_demand,TAIL-minus-EVENT-EMP,-7.60788667834067,0.006092220944073357
936,contracted_maximum_demand,TAIL-minus-EVENT-EMP,-8.10473404177015,-0.07458329291052067
937,contracted_maximum_demand,TAIL-minus-EVENT-EMP,-14.867851815788748,-0.10690267131422
938,contracted_maximum_demand,TAIL-minus-EVENT-EMP,11.47733270678113,0.07425550235625995
939,contracted_maximum_demand,TAIL-minus-EVENT-EMP,-17.04355615504612,-0.0067373818708733315
940,contracted_maximum_demand,TAIL-minus-EVENT-EMP,-6.93272290561773,0.07425550235625995
941,contracted_maximum_demand,TAIL-minus-EVENT-EMP,13.735195251915828,0.0
942,contracted_maximum_demand,TAIL-minus-EVENT-EMP,-13.457734317930889,-0.6888730881157467
943,contracted_maximum_demand,TAIL-minus-EVENT-EMP,-10.02312508775312,0.40977299965865327
944,contracted_maximum_demand,TAIL-minus-EVENT-EMP,-11.205195299212669,0.05192934547483691
945,contracted_maximum_demand,TAIL-minus-EVENT-EMP,-80.32416689064075,0.0
946,contracted_maximum_demand,TAIL-minus-EVENT-EMP,-2.6627649922845102,0.4259140985210033
947,contracted_maximum_demand,TAIL-minus-EVENT-EMP,-6.433035440949903,0.5682734694359787
948,contracted_maximum_demand,TAIL-minus-EVENT-EMP,-9.13367307582151,-0.5673140580968526
949,contracted_maximum_demand,TAIL-minus-EVENT-EMP,-22.68135855944985,-0.02752494874087855
950,contracted_maximum_demand,TAIL-minus-EVENT-EMP,-6.378736145674788,-0.16057953665216668
951,contracted_maximum_demand,TAIL-minus-EVENT-EMP,-1.9230339089668598,0.10474512711571282
952,contracted_maximum_demand,TAIL-minus-EVENT-EMP,13.803875446752572,-0.04499881773952
953,contracted_maximum_demand,TAIL-minus-EVENT-EMP,-10.53480544000853,0.0
954,contracted_maximum_demand,TAIL-minus-EVENT-EMP,-0.22001678882259124,-0.05771127823741332
955,contracted_maximum_demand,TAIL-minus-EVENT-EMP,2.9179533940027,-0.01810567481476868
956,contracted_maximum_demand,TAIL-minus-EVENT-EMP,-9.71611570156953,-0.1677545653073266
957,contracted_maximum_demand,TAIL-minus-EVENT-EMP,2.214491094236648,0.0
958,contracted_maximum_demand,TAIL-minus-EVENT-EMP,-3.1284089255553926,-0.07072173520491332
959,contracted_maximum_demand,TAIL-minus-EVENT-EMP,-6.449148414112581,-0.6588287037213266
960,contracted_maximum_demand,TAIL-minus-EVENT-EMP,-5.98265422542595,0.0
961,contracted_maximum_demand,TAIL-minus-EVENT-EMP,2.2838259788823088,0.009882717833240356
962,contracted_maximum_demand,TAIL-minus-EVENT-EMP,-8.60675139768087,0.008068968055759997
963,contracted_maximum_demand,TAIL-minus-EVENT-EMP,-18.14368517493075,-0.16889237486942
964,contracted_maximum_demand,TAIL-minus-EVENT-EMP,-4.126342109562275,0.3090167274975466
965,contracted_maximum_demand,TAIL-minus-EVENT-EMP,-4.115968344686122,-0.031746414783940004
966,contracted_maximum_demand,TAIL-minus-EVENT-EMP,-11.627852900164958,0.07606332529739784
967,contracted_maximum_demand,TAIL-minus-EVENT-EMP,-3.1134949200769397,-0.15687013534732663
968,contracted_maximum_demand,TAIL-minus-EVENT-EMP,-1.5601890821343105,0.09339829463896002
969,contracted_maximum_demand,TAIL-minus-EVENT-EMP,-11.200469530611802,-0.0019858368422079387
970,contracted_maximum_demand,TAIL-minus-EVENT-EMP,-25.686488637131394,0.11123785008544666
971,contracted_maximum_demand,TAIL-minus-EVENT-EMP,-14.394973602520972,-0.07866778041800002
972,contracted_maximum_demand,TAIL-minus-EVENT-EMP,-0.3315148842671506,-0.0446490233862
973,contracted_maximum_demand,TAIL-minus-EVENT-EMP,-2.99808022182537,-0.6979372882348
974,contracted_maximum_demand,TAIL-minus-EVENT-EMP,-151.65400222241686,0.0
975,contracted_maximum_demand,TAIL-minus-EVENT-EMP,-13.877548162315062,0.034083455778439985
976,contracted_maximum_demand,TAIL-minus-EVENT-EMP,-8.47910758086833,-0.7851032392354932
977,contracted_maximum_demand,TAIL-minus-EVENT-EMP,-11.502305621102153,0.27815554368863665
978,contracted_maximum_demand,TAIL-minus-EVENT-EMP,19.11217799676957,0.0
979,contracted_maximum_demand,TAIL-minus-EVENT-EMP,-11.46595178463169,0.023333626292040006
980,contracted_maximum_demand,TAIL-minus-EVENT-EMP,-3.95379910710482,0.09973731446839335
981,contracted_maximum_demand,TAIL-minus-EVENT-EMP,4.31180484270472,0.0
982,contracted_maximum_demand,TAIL-minus-EVENT-EMP,-23.38193492332098,0.0
983,contracted_maximum_demand,TAIL-minus-EVENT-EMP,31.802551683035595,0.0
984,contracted_maximum_demand,TAIL-minus-EVENT-EMP,-13.27714167237732,-0.35089112588883337
985,contracted_maximum_demand,TAIL-minus-EVENT-EMP,-8.58162276115757,-0.07425550235625995
986,contracted_maximum_demand,TAIL-minus-EVENT-EMP,-4.166595130651663,-0.20373978419938
987,contracted_maximum_demand,TAIL-minus-EVENT-EMP,3.1085230246184503,0.35684262054631666
988,contracted_maximum_demand,TAIL-minus-EVENT-EMP,-7.17112235901621,-0.4698179475302433
989,contracted_maximum_demand,TAIL-minus-EVENT-EMP,28.970147022540527,0.0
990,contracted_maximum_demand,TAIL-minus-EVENT-EMP,16.666286130233036,0.0
991,contracted_maximum_demand,TAIL-minus-EVENT-EMP,-0.57957250197887,-0.004854348475347892
992,contracted_maximum_demand,TAIL-minus-EVENT-EMP,-18.93635132958909,0.005448469420398818
993,contracted_maximum_demand,TAIL-minus-EVENT-EMP,-2.5229822976847394,-0.08179930202963336
994,contracted_maximum_demand,TAIL-minus-EVENT-EMP,1.36817939531042,0.35292423123374667
995,contracted_maximum_demand,TAIL-minus-EVENT-EMP,2.0546348039915596,-0.0007649288831289046
996,contracted_maximum_demand,TAIL-minus-EVENT-EMP,-9.64740276847303,0.027953135134273336
997,contracted_maximum_demand,TAIL-minus-EVENT-EMP,1.6161047241393,0.6301872174819731
998,contracted_maximum_demand,TAIL-minus-EVENT-EMP,26.169984353025544,0.0
999,contracted_maximum_demand,TAIL-minus-EVENT-EMP,-8.00821008284451,0.03336549087516
