scenario_id,replication_id,method_id,q99_error,regret,accuracy,fit_status
RATE_SHIFT_5_TO_30,0,EMP,-0.1772692831613855,0.03367926443947567,0.5555555555555556,PASS
RATE_SHIFT_5_TO_30,0,EVENT-EMP,-0.1772692831613855,0.027983934903603475,0.5555555555555556,PASS
RATE_SHIFT_5_TO_30,0,GEV,-0.2467040022511946,0.031076936599012426,0.5555555555555556,PASS_LMOM_FINITE_MEAN
RATE_SHIFT_5_TO_30,0,KDE,-0.1378232889323258,0.018791850133722744,0.3333333333333333,PASS
RATE_SHIFT_5_TO_30,0,TAIL,-0.248814000523436,0.030712053790396723,0.5555555555555556,PASS
RATE_SHIFT_5_TO_30,1,EMP,-0.227787455458941,0.018791850133722744,0.3333333333333333,PASS
RATE_SHIFT_5_TO_30,1,EVENT-EMP,-0.227787455458941,0.01087077605329171,0.6666666666666666,PASS
RATE_SHIFT_5_TO_30,1,GEV,-0.0554927250555556,0.018791850133722744,0.3333333333333333,PASS_LMOM_FINITE_MEAN
RATE_SHIFT_5_TO_30,1,KDE,-0.1632539998795603,0.018791850133722744,0.3333333333333333,PASS
RATE_SHIFT_5_TO_30,1,TAIL,-0.0678760912411841,0.018791850133722744,0.3333333333333333,PASS
RATE_SHIFT_5_TO_30,2,EMP,-0.2105125055053572,0.018791850133722744,0.3333333333333333,PASS
RATE_SHIFT_5_TO_30,2,EVENT-EMP,-0.2105125055053572,0.030515002319928992,0.5555555555555556,PASS
RATE_SHIFT_5_TO_30,2,GEV,-0.1315144294244377,0.018791850133722744,0.3333333333333333,PASS_LMOM_FINITE_MEAN
RATE_SHIFT_5_TO_30,2,KDE,-0.1644006884142335,0.018791850133722744,0.3333333333333333,PASS
RATE_SHIFT_5_TO_30,2,TAIL,-0.1356472598240314,0.031770267348654756,0.5555555555555556,PASS
RATE_SHIFT_5_TO_30,3,EMP,-0.012298954318214,0.0054585168003894215,0.4444444444444444,PASS
RATE_SHIFT_5_TO_30,3,EVENT-EMP,-0.012298954318214,0.0054585168003894215,0.4444444444444444,PASS
RATE_SHIFT_5_TO_30,3,GEV,0.0159439584483234,0.0054585168003894215,0.4444444444444444,PASS_LMOM_FINITE_MEAN
RATE_SHIFT_5_TO_30,3,KDE,0.0455515334246702,0.0054585168003894215,0.4444444444444444,PASS
RATE_SHIFT_5_TO_30,3,TAIL,0.0028105861846008,0.0054585168003894215,0.4444444444444444,PASS
RATE_SHIFT_5_TO_30,4,EMP,0.0472390459207194,0.0054585168003894215,0.4444444444444444,PASS
RATE_SHIFT_5_TO_30,4,EVENT-EMP,0.0472390459207194,0.0054585168003894215,0.4444444444444444,PASS
RATE_SHIFT_5_TO_30,4,GEV,0.2148409976124702,0.0054585168003894215,0.4444444444444444,PASS_LMOM_FINITE_MEAN
RATE_SHIFT_5_TO_30,4,KDE,0.1125398576924827,0.0054585168003894215,0.4444444444444444,PASS
RATE_SHIFT_5_TO_30,4,TAIL,0.0695096806886939,0.0054585168003894215,0.4444444444444444,PASS
RATE_SHIFT_5_TO_30,5,EMP,-0.082197347269694,0.018791850133722744,0.3333333333333333,PASS
RATE_SHIFT_5_TO_30,5,EVENT-EMP,-0.082197347269694,0.02361138617513371,0.5555555555555556,PASS
RATE_SHIFT_5_TO_30,5,GEV,-0.0414745047942286,0.018791850133722744,0.3333333333333333,PASS_LMOM_FINITE_MEAN
RATE_SHIFT_5_TO_30,5,KDE,-0.0329008101731432,0.018791850133722744,0.3333333333333333,PASS
RATE_SHIFT_5_TO_30,5,TAIL,-0.1166401556348999,0.02635400359730158,0.5555555555555556,PASS
RATE_SHIFT_5_TO_30,6,EMP,-0.3579778734498995,0.028765113799255393,0.5555555555555556,PASS
RATE_SHIFT_5_TO_30,6,EVENT-EMP,-0.3579778734498995,0.022661919519108245,0.5555555555555556,PASS
RATE_SHIFT_5_TO_30,6,GEV,-0.2962029339120605,0.023943673612568002,0.5555555555555556,PASS_LMOM_FINITE_MEAN
RATE_SHIFT_5_TO_30,6,KDE,-0.3011523841525756,0.02225762052406287,0.5555555555555556,PASS
RATE_SHIFT_5_TO_30,6,TAIL,-0.2846354707519282,0.027229421754317647,0.5555555555555556,PASS
RATE_SHIFT_5_TO_30,7,EMP,0.1963649990950494,0.0054585168003894215,0.4444444444444444,PASS
RATE_SHIFT_5_TO_30,7,EVENT-EMP,0.1963649990950494,0.0054585168003894215,0.4444444444444444,PASS
RATE_SHIFT_5_TO_30,7,GEV,0.3689799695281937,0.0054585168003894215,0.4444444444444444,PASS_LMOM_FINITE_MEAN
RATE_SHIFT_5_TO_30,7,KDE,0.2675648858936393,0.0054585168003894215,0.4444444444444444,PASS
RATE_SHIFT_5_TO_30,7,TAIL,-0.0346595235780869,0.0054585168003894215,0.4444444444444444,PASS
RATE_SHIFT_5_TO_30,8,EMP,-0.3158101112340165,0.04587656037990532,0.5555555555555556,PASS
RATE_SHIFT_5_TO_30,8,EVENT-EMP,-0.3158101112340165,0.023614677773084347,0.5555555555555556,PASS
RATE_SHIFT_5_TO_30,8,GEV,-0.1852286345691867,0.03589199491227639,0.5555555555555556,PASS_LMOM_FINITE_MEAN
RATE_SHIFT_5_TO_30,8,KDE,-0.2521742350554117,0.018791850133722744,0.3333333333333333,PASS
RATE_SHIFT_5_TO_30,8,TAIL,-0.2089249372531224,0.031472532538451226,0.5555555555555556,PASS
RATE_SHIFT_5_TO_30,9,EMP,-0.2066816933419836,0.018791850133722744,0.3333333333333333,PASS
RATE_SHIFT_5_TO_30,9,EVENT-EMP,-0.2066816933419836,0.004738503244698745,0.6666666666666666,PASS
RATE_SHIFT_5_TO_30,9,GEV,-0.0756819427665812,0.018791850133722744,0.3333333333333333,PASS_LMOM_FINITE_MEAN
RATE_SHIFT_5_TO_30,9,KDE,-0.131702807344847,0.018791850133722744,0.3333333333333333,PASS
RATE_SHIFT_5_TO_30,9,TAIL,0.1606521429592723,0.0054585168003894215,0.4444444444444444,PASS
RATE_SHIFT_5_TO_30,10,EMP,-0.0737856259449105,0.018791850133722744,0.3333333333333333,PASS
RATE_SHIFT_5_TO_30,10,EVENT-EMP,-0.0737856259449105,0.020189002295669133,0.5555555555555556,PASS
RATE_SHIFT_5_TO_30,10,GEV,0.0259439941122098,0.018791850133722744,0.3333333333333333,PASS_LMOM_FINITE_MEAN
RATE_SHIFT_5_TO_30,10,KDE,-0.0213742069919152,0.018791850133722744,0.3333333333333333,PASS
RATE_SHIFT_5_TO_30,10,TAIL,-0.13167291663685,0.018791850133722744,0.3333333333333333,PASS
RATE_SHIFT_5_TO_30,11,EMP,-0.2962729463255883,0.0054585168003894215,0.4444444444444444,PASS
RATE_SHIFT_5_TO_30,11,EVENT-EMP,-0.2962729463255883,0.0044031389601450555,0.6666666666666666,PASS
RATE_SHIFT_5_TO_30,11,GEV,-0.2489569971324289,0.0054585168003894215,0.4444444444444444,PASS_LMOM_FINITE_MEAN
RATE_SHIFT_5_TO_30,11,KDE,-0.2427510249099426,0.0054585168003894215,0.4444444444444444,PASS
RATE_SHIFT_5_TO_30,11,TAIL,-0.2035603571666036,0.018446643232285155,0.5555555555555556,PASS
RATE_SHIFT_5_TO_30,12,EMP,-0.0206125689050668,0.0054585168003894215,0.4444444444444444,PASS
RATE_SHIFT_5_TO_30,12,EVENT-EMP,-0.0206125689050668,0.0054585168003894215,0.4444444444444444,PASS
RATE_SHIFT_5_TO_30,12,GEV,0.0594445423635832,0.0054585168003894215,0.4444444444444444,PASS_LMOM_FINITE_MEAN
RATE_SHIFT_5_TO_30,12,KDE,0.0421871602039821,0.0054585168003894215,0.4444444444444444,PASS
RATE_SHIFT_5_TO_30,12,TAIL,0.0260015532178621,0.0054585168003894215,0.4444444444444444,PASS
RATE_SHIFT_5_TO_30,13,EMP,-0.3643936779688599,0.016373231114418355,0.5555555555555556,PASS
RATE_SHIFT_5_TO_30,13,EVENT-EMP,-0.3643936779688599,0.015167667814612124,0.5555555555555556,PASS
RATE_SHIFT_5_TO_30,13,GEV,-0.2979569577864419,0.024845419851529934,0.5555555555555556,PASS_LMOM_FINITE_MEAN
RATE_SHIFT_5_TO_30,13,KDE,-0.2996242043602025,0.018791850133722744,0.3333333333333333,PASS
RATE_SHIFT_5_TO_30,13,TAIL,0.0189825476406438,0.0054585168003894215,0.4444444444444444,PASS
RATE_SHIFT_5_TO_30,14,EMP,-0.3722765851072493,0.01955542936943798,0.5555555555555556,PASS
RATE_SHIFT_5_TO_30,14,EVENT-EMP,-0.3722765851072493,0.017377684961115535,0.6666666666666666,PASS
RATE_SHIFT_5_TO_30,14,GEV,-0.3882752781327323,0.017780305859477954,0.5555555555555556,PASS_LMOM_FINITE_MEAN
RATE_SHIFT_5_TO_30,14,KDE,-0.3311982788066728,0.018793865508595423,0.5555555555555556,PASS
RATE_SHIFT_5_TO_30,14,TAIL,-0.2048808410726771,0.02578701430994479,0.5555555555555556,PASS
RATE_SHIFT_5_TO_30,15,EMP,-0.3174554620025206,0.03579539907001447,0.5555555555555556,PASS
RATE_SHIFT_5_TO_30,15,EVENT-EMP,-0.3174554620025206,0.02594144884796018,0.5555555555555556,PASS
RATE_SHIFT_5_TO_30,15,GEV,-0.2580160444934319,0.02721830104454346,0.5555555555555556,PASS_LMOM_FINITE_MEAN
RATE_SHIFT_5_TO_30,15,KDE,-0.2788758210934966,0.018791850133722744,0.3333333333333333,PASS
RATE_SHIFT_5_TO_30,15,TAIL,-0.2046626510257194,0.03300353630154286,0.5555555555555556,PASS
RATE_SHIFT_5_TO_30,16,EMP,-0.2454626385644917,0.018791850133722744,0.3333333333333333,PASS
RATE_SHIFT_5_TO_30,16,EVENT-EMP,-0.2454626385644917,0.003713798451723278,0.6666666666666666,PASS
RATE_SHIFT_5_TO_30,16,GEV,-0.0766487359747406,0.018791850133722744,0.3333333333333333,PASS_LMOM_FINITE_MEAN
RATE_SHIFT_5_TO_30,16,KDE,-0.157416713466707,0.018791850133722744,0.3333333333333333,PASS
RATE_SHIFT_5_TO_30,16,TAIL,-0.0817206538495225,0.0054585168003894215,0.4444444444444444,PASS
RATE_SHIFT_5_TO_30,17,EMP,-0.3845052290102088,0.029999247546008263,0.5555555555555556,PASS
RATE_SHIFT_5_TO_30,17,EVENT-EMP,-0.3845052290102088,0.030652762309694312,0.5555555555555556,PASS
RATE_SHIFT_5_TO_30,17,GEV,-0.3834753916154299,0.031172529860043867,0.5555555555555556,PASS_LMOM_FINITE_MEAN
RATE_SHIFT_5_TO_30,17,KDE,-0.3492521783862746,0.02986012061307571,0.5555555555555556,PASS
RATE_SHIFT_5_TO_30,17,TAIL,-0.3505343178166114,0.03719878833517462,0.5555555555555556,PASS
RATE_SHIFT_5_TO_30,18,EMP,-0.2440890556915927,0.0054585168003894215,0.4444444444444444,PASS
RATE_SHIFT_5_TO_30,18,EVENT-EMP,-0.2440890556915927,0.003350875428997011,0.6666666666666666,PASS
RATE_SHIFT_5_TO_30,18,GEV,-0.1511413404648299,0.0054585168003894215,0.4444444444444444,PASS_LMOM_FINITE_MEAN
RATE_SHIFT_5_TO_30,18,KDE,-0.1746038091409174,0.0054585168003894215,0.4444444444444444,PASS
RATE_SHIFT_5_TO_30,18,TAIL,-0.0741209860290108,0.0054585168003894215,0.4444444444444444,PASS
RATE_SHIFT_5_TO_30,19,EMP,-0.2675428466222646,0.0054585168003894215,0.4444444444444444,PASS
RATE_SHIFT_5_TO_30,19,EVENT-EMP,-0.2675428466222646,0.005056794344455434,0.6666666666666666,PASS
RATE_SHIFT_5_TO_30,19,GEV,-0.1653041399076429,0.0054585168003894215,0.4444444444444444,PASS_LMOM_FINITE_MEAN
RATE_SHIFT_5_TO_30,19,KDE,-0.2067190859331312,0.0054585168003894215,0.4444444444444444,PASS
RATE_SHIFT_5_TO_30,19,TAIL,0.2514634810578924,0.0054585168003894215,0.4444444444444444,PASS
RATE_SHIFT_5_TO_30,20,EMP,0.1971342634986051,0.0054585168003894215,0.4444444444444444,PASS
RATE_SHIFT_5_TO_30,20,EVENT-EMP,0.1971342634986051,0.0054585168003894215,0.4444444444444444,PASS
RATE_SHIFT_5_TO_30,20,GEV,0.1377528123326291,0.0054585168003894215,0.4444444444444444,PASS_LMOM_FINITE_MEAN
RATE_SHIFT_5_TO_30,20,KDE,0.267639154349389,0.0054585168003894215,0.4444444444444444,PASS
RATE_SHIFT_5_TO_30,20,TAIL,0.030822972117622,0.0054585168003894215,0.4444444444444444,PASS
RATE_SHIFT_5_TO_30,21,EMP,-0.1156268908148603,0.0054585168003894215,0.4444444444444444,PASS
RATE_SHIFT_5_TO_30,21,EVENT-EMP,-0.1156268908148603,0.0024008846721909447,0.6666666666666666,PASS
RATE_SHIFT_5_TO_30,21,GEV,-0.0269821065083056,0.0054585168003894215,0.4444444444444444,PASS_LMOM_FINITE_MEAN
RATE_SHIFT_5_TO_30,21,KDE,-0.0615666893489909,0.0054585168003894215,0.4444444444444444,PASS
RATE_SHIFT_5_TO_30,21,TAIL,0.0616529252113498,0.0054585168003894215,0.4444444444444444,PASS
RATE_SHIFT_5_TO_30,22,EMP,-0.0740839747428479,0.018791850133722744,0.3333333333333333,PASS
RATE_SHIFT_5_TO_30,22,EVENT-EMP,-0.0740839747428479,0.004812118032224222,0.6666666666666666,PASS
RATE_SHIFT_5_TO_30,22,GEV,0.0347871478816451,0.018791850133722744,0.3333333333333333,PASS_LMOM_FINITE_MEAN
RATE_SHIFT_5_TO_30,22,KDE,-0.017633535257949,0.018791850133722744,0.3333333333333333,PASS
RATE_SHIFT_5_TO_30,22,TAIL,-0.1911822579711272,0.023403291306134222,0.5555555555555556,PASS
RATE_SHIFT_5_TO_30,23,EMP,-0.3158635897765572,0.033957185156861205,0.5555555555555556,PASS
RATE_SHIFT_5_TO_30,23,EVENT-EMP,-0.3158635897765572,0.024588019925989635,0.5555555555555556,PASS
RATE_SHIFT_5_TO_30,23,GEV,-0.3073113342760485,0.029689007095490754,0.5555555555555556,PASS_LMOM_FINITE_MEAN
RATE_SHIFT_5_TO_30,23,KDE,-0.2766518686034748,0.018791850133722744,0.3333333333333333,PASS
RATE_SHIFT_5_TO_30,23,TAIL,-0.2877224535882743,0.02939871110863606,0.5555555555555556,PASS
RATE_SHIFT_5_TO_30,24,EMP,-0.1055961845438071,0.0035807368430343,0.6666666666666666,PASS
RATE_SHIFT_5_TO_30,24,EVENT-EMP,-0.1055961845438071,0.0026628953314308335,0.6666666666666666,PASS
RATE_SHIFT_5_TO_30,24,GEV,-0.0859402551981421,0.0054585168003894215,0.4444444444444444,PASS_LMOM_FINITE_MEAN
RATE_SHIFT_5_TO_30,24,KDE,-0.0579842181436215,0.0054585168003894215,0.4444444444444444,PASS
RATE_SHIFT_5_TO_30,24,TAIL,0.048819402536601,0.0054585168003894215,0.4444444444444444,PASS
RATE_SHIFT_5_TO_30,25,EMP,-0.3456135629759799,0.026419475776557302,0.5555555555555556,PASS
RATE_SHIFT_5_TO_30,25,EVENT-EMP,-0.3456135629759799,0.022636277734733482,0.5555555555555556,PASS
RATE_SHIFT_5_TO_30,25,GEV,-0.2999944111479684,0.027056095085521314,0.5555555555555556,PASS_LMOM_FINITE_MEAN
RATE_SHIFT_5_TO_30,25,KDE,-0.3069188439720893,0.024749866619906725,0.5555555555555556,PASS
RATE_SHIFT_5_TO_30,25,TAIL,-0.2170244303352112,0.03449996585478074,0.5555555555555556,PASS
RATE_SHIFT_5_TO_30,26,EMP,0.0693567881119008,0.0054585168003894215,0.4444444444444444,PASS
RATE_SHIFT_5_TO_30,26,EVENT-EMP,0.0693567881119008,0.0054585168003894215,0.4444444444444444,PASS
RATE_SHIFT_5_TO_30,26,GEV,0.3423881113902296,0.0054585168003894215,0.4444444444444444,PASS_LMOM_FINITE_MEAN
RATE_SHIFT_5_TO_30,26,KDE,0.1410597070215544,0.0054585168003894215,0.4444444444444444,PASS
RATE_SHIFT_5_TO_30,26,TAIL,0.0029037034585165,0.0054585168003894215,0.4444444444444444,PASS
RATE_SHIFT_5_TO_30,27,EMP,-0.0484182329175708,0.0054585168003894215,0.4444444444444444,PASS
RATE_SHIFT_5_TO_30,27,EVENT-EMP,-0.0484182329175708,0.0054585168003894215,0.4444444444444444,PASS
RATE_SHIFT_5_TO_30,27,GEV,0.0831906398757127,0.0054585168003894215,0.4444444444444444,PASS_LMOM_FINITE_MEAN
RATE_SHIFT_5_TO_30,27,KDE,0.0260653241869617,0.0054585168003894215,0.4444444444444444,PASS
RATE_SHIFT_5_TO_30,27,TAIL,0.0697546572249538,0.0054585168003894215,0.4444444444444444,PASS
RATE_SHIFT_5_TO_30,28,EMP,-0.2774143935705064,0.019940308584176,0.5555555555555556,PASS
RATE_SHIFT_5_TO_30,28,EVENT-EMP,-0.2774143935705064,0.018395640630279212,0.6666666666666666,PASS
RATE_SHIFT_5_TO_30,28,GEV,-0.2346138673561583,0.016479411150655557,0.5555555555555556,PASS_LMOM_FINITE_MEAN
RATE_SHIFT_5_TO_30,28,KDE,-0.2382280913376917,0.0032663326452325556,0.6666666666666666,PASS
RATE_SHIFT_5_TO_30,28,TAIL,-0.2073781354243176,0.019571205164751155,0.5555555555555556,PASS
RATE_SHIFT_5_TO_30,29,EMP,0.0427367221833753,0.0018999193638229886,0.6666666666666666,PASS
RATE_SHIFT_5_TO_30,29,EVENT-EMP,0.0427367221833753,0.002795976711493233,0.5555555555555556,PASS
RATE_SHIFT_5_TO_30,29,GEV,0.3653495812744179,0.0018999193638229886,0.6666666666666666,PASS_LMOM_FINITE_MEAN
RATE_SHIFT_5_TO_30,29,KDE,0.1290407463632396,0.0018999193638229886,0.6666666666666666,PASS
RATE_SHIFT_5_TO_30,29,TAIL,0.4591112541017125,0.002795976711493233,0.5555555555555556,PASS
RATE_SHIFT_5_TO_30,30,EMP,-0.3135548888329096,0.03249518301894169,0.5555555555555556,PASS
RATE_SHIFT_5_TO_30,30,EVENT-EMP,-0.3135548888329096,0.029490874498667306,0.5555555555555556,PASS
RATE_SHIFT_5_TO_30,30,GEV,-0.2110922308205781,0.026625332795472002,0.5555555555555556,PASS_LMOM_FINITE_MEAN
RATE_SHIFT_5_TO_30,30,KDE,-0.2643194479732274,0.024365857829953638,0.5555555555555556,PASS
RATE_SHIFT_5_TO_30,30,TAIL,-0.158754777430682,0.032705529655617654,0.5555555555555556,PASS
RATE_SHIFT_5_TO_30,31,EMP,-0.1967264698811876,0.0054585168003894215,0.4444444444444444,PASS
RATE_SHIFT_5_TO_30,31,EVENT-EMP,-0.1967264698811876,0.0054585168003894215,0.4444444444444444,PASS
RATE_SHIFT_5_TO_30,31,GEV,-0.1102372952818728,0.0054585168003894215,0.4444444444444444,PASS_LMOM_FINITE_MEAN
RATE_SHIFT_5_TO_30,31,KDE,-0.1083894923695634,0.0054585168003894215,0.4444444444444444,PASS
RATE_SHIFT_5_TO_30,31,TAIL,0.4184688568475293,0.0036807390226116666,0.5555555555555556,PASS
RATE_SHIFT_5_TO_30,32,EMP,-0.204503258578006,0.02446939966341638,0.5555555555555556,PASS
RATE_SHIFT_5_TO_30,32,EVENT-EMP,-0.204503258578006,0.02446939966341638,0.5555555555555556,PASS
RATE_SHIFT_5_TO_30,32,GEV,-0.2356476474635349,0.029767032212246677,0.5555555555555556,PASS_LMOM_FINITE_MEAN
RATE_SHIFT_5_TO_30,32,KDE,-0.1638227891457852,0.018791850133722744,0.3333333333333333,PASS
RATE_SHIFT_5_TO_30,32,TAIL,-0.2455040970920772,0.029438255086289427,0.5555555555555556,PASS
RATE_SHIFT_5_TO_30,33,EMP,-0.0350920781952247,0.0054585168003894215,0.4444444444444444,PASS
RATE_SHIFT_5_TO_30,33,EVENT-EMP,-0.0350920781952247,0.0054585168003894215,0.4444444444444444,PASS
RATE_SHIFT_5_TO_30,33,GEV,0.1128167572922886,0.0054585168003894215,0.4444444444444444,PASS_LMOM_FINITE_MEAN
RATE_SHIFT_5_TO_30,33,KDE,0.0508636557469879,0.0054585168003894215,0.4444444444444444,PASS
RATE_SHIFT_5_TO_30,33,TAIL,0.0698990031037581,0.0054585168003894215,0.4444444444444444,PASS
RATE_SHIFT_5_TO_30,34,EMP,-0.3298957783602646,0.018791850133722744,0.3333333333333333,PASS
RATE_SHIFT_5_TO_30,34,EVENT-EMP,-0.3298957783602646,0.01561596990434361,0.6666666666666666,PASS
RATE_SHIFT_5_TO_30,34,GEV,-0.2388961284295012,0.018791850133722744,0.3333333333333333,PASS_LMOM_FINITE_MEAN
RATE_SHIFT_5_TO_30,34,KDE,-0.2582593355288561,0.018791850133722744,0.3333333333333333,PASS
RATE_SHIFT_5_TO_30,34,TAIL,-0.2081302770288906,0.020677582223028367,0.5555555555555556,PASS
RATE_SHIFT_5_TO_30,35,EMP,-0.103041390920037,0.0054585168003894215,0.4444444444444444,PASS
RATE_SHIFT_5_TO_30,35,EVENT-EMP,-0.103041390920037,0.0034223079707065337,0.6666666666666666,PASS
RATE_SHIFT_5_TO_30,35,GEV,-0.0673482194742514,0.0054585168003894215,0.4444444444444444,PASS_LMOM_FINITE_MEAN
RATE_SHIFT_5_TO_30,35,KDE,-0.049495076666134,0.0054585168003894215,0.4444444444444444,PASS
RATE_SHIFT_5_TO_30,35,TAIL,0.0286125107698229,0.0054585168003894215,0.4444444444444444,PASS
RATE_SHIFT_5_TO_30,36,EMP,-0.1813770842109095,0.03887896184417181,0.5555555555555556,PASS
RATE_SHIFT_5_TO_30,36,EVENT-EMP,-0.1813770842109095,0.024498005985321213,0.5555555555555556,PASS
RATE_SHIFT_5_TO_30,36,GEV,-0.0584665234856439,0.018791850133722744,0.3333333333333333,PASS_LMOM_FINITE_MEAN
RATE_SHIFT_5_TO_30,36,KDE,-0.1382850128264284,0.018791850133722744,0.3333333333333333,PASS
RATE_SHIFT_5_TO_30,36,TAIL,-0.1375991230422227,0.02806847030033729,0.5555555555555556,PASS
RATE_SHIFT_5_TO_30,37,EMP,-0.1150627461506968,0.0054585168003894215,0.4444444444444444,PASS
RATE_SHIFT_5_TO_30,37,EVENT-EMP,-0.1150627461506968,0.004288391699598856,0.6666666666666666,PASS
RATE_SHIFT_5_TO_30,37,GEV,-0.0362430762640815,0.0054585168003894215,0.4444444444444444,PASS_LMOM_FINITE_MEAN
RATE_SHIFT_5_TO_30,37,KDE,-0.0655607075924554,0.0054585168003894215,0.4444444444444444,PASS
RATE_SHIFT_5_TO_30,37,TAIL,-0.0764005952840495,0.0054585168003894215,0.4444444444444444,PASS
RATE_SHIFT_5_TO_30,38,EMP,0.6290520749173738,0.0054585168003894215,0.4444444444444444,PASS
RATE_SHIFT_5_TO_30,38,EVENT-EMP,0.6290520749173738,0.002795976711493233,0.5555555555555556,PASS
RATE_SHIFT_5_TO_30,38,GEV,0.7264017638512875,0.0054585168003894215,0.4444444444444444,PASS_LMOM_FINITE_MEAN
RATE_SHIFT_5_TO_30,38,KDE,0.7351903583867574,0.0054585168003894215,0.4444444444444444,PASS
RATE_SHIFT_5_TO_30,38,TAIL,0.3477495066875779,0.0054585168003894215,0.4444444444444444,PASS
RATE_SHIFT_5_TO_30,39,EMP,-0.0877535344831207,0.013596222189024544,0.6666666666666666,PASS
RATE_SHIFT_5_TO_30,39,EVENT-EMP,-0.0877535344831207,0.0321121918154161,0.5555555555555556,PASS
RATE_SHIFT_5_TO_30,39,GEV,-0.0716536361512747,0.0054585168003894215,0.4444444444444444,PASS_LMOM_FINITE_MEAN
RATE_SHIFT_5_TO_30,39,KDE,-0.0401317743468521,0.0054585168003894215,0.4444444444444444,PASS
RATE_SHIFT_5_TO_30,39,TAIL,-0.1453318489999049,0.03073533727117964,0.5555555555555556,PASS
RATE_SHIFT_5_TO_30,40,EMP,-0.2498398221868488,0.0380957305801445,0.5555555555555556,PASS
RATE_SHIFT_5_TO_30,40,EVENT-EMP,-0.2498398221868488,0.007328062593751978,0.6666666666666666,PASS
RATE_SHIFT_5_TO_30,40,GEV,-0.1491411630670465,0.02689076618825858,0.5555555555555556,PASS_LMOM_FINITE_MEAN
RATE_SHIFT_5_TO_30,40,KDE,-0.2043884179445533,0.018791850133722744,0.3333333333333333,PASS
RATE_SHIFT_5_TO_30,40,TAIL,-0.0650422706455548,0.0054585168003894215,0.4444444444444444,PASS
RATE_SHIFT_5_TO_30,41,EMP,-0.3588309956772001,0.03391352239547554,0.5555555555555556,PASS
RATE_SHIFT_5_TO_30,41,EVENT-EMP,-0.3588309956772001,0.03208929604410069,0.5555555555555556,PASS
RATE_SHIFT_5_TO_30,41,GEV,-0.3469497231417569,0.031220932976664024,0.5555555555555556,PASS_LMOM_FINITE_MEAN
RATE_SHIFT_5_TO_30,41,KDE,-0.3207128009346077,0.029090715754515814,0.5555555555555556,PASS
RATE_SHIFT_5_TO_30,41,TAIL,-0.1519600845895946,0.03313196451054534,0.5555555555555556,PASS
RATE_SHIFT_5_TO_30,42,EMP,-0.0452024318312764,0.0054585168003894215,0.4444444444444444,PASS
RATE_SHIFT_5_TO_30,42,EVENT-EMP,-0.0452024318312764,0.0054585168003894215,0.4444444444444444,PASS
RATE_SHIFT_5_TO_30,42,GEV,0.1399144605611335,0.0054585168003894215,0.4444444444444444,PASS_LMOM_FINITE_MEAN
RATE_SHIFT_5_TO_30,42,KDE,0.0167566695694463,0.0054585168003894215,0.4444444444444444,PASS
RATE_SHIFT_5_TO_30,42,TAIL,0.0229244056552903,0.0054585168003894215,0.4444444444444444,PASS
RATE_SHIFT_5_TO_30,43,EMP,-0.2504163127594753,0.028485269315648758,0.5555555555555556,PASS
RATE_SHIFT_5_TO_30,43,EVENT-EMP,-0.2504163127594753,0.022735608895762555,0.5555555555555556,PASS
RATE_SHIFT_5_TO_30,43,GEV,-0.1265021934053966,0.018791850133722744,0.3333333333333333,PASS_LMOM_FINITE_MEAN
RATE_SHIFT_5_TO_30,43,KDE,-0.1869642207121022,0.018791850133722744,0.3333333333333333,PASS
RATE_SHIFT_5_TO_30,43,TAIL,-0.0195376187010451,0.0054585168003894215,0.4444444444444444,PASS
RATE_SHIFT_5_TO_30,44,EMP,0.3682047870641576,0.0054585168003894215,0.4444444444444444,PASS
RATE_SHIFT_5_TO_30,44,EVENT-EMP,0.3682047870641576,0.0054585168003894215,0.4444444444444444,PASS
RATE_SHIFT_5_TO_30,44,GEV,0.2353264231333732,0.0054585168003894215,0.4444444444444444,PASS_LMOM_FINITE_MEAN
RATE_SHIFT_5_TO_30,44,KDE,0.4468468892652948,0.0054585168003894215,0.4444444444444444,PASS
RATE_SHIFT_5_TO_30,44,TAIL,0.2323308862246027,0.0054585168003894215,0.4444444444444444,PASS
RATE_SHIFT_5_TO_30,45,EMP,-0.2334247079896032,0.018791850133722744,0.3333333333333333,PASS
RATE_SHIFT_5_TO_30,45,EVENT-EMP,-0.2334247079896032,0.03047296838719487,0.5555555555555556,PASS
RATE_SHIFT_5_TO_30,45,GEV,-0.1523857861543879,0.018791850133722744,0.3333333333333333,PASS_LMOM_FINITE_MEAN
RATE_SHIFT_5_TO_30,45,KDE,-0.1770326213426622,0.018791850133722744,0.3333333333333333,PASS
RATE_SHIFT_5_TO_30,45,TAIL,-0.1532972920501343,0.018791850133722744,0.3333333333333333,PASS
RATE_SHIFT_5_TO_30,46,EMP,0.283496496189359,0.0054585168003894215,0.4444444444444444,PASS
RATE_SHIFT_5_TO_30,46,EVENT-EMP,0.283496496189359,0.0054585168003894215,0.4444444444444444,PASS
RATE_SHIFT_5_TO_30,46,GEV,0.2906499794978555,0.0054585168003894215,0.4444444444444444,PASS_LMOM_FINITE_MEAN
RATE_SHIFT_5_TO_30,46,KDE,0.3599236363427349,0.0054585168003894215,0.4444444444444444,PASS
RATE_SHIFT_5_TO_30,46,TAIL,0.0101610318259872,0.018791850133722744,0.3333333333333333,PASS
RATE_SHIFT_5_TO_30,47,EMP,-0.1818659049411152,0.018791850133722744,0.3333333333333333,PASS
RATE_SHIFT_5_TO_30,47,EVENT-EMP,-0.1818659049411152,0.004301099696510389,0.6666666666666666,PASS
RATE_SHIFT_5_TO_30,47,GEV,-0.0903272146956582,0.018791850133722744,0.3333333333333333,PASS_LMOM_FINITE_MEAN
RATE_SHIFT_5_TO_30,47,KDE,-0.1317215081840579,0.018791850133722744,0.3333333333333333,PASS
RATE_SHIFT_5_TO_30,47,TAIL,0.0038363793624959,0.0054585168003894215,0.4444444444444444,PASS
RATE_SHIFT_5_TO_30,48,EMP,-0.2587383617454196,0.018791850133722744,0.3333333333333333,PASS
RATE_SHIFT_5_TO_30,48,EVENT-EMP,-0.2587383617454196,0.002771606406688211,0.6666666666666666,PASS
RATE_SHIFT_5_TO_30,48,GEV,-0.2072076249670766,0.018791850133722744,0.3333333333333333,PASS_LMOM_FINITE_MEAN
RATE_SHIFT_5_TO_30,48,KDE,-0.1986096839875813,0.018791850133722744,0.3333333333333333,PASS
RATE_SHIFT_5_TO_30,48,TAIL,-0.1535253488460838,0.018791850133722744,0.3333333333333333,PASS
RATE_SHIFT_5_TO_30,49,EMP,-0.4290343771613756,0.03261046012019847,0.5555555555555556,PASS
RATE_SHIFT_5_TO_30,49,EVENT-EMP,-0.4290343771613756,0.017874612661109235,0.5555555555555556,PASS
RATE_SHIFT_5_TO_30,49,GEV,-0.3642587185507409,0.031826110143195946,0.5555555555555556,PASS_LMOM_FINITE_MEAN
RATE_SHIFT_5_TO_30,49,KDE,-0.3479317535778854,0.018791850133722744,0.3333333333333333,PASS
RATE_SHIFT_5_TO_30,49,TAIL,-0.3137195466118999,0.0300499357227995,0.5555555555555556,PASS
RATE_SHIFT_5_TO_30,50,EMP,-0.3605008222895967,0.0307883565828406,0.5555555555555556,PASS
RATE_SHIFT_5_TO_30,50,EVENT-EMP,-0.3605008222895967,0.01863431200273171,0.5555555555555556,PASS
RATE_SHIFT_5_TO_30,50,GEV,-0.2844143967427448,0.026902527408241235,0.5555555555555556,PASS_LMOM_FINITE_MEAN
RATE_SHIFT_5_TO_30,50,KDE,-0.2959398208027383,0.018791850133722744,0.3333333333333333,PASS
RATE_SHIFT_5_TO_30,50,TAIL,-0.2257672843127997,0.029526245563326003,0.5555555555555556,PASS
RATE_SHIFT_5_TO_30,51,EMP,-0.264788170727221,0.0054585168003894215,0.4444444444444444,PASS
RATE_SHIFT_5_TO_30,51,EVENT-EMP,-0.264788170727221,0.006134007906806622,0.6666666666666666,PASS
RATE_SHIFT_5_TO_30,51,GEV,-0.1705980959053833,0.0054585168003894215,0.4444444444444444,PASS_LMOM_FINITE_MEAN
RATE_SHIFT_5_TO_30,51,KDE,-0.1913503722613218,0.0054585168003894215,0.4444444444444444,PASS
RATE_SHIFT_5_TO_30,51,TAIL,-0.0457754256604894,0.0054585168003894215,0.4444444444444444,PASS
RATE_SHIFT_5_TO_30,52,EMP,-0.1813401926529876,0.02552879555043171,0.5555555555555556,PASS
RATE_SHIFT_5_TO_30,52,EVENT-EMP,-0.1813401926529876,0.02524880508071102,0.5555555555555556,PASS
RATE_SHIFT_5_TO_30,52,GEV,-0.1811686840786019,0.018791850133722744,0.3333333333333333,PASS_LMOM_FINITE_MEAN
RATE_SHIFT_5_TO_30,52,KDE,-0.1374908083426657,0.018791850133722744,0.3333333333333333,PASS
RATE_SHIFT_5_TO_30,52,TAIL,-0.1498460950854262,0.02628953233684715,0.5555555555555556,PASS
RATE_SHIFT_5_TO_30,53,EMP,-0.3841241253828665,0.01898574638398592,0.5555555555555556,PASS
RATE_SHIFT_5_TO_30,53,EVENT-EMP,-0.3841241253828665,0.017117438086184232,0.6666666666666666,PASS
RATE_SHIFT_5_TO_30,53,GEV,-0.3352651090428557,0.01826049664108829,0.5555555555555556,PASS_LMOM_FINITE_MEAN
RATE_SHIFT_5_TO_30,53,KDE,-0.3099592217607687,0.017508866016827444,0.5555555555555556,PASS
RATE_SHIFT_5_TO_30,53,TAIL,-0.2138495146904168,0.026357237511432135,0.5555555555555556,PASS
RATE_SHIFT_5_TO_30,54,EMP,-0.2798184753844351,0.0054585168003894215,0.4444444444444444,PASS
RATE_SHIFT_5_TO_30,54,EVENT-EMP,-0.2798184753844351,0.0054585168003894215,0.4444444444444444,PASS
RATE_SHIFT_5_TO_30,54,GEV,-0.1976328649300726,0.0054585168003894215,0.4444444444444444,PASS_LMOM_FINITE_MEAN
RATE_SHIFT_5_TO_30,54,KDE,-0.2012205134162939,0.0054585168003894215,0.4444444444444444,PASS
RATE_SHIFT_5_TO_30,54,TAIL,-0.0184695418331503,0.0054585168003894215,0.4444444444444444,PASS
RATE_SHIFT_5_TO_30,55,EMP,-0.0334712928004195,0.018791850133722744,0.3333333333333333,PASS
RATE_SHIFT_5_TO_30,55,EVENT-EMP,-0.0334712928004195,0.02962160885603667,0.5555555555555556,PASS
RATE_SHIFT_5_TO_30,55,GEV,-0.0011291042944514,0.018791850133722744,0.3333333333333333,PASS_LMOM_FINITE_MEAN
RATE_SHIFT_5_TO_30,55,KDE,0.0210888088281737,0.018791850133722744,0.3333333333333333,PASS
RATE_SHIFT_5_TO_30,55,TAIL,-0.1150488946275789,0.018791850133722744,0.3333333333333333,PASS
RATE_SHIFT_5_TO_30,56,EMP,-0.2378178407818187,0.013737652153341655,0.5555555555555556,PASS
RATE_SHIFT_5_TO_30,56,EVENT-EMP,-0.2378178407818187,0.0147745533454026,0.6666666666666666,PASS
RATE_SHIFT_5_TO_30,56,GEV,-0.2468695320764803,0.0026623426026369,0.6666666666666666,PASS_LMOM_FINITE_MEAN
RATE_SHIFT_5_TO_30,56,KDE,-0.2025834000702568,0.0023943282429262,0.6666666666666666,PASS
RATE_SHIFT_5_TO_30,56,TAIL,-0.0458344990690894,0.0054585168003894215,0.4444444444444444,PASS
RATE_SHIFT_5_TO_30,57,EMP,-0.1963871786955608,0.03622702262353784,0.5555555555555556,PASS
RATE_SHIFT_5_TO_30,57,EVENT-EMP,-0.1963871786955608,0.0276694704424712,0.5555555555555556,PASS
RATE_SHIFT_5_TO_30,57,GEV,-0.2416832809518979,0.018791850133722744,0.3333333333333333,PASS_LMOM_FINITE_MEAN
RATE_SHIFT_5_TO_30,57,KDE,-0.1550515026175037,0.018791850133722744,0.3333333333333333,PASS
RATE_SHIFT_5_TO_30,57,TAIL,-0.2134427151094443,0.03258498790550304,0.5555555555555556,PASS
RATE_SHIFT_5_TO_30,58,EMP,-0.2072641974542914,0.018791850133722744,0.3333333333333333,PASS
RATE_SHIFT_5_TO_30,58,EVENT-EMP,-0.2072641974542914,0.0054585168003894215,0.4444444444444444,PASS
RATE_SHIFT_5_TO_30,58,GEV,-0.0600099615725862,0.018791850133722744,0.3333333333333333,PASS_LMOM_FINITE_MEAN
RATE_SHIFT_5_TO_30,58,KDE,-0.136227782321163,0.018791850133722744,0.3333333333333333,PASS
RATE_SHIFT_5_TO_30,58,TAIL,-0.0579809283415327,0.0054585168003894215,0.4444444444444444,PASS
RATE_SHIFT_5_TO_30,59,EMP,-0.012514941100053,0.0054585168003894215,0.4444444444444444,PASS
RATE_SHIFT_5_TO_30,59,EVENT-EMP,-0.012514941100053,0.004454464815253601,0.6666666666666666,PASS
RATE_SHIFT_5_TO_30,59,GEV,0.0143174466886216,0.0054585168003894215,0.4444444444444444,PASS_LMOM_FINITE_MEAN
RATE_SHIFT_5_TO_30,59,KDE,0.0423016069283472,0.0054585168003894215,0.4444444444444444,PASS
RATE_SHIFT_5_TO_30,59,TAIL,-0.0436494773056973,0.0054585168003894215,0.4444444444444444,PASS
RATE_SHIFT_5_TO_30,60,EMP,-0.2596317964071956,0.028030091376075334,0.5555555555555556,PASS
RATE_SHIFT_5_TO_30,60,EVENT-EMP,-0.2596317964071956,0.02564342371414278,0.5555555555555556,PASS
RATE_SHIFT_5_TO_30,60,GEV,-0.2741210719906177,0.03193805986881895,0.5555555555555556,PASS_LMOM_FINITE_MEAN
RATE_SHIFT_5_TO_30,60,KDE,-0.2237810577070858,0.02969504739577387,0.5555555555555556,PASS
RATE_SHIFT_5_TO_30,60,TAIL,-0.2404867265476953,0.02613688529594188,0.5555555555555556,PASS
RATE_SHIFT_5_TO_30,61,EMP,-0.1532537693839553,0.018791850133722744,0.3333333333333333,PASS
RATE_SHIFT_5_TO_30,61,EVENT-EMP,-0.1532537693839553,0.0054585168003894215,0.4444444444444444,PASS
RATE_SHIFT_5_TO_30,61,GEV,0.0433744123695679,0.018791850133722744,0.3333333333333333,PASS_LMOM_FINITE_MEAN
RATE_SHIFT_5_TO_30,61,KDE,-0.0774793011355631,0.018791850133722744,0.3333333333333333,PASS
RATE_SHIFT_5_TO_30,61,TAIL,-0.0323981200277942,0.018791850133722744,0.3333333333333333,PASS
RATE_SHIFT_5_TO_30,62,EMP,-0.3898480374836802,0.025371842619437125,0.5555555555555556,PASS
RATE_SHIFT_5_TO_30,62,EVENT-EMP,-0.3898480374836802,0.017623929418315476,0.6666666666666666,PASS
RATE_SHIFT_5_TO_30,62,GEV,-0.3559763674585038,0.02721336831814479,0.5555555555555556,PASS_LMOM_FINITE_MEAN
RATE_SHIFT_5_TO_30,62,KDE,-0.3282259209645264,0.018791850133722744,0.3333333333333333,PASS
RATE_SHIFT_5_TO_30,62,TAIL,0.0866354061037828,0.0054585168003894215,0.4444444444444444,PASS
RATE_SHIFT_5_TO_30,63,EMP,0.6784016427711423,0.0054585168003894215,0.4444444444444444,PASS
RATE_SHIFT_5_TO_30,63,EVENT-EMP,0.6784016427711423,0.0054585168003894215,0.4444444444444444,PASS
RATE_SHIFT_5_TO_30,63,GEV,0.5369819669671194,0.0054585168003894215,0.4444444444444444,PASS_LMOM_FINITE_MEAN
RATE_SHIFT_5_TO_30,63,KDE,0.782015160094331,0.0054585168003894215,0.4444444444444444,PASS
RATE_SHIFT_5_TO_30,63,TAIL,0.0612851938759139,0.0054585168003894215,0.4444444444444444,PASS
RATE_SHIFT_5_TO_30,64,EMP,-0.3813123579355767,0.018791850133722744,0.3333333333333333,PASS
RATE_SHIFT_5_TO_30,64,EVENT-EMP,-0.3813123579355767,0.023476651767583442,0.5555555555555556,PASS
RATE_SHIFT_5_TO_30,64,GEV,-0.2592950391452326,0.03305034412264198,0.5555555555555556,PASS_LMOM_FINITE_MEAN
RATE_SHIFT_5_TO_30,64,KDE,-0.2996349092928317,0.018791850133722744,0.3333333333333333,PASS
RATE_SHIFT_5_TO_30,64,TAIL,-0.1422035254746947,0.02822429001095676,0.5555555555555556,PASS
RATE_SHIFT_5_TO_30,65,EMP,-0.3262236975086972,0.023086132082575934,0.5555555555555556,PASS
RATE_SHIFT_5_TO_30,65,EVENT-EMP,-0.3262236975086972,0.024967741060198,0.5555555555555556,PASS
RATE_SHIFT_5_TO_30,65,GEV,-0.3204603421741619,0.024380800750066035,0.5555555555555556,PASS_LMOM_FINITE_MEAN
RATE_SHIFT_5_TO_30,65,KDE,-0.2874018268683397,0.018791850133722744,0.3333333333333333,PASS
RATE_SHIFT_5_TO_30,65,TAIL,-0.2703657569315711,0.03275370091319454,0.5555555555555556,PASS
RATE_SHIFT_5_TO_30,66,EMP,-0.2920302229158971,0.029730679643958424,0.5555555555555556,PASS
RATE_SHIFT_5_TO_30,66,EVENT-EMP,-0.2920302229158971,0.023075971670662568,0.5555555555555556,PASS
RATE_SHIFT_5_TO_30,66,GEV,-0.2568536602981467,0.02648973723965078,0.5555555555555556,PASS_LMOM_FINITE_MEAN
RATE_SHIFT_5_TO_30,66,KDE,-0.2526046506929264,0.018791850133722744,0.3333333333333333,PASS
RATE_SHIFT_5_TO_30,66,TAIL,-0.2245657558016892,0.031080436901457446,0.5555555555555556,PASS
RATE_SHIFT_5_TO_30,67,EMP,-0.1870771163676863,0.0054585168003894215,0.4444444444444444,PASS
RATE_SHIFT_5_TO_30,67,EVENT-EMP,-0.1870771163676863,0.0054585168003894215,0.4444444444444444,PASS
RATE_SHIFT_5_TO_30,67,GEV,-0.0075317734433419,0.0054585168003894215,0.4444444444444444,PASS_LMOM_FINITE_MEAN
RATE_SHIFT_5_TO_30,67,KDE,-0.1048511110660551,0.0054585168003894215,0.4444444444444444,PASS
RATE_SHIFT_5_TO_30,67,TAIL,-0.1182946750164476,0.018791850133722744,0.3333333333333333,PASS
RATE_SHIFT_5_TO_30,68,EMP,-0.2387210464738658,0.05318687839091904,0.5555555555555556,PASS
RATE_SHIFT_5_TO_30,68,EVENT-EMP,-0.2387210464738658,0.021111337891700322,0.5555555555555556,PASS
RATE_SHIFT_5_TO_30,68,GEV,-0.1771067631418083,0.018791850133722744,0.3333333333333333,PASS_LMOM_FINITE_MEAN
RATE_SHIFT_5_TO_30,68,KDE,-0.196817127862984,0.018791850133722744,0.3333333333333333,PASS
RATE_SHIFT_5_TO_30,68,TAIL,-0.1248238558206651,0.0259987836696884,0.5555555555555556,PASS
RATE_SHIFT_5_TO_30,69,EMP,-0.133624797377838,0.018791850133722744,0.3333333333333333,PASS
RATE_SHIFT_5_TO_30,69,EVENT-EMP,-0.133624797377838,0.0054585168003894215,0.4444444444444444,PASS
RATE_SHIFT_5_TO_30,69,GEV,-0.0419878404218828,0.018791850133722744,0.3333333333333333,PASS_LMOM_FINITE_MEAN
RATE_SHIFT_5_TO_30,69,KDE,-0.0826571818653827,0.018791850133722744,0.3333333333333333,PASS
RATE_SHIFT_5_TO_30,69,TAIL,0.1545149024152849,0.0054585168003894215,0.4444444444444444,PASS
RATE_SHIFT_5_TO_30,70,EMP,-0.0967066794807716,0.0054585168003894215,0.4444444444444444,PASS
RATE_SHIFT_5_TO_30,70,EVENT-EMP,-0.0967066794807716,0.0054585168003894215,0.4444444444444444,PASS
RATE_SHIFT_5_TO_30,70,GEV,-0.0865504562908932,0.0054585168003894215,0.4444444444444444,PASS_LMOM_FINITE_MEAN
RATE_SHIFT_5_TO_30,70,KDE,-0.0423580235139926,0.0054585168003894215,0.4444444444444444,PASS
RATE_SHIFT_5_TO_30,70,TAIL,0.0106908883948784,0.0054585168003894215,0.4444444444444444,PASS
RATE_SHIFT_5_TO_30,71,EMP,0.0224966753587452,0.0054585168003894215,0.4444444444444444,PASS
RATE_SHIFT_5_TO_30,71,EVENT-EMP,0.0224966753587452,0.0023381277194175,0.6666666666666666,PASS
RATE_SHIFT_5_TO_30,71,GEV,-0.0419631372044342,0.0054585168003894215,0.4444444444444444,PASS_LMOM_FINITE_MEAN
RATE_SHIFT_5_TO_30,71,KDE,0.0804922657417265,0.0054585168003894215,0.4444444444444444,PASS
RATE_SHIFT_5_TO_30,71,TAIL,0.2163504733609011,0.0054585168003894215,0.4444444444444444,PASS
RATE_SHIFT_5_TO_30,72,EMP,-0.2240004500222453,0.018791850133722744,0.3333333333333333,PASS
RATE_SHIFT_5_TO_30,72,EVENT-EMP,-0.2240004500222453,0.019024297866180366,0.5555555555555556,PASS
RATE_SHIFT_5_TO_30,72,GEV,-0.1599748341568669,0.018791850133722744,0.3333333333333333,PASS_LMOM_FINITE_MEAN
RATE_SHIFT_5_TO_30,72,KDE,-0.1765124312236013,0.018791850133722744,0.3333333333333333,PASS
RATE_SHIFT_5_TO_30,72,TAIL,0.1238035279445401,0.0054585168003894215,0.4444444444444444,PASS
RATE_SHIFT_5_TO_30,73,EMP,-0.0932754450725961,0.0054585168003894215,0.4444444444444444,PASS
RATE_SHIFT_5_TO_30,73,EVENT-EMP,-0.0932754450725961,0.0054585168003894215,0.4444444444444444,PASS
RATE_SHIFT_5_TO_30,73,GEV,0.0198408202000201,0.0054585168003894215,0.4444444444444444,PASS_LMOM_FINITE_MEAN
RATE_SHIFT_5_TO_30,73,KDE,-0.0338739940355327,0.0054585168003894215,0.4444444444444444,PASS
RATE_SHIFT_5_TO_30,73,TAIL,0.4100019072314042,0.0018999193638229886,0.6666666666666666,PASS
RATE_SHIFT_5_TO_30,74,EMP,-0.2465954373864203,0.014882992334216145,0.5555555555555556,PASS
RATE_SHIFT_5_TO_30,74,EVENT-EMP,-0.2465954373864203,0.002302557163560589,0.6666666666666666,PASS
RATE_SHIFT_5_TO_30,74,GEV,-0.2327837549205732,0.01795827766600339,0.5555555555555556,PASS_LMOM_FINITE_MEAN
RATE_SHIFT_5_TO_30,74,KDE,-0.2019319458512379,0.0054585168003894215,0.4444444444444444,PASS
RATE_SHIFT_5_TO_30,74,TAIL,-0.108520896445503,0.0054585168003894215,0.4444444444444444,PASS
RATE_SHIFT_5_TO_30,75,EMP,-0.2608383118728991,0.018791850133722744,0.3333333333333333,PASS
RATE_SHIFT_5_TO_30,75,EVENT-EMP,-0.2608383118728991,0.022974996154023524,0.5555555555555556,PASS
RATE_SHIFT_5_TO_30,75,GEV,-0.1125056741601501,0.018791850133722744,0.3333333333333333,PASS_LMOM_FINITE_MEAN
RATE_SHIFT_5_TO_30,75,KDE,-0.2007210870775001,0.018791850133722744,0.3333333333333333,PASS
RATE_SHIFT_5_TO_30,75,TAIL,-0.1131455703965771,0.018791850133722744,0.3333333333333333,PASS
RATE_SHIFT_5_TO_30,76,EMP,-0.2450402986174761,0.025661811630854413,0.5555555555555556,PASS
RATE_SHIFT_5_TO_30,76,EVENT-EMP,-0.2450402986174761,0.025661811630854413,0.5555555555555556,PASS
RATE_SHIFT_5_TO_30,76,GEV,-0.2585613579593547,0.033597903928590384,0.5555555555555556,PASS_LMOM_FINITE_MEAN
RATE_SHIFT_5_TO_30,76,KDE,-0.2076587464190415,0.018791850133722744,0.3333333333333333,PASS
RATE_SHIFT_5_TO_30,76,TAIL,-0.2530282819765674,0.03472335334548435,0.5555555555555556,PASS
RATE_SHIFT_5_TO_30,77,EMP,-0.1783751563689419,0.018791850133722744,0.3333333333333333,PASS
RATE_SHIFT_5_TO_30,77,EVENT-EMP,-0.1783751563689419,0.004357503627965812,0.6666666666666666,PASS
RATE_SHIFT_5_TO_30,77,GEV,-0.0393923561708884,0.018791850133722744,0.3333333333333333,PASS_LMOM_FINITE_MEAN
RATE_SHIFT_5_TO_30,77,KDE,-0.120487362837301,0.018791850133722744,0.3333333333333333,PASS
RATE_SHIFT_5_TO_30,77,TAIL,-0.0375196177250781,0.0054585168003894215,0.4444444444444444,PASS
RATE_SHIFT_5_TO_30,78,EMP,-0.0634086032896637,0.0018999193638229886,0.6666666666666666,PASS
RATE_SHIFT_5_TO_30,78,EVENT-EMP,-0.0634086032896637,0.0036807390226116666,0.5555555555555556,PASS
RATE_SHIFT_5_TO_30,78,GEV,0.1440700730260186,0.0018999193638229886,0.6666666666666666,PASS_LMOM_FINITE_MEAN
RATE_SHIFT_5_TO_30,78,KDE,0.0318375460142228,0.0018999193638229886,0.6666666666666666,PASS
RATE_SHIFT_5_TO_30,78,TAIL,0.3279113694808286,0.0054585168003894215,0.4444444444444444,PASS
RATE_SHIFT_5_TO_30,79,EMP,-0.3802713692999758,0.045801050785596736,0.5555555555555556,PASS
RATE_SHIFT_5_TO_30,79,EVENT-EMP,-0.3802713692999758,0.03003892453702747,0.5555555555555556,PASS
RATE_SHIFT_5_TO_30,79,GEV,-0.3259258056787912,0.043833830031142655,0.5555555555555556,PASS_LMOM_FINITE_MEAN
RATE_SHIFT_5_TO_30,79,KDE,-0.3396139938626929,0.03965230669352492,0.5555555555555556,PASS
RATE_SHIFT_5_TO_30,79,TAIL,-0.1537533955413975,0.038734735630114314,0.5555555555555556,PASS
RATE_SHIFT_5_TO_30,80,EMP,0.1123869981526125,0.0054585168003894215,0.4444444444444444,PASS
RATE_SHIFT_5_TO_30,80,EVENT-EMP,0.1123869981526125,0.002795976711493233,0.5555555555555556,PASS
RATE_SHIFT_5_TO_30,80,GEV,0.3713154296257537,0.0054585168003894215,0.4444444444444444,PASS_LMOM_FINITE_MEAN
RATE_SHIFT_5_TO_30,80,KDE,0.2193821109094119,0.0054585168003894215,0.4444444444444444,PASS
RATE_SHIFT_5_TO_30,80,TAIL,0.3808063988614112,0.0054585168003894215,0.4444444444444444,PASS
RATE_SHIFT_5_TO_30,81,EMP,-0.2504390936776909,0.018791850133722744,0.3333333333333333,PASS
RATE_SHIFT_5_TO_30,81,EVENT-EMP,-0.2504390936776909,0.003064508782506111,0.6666666666666666,PASS
RATE_SHIFT_5_TO_30,81,GEV,-0.1519672914030432,0.018791850133722744,0.3333333333333333,PASS_LMOM_FINITE_MEAN
RATE_SHIFT_5_TO_30,81,KDE,-0.1948417178844828,0.018791850133722744,0.3333333333333333,PASS
RATE_SHIFT_5_TO_30,81,TAIL,-0.0943020375858281,0.0054585168003894215,0.4444444444444444,PASS
RATE_SHIFT_5_TO_30,82,EMP,-0.2098482385208216,0.018791850133722744,0.3333333333333333,PASS
RATE_SHIFT_5_TO_30,82,EVENT-EMP,-0.2098482385208216,0.023909228083451903,0.5555555555555556,PASS
RATE_SHIFT_5_TO_30,82,GEV,-0.1876846196269536,0.018791850133722744,0.3333333333333333,PASS_LMOM_FINITE_MEAN
RATE_SHIFT_5_TO_30,82,KDE,-0.1623103008309063,0.018791850133722744,0.3333333333333333,PASS
RATE_SHIFT_5_TO_30,82,TAIL,0.0761549993119449,0.0054585168003894215,0.4444444444444444,PASS
RATE_SHIFT_5_TO_30,83,EMP,-0.2554003840991217,0.0054585168003894215,0.4444444444444444,PASS
RATE_SHIFT_5_TO_30,83,EVENT-EMP,-0.2554003840991217,0.003415212417194,0.6666666666666666,PASS
RATE_SHIFT_5_TO_30,83,GEV,-0.1169877218446834,0.0054585168003894215,0.4444444444444444,PASS_LMOM_FINITE_MEAN
RATE_SHIFT_5_TO_30,83,KDE,-0.1822792450427484,0.0054585168003894215,0.4444444444444444,PASS
RATE_SHIFT_5_TO_30,83,TAIL,-0.1482948069559153,0.02326204887123092,0.5555555555555556,PASS
RATE_SHIFT_5_TO_30,84,EMP,-0.1252071891336973,0.018791850133722744,0.3333333333333333,PASS
RATE_SHIFT_5_TO_30,84,EVENT-EMP,-0.1252071891336973,0.022766076986744422,0.5555555555555556,PASS
RATE_SHIFT_5_TO_30,84,GEV,-0.0858706096039187,0.018791850133722744,0.3333333333333333,PASS_LMOM_FINITE_MEAN
RATE_SHIFT_5_TO_30,84,KDE,-0.0742460979996887,0.018791850133722744,0.3333333333333333,PASS
RATE_SHIFT_5_TO_30,84,TAIL,-0.1568466361609873,0.02374263980842165,0.5555555555555556,PASS
RATE_SHIFT_5_TO_30,85,EMP,-0.3850841446076857,0.04183445518619968,0.5555555555555556,PASS
RATE_SHIFT_5_TO_30,85,EVENT-EMP,-0.3850841446076857,0.027467462866453934,0.5555555555555556,PASS
RATE_SHIFT_5_TO_30,85,GEV,-0.3015609521854486,0.03826267290911753,0.5555555555555556,PASS_LMOM_FINITE_MEAN
RATE_SHIFT_5_TO_30,85,KDE,-0.3400798563304779,0.034707616124140084,0.5555555555555556,PASS
RATE_SHIFT_5_TO_30,85,TAIL,-0.3503776629939951,0.03147470836269675,0.5555555555555556,PASS
RATE_SHIFT_5_TO_30,86,EMP,-0.1887364198407721,0.018791850133722744,0.3333333333333333,PASS
RATE_SHIFT_5_TO_30,86,EVENT-EMP,-0.1887364198407721,0.027589153922270127,0.5555555555555556,PASS
RATE_SHIFT_5_TO_30,86,GEV,-0.1173889666089147,0.018791850133722744,0.3333333333333333,PASS_LMOM_FINITE_MEAN
RATE_SHIFT_5_TO_30,86,KDE,-0.1441001791552221,0.018791850133722744,0.3333333333333333,PASS
RATE_SHIFT_5_TO_30,86,TAIL,-0.1715088618613573,0.03031544433112758,0.5555555555555556,PASS
RATE_SHIFT_5_TO_30,87,EMP,-0.1369292607247634,0.0054585168003894215,0.4444444444444444,PASS
RATE_SHIFT_5_TO_30,87,EVENT-EMP,-0.1369292607247634,0.0023646984158943113,0.6666666666666666,PASS
RATE_SHIFT_5_TO_30,87,GEV,-0.0398321723517311,0.0054585168003894215,0.4444444444444444,PASS_LMOM_FINITE_MEAN
RATE_SHIFT_5_TO_30,87,KDE,-0.0807551278940382,0.0054585168003894215,0.4444444444444444,PASS
RATE_SHIFT_5_TO_30,87,TAIL,0.0494686504261476,0.0054585168003894215,0.4444444444444444,PASS
RATE_SHIFT_5_TO_30,88,EMP,-0.2641597031504124,0.0013891159507865593,0.7777777777777778,PASS
RATE_SHIFT_5_TO_30,88,EVENT-EMP,-0.2641597031504124,0.0015332758254249334,0.6666666666666666,PASS
RATE_SHIFT_5_TO_30,88,GEV,-0.2627400770169404,0.0017806627878194554,0.6666666666666666,PASS_LMOM_FINITE_MEAN
RATE_SHIFT_5_TO_30,88,KDE,-0.2043572415642501,0.0054585168003894215,0.4444444444444444,PASS
RATE_SHIFT_5_TO_30,88,TAIL,0.0866662882929944,0.0054585168003894215,0.4444444444444444,PASS
RATE_SHIFT_5_TO_30,89,EMP,-0.2430066421410379,0.0054585168003894215,0.4444444444444444,PASS
RATE_SHIFT_5_TO_30,89,EVENT-EMP,-0.2430066421410379,0.006532937253125222,0.6666666666666666,PASS
RATE_SHIFT_5_TO_30,89,GEV,-0.1149619531848648,0.0054585168003894215,0.4444444444444444,PASS_LMOM_FINITE_MEAN
RATE_SHIFT_5_TO_30,89,KDE,-0.1666002884359017,0.0054585168003894215,0.4444444444444444,PASS
RATE_SHIFT_5_TO_30,89,TAIL,-0.1633518737153653,0.018791850133722744,0.3333333333333333,PASS
RATE_SHIFT_5_TO_30,90,EMP,-0.1915152754907783,0.0054585168003894215,0.4444444444444444,PASS
RATE_SHIFT_5_TO_30,90,EVENT-EMP,-0.1915152754907783,0.0017964770439297109,0.6666666666666666,PASS
RATE_SHIFT_5_TO_30,90,GEV,-0.1119704057682751,0.0054585168003894215,0.4444444444444444,PASS_LMOM_FINITE_MEAN
RATE_SHIFT_5_TO_30,90,KDE,-0.1255408751328346,0.0054585168003894215,0.4444444444444444,PASS
RATE_SHIFT_5_TO_30,90,TAIL,-0.0702033848876122,0.0054585168003894215,0.4444444444444444,PASS
RATE_SHIFT_5_TO_30,91,EMP,-0.2308910417813934,0.018791850133722744,0.3333333333333333,PASS
RATE_SHIFT_5_TO_30,91,EVENT-EMP,-0.2308910417813934,0.005637309528925789,0.6666666666666666,PASS
RATE_SHIFT_5_TO_30,91,GEV,-0.1644870649928516,0.018791850133722744,0.3333333333333333,PASS_LMOM_FINITE_MEAN
RATE_SHIFT_5_TO_30,91,KDE,-0.1775446746179333,0.018791850133722744,0.3333333333333333,PASS
RATE_SHIFT_5_TO_30,91,TAIL,-0.0162057316296534,0.0054585168003894215,0.4444444444444444,PASS
RATE_SHIFT_5_TO_30,92,EMP,-0.3336639852339357,0.02870068947647402,0.5555555555555556,PASS
RATE_SHIFT_5_TO_30,92,EVENT-EMP,-0.3336639852339357,0.016336811661875145,0.5555555555555556,PASS
RATE_SHIFT_5_TO_30,92,GEV,-0.2594230786742905,0.022351942464747768,0.5555555555555556,PASS_LMOM_FINITE_MEAN
RATE_SHIFT_5_TO_30,92,KDE,-0.2751411379188113,0.020990225864727045,0.5555555555555556,PASS
RATE_SHIFT_5_TO_30,92,TAIL,-0.219774876524567,0.022921382396011457,0.5555555555555556,PASS
RATE_SHIFT_5_TO_30,93,EMP,-0.3382961922728308,0.03950150886160423,0.5555555555555556,PASS
RATE_SHIFT_5_TO_30,93,EVENT-EMP,-0.3382961922728308,0.030397698590166333,0.5555555555555556,PASS
RATE_SHIFT_5_TO_30,93,GEV,-0.2238118164502467,0.04079250640486594,0.5555555555555556,PASS_LMOM_FINITE_MEAN
RATE_SHIFT_5_TO_30,93,KDE,-0.2867144783307169,0.018791850133722744,0.3333333333333333,PASS
RATE_SHIFT_5_TO_30,93,TAIL,-0.2169838752555323,0.031286244437195666,0.5555555555555556,PASS
RATE_SHIFT_5_TO_30,94,EMP,-0.3068800219081845,0.020105551578045333,0.5555555555555556,PASS
RATE_SHIFT_5_TO_30,94,EVENT-EMP,-0.3068800219081845,0.02024037381951912,0.5555555555555556,PASS
RATE_SHIFT_5_TO_30,94,GEV,-0.2971645504728544,0.023008983679847557,0.5555555555555556,PASS_LMOM_FINITE_MEAN
RATE_SHIFT_5_TO_30,94,KDE,-0.2705625633938405,0.02036881436202301,0.5555555555555556,PASS
RATE_SHIFT_5_TO_30,94,TAIL,-0.2880617602701463,0.030749226101394633,0.5555555555555556,PASS
RATE_SHIFT_5_TO_30,95,EMP,-0.2532351428220566,0.0054585168003894215,0.4444444444444444,PASS
RATE_SHIFT_5_TO_30,95,EVENT-EMP,-0.2532351428220566,0.0017112419225150778,0.6666666666666666,PASS
RATE_SHIFT_5_TO_30,95,GEV,-0.1442207470689822,0.0054585168003894215,0.4444444444444444,PASS_LMOM_FINITE_MEAN
RATE_SHIFT_5_TO_30,95,KDE,-0.17149616465876,0.0054585168003894215,0.4444444444444444,PASS
RATE_SHIFT_5_TO_30,95,TAIL,-0.0153660620732521,0.0054585168003894215,0.4444444444444444,PASS
RATE_SHIFT_5_TO_30,96,EMP,-0.1777627519311105,0.03636746546682548,0.5555555555555556,PASS
RATE_SHIFT_5_TO_30,96,EVENT-EMP,-0.1777627519311105,0.023025420411349844,0.5555555555555556,PASS
RATE_SHIFT_5_TO_30,96,GEV,-0.1465764027438641,0.03345758896803127,0.5555555555555556,PASS_LMOM_FINITE_MEAN
RATE_SHIFT_5_TO_30,96,KDE,-0.1362796010927688,0.018791850133722744,0.3333333333333333,PASS
RATE_SHIFT_5_TO_30,96,TAIL,-0.1920180726199967,0.0323496121529748,0.5555555555555556,PASS
RATE_SHIFT_5_TO_30,97,EMP,0.5441980054205952,0.002795976711493233,0.5555555555555556,PASS
RATE_SHIFT_5_TO_30,97,EVENT-EMP,0.5441980054205952,0.002795976711493233,0.5555555555555556,PASS
RATE_SHIFT_5_TO_30,97,GEV,0.6072323283899581,0.002795976711493233,0.5555555555555556,PASS_LMOM_FINITE_MEAN
RATE_SHIFT_5_TO_30,97,KDE,0.6430865474201468,0.002795976711493233,0.5555555555555556,PASS
RATE_SHIFT_5_TO_30,97,TAIL,0.3328248211453586,0.0054585168003894215,0.4444444444444444,PASS
RATE_SHIFT_5_TO_30,98,EMP,-0.0867688047613129,0.0054585168003894215,0.4444444444444444,PASS
RATE_SHIFT_5_TO_30,98,EVENT-EMP,-0.0867688047613129,0.0044860956787319784,0.6666666666666666,PASS
RATE_SHIFT_5_TO_30,98,GEV,0.0507755919709982,0.0054585168003894215,0.4444444444444444,PASS_LMOM_FINITE_MEAN
RATE_SHIFT_5_TO_30,98,KDE,-0.0199263336578563,0.0054585168003894215,0.4444444444444444,PASS
RATE_SHIFT_5_TO_30,98,TAIL,0.0633281895872007,0.0054585168003894215,0.4444444444444444,PASS
RATE_SHIFT_5_TO_30,99,EMP,-0.1054868756555053,0.018791850133722744,0.3333333333333333,PASS
RATE_SHIFT_5_TO_30,99,EVENT-EMP,-0.1054868756555053,0.0054585168003894215,0.4444444444444444,PASS
RATE_SHIFT_5_TO_30,99,GEV,0.0785749726509813,0.018791850133722744,0.3333333333333333,PASS_LMOM_FINITE_MEAN
RATE_SHIFT_5_TO_30,99,KDE,-0.0466272785080882,0.018791850133722744,0.3333333333333333,PASS
RATE_SHIFT_5_TO_30,99,TAIL,0.1905499461532267,0.0054585168003894215,0.4444444444444444,PASS
RATE_SHIFT_5_TO_30,100,EMP,-0.3867682213528544,0.015850048203304788,0.5555555555555556,PASS
RATE_SHIFT_5_TO_30,100,EVENT-EMP,-0.3867682213528544,0.014136468289227565,0.5555555555555556,PASS
RATE_SHIFT_5_TO_30,100,GEV,-0.3589703614153765,0.01723980104318631,0.5555555555555556,PASS_LMOM_FINITE_MEAN
RATE_SHIFT_5_TO_30,100,KDE,-0.3233910287272381,0.016755553608589168,0.5555555555555556,PASS
RATE_SHIFT_5_TO_30,100,TAIL,-0.2933505092535916,0.020864322788761002,0.5555555555555556,PASS
RATE_SHIFT_5_TO_30,101,EMP,-0.1516556979572435,0.0054585168003894215,0.4444444444444444,PASS
RATE_SHIFT_5_TO_30,101,EVENT-EMP,-0.1516556979572435,0.0019755571988923,0.6666666666666666,PASS
RATE_SHIFT_5_TO_30,101,GEV,-0.1666579524787624,0.0054585168003894215,0.4444444444444444,PASS_LMOM_FINITE_MEAN
RATE_SHIFT_5_TO_30,101,KDE,-0.0962654287109081,0.0054585168003894215,0.4444444444444444,PASS
RATE_SHIFT_5_TO_30,101,TAIL,0.0273428695857309,0.0054585168003894215,0.4444444444444444,PASS
RATE_SHIFT_5_TO_30,102,EMP,-0.228617335460479,0.018791850133722744,0.3333333333333333,PASS
RATE_SHIFT_5_TO_30,102,EVENT-EMP,-0.228617335460479,0.03556327521089666,0.5555555555555556,PASS
RATE_SHIFT_5_TO_30,102,GEV,-0.1375890118572598,0.018791850133722744,0.3333333333333333,PASS_LMOM_FINITE_MEAN
RATE_SHIFT_5_TO_30,102,KDE,-0.1821140738339428,0.018791850133722744,0.3333333333333333,PASS
RATE_SHIFT_5_TO_30,102,TAIL,-0.1897021225566278,0.03345654373782905,0.5555555555555556,PASS
RATE_SHIFT_5_TO_30,103,EMP,-0.2947772096161966,0.02511089374923958,0.5555555555555556,PASS
RATE_SHIFT_5_TO_30,103,EVENT-EMP,-0.2947772096161966,0.023957770180094883,0.5555555555555556,PASS
RATE_SHIFT_5_TO_30,103,GEV,-0.2212157498168951,0.01956892633111251,0.5555555555555556,PASS_LMOM_FINITE_MEAN
RATE_SHIFT_5_TO_30,103,KDE,-0.2445865885025649,0.0054585168003894215,0.4444444444444444,PASS
RATE_SHIFT_5_TO_30,103,TAIL,-0.1968282310243032,0.021830437662864268,0.5555555555555556,PASS
RATE_SHIFT_5_TO_30,104,EMP,-0.1582199352181466,0.0054585168003894215,0.4444444444444444,PASS
RATE_SHIFT_5_TO_30,104,EVENT-EMP,-0.1582199352181466,0.0054585168003894215,0.4444444444444444,PASS
RATE_SHIFT_5_TO_30,104,GEV,-0.0424043686778357,0.0054585168003894215,0.4444444444444444,PASS_LMOM_FINITE_MEAN
RATE_SHIFT_5_TO_30,104,KDE,-0.0929968191651086,0.0054585168003894215,0.4444444444444444,PASS
RATE_SHIFT_5_TO_30,104,TAIL,0.252902291737946,0.0054585168003894215,0.4444444444444444,PASS
RATE_SHIFT_5_TO_30,105,EMP,0.0198616911505134,0.0054585168003894215,0.4444444444444444,PASS
RATE_SHIFT_5_TO_30,105,EVENT-EMP,0.0198616911505134,0.004776552813209077,0.6666666666666666,PASS
RATE_SHIFT_5_TO_30,105,GEV,0.0738936517546714,0.0054585168003894215,0.4444444444444444,PASS_LMOM_FINITE_MEAN
RATE_SHIFT_5_TO_30,105,KDE,0.0788945180541041,0.0054585168003894215,0.4444444444444444,PASS
RATE_SHIFT_5_TO_30,105,TAIL,0.0008187116934441,0.0054585168003894215,0.4444444444444444,PASS
RATE_SHIFT_5_TO_30,106,EMP,-0.3343851056544185,0.0348719979949902,0.5555555555555556,PASS
RATE_SHIFT_5_TO_30,106,EVENT-EMP,-0.3343851056544185,0.021871328805050577,0.5555555555555556,PASS
RATE_SHIFT_5_TO_30,106,GEV,-0.2734796808610737,0.035835765608034156,0.5555555555555556,PASS_LMOM_FINITE_MEAN
RATE_SHIFT_5_TO_30,106,KDE,-0.2882883570540779,0.018791850133722744,0.3333333333333333,PASS
RATE_SHIFT_5_TO_30,106,TAIL,0.0795041834150927,0.0054585168003894215,0.4444444444444444,PASS
RATE_SHIFT_5_TO_30,107,EMP,-0.1957175185072349,0.018791850133722744,0.3333333333333333,PASS
RATE_SHIFT_5_TO_30,107,EVENT-EMP,-0.1957175185072349,0.001705135235882189,0.6666666666666666,PASS
RATE_SHIFT_5_TO_30,107,GEV,-0.0726590542658331,0.018791850133722744,0.3333333333333333,PASS_LMOM_FINITE_MEAN
RATE_SHIFT_5_TO_30,107,KDE,-0.1414322429418568,0.018791850133722744,0.3333333333333333,PASS
RATE_SHIFT_5_TO_30,107,TAIL,-0.0787873930385052,0.0054585168003894215,0.4444444444444444,PASS
RATE_SHIFT_5_TO_30,108,EMP,0.2453082392046733,0.018791850133722744,0.3333333333333333,PASS
RATE_SHIFT_5_TO_30,108,EVENT-EMP,0.2453082392046733,0.0054585168003894215,0.4444444444444444,PASS
RATE_SHIFT_5_TO_30,108,GEV,0.2181319658065534,0.018791850133722744,0.3333333333333333,PASS_LMOM_FINITE_MEAN
RATE_SHIFT_5_TO_30,108,KDE,0.3194393090452214,0.018791850133722744,0.3333333333333333,PASS
RATE_SHIFT_5_TO_30,108,TAIL,0.1124186964954066,0.0054585168003894215,0.4444444444444444,PASS
RATE_SHIFT_5_TO_30,109,EMP,0.1940231673542019,0.018791850133722744,0.3333333333333333,PASS
RATE_SHIFT_5_TO_30,109,EVENT-EMP,0.1940231673542019,0.0054585168003894215,0.4444444444444444,PASS
RATE_SHIFT_5_TO_30,109,GEV,0.3107151030418675,0.018791850133722744,0.3333333333333333,PASS_LMOM_FINITE_MEAN
RATE_SHIFT_5_TO_30,109,KDE,0.270231906794742,0.018791850133722744,0.3333333333333333,PASS
RATE_SHIFT_5_TO_30,109,TAIL,-0.113778606713217,0.018791850133722744,0.3333333333333333,PASS
RATE_SHIFT_5_TO_30,110,EMP,-0.3166828157342454,0.018791850133722744,0.3333333333333333,PASS
RATE_SHIFT_5_TO_30,110,EVENT-EMP,-0.3166828157342454,0.02553437974074728,0.5555555555555556,PASS
RATE_SHIFT_5_TO_30,110,GEV,-0.1820400770843145,0.018791850133722744,0.3333333333333333,PASS_LMOM_FINITE_MEAN
RATE_SHIFT_5_TO_30,110,KDE,-0.2341809082163934,0.018791850133722744,0.3333333333333333,PASS
RATE_SHIFT_5_TO_30,110,TAIL,-0.005625267552036,0.018791850133722744,0.3333333333333333,PASS
RATE_SHIFT_5_TO_30,111,EMP,-0.1993280810335218,0.018791850133722744,0.3333333333333333,PASS
RATE_SHIFT_5_TO_30,111,EVENT-EMP,-0.1993280810335218,0.0054585168003894215,0.4444444444444444,PASS
RATE_SHIFT_5_TO_30,111,GEV,0.0794314403026338,0.018791850133722744,0.3333333333333333,PASS_LMOM_FINITE_MEAN
RATE_SHIFT_5_TO_30,111,KDE,-0.0862560871882902,0.018791850133722744,0.3333333333333333,PASS
RATE_SHIFT_5_TO_30,111,TAIL,-0.0490208417274474,0.018791850133722744,0.3333333333333333,PASS
RATE_SHIFT_5_TO_30,112,EMP,-0.3115607395512053,0.020683290789200687,0.5555555555555556,PASS
RATE_SHIFT_5_TO_30,112,EVENT-EMP,-0.3115607395512053,0.019870293271157243,0.5555555555555556,PASS
RATE_SHIFT_5_TO_30,112,GEV,-0.2456286464244657,0.023953115614671148,0.5555555555555556,PASS_LMOM_FINITE_MEAN
RATE_SHIFT_5_TO_30,112,KDE,-0.2640671934989074,0.018791850133722744,0.3333333333333333,PASS
RATE_SHIFT_5_TO_30,112,TAIL,-0.2543762720096492,0.02438155151246508,0.5555555555555556,PASS
RATE_SHIFT_5_TO_30,113,EMP,-0.3176739451219469,0.020663624607684346,0.5555555555555556,PASS
RATE_SHIFT_5_TO_30,113,EVENT-EMP,-0.3176739451219469,0.020279624759263044,0.5555555555555556,PASS
RATE_SHIFT_5_TO_30,113,GEV,-0.3072129744397983,0.028177847581538042,0.5555555555555556,PASS_LMOM_FINITE_MEAN
RATE_SHIFT_5_TO_30,113,KDE,-0.2698935241349309,0.018791850133722744,0.3333333333333333,PASS
RATE_SHIFT_5_TO_30,113,TAIL,-0.1596777947931203,0.03290233536491685,0.5555555555555556,PASS
RATE_SHIFT_5_TO_30,114,EMP,-0.3715115435128965,0.018791850133722744,0.3333333333333333,PASS
RATE_SHIFT_5_TO_30,114,EVENT-EMP,-0.3715115435128965,0.018011650590849367,0.5555555555555556,PASS
RATE_SHIFT_5_TO_30,114,GEV,-0.2598125141718277,0.018791850133722744,0.3333333333333333,PASS_LMOM_FINITE_MEAN
RATE_SHIFT_5_TO_30,114,KDE,-0.3024041723059722,0.018791850133722744,0.3333333333333333,PASS
RATE_SHIFT_5_TO_30,114,TAIL,-0.1630455357339452,0.0275740294821245,0.5555555555555556,PASS
RATE_SHIFT_5_TO_30,115,EMP,0.0108859778474966,0.0054585168003894215,0.4444444444444444,PASS
RATE_SHIFT_5_TO_30,115,EVENT-EMP,0.0108859778474966,0.0018999193638229886,0.6666666666666666,PASS
RATE_SHIFT_5_TO_30,115,GEV,0.1320496729326662,0.0054585168003894215,0.4444444444444444,PASS_LMOM_FINITE_MEAN
RATE_SHIFT_5_TO_30,115,KDE,0.0800903101511865,0.0054585168003894215,0.4444444444444444,PASS
RATE_SHIFT_5_TO_30,115,TAIL,0.331762639998737,0.0018999193638229886,0.6666666666666666,PASS
RATE_SHIFT_5_TO_30,116,EMP,-0.2991783163204025,0.018791850133722744,0.3333333333333333,PASS
RATE_SHIFT_5_TO_30,116,EVENT-EMP,-0.2991783163204025,0.015173355332785878,0.5555555555555556,PASS
RATE_SHIFT_5_TO_30,116,GEV,-0.2050546795676222,0.018791850133722744,0.3333333333333333,PASS_LMOM_FINITE_MEAN
RATE_SHIFT_5_TO_30,116,KDE,-0.2361742672609609,0.018791850133722744,0.3333333333333333,PASS
RATE_SHIFT_5_TO_30,116,TAIL,-0.1503581025535337,0.027627736739125136,0.5555555555555556,PASS
RATE_SHIFT_5_TO_30,117,EMP,-0.2545385959431221,0.039268646006678135,0.5555555555555556,PASS
RATE_SHIFT_5_TO_30,117,EVENT-EMP,-0.2545385959431221,0.020383565694886745,0.5555555555555556,PASS
RATE_SHIFT_5_TO_30,117,GEV,-0.2965953544930457,0.03719295396257903,0.5555555555555556,PASS_LMOM_FINITE_MEAN
RATE_SHIFT_5_TO_30,117,KDE,-0.2215559680413731,0.03344065111766499,0.5555555555555556,PASS
RATE_SHIFT_5_TO_30,117,TAIL,-0.0592693475277433,0.018791850133722744,0.3333333333333333,PASS
RATE_SHIFT_5_TO_30,118,EMP,-0.1489773335285668,0.001398530837594153,0.7777777777777778,PASS
RATE_SHIFT_5_TO_30,118,EVENT-EMP,-0.1489773335285668,0.002226075589885378,0.6666666666666666,PASS
RATE_SHIFT_5_TO_30,118,GEV,-0.2213600897584715,0.0054585168003894215,0.4444444444444444,PASS_LMOM_FINITE_MEAN
RATE_SHIFT_5_TO_30,118,KDE,-0.1024647269227672,0.0054585168003894215,0.4444444444444444,PASS
RATE_SHIFT_5_TO_30,118,TAIL,0.2783381626852688,0.0054585168003894215,0.4444444444444444,PASS
RATE_SHIFT_5_TO_30,119,EMP,-0.2306374373062553,0.018791850133722744,0.3333333333333333,PASS
RATE_SHIFT_5_TO_30,119,EVENT-EMP,-0.2306374373062553,0.021198186712826014,0.5555555555555556,PASS
RATE_SHIFT_5_TO_30,119,GEV,-0.0736404463176598,0.018791850133722744,0.3333333333333333,PASS_LMOM_FINITE_MEAN
RATE_SHIFT_5_TO_30,119,KDE,-0.1721936233377276,0.018791850133722744,0.3333333333333333,PASS
RATE_SHIFT_5_TO_30,119,TAIL,-0.1275043682454378,0.018791850133722744,0.3333333333333333,PASS
RATE_SHIFT_5_TO_30,120,EMP,-0.336845863632549,0.018791850133722744,0.3333333333333333,PASS
RATE_SHIFT_5_TO_30,120,EVENT-EMP,-0.336845863632549,0.014813067544559867,0.5555555555555556,PASS
RATE_SHIFT_5_TO_30,120,GEV,-0.2665195805830114,0.018791850133722744,0.3333333333333333,PASS_LMOM_FINITE_MEAN
RATE_SHIFT_5_TO_30,120,KDE,-0.2739519980314568,0.018791850133722744,0.3333333333333333,PASS
RATE_SHIFT_5_TO_30,120,TAIL,-0.1223893687429771,0.018791850133722744,0.3333333333333333,PASS
RATE_SHIFT_5_TO_30,121,EMP,0.1439424886618811,0.0054585168003894215,0.4444444444444444,PASS
RATE_SHIFT_5_TO_30,121,EVENT-EMP,0.1439424886618811,0.0054585168003894215,0.4444444444444444,PASS
RATE_SHIFT_5_TO_30,121,GEV,0.2001769019321832,0.0054585168003894215,0.4444444444444444,PASS_LMOM_FINITE_MEAN
RATE_SHIFT_5_TO_30,121,KDE,0.2143162424049714,0.0054585168003894215,0.4444444444444444,PASS
RATE_SHIFT_5_TO_30,121,TAIL,0.1504767980060792,0.0054585168003894215,0.4444444444444444,PASS
RATE_SHIFT_5_TO_30,122,EMP,0.0557537275729864,0.0054585168003894215,0.4444444444444444,PASS
RATE_SHIFT_5_TO_30,122,EVENT-EMP,0.0557537275729864,0.002795976711493233,0.5555555555555556,PASS
RATE_SHIFT_5_TO_30,122,GEV,0.3930174974885395,0.0054585168003894215,0.4444444444444444,PASS_LMOM_FINITE_MEAN
RATE_SHIFT_5_TO_30,122,KDE,0.1489206666297865,0.0054585168003894215,0.4444444444444444,PASS
RATE_SHIFT_5_TO_30,122,TAIL,0.4168173098372123,0.0054585168003894215,0.4444444444444444,PASS
RATE_SHIFT_5_TO_30,123,EMP,-0.1917334326103007,0.018791850133722744,0.3333333333333333,PASS
RATE_SHIFT_5_TO_30,123,EVENT-EMP,-0.1917334326103007,0.0054585168003894215,0.4444444444444444,PASS
RATE_SHIFT_5_TO_30,123,GEV,-0.0143416541439057,0.018791850133722744,0.3333333333333333,PASS_LMOM_FINITE_MEAN
RATE_SHIFT_5_TO_30,123,KDE,-0.10815378418628,0.018791850133722744,0.3333333333333333,PASS
RATE_SHIFT_5_TO_30,123,TAIL,0.1352645415499128,0.0054585168003894215,0.4444444444444444,PASS
RATE_SHIFT_5_TO_30,124,EMP,0.1742295154438946,0.018791850133722744,0.3333333333333333,PASS
RATE_SHIFT_5_TO_30,124,EVENT-EMP,0.1742295154438946,0.0054585168003894215,0.4444444444444444,PASS
RATE_SHIFT_5_TO_30,124,GEV,0.155400193720198,0.018791850133722744,0.3333333333333333,PASS_LMOM_FINITE_MEAN
RATE_SHIFT_5_TO_30,124,KDE,0.2431298626539635,0.018791850133722744,0.3333333333333333,PASS
RATE_SHIFT_5_TO_30,124,TAIL,-0.0937957696525346,0.018791850133722744,0.3333333333333333,PASS
RATE_SHIFT_5_TO_30,125,EMP,0.0796945259700649,0.025259087200154212,0.5555555555555556,PASS
RATE_SHIFT_5_TO_30,125,EVENT-EMP,0.0796945259700649,0.025259087200154212,0.5555555555555556,PASS
RATE_SHIFT_5_TO_30,125,GEV,-0.0586590300721332,0.0091151399785841,0.6666666666666666,PASS_LMOM_FINITE_MEAN
RATE_SHIFT_5_TO_30,125,KDE,0.1344841087043991,0.0054585168003894215,0.4444444444444444,PASS
RATE_SHIFT_5_TO_30,125,TAIL,-0.1491775841663489,0.026251159902085767,0.5555555555555556,PASS
RATE_SHIFT_5_TO_30,126,EMP,-0.3346573515102827,0.018813923828130432,0.5555555555555556,PASS
RATE_SHIFT_5_TO_30,126,EVENT-EMP,-0.3346573515102827,0.017413698710000678,0.5555555555555556,PASS
RATE_SHIFT_5_TO_30,126,GEV,-0.2770813745251923,0.0196055728839674,0.5555555555555556,PASS_LMOM_FINITE_MEAN
RATE_SHIFT_5_TO_30,126,KDE,-0.28739953234231,0.01813606672492358,0.5555555555555556,PASS
RATE_SHIFT_5_TO_30,126,TAIL,-0.1191178233463667,0.0054585168003894215,0.4444444444444444,PASS
RATE_SHIFT_5_TO_30,127,EMP,-0.0230143707573762,0.018791850133722744,0.3333333333333333,PASS
RATE_SHIFT_5_TO_30,127,EVENT-EMP,-0.0230143707573762,0.027464511522766757,0.5555555555555556,PASS
RATE_SHIFT_5_TO_30,127,GEV,-0.008955553186808,0.018791850133722744,0.3333333333333333,PASS_LMOM_FINITE_MEAN
RATE_SHIFT_5_TO_30,127,KDE,0.0308229205358577,0.018791850133722744,0.3333333333333333,PASS
RATE_SHIFT_5_TO_30,127,TAIL,-0.1825358748264681,0.029251517542457868,0.5555555555555556,PASS
RATE_SHIFT_5_TO_30,128,EMP,-0.3983867919819126,0.027361781627146448,0.5555555555555556,PASS
RATE_SHIFT_5_TO_30,128,EVENT-EMP,-0.3983867919819126,0.01982003815806969,0.6666666666666666,PASS
RATE_SHIFT_5_TO_30,128,GEV,-0.372221033340282,0.025061305041932366,0.5555555555555556,PASS_LMOM_FINITE_MEAN
RATE_SHIFT_5_TO_30,128,KDE,-0.3489406114122677,0.023461603131887856,0.5555555555555556,PASS
RATE_SHIFT_5_TO_30,128,TAIL,-0.2225704749530634,0.028931232923245422,0.5555555555555556,PASS
RATE_SHIFT_5_TO_30,129,EMP,-0.0197710306373965,0.0054585168003894215,0.4444444444444444,PASS
RATE_SHIFT_5_TO_30,129,EVENT-EMP,-0.0197710306373965,0.0054585168003894215,0.4444444444444444,PASS
RATE_SHIFT_5_TO_30,129,GEV,0.0131726261282737,0.0054585168003894215,0.4444444444444444,PASS_LMOM_FINITE_MEAN
RATE_SHIFT_5_TO_30,129,KDE,0.0403732173877294,0.0054585168003894215,0.4444444444444444,PASS
RATE_SHIFT_5_TO_30,129,TAIL,0.0931885981722385,0.0054585168003894215,0.4444444444444444,PASS
RATE_SHIFT_5_TO_30,130,EMP,0.1589506136390413,0.0054585168003894215,0.4444444444444444,PASS
RATE_SHIFT_5_TO_30,130,EVENT-EMP,0.1589506136390413,0.0054585168003894215,0.4444444444444444,PASS
RATE_SHIFT_5_TO_30,130,GEV,0.1171318626356107,0.0054585168003894215,0.4444444444444444,PASS_LMOM_FINITE_MEAN
RATE_SHIFT_5_TO_30,130,KDE,0.2243304334656818,0.0054585168003894215,0.4444444444444444,PASS
RATE_SHIFT_5_TO_30,130,TAIL,0.153491706830475,0.0054585168003894215,0.4444444444444444,PASS
RATE_SHIFT_5_TO_30,131,EMP,-0.2290795899098242,0.03660887090562494,0.5555555555555556,PASS
RATE_SHIFT_5_TO_30,131,EVENT-EMP,-0.2290795899098242,0.033144808020208166,0.5555555555555556,PASS
RATE_SHIFT_5_TO_30,131,GEV,-0.2448658258824401,0.034210369078172646,0.5555555555555556,PASS_LMOM_FINITE_MEAN
RATE_SHIFT_5_TO_30,131,KDE,-0.1897518759032851,0.018791850133722744,0.3333333333333333,PASS
RATE_SHIFT_5_TO_30,131,TAIL,-0.2718594638653528,0.035308555152403505,0.5555555555555556,PASS
RATE_SHIFT_5_TO_30,132,EMP,0.1014234565499322,0.029490897949593604,0.5555555555555556,PASS
RATE_SHIFT_5_TO_30,132,EVENT-EMP,0.1014234565499322,0.028970536726773202,0.5555555555555556,PASS
RATE_SHIFT_5_TO_30,132,GEV,0.0079264021014678,0.018791850133722744,0.3333333333333333,PASS_LMOM_FINITE_MEAN
RATE_SHIFT_5_TO_30,132,KDE,0.1593187736341635,0.018791850133722744,0.3333333333333333,PASS
RATE_SHIFT_5_TO_30,132,TAIL,-0.1671294391423312,0.02911139207466649,0.5555555555555556,PASS
RATE_SHIFT_5_TO_30,133,EMP,0.0822008873687418,0.0054585168003894215,0.4444444444444444,PASS
RATE_SHIFT_5_TO_30,133,EVENT-EMP,0.0822008873687418,0.0054585168003894215,0.4444444444444444,PASS
RATE_SHIFT_5_TO_30,133,GEV,0.3239600118401259,0.0054585168003894215,0.4444444444444444,PASS_LMOM_FINITE_MEAN
RATE_SHIFT_5_TO_30,133,KDE,0.1556482778125754,0.0054585168003894215,0.4444444444444444,PASS
RATE_SHIFT_5_TO_30,133,TAIL,0.1214332880034572,0.0054585168003894215,0.4444444444444444,PASS
RATE_SHIFT_5_TO_30,134,EMP,-0.2539847706892573,0.018791850133722744,0.3333333333333333,PASS
RATE_SHIFT_5_TO_30,134,EVENT-EMP,-0.2539847706892573,0.031047435730171626,0.5555555555555556,PASS
RATE_SHIFT_5_TO_30,134,GEV,-0.1556815518671029,0.018791850133722744,0.3333333333333333,PASS_LMOM_FINITE_MEAN
RATE_SHIFT_5_TO_30,134,KDE,-0.2019757673422052,0.018791850133722744,0.3333333333333333,PASS
RATE_SHIFT_5_TO_30,134,TAIL,-0.1895126236058676,0.03323508202534482,0.5555555555555556,PASS
RATE_SHIFT_5_TO_30,135,EMP,0.0939891169715906,0.0054585168003894215,0.4444444444444444,PASS
RATE_SHIFT_5_TO_30,135,EVENT-EMP,0.0939891169715906,0.002795976711493233,0.5555555555555556,PASS
RATE_SHIFT_5_TO_30,135,GEV,0.5016102158618291,0.0054585168003894215,0.4444444444444444,PASS_LMOM_FINITE_MEAN
RATE_SHIFT_5_TO_30,135,KDE,0.2069753611533466,0.0054585168003894215,0.4444444444444444,PASS
RATE_SHIFT_5_TO_30,135,TAIL,0.5915778641814377,0.002795976711493233,0.5555555555555556,PASS
RATE_SHIFT_5_TO_30,136,EMP,-0.0360236480885762,0.0054585168003894215,0.4444444444444444,PASS
RATE_SHIFT_5_TO_30,136,EVENT-EMP,-0.0360236480885762,0.0054585168003894215,0.4444444444444444,PASS
RATE_SHIFT_5_TO_30,136,GEV,0.1585367308215008,0.0054585168003894215,0.4444444444444444,PASS_LMOM_FINITE_MEAN
RATE_SHIFT_5_TO_30,136,KDE,0.0532212340164785,0.0054585168003894215,0.4444444444444444,PASS
RATE_SHIFT_5_TO_30,136,TAIL,-0.0136003156594608,0.0054585168003894215,0.4444444444444444,PASS
RATE_SHIFT_5_TO_30,137,EMP,-0.1912372919798667,0.0267708831998948,0.5555555555555556,PASS
RATE_SHIFT_5_TO_30,137,EVENT-EMP,-0.1912372919798667,0.0046792128914724665,0.6666666666666666,PASS
RATE_SHIFT_5_TO_30,137,GEV,-0.1510614305156912,0.018791850133722744,0.3333333333333333,PASS_LMOM_FINITE_MEAN
RATE_SHIFT_5_TO_30,137,KDE,-0.1490253200230897,0.018791850133722744,0.3333333333333333,PASS
RATE_SHIFT_5_TO_30,137,TAIL,-0.0873395941106096,0.0054585168003894215,0.4444444444444444,PASS
RATE_SHIFT_5_TO_30,138,EMP,0.0581241376380148,0.0054585168003894215,0.4444444444444444,PASS
RATE_SHIFT_5_TO_30,138,EVENT-EMP,0.0581241376380148,0.0054585168003894215,0.4444444444444444,PASS
RATE_SHIFT_5_TO_30,138,GEV,0.3521925743452103,0.0054585168003894215,0.4444444444444444,PASS_LMOM_FINITE_MEAN
RATE_SHIFT_5_TO_30,138,KDE,0.1305933797714054,0.0054585168003894215,0.4444444444444444,PASS
RATE_SHIFT_5_TO_30,138,TAIL,0.2309944730432153,0.0054585168003894215,0.4444444444444444,PASS
RATE_SHIFT_5_TO_30,139,EMP,-0.18648816769378,0.018791850133722744,0.3333333333333333,PASS
RATE_SHIFT_5_TO_30,139,EVENT-EMP,-0.18648816769378,0.02186054356666696,0.5555555555555556,PASS
RATE_SHIFT_5_TO_30,139,GEV,-0.0556397730305876,0.018791850133722744,0.3333333333333333,PASS_LMOM_FINITE_MEAN
RATE_SHIFT_5_TO_30,139,KDE,-0.1348841682344251,0.018791850133722744,0.3333333333333333,PASS
RATE_SHIFT_5_TO_30,139,TAIL,0.003905735954447,0.0054585168003894215,0.4444444444444444,PASS
RATE_SHIFT_5_TO_30,140,EMP,0.0761135092363051,0.018791850133722744,0.3333333333333333,PASS
RATE_SHIFT_5_TO_30,140,EVENT-EMP,0.0761135092363051,0.009688601662036046,0.6666666666666666,PASS
RATE_SHIFT_5_TO_30,140,GEV,0.1669423935084619,0.018791850133722744,0.3333333333333333,PASS_LMOM_FINITE_MEAN
RATE_SHIFT_5_TO_30,140,KDE,0.138498442402075,0.018791850133722744,0.3333333333333333,PASS
RATE_SHIFT_5_TO_30,140,TAIL,-0.0712303422241016,0.018791850133722744,0.3333333333333333,PASS
RATE_SHIFT_5_TO_30,141,EMP,0.3165419578443264,0.0054585168003894215,0.4444444444444444,PASS
RATE_SHIFT_5_TO_30,141,EVENT-EMP,0.3165419578443264,0.0054585168003894215,0.4444444444444444,PASS
RATE_SHIFT_5_TO_30,141,GEV,0.256501792150248,0.0054585168003894215,0.4444444444444444,PASS_LMOM_FINITE_MEAN
RATE_SHIFT_5_TO_30,141,KDE,0.3931825053870801,0.0054585168003894215,0.4444444444444444,PASS
RATE_SHIFT_5_TO_30,141,TAIL,-0.0333900511085983,0.0054585168003894215,0.4444444444444444,PASS
RATE_SHIFT_5_TO_30,142,EMP,-0.3038489243622357,0.019438266308058356,0.5555555555555556,PASS
RATE_SHIFT_5_TO_30,142,EVENT-EMP,-0.3038489243622357,0.017647709681482077,0.5555555555555556,PASS
RATE_SHIFT_5_TO_30,142,GEV,-0.2234561834654689,0.018943712610278822,0.5555555555555556,PASS_LMOM_FINITE_MEAN
RATE_SHIFT_5_TO_30,142,KDE,-0.2536780029071562,0.0054585168003894215,0.4444444444444444,PASS
RATE_SHIFT_5_TO_30,142,TAIL,-0.2330794020673064,0.0180961359401686,0.5555555555555556,PASS
RATE_SHIFT_5_TO_30,143,EMP,-0.331092537010817,0.03211257568874902,0.5555555555555556,PASS
RATE_SHIFT_5_TO_30,143,EVENT-EMP,-0.331092537010817,0.026386324313193512,0.5555555555555556,PASS
RATE_SHIFT_5_TO_30,143,GEV,-0.315253134463042,0.024848126397300413,0.5555555555555556,PASS_LMOM_FINITE_MEAN
RATE_SHIFT_5_TO_30,143,KDE,-0.2835352354691436,0.02490743577385507,0.5555555555555556,PASS
RATE_SHIFT_5_TO_30,143,TAIL,-0.1644234193773785,0.03277220723297946,0.5555555555555556,PASS
RATE_SHIFT_5_TO_30,144,EMP,-0.226723954867951,0.0054585168003894215,0.4444444444444444,PASS
RATE_SHIFT_5_TO_30,144,EVENT-EMP,-0.226723954867951,0.0047786512145168445,0.6666666666666666,PASS
RATE_SHIFT_5_TO_30,144,GEV,-0.0822671880356416,0.0054585168003894215,0.4444444444444444,PASS_LMOM_FINITE_MEAN
RATE_SHIFT_5_TO_30,144,KDE,-0.1595613036193981,0.0054585168003894215,0.4444444444444444,PASS
RATE_SHIFT_5_TO_30,144,TAIL,-0.0637791262077398,0.0054585168003894215,0.4444444444444444,PASS
RATE_SHIFT_5_TO_30,145,EMP,-0.2938891450289194,0.018791850133722744,0.3333333333333333,PASS
RATE_SHIFT_5_TO_30,145,EVENT-EMP,-0.2938891450289194,0.0017494448429867888,0.6666666666666666,PASS
RATE_SHIFT_5_TO_30,145,GEV,-0.1395025767117708,0.025026312172337944,0.5555555555555556,PASS_LMOM_FINITE_MEAN
RATE_SHIFT_5_TO_30,145,KDE,-0.2412657703587369,0.018791850133722744,0.3333333333333333,PASS
RATE_SHIFT_5_TO_30,145,TAIL,-0.0864797825850748,0.0054585168003894215,0.4444444444444444,PASS
RATE_SHIFT_5_TO_30,146,EMP,-0.1950575075723353,0.018791850133722744,0.3333333333333333,PASS
RATE_SHIFT_5_TO_30,146,EVENT-EMP,-0.1950575075723353,0.0054585168003894215,0.4444444444444444,PASS
RATE_SHIFT_5_TO_30,146,GEV,0.0130823712080518,0.018791850133722744,0.3333333333333333,PASS_LMOM_FINITE_MEAN
RATE_SHIFT_5_TO_30,146,KDE,-0.1153147993445036,0.018791850133722744,0.3333333333333333,PASS
RATE_SHIFT_5_TO_30,146,TAIL,-0.0805634739221015,0.0054585168003894215,0.4444444444444444,PASS
RATE_SHIFT_5_TO_30,147,EMP,-0.210806624394537,0.031169174582283767,0.5555555555555556,PASS
RATE_SHIFT_5_TO_30,147,EVENT-EMP,-0.210806624394537,0.02671891984023028,0.5555555555555556,PASS
RATE_SHIFT_5_TO_30,147,GEV,-0.2431860305604984,0.0284921018444666,0.5555555555555556,PASS_LMOM_FINITE_MEAN
RATE_SHIFT_5_TO_30,147,KDE,-0.1760078525923728,0.024849699777400702,0.5555555555555556,PASS
RATE_SHIFT_5_TO_30,147,TAIL,-0.081944678529165,0.0054585168003894215,0.4444444444444444,PASS
RATE_SHIFT_5_TO_30,148,EMP,-0.09392586005921,0.0054585168003894215,0.4444444444444444,PASS
RATE_SHIFT_5_TO_30,148,EVENT-EMP,-0.09392586005921,0.0054585168003894215,0.4444444444444444,PASS
RATE_SHIFT_5_TO_30,148,GEV,0.1319562837895523,0.0054585168003894215,0.4444444444444444,PASS_LMOM_FINITE_MEAN
RATE_SHIFT_5_TO_30,148,KDE,-0.0248283167561159,0.0054585168003894215,0.4444444444444444,PASS
RATE_SHIFT_5_TO_30,148,TAIL,0.0524296330423215,0.0054585168003894215,0.4444444444444444,PASS
RATE_SHIFT_5_TO_30,149,EMP,-0.0881895596723896,0.03288193840457699,0.5555555555555556,PASS
RATE_SHIFT_5_TO_30,149,EVENT-EMP,-0.0881895596723896,0.035756503561455155,0.5555555555555556,PASS
RATE_SHIFT_5_TO_30,149,GEV,-0.168082380745652,0.018791850133722744,0.3333333333333333,PASS_LMOM_FINITE_MEAN
RATE_SHIFT_5_TO_30,149,KDE,-0.0420705538250939,0.018791850133722744,0.3333333333333333,PASS
RATE_SHIFT_5_TO_30,149,TAIL,-0.246659375503873,0.03852310214199525,0.5555555555555556,PASS
RATE_SHIFT_5_TO_30,150,EMP,-0.2262447973888493,0.03999531219185719,0.5555555555555556,PASS
RATE_SHIFT_5_TO_30,150,EVENT-EMP,-0.2262447973888493,0.0353039214717668,0.5555555555555556,PASS
RATE_SHIFT_5_TO_30,150,GEV,-0.1395450018880825,0.038139772279505824,0.5555555555555556,PASS_LMOM_FINITE_MEAN
RATE_SHIFT_5_TO_30,150,KDE,-0.1886955340217353,0.018791850133722744,0.3333333333333333,PASS
RATE_SHIFT_5_TO_30,150,TAIL,-0.1734844427811357,0.03553134918786906,0.5555555555555556,PASS
RATE_SHIFT_5_TO_30,151,EMP,-0.3482299522154597,0.0444283474450157,0.5555555555555556,PASS
RATE_SHIFT_5_TO_30,151,EVENT-EMP,-0.3482299522154597,0.026754506355852123,0.5555555555555556,PASS
RATE_SHIFT_5_TO_30,151,GEV,-0.2900620478657306,0.03352146960180215,0.5555555555555556,PASS_LMOM_FINITE_MEAN
RATE_SHIFT_5_TO_30,151,KDE,-0.2915667140844668,0.018791850133722744,0.3333333333333333,PASS
RATE_SHIFT_5_TO_30,151,TAIL,-0.184604457033987,0.027744338935022293,0.5555555555555556,PASS
RATE_SHIFT_5_TO_30,152,EMP,-0.2696637423616514,0.018791850133722744,0.3333333333333333,PASS
RATE_SHIFT_5_TO_30,152,EVENT-EMP,-0.2696637423616514,0.0018435758227074443,0.6666666666666666,PASS
RATE_SHIFT_5_TO_30,152,GEV,-0.2094882953724088,0.018791850133722744,0.3333333333333333,PASS_LMOM_FINITE_MEAN
RATE_SHIFT_5_TO_30,152,KDE,-0.2028126473702954,0.018791850133722744,0.3333333333333333,PASS
RATE_SHIFT_5_TO_30,152,TAIL,0.043411336309599,0.0054585168003894215,0.4444444444444444,PASS
RATE_SHIFT_5_TO_30,153,EMP,-0.3418009237065366,0.018791850133722744,0.3333333333333333,PASS
RATE_SHIFT_5_TO_30,153,EVENT-EMP,-0.3418009237065366,0.026939671734217734,0.5555555555555556,PASS
RATE_SHIFT_5_TO_30,153,GEV,-0.209999855644831,0.018791850133722744,0.3333333333333333,PASS_LMOM_FINITE_MEAN
RATE_SHIFT_5_TO_30,153,KDE,-0.2655911271134179,0.018791850133722744,0.3333333333333333,PASS
RATE_SHIFT_5_TO_30,153,TAIL,-0.1645164257091425,0.018791850133722744,0.3333333333333333,PASS
RATE_SHIFT_5_TO_30,154,EMP,-0.2389491721487168,0.0054585168003894215,0.4444444444444444,PASS
RATE_SHIFT_5_TO_30,154,EVENT-EMP,-0.2389491721487168,0.003932623146777089,0.6666666666666666,PASS
RATE_SHIFT_5_TO_30,154,GEV,-0.1315574366606909,0.0054585168003894215,0.4444444444444444,PASS_LMOM_FINITE_MEAN
RATE_SHIFT_5_TO_30,154,KDE,-0.1599960208485169,0.0054585168003894215,0.4444444444444444,PASS
RATE_SHIFT_5_TO_30,154,TAIL,-0.032967177510187,0.0054585168003894215,0.4444444444444444,PASS
RATE_SHIFT_5_TO_30,155,EMP,-0.1734559508279612,0.018791850133722744,0.3333333333333333,PASS
RATE_SHIFT_5_TO_30,155,EVENT-EMP,-0.1734559508279612,0.019822596679221535,0.5555555555555556,PASS
RATE_SHIFT_5_TO_30,155,GEV,-0.0748857589655282,0.018791850133722744,0.3333333333333333,PASS_LMOM_FINITE_MEAN
RATE_SHIFT_5_TO_30,155,KDE,-0.122953680800427,0.018791850133722744,0.3333333333333333,PASS
RATE_SHIFT_5_TO_30,155,TAIL,0.0464978427778647,0.0054585168003894215,0.4444444444444444,PASS
RATE_SHIFT_5_TO_30,156,EMP,-0.321200750038907,0.018791850133722744,0.3333333333333333,PASS
RATE_SHIFT_5_TO_30,156,EVENT-EMP,-0.321200750038907,0.017660294600995264,0.5555555555555556,PASS
RATE_SHIFT_5_TO_30,156,GEV,-0.2195765579016877,0.018791850133722744,0.3333333333333333,PASS_LMOM_FINITE_MEAN
RATE_SHIFT_5_TO_30,156,KDE,-0.2457896800368399,0.018791850133722744,0.3333333333333333,PASS
RATE_SHIFT_5_TO_30,156,TAIL,-0.1679761641592093,0.02653046557486587,0.5555555555555556,PASS
RATE_SHIFT_5_TO_30,157,EMP,-0.2617174934326212,0.018791850133722744,0.3333333333333333,PASS
RATE_SHIFT_5_TO_30,157,EVENT-EMP,-0.2617174934326212,0.002669465641859289,0.7777777777777778,PASS
RATE_SHIFT_5_TO_30,157,GEV,-0.1514320745579752,0.018791850133722744,0.3333333333333333,PASS_LMOM_FINITE_MEAN
RATE_SHIFT_5_TO_30,157,KDE,-0.1912142744812889,0.018791850133722744,0.3333333333333333,PASS
RATE_SHIFT_5_TO_30,157,TAIL,-0.1699612553999132,0.005103932791937533,0.6666666666666666,PASS
RATE_SHIFT_5_TO_30,158,EMP,-0.2791408530065077,0.024188200534828213,0.5555555555555556,PASS
RATE_SHIFT_5_TO_30,158,EVENT-EMP,-0.2791408530065077,0.025470613823505947,0.5555555555555556,PASS
RATE_SHIFT_5_TO_30,158,GEV,-0.1882385721718689,0.0054585168003894215,0.4444444444444444,PASS_LMOM_FINITE_MEAN
RATE_SHIFT_5_TO_30,158,KDE,-0.2195892908635147,0.0054585168003894215,0.4444444444444444,PASS
RATE_SHIFT_5_TO_30,158,TAIL,-0.1092384546533125,0.018791850133722744,0.3333333333333333,PASS
RATE_SHIFT_5_TO_30,159,EMP,-0.2907849326105335,0.04479073023471988,0.5555555555555556,PASS
RATE_SHIFT_5_TO_30,159,EVENT-EMP,-0.2907849326105335,0.029677431309606737,0.5555555555555556,PASS
RATE_SHIFT_5_TO_30,159,GEV,-0.1861464470465985,0.03999502229068283,0.5555555555555556,PASS_LMOM_FINITE_MEAN
RATE_SHIFT_5_TO_30,159,KDE,-0.2373307729717602,0.018791850133722744,0.3333333333333333,PASS
RATE_SHIFT_5_TO_30,159,TAIL,-0.2025180410933887,0.03388760454874082,0.5555555555555556,PASS
RATE_SHIFT_5_TO_30,160,EMP,-0.3354367758359703,0.03768758338566672,0.5555555555555556,PASS
RATE_SHIFT_5_TO_30,160,EVENT-EMP,-0.3354367758359703,0.02110992444679539,0.5555555555555556,PASS
RATE_SHIFT_5_TO_30,160,GEV,-0.2664447595099035,0.03658100950561652,0.5555555555555556,PASS_LMOM_FINITE_MEAN
RATE_SHIFT_5_TO_30,160,KDE,-0.2798707510836908,0.018791850133722744,0.3333333333333333,PASS
RATE_SHIFT_5_TO_30,160,TAIL,-0.0627581470833827,0.0054585168003894215,0.4444444444444444,PASS
RATE_SHIFT_5_TO_30,161,EMP,0.0060612927875511,0.0054585168003894215,0.4444444444444444,PASS
RATE_SHIFT_5_TO_30,161,EVENT-EMP,0.0060612927875511,0.004051394905008067,0.6666666666666666,PASS
RATE_SHIFT_5_TO_30,161,GEV,0.0166673056751834,0.0054585168003894215,0.4444444444444444,PASS_LMOM_FINITE_MEAN
RATE_SHIFT_5_TO_30,161,KDE,0.0591614952207024,0.0054585168003894215,0.4444444444444444,PASS
RATE_SHIFT_5_TO_30,161,TAIL,0.0025360753956693,0.0054585168003894215,0.4444444444444444,PASS
RATE_SHIFT_5_TO_30,162,EMP,-0.2917958689121702,0.018791850133722744,0.3333333333333333,PASS
RATE_SHIFT_5_TO_30,162,EVENT-EMP,-0.2917958689121702,0.017885860817374866,0.5555555555555556,PASS
RATE_SHIFT_5_TO_30,162,GEV,-0.2021919646462502,0.018791850133722744,0.3333333333333333,PASS_LMOM_FINITE_MEAN
RATE_SHIFT_5_TO_30,162,KDE,-0.2321458991998353,0.018791850133722744,0.3333333333333333,PASS
RATE_SHIFT_5_TO_30,162,TAIL,-0.1114033584222547,0.0054585168003894215,0.4444444444444444,PASS
RATE_SHIFT_5_TO_30,163,EMP,0.1368051693392151,0.0018999193638229886,0.6666666666666666,PASS
RATE_SHIFT_5_TO_30,163,EVENT-EMP,0.1368051693392151,0.002795976711493233,0.5555555555555556,PASS
RATE_SHIFT_5_TO_30,163,GEV,0.4270005251752728,0.0018999193638229886,0.6666666666666666,PASS_LMOM_FINITE_MEAN
RATE_SHIFT_5_TO_30,163,KDE,0.2440446978672905,0.0018999193638229886,0.6666666666666666,PASS
RATE_SHIFT_5_TO_30,163,TAIL,0.3654366538688073,0.002795976711493233,0.5555555555555556,PASS
RATE_SHIFT_5_TO_30,164,EMP,-0.2645201591975182,0.03239312879481995,0.5555555555555556,PASS
RATE_SHIFT_5_TO_30,164,EVENT-EMP,-0.2645201591975182,0.031595166820546035,0.5555555555555556,PASS
RATE_SHIFT_5_TO_30,164,GEV,-0.2075907305230745,0.031045743970353725,0.5555555555555556,PASS_LMOM_FINITE_MEAN
RATE_SHIFT_5_TO_30,164,KDE,-0.227478554624103,0.028001752779064033,0.5555555555555556,PASS
RATE_SHIFT_5_TO_30,164,TAIL,-0.2825573599773579,0.026967142026990378,0.5555555555555556,PASS
RATE_SHIFT_5_TO_30,165,EMP,0.4254327748838679,0.0054585168003894215,0.4444444444444444,PASS
RATE_SHIFT_5_TO_30,165,EVENT-EMP,0.4254327748838679,0.0054585168003894215,0.4444444444444444,PASS
RATE_SHIFT_5_TO_30,165,GEV,0.456935539356849,0.0054585168003894215,0.4444444444444444,PASS_LMOM_FINITE_MEAN
RATE_SHIFT_5_TO_30,165,KDE,0.5151287418535615,0.0054585168003894215,0.4444444444444444,PASS
RATE_SHIFT_5_TO_30,165,TAIL,0.1030559029061847,0.0054585168003894215,0.4444444444444444,PASS
RATE_SHIFT_5_TO_30,166,EMP,-0.2845761741434035,0.030189816760739414,0.5555555555555556,PASS
RATE_SHIFT_5_TO_30,166,EVENT-EMP,-0.2845761741434035,0.008032879437008488,0.6666666666666666,PASS
RATE_SHIFT_5_TO_30,166,GEV,-0.1843109003900568,0.018791850133722744,0.3333333333333333,PASS_LMOM_FINITE_MEAN
RATE_SHIFT_5_TO_30,166,KDE,-0.2199347586908798,0.018791850133722744,0.3333333333333333,PASS
RATE_SHIFT_5_TO_30,166,TAIL,0.1182849168692596,0.0054585168003894215,0.4444444444444444,PASS
RATE_SHIFT_5_TO_30,167,EMP,0.2673786811761999,0.0054585168003894215,0.4444444444444444,PASS
RATE_SHIFT_5_TO_30,167,EVENT-EMP,0.2673786811761999,0.0054585168003894215,0.4444444444444444,PASS
RATE_SHIFT_5_TO_30,167,GEV,0.3232989169081654,0.0054585168003894215,0.4444444444444444,PASS_LMOM_FINITE_MEAN
RATE_SHIFT_5_TO_30,167,KDE,0.3432752037783556,0.0054585168003894215,0.4444444444444444,PASS
RATE_SHIFT_5_TO_30,167,TAIL,0.0807251294645835,0.0054585168003894215,0.4444444444444444,PASS
RATE_SHIFT_5_TO_30,168,EMP,-0.1325950178393248,0.0054585168003894215,0.4444444444444444,PASS
RATE_SHIFT_5_TO_30,168,EVENT-EMP,-0.1325950178393248,0.0018033788453626779,0.6666666666666666,PASS
RATE_SHIFT_5_TO_30,168,GEV,-0.0304965564369581,0.0054585168003894215,0.4444444444444444,PASS_LMOM_FINITE_MEAN
RATE_SHIFT_5_TO_30,168,KDE,-0.0773693501577131,0.0054585168003894215,0.4444444444444444,PASS
RATE_SHIFT_5_TO_30,168,TAIL,0.232958726620858,0.0054585168003894215,0.4444444444444444,PASS
RATE_SHIFT_5_TO_30,169,EMP,-0.2788165441479522,0.03992018541177995,0.5555555555555556,PASS
RATE_SHIFT_5_TO_30,169,EVENT-EMP,-0.2788165441479522,0.01852048161129861,0.5555555555555556,PASS
RATE_SHIFT_5_TO_30,169,GEV,-0.191262595175305,0.03713510280166313,0.5555555555555556,PASS_LMOM_FINITE_MEAN
RATE_SHIFT_5_TO_30,169,KDE,-0.2333610660479501,0.018791850133722744,0.3333333333333333,PASS
RATE_SHIFT_5_TO_30,169,TAIL,-0.1958831444516341,0.026331520654583045,0.5555555555555556,PASS
RATE_SHIFT_5_TO_30,170,EMP,-0.0500043929075104,0.0054585168003894215,0.4444444444444444,PASS
RATE_SHIFT_5_TO_30,170,EVENT-EMP,-0.0500043929075104,0.0054585168003894215,0.4444444444444444,PASS
RATE_SHIFT_5_TO_30,170,GEV,0.1562058673352836,0.0054585168003894215,0.4444444444444444,PASS_LMOM_FINITE_MEAN
RATE_SHIFT_5_TO_30,170,KDE,0.0143588879840124,0.0054585168003894215,0.4444444444444444,PASS
RATE_SHIFT_5_TO_30,170,TAIL,0.0148267349946936,0.018791850133722744,0.3333333333333333,PASS
RATE_SHIFT_5_TO_30,171,EMP,-0.2027180168683753,0.018791850133722744,0.3333333333333333,PASS
RATE_SHIFT_5_TO_30,171,EVENT-EMP,-0.2027180168683753,0.01727338274195129,0.5555555555555556,PASS
RATE_SHIFT_5_TO_30,171,GEV,-0.13997789583023,0.018791850133722744,0.3333333333333333,PASS_LMOM_FINITE_MEAN
RATE_SHIFT_5_TO_30,171,KDE,-0.1556183870399798,0.018791850133722744,0.3333333333333333,PASS
RATE_SHIFT_5_TO_30,171,TAIL,-0.127287474522316,0.018791850133722744,0.3333333333333333,PASS
RATE_SHIFT_5_TO_30,172,EMP,-0.2783789644585368,0.0054585168003894215,0.4444444444444444,PASS
RATE_SHIFT_5_TO_30,172,EVENT-EMP,-0.2783789644585368,0.005719329562491611,0.6666666666666666,PASS
RATE_SHIFT_5_TO_30,172,GEV,-0.1591081624707118,0.0054585168003894215,0.4444444444444444,PASS_LMOM_FINITE_MEAN
RATE_SHIFT_5_TO_30,172,KDE,-0.1967192684465283,0.0054585168003894215,0.4444444444444444,PASS
RATE_SHIFT_5_TO_30,172,TAIL,-0.0546179207159604,0.0054585168003894215,0.4444444444444444,PASS
RATE_SHIFT_5_TO_30,173,EMP,-0.0385591680733571,0.0054585168003894215,0.4444444444444444,PASS
RATE_SHIFT_5_TO_30,173,EVENT-EMP,-0.0385591680733571,0.0054585168003894215,0.4444444444444444,PASS
RATE_SHIFT_5_TO_30,173,GEV,0.2163246804942213,0.0054585168003894215,0.4444444444444444,PASS_LMOM_FINITE_MEAN
RATE_SHIFT_5_TO_30,173,KDE,0.0524061131751355,0.0054585168003894215,0.4444444444444444,PASS
RATE_SHIFT_5_TO_30,173,TAIL,0.176929450544945,0.0054585168003894215,0.4444444444444444,PASS
RATE_SHIFT_5_TO_30,174,EMP,-0.3613318749695087,0.016297716804618233,0.5555555555555556,PASS
RATE_SHIFT_5_TO_30,174,EVENT-EMP,-0.3613318749695087,0.016153515015490623,0.5555555555555556,PASS
RATE_SHIFT_5_TO_30,174,GEV,-0.3423421585141126,0.017076743807662376,0.5555555555555556,PASS_LMOM_FINITE_MEAN
RATE_SHIFT_5_TO_30,174,KDE,-0.3058159385637667,0.016799578710878633,0.5555555555555556,PASS
RATE_SHIFT_5_TO_30,174,TAIL,-0.0591735197794087,0.0054585168003894215,0.4444444444444444,PASS
RATE_SHIFT_5_TO_30,175,EMP,-0.0669863014881415,0.018791850133722744,0.3333333333333333,PASS
RATE_SHIFT_5_TO_30,175,EVENT-EMP,-0.0669863014881415,0.03662878597294208,0.5555555555555556,PASS
RATE_SHIFT_5_TO_30,175,GEV,-0.050844760500019,0.018791850133722744,0.3333333333333333,PASS_LMOM_FINITE_MEAN
RATE_SHIFT_5_TO_30,175,KDE,-0.0178510699342627,0.018791850133722744,0.3333333333333333,PASS
RATE_SHIFT_5_TO_30,175,TAIL,-0.1954869514297197,0.03176323006670978,0.5555555555555556,PASS
RATE_SHIFT_5_TO_30,176,EMP,-0.0077537458023391,0.0054585168003894215,0.4444444444444444,PASS
RATE_SHIFT_5_TO_30,176,EVENT-EMP,-0.0077537458023391,0.0054585168003894215,0.4444444444444444,PASS
RATE_SHIFT_5_TO_30,176,GEV,0.0389205171751616,0.0054585168003894215,0.4444444444444444,PASS_LMOM_FINITE_MEAN
RATE_SHIFT_5_TO_30,176,KDE,0.0503672261872263,0.0054585168003894215,0.4444444444444444,PASS
RATE_SHIFT_5_TO_30,176,TAIL,0.078638543340683,0.0054585168003894215,0.4444444444444444,PASS
RATE_SHIFT_5_TO_30,177,EMP,0.2626110061771317,0.0054585168003894215,0.4444444444444444,PASS
RATE_SHIFT_5_TO_30,177,EVENT-EMP,0.2626110061771317,0.0054585168003894215,0.4444444444444444,PASS
RATE_SHIFT_5_TO_30,177,GEV,0.1780225551933209,0.0054585168003894215,0.4444444444444444,PASS_LMOM_FINITE_MEAN
RATE_SHIFT_5_TO_30,177,KDE,0.3331510449933793,0.0054585168003894215,0.4444444444444444,PASS
RATE_SHIFT_5_TO_30,177,TAIL,-0.0619591944109891,0.0054585168003894215,0.4444444444444444,PASS
RATE_SHIFT_5_TO_30,178,EMP,-0.3529908869830511,0.035738233990947936,0.5555555555555556,PASS
RATE_SHIFT_5_TO_30,178,EVENT-EMP,-0.3529908869830511,0.019303261398198587,0.5555555555555556,PASS
RATE_SHIFT_5_TO_30,178,GEV,-0.3035433279455511,0.025822202073970832,0.5555555555555556,PASS_LMOM_FINITE_MEAN
RATE_SHIFT_5_TO_30,178,KDE,-0.2984426802284746,0.018791850133722744,0.3333333333333333,PASS
RATE_SHIFT_5_TO_30,178,TAIL,-0.1440198399363135,0.028474930759989654,0.5555555555555556,PASS
RATE_SHIFT_5_TO_30,179,EMP,-0.2020163546759801,0.009406143441683522,0.6666666666666666,PASS
RATE_SHIFT_5_TO_30,179,EVENT-EMP,-0.2020163546759801,0.007000502663170534,0.6666666666666666,PASS
RATE_SHIFT_5_TO_30,179,GEV,-0.0827762579508861,0.0054585168003894215,0.4444444444444444,PASS_LMOM_FINITE_MEAN
RATE_SHIFT_5_TO_30,179,KDE,-0.1466382266670297,0.0054585168003894215,0.4444444444444444,PASS
RATE_SHIFT_5_TO_30,179,TAIL,-0.0998735687377426,0.0054585168003894215,0.4444444444444444,PASS
RATE_SHIFT_5_TO_30,180,EMP,-0.0888787256377506,0.018791850133722744,0.3333333333333333,PASS
RATE_SHIFT_5_TO_30,180,EVENT-EMP,-0.0888787256377506,0.03124526905017893,0.5555555555555556,PASS
RATE_SHIFT_5_TO_30,180,GEV,-0.0460278341238471,0.018791850133722744,0.3333333333333333,PASS_LMOM_FINITE_MEAN
RATE_SHIFT_5_TO_30,180,KDE,-0.0397405637530548,0.018791850133722744,0.3333333333333333,PASS
RATE_SHIFT_5_TO_30,180,TAIL,-0.1468854503505651,0.035588330900207125,0.5555555555555556,PASS
RATE_SHIFT_5_TO_30,181,EMP,-0.233681653430265,0.0054585168003894215,0.4444444444444444,PASS
RATE_SHIFT_5_TO_30,181,EVENT-EMP,-0.233681653430265,0.0024366952576983887,0.6666666666666666,PASS
RATE_SHIFT_5_TO_30,181,GEV,-0.1623170971364807,0.0054585168003894215,0.4444444444444444,PASS_LMOM_FINITE_MEAN
RATE_SHIFT_5_TO_30,181,KDE,-0.1812127543210306,0.0054585168003894215,0.4444444444444444,PASS
RATE_SHIFT_5_TO_30,181,TAIL,-0.094454508040137,0.0054585168003894215,0.4444444444444444,PASS
RATE_SHIFT_5_TO_30,182,EMP,-0.1857553373099322,0.0054585168003894215,0.4444444444444444,PASS
RATE_SHIFT_5_TO_30,182,EVENT-EMP,-0.1857553373099322,0.006029390317053367,0.6666666666666666,PASS
RATE_SHIFT_5_TO_30,182,GEV,-0.0349992258742665,0.0054585168003894215,0.4444444444444444,PASS_LMOM_FINITE_MEAN
RATE_SHIFT_5_TO_30,182,KDE,-0.1243249030634126,0.0054585168003894215,0.4444444444444444,PASS
RATE_SHIFT_5_TO_30,182,TAIL,-0.1057400513801038,0.0054585168003894215,0.4444444444444444,PASS
RATE_SHIFT_5_TO_30,183,EMP,-0.0435646389146091,0.018791850133722744,0.3333333333333333,PASS
RATE_SHIFT_5_TO_30,183,EVENT-EMP,-0.0435646389146091,0.009933774052792178,0.6666666666666666,PASS
RATE_SHIFT_5_TO_30,183,GEV,-0.0568406969458616,0.018791850133722744,0.3333333333333333,PASS_LMOM_FINITE_MEAN
RATE_SHIFT_5_TO_30,183,KDE,0.0077717609909658,0.018791850133722744,0.3333333333333333,PASS
RATE_SHIFT_5_TO_30,183,TAIL,-0.0604329845242342,0.018791850133722744,0.3333333333333333,PASS
RATE_SHIFT_5_TO_30,184,EMP,0.2385561511452902,0.0054585168003894215,0.4444444444444444,PASS
RATE_SHIFT_5_TO_30,184,EVENT-EMP,0.2385561511452902,0.0054585168003894215,0.4444444444444444,PASS
RATE_SHIFT_5_TO_30,184,GEV,0.1778722834555378,0.0054585168003894215,0.4444444444444444,PASS_LMOM_FINITE_MEAN
RATE_SHIFT_5_TO_30,184,KDE,0.3117026096605848,0.0054585168003894215,0.4444444444444444,PASS
RATE_SHIFT_5_TO_30,184,TAIL,-0.0424638076426973,0.0054585168003894215,0.4444444444444444,PASS
RATE_SHIFT_5_TO_30,185,EMP,0.1405153060625836,0.0054585168003894215,0.4444444444444444,PASS
RATE_SHIFT_5_TO_30,185,EVENT-EMP,0.1405153060625836,0.0054585168003894215,0.4444444444444444,PASS
RATE_SHIFT_5_TO_30,185,GEV,0.1484644795946343,0.0054585168003894215,0.4444444444444444,PASS_LMOM_FINITE_MEAN
RATE_SHIFT_5_TO_30,185,KDE,0.2072451350226431,0.0054585168003894215,0.4444444444444444,PASS
RATE_SHIFT_5_TO_30,185,TAIL,-0.003856920236407,0.0054585168003894215,0.4444444444444444,PASS
RATE_SHIFT_5_TO_30,186,EMP,-0.1367041050732697,0.0054585168003894215,0.4444444444444444,PASS
RATE_SHIFT_5_TO_30,186,EVENT-EMP,-0.1367041050732697,0.0016606824936996343,0.6666666666666666,PASS
RATE_SHIFT_5_TO_30,186,GEV,-0.0836667749995556,0.0054585168003894215,0.4444444444444444,PASS_LMOM_FINITE_MEAN
RATE_SHIFT_5_TO_30,186,KDE,-0.0868847893085753,0.0054585168003894215,0.4444444444444444,PASS
RATE_SHIFT_5_TO_30,186,TAIL,-0.0607649072586679,0.0054585168003894215,0.4444444444444444,PASS
RATE_SHIFT_5_TO_30,187,EMP,0.1711715036582527,0.0054585168003894215,0.4444444444444444,PASS
RATE_SHIFT_5_TO_30,187,EVENT-EMP,0.1711715036582527,0.0054585168003894215,0.4444444444444444,PASS
RATE_SHIFT_5_TO_30,187,GEV,0.4302137276941581,0.0054585168003894215,0.4444444444444444,PASS_LMOM_FINITE_MEAN
RATE_SHIFT_5_TO_30,187,KDE,0.2636661515872577,0.0054585168003894215,0.4444444444444444,PASS
RATE_SHIFT_5_TO_30,187,TAIL,0.1661989975600926,0.0054585168003894215,0.4444444444444444,PASS
RATE_SHIFT_5_TO_30,188,EMP,0.0685283346519701,0.018791850133722744,0.3333333333333333,PASS
RATE_SHIFT_5_TO_30,188,EVENT-EMP,0.0685283346519701,0.03408391090297685,0.5555555555555556,PASS
RATE_SHIFT_5_TO_30,188,GEV,-0.0136748554360704,0.018791850133722744,0.3333333333333333,PASS_LMOM_FINITE_MEAN
RATE_SHIFT_5_TO_30,188,KDE,0.1291954947461612,0.018791850133722744,0.3333333333333333,PASS
RATE_SHIFT_5_TO_30,188,TAIL,-0.171988144484569,0.03649077172468757,0.5555555555555556,PASS
RATE_SHIFT_5_TO_30,189,EMP,-0.2266188890626876,0.018791850133722744,0.3333333333333333,PASS
RATE_SHIFT_5_TO_30,189,EVENT-EMP,-0.2266188890626876,0.010119977445777854,0.6666666666666666,PASS
RATE_SHIFT_5_TO_30,189,GEV,-0.0571314791014807,0.018791850133722744,0.3333333333333333,PASS_LMOM_FINITE_MEAN
RATE_SHIFT_5_TO_30,189,KDE,-0.1417225582919765,0.018791850133722744,0.3333333333333333,PASS
RATE_SHIFT_5_TO_30,189,TAIL,-0.0887013864173635,0.018791850133722744,0.3333333333333333,PASS
RATE_SHIFT_5_TO_30,190,EMP,-0.2458957970444572,0.0021454690757252,0.6666666666666666,PASS
RATE_SHIFT_5_TO_30,190,EVENT-EMP,-0.2458957970444572,0.0019852964923549555,0.6666666666666666,PASS
RATE_SHIFT_5_TO_30,190,GEV,-0.2064836974208811,0.002008255609094089,0.6666666666666666,PASS_LMOM_FINITE_MEAN
RATE_SHIFT_5_TO_30,190,KDE,-0.1926375220083524,0.0054585168003894215,0.4444444444444444,PASS
RATE_SHIFT_5_TO_30,190,TAIL,-0.0991281782651384,0.0054585168003894215,0.4444444444444444,PASS
RATE_SHIFT_5_TO_30,191,EMP,-0.3484208900032988,0.02593821835727518,0.5555555555555556,PASS
RATE_SHIFT_5_TO_30,191,EVENT-EMP,-0.3484208900032988,0.025476130367370054,0.5555555555555556,PASS
RATE_SHIFT_5_TO_30,191,GEV,-0.2496818645127969,0.02761943020709779,0.5555555555555556,PASS_LMOM_FINITE_MEAN
RATE_SHIFT_5_TO_30,191,KDE,-0.2815255566808841,0.018791850133722744,0.3333333333333333,PASS
RATE_SHIFT_5_TO_30,191,TAIL,0.0833004579212446,0.0054585168003894215,0.4444444444444444,PASS
RATE_SHIFT_5_TO_30,192,EMP,-0.1383185210509911,0.018791850133722744,0.3333333333333333,PASS
RATE_SHIFT_5_TO_30,192,EVENT-EMP,-0.1383185210509911,0.0031586048898153557,0.6666666666666666,PASS
RATE_SHIFT_5_TO_30,192,GEV,-0.1755992831749788,0.018791850133722744,0.3333333333333333,PASS_LMOM_FINITE_MEAN
RATE_SHIFT_5_TO_30,192,KDE,-0.0903204965866092,0.018791850133722744,0.3333333333333333,PASS
RATE_SHIFT_5_TO_30,192,TAIL,0.2777094822809907,0.0054585168003894215,0.4444444444444444,PASS
RATE_SHIFT_5_TO_30,193,EMP,0.0748484412318562,0.0054585168003894215,0.4444444444444444,PASS
RATE_SHIFT_5_TO_30,193,EVENT-EMP,0.0748484412318562,0.0054585168003894215,0.4444444444444444,PASS
RATE_SHIFT_5_TO_30,193,GEV,0.3196833411703721,0.0054585168003894215,0.4444444444444444,PASS_LMOM_FINITE_MEAN
RATE_SHIFT_5_TO_30,193,KDE,0.1457235024118666,0.0054585168003894215,0.4444444444444444,PASS
RATE_SHIFT_5_TO_30,193,TAIL,-0.0164120551346602,0.0054585168003894215,0.4444444444444444,PASS
RATE_SHIFT_5_TO_30,194,EMP,0.0193967966399814,0.0054585168003894215,0.4444444444444444,PASS
RATE_SHIFT_5_TO_30,194,EVENT-EMP,0.0193967966399814,0.0054585168003894215,0.4444444444444444,PASS
RATE_SHIFT_5_TO_30,194,GEV,0.3088561965444719,0.0054585168003894215,0.4444444444444444,PASS_LMOM_FINITE_MEAN
RATE_SHIFT_5_TO_30,194,KDE,0.1182034221828423,0.0054585168003894215,0.4444444444444444,PASS
RATE_SHIFT_5_TO_30,194,TAIL,0.0914214056944727,0.0054585168003894215,0.4444444444444444,PASS
RATE_SHIFT_5_TO_30,195,EMP,0.0412739478831701,0.018791850133722744,0.3333333333333333,PASS
RATE_SHIFT_5_TO_30,195,EVENT-EMP,0.0412739478831701,0.036958543584068325,0.5555555555555556,PASS
RATE_SHIFT_5_TO_30,195,GEV,0.0940537638778581,0.018791850133722744,0.3333333333333333,PASS_LMOM_FINITE_MEAN
RATE_SHIFT_5_TO_30,195,KDE,0.1009506733721696,0.018791850133722744,0.3333333333333333,PASS
RATE_SHIFT_5_TO_30,195,TAIL,-0.1420418281338848,0.03691632568058098,0.5555555555555556,PASS
RATE_SHIFT_5_TO_30,196,EMP,-0.3367139959698051,0.044930806580999835,0.5555555555555556,PASS
RATE_SHIFT_5_TO_30,196,EVENT-EMP,-0.3367139959698051,0.027718756872939145,0.5555555555555556,PASS
RATE_SHIFT_5_TO_30,196,GEV,-0.2254031612041224,0.031700977093541714,0.5555555555555556,PASS_LMOM_FINITE_MEAN
RATE_SHIFT_5_TO_30,196,KDE,-0.2799052799641829,0.018791850133722744,0.3333333333333333,PASS
RATE_SHIFT_5_TO_30,196,TAIL,-0.2254928075784,0.03357810908518439,0.5555555555555556,PASS
RATE_SHIFT_5_TO_30,197,EMP,-0.3143195386822233,0.018791850133722744,0.3333333333333333,PASS
RATE_SHIFT_5_TO_30,197,EVENT-EMP,-0.3143195386822233,0.0020303201124847,0.6666666666666666,PASS
RATE_SHIFT_5_TO_30,197,GEV,-0.2053510982376088,0.018791850133722744,0.3333333333333333,PASS_LMOM_FINITE_MEAN
RATE_SHIFT_5_TO_30,197,KDE,-0.2569140667284382,0.018791850133722744,0.3333333333333333,PASS
RATE_SHIFT_5_TO_30,197,TAIL,-0.0581542891575702,0.018791850133722744,0.3333333333333333,PASS
RATE_SHIFT_5_TO_30,198,EMP,-0.1148142457242356,0.0423698468449573,0.5555555555555556,PASS
RATE_SHIFT_5_TO_30,198,EVENT-EMP,-0.1148142457242356,0.028424722082967775,0.5555555555555556,PASS
RATE_SHIFT_5_TO_30,198,GEV,-0.1042184635437542,0.04142162984169928,0.5555555555555556,PASS_LMOM_FINITE_MEAN
RATE_SHIFT_5_TO_30,198,KDE,-0.0711217718508182,0.018791850133722744,0.3333333333333333,PASS
RATE_SHIFT_5_TO_30,198,TAIL,-0.2078576585966442,0.031151135095879676,0.5555555555555556,PASS
RATE_SHIFT_5_TO_30,199,EMP,-0.2957011500245042,0.030698209546702653,0.5555555555555556,PASS
RATE_SHIFT_5_TO_30,199,EVENT-EMP,-0.2957011500245042,0.02251741042374645,0.5555555555555556,PASS
RATE_SHIFT_5_TO_30,199,GEV,-0.2860679085400781,0.03166460435978782,0.5555555555555556,PASS_LMOM_FINITE_MEAN
RATE_SHIFT_5_TO_30,199,KDE,-0.2605689242700869,0.02822496718304217,0.5555555555555556,PASS
RATE_SHIFT_5_TO_30,199,TAIL,-0.2363544978110142,0.03355089093955578,0.5555555555555556,PASS
SCALE_SHIFT_8000_TO_12000,0,EMP,-0.4339561788831371,0.04475553561115117,0.5555555555555556,PASS
SCALE_SHIFT_8000_TO_12000,0,EVENT-EMP,-0.4339561788831371,0.028981431194492566,0.5555555555555556,PASS
SCALE_SHIFT_8000_TO_12000,0,GEV,-0.3685106813202056,0.03440796822069519,0.5555555555555556,PASS_LMOM_FINITE_MEAN
SCALE_SHIFT_8000_TO_12000,0,KDE,-0.3994205236718093,0.03249790438765627,0.5555555555555556,PASS
SCALE_SHIFT_8000_TO_12000,0,TAIL,-0.32090217457622,0.031283827658176146,0.5555555555555556,PASS
SCALE_SHIFT_8000_TO_12000,1,EMP,-0.227787455458941,0.018791850133722744,0.3333333333333333,PASS
SCALE_SHIFT_8000_TO_12000,1,EVENT-EMP,-0.227787455458941,0.0049656651657044,0.6666666666666666,PASS
SCALE_SHIFT_8000_TO_12000,1,GEV,-0.0477430249821527,0.018791850133722744,0.3333333333333333,PASS_LMOM_FINITE_MEAN
SCALE_SHIFT_8000_TO_12000,1,KDE,-0.1719485810340847,0.018791850133722744,0.3333333333333333,PASS
SCALE_SHIFT_8000_TO_12000,1,TAIL,-0.0552602821225284,0.005523208287412967,0.6666666666666666,PASS
SCALE_SHIFT_8000_TO_12000,2,EMP,-0.2105125055053572,0.023932546299159647,0.5555555555555556,PASS
SCALE_SHIFT_8000_TO_12000,2,EVENT-EMP,-0.2105125055053572,0.023196751375417265,0.5555555555555556,PASS
SCALE_SHIFT_8000_TO_12000,2,GEV,-0.1287328973101396,0.023833517636871925,0.5555555555555556,PASS_LMOM_FINITE_MEAN
SCALE_SHIFT_8000_TO_12000,2,KDE,-0.1745697202804616,0.02023321317817919,0.5555555555555556,PASS
SCALE_SHIFT_8000_TO_12000,2,TAIL,-0.0858873124769556,0.008188885780131144,0.6666666666666666,PASS
SCALE_SHIFT_8000_TO_12000,3,EMP,-0.012298954318214,0.009206653974615744,0.6666666666666666,PASS
SCALE_SHIFT_8000_TO_12000,3,EVENT-EMP,-0.012298954318214,0.008694321913966812,0.6666666666666666,PASS
SCALE_SHIFT_8000_TO_12000,3,GEV,0.0546180709302798,0.0060826950323221995,0.6666666666666666,PASS_LMOM_FINITE_MEAN
SCALE_SHIFT_8000_TO_12000,3,KDE,0.0346492459798136,0.0054585168003894215,0.4444444444444444,PASS
SCALE_SHIFT_8000_TO_12000,3,TAIL,-0.0590051899128439,0.004098681881233156,0.6666666666666666,PASS
SCALE_SHIFT_8000_TO_12000,4,EMP,0.0472390459207194,0.0054585168003894215,0.4444444444444444,PASS
SCALE_SHIFT_8000_TO_12000,4,EVENT-EMP,0.0472390459207194,0.0054585168003894215,0.4444444444444444,PASS
SCALE_SHIFT_8000_TO_12000,4,GEV,0.2229595496722477,0.0054585168003894215,0.4444444444444444,PASS_LMOM_FINITE_MEAN
SCALE_SHIFT_8000_TO_12000,4,KDE,0.1094259551620668,0.0054585168003894215,0.4444444444444444,PASS
SCALE_SHIFT_8000_TO_12000,4,TAIL,0.0437794387935077,0.0054585168003894215,0.4444444444444444,PASS
SCALE_SHIFT_8000_TO_12000,5,EMP,-0.082197347269694,0.008609909162194,0.6666666666666666,PASS
SCALE_SHIFT_8000_TO_12000,5,EVENT-EMP,-0.082197347269694,0.006771117893440778,0.6666666666666666,PASS
SCALE_SHIFT_8000_TO_12000,5,GEV,-0.0636646642372635,0.006516624856259011,0.6666666666666666,PASS_LMOM_FINITE_MEAN
SCALE_SHIFT_8000_TO_12000,5,KDE,-0.0376880632469235,0.0054585168003894215,0.4444444444444444,PASS
SCALE_SHIFT_8000_TO_12000,5,TAIL,-0.0893559564714391,0.006530685635539567,0.6666666666666666,PASS
SCALE_SHIFT_8000_TO_12000,6,EMP,-0.3640230630949557,0.028765113799255393,0.5555555555555556,PASS
SCALE_SHIFT_8000_TO_12000,6,EVENT-EMP,-0.3640230630949557,0.022661919519108245,0.5555555555555556,PASS
SCALE_SHIFT_8000_TO_12000,6,GEV,-0.3133358135680065,0.024669879295172514,0.5555555555555556,PASS_LMOM_FINITE_MEAN
SCALE_SHIFT_8000_TO_12000,6,KDE,-0.3328633918726118,0.02299901843394316,0.5555555555555556,PASS
SCALE_SHIFT_8000_TO_12000,6,TAIL,-0.2497415902619521,0.0253482665367559,0.5555555555555556,PASS
SCALE_SHIFT_8000_TO_12000,7,EMP,0.1963649990950494,0.0054585168003894215,0.4444444444444444,PASS
SCALE_SHIFT_8000_TO_12000,7,EVENT-EMP,0.1963649990950494,0.0054585168003894215,0.4444444444444444,PASS
SCALE_SHIFT_8000_TO_12000,7,GEV,0.3400950471349154,0.0054585168003894215,0.4444444444444444,PASS_LMOM_FINITE_MEAN
SCALE_SHIFT_8000_TO_12000,7,KDE,0.2630390576200876,0.0054585168003894215,0.4444444444444444,PASS
SCALE_SHIFT_8000_TO_12000,7,TAIL,0.0119646298375982,0.0027476010600665447,0.6666666666666666,PASS
SCALE_SHIFT_8000_TO_12000,8,EMP,-0.3158101112340165,0.029920554934238,0.5555555555555556,PASS
SCALE_SHIFT_8000_TO_12000,8,EVENT-EMP,-0.3158101112340165,0.01772499417977831,0.5555555555555556,PASS
SCALE_SHIFT_8000_TO_12000,8,GEV,-0.2300498882486145,0.028689260119054222,0.5555555555555556,PASS_LMOM_FINITE_MEAN
SCALE_SHIFT_8000_TO_12000,8,KDE,-0.2572480680696987,0.02520390280180808,0.5555555555555556,PASS
SCALE_SHIFT_8000_TO_12000,8,TAIL,-0.1036171367775737,0.023694296752396014,0.5555555555555556,PASS
SCALE_SHIFT_8000_TO_12000,9,EMP,-0.2066816933419836,0.0054585168003894215,0.4444444444444444,PASS
SCALE_SHIFT_8000_TO_12000,9,EVENT-EMP,-0.2066816933419836,0.003390858069952522,0.6666666666666666,PASS
SCALE_SHIFT_8000_TO_12000,9,GEV,-0.0851092133366256,0.0054585168003894215,0.4444444444444444,PASS_LMOM_FINITE_MEAN
SCALE_SHIFT_8000_TO_12000,9,KDE,-0.1441521612141774,0.0054585168003894215,0.4444444444444444,PASS
SCALE_SHIFT_8000_TO_12000,9,TAIL,-0.042561606874741,0.0030580592853933224,0.6666666666666666,PASS
SCALE_SHIFT_8000_TO_12000,10,EMP,-0.0737856259449105,0.0054585168003894215,0.4444444444444444,PASS
SCALE_SHIFT_8000_TO_12000,10,EVENT-EMP,-0.0737856259449105,0.005466834607515156,0.6666666666666666,PASS
SCALE_SHIFT_8000_TO_12000,10,GEV,0.153253712348866,0.0054585168003894215,0.4444444444444444,PASS_LMOM_FINITE_MEAN
SCALE_SHIFT_8000_TO_12000,10,KDE,0.0164623560922992,0.0054585168003894215,0.4444444444444444,PASS
SCALE_SHIFT_8000_TO_12000,10,TAIL,-0.0594011956274289,0.006039898347727489,0.6666666666666666,PASS
SCALE_SHIFT_8000_TO_12000,11,EMP,-0.2962729463255883,0.001815068747797956,0.6666666666666666,PASS
SCALE_SHIFT_8000_TO_12000,11,EVENT-EMP,-0.2962729463255883,0.001815068747797956,0.6666666666666666,PASS
SCALE_SHIFT_8000_TO_12000,11,GEV,-0.2424042433590155,0.0015460698943792778,0.6666666666666666,PASS_LMOM_FINITE_MEAN
SCALE_SHIFT_8000_TO_12000,11,KDE,-0.2486376164142598,0.001439137199521689,0.7777777777777778,PASS
SCALE_SHIFT_8000_TO_12000,11,TAIL,0.0316935482915354,0.0023541549343127667,0.6666666666666666,PASS
SCALE_SHIFT_8000_TO_12000,12,EMP,-0.0206125689050668,0.0054585168003894215,0.4444444444444444,PASS
SCALE_SHIFT_8000_TO_12000,12,EVENT-EMP,-0.0206125689050668,0.0054585168003894215,0.4444444444444444,PASS
SCALE_SHIFT_8000_TO_12000,12,GEV,0.0839682578024956,0.0054585168003894215,0.4444444444444444,PASS_LMOM_FINITE_MEAN
SCALE_SHIFT_8000_TO_12000,12,KDE,0.0309282722211201,0.0054585168003894215,0.4444444444444444,PASS
SCALE_SHIFT_8000_TO_12000,12,TAIL,-0.07974577745644,0.006384611443650233,0.6666666666666666,PASS
SCALE_SHIFT_8000_TO_12000,13,EMP,-0.3643936779688599,0.015445803912442546,0.6666666666666666,PASS
SCALE_SHIFT_8000_TO_12000,13,EVENT-EMP,-0.3643936779688599,0.015167667814612124,0.5555555555555556,PASS
SCALE_SHIFT_8000_TO_12000,13,GEV,-0.3432237744302844,0.017273444150544454,0.6666666666666666,PASS_LMOM_FINITE_MEAN
SCALE_SHIFT_8000_TO_12000,13,KDE,-0.325995304623577,0.01649167363167371,0.5555555555555556,PASS
SCALE_SHIFT_8000_TO_12000,13,TAIL,-0.1098960402709163,0.005362812139303911,0.6666666666666666,PASS
SCALE_SHIFT_8000_TO_12000,14,EMP,-0.065854768131662,0.005766649511036622,0.6666666666666666,PASS
SCALE_SHIFT_8000_TO_12000,14,EVENT-EMP,-0.065854768131662,0.004373432749516222,0.6666666666666666,PASS
SCALE_SHIFT_8000_TO_12000,14,GEV,-0.0939831678332327,0.006219386716450688,0.6666666666666666,PASS_LMOM_FINITE_MEAN
SCALE_SHIFT_8000_TO_12000,14,KDE,-0.021266560692521,0.0054585168003894215,0.4444444444444444,PASS
SCALE_SHIFT_8000_TO_12000,14,TAIL,0.0465091540013045,0.0054585168003894215,0.4444444444444444,PASS
SCALE_SHIFT_8000_TO_12000,15,EMP,-0.3174554620025206,0.017485653544109456,0.5555555555555556,PASS
SCALE_SHIFT_8000_TO_12000,15,EVENT-EMP,-0.3174554620025206,0.017485653544109456,0.5555555555555556,PASS
SCALE_SHIFT_8000_TO_12000,15,GEV,-0.2627605173621811,0.021478475510981813,0.5555555555555556,PASS_LMOM_FINITE_MEAN
SCALE_SHIFT_8000_TO_12000,15,KDE,-0.2878087953822522,0.01860820310629251,0.5555555555555556,PASS
SCALE_SHIFT_8000_TO_12000,15,TAIL,-0.2226665086455362,0.026997573857936878,0.5555555555555556,PASS
SCALE_SHIFT_8000_TO_12000,16,EMP,-0.2349687980329543,0.003569596662595667,0.6666666666666666,PASS
SCALE_SHIFT_8000_TO_12000,16,EVENT-EMP,-0.2349687980329543,0.0023603112412369557,0.6666666666666666,PASS
SCALE_SHIFT_8000_TO_12000,16,GEV,-0.0819641659856505,0.0019474897776702558,0.6666666666666666,PASS_LMOM_FINITE_MEAN
SCALE_SHIFT_8000_TO_12000,16,KDE,-0.176170760428254,0.0016939443497525446,0.6666666666666666,PASS
SCALE_SHIFT_8000_TO_12000,16,TAIL,-0.1243059100368115,0.001600312986321178,0.6666666666666666,PASS
SCALE_SHIFT_8000_TO_12000,17,EMP,-0.2439130204465202,0.024075515979675458,0.5555555555555556,PASS
SCALE_SHIFT_8000_TO_12000,17,EVENT-EMP,-0.2439130204465202,0.029999247546008263,0.5555555555555556,PASS
SCALE_SHIFT_8000_TO_12000,17,GEV,-0.2324770136222691,0.027120473399035814,0.5555555555555556,PASS_LMOM_FINITE_MEAN
SCALE_SHIFT_8000_TO_12000,17,KDE,-0.2143621408314799,0.023940832048902422,0.5555555555555556,PASS
SCALE_SHIFT_8000_TO_12000,17,TAIL,-0.3001143641464288,0.027480135611116858,0.5555555555555556,PASS
SCALE_SHIFT_8000_TO_12000,18,EMP,-0.2440890556915927,0.0020650450993414445,0.6666666666666666,PASS
SCALE_SHIFT_8000_TO_12000,18,EVENT-EMP,-0.2440890556915927,0.002421102339009878,0.6666666666666666,PASS
SCALE_SHIFT_8000_TO_12000,18,GEV,-0.0724614487178653,0.0042202706168957445,0.6666666666666666,PASS_LMOM_FINITE_MEAN
SCALE_SHIFT_8000_TO_12000,18,KDE,-0.1811858307469218,0.0054585168003894215,0.4444444444444444,PASS
SCALE_SHIFT_8000_TO_12000,18,TAIL,-0.0830107795270905,0.003774779467816589,0.6666666666666666,PASS
SCALE_SHIFT_8000_TO_12000,19,EMP,-0.2675428466222646,0.008890791349337722,0.6666666666666666,PASS
SCALE_SHIFT_8000_TO_12000,19,EVENT-EMP,-0.2675428466222646,0.006367695903838489,0.6666666666666666,PASS
SCALE_SHIFT_8000_TO_12000,19,GEV,-0.1338908713695548,0.005077279520075778,0.6666666666666666,PASS_LMOM_FINITE_MEAN
SCALE_SHIFT_8000_TO_12000,19,KDE,-0.221874076524379,0.0054585168003894215,0.4444444444444444,PASS
SCALE_SHIFT_8000_TO_12000,19,TAIL,-0.1245880944446852,0.003976967244669556,0.6666666666666666,PASS
SCALE_SHIFT_8000_TO_12000,20,EMP,0.1971342634986051,0.006263579278079078,0.6666666666666666,PASS
SCALE_SHIFT_8000_TO_12000,20,EVENT-EMP,0.1971342634986051,0.0032938018944727223,0.6666666666666666,PASS
SCALE_SHIFT_8000_TO_12000,20,GEV,0.1655246761031198,0.006581787404437933,0.6666666666666666,PASS_LMOM_FINITE_MEAN
SCALE_SHIFT_8000_TO_12000,20,KDE,0.2585231550382504,0.0054585168003894215,0.4444444444444444,PASS
SCALE_SHIFT_8000_TO_12000,20,TAIL,0.0223674547036575,0.0035561551711391338,0.6666666666666666,PASS
SCALE_SHIFT_8000_TO_12000,21,EMP,-0.1156268908148603,0.0054585168003894215,0.4444444444444444,PASS
SCALE_SHIFT_8000_TO_12000,21,EVENT-EMP,-0.1156268908148603,0.0054585168003894215,0.4444444444444444,PASS
SCALE_SHIFT_8000_TO_12000,21,GEV,0.053725270243124,0.0054585168003894215,0.4444444444444444,PASS_LMOM_FINITE_MEAN
SCALE_SHIFT_8000_TO_12000,21,KDE,-0.0613659068934616,0.0054585168003894215,0.4444444444444444,PASS
SCALE_SHIFT_8000_TO_12000,21,TAIL,0.0346325820648413,0.0054585168003894215,0.4444444444444444,PASS
SCALE_SHIFT_8000_TO_12000,22,EMP,-0.0740839747428479,0.006542946782636534,0.6666666666666666,PASS
SCALE_SHIFT_8000_TO_12000,22,EVENT-EMP,-0.0740839747428479,0.0025143404026298113,0.7777777777777778,PASS
SCALE_SHIFT_8000_TO_12000,22,GEV,-0.0173359399496825,0.005203221716782855,0.6666666666666666,PASS_LMOM_FINITE_MEAN
SCALE_SHIFT_8000_TO_12000,22,KDE,-0.0285605982655132,0.0054585168003894215,0.4444444444444444,PASS
SCALE_SHIFT_8000_TO_12000,22,TAIL,-0.1026652098042684,0.0031587788754764,0.6666666666666666,PASS
SCALE_SHIFT_8000_TO_12000,23,EMP,-0.3070256226042266,0.019249687674729666,0.5555555555555556,PASS
SCALE_SHIFT_8000_TO_12000,23,EVENT-EMP,-0.3070256226042266,0.019249687674729666,0.5555555555555556,PASS
SCALE_SHIFT_8000_TO_12000,23,GEV,-0.2487830789239016,0.017844789674377866,0.5555555555555556,PASS_LMOM_FINITE_MEAN
SCALE_SHIFT_8000_TO_12000,23,KDE,-0.257130365594794,0.016539688513476657,0.5555555555555556,PASS
SCALE_SHIFT_8000_TO_12000,23,TAIL,-0.1803355475641551,0.020053428333728633,0.5555555555555556,PASS
SCALE_SHIFT_8000_TO_12000,24,EMP,-0.3175681801115283,0.0158657693581067,0.5555555555555556,PASS
SCALE_SHIFT_8000_TO_12000,24,EVENT-EMP,-0.3175681801115283,0.0148216879076348,0.5555555555555556,PASS
SCALE_SHIFT_8000_TO_12000,24,GEV,-0.3147446381580861,0.016687881527618856,0.5555555555555556,PASS_LMOM_FINITE_MEAN
SCALE_SHIFT_8000_TO_12000,24,KDE,-0.2898572089112352,0.015448838092953856,0.5555555555555556,PASS
SCALE_SHIFT_8000_TO_12000,24,TAIL,-0.0375954694901144,0.005566673221843245,0.6666666666666666,PASS
SCALE_SHIFT_8000_TO_12000,25,EMP,-0.2131458742606081,0.021221516749550782,0.5555555555555556,PASS
SCALE_SHIFT_8000_TO_12000,25,EVENT-EMP,-0.2131458742606081,0.02105554904836127,0.5555555555555556,PASS
SCALE_SHIFT_8000_TO_12000,25,GEV,-0.1495178478378834,0.02343266117476759,0.5555555555555556,PASS_LMOM_FINITE_MEAN
SCALE_SHIFT_8000_TO_12000,25,KDE,-0.1750625963976905,0.006356753365783755,0.6666666666666666,PASS
SCALE_SHIFT_8000_TO_12000,25,TAIL,-0.1626320213674102,0.024967390198331822,0.5555555555555556,PASS
SCALE_SHIFT_8000_TO_12000,26,EMP,0.0693567881119008,0.0018999193638229886,0.6666666666666666,PASS
SCALE_SHIFT_8000_TO_12000,26,EVENT-EMP,0.0693567881119008,0.0018999193638229886,0.6666666666666666,PASS
SCALE_SHIFT_8000_TO_12000,26,GEV,0.3214749750136156,0.0018999193638229886,0.6666666666666666,PASS_LMOM_FINITE_MEAN
SCALE_SHIFT_8000_TO_12000,26,KDE,0.1349103829917136,0.0018999193638229886,0.6666666666666666,PASS
SCALE_SHIFT_8000_TO_12000,26,TAIL,0.027196874312526,0.0021118325665015775,0.6666666666666666,PASS
SCALE_SHIFT_8000_TO_12000,27,EMP,-0.0484182329175708,0.020454671265447602,0.6666666666666666,PASS
SCALE_SHIFT_8000_TO_12000,27,EVENT-EMP,-0.0484182329175708,0.0054585168003894215,0.4444444444444444,PASS
SCALE_SHIFT_8000_TO_12000,27,GEV,-0.0173314301641846,0.008890247938533068,0.6666666666666666,PASS_LMOM_FINITE_MEAN
SCALE_SHIFT_8000_TO_12000,27,KDE,-0.00158834996904,0.0054585168003894215,0.4444444444444444,PASS
SCALE_SHIFT_8000_TO_12000,27,TAIL,-0.0234524096924765,0.005651845985412133,0.6666666666666666,PASS
SCALE_SHIFT_8000_TO_12000,28,EMP,-0.2774143935705064,0.02458672731933989,0.5555555555555556,PASS
SCALE_SHIFT_8000_TO_12000,28,EVENT-EMP,-0.2774143935705064,0.021156715367304877,0.5555555555555556,PASS
SCALE_SHIFT_8000_TO_12000,28,GEV,-0.186788489827196,0.022392365200889233,0.5555555555555556,PASS_LMOM_FINITE_MEAN
SCALE_SHIFT_8000_TO_12000,28,KDE,-0.2367190424141278,0.019863310118861877,0.5555555555555556,PASS
SCALE_SHIFT_8000_TO_12000,28,TAIL,-0.1578153250620785,0.0194671905596141,0.5555555555555556,PASS
SCALE_SHIFT_8000_TO_12000,29,EMP,0.0427367221833753,0.002795976711493233,0.5555555555555556,PASS
SCALE_SHIFT_8000_TO_12000,29,EVENT-EMP,0.0427367221833753,0.002795976711493233,0.5555555555555556,PASS
SCALE_SHIFT_8000_TO_12000,29,GEV,0.3945202422514463,0.002795976711493233,0.5555555555555556,PASS_LMOM_FINITE_MEAN
SCALE_SHIFT_8000_TO_12000,29,KDE,0.1222317912392001,0.002795976711493233,0.5555555555555556,PASS
SCALE_SHIFT_8000_TO_12000,29,TAIL,0.2539886448036295,0.002795976711493233,0.5555555555555556,PASS
SCALE_SHIFT_8000_TO_12000,30,EMP,-0.3135548888329096,0.030611486271688533,0.5555555555555556,PASS
SCALE_SHIFT_8000_TO_12000,30,EVENT-EMP,-0.3135548888329096,0.02549840808534261,0.5555555555555556,PASS
SCALE_SHIFT_8000_TO_12000,30,GEV,-0.2038506940564345,0.0274789730520295,0.5555555555555556,PASS_LMOM_FINITE_MEAN
SCALE_SHIFT_8000_TO_12000,30,KDE,-0.270165125129771,0.02430072008673309,0.5555555555555556,PASS
SCALE_SHIFT_8000_TO_12000,30,TAIL,-0.2063617319709624,0.028552970083631377,0.5555555555555556,PASS
SCALE_SHIFT_8000_TO_12000,31,EMP,-0.1967264698811876,0.010285470717576644,0.6666666666666666,PASS
SCALE_SHIFT_8000_TO_12000,31,EVENT-EMP,-0.1967264698811876,0.00916030058825591,0.6666666666666666,PASS
SCALE_SHIFT_8000_TO_12000,31,GEV,-0.0102338433411901,0.006625735404667255,0.6666666666666666,PASS_LMOM_FINITE_MEAN
SCALE_SHIFT_8000_TO_12000,31,KDE,-0.14079412833448,0.0054585168003894215,0.4444444444444444,PASS
SCALE_SHIFT_8000_TO_12000,31,TAIL,0.0141461372223538,0.0047172192288883665,0.6666666666666666,PASS
SCALE_SHIFT_8000_TO_12000,32,EMP,-0.204503258578006,0.017945245524217456,0.5555555555555556,PASS
SCALE_SHIFT_8000_TO_12000,32,EVENT-EMP,-0.204503258578006,0.018622922495869734,0.5555555555555556,PASS
SCALE_SHIFT_8000_TO_12000,32,GEV,-0.0911332739452991,0.007757526755194534,0.6666666666666666,PASS_LMOM_FINITE_MEAN
SCALE_SHIFT_8000_TO_12000,32,KDE,-0.1504901615381576,0.0054585168003894215,0.4444444444444444,PASS
SCALE_SHIFT_8000_TO_12000,32,TAIL,-0.1805339284839431,0.020703774803196413,0.5555555555555556,PASS
SCALE_SHIFT_8000_TO_12000,33,EMP,-0.0350920781952247,0.0054585168003894215,0.4444444444444444,PASS
SCALE_SHIFT_8000_TO_12000,33,EVENT-EMP,-0.0350920781952247,0.0054585168003894215,0.4444444444444444,PASS
SCALE_SHIFT_8000_TO_12000,33,GEV,0.2004575442081414,0.0054585168003894215,0.4444444444444444,PASS_LMOM_FINITE_MEAN
SCALE_SHIFT_8000_TO_12000,33,KDE,0.0480585491963043,0.0054585168003894215,0.4444444444444444,PASS
SCALE_SHIFT_8000_TO_12000,33,TAIL,0.0565269215551749,0.0054585168003894215,0.4444444444444444,PASS
SCALE_SHIFT_8000_TO_12000,34,EMP,-0.3298957783602646,0.01884389811370317,0.5555555555555556,PASS
SCALE_SHIFT_8000_TO_12000,34,EVENT-EMP,-0.3298957783602646,0.0153903145670726,0.5555555555555556,PASS
SCALE_SHIFT_8000_TO_12000,34,GEV,-0.2364074889275977,0.019584320021958757,0.5555555555555556,PASS_LMOM_FINITE_MEAN
SCALE_SHIFT_8000_TO_12000,34,KDE,-0.2770288339022406,0.017402430316701002,0.5555555555555556,PASS
SCALE_SHIFT_8000_TO_12000,34,TAIL,-0.149454994917615,0.004191358444776489,0.6666666666666666,PASS
SCALE_SHIFT_8000_TO_12000,35,EMP,-0.2785135875915323,0.0027754030150550445,0.6666666666666666,PASS
SCALE_SHIFT_8000_TO_12000,35,EVENT-EMP,-0.2785135875915323,0.0027754030150550445,0.6666666666666666,PASS
SCALE_SHIFT_8000_TO_12000,35,GEV,-0.2001280926284439,0.0016552223922889223,0.6666666666666666,PASS_LMOM_FINITE_MEAN
SCALE_SHIFT_8000_TO_12000,35,KDE,-0.2221350554210767,0.0015081180635283236,0.6666666666666666,PASS
SCALE_SHIFT_8000_TO_12000,35,TAIL,0.0680711820185277,0.0054585168003894215,0.4444444444444444,PASS
SCALE_SHIFT_8000_TO_12000,36,EMP,-0.1813770842109095,0.013288779951153356,0.6666666666666666,PASS
SCALE_SHIFT_8000_TO_12000,36,EVENT-EMP,-0.1813770842109095,0.019030148358838022,0.5555555555555556,PASS
SCALE_SHIFT_8000_TO_12000,36,GEV,-0.0939695734037315,0.024926858351993313,0.5555555555555556,PASS_LMOM_FINITE_MEAN
SCALE_SHIFT_8000_TO_12000,36,KDE,-0.1397068063195042,0.0054585168003894215,0.4444444444444444,PASS
SCALE_SHIFT_8000_TO_12000,36,TAIL,-0.1979945526260569,0.022039161660806814,0.5555555555555556,PASS
SCALE_SHIFT_8000_TO_12000,37,EMP,-0.1150627461506968,0.0054585168003894215,0.4444444444444444,PASS
SCALE_SHIFT_8000_TO_12000,37,EVENT-EMP,-0.1150627461506968,0.0018810085324092556,0.6666666666666666,PASS
SCALE_SHIFT_8000_TO_12000,37,GEV,-0.0474034218252852,0.0054585168003894215,0.4444444444444444,PASS_LMOM_FINITE_MEAN
SCALE_SHIFT_8000_TO_12000,37,KDE,-0.0680894948495834,0.0054585168003894215,0.4444444444444444,PASS
SCALE_SHIFT_8000_TO_12000,37,TAIL,-0.0536771178336384,0.0029771510658256,0.6666666666666666,PASS
SCALE_SHIFT_8000_TO_12000,38,EMP,0.6290520749173738,0.0036807390226116666,0.5555555555555556,PASS
SCALE_SHIFT_8000_TO_12000,38,EVENT-EMP,0.6290520749173738,0.002795976711493233,0.5555555555555556,PASS
SCALE_SHIFT_8000_TO_12000,38,GEV,0.6964580925534095,0.0054585168003894215,0.4444444444444444,PASS_LMOM_FINITE_MEAN
SCALE_SHIFT_8000_TO_12000,38,KDE,0.7297561296947676,0.0018999193638229886,0.6666666666666666,PASS
SCALE_SHIFT_8000_TO_12000,38,TAIL,0.4099383706313481,0.002795976711493233,0.5555555555555556,PASS
SCALE_SHIFT_8000_TO_12000,39,EMP,-0.0877535344831207,0.017454105245873323,0.6666666666666666,PASS
SCALE_SHIFT_8000_TO_12000,39,EVENT-EMP,-0.0877535344831207,0.03520846708994332,0.5555555555555556,PASS
SCALE_SHIFT_8000_TO_12000,39,GEV,0.0445885647294612,0.012141057897248734,0.6666666666666666,PASS_LMOM_FINITE_MEAN
SCALE_SHIFT_8000_TO_12000,39,KDE,-0.0400964181297489,0.0054585168003894215,0.4444444444444444,PASS
SCALE_SHIFT_8000_TO_12000,39,TAIL,-0.076166395971784,0.028603821683478733,0.5555555555555556,PASS
SCALE_SHIFT_8000_TO_12000,40,EMP,-0.2498398221868488,0.009938444476494489,0.6666666666666666,PASS
SCALE_SHIFT_8000_TO_12000,40,EVENT-EMP,-0.2498398221868488,0.0017728572693224,0.6666666666666666,PASS
SCALE_SHIFT_8000_TO_12000,40,GEV,-0.1261371397466236,0.005223862076722177,0.6666666666666666,PASS_LMOM_FINITE_MEAN
SCALE_SHIFT_8000_TO_12000,40,KDE,-0.2043552752224609,0.0054585168003894215,0.4444444444444444,PASS
SCALE_SHIFT_8000_TO_12000,40,TAIL,-0.0945029344235974,0.005780144242805266,0.6666666666666666,PASS
SCALE_SHIFT_8000_TO_12000,41,EMP,-0.3588309956772001,0.03391352239547554,0.5555555555555556,PASS
SCALE_SHIFT_8000_TO_12000,41,EVENT-EMP,-0.3588309956772001,0.03208929604410069,0.5555555555555556,PASS
SCALE_SHIFT_8000_TO_12000,41,GEV,-0.2703709854062382,0.032851119721282275,0.5555555555555556,PASS_LMOM_FINITE_MEAN
SCALE_SHIFT_8000_TO_12000,41,KDE,-0.3355908668214762,0.02899777044758385,0.5555555555555556,PASS
SCALE_SHIFT_8000_TO_12000,41,TAIL,-0.2838851625700046,0.03033864286890196,0.5555555555555556,PASS
SCALE_SHIFT_8000_TO_12000,42,EMP,-0.0452024318312764,0.0090241468757446,0.6666666666666666,PASS
SCALE_SHIFT_8000_TO_12000,42,EVENT-EMP,-0.0452024318312764,0.0054585168003894215,0.4444444444444444,PASS
SCALE_SHIFT_8000_TO_12000,42,GEV,0.1788515621479399,0.004948721894791911,0.6666666666666666,PASS_LMOM_FINITE_MEAN
SCALE_SHIFT_8000_TO_12000,42,KDE,0.0044532297690704,0.0054585168003894215,0.4444444444444444,PASS
SCALE_SHIFT_8000_TO_12000,42,TAIL,0.0086170741709279,0.0020614565726686223,0.6666666666666666,PASS
SCALE_SHIFT_8000_TO_12000,43,EMP,-0.2504163127594753,0.0033969939084896226,0.6666666666666666,PASS
SCALE_SHIFT_8000_TO_12000,43,EVENT-EMP,-0.2504163127594753,0.0020574025819451,0.6666666666666666,PASS
SCALE_SHIFT_8000_TO_12000,43,GEV,-0.1354939081692855,0.0027919334287345,0.6666666666666666,PASS_LMOM_FINITE_MEAN
SCALE_SHIFT_8000_TO_12000,43,KDE,-0.1968897896538682,0.001971271509809578,0.6666666666666666,PASS
SCALE_SHIFT_8000_TO_12000,43,TAIL,-0.0019916486951996,0.0030335084536917334,0.6666666666666666,PASS
SCALE_SHIFT_8000_TO_12000,44,EMP,0.3682047870641576,0.008591908011901088,0.6666666666666666,PASS
SCALE_SHIFT_8000_TO_12000,44,EVENT-EMP,0.3682047870641576,0.007105425450198789,0.6666666666666666,PASS
SCALE_SHIFT_8000_TO_12000,44,GEV,0.2457948851646074,0.0054585168003894215,0.4444444444444444,PASS_LMOM_FINITE_MEAN
SCALE_SHIFT_8000_TO_12000,44,KDE,0.443409814022197,0.0054585168003894215,0.4444444444444444,PASS
SCALE_SHIFT_8000_TO_12000,44,TAIL,-0.0267831048247841,0.00784304179510989,0.6666666666666666,PASS
SCALE_SHIFT_8000_TO_12000,45,EMP,-0.2334247079896032,0.03047296838719487,0.5555555555555556,PASS
SCALE_SHIFT_8000_TO_12000,45,EVENT-EMP,-0.2334247079896032,0.028948899367573857,0.5555555555555556,PASS
SCALE_SHIFT_8000_TO_12000,45,GEV,-0.104318306676622,0.030530486873671676,0.5555555555555556,PASS_LMOM_FINITE_MEAN
SCALE_SHIFT_8000_TO_12000,45,KDE,-0.1864750707381711,0.02567846157485166,0.5555555555555556,PASS
SCALE_SHIFT_8000_TO_12000,45,TAIL,-0.196479076561057,0.02303654571931269,0.5555555555555556,PASS
SCALE_SHIFT_8000_TO_12000,46,EMP,0.283496496189359,0.0054585168003894215,0.4444444444444444,PASS
SCALE_SHIFT_8000_TO_12000,46,EVENT-EMP,0.283496496189359,0.0054585168003894215,0.4444444444444444,PASS
SCALE_SHIFT_8000_TO_12000,46,GEV,0.3622718804350664,0.0054585168003894215,0.4444444444444444,PASS_LMOM_FINITE_MEAN
SCALE_SHIFT_8000_TO_12000,46,KDE,0.3554229356724359,0.0054585168003894215,0.4444444444444444,PASS
SCALE_SHIFT_8000_TO_12000,46,TAIL,-0.067552595344567,0.006654916555696199,0.6666666666666666,PASS
SCALE_SHIFT_8000_TO_12000,47,EMP,-0.1818659049411152,0.0071253852755437,0.6666666666666666,PASS
SCALE_SHIFT_8000_TO_12000,47,EVENT-EMP,-0.1818659049411152,0.003906775244060889,0.6666666666666666,PASS
SCALE_SHIFT_8000_TO_12000,47,GEV,-0.0309035230724421,0.0065554611071643775,0.6666666666666666,PASS_LMOM_FINITE_MEAN
SCALE_SHIFT_8000_TO_12000,47,KDE,-0.1379095476804053,0.0054585168003894215,0.4444444444444444,PASS
SCALE_SHIFT_8000_TO_12000,47,TAIL,-0.0362128679842917,0.0029319212831278776,0.6666666666666666,PASS
SCALE_SHIFT_8000_TO_12000,48,EMP,-0.3049316795395024,0.014867148390524844,0.6666666666666666,PASS
SCALE_SHIFT_8000_TO_12000,48,EVENT-EMP,-0.3049316795395024,0.014970464942584768,0.5555555555555556,PASS
SCALE_SHIFT_8000_TO_12000,48,GEV,-0.2890098213096947,0.0184264844166333,0.5555555555555556,PASS_LMOM_FINITE_MEAN
SCALE_SHIFT_8000_TO_12000,48,KDE,-0.2742742003823805,0.016367685069906043,0.5555555555555556,PASS
SCALE_SHIFT_8000_TO_12000,48,TAIL,-0.2590705603245042,0.01878246041759153,0.5555555555555556,PASS
SCALE_SHIFT_8000_TO_12000,49,EMP,-0.4290343771613756,0.022127825862429146,0.5555555555555556,PASS
SCALE_SHIFT_8000_TO_12000,49,EVENT-EMP,-0.4290343771613756,0.015948509566029043,0.5555555555555556,PASS
SCALE_SHIFT_8000_TO_12000,49,GEV,-0.3993011211619751,0.019787077656086532,0.5555555555555556,PASS_LMOM_FINITE_MEAN
SCALE_SHIFT_8000_TO_12000,49,KDE,-0.3715859984118567,0.019458884009401455,0.5555555555555556,PASS
SCALE_SHIFT_8000_TO_12000,49,TAIL,-0.3086221488483495,0.024155949717027666,0.5555555555555556,PASS
SCALE_SHIFT_8000_TO_12000,50,EMP,-0.3605008222895967,0.02158124068274361,0.5555555555555556,PASS
SCALE_SHIFT_8000_TO_12000,50,EVENT-EMP,-0.3605008222895967,0.016165016863553212,0.6666666666666666,PASS
SCALE_SHIFT_8000_TO_12000,50,GEV,-0.2803738173274589,0.018121977994420366,0.6666666666666666,PASS_LMOM_FINITE_MEAN
SCALE_SHIFT_8000_TO_12000,50,KDE,-0.3112791774637035,0.01724083820361459,0.5555555555555556,PASS
SCALE_SHIFT_8000_TO_12000,50,TAIL,-0.1643625922396444,0.02320956866668358,0.5555555555555556,PASS
SCALE_SHIFT_8000_TO_12000,51,EMP,-0.3219876770114702,0.026699895537885588,0.5555555555555556,PASS
SCALE_SHIFT_8000_TO_12000,51,EVENT-EMP,-0.3219876770114702,0.0233241901062209,0.5555555555555556,PASS
SCALE_SHIFT_8000_TO_12000,51,GEV,-0.2548253580880946,0.028525156866733445,0.5555555555555556,PASS_LMOM_FINITE_MEAN
SCALE_SHIFT_8000_TO_12000,51,KDE,-0.2851312044461447,0.024473177870679805,0.5555555555555556,PASS
SCALE_SHIFT_8000_TO_12000,51,TAIL,-0.0436426749309553,0.009433799703867879,0.6666666666666666,PASS
SCALE_SHIFT_8000_TO_12000,52,EMP,-0.1813401926529876,0.02458164810752599,0.5555555555555556,PASS
SCALE_SHIFT_8000_TO_12000,52,EVENT-EMP,-0.1813401926529876,0.02458164810752599,0.5555555555555556,PASS
SCALE_SHIFT_8000_TO_12000,52,GEV,-0.1330846683074679,0.02362221011632683,0.5555555555555556,PASS_LMOM_FINITE_MEAN
SCALE_SHIFT_8000_TO_12000,52,KDE,-0.1435339231978176,0.006342107958813767,0.6666666666666666,PASS
SCALE_SHIFT_8000_TO_12000,52,TAIL,-0.1609439615949346,0.020601529733615166,0.5555555555555556,PASS
SCALE_SHIFT_8000_TO_12000,53,EMP,-0.3841241253828665,0.031476101262803216,0.5555555555555556,PASS
SCALE_SHIFT_8000_TO_12000,53,EVENT-EMP,-0.3841241253828665,0.0222400539024915,0.5555555555555556,PASS
SCALE_SHIFT_8000_TO_12000,53,GEV,-0.3089744868058886,0.022251099349250913,0.5555555555555556,PASS_LMOM_FINITE_MEAN
SCALE_SHIFT_8000_TO_12000,53,KDE,-0.3245075058826231,0.021369788674519375,0.5555555555555556,PASS
SCALE_SHIFT_8000_TO_12000,53,TAIL,-0.145167374553368,0.02476822056163608,0.5555555555555556,PASS
SCALE_SHIFT_8000_TO_12000,54,EMP,-0.2798184753844351,0.016257259989120657,0.5555555555555556,PASS
SCALE_SHIFT_8000_TO_12000,54,EVENT-EMP,-0.2798184753844351,0.01647006593478007,0.5555555555555556,PASS
SCALE_SHIFT_8000_TO_12000,54,GEV,-0.2997493918504498,0.015570796729709322,0.5555555555555556,PASS_LMOM_FINITE_MEAN
SCALE_SHIFT_8000_TO_12000,54,KDE,-0.2516133904798005,0.015050071364057635,0.5555555555555556,PASS
SCALE_SHIFT_8000_TO_12000,54,TAIL,-0.0642876473035339,0.004942507624756767,0.6666666666666666,PASS
SCALE_SHIFT_8000_TO_12000,55,EMP,-0.3057255677677464,0.035687112711913764,0.5555555555555556,PASS
SCALE_SHIFT_8000_TO_12000,55,EVENT-EMP,-0.3057255677677464,0.021084489651711388,0.5555555555555556,PASS
SCALE_SHIFT_8000_TO_12000,55,GEV,-0.2285587550126274,0.02961912255824039,0.5555555555555556,PASS_LMOM_FINITE_MEAN
SCALE_SHIFT_8000_TO_12000,55,KDE,-0.2775984426594658,0.025414443430746614,0.5555555555555556,PASS
SCALE_SHIFT_8000_TO_12000,55,TAIL,-0.2198030446538986,0.024906666500477348,0.5555555555555556,PASS
SCALE_SHIFT_8000_TO_12000,56,EMP,-0.2378178407818187,0.01798869035206028,0.5555555555555556,PASS
SCALE_SHIFT_8000_TO_12000,56,EVENT-EMP,-0.2378178407818187,0.01798869035206028,0.5555555555555556,PASS
SCALE_SHIFT_8000_TO_12000,56,GEV,-0.2445685458608697,0.019365794776834047,0.5555555555555556,PASS_LMOM_FINITE_MEAN
SCALE_SHIFT_8000_TO_12000,56,KDE,-0.2004634585594583,0.017248644909892155,0.5555555555555556,PASS
SCALE_SHIFT_8000_TO_12000,56,TAIL,-0.1027211851642982,0.005142890640357733,0.6666666666666666,PASS
SCALE_SHIFT_8000_TO_12000,57,EMP,-0.1963871786955608,0.028971574074935516,0.5555555555555556,PASS
SCALE_SHIFT_8000_TO_12000,57,EVENT-EMP,-0.1963871786955608,0.017395536966960366,0.5555555555555556,PASS
SCALE_SHIFT_8000_TO_12000,57,GEV,-0.196844958209053,0.023971551724091912,0.5555555555555556,PASS_LMOM_FINITE_MEAN
SCALE_SHIFT_8000_TO_12000,57,KDE,-0.1623662885978214,0.020256562027711963,0.5555555555555556,PASS
SCALE_SHIFT_8000_TO_12000,57,TAIL,-0.1215264023317396,0.02294955147291441,0.5555555555555556,PASS
SCALE_SHIFT_8000_TO_12000,58,EMP,-0.2072641974542914,0.0054585168003894215,0.4444444444444444,PASS
SCALE_SHIFT_8000_TO_12000,58,EVENT-EMP,-0.2072641974542914,0.0054585168003894215,0.4444444444444444,PASS
SCALE_SHIFT_8000_TO_12000,58,GEV,0.0161089163009257,0.0075881749660863885,0.6666666666666666,PASS_LMOM_FINITE_MEAN
SCALE_SHIFT_8000_TO_12000,58,KDE,-0.1461999274957113,0.0054585168003894215,0.4444444444444444,PASS
SCALE_SHIFT_8000_TO_12000,58,TAIL,-0.0931990887537074,0.0054927823917770326,0.6666666666666666,PASS
SCALE_SHIFT_8000_TO_12000,59,EMP,-0.3352104804155503,0.0017686940238659443,0.6666666666666666,PASS
SCALE_SHIFT_8000_TO_12000,59,EVENT-EMP,-0.3352104804155503,0.002848036050756611,0.6666666666666666,PASS
SCALE_SHIFT_8000_TO_12000,59,GEV,-0.2668656817057597,0.0015062774071625744,0.6666666666666666,PASS_LMOM_FINITE_MEAN
SCALE_SHIFT_8000_TO_12000,59,KDE,-0.2667242347231826,0.0015697502611053446,0.6666666666666666,PASS
SCALE_SHIFT_8000_TO_12000,59,TAIL,-0.1292334012089673,0.0038806423363956333,0.6666666666666666,PASS
SCALE_SHIFT_8000_TO_12000,60,EMP,-0.2596317964071956,0.04444977716452348,0.5555555555555556,PASS
SCALE_SHIFT_8000_TO_12000,60,EVENT-EMP,-0.2596317964071956,0.027531340494105,0.5555555555555556,PASS
SCALE_SHIFT_8000_TO_12000,60,GEV,-0.1107336349725394,0.03870462195506901,0.5555555555555556,PASS_LMOM_FINITE_MEAN
SCALE_SHIFT_8000_TO_12000,60,KDE,-0.2106163982401554,0.032439809386305744,0.5555555555555556,PASS
SCALE_SHIFT_8000_TO_12000,60,TAIL,-0.1945814025118208,0.022915811097558435,0.5555555555555556,PASS
SCALE_SHIFT_8000_TO_12000,61,EMP,-0.1532537693839553,0.014713807483933266,0.6666666666666666,PASS
SCALE_SHIFT_8000_TO_12000,61,EVENT-EMP,-0.1532537693839553,0.010169573078573956,0.6666666666666666,PASS
SCALE_SHIFT_8000_TO_12000,61,GEV,0.0372816864950525,0.011962838898024256,0.6666666666666666,PASS_LMOM_FINITE_MEAN
SCALE_SHIFT_8000_TO_12000,61,KDE,-0.0916699882257896,0.0054585168003894215,0.4444444444444444,PASS
SCALE_SHIFT_8000_TO_12000,61,TAIL,-0.1239845472698911,0.0065256825189794225,0.6666666666666666,PASS
SCALE_SHIFT_8000_TO_12000,62,EMP,-0.0764843401356623,0.002347645017315867,0.6666666666666666,PASS
SCALE_SHIFT_8000_TO_12000,62,EVENT-EMP,-0.0764843401356623,0.0022834803055310554,0.6666666666666666,PASS
SCALE_SHIFT_8000_TO_12000,62,GEV,-0.0796767949587473,0.005850255184081111,0.6666666666666666,PASS_LMOM_FINITE_MEAN
SCALE_SHIFT_8000_TO_12000,62,KDE,-0.0329207143501801,0.0054585168003894215,0.4444444444444444,PASS
SCALE_SHIFT_8000_TO_12000,62,TAIL,-0.082069222626209,0.004799863164714967,0.6666666666666666,PASS
SCALE_SHIFT_8000_TO_12000,63,EMP,0.6784016427711423,0.0054585168003894215,0.4444444444444444,PASS
SCALE_SHIFT_8000_TO_12000,63,EVENT-EMP,0.6784016427711423,0.0054585168003894215,0.4444444444444444,PASS
SCALE_SHIFT_8000_TO_12000,63,GEV,0.4976011039429052,0.0054585168003894215,0.4444444444444444,PASS_LMOM_FINITE_MEAN
SCALE_SHIFT_8000_TO_12000,63,KDE,0.7793004618014083,0.0054585168003894215,0.4444444444444444,PASS
SCALE_SHIFT_8000_TO_12000,63,TAIL,-0.0306182961984988,0.005999028943077911,0.6666666666666666,PASS
SCALE_SHIFT_8000_TO_12000,64,EMP,-0.2629586938533135,0.008750451680202921,0.6666666666666666,PASS
SCALE_SHIFT_8000_TO_12000,64,EVENT-EMP,-0.2629586938533135,0.023182855016840823,0.5555555555555556,PASS
SCALE_SHIFT_8000_TO_12000,64,GEV,-0.1702175239125578,0.020100491095691366,0.5555555555555556,PASS_LMOM_FINITE_MEAN
SCALE_SHIFT_8000_TO_12000,64,KDE,-0.2270584492669928,0.004177705618877133,0.6666666666666666,PASS
SCALE_SHIFT_8000_TO_12000,64,TAIL,-0.1643173486290125,0.023010340247495445,0.5555555555555556,PASS
SCALE_SHIFT_8000_TO_12000,65,EMP,-0.4027808000695668,0.022394225798637202,0.6666666666666666,PASS
SCALE_SHIFT_8000_TO_12000,65,EVENT-EMP,-0.4027808000695668,0.02495564794141508,0.5555555555555556,PASS
SCALE_SHIFT_8000_TO_12000,65,GEV,-0.3707224256012824,0.020354067092844357,0.6666666666666666,PASS_LMOM_FINITE_MEAN
SCALE_SHIFT_8000_TO_12000,65,KDE,-0.3677716058968135,0.01957504101745588,0.6666666666666666,PASS
SCALE_SHIFT_8000_TO_12000,65,TAIL,-0.2657539591445839,0.02692669699347547,0.5555555555555556,PASS
SCALE_SHIFT_8000_TO_12000,66,EMP,-0.2975993148326361,0.028391142461101446,0.5555555555555556,PASS
SCALE_SHIFT_8000_TO_12000,66,EVENT-EMP,-0.2975993148326361,0.023075971670662568,0.5555555555555556,PASS
SCALE_SHIFT_8000_TO_12000,66,GEV,-0.2072465757020834,0.02483138667705879,0.5555555555555556,PASS_LMOM_FINITE_MEAN
SCALE_SHIFT_8000_TO_12000,66,KDE,-0.2688860220862825,0.02148263383561617,0.5555555555555556,PASS
SCALE_SHIFT_8000_TO_12000,66,TAIL,-0.2244708519549571,0.023187315936875924,0.5555555555555556,PASS
SCALE_SHIFT_8000_TO_12000,67,EMP,-0.1870771163676863,0.0054585168003894215,0.4444444444444444,PASS
SCALE_SHIFT_8000_TO_12000,67,EVENT-EMP,-0.1870771163676863,0.002061336861937289,0.6666666666666666,PASS
SCALE_SHIFT_8000_TO_12000,67,GEV,-0.0226087029682253,0.0054585168003894215,0.4444444444444444,PASS_LMOM_FINITE_MEAN
SCALE_SHIFT_8000_TO_12000,67,KDE,-0.1120262112052517,0.0054585168003894215,0.4444444444444444,PASS
SCALE_SHIFT_8000_TO_12000,67,TAIL,-0.0673401283661792,0.004748534964566333,0.6666666666666666,PASS
SCALE_SHIFT_8000_TO_12000,68,EMP,-0.2387210464738658,0.021111337891700322,0.5555555555555556,PASS
SCALE_SHIFT_8000_TO_12000,68,EVENT-EMP,-0.2387210464738658,0.018541859804678634,0.5555555555555556,PASS
SCALE_SHIFT_8000_TO_12000,68,GEV,-0.1981544505146319,0.028597058432143534,0.5555555555555556,PASS_LMOM_FINITE_MEAN
SCALE_SHIFT_8000_TO_12000,68,KDE,-0.2036823087216021,0.024200546187218702,0.5555555555555556,PASS
SCALE_SHIFT_8000_TO_12000,68,TAIL,-0.1370299937432294,0.02029997124966282,0.5555555555555556,PASS
SCALE_SHIFT_8000_TO_12000,69,EMP,0.0654732170389069,0.0054585168003894215,0.4444444444444444,PASS
SCALE_SHIFT_8000_TO_12000,69,EVENT-EMP,0.0654732170389069,0.0036807390226116666,0.5555555555555556,PASS
SCALE_SHIFT_8000_TO_12000,69,GEV,0.2373844541710074,0.0054585168003894215,0.4444444444444444,PASS_LMOM_FINITE_MEAN
SCALE_SHIFT_8000_TO_12000,69,KDE,0.1279324482930215,0.0054585168003894215,0.4444444444444444,PASS
SCALE_SHIFT_8000_TO_12000,69,TAIL,0.3809559916680906,0.0018999193638229886,0.6666666666666666,PASS
SCALE_SHIFT_8000_TO_12000,70,EMP,-0.0967066794807716,0.00035503061668671113,0.8888888888888888,PASS
SCALE_SHIFT_8000_TO_12000,70,EVENT-EMP,-0.0967066794807716,0.002506194443756778,0.6666666666666666,PASS
SCALE_SHIFT_8000_TO_12000,70,GEV,-0.0282275774165092,0.0018999193638229886,0.6666666666666666,PASS_LMOM_FINITE_MEAN
SCALE_SHIFT_8000_TO_12000,70,KDE,-0.0485774660174644,0.0018999193638229886,0.6666666666666666,PASS
SCALE_SHIFT_8000_TO_12000,70,TAIL,0.0649664151449055,0.0054585168003894215,0.4444444444444444,PASS
SCALE_SHIFT_8000_TO_12000,71,EMP,-0.3351498789634707,0.003346145582418811,0.6666666666666666,PASS
SCALE_SHIFT_8000_TO_12000,71,EVENT-EMP,-0.3351498789634707,0.0015919712239053556,0.6666666666666666,PASS
SCALE_SHIFT_8000_TO_12000,71,GEV,-0.2426534975247526,0.0025211612152723443,0.7777777777777778,PASS_LMOM_FINITE_MEAN
SCALE_SHIFT_8000_TO_12000,71,KDE,-0.268694307116966,0.0022793013139328893,0.6666666666666666,PASS
SCALE_SHIFT_8000_TO_12000,71,TAIL,0.2561219713601319,0.0036807390226116666,0.5555555555555556,PASS
SCALE_SHIFT_8000_TO_12000,72,EMP,-0.2240004500222453,0.021849752167079472,0.5555555555555556,PASS
SCALE_SHIFT_8000_TO_12000,72,EVENT-EMP,-0.2240004500222453,0.021849752167079472,0.5555555555555556,PASS
SCALE_SHIFT_8000_TO_12000,72,GEV,-0.1918933087841779,0.01871103989445422,0.5555555555555556,PASS_LMOM_FINITE_MEAN
SCALE_SHIFT_8000_TO_12000,72,KDE,-0.1877504909658334,0.003937993396728811,0.6666666666666666,PASS
SCALE_SHIFT_8000_TO_12000,72,TAIL,0.1182460446036249,0.0054585168003894215,0.4444444444444444,PASS
SCALE_SHIFT_8000_TO_12000,73,EMP,-0.0932754450725961,0.0054585168003894215,0.4444444444444444,PASS
SCALE_SHIFT_8000_TO_12000,73,EVENT-EMP,-0.0932754450725961,0.001691675018565689,0.6666666666666666,PASS
SCALE_SHIFT_8000_TO_12000,73,GEV,0.0229318208276122,0.0054585168003894215,0.4444444444444444,PASS_LMOM_FINITE_MEAN
SCALE_SHIFT_8000_TO_12000,73,KDE,-0.0403898264321644,0.0054585168003894215,0.4444444444444444,PASS
SCALE_SHIFT_8000_TO_12000,73,TAIL,0.0902487812070124,0.0054585168003894215,0.4444444444444444,PASS
SCALE_SHIFT_8000_TO_12000,74,EMP,-0.2465954373864203,0.01463547399302861,0.6666666666666666,PASS
SCALE_SHIFT_8000_TO_12000,74,EVENT-EMP,-0.2465954373864203,0.0020550388223730554,0.7777777777777778,PASS
SCALE_SHIFT_8000_TO_12000,74,GEV,-0.2321493648828894,0.003326896494199067,0.6666666666666666,PASS_LMOM_FINITE_MEAN
SCALE_SHIFT_8000_TO_12000,74,KDE,-0.2084527265678364,0.002640152429302845,0.6666666666666666,PASS
SCALE_SHIFT_8000_TO_12000,74,TAIL,-0.0890113847430818,0.005673498015866089,0.6666666666666666,PASS
SCALE_SHIFT_8000_TO_12000,75,EMP,-0.2608383118728991,0.006817376971048944,0.6666666666666666,PASS
SCALE_SHIFT_8000_TO_12000,75,EVENT-EMP,-0.2608383118728991,0.006817376971048944,0.6666666666666666,PASS
SCALE_SHIFT_8000_TO_12000,75,GEV,-0.1346214565078977,0.006655233230264978,0.6666666666666666,PASS_LMOM_FINITE_MEAN
SCALE_SHIFT_8000_TO_12000,75,KDE,-0.2115219285043167,0.0054585168003894215,0.4444444444444444,PASS
SCALE_SHIFT_8000_TO_12000,75,TAIL,-0.1420204552214649,0.020261184051823367,0.5555555555555556,PASS
SCALE_SHIFT_8000_TO_12000,76,EMP,-0.4214928426427142,0.023016054433109723,0.5555555555555556,PASS
SCALE_SHIFT_8000_TO_12000,76,EVENT-EMP,-0.4214928426427142,0.023016054433109723,0.5555555555555556,PASS
SCALE_SHIFT_8000_TO_12000,76,GEV,-0.4126477586294618,0.0223385006448789,0.5555555555555556,PASS_LMOM_FINITE_MEAN
SCALE_SHIFT_8000_TO_12000,76,KDE,-0.3955206725579151,0.02225820937407159,0.5555555555555556,PASS
SCALE_SHIFT_8000_TO_12000,76,TAIL,-0.254131087356684,0.02789958091732939,0.5555555555555556,PASS
SCALE_SHIFT_8000_TO_12000,77,EMP,-0.0056280944347564,0.0018999193638229886,0.6666666666666666,PASS
SCALE_SHIFT_8000_TO_12000,77,EVENT-EMP,-0.0056280944347564,0.0036807390226116666,0.5555555555555556,PASS
SCALE_SHIFT_8000_TO_12000,77,GEV,0.1097754920337105,0.0018999193638229886,0.6666666666666666,PASS_LMOM_FINITE_MEAN
SCALE_SHIFT_8000_TO_12000,77,KDE,0.0514460819092226,0.0018999193638229886,0.6666666666666666,PASS
SCALE_SHIFT_8000_TO_12000,77,TAIL,0.2925776736433266,0.002795976711493233,0.5555555555555556,PASS
SCALE_SHIFT_8000_TO_12000,78,EMP,-0.0634086032896637,0.005588314723491033,0.6666666666666666,PASS
SCALE_SHIFT_8000_TO_12000,78,EVENT-EMP,-0.0634086032896637,0.005588314723491033,0.6666666666666666,PASS
SCALE_SHIFT_8000_TO_12000,78,GEV,0.0599557665964657,0.006251364126560933,0.6666666666666666,PASS_LMOM_FINITE_MEAN
SCALE_SHIFT_8000_TO_12000,78,KDE,-0.0176797740789159,0.0054585168003894215,0.4444444444444444,PASS
SCALE_SHIFT_8000_TO_12000,78,TAIL,-0.0357076410850821,0.004078344181786856,0.6666666666666666,PASS
SCALE_SHIFT_8000_TO_12000,79,EMP,-0.3802713692999758,0.02882624266197608,0.5555555555555556,PASS
SCALE_SHIFT_8000_TO_12000,79,EVENT-EMP,-0.3802713692999758,0.02848058552750031,0.5555555555555556,PASS
SCALE_SHIFT_8000_TO_12000,79,GEV,-0.3362603939425089,0.03321462596898949,0.5555555555555556,PASS_LMOM_FINITE_MEAN
SCALE_SHIFT_8000_TO_12000,79,KDE,-0.3513952116199732,0.030274084491325223,0.5555555555555556,PASS
SCALE_SHIFT_8000_TO_12000,79,TAIL,-0.2403826095026353,0.030076356304297742,0.5555555555555556,PASS
SCALE_SHIFT_8000_TO_12000,80,EMP,0.1123869981526125,0.002795976711493233,0.5555555555555556,PASS
SCALE_SHIFT_8000_TO_12000,80,EVENT-EMP,0.1123869981526125,0.002795976711493233,0.5555555555555556,PASS
SCALE_SHIFT_8000_TO_12000,80,GEV,0.4285709728017536,0.002795976711493233,0.5555555555555556,PASS_LMOM_FINITE_MEAN
SCALE_SHIFT_8000_TO_12000,80,KDE,0.2096721015284535,0.002795976711493233,0.5555555555555556,PASS
SCALE_SHIFT_8000_TO_12000,80,TAIL,0.1500732814986097,0.0036807390226116666,0.5555555555555556,PASS
SCALE_SHIFT_8000_TO_12000,81,EMP,-0.2504390936776909,0.003329738243001345,0.6666666666666666,PASS
SCALE_SHIFT_8000_TO_12000,81,EVENT-EMP,-0.2504390936776909,0.0024690399232804115,0.6666666666666666,PASS
SCALE_SHIFT_8000_TO_12000,81,GEV,-0.1711748980306003,0.0032948458264993445,0.6666666666666666,PASS_LMOM_FINITE_MEAN
SCALE_SHIFT_8000_TO_12000,81,KDE,-0.203889637607444,0.0025649485736505,0.6666666666666666,PASS
SCALE_SHIFT_8000_TO_12000,81,TAIL,0.0001643640180815,0.0031036024926069,0.6666666666666666,PASS
SCALE_SHIFT_8000_TO_12000,82,EMP,-0.2098482385208216,0.0019349597293144556,0.6666666666666666,PASS
SCALE_SHIFT_8000_TO_12000,82,EVENT-EMP,-0.2098482385208216,0.001828149771586478,0.6666666666666666,PASS
SCALE_SHIFT_8000_TO_12000,82,GEV,-0.1077867484478572,0.0034694376524209997,0.6666666666666666,PASS_LMOM_FINITE_MEAN
SCALE_SHIFT_8000_TO_12000,82,KDE,-0.1677070819356266,0.0054585168003894215,0.4444444444444444,PASS
SCALE_SHIFT_8000_TO_12000,82,TAIL,-0.1356588889125634,0.004299352367844445,0.6666666666666666,PASS
SCALE_SHIFT_8000_TO_12000,83,EMP,-0.2321140620311958,0.003674568508850356,0.6666666666666666,PASS
SCALE_SHIFT_8000_TO_12000,83,EVENT-EMP,-0.2321140620311958,0.003415212417194,0.6666666666666666,PASS
SCALE_SHIFT_8000_TO_12000,83,GEV,-0.0627700838126568,0.008047260591644678,0.6666666666666666,PASS_LMOM_FINITE_MEAN
SCALE_SHIFT_8000_TO_12000,83,KDE,-0.1750619354372935,0.0054585168003894215,0.4444444444444444,PASS
SCALE_SHIFT_8000_TO_12000,83,TAIL,-0.0626591217466619,0.0064406823987510665,0.6666666666666666,PASS
SCALE_SHIFT_8000_TO_12000,84,EMP,-0.1252071891336973,0.0041872436788672005,0.6666666666666666,PASS
SCALE_SHIFT_8000_TO_12000,84,EVENT-EMP,-0.1252071891336973,0.0054585168003894215,0.4444444444444444,PASS
SCALE_SHIFT_8000_TO_12000,84,GEV,-0.021388363133374,0.0022269865139953556,0.6666666666666666,PASS_LMOM_FINITE_MEAN
SCALE_SHIFT_8000_TO_12000,84,KDE,-0.0786532271591827,0.0054585168003894215,0.4444444444444444,PASS
SCALE_SHIFT_8000_TO_12000,84,TAIL,-0.023585321615795,0.0024498721658504224,0.6666666666666666,PASS
SCALE_SHIFT_8000_TO_12000,85,EMP,-0.3850841446076857,0.031208520842041856,0.5555555555555556,PASS
SCALE_SHIFT_8000_TO_12000,85,EVENT-EMP,-0.3850841446076857,0.027467462866453934,0.5555555555555556,PASS
SCALE_SHIFT_8000_TO_12000,85,GEV,-0.3149746963229011,0.03327296004937949,0.5555555555555556,PASS_LMOM_FINITE_MEAN
SCALE_SHIFT_8000_TO_12000,85,KDE,-0.3422204057993012,0.03074098763935447,0.5555555555555556,PASS
SCALE_SHIFT_8000_TO_12000,85,TAIL,-0.2850498963445562,0.028046404864872126,0.5555555555555556,PASS
SCALE_SHIFT_8000_TO_12000,86,EMP,-0.1887364198407721,0.024526631262188278,0.5555555555555556,PASS
SCALE_SHIFT_8000_TO_12000,86,EVENT-EMP,-0.1887364198407721,0.017530057844718047,0.5555555555555556,PASS
SCALE_SHIFT_8000_TO_12000,86,GEV,-0.1176151778930435,0.007334080275203023,0.6666666666666666,PASS_LMOM_FINITE_MEAN
SCALE_SHIFT_8000_TO_12000,86,KDE,-0.1490433932942656,0.0054585168003894215,0.4444444444444444,PASS
SCALE_SHIFT_8000_TO_12000,86,TAIL,-0.0906126851053364,0.006012358849672167,0.6666666666666666,PASS
SCALE_SHIFT_8000_TO_12000,87,EMP,-0.1369292607247634,0.0014944027415544434,0.6666666666666666,PASS
SCALE_SHIFT_8000_TO_12000,87,EVENT-EMP,-0.1369292607247634,0.0014944027415544434,0.6666666666666666,PASS
SCALE_SHIFT_8000_TO_12000,87,GEV,-0.1141541924965952,0.0017161045115690334,0.6666666666666666,PASS_LMOM_FINITE_MEAN
SCALE_SHIFT_8000_TO_12000,87,KDE,-0.0924068425369356,0.0054585168003894215,0.4444444444444444,PASS
SCALE_SHIFT_8000_TO_12000,87,TAIL,0.0106463715012403,0.001828784335066478,0.6666666666666666,PASS
SCALE_SHIFT_8000_TO_12000,88,EMP,-0.0712776636767426,0.0013891159507865593,0.7777777777777778,PASS
SCALE_SHIFT_8000_TO_12000,88,EVENT-EMP,-0.0712776636767426,0.0016774776145525446,0.6666666666666666,PASS
SCALE_SHIFT_8000_TO_12000,88,GEV,-0.0627261943042792,0.0054585168003894215,0.4444444444444444,PASS_LMOM_FINITE_MEAN
SCALE_SHIFT_8000_TO_12000,88,KDE,-0.0233127438135138,0.0054585168003894215,0.4444444444444444,PASS
SCALE_SHIFT_8000_TO_12000,88,TAIL,-0.0273644775829012,0.0025643512892391442,0.6666666666666666,PASS
SCALE_SHIFT_8000_TO_12000,89,EMP,-0.2430066421410379,0.020824772138522754,0.5555555555555556,PASS
SCALE_SHIFT_8000_TO_12000,89,EVENT-EMP,-0.2430066421410379,0.020014734774652623,0.6666666666666666,PASS
SCALE_SHIFT_8000_TO_12000,89,GEV,-0.1520746968689374,0.020425758312919134,0.5555555555555556,PASS_LMOM_FINITE_MEAN
SCALE_SHIFT_8000_TO_12000,89,KDE,-0.2074794547003754,0.0044738897595797775,0.6666666666666666,PASS
SCALE_SHIFT_8000_TO_12000,89,TAIL,-0.1560031765156823,0.01846230279793752,0.5555555555555556,PASS
SCALE_SHIFT_8000_TO_12000,90,EMP,-0.1915152754907783,0.0030119212181804337,0.6666666666666666,PASS
SCALE_SHIFT_8000_TO_12000,90,EVENT-EMP,-0.1915152754907783,0.0027428058688223,0.6666666666666666,PASS
SCALE_SHIFT_8000_TO_12000,90,GEV,-0.0637843321739639,0.004952337766938399,0.6666666666666666,PASS_LMOM_FINITE_MEAN
SCALE_SHIFT_8000_TO_12000,90,KDE,-0.1356781252693514,0.0054585168003894215,0.4444444444444444,PASS
SCALE_SHIFT_8000_TO_12000,90,TAIL,0.0045367346219137,0.0028881769342918888,0.6666666666666666,PASS
SCALE_SHIFT_8000_TO_12000,91,EMP,0.2270627756158549,0.0036807390226116666,0.5555555555555556,PASS
SCALE_SHIFT_8000_TO_12000,91,EVENT-EMP,0.2270627756158549,0.0036807390226116666,0.5555555555555556,PASS
SCALE_SHIFT_8000_TO_12000,91,GEV,0.2634803762425611,0.0036807390226116666,0.5555555555555556,PASS_LMOM_FINITE_MEAN
SCALE_SHIFT_8000_TO_12000,91,KDE,0.2950493899413695,0.0036807390226116666,0.5555555555555556,PASS
SCALE_SHIFT_8000_TO_12000,91,TAIL,0.1404484310716722,0.0054585168003894215,0.4444444444444444,PASS
SCALE_SHIFT_8000_TO_12000,92,EMP,-0.3270061275653376,0.02457539188521499,0.5555555555555556,PASS
SCALE_SHIFT_8000_TO_12000,92,EVENT-EMP,-0.3270061275653376,0.01608929332068761,0.6666666666666666,PASS
SCALE_SHIFT_8000_TO_12000,92,GEV,-0.2383111982154653,0.019312836395140177,0.5555555555555556,PASS_LMOM_FINITE_MEAN
SCALE_SHIFT_8000_TO_12000,92,KDE,-0.2731446132027639,0.018218370309695312,0.5555555555555556,PASS
SCALE_SHIFT_8000_TO_12000,92,TAIL,-0.1856873120010705,0.01914231543848356,0.5555555555555556,PASS
SCALE_SHIFT_8000_TO_12000,93,EMP,-0.3382961922728308,0.03213684849635136,0.5555555555555556,PASS
SCALE_SHIFT_8000_TO_12000,93,EVENT-EMP,-0.3382961922728308,0.028373957661701723,0.5555555555555556,PASS
SCALE_SHIFT_8000_TO_12000,93,GEV,-0.2539305842697069,0.03237508444555415,0.5555555555555556,PASS_LMOM_FINITE_MEAN
SCALE_SHIFT_8000_TO_12000,93,KDE,-0.3008043451128215,0.028531711998327363,0.5555555555555556,PASS
SCALE_SHIFT_8000_TO_12000,93,TAIL,-0.2509755772287112,0.026420871518592202,0.5555555555555556,PASS
SCALE_SHIFT_8000_TO_12000,94,EMP,-0.2941406124612729,0.019858033236857798,0.6666666666666666,PASS
SCALE_SHIFT_8000_TO_12000,94,EVENT-EMP,-0.2941406124612729,0.020200940919889422,0.5555555555555556,PASS
SCALE_SHIFT_8000_TO_12000,94,GEV,-0.2255856679174456,0.01810819246216282,0.5555555555555556,PASS_LMOM_FINITE_MEAN
SCALE_SHIFT_8000_TO_12000,94,KDE,-0.2436038406210916,0.0036653164314010673,0.6666666666666666,PASS
SCALE_SHIFT_8000_TO_12000,94,TAIL,-0.182588860112889,0.022486776632280513,0.5555555555555556,PASS
SCALE_SHIFT_8000_TO_12000,95,EMP,-0.2532351428220566,0.0015398506583458778,0.6666666666666666,PASS
SCALE_SHIFT_8000_TO_12000,95,EVENT-EMP,-0.2532351428220566,0.0015161335006952236,0.6666666666666666,PASS
SCALE_SHIFT_8000_TO_12000,95,GEV,-0.1698280478277163,0.0018105697508706002,0.6666666666666666,PASS_LMOM_FINITE_MEAN
SCALE_SHIFT_8000_TO_12000,95,KDE,-0.189538844289595,0.0054585168003894215,0.4444444444444444,PASS
SCALE_SHIFT_8000_TO_12000,95,TAIL,-0.1292623145681288,0.0016778312708769112,0.6666666666666666,PASS
SCALE_SHIFT_8000_TO_12000,96,EMP,-0.1777627519311105,0.003607138259061178,0.6666666666666666,PASS
SCALE_SHIFT_8000_TO_12000,96,EVENT-EMP,-0.1777627519311105,0.0015159452822079578,0.6666666666666666,PASS
SCALE_SHIFT_8000_TO_12000,96,GEV,-0.1567480037557571,0.004704665230789467,0.6666666666666666,PASS_LMOM_FINITE_MEAN
SCALE_SHIFT_8000_TO_12000,96,KDE,-0.1357617781081864,0.0054585168003894215,0.4444444444444444,PASS
SCALE_SHIFT_8000_TO_12000,96,TAIL,0.0539110404447462,0.0054585168003894215,0.4444444444444444,PASS
SCALE_SHIFT_8000_TO_12000,97,EMP,0.5441980054205952,0.002795976711493233,0.5555555555555556,PASS
SCALE_SHIFT_8000_TO_12000,97,EVENT-EMP,0.5441980054205952,0.002795976711493233,0.5555555555555556,PASS
SCALE_SHIFT_8000_TO_12000,97,GEV,0.5490073870258169,0.002795976711493233,0.5555555555555556,PASS_LMOM_FINITE_MEAN
SCALE_SHIFT_8000_TO_12000,97,KDE,0.6337265949845684,0.002795976711493233,0.5555555555555556,PASS
SCALE_SHIFT_8000_TO_12000,97,TAIL,0.1418343599379934,0.0018999193638229886,0.6666666666666666,PASS
SCALE_SHIFT_8000_TO_12000,98,EMP,-0.0867688047613129,0.0054585168003894215,0.4444444444444444,PASS
SCALE_SHIFT_8000_TO_12000,98,EVENT-EMP,-0.0867688047613129,0.0054585168003894215,0.4444444444444444,PASS
SCALE_SHIFT_8000_TO_12000,98,GEV,0.1459349482731911,0.0054585168003894215,0.4444444444444444,PASS_LMOM_FINITE_MEAN
SCALE_SHIFT_8000_TO_12000,98,KDE,-0.0228952627885281,0.0054585168003894215,0.4444444444444444,PASS
SCALE_SHIFT_8000_TO_12000,98,TAIL,-0.0089571053659437,0.0027655355353971554,0.6666666666666666,PASS
SCALE_SHIFT_8000_TO_12000,99,EMP,-0.2462708268724393,0.018791850133722744,0.3333333333333333,PASS
SCALE_SHIFT_8000_TO_12000,99,EVENT-EMP,-0.2462708268724393,0.0030572573966925224,0.6666666666666666,PASS
SCALE_SHIFT_8000_TO_12000,99,GEV,-0.087308348086594,0.026627909168572467,0.5555555555555556,PASS_LMOM_FINITE_MEAN
SCALE_SHIFT_8000_TO_12000,99,KDE,-0.1959879167057446,0.018791850133722744,0.3333333333333333,PASS
SCALE_SHIFT_8000_TO_12000,99,TAIL,0.0818070217419384,0.0054585168003894215,0.4444444444444444,PASS
SCALE_SHIFT_8000_TO_12000,100,EMP,-0.2856029031475196,0.017534045272609846,0.5555555555555556,PASS
SCALE_SHIFT_8000_TO_12000,100,EVENT-EMP,-0.2856029031475196,0.014136468289227565,0.5555555555555556,PASS
SCALE_SHIFT_8000_TO_12000,100,GEV,-0.2844909763342921,0.017554210967076565,0.5555555555555556,PASS_LMOM_FINITE_MEAN
SCALE_SHIFT_8000_TO_12000,100,KDE,-0.2531793541882984,0.01640057888062406,0.5555555555555556,PASS
SCALE_SHIFT_8000_TO_12000,100,TAIL,-0.2569377565604807,0.017028139952238022,0.5555555555555556,PASS
SCALE_SHIFT_8000_TO_12000,101,EMP,-0.1516556979572435,0.0009268911588405887,0.7777777777777778,PASS
SCALE_SHIFT_8000_TO_12000,101,EVENT-EMP,-0.1516556979572435,0.001444003667158989,0.7777777777777778,PASS
SCALE_SHIFT_8000_TO_12000,101,GEV,-0.0459607807009576,0.0006148655638462011,0.7777777777777778,PASS_LMOM_FINITE_MEAN
SCALE_SHIFT_8000_TO_12000,101,KDE,-0.0848031870596912,0.0018999193638229886,0.6666666666666666,PASS
SCALE_SHIFT_8000_TO_12000,101,TAIL,0.1357959952143283,0.0036807390226116666,0.5555555555555556,PASS
SCALE_SHIFT_8000_TO_12000,102,EMP,-0.3144260429701281,0.020469120654666377,0.5555555555555556,PASS
SCALE_SHIFT_8000_TO_12000,102,EVENT-EMP,-0.3144260429701281,0.020469120654666377,0.5555555555555556,PASS
SCALE_SHIFT_8000_TO_12000,102,GEV,-0.2195277008354334,0.022036144459538304,0.5555555555555556,PASS_LMOM_FINITE_MEAN
SCALE_SHIFT_8000_TO_12000,102,KDE,-0.2797097811230324,0.019286648484815858,0.5555555555555556,PASS
SCALE_SHIFT_8000_TO_12000,102,TAIL,-0.1332527238990755,0.023476206068543903,0.5555555555555556,PASS
SCALE_SHIFT_8000_TO_12000,103,EMP,-0.3453734464290581,0.039438775132329094,0.5555555555555556,PASS
SCALE_SHIFT_8000_TO_12000,103,EVENT-EMP,-0.3453734464290581,0.026211374616911347,0.5555555555555556,PASS
SCALE_SHIFT_8000_TO_12000,103,GEV,-0.2231745023197614,0.035308429688960724,0.5555555555555556,PASS_LMOM_FINITE_MEAN
SCALE_SHIFT_8000_TO_12000,103,KDE,-0.2993054490762835,0.03098331285354679,0.5555555555555556,PASS
SCALE_SHIFT_8000_TO_12000,103,TAIL,-0.2117910233619617,0.026290761399404037,0.5555555555555556,PASS
SCALE_SHIFT_8000_TO_12000,104,EMP,-0.1582199352181466,0.0029627998260977114,0.6666666666666666,PASS
SCALE_SHIFT_8000_TO_12000,104,EVENT-EMP,-0.1582199352181466,0.0017702445528441778,0.6666666666666666,PASS
SCALE_SHIFT_8000_TO_12000,104,GEV,-0.0791911352456769,0.0017924068204067225,0.6666666666666666,PASS_LMOM_FINITE_MEAN
SCALE_SHIFT_8000_TO_12000,104,KDE,-0.1096090232097036,0.0054585168003894215,0.4444444444444444,PASS
SCALE_SHIFT_8000_TO_12000,104,TAIL,0.3605577826148219,0.002795976711493233,0.5555555555555556,PASS
SCALE_SHIFT_8000_TO_12000,105,EMP,-0.2025838323244027,0.017714343437849056,0.5555555555555556,PASS
SCALE_SHIFT_8000_TO_12000,105,EVENT-EMP,-0.2025838323244027,0.015603217881201744,0.5555555555555556,PASS
SCALE_SHIFT_8000_TO_12000,105,GEV,-0.2022458861609557,0.016537605068576912,0.5555555555555556,PASS_LMOM_FINITE_MEAN
SCALE_SHIFT_8000_TO_12000,105,KDE,-0.1713402693587388,0.0025827988424098444,0.6666666666666666,PASS
SCALE_SHIFT_8000_TO_12000,105,TAIL,-0.0872804107458977,0.004118913267660045,0.6666666666666666,PASS
SCALE_SHIFT_8000_TO_12000,106,EMP,-0.3343851056544185,0.02051017296208399,0.5555555555555556,PASS
SCALE_SHIFT_8000_TO_12000,106,EVENT-EMP,-0.3343851056544185,0.0171481981892699,0.5555555555555556,PASS
SCALE_SHIFT_8000_TO_12000,106,GEV,-0.2876043954096583,0.021409408858991834,0.5555555555555556,PASS_LMOM_FINITE_MEAN
SCALE_SHIFT_8000_TO_12000,106,KDE,-0.2943142406206219,0.01958037931035541,0.5555555555555556,PASS
SCALE_SHIFT_8000_TO_12000,106,TAIL,-0.0637451834059217,0.005063385622787523,0.6666666666666666,PASS
SCALE_SHIFT_8000_TO_12000,107,EMP,-0.1957175185072349,0.003977185267261412,0.6666666666666666,PASS
SCALE_SHIFT_8000_TO_12000,107,EVENT-EMP,-0.1957175185072349,0.001601121383834189,0.6666666666666666,PASS
SCALE_SHIFT_8000_TO_12000,107,GEV,-0.1300851489143522,0.0031137293134888334,0.6666666666666666,PASS_LMOM_FINITE_MEAN
SCALE_SHIFT_8000_TO_12000,107,KDE,-0.1537927342187903,0.0054585168003894215,0.4444444444444444,PASS
SCALE_SHIFT_8000_TO_12000,107,TAIL,0.0813646861813657,0.0054585168003894215,0.4444444444444444,PASS
SCALE_SHIFT_8000_TO_12000,108,EMP,0.2453082392046733,0.0054585168003894215,0.4444444444444444,PASS
SCALE_SHIFT_8000_TO_12000,108,EVENT-EMP,0.2453082392046733,0.0054585168003894215,0.4444444444444444,PASS
SCALE_SHIFT_8000_TO_12000,108,GEV,0.2782287839220739,0.0054585168003894215,0.4444444444444444,PASS_LMOM_FINITE_MEAN
SCALE_SHIFT_8000_TO_12000,108,KDE,0.3140321742529245,0.0054585168003894215,0.4444444444444444,PASS
SCALE_SHIFT_8000_TO_12000,108,TAIL,0.0264512577479484,0.0042349492738239115,0.6666666666666666,PASS
SCALE_SHIFT_8000_TO_12000,109,EMP,0.1940231673542019,0.0054585168003894215,0.4444444444444444,PASS
SCALE_SHIFT_8000_TO_12000,109,EVENT-EMP,0.1940231673542019,0.0054585168003894215,0.4444444444444444,PASS
SCALE_SHIFT_8000_TO_12000,109,GEV,0.2846316111247935,0.0054585168003894215,0.4444444444444444,PASS_LMOM_FINITE_MEAN
SCALE_SHIFT_8000_TO_12000,109,KDE,0.2606046219252085,0.0054585168003894215,0.4444444444444444,PASS
SCALE_SHIFT_8000_TO_12000,109,TAIL,-0.1036543600597064,0.0036228353183492,0.6666666666666666,PASS
SCALE_SHIFT_8000_TO_12000,110,EMP,-0.3166828157342454,0.030584437335627837,0.5555555555555556,PASS
SCALE_SHIFT_8000_TO_12000,110,EVENT-EMP,-0.3166828157342454,0.0253842291513259,0.5555555555555556,PASS
SCALE_SHIFT_8000_TO_12000,110,GEV,-0.1439437185531534,0.027452546834903103,0.5555555555555556,PASS_LMOM_FINITE_MEAN
SCALE_SHIFT_8000_TO_12000,110,KDE,-0.2554186984975374,0.02428781942516949,0.5555555555555556,PASS
SCALE_SHIFT_8000_TO_12000,110,TAIL,-0.1523380473251777,0.02255612818771536,0.5555555555555556,PASS
SCALE_SHIFT_8000_TO_12000,111,EMP,-0.1993280810335218,0.0054585168003894215,0.4444444444444444,PASS
SCALE_SHIFT_8000_TO_12000,111,EVENT-EMP,-0.1993280810335218,0.0054585168003894215,0.4444444444444444,PASS
SCALE_SHIFT_8000_TO_12000,111,GEV,0.105479831764398,0.0054585168003894215,0.4444444444444444,PASS_LMOM_FINITE_MEAN
SCALE_SHIFT_8000_TO_12000,111,KDE,-0.1048732201183252,0.0054585168003894215,0.4444444444444444,PASS
SCALE_SHIFT_8000_TO_12000,111,TAIL,0.0790038467635529,0.0054585168003894215,0.4444444444444444,PASS
SCALE_SHIFT_8000_TO_12000,112,EMP,-0.2798101634812557,0.002202264959182156,0.6666666666666666,PASS
SCALE_SHIFT_8000_TO_12000,112,EVENT-EMP,-0.2798101634812557,0.002497709511048667,0.6666666666666666,PASS
SCALE_SHIFT_8000_TO_12000,112,GEV,-0.1551367548562039,0.0029290253224733332,0.6666666666666666,PASS_LMOM_FINITE_MEAN
SCALE_SHIFT_8000_TO_12000,112,KDE,-0.2201974706284813,0.002117964421394133,0.6666666666666666,PASS
SCALE_SHIFT_8000_TO_12000,112,TAIL,-0.1107165676995993,0.0038393778958930778,0.6666666666666666,PASS
SCALE_SHIFT_8000_TO_12000,113,EMP,-0.3159408437220766,0.0193043636854509,0.5555555555555556,PASS
SCALE_SHIFT_8000_TO_12000,113,EVENT-EMP,-0.3159408437220766,0.0193043636854509,0.5555555555555556,PASS
SCALE_SHIFT_8000_TO_12000,113,GEV,-0.2158658681410023,0.017561316062708932,0.5555555555555556,PASS_LMOM_FINITE_MEAN
SCALE_SHIFT_8000_TO_12000,113,KDE,-0.2578262013966801,0.0038149355158285333,0.6666666666666666,PASS
SCALE_SHIFT_8000_TO_12000,113,TAIL,-0.0401401312056775,0.006030054417113289,0.6666666666666666,PASS
SCALE_SHIFT_8000_TO_12000,114,EMP,-0.3715115435128965,0.025265597751856692,0.5555555555555556,PASS
SCALE_SHIFT_8000_TO_12000,114,EVENT-EMP,-0.3715115435128965,0.016575119433767244,0.5555555555555556,PASS
SCALE_SHIFT_8000_TO_12000,114,GEV,-0.2913473013182758,0.021807633591746936,0.5555555555555556,PASS_LMOM_FINITE_MEAN
SCALE_SHIFT_8000_TO_12000,114,KDE,-0.3216591565252222,0.020309455058148546,0.5555555555555556,PASS
SCALE_SHIFT_8000_TO_12000,114,TAIL,-0.2464913538498266,0.02164386683292439,0.5555555555555556,PASS
SCALE_SHIFT_8000_TO_12000,115,EMP,0.0108859778474966,0.0054585168003894215,0.4444444444444444,PASS
SCALE_SHIFT_8000_TO_12000,115,EVENT-EMP,0.0108859778474966,0.0018999193638229886,0.6666666666666666,PASS
SCALE_SHIFT_8000_TO_12000,115,GEV,0.2437042842994006,0.0054585168003894215,0.4444444444444444,PASS_LMOM_FINITE_MEAN
SCALE_SHIFT_8000_TO_12000,115,KDE,0.0733774876003396,0.0054585168003894215,0.4444444444444444,PASS
SCALE_SHIFT_8000_TO_12000,115,TAIL,0.0760174329183386,0.0054585168003894215,0.4444444444444444,PASS
SCALE_SHIFT_8000_TO_12000,116,EMP,-0.2166074278604398,0.0054585168003894215,0.4444444444444444,PASS
SCALE_SHIFT_8000_TO_12000,116,EVENT-EMP,-0.2166074278604398,0.0054585168003894215,0.4444444444444444,PASS
SCALE_SHIFT_8000_TO_12000,116,GEV,-0.0335767488271895,0.0054585168003894215,0.4444444444444444,PASS_LMOM_FINITE_MEAN
SCALE_SHIFT_8000_TO_12000,116,KDE,-0.1413376117227079,0.0054585168003894215,0.4444444444444444,PASS
SCALE_SHIFT_8000_TO_12000,116,TAIL,0.0106978127450795,0.006065341163519822,0.6666666666666666,PASS
SCALE_SHIFT_8000_TO_12000,117,EMP,-0.2545385959431221,0.026758662125521603,0.5555555555555556,PASS
SCALE_SHIFT_8000_TO_12000,117,EVENT-EMP,-0.2545385959431221,0.003386782332057611,0.6666666666666666,PASS
SCALE_SHIFT_8000_TO_12000,117,GEV,-0.1074518942614783,0.02612144756424211,0.5555555555555556,PASS_LMOM_FINITE_MEAN
SCALE_SHIFT_8000_TO_12000,117,KDE,-0.2117800739193746,0.007454267327053434,0.6666666666666666,PASS
SCALE_SHIFT_8000_TO_12000,117,TAIL,-0.1065694701099622,0.0049353984973646,0.6666666666666666,PASS
SCALE_SHIFT_8000_TO_12000,118,EMP,-0.1489773335285668,0.0015631644919068,0.6666666666666666,PASS
SCALE_SHIFT_8000_TO_12000,118,EVENT-EMP,-0.1489773335285668,0.0015090634207256567,0.6666666666666666,PASS
SCALE_SHIFT_8000_TO_12000,118,GEV,-0.2096853003596752,0.001791932724504589,0.7777777777777778,PASS_LMOM_FINITE_MEAN
SCALE_SHIFT_8000_TO_12000,118,KDE,-0.1086643132533458,0.0016987660550032112,0.6666666666666666,PASS
SCALE_SHIFT_8000_TO_12000,118,TAIL,-0.0660702750096361,0.0033153240809850556,0.6666666666666666,PASS
SCALE_SHIFT_8000_TO_12000,119,EMP,-0.2306374373062553,0.004849898015541855,0.6666666666666666,PASS
SCALE_SHIFT_8000_TO_12000,119,EVENT-EMP,-0.2306374373062553,0.004849898015541855,0.6666666666666666,PASS
SCALE_SHIFT_8000_TO_12000,119,GEV,-0.1484072619886996,0.0035470678155032,0.6666666666666666,PASS_LMOM_FINITE_MEAN
SCALE_SHIFT_8000_TO_12000,119,KDE,-0.1798956158971377,0.0054585168003894215,0.4444444444444444,PASS
SCALE_SHIFT_8000_TO_12000,119,TAIL,-0.0864501974339601,0.0057840262386328785,0.6666666666666666,PASS
SCALE_SHIFT_8000_TO_12000,120,EMP,-0.3198512148420726,0.0023204417212714,0.6666666666666666,PASS
SCALE_SHIFT_8000_TO_12000,120,EVENT-EMP,-0.3198512148420726,0.0016918514487611,0.6666666666666666,PASS
SCALE_SHIFT_8000_TO_12000,120,GEV,-0.2296301197223346,0.002631602125102578,0.6666666666666666,PASS_LMOM_FINITE_MEAN
SCALE_SHIFT_8000_TO_12000,120,KDE,-0.2580627448235081,0.0022762155581096334,0.6666666666666666,PASS
SCALE_SHIFT_8000_TO_12000,120,TAIL,-0.0440504200143194,0.004475641462124123,0.6666666666666666,PASS
SCALE_SHIFT_8000_TO_12000,121,EMP,0.1439424886618811,0.0036807390226116666,0.5555555555555556,PASS
SCALE_SHIFT_8000_TO_12000,121,EVENT-EMP,0.1439424886618811,0.002795976711493233,0.5555555555555556,PASS
SCALE_SHIFT_8000_TO_12000,121,GEV,0.3552798629455158,0.0036807390226116666,0.5555555555555556,PASS_LMOM_FINITE_MEAN
SCALE_SHIFT_8000_TO_12000,121,KDE,0.2126008306301311,0.0036807390226116666,0.5555555555555556,PASS
SCALE_SHIFT_8000_TO_12000,121,TAIL,0.3006428217275627,0.002795976711493233,0.5555555555555556,PASS
SCALE_SHIFT_8000_TO_12000,122,EMP,0.0557537275729864,0.0018999193638229886,0.6666666666666666,PASS
SCALE_SHIFT_8000_TO_12000,122,EVENT-EMP,0.0557537275729864,0.002795976711493233,0.5555555555555556,PASS
SCALE_SHIFT_8000_TO_12000,122,GEV,0.4514240006039173,0.0018999193638229886,0.6666666666666666,PASS_LMOM_FINITE_MEAN
SCALE_SHIFT_8000_TO_12000,122,KDE,0.1354277880484139,0.0018999193638229886,0.6666666666666666,PASS
SCALE_SHIFT_8000_TO_12000,122,TAIL,0.5792947429631797,0.002795976711493233,0.5555555555555556,PASS
SCALE_SHIFT_8000_TO_12000,123,EMP,-0.1917334326103007,0.0016610637966997677,0.6666666666666666,PASS
SCALE_SHIFT_8000_TO_12000,123,EVENT-EMP,-0.1917334326103007,0.0022093389033985555,0.6666666666666666,PASS
SCALE_SHIFT_8000_TO_12000,123,GEV,-0.0419002396160901,0.0017044892899810557,0.6666666666666666,PASS_LMOM_FINITE_MEAN
SCALE_SHIFT_8000_TO_12000,123,KDE,-0.1292665544984045,0.0054585168003894215,0.4444444444444444,PASS
SCALE_SHIFT_8000_TO_12000,123,TAIL,0.0181908695853187,0.001239118641071,0.7777777777777778,PASS
SCALE_SHIFT_8000_TO_12000,124,EMP,0.1742295154438946,0.0054585168003894215,0.4444444444444444,PASS
SCALE_SHIFT_8000_TO_12000,124,EVENT-EMP,0.1742295154438946,0.004417313408505378,0.6666666666666666,PASS
SCALE_SHIFT_8000_TO_12000,124,GEV,0.1190945423500256,0.0054585168003894215,0.4444444444444444,PASS_LMOM_FINITE_MEAN
SCALE_SHIFT_8000_TO_12000,124,KDE,0.2359080089634438,0.0054585168003894215,0.4444444444444444,PASS
SCALE_SHIFT_8000_TO_12000,124,TAIL,-0.0820057069770374,0.0042471484179357885,0.6666666666666666,PASS
SCALE_SHIFT_8000_TO_12000,125,EMP,0.0796945259700649,0.0054585168003894215,0.4444444444444444,PASS
SCALE_SHIFT_8000_TO_12000,125,EVENT-EMP,0.0796945259700649,0.0054585168003894215,0.4444444444444444,PASS
SCALE_SHIFT_8000_TO_12000,125,GEV,0.1963620390228212,0.0054585168003894215,0.4444444444444444,PASS_LMOM_FINITE_MEAN
SCALE_SHIFT_8000_TO_12000,125,KDE,0.1384213579105508,0.0054585168003894215,0.4444444444444444,PASS
SCALE_SHIFT_8000_TO_12000,125,TAIL,0.0836536486184911,0.0054585168003894215,0.4444444444444444,PASS
SCALE_SHIFT_8000_TO_12000,126,EMP,-0.1457041497922006,0.004556872325250378,0.6666666666666666,PASS
SCALE_SHIFT_8000_TO_12000,126,EVENT-EMP,-0.1457041497922006,0.0029759713998414,0.7777777777777778,PASS
SCALE_SHIFT_8000_TO_12000,126,GEV,-0.0824373950551917,0.0047555371517104,0.6666666666666666,PASS_LMOM_FINITE_MEAN
SCALE_SHIFT_8000_TO_12000,126,KDE,-0.1048599656707077,0.0054585168003894215,0.4444444444444444,PASS
SCALE_SHIFT_8000_TO_12000,126,TAIL,-0.1678868651891831,0.0027748502608447778,0.7777777777777778,PASS
SCALE_SHIFT_8000_TO_12000,127,EMP,-0.0230143707573762,0.03861511773952003,0.5555555555555556,PASS
SCALE_SHIFT_8000_TO_12000,127,EVENT-EMP,-0.0230143707573762,0.0221788967812019,0.5555555555555556,PASS
SCALE_SHIFT_8000_TO_12000,127,GEV,0.0105990277125389,0.03931259897735742,0.5555555555555556,PASS_LMOM_FINITE_MEAN
SCALE_SHIFT_8000_TO_12000,127,KDE,0.0248268899402879,0.018791850133722744,0.3333333333333333,PASS
SCALE_SHIFT_8000_TO_12000,127,TAIL,-0.1912710589270851,0.022137076687062003,0.5555555555555556,PASS
SCALE_SHIFT_8000_TO_12000,128,EMP,-0.3172122244813229,0.02359049513396068,0.5555555555555556,PASS
SCALE_SHIFT_8000_TO_12000,128,EVENT-EMP,-0.3172122244813229,0.014557911078507978,0.5555555555555556,PASS
SCALE_SHIFT_8000_TO_12000,128,GEV,-0.3000149424256484,0.018147934216084634,0.5555555555555556,PASS_LMOM_FINITE_MEAN
SCALE_SHIFT_8000_TO_12000,128,KDE,-0.2906462648377061,0.016838465300484898,0.5555555555555556,PASS
SCALE_SHIFT_8000_TO_12000,128,TAIL,-0.2180966831410015,0.01923356821631049,0.5555555555555556,PASS
SCALE_SHIFT_8000_TO_12000,129,EMP,-0.0197710306373965,0.0054585168003894215,0.4444444444444444,PASS
SCALE_SHIFT_8000_TO_12000,129,EVENT-EMP,-0.0197710306373965,0.0054585168003894215,0.4444444444444444,PASS
SCALE_SHIFT_8000_TO_12000,129,GEV,0.0139388260019775,0.0054585168003894215,0.4444444444444444,PASS_LMOM_FINITE_MEAN
SCALE_SHIFT_8000_TO_12000,129,KDE,0.0321033216349416,0.0054585168003894215,0.4444444444444444,PASS
SCALE_SHIFT_8000_TO_12000,129,TAIL,0.0014448401006842,0.0037377185119756556,0.6666666666666666,PASS
SCALE_SHIFT_8000_TO_12000,130,EMP,0.1589506136390413,0.0054585168003894215,0.4444444444444444,PASS
SCALE_SHIFT_8000_TO_12000,130,EVENT-EMP,0.1589506136390413,0.0054585168003894215,0.4444444444444444,PASS
SCALE_SHIFT_8000_TO_12000,130,GEV,0.1936935969287931,0.0054585168003894215,0.4444444444444444,PASS_LMOM_FINITE_MEAN
SCALE_SHIFT_8000_TO_12000,130,KDE,0.219855750754065,0.0054585168003894215,0.4444444444444444,PASS
SCALE_SHIFT_8000_TO_12000,130,TAIL,0.0616012183810965,0.0054585168003894215,0.4444444444444444,PASS
SCALE_SHIFT_8000_TO_12000,131,EMP,-0.2290795899098242,0.022533617179339844,0.5555555555555556,PASS
SCALE_SHIFT_8000_TO_12000,131,EVENT-EMP,-0.2290795899098242,0.02255115049842142,0.5555555555555556,PASS
SCALE_SHIFT_8000_TO_12000,131,GEV,-0.2537543195539388,0.021310002444699935,0.5555555555555556,PASS_LMOM_FINITE_MEAN
SCALE_SHIFT_8000_TO_12000,131,KDE,-0.1948696835283935,0.019234732894893233,0.5555555555555556,PASS
SCALE_SHIFT_8000_TO_12000,131,TAIL,-0.2297048197801333,0.02571952879333621,0.5555555555555556,PASS
SCALE_SHIFT_8000_TO_12000,132,EMP,-0.3365811091798958,0.024129490313022525,0.5555555555555556,PASS
SCALE_SHIFT_8000_TO_12000,132,EVENT-EMP,-0.3365811091798958,0.02301078860019058,0.5555555555555556,PASS
SCALE_SHIFT_8000_TO_12000,132,GEV,-0.2683674075425538,0.024372937909088222,0.5555555555555556,PASS_LMOM_FINITE_MEAN
SCALE_SHIFT_8000_TO_12000,132,KDE,-0.2886398479429539,0.022938465258136913,0.5555555555555556,PASS
SCALE_SHIFT_8000_TO_12000,132,TAIL,-0.2056553017727456,0.024363031765521834,0.5555555555555556,PASS
SCALE_SHIFT_8000_TO_12000,133,EMP,0.0822008873687418,0.0054585168003894215,0.4444444444444444,PASS
SCALE_SHIFT_8000_TO_12000,133,EVENT-EMP,0.0822008873687418,0.0036807390226116666,0.5555555555555556,PASS
SCALE_SHIFT_8000_TO_12000,133,GEV,0.357965649399331,0.0054585168003894215,0.4444444444444444,PASS_LMOM_FINITE_MEAN
SCALE_SHIFT_8000_TO_12000,133,KDE,0.1498650646221852,0.0054585168003894215,0.4444444444444444,PASS
SCALE_SHIFT_8000_TO_12000,133,TAIL,0.0689591043423508,0.0054585168003894215,0.4444444444444444,PASS
SCALE_SHIFT_8000_TO_12000,134,EMP,-0.3239236993724884,0.031047435730171626,0.5555555555555556,PASS
SCALE_SHIFT_8000_TO_12000,134,EVENT-EMP,-0.3239236993724884,0.02964909037222864,0.5555555555555556,PASS
SCALE_SHIFT_8000_TO_12000,134,GEV,-0.2648477241688599,0.0311794768774141,0.5555555555555556,PASS_LMOM_FINITE_MEAN
SCALE_SHIFT_8000_TO_12000,134,KDE,-0.2970982648369782,0.028024499218548257,0.5555555555555556,PASS
SCALE_SHIFT_8000_TO_12000,134,TAIL,-0.2902069509754162,0.029140226390014314,0.5555555555555556,PASS
SCALE_SHIFT_8000_TO_12000,135,EMP,0.0939891169715906,0.0054585168003894215,0.4444444444444444,PASS
SCALE_SHIFT_8000_TO_12000,135,EVENT-EMP,0.0939891169715906,0.002795976711493233,0.5555555555555556,PASS
SCALE_SHIFT_8000_TO_12000,135,GEV,0.3585643736739777,0.0054585168003894215,0.4444444444444444,PASS_LMOM_FINITE_MEAN
SCALE_SHIFT_8000_TO_12000,135,KDE,0.1718673790093165,0.0054585168003894215,0.4444444444444444,PASS
SCALE_SHIFT_8000_TO_12000,135,TAIL,0.1242921657552477,0.0018999193638229886,0.6666666666666666,PASS
SCALE_SHIFT_8000_TO_12000,136,EMP,-0.0748814644984996,0.0191792453432986,0.5555555555555556,PASS
SCALE_SHIFT_8000_TO_12000,136,EVENT-EMP,-0.0748814644984996,0.022590562226216967,0.5555555555555556,PASS
SCALE_SHIFT_8000_TO_12000,136,GEV,-0.0851195881644761,0.006872438376662178,0.6666666666666666,PASS_LMOM_FINITE_MEAN
SCALE_SHIFT_8000_TO_12000,136,KDE,-0.0327647357440983,0.004051784109452644,0.6666666666666666,PASS
SCALE_SHIFT_8000_TO_12000,136,TAIL,-0.1663835261010064,0.021832212431065645,0.5555555555555556,PASS
SCALE_SHIFT_8000_TO_12000,137,EMP,-0.1912372919798667,0.016666792903854068,0.6666666666666666,PASS
SCALE_SHIFT_8000_TO_12000,137,EVENT-EMP,-0.1912372919798667,0.0032600681839286888,0.6666666666666666,PASS
SCALE_SHIFT_8000_TO_12000,137,GEV,-0.1581748178979964,0.0044677500219297665,0.6666666666666666,PASS_LMOM_FINITE_MEAN
SCALE_SHIFT_8000_TO_12000,137,KDE,-0.1560287767852692,0.0029393568424002777,0.6666666666666666,PASS
SCALE_SHIFT_8000_TO_12000,137,TAIL,0.04645558978931,0.0054585168003894215,0.4444444444444444,PASS
SCALE_SHIFT_8000_TO_12000,138,EMP,0.0581241376380148,0.0018999193638229886,0.6666666666666666,PASS
SCALE_SHIFT_8000_TO_12000,138,EVENT-EMP,0.0581241376380148,0.0018999193638229886,0.6666666666666666,PASS
SCALE_SHIFT_8000_TO_12000,138,GEV,0.3534992045458625,0.0018999193638229886,0.6666666666666666,PASS_LMOM_FINITE_MEAN
SCALE_SHIFT_8000_TO_12000,138,KDE,0.123383574192458,0.0018999193638229886,0.6666666666666666,PASS
SCALE_SHIFT_8000_TO_12000,138,TAIL,0.0841308028128528,0.0054585168003894215,0.4444444444444444,PASS
SCALE_SHIFT_8000_TO_12000,139,EMP,-0.1808675938233077,0.0054585168003894215,0.4444444444444444,PASS
SCALE_SHIFT_8000_TO_12000,139,EVENT-EMP,-0.1808675938233077,0.005440662587008855,0.6666666666666666,PASS
SCALE_SHIFT_8000_TO_12000,139,GEV,-0.0820869630575943,0.0054585168003894215,0.4444444444444444,PASS_LMOM_FINITE_MEAN
SCALE_SHIFT_8000_TO_12000,139,KDE,-0.1306489679292233,0.0054585168003894215,0.4444444444444444,PASS
SCALE_SHIFT_8000_TO_12000,139,TAIL,-0.0104667895534919,0.004992164189293845,0.6666666666666666,PASS
SCALE_SHIFT_8000_TO_12000,140,EMP,0.0761135092363051,0.0159314700663339,0.6666666666666666,PASS
SCALE_SHIFT_8000_TO_12000,140,EVENT-EMP,0.0761135092363051,0.009688601662036046,0.6666666666666666,PASS
SCALE_SHIFT_8000_TO_12000,140,GEV,0.1799365141702142,0.0054585168003894215,0.4444444444444444,PASS_LMOM_FINITE_MEAN
SCALE_SHIFT_8000_TO_12000,140,KDE,0.1338660354671189,0.0054585168003894215,0.4444444444444444,PASS
SCALE_SHIFT_8000_TO_12000,140,TAIL,-0.1156455581890052,0.021383423533999957,0.5555555555555556,PASS
SCALE_SHIFT_8000_TO_12000,141,EMP,0.3165419578443264,0.0054585168003894215,0.4444444444444444,PASS
SCALE_SHIFT_8000_TO_12000,141,EVENT-EMP,0.3165419578443264,0.0054585168003894215,0.4444444444444444,PASS
SCALE_SHIFT_8000_TO_12000,141,GEV,0.3111872502952674,0.0054585168003894215,0.4444444444444444,PASS_LMOM_FINITE_MEAN
SCALE_SHIFT_8000_TO_12000,141,KDE,0.3886061757871208,0.0054585168003894215,0.4444444444444444,PASS
SCALE_SHIFT_8000_TO_12000,141,TAIL,-0.1268514874104588,0.003612436356186111,0.6666666666666666,PASS
SCALE_SHIFT_8000_TO_12000,142,EMP,-0.3038489243622357,0.032337695744359164,0.5555555555555556,PASS
SCALE_SHIFT_8000_TO_12000,142,EVENT-EMP,-0.3038489243622357,0.019843867431494223,0.6666666666666666,PASS
SCALE_SHIFT_8000_TO_12000,142,GEV,-0.2077121402062326,0.0266972257598888,0.5555555555555556,PASS_LMOM_FINITE_MEAN
SCALE_SHIFT_8000_TO_12000,142,KDE,-0.2642280481739641,0.023957550105639824,0.5555555555555556,PASS
SCALE_SHIFT_8000_TO_12000,142,TAIL,-0.1246849657913772,0.004812227484252834,0.6666666666666666,PASS
SCALE_SHIFT_8000_TO_12000,143,EMP,-0.331092537010817,0.02876961620653523,0.5555555555555556,PASS
SCALE_SHIFT_8000_TO_12000,143,EVENT-EMP,-0.331092537010817,0.023475275621099093,0.5555555555555556,PASS
SCALE_SHIFT_8000_TO_12000,143,GEV,-0.2706570025482482,0.024024107260234937,0.5555555555555556,PASS_LMOM_FINITE_MEAN
SCALE_SHIFT_8000_TO_12000,143,KDE,-0.2966386290476621,0.022440144577124746,0.5555555555555556,PASS
SCALE_SHIFT_8000_TO_12000,143,TAIL,-0.1610653516821528,0.025262673155346745,0.5555555555555556,PASS
SCALE_SHIFT_8000_TO_12000,144,EMP,-0.226723954867951,0.018791850133722744,0.3333333333333333,PASS
SCALE_SHIFT_8000_TO_12000,144,EVENT-EMP,-0.226723954867951,0.0047786512145168445,0.6666666666666666,PASS
SCALE_SHIFT_8000_TO_12000,144,GEV,-0.0189027744982349,0.018791850133722744,0.3333333333333333,PASS_LMOM_FINITE_MEAN
SCALE_SHIFT_8000_TO_12000,144,KDE,-0.1616602289711574,0.018791850133722744,0.3333333333333333,PASS
SCALE_SHIFT_8000_TO_12000,144,TAIL,-0.1182427204797587,0.02152065508554219,0.5555555555555556,PASS
SCALE_SHIFT_8000_TO_12000,145,EMP,-0.2938891450289194,0.004413216401046233,0.7777777777777778,PASS
SCALE_SHIFT_8000_TO_12000,145,EVENT-EMP,-0.2938891450289194,0.001493645139407714,0.6666666666666666,PASS
SCALE_SHIFT_8000_TO_12000,145,GEV,-0.2126623652317641,0.0030214241447081335,0.6666666666666666,PASS_LMOM_FINITE_MEAN
SCALE_SHIFT_8000_TO_12000,145,KDE,-0.2462947572939249,0.002198593016808378,0.6666666666666666,PASS
SCALE_SHIFT_8000_TO_12000,145,TAIL,0.0348119523982131,0.0054585168003894215,0.4444444444444444,PASS
SCALE_SHIFT_8000_TO_12000,146,EMP,-0.1950575075723353,0.0054585168003894215,0.4444444444444444,PASS
SCALE_SHIFT_8000_TO_12000,146,EVENT-EMP,-0.1950575075723353,0.002198178602851322,0.6666666666666666,PASS
SCALE_SHIFT_8000_TO_12000,146,GEV,0.0146027176816796,0.0054585168003894215,0.4444444444444444,PASS_LMOM_FINITE_MEAN
SCALE_SHIFT_8000_TO_12000,146,KDE,-0.1283015358445292,0.0054585168003894215,0.4444444444444444,PASS
SCALE_SHIFT_8000_TO_12000,146,TAIL,-0.0561572642446412,0.0051991592311509335,0.6666666666666666,PASS
SCALE_SHIFT_8000_TO_12000,147,EMP,-0.210806624394537,0.022228215196333237,0.5555555555555556,PASS
SCALE_SHIFT_8000_TO_12000,147,EVENT-EMP,-0.210806624394537,0.022228215196333237,0.5555555555555556,PASS
SCALE_SHIFT_8000_TO_12000,147,GEV,-0.2023090586152781,0.023066562756436836,0.5555555555555556,PASS_LMOM_FINITE_MEAN
SCALE_SHIFT_8000_TO_12000,147,KDE,-0.1781196630099102,0.019035214644315044,0.5555555555555556,PASS
SCALE_SHIFT_8000_TO_12000,147,TAIL,-0.2186978170582378,0.020472333335201567,0.5555555555555556,PASS
SCALE_SHIFT_8000_TO_12000,148,EMP,0.1099469240356894,0.002795976711493233,0.5555555555555556,PASS
SCALE_SHIFT_8000_TO_12000,148,EVENT-EMP,0.1099469240356894,0.002795976711493233,0.5555555555555556,PASS
SCALE_SHIFT_8000_TO_12000,148,GEV,0.4843681340770487,0.002795976711493233,0.5555555555555556,PASS_LMOM_FINITE_MEAN
SCALE_SHIFT_8000_TO_12000,148,KDE,0.2030853662177767,0.002795976711493233,0.5555555555555556,PASS
SCALE_SHIFT_8000_TO_12000,148,TAIL,0.3719596584090665,0.002795976711493233,0.5555555555555556,PASS
SCALE_SHIFT_8000_TO_12000,149,EMP,-0.0881895596723896,0.03253012880333708,0.5555555555555556,PASS
SCALE_SHIFT_8000_TO_12000,149,EVENT-EMP,-0.0881895596723896,0.035756503561455155,0.5555555555555556,PASS
SCALE_SHIFT_8000_TO_12000,149,GEV,-0.116493169192991,0.0412717890482958,0.5555555555555556,PASS_LMOM_FINITE_MEAN
SCALE_SHIFT_8000_TO_12000,149,KDE,-0.0473259597673938,0.03169471062352674,0.5555555555555556,PASS
SCALE_SHIFT_8000_TO_12000,149,TAIL,-0.2823860862144086,0.030933396620657368,0.5555555555555556,PASS
SCALE_SHIFT_8000_TO_12000,150,EMP,-0.2262447973888493,0.02206113059098251,0.5555555555555556,PASS
SCALE_SHIFT_8000_TO_12000,150,EVENT-EMP,-0.2262447973888493,0.020705739629945756,0.5555555555555556,PASS
SCALE_SHIFT_8000_TO_12000,150,GEV,-0.1108235223738007,0.02198001684886887,0.5555555555555556,PASS_LMOM_FINITE_MEAN
SCALE_SHIFT_8000_TO_12000,150,KDE,-0.1873482683755449,0.0054585168003894215,0.4444444444444444,PASS
SCALE_SHIFT_8000_TO_12000,150,TAIL,-0.0965623144226106,0.007605603657733533,0.6666666666666666,PASS
SCALE_SHIFT_8000_TO_12000,151,EMP,-0.3482299522154597,0.033213907711432025,0.5555555555555556,PASS
SCALE_SHIFT_8000_TO_12000,151,EVENT-EMP,-0.3482299522154597,0.026754506355852123,0.5555555555555556,PASS
SCALE_SHIFT_8000_TO_12000,151,GEV,-0.2386989065662042,0.0326195995114803,0.5555555555555556,PASS_LMOM_FINITE_MEAN
SCALE_SHIFT_8000_TO_12000,151,KDE,-0.3050088021856704,0.029056787438983503,0.5555555555555556,PASS
SCALE_SHIFT_8000_TO_12000,151,TAIL,-0.2535620459906008,0.027013847421742867,0.5555555555555556,PASS
SCALE_SHIFT_8000_TO_12000,152,EMP,-0.2696637423616514,0.02031265414507269,0.5555555555555556,PASS
SCALE_SHIFT_8000_TO_12000,152,EVENT-EMP,-0.2696637423616514,0.013897752491433222,0.5555555555555556,PASS
SCALE_SHIFT_8000_TO_12000,152,GEV,-0.2176957318068789,0.019330285598986346,0.5555555555555556,PASS_LMOM_FINITE_MEAN
SCALE_SHIFT_8000_TO_12000,152,KDE,-0.2119282154342618,0.0043753419134728,0.6666666666666666,PASS
SCALE_SHIFT_8000_TO_12000,152,TAIL,0.0680803367683405,0.0054585168003894215,0.4444444444444444,PASS
SCALE_SHIFT_8000_TO_12000,153,EMP,-0.2659076363896094,0.0054585168003894215,0.4444444444444444,PASS
SCALE_SHIFT_8000_TO_12000,153,EVENT-EMP,-0.2659076363896094,0.003291925385466278,0.6666666666666666,PASS
SCALE_SHIFT_8000_TO_12000,153,GEV,-0.1381205626925878,0.0028264634715993004,0.6666666666666666,PASS_LMOM_FINITE_MEAN
SCALE_SHIFT_8000_TO_12000,153,KDE,-0.2040498290721076,0.0054585168003894215,0.4444444444444444,PASS
SCALE_SHIFT_8000_TO_12000,153,TAIL,0.0086643126206988,0.0038404969823391225,0.6666666666666666,PASS
SCALE_SHIFT_8000_TO_12000,154,EMP,-0.2389491721487168,0.0030265649049616337,0.6666666666666666,PASS
SCALE_SHIFT_8000_TO_12000,154,EVENT-EMP,-0.2389491721487168,0.003932623146777089,0.6666666666666666,PASS
SCALE_SHIFT_8000_TO_12000,154,GEV,-0.1207331818659875,0.0034290853040548335,0.6666666666666666,PASS_LMOM_FINITE_MEAN
SCALE_SHIFT_8000_TO_12000,154,KDE,-0.1859284038950966,0.0022088953307533446,0.6666666666666666,PASS
SCALE_SHIFT_8000_TO_12000,154,TAIL,0.0199250097473875,0.0048903162183972886,0.6666666666666666,PASS
SCALE_SHIFT_8000_TO_12000,155,EMP,-0.1734559508279612,0.03440167840915483,0.5555555555555556,PASS
SCALE_SHIFT_8000_TO_12000,155,EVENT-EMP,-0.1734559508279612,0.019822596679221535,0.5555555555555556,PASS
SCALE_SHIFT_8000_TO_12000,155,GEV,-0.0019664121001195,0.03284089735645276,0.5555555555555556,PASS_LMOM_FINITE_MEAN
SCALE_SHIFT_8000_TO_12000,155,KDE,-0.1300997475616019,0.0054585168003894215,0.4444444444444444,PASS
SCALE_SHIFT_8000_TO_12000,155,TAIL,-0.0609664664933775,0.0058150716687467114,0.6666666666666666,PASS
SCALE_SHIFT_8000_TO_12000,156,EMP,-0.2906374717115595,0.005046949115100289,0.6666666666666666,PASS
SCALE_SHIFT_8000_TO_12000,156,EVENT-EMP,-0.2906374717115595,0.0017010111674643222,0.6666666666666666,PASS
SCALE_SHIFT_8000_TO_12000,156,GEV,-0.1526104064142328,0.002126926352050622,0.6666666666666666,PASS_LMOM_FINITE_MEAN
SCALE_SHIFT_8000_TO_12000,156,KDE,-0.2349626661994297,0.001832990633758789,0.6666666666666666,PASS
SCALE_SHIFT_8000_TO_12000,156,TAIL,-0.0851552105291986,0.004553942002848722,0.6666666666666666,PASS
SCALE_SHIFT_8000_TO_12000,157,EMP,-0.2617174934326212,0.0054585168003894215,0.4444444444444444,PASS
SCALE_SHIFT_8000_TO_12000,157,EVENT-EMP,-0.2617174934326212,0.0024139654085157778,0.6666666666666666,PASS
SCALE_SHIFT_8000_TO_12000,157,GEV,-0.1297709154221623,0.0054585168003894215,0.4444444444444444,PASS_LMOM_FINITE_MEAN
SCALE_SHIFT_8000_TO_12000,157,KDE,-0.1950882121111378,0.0054585168003894215,0.4444444444444444,PASS
SCALE_SHIFT_8000_TO_12000,157,TAIL,-0.1001202505177086,0.003094680145470633,0.6666666666666666,PASS
SCALE_SHIFT_8000_TO_12000,158,EMP,-0.3149098565026466,0.015691600737451253,0.6666666666666666,PASS
SCALE_SHIFT_8000_TO_12000,158,EVENT-EMP,-0.3149098565026466,0.016944177330078112,0.6666666666666666,PASS
SCALE_SHIFT_8000_TO_12000,158,GEV,-0.2648342804504183,0.016316516541378737,0.6666666666666666,PASS_LMOM_FINITE_MEAN
SCALE_SHIFT_8000_TO_12000,158,KDE,-0.2654921007735971,0.0032447786930459447,0.6666666666666666,PASS
SCALE_SHIFT_8000_TO_12000,158,TAIL,-0.0431448389632557,0.004591735925955967,0.6666666666666666,PASS
SCALE_SHIFT_8000_TO_12000,159,EMP,-0.3127699252382727,0.020965868046338643,0.6666666666666666,PASS
SCALE_SHIFT_8000_TO_12000,159,EVENT-EMP,-0.3127699252382727,0.017390415519983556,0.6666666666666666,PASS
SCALE_SHIFT_8000_TO_12000,159,GEV,-0.3147585837404681,0.021267447636338768,0.6666666666666666,PASS_LMOM_FINITE_MEAN
SCALE_SHIFT_8000_TO_12000,159,KDE,-0.2882213379516057,0.01993758567878872,0.5555555555555556,PASS
SCALE_SHIFT_8000_TO_12000,159,TAIL,-0.2261710424982165,0.020905221513140712,0.5555555555555556,PASS
SCALE_SHIFT_8000_TO_12000,160,EMP,-0.3338885566102876,0.017999786993580066,0.5555555555555556,PASS
SCALE_SHIFT_8000_TO_12000,160,EVENT-EMP,-0.3338885566102876,0.01786214655826439,0.5555555555555556,PASS
SCALE_SHIFT_8000_TO_12000,160,GEV,-0.2938108818451629,0.014632015755218778,0.5555555555555556,PASS_LMOM_FINITE_MEAN
SCALE_SHIFT_8000_TO_12000,160,KDE,-0.2717850254594203,0.0024489641328308332,0.6666666666666666,PASS
SCALE_SHIFT_8000_TO_12000,160,TAIL,-0.0967555215114983,0.0034562314049911887,0.6666666666666666,PASS
SCALE_SHIFT_8000_TO_12000,161,EMP,0.0060612927875511,0.0027600140936739556,0.6666666666666666,PASS
SCALE_SHIFT_8000_TO_12000,161,EVENT-EMP,0.0060612927875511,0.0054585168003894215,0.4444444444444444,PASS
SCALE_SHIFT_8000_TO_12000,161,GEV,0.0494352459231628,0.0054585168003894215,0.4444444444444444,PASS_LMOM_FINITE_MEAN
SCALE_SHIFT_8000_TO_12000,161,KDE,0.0584041198967839,0.0054585168003894215,0.4444444444444444,PASS
SCALE_SHIFT_8000_TO_12000,161,TAIL,-0.026805022948865,0.0030449783000568668,0.6666666666666666,PASS
SCALE_SHIFT_8000_TO_12000,162,EMP,-0.185966401264486,0.004796512259265234,0.6666666666666666,PASS
SCALE_SHIFT_8000_TO_12000,162,EVENT-EMP,-0.185966401264486,0.003604383948572811,0.6666666666666666,PASS
SCALE_SHIFT_8000_TO_12000,162,GEV,-0.1023877752454222,0.004908559647293678,0.6666666666666666,PASS_LMOM_FINITE_MEAN
SCALE_SHIFT_8000_TO_12000,162,KDE,-0.1448115124255956,0.0054585168003894215,0.4444444444444444,PASS
SCALE_SHIFT_8000_TO_12000,162,TAIL,-0.1697643474928843,0.003820337400485511,0.6666666666666666,PASS
SCALE_SHIFT_8000_TO_12000,163,EMP,0.1368051693392151,0.002795976711493233,0.5555555555555556,PASS
SCALE_SHIFT_8000_TO_12000,163,EVENT-EMP,0.1368051693392151,0.002795976711493233,0.5555555555555556,PASS
SCALE_SHIFT_8000_TO_12000,163,GEV,0.5645957490531619,0.0018999193638229886,0.6666666666666666,PASS_LMOM_FINITE_MEAN
SCALE_SHIFT_8000_TO_12000,163,KDE,0.2362654772862438,0.002795976711493233,0.5555555555555556,PASS
SCALE_SHIFT_8000_TO_12000,163,TAIL,0.2198981109762691,0.002795976711493233,0.5555555555555556,PASS
SCALE_SHIFT_8000_TO_12000,164,EMP,-0.2645201591975182,0.03024350158413967,0.5555555555555556,PASS
SCALE_SHIFT_8000_TO_12000,164,EVENT-EMP,-0.2645201591975182,0.029043429479899623,0.5555555555555556,PASS
SCALE_SHIFT_8000_TO_12000,164,GEV,-0.1401149751442997,0.023180821515074834,0.5555555555555556,PASS_LMOM_FINITE_MEAN
SCALE_SHIFT_8000_TO_12000,164,KDE,-0.2224999211428554,0.0054585168003894215,0.4444444444444444,PASS
SCALE_SHIFT_8000_TO_12000,164,TAIL,-0.2398263729266013,0.021400099788032548,0.5555555555555556,PASS
SCALE_SHIFT_8000_TO_12000,165,EMP,0.4254327748838679,0.0018999193638229886,0.6666666666666666,PASS
SCALE_SHIFT_8000_TO_12000,165,EVENT-EMP,0.4254327748838679,0.0036807390226116666,0.5555555555555556,PASS
SCALE_SHIFT_8000_TO_12000,165,GEV,0.4123085254859407,0.0018999193638229886,0.6666666666666666,PASS_LMOM_FINITE_MEAN
SCALE_SHIFT_8000_TO_12000,165,KDE,0.5062365236230576,0.0018999193638229886,0.6666666666666666,PASS
SCALE_SHIFT_8000_TO_12000,165,TAIL,0.1641263889094235,0.0054585168003894215,0.4444444444444444,PASS
SCALE_SHIFT_8000_TO_12000,166,EMP,-0.2845761741434035,0.028605213222341466,0.5555555555555556,PASS
SCALE_SHIFT_8000_TO_12000,166,EVENT-EMP,-0.2845761741434035,0.006439719447019,0.6666666666666666,PASS
SCALE_SHIFT_8000_TO_12000,166,GEV,-0.1296125278840714,0.022955905761156012,0.5555555555555556,PASS_LMOM_FINITE_MEAN
SCALE_SHIFT_8000_TO_12000,166,KDE,-0.2304053507659801,0.006459464789398711,0.6666666666666666,PASS
SCALE_SHIFT_8000_TO_12000,166,TAIL,-0.1135533410122874,0.004521648651104423,0.6666666666666666,PASS
SCALE_SHIFT_8000_TO_12000,167,EMP,-0.0547030860638325,0.0054585168003894215,0.4444444444444444,PASS
SCALE_SHIFT_8000_TO_12000,167,EVENT-EMP,-0.0547030860638325,0.002030770745702722,0.6666666666666666,PASS
SCALE_SHIFT_8000_TO_12000,167,GEV,0.0530817080496938,0.0054585168003894215,0.4444444444444444,PASS_LMOM_FINITE_MEAN
SCALE_SHIFT_8000_TO_12000,167,KDE,-0.0038326875846316,0.0054585168003894215,0.4444444444444444,PASS
SCALE_SHIFT_8000_TO_12000,167,TAIL,0.0081723172717961,0.0036933824946329776,0.6666666666666666,PASS
SCALE_SHIFT_8000_TO_12000,168,EMP,-0.1325950178393248,0.007378859699597455,0.6666666666666666,PASS
SCALE_SHIFT_8000_TO_12000,168,EVENT-EMP,-0.1325950178393248,0.002967209054408078,0.6666666666666666,PASS
SCALE_SHIFT_8000_TO_12000,168,GEV,0.0354541005795982,0.0030152670953268114,0.6666666666666666,PASS_LMOM_FINITE_MEAN
SCALE_SHIFT_8000_TO_12000,168,KDE,-0.084118471734994,0.0054585168003894215,0.4444444444444444,PASS
SCALE_SHIFT_8000_TO_12000,168,TAIL,0.1516543850561257,0.0054585168003894215,0.4444444444444444,PASS
SCALE_SHIFT_8000_TO_12000,169,EMP,-0.3090604000716287,0.02607929489915278,0.5555555555555556,PASS
SCALE_SHIFT_8000_TO_12000,169,EVENT-EMP,-0.3090604000716287,0.0152980901352069,0.5555555555555556,PASS
SCALE_SHIFT_8000_TO_12000,169,GEV,-0.1981094006587427,0.025156079655705793,0.5555555555555556,PASS_LMOM_FINITE_MEAN
SCALE_SHIFT_8000_TO_12000,169,KDE,-0.258642212936785,0.021825630473913792,0.5555555555555556,PASS
SCALE_SHIFT_8000_TO_12000,169,TAIL,-0.1561521272256759,0.019215110670530156,0.5555555555555556,PASS
SCALE_SHIFT_8000_TO_12000,170,EMP,-0.2087693376053048,0.0037985847116834004,0.6666666666666666,PASS
SCALE_SHIFT_8000_TO_12000,170,EVENT-EMP,-0.2087693376053048,0.004971566127201156,0.6666666666666666,PASS
SCALE_SHIFT_8000_TO_12000,170,GEV,-0.1027578278675404,0.0041755744156417775,0.6666666666666666,PASS_LMOM_FINITE_MEAN
SCALE_SHIFT_8000_TO_12000,170,KDE,-0.1387041752038527,0.0054585168003894215,0.4444444444444444,PASS
SCALE_SHIFT_8000_TO_12000,170,TAIL,-0.0944684471981195,0.006876083580523345,0.6666666666666666,PASS
SCALE_SHIFT_8000_TO_12000,171,EMP,-0.2027180168683753,0.004881754087028589,0.6666666666666666,PASS
SCALE_SHIFT_8000_TO_12000,171,EVENT-EMP,-0.2027180168683753,0.0031246534105488556,0.6666666666666666,PASS
SCALE_SHIFT_8000_TO_12000,171,GEV,-0.0701841306371459,0.0022411976936023113,0.7777777777777778,PASS_LMOM_FINITE_MEAN
SCALE_SHIFT_8000_TO_12000,171,KDE,-0.1612989706129026,0.0054585168003894215,0.4444444444444444,PASS
SCALE_SHIFT_8000_TO_12000,171,TAIL,-0.0749577194939205,0.0026139161451427893,0.6666666666666666,PASS
SCALE_SHIFT_8000_TO_12000,172,EMP,-0.2783789644585368,0.005719329562491611,0.6666666666666666,PASS
SCALE_SHIFT_8000_TO_12000,172,EVENT-EMP,-0.2783789644585368,0.0025778374846358,0.7777777777777778,PASS
SCALE_SHIFT_8000_TO_12000,172,GEV,-0.1595276517863395,0.002252799165455922,0.6666666666666666,PASS_LMOM_FINITE_MEAN
SCALE_SHIFT_8000_TO_12000,172,KDE,-0.2055032251230617,0.0054585168003894215,0.4444444444444444,PASS
SCALE_SHIFT_8000_TO_12000,172,TAIL,0.0043975153010465,0.0054585168003894215,0.4444444444444444,PASS
SCALE_SHIFT_8000_TO_12000,173,EMP,-0.0385591680733571,0.0036807390226116666,0.5555555555555556,PASS
SCALE_SHIFT_8000_TO_12000,173,EVENT-EMP,-0.0385591680733571,0.0054585168003894215,0.4444444444444444,PASS
SCALE_SHIFT_8000_TO_12000,173,GEV,0.2260052934020809,0.0036807390226116666,0.5555555555555556,PASS_LMOM_FINITE_MEAN
SCALE_SHIFT_8000_TO_12000,173,KDE,0.0471787744996413,0.0036807390226116666,0.5555555555555556,PASS
SCALE_SHIFT_8000_TO_12000,173,TAIL,0.170238171892347,0.0054585168003894215,0.4444444444444444,PASS
SCALE_SHIFT_8000_TO_12000,174,EMP,-0.3613318749695087,0.01799422711530779,0.5555555555555556,PASS
SCALE_SHIFT_8000_TO_12000,174,EVENT-EMP,-0.3613318749695087,0.016297810507952544,0.5555555555555556,PASS
SCALE_SHIFT_8000_TO_12000,174,GEV,-0.3223452765333556,0.020817723325371667,0.5555555555555556,PASS_LMOM_FINITE_MEAN
SCALE_SHIFT_8000_TO_12000,174,KDE,-0.3198075880886121,0.019171449078181687,0.5555555555555556,PASS
SCALE_SHIFT_8000_TO_12000,174,TAIL,-0.1393213149206882,0.020661963458477657,0.5555555555555556,PASS
SCALE_SHIFT_8000_TO_12000,175,EMP,-0.0669863014881415,0.0054585168003894215,0.4444444444444444,PASS
SCALE_SHIFT_8000_TO_12000,175,EVENT-EMP,-0.0669863014881415,0.014121924811860889,0.6666666666666666,PASS
SCALE_SHIFT_8000_TO_12000,175,GEV,0.0922247598572825,0.0054585168003894215,0.4444444444444444,PASS_LMOM_FINITE_MEAN
SCALE_SHIFT_8000_TO_12000,175,KDE,-0.0177738201270082,0.0054585168003894215,0.4444444444444444,PASS
SCALE_SHIFT_8000_TO_12000,175,TAIL,-0.1937020148413956,0.024550434170622457,0.5555555555555556,PASS
SCALE_SHIFT_8000_TO_12000,176,EMP,-0.3202174207088643,0.0302436093104135,0.5555555555555556,PASS
SCALE_SHIFT_8000_TO_12000,176,EVENT-EMP,-0.3202174207088643,0.015979593650877925,0.5555555555555556,PASS
SCALE_SHIFT_8000_TO_12000,176,GEV,-0.1699580094117777,0.02280076115213078,0.5555555555555556,PASS_LMOM_FINITE_MEAN
SCALE_SHIFT_8000_TO_12000,176,KDE,-0.2514878776732028,0.006018283804776289,0.6666666666666666,PASS
SCALE_SHIFT_8000_TO_12000,176,TAIL,-0.0432486764594811,0.007815317486293267,0.6666666666666666,PASS
SCALE_SHIFT_8000_TO_12000,177,EMP,0.2626110061771317,0.0054585168003894215,0.4444444444444444,PASS
SCALE_SHIFT_8000_TO_12000,177,EVENT-EMP,0.2626110061771317,0.0054585168003894215,0.4444444444444444,PASS
SCALE_SHIFT_8000_TO_12000,177,GEV,0.2570685548455113,0.0054585168003894215,0.4444444444444444,PASS_LMOM_FINITE_MEAN
SCALE_SHIFT_8000_TO_12000,177,KDE,0.3323733494885958,0.0054585168003894215,0.4444444444444444,PASS
SCALE_SHIFT_8000_TO_12000,177,TAIL,-0.1222175776016688,0.006450276597833044,0.6666666666666666,PASS
SCALE_SHIFT_8000_TO_12000,178,EMP,-0.3529908869830511,0.031042001527377367,0.5555555555555556,PASS
SCALE_SHIFT_8000_TO_12000,178,EVENT-EMP,-0.3529908869830511,0.019055743057011056,0.6666666666666666,PASS
SCALE_SHIFT_8000_TO_12000,178,GEV,-0.2666017092213256,0.025460075622318536,0.5555555555555556,PASS_LMOM_FINITE_MEAN
SCALE_SHIFT_8000_TO_12000,178,KDE,-0.3134894991611879,0.023200180070165468,0.5555555555555556,PASS
SCALE_SHIFT_8000_TO_12000,178,TAIL,-0.2259039346694554,0.023435037888418688,0.5555555555555556,PASS
SCALE_SHIFT_8000_TO_12000,179,EMP,-0.2020163546759801,0.03023984569612317,0.5555555555555556,PASS
SCALE_SHIFT_8000_TO_12000,179,EVENT-EMP,-0.2020163546759801,0.025361445118478147,0.5555555555555556,PASS
SCALE_SHIFT_8000_TO_12000,179,GEV,-0.0513669282265125,0.028388852373392053,0.5555555555555556,PASS_LMOM_FINITE_MEAN
SCALE_SHIFT_8000_TO_12000,179,KDE,-0.1537256208029796,0.0054585168003894215,0.4444444444444444,PASS
SCALE_SHIFT_8000_TO_12000,179,TAIL,-0.150802042213845,0.02369338971830216,0.5555555555555556,PASS
SCALE_SHIFT_8000_TO_12000,180,EMP,-0.0888787256377506,0.04067701411509778,0.5555555555555556,PASS
SCALE_SHIFT_8000_TO_12000,180,EVENT-EMP,-0.0888787256377506,0.022458820315378953,0.5555555555555556,PASS
SCALE_SHIFT_8000_TO_12000,180,GEV,-0.0204281205064145,0.030460914260246424,0.5555555555555556,PASS_LMOM_FINITE_MEAN
SCALE_SHIFT_8000_TO_12000,180,KDE,-0.0435065995101629,0.018791850133722744,0.3333333333333333,PASS
SCALE_SHIFT_8000_TO_12000,180,TAIL,-0.0323984261301875,0.008534951353154045,0.6666666666666666,PASS
SCALE_SHIFT_8000_TO_12000,181,EMP,-0.233681653430265,0.015924709557455053,0.6666666666666666,PASS
SCALE_SHIFT_8000_TO_12000,181,EVENT-EMP,-0.233681653430265,0.0022924934685707777,0.6666666666666666,PASS
SCALE_SHIFT_8000_TO_12000,181,GEV,-0.1942010161981119,0.004088079242595878,0.6666666666666666,PASS_LMOM_FINITE_MEAN
SCALE_SHIFT_8000_TO_12000,181,KDE,-0.1979355220413864,0.0030795539320662224,0.6666666666666666,PASS
SCALE_SHIFT_8000_TO_12000,181,TAIL,-0.1082660791242456,0.0041276602089218226,0.6666666666666666,PASS
SCALE_SHIFT_8000_TO_12000,182,EMP,-0.1857553373099322,0.0015813802720459223,0.7777777777777778,PASS
SCALE_SHIFT_8000_TO_12000,182,EVENT-EMP,-0.1857553373099322,0.0015813802720459223,0.7777777777777778,PASS
SCALE_SHIFT_8000_TO_12000,182,GEV,-0.0979452003988531,0.0016636908749423753,0.6666666666666666,PASS_LMOM_FINITE_MEAN
SCALE_SHIFT_8000_TO_12000,182,KDE,-0.1313583571424363,0.0054585168003894215,0.4444444444444444,PASS
SCALE_SHIFT_8000_TO_12000,182,TAIL,-0.0181642719866422,0.002171592085284511,0.6666666666666666,PASS
SCALE_SHIFT_8000_TO_12000,183,EMP,-0.0435646389146091,0.0019437419794025,0.6666666666666666,PASS
SCALE_SHIFT_8000_TO_12000,183,EVENT-EMP,-0.0435646389146091,0.0019437419794025,0.6666666666666666,PASS
SCALE_SHIFT_8000_TO_12000,183,GEV,0.0101457652376885,0.0054585168003894215,0.4444444444444444,PASS_LMOM_FINITE_MEAN
SCALE_SHIFT_8000_TO_12000,183,KDE,0.0061059791078658,0.0054585168003894215,0.4444444444444444,PASS
SCALE_SHIFT_8000_TO_12000,183,TAIL,0.0015527845439411,0.0037344091466996665,0.6666666666666666,PASS
SCALE_SHIFT_8000_TO_12000,184,EMP,0.2385561511452902,0.0054585168003894215,0.4444444444444444,PASS
SCALE_SHIFT_8000_TO_12000,184,EVENT-EMP,0.2385561511452902,0.0036807390226116666,0.5555555555555556,PASS
SCALE_SHIFT_8000_TO_12000,184,GEV,0.2267252667126727,0.0054585168003894215,0.4444444444444444,PASS_LMOM_FINITE_MEAN
SCALE_SHIFT_8000_TO_12000,184,KDE,0.3039817727570031,0.0054585168003894215,0.4444444444444444,PASS
SCALE_SHIFT_8000_TO_12000,184,TAIL,-0.0242846345712218,0.002330655365269633,0.6666666666666666,PASS
SCALE_SHIFT_8000_TO_12000,185,EMP,0.1405153060625836,0.0054585168003894215,0.4444444444444444,PASS
SCALE_SHIFT_8000_TO_12000,185,EVENT-EMP,0.1405153060625836,0.0035688798981748223,0.6666666666666666,PASS
SCALE_SHIFT_8000_TO_12000,185,GEV,0.1907519591792295,0.0054585168003894215,0.4444444444444444,PASS_LMOM_FINITE_MEAN
SCALE_SHIFT_8000_TO_12000,185,KDE,0.2003611195067331,0.0054585168003894215,0.4444444444444444,PASS
SCALE_SHIFT_8000_TO_12000,185,TAIL,-0.0056218703742659,0.0030491439505256003,0.6666666666666666,PASS
SCALE_SHIFT_8000_TO_12000,186,EMP,-0.1367041050732697,0.0042406572371067215,0.6666666666666666,PASS
SCALE_SHIFT_8000_TO_12000,186,EVENT-EMP,-0.1367041050732697,0.001736585967663589,0.6666666666666666,PASS
SCALE_SHIFT_8000_TO_12000,186,GEV,0.0162430636516732,0.0054585168003894215,0.4444444444444444,PASS_LMOM_FINITE_MEAN
SCALE_SHIFT_8000_TO_12000,186,KDE,-0.0818472793437575,0.0054585168003894215,0.4444444444444444,PASS
SCALE_SHIFT_8000_TO_12000,186,TAIL,-0.0570892562438901,0.0017664485298128,0.7777777777777778,PASS
SCALE_SHIFT_8000_TO_12000,187,EMP,0.0329620517089326,0.0036807390226116666,0.5555555555555556,PASS
SCALE_SHIFT_8000_TO_12000,187,EVENT-EMP,0.0329620517089326,0.0036807390226116666,0.5555555555555556,PASS
SCALE_SHIFT_8000_TO_12000,187,GEV,0.0411483833625021,0.0036807390226116666,0.5555555555555556,PASS_LMOM_FINITE_MEAN
SCALE_SHIFT_8000_TO_12000,187,KDE,0.089098322985014,0.0036807390226116666,0.5555555555555556,PASS
SCALE_SHIFT_8000_TO_12000,187,TAIL,0.1397389099718577,0.0054585168003894215,0.4444444444444444,PASS
SCALE_SHIFT_8000_TO_12000,188,EMP,-0.3258852457335259,0.025666409418011845,0.5555555555555556,PASS
SCALE_SHIFT_8000_TO_12000,188,EVENT-EMP,-0.3258852457335259,0.02409346754100759,0.5555555555555556,PASS
SCALE_SHIFT_8000_TO_12000,188,GEV,-0.3226453983074189,0.02275019683505098,0.5555555555555556,PASS_LMOM_FINITE_MEAN
SCALE_SHIFT_8000_TO_12000,188,KDE,-0.2985262344335359,0.021437427037816845,0.5555555555555556,PASS
SCALE_SHIFT_8000_TO_12000,188,TAIL,-0.2427536374096592,0.02733636403279048,0.5555555555555556,PASS
SCALE_SHIFT_8000_TO_12000,189,EMP,-0.2293383845777367,0.018409155888926186,0.5555555555555556,PASS
SCALE_SHIFT_8000_TO_12000,189,EVENT-EMP,-0.2293383845777367,0.017980388128838422,0.5555555555555556,PASS
SCALE_SHIFT_8000_TO_12000,189,GEV,-0.2186100595797101,0.019701555820797734,0.5555555555555556,PASS_LMOM_FINITE_MEAN
SCALE_SHIFT_8000_TO_12000,189,KDE,-0.1963813556056401,0.017872435147597943,0.5555555555555556,PASS
SCALE_SHIFT_8000_TO_12000,189,TAIL,-0.1817379895357338,0.019404532692089145,0.5555555555555556,PASS
SCALE_SHIFT_8000_TO_12000,190,EMP,-0.2458957970444572,0.02048874647593349,0.5555555555555556,PASS
SCALE_SHIFT_8000_TO_12000,190,EVENT-EMP,-0.2458957970444572,0.0050676054126586,0.6666666666666666,PASS
SCALE_SHIFT_8000_TO_12000,190,GEV,-0.1821112636687225,0.01944727867779341,0.5555555555555556,PASS_LMOM_FINITE_MEAN
SCALE_SHIFT_8000_TO_12000,190,KDE,-0.2077183849876931,0.004217092007000156,0.6666666666666666,PASS
SCALE_SHIFT_8000_TO_12000,190,TAIL,-0.1106865037485942,0.006354068024179777,0.6666666666666666,PASS
SCALE_SHIFT_8000_TO_12000,191,EMP,-0.2205429570046976,0.002344109264427789,0.6666666666666666,PASS
SCALE_SHIFT_8000_TO_12000,191,EVENT-EMP,-0.2205429570046976,0.0032888103776310333,0.6666666666666666,PASS
SCALE_SHIFT_8000_TO_12000,191,GEV,-0.1983920477135042,0.0017052995937746002,0.6666666666666666,PASS_LMOM_FINITE_MEAN
SCALE_SHIFT_8000_TO_12000,191,KDE,-0.1882736745409489,0.0015105057455922887,0.6666666666666666,PASS
SCALE_SHIFT_8000_TO_12000,191,TAIL,-0.07855211774221,0.003656874194847589,0.6666666666666666,PASS
SCALE_SHIFT_8000_TO_12000,192,EMP,-0.1383185210509911,0.0212538436494215,0.5555555555555556,PASS
SCALE_SHIFT_8000_TO_12000,192,EVENT-EMP,-0.1383185210509911,0.01766894564110059,0.5555555555555556,PASS
SCALE_SHIFT_8000_TO_12000,192,GEV,-0.1472062104645231,0.021359626103326437,0.5555555555555556,PASS_LMOM_FINITE_MEAN
SCALE_SHIFT_8000_TO_12000,192,KDE,-0.0973303248292166,0.0054585168003894215,0.4444444444444444,PASS
SCALE_SHIFT_8000_TO_12000,192,TAIL,0.0085670349462059,0.0028882197230167667,0.6666666666666666,PASS
SCALE_SHIFT_8000_TO_12000,193,EMP,0.0748484412318562,0.011229188487110624,0.6666666666666666,PASS
SCALE_SHIFT_8000_TO_12000,193,EVENT-EMP,0.0748484412318562,0.0054585168003894215,0.4444444444444444,PASS
SCALE_SHIFT_8000_TO_12000,193,GEV,0.2284322315777535,0.011107054936158635,0.6666666666666666,PASS_LMOM_FINITE_MEAN
SCALE_SHIFT_8000_TO_12000,193,KDE,0.1319704797604693,0.0054585168003894215,0.4444444444444444,PASS
SCALE_SHIFT_8000_TO_12000,193,TAIL,0.0622738335117202,0.0054585168003894215,0.4444444444444444,PASS
SCALE_SHIFT_8000_TO_12000,194,EMP,-0.0228974395391382,0.0054585168003894215,0.4444444444444444,PASS
SCALE_SHIFT_8000_TO_12000,194,EVENT-EMP,-0.0228974395391382,0.0054585168003894215,0.4444444444444444,PASS
SCALE_SHIFT_8000_TO_12000,194,GEV,0.1449728370237299,0.0054585168003894215,0.4444444444444444,PASS_LMOM_FINITE_MEAN
SCALE_SHIFT_8000_TO_12000,194,KDE,0.0335375339639342,0.0054585168003894215,0.4444444444444444,PASS
SCALE_SHIFT_8000_TO_12000,194,TAIL,-0.0291097612567061,0.0036928919328060115,0.6666666666666666,PASS
SCALE_SHIFT_8000_TO_12000,195,EMP,0.0412739478831701,0.030861743744620602,0.5555555555555556,PASS
SCALE_SHIFT_8000_TO_12000,195,EVENT-EMP,0.0412739478831701,0.030861743744620602,0.5555555555555556,PASS
SCALE_SHIFT_8000_TO_12000,195,GEV,0.0036665559182833,0.03497968745891274,0.5555555555555556,PASS_LMOM_FINITE_MEAN
SCALE_SHIFT_8000_TO_12000,195,KDE,0.0936045636933795,0.018791850133722744,0.3333333333333333,PASS
SCALE_SHIFT_8000_TO_12000,195,TAIL,-0.2371639425714883,0.027239183760773902,0.5555555555555556,PASS
SCALE_SHIFT_8000_TO_12000,196,EMP,-0.2349475017583981,0.035509346253496825,0.5555555555555556,PASS
SCALE_SHIFT_8000_TO_12000,196,EVENT-EMP,-0.2349475017583981,0.025229636558554053,0.5555555555555556,PASS
SCALE_SHIFT_8000_TO_12000,196,GEV,-0.1002894773563702,0.027932498223910918,0.5555555555555556,PASS_LMOM_FINITE_MEAN
SCALE_SHIFT_8000_TO_12000,196,KDE,-0.1962685137022461,0.018791850133722744,0.3333333333333333,PASS
SCALE_SHIFT_8000_TO_12000,196,TAIL,-0.026296763332036,0.007307836770893312,0.6666666666666666,PASS
SCALE_SHIFT_8000_TO_12000,197,EMP,-0.2940767881040572,0.0054585168003894215,0.4444444444444444,PASS
SCALE_SHIFT_8000_TO_12000,197,EVENT-EMP,-0.2940767881040572,0.004911667231494433,0.6666666666666666,PASS
SCALE_SHIFT_8000_TO_12000,197,GEV,-0.1427675245917727,0.02251608114454819,0.5555555555555556,PASS_LMOM_FINITE_MEAN
SCALE_SHIFT_8000_TO_12000,197,KDE,-0.2346735930829807,0.0054585168003894215,0.4444444444444444,PASS
SCALE_SHIFT_8000_TO_12000,197,TAIL,0.0922435187306843,0.0054585168003894215,0.4444444444444444,PASS
SCALE_SHIFT_8000_TO_12000,198,EMP,-0.1148142457242356,0.02425478756411587,0.5555555555555556,PASS
SCALE_SHIFT_8000_TO_12000,198,EVENT-EMP,-0.1148142457242356,0.0231877837369424,0.5555555555555556,PASS
SCALE_SHIFT_8000_TO_12000,198,GEV,-0.0681006527127365,0.027411087303605725,0.5555555555555556,PASS_LMOM_FINITE_MEAN
SCALE_SHIFT_8000_TO_12000,198,KDE,-0.0738038339681878,0.00732504887230009,0.6666666666666666,PASS
SCALE_SHIFT_8000_TO_12000,198,TAIL,-0.1734046810519428,0.0231177752930173,0.5555555555555556,PASS
SCALE_SHIFT_8000_TO_12000,199,EMP,-0.2957011500245042,0.030698209546702653,0.5555555555555556,PASS
SCALE_SHIFT_8000_TO_12000,199,EVENT-EMP,-0.2957011500245042,0.02251741042374645,0.5555555555555556,PASS
SCALE_SHIFT_8000_TO_12000,199,GEV,-0.2118712742275007,0.027785773127254745,0.5555555555555556,PASS_LMOM_FINITE_MEAN
SCALE_SHIFT_8000_TO_12000,199,KDE,-0.2561399067945569,0.024703351720705334,0.5555555555555556,PASS
SCALE_SHIFT_8000_TO_12000,199,TAIL,-0.1357421586308428,0.022290070065627457,0.5555555555555556,PASS
SHAPE_SHIFT_005_TO_015,0,EMP,-0.4230405505654885,0.026600588656976867,0.5555555555555556,PASS
SHAPE_SHIFT_005_TO_015,0,EVENT-EMP,-0.4230405505654885,0.026600588656976867,0.5555555555555556,PASS
SHAPE_SHIFT_005_TO_015,0,GEV,-0.3960126450133502,0.024221384082585225,0.5555555555555556,PASS_LMOM_FINITE_MEAN
SHAPE_SHIFT_005_TO_015,0,KDE,-0.3952479345008305,0.023586131467739368,0.5555555555555556,PASS
SHAPE_SHIFT_005_TO_015,0,TAIL,-0.3448921544390511,0.024804495666167856,0.5555555555555556,PASS
SHAPE_SHIFT_005_TO_015,1,EMP,-0.227787455458941,0.01042895520117209,0.6666666666666666,PASS
SHAPE_SHIFT_005_TO_015,1,EVENT-EMP,-0.227787455458941,0.003204160323484589,0.6666666666666666,PASS
SHAPE_SHIFT_005_TO_015,1,GEV,-0.0607776403026873,0.007826594362400567,0.6666666666666666,PASS_LMOM_FINITE_MEAN
SHAPE_SHIFT_005_TO_015,1,KDE,-0.1751521720425627,0.0054585168003894215,0.4444444444444444,PASS
SHAPE_SHIFT_005_TO_015,1,TAIL,-0.1072444658140571,0.0036460837632408777,0.6666666666666666,PASS
SHAPE_SHIFT_005_TO_015,2,EMP,-0.2105125055053572,0.016703314960294,0.6666666666666666,PASS
SHAPE_SHIFT_005_TO_015,2,EVENT-EMP,-0.2105125055053572,0.016950833301481533,0.5555555555555556,PASS
SHAPE_SHIFT_005_TO_015,2,GEV,-0.1532297880974147,0.017321304725715154,0.5555555555555556,PASS_LMOM_FINITE_MEAN
SHAPE_SHIFT_005_TO_015,2,KDE,-0.1766713762100824,0.0032438018754545666,0.6666666666666666,PASS
SHAPE_SHIFT_005_TO_015,2,TAIL,-0.0760847928038862,0.0044099907642263445,0.6666666666666666,PASS
SHAPE_SHIFT_005_TO_015,3,EMP,-0.012298954318214,0.0026307436481964553,0.6666666666666666,PASS
SHAPE_SHIFT_005_TO_015,3,EVENT-EMP,-0.012298954318214,0.0025274270961365333,0.7777777777777778,PASS
SHAPE_SHIFT_005_TO_015,3,GEV,-0.0072529297276305,0.0022846622912591668,0.6666666666666666,PASS_LMOM_FINITE_MEAN
SHAPE_SHIFT_005_TO_015,3,KDE,0.032698254731417,0.0016404892837191204,0.6666666666666666,PASS
SHAPE_SHIFT_005_TO_015,3,TAIL,-0.1031367800721525,0.0019305051501579556,0.6666666666666666,PASS
SHAPE_SHIFT_005_TO_015,4,EMP,0.0472390459207194,0.0054585168003894215,0.4444444444444444,PASS
SHAPE_SHIFT_005_TO_015,4,EVENT-EMP,0.0472390459207194,0.0006311158835361706,0.7777777777777778,PASS
SHAPE_SHIFT_005_TO_015,4,GEV,0.1998924502496482,0.0054585168003894215,0.4444444444444444,PASS_LMOM_FINITE_MEAN
SHAPE_SHIFT_005_TO_015,4,KDE,0.1065079079795764,0.0054585168003894215,0.4444444444444444,PASS
SHAPE_SHIFT_005_TO_015,4,TAIL,-0.076114644522758,0.0016693482857792336,0.6666666666666666,PASS
SHAPE_SHIFT_005_TO_015,5,EMP,-0.082197347269694,0.002355453741099967,0.7777777777777778,PASS
SHAPE_SHIFT_005_TO_015,5,EVENT-EMP,-0.082197347269694,0.001979983828906767,0.6666666666666666,PASS
SHAPE_SHIFT_005_TO_015,5,GEV,-0.0896109165867688,0.0030317775771166442,0.6666666666666666,PASS_LMOM_FINITE_MEAN
SHAPE_SHIFT_005_TO_015,5,KDE,-0.0392671472983001,0.0020106196428563337,0.6666666666666666,PASS
SHAPE_SHIFT_005_TO_015,5,TAIL,-0.0335359422227762,0.0037576523664654337,0.6666666666666666,PASS
SHAPE_SHIFT_005_TO_015,6,EMP,-0.3640230630949557,0.02188792504119778,0.5555555555555556,PASS
SHAPE_SHIFT_005_TO_015,6,EVENT-EMP,-0.3640230630949557,0.021179268647343933,0.5555555555555556,PASS
SHAPE_SHIFT_005_TO_015,6,GEV,-0.310186653342296,0.0195328291764546,0.5555555555555556,PASS_LMOM_FINITE_MEAN
SHAPE_SHIFT_005_TO_015,6,KDE,-0.337038728820714,0.01856952948707839,0.5555555555555556,PASS
SHAPE_SHIFT_005_TO_015,6,TAIL,-0.3141408790431029,0.021077721770020024,0.6666666666666666,PASS
SHAPE_SHIFT_005_TO_015,7,EMP,0.1963649990950494,0.0054585168003894215,0.4444444444444444,PASS
SHAPE_SHIFT_005_TO_015,7,EVENT-EMP,0.1963649990950494,0.0018999193638229886,0.6666666666666666,PASS
SHAPE_SHIFT_005_TO_015,7,GEV,0.335235353326018,0.0054585168003894215,0.4444444444444444,PASS_LMOM_FINITE_MEAN
SHAPE_SHIFT_005_TO_015,7,KDE,0.2608084647055439,0.0054585168003894215,0.4444444444444444,PASS
SHAPE_SHIFT_005_TO_015,7,TAIL,0.0281989763408368,0.001898907883078378,0.6666666666666666,PASS
SHAPE_SHIFT_005_TO_015,8,EMP,-0.3158101112340165,0.02033254175021261,0.5555555555555556,PASS
SHAPE_SHIFT_005_TO_015,8,EVENT-EMP,-0.3158101112340165,0.0147379923751274,0.5555555555555556,PASS
SHAPE_SHIFT_005_TO_015,8,GEV,-0.2237445201094207,0.02249268352015581,0.5555555555555556,PASS_LMOM_FINITE_MEAN
SHAPE_SHIFT_005_TO_015,8,KDE,-0.259274459254137,0.019859947395236353,0.5555555555555556,PASS
SHAPE_SHIFT_005_TO_015,8,TAIL,-0.1911483154017776,0.01939506488536162,0.5555555555555556,PASS
SHAPE_SHIFT_005_TO_015,9,EMP,-0.2066816933419836,0.002924194204251244,0.6666666666666666,PASS
SHAPE_SHIFT_005_TO_015,9,EVENT-EMP,-0.2066816933419836,0.0019936476187292556,0.6666666666666666,PASS
SHAPE_SHIFT_005_TO_015,9,GEV,-0.0840470541352235,0.002521642125946289,0.6666666666666666,PASS_LMOM_FINITE_MEAN
SHAPE_SHIFT_005_TO_015,9,KDE,-0.1497028055328115,0.0054585168003894215,0.4444444444444444,PASS
SHAPE_SHIFT_005_TO_015,9,TAIL,-0.0912778699561205,0.0025813969370013113,0.6666666666666666,PASS
SHAPE_SHIFT_005_TO_015,10,EMP,-0.0737856259449105,0.013940347328992813,0.6666666666666666,PASS
SHAPE_SHIFT_005_TO_015,10,EVENT-EMP,-0.0737856259449105,0.004016918672703289,0.6666666666666666,PASS
SHAPE_SHIFT_005_TO_015,10,GEV,0.0860023090153206,0.0054585168003894215,0.4444444444444444,PASS_LMOM_FINITE_MEAN
SHAPE_SHIFT_005_TO_015,10,KDE,-0.0170900575545168,0.0054585168003894215,0.4444444444444444,PASS
SHAPE_SHIFT_005_TO_015,10,TAIL,-0.1296300117966657,0.004067619576540989,0.6666666666666666,PASS
SHAPE_SHIFT_005_TO_015,11,EMP,-0.2962729463255883,0.001815068747797956,0.6666666666666666,PASS
SHAPE_SHIFT_005_TO_015,11,EVENT-EMP,-0.2962729463255883,0.001815068747797956,0.6666666666666666,PASS
SHAPE_SHIFT_005_TO_015,11,GEV,-0.2474415781394776,0.0016330471287889445,0.6666666666666666,PASS_LMOM_FINITE_MEAN
SHAPE_SHIFT_005_TO_015,11,KDE,-0.2523662583998783,0.001993269322725478,0.6666666666666666,PASS
SHAPE_SHIFT_005_TO_015,11,TAIL,-0.1078334834627578,0.0016755977034651223,0.6666666666666666,PASS
SHAPE_SHIFT_005_TO_015,12,EMP,-0.0206125689050668,0.0072644981637719885,0.6666666666666666,PASS
SHAPE_SHIFT_005_TO_015,12,EVENT-EMP,-0.0206125689050668,0.005948835735970711,0.6666666666666666,PASS
SHAPE_SHIFT_005_TO_015,12,GEV,0.0773062851552635,0.005068417061535445,0.6666666666666666,PASS_LMOM_FINITE_MEAN
SHAPE_SHIFT_005_TO_015,12,KDE,0.0279903081033065,0.0054585168003894215,0.4444444444444444,PASS
SHAPE_SHIFT_005_TO_015,12,TAIL,-0.1417740322312317,0.0032589643788778666,0.7777777777777778,PASS
SHAPE_SHIFT_005_TO_015,13,EMP,-0.3643936779688599,0.014870730792299388,0.5555555555555556,PASS
SHAPE_SHIFT_005_TO_015,13,EVENT-EMP,-0.3643936779688599,0.01467122974590421,0.5555555555555556,PASS
SHAPE_SHIFT_005_TO_015,13,GEV,-0.3436293874655257,0.014703155770551278,0.5555555555555556,PASS_LMOM_FINITE_MEAN
SHAPE_SHIFT_005_TO_015,13,KDE,-0.3238737995833394,0.01438055244419799,0.5555555555555556,PASS
SHAPE_SHIFT_005_TO_015,13,TAIL,-0.1968352011638431,0.01631193011323208,0.5555555555555556,PASS
SHAPE_SHIFT_005_TO_015,14,EMP,-0.150135358387603,0.003620514791125578,0.6666666666666666,PASS
SHAPE_SHIFT_005_TO_015,14,EVENT-EMP,-0.150135358387603,0.0024343953958348777,0.6666666666666666,PASS
SHAPE_SHIFT_005_TO_015,14,GEV,-0.1453572244174135,0.0036168944337884442,0.7777777777777778,PASS_LMOM_FINITE_MEAN
SHAPE_SHIFT_005_TO_015,14,KDE,-0.1133756603060453,0.0025477687963844,0.6666666666666666,PASS
SHAPE_SHIFT_005_TO_015,14,TAIL,-0.1098903191989583,0.003765990969691222,0.6666666666666666,PASS
SHAPE_SHIFT_005_TO_015,15,EMP,-0.3174554620025206,0.013511322285874724,0.5555555555555556,PASS
SHAPE_SHIFT_005_TO_015,15,EVENT-EMP,-0.3174554620025206,0.01516910046677101,0.5555555555555556,PASS
SHAPE_SHIFT_005_TO_015,15,GEV,-0.2802470118484939,0.016319272083904254,0.5555555555555556,PASS_LMOM_FINITE_MEAN
SHAPE_SHIFT_005_TO_015,15,KDE,-0.2904671440516124,0.014728155723846266,0.5555555555555556,PASS
SHAPE_SHIFT_005_TO_015,15,TAIL,-0.1775736014411018,0.02079132579075469,0.5555555555555556,PASS
SHAPE_SHIFT_005_TO_015,16,EMP,-0.2558194833066402,0.0006236609844786412,0.7777777777777778,PASS
SHAPE_SHIFT_005_TO_015,16,EVENT-EMP,-0.2558194833066402,0.0006117951590344262,0.7777777777777778,PASS
SHAPE_SHIFT_005_TO_015,16,GEV,-0.1163488798612534,0.0006178449479088614,0.7777777777777778,PASS_LMOM_FINITE_MEAN
SHAPE_SHIFT_005_TO_015,16,KDE,-0.1931983787390769,0.0008542607970338334,0.7777777777777778,PASS
SHAPE_SHIFT_005_TO_015,16,TAIL,-0.1725756251548112,0.0008197166795570888,0.7777777777777778,PASS
SHAPE_SHIFT_005_TO_015,17,EMP,-0.2618864808788332,0.022257713590483934,0.6666666666666666,PASS
SHAPE_SHIFT_005_TO_015,17,EVENT-EMP,-0.2618864808788332,0.02434920313263758,0.5555555555555556,PASS
SHAPE_SHIFT_005_TO_015,17,GEV,-0.2375282935902487,0.020871895972130922,0.6666666666666666,PASS_LMOM_FINITE_MEAN
SHAPE_SHIFT_005_TO_015,17,KDE,-0.2354149767713452,0.018557271830006224,0.6666666666666666,PASS
SHAPE_SHIFT_005_TO_015,17,TAIL,-0.2931179782637441,0.021187306688193124,0.6666666666666666,PASS
SHAPE_SHIFT_005_TO_015,18,EMP,-0.2440890556915927,0.0019208433102138333,0.6666666666666666,PASS
SHAPE_SHIFT_005_TO_015,18,EVENT-EMP,-0.2440890556915927,0.0018108273466772777,0.6666666666666666,PASS
SHAPE_SHIFT_005_TO_015,18,GEV,-0.0863508718803862,0.0020508856837225336,0.7777777777777778,PASS_LMOM_FINITE_MEAN
SHAPE_SHIFT_005_TO_015,18,KDE,-0.1874845569350454,0.0016682368001168044,0.6666666666666666,PASS
SHAPE_SHIFT_005_TO_015,18,TAIL,-0.13602389004201,0.0021324189383318554,0.6666666666666666,PASS
SHAPE_SHIFT_005_TO_015,19,EMP,-0.2675428466222646,0.0066222882464611,0.6666666666666666,PASS
SHAPE_SHIFT_005_TO_015,19,EVENT-EMP,-0.2675428466222646,0.004912592555327822,0.6666666666666666,PASS
SHAPE_SHIFT_005_TO_015,19,GEV,-0.1582748237421991,0.0024402239346038557,0.6666666666666666,PASS_LMOM_FINITE_MEAN
SHAPE_SHIFT_005_TO_015,19,KDE,-0.2280752928277492,0.0018443492284065002,0.7777777777777778,PASS
SHAPE_SHIFT_005_TO_015,19,TAIL,-0.1926831884686297,0.0025446173568095557,0.6666666666666666,PASS
SHAPE_SHIFT_005_TO_015,20,EMP,0.1971342634986051,0.0018393105668597222,0.6666666666666666,PASS
SHAPE_SHIFT_005_TO_015,20,EVENT-EMP,0.1971342634986051,0.0014126969584049662,0.7777777777777778,PASS
SHAPE_SHIFT_005_TO_015,20,GEV,0.1675728485456714,0.0036455638071418895,0.6666666666666666,PASS_LMOM_FINITE_MEAN
SHAPE_SHIFT_005_TO_015,20,KDE,0.2570431820830531,0.0054585168003894215,0.4444444444444444,PASS
SHAPE_SHIFT_005_TO_015,20,TAIL,0.0234385143531244,0.0018962600180336,0.6666666666666666,PASS
SHAPE_SHIFT_005_TO_015,21,EMP,-0.1156268908148603,0.0024008846721909447,0.6666666666666666,PASS
SHAPE_SHIFT_005_TO_015,21,EVENT-EMP,-0.1156268908148603,0.002290218445658422,0.6666666666666666,PASS
SHAPE_SHIFT_005_TO_015,21,GEV,0.0504337788715628,0.0013622267086230001,0.7777777777777778,PASS_LMOM_FINITE_MEAN
SHAPE_SHIFT_005_TO_015,21,KDE,-0.0664273557543045,0.0036807390226116666,0.5555555555555556,PASS
SHAPE_SHIFT_005_TO_015,21,TAIL,-0.0401976338639582,0.0017230857964984666,0.7777777777777778,PASS
SHAPE_SHIFT_005_TO_015,22,EMP,-0.0740839747428479,0.0026176569546897334,0.6666666666666666,PASS
SHAPE_SHIFT_005_TO_015,22,EVENT-EMP,-0.0740839747428479,0.0025441248252967446,0.6666666666666666,PASS
SHAPE_SHIFT_005_TO_015,22,GEV,-0.0332599300786672,0.0027126598397288555,0.6666666666666666,PASS_LMOM_FINITE_MEAN
SHAPE_SHIFT_005_TO_015,22,KDE,-0.0309672822596006,0.0054585168003894215,0.4444444444444444,PASS
SHAPE_SHIFT_005_TO_015,22,TAIL,-0.043197481704329,0.0020358429574478224,0.7777777777777778,PASS
SHAPE_SHIFT_005_TO_015,23,EMP,-0.3063493590366969,0.015450313108759113,0.5555555555555556,PASS
SHAPE_SHIFT_005_TO_015,23,EVENT-EMP,-0.3063493590366969,0.016570357833534347,0.5555555555555556,PASS
SHAPE_SHIFT_005_TO_015,23,GEV,-0.2358127372437886,0.015428104427007356,0.5555555555555556,PASS_LMOM_FINITE_MEAN
SHAPE_SHIFT_005_TO_015,23,KDE,-0.2616079598883989,0.0022908118082339444,0.6666666666666666,PASS
SHAPE_SHIFT_005_TO_015,23,TAIL,-0.2434613971902457,0.01732946547385839,0.5555555555555556,PASS
SHAPE_SHIFT_005_TO_015,24,EMP,-0.3175681801115283,0.014477190337727609,0.5555555555555556,PASS
SHAPE_SHIFT_005_TO_015,24,EVENT-EMP,-0.3175681801115283,0.013619379390967789,0.5555555555555556,PASS
SHAPE_SHIFT_005_TO_015,24,GEV,-0.3130826533393383,0.014263884775749632,0.5555555555555556,PASS_LMOM_FINITE_MEAN
SHAPE_SHIFT_005_TO_015,24,KDE,-0.2922656381334188,0.013848305802028577,0.5555555555555556,PASS
SHAPE_SHIFT_005_TO_015,24,TAIL,-0.1363610453939007,0.003909889574509211,0.6666666666666666,PASS
SHAPE_SHIFT_005_TO_015,25,EMP,-0.2412416751194893,0.017854185796228633,0.5555555555555556,PASS
SHAPE_SHIFT_005_TO_015,25,EVENT-EMP,-0.2412416751194893,0.017831561064718844,0.5555555555555556,PASS
SHAPE_SHIFT_005_TO_015,25,GEV,-0.1816894122911119,0.018414130115962612,0.5555555555555556,PASS_LMOM_FINITE_MEAN
SHAPE_SHIFT_005_TO_015,25,KDE,-0.2065242199064666,0.003739983482889789,0.6666666666666666,PASS
SHAPE_SHIFT_005_TO_015,25,TAIL,-0.1787018092710264,0.0198203175840961,0.5555555555555556,PASS
SHAPE_SHIFT_005_TO_015,26,EMP,0.0693567881119008,0.002795976711493233,0.5555555555555556,PASS
SHAPE_SHIFT_005_TO_015,26,EVENT-EMP,0.0693567881119008,0.002795976711493233,0.5555555555555556,PASS
SHAPE_SHIFT_005_TO_015,26,GEV,0.2858118888359826,0.002795976711493233,0.5555555555555556,PASS_LMOM_FINITE_MEAN
SHAPE_SHIFT_005_TO_015,26,KDE,0.1314986597967868,0.002795976711493233,0.5555555555555556,PASS
SHAPE_SHIFT_005_TO_015,26,TAIL,-0.0149979847898475,0.00010841905288513603,0.8888888888888888,PASS
SHAPE_SHIFT_005_TO_015,27,EMP,-0.0484182329175708,0.007712914127702021,0.6666666666666666,PASS
SHAPE_SHIFT_005_TO_015,27,EVENT-EMP,-0.0484182329175708,0.001820991709280589,0.6666666666666666,PASS
SHAPE_SHIFT_005_TO_015,27,GEV,-0.0491538533105839,0.0044914031235076006,0.6666666666666666,PASS_LMOM_FINITE_MEAN
SHAPE_SHIFT_005_TO_015,27,KDE,-0.0039593099260623,0.0054585168003894215,0.4444444444444444,PASS
SHAPE_SHIFT_005_TO_015,27,TAIL,-0.0918544182053226,0.003194838238650456,0.6666666666666666,PASS
SHAPE_SHIFT_005_TO_015,28,EMP,-0.2774143935705064,0.016393744338385124,0.6666666666666666,PASS
SHAPE_SHIFT_005_TO_015,28,EVENT-EMP,-0.2774143935705064,0.016497060890445045,0.5555555555555556,PASS
SHAPE_SHIFT_005_TO_015,28,GEV,-0.198225879243195,0.017357470725004667,0.6666666666666666,PASS_LMOM_FINITE_MEAN
SHAPE_SHIFT_005_TO_015,28,KDE,-0.2420028659239034,0.0034002232629588448,0.6666666666666666,PASS
SHAPE_SHIFT_005_TO_015,28,TAIL,-0.2237697813697715,0.016912814688315767,0.5555555555555556,PASS
SHAPE_SHIFT_005_TO_015,29,EMP,0.0427367221833753,0.002795976711493233,0.5555555555555556,PASS
SHAPE_SHIFT_005_TO_015,29,EVENT-EMP,0.0427367221833753,0.002795976711493233,0.5555555555555556,PASS
SHAPE_SHIFT_005_TO_015,29,GEV,0.3691387955670699,0.002795976711493233,0.5555555555555556,PASS_LMOM_FINITE_MEAN
SHAPE_SHIFT_005_TO_015,29,KDE,0.11643771253097,0.002795976711493233,0.5555555555555556,PASS
SHAPE_SHIFT_005_TO_015,29,TAIL,0.1384192912991994,0.002795976711493233,0.5555555555555556,PASS
SHAPE_SHIFT_005_TO_015,30,EMP,-0.3135548888329096,0.028033519092380235,0.5555555555555556,PASS
SHAPE_SHIFT_005_TO_015,30,EVENT-EMP,-0.3135548888329096,0.02549840808534261,0.5555555555555556,PASS
SHAPE_SHIFT_005_TO_015,30,GEV,-0.1955985312429644,0.021957935137773235,0.5555555555555556,PASS_LMOM_FINITE_MEAN
SHAPE_SHIFT_005_TO_015,30,KDE,-0.2759157040907443,0.019405879092248734,0.5555555555555556,PASS
SHAPE_SHIFT_005_TO_015,30,TAIL,-0.2426737973754942,0.021401234169743946,0.5555555555555556,PASS
SHAPE_SHIFT_005_TO_015,31,EMP,-0.1967264698811876,0.003433280734896122,0.6666666666666666,PASS
SHAPE_SHIFT_005_TO_015,31,EVENT-EMP,-0.1967264698811876,0.0035296568219977446,0.7777777777777778,PASS
SHAPE_SHIFT_005_TO_015,31,GEV,-0.0648181057266395,0.0026242989481347332,0.7777777777777778,PASS_LMOM_FINITE_MEAN
SHAPE_SHIFT_005_TO_015,31,KDE,-0.1459527359921424,0.0019298201026901334,0.6666666666666666,PASS
SHAPE_SHIFT_005_TO_015,31,TAIL,-0.0916139141712564,0.0024746496513313888,0.7777777777777778,PASS
SHAPE_SHIFT_005_TO_015,32,EMP,-0.204503258578006,0.004839904543140711,0.6666666666666666,PASS
SHAPE_SHIFT_005_TO_015,32,EVENT-EMP,-0.204503258578006,0.018622922495869734,0.5555555555555556,PASS
SHAPE_SHIFT_005_TO_015,32,GEV,-0.1006378420389709,0.004999077949134689,0.6666666666666666,PASS_LMOM_FINITE_MEAN
SHAPE_SHIFT_005_TO_015,32,KDE,-0.1609516015140825,0.0033647644818016113,0.6666666666666666,PASS
SHAPE_SHIFT_005_TO_015,32,TAIL,-0.2279949569843971,0.016421330263279056,0.5555555555555556,PASS
SHAPE_SHIFT_005_TO_015,33,EMP,-0.0350920781952247,0.0054585168003894215,0.4444444444444444,PASS
SHAPE_SHIFT_005_TO_015,33,EVENT-EMP,-0.0350920781952247,0.0054585168003894215,0.4444444444444444,PASS
SHAPE_SHIFT_005_TO_015,33,GEV,0.1929496544074373,0.0054585168003894215,0.4444444444444444,PASS_LMOM_FINITE_MEAN
SHAPE_SHIFT_005_TO_015,33,KDE,0.0427034896453448,0.0054585168003894215,0.4444444444444444,PASS
SHAPE_SHIFT_005_TO_015,33,TAIL,-0.1008459725963982,0.002689694371396111,0.7777777777777778,PASS
SHAPE_SHIFT_005_TO_015,34,EMP,-0.3298957783602646,0.017086632674510653,0.5555555555555556,PASS
SHAPE_SHIFT_005_TO_015,34,EVENT-EMP,-0.3298957783602646,0.002550700785305245,0.6666666666666666,PASS
SHAPE_SHIFT_005_TO_015,34,GEV,-0.2450123825493285,0.015719959887673076,0.5555555555555556,PASS_LMOM_FINITE_MEAN
SHAPE_SHIFT_005_TO_015,34,KDE,-0.2812255552937522,0.002416052073054111,0.6666666666666666,PASS
SHAPE_SHIFT_005_TO_015,34,TAIL,-0.1923233773759273,0.0025280385644594777,0.6666666666666666,PASS
SHAPE_SHIFT_005_TO_015,35,EMP,-0.285890245379721,0.0018306654334670222,0.6666666666666666,PASS
SHAPE_SHIFT_005_TO_015,35,EVENT-EMP,-0.285890245379721,0.0018306654334670222,0.6666666666666666,PASS
SHAPE_SHIFT_005_TO_015,35,GEV,-0.1891309652193956,0.0014925578957968857,0.6666666666666666,PASS_LMOM_FINITE_MEAN
SHAPE_SHIFT_005_TO_015,35,KDE,-0.2308873110878865,0.0015771227987813221,0.6666666666666666,PASS
SHAPE_SHIFT_005_TO_015,35,TAIL,-0.1787447765390079,0.001816776201282689,0.6666666666666666,PASS
SHAPE_SHIFT_005_TO_015,36,EMP,-0.1813770842109095,0.004125071690712156,0.6666666666666666,PASS
SHAPE_SHIFT_005_TO_015,36,EVENT-EMP,-0.1813770842109095,0.0033576863905270334,0.6666666666666666,PASS
SHAPE_SHIFT_005_TO_015,36,GEV,-0.1211409842169867,0.0053620182069130775,0.6666666666666666,PASS_LMOM_FINITE_MEAN
SHAPE_SHIFT_005_TO_015,36,KDE,-0.1425014602817819,0.0032177628564600334,0.6666666666666666,PASS
SHAPE_SHIFT_005_TO_015,36,TAIL,-0.0802600732393323,0.005736676249068222,0.6666666666666666,PASS
SHAPE_SHIFT_005_TO_015,37,EMP,-0.1150627461506968,0.0014921828381633882,0.6666666666666666,PASS
SHAPE_SHIFT_005_TO_015,37,EVENT-EMP,-0.1150627461506968,0.0016334901912217223,0.7777777777777778,PASS
SHAPE_SHIFT_005_TO_015,37,GEV,-0.0473845654268681,0.0014143123505947475,0.7777777777777778,PASS_LMOM_FINITE_MEAN
SHAPE_SHIFT_005_TO_015,37,KDE,-0.0716360691653209,0.0036807390226116666,0.5555555555555556,PASS
SHAPE_SHIFT_005_TO_015,37,TAIL,-0.0851727815888222,0.0018774026993654224,0.6666666666666666,PASS
SHAPE_SHIFT_005_TO_015,38,EMP,0.6290520749173738,0.002795976711493233,0.5555555555555556,PASS
SHAPE_SHIFT_005_TO_015,38,EVENT-EMP,0.6290520749173738,0.002795976711493233,0.5555555555555556,PASS
SHAPE_SHIFT_005_TO_015,38,GEV,0.666015904595796,0.002795976711493233,0.5555555555555556,PASS_LMOM_FINITE_MEAN
SHAPE_SHIFT_005_TO_015,38,KDE,0.727336604141101,0.002795976711493233,0.5555555555555556,PASS
SHAPE_SHIFT_005_TO_015,38,TAIL,0.084343115620855,0.002795976711493233,0.5555555555555556,PASS
SHAPE_SHIFT_005_TO_015,39,EMP,-0.0877535344831207,0.007526922437486389,0.6666666666666666,PASS
SHAPE_SHIFT_005_TO_015,39,EVENT-EMP,-0.0877535344831207,0.007590395473788144,0.6666666666666666,PASS
SHAPE_SHIFT_005_TO_015,39,GEV,0.0236727842408264,0.007469820809397978,0.6666666666666666,PASS_LMOM_FINITE_MEAN
SHAPE_SHIFT_005_TO_015,39,KDE,-0.042907879075901,0.0054585168003894215,0.4444444444444444,PASS
SHAPE_SHIFT_005_TO_015,39,TAIL,-0.2088271366598126,0.02000371544652469,0.5555555555555556,PASS
SHAPE_SHIFT_005_TO_015,40,EMP,-0.2498398221868488,0.0029159540107839667,0.6666666666666666,PASS
SHAPE_SHIFT_005_TO_015,40,EVENT-EMP,-0.2498398221868488,0.001419585803468209,0.7777777777777778,PASS
SHAPE_SHIFT_005_TO_015,40,GEV,-0.1222388090832815,0.0028871105709401337,0.7777777777777778,PASS_LMOM_FINITE_MEAN
SHAPE_SHIFT_005_TO_015,40,KDE,-0.2075430979821725,0.0020993846456837887,0.6666666666666666,PASS
SHAPE_SHIFT_005_TO_015,40,TAIL,-0.1409058884510406,0.0032759964218976112,0.7777777777777778,PASS
SHAPE_SHIFT_005_TO_015,41,EMP,-0.3588309956772001,0.0271394725495254,0.5555555555555556,PASS
SHAPE_SHIFT_005_TO_015,41,EVENT-EMP,-0.3588309956772001,0.027179262064504245,0.5555555555555556,PASS
SHAPE_SHIFT_005_TO_015,41,GEV,-0.2960514141787647,0.023990032236133635,0.6666666666666666,PASS_LMOM_FINITE_MEAN
SHAPE_SHIFT_005_TO_015,41,KDE,-0.33972454189946,0.0219039617942017,0.5555555555555556,PASS
SHAPE_SHIFT_005_TO_015,41,TAIL,-0.3244469074850646,0.024407612056573234,0.5555555555555556,PASS
SHAPE_SHIFT_005_TO_015,42,EMP,-0.0452024318312764,0.0019709834525513223,0.7777777777777778,PASS
SHAPE_SHIFT_005_TO_015,42,EVENT-EMP,-0.0452024318312764,0.00024776751738255404,0.8888888888888888,PASS
SHAPE_SHIFT_005_TO_015,42,GEV,0.1227248550025766,0.0010578006627619888,0.7777777777777778,PASS_LMOM_FINITE_MEAN
SHAPE_SHIFT_005_TO_015,42,KDE,0.0012381505049015,0.0018999193638229886,0.6666666666666666,PASS
SHAPE_SHIFT_005_TO_015,42,TAIL,-0.0450019802468746,0.0006051243895896446,0.7777777777777778,PASS
SHAPE_SHIFT_005_TO_015,43,EMP,-0.2504163127594753,0.0017016629257272779,0.6666666666666666,PASS
SHAPE_SHIFT_005_TO_015,43,EVENT-EMP,-0.2504163127594753,0.0017016629257272779,0.6666666666666666,PASS
SHAPE_SHIFT_005_TO_015,43,GEV,-0.1340257228180482,0.001625458680982889,0.6666666666666666,PASS_LMOM_FINITE_MEAN
SHAPE_SHIFT_005_TO_015,43,KDE,-0.2010887945087454,0.0015002292727742488,0.6666666666666666,PASS
SHAPE_SHIFT_005_TO_015,43,TAIL,-0.0913944729291258,0.0018082482912165335,0.6666666666666666,PASS
SHAPE_SHIFT_005_TO_015,44,EMP,0.3682047870641576,0.006559698458451267,0.6666666666666666,PASS
SHAPE_SHIFT_005_TO_015,44,EVENT-EMP,0.3682047870641576,0.006559698458451267,0.6666666666666666,PASS
SHAPE_SHIFT_005_TO_015,44,GEV,0.2301180070698299,0.008437348422971166,0.6666666666666666,PASS_LMOM_FINITE_MEAN
SHAPE_SHIFT_005_TO_015,44,KDE,0.4412165375261783,0.0054585168003894215,0.4444444444444444,PASS
SHAPE_SHIFT_005_TO_015,44,TAIL,-0.083351693286816,0.004590950501832123,0.6666666666666666,PASS
SHAPE_SHIFT_005_TO_015,45,EMP,-0.2334247079896032,0.024480138142464435,0.5555555555555556,PASS
SHAPE_SHIFT_005_TO_015,45,EVENT-EMP,-0.2334247079896032,0.024480138142464435,0.5555555555555556,PASS
SHAPE_SHIFT_005_TO_015,45,GEV,-0.1022227446326389,0.023983531511147113,0.5555555555555556,PASS_LMOM_FINITE_MEAN
SHAPE_SHIFT_005_TO_015,45,KDE,-0.1903717746015068,0.006590958854197756,0.6666666666666666,PASS
SHAPE_SHIFT_005_TO_015,45,TAIL,-0.2254733440616844,0.018252056748220297,0.6666666666666666,PASS
SHAPE_SHIFT_005_TO_015,46,EMP,0.283496496189359,0.008791680943094566,0.6666666666666666,PASS
SHAPE_SHIFT_005_TO_015,46,EVENT-EMP,0.283496496189359,0.0054585168003894215,0.4444444444444444,PASS
SHAPE_SHIFT_005_TO_015,46,GEV,0.3352374926417588,0.008940136794557544,0.6666666666666666,PASS_LMOM_FINITE_MEAN
SHAPE_SHIFT_005_TO_015,46,KDE,0.3528384270459298,0.0054585168003894215,0.4444444444444444,PASS
SHAPE_SHIFT_005_TO_015,46,TAIL,-0.1017147728007603,0.003466782658032978,0.6666666666666666,PASS
SHAPE_SHIFT_005_TO_015,47,EMP,-0.1818659049411152,0.006357633384974678,0.6666666666666666,PASS
SHAPE_SHIFT_005_TO_015,47,EVENT-EMP,-0.1818659049411152,0.0037625734549332785,0.6666666666666666,PASS
SHAPE_SHIFT_005_TO_015,47,GEV,-0.0439140309884329,0.0034823172167349112,0.7777777777777778,PASS_LMOM_FINITE_MEAN
SHAPE_SHIFT_005_TO_015,47,KDE,-0.1423926350271332,0.002454208282965489,0.6666666666666666,PASS
SHAPE_SHIFT_005_TO_015,47,TAIL,-0.1752777849564513,0.001986404365390811,0.6666666666666666,PASS
SHAPE_SHIFT_005_TO_015,48,EMP,-0.3049316795395024,0.014244684496221734,0.5555555555555556,PASS
SHAPE_SHIFT_005_TO_015,48,EVENT-EMP,-0.3049316795395024,0.014244684496221734,0.5555555555555556,PASS
SHAPE_SHIFT_005_TO_015,48,GEV,-0.2806820769895927,0.015486342808903732,0.5555555555555556,PASS_LMOM_FINITE_MEAN
SHAPE_SHIFT_005_TO_015,48,KDE,-0.2768569336546273,0.014568960149408498,0.5555555555555556,PASS
SHAPE_SHIFT_005_TO_015,48,TAIL,-0.1623610493551109,0.0033746925854694115,0.6666666666666666,PASS
SHAPE_SHIFT_005_TO_015,49,EMP,-0.4290343771613756,0.014866165106044112,0.5555555555555556,PASS
SHAPE_SHIFT_005_TO_015,49,EVENT-EMP,-0.4290343771613756,0.014687718496825255,0.5555555555555556,PASS
SHAPE_SHIFT_005_TO_015,49,GEV,-0.4121051930556182,0.015687008807152823,0.5555555555555556,PASS_LMOM_FINITE_MEAN
SHAPE_SHIFT_005_TO_015,49,KDE,-0.3775012911544012,0.015845316972407923,0.5555555555555556,PASS
SHAPE_SHIFT_005_TO_015,49,TAIL,-0.3337534638905678,0.0202724602318658,0.6666666666666666,PASS
SHAPE_SHIFT_005_TO_015,50,EMP,-0.3605008222895967,0.02085276402121868,0.5555555555555556,PASS
SHAPE_SHIFT_005_TO_015,50,EVENT-EMP,-0.3605008222895967,0.015154078944722335,0.5555555555555556,PASS
SHAPE_SHIFT_005_TO_015,50,GEV,-0.2780680801627453,0.015122579924522555,0.5555555555555556,PASS_LMOM_FINITE_MEAN
SHAPE_SHIFT_005_TO_015,50,KDE,-0.3128152301087839,0.014472217016997968,0.5555555555555556,PASS
SHAPE_SHIFT_005_TO_015,50,TAIL,-0.2015047647985147,0.0194197945025571,0.5555555555555556,PASS
SHAPE_SHIFT_005_TO_015,51,EMP,-0.3219876770114702,0.023899210933349093,0.5555555555555556,PASS
SHAPE_SHIFT_005_TO_015,51,EVENT-EMP,-0.3219876770114702,0.01950306470862242,0.6666666666666666,PASS
SHAPE_SHIFT_005_TO_015,51,GEV,-0.2555350443493015,0.022182547829861836,0.5555555555555556,PASS_LMOM_FINITE_MEAN
SHAPE_SHIFT_005_TO_015,51,KDE,-0.2886595708699431,0.019693367947116444,0.5555555555555556,PASS
SHAPE_SHIFT_005_TO_015,51,TAIL,-0.2276368618684276,0.02141718149581359,0.5555555555555556,PASS
SHAPE_SHIFT_005_TO_015,52,EMP,-0.1813401926529876,0.020226293835876544,0.5555555555555556,PASS
SHAPE_SHIFT_005_TO_015,52,EVENT-EMP,-0.1813401926529876,0.020226293835876544,0.5555555555555556,PASS
SHAPE_SHIFT_005_TO_015,52,GEV,-0.125575445600251,0.019035554716289666,0.6666666666666666,PASS_LMOM_FINITE_MEAN
SHAPE_SHIFT_005_TO_015,52,KDE,-0.1467297163257895,0.003898392882281856,0.6666666666666666,PASS
SHAPE_SHIFT_005_TO_015,52,TAIL,-0.1965981861864639,0.016624783285176557,0.5555555555555556,PASS
SHAPE_SHIFT_005_TO_015,53,EMP,-0.3841241253828665,0.0207881318493804,0.5555555555555556,PASS
SHAPE_SHIFT_005_TO_015,53,EVENT-EMP,-0.3841241253828665,0.017235728214493456,0.5555555555555556,PASS
SHAPE_SHIFT_005_TO_015,53,GEV,-0.319400925532915,0.017299275539032145,0.5555555555555556,PASS_LMOM_FINITE_MEAN
SHAPE_SHIFT_005_TO_015,53,KDE,-0.3315395476656222,0.01667211467098818,0.5555555555555556,PASS
SHAPE_SHIFT_005_TO_015,53,TAIL,-0.2284879002605779,0.021741051170007145,0.5555555555555556,PASS
SHAPE_SHIFT_005_TO_015,54,EMP,-0.2798184753844351,0.01375608843841781,0.5555555555555556,PASS
SHAPE_SHIFT_005_TO_015,54,EVENT-EMP,-0.2798184753844351,0.013598546298819156,0.5555555555555556,PASS
SHAPE_SHIFT_005_TO_015,54,GEV,-0.3228730508505943,0.013463928386974178,0.5555555555555556,PASS_LMOM_FINITE_MEAN
SHAPE_SHIFT_005_TO_015,54,KDE,-0.2528689131167135,0.0015158494778636242,0.6666666666666666,PASS
SHAPE_SHIFT_005_TO_015,54,TAIL,-0.133318663774247,0.0026367812943678334,0.6666666666666666,PASS
SHAPE_SHIFT_005_TO_015,55,EMP,-0.3057255677677464,0.024418867682480166,0.6666666666666666,PASS
SHAPE_SHIFT_005_TO_015,55,EVENT-EMP,-0.3057255677677464,0.019668274628473346,0.6666666666666666,PASS
SHAPE_SHIFT_005_TO_015,55,GEV,-0.2496464582192036,0.021275339574115378,0.6666666666666666,PASS_LMOM_FINITE_MEAN
SHAPE_SHIFT_005_TO_015,55,KDE,-0.278884639708008,0.018611615403234465,0.6666666666666666,PASS
SHAPE_SHIFT_005_TO_015,55,TAIL,-0.2685867950647977,0.020256071575261245,0.6666666666666666,PASS
SHAPE_SHIFT_005_TO_015,56,EMP,-0.2378178407818187,0.017741172010872743,0.6666666666666666,PASS
SHAPE_SHIFT_005_TO_015,56,EVENT-EMP,-0.2378178407818187,0.015222105357276845,0.5555555555555556,PASS
SHAPE_SHIFT_005_TO_015,56,GEV,-0.2134955846470381,0.017181490457830656,0.5555555555555556,PASS_LMOM_FINITE_MEAN
SHAPE_SHIFT_005_TO_015,56,KDE,-0.2027239848767212,0.003069534528731289,0.6666666666666666,PASS
SHAPE_SHIFT_005_TO_015,56,TAIL,-0.2421256605818629,0.017255020683903444,0.5555555555555556,PASS
SHAPE_SHIFT_005_TO_015,57,EMP,-0.1963871786955608,0.02112410259194187,0.5555555555555556,PASS
SHAPE_SHIFT_005_TO_015,57,EVENT-EMP,-0.1963871786955608,0.01640323649158442,0.5555555555555556,PASS
SHAPE_SHIFT_005_TO_015,57,GEV,-0.1763390158748253,0.019222430386323642,0.6666666666666666,PASS_LMOM_FINITE_MEAN
SHAPE_SHIFT_005_TO_015,57,KDE,-0.1649753614379336,0.016219779941861946,0.6666666666666666,PASS
SHAPE_SHIFT_005_TO_015,57,TAIL,-0.1626144465433979,0.01825448790881127,0.5555555555555556,PASS
SHAPE_SHIFT_005_TO_015,58,EMP,-0.2072641974542914,0.007008976461608267,0.6666666666666666,PASS
SHAPE_SHIFT_005_TO_015,58,EVENT-EMP,-0.2072641974542914,0.0019683138076968,0.6666666666666666,PASS
SHAPE_SHIFT_005_TO_015,58,GEV,0.0024359615080919,0.004098617370045268,0.6666666666666666,PASS_LMOM_FINITE_MEAN
SHAPE_SHIFT_005_TO_015,58,KDE,-0.1513120053651316,0.0054585168003894215,0.4444444444444444,PASS
SHAPE_SHIFT_005_TO_015,58,TAIL,-0.1375784892996686,0.002943874187892644,0.7777777777777778,PASS
SHAPE_SHIFT_005_TO_015,59,EMP,-0.3272292846911955,0.0015509587484681222,0.6666666666666666,PASS
SHAPE_SHIFT_005_TO_015,59,EVENT-EMP,-0.3272292846911955,0.0018083142174757,0.6666666666666666,PASS
SHAPE_SHIFT_005_TO_015,59,GEV,-0.2649843675223495,0.001921859249308278,0.6666666666666666,PASS_LMOM_FINITE_MEAN
SHAPE_SHIFT_005_TO_015,59,KDE,-0.269403925317723,0.0021216060746703444,0.6666666666666666,PASS
SHAPE_SHIFT_005_TO_015,59,TAIL,-0.1149783090635573,0.0025506490364025224,0.6666666666666666,PASS
SHAPE_SHIFT_005_TO_015,60,EMP,-0.2596317964071956,0.028030091376075334,0.5555555555555556,PASS
SHAPE_SHIFT_005_TO_015,60,EVENT-EMP,-0.2596317964071956,0.024103492485957747,0.5555555555555556,PASS
SHAPE_SHIFT_005_TO_015,60,GEV,-0.1475540221132368,0.02765430578489089,0.5555555555555556,PASS_LMOM_FINITE_MEAN
SHAPE_SHIFT_005_TO_015,60,KDE,-0.2147640425249452,0.02403307998119458,0.5555555555555556,PASS
SHAPE_SHIFT_005_TO_015,60,TAIL,-0.2154196273078536,0.018815595407502057,0.5555555555555556,PASS
SHAPE_SHIFT_005_TO_015,61,EMP,-0.1532537693839553,0.012512974399862344,0.6666666666666666,PASS
SHAPE_SHIFT_005_TO_015,61,EVENT-EMP,-0.1532537693839553,0.005465035053829611,0.6666666666666666,PASS
SHAPE_SHIFT_005_TO_015,61,GEV,0.031373576629361,0.007328841465374422,0.6666666666666666,PASS_LMOM_FINITE_MEAN
SHAPE_SHIFT_005_TO_015,61,KDE,-0.0964326575282597,0.0054585168003894215,0.4444444444444444,PASS
SHAPE_SHIFT_005_TO_015,61,TAIL,-0.1863030750268876,0.016705755574933086,0.6666666666666666,PASS
SHAPE_SHIFT_005_TO_015,62,EMP,-0.1563327695681808,0.0022034432281882554,0.6666666666666666,PASS
SHAPE_SHIFT_005_TO_015,62,EVENT-EMP,-0.1563327695681808,0.0016337428507039113,0.6666666666666666,PASS
SHAPE_SHIFT_005_TO_015,62,GEV,-0.1563854883550923,0.002966718061004567,0.6666666666666666,PASS_LMOM_FINITE_MEAN
SHAPE_SHIFT_005_TO_015,62,KDE,-0.1199725859740361,0.0018671843835673335,0.7777777777777778,PASS
SHAPE_SHIFT_005_TO_015,62,TAIL,-0.1546621340275741,0.0027739122749461335,0.6666666666666666,PASS
SHAPE_SHIFT_005_TO_015,63,EMP,0.6784016427711423,0.0054585168003894215,0.4444444444444444,PASS
SHAPE_SHIFT_005_TO_015,63,EVENT-EMP,0.6784016427711423,0.0054585168003894215,0.4444444444444444,PASS
SHAPE_SHIFT_005_TO_015,63,GEV,0.4678500524303495,0.0054585168003894215,0.4444444444444444,PASS_LMOM_FINITE_MEAN
SHAPE_SHIFT_005_TO_015,63,KDE,0.7774116837999375,0.0054585168003894215,0.4444444444444444,PASS
SHAPE_SHIFT_005_TO_015,63,TAIL,-0.0776537470290989,0.0032240852322196444,0.6666666666666666,PASS
SHAPE_SHIFT_005_TO_015,64,EMP,-0.2749917205018263,0.007391051306002233,0.6666666666666666,PASS
SHAPE_SHIFT_005_TO_015,64,EVENT-EMP,-0.2749917205018263,0.021386458664824633,0.6666666666666666,PASS
SHAPE_SHIFT_005_TO_015,64,GEV,-0.1862186015936906,0.0165918060376376,0.5555555555555556,PASS_LMOM_FINITE_MEAN
SHAPE_SHIFT_005_TO_015,64,KDE,-0.2437954895877754,0.0026296709718901553,0.6666666666666666,PASS
SHAPE_SHIFT_005_TO_015,64,TAIL,-0.264387485047246,0.01840557321043731,0.5555555555555556,PASS
SHAPE_SHIFT_005_TO_015,65,EMP,-0.4027808000695668,0.018970482004138547,0.5555555555555556,PASS
SHAPE_SHIFT_005_TO_015,65,EVENT-EMP,-0.4027808000695668,0.0211001469586971,0.5555555555555556,PASS
SHAPE_SHIFT_005_TO_015,65,GEV,-0.3630278134088317,0.016700920717556342,0.5555555555555556,PASS_LMOM_FINITE_MEAN
SHAPE_SHIFT_005_TO_015,65,KDE,-0.3672943781748453,0.01633777970611959,0.5555555555555556,PASS
SHAPE_SHIFT_005_TO_015,65,TAIL,-0.3508923252296796,0.021146918175792354,0.6666666666666666,PASS
SHAPE_SHIFT_005_TO_015,66,EMP,-0.2995141797397314,0.020587002811461978,0.5555555555555556,PASS
SHAPE_SHIFT_005_TO_015,66,EVENT-EMP,-0.2995141797397314,0.01635129335737591,0.5555555555555556,PASS
SHAPE_SHIFT_005_TO_015,66,GEV,-0.2392998008781232,0.01823188125236179,0.5555555555555556,PASS_LMOM_FINITE_MEAN
SHAPE_SHIFT_005_TO_015,66,KDE,-0.2735215747764933,0.016476661835834745,0.5555555555555556,PASS
SHAPE_SHIFT_005_TO_015,66,TAIL,-0.2573345018625461,0.018190905207851955,0.5555555555555556,PASS
SHAPE_SHIFT_005_TO_015,67,EMP,-0.1870771163676863,0.0016629604978952671,0.6666666666666666,PASS
SHAPE_SHIFT_005_TO_015,67,EVENT-EMP,-0.1870771163676863,0.0016629604978952671,0.6666666666666666,PASS
SHAPE_SHIFT_005_TO_015,67,GEV,-0.0481490468524341,0.0021036541424312664,0.6666666666666666,PASS_LMOM_FINITE_MEAN
SHAPE_SHIFT_005_TO_015,67,KDE,-0.1170072612234485,0.0054585168003894215,0.4444444444444444,PASS
SHAPE_SHIFT_005_TO_015,67,TAIL,-0.0621992168437288,0.0025441696446957445,0.6666666666666666,PASS
SHAPE_SHIFT_005_TO_015,68,EMP,-0.2387210464738658,0.021111337891700322,0.5555555555555556,PASS
SHAPE_SHIFT_005_TO_015,68,EVENT-EMP,-0.2387210464738658,0.0137705251037796,0.5555555555555556,PASS
SHAPE_SHIFT_005_TO_015,68,GEV,-0.1927443257849559,0.02186455333025679,0.5555555555555556,PASS_LMOM_FINITE_MEAN
SHAPE_SHIFT_005_TO_015,68,KDE,-0.2055894896266535,0.018650366217229066,0.5555555555555556,PASS
SHAPE_SHIFT_005_TO_015,68,TAIL,-0.2053695032487232,0.017273445984576,0.5555555555555556,PASS
SHAPE_SHIFT_005_TO_015,69,EMP,-0.0775786079610992,0.0054585168003894215,0.4444444444444444,PASS
SHAPE_SHIFT_005_TO_015,69,EVENT-EMP,-0.0775786079610992,0.0018999193638229886,0.6666666666666666,PASS
SHAPE_SHIFT_005_TO_015,69,GEV,0.0665356238012417,0.0054585168003894215,0.4444444444444444,PASS_LMOM_FINITE_MEAN
SHAPE_SHIFT_005_TO_015,69,KDE,-0.0114252397208289,0.0054585168003894215,0.4444444444444444,PASS
SHAPE_SHIFT_005_TO_015,69,TAIL,0.2714793172152717,0.002795976711493233,0.5555555555555556,PASS
SHAPE_SHIFT_005_TO_015,70,EMP,-0.0967066794807716,0.001383041522239669,0.6666666666666666,PASS
SHAPE_SHIFT_005_TO_015,70,EVENT-EMP,-0.0967066794807716,0.0017386886456361554,0.6666666666666666,PASS
SHAPE_SHIFT_005_TO_015,70,GEV,-0.0327816468741861,0.0026517749223656222,0.5555555555555556,PASS_LMOM_FINITE_MEAN
SHAPE_SHIFT_005_TO_015,70,KDE,-0.0529935124075035,0.002795976711493233,0.5555555555555556,PASS
SHAPE_SHIFT_005_TO_015,70,TAIL,-0.0899843138726322,0.0016007066747423001,0.6666666666666666,PASS
SHAPE_SHIFT_005_TO_015,71,EMP,-0.3271836523076874,0.0023143276430176224,0.6666666666666666,PASS
SHAPE_SHIFT_005_TO_015,71,EVENT-EMP,-0.3271836523076874,0.0015513707450591002,0.6666666666666666,PASS
SHAPE_SHIFT_005_TO_015,71,GEV,-0.2432897128220047,0.0017299521549055223,0.6666666666666666,PASS_LMOM_FINITE_MEAN
SHAPE_SHIFT_005_TO_015,71,KDE,-0.2726949709861027,0.001572948734477489,0.6666666666666666,PASS
SHAPE_SHIFT_005_TO_015,71,TAIL,0.0146633562362323,0.002565413366585722,0.6666666666666666,PASS
SHAPE_SHIFT_005_TO_015,72,EMP,-0.2240004500222453,0.015251768080507612,0.5555555555555556,PASS
SHAPE_SHIFT_005_TO_015,72,EVENT-EMP,-0.2240004500222453,0.01669581166321922,0.6666666666666666,PASS
SHAPE_SHIFT_005_TO_015,72,GEV,-0.2196877340379061,0.0024751045439622113,0.6666666666666666,PASS_LMOM_FINITE_MEAN
SHAPE_SHIFT_005_TO_015,72,KDE,-0.1911394799242157,0.0019512228602972222,0.6666666666666666,PASS
SHAPE_SHIFT_005_TO_015,72,TAIL,0.0945233901080333,0.0054585168003894215,0.4444444444444444,PASS
SHAPE_SHIFT_005_TO_015,73,EMP,-0.0932754450725961,0.0015499337739253557,0.7777777777777778,PASS
SHAPE_SHIFT_005_TO_015,73,EVENT-EMP,-0.0932754450725961,0.0010523326992955778,0.7777777777777778,PASS
SHAPE_SHIFT_005_TO_015,73,GEV,0.0014838640788373,0.0011933605239619555,0.7777777777777778,PASS_LMOM_FINITE_MEAN
SHAPE_SHIFT_005_TO_015,73,KDE,-0.0444298138757852,0.0036807390226116666,0.5555555555555556,PASS
SHAPE_SHIFT_005_TO_015,73,TAIL,0.0477661129652932,0.0006474245658757222,0.7777777777777778,PASS
SHAPE_SHIFT_005_TO_015,74,EMP,-0.2465954373864203,0.0139180891969728,0.5555555555555556,PASS
SHAPE_SHIFT_005_TO_015,74,EVENT-EMP,-0.2465954373864203,0.0017198126311848668,0.6666666666666666,PASS
SHAPE_SHIFT_005_TO_015,74,GEV,-0.2393016390295433,0.0018971645252423,0.6666666666666666,PASS_LMOM_FINITE_MEAN
SHAPE_SHIFT_005_TO_015,74,KDE,-0.2135989564003302,0.0016731684709847114,0.6666666666666666,PASS
SHAPE_SHIFT_005_TO_015,74,TAIL,-0.114051592226655,0.0031104771023195,0.7777777777777778,PASS
SHAPE_SHIFT_005_TO_015,75,EMP,-0.2608383118728991,0.006423812661981433,0.6666666666666666,PASS
SHAPE_SHIFT_005_TO_015,75,EVENT-EMP,-0.2608383118728991,0.006423812661981433,0.6666666666666666,PASS
SHAPE_SHIFT_005_TO_015,75,GEV,-0.1422500339593768,0.0035718007041902,0.7777777777777778,PASS_LMOM_FINITE_MEAN
SHAPE_SHIFT_005_TO_015,75,KDE,-0.2176845086872245,0.0025913318234106223,0.6666666666666666,PASS
SHAPE_SHIFT_005_TO_015,75,TAIL,-0.155491911059617,0.0037451825594566335,0.7777777777777778,PASS
SHAPE_SHIFT_005_TO_015,76,EMP,-0.4214928426427142,0.018797030274533798,0.5555555555555556,PASS
SHAPE_SHIFT_005_TO_015,76,EVENT-EMP,-0.4214928426427142,0.018758451839332124,0.6666666666666666,PASS
SHAPE_SHIFT_005_TO_015,76,GEV,-0.4190207031407144,0.017274253309214768,0.5555555555555556,PASS_LMOM_FINITE_MEAN
SHAPE_SHIFT_005_TO_015,76,KDE,-0.3989089728447234,0.017474013958112614,0.5555555555555556,PASS
SHAPE_SHIFT_005_TO_015,76,TAIL,-0.2708084656871166,0.021605467198451734,0.5555555555555556,PASS
SHAPE_SHIFT_005_TO_015,77,EMP,-0.1159803973540051,0.002795976711493233,0.5555555555555556,PASS
SHAPE_SHIFT_005_TO_015,77,EVENT-EMP,-0.1159803973540051,0.00026038681248704605,0.8888888888888888,PASS
SHAPE_SHIFT_005_TO_015,77,GEV,0.025622827936458,0.002795976711493233,0.5555555555555556,PASS_LMOM_FINITE_MEAN
SHAPE_SHIFT_005_TO_015,77,KDE,-0.0591129439727152,0.002795976711493233,0.5555555555555556,PASS
SHAPE_SHIFT_005_TO_015,77,TAIL,0.105832561647413,0.0018999193638229886,0.6666666666666666,PASS
SHAPE_SHIFT_005_TO_015,78,EMP,-0.0634086032896637,0.005006760002106289,0.6666666666666666,PASS
SHAPE_SHIFT_005_TO_015,78,EVENT-EMP,-0.0634086032896637,0.005014292445746589,0.6666666666666666,PASS
SHAPE_SHIFT_005_TO_015,78,GEV,0.0295049249191582,0.0029033075369398775,0.6666666666666666,PASS_LMOM_FINITE_MEAN
SHAPE_SHIFT_005_TO_015,78,KDE,-0.0208309813086169,0.001748613233358989,0.6666666666666666,PASS
SHAPE_SHIFT_005_TO_015,78,TAIL,-0.0265200122288291,0.0022919441858642777,0.6666666666666666,PASS
SHAPE_SHIFT_005_TO_015,79,EMP,-0.3802713692999758,0.025862151744632782,0.5555555555555556,PASS
SHAPE_SHIFT_005_TO_015,79,EVENT-EMP,-0.3802713692999758,0.018531424726873375,0.5555555555555556,PASS
SHAPE_SHIFT_005_TO_015,79,GEV,-0.3518798378596692,0.023693429366271192,0.5555555555555556,PASS_LMOM_FINITE_MEAN
SHAPE_SHIFT_005_TO_015,79,KDE,-0.353666920503012,0.021986982955802214,0.5555555555555556,PASS
SHAPE_SHIFT_005_TO_015,79,TAIL,-0.2905666921710734,0.023755818382218023,0.5555555555555556,PASS
SHAPE_SHIFT_005_TO_015,80,EMP,0.1123869981526125,0.002795976711493233,0.5555555555555556,PASS
SHAPE_SHIFT_005_TO_015,80,EVENT-EMP,0.1123869981526125,0.002795976711493233,0.5555555555555556,PASS
SHAPE_SHIFT_005_TO_015,80,GEV,0.3928890071831971,0.002795976711493233,0.5555555555555556,PASS_LMOM_FINITE_MEAN
SHAPE_SHIFT_005_TO_015,80,KDE,0.2046404426627192,0.002795976711493233,0.5555555555555556,PASS
SHAPE_SHIFT_005_TO_015,80,TAIL,0.0792650958051987,0.0018999193638229886,0.6666666666666666,PASS
SHAPE_SHIFT_005_TO_015,81,EMP,-0.2504390936776909,0.0015613275513274556,0.6666666666666666,PASS
SHAPE_SHIFT_005_TO_015,81,EVENT-EMP,-0.2504390936776909,0.0015022497956850974,0.6666666666666666,PASS
SHAPE_SHIFT_005_TO_015,81,GEV,-0.1798735444571627,0.001775449826801678,0.6666666666666666,PASS_LMOM_FINITE_MEAN
SHAPE_SHIFT_005_TO_015,81,KDE,-0.2080315734934942,0.001530448292830189,0.6666666666666666,PASS
SHAPE_SHIFT_005_TO_015,81,TAIL,-0.1441944497912669,0.0017831095356479114,0.6666666666666666,PASS
SHAPE_SHIFT_005_TO_015,82,EMP,-0.2098482385208216,0.0017907579401868446,0.6666666666666666,PASS
SHAPE_SHIFT_005_TO_015,82,EVENT-EMP,-0.2098482385208216,0.0015806314303989444,0.7777777777777778,PASS
SHAPE_SHIFT_005_TO_015,82,GEV,-0.0894003817478872,0.0024107336642651004,0.6666666666666666,PASS_LMOM_FINITE_MEAN
SHAPE_SHIFT_005_TO_015,82,KDE,-0.17224388395227,0.001496554299206011,0.7777777777777778,PASS
SHAPE_SHIFT_005_TO_015,82,TAIL,-0.1471722451783612,0.0029346112250186887,0.6666666666666666,PASS
SHAPE_SHIFT_005_TO_015,83,EMP,-0.2538945394244298,0.003415212417194,0.6666666666666666,PASS
SHAPE_SHIFT_005_TO_015,83,EVENT-EMP,-0.2538945394244298,0.003374278289381411,0.6666666666666666,PASS
SHAPE_SHIFT_005_TO_015,83,GEV,-0.1065570636015038,0.004251947577725634,0.6666666666666666,PASS_LMOM_FINITE_MEAN
SHAPE_SHIFT_005_TO_015,83,KDE,-0.1941895896351246,0.002768150673560389,0.6666666666666666,PASS
SHAPE_SHIFT_005_TO_015,83,TAIL,-0.162412103925654,0.004538760052184244,0.6666666666666666,PASS
SHAPE_SHIFT_005_TO_015,84,EMP,-0.1252071891336973,0.0018582472067085445,0.7777777777777778,PASS
SHAPE_SHIFT_005_TO_015,84,EVENT-EMP,-0.1252071891336973,0.00026624915706446666,1.0,PASS
SHAPE_SHIFT_005_TO_015,84,GEV,-0.0232765272965643,0.0014174845491009978,0.7777777777777778,PASS_LMOM_FINITE_MEAN
SHAPE_SHIFT_005_TO_015,84,KDE,-0.0813332009449675,0.0036807390226116666,0.5555555555555556,PASS
SHAPE_SHIFT_005_TO_015,84,TAIL,-0.069910507482237,0.0006038752227555514,0.7777777777777778,PASS
SHAPE_SHIFT_005_TO_015,85,EMP,-0.3850841446076857,0.028586873622899703,0.5555555555555556,PASS
SHAPE_SHIFT_005_TO_015,85,EVENT-EMP,-0.3850841446076857,0.02493999336318968,0.6666666666666666,PASS
SHAPE_SHIFT_005_TO_015,85,GEV,-0.3097181378083143,0.026080711193704913,0.5555555555555556,PASS_LMOM_FINITE_MEAN
SHAPE_SHIFT_005_TO_015,85,KDE,-0.3423533799216498,0.02444975358394938,0.5555555555555556,PASS
SHAPE_SHIFT_005_TO_015,85,TAIL,-0.3089438834685216,0.023667291047945457,0.5555555555555556,PASS
SHAPE_SHIFT_005_TO_015,86,EMP,-0.1887364198407721,0.004129270897027789,0.7777777777777778,PASS
SHAPE_SHIFT_005_TO_015,86,EVENT-EMP,-0.1887364198407721,0.0036622197822674665,0.7777777777777778,PASS
SHAPE_SHIFT_005_TO_015,86,GEV,-0.1298532557814444,0.0039900323764862,0.6666666666666666,PASS_LMOM_FINITE_MEAN
SHAPE_SHIFT_005_TO_015,86,KDE,-0.151166585393704,0.0026519028243635555,0.6666666666666666,PASS
SHAPE_SHIFT_005_TO_015,86,TAIL,-0.198796532694805,0.003147383611850822,0.6666666666666666,PASS
SHAPE_SHIFT_005_TO_015,87,EMP,-0.1369292607247634,0.0007743160809836666,0.7777777777777778,PASS
SHAPE_SHIFT_005_TO_015,87,EVENT-EMP,-0.1369292607247634,0.0009521905434034221,0.7777777777777778,PASS
SHAPE_SHIFT_005_TO_015,87,GEV,-0.1158278279189841,0.0007338579654996,0.7777777777777778,PASS_LMOM_FINITE_MEAN
SHAPE_SHIFT_005_TO_015,87,KDE,-0.096029615725969,0.0004982070172582556,0.8888888888888888,PASS
SHAPE_SHIFT_005_TO_015,87,TAIL,-0.0031697546522084,0.0013979704066831222,0.6666666666666666,PASS
SHAPE_SHIFT_005_TO_015,88,EMP,-0.1532904714304389,0.0006035436139576148,0.7777777777777778,PASS
SHAPE_SHIFT_005_TO_015,88,EVENT-EMP,-0.1532904714304389,0.0015332758254249334,0.6666666666666666,PASS
SHAPE_SHIFT_005_TO_015,88,GEV,-0.1151491709040123,0.0009070386221063888,0.7777777777777778,PASS_LMOM_FINITE_MEAN
SHAPE_SHIFT_005_TO_015,88,KDE,-0.1128667475550727,0.0006413645618527889,0.8888888888888888,PASS
SHAPE_SHIFT_005_TO_015,88,TAIL,-0.0707577490174117,0.0016133958467977,0.7777777777777778,PASS
SHAPE_SHIFT_005_TO_015,89,EMP,-0.2430066421410379,0.005126789427039023,0.6666666666666666,PASS
SHAPE_SHIFT_005_TO_015,89,EVENT-EMP,-0.2430066421410379,0.015112383306338233,0.5555555555555556,PASS
SHAPE_SHIFT_005_TO_015,89,GEV,-0.1844467757653079,0.0030885718881604224,0.6666666666666666,PASS_LMOM_FINITE_MEAN
SHAPE_SHIFT_005_TO_015,89,KDE,-0.2110375422914837,0.0022490665058720444,0.6666666666666666,PASS
SHAPE_SHIFT_005_TO_015,89,TAIL,-0.2154823842360619,0.015680266444642044,0.5555555555555556,PASS
SHAPE_SHIFT_005_TO_015,90,EMP,-0.1915152754907783,0.002598604079694689,0.6666666666666666,PASS
SHAPE_SHIFT_005_TO_015,90,EVENT-EMP,-0.1915152754907783,0.002525907643971922,0.6666666666666666,PASS
SHAPE_SHIFT_005_TO_015,90,GEV,-0.0805773646029319,0.0026140322996206335,0.6666666666666666,PASS_LMOM_FINITE_MEAN
SHAPE_SHIFT_005_TO_015,90,KDE,-0.1427649637629807,0.001914030268991489,0.6666666666666666,PASS
SHAPE_SHIFT_005_TO_015,90,TAIL,-0.0605453656427441,0.0018341029655540892,0.6666666666666666,PASS
SHAPE_SHIFT_005_TO_015,91,EMP,0.0031647226238099,0.0004862135688998222,0.8888888888888888,PASS
SHAPE_SHIFT_005_TO_015,91,EVENT-EMP,0.0031647226238099,0.0019948754286441004,0.6666666666666666,PASS
SHAPE_SHIFT_005_TO_015,91,GEV,0.0626757809123313,0.0006815200530079666,0.7777777777777778,PASS_LMOM_FINITE_MEAN
SHAPE_SHIFT_005_TO_015,91,KDE,0.0541372175718432,0.0018999193638229886,0.6666666666666666,PASS
SHAPE_SHIFT_005_TO_015,91,TAIL,-0.0189422993753427,0.002011530399637689,0.6666666666666666,PASS
SHAPE_SHIFT_005_TO_015,92,EMP,-0.3210809503494498,0.015267049207742201,0.5555555555555556,PASS
SHAPE_SHIFT_005_TO_015,92,EVENT-EMP,-0.3210809503494498,0.014931479283782955,0.5555555555555556,PASS
SHAPE_SHIFT_005_TO_015,92,GEV,-0.2420292903467405,0.015981236323208355,0.5555555555555556,PASS_LMOM_FINITE_MEAN
SHAPE_SHIFT_005_TO_015,92,KDE,-0.2740480412209362,0.002722495730547389,0.7777777777777778,PASS
SHAPE_SHIFT_005_TO_015,92,TAIL,-0.1904012287665251,0.003667490666983766,0.6666666666666666,PASS
SHAPE_SHIFT_005_TO_015,93,EMP,-0.3382961922728308,0.02025161297117279,0.5555555555555556,PASS
SHAPE_SHIFT_005_TO_015,93,EVENT-EMP,-0.3382961922728308,0.019170798368076156,0.6666666666666666,PASS
SHAPE_SHIFT_005_TO_015,93,GEV,-0.2660210724109491,0.024189500462918068,0.5555555555555556,PASS_LMOM_FINITE_MEAN
SHAPE_SHIFT_005_TO_015,93,KDE,-0.3043136068232187,0.022009290387388067,0.5555555555555556,PASS
SHAPE_SHIFT_005_TO_015,93,TAIL,-0.2782432379570256,0.021586385793843258,0.5555555555555556,PASS
SHAPE_SHIFT_005_TO_015,94,EMP,-0.2970241127462301,0.015124860646638844,0.5555555555555556,PASS
SHAPE_SHIFT_005_TO_015,94,EVENT-EMP,-0.2970241127462301,0.015433738220505299,0.6666666666666666,PASS
SHAPE_SHIFT_005_TO_015,94,GEV,-0.2065607856750101,0.01605247132776089,0.5555555555555556,PASS_LMOM_FINITE_MEAN
SHAPE_SHIFT_005_TO_015,94,KDE,-0.2492088648560479,0.0023776309566832334,0.6666666666666666,PASS
SHAPE_SHIFT_005_TO_015,94,TAIL,-0.2425409069848963,0.018256250524904566,0.5555555555555556,PASS
SHAPE_SHIFT_005_TO_015,95,EMP,-0.2532351428220566,0.0014921132784506716,0.6666666666666666,PASS
SHAPE_SHIFT_005_TO_015,95,EVENT-EMP,-0.2532351428220566,0.002320313253161734,0.6666666666666666,PASS
SHAPE_SHIFT_005_TO_015,95,GEV,-0.1691277192039223,0.0015310877106519,0.6666666666666666,PASS_LMOM_FINITE_MEAN
SHAPE_SHIFT_005_TO_015,95,KDE,-0.1951077439469937,0.001957638008261078,0.6666666666666666,PASS
SHAPE_SHIFT_005_TO_015,95,TAIL,-0.0095546213200723,0.0005006928273502334,0.7777777777777778,PASS
SHAPE_SHIFT_005_TO_015,96,EMP,-0.1777627519311105,0.003607138259061178,0.6666666666666666,PASS
SHAPE_SHIFT_005_TO_015,96,EVENT-EMP,-0.1777627519311105,0.0016941574693424336,0.6666666666666666,PASS
SHAPE_SHIFT_005_TO_015,96,GEV,-0.1371390154438968,0.0030730101712470887,0.6666666666666666,PASS_LMOM_FINITE_MEAN
SHAPE_SHIFT_005_TO_015,96,KDE,-0.1371341328981278,0.0054585168003894215,0.4444444444444444,PASS
SHAPE_SHIFT_005_TO_015,96,TAIL,0.0182167497000395,0.002055325712561978,0.6666666666666666,PASS
SHAPE_SHIFT_005_TO_015,97,EMP,0.5441980054205952,0.002795976711493233,0.5555555555555556,PASS
SHAPE_SHIFT_005_TO_015,97,EVENT-EMP,0.5441980054205952,0.002795976711493233,0.5555555555555556,PASS
SHAPE_SHIFT_005_TO_015,97,GEV,0.5245561461829983,0.002795976711493233,0.5555555555555556,PASS_LMOM_FINITE_MEAN
SHAPE_SHIFT_005_TO_015,97,KDE,0.631201301433576,0.002795976711493233,0.5555555555555556,PASS
SHAPE_SHIFT_005_TO_015,97,TAIL,0.0544676143651921,0.002795976711493233,0.5555555555555556,PASS
SHAPE_SHIFT_005_TO_015,98,EMP,-0.0867688047613129,0.004784084423300622,0.6666666666666666,PASS
SHAPE_SHIFT_005_TO_015,98,EVENT-EMP,-0.0867688047613129,0.0033815284893480113,0.6666666666666666,PASS
SHAPE_SHIFT_005_TO_015,98,GEV,0.145688181338442,0.003120105718923778,0.6666666666666666,PASS_LMOM_FINITE_MEAN
SHAPE_SHIFT_005_TO_015,98,KDE,-0.0281503822306153,0.0054585168003894215,0.4444444444444444,PASS
SHAPE_SHIFT_005_TO_015,98,TAIL,-0.0324850847278601,0.0018557359455648,0.7777777777777778,PASS
SHAPE_SHIFT_005_TO_015,99,EMP,-0.2462708268724393,0.006416144624459978,0.6666666666666666,PASS
SHAPE_SHIFT_005_TO_015,99,EVENT-EMP,-0.2462708268724393,0.0028840595010661335,0.6666666666666666,PASS
SHAPE_SHIFT_005_TO_015,99,GEV,-0.1191191776633305,0.006140618911296923,0.6666666666666666,PASS_LMOM_FINITE_MEAN
SHAPE_SHIFT_005_TO_015,99,KDE,-0.2009426573736261,0.0054585168003894215,0.4444444444444444,PASS
SHAPE_SHIFT_005_TO_015,99,TAIL,-0.0468511596122365,0.004781704501166911,0.6666666666666666,PASS
SHAPE_SHIFT_005_TO_015,100,EMP,-0.2909177831991634,0.015705846414177178,0.5555555555555556,PASS
SHAPE_SHIFT_005_TO_015,100,EVENT-EMP,-0.2909177831991634,0.013688631840405934,0.5555555555555556,PASS
SHAPE_SHIFT_005_TO_015,100,GEV,-0.2935583700442316,0.01508255171775041,0.5555555555555556,PASS_LMOM_FINITE_MEAN
SHAPE_SHIFT_005_TO_015,100,KDE,-0.2628769146618607,0.01451405692830131,0.5555555555555556,PASS
SHAPE_SHIFT_005_TO_015,100,TAIL,-0.2493819288776061,0.015713210868524945,0.5555555555555556,PASS
SHAPE_SHIFT_005_TO_015,101,EMP,-0.1516556979572435,0.0018229485065108335,0.6666666666666666,PASS
SHAPE_SHIFT_005_TO_015,101,EVENT-EMP,-0.1516556979572435,0.0009268911588405887,0.7777777777777778,PASS
SHAPE_SHIFT_005_TO_015,101,GEV,-0.0721269452528838,0.0019705576013509555,0.6666666666666666,PASS_LMOM_FINITE_MEAN
SHAPE_SHIFT_005_TO_015,101,KDE,-0.1070422288295168,0.0026517749223656222,0.5555555555555556,PASS
SHAPE_SHIFT_005_TO_015,101,TAIL,-0.0197728549861879,0.0006057759003303356,0.7777777777777778,PASS
SHAPE_SHIFT_005_TO_015,102,EMP,-0.3144260429701281,0.017220793931577466,0.5555555555555556,PASS
SHAPE_SHIFT_005_TO_015,102,EVENT-EMP,-0.3144260429701281,0.017220793931577466,0.5555555555555556,PASS
SHAPE_SHIFT_005_TO_015,102,GEV,-0.2261864351777586,0.017105565836102368,0.5555555555555556,PASS_LMOM_FINITE_MEAN
SHAPE_SHIFT_005_TO_015,102,KDE,-0.279701889358621,0.015619639101392413,0.5555555555555556,PASS
SHAPE_SHIFT_005_TO_015,102,TAIL,-0.2152549100351991,0.019102843878968392,0.5555555555555556,PASS
SHAPE_SHIFT_005_TO_015,103,EMP,-0.3453734464290581,0.026022137529086855,0.5555555555555556,PASS
SHAPE_SHIFT_005_TO_015,103,EVENT-EMP,-0.3453734464290581,0.0255918132903494,0.5555555555555556,PASS
SHAPE_SHIFT_005_TO_015,103,GEV,-0.2702996545943917,0.023983032727336935,0.5555555555555556,PASS_LMOM_FINITE_MEAN
SHAPE_SHIFT_005_TO_015,103,KDE,-0.3032721752922518,0.022021733779675326,0.5555555555555556,PASS
SHAPE_SHIFT_005_TO_015,103,TAIL,-0.2978754525628773,0.020765877663616667,0.6666666666666666,PASS
SHAPE_SHIFT_005_TO_015,104,EMP,-0.1582199352181466,0.0007362284398903777,0.7777777777777778,PASS
SHAPE_SHIFT_005_TO_015,104,EVENT-EMP,-0.1582199352181466,0.000952550791764111,0.7777777777777778,PASS
SHAPE_SHIFT_005_TO_015,104,GEV,-0.0898218860519165,0.0006928156508032888,0.7777777777777778,PASS_LMOM_FINITE_MEAN
SHAPE_SHIFT_005_TO_015,104,KDE,-0.1147375083937979,0.0004160570399003889,0.8888888888888888,PASS
SHAPE_SHIFT_005_TO_015,104,TAIL,0.1443367913406311,0.002795976711493233,0.5555555555555556,PASS
SHAPE_SHIFT_005_TO_015,105,EMP,-0.2025838323244027,0.0015097672105859072,0.6666666666666666,PASS
SHAPE_SHIFT_005_TO_015,105,EVENT-EMP,-0.2025838323244027,0.0016887550604925113,0.6666666666666666,PASS
SHAPE_SHIFT_005_TO_015,105,GEV,-0.2146599698088946,0.0018259173677355556,0.6666666666666666,PASS_LMOM_FINITE_MEAN
SHAPE_SHIFT_005_TO_015,105,KDE,-0.1726113608252649,0.0015308042919833223,0.6666666666666666,PASS
SHAPE_SHIFT_005_TO_015,105,TAIL,-0.1857279542762813,0.0021503989681357113,0.6666666666666666,PASS
SHAPE_SHIFT_005_TO_015,106,EMP,-0.3343851056544185,0.018903283790879702,0.5555555555555556,PASS
SHAPE_SHIFT_005_TO_015,106,EVENT-EMP,-0.3343851056544185,0.014583852875492678,0.5555555555555556,PASS
SHAPE_SHIFT_005_TO_015,106,GEV,-0.2764319720750922,0.017530083158504586,0.5555555555555556,PASS_LMOM_FINITE_MEAN
SHAPE_SHIFT_005_TO_015,106,KDE,-0.2962208879648445,0.01615798009478829,0.6666666666666666,PASS
SHAPE_SHIFT_005_TO_015,106,TAIL,-0.1822164456257666,0.0032719690596827115,0.6666666666666666,PASS
SHAPE_SHIFT_005_TO_015,107,EMP,-0.1957175185072349,0.0015609334467545778,0.6666666666666666,PASS
SHAPE_SHIFT_005_TO_015,107,EVENT-EMP,-0.1957175185072349,0.0016715230591319115,0.6666666666666666,PASS
SHAPE_SHIFT_005_TO_015,107,GEV,-0.1535410899831355,0.0016139592691193,0.6666666666666666,PASS_LMOM_FINITE_MEAN
SHAPE_SHIFT_005_TO_015,107,KDE,-0.1575631294826446,0.0015003813545093024,0.6666666666666666,PASS
SHAPE_SHIFT_005_TO_015,107,TAIL,-0.0676580242611695,0.0016210841580310779,0.6666666666666666,PASS
SHAPE_SHIFT_005_TO_015,108,EMP,0.2453082392046733,0.0036807390226116666,0.5555555555555556,PASS
SHAPE_SHIFT_005_TO_015,108,EVENT-EMP,0.2453082392046733,0.0037173827880534888,0.6666666666666666,PASS
SHAPE_SHIFT_005_TO_015,108,GEV,0.2721842495131102,0.0036807390226116666,0.5555555555555556,PASS_LMOM_FINITE_MEAN
SHAPE_SHIFT_005_TO_015,108,KDE,0.3118341365170044,0.0036807390226116666,0.5555555555555556,PASS
SHAPE_SHIFT_005_TO_015,108,TAIL,-0.0714517703178239,0.002155521602443011,0.7777777777777778,PASS
SHAPE_SHIFT_005_TO_015,109,EMP,0.1940231673542019,0.0036807390226116666,0.5555555555555556,PASS
SHAPE_SHIFT_005_TO_015,109,EVENT-EMP,0.1940231673542019,0.0054585168003894215,0.4444444444444444,PASS
SHAPE_SHIFT_005_TO_015,109,GEV,0.2668619118820569,0.0036807390226116666,0.5555555555555556,PASS_LMOM_FINITE_MEAN
SHAPE_SHIFT_005_TO_015,109,KDE,0.2582205505403674,0.0036807390226116666,0.5555555555555556,PASS
SHAPE_SHIFT_005_TO_015,109,TAIL,-0.065358006369132,0.0018832932254745222,0.7777777777777778,PASS
SHAPE_SHIFT_005_TO_015,110,EMP,-0.3166828157342454,0.023236833352831412,0.5555555555555556,PASS
SHAPE_SHIFT_005_TO_015,110,EVENT-EMP,-0.3166828157342454,0.020940460163996946,0.5555555555555556,PASS
SHAPE_SHIFT_005_TO_015,110,GEV,-0.1542446466474079,0.020961433049061645,0.5555555555555556,PASS_LMOM_FINITE_MEAN
SHAPE_SHIFT_005_TO_015,110,KDE,-0.2618696984565466,0.005572283705423578,0.6666666666666666,PASS
SHAPE_SHIFT_005_TO_015,110,TAIL,-0.2083521788595449,0.018162608618895286,0.6666666666666666,PASS
SHAPE_SHIFT_005_TO_015,111,EMP,-0.1993280810335218,0.0054585168003894215,0.4444444444444444,PASS
SHAPE_SHIFT_005_TO_015,111,EVENT-EMP,-0.1993280810335218,0.0054585168003894215,0.4444444444444444,PASS
SHAPE_SHIFT_005_TO_015,111,GEV,0.0646913219073957,0.0054585168003894215,0.4444444444444444,PASS_LMOM_FINITE_MEAN
SHAPE_SHIFT_005_TO_015,111,KDE,-0.1127898517839371,0.0054585168003894215,0.4444444444444444,PASS
SHAPE_SHIFT_005_TO_015,111,TAIL,0.0554650062607414,0.003602346699042911,0.6666666666666666,PASS
SHAPE_SHIFT_005_TO_015,112,EMP,-0.2868068703854367,0.0018034604230771887,0.6666666666666666,PASS
SHAPE_SHIFT_005_TO_015,112,EVENT-EMP,-0.2868068703854367,0.0018034604230771887,0.6666666666666666,PASS
SHAPE_SHIFT_005_TO_015,112,GEV,-0.1890216608334108,0.0016015935376033446,0.6666666666666666,PASS_LMOM_FINITE_MEAN
SHAPE_SHIFT_005_TO_015,112,KDE,-0.2303085476149384,0.001492148869502677,0.6666666666666666,PASS
SHAPE_SHIFT_005_TO_015,112,TAIL,-0.1371029256946632,0.0020291186727244667,0.6666666666666666,PASS
SHAPE_SHIFT_005_TO_015,113,EMP,-0.312880962108739,0.016884823011128387,0.5555555555555556,PASS
SHAPE_SHIFT_005_TO_015,113,EVENT-EMP,-0.312880962108739,0.01663297443986437,0.5555555555555556,PASS
SHAPE_SHIFT_005_TO_015,113,GEV,-0.2193298385407016,0.002551090233041322,0.6666666666666666,PASS_LMOM_FINITE_MEAN
SHAPE_SHIFT_005_TO_015,113,KDE,-0.2600441421177354,0.0022553461094099556,0.6666666666666666,PASS
SHAPE_SHIFT_005_TO_015,113,TAIL,-0.1658362005520908,0.0033589891913225777,0.7777777777777778,PASS
SHAPE_SHIFT_005_TO_015,114,EMP,-0.3715115435128965,0.016925027202883646,0.5555555555555556,PASS
SHAPE_SHIFT_005_TO_015,114,EVENT-EMP,-0.3715115435128965,0.01563985718670799,0.5555555555555556,PASS
SHAPE_SHIFT_005_TO_015,114,GEV,-0.3142067716153294,0.016199916805720575,0.5555555555555556,PASS_LMOM_FINITE_MEAN
SHAPE_SHIFT_005_TO_015,114,KDE,-0.3232698382286676,0.015786863997759644,0.5555555555555556,PASS
SHAPE_SHIFT_005_TO_015,114,TAIL,-0.2706736584182888,0.01767772020491838,0.5555555555555556,PASS
SHAPE_SHIFT_005_TO_015,115,EMP,0.0108859778474966,0.0036807390226116666,0.5555555555555556,PASS
SHAPE_SHIFT_005_TO_015,115,EVENT-EMP,0.0108859778474966,0.0018999193638229886,0.6666666666666666,PASS
SHAPE_SHIFT_005_TO_015,115,GEV,0.2214200829187971,0.0036807390226116666,0.5555555555555556,PASS_LMOM_FINITE_MEAN
SHAPE_SHIFT_005_TO_015,115,KDE,0.0695992661520714,0.0036807390226116666,0.5555555555555556,PASS
SHAPE_SHIFT_005_TO_015,115,TAIL,0.010708932818415,0.0002840077123836222,0.8888888888888888,PASS
SHAPE_SHIFT_005_TO_015,116,EMP,-0.2435331852319514,0.0023185182746364445,0.6666666666666666,PASS
SHAPE_SHIFT_005_TO_015,116,EVENT-EMP,-0.2435331852319514,0.0022455727105402997,0.6666666666666666,PASS
SHAPE_SHIFT_005_TO_015,116,GEV,-0.1074149611143049,0.0019753702051919448,0.6666666666666666,PASS_LMOM_FINITE_MEAN
SHAPE_SHIFT_005_TO_015,116,KDE,-0.173466466996383,0.0054585168003894215,0.4444444444444444,PASS
SHAPE_SHIFT_005_TO_015,116,TAIL,-0.0442562459904487,0.003688660101154278,0.6666666666666666,PASS
SHAPE_SHIFT_005_TO_015,117,EMP,-0.2545385959431221,0.01857868562282759,0.5555555555555556,PASS
SHAPE_SHIFT_005_TO_015,117,EVENT-EMP,-0.2545385959431221,0.0031621116491138,0.6666666666666666,PASS
SHAPE_SHIFT_005_TO_015,117,GEV,-0.1047046902726031,0.02113072143148413,0.5555555555555556,PASS_LMOM_FINITE_MEAN
SHAPE_SHIFT_005_TO_015,117,KDE,-0.213215725779308,0.004957610650166389,0.6666666666666666,PASS
SHAPE_SHIFT_005_TO_015,117,TAIL,-0.119334872927608,0.0029694628295519445,0.7777777777777778,PASS
SHAPE_SHIFT_005_TO_015,118,EMP,-0.1489773335285668,0.002211697781259956,0.6666666666666666,PASS
SHAPE_SHIFT_005_TO_015,118,EVENT-EMP,-0.1489773335285668,0.002226075589885378,0.6666666666666666,PASS
SHAPE_SHIFT_005_TO_015,118,GEV,-0.2155961389438771,0.0014921397808048515,0.6666666666666666,PASS_LMOM_FINITE_MEAN
SHAPE_SHIFT_005_TO_015,118,KDE,-0.112419812071858,0.0015950754762800335,0.6666666666666666,PASS
SHAPE_SHIFT_005_TO_015,118,TAIL,-0.1166092480151261,0.0018897548239559668,0.6666666666666666,PASS
SHAPE_SHIFT_005_TO_015,119,EMP,-0.2306374373062553,0.0024197804716105556,0.6666666666666666,PASS
SHAPE_SHIFT_005_TO_015,119,EVENT-EMP,-0.2306374373062553,0.002316463919550633,0.7777777777777778,PASS
SHAPE_SHIFT_005_TO_015,119,GEV,-0.1557796812334385,0.0017930104658091554,0.6666666666666666,PASS_LMOM_FINITE_MEAN
SHAPE_SHIFT_005_TO_015,119,KDE,-0.1836436393429577,0.0016793656003606557,0.6666666666666666,PASS
SHAPE_SHIFT_005_TO_015,119,TAIL,-0.1030862856228435,0.0035123432738521664,0.6666666666666666,PASS
SHAPE_SHIFT_005_TO_015,120,EMP,-0.3157668281341846,0.0023204417212714,0.6666666666666666,PASS
SHAPE_SHIFT_005_TO_015,120,EVENT-EMP,-0.3157668281341846,0.001572376625630289,0.6666666666666666,PASS
SHAPE_SHIFT_005_TO_015,120,GEV,-0.2273458852944484,0.0017573355760729559,0.6666666666666666,PASS_LMOM_FINITE_MEAN
SHAPE_SHIFT_005_TO_015,120,KDE,-0.2606125683629726,0.0015811779026190002,0.6666666666666666,PASS
SHAPE_SHIFT_005_TO_015,120,TAIL,-0.1368253089491391,0.002658052622804589,0.6666666666666666,PASS
SHAPE_SHIFT_005_TO_015,121,EMP,0.1439424886618811,0.002795976711493233,0.5555555555555556,PASS
SHAPE_SHIFT_005_TO_015,121,EVENT-EMP,0.1439424886618811,0.002795976711493233,0.5555555555555556,PASS
SHAPE_SHIFT_005_TO_015,121,GEV,0.2788064573159513,0.002795976711493233,0.5555555555555556,PASS_LMOM_FINITE_MEAN
SHAPE_SHIFT_005_TO_015,121,KDE,0.2073589499345694,0.002795976711493233,0.5555555555555556,PASS
SHAPE_SHIFT_005_TO_015,121,TAIL,0.1151203594100902,0.002795976711493233,0.5555555555555556,PASS
SHAPE_SHIFT_005_TO_015,122,EMP,0.0557537275729864,0.002795976711493233,0.5555555555555556,PASS
SHAPE_SHIFT_005_TO_015,122,EVENT-EMP,0.0557537275729864,0.002795976711493233,0.5555555555555556,PASS
SHAPE_SHIFT_005_TO_015,122,GEV,0.4231856741943113,0.002795976711493233,0.5555555555555556,PASS_LMOM_FINITE_MEAN
SHAPE_SHIFT_005_TO_015,122,KDE,0.130532781775438,0.002795976711493233,0.5555555555555556,PASS
SHAPE_SHIFT_005_TO_015,122,TAIL,0.7037816762308302,0.002795976711493233,0.5555555555555556,PASS
SHAPE_SHIFT_005_TO_015,123,EMP,-0.1917334326103007,0.002216507362179933,0.6666666666666666,PASS
SHAPE_SHIFT_005_TO_015,123,EVENT-EMP,-0.1917334326103007,0.0016626146783607332,0.7777777777777778,PASS
SHAPE_SHIFT_005_TO_015,123,GEV,-0.0697484055914195,0.001191238837774478,0.7777777777777778,PASS_LMOM_FINITE_MEAN
SHAPE_SHIFT_005_TO_015,123,KDE,-0.1355838402882048,0.0025484583703057,0.6666666666666666,PASS
SHAPE_SHIFT_005_TO_015,123,TAIL,-0.0599290230273733,0.0006673020900380777,0.7777777777777778,PASS
SHAPE_SHIFT_005_TO_015,124,EMP,0.1742295154438946,0.003844636194393567,0.6666666666666666,PASS
SHAPE_SHIFT_005_TO_015,124,EVENT-EMP,0.1742295154438946,0.003844636194393567,0.6666666666666666,PASS
SHAPE_SHIFT_005_TO_015,124,GEV,0.111606255888795,0.005985466357823655,0.6666666666666666,PASS_LMOM_FINITE_MEAN
SHAPE_SHIFT_005_TO_015,124,KDE,0.2339398894527626,0.0054585168003894215,0.4444444444444444,PASS
SHAPE_SHIFT_005_TO_015,124,TAIL,-0.1075859214688159,0.0021228942517702667,0.6666666666666666,PASS
SHAPE_SHIFT_005_TO_015,125,EMP,0.0796945259700649,0.010184113702307434,0.6666666666666666,PASS
SHAPE_SHIFT_005_TO_015,125,EVENT-EMP,0.0796945259700649,0.005041392427690278,0.6666666666666666,PASS
SHAPE_SHIFT_005_TO_015,125,GEV,0.1806839499770323,0.008482450641263111,0.6666666666666666,PASS_LMOM_FINITE_MEAN
SHAPE_SHIFT_005_TO_015,125,KDE,0.1352015596343919,0.0054585168003894215,0.4444444444444444,PASS
SHAPE_SHIFT_005_TO_015,125,TAIL,-0.0822960991427741,0.0035398112914806334,0.6666666666666666,PASS
SHAPE_SHIFT_005_TO_015,126,EMP,-0.1980559183279664,0.0020398976364562446,0.6666666666666666,PASS
SHAPE_SHIFT_005_TO_015,126,EVENT-EMP,-0.1980559183279664,0.0015108392247464991,0.6666666666666666,PASS
SHAPE_SHIFT_005_TO_015,126,GEV,-0.123745630381127,0.002620631012835522,0.6666666666666666,PASS_LMOM_FINITE_MEAN
SHAPE_SHIFT_005_TO_015,126,KDE,-0.1629649246205906,0.0017041260887069223,0.6666666666666666,PASS
SHAPE_SHIFT_005_TO_015,126,TAIL,-0.1951056603330047,0.0019127187310574777,0.6666666666666666,PASS
SHAPE_SHIFT_005_TO_015,127,EMP,-0.0230143707573762,0.021486847817686547,0.5555555555555556,PASS
SHAPE_SHIFT_005_TO_015,127,EVENT-EMP,-0.0230143707573762,0.018064066982967333,0.5555555555555556,PASS
SHAPE_SHIFT_005_TO_015,127,GEV,-0.0084190470532294,0.028123429527705315,0.5555555555555556,PASS_LMOM_FINITE_MEAN
SHAPE_SHIFT_005_TO_015,127,KDE,0.0233609055069305,0.0054585168003894215,0.4444444444444444,PASS
SHAPE_SHIFT_005_TO_015,127,TAIL,-0.1759758240437389,0.017011548516771422,0.6666666666666666,PASS
SHAPE_SHIFT_005_TO_015,128,EMP,-0.3138178271440718,0.01819401890260599,0.5555555555555556,PASS
SHAPE_SHIFT_005_TO_015,128,EVENT-EMP,-0.3138178271440718,0.014557911078507978,0.5555555555555556,PASS
SHAPE_SHIFT_005_TO_015,128,GEV,-0.2803899198621518,0.015978640023363924,0.5555555555555556,PASS_LMOM_FINITE_MEAN
SHAPE_SHIFT_005_TO_015,128,KDE,-0.2907688527821396,0.014982072222378255,0.5555555555555556,PASS
SHAPE_SHIFT_005_TO_015,128,TAIL,-0.2728865705129213,0.016030975145399133,0.5555555555555556,PASS
SHAPE_SHIFT_005_TO_015,129,EMP,-0.0197710306373965,0.0014954956377005542,0.6666666666666666,PASS
SHAPE_SHIFT_005_TO_015,129,EVENT-EMP,-0.0197710306373965,0.0016396974268281653,0.6666666666666666,PASS
SHAPE_SHIFT_005_TO_015,129,GEV,0.0116914398072819,0.0018787482889089445,0.6666666666666666,PASS_LMOM_FINITE_MEAN
SHAPE_SHIFT_005_TO_015,129,KDE,0.0284550908960529,0.0036807390226116666,0.5555555555555556,PASS
SHAPE_SHIFT_005_TO_015,129,TAIL,-0.084450582644033,0.0020719796060393557,0.6666666666666666,PASS
SHAPE_SHIFT_005_TO_015,130,EMP,0.1589506136390413,0.005550391402859489,0.6666666666666666,PASS
SHAPE_SHIFT_005_TO_015,130,EVENT-EMP,0.1589506136390413,0.005550391402859489,0.6666666666666666,PASS
SHAPE_SHIFT_005_TO_015,130,GEV,0.1903975006900206,0.006625628640407589,0.6666666666666666,PASS_LMOM_FINITE_MEAN
SHAPE_SHIFT_005_TO_015,130,KDE,0.2174014308000508,0.0054585168003894215,0.4444444444444444,PASS
SHAPE_SHIFT_005_TO_015,130,TAIL,-0.1333073517783854,0.003148397314872211,0.7777777777777778,PASS
SHAPE_SHIFT_005_TO_015,131,EMP,-0.2290795899098242,0.021364948680377645,0.5555555555555556,PASS
SHAPE_SHIFT_005_TO_015,131,EVENT-EMP,-0.2290795899098242,0.022533617179339844,0.5555555555555556,PASS
SHAPE_SHIFT_005_TO_015,131,GEV,-0.2208214946230923,0.017963060550502046,0.6666666666666666,PASS_LMOM_FINITE_MEAN
SHAPE_SHIFT_005_TO_015,131,KDE,-0.1966411595038812,0.016336628201456333,0.5555555555555556,PASS
SHAPE_SHIFT_005_TO_015,131,TAIL,-0.2487547181550147,0.021014909150675925,0.5555555555555556,PASS
SHAPE_SHIFT_005_TO_015,132,EMP,-0.3282622301490284,0.02210396709666436,0.6666666666666666,PASS
SHAPE_SHIFT_005_TO_015,132,EVENT-EMP,-0.3282622301490284,0.020072975333170213,0.6666666666666666,PASS
SHAPE_SHIFT_005_TO_015,132,GEV,-0.2407349327781743,0.020268848135810733,0.6666666666666666,PASS_LMOM_FINITE_MEAN
SHAPE_SHIFT_005_TO_015,132,KDE,-0.2838757700568595,0.01887459530707239,0.5555555555555556,PASS
SHAPE_SHIFT_005_TO_015,132,TAIL,-0.2284237602053519,0.0198712749747647,0.5555555555555556,PASS
SHAPE_SHIFT_005_TO_015,133,EMP,0.0822008873687418,0.0018999193638229886,0.6666666666666666,PASS
SHAPE_SHIFT_005_TO_015,133,EVENT-EMP,0.0822008873687418,0.0018999193638229886,0.6666666666666666,PASS
SHAPE_SHIFT_005_TO_015,133,GEV,0.3289028418782122,0.0018999193638229886,0.6666666666666666,PASS_LMOM_FINITE_MEAN
SHAPE_SHIFT_005_TO_015,133,KDE,0.146636823196433,0.0018999193638229886,0.6666666666666666,PASS
SHAPE_SHIFT_005_TO_015,133,TAIL,0.2646803595475834,0.002795976711493233,0.5555555555555556,PASS
SHAPE_SHIFT_005_TO_015,134,EMP,-0.3239236993724884,0.022794357724197266,0.6666666666666666,PASS
SHAPE_SHIFT_005_TO_015,134,EVENT-EMP,-0.3239236993724884,0.022069076761750902,0.5555555555555556,PASS
SHAPE_SHIFT_005_TO_015,134,GEV,-0.2818148520595055,0.021775461379589134,0.6666666666666666,PASS_LMOM_FINITE_MEAN
SHAPE_SHIFT_005_TO_015,134,KDE,-0.2987818731406866,0.020201568874750647,0.5555555555555556,PASS
SHAPE_SHIFT_005_TO_015,134,TAIL,-0.2895873249736502,0.022694653020069025,0.5555555555555556,PASS
SHAPE_SHIFT_005_TO_015,135,EMP,0.0939891169715906,0.0018999193638229886,0.6666666666666666,PASS
SHAPE_SHIFT_005_TO_015,135,EVENT-EMP,0.0939891169715906,0.002795976711493233,0.5555555555555556,PASS
SHAPE_SHIFT_005_TO_015,135,GEV,0.3574682720930022,0.0036807390226116666,0.5555555555555556,PASS_LMOM_FINITE_MEAN
SHAPE_SHIFT_005_TO_015,135,KDE,0.1675988121782908,0.0018999193638229886,0.6666666666666666,PASS
SHAPE_SHIFT_005_TO_015,135,TAIL,0.0117127629963611,0.000380971094025536,0.8888888888888888,PASS
SHAPE_SHIFT_005_TO_015,136,EMP,-0.0748814644984996,0.0027550869773512224,0.6666666666666666,PASS
SHAPE_SHIFT_005_TO_015,136,EVENT-EMP,-0.0748814644984996,0.003320963404686345,0.6666666666666666,PASS
SHAPE_SHIFT_005_TO_015,136,GEV,-0.1239998908696818,0.0029414161914621886,0.6666666666666666,PASS_LMOM_FINITE_MEAN
SHAPE_SHIFT_005_TO_015,136,KDE,-0.0347704046068923,0.0020434150750067446,0.6666666666666666,PASS
SHAPE_SHIFT_005_TO_015,136,TAIL,-0.2030201422598962,0.01672555453106571,0.5555555555555556,PASS
SHAPE_SHIFT_005_TO_015,137,EMP,-0.1912372919798667,0.001527690981954978,0.6666666666666666,PASS
SHAPE_SHIFT_005_TO_015,137,EVENT-EMP,-0.1912372919798667,0.0014963603519329188,0.6666666666666666,PASS
SHAPE_SHIFT_005_TO_015,137,GEV,-0.1811254728062044,0.0020329107490806558,0.6666666666666666,PASS_LMOM_FINITE_MEAN
SHAPE_SHIFT_005_TO_015,137,KDE,-0.1585365551000734,0.0015553653283252777,0.6666666666666666,PASS
SHAPE_SHIFT_005_TO_015,137,TAIL,0.0087982049651374,0.0002771597037770445,0.8888888888888888,PASS
SHAPE_SHIFT_005_TO_015,138,EMP,0.0581241376380148,0.002795976711493233,0.5555555555555556,PASS
SHAPE_SHIFT_005_TO_015,138,EVENT-EMP,0.0581241376380148,0.002795976711493233,0.5555555555555556,PASS
SHAPE_SHIFT_005_TO_015,138,GEV,0.3215508064403091,0.002795976711493233,0.5555555555555556,PASS_LMOM_FINITE_MEAN
SHAPE_SHIFT_005_TO_015,138,KDE,0.1204213022045214,0.002795976711493233,0.5555555555555556,PASS
SHAPE_SHIFT_005_TO_015,138,TAIL,0.0560726839623277,0.002795976711493233,0.5555555555555556,PASS
SHAPE_SHIFT_005_TO_015,139,EMP,-0.2202356420144319,0.003405631044256778,0.6666666666666666,PASS
SHAPE_SHIFT_005_TO_015,139,EVENT-EMP,-0.2202356420144319,0.004598842744177067,0.6666666666666666,PASS
SHAPE_SHIFT_005_TO_015,139,GEV,-0.108001772199884,0.002425563794642589,0.6666666666666666,PASS_LMOM_FINITE_MEAN
SHAPE_SHIFT_005_TO_015,139,KDE,-0.1667230530786092,0.0054585168003894215,0.4444444444444444,PASS
SHAPE_SHIFT_005_TO_015,139,TAIL,-0.0943790614368275,0.0031095174809288558,0.6666666666666666,PASS
SHAPE_SHIFT_005_TO_015,140,EMP,0.0761135092363051,0.009501998903513754,0.6666666666666666,PASS
SHAPE_SHIFT_005_TO_015,140,EVENT-EMP,0.0761135092363051,0.006463318293100478,0.6666666666666666,PASS
SHAPE_SHIFT_005_TO_015,140,GEV,0.1631734184497938,0.009306772529482388,0.6666666666666666,PASS_LMOM_FINITE_MEAN
SHAPE_SHIFT_005_TO_015,140,KDE,0.1312333960400487,0.0054585168003894215,0.4444444444444444,PASS
SHAPE_SHIFT_005_TO_015,140,TAIL,-0.1229646988110962,0.0045717470156931,0.6666666666666666,PASS
SHAPE_SHIFT_005_TO_015,141,EMP,0.3165419578443264,0.002881015386369489,0.7777777777777778,PASS
SHAPE_SHIFT_005_TO_015,141,EVENT-EMP,0.3165419578443264,0.0054585168003894215,0.4444444444444444,PASS
SHAPE_SHIFT_005_TO_015,141,GEV,0.3123361669828953,0.0036807390226116666,0.5555555555555556,PASS_LMOM_FINITE_MEAN
SHAPE_SHIFT_005_TO_015,141,KDE,0.3869037198804517,0.0036807390226116666,0.5555555555555556,PASS
SHAPE_SHIFT_005_TO_015,141,TAIL,0.0091056784113633,0.003055220699724656,0.6666666666666666,PASS
SHAPE_SHIFT_005_TO_015,142,EMP,-0.3038489243622357,0.022490240247505667,0.6666666666666666,PASS
SHAPE_SHIFT_005_TO_015,142,EVENT-EMP,-0.3038489243622357,0.017745674382294064,0.5555555555555556,PASS
SHAPE_SHIFT_005_TO_015,142,GEV,-0.2232435490096372,0.019749231055411657,0.6666666666666666,PASS_LMOM_FINITE_MEAN
SHAPE_SHIFT_005_TO_015,142,KDE,-0.2690245685298014,0.018249474283484512,0.5555555555555556,PASS
SHAPE_SHIFT_005_TO_015,142,TAIL,-0.2132244537664235,0.015805753884656843,0.5555555555555556,PASS
SHAPE_SHIFT_005_TO_015,143,EMP,-0.331092537010817,0.017895720728621535,0.5555555555555556,PASS
SHAPE_SHIFT_005_TO_015,143,EVENT-EMP,-0.331092537010817,0.0165086771635088,0.5555555555555556,PASS
SHAPE_SHIFT_005_TO_015,143,GEV,-0.2711801771933218,0.018359532691138842,0.5555555555555556,PASS_LMOM_FINITE_MEAN
SHAPE_SHIFT_005_TO_015,143,KDE,-0.3007399289371197,0.016992083763903612,0.5555555555555556,PASS
SHAPE_SHIFT_005_TO_015,143,TAIL,-0.220382686701045,0.020534206991079246,0.5555555555555556,PASS
SHAPE_SHIFT_005_TO_015,144,EMP,-0.226723954867951,0.008667415406510589,0.6666666666666666,PASS
SHAPE_SHIFT_005_TO_015,144,EVENT-EMP,-0.226723954867951,0.0047786512145168445,0.6666666666666666,PASS
SHAPE_SHIFT_005_TO_015,144,GEV,-0.034137352365403,0.008317278288929444,0.6666666666666666,PASS_LMOM_FINITE_MEAN
SHAPE_SHIFT_005_TO_015,144,KDE,-0.1688147350946633,0.0054585168003894215,0.4444444444444444,PASS
SHAPE_SHIFT_005_TO_015,144,TAIL,-0.1814589115735588,0.01817492361901367,0.5555555555555556,PASS
SHAPE_SHIFT_005_TO_015,145,EMP,-0.2938891450289194,0.0015906497563628113,0.6666666666666666,PASS
SHAPE_SHIFT_005_TO_015,145,EVENT-EMP,-0.2938891450289194,0.00157913492496,0.6666666666666666,PASS
SHAPE_SHIFT_005_TO_015,145,GEV,-0.2344782428593758,0.0015795696072012113,0.6666666666666666,PASS_LMOM_FINITE_MEAN
SHAPE_SHIFT_005_TO_015,145,KDE,-0.2501599924180693,0.0014925356609333503,0.6666666666666666,PASS
SHAPE_SHIFT_005_TO_015,145,TAIL,-0.0588004051222885,0.0017080427495975556,0.7777777777777778,PASS
SHAPE_SHIFT_005_TO_015,146,EMP,-0.1950575075723353,0.0060116822581780995,0.6666666666666666,PASS
SHAPE_SHIFT_005_TO_015,146,EVENT-EMP,-0.1950575075723353,0.0021085510718900666,0.6666666666666666,PASS
SHAPE_SHIFT_005_TO_015,146,GEV,-0.0430276620737801,0.003963383158892589,0.6666666666666666,PASS_LMOM_FINITE_MEAN
SHAPE_SHIFT_005_TO_015,146,KDE,-0.1342670098504448,0.0054585168003894215,0.4444444444444444,PASS
SHAPE_SHIFT_005_TO_015,146,TAIL,-0.1020994188828111,0.0031225105570242,0.6666666666666666,PASS
SHAPE_SHIFT_005_TO_015,147,EMP,-0.210806624394537,0.022084013407205623,0.5555555555555556,PASS
SHAPE_SHIFT_005_TO_015,147,EVENT-EMP,-0.210806624394537,0.016234052611544522,0.6666666666666666,PASS
SHAPE_SHIFT_005_TO_015,147,GEV,-0.1723399334618691,0.019088718977926813,0.5555555555555556,PASS_LMOM_FINITE_MEAN
SHAPE_SHIFT_005_TO_015,147,KDE,-0.1807705996161761,0.01610981925633218,0.5555555555555556,PASS
SHAPE_SHIFT_005_TO_015,147,TAIL,-0.2538065474889771,0.016966905295478944,0.5555555555555556,PASS
SHAPE_SHIFT_005_TO_015,148,EMP,-0.0545091036825873,0.002795976711493233,0.5555555555555556,PASS
SHAPE_SHIFT_005_TO_015,148,EVENT-EMP,-0.0545091036825873,0.002795976711493233,0.5555555555555556,PASS
SHAPE_SHIFT_005_TO_015,148,GEV,0.2649153731574471,0.002795976711493233,0.5555555555555556,PASS_LMOM_FINITE_MEAN
SHAPE_SHIFT_005_TO_015,148,KDE,0.0460963440984496,0.002795976711493233,0.5555555555555556,PASS
SHAPE_SHIFT_005_TO_015,148,TAIL,0.2925902845818505,0.002795976711493233,0.5555555555555556,PASS
SHAPE_SHIFT_005_TO_015,149,EMP,-0.0881895596723896,0.03147770516348266,0.5555555555555556,PASS
SHAPE_SHIFT_005_TO_015,149,EVENT-EMP,-0.0881895596723896,0.03147770516348266,0.5555555555555556,PASS
SHAPE_SHIFT_005_TO_015,149,GEV,-0.116268317499855,0.03178115527593197,0.5555555555555556,PASS_LMOM_FINITE_MEAN
SHAPE_SHIFT_005_TO_015,149,KDE,-0.0494020517954001,0.024398650441006427,0.5555555555555556,PASS
SHAPE_SHIFT_005_TO_015,149,TAIL,-0.295887184688792,0.022974242539038223,0.5555555555555556,PASS
SHAPE_SHIFT_005_TO_015,150,EMP,-0.2262447973888493,0.006224865150990511,0.7777777777777778,PASS
SHAPE_SHIFT_005_TO_015,150,EVENT-EMP,-0.2262447973888493,0.0024435404627639336,0.7777777777777778,PASS
SHAPE_SHIFT_005_TO_015,150,GEV,-0.1005690194287294,0.004867805238701634,0.6666666666666666,PASS_LMOM_FINITE_MEAN
SHAPE_SHIFT_005_TO_015,150,KDE,-0.1891343277943008,0.002792738094779078,0.6666666666666666,PASS
SHAPE_SHIFT_005_TO_015,150,TAIL,-0.1440263799219839,0.004002860672147678,0.6666666666666666,PASS
SHAPE_SHIFT_005_TO_015,151,EMP,-0.3482299522154597,0.02754606827682529,0.5555555555555556,PASS
SHAPE_SHIFT_005_TO_015,151,EVENT-EMP,-0.3482299522154597,0.02600633124555489,0.5555555555555556,PASS
SHAPE_SHIFT_005_TO_015,151,GEV,-0.2624041417630819,0.0236498296844532,0.5555555555555556,PASS_LMOM_FINITE_MEAN
SHAPE_SHIFT_005_TO_015,151,KDE,-0.3097427615931341,0.021495324903235323,0.5555555555555556,PASS
SHAPE_SHIFT_005_TO_015,151,TAIL,-0.2631309902340715,0.02375995739286747,0.5555555555555556,PASS
SHAPE_SHIFT_005_TO_015,152,EMP,-0.2696637423616514,0.014045791021447334,0.5555555555555556,PASS
SHAPE_SHIFT_005_TO_015,152,EVENT-EMP,-0.2696637423616514,0.0018291694621421887,0.6666666666666666,PASS
SHAPE_SHIFT_005_TO_015,152,GEV,-0.2156368773847153,0.003245795765910111,0.7777777777777778,PASS_LMOM_FINITE_MEAN
SHAPE_SHIFT_005_TO_015,152,KDE,-0.2165895010117274,0.0025454641092504,0.6666666666666666,PASS
SHAPE_SHIFT_005_TO_015,152,TAIL,-0.0215563607761164,0.00240902275255,0.6666666666666666,PASS
SHAPE_SHIFT_005_TO_015,153,EMP,-0.2770441477114624,0.0026358896468844668,0.6666666666666666,PASS
SHAPE_SHIFT_005_TO_015,153,EVENT-EMP,-0.2770441477114624,0.0026358896468844668,0.6666666666666666,PASS
SHAPE_SHIFT_005_TO_015,153,GEV,-0.1693605970728663,0.0015186687832991891,0.7777777777777778,PASS_LMOM_FINITE_MEAN
SHAPE_SHIFT_005_TO_015,153,KDE,-0.2164409582627281,0.0054585168003894215,0.4444444444444444,PASS
SHAPE_SHIFT_005_TO_015,153,TAIL,-0.1936153103510691,0.0026286677197105666,0.6666666666666666,PASS
SHAPE_SHIFT_005_TO_015,154,EMP,-0.2389491721487168,0.0015392791250768223,0.6666666666666666,PASS
SHAPE_SHIFT_005_TO_015,154,EVENT-EMP,-0.2389491721487168,0.0031133507224214447,0.6666666666666666,PASS
SHAPE_SHIFT_005_TO_015,154,GEV,-0.142874292357625,0.0017166968445431223,0.6666666666666666,PASS_LMOM_FINITE_MEAN
SHAPE_SHIFT_005_TO_015,154,KDE,-0.1915894270466569,0.0014921784786768157,0.6666666666666666,PASS
SHAPE_SHIFT_005_TO_015,154,TAIL,-0.0650102232957176,0.003443641310079156,0.6666666666666666,PASS
SHAPE_SHIFT_005_TO_015,155,EMP,-0.1734559508279612,0.023086780683353122,0.5555555555555556,PASS
SHAPE_SHIFT_005_TO_015,155,EVENT-EMP,-0.1734559508279612,0.01773155037979058,0.5555555555555556,PASS
SHAPE_SHIFT_005_TO_015,155,GEV,-0.0323695394302986,0.023351620803683335,0.5555555555555556,PASS_LMOM_FINITE_MEAN
SHAPE_SHIFT_005_TO_015,155,KDE,-0.1333438055851185,0.005112031095814689,0.6666666666666666,PASS
SHAPE_SHIFT_005_TO_015,155,TAIL,-0.0764612164878667,0.003061720026522178,0.6666666666666666,PASS
SHAPE_SHIFT_005_TO_015,156,EMP,-0.2945117002066443,0.0031846269102178,0.6666666666666666,PASS
SHAPE_SHIFT_005_TO_015,156,EVENT-EMP,-0.2945117002066443,0.001556809378336711,0.6666666666666666,PASS
SHAPE_SHIFT_005_TO_015,156,GEV,-0.1736447292835118,0.0014934146390585977,0.6666666666666666,PASS_LMOM_FINITE_MEAN
SHAPE_SHIFT_005_TO_015,156,KDE,-0.2418505510943808,0.0015841175131772335,0.6666666666666666,PASS
SHAPE_SHIFT_005_TO_015,156,TAIL,-0.1324305920992277,0.0025173283515961225,0.6666666666666666,PASS
SHAPE_SHIFT_005_TO_015,157,EMP,-0.2617174934326212,0.004292551399713311,0.6666666666666666,PASS
SHAPE_SHIFT_005_TO_015,157,EVENT-EMP,-0.2617174934326212,0.0023067485794674336,0.6666666666666666,PASS
SHAPE_SHIFT_005_TO_015,157,GEV,-0.1340321190612214,0.002605226027309367,0.6666666666666666,PASS_LMOM_FINITE_MEAN
SHAPE_SHIFT_005_TO_015,157,KDE,-0.2010830363606011,0.0054585168003894215,0.4444444444444444,PASS
SHAPE_SHIFT_005_TO_015,157,TAIL,-0.147772079299913,0.0019267096484502113,0.6666666666666666,PASS
SHAPE_SHIFT_005_TO_015,158,EMP,-0.3149098565026466,0.01444848051014931,0.5555555555555556,PASS
SHAPE_SHIFT_005_TO_015,158,EVENT-EMP,-0.3149098565026466,0.0151993938563968,0.5555555555555556,PASS
SHAPE_SHIFT_005_TO_015,158,GEV,-0.2676099583493095,0.0019172379179662668,0.6666666666666666,PASS_LMOM_FINITE_MEAN
SHAPE_SHIFT_005_TO_015,158,KDE,-0.2694407646379772,0.0017064883595580222,0.6666666666666666,PASS
SHAPE_SHIFT_005_TO_015,158,TAIL,-0.1516045050297977,0.0029914924334611334,0.7777777777777778,PASS
SHAPE_SHIFT_005_TO_015,159,EMP,-0.3127699252382727,0.015572842160997712,0.5555555555555556,PASS
SHAPE_SHIFT_005_TO_015,159,EVENT-EMP,-0.3127699252382727,0.014388271596801033,0.5555555555555556,PASS
SHAPE_SHIFT_005_TO_015,159,GEV,-0.3341732731490969,0.01534002471963179,0.5555555555555556,PASS_LMOM_FINITE_MEAN
SHAPE_SHIFT_005_TO_015,159,KDE,-0.28770085343948,0.01491581684082299,0.5555555555555556,PASS
SHAPE_SHIFT_005_TO_015,159,TAIL,-0.222854857279649,0.015996871258770112,0.5555555555555556,PASS
SHAPE_SHIFT_005_TO_015,160,EMP,-0.3262346276977912,0.002253954661830133,0.6666666666666666,PASS
SHAPE_SHIFT_005_TO_015,160,EVENT-EMP,-0.3262346276977912,0.002253954661830133,0.6666666666666666,PASS
SHAPE_SHIFT_005_TO_015,160,GEV,-0.28274732652437,0.0016100870387332111,0.6666666666666666,PASS_LMOM_FINITE_MEAN
SHAPE_SHIFT_005_TO_015,160,KDE,-0.2709096305677448,0.0015636418829048447,0.6666666666666666,PASS
SHAPE_SHIFT_005_TO_015,160,TAIL,-0.1605592137926322,0.002153925103320844,0.6666666666666666,PASS
SHAPE_SHIFT_005_TO_015,161,EMP,0.0060612927875511,0.0005204833376341049,0.8888888888888888,PASS
SHAPE_SHIFT_005_TO_015,161,EVENT-EMP,0.0060612927875511,0.0016364498221941469,0.6666666666666666,PASS
SHAPE_SHIFT_005_TO_015,161,GEV,0.0173264317758234,0.0002696593929386379,0.8888888888888888,PASS_LMOM_FINITE_MEAN
SHAPE_SHIFT_005_TO_015,161,KDE,0.0556783297087601,0.0018999193638229886,0.6666666666666666,PASS
SHAPE_SHIFT_005_TO_015,161,TAIL,-0.0622420980591217,0.0017147006275645667,0.6666666666666666,PASS
SHAPE_SHIFT_005_TO_015,162,EMP,-0.2235114190298752,0.002027477760081756,0.6666666666666666,PASS
SHAPE_SHIFT_005_TO_015,162,EVENT-EMP,-0.2235114190298752,0.002027477760081756,0.6666666666666666,PASS
SHAPE_SHIFT_005_TO_015,162,GEV,-0.1498081110176226,0.002490400146760178,0.6666666666666666,PASS_LMOM_FINITE_MEAN
SHAPE_SHIFT_005_TO_015,162,KDE,-0.1857636232605666,0.0016904278818050556,0.7777777777777778,PASS
SHAPE_SHIFT_005_TO_015,162,TAIL,-0.0999427358345694,0.002158205317574256,0.6666666666666666,PASS
SHAPE_SHIFT_005_TO_015,163,EMP,0.1368051693392151,0.002795976711493233,0.5555555555555556,PASS
SHAPE_SHIFT_005_TO_015,163,EVENT-EMP,0.1368051693392151,0.002795976711493233,0.5555555555555556,PASS
SHAPE_SHIFT_005_TO_015,163,GEV,0.5369982888010001,0.002795976711493233,0.5555555555555556,PASS_LMOM_FINITE_MEAN
SHAPE_SHIFT_005_TO_015,163,KDE,0.2304756049424518,0.002795976711493233,0.5555555555555556,PASS
SHAPE_SHIFT_005_TO_015,163,TAIL,0.2703846557862646,0.002795976711493233,0.5555555555555556,PASS
SHAPE_SHIFT_005_TO_015,164,EMP,-0.2645201591975182,0.005843376812767655,0.6666666666666666,PASS
SHAPE_SHIFT_005_TO_015,164,EVENT-EMP,-0.2645201591975182,0.023781890050960625,0.5555555555555556,PASS
SHAPE_SHIFT_005_TO_015,164,GEV,-0.1500142789216854,0.004936798194201122,0.6666666666666666,PASS_LMOM_FINITE_MEAN
SHAPE_SHIFT_005_TO_015,164,KDE,-0.2250552546854415,0.0035237848041194558,0.6666666666666666,PASS
SHAPE_SHIFT_005_TO_015,164,TAIL,-0.2331140778263204,0.018020724197060613,0.5555555555555556,PASS
SHAPE_SHIFT_005_TO_015,165,EMP,0.4254327748838679,0.002795976711493233,0.5555555555555556,PASS
SHAPE_SHIFT_005_TO_015,165,EVENT-EMP,0.4254327748838679,0.0018999193638229886,0.6666666666666666,PASS
SHAPE_SHIFT_005_TO_015,165,GEV,0.3968933376422595,0.002795976711493233,0.5555555555555556,PASS_LMOM_FINITE_MEAN
SHAPE_SHIFT_005_TO_015,165,KDE,0.5039581467320091,0.002795976711493233,0.5555555555555556,PASS
SHAPE_SHIFT_005_TO_015,165,TAIL,-0.0348382627386107,0.001539962760681189,0.7777777777777778,PASS
SHAPE_SHIFT_005_TO_015,166,EMP,-0.2845761741434035,0.006986593581565389,0.7777777777777778,PASS
SHAPE_SHIFT_005_TO_015,166,EVENT-EMP,-0.2845761741434035,0.0032033691162293666,0.6666666666666666,PASS
SHAPE_SHIFT_005_TO_015,166,GEV,-0.1223844095472676,0.005152156111538445,0.6666666666666666,PASS_LMOM_FINITE_MEAN
SHAPE_SHIFT_005_TO_015,166,KDE,-0.2363856423282663,0.0036205404116024997,0.6666666666666666,PASS
SHAPE_SHIFT_005_TO_015,166,TAIL,-0.1510394782716278,0.0024966536525000667,0.6666666666666666,PASS
SHAPE_SHIFT_005_TO_015,167,EMP,-0.1436898991149476,0.0020136963417295224,0.6666666666666666,PASS
SHAPE_SHIFT_005_TO_015,167,EVENT-EMP,-0.1436898991149476,0.002030770745702722,0.6666666666666666,PASS
SHAPE_SHIFT_005_TO_015,167,GEV,-0.0109534876310369,0.002466416640190967,0.6666666666666666,PASS_LMOM_FINITE_MEAN
SHAPE_SHIFT_005_TO_015,167,KDE,-0.1001490174027107,0.0054585168003894215,0.4444444444444444,PASS
SHAPE_SHIFT_005_TO_015,167,TAIL,-0.0198294480682737,0.0026008172749096446,0.6666666666666666,PASS
SHAPE_SHIFT_005_TO_015,168,EMP,-0.1325950178393248,0.001029623164913589,0.7777777777777778,PASS
SHAPE_SHIFT_005_TO_015,168,EVENT-EMP,-0.1325950178393248,0.0021163292671546336,0.6666666666666666,PASS
SHAPE_SHIFT_005_TO_015,168,GEV,0.0234619802578222,0.000757866042375811,0.7777777777777778,PASS_LMOM_FINITE_MEAN
SHAPE_SHIFT_005_TO_015,168,KDE,-0.0895800914881535,0.0001946920437252778,0.8888888888888888,PASS
SHAPE_SHIFT_005_TO_015,168,TAIL,0.0409370140551782,0.0012585812253567334,0.7777777777777778,PASS
SHAPE_SHIFT_005_TO_015,169,EMP,-0.3078343081829055,0.02607929489915278,0.5555555555555556,PASS
SHAPE_SHIFT_005_TO_015,169,EVENT-EMP,-0.3078343081829055,0.013966579822855022,0.5555555555555556,PASS
SHAPE_SHIFT_005_TO_015,169,GEV,-0.2036827854057961,0.01995698604683341,0.5555555555555556,PASS_LMOM_FINITE_MEAN
SHAPE_SHIFT_005_TO_015,169,KDE,-0.2588175800768458,0.005050163724938811,0.6666666666666666,PASS
SHAPE_SHIFT_005_TO_015,169,TAIL,-0.2201420342500798,0.015833623816887132,0.5555555555555556,PASS
SHAPE_SHIFT_005_TO_015,170,EMP,-0.2087693376053048,0.002881227441867733,0.6666666666666666,PASS
SHAPE_SHIFT_005_TO_015,170,EVENT-EMP,-0.2087693376053048,0.004000817405137722,0.6666666666666666,PASS
SHAPE_SHIFT_005_TO_015,170,GEV,-0.0836080076457715,0.0026253470181098557,0.6666666666666666,PASS_LMOM_FINITE_MEAN
SHAPE_SHIFT_005_TO_015,170,KDE,-0.1427553303485716,0.001820572421825167,0.6666666666666666,PASS
SHAPE_SHIFT_005_TO_015,170,TAIL,-0.0302650865856836,0.004183050101699001,0.6666666666666666,PASS
SHAPE_SHIFT_005_TO_015,171,EMP,-0.2027180168683753,0.001555627857207178,0.6666666666666666,PASS
SHAPE_SHIFT_005_TO_015,171,EVENT-EMP,-0.2027180168683753,0.0015223877596498856,0.6666666666666666,PASS
SHAPE_SHIFT_005_TO_015,171,GEV,-0.0867468225451533,0.0015265218403344555,0.6666666666666666,PASS_LMOM_FINITE_MEAN
SHAPE_SHIFT_005_TO_015,171,KDE,-0.1648641598199332,0.0015445764477577558,0.6666666666666666,PASS
SHAPE_SHIFT_005_TO_015,171,TAIL,-0.1161133363810097,0.001618252874661,0.6666666666666666,PASS
SHAPE_SHIFT_005_TO_015,172,EMP,-0.2783789644585368,0.005094073833357434,0.6666666666666666,PASS
SHAPE_SHIFT_005_TO_015,172,EVENT-EMP,-0.2783789644585368,0.0014921053356525247,0.6666666666666666,PASS
SHAPE_SHIFT_005_TO_015,172,GEV,-0.1605319952495297,0.001550581166031589,0.6666666666666666,PASS_LMOM_FINITE_MEAN
SHAPE_SHIFT_005_TO_015,172,KDE,-0.2137205934955169,0.0014930150651951415,0.6666666666666666,PASS
SHAPE_SHIFT_005_TO_015,172,TAIL,0.0030245623286944,0.0022795780848113892,0.6666666666666666,PASS
SHAPE_SHIFT_005_TO_015,173,EMP,-0.0385591680733571,0.002795976711493233,0.5555555555555556,PASS
SHAPE_SHIFT_005_TO_015,173,EVENT-EMP,-0.0385591680733571,0.0018999193638229886,0.6666666666666666,PASS
SHAPE_SHIFT_005_TO_015,173,GEV,0.2236286443467886,0.002795976711493233,0.5555555555555556,PASS_LMOM_FINITE_MEAN
SHAPE_SHIFT_005_TO_015,173,KDE,0.0416037810633364,0.002795976711493233,0.5555555555555556,PASS
SHAPE_SHIFT_005_TO_015,173,TAIL,0.3155636202010779,0.002795976711493233,0.5555555555555556,PASS
SHAPE_SHIFT_005_TO_015,174,EMP,-0.3613318749695087,0.01604323511899521,0.5555555555555556,PASS
SHAPE_SHIFT_005_TO_015,174,EVENT-EMP,-0.3613318749695087,0.01604323511899521,0.5555555555555556,PASS
SHAPE_SHIFT_005_TO_015,174,GEV,-0.340415017844028,0.01658042892262561,0.5555555555555556,PASS_LMOM_FINITE_MEAN
SHAPE_SHIFT_005_TO_015,174,KDE,-0.3278547092786759,0.015904056160255056,0.5555555555555556,PASS
SHAPE_SHIFT_005_TO_015,174,TAIL,-0.2197069313542349,0.01833473810602,0.6666666666666666,PASS
SHAPE_SHIFT_005_TO_015,175,EMP,-0.0669863014881415,0.010060111233002454,0.6666666666666666,PASS
SHAPE_SHIFT_005_TO_015,175,EVENT-EMP,-0.0669863014881415,0.007629879976236744,0.6666666666666666,PASS
SHAPE_SHIFT_005_TO_015,175,GEV,0.0463355208884015,0.0092893099392005,0.6666666666666666,PASS_LMOM_FINITE_MEAN
SHAPE_SHIFT_005_TO_015,175,KDE,-0.0209462200797266,0.0054585168003894215,0.4444444444444444,PASS
SHAPE_SHIFT_005_TO_015,175,TAIL,-0.1959581244620761,0.01919124246855469,0.5555555555555556,PASS
SHAPE_SHIFT_005_TO_015,176,EMP,-0.3202174207088643,0.017041249131925812,0.6666666666666666,PASS
SHAPE_SHIFT_005_TO_015,176,EVENT-EMP,-0.3202174207088643,0.01583539186175031,0.5555555555555556,PASS
SHAPE_SHIFT_005_TO_015,176,GEV,-0.2005533500409231,0.017034329339478734,0.6666666666666666,PASS_LMOM_FINITE_MEAN
SHAPE_SHIFT_005_TO_015,176,KDE,-0.2590274230690564,0.0032593424365847225,0.6666666666666666,PASS
SHAPE_SHIFT_005_TO_015,176,TAIL,-0.126559718028574,0.004767250147863666,0.6666666666666666,PASS
SHAPE_SHIFT_005_TO_015,177,EMP,0.2626110061771317,0.0054585168003894215,0.4444444444444444,PASS
SHAPE_SHIFT_005_TO_015,177,EVENT-EMP,0.2626110061771317,0.0054585168003894215,0.4444444444444444,PASS
SHAPE_SHIFT_005_TO_015,177,GEV,0.2468724427551152,0.0054585168003894215,0.4444444444444444,PASS_LMOM_FINITE_MEAN
SHAPE_SHIFT_005_TO_015,177,KDE,0.3305076940548184,0.0054585168003894215,0.4444444444444444,PASS
SHAPE_SHIFT_005_TO_015,177,TAIL,-0.1486993423391534,0.0032411177128750224,0.7777777777777778,PASS
SHAPE_SHIFT_005_TO_015,178,EMP,-0.3529908869830511,0.02264336297706702,0.5555555555555556,PASS
SHAPE_SHIFT_005_TO_015,178,EVENT-EMP,-0.3529908869830511,0.018223101510841798,0.5555555555555556,PASS
SHAPE_SHIFT_005_TO_015,178,GEV,-0.2826102656370985,0.01967486298139561,0.6666666666666666,PASS_LMOM_FINITE_MEAN
SHAPE_SHIFT_005_TO_015,178,KDE,-0.3221060895313637,0.018129872415608844,0.6666666666666666,PASS
SHAPE_SHIFT_005_TO_015,178,TAIL,-0.3053528090149818,0.01909839316703581,0.5555555555555556,PASS
SHAPE_SHIFT_005_TO_015,179,EMP,-0.2020163546759801,0.025361445118478147,0.5555555555555556,PASS
SHAPE_SHIFT_005_TO_015,179,EVENT-EMP,-0.2020163546759801,0.02431860441880869,0.5555555555555556,PASS
SHAPE_SHIFT_005_TO_015,179,GEV,-0.0509880728102936,0.02209869918701275,0.5555555555555556,PASS_LMOM_FINITE_MEAN
SHAPE_SHIFT_005_TO_015,179,KDE,-0.1583642011827032,0.005150797178152578,0.6666666666666666,PASS
SHAPE_SHIFT_005_TO_015,179,TAIL,-0.2198839343975596,0.018351996012102065,0.6666666666666666,PASS
SHAPE_SHIFT_005_TO_015,180,EMP,-0.0888787256377506,0.011277233303340257,0.6666666666666666,PASS
SHAPE_SHIFT_005_TO_015,180,EVENT-EMP,-0.0888787256377506,0.004825212750640389,0.6666666666666666,PASS
SHAPE_SHIFT_005_TO_015,180,GEV,-0.0096797530173702,0.009370051246358922,0.6666666666666666,PASS_LMOM_FINITE_MEAN
SHAPE_SHIFT_005_TO_015,180,KDE,-0.0453765274766558,0.0054585168003894215,0.4444444444444444,PASS
SHAPE_SHIFT_005_TO_015,180,TAIL,-0.120950740648117,0.0050811783100527565,0.6666666666666666,PASS
SHAPE_SHIFT_005_TO_015,181,EMP,-0.233681653430265,0.0021785596976855886,0.6666666666666666,PASS
SHAPE_SHIFT_005_TO_015,181,EVENT-EMP,-0.233681653430265,0.0015005940677195048,0.6666666666666666,PASS
SHAPE_SHIFT_005_TO_015,181,GEV,-0.2018647225324457,0.0021257225214228,0.6666666666666666,PASS_LMOM_FINITE_MEAN
SHAPE_SHIFT_005_TO_015,181,KDE,-0.2018434845958788,0.001695239912658389,0.6666666666666666,PASS
SHAPE_SHIFT_005_TO_015,181,TAIL,-0.1725484250279347,0.0023871033864816668,0.6666666666666666,PASS
SHAPE_SHIFT_005_TO_015,182,EMP,-0.1857553373099322,0.0014947813627095667,0.7777777777777778,PASS
SHAPE_SHIFT_005_TO_015,182,EVENT-EMP,-0.1857553373099322,0.0014947813627095667,0.7777777777777778,PASS
SHAPE_SHIFT_005_TO_015,182,GEV,-0.1145712146800102,0.0009186298118573112,0.7777777777777778,PASS_LMOM_FINITE_MEAN
SHAPE_SHIFT_005_TO_015,182,KDE,-0.1353863992051323,0.0010154719225230666,0.7777777777777778,PASS
SHAPE_SHIFT_005_TO_015,182,TAIL,0.019481151578574,0.0006279824296354991,0.7777777777777778,PASS
SHAPE_SHIFT_005_TO_015,183,EMP,-0.0435646389146091,0.001504646163956361,0.6666666666666666,PASS
SHAPE_SHIFT_005_TO_015,183,EVENT-EMP,-0.0435646389146091,0.0016660270201410777,0.6666666666666666,PASS
SHAPE_SHIFT_005_TO_015,183,GEV,-0.0164040680808236,0.0020798007734925002,0.6666666666666666,PASS_LMOM_FINITE_MEAN
SHAPE_SHIFT_005_TO_015,183,KDE,0.0026319055835849,0.0054585168003894215,0.4444444444444444,PASS
SHAPE_SHIFT_005_TO_015,183,TAIL,0.0801473460523218,0.0036807390226116666,0.5555555555555556,PASS
SHAPE_SHIFT_005_TO_015,184,EMP,0.2385561511452902,0.002795976711493233,0.5555555555555556,PASS
SHAPE_SHIFT_005_TO_015,184,EVENT-EMP,0.2385561511452902,0.0006283210836364623,0.7777777777777778,PASS
SHAPE_SHIFT_005_TO_015,184,GEV,0.2121347104064449,0.002795976711493233,0.5555555555555556,PASS_LMOM_FINITE_MEAN
SHAPE_SHIFT_005_TO_015,184,KDE,0.3014508506432567,0.002795976711493233,0.5555555555555556,PASS
SHAPE_SHIFT_005_TO_015,184,TAIL,-0.0995321367796593,0.001512891403094264,0.6666666666666666,PASS
SHAPE_SHIFT_005_TO_015,185,EMP,0.1405153060625836,0.0033692340864190447,0.6666666666666666,PASS
SHAPE_SHIFT_005_TO_015,185,EVENT-EMP,0.1405153060625836,0.0023148047843425225,0.6666666666666666,PASS
SHAPE_SHIFT_005_TO_015,185,GEV,0.1708751879736242,0.0032472389269941446,0.6666666666666666,PASS_LMOM_FINITE_MEAN
SHAPE_SHIFT_005_TO_015,185,KDE,0.1983542913481613,0.0036807390226116666,0.5555555555555556,PASS
SHAPE_SHIFT_005_TO_015,185,TAIL,-0.0145051602519264,0.001742771349860978,0.6666666666666666,PASS
SHAPE_SHIFT_005_TO_015,186,EMP,-0.1367041050732697,0.0025373178793506,0.6666666666666666,PASS
SHAPE_SHIFT_005_TO_015,186,EVENT-EMP,-0.1367041050732697,0.000703495289647111,0.7777777777777778,PASS
SHAPE_SHIFT_005_TO_015,186,GEV,-0.0207188622362931,0.0017120551145517445,0.6666666666666666,PASS_LMOM_FINITE_MEAN
SHAPE_SHIFT_005_TO_015,186,KDE,-0.092047313095153,0.0036807390226116666,0.5555555555555556,PASS
SHAPE_SHIFT_005_TO_015,186,TAIL,-0.0489112091855359,0.0015107274267020037,0.6666666666666666,PASS
SHAPE_SHIFT_005_TO_015,187,EMP,0.0329620517089326,0.002795976711493233,0.5555555555555556,PASS
SHAPE_SHIFT_005_TO_015,187,EVENT-EMP,0.0329620517089326,0.0018999193638229886,0.6666666666666666,PASS
SHAPE_SHIFT_005_TO_015,187,GEV,0.0086943950707676,0.002795976711493233,0.5555555555555556,PASS_LMOM_FINITE_MEAN
SHAPE_SHIFT_005_TO_015,187,KDE,0.0866012350130386,0.002795976711493233,0.5555555555555556,PASS
SHAPE_SHIFT_005_TO_015,187,TAIL,0.056996055000165,0.0018999193638229886,0.6666666666666666,PASS
SHAPE_SHIFT_005_TO_015,188,EMP,-0.3202455320243124,0.018953771054046067,0.5555555555555556,PASS
SHAPE_SHIFT_005_TO_015,188,EVENT-EMP,-0.3202455320243124,0.018953771054046067,0.5555555555555556,PASS
SHAPE_SHIFT_005_TO_015,188,GEV,-0.3275473627591155,0.017342146905010656,0.5555555555555556,PASS_LMOM_FINITE_MEAN
SHAPE_SHIFT_005_TO_015,188,KDE,-0.2937404547942081,0.016433026818983443,0.6666666666666666,PASS
SHAPE_SHIFT_005_TO_015,188,TAIL,-0.2697319465677104,0.020994896608375266,0.5555555555555556,PASS
SHAPE_SHIFT_005_TO_015,189,EMP,-0.2293383845777367,0.013832768597821565,0.5555555555555556,PASS
SHAPE_SHIFT_005_TO_015,189,EVENT-EMP,-0.2293383845777367,0.013832768597821565,0.5555555555555556,PASS
SHAPE_SHIFT_005_TO_015,189,GEV,-0.2315926064678942,0.002525090937195989,0.6666666666666666,PASS_LMOM_FINITE_MEAN
SHAPE_SHIFT_005_TO_015,189,KDE,-0.19678540470449,0.001965602028799611,0.6666666666666666,PASS
SHAPE_SHIFT_005_TO_015,189,TAIL,-0.1861443411443869,0.003042801886129389,0.6666666666666666,PASS
SHAPE_SHIFT_005_TO_015,190,EMP,-0.2458957970444572,0.005080555255304467,0.6666666666666666,PASS
SHAPE_SHIFT_005_TO_015,190,EVENT-EMP,-0.2458957970444572,0.0018410947032273448,0.6666666666666666,PASS
SHAPE_SHIFT_005_TO_015,190,GEV,-0.2017915040475858,0.0029419104576513663,0.6666666666666666,PASS_LMOM_FINITE_MEAN
SHAPE_SHIFT_005_TO_015,190,KDE,-0.211263683547214,0.0023052782043110334,0.6666666666666666,PASS
SHAPE_SHIFT_005_TO_015,190,TAIL,-0.1610246617775203,0.0037204894669942224,0.7777777777777778,PASS
SHAPE_SHIFT_005_TO_015,191,EMP,-0.2461478865975811,0.001867225365363778,0.6666666666666666,PASS
SHAPE_SHIFT_005_TO_015,191,EVENT-EMP,-0.2461478865975811,0.0015604549703960224,0.6666666666666666,PASS
SHAPE_SHIFT_005_TO_015,191,GEV,-0.2393747990102351,0.001680802148965978,0.6666666666666666,PASS_LMOM_FINITE_MEAN
SHAPE_SHIFT_005_TO_015,191,KDE,-0.2165344044141827,0.001909440687590178,0.6666666666666666,PASS
SHAPE_SHIFT_005_TO_015,191,TAIL,-0.1146277798968957,0.0019876596185480783,0.6666666666666666,PASS
SHAPE_SHIFT_005_TO_015,192,EMP,-0.1383185210509911,0.018535303471713834,0.5555555555555556,PASS
SHAPE_SHIFT_005_TO_015,192,EVENT-EMP,-0.1383185210509911,0.001852921735210467,0.6666666666666666,PASS
SHAPE_SHIFT_005_TO_015,192,GEV,-0.1615622849609485,0.004101441433030623,0.6666666666666666,PASS_LMOM_FINITE_MEAN
SHAPE_SHIFT_005_TO_015,192,KDE,-0.10051973151795,0.0027436354805816885,0.6666666666666666,PASS
SHAPE_SHIFT_005_TO_015,192,TAIL,-0.1150487041018515,0.0019248171055595,0.6666666666666666,PASS
SHAPE_SHIFT_005_TO_015,193,EMP,0.0748484412318562,0.0040043723669210786,0.6666666666666666,PASS
SHAPE_SHIFT_005_TO_015,193,EVENT-EMP,0.0748484412318562,0.002902012438133089,0.6666666666666666,PASS
SHAPE_SHIFT_005_TO_015,193,GEV,0.1801535203552129,0.0051176458892740005,0.6666666666666666,PASS_LMOM_FINITE_MEAN
SHAPE_SHIFT_005_TO_015,193,KDE,0.1294800479214319,0.0054585168003894215,0.4444444444444444,PASS
SHAPE_SHIFT_005_TO_015,193,TAIL,-0.0543032030254959,0.002405667405549678,0.6666666666666666,PASS
SHAPE_SHIFT_005_TO_015,194,EMP,-0.0228974395391382,0.002650909455191578,0.6666666666666666,PASS
SHAPE_SHIFT_005_TO_015,194,EVENT-EMP,-0.0228974395391382,0.002650909455191578,0.6666666666666666,PASS
SHAPE_SHIFT_005_TO_015,194,GEV,0.1122523228619425,0.0036807390226116666,0.5555555555555556,PASS_LMOM_FINITE_MEAN
SHAPE_SHIFT_005_TO_015,194,KDE,0.0283171497475746,0.0036807390226116666,0.5555555555555556,PASS
SHAPE_SHIFT_005_TO_015,194,TAIL,-0.0837945116873598,0.001915446696448978,0.6666666666666666,PASS
SHAPE_SHIFT_005_TO_015,195,EMP,0.0412739478831701,0.025615771938328813,0.5555555555555556,PASS
SHAPE_SHIFT_005_TO_015,195,EVENT-EMP,0.0412739478831701,0.02217107523282259,0.5555555555555556,PASS
SHAPE_SHIFT_005_TO_015,195,GEV,-0.0012576465077867,0.010990791976089546,0.6666666666666666,PASS_LMOM_FINITE_MEAN
SHAPE_SHIFT_005_TO_015,195,KDE,0.0921574205527746,0.0054585168003894215,0.4444444444444444,PASS
SHAPE_SHIFT_005_TO_015,195,TAIL,-0.1669780089301182,0.0209570354523652,0.5555555555555556,PASS
SHAPE_SHIFT_005_TO_015,196,EMP,-0.2558051028770664,0.022198920904544134,0.5555555555555556,PASS
SHAPE_SHIFT_005_TO_015,196,EVENT-EMP,-0.2558051028770664,0.021167361177595934,0.6666666666666666,PASS
SHAPE_SHIFT_005_TO_015,196,GEV,-0.1772658467669995,0.0191063735520511,0.5555555555555556,PASS_LMOM_FINITE_MEAN
SHAPE_SHIFT_005_TO_015,196,KDE,-0.2197577541925933,0.004385384986832556,0.6666666666666666,PASS
SHAPE_SHIFT_005_TO_015,196,TAIL,-0.1333596012467671,0.004886155666178711,0.6666666666666666,PASS
SHAPE_SHIFT_005_TO_015,197,EMP,-0.2969782520921016,0.003495159046855978,0.6666666666666666,PASS
SHAPE_SHIFT_005_TO_015,197,EVENT-EMP,-0.2969782520921016,0.0015186626115528566,0.6666666666666666,PASS
SHAPE_SHIFT_005_TO_015,197,GEV,-0.1842955948367178,0.004061680046475122,0.6666666666666666,PASS_LMOM_FINITE_MEAN
SHAPE_SHIFT_005_TO_015,197,KDE,-0.2418495769433779,0.002425341925676411,0.6666666666666666,PASS
SHAPE_SHIFT_005_TO_015,197,TAIL,-0.0879846593871675,0.004708600261079866,0.6666666666666666,PASS
SHAPE_SHIFT_005_TO_015,198,EMP,-0.1148142457242356,0.0206903514494003,0.5555555555555556,PASS
SHAPE_SHIFT_005_TO_015,198,EVENT-EMP,-0.1148142457242356,0.019302912796743864,0.5555555555555556,PASS
SHAPE_SHIFT_005_TO_015,198,GEV,-0.082961736177123,0.006451168568061389,0.6666666666666666,PASS_LMOM_FINITE_MEAN
SHAPE_SHIFT_005_TO_015,198,KDE,-0.0750719100450253,0.003798058435653245,0.6666666666666666,PASS
SHAPE_SHIFT_005_TO_015,198,TAIL,-0.1974643672339366,0.017947342547746555,0.6666666666666666,PASS
SHAPE_SHIFT_005_TO_015,199,EMP,-0.2957011500245042,0.023485782790948553,0.5555555555555556,PASS
SHAPE_SHIFT_005_TO_015,199,EVENT-EMP,-0.2957011500245042,0.018720790878663365,0.6666666666666666,PASS
SHAPE_SHIFT_005_TO_015,199,GEV,-0.2176349981737189,0.02167280744860759,0.5555555555555556,PASS_LMOM_FINITE_MEAN
SHAPE_SHIFT_005_TO_015,199,KDE,-0.2584781756568055,0.019272366227202558,0.5555555555555556,PASS
SHAPE_SHIFT_005_TO_015,199,TAIL,-0.1997223651668435,0.0183492722278909,0.6666666666666666,PASS
STATIONARY_TARGET,0,EMP,-0.3302544938085128,0.016402580754250422,0.5555555555555556,PASS
STATIONARY_TARGET,0,EVENT-EMP,-0.3302544938085128,0.017489754258581545,0.5555555555555556,PASS
STATIONARY_TARGET,0,GEV,-0.3694049392067981,0.016764158902036988,0.5555555555555556,PASS_LMOM_FINITE_MEAN
STATIONARY_TARGET,0,KDE,-0.3086147006428268,0.016444113624912222,0.5555555555555556,PASS
STATIONARY_TARGET,0,TAIL,-0.3456859191943132,0.01825604027561148,0.5555555555555556,PASS
STATIONARY_TARGET,1,EMP,-0.227787455458941,0.0054585168003894215,0.4444444444444444,PASS
STATIONARY_TARGET,1,EVENT-EMP,-0.227787455458941,0.0016690135251019164,0.6666666666666666,PASS
STATIONARY_TARGET,1,GEV,-0.0487930374493726,0.0054585168003894215,0.4444444444444444,PASS_LMOM_FINITE_MEAN
STATIONARY_TARGET,1,KDE,-0.1656581573501076,0.0054585168003894215,0.4444444444444444,PASS
STATIONARY_TARGET,1,TAIL,0.0058934906814293,0.0017519200435771225,0.6666666666666666,PASS
STATIONARY_TARGET,2,EMP,-0.2105125055053572,0.002013578656511178,0.6666666666666666,PASS
STATIONARY_TARGET,2,EVENT-EMP,-0.2105125055053572,0.0015383931681172665,0.6666666666666666,PASS
STATIONARY_TARGET,2,GEV,-0.153200200566796,0.001496232694272673,0.6666666666666666,PASS_LMOM_FINITE_MEAN
STATIONARY_TARGET,2,KDE,-0.1740114156074951,0.0016259206667144112,0.6666666666666666,PASS
STATIONARY_TARGET,2,TAIL,0.0675717000206828,0.0036807390226116666,0.5555555555555556,PASS
STATIONARY_TARGET,3,EMP,-0.012298954318214,0.0026517749223656222,0.5555555555555556,PASS
STATIONARY_TARGET,3,EVENT-EMP,-0.012298954318214,0.0019026940774206666,0.6666666666666666,PASS
STATIONARY_TARGET,3,GEV,-0.0285007601115999,0.0026517749223656222,0.5555555555555556,PASS_LMOM_FINITE_MEAN
STATIONARY_TARGET,3,KDE,0.0349470604394232,0.002795976711493233,0.5555555555555556,PASS
STATIONARY_TARGET,3,TAIL,0.0026873346388057,0.0026517749223656222,0.5555555555555556,PASS
STATIONARY_TARGET,4,EMP,0.0472390459207194,0.002795976711493233,0.5555555555555556,PASS
STATIONARY_TARGET,4,EVENT-EMP,0.0472390459207194,0.002795976711493233,0.5555555555555556,PASS
STATIONARY_TARGET,4,GEV,0.1771102759085591,0.002795976711493233,0.5555555555555556,PASS_LMOM_FINITE_MEAN
STATIONARY_TARGET,4,KDE,0.1064589364959823,0.002795976711493233,0.5555555555555556,PASS
STATIONARY_TARGET,4,TAIL,0.0426145456968997,0.002795976711493233,0.5555555555555556,PASS
STATIONARY_TARGET,5,EMP,-0.082197347269694,0.00040444168208407776,0.8888888888888888,PASS
STATIONARY_TARGET,5,EVENT-EMP,-0.082197347269694,0.0010014484767189888,0.8888888888888888,PASS
STATIONARY_TARGET,5,GEV,-0.0714024639893162,0.0006386147595949445,0.7777777777777778,PASS_LMOM_FINITE_MEAN
STATIONARY_TARGET,5,KDE,-0.0357139396712896,0.0018999193638229886,0.6666666666666666,PASS
STATIONARY_TARGET,5,TAIL,0.0840572257973987,0.0018999193638229886,0.6666666666666666,PASS
STATIONARY_TARGET,6,EMP,-0.3164333515905944,0.01414868125140419,0.5555555555555556,PASS
STATIONARY_TARGET,6,EVENT-EMP,-0.3164333515905944,0.014079663993904376,0.5555555555555556,PASS
STATIONARY_TARGET,6,GEV,-0.2422617146752097,0.015035215811114187,0.5555555555555556,PASS_LMOM_FINITE_MEAN
STATIONARY_TARGET,6,KDE,-0.281882552598661,0.0020982222407391004,0.6666666666666666,PASS
STATIONARY_TARGET,6,TAIL,-0.2246964100428669,0.016320578665215222,0.5555555555555556,PASS
STATIONARY_TARGET,7,EMP,0.1963649990950494,0.002795976711493233,0.5555555555555556,PASS
STATIONARY_TARGET,7,EVENT-EMP,0.1963649990950494,0.002795976711493233,0.5555555555555556,PASS
STATIONARY_TARGET,7,GEV,0.3750597187088828,0.002795976711493233,0.5555555555555556,PASS_LMOM_FINITE_MEAN
STATIONARY_TARGET,7,KDE,0.262144846723675,0.002795976711493233,0.5555555555555556,PASS
STATIONARY_TARGET,7,TAIL,0.0358880243232678,0.0025484583703057,0.6666666666666666,PASS
STATIONARY_TARGET,8,EMP,-0.2786012118791152,0.004416516140022911,0.6666666666666666,PASS
STATIONARY_TARGET,8,EVENT-EMP,-0.2786012118791152,0.0024960816877945113,0.6666666666666666,PASS
STATIONARY_TARGET,8,GEV,-0.1438203041422197,0.003531831717311156,0.6666666666666666,PASS_LMOM_FINITE_MEAN
STATIONARY_TARGET,8,KDE,-0.2143839140310202,0.0054585168003894215,0.4444444444444444,PASS
STATIONARY_TARGET,8,TAIL,0.0845102737756043,0.0054585168003894215,0.4444444444444444,PASS
STATIONARY_TARGET,9,EMP,-0.2066816933419836,0.0018999193638229886,0.6666666666666666,PASS
STATIONARY_TARGET,9,EVENT-EMP,-0.2066816933419836,0.00017338242326483334,0.8888888888888888,PASS
STATIONARY_TARGET,9,GEV,-0.020682323063135,0.0018999193638229886,0.6666666666666666,PASS_LMOM_FINITE_MEAN
STATIONARY_TARGET,9,KDE,-0.1249191165201093,0.0018999193638229886,0.6666666666666666,PASS
STATIONARY_TARGET,9,TAIL,0.0354333249636917,0.0002891613186074445,0.8888888888888888,PASS
STATIONARY_TARGET,10,EMP,0.2249373739891229,0.0054585168003894215,0.4444444444444444,PASS
STATIONARY_TARGET,10,EVENT-EMP,0.2249373739891229,0.0018999193638229886,0.6666666666666666,PASS
STATIONARY_TARGET,10,GEV,0.3891453587632208,0.0054585168003894215,0.4444444444444444,PASS_LMOM_FINITE_MEAN
STATIONARY_TARGET,10,KDE,0.2977806721750828,0.0054585168003894215,0.4444444444444444,PASS
STATIONARY_TARGET,10,TAIL,0.014090167340393,0.0018084868591286224,0.6666666666666666,PASS
STATIONARY_TARGET,11,EMP,-0.1791211814867414,0.0026517749223656222,0.5555555555555556,PASS
STATIONARY_TARGET,11,EVENT-EMP,-0.1791211814867414,0.0026517749223656222,0.5555555555555556,PASS
STATIONARY_TARGET,11,GEV,-0.0802591856739395,0.0026517749223656222,0.5555555555555556,PASS_LMOM_FINITE_MEAN
STATIONARY_TARGET,11,KDE,-0.1086082203928665,0.0026517749223656222,0.5555555555555556,PASS
STATIONARY_TARGET,11,TAIL,-0.0354134312017066,0.0026517749223656222,0.5555555555555556,PASS
STATIONARY_TARGET,12,EMP,-0.0206125689050668,0.0018999193638229886,0.6666666666666666,PASS
STATIONARY_TARGET,12,EVENT-EMP,-0.0206125689050668,0.0036807390226116666,0.5555555555555556,PASS
STATIONARY_TARGET,12,GEV,0.1507059197796154,0.0018999193638229886,0.6666666666666666,PASS_LMOM_FINITE_MEAN
STATIONARY_TARGET,12,KDE,0.0315068465713237,0.0018999193638229886,0.6666666666666666,PASS
STATIONARY_TARGET,12,TAIL,-0.0652973112935852,0.0016919238518956446,0.6666666666666666,PASS
STATIONARY_TARGET,13,EMP,-0.2374107106557254,0.0017576661838767332,0.6666666666666666,PASS
STATIONARY_TARGET,13,EVENT-EMP,-0.2374107106557254,0.0017576661838767332,0.6666666666666666,PASS
STATIONARY_TARGET,13,GEV,-0.218574546387951,0.0015022351771271493,0.6666666666666666,PASS_LMOM_FINITE_MEAN
STATIONARY_TARGET,13,KDE,-0.2039331132608324,0.001514253341400868,0.6666666666666666,PASS
STATIONARY_TARGET,13,TAIL,-0.1747892146978008,0.001704116990513711,0.6666666666666666,PASS
STATIONARY_TARGET,14,EMP,0.2506511580744557,0.002795976711493233,0.5555555555555556,PASS
STATIONARY_TARGET,14,EVENT-EMP,0.2506511580744557,0.0018999193638229886,0.6666666666666666,PASS
STATIONARY_TARGET,14,GEV,0.2651355072087207,0.002795976711493233,0.5555555555555556,PASS_LMOM_FINITE_MEAN
STATIONARY_TARGET,14,KDE,0.3166522854985699,0.002795976711493233,0.5555555555555556,PASS
STATIONARY_TARGET,14,TAIL,0.0635374593725029,0.0018999193638229886,0.6666666666666666,PASS
STATIONARY_TARGET,15,EMP,-0.303670629470088,0.0015031545381664294,0.6666666666666666,PASS
STATIONARY_TARGET,15,EVENT-EMP,-0.303670629470088,0.0016618617302826333,0.6666666666666666,PASS
STATIONARY_TARGET,15,GEV,-0.226338512884844,0.0014937065705551739,0.6666666666666666,PASS_LMOM_FINITE_MEAN
STATIONARY_TARGET,15,KDE,-0.2562704367564794,0.0016024836832110557,0.6666666666666666,PASS
STATIONARY_TARGET,15,TAIL,-0.1202739384731589,0.002843237609673933,0.7777777777777778,PASS
STATIONARY_TARGET,16,EMP,-0.0030198867774827,0.004626390898865367,0.5555555555555556,PASS
STATIONARY_TARGET,16,EVENT-EMP,-0.0030198867774827,0.004375757579542178,0.5555555555555556,PASS
STATIONARY_TARGET,16,GEV,0.0485788538079598,0.0026517749223656222,0.5555555555555556,PASS_LMOM_FINITE_MEAN
STATIONARY_TARGET,16,KDE,0.0454221019500735,0.002795976711493233,0.5555555555555556,PASS
STATIONARY_TARGET,16,TAIL,-0.0253453589869078,0.0032028882666833448,0.5555555555555556,PASS
STATIONARY_TARGET,17,EMP,-0.0164362203978315,0.004618996569003889,0.6666666666666666,PASS
STATIONARY_TARGET,17,EVENT-EMP,-0.0164362203978315,0.004595189366752388,0.7777777777777778,PASS
STATIONARY_TARGET,17,GEV,-0.0419335071180035,0.002696677931598967,0.6666666666666666,PASS_LMOM_FINITE_MEAN
STATIONARY_TARGET,17,KDE,0.027140467252596,0.0017363346573313,0.6666666666666666,PASS
STATIONARY_TARGET,17,TAIL,-0.1403126750570794,0.0024690901641249334,0.6666666666666666,PASS
STATIONARY_TARGET,18,EMP,-0.2440890556915927,0.0014856944312144889,0.6666666666666666,PASS
STATIONARY_TARGET,18,EVENT-EMP,-0.2440890556915927,0.0006573662209266778,0.7777777777777778,PASS
STATIONARY_TARGET,18,GEV,-0.0815481509970602,0.0013201034880334335,0.7777777777777778,PASS_LMOM_FINITE_MEAN
STATIONARY_TARGET,18,KDE,-0.1735594235284096,0.002795976711493233,0.5555555555555556,PASS
STATIONARY_TARGET,18,TAIL,-0.0325650145004083,0.00012840976832863334,0.8888888888888888,PASS
STATIONARY_TARGET,19,EMP,-0.2675428466222646,0.001548327337600011,0.7777777777777778,PASS
STATIONARY_TARGET,19,EVENT-EMP,-0.2675428466222646,0.002437216226488878,0.6666666666666666,PASS
STATIONARY_TARGET,19,GEV,-0.174680276439571,0.0008346240722667222,0.7777777777777778,PASS_LMOM_FINITE_MEAN
STATIONARY_TARGET,19,KDE,-0.2185250294844155,0.0011172687182608666,0.7777777777777778,PASS
STATIONARY_TARGET,19,TAIL,-0.1317405103011904,0.0015280806872420448,0.6666666666666666,PASS
STATIONARY_TARGET,20,EMP,0.1971342634986051,0.002795976711493233,0.5555555555555556,PASS
STATIONARY_TARGET,20,EVENT-EMP,0.1971342634986051,0.002795976711493233,0.5555555555555556,PASS
STATIONARY_TARGET,20,GEV,0.3116667915659234,0.002795976711493233,0.5555555555555556,PASS_LMOM_FINITE_MEAN
STATIONARY_TARGET,20,KDE,0.2614768718004934,0.002795976711493233,0.5555555555555556,PASS
STATIONARY_TARGET,20,TAIL,0.179662722830536,0.002795976711493233,0.5555555555555556,PASS
STATIONARY_TARGET,21,EMP,-0.0574950790754928,0.002795976711493233,0.5555555555555556,PASS
STATIONARY_TARGET,21,EVENT-EMP,-0.0574950790754928,0.002795976711493233,0.5555555555555556,PASS
STATIONARY_TARGET,21,GEV,0.1922949044333224,0.002795976711493233,0.5555555555555556,PASS_LMOM_FINITE_MEAN
STATIONARY_TARGET,21,KDE,0.0117283698176564,0.002795976711493233,0.5555555555555556,PASS
STATIONARY_TARGET,21,TAIL,0.0607098889643783,0.002795976711493233,0.5555555555555556,PASS
STATIONARY_TARGET,22,EMP,-0.0740839747428479,0.0025484583703057,0.6666666666666666,PASS
STATIONARY_TARGET,22,EVENT-EMP,-0.0740839747428479,0.0025484583703057,0.6666666666666666,PASS
STATIONARY_TARGET,22,GEV,0.0542166937178389,0.002795976711493233,0.5555555555555556,PASS_LMOM_FINITE_MEAN
STATIONARY_TARGET,22,KDE,-0.026090643545812,0.002795976711493233,0.5555555555555556,PASS
STATIONARY_TARGET,22,TAIL,0.0730549461733851,0.002795976711493233,0.5555555555555556,PASS
STATIONARY_TARGET,23,EMP,-0.1111051236343912,0.0007354253027072444,0.7777777777777778,PASS
STATIONARY_TARGET,23,EVENT-EMP,-0.1111051236343912,0.0016816687681709113,0.7777777777777778,PASS
STATIONARY_TARGET,23,GEV,-0.0166068665299294,0.0007101887418829111,0.7777777777777778,PASS_LMOM_FINITE_MEAN
STATIONARY_TARGET,23,KDE,-0.0692386601109691,0.00032555604272646664,0.8888888888888888,PASS
STATIONARY_TARGET,23,TAIL,-0.1258547897256553,0.001759200105392089,0.6666666666666666,PASS
STATIONARY_TARGET,24,EMP,-0.3029439104909655,0.0016401691673422333,0.6666666666666666,PASS
STATIONARY_TARGET,24,EVENT-EMP,-0.3029439104909655,0.0014973547619442733,0.6666666666666666,PASS
STATIONARY_TARGET,24,GEV,-0.2024536056233443,0.0016373612895216557,0.6666666666666666,PASS_LMOM_FINITE_MEAN
STATIONARY_TARGET,24,KDE,-0.2394022189195332,0.0017914519618036666,0.6666666666666666,PASS
STATIONARY_TARGET,24,TAIL,-0.0566405399042487,0.0016360190672919668,0.7777777777777778,PASS
STATIONARY_TARGET,25,EMP,0.0297144988810364,0.0024689339936532335,0.6666666666666666,PASS
STATIONARY_TARGET,25,EVENT-EMP,0.0297144988810364,0.0019198485975576113,0.6666666666666666,PASS
STATIONARY_TARGET,25,GEV,0.0901762931735919,0.0054585168003894215,0.4444444444444444,PASS_LMOM_FINITE_MEAN
STATIONARY_TARGET,25,KDE,0.0826274492027964,0.0054585168003894215,0.4444444444444444,PASS
STATIONARY_TARGET,25,TAIL,-0.0376822077220514,0.002338711900878367,0.6666666666666666,PASS
STATIONARY_TARGET,26,EMP,0.0693567881119008,0.002795976711493233,0.5555555555555556,PASS
STATIONARY_TARGET,26,EVENT-EMP,0.0693567881119008,0.002795976711493233,0.5555555555555556,PASS
STATIONARY_TARGET,26,GEV,0.2575651158265031,0.002795976711493233,0.5555555555555556,PASS_LMOM_FINITE_MEAN
STATIONARY_TARGET,26,KDE,0.1329948960755045,0.002795976711493233,0.5555555555555556,PASS
STATIONARY_TARGET,26,TAIL,0.2567039344457975,0.002795976711493233,0.5555555555555556,PASS
STATIONARY_TARGET,27,EMP,-0.0484182329175708,0.0015065303804158844,0.6666666666666666,PASS
STATIONARY_TARGET,27,EVENT-EMP,-0.0484182329175708,0.0007618432806546289,0.7777777777777778,PASS
STATIONARY_TARGET,27,GEV,-0.0020752511014933,0.001730283968313289,0.6666666666666666,PASS_LMOM_FINITE_MEAN
STATIONARY_TARGET,27,KDE,-0.0008924651037979,0.0036807390226116666,0.5555555555555556,PASS
STATIONARY_TARGET,27,TAIL,0.0423551637094567,0.0006381832468492166,0.7777777777777778,PASS
STATIONARY_TARGET,28,EMP,-0.2774143935705064,0.0033676188355097445,0.6666666666666666,PASS
STATIONARY_TARGET,28,EVENT-EMP,-0.2774143935705064,0.0015240547738573733,0.6666666666666666,PASS
STATIONARY_TARGET,28,GEV,-0.2180496512153562,0.0016579158551121,0.6666666666666666,PASS_LMOM_FINITE_MEAN
STATIONARY_TARGET,28,KDE,-0.2415755931182112,0.0014930069471914944,0.6666666666666666,PASS
STATIONARY_TARGET,28,TAIL,-0.1784144969628043,0.002203803050796389,0.6666666666666666,PASS
STATIONARY_TARGET,29,EMP,0.0427367221833753,0.002795976711493233,0.5555555555555556,PASS
STATIONARY_TARGET,29,EVENT-EMP,0.0427367221833753,0.002795976711493233,0.5555555555555556,PASS
STATIONARY_TARGET,29,GEV,0.2852852000762673,0.002795976711493233,0.5555555555555556,PASS_LMOM_FINITE_MEAN
STATIONARY_TARGET,29,KDE,0.1132164636099587,0.002795976711493233,0.5555555555555556,PASS
STATIONARY_TARGET,29,TAIL,0.3000866738629567,0.002795976711493233,0.5555555555555556,PASS
STATIONARY_TARGET,30,EMP,-0.3135548888329096,0.0031762581804240997,0.6666666666666666,PASS
STATIONARY_TARGET,30,EVENT-EMP,-0.3135548888329096,0.015721600974596545,0.5555555555555556,PASS
STATIONARY_TARGET,30,GEV,-0.1770309417060545,0.0032180620645445002,0.6666666666666666,PASS_LMOM_FINITE_MEAN
STATIONARY_TARGET,30,KDE,-0.2649464605856252,0.0024352866168065998,0.6666666666666666,PASS
STATIONARY_TARGET,30,TAIL,-0.2276475356659573,0.016127743445088244,0.5555555555555556,PASS
STATIONARY_TARGET,31,EMP,-0.1967264698811876,0.0006223200955638642,0.7777777777777778,PASS
STATIONARY_TARGET,31,EVENT-EMP,-0.1967264698811876,0.001511208984452731,0.6666666666666666,PASS
STATIONARY_TARGET,31,GEV,-0.1275289794222182,0.0009519702455821444,0.7777777777777778,PASS_LMOM_FINITE_MEAN
STATIONARY_TARGET,31,KDE,-0.1477105781034372,0.000571353239669011,0.8888888888888888,PASS
STATIONARY_TARGET,31,TAIL,0.0490749429164782,0.0018999193638229886,0.6666666666666666,PASS
STATIONARY_TARGET,32,EMP,-0.0115000449620662,0.004065325162581422,0.6666666666666666,PASS
STATIONARY_TARGET,32,EVENT-EMP,-0.0115000449620662,0.003797740112345389,0.6666666666666666,PASS
STATIONARY_TARGET,32,GEV,0.1266003267808018,0.0025098228696029,0.6666666666666666,PASS_LMOM_FINITE_MEAN
STATIONARY_TARGET,32,KDE,0.0401404816399255,0.0036807390226116666,0.5555555555555556,PASS
STATIONARY_TARGET,32,TAIL,-0.0683913019156356,0.001546328766288322,0.6666666666666666,PASS
STATIONARY_TARGET,33,EMP,-0.0350920781952247,0.002795976711493233,0.5555555555555556,PASS
STATIONARY_TARGET,33,EVENT-EMP,-0.0350920781952247,0.0018999193638229886,0.6666666666666666,PASS
STATIONARY_TARGET,33,GEV,0.1995128663111761,0.002795976711493233,0.5555555555555556,PASS_LMOM_FINITE_MEAN
STATIONARY_TARGET,33,KDE,0.0419194927186064,0.002795976711493233,0.5555555555555556,PASS
STATIONARY_TARGET,33,TAIL,-0.0189582144626978,0.0014510942287626113,0.7777777777777778,PASS
STATIONARY_TARGET,34,EMP,-0.2576125516010342,0.0016219384793228,0.6666666666666666,PASS
STATIONARY_TARGET,34,EVENT-EMP,-0.2576125516010342,0.0017095528421874333,0.6666666666666666,PASS
STATIONARY_TARGET,34,GEV,-0.1621817211294563,0.0015053463153946113,0.6666666666666666,PASS_LMOM_FINITE_MEAN
STATIONARY_TARGET,34,KDE,-0.2073607758787533,0.0015540204639689444,0.6666666666666666,PASS
STATIONARY_TARGET,34,TAIL,-0.0907571075963296,0.0006117095475225427,0.7777777777777778,PASS
STATIONARY_TARGET,35,EMP,-0.0683370711153498,0.0025484583703057,0.6666666666666666,PASS
STATIONARY_TARGET,35,EVENT-EMP,-0.0683370711153498,0.002795976711493233,0.5555555555555556,PASS
STATIONARY_TARGET,35,GEV,0.13535996826305,0.0026517749223656222,0.5555555555555556,PASS_LMOM_FINITE_MEAN
STATIONARY_TARGET,35,KDE,-0.0151348250931334,0.002795976711493233,0.5555555555555556,PASS
STATIONARY_TARGET,35,TAIL,-0.0001842266237894,0.0026517749223656222,0.5555555555555556,PASS
STATIONARY_TARGET,36,EMP,-0.1813770842109095,0.0018020411941718668,0.6666666666666666,PASS
STATIONARY_TARGET,36,EVENT-EMP,-0.1813770842109095,0.0018020411941718668,0.6666666666666666,PASS
STATIONARY_TARGET,36,GEV,-0.1202714251829096,0.0019602515868027,0.6666666666666666,PASS_LMOM_FINITE_MEAN
STATIONARY_TARGET,36,KDE,-0.1408787092071087,0.0054585168003894215,0.4444444444444444,PASS
STATIONARY_TARGET,36,TAIL,-0.0275057147096015,0.0026651462750522555,0.6666666666666666,PASS
STATIONARY_TARGET,37,EMP,-0.1150627461506968,0.002795976711493233,0.5555555555555556,PASS
STATIONARY_TARGET,37,EVENT-EMP,-0.1150627461506968,0.002795976711493233,0.5555555555555556,PASS
STATIONARY_TARGET,37,GEV,0.0438743461354958,0.0025484583703057,0.6666666666666666,PASS_LMOM_FINITE_MEAN
STATIONARY_TARGET,37,KDE,-0.0618682908398948,0.002795976711493233,0.5555555555555556,PASS
STATIONARY_TARGET,37,TAIL,0.002134734353194,0.0014219924803421445,0.6666666666666666,PASS
STATIONARY_TARGET,38,EMP,0.6290520749173738,0.002795976711493233,0.5555555555555556,PASS
STATIONARY_TARGET,38,EVENT-EMP,0.6290520749173738,0.002795976711493233,0.5555555555555556,PASS
STATIONARY_TARGET,38,GEV,0.7204416902077546,0.002795976711493233,0.5555555555555556,PASS_LMOM_FINITE_MEAN
STATIONARY_TARGET,38,KDE,0.7268081951543968,0.002795976711493233,0.5555555555555556,PASS
STATIONARY_TARGET,38,TAIL,0.2131129720839618,0.002795976711493233,0.5555555555555556,PASS
STATIONARY_TARGET,39,EMP,-0.0877535344831207,0.0036496412217023443,0.6666666666666666,PASS
STATIONARY_TARGET,39,EVENT-EMP,-0.0877535344831207,0.0036496412217023443,0.6666666666666666,PASS
STATIONARY_TARGET,39,GEV,0.1347467964144341,0.0054585168003894215,0.4444444444444444,PASS_LMOM_FINITE_MEAN
STATIONARY_TARGET,39,KDE,-0.0080683034460709,0.0054585168003894215,0.4444444444444444,PASS
STATIONARY_TARGET,39,TAIL,-0.0320106547270681,0.0027868361294714887,0.6666666666666666,PASS
STATIONARY_TARGET,40,EMP,-0.1372673991335896,0.0018999193638229886,0.6666666666666666,PASS
STATIONARY_TARGET,40,EVENT-EMP,-0.1372673991335896,0.0006290657481278212,0.7777777777777778,PASS
STATIONARY_TARGET,40,GEV,0.0276073279327997,0.0018999193638229886,0.6666666666666666,PASS_LMOM_FINITE_MEAN
STATIONARY_TARGET,40,KDE,-0.0878267380527377,0.0018999193638229886,0.6666666666666666,PASS
STATIONARY_TARGET,40,TAIL,-0.0236381775779609,0.001447646513331278,0.7777777777777778,PASS
STATIONARY_TARGET,41,EMP,-0.3588309956772001,0.016524117297794655,0.5555555555555556,PASS
STATIONARY_TARGET,41,EVENT-EMP,-0.3588309956772001,0.01740163766123229,0.5555555555555556,PASS
STATIONARY_TARGET,41,GEV,-0.3294071985766766,0.01602129121905728,0.5555555555555556,PASS_LMOM_FINITE_MEAN
STATIONARY_TARGET,41,KDE,-0.3378963981954448,0.015389078726714312,0.5555555555555556,PASS
STATIONARY_TARGET,41,TAIL,-0.2539487247665515,0.018292550387246233,0.5555555555555556,PASS
STATIONARY_TARGET,42,EMP,-0.0452024318312764,0.0026517749223656222,0.5555555555555556,PASS
STATIONARY_TARGET,42,EVENT-EMP,-0.0452024318312764,0.0026517749223656222,0.5555555555555556,PASS
STATIONARY_TARGET,42,GEV,0.0203011030874606,0.0026517749223656222,0.5555555555555556,PASS_LMOM_FINITE_MEAN
STATIONARY_TARGET,42,KDE,-0.0011505163089405,0.0027838161555614666,0.5555555555555556,PASS
STATIONARY_TARGET,42,TAIL,0.0102461305606781,0.0026517749223656222,0.5555555555555556,PASS
STATIONARY_TARGET,43,EMP,-0.2290886835725163,0.0026517749223656222,0.5555555555555556,PASS
STATIONARY_TARGET,43,EVENT-EMP,-0.2290886835725163,0.0026517749223656222,0.5555555555555556,PASS
STATIONARY_TARGET,43,GEV,-0.0567489197842294,0.0026517749223656222,0.5555555555555556,PASS_LMOM_FINITE_MEAN
STATIONARY_TARGET,43,KDE,-0.1530508392295574,0.002795976711493233,0.5555555555555556,PASS
STATIONARY_TARGET,43,TAIL,-0.0280306720517234,0.0026517749223656222,0.5555555555555556,PASS
STATIONARY_TARGET,44,EMP,0.3682047870641576,0.0019247052721471335,0.7777777777777778,PASS
STATIONARY_TARGET,44,EVENT-EMP,0.3682047870641576,0.0034033091081779668,0.6666666666666666,PASS
STATIONARY_TARGET,44,GEV,0.2700803663188146,0.003088391899671078,0.7777777777777778,PASS_LMOM_FINITE_MEAN
STATIONARY_TARGET,44,KDE,0.4402050333545627,0.0018999193638229886,0.6666666666666666,PASS
STATIONARY_TARGET,44,TAIL,-0.0079146952288916,0.0023877682251590556,0.6666666666666666,PASS
STATIONARY_TARGET,45,EMP,-0.1498206030337951,0.006366612255900311,0.6666666666666666,PASS
STATIONARY_TARGET,45,EVENT-EMP,-0.1498206030337951,0.0052841127012959,0.6666666666666666,PASS
STATIONARY_TARGET,45,GEV,0.0302375665230958,0.004694335578932878,0.6666666666666666,PASS_LMOM_FINITE_MEAN
STATIONARY_TARGET,45,KDE,-0.1043007099580873,0.0054585168003894215,0.4444444444444444,PASS
STATIONARY_TARGET,45,TAIL,-0.1552184551129863,0.0022597195641433335,0.6666666666666666,PASS
STATIONARY_TARGET,46,EMP,0.283496496189359,0.002795976711493233,0.5555555555555556,PASS
STATIONARY_TARGET,46,EVENT-EMP,0.283496496189359,0.0018999193638229886,0.6666666666666666,PASS
STATIONARY_TARGET,46,GEV,0.3910931867141367,0.0018999193638229886,0.6666666666666666,PASS_LMOM_FINITE_MEAN
STATIONARY_TARGET,46,KDE,0.3535001356988618,0.002795976711493233,0.5555555555555556,PASS
STATIONARY_TARGET,46,TAIL,0.0413468372037842,0.0003196834623530889,0.8888888888888888,PASS
STATIONARY_TARGET,47,EMP,-0.1818659049411152,0.0008899336884626889,0.7777777777777778,PASS
STATIONARY_TARGET,47,EVENT-EMP,-0.1818659049411152,0.0015348825195368669,0.6666666666666666,PASS
STATIONARY_TARGET,47,GEV,-0.0218525807877662,0.000653117128034311,0.7777777777777778,PASS_LMOM_FINITE_MEAN
STATIONARY_TARGET,47,KDE,-0.1311997709677534,4.3710081837711114e-05,1.0,PASS
STATIONARY_TARGET,47,TAIL,-0.1349896027094258,0.0015013544893141952,0.6666666666666666,PASS
STATIONARY_TARGET,48,EMP,-0.2618682152598104,0.002097078329290122,0.6666666666666666,PASS
STATIONARY_TARGET,48,EVENT-EMP,-0.2618682152598104,0.0017233259501773335,0.6666666666666666,PASS
STATIONARY_TARGET,48,GEV,-0.1430189126212853,0.0016259027864719557,0.6666666666666666,PASS_LMOM_FINITE_MEAN
STATIONARY_TARGET,48,KDE,-0.2122078016359823,0.0014956262187741651,0.6666666666666666,PASS
STATIONARY_TARGET,48,TAIL,-0.0555634494995196,0.001602808829042478,0.6666666666666666,PASS
STATIONARY_TARGET,49,EMP,-0.3547611475612183,0.013701109054434056,0.5555555555555556,PASS
STATIONARY_TARGET,49,EVENT-EMP,-0.3547611475612183,0.013701109054434056,0.5555555555555556,PASS
STATIONARY_TARGET,49,GEV,-0.372076968545524,0.013582628062150789,0.5555555555555556,PASS_LMOM_FINITE_MEAN
STATIONARY_TARGET,49,KDE,-0.3252960336834632,0.013620022952070565,0.5555555555555556,PASS
STATIONARY_TARGET,49,TAIL,-0.278608931701443,0.016354483427647188,0.5555555555555556,PASS
STATIONARY_TARGET,50,EMP,-0.2644080263715746,0.0015360362283620668,0.6666666666666666,PASS
STATIONARY_TARGET,50,EVENT-EMP,-0.2644080263715746,0.0015173295515512387,0.6666666666666666,PASS
STATIONARY_TARGET,50,GEV,-0.1556034403007252,0.0015041096777381742,0.6666666666666666,PASS_LMOM_FINITE_MEAN
STATIONARY_TARGET,50,KDE,-0.216130529748758,0.0018571139392704332,0.6666666666666666,PASS
STATIONARY_TARGET,50,TAIL,-0.0848368855602763,0.002358208975322611,0.7777777777777778,PASS
STATIONARY_TARGET,51,EMP,-0.3219876770114702,0.0058360291745457775,0.6666666666666666,PASS
STATIONARY_TARGET,51,EVENT-EMP,-0.3219876770114702,0.014757986112243264,0.5555555555555556,PASS
STATIONARY_TARGET,51,GEV,-0.1969456889921424,0.0035676021541528108,0.7777777777777778,PASS_LMOM_FINITE_MEAN
STATIONARY_TARGET,51,KDE,-0.2599849878531308,0.0030111049773885227,0.6666666666666666,PASS
STATIONARY_TARGET,51,TAIL,-0.1338162717257008,0.0033312615132051557,0.7777777777777778,PASS
STATIONARY_TARGET,52,EMP,-0.1813401926529876,0.003979738670175989,0.6666666666666666,PASS
STATIONARY_TARGET,52,EVENT-EMP,-0.1813401926529876,0.0038735503287592116,0.6666666666666666,PASS
STATIONARY_TARGET,52,GEV,-0.0444346534097572,0.0025530348863078557,0.6666666666666666,PASS_LMOM_FINITE_MEAN
STATIONARY_TARGET,52,KDE,-0.1330208489429983,0.0015659205481764668,0.7777777777777778,PASS
STATIONARY_TARGET,52,TAIL,-0.1481542163510683,0.0017695736613574113,0.6666666666666666,PASS
STATIONARY_TARGET,53,EMP,-0.3293647434712069,0.013441854441796103,0.5555555555555556,PASS
STATIONARY_TARGET,53,EVENT-EMP,-0.3293647434712069,0.013429167535772897,0.5555555555555556,PASS
STATIONARY_TARGET,53,GEV,-0.3002521296658129,0.013797672194840477,0.5555555555555556,PASS_LMOM_FINITE_MEAN
STATIONARY_TARGET,53,KDE,-0.2952176326729049,0.0015275892650766334,0.6666666666666666,PASS
STATIONARY_TARGET,53,TAIL,-0.1713682940379349,0.004089621706870411,0.7777777777777778,PASS
STATIONARY_TARGET,54,EMP,-0.2798184753844351,0.0039697142686966,0.6666666666666666,PASS
STATIONARY_TARGET,54,EVENT-EMP,-0.2798184753844351,0.003659112953517033,0.7777777777777778,PASS
STATIONARY_TARGET,54,GEV,-0.2664059762127024,0.010805538670344644,0.5555555555555556,PASS_LMOM_FINITE_MEAN
STATIONARY_TARGET,54,KDE,-0.2315283233988512,0.004231501543629378,0.6666666666666666,PASS
STATIONARY_TARGET,54,TAIL,0.071188847785373,0.002795976711493233,0.5555555555555556,PASS
STATIONARY_TARGET,55,EMP,-0.2270222002175416,0.0020358221864355446,0.6666666666666666,PASS
STATIONARY_TARGET,55,EVENT-EMP,-0.2270222002175416,0.0019036241831842113,0.6666666666666666,PASS
STATIONARY_TARGET,55,GEV,-0.1748598963749094,0.0026931634821251668,0.6666666666666666,PASS_LMOM_FINITE_MEAN
STATIONARY_TARGET,55,KDE,-0.1935643462496026,0.0018634588225418891,0.6666666666666666,PASS
STATIONARY_TARGET,55,TAIL,-0.1868695841493439,0.0029618030684106776,0.6666666666666666,PASS
STATIONARY_TARGET,56,EMP,-0.2227417879168388,0.0029554795432148668,0.6666666666666666,PASS
STATIONARY_TARGET,56,EVENT-EMP,-0.2227417879168388,0.0027039473965316334,0.6666666666666666,PASS
STATIONARY_TARGET,56,GEV,-0.0419645208854924,0.0023417503790615557,0.6666666666666666,PASS_LMOM_FINITE_MEAN
STATIONARY_TARGET,56,KDE,-0.1539649984195519,0.0054585168003894215,0.4444444444444444,PASS
STATIONARY_TARGET,56,TAIL,-0.1081825137635785,0.0017816060884992,0.6666666666666666,PASS
STATIONARY_TARGET,57,EMP,-0.1963871786955608,0.0014986809515324174,0.6666666666666666,PASS
STATIONARY_TARGET,57,EVENT-EMP,-0.1963871786955608,0.001567428745119489,0.6666666666666666,PASS
STATIONARY_TARGET,57,GEV,-0.0881754590191354,0.0025424337954187445,0.6666666666666666,PASS_LMOM_FINITE_MEAN
STATIONARY_TARGET,57,KDE,-0.1614406499088041,0.0015891829821254,0.6666666666666666,PASS
STATIONARY_TARGET,57,TAIL,-0.0955322111575923,0.0019048362670105001,0.6666666666666666,PASS
STATIONARY_TARGET,58,EMP,-0.2072641974542914,0.0006416668534101333,0.7777777777777778,PASS
STATIONARY_TARGET,58,EVENT-EMP,-0.2072641974542914,0.0016524010226354555,0.7777777777777778,PASS
STATIONARY_TARGET,58,GEV,0.0024760836300153,0.0006280254059897248,0.7777777777777778,PASS_LMOM_FINITE_MEAN
STATIONARY_TARGET,58,KDE,-0.1355561474649154,0.0018999193638229886,0.6666666666666666,PASS
STATIONARY_TARGET,58,TAIL,-0.0274212772740718,0.0015305210372482001,0.6666666666666666,PASS
STATIONARY_TARGET,59,EMP,-0.1533824103513767,0.002839139552343511,0.5555555555555556,PASS
STATIONARY_TARGET,59,EVENT-EMP,-0.1533824103513767,0.0026517749223656222,0.5555555555555556,PASS
STATIONARY_TARGET,59,GEV,-0.0601803677501838,0.002698658279471589,0.5555555555555556,PASS_LMOM_FINITE_MEAN
STATIONARY_TARGET,59,KDE,-0.102217523126949,0.0033631896945060446,0.5555555555555556,PASS
STATIONARY_TARGET,59,TAIL,0.0740807876429222,0.002795976711493233,0.5555555555555556,PASS
STATIONARY_TARGET,60,EMP,-0.0889644659218617,0.005926476050092278,0.6666666666666666,PASS
STATIONARY_TARGET,60,EVENT-EMP,-0.0889644659218617,0.003370762054165378,0.6666666666666666,PASS
STATIONARY_TARGET,60,GEV,0.000346894308519,0.005761101584244044,0.6666666666666666,PASS_LMOM_FINITE_MEAN
STATIONARY_TARGET,60,KDE,-0.0431971154520422,0.0054585168003894215,0.4444444444444444,PASS
STATIONARY_TARGET,60,TAIL,-0.0686878858161544,0.001882447926562922,0.7777777777777778,PASS
STATIONARY_TARGET,61,EMP,-0.1532537693839553,0.003983626416834467,0.6666666666666666,PASS
STATIONARY_TARGET,61,EVENT-EMP,-0.1532537693839553,0.003031344956551567,0.6666666666666666,PASS
STATIONARY_TARGET,61,GEV,0.0269104434506043,0.0028156488697555,0.6666666666666666,PASS_LMOM_FINITE_MEAN
STATIONARY_TARGET,61,KDE,-0.0960789566872597,0.0054585168003894215,0.4444444444444444,PASS
STATIONARY_TARGET,61,TAIL,-0.1455995577007482,0.0022758500269706556,0.6666666666666666,PASS
STATIONARY_TARGET,62,EMP,0.2347068000684552,0.002795976711493233,0.5555555555555556,PASS
STATIONARY_TARGET,62,EVENT-EMP,0.2347068000684552,0.002795976711493233,0.5555555555555556,PASS
STATIONARY_TARGET,62,GEV,0.2597019531072829,0.002795976711493233,0.5555555555555556,PASS_LMOM_FINITE_MEAN
STATIONARY_TARGET,62,KDE,0.3003520185438726,0.002795976711493233,0.5555555555555556,PASS
STATIONARY_TARGET,62,TAIL,0.0851089492981731,0.002795976711493233,0.5555555555555556,PASS
STATIONARY_TARGET,63,EMP,0.6784016427711423,0.002795976711493233,0.5555555555555556,PASS
STATIONARY_TARGET,63,EVENT-EMP,0.6784016427711423,0.002795976711493233,0.5555555555555556,PASS
STATIONARY_TARGET,63,GEV,0.4603186211118514,0.002795976711493233,0.5555555555555556,PASS_LMOM_FINITE_MEAN
STATIONARY_TARGET,63,KDE,0.776639605976663,0.002795976711493233,0.5555555555555556,PASS
STATIONARY_TARGET,63,TAIL,0.0127074021465405,0.0017950776817695223,0.6666666666666666,PASS
STATIONARY_TARGET,64,EMP,-0.0450047305080215,0.0032888672746539446,0.6666666666666666,PASS
STATIONARY_TARGET,64,EVENT-EMP,-0.0450047305080215,0.004969650053109911,0.6666666666666666,PASS
STATIONARY_TARGET,64,GEV,0.0334740538039408,0.0021715766320216223,0.6666666666666666,PASS_LMOM_FINITE_MEAN
STATIONARY_TARGET,64,KDE,-0.0011986551389896,0.001641919024213237,0.6666666666666666,PASS
STATIONARY_TARGET,64,TAIL,-0.1769250879685309,0.002134443937319089,0.6666666666666666,PASS
STATIONARY_TARGET,65,EMP,-0.3018806987396812,0.013720247779208366,0.5555555555555556,PASS
STATIONARY_TARGET,65,EVENT-EMP,-0.3018806987396812,0.014272747452116279,0.5555555555555556,PASS
STATIONARY_TARGET,65,GEV,-0.2584410288511701,0.0017433275309733669,0.6666666666666666,PASS_LMOM_FINITE_MEAN
STATIONARY_TARGET,65,KDE,-0.27412014651227,0.0015650210478651335,0.6666666666666666,PASS
STATIONARY_TARGET,65,TAIL,-0.2365037495327782,0.01564391921516618,0.5555555555555556,PASS
STATIONARY_TARGET,66,EMP,-0.0969656619770053,0.001499279117073627,0.6666666666666666,PASS
STATIONARY_TARGET,66,EVENT-EMP,-0.0969656619770053,0.0015302878943166667,0.6666666666666666,PASS
STATIONARY_TARGET,66,GEV,-0.1089307593432608,0.0017005241102669001,0.6666666666666666,PASS_LMOM_FINITE_MEAN
STATIONARY_TARGET,66,KDE,-0.0587519675947234,0.0015066039486512455,0.6666666666666666,PASS
STATIONARY_TARGET,66,TAIL,-0.1184583023344913,0.0016498884796948777,0.6666666666666666,PASS
STATIONARY_TARGET,67,EMP,-0.1870771163676863,0.002795976711493233,0.5555555555555556,PASS
STATIONARY_TARGET,67,EVENT-EMP,-0.1870771163676863,0.002795976711493233,0.5555555555555556,PASS
STATIONARY_TARGET,67,GEV,-0.0129230006562013,0.002795976711493233,0.5555555555555556,PASS_LMOM_FINITE_MEAN
STATIONARY_TARGET,67,KDE,-0.1047081650009458,0.002795976711493233,0.5555555555555556,PASS
STATIONARY_TARGET,67,TAIL,0.0465610014156393,0.002795976711493233,0.5555555555555556,PASS
STATIONARY_TARGET,68,EMP,-0.2387210464738658,0.004449223066466889,0.6666666666666666,PASS
STATIONARY_TARGET,68,EVENT-EMP,-0.2387210464738658,0.0020534769317172223,0.6666666666666666,PASS
STATIONARY_TARGET,68,GEV,-0.1368152778523307,0.0027456883543620003,0.7777777777777778,PASS_LMOM_FINITE_MEAN
STATIONARY_TARGET,68,KDE,-0.2008911741237929,0.002044888398991233,0.6666666666666666,PASS
STATIONARY_TARGET,68,TAIL,-0.0875633429962295,0.0018922779221886002,0.6666666666666666,PASS
STATIONARY_TARGET,69,EMP,0.4476431358303091,0.002795976711493233,0.5555555555555556,PASS
STATIONARY_TARGET,69,EVENT-EMP,0.4476431358303091,0.002795976711493233,0.5555555555555556,PASS
STATIONARY_TARGET,69,GEV,0.4829472796530848,0.002795976711493233,0.5555555555555556,PASS_LMOM_FINITE_MEAN
STATIONARY_TARGET,69,KDE,0.5343318023382998,0.002795976711493233,0.5555555555555556,PASS
STATIONARY_TARGET,69,TAIL,0.4326538010115471,0.002795976711493233,0.5555555555555556,PASS
STATIONARY_TARGET,70,EMP,-0.08318618931423,0.004498858410206034,0.5555555555555556,PASS
STATIONARY_TARGET,70,EVENT-EMP,-0.08318618931423,0.002795976711493233,0.5555555555555556,PASS
STATIONARY_TARGET,70,GEV,0.0637812609210916,0.002958688973633344,0.5555555555555556,PASS_LMOM_FINITE_MEAN
STATIONARY_TARGET,70,KDE,-0.0089071272488353,0.002795976711493233,0.5555555555555556,PASS
STATIONARY_TARGET,70,TAIL,0.0685209168697023,0.0025484583703057,0.6666666666666666,PASS
STATIONARY_TARGET,71,EMP,-0.1532915081732574,0.0008304254556450333,0.7777777777777778,PASS
STATIONARY_TARGET,71,EVENT-EMP,-0.1532915081732574,0.0013458773568110665,0.7777777777777778,PASS
STATIONARY_TARGET,71,GEV,-0.0720132720656191,0.0007644905789416,0.7777777777777778,PASS_LMOM_FINITE_MEAN
STATIONARY_TARGET,71,KDE,-0.1092597784505126,0.0007407313208068889,0.7777777777777778,PASS
STATIONARY_TARGET,71,TAIL,0.17342664713967,0.002795976711493233,0.5555555555555556,PASS
STATIONARY_TARGET,72,EMP,-0.2240004500222453,0.0028476123291064667,0.6666666666666666,PASS
STATIONARY_TARGET,72,EVENT-EMP,-0.2240004500222453,0.001515753818511315,0.6666666666666666,PASS
STATIONARY_TARGET,72,GEV,-0.2395570866484088,0.0017938461349414998,0.6666666666666666,PASS_LMOM_FINITE_MEAN
STATIONARY_TARGET,72,KDE,-0.1907220371896495,0.0020722164942190337,0.6666666666666666,PASS
STATIONARY_TARGET,72,TAIL,-0.032739887893832,0.002888532792463089,0.6666666666666666,PASS
STATIONARY_TARGET,73,EMP,-0.0932754450725961,0.0026517749223656222,0.5555555555555556,PASS
STATIONARY_TARGET,73,EVENT-EMP,-0.0932754450725961,0.0026517749223656222,0.5555555555555556,PASS
STATIONARY_TARGET,73,GEV,-0.0062774371555894,0.0025484583703057,0.6666666666666666,PASS_LMOM_FINITE_MEAN
STATIONARY_TARGET,73,KDE,-0.0441945163810659,0.002795976711493233,0.5555555555555556,PASS
STATIONARY_TARGET,73,TAIL,0.1204560371072386,0.002795976711493233,0.5555555555555556,PASS
STATIONARY_TARGET,74,EMP,-0.2465954373864203,0.000830923742296,0.7777777777777778,PASS
STATIONARY_TARGET,74,EVENT-EMP,-0.2465954373864203,0.0024323043750945446,0.6666666666666666,PASS
STATIONARY_TARGET,74,GEV,-0.2007250392210868,0.0007731239120598,0.7777777777777778,PASS_LMOM_FINITE_MEAN
STATIONARY_TARGET,74,KDE,-0.209320973879656,0.0009827543403047112,0.7777777777777778,PASS
STATIONARY_TARGET,74,TAIL,-0.0772472428299181,0.0015759188765527778,0.6666666666666666,PASS
STATIONARY_TARGET,75,EMP,-0.2608383118728991,0.0021789875256395556,0.6666666666666666,PASS
STATIONARY_TARGET,75,EVENT-EMP,-0.2608383118728991,0.0015311042438877001,0.6666666666666666,PASS
STATIONARY_TARGET,75,GEV,-0.1265656708598592,0.0015695415299159334,0.6666666666666666,PASS_LMOM_FINITE_MEAN
STATIONARY_TARGET,75,KDE,-0.2040604519437028,0.001506975970771914,0.6666666666666666,PASS
STATIONARY_TARGET,75,TAIL,-0.1184799806262865,0.0019589791486960334,0.6666666666666666,PASS
STATIONARY_TARGET,76,EMP,-0.3571972438313476,0.014162784449636277,0.5555555555555556,PASS
STATIONARY_TARGET,76,EVENT-EMP,-0.3571972438313476,0.014911955978862789,0.5555555555555556,PASS
STATIONARY_TARGET,76,GEV,-0.3648613155526441,0.013711517958213779,0.5555555555555556,PASS_LMOM_FINITE_MEAN
STATIONARY_TARGET,76,KDE,-0.3368353009517962,0.0136662249920119,0.5555555555555556,PASS
STATIONARY_TARGET,76,TAIL,-0.2951459271645669,0.016700548907353768,0.5555555555555556,PASS
STATIONARY_TARGET,77,EMP,0.3409911686198137,0.002795976711493233,0.5555555555555556,PASS
STATIONARY_TARGET,77,EVENT-EMP,0.3409911686198137,0.002795976711493233,0.5555555555555556,PASS
STATIONARY_TARGET,77,GEV,0.4352984300776318,0.002795976711493233,0.5555555555555556,PASS_LMOM_FINITE_MEAN
STATIONARY_TARGET,77,KDE,0.4167806689633356,0.002795976711493233,0.5555555555555556,PASS
STATIONARY_TARGET,77,TAIL,0.3029917091916999,0.002795976711493233,0.5555555555555556,PASS
STATIONARY_TARGET,78,EMP,-0.0634086032896637,0.0016371490697904,0.6666666666666666,PASS
STATIONARY_TARGET,78,EVENT-EMP,-0.0634086032896637,0.0006575662947924332,0.7777777777777778,PASS
STATIONARY_TARGET,78,GEV,-0.0139175778962668,0.0011492176126320112,0.7777777777777778,PASS_LMOM_FINITE_MEAN
STATIONARY_TARGET,78,KDE,-0.0218969310463332,0.0026517749223656222,0.5555555555555556,PASS
STATIONARY_TARGET,78,TAIL,0.0367170219399987,0.002795976711493233,0.5555555555555556,PASS
STATIONARY_TARGET,79,EMP,-0.378394461263463,0.01631513716542669,0.5555555555555556,PASS
STATIONARY_TARGET,79,EVENT-EMP,-0.378394461263463,0.01598455092991739,0.5555555555555556,PASS
STATIONARY_TARGET,79,GEV,-0.3208065607936431,0.016081166134337677,0.5555555555555556,PASS_LMOM_FINITE_MEAN
STATIONARY_TARGET,79,KDE,-0.330258880249542,0.015405774527252301,0.5555555555555556,PASS
STATIONARY_TARGET,79,TAIL,-0.3058074126001225,0.0165679246306566,0.5555555555555556,PASS
STATIONARY_TARGET,80,EMP,0.1123869981526125,0.002795976711493233,0.5555555555555556,PASS
STATIONARY_TARGET,80,EVENT-EMP,0.1123869981526125,0.002795976711493233,0.5555555555555556,PASS
STATIONARY_TARGET,80,GEV,0.3119931640468745,0.002795976711493233,0.5555555555555556,PASS_LMOM_FINITE_MEAN
STATIONARY_TARGET,80,KDE,0.2015060869722279,0.002795976711493233,0.5555555555555556,PASS
STATIONARY_TARGET,80,TAIL,0.2052232384997528,0.002795976711493233,0.5555555555555556,PASS
STATIONARY_TARGET,81,EMP,-0.1605940397455453,0.0015544755818183665,0.6666666666666666,PASS
STATIONARY_TARGET,81,EVENT-EMP,-0.1605940397455453,0.0019651252282242666,0.6666666666666666,PASS
STATIONARY_TARGET,81,GEV,-0.0879446531188924,0.0016632077842289668,0.6666666666666666,PASS_LMOM_FINITE_MEAN
STATIONARY_TARGET,81,KDE,-0.1162602464980765,0.002795976711493233,0.5555555555555556,PASS
STATIONARY_TARGET,81,TAIL,-0.0544421725458021,0.001520672500625189,0.6666666666666666,PASS
STATIONARY_TARGET,82,EMP,-0.1097922356048431,0.002795976711493233,0.5555555555555556,PASS
STATIONARY_TARGET,82,EVENT-EMP,-0.1097922356048431,0.0006916090818150666,0.7777777777777778,PASS
STATIONARY_TARGET,82,GEV,0.1623226503329822,0.002795976711493233,0.5555555555555556,PASS_LMOM_FINITE_MEAN
STATIONARY_TARGET,82,KDE,-0.0450724197328242,0.002795976711493233,0.5555555555555556,PASS
STATIONARY_TARGET,82,TAIL,0.0312788177204672,0.0006284345405756413,0.7777777777777778,PASS
STATIONARY_TARGET,83,EMP,0.0012622172251547,0.00043998178573724446,0.8888888888888888,PASS
STATIONARY_TARGET,83,EVENT-EMP,0.0012622172251547,0.002012403953186067,0.6666666666666666,PASS
STATIONARY_TARGET,83,GEV,0.0908027531995325,0.0018999193638229886,0.6666666666666666,PASS_LMOM_FINITE_MEAN
STATIONARY_TARGET,83,KDE,0.0526059491653614,0.0018999193638229886,0.6666666666666666,PASS
STATIONARY_TARGET,83,TAIL,-0.0451558807056322,0.0020349811521212222,0.6666666666666666,PASS
STATIONARY_TARGET,84,EMP,-0.1252071891336973,0.002795976711493233,0.5555555555555556,PASS
STATIONARY_TARGET,84,EVENT-EMP,-0.1252071891336973,0.002795976711493233,0.5555555555555556,PASS
STATIONARY_TARGET,84,GEV,0.1452070416451327,0.002795976711493233,0.5555555555555556,PASS_LMOM_FINITE_MEAN
STATIONARY_TARGET,84,KDE,-0.0233180182185814,0.002795976711493233,0.5555555555555556,PASS
STATIONARY_TARGET,84,TAIL,0.198225179212977,0.002795976711493233,0.5555555555555556,PASS
STATIONARY_TARGET,85,EMP,-0.2984731480919756,0.025187511704377212,0.5555555555555556,PASS
STATIONARY_TARGET,85,EVENT-EMP,-0.2984731480919756,0.01618920291979722,0.5555555555555556,PASS
STATIONARY_TARGET,85,GEV,-0.2327787367402576,0.019595146396195865,0.5555555555555556,PASS_LMOM_FINITE_MEAN
STATIONARY_TARGET,85,KDE,-0.2661668888841262,0.018144478917153053,0.5555555555555556,PASS
STATIONARY_TARGET,85,TAIL,-0.2122865185581299,0.017439828969732576,0.5555555555555556,PASS
STATIONARY_TARGET,86,EMP,-0.1822324157509423,0.001702593078017789,0.7777777777777778,PASS
STATIONARY_TARGET,86,EVENT-EMP,-0.1822324157509423,0.0018059096300777112,0.6666666666666666,PASS
STATIONARY_TARGET,86,GEV,-0.0348400405030055,0.0016473126128965896,0.6666666666666666,PASS_LMOM_FINITE_MEAN
STATIONARY_TARGET,86,KDE,-0.1112370248809274,0.0036807390226116666,0.5555555555555556,PASS
STATIONARY_TARGET,86,TAIL,-0.033929144103579,0.0015012517697824716,0.6666666666666666,PASS
STATIONARY_TARGET,87,EMP,-0.1369292607247634,0.0026517749223656222,0.5555555555555556,PASS
STATIONARY_TARGET,87,EVENT-EMP,-0.1369292607247634,0.002795976711493233,0.5555555555555556,PASS
STATIONARY_TARGET,87,GEV,-0.0113627793536505,0.0026517749223656222,0.5555555555555556,PASS_LMOM_FINITE_MEAN
STATIONARY_TARGET,87,KDE,-0.0851215045463071,0.002795976711493233,0.5555555555555556,PASS
STATIONARY_TARGET,87,TAIL,0.0459019526059041,0.0026517749223656222,0.5555555555555556,PASS
STATIONARY_TARGET,88,EMP,0.2425168147568348,0.0026517749223656222,0.5555555555555556,PASS
STATIONARY_TARGET,88,EVENT-EMP,0.2425168147568348,0.002795976711493233,0.5555555555555556,PASS
STATIONARY_TARGET,88,GEV,0.2198243177770102,0.002795976711493233,0.5555555555555556,PASS_LMOM_FINITE_MEAN
STATIONARY_TARGET,88,KDE,0.3061299808495651,0.002795976711493233,0.5555555555555556,PASS
STATIONARY_TARGET,88,TAIL,0.1017413731565925,0.002795976711493233,0.5555555555555556,PASS
STATIONARY_TARGET,89,EMP,-0.2430066421410379,0.001541340553850567,0.6666666666666666,PASS
STATIONARY_TARGET,89,EVENT-EMP,-0.2430066421410379,0.0019777348055042667,0.6666666666666666,PASS
STATIONARY_TARGET,89,GEV,-0.1759818663811827,0.0015138536736950946,0.6666666666666666,PASS_LMOM_FINITE_MEAN
STATIONARY_TARGET,89,KDE,-0.1977602633060735,0.0017039703310997333,0.6666666666666666,PASS
STATIONARY_TARGET,89,TAIL,-0.1147390843103091,0.0015161133775048689,0.6666666666666666,PASS
STATIONARY_TARGET,90,EMP,-0.1915152754907783,0.0007176053816729,0.7777777777777778,PASS
STATIONARY_TARGET,90,EVENT-EMP,-0.1915152754907783,0.001492114728970417,0.6666666666666666,PASS
STATIONARY_TARGET,90,GEV,-0.1132711649635336,0.000604362030991914,0.7777777777777778,PASS_LMOM_FINITE_MEAN
STATIONARY_TARGET,90,KDE,-0.1469773696165331,0.0007791817316348333,0.7777777777777778,PASS
STATIONARY_TARGET,90,TAIL,-0.0042878404574136,0.0014023882727078778,0.6666666666666666,PASS
STATIONARY_TARGET,91,EMP,0.6900274736957309,0.002795976711493233,0.5555555555555556,PASS
STATIONARY_TARGET,91,EVENT-EMP,0.6900274736957309,0.002795976711493233,0.5555555555555556,PASS
STATIONARY_TARGET,91,GEV,0.6487063232861404,0.002795976711493233,0.5555555555555556,PASS_LMOM_FINITE_MEAN
STATIONARY_TARGET,91,KDE,0.7894340880180792,0.002795976711493233,0.5555555555555556,PASS
STATIONARY_TARGET,91,TAIL,0.2118314139593822,0.002795976711493233,0.5555555555555556,PASS
STATIONARY_TARGET,92,EMP,-0.1410758810760577,0.0020202214119341777,0.6666666666666666,PASS
STATIONARY_TARGET,92,EVENT-EMP,-0.1410758810760577,0.0015664249274645113,0.6666666666666666,PASS
STATIONARY_TARGET,92,GEV,-0.0510315805745085,0.0018606131388315555,0.6666666666666666,PASS_LMOM_FINITE_MEAN
STATIONARY_TARGET,92,KDE,-0.0939420018476587,0.0054585168003894215,0.4444444444444444,PASS
STATIONARY_TARGET,92,TAIL,-0.0508730932886723,0.0015958868072399113,0.6666666666666666,PASS
STATIONARY_TARGET,93,EMP,-0.3073452950897857,0.019866560767021313,0.5555555555555556,PASS
STATIONARY_TARGET,93,EVENT-EMP,-0.3073452950897857,0.015519536534427968,0.5555555555555556,PASS
STATIONARY_TARGET,93,GEV,-0.2174110018376001,0.017243526460529467,0.6666666666666666,PASS_LMOM_FINITE_MEAN
STATIONARY_TARGET,93,KDE,-0.2672382146561701,0.003268938970079789,0.7777777777777778,PASS
STATIONARY_TARGET,93,TAIL,-0.2198977859357379,0.016783015649984377,0.5555555555555556,PASS
STATIONARY_TARGET,94,EMP,-0.0917776084199606,0.0018999193638229886,0.6666666666666666,PASS
STATIONARY_TARGET,94,EVENT-EMP,-0.0917776084199606,0.0018999193638229886,0.6666666666666666,PASS
STATIONARY_TARGET,94,GEV,0.1744179777968692,0.0018999193638229886,0.6666666666666666,PASS_LMOM_FINITE_MEAN
STATIONARY_TARGET,94,KDE,-0.011583553949486,0.0018999193638229886,0.6666666666666666,PASS
STATIONARY_TARGET,94,TAIL,-0.0186118209704966,0.0014838038170774447,0.7777777777777778,PASS
STATIONARY_TARGET,95,EMP,-0.2380664687597257,0.0031733044137054554,0.5555555555555556,PASS
STATIONARY_TARGET,95,EVENT-EMP,-0.2380664687597257,0.0027153892408355446,0.5555555555555556,PASS
STATIONARY_TARGET,95,GEV,-0.1050571908843203,0.0026517749223656222,0.5555555555555556,PASS_LMOM_FINITE_MEAN
STATIONARY_TARGET,95,KDE,-0.1575951514077743,0.002795976711493233,0.5555555555555556,PASS
STATIONARY_TARGET,95,TAIL,-0.0390092259909573,0.0026517749223656222,0.5555555555555556,PASS
STATIONARY_TARGET,96,EMP,-0.1777627519311105,0.0018999193638229886,0.6666666666666666,PASS
STATIONARY_TARGET,96,EVENT-EMP,-0.1777627519311105,0.002795976711493233,0.5555555555555556,PASS
STATIONARY_TARGET,96,GEV,0.0585472756091323,0.0018999193638229886,0.6666666666666666,PASS_LMOM_FINITE_MEAN
STATIONARY_TARGET,96,KDE,-0.0888666681682231,0.0018999193638229886,0.6666666666666666,PASS
STATIONARY_TARGET,96,TAIL,0.421389624244039,0.002795976711493233,0.5555555555555556,PASS
STATIONARY_TARGET,97,EMP,0.5441980054205952,0.002795976711493233,0.5555555555555556,PASS
STATIONARY_TARGET,97,EVENT-EMP,0.5441980054205952,0.002795976711493233,0.5555555555555556,PASS
STATIONARY_TARGET,97,GEV,0.6128421600616629,0.002795976711493233,0.5555555555555556,PASS_LMOM_FINITE_MEAN
STATIONARY_TARGET,97,KDE,0.6315173261327174,0.002795976711493233,0.5555555555555556,PASS
STATIONARY_TARGET,97,TAIL,0.1852861325687637,0.002795976711493233,0.5555555555555556,PASS
STATIONARY_TARGET,98,EMP,-0.0660922354032743,0.002795976711493233,0.5555555555555556,PASS
STATIONARY_TARGET,98,EVENT-EMP,-0.0660922354032743,0.002795976711493233,0.5555555555555556,PASS
STATIONARY_TARGET,98,GEV,0.2802703047808911,0.002795976711493233,0.5555555555555556,PASS_LMOM_FINITE_MEAN
STATIONARY_TARGET,98,KDE,0.0285430451145009,0.002795976711493233,0.5555555555555556,PASS
STATIONARY_TARGET,98,TAIL,0.0463997484050721,0.0025484583703057,0.6666666666666666,PASS
STATIONARY_TARGET,99,EMP,-0.2462708268724393,0.0023282110679120668,0.6666666666666666,PASS
STATIONARY_TARGET,99,EVENT-EMP,-0.2462708268724393,0.0021770801601852224,0.6666666666666666,PASS
STATIONARY_TARGET,99,GEV,-0.113388280118139,0.0024894135452534667,0.6666666666666666,PASS_LMOM_FINITE_MEAN
STATIONARY_TARGET,99,KDE,-0.1850118100669496,0.0054585168003894215,0.4444444444444444,PASS
STATIONARY_TARGET,99,TAIL,0.0406500247668129,0.0054585168003894215,0.4444444444444444,PASS
STATIONARY_TARGET,100,EMP,-0.0789710444493308,0.001582203740482211,0.6666666666666666,PASS
STATIONARY_TARGET,100,EVENT-EMP,-0.0789710444493308,0.001496491867889468,0.6666666666666666,PASS
STATIONARY_TARGET,100,GEV,-0.1070835751423871,0.0016925051685133111,0.6666666666666666,PASS_LMOM_FINITE_MEAN
STATIONARY_TARGET,100,KDE,-0.03903985994537,0.001500964855453582,0.6666666666666666,PASS
STATIONARY_TARGET,100,TAIL,-0.1048785409223091,0.0016437455456084112,0.6666666666666666,PASS
STATIONARY_TARGET,101,EMP,0.1012996937751778,0.0026517749223656222,0.5555555555555556,PASS
STATIONARY_TARGET,101,EVENT-EMP,0.1012996937751778,0.002795976711493233,0.5555555555555556,PASS
STATIONARY_TARGET,101,GEV,0.1762160084011106,0.003120061615139111,0.5555555555555556,PASS_LMOM_FINITE_MEAN
STATIONARY_TARGET,101,KDE,0.1563074998250153,0.002795976711493233,0.5555555555555556,PASS
STATIONARY_TARGET,101,TAIL,0.1649239930623848,0.002795976711493233,0.5555555555555556,PASS
STATIONARY_TARGET,102,EMP,-0.1905809818519497,0.0026634283657800332,0.6666666666666666,PASS
STATIONARY_TARGET,102,EVENT-EMP,-0.1905809818519497,0.0028076301549076446,0.6666666666666666,PASS
STATIONARY_TARGET,102,GEV,-0.086987130394073,0.0016225320862580668,0.6666666666666666,PASS_LMOM_FINITE_MEAN
STATIONARY_TARGET,102,KDE,-0.1514524470603863,0.0015099457598716714,0.6666666666666666,PASS
STATIONARY_TARGET,102,TAIL,-0.0756219748096977,0.002191683682415078,0.7777777777777778,PASS
STATIONARY_TARGET,103,EMP,-0.3453734464290581,0.015891419913067487,0.5555555555555556,PASS
STATIONARY_TARGET,103,EVENT-EMP,-0.3453734464290581,0.015711237842142477,0.5555555555555556,PASS
STATIONARY_TARGET,103,GEV,-0.2922700361771493,0.015408651758993712,0.5555555555555556,PASS_LMOM_FINITE_MEAN
STATIONARY_TARGET,103,KDE,-0.2992537990791035,0.014997594934460456,0.5555555555555556,PASS
STATIONARY_TARGET,103,TAIL,-0.2560172895201074,0.016503376618683053,0.5555555555555556,PASS
STATIONARY_TARGET,104,EMP,-0.1582199352181466,0.0038488869776173557,0.5555555555555556,PASS
STATIONARY_TARGET,104,EVENT-EMP,-0.1582199352181466,0.0038488869776173557,0.5555555555555556,PASS
STATIONARY_TARGET,104,GEV,-0.1082336731473412,0.002821534927209033,0.5555555555555556,PASS_LMOM_FINITE_MEAN
STATIONARY_TARGET,104,KDE,-0.1142259551686046,0.0034690977421518,0.5555555555555556,PASS
STATIONARY_TARGET,104,TAIL,0.2846490896694288,0.002795976711493233,0.5555555555555556,PASS
STATIONARY_TARGET,105,EMP,-0.2025838323244027,0.0016051427776382111,0.7777777777777778,PASS
STATIONARY_TARGET,105,EVENT-EMP,-0.2025838323244027,0.0024092783049808556,0.6666666666666666,PASS
STATIONARY_TARGET,105,GEV,-0.1117605406995718,0.0019523641043984556,0.7777777777777778,PASS_LMOM_FINITE_MEAN
STATIONARY_TARGET,105,KDE,-0.1510692301462219,0.0026517749223656222,0.5555555555555556,PASS
STATIONARY_TARGET,105,TAIL,-0.083346809967187,0.001286335685783789,0.7777777777777778,PASS
STATIONARY_TARGET,106,EMP,-0.2460079393179242,0.0030350696227926335,0.6666666666666666,PASS
STATIONARY_TARGET,106,EVENT-EMP,-0.2460079393179242,0.0018329436886156002,0.6666666666666666,PASS
STATIONARY_TARGET,106,GEV,-0.15952287529798,0.002026795336019756,0.6666666666666666,PASS_LMOM_FINITE_MEAN
STATIONARY_TARGET,106,KDE,-0.2084929907779223,0.0015355464420581779,0.7777777777777778,PASS
STATIONARY_TARGET,106,TAIL,-0.1914267255387284,0.0015102564268807087,0.6666666666666666,PASS
STATIONARY_TARGET,107,EMP,-0.1957175185072349,0.004401613173972144,0.6666666666666666,PASS
STATIONARY_TARGET,107,EVENT-EMP,-0.1957175185072349,0.005710601354676167,0.6666666666666666,PASS
STATIONARY_TARGET,107,GEV,-0.1720675742030303,0.0021646366573023668,0.7777777777777778,PASS_LMOM_FINITE_MEAN
STATIONARY_TARGET,107,KDE,-0.1557060253346593,0.0026517749223656222,0.5555555555555556,PASS
STATIONARY_TARGET,107,TAIL,0.1310409028515325,0.002795976711493233,0.5555555555555556,PASS
STATIONARY_TARGET,108,EMP,0.2453082392046733,0.002795976711493233,0.5555555555555556,PASS
STATIONARY_TARGET,108,EVENT-EMP,0.2453082392046733,0.002795976711493233,0.5555555555555556,PASS
STATIONARY_TARGET,108,GEV,0.4203598575677154,0.002795976711493233,0.5555555555555556,PASS_LMOM_FINITE_MEAN
STATIONARY_TARGET,108,KDE,0.3165594288086082,0.002795976711493233,0.5555555555555556,PASS
STATIONARY_TARGET,108,TAIL,0.0719079552873387,0.002795976711493233,0.5555555555555556,PASS
STATIONARY_TARGET,109,EMP,0.1940231673542019,0.002795976711493233,0.5555555555555556,PASS
STATIONARY_TARGET,109,EVENT-EMP,0.1940231673542019,0.002795976711493233,0.5555555555555556,PASS
STATIONARY_TARGET,109,GEV,0.2587391679532569,0.002795976711493233,0.5555555555555556,PASS_LMOM_FINITE_MEAN
STATIONARY_TARGET,109,KDE,0.2588313775987075,0.002795976711493233,0.5555555555555556,PASS
STATIONARY_TARGET,109,TAIL,0.0176587873813205,0.0026517749223656222,0.5555555555555556,PASS
STATIONARY_TARGET,110,EMP,-0.2882736498175535,0.004414984060297133,0.6666666666666666,PASS
STATIONARY_TARGET,110,EVENT-EMP,-0.2882736498175535,0.0021778832651489447,0.6666666666666666,PASS
STATIONARY_TARGET,110,GEV,-0.1412487478007544,0.0026111715811704445,0.6666666666666666,PASS_LMOM_FINITE_MEAN
STATIONARY_TARGET,110,KDE,-0.2377426872259448,0.0020079100712448333,0.6666666666666666,PASS
STATIONARY_TARGET,110,TAIL,-0.1558838047823276,0.002341574895839711,0.6666666666666666,PASS
STATIONARY_TARGET,111,EMP,-0.1993280810335218,0.002795976711493233,0.5555555555555556,PASS
STATIONARY_TARGET,111,EVENT-EMP,-0.1993280810335218,0.0036807390226116666,0.5555555555555556,PASS
STATIONARY_TARGET,111,GEV,0.0240412286092023,0.002795976711493233,0.5555555555555556,PASS_LMOM_FINITE_MEAN
STATIONARY_TARGET,111,KDE,-0.103404874374008,0.002795976711493233,0.5555555555555556,PASS
STATIONARY_TARGET,111,TAIL,0.089411620130427,0.0018999193638229886,0.6666666666666666,PASS
STATIONARY_TARGET,112,EMP,-0.0702819349499349,0.0026517749223656222,0.5555555555555556,PASS
STATIONARY_TARGET,112,EVENT-EMP,-0.0702819349499349,0.0026517749223656222,0.5555555555555556,PASS
STATIONARY_TARGET,112,GEV,0.0597464332363739,0.002795976711493233,0.5555555555555556,PASS_LMOM_FINITE_MEAN
STATIONARY_TARGET,112,KDE,-0.0003445397456422,0.002795976711493233,0.5555555555555556,PASS
STATIONARY_TARGET,112,TAIL,0.0845808567197877,0.002795976711493233,0.5555555555555556,PASS
STATIONARY_TARGET,113,EMP,-0.1244779553111662,0.0006545753731426,0.7777777777777778,PASS
STATIONARY_TARGET,113,EVENT-EMP,-0.1244779553111662,0.0006224012265184919,0.7777777777777778,PASS
STATIONARY_TARGET,113,GEV,0.0260280176185601,0.00010475188623351236,0.8888888888888888,PASS_LMOM_FINITE_MEAN
STATIONARY_TARGET,113,KDE,-0.0741904290924314,0.0018999193638229886,0.6666666666666666,PASS
STATIONARY_TARGET,113,TAIL,-0.0214935139958417,0.00010423277824810221,0.8888888888888888,PASS
STATIONARY_TARGET,114,EMP,-0.2746145277933349,0.001515918816934453,0.6666666666666666,PASS
STATIONARY_TARGET,114,EVENT-EMP,-0.2746145277933349,0.001515918816934453,0.6666666666666666,PASS
STATIONARY_TARGET,114,GEV,-0.24990095041339,0.0015036738270144023,0.6666666666666666,PASS_LMOM_FINITE_MEAN
STATIONARY_TARGET,114,KDE,-0.2381491726372754,0.0015022785873035965,0.6666666666666666,PASS
STATIONARY_TARGET,114,TAIL,-0.1917650809179684,0.0020836519135994224,0.6666666666666666,PASS
STATIONARY_TARGET,115,EMP,0.0108859778474966,0.002795976711493233,0.5555555555555556,PASS
STATIONARY_TARGET,115,EVENT-EMP,0.0108859778474966,0.002795976711493233,0.5555555555555556,PASS
STATIONARY_TARGET,115,GEV,0.1677287243562599,0.002795976711493233,0.5555555555555556,PASS_LMOM_FINITE_MEAN
STATIONARY_TARGET,115,KDE,0.0681104102366586,0.002795976711493233,0.5555555555555556,PASS
STATIONARY_TARGET,115,TAIL,0.1114893793429359,0.002795976711493233,0.5555555555555556,PASS
STATIONARY_TARGET,116,EMP,0.0245221684812887,0.002795976711493233,0.5555555555555556,PASS
STATIONARY_TARGET,116,EVENT-EMP,0.0245221684812887,0.002795976711493233,0.5555555555555556,PASS
STATIONARY_TARGET,116,GEV,0.2532768625256955,0.002795976711493233,0.5555555555555556,PASS_LMOM_FINITE_MEAN
STATIONARY_TARGET,116,KDE,0.12737483092669,0.002795976711493233,0.5555555555555556,PASS
STATIONARY_TARGET,116,TAIL,0.0913283313252052,0.0018999193638229886,0.6666666666666666,PASS
STATIONARY_TARGET,117,EMP,-0.1300926823313879,0.0036807390226116666,0.5555555555555556,PASS
STATIONARY_TARGET,117,EVENT-EMP,-0.1300926823313879,0.002795976711493233,0.5555555555555556,PASS
STATIONARY_TARGET,117,GEV,0.178928688876041,0.0036807390226116666,0.5555555555555556,PASS_LMOM_FINITE_MEAN
STATIONARY_TARGET,117,KDE,-0.0474049596227627,0.0036807390226116666,0.5555555555555556,PASS
STATIONARY_TARGET,117,TAIL,0.0604205828759375,0.002795976711493233,0.5555555555555556,PASS
STATIONARY_TARGET,118,EMP,-0.1489773335285668,0.0027743552577003663,0.6666666666666666,PASS
STATIONARY_TARGET,118,EVENT-EMP,-0.1489773335285668,0.004256967643826422,0.6666666666666666,PASS
STATIONARY_TARGET,118,GEV,-0.1400350466782887,0.002516676085023589,0.6666666666666666,PASS_LMOM_FINITE_MEAN
STATIONARY_TARGET,118,KDE,-0.1107659705134033,0.0020397921419310445,0.6666666666666666,PASS
STATIONARY_TARGET,118,TAIL,-0.0438697066371615,0.0011480288084837,0.7777777777777778,PASS
STATIONARY_TARGET,119,EMP,-0.2306374373062553,0.002968369667933278,0.6666666666666666,PASS
STATIONARY_TARGET,119,EVENT-EMP,-0.2306374373062553,0.004114290717853933,0.7777777777777778,PASS
STATIONARY_TARGET,119,GEV,-0.1613444736969809,0.0019424482822364335,0.6666666666666666,PASS_LMOM_FINITE_MEAN
STATIONARY_TARGET,119,KDE,-0.1750442745228334,0.002795976711493233,0.5555555555555556,PASS
STATIONARY_TARGET,119,TAIL,-0.0310625454542108,0.0014470566389295557,0.7777777777777778,PASS
STATIONARY_TARGET,120,EMP,-0.1303435119911602,0.0026517749223656222,0.5555555555555556,PASS
STATIONARY_TARGET,120,EVENT-EMP,-0.1303435119911602,0.002795976711493233,0.5555555555555556,PASS
STATIONARY_TARGET,120,GEV,0.0455366945214573,0.0026517749223656222,0.5555555555555556,PASS_LMOM_FINITE_MEAN
STATIONARY_TARGET,120,KDE,-0.0558754465347523,0.002795976711493233,0.5555555555555556,PASS
STATIONARY_TARGET,120,TAIL,0.0717497220483201,0.002795976711493233,0.5555555555555556,PASS
STATIONARY_TARGET,121,EMP,0.1812098716485833,0.002795976711493233,0.5555555555555556,PASS
STATIONARY_TARGET,121,EVENT-EMP,0.1812098716485833,0.002795976711493233,0.5555555555555556,PASS
STATIONARY_TARGET,121,GEV,0.4218547025907431,0.002795976711493233,0.5555555555555556,PASS_LMOM_FINITE_MEAN
STATIONARY_TARGET,121,KDE,0.2909685810142748,0.002795976711493233,0.5555555555555556,PASS
STATIONARY_TARGET,121,TAIL,0.3250717769023251,0.002795976711493233,0.5555555555555556,PASS
STATIONARY_TARGET,122,EMP,0.0557537275729864,0.002795976711493233,0.5555555555555556,PASS
STATIONARY_TARGET,122,EVENT-EMP,0.0557537275729864,0.002795976711493233,0.5555555555555556,PASS
STATIONARY_TARGET,122,GEV,0.3407329205074406,0.002795976711493233,0.5555555555555556,PASS_LMOM_FINITE_MEAN
STATIONARY_TARGET,122,KDE,0.127104365888686,0.002795976711493233,0.5555555555555556,PASS
STATIONARY_TARGET,122,TAIL,0.8624320301912642,0.002795976711493233,0.5555555555555556,PASS
STATIONARY_TARGET,123,EMP,-0.1482546068282576,0.0026517749223656222,0.5555555555555556,PASS
STATIONARY_TARGET,123,EVENT-EMP,-0.1482546068282576,0.0029450712146138667,0.5555555555555556,PASS
STATIONARY_TARGET,123,GEV,-0.0346267747242904,0.0034230987193766224,0.5555555555555556,PASS_LMOM_FINITE_MEAN
STATIONARY_TARGET,123,KDE,-0.0880178776346544,0.002795976711493233,0.5555555555555556,PASS
STATIONARY_TARGET,123,TAIL,0.0852102122919561,0.002795976711493233,0.5555555555555556,PASS
STATIONARY_TARGET,124,EMP,0.1742295154438946,0.0012415918083189333,0.8888888888888888,PASS
STATIONARY_TARGET,124,EVENT-EMP,0.1742295154438946,0.0018999193638229886,0.6666666666666666,PASS
STATIONARY_TARGET,124,GEV,0.1748812348756991,0.0018999193638229886,0.6666666666666666,PASS_LMOM_FINITE_MEAN
STATIONARY_TARGET,124,KDE,0.2352589495098979,0.0018999193638229886,0.6666666666666666,PASS
STATIONARY_TARGET,124,TAIL,-0.0104265660320843,0.0005012764825124777,0.7777777777777778,PASS
STATIONARY_TARGET,125,EMP,0.0796945259700649,0.0018999193638229886,0.6666666666666666,PASS
STATIONARY_TARGET,125,EVENT-EMP,0.0796945259700649,0.002795976711493233,0.5555555555555556,PASS
STATIONARY_TARGET,125,GEV,0.3962730943282623,0.0018999193638229886,0.6666666666666666,PASS_LMOM_FINITE_MEAN
STATIONARY_TARGET,125,KDE,0.1597073690648285,0.0018999193638229886,0.6666666666666666,PASS
STATIONARY_TARGET,125,TAIL,0.0317518973999494,0.0006293352805576458,0.7777777777777778,PASS
STATIONARY_TARGET,126,EMP,0.1308770855836479,0.002795976711493233,0.5555555555555556,PASS
STATIONARY_TARGET,126,EVENT-EMP,0.1308770855836479,0.002795976711493233,0.5555555555555556,PASS
STATIONARY_TARGET,126,GEV,0.1975897521536379,0.002795976711493233,0.5555555555555556,PASS_LMOM_FINITE_MEAN
STATIONARY_TARGET,126,KDE,0.1878924810029398,0.002795976711493233,0.5555555555555556,PASS
STATIONARY_TARGET,126,TAIL,0.1134235616780933,0.002795976711493233,0.5555555555555556,PASS
STATIONARY_TARGET,127,EMP,-0.0230143707573762,0.004166836670298367,0.6666666666666666,PASS
STATIONARY_TARGET,127,EVENT-EMP,-0.0230143707573762,0.001530963083112278,0.6666666666666666,PASS
STATIONARY_TARGET,127,GEV,-0.0167324067192195,0.004644288438045312,0.6666666666666666,PASS_LMOM_FINITE_MEAN
STATIONARY_TARGET,127,KDE,0.0243585760545654,0.0054585168003894215,0.4444444444444444,PASS
STATIONARY_TARGET,127,TAIL,-0.0705551328942656,0.0017890679808862224,0.6666666666666666,PASS
STATIONARY_TARGET,128,EMP,-0.1263850264500357,0.0016551224993084112,0.6666666666666666,PASS
STATIONARY_TARGET,128,EVENT-EMP,-0.1263850264500357,0.0014943736606506913,0.6666666666666666,PASS
STATIONARY_TARGET,128,GEV,-0.056742798781834,0.0017982828301773444,0.6666666666666666,PASS_LMOM_FINITE_MEAN
STATIONARY_TARGET,128,KDE,-0.0905716872346326,0.0015007448462003895,0.6666666666666666,PASS
STATIONARY_TARGET,128,TAIL,-0.0965839608488576,0.0015005299203933527,0.6666666666666666,PASS
STATIONARY_TARGET,129,EMP,-0.0197710306373965,0.0026517749223656222,0.5555555555555556,PASS
STATIONARY_TARGET,129,EVENT-EMP,-0.0197710306373965,0.002795976711493233,0.5555555555555556,PASS
STATIONARY_TARGET,129,GEV,0.0468324862695176,0.0026517749223656222,0.5555555555555556,PASS_LMOM_FINITE_MEAN
STATIONARY_TARGET,129,KDE,0.0287494560390434,0.002795976711493233,0.5555555555555556,PASS
STATIONARY_TARGET,129,TAIL,0.0152396614097302,0.0025484583703057,0.6666666666666666,PASS
STATIONARY_TARGET,130,EMP,0.1589506136390413,0.0009316039928085778,0.7777777777777778,PASS
STATIONARY_TARGET,130,EVENT-EMP,0.1589506136390413,0.0036807390226116666,0.5555555555555556,PASS
STATIONARY_TARGET,130,GEV,0.2609136995878592,0.0018999193638229886,0.6666666666666666,PASS_LMOM_FINITE_MEAN
STATIONARY_TARGET,130,KDE,0.219026111194672,0.0018999193638229886,0.6666666666666666,PASS
STATIONARY_TARGET,130,TAIL,0.0575181309270395,0.0013194902233305559,0.7777777777777778,PASS
STATIONARY_TARGET,131,EMP,-0.2290795899098242,0.0022831430052901447,0.7777777777777778,PASS
STATIONARY_TARGET,131,EVENT-EMP,-0.2290795899098242,0.0031658644532539778,0.6666666666666666,PASS
STATIONARY_TARGET,131,GEV,-0.0774676046135303,0.002270192588129322,0.6666666666666666,PASS_LMOM_FINITE_MEAN
STATIONARY_TARGET,131,KDE,-0.1756004747397428,0.0054585168003894215,0.4444444444444444,PASS
STATIONARY_TARGET,131,TAIL,-0.1433930393652989,0.003040203240246344,0.6666666666666666,PASS
STATIONARY_TARGET,132,EMP,-0.1554383534978949,0.0067068680786869775,0.6666666666666666,PASS
STATIONARY_TARGET,132,EVENT-EMP,-0.1554383534978949,0.002014365427612878,0.6666666666666666,PASS
STATIONARY_TARGET,132,GEV,0.0314116227060476,0.003641332790578556,0.6666666666666666,PASS_LMOM_FINITE_MEAN
STATIONARY_TARGET,132,KDE,-0.0874168045320959,0.0054585168003894215,0.4444444444444444,PASS
STATIONARY_TARGET,132,TAIL,-0.0544597811132567,0.001860895299072978,0.7777777777777778,PASS
STATIONARY_TARGET,133,EMP,0.0822008873687418,0.002795976711493233,0.5555555555555556,PASS
STATIONARY_TARGET,133,EVENT-EMP,0.0822008873687418,0.002795976711493233,0.5555555555555556,PASS
STATIONARY_TARGET,133,GEV,0.2697541832543371,0.002795976711493233,0.5555555555555556,PASS_LMOM_FINITE_MEAN
STATIONARY_TARGET,133,KDE,0.1453845714148206,0.002795976711493233,0.5555555555555556,PASS
STATIONARY_TARGET,133,TAIL,0.4195415661584052,0.002795976711493233,0.5555555555555556,PASS
STATIONARY_TARGET,134,EMP,-0.3239236993724884,0.014372069410815822,0.5555555555555556,PASS
STATIONARY_TARGET,134,EVENT-EMP,-0.3239236993724884,0.015049312543731133,0.5555555555555556,PASS
STATIONARY_TARGET,134,GEV,-0.2729755769238584,0.01437343867121688,0.5555555555555556,PASS_LMOM_FINITE_MEAN
STATIONARY_TARGET,134,KDE,-0.289373865067354,0.0017948685561061002,0.6666666666666666,PASS
STATIONARY_TARGET,134,TAIL,-0.1882393536157801,0.0035439356222456333,0.6666666666666666,PASS
STATIONARY_TARGET,135,EMP,0.0939891169715906,0.002795976711493233,0.5555555555555556,PASS
STATIONARY_TARGET,135,EVENT-EMP,0.0939891169715906,0.002795976711493233,0.5555555555555556,PASS
STATIONARY_TARGET,135,GEV,0.3608047712649631,0.002795976711493233,0.5555555555555556,PASS_LMOM_FINITE_MEAN
STATIONARY_TARGET,135,KDE,0.1654996149575809,0.002795976711493233,0.5555555555555556,PASS
STATIONARY_TARGET,135,TAIL,0.0749261643474836,0.002795976711493233,0.5555555555555556,PASS
STATIONARY_TARGET,136,EMP,-0.0748814644984996,0.0008964552968320889,0.7777777777777778,PASS
STATIONARY_TARGET,136,EVENT-EMP,-0.0748814644984996,0.0015862792351896667,0.6666666666666666,PASS
STATIONARY_TARGET,136,GEV,-0.1166642387976684,0.0008654699566781888,0.7777777777777778,PASS_LMOM_FINITE_MEAN
STATIONARY_TARGET,136,KDE,-0.0331799031688979,0.0006872120742874334,0.8888888888888888,PASS
STATIONARY_TARGET,136,TAIL,-0.1189023686123082,0.0017052753164209446,0.6666666666666666,PASS
STATIONARY_TARGET,137,EMP,-0.1912372919798667,0.002922910826576811,0.6666666666666666,PASS
STATIONARY_TARGET,137,EVENT-EMP,-0.1912372919798667,0.005480829602559589,0.6666666666666666,PASS
STATIONARY_TARGET,137,GEV,-0.175761438863376,0.0026129762520548778,0.6666666666666666,PASS_LMOM_FINITE_MEAN
STATIONARY_TARGET,137,KDE,-0.1560829033749788,0.002380681944251278,0.7777777777777778,PASS
STATIONARY_TARGET,137,TAIL,0.1307487230209902,0.002795976711493233,0.5555555555555556,PASS
STATIONARY_TARGET,138,EMP,0.0581241376380148,0.002795976711493233,0.5555555555555556,PASS
STATIONARY_TARGET,138,EVENT-EMP,0.0581241376380148,0.002795976711493233,0.5555555555555556,PASS
STATIONARY_TARGET,138,GEV,0.2615660475692205,0.002795976711493233,0.5555555555555556,PASS_LMOM_FINITE_MEAN
STATIONARY_TARGET,138,KDE,0.1200642185757242,0.002795976711493233,0.5555555555555556,PASS
STATIONARY_TARGET,138,TAIL,0.2132265007126126,0.002795976711493233,0.5555555555555556,PASS
STATIONARY_TARGET,139,EMP,0.078131919536987,0.002795976711493233,0.5555555555555556,PASS
STATIONARY_TARGET,139,EVENT-EMP,0.078131919536987,0.002795976711493233,0.5555555555555556,PASS
STATIONARY_TARGET,139,GEV,0.25227847927964,0.002795976711493233,0.5555555555555556,PASS_LMOM_FINITE_MEAN
STATIONARY_TARGET,139,KDE,0.1424831102837086,0.002795976711493233,0.5555555555555556,PASS
STATIONARY_TARGET,139,TAIL,0.1131402564243746,0.002795976711493233,0.5555555555555556,PASS
STATIONARY_TARGET,140,EMP,0.0761135092363051,0.0027569799332399112,0.6666666666666666,PASS
STATIONARY_TARGET,140,EVENT-EMP,0.0761135092363051,0.0027569799332399112,0.6666666666666666,PASS
STATIONARY_TARGET,140,GEV,0.1752638225234535,0.004056417246212212,0.6666666666666666,PASS_LMOM_FINITE_MEAN
STATIONARY_TARGET,140,KDE,0.1309265080065529,0.0054585168003894215,0.4444444444444444,PASS
STATIONARY_TARGET,140,TAIL,-0.0677247767520913,0.002443585539755767,0.6666666666666666,PASS
STATIONARY_TARGET,141,EMP,0.3165419578443264,0.002795976711493233,0.5555555555555556,PASS
STATIONARY_TARGET,141,EVENT-EMP,0.3165419578443264,0.002795976711493233,0.5555555555555556,PASS
STATIONARY_TARGET,141,GEV,0.5069102314677281,0.002795976711493233,0.5555555555555556,PASS_LMOM_FINITE_MEAN
STATIONARY_TARGET,141,KDE,0.3925094221891733,0.002795976711493233,0.5555555555555556,PASS
STATIONARY_TARGET,141,TAIL,0.1587654403449772,0.002795976711493233,0.5555555555555556,PASS
STATIONARY_TARGET,142,EMP,-0.3038489243622357,0.0018195584820429888,0.6666666666666666,PASS
STATIONARY_TARGET,142,EVENT-EMP,-0.3038489243622357,0.001787188542028689,0.6666666666666666,PASS
STATIONARY_TARGET,142,GEV,-0.2458716142939965,0.0019360541934076555,0.6666666666666666,PASS_LMOM_FINITE_MEAN
STATIONARY_TARGET,142,KDE,-0.2676488636481954,0.0016837649597663668,0.6666666666666666,PASS
STATIONARY_TARGET,142,TAIL,-0.1632475413023972,0.0017403009534755444,0.6666666666666666,PASS
STATIONARY_TARGET,143,EMP,-0.331092537010817,0.0015014853385896072,0.6666666666666666,PASS
STATIONARY_TARGET,143,EVENT-EMP,-0.331092537010817,0.0023929894682521557,0.6666666666666666,PASS
STATIONARY_TARGET,143,GEV,-0.2635775532335904,0.0016612669932687223,0.6666666666666666,PASS_LMOM_FINITE_MEAN
STATIONARY_TARGET,143,KDE,-0.2891085021063865,0.0014929355702412415,0.6666666666666666,PASS
STATIONARY_TARGET,143,TAIL,-0.1202573213473992,0.0028298109877010333,0.7777777777777778,PASS
STATIONARY_TARGET,144,EMP,-0.226723954867951,0.004574894594225689,0.6666666666666666,PASS
STATIONARY_TARGET,144,EVENT-EMP,-0.226723954867951,0.003263399152642556,0.6666666666666666,PASS
STATIONARY_TARGET,144,GEV,-0.0513629828128008,0.004320057895031322,0.6666666666666666,PASS_LMOM_FINITE_MEAN
STATIONARY_TARGET,144,KDE,-0.1714126947884638,0.002694411877167278,0.6666666666666666,PASS
STATIONARY_TARGET,144,TAIL,-0.1350187018015323,0.0028372313924180004,0.7777777777777778,PASS
STATIONARY_TARGET,145,EMP,-0.2026297141711854,0.0010587703044409222,0.7777777777777778,PASS
STATIONARY_TARGET,145,EVENT-EMP,-0.2026297141711854,0.004613558952690389,0.6666666666666666,PASS
STATIONARY_TARGET,145,GEV,-0.1478675687364268,0.001761721792007389,0.7777777777777778,PASS_LMOM_FINITE_MEAN
STATIONARY_TARGET,145,KDE,-0.1590769292112489,0.0026517749223656222,0.5555555555555556,PASS
STATIONARY_TARGET,145,TAIL,0.0277725244422671,0.0026517749223656222,0.5555555555555556,PASS
STATIONARY_TARGET,146,EMP,-0.1950575075723353,0.001646046100782911,0.6666666666666666,PASS
STATIONARY_TARGET,146,EVENT-EMP,-0.1950575075723353,0.0015775627168523113,0.6666666666666666,PASS
STATIONARY_TARGET,146,GEV,-0.1002696301000456,0.001492966309735405,0.6666666666666666,PASS_LMOM_FINITE_MEAN
STATIONARY_TARGET,146,KDE,-0.1366542886177001,0.0016875182287546446,0.6666666666666666,PASS
STATIONARY_TARGET,146,TAIL,-0.0300654558125253,0.0015003400176143667,0.7777777777777778,PASS
STATIONARY_TARGET,147,EMP,-0.210806624394537,0.0019554380616889,0.6666666666666666,PASS
STATIONARY_TARGET,147,EVENT-EMP,-0.210806624394537,0.0019554380616889,0.6666666666666666,PASS
STATIONARY_TARGET,147,GEV,-0.0598971239802741,0.0024886492095049667,0.6666666666666666,PASS_LMOM_FINITE_MEAN
STATIONARY_TARGET,147,KDE,-0.1721673021519029,0.0017045582215504222,0.6666666666666666,PASS
STATIONARY_TARGET,147,TAIL,-0.1601434106464041,0.0017226048317857,0.6666666666666666,PASS
STATIONARY_TARGET,148,EMP,0.5143536963254829,0.002795976711493233,0.5555555555555556,PASS
STATIONARY_TARGET,148,EVENT-EMP,0.5143536963254829,0.002795976711493233,0.5555555555555556,PASS
STATIONARY_TARGET,148,GEV,0.9622650821894524,0.002795976711493233,0.5555555555555556,PASS_LMOM_FINITE_MEAN
STATIONARY_TARGET,148,KDE,0.6407966819487756,0.002795976711493233,0.5555555555555556,PASS
STATIONARY_TARGET,148,TAIL,0.743882284235302,0.002795976711493233,0.5555555555555556,PASS
STATIONARY_TARGET,149,EMP,-0.0881895596723896,0.024307474382737903,0.5555555555555556,PASS
STATIONARY_TARGET,149,EVENT-EMP,-0.0881895596723896,0.024307474382737903,0.5555555555555556,PASS
STATIONARY_TARGET,149,GEV,-0.0736206801350894,0.02339182865087298,0.5555555555555556,PASS_LMOM_FINITE_MEAN
STATIONARY_TARGET,149,KDE,-0.0485746412914114,0.005133781007645811,0.6666666666666666,PASS
STATIONARY_TARGET,149,TAIL,-0.2045019076239713,0.021657072585604144,0.5555555555555556,PASS
STATIONARY_TARGET,150,EMP,-0.1347185422813625,0.0018999193638229886,0.6666666666666666,PASS
STATIONARY_TARGET,150,EVENT-EMP,-0.1347185422813625,0.0018999193638229886,0.6666666666666666,PASS
STATIONARY_TARGET,150,GEV,0.0800180107252223,0.0018999193638229886,0.6666666666666666,PASS_LMOM_FINITE_MEAN
STATIONARY_TARGET,150,KDE,-0.0809899891825991,0.0018999193638229886,0.6666666666666666,PASS
STATIONARY_TARGET,150,TAIL,0.0286418585138577,0.0006279597460495531,0.7777777777777778,PASS
STATIONARY_TARGET,151,EMP,-0.3482299522154597,0.01662400238060359,0.5555555555555556,PASS
STATIONARY_TARGET,151,EVENT-EMP,-0.3482299522154597,0.02107165887917541,0.5555555555555556,PASS
STATIONARY_TARGET,151,GEV,-0.2770130283369034,0.01569793248664691,0.5555555555555556,PASS_LMOM_FINITE_MEAN
STATIONARY_TARGET,151,KDE,-0.3047943233748275,0.01506009138983289,0.5555555555555556,PASS
STATIONARY_TARGET,151,TAIL,-0.2520837918049831,0.018276249316646846,0.5555555555555556,PASS
STATIONARY_TARGET,152,EMP,-0.2696637423616514,0.0015319397925177669,0.6666666666666666,PASS
STATIONARY_TARGET,152,EVENT-EMP,-0.2696637423616514,0.0014929324569968128,0.6666666666666666,PASS
STATIONARY_TARGET,152,GEV,-0.153440033106406,0.0015547527121760778,0.6666666666666666,PASS_LMOM_FINITE_MEAN
STATIONARY_TARGET,152,KDE,-0.2063263172064398,0.0016651737855497334,0.6666666666666666,PASS
STATIONARY_TARGET,152,TAIL,-0.0221055481607844,0.000604981021254121,0.7777777777777778,PASS
STATIONARY_TARGET,153,EMP,-0.0494281443124653,0.002795976711493233,0.5555555555555556,PASS
STATIONARY_TARGET,153,EVENT-EMP,-0.0494281443124653,0.002795976711493233,0.5555555555555556,PASS
STATIONARY_TARGET,153,GEV,0.1730586476056716,0.002795976711493233,0.5555555555555556,PASS_LMOM_FINITE_MEAN
STATIONARY_TARGET,153,KDE,0.0351802442967538,0.002795976711493233,0.5555555555555556,PASS
STATIONARY_TARGET,153,TAIL,0.0791370332705333,0.002795976711493233,0.5555555555555556,PASS
STATIONARY_TARGET,154,EMP,-0.2389491721487168,0.0018124917878069332,0.6666666666666666,PASS
STATIONARY_TARGET,154,EVENT-EMP,-0.2389491721487168,0.0015090798202414184,0.6666666666666666,PASS
STATIONARY_TARGET,154,GEV,-0.1390776398011643,0.0026183273362923557,0.6666666666666666,PASS_LMOM_FINITE_MEAN
STATIONARY_TARGET,154,KDE,-0.1850989527691104,0.001996759475711389,0.6666666666666666,PASS
STATIONARY_TARGET,154,TAIL,-0.0502256887463549,0.0016226547615536225,0.6666666666666666,PASS
STATIONARY_TARGET,155,EMP,-0.1734559508279612,0.0025554251572289114,0.6666666666666666,PASS
STATIONARY_TARGET,155,EVENT-EMP,-0.1734559508279612,0.001866591204583689,0.6666666666666666,PASS
STATIONARY_TARGET,155,GEV,-0.0899305269508317,0.0026110918022308333,0.6666666666666666,PASS_LMOM_FINITE_MEAN
STATIONARY_TARGET,155,KDE,-0.1338850068040142,0.0018228010454818333,0.6666666666666666,PASS
STATIONARY_TARGET,155,TAIL,0.0508632759453026,0.0006339665709532233,0.7777777777777778,PASS
STATIONARY_TARGET,156,EMP,-0.0865228972953905,0.0026517749223656222,0.5555555555555556,PASS
STATIONARY_TARGET,156,EVENT-EMP,-0.0865228972953905,0.002795976711493233,0.5555555555555556,PASS
STATIONARY_TARGET,156,GEV,0.0430634093018166,0.0026517749223656222,0.5555555555555556,PASS_LMOM_FINITE_MEAN
STATIONARY_TARGET,156,KDE,-0.0347764923294661,0.002795976711493233,0.5555555555555556,PASS
STATIONARY_TARGET,156,TAIL,0.0257872265787025,0.0025484583703057,0.6666666666666666,PASS
STATIONARY_TARGET,157,EMP,-0.1568141979575475,0.0036807390226116666,0.5555555555555556,PASS
STATIONARY_TARGET,157,EVENT-EMP,-0.1568141979575475,0.001383233154440978,0.6666666666666666,PASS
STATIONARY_TARGET,157,GEV,-0.0035994705092781,0.0036807390226116666,0.5555555555555556,PASS_LMOM_FINITE_MEAN
STATIONARY_TARGET,157,KDE,-0.1010070035095194,0.0036807390226116666,0.5555555555555556,PASS
STATIONARY_TARGET,157,TAIL,-0.0427688316979377,0.0011156108837076335,0.7777777777777778,PASS
STATIONARY_TARGET,158,EMP,-0.2884019541860651,0.0008092572978523889,0.7777777777777778,PASS
STATIONARY_TARGET,158,EVENT-EMP,-0.2884019541860651,0.0017567583364488223,0.6666666666666666,PASS
STATIONARY_TARGET,158,GEV,-0.2228390327235759,0.0015247017877907778,0.7777777777777778,PASS_LMOM_FINITE_MEAN
STATIONARY_TARGET,158,KDE,-0.2311012708863648,0.0019601681468235,0.7777777777777778,PASS
STATIONARY_TARGET,158,TAIL,-0.1345279824679889,0.0015621120683223222,0.6666666666666666,PASS
STATIONARY_TARGET,159,EMP,-0.2907849326105335,0.002256827667844911,0.6666666666666666,PASS
STATIONARY_TARGET,159,EVENT-EMP,-0.2907849326105335,0.0018549853182267331,0.7777777777777778,PASS
STATIONARY_TARGET,159,GEV,-0.2520648617989678,0.001958241761138178,0.6666666666666666,PASS_LMOM_FINITE_MEAN
STATIONARY_TARGET,159,KDE,-0.2380961019413199,0.0022342866769453225,0.6666666666666666,PASS
STATIONARY_TARGET,159,TAIL,-0.0162953198793771,0.0014389022356815332,0.6666666666666666,PASS
STATIONARY_TARGET,160,EMP,-0.1513995246434826,0.0008394552550179444,0.7777777777777778,PASS
STATIONARY_TARGET,160,EVENT-EMP,-0.1513995246434826,0.0017355126026881889,0.6666666666666666,PASS
STATIONARY_TARGET,160,GEV,-0.0881989355860817,0.0018999193638229886,0.6666666666666666,PASS_LMOM_FINITE_MEAN
STATIONARY_TARGET,160,KDE,-0.1042411300266731,0.0018999193638229886,0.6666666666666666,PASS
STATIONARY_TARGET,160,TAIL,-0.0725513391026676,0.0013732756285689224,0.7777777777777778,PASS
STATIONARY_TARGET,161,EMP,0.0060612927875511,0.002795976711493233,0.5555555555555556,PASS
STATIONARY_TARGET,161,EVENT-EMP,0.0060612927875511,0.002795976711493233,0.5555555555555556,PASS
STATIONARY_TARGET,161,GEV,0.1612350125507274,0.002795976711493233,0.5555555555555556,PASS_LMOM_FINITE_MEAN
STATIONARY_TARGET,161,KDE,0.0741166159669593,0.002795976711493233,0.5555555555555556,PASS
STATIONARY_TARGET,161,TAIL,0.1048110199682175,0.002795976711493233,0.5555555555555556,PASS
STATIONARY_TARGET,162,EMP,0.0704837083752194,0.0014013437690100555,0.6666666666666666,PASS
STATIONARY_TARGET,162,EVENT-EMP,0.0704837083752194,0.0006685069779074444,0.7777777777777778,PASS
STATIONARY_TARGET,162,GEV,0.0918832474050737,0.0025484583703057,0.6666666666666666,PASS_LMOM_FINITE_MEAN
STATIONARY_TARGET,162,KDE,0.1224962782576259,0.002795976711493233,0.5555555555555556,PASS
STATIONARY_TARGET,162,TAIL,-0.0345943307533313,0.0014393536148743112,0.6666666666666666,PASS
STATIONARY_TARGET,163,EMP,0.1368051693392151,0.002795976711493233,0.5555555555555556,PASS
STATIONARY_TARGET,163,EVENT-EMP,0.1368051693392151,0.002795976711493233,0.5555555555555556,PASS
STATIONARY_TARGET,163,GEV,0.4870228283816321,0.002795976711493233,0.5555555555555556,PASS_LMOM_FINITE_MEAN
STATIONARY_TARGET,163,KDE,0.2253325051940767,0.002795976711493233,0.5555555555555556,PASS
STATIONARY_TARGET,163,TAIL,0.1860915199462285,0.002795976711493233,0.5555555555555556,PASS
STATIONARY_TARGET,164,EMP,-0.1475286325454652,0.0016568041462159,0.7777777777777778,PASS
STATIONARY_TARGET,164,EVENT-EMP,-0.1475286325454652,0.0016896045763661778,0.7777777777777778,PASS
STATIONARY_TARGET,164,GEV,-0.0174126727277099,0.0019409260614661888,0.6666666666666666,PASS_LMOM_FINITE_MEAN
STATIONARY_TARGET,164,KDE,-0.1005909961459927,0.0054585168003894215,0.4444444444444444,PASS
STATIONARY_TARGET,164,TAIL,-0.1192708894591066,0.0018958077341597666,0.6666666666666666,PASS
STATIONARY_TARGET,165,EMP,0.4254327748838679,0.002795976711493233,0.5555555555555556,PASS
STATIONARY_TARGET,165,EVENT-EMP,0.4254327748838679,0.002795976711493233,0.5555555555555556,PASS
STATIONARY_TARGET,165,GEV,0.3723720274002233,0.002795976711493233,0.5555555555555556,PASS_LMOM_FINITE_MEAN
STATIONARY_TARGET,165,KDE,0.5035910116445623,0.002795976711493233,0.5555555555555556,PASS
STATIONARY_TARGET,165,TAIL,0.1373975209548043,0.002795976711493233,0.5555555555555556,PASS
STATIONARY_TARGET,166,EMP,-0.2762081581752909,0.0015003545168441573,0.6666666666666666,PASS
STATIONARY_TARGET,166,EVENT-EMP,-0.2762081581752909,0.0022471304710094445,0.6666666666666666,PASS
STATIONARY_TARGET,166,GEV,-0.094081758877007,0.0018999517270407336,0.6666666666666666,PASS_LMOM_FINITE_MEAN
STATIONARY_TARGET,166,KDE,-0.2155427096171013,0.0014944700148914814,0.6666666666666666,PASS
STATIONARY_TARGET,166,TAIL,-0.0431677455017448,0.0006152724746769928,0.7777777777777778,PASS
STATIONARY_TARGET,167,EMP,0.2673786811761999,0.002795976711493233,0.5555555555555556,PASS
STATIONARY_TARGET,167,EVENT-EMP,0.2673786811761999,0.002795976711493233,0.5555555555555556,PASS
STATIONARY_TARGET,167,GEV,0.3757794837652882,0.002795976711493233,0.5555555555555556,PASS_LMOM_FINITE_MEAN
STATIONARY_TARGET,167,KDE,0.3372629640138682,0.002795976711493233,0.5555555555555556,PASS
STATIONARY_TARGET,167,TAIL,0.0906237216235046,0.002795976711493233,0.5555555555555556,PASS
STATIONARY_TARGET,168,EMP,-0.1325950178393248,0.001602285110310689,0.6666666666666666,PASS
STATIONARY_TARGET,168,EVENT-EMP,-0.1325950178393248,0.0021016980742390116,0.6666666666666666,PASS
STATIONARY_TARGET,168,GEV,-0.0354902492119565,0.0018354340041714444,0.6666666666666666,PASS_LMOM_FINITE_MEAN
STATIONARY_TARGET,168,KDE,-0.0929574356159691,0.0026517749223656222,0.5555555555555556,PASS
STATIONARY_TARGET,168,TAIL,0.1765485471615945,0.002795976711493233,0.5555555555555556,PASS
STATIONARY_TARGET,169,EMP,-0.1141572898354943,0.005980690398296067,0.6666666666666666,PASS
STATIONARY_TARGET,169,EVENT-EMP,-0.1141572898354943,0.0006125556814138193,0.7777777777777778,PASS
STATIONARY_TARGET,169,GEV,0.0636697286783852,0.0054585168003894215,0.4444444444444444,PASS_LMOM_FINITE_MEAN
STATIONARY_TARGET,169,KDE,-0.0584894116947517,0.0054585168003894215,0.4444444444444444,PASS
STATIONARY_TARGET,169,TAIL,-0.0366655438308998,0.0006281478734233558,0.7777777777777778,PASS
STATIONARY_TARGET,170,EMP,-0.2087693376053048,0.002795976711493233,0.5555555555555556,PASS
STATIONARY_TARGET,170,EVENT-EMP,-0.2087693376053048,0.0018999193638229886,0.6666666666666666,PASS
STATIONARY_TARGET,170,GEV,-0.0026637594519584,0.002795976711493233,0.5555555555555556,PASS_LMOM_FINITE_MEAN
STATIONARY_TARGET,170,KDE,-0.1263212200535342,0.002795976711493233,0.5555555555555556,PASS
STATIONARY_TARGET,170,TAIL,-0.0322153924911152,0.001633467130669422,0.6666666666666666,PASS
STATIONARY_TARGET,171,EMP,-0.1312126513019329,0.0026517749223656222,0.5555555555555556,PASS
STATIONARY_TARGET,171,EVENT-EMP,-0.1312126513019329,0.0026517749223656222,0.5555555555555556,PASS
STATIONARY_TARGET,171,GEV,0.0657317022387022,0.0026517749223656222,0.5555555555555556,PASS_LMOM_FINITE_MEAN
STATIONARY_TARGET,171,KDE,-0.0518700224052915,0.002795976711493233,0.5555555555555556,PASS
STATIONARY_TARGET,171,TAIL,0.0748946315590796,0.002795976711493233,0.5555555555555556,PASS
STATIONARY_TARGET,172,EMP,-0.1791355285119543,0.0010878746629155445,0.7777777777777778,PASS
STATIONARY_TARGET,172,EVENT-EMP,-0.1791355285119543,0.0026517749223656222,0.5555555555555556,PASS
STATIONARY_TARGET,172,GEV,-0.0659771601011505,0.0013180480755322333,0.7777777777777778,PASS_LMOM_FINITE_MEAN
STATIONARY_TARGET,172,KDE,-0.1351489643362561,0.0026517749223656222,0.5555555555555556,PASS
STATIONARY_TARGET,172,TAIL,0.1721993307786102,0.002795976711493233,0.5555555555555556,PASS
STATIONARY_TARGET,173,EMP,-0.0385591680733571,0.002795976711493233,0.5555555555555556,PASS
STATIONARY_TARGET,173,EVENT-EMP,-0.0385591680733571,0.002795976711493233,0.5555555555555556,PASS
STATIONARY_TARGET,173,GEV,0.3052971168219188,0.002795976711493233,0.5555555555555556,PASS_LMOM_FINITE_MEAN
STATIONARY_TARGET,173,KDE,0.0740190553871667,0.002795976711493233,0.5555555555555556,PASS
STATIONARY_TARGET,173,TAIL,0.208032643939286,0.002795976711493233,0.5555555555555556,PASS
STATIONARY_TARGET,174,EMP,-0.3613318749695087,0.015360813829218932,0.5555555555555556,PASS
STATIONARY_TARGET,174,EVENT-EMP,-0.3613318749695087,0.015360813829218932,0.5555555555555556,PASS
STATIONARY_TARGET,174,GEV,-0.3362837717640252,0.013813033199922334,0.5555555555555556,PASS_LMOM_FINITE_MEAN
STATIONARY_TARGET,174,KDE,-0.3195921587146237,0.013721788631632145,0.5555555555555556,PASS
STATIONARY_TARGET,174,TAIL,-0.3041942358265533,0.015373399526666534,0.5555555555555556,PASS
STATIONARY_TARGET,175,EMP,-0.0563041796240244,0.002914463093254078,0.6666666666666666,PASS
STATIONARY_TARGET,175,EVENT-EMP,-0.0563041796240244,0.002914463093254078,0.6666666666666666,PASS
STATIONARY_TARGET,175,GEV,0.1207310049109565,0.0054585168003894215,0.4444444444444444,PASS_LMOM_FINITE_MEAN
STATIONARY_TARGET,175,KDE,0.0282601895317832,0.0054585168003894215,0.4444444444444444,PASS
STATIONARY_TARGET,175,TAIL,-0.1057552230312231,0.002442194175210089,0.7777777777777778,PASS
STATIONARY_TARGET,176,EMP,-0.3202174207088643,0.001755818903141867,0.6666666666666666,PASS
STATIONARY_TARGET,176,EVENT-EMP,-0.3202174207088643,0.0015583641665610332,0.6666666666666666,PASS
STATIONARY_TARGET,176,GEV,-0.2242851386261387,0.0016062183715154334,0.6666666666666666,PASS_LMOM_FINITE_MEAN
STATIONARY_TARGET,176,KDE,-0.2542689931647175,0.0015030050405870322,0.6666666666666666,PASS
STATIONARY_TARGET,176,TAIL,-0.1105370332800913,0.002556843661197133,0.7777777777777778,PASS
STATIONARY_TARGET,177,EMP,0.2626110061771317,0.0054585168003894215,0.4444444444444444,PASS
STATIONARY_TARGET,177,EVENT-EMP,0.2626110061771317,0.0018999193638229886,0.6666666666666666,PASS
STATIONARY_TARGET,177,GEV,0.34640298622803,0.0054585168003894215,0.4444444444444444,PASS_LMOM_FINITE_MEAN
STATIONARY_TARGET,177,KDE,0.332868500258294,0.0054585168003894215,0.4444444444444444,PASS
STATIONARY_TARGET,177,TAIL,-0.0117857648782293,0.001881565552022278,0.6666666666666666,PASS
STATIONARY_TARGET,178,EMP,-0.3529908869830511,0.01500567196616691,0.5555555555555556,PASS
STATIONARY_TARGET,178,EVENT-EMP,-0.3529908869830511,0.014252555852253311,0.5555555555555556,PASS
STATIONARY_TARGET,178,GEV,-0.3104540308212111,0.01497469980323269,0.5555555555555556,PASS_LMOM_FINITE_MEAN
STATIONARY_TARGET,178,KDE,-0.3242650159810131,0.014164445807851256,0.5555555555555556,PASS
STATIONARY_TARGET,178,TAIL,-0.3104510305756364,0.015909204142863533,0.5555555555555556,PASS
STATIONARY_TARGET,179,EMP,-0.2020163546759801,0.003093176211632811,0.6666666666666666,PASS
STATIONARY_TARGET,179,EVENT-EMP,-0.2020163546759801,0.0027530634645913,0.6666666666666666,PASS
STATIONARY_TARGET,179,GEV,-0.0495479929814796,0.0029887840890500334,0.7777777777777778,PASS_LMOM_FINITE_MEAN
STATIONARY_TARGET,179,KDE,-0.1584879356823539,0.002216194867778956,0.6666666666666666,PASS
STATIONARY_TARGET,179,TAIL,-0.1656632592801419,0.002591849279208389,0.6666666666666666,PASS
STATIONARY_TARGET,180,EMP,-0.0888787256377506,0.0054585168003894215,0.4444444444444444,PASS
STATIONARY_TARGET,180,EVENT-EMP,-0.0888787256377506,0.0036807390226116666,0.5555555555555556,PASS
STATIONARY_TARGET,180,GEV,0.1146724055178504,0.0054585168003894215,0.4444444444444444,PASS_LMOM_FINITE_MEAN
STATIONARY_TARGET,180,KDE,-0.0389508359098549,0.0054585168003894215,0.4444444444444444,PASS
STATIONARY_TARGET,180,TAIL,-0.0518130438424206,0.0018102837980427666,0.7777777777777778,PASS
STATIONARY_TARGET,181,EMP,-0.233681653430265,0.000611705178830638,0.7777777777777778,PASS
STATIONARY_TARGET,181,EVENT-EMP,-0.233681653430265,0.002171492545297811,0.7777777777777778,PASS
STATIONARY_TARGET,181,GEV,-0.1937708478280217,0.0010287970454404222,0.7777777777777778,PASS_LMOM_FINITE_MEAN
STATIONARY_TARGET,181,KDE,-0.200568026260601,0.0014750901691551333,0.7777777777777778,PASS
STATIONARY_TARGET,181,TAIL,-0.1044311927693634,0.0006395076924688222,0.7777777777777778,PASS
STATIONARY_TARGET,182,EMP,-0.1380715868736968,0.0059768225786677115,0.5555555555555556,PASS
STATIONARY_TARGET,182,EVENT-EMP,-0.1380715868736968,0.0059768225786677115,0.5555555555555556,PASS
STATIONARY_TARGET,182,GEV,-0.0554873276453334,0.004165023777735134,0.5555555555555556,PASS_LMOM_FINITE_MEAN
STATIONARY_TARGET,182,KDE,-0.0752380041508138,0.002795976711493233,0.5555555555555556,PASS
STATIONARY_TARGET,182,TAIL,0.2216840111855642,0.002795976711493233,0.5555555555555556,PASS
STATIONARY_TARGET,183,EMP,0.0065099915023556,0.002795976711493233,0.5555555555555556,PASS
STATIONARY_TARGET,183,EVENT-EMP,0.0065099915023556,0.002795976711493233,0.5555555555555556,PASS
STATIONARY_TARGET,183,GEV,0.1858170765128746,0.002795976711493233,0.5555555555555556,PASS_LMOM_FINITE_MEAN
STATIONARY_TARGET,183,KDE,0.0815879977136564,0.002795976711493233,0.5555555555555556,PASS
STATIONARY_TARGET,183,TAIL,0.2984823299074636,0.002795976711493233,0.5555555555555556,PASS
STATIONARY_TARGET,184,EMP,0.2385561511452902,0.0026517749223656222,0.5555555555555556,PASS
STATIONARY_TARGET,184,EVENT-EMP,0.2385561511452902,0.002795976711493233,0.5555555555555556,PASS
STATIONARY_TARGET,184,GEV,0.2611149742630649,0.002795976711493233,0.5555555555555556,PASS_LMOM_FINITE_MEAN
STATIONARY_TARGET,184,KDE,0.3021870078493404,0.002795976711493233,0.5555555555555556,PASS
STATIONARY_TARGET,184,TAIL,-0.0060967912063502,0.0026517749223656222,0.5555555555555556,PASS
STATIONARY_TARGET,185,EMP,0.1405153060625836,0.002795976711493233,0.5555555555555556,PASS
STATIONARY_TARGET,185,EVENT-EMP,0.1405153060625836,0.002795976711493233,0.5555555555555556,PASS
STATIONARY_TARGET,185,GEV,0.2055648638901368,0.002795976711493233,0.5555555555555556,PASS_LMOM_FINITE_MEAN
STATIONARY_TARGET,185,KDE,0.2006858466894581,0.002795976711493233,0.5555555555555556,PASS
STATIONARY_TARGET,185,TAIL,0.1563788523636253,0.002795976711493233,0.5555555555555556,PASS
STATIONARY_TARGET,186,EMP,0.0412779827522308,0.0026517749223656222,0.5555555555555556,PASS
STATIONARY_TARGET,186,EVENT-EMP,0.0412779827522308,0.0025484583703057,0.6666666666666666,PASS
STATIONARY_TARGET,186,GEV,0.1457146131851927,0.002795976711493233,0.5555555555555556,PASS_LMOM_FINITE_MEAN
STATIONARY_TARGET,186,KDE,0.0962700022952769,0.002795976711493233,0.5555555555555556,PASS
STATIONARY_TARGET,186,TAIL,0.1187243730344712,0.002795976711493233,0.5555555555555556,PASS
STATIONARY_TARGET,187,EMP,0.0329620517089326,0.002795976711493233,0.5555555555555556,PASS
STATIONARY_TARGET,187,EVENT-EMP,0.0329620517089326,0.002795976711493233,0.5555555555555556,PASS
STATIONARY_TARGET,187,GEV,0.1642560869506487,0.002795976711493233,0.5555555555555556,PASS_LMOM_FINITE_MEAN
STATIONARY_TARGET,187,KDE,0.1021287321723279,0.002795976711493233,0.5555555555555556,PASS
STATIONARY_TARGET,187,TAIL,0.2672773942399983,0.002795976711493233,0.5555555555555556,PASS
STATIONARY_TARGET,188,EMP,-0.1393945583283401,0.0016356099806838001,0.6666666666666666,PASS
STATIONARY_TARGET,188,EVENT-EMP,-0.1393945583283401,0.001497977395952823,0.6666666666666666,PASS
STATIONARY_TARGET,188,GEV,-0.1332256432325916,0.0018912086798482555,0.6666666666666666,PASS_LMOM_FINITE_MEAN
STATIONARY_TARGET,188,KDE,-0.0991723001106888,0.0016635831920802006,0.6666666666666666,PASS
STATIONARY_TARGET,188,TAIL,-0.1203486485855704,0.002213297597080911,0.6666666666666666,PASS
STATIONARY_TARGET,189,EMP,-0.2293383845777367,0.008860150828908502,0.7777777777777778,PASS
STATIONARY_TARGET,189,EVENT-EMP,-0.2293383845777367,0.005174600004469722,0.7777777777777778,PASS
STATIONARY_TARGET,189,GEV,-0.2111924065318745,0.0020058795214927447,0.7777777777777778,PASS_LMOM_FINITE_MEAN
STATIONARY_TARGET,189,KDE,-0.1879476251642045,0.001797868716864544,0.8888888888888888,PASS
STATIONARY_TARGET,189,TAIL,-0.0552965607321898,0.0006346482728251615,0.7777777777777778,PASS
STATIONARY_TARGET,190,EMP,-0.2458957970444572,0.001510873361002026,0.6666666666666666,PASS
STATIONARY_TARGET,190,EVENT-EMP,-0.2458957970444572,0.001529594818059189,0.6666666666666666,PASS
STATIONARY_TARGET,190,GEV,-0.1821237938060301,0.0015095839257773722,0.6666666666666666,PASS_LMOM_FINITE_MEAN
STATIONARY_TARGET,190,KDE,-0.1956755364837989,0.0017350326424263667,0.6666666666666666,PASS
STATIONARY_TARGET,190,TAIL,-0.1118444673261213,0.0019233857899595111,0.6666666666666666,PASS
STATIONARY_TARGET,191,EMP,0.0186188747649021,0.009337852014674667,0.4444444444444444,PASS
STATIONARY_TARGET,191,EVENT-EMP,0.0186188747649021,0.0026517749223656222,0.5555555555555556,PASS
STATIONARY_TARGET,191,GEV,-0.0142975406965565,0.0033828354647670446,0.5555555555555556,PASS_LMOM_FINITE_MEAN
STATIONARY_TARGET,191,KDE,0.0669483632295105,0.002795976711493233,0.5555555555555556,PASS
STATIONARY_TARGET,191,TAIL,0.0873629826651141,0.002795976711493233,0.5555555555555556,PASS
STATIONARY_TARGET,192,EMP,-0.1383185210509911,0.0015293848582712223,0.6666666666666666,PASS
STATIONARY_TARGET,192,EVENT-EMP,-0.1383185210509911,0.0016195005202813558,0.6666666666666666,PASS
STATIONARY_TARGET,192,GEV,-0.1432490949932814,0.0016771883566864558,0.6666666666666666,PASS_LMOM_FINITE_MEAN
STATIONARY_TARGET,192,KDE,-0.1000101935053732,0.0014939812421260077,0.6666666666666666,PASS
STATIONARY_TARGET,192,TAIL,-0.0241726864386972,0.0014187351425935222,0.6666666666666666,PASS
STATIONARY_TARGET,193,EMP,0.0748484412318562,0.0013940050078475,0.6666666666666666,PASS
STATIONARY_TARGET,193,EVENT-EMP,0.0748484412318562,0.002795976711493233,0.5555555555555556,PASS
STATIONARY_TARGET,193,GEV,0.0989415067670579,0.002795976711493233,0.5555555555555556,PASS_LMOM_FINITE_MEAN
STATIONARY_TARGET,193,KDE,0.1281044781550821,0.002795976711493233,0.5555555555555556,PASS
STATIONARY_TARGET,193,TAIL,0.0707684503459726,0.002795976711493233,0.5555555555555556,PASS
STATIONARY_TARGET,194,EMP,0.0852023235093398,0.002795976711493233,0.5555555555555556,PASS
STATIONARY_TARGET,194,EVENT-EMP,0.0852023235093398,0.002795976711493233,0.5555555555555556,PASS
STATIONARY_TARGET,194,GEV,0.3098918174266066,0.002795976711493233,0.5555555555555556,PASS_LMOM_FINITE_MEAN
STATIONARY_TARGET,194,KDE,0.156342807205226,0.002795976711493233,0.5555555555555556,PASS
STATIONARY_TARGET,194,TAIL,0.06294626109789,0.002795976711493233,0.5555555555555556,PASS
STATIONARY_TARGET,195,EMP,0.0412739478831701,0.003080082748412389,0.6666666666666666,PASS
STATIONARY_TARGET,195,EVENT-EMP,0.0412739478831701,0.003080082748412389,0.6666666666666666,PASS
STATIONARY_TARGET,195,GEV,0.0805579568329036,0.0054585168003894215,0.4444444444444444,PASS_LMOM_FINITE_MEAN
STATIONARY_TARGET,195,KDE,0.0951316945237528,0.0054585168003894215,0.4444444444444444,PASS
STATIONARY_TARGET,195,TAIL,-0.0448558554195389,0.003084606727919489,0.6666666666666666,PASS
STATIONARY_TARGET,196,EMP,-0.0029879423656485,0.0023564003202106777,0.6666666666666666,PASS
STATIONARY_TARGET,196,EVENT-EMP,-0.0029879423656485,0.001391343275452588,0.7777777777777778,PASS
STATIONARY_TARGET,196,GEV,-0.0303858776209046,0.0021100031215861553,0.6666666666666666,PASS_LMOM_FINITE_MEAN
STATIONARY_TARGET,196,KDE,0.0459490038264839,0.0054585168003894215,0.4444444444444444,PASS
STATIONARY_TARGET,196,TAIL,0.0695571809295642,0.0018999193638229886,0.6666666666666666,PASS
STATIONARY_TARGET,197,EMP,-0.091681871884137,0.002175988423440911,0.6666666666666666,PASS
STATIONARY_TARGET,197,EVENT-EMP,-0.091681871884137,0.0035799360315874446,0.6666666666666666,PASS
STATIONARY_TARGET,197,GEV,-0.0970118437080069,0.0016947587501881668,0.6666666666666666,PASS_LMOM_FINITE_MEAN
STATIONARY_TARGET,197,KDE,-0.0454735006510632,0.0054585168003894215,0.4444444444444444,PASS
STATIONARY_TARGET,197,TAIL,0.0337814901733772,0.0019708466159237,0.6666666666666666,PASS
STATIONARY_TARGET,198,EMP,-0.1148142457242356,0.002210720968396978,0.6666666666666666,PASS
STATIONARY_TARGET,198,EVENT-EMP,-0.1148142457242356,0.002210720968396978,0.6666666666666666,PASS
STATIONARY_TARGET,198,GEV,0.0089142310979878,0.0019725651084894335,0.6666666666666666,PASS_LMOM_FINITE_MEAN
STATIONARY_TARGET,198,KDE,-0.0586047696265628,0.0054585168003894215,0.4444444444444444,PASS
STATIONARY_TARGET,198,TAIL,-0.0843500635344028,0.001861576585195478,0.6666666666666666,PASS
STATIONARY_TARGET,199,EMP,-0.1507974245451446,0.0019006307512845558,0.6666666666666666,PASS
STATIONARY_TARGET,199,EVENT-EMP,-0.1507974245451446,0.0017179172956974778,0.6666666666666666,PASS
STATIONARY_TARGET,199,GEV,-0.1038403378340945,0.0033562795774336666,0.7777777777777778,PASS_LMOM_FINITE_MEAN
STATIONARY_TARGET,199,KDE,-0.112935231815162,0.0022219072066105,0.6666666666666666,PASS
STATIONARY_TARGET,199,TAIL,-0.1340072853112416,0.001929034992553189,0.6666666666666666,PASS
