variant,measurement,factory,origin_id,train_months,test_month,train_month_count,normalization_kw,observed_normalized_max,method_id,fit_status,threshold,xi,sigma,cluster_rate,draw_count,draw_mean_kw,draw_q95_kw,draw_q99_kw,diagnostics
natural_tail,fixed_nonoverlapping_15min,Cement_1,O1_MAR_MAY_TO_JUN,"[""2019-03"", ""2019-04"", ""2019-05""]",2019-06,3,1401.2444444444445,1.0880994671403197,K-BLOCK,PASS,,,,,50000,1.0005825079928952,1.006039076376554,1.006039076376554,"{""block_length_windows"":96,""blocks_per_draw"":30,""information_set"":""fixed_nonoverlapping_15min_natural_tail"",""moving_blocks_available"":8177,""target_windows"":2880}"
natural_tail,fixed_nonoverlapping_15min,Cement_1,O1_MAR_MAY_TO_JUN,"[""2019-03"", ""2019-04"", ""2019-05""]",2019-06,3,1401.2444444444445,1.0880994671403197,K-EMP,PASS,,,,,50000,0.9999986429840142,1.006039076376554,1.006039076376554,"{""training_rows"":3}"
natural_tail,fixed_nonoverlapping_15min,Cement_1,O1_MAR_MAY_TO_JUN,"[""2019-03"", ""2019-04"", ""2019-05""]",2019-06,3,1401.2444444444445,1.0880994671403197,K-GEV,FALLBACK_EMPIRICAL,,,,,50000,0.9999993037300179,1.006039076376554,1.006039076376554,"{""reason"":""insufficient_or_degenerate_months""}"
natural_tail,fixed_nonoverlapping_15min,Cement_1,O1_MAR_MAY_TO_JUN,"[""2019-03"", ""2019-04"", ""2019-05""]",2019-06,3,1401.2444444444445,1.0880994671403197,K-GTAIL,FALLBACK_EXPONENTIAL,0.9357015985790409,0.0,0.028098600701815094,13.666666666666666,50000,1.02506948399423,1.091355772864226,1.1380987740891033,"{""bootstrap_ks_pvalue"":0.06986027944111776,""bootstrap_successful"":500,""candidate_count"":12,""cluster_count"":41,""fallback_empirical_rolling_log_score"":-69.39419971180207,""fallback_exponential_rolling_log_score"":2.3750800681249706,""final_rejection_reasons"":[""insufficient_clusters""],""mean_validation_log_score"":3.3356208510823144,""run_length_minutes"":60,""selected_threshold_quantile"":0.9,""selection_scheme"":""leave_one_training_month_out"",""shape_ci_width"":0.7537333066028755,""truncation_fraction"":0.0,""validation_months"":[""2019-03"",""2019-04"",""2019-05""]}"
natural_tail,fixed_nonoverlapping_15min,Cement_1,O1_MAR_MAY_TO_JUN,"[""2019-03"", ""2019-04"", ""2019-05""]",2019-06,3,1401.2444444444445,1.0880994671403197,K-KDE,PASS,,,,,50000,1.0000600797671406,1.0132027201904557,1.0178535311588484,"{""bandwidth_kw"":0.006037952094450413,""boundary"":""reject_below_zero"",""center_kw"":1.0,""rejection_batches"":1}"
natural_tail,fixed_nonoverlapping_15min,Cement_1,O1_MAR_MAY_TO_JUN,"[""2019-03"", ""2019-04"", ""2019-05""]",2019-06,3,1401.2444444444445,1.0880994671403197,K-POINT,PASS,,,,,50000,1.0,1.0,1.0,"{""center"":""mean""}"
natural_tail,fixed_nonoverlapping_15min,Cement_1,O1_MAR_MAY_TO_JUN,"[""2019-03"", ""2019-04"", ""2019-05""]",2019-06,3,1401.2444444444445,1.0880994671403197,K-UGPD,PASS,0.9357015985790409,-0.7759908055986244,0.055357417741028855,13.666666666666666,50000,0.9983489301968264,1.0060927112682245,1.0067750823838446,"{""bootstrap_ks_pvalue"":null,""bootstrap_successful"":null,""candidate_count"":12,""cluster_count"":41,""final_rejection_reasons"":[],""mean_validation_log_score"":3.3867310410761937,""run_length_minutes"":60,""selected_threshold_quantile"":0.9,""selection_scheme"":""leave_one_training_month_out"",""shape_ci_width"":null,""truncation_fraction"":0.0,""validation_months"":[""2019-03"",""2019-04"",""2019-05""]}"
natural_tail,fixed_nonoverlapping_15min,Cement_1,O2_MAR_JUN_TO_JUL,"[""2019-03"", ""2019-04"", ""2019-05"", ""2019-06""]",2019-07,4,1432.1066666666668,1.1115745568300313,K-BLOCK,PASS,,,,,50000,1.013658998957247,1.0646506777893638,1.0646506777893638,"{""block_length_windows"":96,""blocks_per_draw"":31,""information_set"":""fixed_nonoverlapping_15min_natural_tail"",""moving_blocks_available"":10859,""target_windows"":2976}"
natural_tail,fixed_nonoverlapping_15min,Cement_1,O2_MAR_JUN_TO_JUL,"[""2019-03"", ""2019-04"", ""2019-05"", ""2019-06""]",2019-07,4,1432.1066666666668,1.1115745568300313,K-EMP,PASS,,,,,50000,0.9998784984358708,1.0646506777893638,1.0646506777893638,"{""training_rows"":4}"
natural_tail,fixed_nonoverlapping_15min,Cement_1,O2_MAR_JUN_TO_JUL,"[""2019-03"", ""2019-04"", ""2019-05"", ""2019-06""]",2019-07,4,1432.1066666666668,1.1115745568300313,K-GEV,FALLBACK_EMPIRICAL,,,,,50000,1.0002422732012513,1.0646506777893638,1.0646506777893638,"{""reason"":""insufficient_or_degenerate_months""}"
natural_tail,fixed_nonoverlapping_15min,Cement_1,O2_MAR_JUN_TO_JUL,"[""2019-03"", ""2019-04"", ""2019-05"", ""2019-06""]",2019-07,4,1432.1066666666668,1.1115745568300313,K-GTAIL,FALLBACK_EMPIRICAL,,,,,50000,0.9999279040667363,1.0646506777893638,1.0646506777893638,"{""fallback_empirical_rolling_log_score"":-174.95674131799268,""fallback_exponential_rolling_log_score"":-4.089220126879681,""reason"":""final_gate_failure"",""reasons"":[""insufficient_clusters"",""shape_ci_width""],""selection_scheme"":""leave_one_training_month_out""}"
natural_tail,fixed_nonoverlapping_15min,Cement_1,O2_MAR_JUN_TO_JUL,"[""2019-03"", ""2019-04"", ""2019-05"", ""2019-06""]",2019-07,4,1432.1066666666668,1.1115745568300313,K-KDE,PASS,,,,,50000,0.9997199828285515,1.0939280969358698,1.1251567629660477,"{""bandwidth_kw"":0.034922083457094466,""boundary"":""reject_below_zero"",""center_kw"":0.9999999999999998,""rejection_batches"":1}"
natural_tail,fixed_nonoverlapping_15min,Cement_1,O2_MAR_JUN_TO_JUL,"[""2019-03"", ""2019-04"", ""2019-05"", ""2019-06""]",2019-07,4,1432.1066666666668,1.1115745568300313,K-POINT,PASS,,,,,50000,0.9999999999999999,0.9999999999999998,0.9999999999999998,"{""center"":""mean""}"
natural_tail,fixed_nonoverlapping_15min,Cement_1,O2_MAR_JUN_TO_JUL,"[""2019-03"", ""2019-04"", ""2019-05"", ""2019-06""]",2019-07,4,1432.1066666666668,1.1115745568300313,K-UGPD,PASS,0.9666319082377475,0.2700397097819919,0.013162786411322645,4.75,50000,1.0108402608726113,1.0826087159177973,1.1769960716893937,"{""bootstrap_ks_pvalue"":null,""bootstrap_successful"":null,""candidate_count"":12,""cluster_count"":19,""final_rejection_reasons"":[],""mean_validation_log_score"":-175.47341578308465,""run_length_minutes"":120,""selected_threshold_quantile"":0.975,""selection_scheme"":""leave_one_training_month_out"",""shape_ci_width"":null,""truncation_fraction"":0.0,""validation_months"":[""2019-03"",""2019-04"",""2019-05"",""2019-06""]}"
natural_tail,fixed_nonoverlapping_15min,Cement_1,O3_MAR_JUL_TO_AUG,"[""2019-03"", ""2019-04"", ""2019-05"", ""2019-06"", ""2019-07""]",2019-08,5,1464.064,1.1036311709506323,K-BLOCK,PASS,,,,,50000,1.0664824969400246,1.0873113015095879,1.0873113015095879,"{""block_length_windows"":96,""blocks_per_draw"":31,""information_set"":""fixed_nonoverlapping_15min_natural_tail"",""moving_blocks_available"":13740,""target_windows"":2976}"
natural_tail,fixed_nonoverlapping_15min,Cement_1,O3_MAR_JUL_TO_AUG,"[""2019-03"", ""2019-04"", ""2019-05"", ""2019-06"", ""2019-07""]",2019-08,5,1464.064,1.1036311709506323,K-EMP,PASS,,,,,50000,0.9997866177070585,1.0873113015095879,1.0873113015095879,"{""training_rows"":5}"
natural_tail,fixed_nonoverlapping_15min,Cement_1,O3_MAR_JUL_TO_AUG,"[""2019-03"", ""2019-04"", ""2019-05"", ""2019-06"", ""2019-07""]",2019-08,5,1464.064,1.1036311709506323,K-GEV,FALLBACK_EMPIRICAL,,,,,50000,0.9994907792737658,1.0873113015095879,1.0873113015095879,"{""reason"":""insufficient_or_degenerate_months""}"
natural_tail,fixed_nonoverlapping_15min,Cement_1,O3_MAR_JUL_TO_AUG,"[""2019-03"", ""2019-04"", ""2019-05"", ""2019-06"", ""2019-07""]",2019-08,5,1464.064,1.1036311709506323,K-GTAIL,FALLBACK_EXPONENTIAL,0.941452468380253,0.0,0.03619425590049818,13.2,50000,1.0556163481160887,1.1429664479600499,1.2026818052177237,"{""bootstrap_ks_pvalue"":0.003992015968063872,""bootstrap_successful"":500,""candidate_count"":12,""cluster_count"":66,""fallback_empirical_rolling_log_score"":-2.3456361437884636,""fallback_exponential_rolling_log_score"":-1.5255681654271167,""final_rejection_reasons"":[""parametric_bootstrap_ks""],""mean_validation_log_score"":-0.18608858182475513,""run_length_minutes"":30,""selected_threshold_quantile"":0.925,""selection_scheme"":""leave_one_training_month_out"",""shape_ci_width"":0.7809732009819687,""truncation_fraction"":0.0,""validation_months"":[""2019-03"",""2019-04"",""2019-05"",""2019-06"",""2019-07""]}"
natural_tail,fixed_nonoverlapping_15min,Cement_1,O3_MAR_JUL_TO_AUG,"[""2019-03"", ""2019-04"", ""2019-05"", ""2019-06"", ""2019-07""]",2019-08,5,1464.064,1.1036311709506323,K-KDE,PASS,,,,,50000,0.9998132660552196,1.1248009252524331,1.1668443286328753,"{""bandwidth_kw"":0.04697375740192403,""boundary"":""reject_below_zero"",""center_kw"":0.9999999999999998,""rejection_batches"":1}"
natural_tail,fixed_nonoverlapping_15min,Cement_1,O3_MAR_JUL_TO_AUG,"[""2019-03"", ""2019-04"", ""2019-05"", ""2019-06"", ""2019-07""]",2019-08,5,1464.064,1.1036311709506323,K-POINT,PASS,,,,,50000,0.9999999999999999,0.9999999999999998,0.9999999999999998,"{""center"":""mean""}"
natural_tail,fixed_nonoverlapping_15min,Cement_1,O3_MAR_JUL_TO_AUG,"[""2019-03"", ""2019-04"", ""2019-05"", ""2019-06"", ""2019-07""]",2019-08,5,1464.064,1.1036311709506323,K-UGPD,PASS,0.9241126070991432,-0.41122289584298555,0.08151233926128108,11.6,50000,1.0581473206870224,1.1010899950333066,1.111365389079132,"{""bootstrap_ks_pvalue"":null,""bootstrap_successful"":null,""candidate_count"":12,""cluster_count"":58,""final_rejection_reasons"":[],""mean_validation_log_score"":-0.13160800210138418,""run_length_minutes"":30,""selected_threshold_quantile"":0.9,""selection_scheme"":""leave_one_training_month_out"",""shape_ci_width"":null,""truncation_fraction"":0.0,""validation_months"":[""2019-03"",""2019-04"",""2019-05"",""2019-06"",""2019-07""]}"
natural_tail,fixed_nonoverlapping_15min,Cement_1,O4_MAR_AUG_TO_SEP,"[""2019-03"", ""2019-04"", ""2019-05"", ""2019-06"", ""2019-07"", ""2019-08""]",2019-09,6,1489.351111111111,1.0207219251336899,K-BLOCK,PASS,,,,,50000,1.0683826002673795,1.0848930481283423,1.0848930481283423,"{""block_length_windows"":96,""blocks_per_draw"":30,""information_set"":""fixed_nonoverlapping_15min_natural_tail"",""moving_blocks_available"":16621,""target_windows"":2880}"
natural_tail,fixed_nonoverlapping_15min,Cement_1,O4_MAR_AUG_TO_SEP,"[""2019-03"", ""2019-04"", ""2019-05"", ""2019-06"", ""2019-07"", ""2019-08""]",2019-09,6,1489.351111111111,1.0207219251336899,K-EMP,PASS,,,,,50000,1.0000612098930481,1.0848930481283423,1.0848930481283423,"{""training_rows"":6}"
natural_tail,fixed_nonoverlapping_15min,Cement_1,O4_MAR_AUG_TO_SEP,"[""2019-03"", ""2019-04"", ""2019-05"", ""2019-06"", ""2019-07"", ""2019-08""]",2019-09,6,1489.351111111111,1.0207219251336899,K-GEV,PASS,,0.8263576183915997,0.024742158748671028,,50000,1.035279174372693,1.270118242897745,2.1995145858987946,"{""loc_kw"":0.9507260440829348,""scipy_shape_c"":-0.8263576183915997,""truncation_fraction"":0.0009}"
natural_tail,fixed_nonoverlapping_15min,Cement_1,O4_MAR_AUG_TO_SEP,"[""2019-03"", ""2019-04"", ""2019-05"", ""2019-06"", ""2019-07"", ""2019-08""]",2019-09,6,1489.351111111111,1.0207219251336899,K-GTAIL,FALLBACK_EMPIRICAL,,,,,50000,1.0001247593582887,1.0848930481283423,1.0848930481283423,"{""fallback_empirical_rolling_log_score"":0.945693442966519,""fallback_exponential_rolling_log_score"":-2.1128670444809075,""reason"":""final_gate_failure"",""reasons"":[""parametric_bootstrap_ks""],""selection_scheme"":""leave_one_training_month_out""}"
natural_tail,fixed_nonoverlapping_15min,Cement_1,O4_MAR_AUG_TO_SEP,"[""2019-03"", ""2019-04"", ""2019-05"", ""2019-06"", ""2019-07"", ""2019-08""]",2019-09,6,1489.351111111111,1.0207219251336899,K-KDE,PASS,,,,,50000,0.9997918281935511,1.1305948347987496,1.1714505342384682,"{""bandwidth_kw"":0.05034788007166672,""boundary"":""reject_below_zero"",""center_kw"":0.9999999999999999,""rejection_batches"":1}"
natural_tail,fixed_nonoverlapping_15min,Cement_1,O4_MAR_AUG_TO_SEP,"[""2019-03"", ""2019-04"", ""2019-05"", ""2019-06"", ""2019-07"", ""2019-08""]",2019-09,6,1489.351111111111,1.0207219251336899,K-POINT,PASS,,,,,50000,0.9999999999999999,0.9999999999999999,0.9999999999999999,"{""center"":""mean""}"
natural_tail,fixed_nonoverlapping_15min,Cement_1,O4_MAR_AUG_TO_SEP,"[""2019-03"", ""2019-04"", ""2019-05"", ""2019-06"", ""2019-07"", ""2019-08""]",2019-09,6,1489.351111111111,1.0207219251336899,K-UGPD,PASS,0.9274732620320855,0.4802874869803955,0.026503468571290944,15.666666666666666,50000,1.2217899130748457,1.7299265635370076,2.7456851944540195,"{""bootstrap_ks_pvalue"":null,""bootstrap_successful"":null,""candidate_count"":12,""cluster_count"":94,""final_rejection_reasons"":[],""mean_validation_log_score"":-0.20348938214487397,""run_length_minutes"":30,""selected_threshold_quantile"":0.9,""selection_scheme"":""leave_one_training_month_out"",""shape_ci_width"":null,""truncation_fraction"":0.0004,""validation_months"":[""2019-03"",""2019-04"",""2019-05"",""2019-06"",""2019-07"",""2019-08""]}"
natural_tail,fixed_nonoverlapping_15min,Cement_2,O1_MAR_MAY_TO_JUN,"[""2019-03"", ""2019-04"", ""2019-05""]",2019-06,3,817.3511111111111,1.0514616321559076,K-BLOCK,PASS,,,,,50000,0.9750206638246042,1.1382460414129112,1.1382460414129112,"{""block_length_windows"":96,""blocks_per_draw"":30,""information_set"":""fixed_nonoverlapping_15min_natural_tail"",""moving_blocks_available"":8547,""target_windows"":2880}"
natural_tail,fixed_nonoverlapping_15min,Cement_2,O1_MAR_MAY_TO_JUN,"[""2019-03"", ""2019-04"", ""2019-05""]",2019-06,3,817.3511111111111,1.0514616321559076,K-EMP,PASS,,,,,50000,1.0000202192448233,1.1382460414129112,1.1382460414129112,"{""training_rows"":3}"
natural_tail,fixed_nonoverlapping_15min,Cement_2,O1_MAR_MAY_TO_JUN,"[""2019-03"", ""2019-04"", ""2019-05""]",2019-06,3,817.3511111111111,1.0514616321559076,K-GEV,FALLBACK_EMPIRICAL,,,,,50000,1.000501388550548,1.1382460414129112,1.1382460414129112,"{""reason"":""insufficient_or_degenerate_months""}"
natural_tail,fixed_nonoverlapping_15min,Cement_2,O1_MAR_MAY_TO_JUN,"[""2019-03"", ""2019-04"", ""2019-05""]",2019-06,3,817.3511111111111,1.0514616321559076,K-GTAIL,PASS,0.7920219244823387,0.19832832208226847,0.027650608056107466,25.0,50000,0.9589470705744877,1.1257834401403897,1.3004407135324851,"{""bootstrap_ks_pvalue"":0.08982035928143713,""bootstrap_successful"":500,""candidate_count"":12,""cluster_count"":75,""final_rejection_reasons"":[],""mean_validation_log_score"":0.17424008843416536,""run_length_minutes"":120,""selected_threshold_quantile"":0.95,""selection_scheme"":""leave_one_training_month_out"",""shape_ci_width"":0.5924901868123286,""truncation_fraction"":0.0,""validation_months"":[""2019-03"",""2019-04"",""2019-05""]}"
natural_tail,fixed_nonoverlapping_15min,Cement_2,O1_MAR_MAY_TO_JUN,"[""2019-03"", ""2019-04"", ""2019-05""]",2019-06,3,817.3511111111111,1.0514616321559076,K-KDE,PASS,,,,,50000,0.9991983771521052,1.2477297010632353,1.338986023842947,"{""bandwidth_kw"":0.10505422463170694,""boundary"":""reject_below_zero"",""center_kw"":1.0,""rejection_batches"":1}"
natural_tail,fixed_nonoverlapping_15min,Cement_2,O1_MAR_MAY_TO_JUN,"[""2019-03"", ""2019-04"", ""2019-05""]",2019-06,3,817.3511111111111,1.0514616321559076,K-POINT,PASS,,,,,50000,1.0,1.0,1.0,"{""center"":""mean""}"
natural_tail,fixed_nonoverlapping_15min,Cement_2,O1_MAR_MAY_TO_JUN,"[""2019-03"", ""2019-04"", ""2019-05""]",2019-06,3,817.3511111111111,1.0514616321559076,K-UGPD,PASS,0.7920219244823387,0.19832832208226847,0.027650608056107466,25.0,50000,0.9596264822629225,1.1276652397055196,1.3057330599202375,"{""bootstrap_ks_pvalue"":null,""bootstrap_successful"":null,""candidate_count"":12,""cluster_count"":75,""final_rejection_reasons"":[],""mean_validation_log_score"":0.28807118473747845,""run_length_minutes"":120,""selected_threshold_quantile"":0.95,""selection_scheme"":""leave_one_training_month_out"",""shape_ci_width"":null,""truncation_fraction"":0.0,""validation_months"":[""2019-03"",""2019-04"",""2019-05""]}"
natural_tail,fixed_nonoverlapping_15min,Cement_2,O2_MAR_JUN_TO_JUL,"[""2019-03"", ""2019-04"", ""2019-05"", ""2019-06""]",2019-07,4,827.8666666666667,0.9271702367531004,K-BLOCK,PASS,,,,,50000,0.9796982908680948,1.1237880496054116,1.1237880496054116,"{""block_length_windows"":96,""blocks_per_draw"":31,""information_set"":""fixed_nonoverlapping_15min_natural_tail"",""moving_blocks_available"":11229,""target_windows"":2976}"
natural_tail,fixed_nonoverlapping_15min,Cement_2,O2_MAR_JUN_TO_JUL,"[""2019-03"", ""2019-04"", ""2019-05"", ""2019-06""]",2019-07,4,827.8666666666667,0.9271702367531004,K-EMP,PASS,,,,,50000,0.9995258263810599,1.1237880496054116,1.1237880496054116,"{""training_rows"":4}"
natural_tail,fixed_nonoverlapping_15min,Cement_2,O2_MAR_JUN_TO_JUL,"[""2019-03"", ""2019-04"", ""2019-05"", ""2019-06""]",2019-07,4,827.8666666666667,0.9271702367531004,K-GEV,FALLBACK_EMPIRICAL,,,,,50000,0.9998243427282977,1.1237880496054116,1.1237880496054116,"{""reason"":""insufficient_or_degenerate_months""}"
natural_tail,fixed_nonoverlapping_15min,Cement_2,O2_MAR_JUN_TO_JUL,"[""2019-03"", ""2019-04"", ""2019-05"", ""2019-06""]",2019-07,4,827.8666666666667,0.9271702367531004,K-GTAIL,PASS,0.7828635851183766,0.2615537845935251,0.026658431155756238,24.25,50000,0.9720516712126411,1.1925248651638416,1.465534035223633,"{""bootstrap_ks_pvalue"":0.17764471057884232,""bootstrap_successful"":500,""candidate_count"":12,""cluster_count"":97,""final_rejection_reasons"":[],""mean_validation_log_score"":0.6746485468286441,""run_length_minutes"":120,""selected_threshold_quantile"":0.95,""selection_scheme"":""leave_one_training_month_out"",""shape_ci_width"":0.5579322785063199,""truncation_fraction"":0.0,""validation_months"":[""2019-03"",""2019-04"",""2019-05"",""2019-06""]}"
natural_tail,fixed_nonoverlapping_15min,Cement_2,O2_MAR_JUN_TO_JUL,"[""2019-03"", ""2019-04"", ""2019-05"", ""2019-06""]",2019-07,4,827.8666666666667,0.9271702367531004,K-KDE,PASS,,,,,50000,0.9998322012260618,1.1995883991452754,1.267925680611758,"{""bandwidth_kw"":0.08251528570459482,""boundary"":""reject_below_zero"",""center_kw"":1.0,""rejection_batches"":1}"
natural_tail,fixed_nonoverlapping_15min,Cement_2,O2_MAR_JUN_TO_JUL,"[""2019-03"", ""2019-04"", ""2019-05"", ""2019-06""]",2019-07,4,827.8666666666667,0.9271702367531004,K-POINT,PASS,,,,,50000,1.0,1.0,1.0,"{""center"":""mean""}"
natural_tail,fixed_nonoverlapping_15min,Cement_2,O2_MAR_JUN_TO_JUL,"[""2019-03"", ""2019-04"", ""2019-05"", ""2019-06""]",2019-07,4,827.8666666666667,0.9271702367531004,K-UGPD,PASS,0.7828635851183766,0.2615537845935251,0.026658431155756238,24.25,50000,0.9722116213159446,1.1943810006573476,1.4720209561872482,"{""bootstrap_ks_pvalue"":null,""bootstrap_successful"":null,""candidate_count"":12,""cluster_count"":97,""final_rejection_reasons"":[],""mean_validation_log_score"":0.7019555484698181,""run_length_minutes"":120,""selected_threshold_quantile"":0.95,""selection_scheme"":""leave_one_training_month_out"",""shape_ci_width"":null,""truncation_fraction"":0.0,""validation_months"":[""2019-03"",""2019-04"",""2019-05"",""2019-06""]}"
natural_tail,fixed_nonoverlapping_15min,Cement_2,O3_MAR_JUL_TO_AUG,"[""2019-03"", ""2019-04"", ""2019-05"", ""2019-06"", ""2019-07""]",2019-08,5,815.808,0.948196961376533,K-BLOCK,PASS,,,,,50000,0.9861552077613035,1.1403990481420465,1.1403990481420465,"{""block_length_windows"":96,""blocks_per_draw"":31,""information_set"":""fixed_nonoverlapping_15min_natural_tail"",""moving_blocks_available"":14110,""target_windows"":2976}"
natural_tail,fixed_nonoverlapping_15min,Cement_2,O3_MAR_JUL_TO_AUG,"[""2019-03"", ""2019-04"", ""2019-05"", ""2019-06"", ""2019-07""]",2019-08,5,815.808,0.948196961376533,K-EMP,PASS,,,,,50000,0.9997108914515835,1.1403990481420465,1.1403990481420465,"{""training_rows"":5}"
natural_tail,fixed_nonoverlapping_15min,Cement_2,O3_MAR_JUL_TO_AUG,"[""2019-03"", ""2019-04"", ""2019-05"", ""2019-06"", ""2019-07""]",2019-08,5,815.808,0.948196961376533,K-GEV,FALLBACK_EMPIRICAL,,,,,50000,0.9999119897492221,1.1403990481420465,1.1403990481420465,"{""reason"":""insufficient_or_degenerate_months""}"
natural_tail,fixed_nonoverlapping_15min,Cement_2,O3_MAR_JUL_TO_AUG,"[""2019-03"", ""2019-04"", ""2019-05"", ""2019-06"", ""2019-07""]",2019-08,5,815.808,0.948196961376533,K-GTAIL,PASS,0.7898590518030386,0.11999259069638953,0.03518523802120899,29.4,50000,0.9740653358411959,1.1258559175090697,1.2621496071681932,"{""bootstrap_ks_pvalue"":0.12375249500998003,""bootstrap_successful"":500,""candidate_count"":12,""cluster_count"":147,""final_rejection_reasons"":[],""mean_validation_log_score"":0.8797040788383338,""run_length_minutes"":120,""selected_threshold_quantile"":0.925,""selection_scheme"":""leave_one_training_month_out"",""shape_ci_width"":0.37783209861327993,""truncation_fraction"":0.0,""validation_months"":[""2019-03"",""2019-04"",""2019-05"",""2019-06"",""2019-07""]}"
natural_tail,fixed_nonoverlapping_15min,Cement_2,O3_MAR_JUL_TO_AUG,"[""2019-03"", ""2019-04"", ""2019-05"", ""2019-06"", ""2019-07""]",2019-08,5,815.808,0.948196961376533,K-KDE,PASS,,,,,50000,1.0001017090538822,1.1974018295241402,1.2666656574925452,"{""bandwidth_kw"":0.07385397211394182,""boundary"":""reject_below_zero"",""center_kw"":1.0,""rejection_batches"":1}"
natural_tail,fixed_nonoverlapping_15min,Cement_2,O3_MAR_JUL_TO_AUG,"[""2019-03"", ""2019-04"", ""2019-05"", ""2019-06"", ""2019-07""]",2019-08,5,815.808,0.948196961376533,K-POINT,PASS,,,,,50000,1.0,1.0,1.0,"{""center"":""mean""}"
natural_tail,fixed_nonoverlapping_15min,Cement_2,O3_MAR_JUL_TO_AUG,"[""2019-03"", ""2019-04"", ""2019-05"", ""2019-06"", ""2019-07""]",2019-08,5,815.808,0.948196961376533,K-UGPD,PASS,0.7898590518030386,0.11999259069638953,0.03518523802120899,29.4,50000,0.9742091348042988,1.125279273090658,1.2652913041692861,"{""bootstrap_ks_pvalue"":null,""bootstrap_successful"":null,""candidate_count"":12,""cluster_count"":147,""final_rejection_reasons"":[],""mean_validation_log_score"":0.8782438623412011,""run_length_minutes"":120,""selected_threshold_quantile"":0.925,""selection_scheme"":""leave_one_training_month_out"",""shape_ci_width"":null,""truncation_fraction"":0.0,""validation_months"":[""2019-03"",""2019-04"",""2019-05"",""2019-06"",""2019-07""]}"
natural_tail,fixed_nonoverlapping_15min,Cement_2,O4_MAR_AUG_TO_SEP,"[""2019-03"", ""2019-04"", ""2019-05"", ""2019-06"", ""2019-07"", ""2019-08""]",2019-09,6,808.7644444444444,0.9629173719033698,K-BLOCK,PASS,,,,,50000,0.9863168733651332,1.1503308201261733,1.1503308201261733,"{""block_length_windows"":96,""blocks_per_draw"":30,""information_set"":""fixed_nonoverlapping_15min_natural_tail"",""moving_blocks_available"":16895,""target_windows"":2880}"
natural_tail,fixed_nonoverlapping_15min,Cement_2,O4_MAR_AUG_TO_SEP,"[""2019-03"", ""2019-04"", ""2019-05"", ""2019-06"", ""2019-07"", ""2019-08""]",2019-09,6,808.7644444444444,0.9629173719033698,K-EMP,PASS,,,,,50000,1.0000275980920144,1.1503308201261733,1.1503308201261733,"{""training_rows"":6}"
natural_tail,fixed_nonoverlapping_15min,Cement_2,O4_MAR_AUG_TO_SEP,"[""2019-03"", ""2019-04"", ""2019-05"", ""2019-06"", ""2019-07"", ""2019-08""]",2019-09,6,808.7644444444444,0.9629173719033698,K-GEV,PASS,,0.8304125808342893,0.049077933732023425,,50000,1.1050799857670093,1.5879098808589285,3.52593033027611,"{""loc_kw"":0.9466349739647595,""scipy_shape_c"":-0.8304125808342893,""truncation_fraction"":0.00224}"
natural_tail,fixed_nonoverlapping_15min,Cement_2,O4_MAR_AUG_TO_SEP,"[""2019-03"", ""2019-04"", ""2019-05"", ""2019-06"", ""2019-07"", ""2019-08""]",2019-09,6,808.7644444444444,0.9629173719033698,K-GTAIL,FALLBACK_EXPONENTIAL,0.7921218649022926,0.0,0.042943178842629035,28.5,50000,0.9607137279035682,1.0632457176048444,1.1335468573500806,"{""bootstrap_ks_pvalue"":0.01996007984031936,""bootstrap_successful"":500,""candidate_count"":12,""cluster_count"":171,""fallback_empirical_rolling_log_score"":-5.751846039163746,""fallback_exponential_rolling_log_score"":0.8266929742053887,""final_rejection_reasons"":[""parametric_bootstrap_ks""],""mean_validation_log_score"":1.0297231549250614,""run_length_minutes"":120,""selected_threshold_quantile"":0.925,""selection_scheme"":""leave_one_training_month_out"",""shape_ci_width"":0.3429731765528669,""truncation_fraction"":0.0,""validation_months"":[""2019-03"",""2019-04"",""2019-05"",""2019-06"",""2019-07"",""2019-08""]}"
natural_tail,fixed_nonoverlapping_15min,Cement_2,O4_MAR_AUG_TO_SEP,"[""2019-03"", ""2019-04"", ""2019-05"", ""2019-06"", ""2019-07"", ""2019-08""]",2019-09,6,808.7644444444444,0.9629173719033698,K-KDE,PASS,,,,,50000,1.0001925421733007,1.1917863692770725,1.2549273958432714,"{""bandwidth_kw"":0.06616122830892508,""boundary"":""reject_below_zero"",""center_kw"":1.0,""rejection_batches"":1}"
natural_tail,fixed_nonoverlapping_15min,Cement_2,O4_MAR_AUG_TO_SEP,"[""2019-03"", ""2019-04"", ""2019-05"", ""2019-06"", ""2019-07"", ""2019-08""]",2019-09,6,808.7644444444444,0.9629173719033698,K-POINT,PASS,,,,,50000,1.0,1.0,1.0,"{""center"":""mean""}"
natural_tail,fixed_nonoverlapping_15min,Cement_2,O4_MAR_AUG_TO_SEP,"[""2019-03"", ""2019-04"", ""2019-05"", ""2019-06"", ""2019-07"", ""2019-08""]",2019-09,6,808.7644444444444,0.9629173719033698,K-UGPD,PASS,0.7921218649022926,0.08732851569200241,0.032786757516613904,42.5,50000,0.9678225923199569,1.091118305171623,1.1973621962685341,"{""bootstrap_ks_pvalue"":null,""bootstrap_successful"":null,""candidate_count"":12,""cluster_count"":255,""final_rejection_reasons"":[],""mean_validation_log_score"":1.0616713944824772,""run_length_minutes"":30,""selected_threshold_quantile"":0.925,""selection_scheme"":""leave_one_training_month_out"",""shape_ci_width"":null,""truncation_fraction"":0.0,""validation_months"":[""2019-03"",""2019-04"",""2019-05"",""2019-06"",""2019-07"",""2019-08""]}"
natural_tail,fixed_nonoverlapping_15min,Forge_1,O1_MAR_MAY_TO_JUN,"[""2019-03"", ""2019-04"", ""2019-05""]",2019-06,3,132.0533333333333,0.973182552504039,K-BLOCK,PASS,,,,,50000,0.9941374604200325,1.0255250403877223,1.0255250403877223,"{""block_length_windows"":96,""blocks_per_draw"":30,""information_set"":""fixed_nonoverlapping_15min_natural_tail"",""moving_blocks_available"":8547,""target_windows"":2880}"
natural_tail,fixed_nonoverlapping_15min,Forge_1,O1_MAR_MAY_TO_JUN,"[""2019-03"", ""2019-04"", ""2019-05""]",2019-06,3,132.0533333333333,0.973182552504039,K-EMP,PASS,,,,,50000,0.9999367366720517,1.0255250403877223,1.0255250403877223,"{""training_rows"":3}"
natural_tail,fixed_nonoverlapping_15min,Forge_1,O1_MAR_MAY_TO_JUN,"[""2019-03"", ""2019-04"", ""2019-05""]",2019-06,3,132.0533333333333,0.973182552504039,K-GEV,FALLBACK_EMPIRICAL,,,,,50000,0.9999710694668821,1.0255250403877223,1.0255250403877223,"{""reason"":""insufficient_or_degenerate_months""}"
natural_tail,fixed_nonoverlapping_15min,Forge_1,O1_MAR_MAY_TO_JUN,"[""2019-03"", ""2019-04"", ""2019-05""]",2019-06,3,132.0533333333333,0.973182552504039,K-GTAIL,PASS,0.8529886914378031,-0.27120803640362834,0.05339948390143839,77.33333333333333,50000,0.9951505403781434,1.0227551346531305,1.032359951677558,"{""bootstrap_ks_pvalue"":0.5189620758483033,""bootstrap_successful"":500,""candidate_count"":12,""cluster_count"":232,""final_rejection_reasons"":[],""mean_validation_log_score"":-0.5308214201749051,""run_length_minutes"":30,""selected_threshold_quantile"":0.9,""selection_scheme"":""leave_one_training_month_out"",""shape_ci_width"":0.24326550020887794,""truncation_fraction"":0.0,""validation_months"":[""2019-03"",""2019-04"",""2019-05""]}"
natural_tail,fixed_nonoverlapping_15min,Forge_1,O1_MAR_MAY_TO_JUN,"[""2019-03"", ""2019-04"", ""2019-05""]",2019-06,3,132.0533333333333,0.973182552504039,K-KDE,PASS,,,,,50000,0.9999567651561116,1.0465853844560653,1.0629836569656281,"{""bandwidth_kw"":0.019800633485968066,""boundary"":""reject_below_zero"",""center_kw"":1.0000000000000002,""rejection_batches"":1}"
natural_tail,fixed_nonoverlapping_15min,Forge_1,O1_MAR_MAY_TO_JUN,"[""2019-03"", ""2019-04"", ""2019-05""]",2019-06,3,132.0533333333333,0.973182552504039,K-POINT,PASS,,,,,50000,1.0000000000000002,1.0000000000000002,1.0000000000000002,"{""center"":""mean""}"
natural_tail,fixed_nonoverlapping_15min,Forge_1,O1_MAR_MAY_TO_JUN,"[""2019-03"", ""2019-04"", ""2019-05""]",2019-06,3,132.0533333333333,0.973182552504039,K-UGPD,PASS,0.8529886914378031,-0.27120803640362834,0.05339948390143839,77.33333333333333,50000,0.9952811892010076,1.022883002176981,1.0325327294001427,"{""bootstrap_ks_pvalue"":null,""bootstrap_successful"":null,""candidate_count"":12,""cluster_count"":232,""final_rejection_reasons"":[],""mean_validation_log_score"":-0.9318887319288892,""run_length_minutes"":30,""selected_threshold_quantile"":0.9,""selection_scheme"":""leave_one_training_month_out"",""shape_ci_width"":null,""truncation_fraction"":0.0,""validation_months"":[""2019-03"",""2019-04"",""2019-05""]}"
natural_tail,fixed_nonoverlapping_15min,Forge_1,O2_MAR_JUN_TO_JUL,"[""2019-03"", ""2019-04"", ""2019-05"", ""2019-06""]",2019-07,4,131.168,0.9036350329348621,K-BLOCK,PASS,,,,,50000,0.9966514564527932,1.0324469382776287,1.0324469382776287,"{""block_length_windows"":96,""blocks_per_draw"":31,""information_set"":""fixed_nonoverlapping_15min_natural_tail"",""moving_blocks_available"":11229,""target_windows"":2976}"
natural_tail,fixed_nonoverlapping_15min,Forge_1,O2_MAR_JUN_TO_JUL,"[""2019-03"", ""2019-04"", ""2019-05"", ""2019-06""]",2019-07,4,131.168,0.9036350329348621,K-EMP,PASS,,,,,50000,0.9998857477433519,1.0324469382776287,1.0324469382776287,"{""training_rows"":4}"
natural_tail,fixed_nonoverlapping_15min,Forge_1,O2_MAR_JUN_TO_JUL,"[""2019-03"", ""2019-04"", ""2019-05"", ""2019-06""]",2019-07,4,131.168,0.9036350329348621,K-GEV,FALLBACK_EMPIRICAL,,,,,50000,1.0000315198828982,1.0324469382776287,1.0324469382776287,"{""reason"":""insufficient_or_degenerate_months""}"
natural_tail,fixed_nonoverlapping_15min,Forge_1,O2_MAR_JUN_TO_JUL,"[""2019-03"", ""2019-04"", ""2019-05"", ""2019-06""]",2019-07,4,131.168,0.9036350329348621,K-GTAIL,PASS,0.8499634057087094,-0.27926940557639285,0.05876983808777281,55.0,50000,0.9985129128641167,1.030553381578403,1.0418042588607543,"{""bootstrap_ks_pvalue"":0.8383233532934131,""bootstrap_successful"":500,""candidate_count"":12,""cluster_count"":220,""final_rejection_reasons"":[],""mean_validation_log_score"":0.9492568471462943,""run_length_minutes"":60,""selected_threshold_quantile"":0.9,""selection_scheme"":""leave_one_training_month_out"",""shape_ci_width"":0.22196612973974117,""truncation_fraction"":0.0,""validation_months"":[""2019-03"",""2019-04"",""2019-05"",""2019-06""]}"
natural_tail,fixed_nonoverlapping_15min,Forge_1,O2_MAR_JUN_TO_JUL,"[""2019-03"", ""2019-04"", ""2019-05"", ""2019-06""]",2019-07,4,131.168,0.9036350329348621,K-KDE,PASS,,,,,50000,0.999937452585586,1.048562598312806,1.0651334341666243,"{""bandwidth_kw"":0.01880745558982625,""boundary"":""reject_below_zero"",""center_kw"":1.0,""rejection_batches"":1}"
natural_tail,fixed_nonoverlapping_15min,Forge_1,O2_MAR_JUN_TO_JUL,"[""2019-03"", ""2019-04"", ""2019-05"", ""2019-06""]",2019-07,4,131.168,0.9036350329348621,K-POINT,PASS,,,,,50000,1.0,1.0,1.0,"{""center"":""mean""}"
natural_tail,fixed_nonoverlapping_15min,Forge_1,O2_MAR_JUN_TO_JUL,"[""2019-03"", ""2019-04"", ""2019-05"", ""2019-06""]",2019-07,4,131.168,0.9036350329348621,K-UGPD,PASS,0.8499634057087094,-0.26831710289519206,0.055947056261506145,72.5,50000,0.998751264263787,1.0288205385961002,1.0393529545631466,"{""bootstrap_ks_pvalue"":null,""bootstrap_successful"":null,""candidate_count"":12,""cluster_count"":290,""final_rejection_reasons"":[],""mean_validation_log_score"":0.9317651315162432,""run_length_minutes"":30,""selected_threshold_quantile"":0.9,""selection_scheme"":""leave_one_training_month_out"",""shape_ci_width"":null,""truncation_fraction"":0.0,""validation_months"":[""2019-03"",""2019-04"",""2019-05"",""2019-06""]}"
natural_tail,fixed_nonoverlapping_15min,Forge_1,O3_MAR_JUL_TO_AUG,"[""2019-03"", ""2019-04"", ""2019-05"", ""2019-06"", ""2019-07""]",2019-08,5,128.64000000000001,0.999004975124378,K-BLOCK,PASS,,,,,50000,1.0121745472636816,1.0527363184079601,1.0527363184079601,"{""block_length_windows"":96,""blocks_per_draw"":31,""information_set"":""fixed_nonoverlapping_15min_natural_tail"",""moving_blocks_available"":13818,""target_windows"":2976}"
natural_tail,fixed_nonoverlapping_15min,Forge_1,O3_MAR_JUL_TO_AUG,"[""2019-03"", ""2019-04"", ""2019-05"", ""2019-06"", ""2019-07""]",2019-08,5,128.64000000000001,0.999004975124378,K-EMP,PASS,,,,,50000,0.9996135721393035,1.0527363184079601,1.0527363184079601,"{""training_rows"":5}"
natural_tail,fixed_nonoverlapping_15min,Forge_1,O3_MAR_JUL_TO_AUG,"[""2019-03"", ""2019-04"", ""2019-05"", ""2019-06"", ""2019-07""]",2019-08,5,128.64000000000001,0.999004975124378,K-GEV,FALLBACK_EMPIRICAL,,,,,50000,0.9997697711442783,1.0527363184079601,1.0527363184079601,"{""reason"":""insufficient_or_degenerate_months""}"
natural_tail,fixed_nonoverlapping_15min,Forge_1,O3_MAR_JUL_TO_AUG,"[""2019-03"", ""2019-04"", ""2019-05"", ""2019-06"", ""2019-07""]",2019-08,5,128.64000000000001,0.999004975124378,K-GTAIL,PASS,0.8743532338308461,-0.28226935261458797,0.05908532022775434,31.6,50000,1.012558472238436,1.0494215270515195,1.0621253291904422,"{""bootstrap_ks_pvalue"":0.9880239520958084,""bootstrap_successful"":500,""candidate_count"":12,""cluster_count"":158,""final_rejection_reasons"":[],""mean_validation_log_score"":-1.5036452759879917,""run_length_minutes"":120,""selected_threshold_quantile"":0.925,""selection_scheme"":""leave_one_training_month_out"",""shape_ci_width"":0.26827536338474256,""truncation_fraction"":0.0,""validation_months"":[""2019-03"",""2019-04"",""2019-05"",""2019-06"",""2019-07""]}"
natural_tail,fixed_nonoverlapping_15min,Forge_1,O3_MAR_JUL_TO_AUG,"[""2019-03"", ""2019-04"", ""2019-05"", ""2019-06"", ""2019-07""]",2019-08,5,128.64000000000001,0.999004975124378,K-KDE,PASS,,,,,50000,0.9999247528744737,1.086154458455849,1.1169582963130202,"{""bandwidth_kw"":0.03730926395000909,""boundary"":""reject_below_zero"",""center_kw"":0.9999999999999998,""rejection_batches"":1}"
natural_tail,fixed_nonoverlapping_15min,Forge_1,O3_MAR_JUL_TO_AUG,"[""2019-03"", ""2019-04"", ""2019-05"", ""2019-06"", ""2019-07""]",2019-08,5,128.64000000000001,0.999004975124378,K-POINT,PASS,,,,,50000,0.9999999999999999,0.9999999999999998,0.9999999999999998,"{""center"":""mean""}"
natural_tail,fixed_nonoverlapping_15min,Forge_1,O3_MAR_JUL_TO_AUG,"[""2019-03"", ""2019-04"", ""2019-05"", ""2019-06"", ""2019-07""]",2019-08,5,128.64000000000001,0.999004975124378,K-UGPD,PASS,0.8597014925373133,-0.30268583141607763,0.06649922458507113,36.4,50000,1.0129546387467008,1.0493172987281592,1.0609274161906614,"{""bootstrap_ks_pvalue"":null,""bootstrap_successful"":null,""candidate_count"":12,""cluster_count"":182,""final_rejection_reasons"":[],""mean_validation_log_score"":-4.821228053839097,""run_length_minutes"":120,""selected_threshold_quantile"":0.9,""selection_scheme"":""leave_one_training_month_out"",""shape_ci_width"":null,""truncation_fraction"":0.0,""validation_months"":[""2019-03"",""2019-04"",""2019-05"",""2019-06"",""2019-07""]}"
natural_tail,fixed_nonoverlapping_15min,Forge_1,O4_MAR_AUG_TO_SEP,"[""2019-03"", ""2019-04"", ""2019-05"", ""2019-06"", ""2019-07"", ""2019-08""]",2019-09,6,128.61866666666666,0.9782716868469067,K-BLOCK,PASS,,,,,50000,1.0086775451982088,1.052910930502571,1.052910930502571,"{""block_length_windows"":96,""blocks_per_draw"":30,""information_set"":""fixed_nonoverlapping_15min_natural_tail"",""moving_blocks_available"":16699,""target_windows"":2880}"
natural_tail,fixed_nonoverlapping_15min,Forge_1,O4_MAR_AUG_TO_SEP,"[""2019-03"", ""2019-04"", ""2019-05"", ""2019-06"", ""2019-07"", ""2019-08""]",2019-09,6,128.61866666666666,0.9782716868469067,K-EMP,PASS,,,,,50000,0.9998513849726325,1.052910930502571,1.052910930502571,"{""training_rows"":6}"
natural_tail,fixed_nonoverlapping_15min,Forge_1,O4_MAR_AUG_TO_SEP,"[""2019-03"", ""2019-04"", ""2019-05"", ""2019-06"", ""2019-07"", ""2019-08""]",2019-09,6,128.61866666666666,0.9782716868469067,K-GEV,PASS,,-0.7831968110039899,0.04682982193715277,,50000,1.0006013011277337,1.0501675745268666,1.0543158446701542,"{""loc_kw"":0.9961418099036945,""scipy_shape_c"":0.7831968110039899,""truncation_fraction"":0.0}"
natural_tail,fixed_nonoverlapping_15min,Forge_1,O4_MAR_AUG_TO_SEP,"[""2019-03"", ""2019-04"", ""2019-05"", ""2019-06"", ""2019-07"", ""2019-08""]",2019-09,6,128.61866666666666,0.9782716868469067,K-GTAIL,PASS,0.8707911759827501,-0.289474719507345,0.06074777972200396,29.666666666666668,50000,1.0100915375302664,1.0476306259934953,1.0599423265819097,"{""bootstrap_ks_pvalue"":0.93812375249501,""bootstrap_successful"":500,""candidate_count"":12,""cluster_count"":178,""final_rejection_reasons"":[],""mean_validation_log_score"":-0.6228388029152258,""run_length_minutes"":120,""selected_threshold_quantile"":0.925,""selection_scheme"":""leave_one_training_month_out"",""shape_ci_width"":0.29485241848585364,""truncation_fraction"":0.0,""validation_months"":[""2019-03"",""2019-04"",""2019-05"",""2019-06"",""2019-07"",""2019-08""]}"
natural_tail,fixed_nonoverlapping_15min,Forge_1,O4_MAR_AUG_TO_SEP,"[""2019-03"", ""2019-04"", ""2019-05"", ""2019-06"", ""2019-07"", ""2019-08""]",2019-09,6,128.61866666666666,0.9782716868469067,K-KDE,PASS,,,,,50000,1.000018022088162,1.0767688955130912,1.1048774229525475,"{""bandwidth_kw"":0.03218225301938356,""boundary"":""reject_below_zero"",""center_kw"":1.0,""rejection_batches"":1}"
natural_tail,fixed_nonoverlapping_15min,Forge_1,O4_MAR_AUG_TO_SEP,"[""2019-03"", ""2019-04"", ""2019-05"", ""2019-06"", ""2019-07"", ""2019-08""]",2019-09,6,128.61866666666666,0.9782716868469067,K-POINT,PASS,,,,,50000,1.0,1.0,1.0,"{""center"":""mean""}"
natural_tail,fixed_nonoverlapping_15min,Forge_1,O4_MAR_AUG_TO_SEP,"[""2019-03"", ""2019-04"", ""2019-05"", ""2019-06"", ""2019-07"", ""2019-08""]",2019-09,6,128.61866666666666,0.9782716868469067,K-UGPD,PASS,0.8558633272516173,-0.22339151390661732,0.05511377235768907,53.833333333333336,50000,1.0104399654032485,1.0510222392636566,1.0668503609023978,"{""bootstrap_ks_pvalue"":null,""bootstrap_successful"":null,""candidate_count"":12,""cluster_count"":323,""final_rejection_reasons"":[],""mean_validation_log_score"":0.22485454001507513,""run_length_minutes"":60,""selected_threshold_quantile"":0.9,""selection_scheme"":""leave_one_training_month_out"",""shape_ci_width"":null,""truncation_fraction"":0.0,""validation_months"":[""2019-03"",""2019-04"",""2019-05"",""2019-06"",""2019-07"",""2019-08""]}"
natural_tail,fixed_nonoverlapping_15min,Forge_2,O1_MAR_MAY_TO_JUN,"[""2019-03"", ""2019-04"", ""2019-05""]",2019-06,3,111.488,0.9804822043628013,K-BLOCK,PASS,,,,,50000,1.0033961882893225,1.0206659012629162,1.0206659012629162,"{""block_length_windows"":96,""blocks_per_draw"":30,""information_set"":""fixed_nonoverlapping_15min_natural_tail"",""moving_blocks_available"":8441,""target_windows"":2880}"
natural_tail,fixed_nonoverlapping_15min,Forge_2,O1_MAR_MAY_TO_JUN,"[""2019-03"", ""2019-04"", ""2019-05""]",2019-06,3,111.488,0.9804822043628013,K-EMP,PASS,,,,,50000,1.0000289322617681,1.0206659012629162,1.0206659012629162,"{""training_rows"":3}"
natural_tail,fixed_nonoverlapping_15min,Forge_2,O1_MAR_MAY_TO_JUN,"[""2019-03"", ""2019-04"", ""2019-05""]",2019-06,3,111.488,0.9804822043628013,K-GEV,FALLBACK_EMPIRICAL,,,,,50000,0.9998681515499426,1.0206659012629162,1.0206659012629162,"{""reason"":""insufficient_or_degenerate_months""}"
natural_tail,fixed_nonoverlapping_15min,Forge_2,O1_MAR_MAY_TO_JUN,"[""2019-03"", ""2019-04"", ""2019-05""]",2019-06,3,111.488,0.9804822043628013,K-GTAIL,PASS,0.8381171067738232,-0.47009485380968297,0.0916838479455935,39.333333333333336,50000,1.0024448617431407,1.0245437481603745,1.0291100517834646,"{""bootstrap_ks_pvalue"":0.1157684630738523,""bootstrap_successful"":500,""candidate_count"":12,""cluster_count"":118,""final_rejection_reasons"":[],""mean_validation_log_score"":-6.053421153843889,""run_length_minutes"":120,""selected_threshold_quantile"":0.9,""selection_scheme"":""leave_one_training_month_out"",""shape_ci_width"":0.32375981561582856,""truncation_fraction"":0.0,""validation_months"":[""2019-03"",""2019-04"",""2019-05""]}"
natural_tail,fixed_nonoverlapping_15min,Forge_2,O1_MAR_MAY_TO_JUN,"[""2019-03"", ""2019-04"", ""2019-05""]",2019-06,3,111.488,0.9804822043628013,K-KDE,PASS,,,,,50000,0.9998324998780419,1.0396512075705442,1.0540664538250395,"{""bandwidth_kw"":0.017584740526274664,""boundary"":""reject_below_zero"",""center_kw"":1.0,""rejection_batches"":1}"
natural_tail,fixed_nonoverlapping_15min,Forge_2,O1_MAR_MAY_TO_JUN,"[""2019-03"", ""2019-04"", ""2019-05""]",2019-06,3,111.488,0.9804822043628013,K-POINT,PASS,,,,,50000,1.0,1.0,1.0,"{""center"":""mean""}"
natural_tail,fixed_nonoverlapping_15min,Forge_2,O1_MAR_MAY_TO_JUN,"[""2019-03"", ""2019-04"", ""2019-05""]",2019-06,3,111.488,0.9804822043628013,K-UGPD,PASS,0.8381171067738232,-0.47009485380968297,0.0916838479455935,39.333333333333336,50000,1.0023806760359695,1.0246109622218436,1.0292488415827485,"{""bootstrap_ks_pvalue"":null,""bootstrap_successful"":null,""candidate_count"":12,""cluster_count"":118,""final_rejection_reasons"":[],""mean_validation_log_score"":-6.478666577215583,""run_length_minutes"":120,""selected_threshold_quantile"":0.9,""selection_scheme"":""leave_one_training_month_out"",""shape_ci_width"":null,""truncation_fraction"":0.0,""validation_months"":[""2019-03"",""2019-04"",""2019-05""]}"
natural_tail,fixed_nonoverlapping_15min,Forge_2,O2_MAR_JUN_TO_JUL,"[""2019-03"", ""2019-04"", ""2019-05"", ""2019-06""]",2019-07,4,110.944,0.9979809633689068,K-BLOCK,PASS,,,,,50000,1.00516116527257,1.0256706085953273,1.0256706085953273,"{""block_length_windows"":96,""blocks_per_draw"":31,""information_set"":""fixed_nonoverlapping_15min_natural_tail"",""moving_blocks_available"":11123,""target_windows"":2976}"
natural_tail,fixed_nonoverlapping_15min,Forge_2,O2_MAR_JUN_TO_JUL,"[""2019-03"", ""2019-04"", ""2019-05"", ""2019-06""]",2019-07,4,110.944,0.9979809633689068,K-EMP,PASS,,,,,50000,1.000109466397462,1.0256706085953273,1.0256706085953273,"{""training_rows"":4}"
natural_tail,fixed_nonoverlapping_15min,Forge_2,O2_MAR_JUN_TO_JUL,"[""2019-03"", ""2019-04"", ""2019-05"", ""2019-06""]",2019-07,4,110.944,0.9979809633689068,K-GEV,FALLBACK_EMPIRICAL,,,,,50000,1.0000519873089126,1.0256706085953273,1.0256706085953273,"{""reason"":""insufficient_or_degenerate_months""}"
natural_tail,fixed_nonoverlapping_15min,Forge_2,O2_MAR_JUN_TO_JUL,"[""2019-03"", ""2019-04"", ""2019-05"", ""2019-06""]",2019-07,4,110.944,0.9979809633689068,K-GTAIL,PASS,0.8364580328814537,-0.4567420227072329,0.09186639342312374,39.25,50000,1.0042732225524988,1.027967285799124,1.0328875269853355,"{""bootstrap_ks_pvalue"":0.31736526946107785,""bootstrap_successful"":500,""candidate_count"":12,""cluster_count"":157,""final_rejection_reasons"":[],""mean_validation_log_score"":-3.5642697827383287,""run_length_minutes"":120,""selected_threshold_quantile"":0.9,""selection_scheme"":""leave_one_training_month_out"",""shape_ci_width"":0.2778392827062856,""truncation_fraction"":0.0,""validation_months"":[""2019-03"",""2019-04"",""2019-05"",""2019-06""]}"
natural_tail,fixed_nonoverlapping_15min,Forge_2,O2_MAR_JUN_TO_JUL,"[""2019-03"", ""2019-04"", ""2019-05"", ""2019-06""]",2019-07,4,110.944,0.9979809633689068,K-KDE,PASS,,,,,50000,0.9998894797016133,1.0396042455851116,1.0532847359994375,"{""bandwidth_kw"":0.01573564954437532,""boundary"":""reject_below_zero"",""center_kw"":1.0,""rejection_batches"":1}"
natural_tail,fixed_nonoverlapping_15min,Forge_2,O2_MAR_JUN_TO_JUL,"[""2019-03"", ""2019-04"", ""2019-05"", ""2019-06""]",2019-07,4,110.944,0.9979809633689068,K-POINT,PASS,,,,,50000,1.0,1.0,1.0,"{""center"":""mean""}"
natural_tail,fixed_nonoverlapping_15min,Forge_2,O2_MAR_JUN_TO_JUL,"[""2019-03"", ""2019-04"", ""2019-05"", ""2019-06""]",2019-07,4,110.944,0.9979809633689068,K-UGPD,PASS,0.8572541101817128,-0.40599345201550874,0.07537346919162423,36.0,50000,1.004363525717344,1.0299035715712979,1.0361987268449768,"{""bootstrap_ks_pvalue"":null,""bootstrap_successful"":null,""candidate_count"":12,""cluster_count"":144,""final_rejection_reasons"":[],""mean_validation_log_score"":-3.601903297530679,""run_length_minutes"":120,""selected_threshold_quantile"":0.925,""selection_scheme"":""leave_one_training_month_out"",""shape_ci_width"":null,""truncation_fraction"":0.0,""validation_months"":[""2019-03"",""2019-04"",""2019-05"",""2019-06""]}"
natural_tail,fixed_nonoverlapping_15min,Forge_2,O3_MAR_JUL_TO_AUG,"[""2019-03"", ""2019-04"", ""2019-05"", ""2019-06"", ""2019-07""]",2019-08,5,110.8992,0.9672206832871653,K-BLOCK,PASS,,,,,50000,1.0029926823638042,1.0260849492151431,1.0260849492151431,"{""block_length_windows"":96,""blocks_per_draw"":31,""information_set"":""fixed_nonoverlapping_15min_natural_tail"",""moving_blocks_available"":14004,""target_windows"":2976}"
natural_tail,fixed_nonoverlapping_15min,Forge_2,O3_MAR_JUL_TO_AUG,"[""2019-03"", ""2019-04"", ""2019-05"", ""2019-06"", ""2019-07""]",2019-08,5,110.8992,0.9672206832871653,K-EMP,PASS,,,,,50000,0.9999482225300093,1.0260849492151431,1.0260849492151431,"{""training_rows"":5}"
natural_tail,fixed_nonoverlapping_15min,Forge_2,O3_MAR_JUL_TO_AUG,"[""2019-03"", ""2019-04"", ""2019-05"", ""2019-06"", ""2019-07""]",2019-08,5,110.8992,0.9672206832871653,K-GEV,FALLBACK_EMPIRICAL,,,,,50000,1.00003067867036,1.0260849492151431,1.0260849492151431,"{""reason"":""insufficient_or_degenerate_months""}"
natural_tail,fixed_nonoverlapping_15min,Forge_2,O3_MAR_JUL_TO_AUG,"[""2019-03"", ""2019-04"", ""2019-05"", ""2019-06"", ""2019-07""]",2019-08,5,110.8992,0.9672206832871653,K-GTAIL,PASS,0.852954755309326,-0.37554075879105553,0.07284340244262863,35.8,50000,1.0019812988466725,1.0303382101899985,1.037966152054494,"{""bootstrap_ks_pvalue"":0.44510978043912175,""bootstrap_successful"":500,""candidate_count"":12,""cluster_count"":179,""final_rejection_reasons"":[],""mean_validation_log_score"":1.2908128896905116,""run_length_minutes"":120,""selected_threshold_quantile"":0.925,""selection_scheme"":""leave_one_training_month_out"",""shape_ci_width"":0.23718911339134674,""truncation_fraction"":0.0,""validation_months"":[""2019-03"",""2019-04"",""2019-05"",""2019-06"",""2019-07""]}"
natural_tail,fixed_nonoverlapping_15min,Forge_2,O3_MAR_JUL_TO_AUG,"[""2019-03"", ""2019-04"", ""2019-05"", ""2019-06"", ""2019-07""]",2019-08,5,110.8992,0.9672206832871653,K-KDE,PASS,,,,,50000,1.000119143247549,1.0356264032856033,1.048087159696002,"{""bandwidth_kw"":0.013056388362939228,""boundary"":""reject_below_zero"",""center_kw"":1.0,""rejection_batches"":1}"
natural_tail,fixed_nonoverlapping_15min,Forge_2,O3_MAR_JUL_TO_AUG,"[""2019-03"", ""2019-04"", ""2019-05"", ""2019-06"", ""2019-07""]",2019-08,5,110.8992,0.9672206832871653,K-POINT,PASS,,,,,50000,1.0,1.0,1.0,"{""center"":""mean""}"
natural_tail,fixed_nonoverlapping_15min,Forge_2,O3_MAR_JUL_TO_AUG,"[""2019-03"", ""2019-04"", ""2019-05"", ""2019-06"", ""2019-07""]",2019-08,5,110.8992,0.9672206832871653,K-UGPD,PASS,0.852954755309326,-0.37554075879105553,0.07284340244262863,35.8,50000,1.0018697840764348,1.0303552345081,1.038066398573371,"{""bootstrap_ks_pvalue"":null,""bootstrap_successful"":null,""candidate_count"":12,""cluster_count"":179,""final_rejection_reasons"":[],""mean_validation_log_score"":1.3788803277990227,""run_length_minutes"":120,""selected_threshold_quantile"":0.925,""selection_scheme"":""leave_one_training_month_out"",""shape_ci_width"":null,""truncation_fraction"":0.0,""validation_months"":[""2019-03"",""2019-04"",""2019-05"",""2019-06"",""2019-07""]}"
natural_tail,fixed_nonoverlapping_15min,Forge_2,O4_MAR_AUG_TO_SEP,"[""2019-03"", ""2019-04"", ""2019-05"", ""2019-06"", ""2019-07"", ""2019-08""]",2019-09,6,110.29333333333334,1.0479690522243714,K-BLOCK,PASS,,,,,50000,1.0048366885880076,1.0317214700193424,1.0317214700193424,"{""block_length_windows"":96,""blocks_per_draw"":30,""information_set"":""fixed_nonoverlapping_15min_natural_tail"",""moving_blocks_available"":16885,""target_windows"":2880}"
natural_tail,fixed_nonoverlapping_15min,Forge_2,O4_MAR_AUG_TO_SEP,"[""2019-03"", ""2019-04"", ""2019-05"", ""2019-06"", ""2019-07"", ""2019-08""]",2019-09,6,110.29333333333334,1.0479690522243714,K-EMP,PASS,,,,,50000,1.0000459497098646,1.0317214700193424,1.0317214700193424,"{""training_rows"":6}"
natural_tail,fixed_nonoverlapping_15min,Forge_2,O4_MAR_AUG_TO_SEP,"[""2019-03"", ""2019-04"", ""2019-05"", ""2019-06"", ""2019-07"", ""2019-08""]",2019-09,6,110.29333333333334,1.0479690522243714,K-GEV,PASS,,-0.20319445269599312,0.01729792029253532,,50000,1.0000297113639585,1.0317180541644417,1.0447050433739158,"{""loc_kw"":0.992795778950619,""scipy_shape_c"":0.20319445269599312,""truncation_fraction"":0.0}"
natural_tail,fixed_nonoverlapping_15min,Forge_2,O4_MAR_AUG_TO_SEP,"[""2019-03"", ""2019-04"", ""2019-05"", ""2019-06"", ""2019-07"", ""2019-08""]",2019-09,6,110.29333333333334,1.0479690522243714,K-GTAIL,PASS,0.8321083172147001,-0.3181511443787839,0.0736940995830076,62.666666666666664,50000,1.008195226491433,1.0400267533729493,1.0497105908813127,"{""bootstrap_ks_pvalue"":0.23552894211576847,""bootstrap_successful"":500,""candidate_count"":12,""cluster_count"":376,""final_rejection_reasons"":[],""mean_validation_log_score"":2.0763226559027754,""run_length_minutes"":60,""selected_threshold_quantile"":0.9,""selection_scheme"":""leave_one_training_month_out"",""shape_ci_width"":0.15624226110913875,""truncation_fraction"":0.0,""validation_months"":[""2019-03"",""2019-04"",""2019-05"",""2019-06"",""2019-07"",""2019-08""]}"
natural_tail,fixed_nonoverlapping_15min,Forge_2,O4_MAR_AUG_TO_SEP,"[""2019-03"", ""2019-04"", ""2019-05"", ""2019-06"", ""2019-07"", ""2019-08""]",2019-09,6,110.29333333333334,1.0479690522243714,K-KDE,PASS,,,,,50000,1.00011452614921,1.0409360238260963,1.0554970220115567,"{""bandwidth_kw"":0.015084039369232385,""boundary"":""reject_below_zero"",""center_kw"":1.0,""rejection_batches"":1}"
natural_tail,fixed_nonoverlapping_15min,Forge_2,O4_MAR_AUG_TO_SEP,"[""2019-03"", ""2019-04"", ""2019-05"", ""2019-06"", ""2019-07"", ""2019-08""]",2019-09,6,110.29333333333334,1.0479690522243714,K-POINT,PASS,,,,,50000,1.0,1.0,1.0,"{""center"":""mean""}"
natural_tail,fixed_nonoverlapping_15min,Forge_2,O4_MAR_AUG_TO_SEP,"[""2019-03"", ""2019-04"", ""2019-05"", ""2019-06"", ""2019-07"", ""2019-08""]",2019-09,6,110.29333333333334,1.0479690522243714,K-UGPD,PASS,0.8321083172147001,-0.3237326163977683,0.07599201531506614,43.333333333333336,50000,1.0050740630005655,1.0404788498460704,1.051166129884907,"{""bootstrap_ks_pvalue"":null,""bootstrap_successful"":null,""candidate_count"":12,""cluster_count"":260,""final_rejection_reasons"":[],""mean_validation_log_score"":2.0568435141706303,""run_length_minutes"":120,""selected_threshold_quantile"":0.9,""selection_scheme"":""leave_one_training_month_out"",""shape_ci_width"":null,""truncation_fraction"":0.0,""validation_months"":[""2019-03"",""2019-04"",""2019-05"",""2019-06"",""2019-07"",""2019-08""]}"
natural_tail,fixed_nonoverlapping_15min,Metal_1,O1_MAR_MAY_TO_JUN,"[""2019-03"", ""2019-04"", ""2019-05""]",2019-06,3,208.256,1.0079901659496007,K-BLOCK,PASS,,,,,50000,1.0005399385371851,1.0135218192993238,1.0135218192993238,"{""block_length_windows"":96,""blocks_per_draw"":30,""information_set"":""fixed_nonoverlapping_15min_natural_tail"",""moving_blocks_available"":8547,""target_windows"":2880}"
natural_tail,fixed_nonoverlapping_15min,Metal_1,O1_MAR_MAY_TO_JUN,"[""2019-03"", ""2019-04"", ""2019-05""]",2019-06,3,208.256,1.0079901659496007,K-EMP,PASS,,,,,50000,0.9999939766441305,1.0135218192993238,1.0135218192993238,"{""training_rows"":3}"
natural_tail,fixed_nonoverlapping_15min,Metal_1,O1_MAR_MAY_TO_JUN,"[""2019-03"", ""2019-04"", ""2019-05""]",2019-06,3,208.256,1.0079901659496007,K-GEV,FALLBACK_EMPIRICAL,,,,,50000,0.9999556238475724,1.0135218192993238,1.0135218192993238,"{""reason"":""insufficient_or_degenerate_months""}"
natural_tail,fixed_nonoverlapping_15min,Metal_1,O1_MAR_MAY_TO_JUN,"[""2019-03"", ""2019-04"", ""2019-05""]",2019-06,3,208.256,1.0079901659496007,K-GTAIL,FALLBACK_EXPONENTIAL,0.9182544560540873,0.0,0.01968474450133684,172.33333333333334,50000,1.0309485499645923,1.0783285958615678,1.1107643757684333,"{""bootstrap_ks_pvalue"":0.007984031936127744,""bootstrap_successful"":500,""candidate_count"":12,""cluster_count"":517,""fallback_empirical_rolling_log_score"":-49.02501436245382,""fallback_exponential_rolling_log_score"":1.7174828457635787,""final_rejection_reasons"":[""parametric_bootstrap_ks""],""mean_validation_log_score"":2.8936368053631987,""run_length_minutes"":30,""selected_threshold_quantile"":0.9,""selection_scheme"":""leave_one_training_month_out"",""shape_ci_width"":0.15809463529226173,""truncation_fraction"":0.0,""validation_months"":[""2019-03"",""2019-04"",""2019-05""]}"
natural_tail,fixed_nonoverlapping_15min,Metal_1,O1_MAR_MAY_TO_JUN,"[""2019-03"", ""2019-04"", ""2019-05""]",2019-06,3,208.256,1.0079901659496007,K-KDE,PASS,,,,,50000,0.9999739282894061,1.024495618322265,1.033424549630236,"{""bandwidth_kw"":0.010615554135222029,""boundary"":""reject_below_zero"",""center_kw"":1.0,""rejection_batches"":1}"
natural_tail,fixed_nonoverlapping_15min,Metal_1,O1_MAR_MAY_TO_JUN,"[""2019-03"", ""2019-04"", ""2019-05""]",2019-06,3,208.256,1.0079901659496007,K-POINT,PASS,,,,,50000,1.0,1.0,1.0,"{""center"":""mean""}"
natural_tail,fixed_nonoverlapping_15min,Metal_1,O1_MAR_MAY_TO_JUN,"[""2019-03"", ""2019-04"", ""2019-05""]",2019-06,3,208.256,1.0079901659496007,K-UGPD,PASS,0.9182544560540873,-0.18186209479777918,0.023245623249379774,172.33333333333334,50000,0.9998315620498345,1.0169976108254892,1.0243613079925273,"{""bootstrap_ks_pvalue"":null,""bootstrap_successful"":null,""candidate_count"":12,""cluster_count"":517,""final_rejection_reasons"":[],""mean_validation_log_score"":2.8904037717131374,""run_length_minutes"":30,""selected_threshold_quantile"":0.9,""selection_scheme"":""leave_one_training_month_out"",""shape_ci_width"":null,""truncation_fraction"":0.0,""validation_months"":[""2019-03"",""2019-04"",""2019-05""]}"
natural_tail,fixed_nonoverlapping_15min,Metal_1,O2_MAR_JUN_TO_JUL,"[""2019-03"", ""2019-04"", ""2019-05"", ""2019-06""]",2019-07,4,208.67200000000003,0.999846649286919,K-BLOCK,PASS,,,,,50000,0.9987699432602362,1.0115013034810612,1.0115013034810612,"{""block_length_windows"":96,""blocks_per_draw"":31,""information_set"":""fixed_nonoverlapping_15min_natural_tail"",""moving_blocks_available"":11155,""target_windows"":2976}"
natural_tail,fixed_nonoverlapping_15min,Metal_1,O2_MAR_JUN_TO_JUL,"[""2019-03"", ""2019-04"", ""2019-05"", ""2019-06""]",2019-07,4,208.67200000000003,0.999846649286919,K-EMP,PASS,,,,,50000,0.9999890568931148,1.0115013034810612,1.0115013034810612,"{""training_rows"":4}"
natural_tail,fixed_nonoverlapping_15min,Metal_1,O2_MAR_JUN_TO_JUL,"[""2019-03"", ""2019-04"", ""2019-05"", ""2019-06""]",2019-07,4,208.67200000000003,0.999846649286919,K-GEV,FALLBACK_EMPIRICAL,,,,,50000,1.0000538690384912,1.0115013034810612,1.0115013034810612,"{""reason"":""insufficient_or_degenerate_months""}"
natural_tail,fixed_nonoverlapping_15min,Metal_1,O2_MAR_JUN_TO_JUL,"[""2019-03"", ""2019-04"", ""2019-05"", ""2019-06""]",2019-07,4,208.67200000000003,0.999846649286919,K-GTAIL,FALLBACK_EXPONENTIAL,0.9170372642232786,0.0,0.019350480023655917,170.75,50000,1.027772354906426,1.074234788087821,1.1079091669686487,"{""bootstrap_ks_pvalue"":0.005988023952095809,""bootstrap_successful"":500,""candidate_count"":12,""cluster_count"":683,""fallback_empirical_rolling_log_score"":-3.9036061714744257,""fallback_exponential_rolling_log_score"":2.148534782764272,""final_rejection_reasons"":[""parametric_bootstrap_ks""],""mean_validation_log_score"":2.9408297469786326,""run_length_minutes"":30,""selected_threshold_quantile"":0.9,""selection_scheme"":""leave_one_training_month_out"",""shape_ci_width"":0.12243826270982164,""truncation_fraction"":0.0,""validation_months"":[""2019-03"",""2019-04"",""2019-05"",""2019-06""]}"
natural_tail,fixed_nonoverlapping_15min,Metal_1,O2_MAR_JUN_TO_JUL,"[""2019-03"", ""2019-04"", ""2019-05"", ""2019-06""]",2019-07,4,208.67200000000003,0.999846649286919,K-KDE,PASS,,,,,50000,0.9999321636844758,1.020605897292451,1.0274924290089336,"{""bandwidth_kw"":0.008772274191770874,""boundary"":""reject_below_zero"",""center_kw"":1.0,""rejection_batches"":1}"
natural_tail,fixed_nonoverlapping_15min,Metal_1,O2_MAR_JUN_TO_JUL,"[""2019-03"", ""2019-04"", ""2019-05"", ""2019-06""]",2019-07,4,208.67200000000003,0.999846649286919,K-POINT,PASS,,,,,50000,1.0,1.0,1.0,"{""center"":""mean""}"
natural_tail,fixed_nonoverlapping_15min,Metal_1,O2_MAR_JUN_TO_JUL,"[""2019-03"", ""2019-04"", ""2019-05"", ""2019-06""]",2019-07,4,208.67200000000003,0.999846649286919,K-UGPD,PASS,0.9170372642232786,-0.1912194835603177,0.02297853653112778,170.75,50000,0.9957905495112893,1.011674537408241,1.0184660350062233,"{""bootstrap_ks_pvalue"":null,""bootstrap_successful"":null,""candidate_count"":12,""cluster_count"":683,""final_rejection_reasons"":[],""mean_validation_log_score"":2.8948768197342694,""run_length_minutes"":30,""selected_threshold_quantile"":0.9,""selection_scheme"":""leave_one_training_month_out"",""shape_ci_width"":null,""truncation_fraction"":0.0,""validation_months"":[""2019-03"",""2019-04"",""2019-05"",""2019-06""]}"
natural_tail,fixed_nonoverlapping_15min,Metal_1,O3_MAR_JUL_TO_AUG,"[""2019-03"", ""2019-04"", ""2019-05"", ""2019-06"", ""2019-07""]",2019-08,5,208.66559999999998,0.9906759906759908,K-BLOCK,PASS,,,,,50000,0.9994011164274322,1.011532327321801,1.011532327321801,"{""block_length_windows"":96,""blocks_per_draw"":31,""information_set"":""fixed_nonoverlapping_15min_natural_tail"",""moving_blocks_available"":14036,""target_windows"":2976}"
natural_tail,fixed_nonoverlapping_15min,Metal_1,O3_MAR_JUL_TO_AUG,"[""2019-03"", ""2019-04"", ""2019-05"", ""2019-06"", ""2019-07""]",2019-08,5,208.66559999999998,0.9906759906759908,K-EMP,PASS,,,,,50000,0.99998692185008,1.011532327321801,1.011532327321801,"{""training_rows"":5}"
natural_tail,fixed_nonoverlapping_15min,Metal_1,O3_MAR_JUL_TO_AUG,"[""2019-03"", ""2019-04"", ""2019-05"", ""2019-06"", ""2019-07""]",2019-08,5,208.66559999999998,0.9906759906759908,K-GEV,FALLBACK_EMPIRICAL,,,,,50000,0.9999721629247945,1.011532327321801,1.011532327321801,"{""reason"":""insufficient_or_degenerate_months""}"
natural_tail,fixed_nonoverlapping_15min,Metal_1,O3_MAR_JUL_TO_AUG,"[""2019-03"", ""2019-04"", ""2019-05"", ""2019-06"", ""2019-07""]",2019-08,5,208.66559999999998,0.9906759906759908,K-GTAIL,FALLBACK_EXPONENTIAL,0.9225861857440806,0.0,0.019089682247576963,140.0,50000,1.0278136956885806,1.0740906787621787,1.1047733197972696,"{""bootstrap_ks_pvalue"":0.003992015968063872,""bootstrap_successful"":500,""candidate_count"":12,""cluster_count"":700,""fallback_empirical_rolling_log_score"":-3.113454899675661,""fallback_exponential_rolling_log_score"":2.199650236951035,""final_rejection_reasons"":[""parametric_bootstrap_ks""],""mean_validation_log_score"":3.0722386948599034,""run_length_minutes"":30,""selected_threshold_quantile"":0.925,""selection_scheme"":""leave_one_training_month_out"",""shape_ci_width"":0.12567523927717894,""truncation_fraction"":0.0,""validation_months"":[""2019-03"",""2019-04"",""2019-05"",""2019-06"",""2019-07""]}"
natural_tail,fixed_nonoverlapping_15min,Metal_1,O3_MAR_JUL_TO_AUG,"[""2019-03"", ""2019-04"", ""2019-05"", ""2019-06"", ""2019-07""]",2019-08,5,208.66559999999998,0.9906759906759908,K-KDE,PASS,,,,,50000,0.9999947696871243,1.0179284125512396,1.023852062547836,"{""bandwidth_kw"":0.007265835589304352,""boundary"":""reject_below_zero"",""center_kw"":1.0,""rejection_batches"":1}"
natural_tail,fixed_nonoverlapping_15min,Metal_1,O3_MAR_JUL_TO_AUG,"[""2019-03"", ""2019-04"", ""2019-05"", ""2019-06"", ""2019-07""]",2019-08,5,208.66559999999998,0.9906759906759908,K-POINT,PASS,,,,,50000,1.0,1.0,1.0,"{""center"":""mean""}"
natural_tail,fixed_nonoverlapping_15min,Metal_1,O3_MAR_JUL_TO_AUG,"[""2019-03"", ""2019-04"", ""2019-05"", ""2019-06"", ""2019-07""]",2019-08,5,208.66559999999998,0.9906759906759908,K-UGPD,PASS,0.9225861857440806,-0.2603280700567402,0.02822144575002245,62.6,50000,0.9976178333263291,1.0139981244144105,1.019901977362634,"{""bootstrap_ks_pvalue"":null,""bootstrap_successful"":null,""candidate_count"":12,""cluster_count"":313,""final_rejection_reasons"":[],""mean_validation_log_score"":3.109192847882016,""run_length_minutes"":120,""selected_threshold_quantile"":0.925,""selection_scheme"":""leave_one_training_month_out"",""shape_ci_width"":null,""truncation_fraction"":0.0,""validation_months"":[""2019-03"",""2019-04"",""2019-05"",""2019-06"",""2019-07""]}"
natural_tail,fixed_nonoverlapping_15min,Metal_1,O4_MAR_AUG_TO_SEP,"[""2019-03"", ""2019-04"", ""2019-05"", ""2019-06"", ""2019-07"", ""2019-08""]",2019-09,6,208.34133333333332,0.9977472865041982,K-BLOCK,PASS,,,,,50000,0.9994835879582225,1.0131066967028466,1.0131066967028466,"{""block_length_windows"":96,""blocks_per_draw"":30,""information_set"":""fixed_nonoverlapping_15min_natural_tail"",""moving_blocks_available"":16917,""target_windows"":2880}"
natural_tail,fixed_nonoverlapping_15min,Metal_1,O4_MAR_AUG_TO_SEP,"[""2019-03"", ""2019-04"", ""2019-05"", ""2019-06"", ""2019-07"", ""2019-08""]",2019-09,6,208.34133333333332,0.9977472865041982,K-EMP,PASS,,,,,50000,0.9999956215441329,1.0131066967028466,1.0131066967028466,"{""training_rows"":6}"
natural_tail,fixed_nonoverlapping_15min,Metal_1,O4_MAR_AUG_TO_SEP,"[""2019-03"", ""2019-04"", ""2019-05"", ""2019-06"", ""2019-07"", ""2019-08""]",2019-09,6,208.34133333333332,0.9977472865041982,K-GEV,PASS,,-0.276649622128456,0.008151827087710577,,50000,0.9999019186526391,1.013497203497692,1.018148765924419,"{""loc_kw"":0.9969842467093026,""scipy_shape_c"":0.276649622128456,""truncation_fraction"":0.0}"
natural_tail,fixed_nonoverlapping_15min,Metal_1,O4_MAR_AUG_TO_SEP,"[""2019-03"", ""2019-04"", ""2019-05"", ""2019-06"", ""2019-07"", ""2019-08""]",2019-09,6,208.34133333333332,0.9977472865041982,K-GTAIL,FALLBACK_EXPONENTIAL,0.9184927298791727,0.0,0.019693757288575305,176.16666666666666,50000,1.0316669041260056,1.078048014490114,1.1094670053253104,"{""bootstrap_ks_pvalue"":0.041916167664670656,""bootstrap_successful"":500,""candidate_count"":12,""cluster_count"":1057,""fallback_empirical_rolling_log_score"":0.5395877683385152,""fallback_exponential_rolling_log_score"":1.9001874948125863,""final_rejection_reasons"":[""parametric_bootstrap_ks""],""mean_validation_log_score"":3.167049116961012,""run_length_minutes"":30,""selected_threshold_quantile"":0.9,""selection_scheme"":""leave_one_training_month_out"",""shape_ci_width"":0.10648627831152241,""truncation_fraction"":0.0,""validation_months"":[""2019-03"",""2019-04"",""2019-05"",""2019-06"",""2019-07"",""2019-08""]}"
natural_tail,fixed_nonoverlapping_15min,Metal_1,O4_MAR_AUG_TO_SEP,"[""2019-03"", ""2019-04"", ""2019-05"", ""2019-06"", ""2019-07"", ""2019-08""]",2019-09,6,208.34133333333332,0.9977472865041982,K-KDE,PASS,,,,,50000,1.0000375985864163,1.0182172675837504,1.0241162586363677,"{""bandwidth_kw"":0.00688195100047584,""boundary"":""reject_below_zero"",""center_kw"":1.0,""rejection_batches"":1}"
natural_tail,fixed_nonoverlapping_15min,Metal_1,O4_MAR_AUG_TO_SEP,"[""2019-03"", ""2019-04"", ""2019-05"", ""2019-06"", ""2019-07"", ""2019-08""]",2019-09,6,208.34133333333332,0.9977472865041982,K-POINT,PASS,,,,,50000,1.0,1.0,1.0,"{""center"":""mean""}"
natural_tail,fixed_nonoverlapping_15min,Metal_1,O4_MAR_AUG_TO_SEP,"[""2019-03"", ""2019-04"", ""2019-05"", ""2019-06"", ""2019-07"", ""2019-08""]",2019-09,6,208.34133333333332,0.9977472865041982,K-UGPD,PASS,0.9184927298791727,-0.2016150972522101,0.023631625836959616,176.16666666666666,50000,0.9977931174392527,1.0129630402178347,1.0191668360928232,"{""bootstrap_ks_pvalue"":null,""bootstrap_successful"":null,""candidate_count"":12,""cluster_count"":1057,""final_rejection_reasons"":[],""mean_validation_log_score"":3.143679863538717,""run_length_minutes"":30,""selected_threshold_quantile"":0.9,""selection_scheme"":""leave_one_training_month_out"",""shape_ci_width"":null,""truncation_fraction"":0.0,""validation_months"":[""2019-03"",""2019-04"",""2019-05"",""2019-06"",""2019-07"",""2019-08""]}"
natural_tail,fixed_nonoverlapping_15min,Metal_3,O1_MAR_MAY_TO_JUN,"[""2019-03"", ""2019-04"", ""2019-05""]",2019-06,3,276.35200000000003,1.0018527095877718,K-BLOCK,PASS,,,,,50000,1.0001642473367298,1.009495136637332,1.009495136637332,"{""block_length_windows"":96,""blocks_per_draw"":30,""information_set"":""fixed_nonoverlapping_15min_natural_tail"",""moving_blocks_available"":8233,""target_windows"":2880}"
natural_tail,fixed_nonoverlapping_15min,Metal_3,O1_MAR_MAY_TO_JUN,"[""2019-03"", ""2019-04"", ""2019-05""]",2019-06,3,276.35200000000003,1.0018527095877718,K-EMP,PASS,,,,,50000,1.000020125057897,1.009495136637332,1.009495136637332,"{""training_rows"":3}"
natural_tail,fixed_nonoverlapping_15min,Metal_3,O1_MAR_MAY_TO_JUN,"[""2019-03"", ""2019-04"", ""2019-05""]",2019-06,3,276.35200000000003,1.0018527095877718,K-GEV,FALLBACK_EMPIRICAL,,,,,50000,1.0000116072255674,1.009495136637332,1.009495136637332,"{""reason"":""insufficient_or_degenerate_months""}"
natural_tail,fixed_nonoverlapping_15min,Metal_3,O1_MAR_MAY_TO_JUN,"[""2019-03"", ""2019-04"", ""2019-05""]",2019-06,3,276.35200000000003,1.0018527095877718,K-GTAIL,FALLBACK_EXPONENTIAL,0.8594256600277906,0.0,0.051588899852991456,46.0,50000,1.0866939508971531,1.2094141612622251,1.2919726882263962,"{""bootstrap_ks_pvalue"":0.001996007984031936,""bootstrap_successful"":500,""candidate_count"":12,""cluster_count"":138,""fallback_empirical_rolling_log_score"":-177.05187759034814,""fallback_exponential_rolling_log_score"":1.032973385741225,""final_rejection_reasons"":[""parametric_bootstrap_ks""],""mean_validation_log_score"":3.1994337778462563,""run_length_minutes"":60,""selected_threshold_quantile"":0.975,""selection_scheme"":""leave_one_training_month_out"",""shape_ci_width"":0.30369749244224675,""truncation_fraction"":0.0,""validation_months"":[""2019-03"",""2019-04"",""2019-05""]}"
natural_tail,fixed_nonoverlapping_15min,Metal_3,O1_MAR_MAY_TO_JUN,"[""2019-03"", ""2019-04"", ""2019-05""]",2019-06,3,276.35200000000003,1.0018527095877718,K-KDE,PASS,,,,,50000,0.9999679540803097,1.0169761612146306,1.0228678628295398,"{""bandwidth_kw"":0.007151413068729047,""boundary"":""reject_below_zero"",""center_kw"":1.0,""rejection_batches"":1}"
natural_tail,fixed_nonoverlapping_15min,Metal_3,O1_MAR_MAY_TO_JUN,"[""2019-03"", ""2019-04"", ""2019-05""]",2019-06,3,276.35200000000003,1.0018527095877718,K-POINT,PASS,,,,,50000,1.0,1.0,1.0,"{""center"":""mean""}"
natural_tail,fixed_nonoverlapping_15min,Metal_3,O1_MAR_MAY_TO_JUN,"[""2019-03"", ""2019-04"", ""2019-05""]",2019-06,3,276.35200000000003,1.0018527095877718,K-UGPD,PASS,0.8594256600277906,-0.5072680220711838,0.0824182461192809,46.0,50000,1.0012828445397337,1.01680500034771,1.0196282195424629,"{""bootstrap_ks_pvalue"":null,""bootstrap_successful"":null,""candidate_count"":12,""cluster_count"":138,""final_rejection_reasons"":[],""mean_validation_log_score"":3.227384041980889,""run_length_minutes"":60,""selected_threshold_quantile"":0.975,""selection_scheme"":""leave_one_training_month_out"",""shape_ci_width"":null,""truncation_fraction"":0.0,""validation_months"":[""2019-03"",""2019-04"",""2019-05""]}"
natural_tail,fixed_nonoverlapping_15min,Metal_3,O2_MAR_JUN_TO_JUL,"[""2019-03"", ""2019-04"", ""2019-05"", ""2019-06""]",2019-07,4,276.48,1.0125,K-BLOCK,PASS,,,,,50000,1.0004019166666664,1.0090277777777776,1.0090277777777776,"{""block_length_windows"":96,""blocks_per_draw"":31,""information_set"":""fixed_nonoverlapping_15min_natural_tail"",""moving_blocks_available"":10915,""target_windows"":2976}"
natural_tail,fixed_nonoverlapping_15min,Metal_3,O2_MAR_JUN_TO_JUL,"[""2019-03"", ""2019-04"", ""2019-05"", ""2019-06""]",2019-07,4,276.48,1.0125,K-EMP,PASS,,,,,50000,1.0000251111111111,1.0090277777777776,1.0090277777777776,"{""training_rows"":4}"
natural_tail,fixed_nonoverlapping_15min,Metal_3,O2_MAR_JUN_TO_JUL,"[""2019-03"", ""2019-04"", ""2019-05"", ""2019-06""]",2019-07,4,276.48,1.0125,K-GEV,FALLBACK_EMPIRICAL,,,,,50000,1.0000350694444444,1.0090277777777776,1.0090277777777776,"{""reason"":""insufficient_or_degenerate_months""}"
natural_tail,fixed_nonoverlapping_15min,Metal_3,O2_MAR_JUN_TO_JUL,"[""2019-03"", ""2019-04"", ""2019-05"", ""2019-06""]",2019-07,4,276.48,1.0125,K-GTAIL,FALLBACK_EXPONENTIAL,0.7652777777777777,0.0,0.08624542124542123,113.75,50000,1.2229498350348442,1.43098183095738,1.5700915999494403,"{""bootstrap_ks_pvalue"":0.001996007984031936,""bootstrap_successful"":500,""candidate_count"":12,""cluster_count"":455,""fallback_empirical_rolling_log_score"":-11.660935879759883,""fallback_exponential_rolling_log_score"":-2.201275892212452,""final_rejection_reasons"":[""parametric_bootstrap_ks""],""mean_validation_log_score"":3.3229957793111584,""run_length_minutes"":60,""selected_threshold_quantile"":0.9,""selection_scheme"":""leave_one_training_month_out"",""shape_ci_width"":0.13722584692252615,""truncation_fraction"":0.0,""validation_months"":[""2019-03"",""2019-04"",""2019-05"",""2019-06""]}"
natural_tail,fixed_nonoverlapping_15min,Metal_3,O2_MAR_JUN_TO_JUL,"[""2019-03"", ""2019-04"", ""2019-05"", ""2019-06""]",2019-07,4,276.48,1.0125,K-KDE,PASS,,,,,50000,0.9999545482752373,1.0139676119438672,1.0188406441951718,"{""bandwidth_kw"":0.005560052336349645,""boundary"":""reject_below_zero"",""center_kw"":0.9999999999999999,""rejection_batches"":1}"
natural_tail,fixed_nonoverlapping_15min,Metal_3,O2_MAR_JUN_TO_JUL,"[""2019-03"", ""2019-04"", ""2019-05"", ""2019-06""]",2019-07,4,276.48,1.0125,K-POINT,PASS,,,,,50000,0.9999999999999999,0.9999999999999999,0.9999999999999999,"{""center"":""mean""}"
natural_tail,fixed_nonoverlapping_15min,Metal_3,O2_MAR_JUN_TO_JUL,"[""2019-03"", ""2019-04"", ""2019-05"", ""2019-06""]",2019-07,4,276.48,1.0125,K-UGPD,PASS,0.8612152777777775,-0.5314061879493714,0.0831154655302297,50.75,50000,1.0004204011741795,1.0136601232552906,1.015943406496704,"{""bootstrap_ks_pvalue"":null,""bootstrap_successful"":null,""candidate_count"":12,""cluster_count"":203,""final_rejection_reasons"":[],""mean_validation_log_score"":3.3638398317726437,""run_length_minutes"":30,""selected_threshold_quantile"":0.975,""selection_scheme"":""leave_one_training_month_out"",""shape_ci_width"":null,""truncation_fraction"":0.0,""validation_months"":[""2019-03"",""2019-04"",""2019-05"",""2019-06""]}"
natural_tail,fixed_nonoverlapping_15min,Metal_3,O3_MAR_JUL_TO_AUG,"[""2019-03"", ""2019-04"", ""2019-05"", ""2019-06"", ""2019-07""]",2019-08,5,277.1712,0.9975062344139654,K-BLOCK,PASS,,,,,50000,1.000833527292879,1.0099750623441395,1.0099750623441395,"{""block_length_windows"":96,""blocks_per_draw"":31,""information_set"":""fixed_nonoverlapping_15min_natural_tail"",""moving_blocks_available"":13796,""target_windows"":2976}"
natural_tail,fixed_nonoverlapping_15min,Metal_3,O3_MAR_JUL_TO_AUG,"[""2019-03"", ""2019-04"", ""2019-05"", ""2019-06"", ""2019-07""]",2019-08,5,277.1712,0.9975062344139654,K-EMP,PASS,,,,,50000,1.000017775006927,1.0099750623441395,1.0099750623441395,"{""training_rows"":5}"
natural_tail,fixed_nonoverlapping_15min,Metal_3,O3_MAR_JUL_TO_AUG,"[""2019-03"", ""2019-04"", ""2019-05"", ""2019-06"", ""2019-07""]",2019-08,5,277.1712,0.9975062344139654,K-GEV,FALLBACK_EMPIRICAL,,,,,50000,0.9999899002493765,1.0099750623441395,1.0099750623441395,"{""reason"":""insufficient_or_degenerate_months""}"
natural_tail,fixed_nonoverlapping_15min,Metal_3,O3_MAR_JUL_TO_AUG,"[""2019-03"", ""2019-04"", ""2019-05"", ""2019-06"", ""2019-07""]",2019-08,5,277.1712,0.9975062344139654,K-GTAIL,FALLBACK_EMPIRICAL,,,,,50000,1.0000022998060403,1.0099750623441395,1.0099750623441395,"{""fallback_empirical_rolling_log_score"":1.2090706772696993,""fallback_exponential_rolling_log_score"":-2.0649267781687426,""reason"":""final_gate_failure"",""reasons"":[""parametric_bootstrap_ks""],""selection_scheme"":""leave_one_training_month_out""}"
natural_tail,fixed_nonoverlapping_15min,Metal_3,O3_MAR_JUL_TO_AUG,"[""2019-03"", ""2019-04"", ""2019-05"", ""2019-06"", ""2019-07""]",2019-08,5,277.1712,0.9975062344139654,K-KDE,PASS,,,,,50000,0.999986326856111,1.0158263164201993,1.0211436254095683,"{""bandwidth_kw"":0.006281170021253501,""boundary"":""reject_below_zero"",""center_kw"":1.0,""rejection_batches"":1}"
natural_tail,fixed_nonoverlapping_15min,Metal_3,O3_MAR_JUL_TO_AUG,"[""2019-03"", ""2019-04"", ""2019-05"", ""2019-06"", ""2019-07""]",2019-08,5,277.1712,0.9975062344139654,K-POINT,PASS,,,,,50000,1.0,1.0,1.0,"{""center"":""mean""}"
natural_tail,fixed_nonoverlapping_15min,Metal_3,O3_MAR_JUL_TO_AUG,"[""2019-03"", ""2019-04"", ""2019-05"", ""2019-06"", ""2019-07""]",2019-08,5,277.1712,0.9975062344139654,K-UGPD,PASS,0.7640620670545857,-0.5105713146130728,0.13100841351314974,112.8,50000,1.0002158916202362,1.0156151834368319,1.018477824691689,"{""bootstrap_ks_pvalue"":null,""bootstrap_successful"":null,""candidate_count"":12,""cluster_count"":564,""final_rejection_reasons"":[],""mean_validation_log_score"":3.263590532705039,""run_length_minutes"":60,""selected_threshold_quantile"":0.9,""selection_scheme"":""leave_one_training_month_out"",""shape_ci_width"":null,""truncation_fraction"":0.0,""validation_months"":[""2019-03"",""2019-04"",""2019-05"",""2019-06"",""2019-07""]}"
natural_tail,fixed_nonoverlapping_15min,Metal_3,O4_MAR_AUG_TO_SEP,"[""2019-03"", ""2019-04"", ""2019-05"", ""2019-06"", ""2019-07"", ""2019-08""]",2019-09,6,277.056,1.022869022869023,K-BLOCK,PASS,,,,,50000,0.9997963548163549,1.0103950103950103,1.0103950103950103,"{""block_length_windows"":96,""blocks_per_draw"":30,""information_set"":""fixed_nonoverlapping_15min_natural_tail"",""moving_blocks_available"":16677,""target_windows"":2880}"
natural_tail,fixed_nonoverlapping_15min,Metal_3,O4_MAR_AUG_TO_SEP,"[""2019-03"", ""2019-04"", ""2019-05"", ""2019-06"", ""2019-07"", ""2019-08""]",2019-09,6,277.056,1.022869022869023,K-EMP,PASS,,,,,50000,0.9999804296604297,1.0103950103950103,1.0103950103950103,"{""training_rows"":6}"
natural_tail,fixed_nonoverlapping_15min,Metal_3,O4_MAR_AUG_TO_SEP,"[""2019-03"", ""2019-04"", ""2019-05"", ""2019-06"", ""2019-07"", ""2019-08""]",2019-09,6,277.056,1.022869022869023,K-GEV,PASS,,0.8799937250303924,0.005567007997443249,,50000,1.020896583757467,1.0732078691187215,1.349352313538443,"{""loc_kw"":0.9950234246772127,""scipy_shape_c"":-0.8799937250303924,""truncation_fraction"":0.00032}"
natural_tail,fixed_nonoverlapping_15min,Metal_3,O4_MAR_AUG_TO_SEP,"[""2019-03"", ""2019-04"", ""2019-05"", ""2019-06"", ""2019-07"", ""2019-08""]",2019-09,6,277.056,1.022869022869023,K-GTAIL,FALLBACK_EMPIRICAL,,,,,50000,1.0000104365904368,1.0103950103950103,1.0103950103950103,"{""fallback_empirical_rolling_log_score"":1.7607902861181806,""fallback_exponential_rolling_log_score"":-2.0030450766796295,""reason"":""final_gate_failure"",""reasons"":[""parametric_bootstrap_ks""],""selection_scheme"":""leave_one_training_month_out""}"
natural_tail,fixed_nonoverlapping_15min,Metal_3,O4_MAR_AUG_TO_SEP,"[""2019-03"", ""2019-04"", ""2019-05"", ""2019-06"", ""2019-07"", ""2019-08""]",2019-09,6,277.056,1.022869022869023,K-KDE,PASS,,,,,50000,0.9999948232727499,1.0146657927962566,1.019540307918177,"{""bandwidth_kw"":0.005471399794519386,""boundary"":""reject_below_zero"",""center_kw"":1.0,""rejection_batches"":1}"
natural_tail,fixed_nonoverlapping_15min,Metal_3,O4_MAR_AUG_TO_SEP,"[""2019-03"", ""2019-04"", ""2019-05"", ""2019-06"", ""2019-07"", ""2019-08""]",2019-09,6,277.056,1.022869022869023,K-POINT,PASS,,,,,50000,1.0,1.0,1.0,"{""center"":""mean""}"
natural_tail,fixed_nonoverlapping_15min,Metal_3,O4_MAR_AUG_TO_SEP,"[""2019-03"", ""2019-04"", ""2019-05"", ""2019-06"", ""2019-07"", ""2019-08""]",2019-09,6,277.056,1.022869022869023,K-UGPD,PASS,0.7595287595287595,-0.5185217627748079,0.13461713953521537,108.83333333333333,50000,0.998909753046997,1.014236869364251,1.0171123476625363,"{""bootstrap_ks_pvalue"":null,""bootstrap_successful"":null,""candidate_count"":12,""cluster_count"":653,""final_rejection_reasons"":[],""mean_validation_log_score"":3.3207952367979465,""run_length_minutes"":60,""selected_threshold_quantile"":0.9,""selection_scheme"":""leave_one_training_month_out"",""shape_ci_width"":null,""truncation_fraction"":0.0,""validation_months"":[""2019-03"",""2019-04"",""2019-05"",""2019-06"",""2019-07"",""2019-08""]}"
natural_tail,fixed_nonoverlapping_15min,Paper,O1_MAR_MAY_TO_JUN,"[""2019-03"", ""2019-04"", ""2019-05""]",2019-06,3,595.0933333333332,0.9918444165621081,K-BLOCK,PASS,,,,,50000,1.0013533626097868,1.018193224592221,1.018193224592221,"{""block_length_windows"":96,""blocks_per_draw"":30,""information_set"":""fixed_nonoverlapping_15min_natural_tail"",""moving_blocks_available"":8451,""target_windows"":2880}"
natural_tail,fixed_nonoverlapping_15min,Paper,O1_MAR_MAY_TO_JUN,"[""2019-03"", ""2019-04"", ""2019-05""]",2019-06,3,595.0933333333332,0.9918444165621081,K-EMP,PASS,,,,,50000,1.0001435382685069,1.018193224592221,1.018193224592221,"{""training_rows"":3}"
natural_tail,fixed_nonoverlapping_15min,Paper,O1_MAR_MAY_TO_JUN,"[""2019-03"", ""2019-04"", ""2019-05""]",2019-06,3,595.0933333333332,0.9918444165621081,K-GEV,FALLBACK_EMPIRICAL,,,,,50000,0.9999123839397743,1.018193224592221,1.018193224592221,"{""reason"":""insufficient_or_degenerate_months""}"
natural_tail,fixed_nonoverlapping_15min,Paper,O1_MAR_MAY_TO_JUN,"[""2019-03"", ""2019-04"", ""2019-05""]",2019-06,3,595.0933333333332,0.9918444165621081,K-GTAIL,FALLBACK_EXPONENTIAL,0.9485570890840654,0.0,0.01474278544542032,22.0,50000,1.0026197808358692,1.0376161598337788,1.0614799581499288,"{""bootstrap_ks_pvalue"":0.00998003992015968,""bootstrap_successful"":500,""candidate_count"":12,""cluster_count"":66,""fallback_empirical_rolling_log_score"":-27.187919469373355,""fallback_exponential_rolling_log_score"":2.5221622288767596,""final_rejection_reasons"":[""parametric_bootstrap_ks""],""mean_validation_log_score"":2.0814961860559973,""run_length_minutes"":120,""selected_threshold_quantile"":0.925,""selection_scheme"":""leave_one_training_month_out"",""shape_ci_width"":0.5276203644952456,""truncation_fraction"":0.0,""validation_months"":[""2019-03"",""2019-04"",""2019-05""]}"
natural_tail,fixed_nonoverlapping_15min,Paper,O1_MAR_MAY_TO_JUN,"[""2019-03"", ""2019-04"", ""2019-05""]",2019-06,3,595.0933333333332,0.9918444165621081,K-KDE,PASS,,,,,50000,0.999936879401919,1.0348146485325878,1.047197484093592,"{""bandwidth_kw"":0.015220838224441537,""boundary"":""reject_below_zero"",""center_kw"":1.0,""rejection_batches"":1}"
natural_tail,fixed_nonoverlapping_15min,Paper,O1_MAR_MAY_TO_JUN,"[""2019-03"", ""2019-04"", ""2019-05""]",2019-06,3,595.0933333333332,0.9918444165621081,K-POINT,PASS,,,,,50000,1.0,1.0,1.0,"{""center"":""mean""}"
natural_tail,fixed_nonoverlapping_15min,Paper,O1_MAR_MAY_TO_JUN,"[""2019-03"", ""2019-04"", ""2019-05""]",2019-06,3,595.0933333333332,0.9918444165621081,K-UGPD,PASS,0.9485570890840654,-0.1096532734596732,0.016322208647682874,22.0,50000,0.9969046828240171,1.0210543828557934,1.0339898291065883,"{""bootstrap_ks_pvalue"":null,""bootstrap_successful"":null,""candidate_count"":12,""cluster_count"":66,""final_rejection_reasons"":[],""mean_validation_log_score"":2.1644468263400767,""run_length_minutes"":120,""selected_threshold_quantile"":0.925,""selection_scheme"":""leave_one_training_month_out"",""shape_ci_width"":null,""truncation_fraction"":0.0,""validation_months"":[""2019-03"",""2019-04"",""2019-05""]}"
natural_tail,fixed_nonoverlapping_15min,Paper,O2_MAR_JUN_TO_JUL,"[""2019-03"", ""2019-04"", ""2019-05"", ""2019-06""]",2019-07,4,593.8799999999999,1.010843941537011,K-BLOCK,PASS,,,,,50000,1.0010982743988688,1.0202734559170203,1.0202734559170203,"{""block_length_windows"":96,""blocks_per_draw"":31,""information_set"":""fixed_nonoverlapping_15min_natural_tail"",""moving_blocks_available"":11133,""target_windows"":2976}"
natural_tail,fixed_nonoverlapping_15min,Paper,O2_MAR_JUN_TO_JUL,"[""2019-03"", ""2019-04"", ""2019-05"", ""2019-06""]",2019-07,4,593.8799999999999,1.010843941537011,K-EMP,PASS,,,,,50000,0.9999892880716645,1.0202734559170203,1.0202734559170203,"{""training_rows"":4}"
natural_tail,fixed_nonoverlapping_15min,Paper,O2_MAR_JUN_TO_JUL,"[""2019-03"", ""2019-04"", ""2019-05"", ""2019-06""]",2019-07,4,593.8799999999999,1.010843941537011,K-GEV,FALLBACK_EMPIRICAL,,,,,50000,0.9999644318717588,1.0202734559170203,1.0202734559170203,"{""reason"":""insufficient_or_degenerate_months""}"
natural_tail,fixed_nonoverlapping_15min,Paper,O2_MAR_JUN_TO_JUL,"[""2019-03"", ""2019-04"", ""2019-05"", ""2019-06""]",2019-07,4,593.8799999999999,1.010843941537011,K-GTAIL,FALLBACK_EXPONENTIAL,0.9504950495049507,0.0,0.014371880537807557,21.75,50000,1.0030011357828168,1.037514514879632,1.0600824878912944,"{""bootstrap_ks_pvalue"":0.001996007984031936,""bootstrap_successful"":500,""candidate_count"":12,""cluster_count"":87,""fallback_empirical_rolling_log_score"":-18.72795298596138,""fallback_exponential_rolling_log_score"":2.7779455537934514,""final_rejection_reasons"":[""parametric_bootstrap_ks""],""mean_validation_log_score"":2.2968742860332103,""run_length_minutes"":120,""selected_threshold_quantile"":0.925,""selection_scheme"":""leave_one_training_month_out"",""shape_ci_width"":0.4440811852945188,""truncation_fraction"":0.0,""validation_months"":[""2019-03"",""2019-04"",""2019-05"",""2019-06""]}"
natural_tail,fixed_nonoverlapping_15min,Paper,O2_MAR_JUN_TO_JUL,"[""2019-03"", ""2019-04"", ""2019-05"", ""2019-06""]",2019-07,4,593.8799999999999,1.010843941537011,K-KDE,PASS,,,,,50000,1.0001190368756558,1.0312811011498995,1.041624964320409,"{""bandwidth_kw"":0.012206503939462945,""boundary"":""reject_below_zero"",""center_kw"":1.0000000000000002,""rejection_batches"":1}"
natural_tail,fixed_nonoverlapping_15min,Paper,O2_MAR_JUN_TO_JUL,"[""2019-03"", ""2019-04"", ""2019-05"", ""2019-06""]",2019-07,4,593.8799999999999,1.010843941537011,K-POINT,PASS,,,,,50000,1.0000000000000002,1.0000000000000002,1.0000000000000002,"{""center"":""mean""}"
natural_tail,fixed_nonoverlapping_15min,Paper,O2_MAR_JUN_TO_JUL,"[""2019-03"", ""2019-04"", ""2019-05"", ""2019-06""]",2019-07,4,593.8799999999999,1.010843941537011,K-UGPD,PASS,0.9504950495049507,-0.11807559113740962,0.016028594096430353,21.75,50000,0.9971327886984237,1.0200198237015,1.0313701972907616,"{""bootstrap_ks_pvalue"":null,""bootstrap_successful"":null,""candidate_count"":12,""cluster_count"":87,""final_rejection_reasons"":[],""mean_validation_log_score"":2.2704155201224308,""run_length_minutes"":120,""selected_threshold_quantile"":0.925,""selection_scheme"":""leave_one_training_month_out"",""shape_ci_width"":null,""truncation_fraction"":0.0,""validation_months"":[""2019-03"",""2019-04"",""2019-05"",""2019-06""]}"
natural_tail,fixed_nonoverlapping_15min,Paper,O3_MAR_JUL_TO_AUG,"[""2019-03"", ""2019-04"", ""2019-05"", ""2019-06"", ""2019-07""]",2019-08,5,595.1679999999999,0.9936018065487394,K-BLOCK,PASS,,,,,50000,1.0025082800150547,1.0180654873917954,1.0180654873917954,"{""block_length_windows"":96,""blocks_per_draw"":31,""information_set"":""fixed_nonoverlapping_15min_natural_tail"",""moving_blocks_available"":14014,""target_windows"":2976}"
natural_tail,fixed_nonoverlapping_15min,Paper,O3_MAR_JUL_TO_AUG,"[""2019-03"", ""2019-04"", ""2019-05"", ""2019-06"", ""2019-07""]",2019-08,5,595.1679999999999,0.9936018065487394,K-EMP,PASS,,,,,50000,0.9999111403838916,1.0180654873917954,1.0180654873917954,"{""training_rows"":5}"
natural_tail,fixed_nonoverlapping_15min,Paper,O3_MAR_JUL_TO_AUG,"[""2019-03"", ""2019-04"", ""2019-05"", ""2019-06"", ""2019-07""]",2019-08,5,595.1679999999999,0.9936018065487394,K-GEV,FALLBACK_EMPIRICAL,,,,,50000,1.0000676703048552,1.0180654873917954,1.0180654873917954,"{""reason"":""insufficient_or_degenerate_months""}"
natural_tail,fixed_nonoverlapping_15min,Paper,O3_MAR_JUL_TO_AUG,"[""2019-03"", ""2019-04"", ""2019-05"", ""2019-06"", ""2019-07""]",2019-08,5,595.1679999999999,0.9936018065487394,K-GTAIL,FALLBACK_EXPONENTIAL,0.9484380880692512,0.0,0.015478406520935725,22.2,50000,1.005423008180524,1.0425687550498424,1.068226296667995,"{""bootstrap_ks_pvalue"":0.007984031936127744,""bootstrap_successful"":500,""candidate_count"":12,""cluster_count"":111,""fallback_empirical_rolling_log_score"":-2.2532429805340883,""fallback_exponential_rolling_log_score"":2.7557400469428,""final_rejection_reasons"":[""parametric_bootstrap_ks""],""mean_validation_log_score"":2.8325463572402443,""run_length_minutes"":120,""selected_threshold_quantile"":0.9,""selection_scheme"":""leave_one_training_month_out"",""shape_ci_width"":0.3785915799303633,""truncation_fraction"":0.0,""validation_months"":[""2019-03"",""2019-04"",""2019-05"",""2019-06"",""2019-07""]}"
natural_tail,fixed_nonoverlapping_15min,Paper,O3_MAR_JUL_TO_AUG,"[""2019-03"", ""2019-04"", ""2019-05"", ""2019-06"", ""2019-07""]",2019-08,5,595.1679999999999,0.9936018065487394,K-KDE,PASS,,,,,50000,1.0000880149080686,1.027070253658981,1.0364856400822717,"{""bandwidth_kw"":0.010751099469299473,""boundary"":""reject_below_zero"",""center_kw"":1.0,""rejection_batches"":1}"
natural_tail,fixed_nonoverlapping_15min,Paper,O3_MAR_JUL_TO_AUG,"[""2019-03"", ""2019-04"", ""2019-05"", ""2019-06"", ""2019-07""]",2019-08,5,595.1679999999999,0.9936018065487394,K-POINT,PASS,,,,,50000,1.0,1.0,1.0,"{""center"":""mean""}"
natural_tail,fixed_nonoverlapping_15min,Paper,O3_MAR_JUL_TO_AUG,"[""2019-03"", ""2019-04"", ""2019-05"", ""2019-06"", ""2019-07""]",2019-08,5,595.1679999999999,0.9936018065487394,K-UGPD,PASS,0.9484380880692512,-0.13959919284551675,0.01761960845304169,22.2,50000,0.9979520556585049,1.0205173663909362,1.0317591517757556,"{""bootstrap_ks_pvalue"":null,""bootstrap_successful"":null,""candidate_count"":12,""cluster_count"":111,""final_rejection_reasons"":[],""mean_validation_log_score"":2.7195241833503285,""run_length_minutes"":120,""selected_threshold_quantile"":0.9,""selection_scheme"":""leave_one_training_month_out"",""shape_ci_width"":null,""truncation_fraction"":0.0,""validation_months"":[""2019-03"",""2019-04"",""2019-05"",""2019-06"",""2019-07""]}"
natural_tail,fixed_nonoverlapping_15min,Paper,O4_MAR_AUG_TO_SEP,"[""2019-03"", ""2019-04"", ""2019-05"", ""2019-06"", ""2019-07"", ""2019-08""]",2019-09,6,594.5333333333332,0.9833594976452121,K-BLOCK,PASS,,,,,50000,1.0017626750392468,1.0191522762951337,1.0191522762951337,"{""block_length_windows"":96,""blocks_per_draw"":30,""information_set"":""fixed_nonoverlapping_15min_natural_tail"",""moving_blocks_available"":16895,""target_windows"":2880}"
natural_tail,fixed_nonoverlapping_15min,Paper,O4_MAR_AUG_TO_SEP,"[""2019-03"", ""2019-04"", ""2019-05"", ""2019-06"", ""2019-07"", ""2019-08""]",2019-09,6,594.5333333333332,0.9833594976452121,K-EMP,PASS,,,,,50000,0.9999645211930928,1.0191522762951337,1.0191522762951337,"{""training_rows"":6}"
natural_tail,fixed_nonoverlapping_15min,Paper,O4_MAR_AUG_TO_SEP,"[""2019-03"", ""2019-04"", ""2019-05"", ""2019-06"", ""2019-07"", ""2019-08""]",2019-09,6,594.5333333333332,0.9833594976452121,K-GEV,PASS,,-0.17953594074999557,0.010648087839017141,,50000,0.9999019719319011,1.0200158316905035,1.028922974436532,"{""loc_kw"":0.9953379363700683,""scipy_shape_c"":0.17953594074999557,""truncation_fraction"":0.0}"
natural_tail,fixed_nonoverlapping_15min,Paper,O4_MAR_AUG_TO_SEP,"[""2019-03"", ""2019-04"", ""2019-05"", ""2019-06"", ""2019-07"", ""2019-08""]",2019-09,6,594.5333333333332,0.9833594976452121,K-GTAIL,FALLBACK_EXPONENTIAL,0.9494505494505497,0.0,0.014901748497807604,24.166666666666668,50000,1.0055016307834463,1.0407017876220757,1.0644547205891952,"{""bootstrap_ks_pvalue"":0.003992015968063872,""bootstrap_successful"":500,""candidate_count"":12,""cluster_count"":145,""fallback_empirical_rolling_log_score"":-1.657769199889432,""fallback_exponential_rolling_log_score"":2.851590118403999,""final_rejection_reasons"":[""parametric_bootstrap_ks""],""mean_validation_log_score"":2.7911969874852978,""run_length_minutes"":120,""selected_threshold_quantile"":0.9,""selection_scheme"":""leave_one_training_month_out"",""shape_ci_width"":0.3247352262229404,""truncation_fraction"":0.0,""validation_months"":[""2019-03"",""2019-04"",""2019-05"",""2019-06"",""2019-07"",""2019-08""]}"
natural_tail,fixed_nonoverlapping_15min,Paper,O4_MAR_AUG_TO_SEP,"[""2019-03"", ""2019-04"", ""2019-05"", ""2019-06"", ""2019-07"", ""2019-08""]",2019-09,6,594.5333333333332,0.9833594976452121,K-KDE,PASS,,,,,50000,0.9998375888664159,1.0252903369630444,1.034213088597431,"{""bandwidth_kw"":0.009481601275889952,""boundary"":""reject_below_zero"",""center_kw"":1.0000000000000002,""rejection_batches"":1}"
natural_tail,fixed_nonoverlapping_15min,Paper,O4_MAR_AUG_TO_SEP,"[""2019-03"", ""2019-04"", ""2019-05"", ""2019-06"", ""2019-07"", ""2019-08""]",2019-09,6,594.5333333333332,0.9833594976452121,K-POINT,PASS,,,,,50000,1.0000000000000002,1.0000000000000002,1.0000000000000002,"{""center"":""mean""}"
natural_tail,fixed_nonoverlapping_15min,Paper,O4_MAR_AUG_TO_SEP,"[""2019-03"", ""2019-04"", ""2019-05"", ""2019-06"", ""2019-07"", ""2019-08""]",2019-09,6,594.5333333333332,0.9833594976452121,K-UGPD,PASS,0.9494505494505497,-0.14220476122077147,0.016995199742249792,24.166666666666668,50000,0.9978669262695193,1.0189013532790523,1.0296016572822584,"{""bootstrap_ks_pvalue"":null,""bootstrap_successful"":null,""candidate_count"":12,""cluster_count"":145,""final_rejection_reasons"":[],""mean_validation_log_score"":2.827713744945713,""run_length_minutes"":120,""selected_threshold_quantile"":0.9,""selection_scheme"":""leave_one_training_month_out"",""shape_ci_width"":null,""truncation_fraction"":0.0,""validation_months"":[""2019-03"",""2019-04"",""2019-05"",""2019-06"",""2019-07"",""2019-08""]}"
natural_tail,fixed_nonoverlapping_15min,Steel_2,O1_MAR_MAY_TO_JUN,"[""2019-03"", ""2019-04"", ""2019-05""]",2019-06,3,12839.436,0.9691042503736146,K-BLOCK,PASS,,,,,50000,1.02915078830877,1.0519579935858034,1.0519579935858034,"{""block_length_windows"":96,""blocks_per_draw"":30,""information_set"":""fixed_nonoverlapping_15min_natural_tail"",""moving_blocks_available"":8547,""target_windows"":2880}"
natural_tail,fixed_nonoverlapping_15min,Steel_2,O1_MAR_MAY_TO_JUN,"[""2019-03"", ""2019-04"", ""2019-05""]",2019-06,3,12839.436,0.9691042503736146,K-EMP,PASS,,,,,50000,0.9996951807841612,1.0519579935858034,1.0519579935858034,"{""training_rows"":3}"
natural_tail,fixed_nonoverlapping_15min,Steel_2,O1_MAR_MAY_TO_JUN,"[""2019-03"", ""2019-04"", ""2019-05""]",2019-06,3,12839.436,0.9691042503736146,K-GEV,FALLBACK_EMPIRICAL,,,,,50000,0.9991331352747895,1.0519579935858034,1.0519579935858034,"{""reason"":""insufficient_or_degenerate_months""}"
natural_tail,fixed_nonoverlapping_15min,Steel_2,O1_MAR_MAY_TO_JUN,"[""2019-03"", ""2019-04"", ""2019-05""]",2019-06,3,12839.436,0.9691042503736146,K-GTAIL,PASS,0.8346972159317071,0.030615192119418533,0.04373456202494103,43.0,50000,1.03906058715362,1.16160642926137,1.2497922269123078,"{""bootstrap_ks_pvalue"":0.40718562874251496,""bootstrap_successful"":500,""candidate_count"":12,""cluster_count"":129,""final_rejection_reasons"":[],""mean_validation_log_score"":0.1375211108447235,""run_length_minutes"":60,""selected_threshold_quantile"":0.925,""selection_scheme"":""leave_one_training_month_out"",""shape_ci_width"":0.3998459666648052,""truncation_fraction"":0.0,""validation_months"":[""2019-03"",""2019-04"",""2019-05""]}"
natural_tail,fixed_nonoverlapping_15min,Steel_2,O1_MAR_MAY_TO_JUN,"[""2019-03"", ""2019-04"", ""2019-05""]",2019-06,3,12839.436,0.9691042503736146,K-KDE,PASS,,,,,50000,1.0002502226991965,1.1603058041546312,1.215472689727497,"{""bandwidth_kw"":0.07509101722910712,""boundary"":""reject_below_zero"",""center_kw"":1.0,""rejection_batches"":1}"
natural_tail,fixed_nonoverlapping_15min,Steel_2,O1_MAR_MAY_TO_JUN,"[""2019-03"", ""2019-04"", ""2019-05""]",2019-06,3,12839.436,0.9691042503736146,K-POINT,PASS,,,,,50000,1.0,1.0,1.0,"{""center"":""mean""}"
natural_tail,fixed_nonoverlapping_15min,Steel_2,O1_MAR_MAY_TO_JUN,"[""2019-03"", ""2019-04"", ""2019-05""]",2019-06,3,12839.436,0.9691042503736146,K-UGPD,PASS,0.8346972159317071,0.030615192119418533,0.04373456202494103,43.0,50000,1.0388050302655156,1.1618824286813765,1.2491829060242652,"{""bootstrap_ks_pvalue"":null,""bootstrap_successful"":null,""candidate_count"":12,""cluster_count"":129,""final_rejection_reasons"":[],""mean_validation_log_score"":0.35949989587524667,""run_length_minutes"":60,""selected_threshold_quantile"":0.925,""selection_scheme"":""leave_one_training_month_out"",""shape_ci_width"":null,""truncation_fraction"":0.0,""validation_months"":[""2019-03"",""2019-04"",""2019-05""]}"
natural_tail,fixed_nonoverlapping_15min,Steel_2,O2_MAR_JUN_TO_JUL,"[""2019-03"", ""2019-04"", ""2019-05"", ""2019-06""]",2019-07,4,12740.265,1.1026253640197698,K-BLOCK,PASS,,,,,50000,1.029840127954429,1.060146498784235,1.060146498784235,"{""block_length_windows"":96,""blocks_per_draw"":31,""information_set"":""fixed_nonoverlapping_15min_natural_tail"",""moving_blocks_available"":11229,""target_windows"":2976}"
natural_tail,fixed_nonoverlapping_15min,Steel_2,O2_MAR_JUN_TO_JUL,"[""2019-03"", ""2019-04"", ""2019-05"", ""2019-06""]",2019-07,4,12740.265,1.1026253640197698,K-EMP,PASS,,,,,50000,1.0000096415357138,1.060146498784235,1.060146498784235,"{""training_rows"":4}"
natural_tail,fixed_nonoverlapping_15min,Steel_2,O2_MAR_JUN_TO_JUL,"[""2019-03"", ""2019-04"", ""2019-05"", ""2019-06""]",2019-07,4,12740.265,1.1026253640197698,K-GEV,FALLBACK_EMPIRICAL,,,,,50000,1.0003808570104313,1.060146498784235,1.060146498784235,"{""reason"":""insufficient_or_degenerate_months""}"
natural_tail,fixed_nonoverlapping_15min,Steel_2,O2_MAR_JUN_TO_JUL,"[""2019-03"", ""2019-04"", ""2019-05"", ""2019-06""]",2019-07,4,12740.265,1.1026253640197698,K-GTAIL,PASS,0.8305811077451425,-0.05353985165653973,0.05647059160050916,26.75,50000,1.0260061490818018,1.1314361398055415,1.1969181078952347,"{""bootstrap_ks_pvalue"":0.624750499001996,""bootstrap_successful"":500,""candidate_count"":12,""cluster_count"":107,""final_rejection_reasons"":[],""mean_validation_log_score"":0.5420924370139315,""run_length_minutes"":120,""selected_threshold_quantile"":0.925,""selection_scheme"":""leave_one_training_month_out"",""shape_ci_width"":0.38943001856641196,""truncation_fraction"":0.0,""validation_months"":[""2019-03"",""2019-04"",""2019-05"",""2019-06""]}"
natural_tail,fixed_nonoverlapping_15min,Steel_2,O2_MAR_JUN_TO_JUL,"[""2019-03"", ""2019-04"", ""2019-05"", ""2019-06""]",2019-07,4,12740.265,1.1026253640197698,K-KDE,PASS,,,,,50000,1.0002065411581276,1.1369472559047427,1.182599713867841,"{""bandwidth_kw"":0.05965961201379967,""boundary"":""reject_below_zero"",""center_kw"":1.0,""rejection_batches"":1}"
natural_tail,fixed_nonoverlapping_15min,Steel_2,O2_MAR_JUN_TO_JUL,"[""2019-03"", ""2019-04"", ""2019-05"", ""2019-06""]",2019-07,4,12740.265,1.1026253640197698,K-POINT,PASS,,,,,50000,1.0,1.0,1.0,"{""center"":""mean""}"
natural_tail,fixed_nonoverlapping_15min,Steel_2,O2_MAR_JUN_TO_JUL,"[""2019-03"", ""2019-04"", ""2019-05"", ""2019-06""]",2019-07,4,12740.265,1.1026253640197698,K-UGPD,PASS,0.8305811077451425,-0.05353985165653973,0.05647059160050916,26.75,50000,1.0256716534508907,1.1302366013330063,1.1922283078086677,"{""bootstrap_ks_pvalue"":null,""bootstrap_successful"":null,""candidate_count"":12,""cluster_count"":107,""final_rejection_reasons"":[],""mean_validation_log_score"":0.5389878790057203,""run_length_minutes"":120,""selected_threshold_quantile"":0.925,""selection_scheme"":""leave_one_training_month_out"",""shape_ci_width"":null,""truncation_fraction"":0.0,""validation_months"":[""2019-03"",""2019-04"",""2019-05"",""2019-06""]}"
natural_tail,fixed_nonoverlapping_15min,Steel_2,O3_MAR_JUL_TO_AUG,"[""2019-03"", ""2019-04"", ""2019-05"", ""2019-06"", ""2019-07""]",2019-08,5,13001.759866666665,0.9823192242929083,K-BLOCK,PASS,,,,,50000,1.028764193832878,1.080449068233317,1.080449068233317,"{""block_length_windows"":96,""blocks_per_draw"":31,""information_set"":""fixed_nonoverlapping_15min_natural_tail"",""moving_blocks_available"":14110,""target_windows"":2976}"
natural_tail,fixed_nonoverlapping_15min,Steel_2,O3_MAR_JUL_TO_AUG,"[""2019-03"", ""2019-04"", ""2019-05"", ""2019-06"", ""2019-07""]",2019-08,5,13001.759866666665,0.9823192242929083,K-EMP,PASS,,,,,50000,0.9998550311789076,1.080449068233317,1.080449068233317,"{""training_rows"":5}"
natural_tail,fixed_nonoverlapping_15min,Steel_2,O3_MAR_JUL_TO_AUG,"[""2019-03"", ""2019-04"", ""2019-05"", ""2019-06"", ""2019-07""]",2019-08,5,13001.759866666665,0.9823192242929083,K-GEV,FALLBACK_EMPIRICAL,,,,,50000,1.0003063786985393,1.080449068233317,1.080449068233317,"{""reason"":""insufficient_or_degenerate_months""}"
natural_tail,fixed_nonoverlapping_15min,Steel_2,O3_MAR_JUL_TO_AUG,"[""2019-03"", ""2019-04"", ""2019-05"", ""2019-06"", ""2019-07""]",2019-08,5,13001.759866666665,0.9823192242929083,K-GTAIL,PASS,0.80484137844765,-0.04476275053339959,0.0591421335746848,31.2,50000,1.0208277716836638,1.135053395150332,1.204849280842846,"{""bootstrap_ks_pvalue"":0.3193612774451098,""bootstrap_successful"":500,""candidate_count"":12,""cluster_count"":156,""final_rejection_reasons"":[],""mean_validation_log_score"":0.5792664231135228,""run_length_minutes"":120,""selected_threshold_quantile"":0.9,""selection_scheme"":""leave_one_training_month_out"",""shape_ci_width"":0.34625953380702773,""truncation_fraction"":0.0,""validation_months"":[""2019-03"",""2019-04"",""2019-05"",""2019-06"",""2019-07""]}"
natural_tail,fixed_nonoverlapping_15min,Steel_2,O3_MAR_JUL_TO_AUG,"[""2019-03"", ""2019-04"", ""2019-05"", ""2019-06"", ""2019-07""]",2019-08,5,13001.759866666665,0.9823192242929083,K-KDE,PASS,,,,,50000,1.0001901649967482,1.140521074819405,1.1872118539638126,"{""bandwidth_kw"":0.059481454609785836,""boundary"":""reject_below_zero"",""center_kw"":1.0,""rejection_batches"":1}"
natural_tail,fixed_nonoverlapping_15min,Steel_2,O3_MAR_JUL_TO_AUG,"[""2019-03"", ""2019-04"", ""2019-05"", ""2019-06"", ""2019-07""]",2019-08,5,13001.759866666665,0.9823192242929083,K-POINT,PASS,,,,,50000,1.0,1.0,1.0,"{""center"":""mean""}"
natural_tail,fixed_nonoverlapping_15min,Steel_2,O3_MAR_JUL_TO_AUG,"[""2019-03"", ""2019-04"", ""2019-05"", ""2019-06"", ""2019-07""]",2019-08,5,13001.759866666665,0.9823192242929083,K-UGPD,PASS,0.8423114521142928,0.12126712915672241,0.040772396635311875,21.6,50000,1.036254432917657,1.2033064677865344,1.347744363994683,"{""bootstrap_ks_pvalue"":null,""bootstrap_successful"":null,""candidate_count"":12,""cluster_count"":108,""final_rejection_reasons"":[],""mean_validation_log_score"":0.6862693422206911,""run_length_minutes"":120,""selected_threshold_quantile"":0.95,""selection_scheme"":""leave_one_training_month_out"",""shape_ci_width"":null,""truncation_fraction"":0.0,""validation_months"":[""2019-03"",""2019-04"",""2019-05"",""2019-06"",""2019-07""]}"
natural_tail,fixed_nonoverlapping_15min,Steel_2,O4_MAR_AUG_TO_SEP,"[""2019-03"", ""2019-04"", ""2019-05"", ""2019-06"", ""2019-07"", ""2019-08""]",2019-09,6,12963.446333333333,1.0709025704301522,K-BLOCK,PASS,,,,,50000,1.0232887757661357,1.0836423410965896,1.0836423410965896,"{""block_length_windows"":96,""blocks_per_draw"":30,""information_set"":""fixed_nonoverlapping_15min_natural_tail"",""moving_blocks_available"":16991,""target_windows"":2880}"
natural_tail,fixed_nonoverlapping_15min,Steel_2,O4_MAR_AUG_TO_SEP,"[""2019-03"", ""2019-04"", ""2019-05"", ""2019-06"", ""2019-07"", ""2019-08""]",2019-09,6,12963.446333333333,1.0709025704301522,K-EMP,PASS,,,,,50000,0.9997678001942847,1.0836423410965896,1.0836423410965896,"{""training_rows"":6}"
natural_tail,fixed_nonoverlapping_15min,Steel_2,O4_MAR_AUG_TO_SEP,"[""2019-03"", ""2019-04"", ""2019-05"", ""2019-06"", ""2019-07"", ""2019-08""]",2019-09,6,12963.446333333333,1.0709025704301522,K-GEV,PASS,,-1.0675862636271423,0.08730755815712052,,50000,0.9997246949515692,1.0802543842617796,1.0830719860153446,"{""loc_kw"":1.0018620099592335,""scipy_shape_c"":1.0675862636271423,""truncation_fraction"":0.0}"
natural_tail,fixed_nonoverlapping_15min,Steel_2,O4_MAR_AUG_TO_SEP,"[""2019-03"", ""2019-04"", ""2019-05"", ""2019-06"", ""2019-07"", ""2019-08""]",2019-09,6,12963.446333333333,1.0709025704301522,K-GTAIL,PASS,0.8411422050088069,0.0956604412143785,0.041624293824401346,21.333333333333332,50000,1.027043201005403,1.179965012437638,1.3160209505393643,"{""bootstrap_ks_pvalue"":0.8343313373253493,""bootstrap_successful"":500,""candidate_count"":12,""cluster_count"":128,""final_rejection_reasons"":[],""mean_validation_log_score"":0.9008587645435163,""run_length_minutes"":120,""selected_threshold_quantile"":0.95,""selection_scheme"":""leave_one_training_month_out"",""shape_ci_width"":0.39109320879587217,""truncation_fraction"":0.0,""validation_months"":[""2019-03"",""2019-04"",""2019-05"",""2019-06"",""2019-07"",""2019-08""]}"
natural_tail,fixed_nonoverlapping_15min,Steel_2,O4_MAR_AUG_TO_SEP,"[""2019-03"", ""2019-04"", ""2019-05"", ""2019-06"", ""2019-07"", ""2019-08""]",2019-09,6,12963.446333333333,1.0709025704301522,K-KDE,PASS,,,,,50000,0.9998634661857759,1.126498955302372,1.1699512936374998,"{""bandwidth_kw"":0.05172714747095546,""boundary"":""reject_below_zero"",""center_kw"":1.0,""rejection_batches"":1}"
natural_tail,fixed_nonoverlapping_15min,Steel_2,O4_MAR_AUG_TO_SEP,"[""2019-03"", ""2019-04"", ""2019-05"", ""2019-06"", ""2019-07"", ""2019-08""]",2019-09,6,12963.446333333333,1.0709025704301522,K-POINT,PASS,,,,,50000,1.0,1.0,1.0,"{""center"":""mean""}"
natural_tail,fixed_nonoverlapping_15min,Steel_2,O4_MAR_AUG_TO_SEP,"[""2019-03"", ""2019-04"", ""2019-05"", ""2019-06"", ""2019-07"", ""2019-08""]",2019-09,6,12963.446333333333,1.0709025704301522,K-UGPD,PASS,0.8191379997998988,0.021660709007157587,0.04881472172291375,28.333333333333332,50000,1.019774339655566,1.1493231444782024,1.2413047842941303,"{""bootstrap_ks_pvalue"":null,""bootstrap_successful"":null,""candidate_count"":12,""cluster_count"":170,""final_rejection_reasons"":[],""mean_validation_log_score"":0.8969757443446916,""run_length_minutes"":120,""selected_threshold_quantile"":0.925,""selection_scheme"":""leave_one_training_month_out"",""shape_ci_width"":null,""truncation_fraction"":0.0,""validation_months"":[""2019-03"",""2019-04"",""2019-05"",""2019-06"",""2019-07"",""2019-08""]}"
