variant,metric,method_a,method_b,contrast,information_comparison,inference_scope,factory,paired_difference
natural_tail,crps,K-BLOCK,K-EMP,K-BLOCK minus K-EMP,complete_procedure_different_information,descriptive sensitivity; sign symmetry is an additional assumption,Cement_1,-0.012078492858938007
natural_tail,crps,K-BLOCK,K-EMP,K-BLOCK minus K-EMP,complete_procedure_different_information,descriptive sensitivity; sign symmetry is an additional assumption,Cement_2,-0.00017920959161902422
natural_tail,crps,K-BLOCK,K-EMP,K-BLOCK minus K-EMP,complete_procedure_different_information,descriptive sensitivity; sign symmetry is an additional assumption,Forge_1,-0.003651824124528247
natural_tail,crps,K-BLOCK,K-EMP,K-BLOCK minus K-EMP,complete_procedure_different_information,descriptive sensitivity; sign symmetry is an additional assumption,Forge_2,0.0005143888945064734
natural_tail,crps,K-BLOCK,K-EMP,K-BLOCK minus K-EMP,complete_procedure_different_information,descriptive sensitivity; sign symmetry is an additional assumption,Metal_1,-0.00027772864119987497
natural_tail,crps,K-BLOCK,K-EMP,K-BLOCK minus K-EMP,complete_procedure_different_information,descriptive sensitivity; sign symmetry is an additional assumption,Metal_3,-0.00028396980843097344
natural_tail,crps,K-BLOCK,K-EMP,K-BLOCK minus K-EMP,complete_procedure_different_information,descriptive sensitivity; sign symmetry is an additional assumption,Paper,0.0004520812929054759
natural_tail,crps,K-BLOCK,K-EMP,K-BLOCK minus K-EMP,complete_procedure_different_information,descriptive sensitivity; sign symmetry is an additional assumption,Steel_2,-0.005470545656360272
natural_tail,crps,K-BLOCK,K-GEV,K-BLOCK minus K-GEV,complete_procedure_different_information,descriptive sensitivity; sign symmetry is an additional assumption,Cement_1,-0.014279522291057244
natural_tail,crps,K-BLOCK,K-GEV,K-BLOCK minus K-GEV,complete_procedure_different_information,descriptive sensitivity; sign symmetry is an additional assumption,Cement_2,-0.001904880172278925
natural_tail,crps,K-BLOCK,K-GEV,K-BLOCK minus K-GEV,complete_procedure_different_information,descriptive sensitivity; sign symmetry is an additional assumption,Forge_1,-0.003239702666332951
natural_tail,crps,K-BLOCK,K-GEV,K-BLOCK minus K-GEV,complete_procedure_different_information,descriptive sensitivity; sign symmetry is an additional assumption,Forge_2,0.0004953731134809507
natural_tail,crps,K-BLOCK,K-GEV,K-BLOCK minus K-GEV,complete_procedure_different_information,descriptive sensitivity; sign symmetry is an additional assumption,Metal_1,-0.00017997998814129994
natural_tail,crps,K-BLOCK,K-GEV,K-BLOCK minus K-GEV,complete_procedure_different_information,descriptive sensitivity; sign symmetry is an additional assumption,Metal_3,0.0005382918144236255
natural_tail,crps,K-BLOCK,K-GEV,K-BLOCK minus K-GEV,complete_procedure_different_information,descriptive sensitivity; sign symmetry is an additional assumption,Paper,0.00034308294185237623
natural_tail,crps,K-BLOCK,K-GEV,K-BLOCK minus K-GEV,complete_procedure_different_information,descriptive sensitivity; sign symmetry is an additional assumption,Steel_2,-0.0027728802023405455
natural_tail,crps,K-BLOCK,K-GTAIL,K-BLOCK minus K-GTAIL,detailed_history_same_information,descriptive sensitivity; sign symmetry is an additional assumption,Cement_1,0.007989473242837143
natural_tail,crps,K-BLOCK,K-GTAIL,K-BLOCK minus K-GTAIL,detailed_history_same_information,descriptive sensitivity; sign symmetry is an additional assumption,Cement_2,0.005423643246821472
natural_tail,crps,K-BLOCK,K-GTAIL,K-BLOCK minus K-GTAIL,detailed_history_same_information,descriptive sensitivity; sign symmetry is an additional assumption,Forge_1,-0.0024397202375436716
natural_tail,crps,K-BLOCK,K-GTAIL,K-BLOCK minus K-GTAIL,detailed_history_same_information,descriptive sensitivity; sign symmetry is an additional assumption,Forge_2,0.0018928742203519998
natural_tail,crps,K-BLOCK,K-GTAIL,K-BLOCK minus K-GTAIL,detailed_history_same_information,descriptive sensitivity; sign symmetry is an additional assumption,Metal_1,-0.013760642399183176
natural_tail,crps,K-BLOCK,K-GTAIL,K-BLOCK minus K-GTAIL,detailed_history_same_information,descriptive sensitivity; sign symmetry is an additional assumption,Metal_3,-0.04747173397155985
natural_tail,crps,K-BLOCK,K-GTAIL,K-BLOCK minus K-GTAIL,detailed_history_same_information,descriptive sensitivity; sign symmetry is an additional assumption,Paper,0.0001975914865437762
natural_tail,crps,K-BLOCK,K-GTAIL,K-BLOCK minus K-GTAIL,detailed_history_same_information,descriptive sensitivity; sign symmetry is an additional assumption,Steel_2,0.0031493227322431996
natural_tail,crps,K-BLOCK,K-KDE,K-BLOCK minus K-KDE,complete_procedure_different_information,descriptive sensitivity; sign symmetry is an additional assumption,Cement_1,-0.006797291068380458
natural_tail,crps,K-BLOCK,K-KDE,K-BLOCK minus K-KDE,complete_procedure_different_information,descriptive sensitivity; sign symmetry is an additional assumption,Cement_2,-0.0022372712148808482
natural_tail,crps,K-BLOCK,K-KDE,K-BLOCK minus K-KDE,complete_procedure_different_information,descriptive sensitivity; sign symmetry is an additional assumption,Forge_1,-0.0024255325699173713
natural_tail,crps,K-BLOCK,K-KDE,K-BLOCK minus K-KDE,complete_procedure_different_information,descriptive sensitivity; sign symmetry is an additional assumption,Forge_2,0.00195124092985495
natural_tail,crps,K-BLOCK,K-KDE,K-BLOCK minus K-KDE,complete_procedure_different_information,descriptive sensitivity; sign symmetry is an additional assumption,Metal_1,3.0678833009349996e-05
natural_tail,crps,K-BLOCK,K-KDE,K-BLOCK minus K-KDE,complete_procedure_different_information,descriptive sensitivity; sign symmetry is an additional assumption,Metal_3,0.0003711256226269499
natural_tail,crps,K-BLOCK,K-KDE,K-BLOCK minus K-KDE,complete_procedure_different_information,descriptive sensitivity; sign symmetry is an additional assumption,Paper,0.0008167287433776503
natural_tail,crps,K-BLOCK,K-KDE,K-BLOCK minus K-KDE,complete_procedure_different_information,descriptive sensitivity; sign symmetry is an additional assumption,Steel_2,0.0004997031591648521
natural_tail,crps,K-BLOCK,K-POINT,K-BLOCK minus K-POINT,complete_procedure_different_information,descriptive sensitivity; sign symmetry is an additional assumption,Cement_1,-0.023159422224484548
natural_tail,crps,K-BLOCK,K-POINT,K-BLOCK minus K-POINT,complete_procedure_different_information,descriptive sensitivity; sign symmetry is an additional assumption,Cement_2,-0.01781419792760923
natural_tail,crps,K-BLOCK,K-POINT,K-BLOCK minus K-POINT,complete_procedure_different_information,descriptive sensitivity; sign symmetry is an additional assumption,Forge_1,-0.00720500433050697
natural_tail,crps,K-BLOCK,K-POINT,K-BLOCK minus K-POINT,complete_procedure_different_information,descriptive sensitivity; sign symmetry is an additional assumption,Forge_2,-0.005172739437162576
natural_tail,crps,K-BLOCK,K-POINT,K-BLOCK minus K-POINT,complete_procedure_different_information,descriptive sensitivity; sign symmetry is an additional assumption,Metal_1,-0.0006329812373743002
natural_tail,crps,K-BLOCK,K-POINT,K-BLOCK minus K-POINT,complete_procedure_different_information,descriptive sensitivity; sign symmetry is an additional assumption,Metal_3,-0.00165545111824625
natural_tail,crps,K-BLOCK,K-POINT,K-BLOCK minus K-POINT,complete_procedure_different_information,descriptive sensitivity; sign symmetry is an additional assumption,Paper,-0.0026690213671068993
natural_tail,crps,K-BLOCK,K-POINT,K-BLOCK minus K-POINT,complete_procedure_different_information,descriptive sensitivity; sign symmetry is an additional assumption,Steel_2,-0.01581812651200125
natural_tail,crps,K-BLOCK,K-UGPD,K-BLOCK minus K-UGPD,detailed_history_same_information,descriptive sensitivity; sign symmetry is an additional assumption,Cement_1,-0.010471751690152346
natural_tail,crps,K-BLOCK,K-UGPD,K-BLOCK minus K-UGPD,detailed_history_same_information,descriptive sensitivity; sign symmetry is an additional assumption,Cement_2,0.005393849658552698
natural_tail,crps,K-BLOCK,K-UGPD,K-BLOCK minus K-UGPD,detailed_history_same_information,descriptive sensitivity; sign symmetry is an additional assumption,Forge_1,-0.0027206568207928244
natural_tail,crps,K-BLOCK,K-UGPD,K-BLOCK minus K-UGPD,detailed_history_same_information,descriptive sensitivity; sign symmetry is an additional assumption,Forge_2,0.0014986747381410988
natural_tail,crps,K-BLOCK,K-UGPD,K-BLOCK minus K-UGPD,detailed_history_same_information,descriptive sensitivity; sign symmetry is an additional assumption,Metal_1,0.0007133318833345251
natural_tail,crps,K-BLOCK,K-UGPD,K-BLOCK minus K-UGPD,detailed_history_same_information,descriptive sensitivity; sign symmetry is an additional assumption,Metal_3,0.000607819640621776
natural_tail,crps,K-BLOCK,K-UGPD,K-BLOCK minus K-UGPD,detailed_history_same_information,descriptive sensitivity; sign symmetry is an additional assumption,Paper,0.001741389159661576
natural_tail,crps,K-BLOCK,K-UGPD,K-BLOCK minus K-UGPD,detailed_history_same_information,descriptive sensitivity; sign symmetry is an additional assumption,Steel_2,0.001684383401075032
natural_tail,crps,K-EMP,K-GEV,K-EMP minus K-GEV,monthly_maxima_same_information,descriptive sensitivity; sign symmetry is an additional assumption,Cement_1,-0.0022010294321192364
natural_tail,crps,K-EMP,K-GEV,K-EMP minus K-GEV,monthly_maxima_same_information,descriptive sensitivity; sign symmetry is an additional assumption,Cement_2,-0.0017256705806599007
natural_tail,crps,K-EMP,K-GEV,K-EMP minus K-GEV,monthly_maxima_same_information,descriptive sensitivity; sign symmetry is an additional assumption,Forge_1,0.0004121214581952956
natural_tail,crps,K-EMP,K-GEV,K-EMP minus K-GEV,monthly_maxima_same_information,descriptive sensitivity; sign symmetry is an additional assumption,Forge_2,-1.9015781025522732e-05
natural_tail,crps,K-EMP,K-GEV,K-EMP minus K-GEV,monthly_maxima_same_information,descriptive sensitivity; sign symmetry is an additional assumption,Metal_1,9.774865305857503e-05
natural_tail,crps,K-EMP,K-GEV,K-EMP minus K-GEV,monthly_maxima_same_information,descriptive sensitivity; sign symmetry is an additional assumption,Metal_3,0.000822261622854599
natural_tail,crps,K-EMP,K-GEV,K-EMP minus K-GEV,monthly_maxima_same_information,descriptive sensitivity; sign symmetry is an additional assumption,Paper,-0.00010899835105309969
natural_tail,crps,K-EMP,K-GEV,K-EMP minus K-GEV,monthly_maxima_same_information,descriptive sensitivity; sign symmetry is an additional assumption,Steel_2,0.0026976654540197265
natural_tail,crps,K-EMP,K-GTAIL,K-EMP minus K-GTAIL,complete_procedure_different_information,descriptive sensitivity; sign symmetry is an additional assumption,Cement_1,0.02006796610177515
natural_tail,crps,K-EMP,K-GTAIL,K-EMP minus K-GTAIL,complete_procedure_different_information,descriptive sensitivity; sign symmetry is an additional assumption,Cement_2,0.005602852838440496
natural_tail,crps,K-EMP,K-GTAIL,K-EMP minus K-GTAIL,complete_procedure_different_information,descriptive sensitivity; sign symmetry is an additional assumption,Forge_1,0.0012121038869845752
natural_tail,crps,K-EMP,K-GTAIL,K-EMP minus K-GTAIL,complete_procedure_different_information,descriptive sensitivity; sign symmetry is an additional assumption,Forge_2,0.0013784853258455264
natural_tail,crps,K-EMP,K-GTAIL,K-EMP minus K-GTAIL,complete_procedure_different_information,descriptive sensitivity; sign symmetry is an additional assumption,Metal_1,-0.0134829137579833
natural_tail,crps,K-EMP,K-GTAIL,K-EMP minus K-GTAIL,complete_procedure_different_information,descriptive sensitivity; sign symmetry is an additional assumption,Metal_3,-0.04718776416312888
natural_tail,crps,K-EMP,K-GTAIL,K-EMP minus K-GTAIL,complete_procedure_different_information,descriptive sensitivity; sign symmetry is an additional assumption,Paper,-0.00025448980636169974
natural_tail,crps,K-EMP,K-GTAIL,K-EMP minus K-GTAIL,complete_procedure_different_information,descriptive sensitivity; sign symmetry is an additional assumption,Steel_2,0.008619868388603472
natural_tail,crps,K-EMP,K-KDE,K-EMP minus K-KDE,monthly_maxima_same_information,descriptive sensitivity; sign symmetry is an additional assumption,Cement_1,0.005281201790557549
natural_tail,crps,K-EMP,K-KDE,K-EMP minus K-KDE,monthly_maxima_same_information,descriptive sensitivity; sign symmetry is an additional assumption,Cement_2,-0.002058061623261824
natural_tail,crps,K-EMP,K-KDE,K-EMP minus K-KDE,monthly_maxima_same_information,descriptive sensitivity; sign symmetry is an additional assumption,Forge_1,0.0012262915546108755
natural_tail,crps,K-EMP,K-KDE,K-EMP minus K-KDE,monthly_maxima_same_information,descriptive sensitivity; sign symmetry is an additional assumption,Forge_2,0.0014368520353484765
natural_tail,crps,K-EMP,K-KDE,K-EMP minus K-KDE,monthly_maxima_same_information,descriptive sensitivity; sign symmetry is an additional assumption,Metal_1,0.00030840747420922496
natural_tail,crps,K-EMP,K-KDE,K-EMP minus K-KDE,monthly_maxima_same_information,descriptive sensitivity; sign symmetry is an additional assumption,Metal_3,0.0006550954310579234
natural_tail,crps,K-EMP,K-KDE,K-EMP minus K-KDE,monthly_maxima_same_information,descriptive sensitivity; sign symmetry is an additional assumption,Paper,0.0003646474504721744
natural_tail,crps,K-EMP,K-KDE,K-EMP minus K-KDE,monthly_maxima_same_information,descriptive sensitivity; sign symmetry is an additional assumption,Steel_2,0.005970248815525124
natural_tail,crps,K-EMP,K-POINT,K-EMP minus K-POINT,monthly_maxima_same_information,descriptive sensitivity; sign symmetry is an additional assumption,Cement_1,-0.01108092936554654
natural_tail,crps,K-EMP,K-POINT,K-EMP minus K-POINT,monthly_maxima_same_information,descriptive sensitivity; sign symmetry is an additional assumption,Cement_2,-0.017634988335990205
natural_tail,crps,K-EMP,K-POINT,K-EMP minus K-POINT,monthly_maxima_same_information,descriptive sensitivity; sign symmetry is an additional assumption,Forge_1,-0.003553180205978723
natural_tail,crps,K-EMP,K-POINT,K-EMP minus K-POINT,monthly_maxima_same_information,descriptive sensitivity; sign symmetry is an additional assumption,Forge_2,-0.0056871283316690495
natural_tail,crps,K-EMP,K-POINT,K-EMP minus K-POINT,monthly_maxima_same_information,descriptive sensitivity; sign symmetry is an additional assumption,Metal_1,-0.0003552525961744253
natural_tail,crps,K-EMP,K-POINT,K-EMP minus K-POINT,monthly_maxima_same_information,descriptive sensitivity; sign symmetry is an additional assumption,Metal_3,-0.0013714813098152766
natural_tail,crps,K-EMP,K-POINT,K-EMP minus K-POINT,monthly_maxima_same_information,descriptive sensitivity; sign symmetry is an additional assumption,Paper,-0.003121102660012375
natural_tail,crps,K-EMP,K-POINT,K-EMP minus K-POINT,monthly_maxima_same_information,descriptive sensitivity; sign symmetry is an additional assumption,Steel_2,-0.010347580855640977
natural_tail,crps,K-EMP,K-UGPD,K-EMP minus K-UGPD,complete_procedure_different_information,descriptive sensitivity; sign symmetry is an additional assumption,Cement_1,0.0016067411687856609
natural_tail,crps,K-EMP,K-UGPD,K-EMP minus K-UGPD,complete_procedure_different_information,descriptive sensitivity; sign symmetry is an additional assumption,Cement_2,0.005573059250171722
natural_tail,crps,K-EMP,K-UGPD,K-EMP minus K-UGPD,complete_procedure_different_information,descriptive sensitivity; sign symmetry is an additional assumption,Forge_1,0.0009311673037354223
natural_tail,crps,K-EMP,K-UGPD,K-EMP minus K-UGPD,complete_procedure_different_information,descriptive sensitivity; sign symmetry is an additional assumption,Forge_2,0.0009842858436346254
natural_tail,crps,K-EMP,K-UGPD,K-EMP minus K-UGPD,complete_procedure_different_information,descriptive sensitivity; sign symmetry is an additional assumption,Metal_1,0.0009910605245344
natural_tail,crps,K-EMP,K-UGPD,K-EMP minus K-UGPD,complete_procedure_different_information,descriptive sensitivity; sign symmetry is an additional assumption,Metal_3,0.0008917894490527494
natural_tail,crps,K-EMP,K-UGPD,K-EMP minus K-UGPD,complete_procedure_different_information,descriptive sensitivity; sign symmetry is an additional assumption,Paper,0.0012893078667561
natural_tail,crps,K-EMP,K-UGPD,K-EMP minus K-UGPD,complete_procedure_different_information,descriptive sensitivity; sign symmetry is an additional assumption,Steel_2,0.007154929057435304
natural_tail,crps,K-GEV,K-GTAIL,K-GEV minus K-GTAIL,complete_procedure_different_information,descriptive sensitivity; sign symmetry is an additional assumption,Cement_1,0.022268995533894387
natural_tail,crps,K-GEV,K-GTAIL,K-GEV minus K-GTAIL,complete_procedure_different_information,descriptive sensitivity; sign symmetry is an additional assumption,Cement_2,0.007328523419100397
natural_tail,crps,K-GEV,K-GTAIL,K-GEV minus K-GTAIL,complete_procedure_different_information,descriptive sensitivity; sign symmetry is an additional assumption,Forge_1,0.0007999824287892796
natural_tail,crps,K-GEV,K-GTAIL,K-GEV minus K-GTAIL,complete_procedure_different_information,descriptive sensitivity; sign symmetry is an additional assumption,Forge_2,0.0013975011068710491
natural_tail,crps,K-GEV,K-GTAIL,K-GEV minus K-GTAIL,complete_procedure_different_information,descriptive sensitivity; sign symmetry is an additional assumption,Metal_1,-0.013580662411041874
natural_tail,crps,K-GEV,K-GTAIL,K-GEV minus K-GTAIL,complete_procedure_different_information,descriptive sensitivity; sign symmetry is an additional assumption,Metal_3,-0.04801002578598348
natural_tail,crps,K-GEV,K-GTAIL,K-GEV minus K-GTAIL,complete_procedure_different_information,descriptive sensitivity; sign symmetry is an additional assumption,Paper,-0.00014549145530860005
natural_tail,crps,K-GEV,K-GTAIL,K-GEV minus K-GTAIL,complete_procedure_different_information,descriptive sensitivity; sign symmetry is an additional assumption,Steel_2,0.005922202934583745
natural_tail,crps,K-GEV,K-KDE,K-GEV minus K-KDE,monthly_maxima_same_information,descriptive sensitivity; sign symmetry is an additional assumption,Cement_1,0.007482231222676786
natural_tail,crps,K-GEV,K-KDE,K-GEV minus K-KDE,monthly_maxima_same_information,descriptive sensitivity; sign symmetry is an additional assumption,Cement_2,-0.0003323910426019233
natural_tail,crps,K-GEV,K-KDE,K-GEV minus K-KDE,monthly_maxima_same_information,descriptive sensitivity; sign symmetry is an additional assumption,Forge_1,0.0008141700964155799
natural_tail,crps,K-GEV,K-KDE,K-GEV minus K-KDE,monthly_maxima_same_information,descriptive sensitivity; sign symmetry is an additional assumption,Forge_2,0.0014558678163739992
natural_tail,crps,K-GEV,K-KDE,K-GEV minus K-KDE,monthly_maxima_same_information,descriptive sensitivity; sign symmetry is an additional assumption,Metal_1,0.00021065882115064993
natural_tail,crps,K-GEV,K-KDE,K-GEV minus K-KDE,monthly_maxima_same_information,descriptive sensitivity; sign symmetry is an additional assumption,Metal_3,-0.0001671661917966756
natural_tail,crps,K-GEV,K-KDE,K-GEV minus K-KDE,monthly_maxima_same_information,descriptive sensitivity; sign symmetry is an additional assumption,Paper,0.00047364580152527407
natural_tail,crps,K-GEV,K-KDE,K-GEV minus K-KDE,monthly_maxima_same_information,descriptive sensitivity; sign symmetry is an additional assumption,Steel_2,0.0032725833615053976
natural_tail,crps,K-GEV,K-POINT,K-GEV minus K-POINT,monthly_maxima_same_information,descriptive sensitivity; sign symmetry is an additional assumption,Cement_1,-0.008879899933427304
natural_tail,crps,K-GEV,K-POINT,K-GEV minus K-POINT,monthly_maxima_same_information,descriptive sensitivity; sign symmetry is an additional assumption,Cement_2,-0.015909317755330304
natural_tail,crps,K-GEV,K-POINT,K-GEV minus K-POINT,monthly_maxima_same_information,descriptive sensitivity; sign symmetry is an additional assumption,Forge_1,-0.003965301664174019
natural_tail,crps,K-GEV,K-POINT,K-GEV minus K-POINT,monthly_maxima_same_information,descriptive sensitivity; sign symmetry is an additional assumption,Forge_2,-0.005668112550643527
natural_tail,crps,K-GEV,K-POINT,K-GEV minus K-POINT,monthly_maxima_same_information,descriptive sensitivity; sign symmetry is an additional assumption,Metal_1,-0.0004530012492330003
natural_tail,crps,K-GEV,K-POINT,K-GEV minus K-POINT,monthly_maxima_same_information,descriptive sensitivity; sign symmetry is an additional assumption,Metal_3,-0.0021937429326698756
natural_tail,crps,K-GEV,K-POINT,K-GEV minus K-POINT,monthly_maxima_same_information,descriptive sensitivity; sign symmetry is an additional assumption,Paper,-0.0030121043089592755
natural_tail,crps,K-GEV,K-POINT,K-GEV minus K-POINT,monthly_maxima_same_information,descriptive sensitivity; sign symmetry is an additional assumption,Steel_2,-0.013045246309660703
natural_tail,crps,K-GEV,K-UGPD,K-GEV minus K-UGPD,complete_procedure_different_information,descriptive sensitivity; sign symmetry is an additional assumption,Cement_1,0.0038077706009048973
natural_tail,crps,K-GEV,K-UGPD,K-GEV minus K-UGPD,complete_procedure_different_information,descriptive sensitivity; sign symmetry is an additional assumption,Cement_2,0.007298729830831623
natural_tail,crps,K-GEV,K-UGPD,K-GEV minus K-UGPD,complete_procedure_different_information,descriptive sensitivity; sign symmetry is an additional assumption,Forge_1,0.0005190458455401267
natural_tail,crps,K-GEV,K-UGPD,K-GEV minus K-UGPD,complete_procedure_different_information,descriptive sensitivity; sign symmetry is an additional assumption,Forge_2,0.001003301624660148
natural_tail,crps,K-GEV,K-UGPD,K-GEV minus K-UGPD,complete_procedure_different_information,descriptive sensitivity; sign symmetry is an additional assumption,Metal_1,0.000893311871475825
natural_tail,crps,K-GEV,K-UGPD,K-GEV minus K-UGPD,complete_procedure_different_information,descriptive sensitivity; sign symmetry is an additional assumption,Metal_3,6.952782619815048e-05
natural_tail,crps,K-GEV,K-UGPD,K-GEV minus K-UGPD,complete_procedure_different_information,descriptive sensitivity; sign symmetry is an additional assumption,Paper,0.0013983062178091997
natural_tail,crps,K-GEV,K-UGPD,K-GEV minus K-UGPD,complete_procedure_different_information,descriptive sensitivity; sign symmetry is an additional assumption,Steel_2,0.004457263603415577
natural_tail,crps,K-GTAIL,K-KDE,K-GTAIL minus K-KDE,complete_procedure_different_information,descriptive sensitivity; sign symmetry is an additional assumption,Cement_1,-0.014786764311217601
natural_tail,crps,K-GTAIL,K-KDE,K-GTAIL minus K-KDE,complete_procedure_different_information,descriptive sensitivity; sign symmetry is an additional assumption,Cement_2,-0.00766091446170232
natural_tail,crps,K-GTAIL,K-KDE,K-GTAIL minus K-KDE,complete_procedure_different_information,descriptive sensitivity; sign symmetry is an additional assumption,Forge_1,1.4187667626300304e-05
natural_tail,crps,K-GTAIL,K-KDE,K-GTAIL minus K-KDE,complete_procedure_different_information,descriptive sensitivity; sign symmetry is an additional assumption,Forge_2,5.8366709502950115e-05
natural_tail,crps,K-GTAIL,K-KDE,K-GTAIL minus K-KDE,complete_procedure_different_information,descriptive sensitivity; sign symmetry is an additional assumption,Metal_1,0.013791321232192524
natural_tail,crps,K-GTAIL,K-KDE,K-GTAIL minus K-KDE,complete_procedure_different_information,descriptive sensitivity; sign symmetry is an additional assumption,Metal_3,0.0478428595941868
natural_tail,crps,K-GTAIL,K-KDE,K-GTAIL minus K-KDE,complete_procedure_different_information,descriptive sensitivity; sign symmetry is an additional assumption,Paper,0.0006191372568338741
natural_tail,crps,K-GTAIL,K-KDE,K-GTAIL minus K-KDE,complete_procedure_different_information,descriptive sensitivity; sign symmetry is an additional assumption,Steel_2,-0.0026496195730783476
natural_tail,crps,K-GTAIL,K-POINT,K-GTAIL minus K-POINT,complete_procedure_different_information,descriptive sensitivity; sign symmetry is an additional assumption,Cement_1,-0.03114889546732169
natural_tail,crps,K-GTAIL,K-POINT,K-GTAIL minus K-POINT,complete_procedure_different_information,descriptive sensitivity; sign symmetry is an additional assumption,Cement_2,-0.0232378411744307
natural_tail,crps,K-GTAIL,K-POINT,K-GTAIL minus K-POINT,complete_procedure_different_information,descriptive sensitivity; sign symmetry is an additional assumption,Forge_1,-0.004765284092963298
natural_tail,crps,K-GTAIL,K-POINT,K-GTAIL minus K-POINT,complete_procedure_different_information,descriptive sensitivity; sign symmetry is an additional assumption,Forge_2,-0.007065613657514576
natural_tail,crps,K-GTAIL,K-POINT,K-GTAIL minus K-POINT,complete_procedure_different_information,descriptive sensitivity; sign symmetry is an additional assumption,Metal_1,0.013127661161808874
natural_tail,crps,K-GTAIL,K-POINT,K-GTAIL minus K-POINT,complete_procedure_different_information,descriptive sensitivity; sign symmetry is an additional assumption,Metal_3,0.0458162828533136
natural_tail,crps,K-GTAIL,K-POINT,K-GTAIL minus K-POINT,complete_procedure_different_information,descriptive sensitivity; sign symmetry is an additional assumption,Paper,-0.0028666128536506755
natural_tail,crps,K-GTAIL,K-POINT,K-GTAIL minus K-POINT,complete_procedure_different_information,descriptive sensitivity; sign symmetry is an additional assumption,Steel_2,-0.01896744924424445
natural_tail,crps,K-GTAIL,K-UGPD,K-GTAIL minus K-UGPD,detailed_history_same_information,descriptive sensitivity; sign symmetry is an additional assumption,Cement_1,-0.01846122493298949
natural_tail,crps,K-GTAIL,K-UGPD,K-GTAIL minus K-UGPD,detailed_history_same_information,descriptive sensitivity; sign symmetry is an additional assumption,Cement_2,-2.979358826877415e-05
natural_tail,crps,K-GTAIL,K-UGPD,K-GTAIL minus K-UGPD,detailed_history_same_information,descriptive sensitivity; sign symmetry is an additional assumption,Forge_1,-0.0002809365832491528
natural_tail,crps,K-GTAIL,K-UGPD,K-GTAIL minus K-UGPD,detailed_history_same_information,descriptive sensitivity; sign symmetry is an additional assumption,Forge_2,-0.000394199482210901
natural_tail,crps,K-GTAIL,K-UGPD,K-GTAIL minus K-UGPD,detailed_history_same_information,descriptive sensitivity; sign symmetry is an additional assumption,Metal_1,0.0144739742825177
natural_tail,crps,K-GTAIL,K-UGPD,K-GTAIL minus K-UGPD,detailed_history_same_information,descriptive sensitivity; sign symmetry is an additional assumption,Metal_3,0.04807955361218163
natural_tail,crps,K-GTAIL,K-UGPD,K-GTAIL minus K-UGPD,detailed_history_same_information,descriptive sensitivity; sign symmetry is an additional assumption,Paper,0.0015437976731177997
natural_tail,crps,K-GTAIL,K-UGPD,K-GTAIL minus K-UGPD,detailed_history_same_information,descriptive sensitivity; sign symmetry is an additional assumption,Steel_2,-0.0014649393311681677
natural_tail,crps,K-KDE,K-POINT,K-KDE minus K-POINT,monthly_maxima_same_information,descriptive sensitivity; sign symmetry is an additional assumption,Cement_1,-0.01636213115610409
natural_tail,crps,K-KDE,K-POINT,K-KDE minus K-POINT,monthly_maxima_same_information,descriptive sensitivity; sign symmetry is an additional assumption,Cement_2,-0.015576926712728381
natural_tail,crps,K-KDE,K-POINT,K-KDE minus K-POINT,monthly_maxima_same_information,descriptive sensitivity; sign symmetry is an additional assumption,Forge_1,-0.004779471760589599
natural_tail,crps,K-KDE,K-POINT,K-KDE minus K-POINT,monthly_maxima_same_information,descriptive sensitivity; sign symmetry is an additional assumption,Forge_2,-0.007123980367017526
natural_tail,crps,K-KDE,K-POINT,K-KDE minus K-POINT,monthly_maxima_same_information,descriptive sensitivity; sign symmetry is an additional assumption,Metal_1,-0.0006636600703836502
natural_tail,crps,K-KDE,K-POINT,K-KDE minus K-POINT,monthly_maxima_same_information,descriptive sensitivity; sign symmetry is an additional assumption,Metal_3,-0.0020265767408732
natural_tail,crps,K-KDE,K-POINT,K-KDE minus K-POINT,monthly_maxima_same_information,descriptive sensitivity; sign symmetry is an additional assumption,Paper,-0.0034857501104845496
natural_tail,crps,K-KDE,K-POINT,K-KDE minus K-POINT,monthly_maxima_same_information,descriptive sensitivity; sign symmetry is an additional assumption,Steel_2,-0.0163178296711661
natural_tail,crps,K-KDE,K-UGPD,K-KDE minus K-UGPD,complete_procedure_different_information,descriptive sensitivity; sign symmetry is an additional assumption,Cement_1,-0.0036744606217718884
natural_tail,crps,K-KDE,K-UGPD,K-KDE minus K-UGPD,complete_procedure_different_information,descriptive sensitivity; sign symmetry is an additional assumption,Cement_2,0.007631120873433546
natural_tail,crps,K-KDE,K-UGPD,K-KDE minus K-UGPD,complete_procedure_different_information,descriptive sensitivity; sign symmetry is an additional assumption,Forge_1,-0.00029512425087545313
natural_tail,crps,K-KDE,K-UGPD,K-KDE minus K-UGPD,complete_procedure_different_information,descriptive sensitivity; sign symmetry is an additional assumption,Forge_2,-0.0004525661917138511
natural_tail,crps,K-KDE,K-UGPD,K-KDE minus K-UGPD,complete_procedure_different_information,descriptive sensitivity; sign symmetry is an additional assumption,Metal_1,0.0006826530503251751
natural_tail,crps,K-KDE,K-UGPD,K-KDE minus K-UGPD,complete_procedure_different_information,descriptive sensitivity; sign symmetry is an additional assumption,Metal_3,0.00023669401799482608
natural_tail,crps,K-KDE,K-UGPD,K-KDE minus K-UGPD,complete_procedure_different_information,descriptive sensitivity; sign symmetry is an additional assumption,Paper,0.0009246604162839256
natural_tail,crps,K-KDE,K-UGPD,K-KDE minus K-UGPD,complete_procedure_different_information,descriptive sensitivity; sign symmetry is an additional assumption,Steel_2,0.0011846802419101798
natural_tail,crps,K-POINT,K-UGPD,K-POINT minus K-UGPD,complete_procedure_different_information,descriptive sensitivity; sign symmetry is an additional assumption,Cement_1,0.012687670534332202
natural_tail,crps,K-POINT,K-UGPD,K-POINT minus K-UGPD,complete_procedure_different_information,descriptive sensitivity; sign symmetry is an additional assumption,Cement_2,0.023208047586161927
natural_tail,crps,K-POINT,K-UGPD,K-POINT minus K-UGPD,complete_procedure_different_information,descriptive sensitivity; sign symmetry is an additional assumption,Forge_1,0.0044843475097141455
natural_tail,crps,K-POINT,K-UGPD,K-POINT minus K-UGPD,complete_procedure_different_information,descriptive sensitivity; sign symmetry is an additional assumption,Forge_2,0.006671414175303675
natural_tail,crps,K-POINT,K-UGPD,K-POINT minus K-UGPD,complete_procedure_different_information,descriptive sensitivity; sign symmetry is an additional assumption,Metal_1,0.0013463131207088253
natural_tail,crps,K-POINT,K-UGPD,K-POINT minus K-UGPD,complete_procedure_different_information,descriptive sensitivity; sign symmetry is an additional assumption,Metal_3,0.002263270758868026
natural_tail,crps,K-POINT,K-UGPD,K-POINT minus K-UGPD,complete_procedure_different_information,descriptive sensitivity; sign symmetry is an additional assumption,Paper,0.004410410526768475
natural_tail,crps,K-POINT,K-UGPD,K-POINT minus K-UGPD,complete_procedure_different_information,descriptive sensitivity; sign symmetry is an additional assumption,Steel_2,0.01750250991307628
natural_tail,qwcrps_090,K-BLOCK,K-EMP,K-BLOCK minus K-EMP,complete_procedure_different_information,descriptive sensitivity; sign symmetry is an additional assumption,Cement_1,0.0
natural_tail,qwcrps_090,K-BLOCK,K-EMP,K-BLOCK minus K-EMP,complete_procedure_different_information,descriptive sensitivity; sign symmetry is an additional assumption,Cement_2,0.0
natural_tail,qwcrps_090,K-BLOCK,K-EMP,K-BLOCK minus K-EMP,complete_procedure_different_information,descriptive sensitivity; sign symmetry is an additional assumption,Forge_1,0.0
natural_tail,qwcrps_090,K-BLOCK,K-EMP,K-BLOCK minus K-EMP,complete_procedure_different_information,descriptive sensitivity; sign symmetry is an additional assumption,Forge_2,0.0
natural_tail,qwcrps_090,K-BLOCK,K-EMP,K-BLOCK minus K-EMP,complete_procedure_different_information,descriptive sensitivity; sign symmetry is an additional assumption,Metal_1,0.0
natural_tail,qwcrps_090,K-BLOCK,K-EMP,K-BLOCK minus K-EMP,complete_procedure_different_information,descriptive sensitivity; sign symmetry is an additional assumption,Metal_3,0.0
natural_tail,qwcrps_090,K-BLOCK,K-EMP,K-BLOCK minus K-EMP,complete_procedure_different_information,descriptive sensitivity; sign symmetry is an additional assumption,Paper,0.0
natural_tail,qwcrps_090,K-BLOCK,K-EMP,K-BLOCK minus K-EMP,complete_procedure_different_information,descriptive sensitivity; sign symmetry is an additional assumption,Steel_2,0.0
natural_tail,qwcrps_090,K-BLOCK,K-GEV,K-BLOCK minus K-GEV,complete_procedure_different_information,descriptive sensitivity; sign symmetry is an additional assumption,Cement_1,-0.00039578230983764937
natural_tail,qwcrps_090,K-BLOCK,K-GEV,K-BLOCK minus K-GEV,complete_procedure_different_information,descriptive sensitivity; sign symmetry is an additional assumption,Cement_2,-0.0009550011898050502
natural_tail,qwcrps_090,K-BLOCK,K-GEV,K-BLOCK minus K-GEV,complete_procedure_different_information,descriptive sensitivity; sign symmetry is an additional assumption,Forge_1,1.0713666811424955e-05
natural_tail,qwcrps_090,K-BLOCK,K-GEV,K-BLOCK minus K-GEV,complete_procedure_different_information,descriptive sensitivity; sign symmetry is an additional assumption,Forge_2,4.6851107321125175e-05
natural_tail,qwcrps_090,K-BLOCK,K-GEV,K-BLOCK minus K-GEV,complete_procedure_different_information,descriptive sensitivity; sign symmetry is an additional assumption,Metal_1,1.2582068256000159e-06
natural_tail,qwcrps_090,K-BLOCK,K-GEV,K-BLOCK minus K-GEV,complete_procedure_different_information,descriptive sensitivity; sign symmetry is an additional assumption,Metal_3,0.00044807442544997497
natural_tail,qwcrps_090,K-BLOCK,K-GEV,K-BLOCK minus K-GEV,complete_procedure_different_information,descriptive sensitivity; sign symmetry is an additional assumption,Paper,1.5918483246749981e-06
natural_tail,qwcrps_090,K-BLOCK,K-GEV,K-BLOCK minus K-GEV,complete_procedure_different_information,descriptive sensitivity; sign symmetry is an additional assumption,Steel_2,1.1815288438078199e-05
natural_tail,qwcrps_090,K-BLOCK,K-GTAIL,K-BLOCK minus K-GTAIL,detailed_history_same_information,descriptive sensitivity; sign symmetry is an additional assumption,Cement_1,0.00415704090734545
natural_tail,qwcrps_090,K-BLOCK,K-GTAIL,K-BLOCK minus K-GTAIL,detailed_history_same_information,descriptive sensitivity; sign symmetry is an additional assumption,Cement_2,0.00027321093486417486
natural_tail,qwcrps_090,K-BLOCK,K-GTAIL,K-BLOCK minus K-GTAIL,detailed_history_same_information,descriptive sensitivity; sign symmetry is an additional assumption,Forge_1,5.519607688857491e-05
natural_tail,qwcrps_090,K-BLOCK,K-GTAIL,K-BLOCK minus K-GTAIL,detailed_history_same_information,descriptive sensitivity; sign symmetry is an additional assumption,Forge_2,0.00037426571794747505
natural_tail,qwcrps_090,K-BLOCK,K-GTAIL,K-BLOCK minus K-GTAIL,detailed_history_same_information,descriptive sensitivity; sign symmetry is an additional assumption,Metal_1,-0.0005951614018504779
natural_tail,qwcrps_090,K-BLOCK,K-GTAIL,K-BLOCK minus K-GTAIL,detailed_history_same_information,descriptive sensitivity; sign symmetry is an additional assumption,Metal_3,-0.0013116862457004596
natural_tail,qwcrps_090,K-BLOCK,K-GTAIL,K-BLOCK minus K-GTAIL,detailed_history_same_information,descriptive sensitivity; sign symmetry is an additional assumption,Paper,-0.0001754504873964516
natural_tail,qwcrps_090,K-BLOCK,K-GTAIL,K-BLOCK minus K-GTAIL,detailed_history_same_information,descriptive sensitivity; sign symmetry is an additional assumption,Steel_2,0.0012996122854049001
natural_tail,qwcrps_090,K-BLOCK,K-KDE,K-BLOCK minus K-KDE,complete_procedure_different_information,descriptive sensitivity; sign symmetry is an additional assumption,Cement_1,0.0022702580839154005
natural_tail,qwcrps_090,K-BLOCK,K-KDE,K-BLOCK minus K-KDE,complete_procedure_different_information,descriptive sensitivity; sign symmetry is an additional assumption,Cement_2,-0.0005741629262886253
natural_tail,qwcrps_090,K-BLOCK,K-KDE,K-BLOCK minus K-KDE,complete_procedure_different_information,descriptive sensitivity; sign symmetry is an additional assumption,Forge_1,-0.00019573614670255002
natural_tail,qwcrps_090,K-BLOCK,K-KDE,K-BLOCK minus K-KDE,complete_procedure_different_information,descriptive sensitivity; sign symmetry is an additional assumption,Forge_2,0.0003283228977223002
natural_tail,qwcrps_090,K-BLOCK,K-KDE,K-BLOCK minus K-KDE,complete_procedure_different_information,descriptive sensitivity; sign symmetry is an additional assumption,Metal_1,-6.625319047367785e-05
natural_tail,qwcrps_090,K-BLOCK,K-KDE,K-BLOCK minus K-KDE,complete_procedure_different_information,descriptive sensitivity; sign symmetry is an additional assumption,Metal_3,0.0003270437020653678
natural_tail,qwcrps_090,K-BLOCK,K-KDE,K-BLOCK minus K-KDE,complete_procedure_different_information,descriptive sensitivity; sign symmetry is an additional assumption,Paper,-8.806781022750162e-05
natural_tail,qwcrps_090,K-BLOCK,K-KDE,K-BLOCK minus K-KDE,complete_procedure_different_information,descriptive sensitivity; sign symmetry is an additional assumption,Steel_2,0.0013833624227210502
natural_tail,qwcrps_090,K-BLOCK,K-POINT,K-BLOCK minus K-POINT,complete_procedure_different_information,descriptive sensitivity; sign symmetry is an additional assumption,Cement_1,-0.007883624417076
natural_tail,qwcrps_090,K-BLOCK,K-POINT,K-BLOCK minus K-POINT,complete_procedure_different_information,descriptive sensitivity; sign symmetry is an additional assumption,Cement_2,-0.001065972403934775
natural_tail,qwcrps_090,K-BLOCK,K-POINT,K-BLOCK minus K-POINT,complete_procedure_different_information,descriptive sensitivity; sign symmetry is an additional assumption,Forge_1,0.00040802544876731824
natural_tail,qwcrps_090,K-BLOCK,K-POINT,K-BLOCK minus K-POINT,complete_procedure_different_information,descriptive sensitivity; sign symmetry is an additional assumption,Forge_2,-0.0012470633964937884
natural_tail,qwcrps_090,K-BLOCK,K-POINT,K-BLOCK minus K-POINT,complete_procedure_different_information,descriptive sensitivity; sign symmetry is an additional assumption,Metal_1,-0.0002556879040110023
natural_tail,qwcrps_090,K-BLOCK,K-POINT,K-BLOCK minus K-POINT,complete_procedure_different_information,descriptive sensitivity; sign symmetry is an additional assumption,Metal_3,-0.0009135967569106837
natural_tail,qwcrps_090,K-BLOCK,K-POINT,K-BLOCK minus K-POINT,complete_procedure_different_information,descriptive sensitivity; sign symmetry is an additional assumption,Paper,-0.00032634914029385057
natural_tail,qwcrps_090,K-BLOCK,K-POINT,K-BLOCK minus K-POINT,complete_procedure_different_information,descriptive sensitivity; sign symmetry is an additional assumption,Steel_2,-0.00553606725781915
natural_tail,qwcrps_090,K-BLOCK,K-UGPD,K-BLOCK minus K-UGPD,detailed_history_same_information,descriptive sensitivity; sign symmetry is an additional assumption,Cement_1,1.2537912865047407e-07
natural_tail,qwcrps_090,K-BLOCK,K-UGPD,K-BLOCK minus K-UGPD,detailed_history_same_information,descriptive sensitivity; sign symmetry is an additional assumption,Cement_2,0.0002056113806645748
natural_tail,qwcrps_090,K-BLOCK,K-UGPD,K-BLOCK minus K-UGPD,detailed_history_same_information,descriptive sensitivity; sign symmetry is an additional assumption,Forge_1,5.135327772764998e-05
natural_tail,qwcrps_090,K-BLOCK,K-UGPD,K-BLOCK minus K-UGPD,detailed_history_same_information,descriptive sensitivity; sign symmetry is an additional assumption,Forge_2,0.0003917012838207251
natural_tail,qwcrps_090,K-BLOCK,K-UGPD,K-BLOCK minus K-UGPD,detailed_history_same_information,descriptive sensitivity; sign symmetry is an additional assumption,Metal_1,-3.1736515735154164e-06
natural_tail,qwcrps_090,K-BLOCK,K-UGPD,K-BLOCK minus K-UGPD,detailed_history_same_information,descriptive sensitivity; sign symmetry is an additional assumption,Metal_3,0.0003023679942461326
natural_tail,qwcrps_090,K-BLOCK,K-UGPD,K-BLOCK minus K-UGPD,detailed_history_same_information,descriptive sensitivity; sign symmetry is an additional assumption,Paper,5.296417270617539e-06
natural_tail,qwcrps_090,K-BLOCK,K-UGPD,K-BLOCK minus K-UGPD,detailed_history_same_information,descriptive sensitivity; sign symmetry is an additional assumption,Steel_2,0.001213074609598925
natural_tail,qwcrps_090,K-EMP,K-GEV,K-EMP minus K-GEV,monthly_maxima_same_information,descriptive sensitivity; sign symmetry is an additional assumption,Cement_1,-0.00039578230983764937
natural_tail,qwcrps_090,K-EMP,K-GEV,K-EMP minus K-GEV,monthly_maxima_same_information,descriptive sensitivity; sign symmetry is an additional assumption,Cement_2,-0.0009550011898050502
natural_tail,qwcrps_090,K-EMP,K-GEV,K-EMP minus K-GEV,monthly_maxima_same_information,descriptive sensitivity; sign symmetry is an additional assumption,Forge_1,1.0713666811424955e-05
natural_tail,qwcrps_090,K-EMP,K-GEV,K-EMP minus K-GEV,monthly_maxima_same_information,descriptive sensitivity; sign symmetry is an additional assumption,Forge_2,4.6851107321125175e-05
natural_tail,qwcrps_090,K-EMP,K-GEV,K-EMP minus K-GEV,monthly_maxima_same_information,descriptive sensitivity; sign symmetry is an additional assumption,Metal_1,1.2582068256000159e-06
natural_tail,qwcrps_090,K-EMP,K-GEV,K-EMP minus K-GEV,monthly_maxima_same_information,descriptive sensitivity; sign symmetry is an additional assumption,Metal_3,0.00044807442544997497
natural_tail,qwcrps_090,K-EMP,K-GEV,K-EMP minus K-GEV,monthly_maxima_same_information,descriptive sensitivity; sign symmetry is an additional assumption,Paper,1.5918483246749981e-06
natural_tail,qwcrps_090,K-EMP,K-GEV,K-EMP minus K-GEV,monthly_maxima_same_information,descriptive sensitivity; sign symmetry is an additional assumption,Steel_2,1.1815288438078199e-05
natural_tail,qwcrps_090,K-EMP,K-GTAIL,K-EMP minus K-GTAIL,complete_procedure_different_information,descriptive sensitivity; sign symmetry is an additional assumption,Cement_1,0.00415704090734545
natural_tail,qwcrps_090,K-EMP,K-GTAIL,K-EMP minus K-GTAIL,complete_procedure_different_information,descriptive sensitivity; sign symmetry is an additional assumption,Cement_2,0.00027321093486417486
natural_tail,qwcrps_090,K-EMP,K-GTAIL,K-EMP minus K-GTAIL,complete_procedure_different_information,descriptive sensitivity; sign symmetry is an additional assumption,Forge_1,5.519607688857491e-05
natural_tail,qwcrps_090,K-EMP,K-GTAIL,K-EMP minus K-GTAIL,complete_procedure_different_information,descriptive sensitivity; sign symmetry is an additional assumption,Forge_2,0.00037426571794747505
natural_tail,qwcrps_090,K-EMP,K-GTAIL,K-EMP minus K-GTAIL,complete_procedure_different_information,descriptive sensitivity; sign symmetry is an additional assumption,Metal_1,-0.0005951614018504779
natural_tail,qwcrps_090,K-EMP,K-GTAIL,K-EMP minus K-GTAIL,complete_procedure_different_information,descriptive sensitivity; sign symmetry is an additional assumption,Metal_3,-0.0013116862457004596
natural_tail,qwcrps_090,K-EMP,K-GTAIL,K-EMP minus K-GTAIL,complete_procedure_different_information,descriptive sensitivity; sign symmetry is an additional assumption,Paper,-0.0001754504873964516
natural_tail,qwcrps_090,K-EMP,K-GTAIL,K-EMP minus K-GTAIL,complete_procedure_different_information,descriptive sensitivity; sign symmetry is an additional assumption,Steel_2,0.0012996122854049001
natural_tail,qwcrps_090,K-EMP,K-KDE,K-EMP minus K-KDE,monthly_maxima_same_information,descriptive sensitivity; sign symmetry is an additional assumption,Cement_1,0.0022702580839154005
natural_tail,qwcrps_090,K-EMP,K-KDE,K-EMP minus K-KDE,monthly_maxima_same_information,descriptive sensitivity; sign symmetry is an additional assumption,Cement_2,-0.0005741629262886253
natural_tail,qwcrps_090,K-EMP,K-KDE,K-EMP minus K-KDE,monthly_maxima_same_information,descriptive sensitivity; sign symmetry is an additional assumption,Forge_1,-0.00019573614670255002
natural_tail,qwcrps_090,K-EMP,K-KDE,K-EMP minus K-KDE,monthly_maxima_same_information,descriptive sensitivity; sign symmetry is an additional assumption,Forge_2,0.0003283228977223002
natural_tail,qwcrps_090,K-EMP,K-KDE,K-EMP minus K-KDE,monthly_maxima_same_information,descriptive sensitivity; sign symmetry is an additional assumption,Metal_1,-6.625319047367785e-05
natural_tail,qwcrps_090,K-EMP,K-KDE,K-EMP minus K-KDE,monthly_maxima_same_information,descriptive sensitivity; sign symmetry is an additional assumption,Metal_3,0.0003270437020653678
natural_tail,qwcrps_090,K-EMP,K-KDE,K-EMP minus K-KDE,monthly_maxima_same_information,descriptive sensitivity; sign symmetry is an additional assumption,Paper,-8.806781022750162e-05
natural_tail,qwcrps_090,K-EMP,K-KDE,K-EMP minus K-KDE,monthly_maxima_same_information,descriptive sensitivity; sign symmetry is an additional assumption,Steel_2,0.0013833624227210502
natural_tail,qwcrps_090,K-EMP,K-POINT,K-EMP minus K-POINT,monthly_maxima_same_information,descriptive sensitivity; sign symmetry is an additional assumption,Cement_1,-0.007883624417076
natural_tail,qwcrps_090,K-EMP,K-POINT,K-EMP minus K-POINT,monthly_maxima_same_information,descriptive sensitivity; sign symmetry is an additional assumption,Cement_2,-0.001065972403934775
natural_tail,qwcrps_090,K-EMP,K-POINT,K-EMP minus K-POINT,monthly_maxima_same_information,descriptive sensitivity; sign symmetry is an additional assumption,Forge_1,0.00040802544876731824
natural_tail,qwcrps_090,K-EMP,K-POINT,K-EMP minus K-POINT,monthly_maxima_same_information,descriptive sensitivity; sign symmetry is an additional assumption,Forge_2,-0.0012470633964937884
natural_tail,qwcrps_090,K-EMP,K-POINT,K-EMP minus K-POINT,monthly_maxima_same_information,descriptive sensitivity; sign symmetry is an additional assumption,Metal_1,-0.0002556879040110023
natural_tail,qwcrps_090,K-EMP,K-POINT,K-EMP minus K-POINT,monthly_maxima_same_information,descriptive sensitivity; sign symmetry is an additional assumption,Metal_3,-0.0009135967569106837
natural_tail,qwcrps_090,K-EMP,K-POINT,K-EMP minus K-POINT,monthly_maxima_same_information,descriptive sensitivity; sign symmetry is an additional assumption,Paper,-0.00032634914029385057
natural_tail,qwcrps_090,K-EMP,K-POINT,K-EMP minus K-POINT,monthly_maxima_same_information,descriptive sensitivity; sign symmetry is an additional assumption,Steel_2,-0.00553606725781915
natural_tail,qwcrps_090,K-EMP,K-UGPD,K-EMP minus K-UGPD,complete_procedure_different_information,descriptive sensitivity; sign symmetry is an additional assumption,Cement_1,1.2537912865047407e-07
natural_tail,qwcrps_090,K-EMP,K-UGPD,K-EMP minus K-UGPD,complete_procedure_different_information,descriptive sensitivity; sign symmetry is an additional assumption,Cement_2,0.0002056113806645748
natural_tail,qwcrps_090,K-EMP,K-UGPD,K-EMP minus K-UGPD,complete_procedure_different_information,descriptive sensitivity; sign symmetry is an additional assumption,Forge_1,5.135327772764998e-05
natural_tail,qwcrps_090,K-EMP,K-UGPD,K-EMP minus K-UGPD,complete_procedure_different_information,descriptive sensitivity; sign symmetry is an additional assumption,Forge_2,0.0003917012838207251
natural_tail,qwcrps_090,K-EMP,K-UGPD,K-EMP minus K-UGPD,complete_procedure_different_information,descriptive sensitivity; sign symmetry is an additional assumption,Metal_1,-3.1736515735154164e-06
natural_tail,qwcrps_090,K-EMP,K-UGPD,K-EMP minus K-UGPD,complete_procedure_different_information,descriptive sensitivity; sign symmetry is an additional assumption,Metal_3,0.0003023679942461326
natural_tail,qwcrps_090,K-EMP,K-UGPD,K-EMP minus K-UGPD,complete_procedure_different_information,descriptive sensitivity; sign symmetry is an additional assumption,Paper,5.296417270617539e-06
natural_tail,qwcrps_090,K-EMP,K-UGPD,K-EMP minus K-UGPD,complete_procedure_different_information,descriptive sensitivity; sign symmetry is an additional assumption,Steel_2,0.001213074609598925
natural_tail,qwcrps_090,K-GEV,K-GTAIL,K-GEV minus K-GTAIL,complete_procedure_different_information,descriptive sensitivity; sign symmetry is an additional assumption,Cement_1,0.0045528232171831
natural_tail,qwcrps_090,K-GEV,K-GTAIL,K-GEV minus K-GTAIL,complete_procedure_different_information,descriptive sensitivity; sign symmetry is an additional assumption,Cement_2,0.001228212124669225
natural_tail,qwcrps_090,K-GEV,K-GTAIL,K-GEV minus K-GTAIL,complete_procedure_different_information,descriptive sensitivity; sign symmetry is an additional assumption,Forge_1,4.4482410077149957e-05
natural_tail,qwcrps_090,K-GEV,K-GTAIL,K-GEV minus K-GTAIL,complete_procedure_different_information,descriptive sensitivity; sign symmetry is an additional assumption,Forge_2,0.0003274146106263499
natural_tail,qwcrps_090,K-GEV,K-GTAIL,K-GEV minus K-GTAIL,complete_procedure_different_information,descriptive sensitivity; sign symmetry is an additional assumption,Metal_1,-0.0005964196086760779
natural_tail,qwcrps_090,K-GEV,K-GTAIL,K-GEV minus K-GTAIL,complete_procedure_different_information,descriptive sensitivity; sign symmetry is an additional assumption,Metal_3,-0.0017597606711504347
natural_tail,qwcrps_090,K-GEV,K-GTAIL,K-GEV minus K-GTAIL,complete_procedure_different_information,descriptive sensitivity; sign symmetry is an additional assumption,Paper,-0.0001770423357211266
natural_tail,qwcrps_090,K-GEV,K-GTAIL,K-GEV minus K-GTAIL,complete_procedure_different_information,descriptive sensitivity; sign symmetry is an additional assumption,Steel_2,0.001287796996966822
natural_tail,qwcrps_090,K-GEV,K-KDE,K-GEV minus K-KDE,monthly_maxima_same_information,descriptive sensitivity; sign symmetry is an additional assumption,Cement_1,0.00266604039375305
natural_tail,qwcrps_090,K-GEV,K-KDE,K-GEV minus K-KDE,monthly_maxima_same_information,descriptive sensitivity; sign symmetry is an additional assumption,Cement_2,0.0003808382635164249
natural_tail,qwcrps_090,K-GEV,K-KDE,K-GEV minus K-KDE,monthly_maxima_same_information,descriptive sensitivity; sign symmetry is an additional assumption,Forge_1,-0.00020644981351397498
natural_tail,qwcrps_090,K-GEV,K-KDE,K-GEV minus K-KDE,monthly_maxima_same_information,descriptive sensitivity; sign symmetry is an additional assumption,Forge_2,0.000281471790401175
natural_tail,qwcrps_090,K-GEV,K-KDE,K-GEV minus K-KDE,monthly_maxima_same_information,descriptive sensitivity; sign symmetry is an additional assumption,Metal_1,-6.751139729927787e-05
natural_tail,qwcrps_090,K-GEV,K-KDE,K-GEV minus K-KDE,monthly_maxima_same_information,descriptive sensitivity; sign symmetry is an additional assumption,Metal_3,-0.00012103072338460715
natural_tail,qwcrps_090,K-GEV,K-KDE,K-GEV minus K-KDE,monthly_maxima_same_information,descriptive sensitivity; sign symmetry is an additional assumption,Paper,-8.965965855217662e-05
natural_tail,qwcrps_090,K-GEV,K-KDE,K-GEV minus K-KDE,monthly_maxima_same_information,descriptive sensitivity; sign symmetry is an additional assumption,Steel_2,0.001371547134282972
natural_tail,qwcrps_090,K-GEV,K-POINT,K-GEV minus K-POINT,monthly_maxima_same_information,descriptive sensitivity; sign symmetry is an additional assumption,Cement_1,-0.00748784210723835
natural_tail,qwcrps_090,K-GEV,K-POINT,K-GEV minus K-POINT,monthly_maxima_same_information,descriptive sensitivity; sign symmetry is an additional assumption,Cement_2,-0.00011097121412972488
natural_tail,qwcrps_090,K-GEV,K-POINT,K-GEV minus K-POINT,monthly_maxima_same_information,descriptive sensitivity; sign symmetry is an additional assumption,Forge_1,0.0003973117819558933
natural_tail,qwcrps_090,K-GEV,K-POINT,K-GEV minus K-POINT,monthly_maxima_same_information,descriptive sensitivity; sign symmetry is an additional assumption,Forge_2,-0.0012939145038149136
natural_tail,qwcrps_090,K-GEV,K-POINT,K-GEV minus K-POINT,monthly_maxima_same_information,descriptive sensitivity; sign symmetry is an additional assumption,Metal_1,-0.0002569461108366023
natural_tail,qwcrps_090,K-GEV,K-POINT,K-GEV minus K-POINT,monthly_maxima_same_information,descriptive sensitivity; sign symmetry is an additional assumption,Metal_3,-0.0013616711823606588
natural_tail,qwcrps_090,K-GEV,K-POINT,K-GEV minus K-POINT,monthly_maxima_same_information,descriptive sensitivity; sign symmetry is an additional assumption,Paper,-0.00032794098861852557
natural_tail,qwcrps_090,K-GEV,K-POINT,K-GEV minus K-POINT,monthly_maxima_same_information,descriptive sensitivity; sign symmetry is an additional assumption,Steel_2,-0.0055478825462572275
natural_tail,qwcrps_090,K-GEV,K-UGPD,K-GEV minus K-UGPD,complete_procedure_different_information,descriptive sensitivity; sign symmetry is an additional assumption,Cement_1,0.00039590768896629984
natural_tail,qwcrps_090,K-GEV,K-UGPD,K-GEV minus K-UGPD,complete_procedure_different_information,descriptive sensitivity; sign symmetry is an additional assumption,Cement_2,0.001160612570469625
natural_tail,qwcrps_090,K-GEV,K-UGPD,K-GEV minus K-UGPD,complete_procedure_different_information,descriptive sensitivity; sign symmetry is an additional assumption,Forge_1,4.0639610916225026e-05
natural_tail,qwcrps_090,K-GEV,K-UGPD,K-GEV minus K-UGPD,complete_procedure_different_information,descriptive sensitivity; sign symmetry is an additional assumption,Forge_2,0.00034485017649959994
natural_tail,qwcrps_090,K-GEV,K-UGPD,K-GEV minus K-UGPD,complete_procedure_different_information,descriptive sensitivity; sign symmetry is an additional assumption,Metal_1,-4.431858399115432e-06
natural_tail,qwcrps_090,K-GEV,K-UGPD,K-GEV minus K-UGPD,complete_procedure_different_information,descriptive sensitivity; sign symmetry is an additional assumption,Metal_3,-0.00014570643120384238
natural_tail,qwcrps_090,K-GEV,K-UGPD,K-GEV minus K-UGPD,complete_procedure_different_information,descriptive sensitivity; sign symmetry is an additional assumption,Paper,3.7045689459425405e-06
natural_tail,qwcrps_090,K-GEV,K-UGPD,K-GEV minus K-UGPD,complete_procedure_different_information,descriptive sensitivity; sign symmetry is an additional assumption,Steel_2,0.0012012593211608467
natural_tail,qwcrps_090,K-GTAIL,K-KDE,K-GTAIL minus K-KDE,complete_procedure_different_information,descriptive sensitivity; sign symmetry is an additional assumption,Cement_1,-0.0018867828234300499
natural_tail,qwcrps_090,K-GTAIL,K-KDE,K-GTAIL minus K-KDE,complete_procedure_different_information,descriptive sensitivity; sign symmetry is an additional assumption,Cement_2,-0.0008473738611528001
natural_tail,qwcrps_090,K-GTAIL,K-KDE,K-GTAIL minus K-KDE,complete_procedure_different_information,descriptive sensitivity; sign symmetry is an additional assumption,Forge_1,-0.00025093222359112493
natural_tail,qwcrps_090,K-GTAIL,K-KDE,K-GTAIL minus K-KDE,complete_procedure_different_information,descriptive sensitivity; sign symmetry is an additional assumption,Forge_2,-4.594282022517488e-05
natural_tail,qwcrps_090,K-GTAIL,K-KDE,K-GTAIL minus K-KDE,complete_procedure_different_information,descriptive sensitivity; sign symmetry is an additional assumption,Metal_1,0.0005289082113768
natural_tail,qwcrps_090,K-GTAIL,K-KDE,K-GTAIL minus K-KDE,complete_procedure_different_information,descriptive sensitivity; sign symmetry is an additional assumption,Metal_3,0.0016387299477658274
natural_tail,qwcrps_090,K-GTAIL,K-KDE,K-GTAIL minus K-KDE,complete_procedure_different_information,descriptive sensitivity; sign symmetry is an additional assumption,Paper,8.738267716894998e-05
natural_tail,qwcrps_090,K-GTAIL,K-KDE,K-GTAIL minus K-KDE,complete_procedure_different_information,descriptive sensitivity; sign symmetry is an additional assumption,Steel_2,8.375013731615004e-05
natural_tail,qwcrps_090,K-GTAIL,K-POINT,K-GTAIL minus K-POINT,complete_procedure_different_information,descriptive sensitivity; sign symmetry is an additional assumption,Cement_1,-0.01204066532442145
natural_tail,qwcrps_090,K-GTAIL,K-POINT,K-GTAIL minus K-POINT,complete_procedure_different_information,descriptive sensitivity; sign symmetry is an additional assumption,Cement_2,-0.00133918333879895
natural_tail,qwcrps_090,K-GTAIL,K-POINT,K-GTAIL minus K-POINT,complete_procedure_different_information,descriptive sensitivity; sign symmetry is an additional assumption,Forge_1,0.00035282937187874333
natural_tail,qwcrps_090,K-GTAIL,K-POINT,K-GTAIL minus K-POINT,complete_procedure_different_information,descriptive sensitivity; sign symmetry is an additional assumption,Forge_2,-0.0016213291144412635
natural_tail,qwcrps_090,K-GTAIL,K-POINT,K-GTAIL minus K-POINT,complete_procedure_different_information,descriptive sensitivity; sign symmetry is an additional assumption,Metal_1,0.0003394734978394756
natural_tail,qwcrps_090,K-GTAIL,K-POINT,K-GTAIL minus K-POINT,complete_procedure_different_information,descriptive sensitivity; sign symmetry is an additional assumption,Metal_3,0.0003980894887897759
natural_tail,qwcrps_090,K-GTAIL,K-POINT,K-GTAIL minus K-POINT,complete_procedure_different_information,descriptive sensitivity; sign symmetry is an additional assumption,Paper,-0.00015089865289739896
natural_tail,qwcrps_090,K-GTAIL,K-POINT,K-GTAIL minus K-POINT,complete_procedure_different_information,descriptive sensitivity; sign symmetry is an additional assumption,Steel_2,-0.00683567954322405
natural_tail,qwcrps_090,K-GTAIL,K-UGPD,K-GTAIL minus K-UGPD,detailed_history_same_information,descriptive sensitivity; sign symmetry is an additional assumption,Cement_1,-0.0041569155282168
natural_tail,qwcrps_090,K-GTAIL,K-UGPD,K-GTAIL minus K-UGPD,detailed_history_same_information,descriptive sensitivity; sign symmetry is an additional assumption,Cement_2,-6.759955419960006e-05
natural_tail,qwcrps_090,K-GTAIL,K-UGPD,K-GTAIL minus K-UGPD,detailed_history_same_information,descriptive sensitivity; sign symmetry is an additional assumption,Forge_1,-3.8427991609249305e-06
natural_tail,qwcrps_090,K-GTAIL,K-UGPD,K-GTAIL minus K-UGPD,detailed_history_same_information,descriptive sensitivity; sign symmetry is an additional assumption,Forge_2,1.7435565873250057e-05
natural_tail,qwcrps_090,K-GTAIL,K-UGPD,K-GTAIL minus K-UGPD,detailed_history_same_information,descriptive sensitivity; sign symmetry is an additional assumption,Metal_1,0.0005919877502769625
natural_tail,qwcrps_090,K-GTAIL,K-UGPD,K-GTAIL minus K-UGPD,detailed_history_same_information,descriptive sensitivity; sign symmetry is an additional assumption,Metal_3,0.0016140542399465923
natural_tail,qwcrps_090,K-GTAIL,K-UGPD,K-GTAIL minus K-UGPD,detailed_history_same_information,descriptive sensitivity; sign symmetry is an additional assumption,Paper,0.00018074690466706914
natural_tail,qwcrps_090,K-GTAIL,K-UGPD,K-GTAIL minus K-UGPD,detailed_history_same_information,descriptive sensitivity; sign symmetry is an additional assumption,Steel_2,-8.653767580597523e-05
natural_tail,qwcrps_090,K-KDE,K-POINT,K-KDE minus K-POINT,monthly_maxima_same_information,descriptive sensitivity; sign symmetry is an additional assumption,Cement_1,-0.0101538825009914
natural_tail,qwcrps_090,K-KDE,K-POINT,K-KDE minus K-POINT,monthly_maxima_same_information,descriptive sensitivity; sign symmetry is an additional assumption,Cement_2,-0.0004918094776461498
natural_tail,qwcrps_090,K-KDE,K-POINT,K-KDE minus K-POINT,monthly_maxima_same_information,descriptive sensitivity; sign symmetry is an additional assumption,Forge_1,0.0006037615954698683
natural_tail,qwcrps_090,K-KDE,K-POINT,K-KDE minus K-POINT,monthly_maxima_same_information,descriptive sensitivity; sign symmetry is an additional assumption,Forge_2,-0.0015753862942160886
natural_tail,qwcrps_090,K-KDE,K-POINT,K-KDE minus K-POINT,monthly_maxima_same_information,descriptive sensitivity; sign symmetry is an additional assumption,Metal_1,-0.00018943471353732443
natural_tail,qwcrps_090,K-KDE,K-POINT,K-KDE minus K-POINT,monthly_maxima_same_information,descriptive sensitivity; sign symmetry is an additional assumption,Metal_3,-0.0012406404589760515
natural_tail,qwcrps_090,K-KDE,K-POINT,K-KDE minus K-POINT,monthly_maxima_same_information,descriptive sensitivity; sign symmetry is an additional assumption,Paper,-0.00023828133006634894
natural_tail,qwcrps_090,K-KDE,K-POINT,K-KDE minus K-POINT,monthly_maxima_same_information,descriptive sensitivity; sign symmetry is an additional assumption,Steel_2,-0.0069194296805402
natural_tail,qwcrps_090,K-KDE,K-UGPD,K-KDE minus K-UGPD,complete_procedure_different_information,descriptive sensitivity; sign symmetry is an additional assumption,Cement_1,-0.00227013270478675
natural_tail,qwcrps_090,K-KDE,K-UGPD,K-KDE minus K-UGPD,complete_procedure_different_information,descriptive sensitivity; sign symmetry is an additional assumption,Cement_2,0.0007797743069532001
natural_tail,qwcrps_090,K-KDE,K-UGPD,K-KDE minus K-UGPD,complete_procedure_different_information,descriptive sensitivity; sign symmetry is an additional assumption,Forge_1,0.0002470894244302
natural_tail,qwcrps_090,K-KDE,K-UGPD,K-KDE minus K-UGPD,complete_procedure_different_information,descriptive sensitivity; sign symmetry is an additional assumption,Forge_2,6.337838609842493e-05
natural_tail,qwcrps_090,K-KDE,K-UGPD,K-KDE minus K-UGPD,complete_procedure_different_information,descriptive sensitivity; sign symmetry is an additional assumption,Metal_1,6.307953890016243e-05
natural_tail,qwcrps_090,K-KDE,K-UGPD,K-KDE minus K-UGPD,complete_procedure_different_information,descriptive sensitivity; sign symmetry is an additional assumption,Metal_3,-2.4675707819235234e-05
natural_tail,qwcrps_090,K-KDE,K-UGPD,K-KDE minus K-UGPD,complete_procedure_different_information,descriptive sensitivity; sign symmetry is an additional assumption,Paper,9.336422749811916e-05
natural_tail,qwcrps_090,K-KDE,K-UGPD,K-KDE minus K-UGPD,complete_procedure_different_information,descriptive sensitivity; sign symmetry is an additional assumption,Steel_2,-0.00017028781312212527
natural_tail,qwcrps_090,K-POINT,K-UGPD,K-POINT minus K-UGPD,complete_procedure_different_information,descriptive sensitivity; sign symmetry is an additional assumption,Cement_1,0.00788374979620465
natural_tail,qwcrps_090,K-POINT,K-UGPD,K-POINT minus K-UGPD,complete_procedure_different_information,descriptive sensitivity; sign symmetry is an additional assumption,Cement_2,0.0012715837845993499
natural_tail,qwcrps_090,K-POINT,K-UGPD,K-POINT minus K-UGPD,complete_procedure_different_information,descriptive sensitivity; sign symmetry is an additional assumption,Forge_1,-0.00035667217103966826
natural_tail,qwcrps_090,K-POINT,K-UGPD,K-POINT minus K-UGPD,complete_procedure_different_information,descriptive sensitivity; sign symmetry is an additional assumption,Forge_2,0.0016387646803145135
natural_tail,qwcrps_090,K-POINT,K-UGPD,K-POINT minus K-UGPD,complete_procedure_different_information,descriptive sensitivity; sign symmetry is an additional assumption,Metal_1,0.00025251425243748684
natural_tail,qwcrps_090,K-POINT,K-UGPD,K-POINT minus K-UGPD,complete_procedure_different_information,descriptive sensitivity; sign symmetry is an additional assumption,Metal_3,0.0012159647511568164
natural_tail,qwcrps_090,K-POINT,K-UGPD,K-POINT minus K-UGPD,complete_procedure_different_information,descriptive sensitivity; sign symmetry is an additional assumption,Paper,0.0003316455575644681
natural_tail,qwcrps_090,K-POINT,K-UGPD,K-POINT minus K-UGPD,complete_procedure_different_information,descriptive sensitivity; sign symmetry is an additional assumption,Steel_2,0.006749141867418075
natural_tail,q95_pinball,K-BLOCK,K-EMP,K-BLOCK minus K-EMP,complete_procedure_different_information,descriptive sensitivity; sign symmetry is an additional assumption,Cement_1,0.0
natural_tail,q95_pinball,K-BLOCK,K-EMP,K-BLOCK minus K-EMP,complete_procedure_different_information,descriptive sensitivity; sign symmetry is an additional assumption,Cement_2,0.0
natural_tail,q95_pinball,K-BLOCK,K-EMP,K-BLOCK minus K-EMP,complete_procedure_different_information,descriptive sensitivity; sign symmetry is an additional assumption,Forge_1,0.0
natural_tail,q95_pinball,K-BLOCK,K-EMP,K-BLOCK minus K-EMP,complete_procedure_different_information,descriptive sensitivity; sign symmetry is an additional assumption,Forge_2,0.0
natural_tail,q95_pinball,K-BLOCK,K-EMP,K-BLOCK minus K-EMP,complete_procedure_different_information,descriptive sensitivity; sign symmetry is an additional assumption,Metal_1,0.0
natural_tail,q95_pinball,K-BLOCK,K-EMP,K-BLOCK minus K-EMP,complete_procedure_different_information,descriptive sensitivity; sign symmetry is an additional assumption,Metal_3,0.0
natural_tail,q95_pinball,K-BLOCK,K-EMP,K-BLOCK minus K-EMP,complete_procedure_different_information,descriptive sensitivity; sign symmetry is an additional assumption,Paper,0.0
natural_tail,q95_pinball,K-BLOCK,K-EMP,K-BLOCK minus K-EMP,complete_procedure_different_information,descriptive sensitivity; sign symmetry is an additional assumption,Steel_2,0.0
natural_tail,q95_pinball,K-BLOCK,K-GEV,K-BLOCK minus K-GEV,complete_procedure_different_information,descriptive sensitivity; sign symmetry is an additional assumption,Cement_1,-0.002315314934617521
natural_tail,q95_pinball,K-BLOCK,K-GEV,K-BLOCK minus K-GEV,complete_procedure_different_information,descriptive sensitivity; sign symmetry is an additional assumption,Cement_2,-0.005469738259159451
natural_tail,q95_pinball,K-BLOCK,K-GEV,K-BLOCK minus K-GEV,complete_procedure_different_information,descriptive sensitivity; sign symmetry is an additional assumption,Forge_1,3.429194969632515e-05
natural_tail,q95_pinball,K-BLOCK,K-GEV,K-BLOCK minus K-GEV,complete_procedure_different_information,descriptive sensitivity; sign symmetry is an additional assumption,Forge_2,-8.112655389240497e-07
natural_tail,q95_pinball,K-BLOCK,K-GEV,K-BLOCK minus K-GEV,complete_procedure_different_information,descriptive sensitivity; sign symmetry is an additional assumption,Metal_1,-4.8813349355499806e-06
natural_tail,q95_pinball,K-BLOCK,K-GEV,K-BLOCK minus K-GEV,complete_procedure_different_information,descriptive sensitivity; sign symmetry is an additional assumption,Metal_3,0.00233334238445675
natural_tail,q95_pinball,K-BLOCK,K-GEV,K-BLOCK minus K-GEV,complete_procedure_different_information,descriptive sensitivity; sign symmetry is an additional assumption,Paper,-1.0794442442124989e-05
natural_tail,q95_pinball,K-BLOCK,K-GEV,K-BLOCK minus K-GEV,complete_procedure_different_information,descriptive sensitivity; sign symmetry is an additional assumption,Steel_2,4.234946043512461e-05
natural_tail,q95_pinball,K-BLOCK,K-GTAIL,K-BLOCK minus K-GTAIL,detailed_history_same_information,descriptive sensitivity; sign symmetry is an additional assumption,Cement_1,0.022832917014475852
natural_tail,q95_pinball,K-BLOCK,K-GTAIL,K-BLOCK minus K-GTAIL,detailed_history_same_information,descriptive sensitivity; sign symmetry is an additional assumption,Cement_2,0.0005669252358549252
natural_tail,q95_pinball,K-BLOCK,K-GTAIL,K-BLOCK minus K-GTAIL,detailed_history_same_information,descriptive sensitivity; sign symmetry is an additional assumption,Forge_1,0.00016573197874170022
natural_tail,q95_pinball,K-BLOCK,K-GTAIL,K-BLOCK minus K-GTAIL,detailed_history_same_information,descriptive sensitivity; sign symmetry is an additional assumption,Forge_2,0.0018421574830302504
natural_tail,q95_pinball,K-BLOCK,K-GTAIL,K-BLOCK minus K-GTAIL,detailed_history_same_information,descriptive sensitivity; sign symmetry is an additional assumption,Metal_1,-0.00318799912995805
natural_tail,q95_pinball,K-BLOCK,K-GTAIL,K-BLOCK minus K-GTAIL,detailed_history_same_information,descriptive sensitivity; sign symmetry is an additional assumption,Metal_3,-0.0069053579170006004
natural_tail,q95_pinball,K-BLOCK,K-GTAIL,K-BLOCK minus K-GTAIL,detailed_history_same_information,descriptive sensitivity; sign symmetry is an additional assumption,Paper,-0.0010339596648645001
natural_tail,q95_pinball,K-BLOCK,K-GTAIL,K-BLOCK minus K-GTAIL,detailed_history_same_information,descriptive sensitivity; sign symmetry is an additional assumption,Steel_2,0.006471402871947024
natural_tail,q95_pinball,K-BLOCK,K-KDE,K-BLOCK minus K-KDE,complete_procedure_different_information,descriptive sensitivity; sign symmetry is an additional assumption,Cement_1,0.011694827183192275
natural_tail,q95_pinball,K-BLOCK,K-KDE,K-BLOCK minus K-KDE,complete_procedure_different_information,descriptive sensitivity; sign symmetry is an additional assumption,Cement_2,-0.0035467792465397746
natural_tail,q95_pinball,K-BLOCK,K-KDE,K-BLOCK minus K-KDE,complete_procedure_different_information,descriptive sensitivity; sign symmetry is an additional assumption,Forge_1,-0.0011806513645240997
natural_tail,q95_pinball,K-BLOCK,K-KDE,K-BLOCK minus K-KDE,complete_procedure_different_information,descriptive sensitivity; sign symmetry is an additional assumption,Forge_2,0.0016577015620056253
natural_tail,q95_pinball,K-BLOCK,K-KDE,K-BLOCK minus K-KDE,complete_procedure_different_information,descriptive sensitivity; sign symmetry is an additional assumption,Metal_1,-0.00039481311180839993
natural_tail,q95_pinball,K-BLOCK,K-KDE,K-BLOCK minus K-KDE,complete_procedure_different_information,descriptive sensitivity; sign symmetry is an additional assumption,Metal_3,0.0016539649656084846
natural_tail,q95_pinball,K-BLOCK,K-KDE,K-BLOCK minus K-KDE,complete_procedure_different_information,descriptive sensitivity; sign symmetry is an additional assumption,Paper,-0.0005346487013542999
natural_tail,q95_pinball,K-BLOCK,K-KDE,K-BLOCK minus K-KDE,complete_procedure_different_information,descriptive sensitivity; sign symmetry is an additional assumption,Steel_2,0.007018751452868625
natural_tail,q95_pinball,K-BLOCK,K-POINT,K-BLOCK minus K-POINT,complete_procedure_different_information,descriptive sensitivity; sign symmetry is an additional assumption,Cement_1,-0.04164456890475095
natural_tail,q95_pinball,K-BLOCK,K-POINT,K-BLOCK minus K-POINT,complete_procedure_different_information,descriptive sensitivity; sign symmetry is an additional assumption,Cement_2,-0.005955858547895149
natural_tail,q95_pinball,K-BLOCK,K-POINT,K-BLOCK minus K-POINT,complete_procedure_different_information,descriptive sensitivity; sign symmetry is an additional assumption,Forge_1,0.002045240344698553
natural_tail,q95_pinball,K-BLOCK,K-POINT,K-BLOCK minus K-POINT,complete_procedure_different_information,descriptive sensitivity; sign symmetry is an additional assumption,Forge_2,-0.006628580891176501
natural_tail,q95_pinball,K-BLOCK,K-POINT,K-BLOCK minus K-POINT,complete_procedure_different_information,descriptive sensitivity; sign symmetry is an additional assumption,Metal_1,-0.0013767646523372371
natural_tail,q95_pinball,K-BLOCK,K-POINT,K-BLOCK minus K-POINT,complete_procedure_different_information,descriptive sensitivity; sign symmetry is an additional assumption,Metal_3,-0.0048327121007117
natural_tail,q95_pinball,K-BLOCK,K-POINT,K-BLOCK minus K-POINT,complete_procedure_different_information,descriptive sensitivity; sign symmetry is an additional assumption,Paper,-0.0017649298318005997
natural_tail,q95_pinball,K-BLOCK,K-POINT,K-BLOCK minus K-POINT,complete_procedure_different_information,descriptive sensitivity; sign symmetry is an additional assumption,Steel_2,-0.029309818532347494
natural_tail,q95_pinball,K-BLOCK,K-UGPD,K-BLOCK minus K-UGPD,detailed_history_same_information,descriptive sensitivity; sign symmetry is an additional assumption,Cement_1,-0.0005127068884504468
natural_tail,q95_pinball,K-BLOCK,K-UGPD,K-BLOCK minus K-UGPD,detailed_history_same_information,descriptive sensitivity; sign symmetry is an additional assumption,Cement_2,0.00017900175826740007
natural_tail,q95_pinball,K-BLOCK,K-UGPD,K-BLOCK minus K-UGPD,detailed_history_same_information,descriptive sensitivity; sign symmetry is an additional assumption,Forge_1,0.0001447018601373252
natural_tail,q95_pinball,K-BLOCK,K-UGPD,K-BLOCK minus K-UGPD,detailed_history_same_information,descriptive sensitivity; sign symmetry is an additional assumption,Forge_2,0.0019242738434997004
natural_tail,q95_pinball,K-BLOCK,K-UGPD,K-BLOCK minus K-UGPD,detailed_history_same_information,descriptive sensitivity; sign symmetry is an additional assumption,Metal_1,-7.463957576174995e-05
natural_tail,q95_pinball,K-BLOCK,K-UGPD,K-BLOCK minus K-UGPD,detailed_history_same_information,descriptive sensitivity; sign symmetry is an additional assumption,Metal_3,0.0015607179322429414
natural_tail,q95_pinball,K-BLOCK,K-UGPD,K-BLOCK minus K-UGPD,detailed_history_same_information,descriptive sensitivity; sign symmetry is an additional assumption,Paper,-6.0106025388924995e-05
natural_tail,q95_pinball,K-BLOCK,K-UGPD,K-BLOCK minus K-UGPD,detailed_history_same_information,descriptive sensitivity; sign symmetry is an additional assumption,Steel_2,0.006012807051643975
natural_tail,q95_pinball,K-EMP,K-GEV,K-EMP minus K-GEV,monthly_maxima_same_information,descriptive sensitivity; sign symmetry is an additional assumption,Cement_1,-0.002315314934617521
natural_tail,q95_pinball,K-EMP,K-GEV,K-EMP minus K-GEV,monthly_maxima_same_information,descriptive sensitivity; sign symmetry is an additional assumption,Cement_2,-0.005469738259159451
natural_tail,q95_pinball,K-EMP,K-GEV,K-EMP minus K-GEV,monthly_maxima_same_information,descriptive sensitivity; sign symmetry is an additional assumption,Forge_1,3.429194969632515e-05
natural_tail,q95_pinball,K-EMP,K-GEV,K-EMP minus K-GEV,monthly_maxima_same_information,descriptive sensitivity; sign symmetry is an additional assumption,Forge_2,-8.112655389240497e-07
natural_tail,q95_pinball,K-EMP,K-GEV,K-EMP minus K-GEV,monthly_maxima_same_information,descriptive sensitivity; sign symmetry is an additional assumption,Metal_1,-4.8813349355499806e-06
natural_tail,q95_pinball,K-EMP,K-GEV,K-EMP minus K-GEV,monthly_maxima_same_information,descriptive sensitivity; sign symmetry is an additional assumption,Metal_3,0.00233334238445675
natural_tail,q95_pinball,K-EMP,K-GEV,K-EMP minus K-GEV,monthly_maxima_same_information,descriptive sensitivity; sign symmetry is an additional assumption,Paper,-1.0794442442124989e-05
natural_tail,q95_pinball,K-EMP,K-GEV,K-EMP minus K-GEV,monthly_maxima_same_information,descriptive sensitivity; sign symmetry is an additional assumption,Steel_2,4.234946043512461e-05
natural_tail,q95_pinball,K-EMP,K-GTAIL,K-EMP minus K-GTAIL,complete_procedure_different_information,descriptive sensitivity; sign symmetry is an additional assumption,Cement_1,0.022832917014475852
natural_tail,q95_pinball,K-EMP,K-GTAIL,K-EMP minus K-GTAIL,complete_procedure_different_information,descriptive sensitivity; sign symmetry is an additional assumption,Cement_2,0.0005669252358549252
natural_tail,q95_pinball,K-EMP,K-GTAIL,K-EMP minus K-GTAIL,complete_procedure_different_information,descriptive sensitivity; sign symmetry is an additional assumption,Forge_1,0.00016573197874170022
natural_tail,q95_pinball,K-EMP,K-GTAIL,K-EMP minus K-GTAIL,complete_procedure_different_information,descriptive sensitivity; sign symmetry is an additional assumption,Forge_2,0.0018421574830302504
natural_tail,q95_pinball,K-EMP,K-GTAIL,K-EMP minus K-GTAIL,complete_procedure_different_information,descriptive sensitivity; sign symmetry is an additional assumption,Metal_1,-0.00318799912995805
natural_tail,q95_pinball,K-EMP,K-GTAIL,K-EMP minus K-GTAIL,complete_procedure_different_information,descriptive sensitivity; sign symmetry is an additional assumption,Metal_3,-0.0069053579170006004
natural_tail,q95_pinball,K-EMP,K-GTAIL,K-EMP minus K-GTAIL,complete_procedure_different_information,descriptive sensitivity; sign symmetry is an additional assumption,Paper,-0.0010339596648645001
natural_tail,q95_pinball,K-EMP,K-GTAIL,K-EMP minus K-GTAIL,complete_procedure_different_information,descriptive sensitivity; sign symmetry is an additional assumption,Steel_2,0.006471402871947024
natural_tail,q95_pinball,K-EMP,K-KDE,K-EMP minus K-KDE,monthly_maxima_same_information,descriptive sensitivity; sign symmetry is an additional assumption,Cement_1,0.011694827183192275
natural_tail,q95_pinball,K-EMP,K-KDE,K-EMP minus K-KDE,monthly_maxima_same_information,descriptive sensitivity; sign symmetry is an additional assumption,Cement_2,-0.0035467792465397746
natural_tail,q95_pinball,K-EMP,K-KDE,K-EMP minus K-KDE,monthly_maxima_same_information,descriptive sensitivity; sign symmetry is an additional assumption,Forge_1,-0.0011806513645240997
natural_tail,q95_pinball,K-EMP,K-KDE,K-EMP minus K-KDE,monthly_maxima_same_information,descriptive sensitivity; sign symmetry is an additional assumption,Forge_2,0.0016577015620056253
natural_tail,q95_pinball,K-EMP,K-KDE,K-EMP minus K-KDE,monthly_maxima_same_information,descriptive sensitivity; sign symmetry is an additional assumption,Metal_1,-0.00039481311180839993
natural_tail,q95_pinball,K-EMP,K-KDE,K-EMP minus K-KDE,monthly_maxima_same_information,descriptive sensitivity; sign symmetry is an additional assumption,Metal_3,0.0016539649656084846
natural_tail,q95_pinball,K-EMP,K-KDE,K-EMP minus K-KDE,monthly_maxima_same_information,descriptive sensitivity; sign symmetry is an additional assumption,Paper,-0.0005346487013542999
natural_tail,q95_pinball,K-EMP,K-KDE,K-EMP minus K-KDE,monthly_maxima_same_information,descriptive sensitivity; sign symmetry is an additional assumption,Steel_2,0.007018751452868625
natural_tail,q95_pinball,K-EMP,K-POINT,K-EMP minus K-POINT,monthly_maxima_same_information,descriptive sensitivity; sign symmetry is an additional assumption,Cement_1,-0.04164456890475095
natural_tail,q95_pinball,K-EMP,K-POINT,K-EMP minus K-POINT,monthly_maxima_same_information,descriptive sensitivity; sign symmetry is an additional assumption,Cement_2,-0.005955858547895149
natural_tail,q95_pinball,K-EMP,K-POINT,K-EMP minus K-POINT,monthly_maxima_same_information,descriptive sensitivity; sign symmetry is an additional assumption,Forge_1,0.002045240344698553
natural_tail,q95_pinball,K-EMP,K-POINT,K-EMP minus K-POINT,monthly_maxima_same_information,descriptive sensitivity; sign symmetry is an additional assumption,Forge_2,-0.006628580891176501
natural_tail,q95_pinball,K-EMP,K-POINT,K-EMP minus K-POINT,monthly_maxima_same_information,descriptive sensitivity; sign symmetry is an additional assumption,Metal_1,-0.0013767646523372371
natural_tail,q95_pinball,K-EMP,K-POINT,K-EMP minus K-POINT,monthly_maxima_same_information,descriptive sensitivity; sign symmetry is an additional assumption,Metal_3,-0.0048327121007117
natural_tail,q95_pinball,K-EMP,K-POINT,K-EMP minus K-POINT,monthly_maxima_same_information,descriptive sensitivity; sign symmetry is an additional assumption,Paper,-0.0017649298318005997
natural_tail,q95_pinball,K-EMP,K-POINT,K-EMP minus K-POINT,monthly_maxima_same_information,descriptive sensitivity; sign symmetry is an additional assumption,Steel_2,-0.029309818532347494
natural_tail,q95_pinball,K-EMP,K-UGPD,K-EMP minus K-UGPD,complete_procedure_different_information,descriptive sensitivity; sign symmetry is an additional assumption,Cement_1,-0.0005127068884504468
natural_tail,q95_pinball,K-EMP,K-UGPD,K-EMP minus K-UGPD,complete_procedure_different_information,descriptive sensitivity; sign symmetry is an additional assumption,Cement_2,0.00017900175826740007
natural_tail,q95_pinball,K-EMP,K-UGPD,K-EMP minus K-UGPD,complete_procedure_different_information,descriptive sensitivity; sign symmetry is an additional assumption,Forge_1,0.0001447018601373252
natural_tail,q95_pinball,K-EMP,K-UGPD,K-EMP minus K-UGPD,complete_procedure_different_information,descriptive sensitivity; sign symmetry is an additional assumption,Forge_2,0.0019242738434997004
natural_tail,q95_pinball,K-EMP,K-UGPD,K-EMP minus K-UGPD,complete_procedure_different_information,descriptive sensitivity; sign symmetry is an additional assumption,Metal_1,-7.463957576174995e-05
natural_tail,q95_pinball,K-EMP,K-UGPD,K-EMP minus K-UGPD,complete_procedure_different_information,descriptive sensitivity; sign symmetry is an additional assumption,Metal_3,0.0015607179322429414
natural_tail,q95_pinball,K-EMP,K-UGPD,K-EMP minus K-UGPD,complete_procedure_different_information,descriptive sensitivity; sign symmetry is an additional assumption,Paper,-6.0106025388924995e-05
natural_tail,q95_pinball,K-EMP,K-UGPD,K-EMP minus K-UGPD,complete_procedure_different_information,descriptive sensitivity; sign symmetry is an additional assumption,Steel_2,0.006012807051643975
natural_tail,q95_pinball,K-GEV,K-GTAIL,K-GEV minus K-GTAIL,complete_procedure_different_information,descriptive sensitivity; sign symmetry is an additional assumption,Cement_1,0.025148231949093373
natural_tail,q95_pinball,K-GEV,K-GTAIL,K-GEV minus K-GTAIL,complete_procedure_different_information,descriptive sensitivity; sign symmetry is an additional assumption,Cement_2,0.006036663495014376
natural_tail,q95_pinball,K-GEV,K-GTAIL,K-GEV minus K-GTAIL,complete_procedure_different_information,descriptive sensitivity; sign symmetry is an additional assumption,Forge_1,0.00013144002904537508
natural_tail,q95_pinball,K-GEV,K-GTAIL,K-GEV minus K-GTAIL,complete_procedure_different_information,descriptive sensitivity; sign symmetry is an additional assumption,Forge_2,0.0018429687485691745
natural_tail,q95_pinball,K-GEV,K-GTAIL,K-GEV minus K-GTAIL,complete_procedure_different_information,descriptive sensitivity; sign symmetry is an additional assumption,Metal_1,-0.0031831177950225
natural_tail,q95_pinball,K-GEV,K-GTAIL,K-GEV minus K-GTAIL,complete_procedure_different_information,descriptive sensitivity; sign symmetry is an additional assumption,Metal_3,-0.009238700301457351
natural_tail,q95_pinball,K-GEV,K-GTAIL,K-GEV minus K-GTAIL,complete_procedure_different_information,descriptive sensitivity; sign symmetry is an additional assumption,Paper,-0.0010231652224223751
natural_tail,q95_pinball,K-GEV,K-GTAIL,K-GEV minus K-GTAIL,complete_procedure_different_information,descriptive sensitivity; sign symmetry is an additional assumption,Steel_2,0.0064290534115119
natural_tail,q95_pinball,K-GEV,K-KDE,K-GEV minus K-KDE,monthly_maxima_same_information,descriptive sensitivity; sign symmetry is an additional assumption,Cement_1,0.014010142117809796
natural_tail,q95_pinball,K-GEV,K-KDE,K-GEV minus K-KDE,monthly_maxima_same_information,descriptive sensitivity; sign symmetry is an additional assumption,Cement_2,0.0019229590126196763
natural_tail,q95_pinball,K-GEV,K-KDE,K-GEV minus K-KDE,monthly_maxima_same_information,descriptive sensitivity; sign symmetry is an additional assumption,Forge_1,-0.0012149433142204249
natural_tail,q95_pinball,K-GEV,K-KDE,K-GEV minus K-KDE,monthly_maxima_same_information,descriptive sensitivity; sign symmetry is an additional assumption,Forge_2,0.0016585128275445494
natural_tail,q95_pinball,K-GEV,K-KDE,K-GEV minus K-KDE,monthly_maxima_same_information,descriptive sensitivity; sign symmetry is an additional assumption,Metal_1,-0.00038993177687284995
natural_tail,q95_pinball,K-GEV,K-KDE,K-GEV minus K-KDE,monthly_maxima_same_information,descriptive sensitivity; sign symmetry is an additional assumption,Metal_3,-0.0006793774188482654
natural_tail,q95_pinball,K-GEV,K-KDE,K-GEV minus K-KDE,monthly_maxima_same_information,descriptive sensitivity; sign symmetry is an additional assumption,Paper,-0.0005238542589121749
natural_tail,q95_pinball,K-GEV,K-KDE,K-GEV minus K-KDE,monthly_maxima_same_information,descriptive sensitivity; sign symmetry is an additional assumption,Steel_2,0.0069764019924335
natural_tail,q95_pinball,K-GEV,K-POINT,K-GEV minus K-POINT,monthly_maxima_same_information,descriptive sensitivity; sign symmetry is an additional assumption,Cement_1,-0.039329253970133426
natural_tail,q95_pinball,K-GEV,K-POINT,K-GEV minus K-POINT,monthly_maxima_same_information,descriptive sensitivity; sign symmetry is an additional assumption,Cement_2,-0.00048612028873569815
natural_tail,q95_pinball,K-GEV,K-POINT,K-GEV minus K-POINT,monthly_maxima_same_information,descriptive sensitivity; sign symmetry is an additional assumption,Forge_1,0.0020109483950022282
natural_tail,q95_pinball,K-GEV,K-POINT,K-GEV minus K-POINT,monthly_maxima_same_information,descriptive sensitivity; sign symmetry is an additional assumption,Forge_2,-0.006627769625637577
natural_tail,q95_pinball,K-GEV,K-POINT,K-GEV minus K-POINT,monthly_maxima_same_information,descriptive sensitivity; sign symmetry is an additional assumption,Metal_1,-0.0013718833174016871
natural_tail,q95_pinball,K-GEV,K-POINT,K-GEV minus K-POINT,monthly_maxima_same_information,descriptive sensitivity; sign symmetry is an additional assumption,Metal_3,-0.0071660544851684495
natural_tail,q95_pinball,K-GEV,K-POINT,K-GEV minus K-POINT,monthly_maxima_same_information,descriptive sensitivity; sign symmetry is an additional assumption,Paper,-0.0017541353893584747
natural_tail,q95_pinball,K-GEV,K-POINT,K-GEV minus K-POINT,monthly_maxima_same_information,descriptive sensitivity; sign symmetry is an additional assumption,Steel_2,-0.02935216799278262
natural_tail,q95_pinball,K-GEV,K-UGPD,K-GEV minus K-UGPD,complete_procedure_different_information,descriptive sensitivity; sign symmetry is an additional assumption,Cement_1,0.0018026080461670743
natural_tail,q95_pinball,K-GEV,K-UGPD,K-GEV minus K-UGPD,complete_procedure_different_information,descriptive sensitivity; sign symmetry is an additional assumption,Cement_2,0.005648740017426851
natural_tail,q95_pinball,K-GEV,K-UGPD,K-GEV minus K-UGPD,complete_procedure_different_information,descriptive sensitivity; sign symmetry is an additional assumption,Forge_1,0.00011040991044100005
natural_tail,q95_pinball,K-GEV,K-UGPD,K-GEV minus K-UGPD,complete_procedure_different_information,descriptive sensitivity; sign symmetry is an additional assumption,Forge_2,0.0019250851090386245
natural_tail,q95_pinball,K-GEV,K-UGPD,K-GEV minus K-UGPD,complete_procedure_different_information,descriptive sensitivity; sign symmetry is an additional assumption,Metal_1,-6.975824082619997e-05
natural_tail,q95_pinball,K-GEV,K-UGPD,K-GEV minus K-UGPD,complete_procedure_different_information,descriptive sensitivity; sign symmetry is an additional assumption,Metal_3,-0.0007726244522138087
natural_tail,q95_pinball,K-GEV,K-UGPD,K-GEV minus K-UGPD,complete_procedure_different_information,descriptive sensitivity; sign symmetry is an additional assumption,Paper,-4.9311582946800006e-05
natural_tail,q95_pinball,K-GEV,K-UGPD,K-GEV minus K-UGPD,complete_procedure_different_information,descriptive sensitivity; sign symmetry is an additional assumption,Steel_2,0.00597045759120885
natural_tail,q95_pinball,K-GTAIL,K-KDE,K-GTAIL minus K-KDE,complete_procedure_different_information,descriptive sensitivity; sign symmetry is an additional assumption,Cement_1,-0.011138089831283577
natural_tail,q95_pinball,K-GTAIL,K-KDE,K-GTAIL minus K-KDE,complete_procedure_different_information,descriptive sensitivity; sign symmetry is an additional assumption,Cement_2,-0.0041137044823947
natural_tail,q95_pinball,K-GTAIL,K-KDE,K-GTAIL minus K-KDE,complete_procedure_different_information,descriptive sensitivity; sign symmetry is an additional assumption,Forge_1,-0.0013463833432658
natural_tail,q95_pinball,K-GTAIL,K-KDE,K-GTAIL minus K-KDE,complete_procedure_different_information,descriptive sensitivity; sign symmetry is an additional assumption,Forge_2,-0.0001844559210246251
natural_tail,q95_pinball,K-GTAIL,K-KDE,K-GTAIL minus K-KDE,complete_procedure_different_information,descriptive sensitivity; sign symmetry is an additional assumption,Metal_1,0.0027931860181496498
natural_tail,q95_pinball,K-GTAIL,K-KDE,K-GTAIL minus K-KDE,complete_procedure_different_information,descriptive sensitivity; sign symmetry is an additional assumption,Metal_3,0.008559322882609084
natural_tail,q95_pinball,K-GTAIL,K-KDE,K-GTAIL minus K-KDE,complete_procedure_different_information,descriptive sensitivity; sign symmetry is an additional assumption,Paper,0.0004993109635102002
natural_tail,q95_pinball,K-GTAIL,K-KDE,K-GTAIL minus K-KDE,complete_procedure_different_information,descriptive sensitivity; sign symmetry is an additional assumption,Steel_2,0.0005473485809216003
natural_tail,q95_pinball,K-GTAIL,K-POINT,K-GTAIL minus K-POINT,complete_procedure_different_information,descriptive sensitivity; sign symmetry is an additional assumption,Cement_1,-0.0644774859192268
natural_tail,q95_pinball,K-GTAIL,K-POINT,K-GTAIL minus K-POINT,complete_procedure_different_information,descriptive sensitivity; sign symmetry is an additional assumption,Cement_2,-0.006522783783750074
natural_tail,q95_pinball,K-GTAIL,K-POINT,K-GTAIL minus K-POINT,complete_procedure_different_information,descriptive sensitivity; sign symmetry is an additional assumption,Forge_1,0.001879508365956853
natural_tail,q95_pinball,K-GTAIL,K-POINT,K-GTAIL minus K-POINT,complete_procedure_different_information,descriptive sensitivity; sign symmetry is an additional assumption,Forge_2,-0.008470738374206751
natural_tail,q95_pinball,K-GTAIL,K-POINT,K-GTAIL minus K-POINT,complete_procedure_different_information,descriptive sensitivity; sign symmetry is an additional assumption,Metal_1,0.0018112344776208128
natural_tail,q95_pinball,K-GTAIL,K-POINT,K-GTAIL minus K-POINT,complete_procedure_different_information,descriptive sensitivity; sign symmetry is an additional assumption,Metal_3,0.0020726458162889008
natural_tail,q95_pinball,K-GTAIL,K-POINT,K-GTAIL minus K-POINT,complete_procedure_different_information,descriptive sensitivity; sign symmetry is an additional assumption,Paper,-0.0007309701669360995
natural_tail,q95_pinball,K-GTAIL,K-POINT,K-GTAIL minus K-POINT,complete_procedure_different_information,descriptive sensitivity; sign symmetry is an additional assumption,Steel_2,-0.035781221404294516
natural_tail,q95_pinball,K-GTAIL,K-UGPD,K-GTAIL minus K-UGPD,detailed_history_same_information,descriptive sensitivity; sign symmetry is an additional assumption,Cement_1,-0.0233456239029263
natural_tail,q95_pinball,K-GTAIL,K-UGPD,K-GTAIL minus K-UGPD,detailed_history_same_information,descriptive sensitivity; sign symmetry is an additional assumption,Cement_2,-0.00038792347758752517
natural_tail,q95_pinball,K-GTAIL,K-UGPD,K-GTAIL minus K-UGPD,detailed_history_same_information,descriptive sensitivity; sign symmetry is an additional assumption,Forge_1,-2.1030118604375026e-05
natural_tail,q95_pinball,K-GTAIL,K-UGPD,K-GTAIL minus K-UGPD,detailed_history_same_information,descriptive sensitivity; sign symmetry is an additional assumption,Forge_2,8.211636046945e-05
natural_tail,q95_pinball,K-GTAIL,K-UGPD,K-GTAIL minus K-UGPD,detailed_history_same_information,descriptive sensitivity; sign symmetry is an additional assumption,Metal_1,0.0031133595541963
natural_tail,q95_pinball,K-GTAIL,K-UGPD,K-GTAIL minus K-UGPD,detailed_history_same_information,descriptive sensitivity; sign symmetry is an additional assumption,Metal_3,0.008466075849243542
natural_tail,q95_pinball,K-GTAIL,K-UGPD,K-GTAIL minus K-UGPD,detailed_history_same_information,descriptive sensitivity; sign symmetry is an additional assumption,Paper,0.0009738536394755751
natural_tail,q95_pinball,K-GTAIL,K-UGPD,K-GTAIL minus K-UGPD,detailed_history_same_information,descriptive sensitivity; sign symmetry is an additional assumption,Steel_2,-0.00045859582030304945
natural_tail,q95_pinball,K-KDE,K-POINT,K-KDE minus K-POINT,monthly_maxima_same_information,descriptive sensitivity; sign symmetry is an additional assumption,Cement_1,-0.05333939608794322
natural_tail,q95_pinball,K-KDE,K-POINT,K-KDE minus K-POINT,monthly_maxima_same_information,descriptive sensitivity; sign symmetry is an additional assumption,Cement_2,-0.0024090793013553744
natural_tail,q95_pinball,K-KDE,K-POINT,K-KDE minus K-POINT,monthly_maxima_same_information,descriptive sensitivity; sign symmetry is an additional assumption,Forge_1,0.0032258917092226527
natural_tail,q95_pinball,K-KDE,K-POINT,K-KDE minus K-POINT,monthly_maxima_same_information,descriptive sensitivity; sign symmetry is an additional assumption,Forge_2,-0.008286282453182126
natural_tail,q95_pinball,K-KDE,K-POINT,K-KDE minus K-POINT,monthly_maxima_same_information,descriptive sensitivity; sign symmetry is an additional assumption,Metal_1,-0.0009819515405288372
natural_tail,q95_pinball,K-KDE,K-POINT,K-KDE minus K-POINT,monthly_maxima_same_information,descriptive sensitivity; sign symmetry is an additional assumption,Metal_3,-0.006486677066320184
natural_tail,q95_pinball,K-KDE,K-POINT,K-KDE minus K-POINT,monthly_maxima_same_information,descriptive sensitivity; sign symmetry is an additional assumption,Paper,-0.0012302811304462998
natural_tail,q95_pinball,K-KDE,K-POINT,K-KDE minus K-POINT,monthly_maxima_same_information,descriptive sensitivity; sign symmetry is an additional assumption,Steel_2,-0.036328569985216115
natural_tail,q95_pinball,K-KDE,K-UGPD,K-KDE minus K-UGPD,complete_procedure_different_information,descriptive sensitivity; sign symmetry is an additional assumption,Cement_1,-0.012207534071642722
natural_tail,q95_pinball,K-KDE,K-UGPD,K-KDE minus K-UGPD,complete_procedure_different_information,descriptive sensitivity; sign symmetry is an additional assumption,Cement_2,0.0037257810048071747
natural_tail,q95_pinball,K-KDE,K-UGPD,K-KDE minus K-UGPD,complete_procedure_different_information,descriptive sensitivity; sign symmetry is an additional assumption,Forge_1,0.001325353224661425
natural_tail,q95_pinball,K-KDE,K-UGPD,K-KDE minus K-UGPD,complete_procedure_different_information,descriptive sensitivity; sign symmetry is an additional assumption,Forge_2,0.0002665722814940751
natural_tail,q95_pinball,K-KDE,K-UGPD,K-KDE minus K-UGPD,complete_procedure_different_information,descriptive sensitivity; sign symmetry is an additional assumption,Metal_1,0.00032017353604665
natural_tail,q95_pinball,K-KDE,K-UGPD,K-KDE minus K-UGPD,complete_procedure_different_information,descriptive sensitivity; sign symmetry is an additional assumption,Metal_3,-9.324703336554326e-05
natural_tail,q95_pinball,K-KDE,K-UGPD,K-KDE minus K-UGPD,complete_procedure_different_information,descriptive sensitivity; sign symmetry is an additional assumption,Paper,0.0004745426759653749
natural_tail,q95_pinball,K-KDE,K-UGPD,K-KDE minus K-UGPD,complete_procedure_different_information,descriptive sensitivity; sign symmetry is an additional assumption,Steel_2,-0.0010059444012246498
natural_tail,q95_pinball,K-POINT,K-UGPD,K-POINT minus K-UGPD,complete_procedure_different_information,descriptive sensitivity; sign symmetry is an additional assumption,Cement_1,0.0411318620163005
natural_tail,q95_pinball,K-POINT,K-UGPD,K-POINT minus K-UGPD,complete_procedure_different_information,descriptive sensitivity; sign symmetry is an additional assumption,Cement_2,0.006134860306162549
natural_tail,q95_pinball,K-POINT,K-UGPD,K-POINT minus K-UGPD,complete_procedure_different_information,descriptive sensitivity; sign symmetry is an additional assumption,Forge_1,-0.001900538484561228
natural_tail,q95_pinball,K-POINT,K-UGPD,K-POINT minus K-UGPD,complete_procedure_different_information,descriptive sensitivity; sign symmetry is an additional assumption,Forge_2,0.0085528547346762
natural_tail,q95_pinball,K-POINT,K-UGPD,K-POINT minus K-UGPD,complete_procedure_different_information,descriptive sensitivity; sign symmetry is an additional assumption,Metal_1,0.0013021250765754872
natural_tail,q95_pinball,K-POINT,K-UGPD,K-POINT minus K-UGPD,complete_procedure_different_information,descriptive sensitivity; sign symmetry is an additional assumption,Metal_3,0.006393430032954641
natural_tail,q95_pinball,K-POINT,K-UGPD,K-POINT minus K-UGPD,complete_procedure_different_information,descriptive sensitivity; sign symmetry is an additional assumption,Paper,0.0017048238064116747
natural_tail,q95_pinball,K-POINT,K-UGPD,K-POINT minus K-UGPD,complete_procedure_different_information,descriptive sensitivity; sign symmetry is an additional assumption,Steel_2,0.03532262558399147
natural_tail,q99_pinball,K-BLOCK,K-EMP,K-BLOCK minus K-EMP,complete_procedure_different_information,descriptive sensitivity; sign symmetry is an additional assumption,Cement_1,0.0
natural_tail,q99_pinball,K-BLOCK,K-EMP,K-BLOCK minus K-EMP,complete_procedure_different_information,descriptive sensitivity; sign symmetry is an additional assumption,Cement_2,0.0
natural_tail,q99_pinball,K-BLOCK,K-EMP,K-BLOCK minus K-EMP,complete_procedure_different_information,descriptive sensitivity; sign symmetry is an additional assumption,Forge_1,0.0
natural_tail,q99_pinball,K-BLOCK,K-EMP,K-BLOCK minus K-EMP,complete_procedure_different_information,descriptive sensitivity; sign symmetry is an additional assumption,Forge_2,0.0
natural_tail,q99_pinball,K-BLOCK,K-EMP,K-BLOCK minus K-EMP,complete_procedure_different_information,descriptive sensitivity; sign symmetry is an additional assumption,Metal_1,0.0
natural_tail,q99_pinball,K-BLOCK,K-EMP,K-BLOCK minus K-EMP,complete_procedure_different_information,descriptive sensitivity; sign symmetry is an additional assumption,Metal_3,0.0
natural_tail,q99_pinball,K-BLOCK,K-EMP,K-BLOCK minus K-EMP,complete_procedure_different_information,descriptive sensitivity; sign symmetry is an additional assumption,Paper,0.0
natural_tail,q99_pinball,K-BLOCK,K-EMP,K-BLOCK minus K-EMP,complete_procedure_different_information,descriptive sensitivity; sign symmetry is an additional assumption,Steel_2,0.0
natural_tail,q99_pinball,K-BLOCK,K-GEV,K-BLOCK minus K-GEV,complete_procedure_different_information,descriptive sensitivity; sign symmetry is an additional assumption,Cement_1,-0.0027865538444261234
natural_tail,q99_pinball,K-BLOCK,K-GEV,K-BLOCK minus K-GEV,complete_procedure_different_information,descriptive sensitivity; sign symmetry is an additional assumption,Cement_2,-0.00593899877537485
natural_tail,q99_pinball,K-BLOCK,K-GEV,K-BLOCK minus K-GEV,complete_procedure_different_information,descriptive sensitivity; sign symmetry is an additional assumption,Forge_1,-3.5122854189499793e-06
natural_tail,q99_pinball,K-BLOCK,K-GEV,K-BLOCK minus K-GEV,complete_procedure_different_information,descriptive sensitivity; sign symmetry is an additional assumption,Forge_2,0.0032134344052568995
natural_tail,q99_pinball,K-BLOCK,K-GEV,K-BLOCK minus K-GEV,complete_procedure_different_information,descriptive sensitivity; sign symmetry is an additional assumption,Metal_1,-1.260517305395e-05
natural_tail,q99_pinball,K-BLOCK,K-GEV,K-BLOCK minus K-GEV,complete_procedure_different_information,descriptive sensitivity; sign symmetry is an additional assumption,Metal_3,0.00227110986064455
natural_tail,q99_pinball,K-BLOCK,K-GEV,K-BLOCK minus K-GEV,complete_procedure_different_information,descriptive sensitivity; sign symmetry is an additional assumption,Paper,-2.4426745353474985e-05
natural_tail,q99_pinball,K-BLOCK,K-GEV,K-BLOCK minus K-GEV,complete_procedure_different_information,descriptive sensitivity; sign symmetry is an additional assumption,Steel_2,1.4258877031013417e-06
natural_tail,q99_pinball,K-BLOCK,K-GTAIL,K-BLOCK minus K-GTAIL,detailed_history_same_information,descriptive sensitivity; sign symmetry is an additional assumption,Cement_1,0.0239764895476508
natural_tail,q99_pinball,K-BLOCK,K-GTAIL,K-BLOCK minus K-GTAIL,detailed_history_same_information,descriptive sensitivity; sign symmetry is an additional assumption,Cement_2,-0.0015222681349696251
natural_tail,q99_pinball,K-BLOCK,K-GTAIL,K-BLOCK minus K-GTAIL,detailed_history_same_information,descriptive sensitivity; sign symmetry is an additional assumption,Forge_1,-8.153159683695012e-05
natural_tail,q99_pinball,K-BLOCK,K-GTAIL,K-BLOCK minus K-GTAIL,detailed_history_same_information,descriptive sensitivity; sign symmetry is an additional assumption,Forge_2,0.003948067069727546
natural_tail,q99_pinball,K-BLOCK,K-GTAIL,K-BLOCK minus K-GTAIL,detailed_history_same_information,descriptive sensitivity; sign symmetry is an additional assumption,Metal_1,-0.0009581293026365422
natural_tail,q99_pinball,K-BLOCK,K-GTAIL,K-BLOCK minus K-GTAIL,detailed_history_same_information,descriptive sensitivity; sign symmetry is an additional assumption,Metal_3,-0.0012407978788462493
natural_tail,q99_pinball,K-BLOCK,K-GTAIL,K-BLOCK minus K-GTAIL,detailed_history_same_information,descriptive sensitivity; sign symmetry is an additional assumption,Paper,-0.0004463975477556015
natural_tail,q99_pinball,K-BLOCK,K-GTAIL,K-BLOCK minus K-GTAIL,detailed_history_same_information,descriptive sensitivity; sign symmetry is an additional assumption,Steel_2,0.008891254647659151
natural_tail,q99_pinball,K-BLOCK,K-KDE,K-BLOCK minus K-KDE,complete_procedure_different_information,descriptive sensitivity; sign symmetry is an additional assumption,Cement_1,0.018168523183020577
natural_tail,q99_pinball,K-BLOCK,K-KDE,K-BLOCK minus K-KDE,complete_procedure_different_information,descriptive sensitivity; sign symmetry is an additional assumption,Cement_2,-0.001439351996259925
natural_tail,q99_pinball,K-BLOCK,K-KDE,K-BLOCK minus K-KDE,complete_procedure_different_information,descriptive sensitivity; sign symmetry is an additional assumption,Forge_1,-0.0004658339570548499
natural_tail,q99_pinball,K-BLOCK,K-KDE,K-BLOCK minus K-KDE,complete_procedure_different_information,descriptive sensitivity; sign symmetry is an additional assumption,Forge_2,0.003794914445158961
natural_tail,q99_pinball,K-BLOCK,K-KDE,K-BLOCK minus K-KDE,complete_procedure_different_information,descriptive sensitivity; sign symmetry is an additional assumption,Metal_1,-0.0001480578825458171
natural_tail,q99_pinball,K-BLOCK,K-KDE,K-BLOCK minus K-KDE,complete_procedure_different_information,descriptive sensitivity; sign symmetry is an additional assumption,Metal_3,0.003045631303351771
natural_tail,q99_pinball,K-BLOCK,K-KDE,K-BLOCK minus K-KDE,complete_procedure_different_information,descriptive sensitivity; sign symmetry is an additional assumption,Paper,-0.0002095918322438015
natural_tail,q99_pinball,K-BLOCK,K-KDE,K-BLOCK minus K-KDE,complete_procedure_different_information,descriptive sensitivity; sign symmetry is an additional assumption,Steel_2,0.009422117185141902
natural_tail,q99_pinball,K-BLOCK,K-POINT,K-BLOCK minus K-POINT,complete_procedure_different_information,descriptive sensitivity; sign symmetry is an additional assumption,Cement_1,-0.04407350994278942
natural_tail,q99_pinball,K-BLOCK,K-POINT,K-BLOCK minus K-POINT,complete_procedure_different_information,descriptive sensitivity; sign symmetry is an additional assumption,Cement_2,-0.011483498140760525
natural_tail,q99_pinball,K-BLOCK,K-POINT,K-BLOCK minus K-POINT,complete_procedure_different_information,descriptive sensitivity; sign symmetry is an additional assumption,Forge_1,0.0004090480689396956
natural_tail,q99_pinball,K-BLOCK,K-POINT,K-BLOCK minus K-POINT,complete_procedure_different_information,descriptive sensitivity; sign symmetry is an additional assumption,Forge_2,-0.007670010182103807
natural_tail,q99_pinball,K-BLOCK,K-POINT,K-BLOCK minus K-POINT,complete_procedure_different_information,descriptive sensitivity; sign symmetry is an additional assumption,Metal_1,-0.0018733861203875971
natural_tail,q99_pinball,K-BLOCK,K-POINT,K-BLOCK minus K-POINT,complete_procedure_different_information,descriptive sensitivity; sign symmetry is an additional assumption,Metal_3,-0.005221641972254335
natural_tail,q99_pinball,K-BLOCK,K-POINT,K-BLOCK minus K-POINT,complete_procedure_different_information,descriptive sensitivity; sign symmetry is an additional assumption,Paper,-0.0025217742737622577
natural_tail,q99_pinball,K-BLOCK,K-POINT,K-BLOCK minus K-POINT,complete_procedure_different_information,descriptive sensitivity; sign symmetry is an additional assumption,Steel_2,-0.032071777549347
natural_tail,q99_pinball,K-BLOCK,K-UGPD,K-BLOCK minus K-UGPD,detailed_history_same_information,descriptive sensitivity; sign symmetry is an additional assumption,Cement_1,0.011500119537744227
natural_tail,q99_pinball,K-BLOCK,K-UGPD,K-BLOCK minus K-UGPD,detailed_history_same_information,descriptive sensitivity; sign symmetry is an additional assumption,Cement_2,-0.0017191088931469002
natural_tail,q99_pinball,K-BLOCK,K-UGPD,K-BLOCK minus K-UGPD,detailed_history_same_information,descriptive sensitivity; sign symmetry is an additional assumption,Forge_1,-9.011058370117508e-05
natural_tail,q99_pinball,K-BLOCK,K-UGPD,K-BLOCK minus K-UGPD,detailed_history_same_information,descriptive sensitivity; sign symmetry is an additional assumption,Forge_2,0.003935552631774035
natural_tail,q99_pinball,K-BLOCK,K-UGPD,K-BLOCK minus K-UGPD,detailed_history_same_information,descriptive sensitivity; sign symmetry is an additional assumption,Metal_1,-8.058502412291709e-05
natural_tail,q99_pinball,K-BLOCK,K-UGPD,K-BLOCK minus K-UGPD,detailed_history_same_information,descriptive sensitivity; sign symmetry is an additional assumption,Metal_3,0.0024667178443392155
natural_tail,q99_pinball,K-BLOCK,K-UGPD,K-BLOCK minus K-UGPD,detailed_history_same_information,descriptive sensitivity; sign symmetry is an additional assumption,Paper,-0.00012759097814797653
natural_tail,q99_pinball,K-BLOCK,K-UGPD,K-BLOCK minus K-UGPD,detailed_history_same_information,descriptive sensitivity; sign symmetry is an additional assumption,Steel_2,0.008734055157829178
natural_tail,q99_pinball,K-EMP,K-GEV,K-EMP minus K-GEV,monthly_maxima_same_information,descriptive sensitivity; sign symmetry is an additional assumption,Cement_1,-0.0027865538444261234
natural_tail,q99_pinball,K-EMP,K-GEV,K-EMP minus K-GEV,monthly_maxima_same_information,descriptive sensitivity; sign symmetry is an additional assumption,Cement_2,-0.00593899877537485
natural_tail,q99_pinball,K-EMP,K-GEV,K-EMP minus K-GEV,monthly_maxima_same_information,descriptive sensitivity; sign symmetry is an additional assumption,Forge_1,-3.5122854189499793e-06
natural_tail,q99_pinball,K-EMP,K-GEV,K-EMP minus K-GEV,monthly_maxima_same_information,descriptive sensitivity; sign symmetry is an additional assumption,Forge_2,0.0032134344052568995
natural_tail,q99_pinball,K-EMP,K-GEV,K-EMP minus K-GEV,monthly_maxima_same_information,descriptive sensitivity; sign symmetry is an additional assumption,Metal_1,-1.260517305395e-05
natural_tail,q99_pinball,K-EMP,K-GEV,K-EMP minus K-GEV,monthly_maxima_same_information,descriptive sensitivity; sign symmetry is an additional assumption,Metal_3,0.00227110986064455
natural_tail,q99_pinball,K-EMP,K-GEV,K-EMP minus K-GEV,monthly_maxima_same_information,descriptive sensitivity; sign symmetry is an additional assumption,Paper,-2.4426745353474985e-05
natural_tail,q99_pinball,K-EMP,K-GEV,K-EMP minus K-GEV,monthly_maxima_same_information,descriptive sensitivity; sign symmetry is an additional assumption,Steel_2,1.4258877031013417e-06
natural_tail,q99_pinball,K-EMP,K-GTAIL,K-EMP minus K-GTAIL,complete_procedure_different_information,descriptive sensitivity; sign symmetry is an additional assumption,Cement_1,0.0239764895476508
natural_tail,q99_pinball,K-EMP,K-GTAIL,K-EMP minus K-GTAIL,complete_procedure_different_information,descriptive sensitivity; sign symmetry is an additional assumption,Cement_2,-0.0015222681349696251
natural_tail,q99_pinball,K-EMP,K-GTAIL,K-EMP minus K-GTAIL,complete_procedure_different_information,descriptive sensitivity; sign symmetry is an additional assumption,Forge_1,-8.153159683695012e-05
natural_tail,q99_pinball,K-EMP,K-GTAIL,K-EMP minus K-GTAIL,complete_procedure_different_information,descriptive sensitivity; sign symmetry is an additional assumption,Forge_2,0.003948067069727546
natural_tail,q99_pinball,K-EMP,K-GTAIL,K-EMP minus K-GTAIL,complete_procedure_different_information,descriptive sensitivity; sign symmetry is an additional assumption,Metal_1,-0.0009581293026365422
natural_tail,q99_pinball,K-EMP,K-GTAIL,K-EMP minus K-GTAIL,complete_procedure_different_information,descriptive sensitivity; sign symmetry is an additional assumption,Metal_3,-0.0012407978788462493
natural_tail,q99_pinball,K-EMP,K-GTAIL,K-EMP minus K-GTAIL,complete_procedure_different_information,descriptive sensitivity; sign symmetry is an additional assumption,Paper,-0.0004463975477556015
natural_tail,q99_pinball,K-EMP,K-GTAIL,K-EMP minus K-GTAIL,complete_procedure_different_information,descriptive sensitivity; sign symmetry is an additional assumption,Steel_2,0.008891254647659151
natural_tail,q99_pinball,K-EMP,K-KDE,K-EMP minus K-KDE,monthly_maxima_same_information,descriptive sensitivity; sign symmetry is an additional assumption,Cement_1,0.018168523183020577
natural_tail,q99_pinball,K-EMP,K-KDE,K-EMP minus K-KDE,monthly_maxima_same_information,descriptive sensitivity; sign symmetry is an additional assumption,Cement_2,-0.001439351996259925
natural_tail,q99_pinball,K-EMP,K-KDE,K-EMP minus K-KDE,monthly_maxima_same_information,descriptive sensitivity; sign symmetry is an additional assumption,Forge_1,-0.0004658339570548499
natural_tail,q99_pinball,K-EMP,K-KDE,K-EMP minus K-KDE,monthly_maxima_same_information,descriptive sensitivity; sign symmetry is an additional assumption,Forge_2,0.003794914445158961
natural_tail,q99_pinball,K-EMP,K-KDE,K-EMP minus K-KDE,monthly_maxima_same_information,descriptive sensitivity; sign symmetry is an additional assumption,Metal_1,-0.0001480578825458171
natural_tail,q99_pinball,K-EMP,K-KDE,K-EMP minus K-KDE,monthly_maxima_same_information,descriptive sensitivity; sign symmetry is an additional assumption,Metal_3,0.003045631303351771
natural_tail,q99_pinball,K-EMP,K-KDE,K-EMP minus K-KDE,monthly_maxima_same_information,descriptive sensitivity; sign symmetry is an additional assumption,Paper,-0.0002095918322438015
natural_tail,q99_pinball,K-EMP,K-KDE,K-EMP minus K-KDE,monthly_maxima_same_information,descriptive sensitivity; sign symmetry is an additional assumption,Steel_2,0.009422117185141902
natural_tail,q99_pinball,K-EMP,K-POINT,K-EMP minus K-POINT,monthly_maxima_same_information,descriptive sensitivity; sign symmetry is an additional assumption,Cement_1,-0.04407350994278942
natural_tail,q99_pinball,K-EMP,K-POINT,K-EMP minus K-POINT,monthly_maxima_same_information,descriptive sensitivity; sign symmetry is an additional assumption,Cement_2,-0.011483498140760525
natural_tail,q99_pinball,K-EMP,K-POINT,K-EMP minus K-POINT,monthly_maxima_same_information,descriptive sensitivity; sign symmetry is an additional assumption,Forge_1,0.0004090480689396956
natural_tail,q99_pinball,K-EMP,K-POINT,K-EMP minus K-POINT,monthly_maxima_same_information,descriptive sensitivity; sign symmetry is an additional assumption,Forge_2,-0.007670010182103807
natural_tail,q99_pinball,K-EMP,K-POINT,K-EMP minus K-POINT,monthly_maxima_same_information,descriptive sensitivity; sign symmetry is an additional assumption,Metal_1,-0.0018733861203875971
natural_tail,q99_pinball,K-EMP,K-POINT,K-EMP minus K-POINT,monthly_maxima_same_information,descriptive sensitivity; sign symmetry is an additional assumption,Metal_3,-0.005221641972254335
natural_tail,q99_pinball,K-EMP,K-POINT,K-EMP minus K-POINT,monthly_maxima_same_information,descriptive sensitivity; sign symmetry is an additional assumption,Paper,-0.0025217742737622577
natural_tail,q99_pinball,K-EMP,K-POINT,K-EMP minus K-POINT,monthly_maxima_same_information,descriptive sensitivity; sign symmetry is an additional assumption,Steel_2,-0.032071777549347
natural_tail,q99_pinball,K-EMP,K-UGPD,K-EMP minus K-UGPD,complete_procedure_different_information,descriptive sensitivity; sign symmetry is an additional assumption,Cement_1,0.011500119537744227
natural_tail,q99_pinball,K-EMP,K-UGPD,K-EMP minus K-UGPD,complete_procedure_different_information,descriptive sensitivity; sign symmetry is an additional assumption,Cement_2,-0.0017191088931469002
natural_tail,q99_pinball,K-EMP,K-UGPD,K-EMP minus K-UGPD,complete_procedure_different_information,descriptive sensitivity; sign symmetry is an additional assumption,Forge_1,-9.011058370117508e-05
natural_tail,q99_pinball,K-EMP,K-UGPD,K-EMP minus K-UGPD,complete_procedure_different_information,descriptive sensitivity; sign symmetry is an additional assumption,Forge_2,0.003935552631774035
natural_tail,q99_pinball,K-EMP,K-UGPD,K-EMP minus K-UGPD,complete_procedure_different_information,descriptive sensitivity; sign symmetry is an additional assumption,Metal_1,-8.058502412291709e-05
natural_tail,q99_pinball,K-EMP,K-UGPD,K-EMP minus K-UGPD,complete_procedure_different_information,descriptive sensitivity; sign symmetry is an additional assumption,Metal_3,0.0024667178443392155
natural_tail,q99_pinball,K-EMP,K-UGPD,K-EMP minus K-UGPD,complete_procedure_different_information,descriptive sensitivity; sign symmetry is an additional assumption,Paper,-0.00012759097814797653
natural_tail,q99_pinball,K-EMP,K-UGPD,K-EMP minus K-UGPD,complete_procedure_different_information,descriptive sensitivity; sign symmetry is an additional assumption,Steel_2,0.008734055157829178
natural_tail,q99_pinball,K-GEV,K-GTAIL,K-GEV minus K-GTAIL,complete_procedure_different_information,descriptive sensitivity; sign symmetry is an additional assumption,Cement_1,0.026763043392076923
natural_tail,q99_pinball,K-GEV,K-GTAIL,K-GEV minus K-GTAIL,complete_procedure_different_information,descriptive sensitivity; sign symmetry is an additional assumption,Cement_2,0.004416730640405224
natural_tail,q99_pinball,K-GEV,K-GTAIL,K-GEV minus K-GTAIL,complete_procedure_different_information,descriptive sensitivity; sign symmetry is an additional assumption,Forge_1,-7.801931141800014e-05
natural_tail,q99_pinball,K-GEV,K-GTAIL,K-GEV minus K-GTAIL,complete_procedure_different_information,descriptive sensitivity; sign symmetry is an additional assumption,Forge_2,0.0007346326644706467
natural_tail,q99_pinball,K-GEV,K-GTAIL,K-GEV minus K-GTAIL,complete_procedure_different_information,descriptive sensitivity; sign symmetry is an additional assumption,Metal_1,-0.0009455241295825922
natural_tail,q99_pinball,K-GEV,K-GTAIL,K-GEV minus K-GTAIL,complete_procedure_different_information,descriptive sensitivity; sign symmetry is an additional assumption,Metal_3,-0.003511907739490799
natural_tail,q99_pinball,K-GEV,K-GTAIL,K-GEV minus K-GTAIL,complete_procedure_different_information,descriptive sensitivity; sign symmetry is an additional assumption,Paper,-0.00042197080240212654
natural_tail,q99_pinball,K-GEV,K-GTAIL,K-GEV minus K-GTAIL,complete_procedure_different_information,descriptive sensitivity; sign symmetry is an additional assumption,Steel_2,0.00888982875995605
natural_tail,q99_pinball,K-GEV,K-KDE,K-GEV minus K-KDE,monthly_maxima_same_information,descriptive sensitivity; sign symmetry is an additional assumption,Cement_1,0.0209550770274467
natural_tail,q99_pinball,K-GEV,K-KDE,K-GEV minus K-KDE,monthly_maxima_same_information,descriptive sensitivity; sign symmetry is an additional assumption,Cement_2,0.004499646779114925
natural_tail,q99_pinball,K-GEV,K-KDE,K-GEV minus K-KDE,monthly_maxima_same_information,descriptive sensitivity; sign symmetry is an additional assumption,Forge_1,-0.0004623216716358999
natural_tail,q99_pinball,K-GEV,K-KDE,K-GEV minus K-KDE,monthly_maxima_same_information,descriptive sensitivity; sign symmetry is an additional assumption,Forge_2,0.0005814800399020617
natural_tail,q99_pinball,K-GEV,K-KDE,K-GEV minus K-KDE,monthly_maxima_same_information,descriptive sensitivity; sign symmetry is an additional assumption,Metal_1,-0.0001354527094918671
natural_tail,q99_pinball,K-GEV,K-KDE,K-GEV minus K-KDE,monthly_maxima_same_information,descriptive sensitivity; sign symmetry is an additional assumption,Metal_3,0.0007745214427072205
natural_tail,q99_pinball,K-GEV,K-KDE,K-GEV minus K-KDE,monthly_maxima_same_information,descriptive sensitivity; sign symmetry is an additional assumption,Paper,-0.00018516508689032652
natural_tail,q99_pinball,K-GEV,K-KDE,K-GEV minus K-KDE,monthly_maxima_same_information,descriptive sensitivity; sign symmetry is an additional assumption,Steel_2,0.009420691297438801
natural_tail,q99_pinball,K-GEV,K-POINT,K-GEV minus K-POINT,monthly_maxima_same_information,descriptive sensitivity; sign symmetry is an additional assumption,Cement_1,-0.041286956098363296
natural_tail,q99_pinball,K-GEV,K-POINT,K-GEV minus K-POINT,monthly_maxima_same_information,descriptive sensitivity; sign symmetry is an additional assumption,Cement_2,-0.0055444993653856744
natural_tail,q99_pinball,K-GEV,K-POINT,K-GEV minus K-POINT,monthly_maxima_same_information,descriptive sensitivity; sign symmetry is an additional assumption,Forge_1,0.0004125603543586456
natural_tail,q99_pinball,K-GEV,K-POINT,K-GEV minus K-POINT,monthly_maxima_same_information,descriptive sensitivity; sign symmetry is an additional assumption,Forge_2,-0.010883444587360706
natural_tail,q99_pinball,K-GEV,K-POINT,K-GEV minus K-POINT,monthly_maxima_same_information,descriptive sensitivity; sign symmetry is an additional assumption,Metal_1,-0.001860780947333647
natural_tail,q99_pinball,K-GEV,K-POINT,K-GEV minus K-POINT,monthly_maxima_same_information,descriptive sensitivity; sign symmetry is an additional assumption,Metal_3,-0.007492751832898885
natural_tail,q99_pinball,K-GEV,K-POINT,K-GEV minus K-POINT,monthly_maxima_same_information,descriptive sensitivity; sign symmetry is an additional assumption,Paper,-0.0024973475284087825
natural_tail,q99_pinball,K-GEV,K-POINT,K-GEV minus K-POINT,monthly_maxima_same_information,descriptive sensitivity; sign symmetry is an additional assumption,Steel_2,-0.0320732034370501
natural_tail,q99_pinball,K-GEV,K-UGPD,K-GEV minus K-UGPD,complete_procedure_different_information,descriptive sensitivity; sign symmetry is an additional assumption,Cement_1,0.01428667338217035
natural_tail,q99_pinball,K-GEV,K-UGPD,K-GEV minus K-UGPD,complete_procedure_different_information,descriptive sensitivity; sign symmetry is an additional assumption,Cement_2,0.00421988988222795
natural_tail,q99_pinball,K-GEV,K-UGPD,K-GEV minus K-UGPD,complete_procedure_different_information,descriptive sensitivity; sign symmetry is an additional assumption,Forge_1,-8.65982982822251e-05
natural_tail,q99_pinball,K-GEV,K-UGPD,K-GEV minus K-UGPD,complete_procedure_different_information,descriptive sensitivity; sign symmetry is an additional assumption,Forge_2,0.0007221182265171358
natural_tail,q99_pinball,K-GEV,K-UGPD,K-GEV minus K-UGPD,complete_procedure_different_information,descriptive sensitivity; sign symmetry is an additional assumption,Metal_1,-6.797985106896708e-05
natural_tail,q99_pinball,K-GEV,K-UGPD,K-GEV minus K-UGPD,complete_procedure_different_information,descriptive sensitivity; sign symmetry is an additional assumption,Metal_3,0.00019560798369466542
natural_tail,q99_pinball,K-GEV,K-UGPD,K-GEV minus K-UGPD,complete_procedure_different_information,descriptive sensitivity; sign symmetry is an additional assumption,Paper,-0.00010316423279450155
natural_tail,q99_pinball,K-GEV,K-UGPD,K-GEV minus K-UGPD,complete_procedure_different_information,descriptive sensitivity; sign symmetry is an additional assumption,Steel_2,0.008732629270126076
natural_tail,q99_pinball,K-GTAIL,K-KDE,K-GTAIL minus K-KDE,complete_procedure_different_information,descriptive sensitivity; sign symmetry is an additional assumption,Cement_1,-0.005807966364630223
natural_tail,q99_pinball,K-GTAIL,K-KDE,K-GTAIL minus K-KDE,complete_procedure_different_information,descriptive sensitivity; sign symmetry is an additional assumption,Cement_2,8.291613870970013e-05
natural_tail,q99_pinball,K-GTAIL,K-KDE,K-GTAIL minus K-KDE,complete_procedure_different_information,descriptive sensitivity; sign symmetry is an additional assumption,Forge_1,-0.0003843023602178998
natural_tail,q99_pinball,K-GTAIL,K-KDE,K-GTAIL minus K-KDE,complete_procedure_different_information,descriptive sensitivity; sign symmetry is an additional assumption,Forge_2,-0.0001531526245685851
natural_tail,q99_pinball,K-GTAIL,K-KDE,K-GTAIL minus K-KDE,complete_procedure_different_information,descriptive sensitivity; sign symmetry is an additional assumption,Metal_1,0.0008100714200907251
natural_tail,q99_pinball,K-GTAIL,K-KDE,K-GTAIL minus K-KDE,complete_procedure_different_information,descriptive sensitivity; sign symmetry is an additional assumption,Metal_3,0.00428642918219802
natural_tail,q99_pinball,K-GTAIL,K-KDE,K-GTAIL minus K-KDE,complete_procedure_different_information,descriptive sensitivity; sign symmetry is an additional assumption,Paper,0.00023680571551180002
natural_tail,q99_pinball,K-GTAIL,K-KDE,K-GTAIL minus K-KDE,complete_procedure_different_information,descriptive sensitivity; sign symmetry is an additional assumption,Steel_2,0.0005308625374827501
natural_tail,q99_pinball,K-GTAIL,K-POINT,K-GTAIL minus K-POINT,complete_procedure_different_information,descriptive sensitivity; sign symmetry is an additional assumption,Cement_1,-0.06804999949044022
natural_tail,q99_pinball,K-GTAIL,K-POINT,K-GTAIL minus K-POINT,complete_procedure_different_information,descriptive sensitivity; sign symmetry is an additional assumption,Cement_2,-0.009961230005790899
natural_tail,q99_pinball,K-GTAIL,K-POINT,K-GTAIL minus K-POINT,complete_procedure_different_information,descriptive sensitivity; sign symmetry is an additional assumption,Forge_1,0.0004905796657766457
natural_tail,q99_pinball,K-GTAIL,K-POINT,K-GTAIL minus K-POINT,complete_procedure_different_information,descriptive sensitivity; sign symmetry is an additional assumption,Forge_2,-0.011618077251831354
natural_tail,q99_pinball,K-GTAIL,K-POINT,K-GTAIL minus K-POINT,complete_procedure_different_information,descriptive sensitivity; sign symmetry is an additional assumption,Metal_1,-0.000915256817751055
natural_tail,q99_pinball,K-GTAIL,K-POINT,K-GTAIL minus K-POINT,complete_procedure_different_information,descriptive sensitivity; sign symmetry is an additional assumption,Metal_3,-0.003980844093408086
natural_tail,q99_pinball,K-GTAIL,K-POINT,K-GTAIL minus K-POINT,complete_procedure_different_information,descriptive sensitivity; sign symmetry is an additional assumption,Paper,-0.002075376726006656
natural_tail,q99_pinball,K-GTAIL,K-POINT,K-GTAIL minus K-POINT,complete_procedure_different_information,descriptive sensitivity; sign symmetry is an additional assumption,Steel_2,-0.04096303219700615
natural_tail,q99_pinball,K-GTAIL,K-UGPD,K-GTAIL minus K-UGPD,detailed_history_same_information,descriptive sensitivity; sign symmetry is an additional assumption,Cement_1,-0.012476370009906573
natural_tail,q99_pinball,K-GTAIL,K-UGPD,K-GTAIL minus K-UGPD,detailed_history_same_information,descriptive sensitivity; sign symmetry is an additional assumption,Cement_2,-0.00019684075817727508
natural_tail,q99_pinball,K-GTAIL,K-UGPD,K-GTAIL minus K-UGPD,detailed_history_same_information,descriptive sensitivity; sign symmetry is an additional assumption,Forge_1,-8.578986864224967e-06
natural_tail,q99_pinball,K-GTAIL,K-UGPD,K-GTAIL minus K-UGPD,detailed_history_same_information,descriptive sensitivity; sign symmetry is an additional assumption,Forge_2,-1.2514437953511004e-05
natural_tail,q99_pinball,K-GTAIL,K-UGPD,K-GTAIL minus K-UGPD,detailed_history_same_information,descriptive sensitivity; sign symmetry is an additional assumption,Metal_1,0.0008775442785136251
natural_tail,q99_pinball,K-GTAIL,K-UGPD,K-GTAIL minus K-UGPD,detailed_history_same_information,descriptive sensitivity; sign symmetry is an additional assumption,Metal_3,0.003707515723185465
natural_tail,q99_pinball,K-GTAIL,K-UGPD,K-GTAIL minus K-UGPD,detailed_history_same_information,descriptive sensitivity; sign symmetry is an additional assumption,Paper,0.000318806569607625
natural_tail,q99_pinball,K-GTAIL,K-UGPD,K-GTAIL minus K-UGPD,detailed_history_same_information,descriptive sensitivity; sign symmetry is an additional assumption,Steel_2,-0.00015719948982997455
natural_tail,q99_pinball,K-KDE,K-POINT,K-KDE minus K-POINT,monthly_maxima_same_information,descriptive sensitivity; sign symmetry is an additional assumption,Cement_1,-0.062242033125809997
natural_tail,q99_pinball,K-KDE,K-POINT,K-KDE minus K-POINT,monthly_maxima_same_information,descriptive sensitivity; sign symmetry is an additional assumption,Cement_2,-0.0100441461445006
natural_tail,q99_pinball,K-KDE,K-POINT,K-KDE minus K-POINT,monthly_maxima_same_information,descriptive sensitivity; sign symmetry is an additional assumption,Forge_1,0.0008748820259945455
natural_tail,q99_pinball,K-KDE,K-POINT,K-KDE minus K-POINT,monthly_maxima_same_information,descriptive sensitivity; sign symmetry is an additional assumption,Forge_2,-0.011464924627262769
natural_tail,q99_pinball,K-KDE,K-POINT,K-KDE minus K-POINT,monthly_maxima_same_information,descriptive sensitivity; sign symmetry is an additional assumption,Metal_1,-0.00172532823784178
natural_tail,q99_pinball,K-KDE,K-POINT,K-KDE minus K-POINT,monthly_maxima_same_information,descriptive sensitivity; sign symmetry is an additional assumption,Metal_3,-0.008267273275606106
natural_tail,q99_pinball,K-KDE,K-POINT,K-KDE minus K-POINT,monthly_maxima_same_information,descriptive sensitivity; sign symmetry is an additional assumption,Paper,-0.002312182441518456
natural_tail,q99_pinball,K-KDE,K-POINT,K-KDE minus K-POINT,monthly_maxima_same_information,descriptive sensitivity; sign symmetry is an additional assumption,Steel_2,-0.041493894734488904
natural_tail,q99_pinball,K-KDE,K-UGPD,K-KDE minus K-UGPD,complete_procedure_different_information,descriptive sensitivity; sign symmetry is an additional assumption,Cement_1,-0.0066684036452763495
natural_tail,q99_pinball,K-KDE,K-UGPD,K-KDE minus K-UGPD,complete_procedure_different_information,descriptive sensitivity; sign symmetry is an additional assumption,Cement_2,-0.0002797568968869752
natural_tail,q99_pinball,K-KDE,K-UGPD,K-KDE minus K-UGPD,complete_procedure_different_information,descriptive sensitivity; sign symmetry is an additional assumption,Forge_1,0.0003757233733536748
natural_tail,q99_pinball,K-KDE,K-UGPD,K-KDE minus K-UGPD,complete_procedure_different_information,descriptive sensitivity; sign symmetry is an additional assumption,Forge_2,0.0001406381866150741
natural_tail,q99_pinball,K-KDE,K-UGPD,K-KDE minus K-UGPD,complete_procedure_different_information,descriptive sensitivity; sign symmetry is an additional assumption,Metal_1,6.747285842290002e-05
natural_tail,q99_pinball,K-KDE,K-UGPD,K-KDE minus K-UGPD,complete_procedure_different_information,descriptive sensitivity; sign symmetry is an additional assumption,Metal_3,-0.0005789134590125551
natural_tail,q99_pinball,K-KDE,K-UGPD,K-KDE minus K-UGPD,complete_procedure_different_information,descriptive sensitivity; sign symmetry is an additional assumption,Paper,8.200085409582498e-05
natural_tail,q99_pinball,K-KDE,K-UGPD,K-KDE minus K-UGPD,complete_procedure_different_information,descriptive sensitivity; sign symmetry is an additional assumption,Steel_2,-0.0006880620273127247
natural_tail,q99_pinball,K-POINT,K-UGPD,K-POINT minus K-UGPD,complete_procedure_different_information,descriptive sensitivity; sign symmetry is an additional assumption,Cement_1,0.05557362948053365
natural_tail,q99_pinball,K-POINT,K-UGPD,K-POINT minus K-UGPD,complete_procedure_different_information,descriptive sensitivity; sign symmetry is an additional assumption,Cement_2,0.009764389247613624
natural_tail,q99_pinball,K-POINT,K-UGPD,K-POINT minus K-UGPD,complete_procedure_different_information,descriptive sensitivity; sign symmetry is an additional assumption,Forge_1,-0.0004991586526408707
natural_tail,q99_pinball,K-POINT,K-UGPD,K-POINT minus K-UGPD,complete_procedure_different_information,descriptive sensitivity; sign symmetry is an additional assumption,Forge_2,0.011605562813877842
natural_tail,q99_pinball,K-POINT,K-UGPD,K-POINT minus K-UGPD,complete_procedure_different_information,descriptive sensitivity; sign symmetry is an additional assumption,Metal_1,0.0017928010962646802
natural_tail,q99_pinball,K-POINT,K-UGPD,K-POINT minus K-UGPD,complete_procedure_different_information,descriptive sensitivity; sign symmetry is an additional assumption,Metal_3,0.00768835981659355
natural_tail,q99_pinball,K-POINT,K-UGPD,K-POINT minus K-UGPD,complete_procedure_different_information,descriptive sensitivity; sign symmetry is an additional assumption,Paper,0.002394183295614281
natural_tail,q99_pinball,K-POINT,K-UGPD,K-POINT minus K-UGPD,complete_procedure_different_information,descriptive sensitivity; sign symmetry is an additional assumption,Steel_2,0.04080583270717618
natural_tail,q95_exceedance_brier,K-BLOCK,K-EMP,K-BLOCK minus K-EMP,complete_procedure_different_information,descriptive sensitivity; sign symmetry is an additional assumption,Cement_1,0.0
natural_tail,q95_exceedance_brier,K-BLOCK,K-EMP,K-BLOCK minus K-EMP,complete_procedure_different_information,descriptive sensitivity; sign symmetry is an additional assumption,Cement_2,0.0
natural_tail,q95_exceedance_brier,K-BLOCK,K-EMP,K-BLOCK minus K-EMP,complete_procedure_different_information,descriptive sensitivity; sign symmetry is an additional assumption,Forge_1,0.0
natural_tail,q95_exceedance_brier,K-BLOCK,K-EMP,K-BLOCK minus K-EMP,complete_procedure_different_information,descriptive sensitivity; sign symmetry is an additional assumption,Forge_2,0.0
natural_tail,q95_exceedance_brier,K-BLOCK,K-EMP,K-BLOCK minus K-EMP,complete_procedure_different_information,descriptive sensitivity; sign symmetry is an additional assumption,Metal_1,0.0
natural_tail,q95_exceedance_brier,K-BLOCK,K-EMP,K-BLOCK minus K-EMP,complete_procedure_different_information,descriptive sensitivity; sign symmetry is an additional assumption,Metal_3,0.0
natural_tail,q95_exceedance_brier,K-BLOCK,K-EMP,K-BLOCK minus K-EMP,complete_procedure_different_information,descriptive sensitivity; sign symmetry is an additional assumption,Paper,0.0
natural_tail,q95_exceedance_brier,K-BLOCK,K-EMP,K-BLOCK minus K-EMP,complete_procedure_different_information,descriptive sensitivity; sign symmetry is an additional assumption,Steel_2,0.0
natural_tail,q95_exceedance_brier,K-BLOCK,K-GEV,K-BLOCK minus K-GEV,complete_procedure_different_information,descriptive sensitivity; sign symmetry is an additional assumption,Cement_1,0.0
natural_tail,q95_exceedance_brier,K-BLOCK,K-GEV,K-BLOCK minus K-GEV,complete_procedure_different_information,descriptive sensitivity; sign symmetry is an additional assumption,Cement_2,0.0
natural_tail,q95_exceedance_brier,K-BLOCK,K-GEV,K-BLOCK minus K-GEV,complete_procedure_different_information,descriptive sensitivity; sign symmetry is an additional assumption,Forge_1,0.0
natural_tail,q95_exceedance_brier,K-BLOCK,K-GEV,K-BLOCK minus K-GEV,complete_procedure_different_information,descriptive sensitivity; sign symmetry is an additional assumption,Forge_2,0.0
natural_tail,q95_exceedance_brier,K-BLOCK,K-GEV,K-BLOCK minus K-GEV,complete_procedure_different_information,descriptive sensitivity; sign symmetry is an additional assumption,Metal_1,0.0
natural_tail,q95_exceedance_brier,K-BLOCK,K-GEV,K-BLOCK minus K-GEV,complete_procedure_different_information,descriptive sensitivity; sign symmetry is an additional assumption,Metal_3,0.22499999999999998
natural_tail,q95_exceedance_brier,K-BLOCK,K-GEV,K-BLOCK minus K-GEV,complete_procedure_different_information,descriptive sensitivity; sign symmetry is an additional assumption,Paper,0.0
natural_tail,q95_exceedance_brier,K-BLOCK,K-GEV,K-BLOCK minus K-GEV,complete_procedure_different_information,descriptive sensitivity; sign symmetry is an additional assumption,Steel_2,0.0
natural_tail,q95_exceedance_brier,K-BLOCK,K-GTAIL,K-BLOCK minus K-GTAIL,detailed_history_same_information,descriptive sensitivity; sign symmetry is an additional assumption,Cement_1,0.45
natural_tail,q95_exceedance_brier,K-BLOCK,K-GTAIL,K-BLOCK minus K-GTAIL,detailed_history_same_information,descriptive sensitivity; sign symmetry is an additional assumption,Cement_2,0.0
natural_tail,q95_exceedance_brier,K-BLOCK,K-GTAIL,K-BLOCK minus K-GTAIL,detailed_history_same_information,descriptive sensitivity; sign symmetry is an additional assumption,Forge_1,0.0
natural_tail,q95_exceedance_brier,K-BLOCK,K-GTAIL,K-BLOCK minus K-GTAIL,detailed_history_same_information,descriptive sensitivity; sign symmetry is an additional assumption,Forge_2,0.0
natural_tail,q95_exceedance_brier,K-BLOCK,K-GTAIL,K-BLOCK minus K-GTAIL,detailed_history_same_information,descriptive sensitivity; sign symmetry is an additional assumption,Metal_1,0.0
natural_tail,q95_exceedance_brier,K-BLOCK,K-GTAIL,K-BLOCK minus K-GTAIL,detailed_history_same_information,descriptive sensitivity; sign symmetry is an additional assumption,Metal_3,0.22499999999999998
natural_tail,q95_exceedance_brier,K-BLOCK,K-GTAIL,K-BLOCK minus K-GTAIL,detailed_history_same_information,descriptive sensitivity; sign symmetry is an additional assumption,Paper,0.0
natural_tail,q95_exceedance_brier,K-BLOCK,K-GTAIL,K-BLOCK minus K-GTAIL,detailed_history_same_information,descriptive sensitivity; sign symmetry is an additional assumption,Steel_2,0.22499999999999998
natural_tail,q95_exceedance_brier,K-BLOCK,K-KDE,K-BLOCK minus K-KDE,complete_procedure_different_information,descriptive sensitivity; sign symmetry is an additional assumption,Cement_1,0.22500000000000003
natural_tail,q95_exceedance_brier,K-BLOCK,K-KDE,K-BLOCK minus K-KDE,complete_procedure_different_information,descriptive sensitivity; sign symmetry is an additional assumption,Cement_2,0.0
natural_tail,q95_exceedance_brier,K-BLOCK,K-KDE,K-BLOCK minus K-KDE,complete_procedure_different_information,descriptive sensitivity; sign symmetry is an additional assumption,Forge_1,0.0
natural_tail,q95_exceedance_brier,K-BLOCK,K-KDE,K-BLOCK minus K-KDE,complete_procedure_different_information,descriptive sensitivity; sign symmetry is an additional assumption,Forge_2,0.0
natural_tail,q95_exceedance_brier,K-BLOCK,K-KDE,K-BLOCK minus K-KDE,complete_procedure_different_information,descriptive sensitivity; sign symmetry is an additional assumption,Metal_1,0.0
natural_tail,q95_exceedance_brier,K-BLOCK,K-KDE,K-BLOCK minus K-KDE,complete_procedure_different_information,descriptive sensitivity; sign symmetry is an additional assumption,Metal_3,0.22499999999999998
natural_tail,q95_exceedance_brier,K-BLOCK,K-KDE,K-BLOCK minus K-KDE,complete_procedure_different_information,descriptive sensitivity; sign symmetry is an additional assumption,Paper,0.0
natural_tail,q95_exceedance_brier,K-BLOCK,K-KDE,K-BLOCK minus K-KDE,complete_procedure_different_information,descriptive sensitivity; sign symmetry is an additional assumption,Steel_2,0.22499999999999998
natural_tail,q95_exceedance_brier,K-BLOCK,K-POINT,K-BLOCK minus K-POINT,complete_procedure_different_information,descriptive sensitivity; sign symmetry is an additional assumption,Cement_1,-0.22499999999999998
natural_tail,q95_exceedance_brier,K-BLOCK,K-POINT,K-BLOCK minus K-POINT,complete_procedure_different_information,descriptive sensitivity; sign symmetry is an additional assumption,Cement_2,-0.22499999999999998
natural_tail,q95_exceedance_brier,K-BLOCK,K-POINT,K-BLOCK minus K-POINT,complete_procedure_different_information,descriptive sensitivity; sign symmetry is an additional assumption,Forge_1,0.0
natural_tail,q95_exceedance_brier,K-BLOCK,K-POINT,K-BLOCK minus K-POINT,complete_procedure_different_information,descriptive sensitivity; sign symmetry is an additional assumption,Forge_2,0.0
natural_tail,q95_exceedance_brier,K-BLOCK,K-POINT,K-BLOCK minus K-POINT,complete_procedure_different_information,descriptive sensitivity; sign symmetry is an additional assumption,Metal_1,-0.22499999999999998
natural_tail,q95_exceedance_brier,K-BLOCK,K-POINT,K-BLOCK minus K-POINT,complete_procedure_different_information,descriptive sensitivity; sign symmetry is an additional assumption,Metal_3,-0.22500000000000003
natural_tail,q95_exceedance_brier,K-BLOCK,K-POINT,K-BLOCK minus K-POINT,complete_procedure_different_information,descriptive sensitivity; sign symmetry is an additional assumption,Paper,-0.22499999999999998
natural_tail,q95_exceedance_brier,K-BLOCK,K-POINT,K-BLOCK minus K-POINT,complete_procedure_different_information,descriptive sensitivity; sign symmetry is an additional assumption,Steel_2,-0.22499999999999998
natural_tail,q95_exceedance_brier,K-BLOCK,K-UGPD,K-BLOCK minus K-UGPD,detailed_history_same_information,descriptive sensitivity; sign symmetry is an additional assumption,Cement_1,0.0
natural_tail,q95_exceedance_brier,K-BLOCK,K-UGPD,K-BLOCK minus K-UGPD,detailed_history_same_information,descriptive sensitivity; sign symmetry is an additional assumption,Cement_2,0.0
natural_tail,q95_exceedance_brier,K-BLOCK,K-UGPD,K-BLOCK minus K-UGPD,detailed_history_same_information,descriptive sensitivity; sign symmetry is an additional assumption,Forge_1,0.0
natural_tail,q95_exceedance_brier,K-BLOCK,K-UGPD,K-BLOCK minus K-UGPD,detailed_history_same_information,descriptive sensitivity; sign symmetry is an additional assumption,Forge_2,0.0
natural_tail,q95_exceedance_brier,K-BLOCK,K-UGPD,K-BLOCK minus K-UGPD,detailed_history_same_information,descriptive sensitivity; sign symmetry is an additional assumption,Metal_1,0.0
natural_tail,q95_exceedance_brier,K-BLOCK,K-UGPD,K-BLOCK minus K-UGPD,detailed_history_same_information,descriptive sensitivity; sign symmetry is an additional assumption,Metal_3,0.22499999999999998
natural_tail,q95_exceedance_brier,K-BLOCK,K-UGPD,K-BLOCK minus K-UGPD,detailed_history_same_information,descriptive sensitivity; sign symmetry is an additional assumption,Paper,0.0
natural_tail,q95_exceedance_brier,K-BLOCK,K-UGPD,K-BLOCK minus K-UGPD,detailed_history_same_information,descriptive sensitivity; sign symmetry is an additional assumption,Steel_2,0.22499999999999998
natural_tail,q95_exceedance_brier,K-EMP,K-GEV,K-EMP minus K-GEV,monthly_maxima_same_information,descriptive sensitivity; sign symmetry is an additional assumption,Cement_1,0.0
natural_tail,q95_exceedance_brier,K-EMP,K-GEV,K-EMP minus K-GEV,monthly_maxima_same_information,descriptive sensitivity; sign symmetry is an additional assumption,Cement_2,0.0
natural_tail,q95_exceedance_brier,K-EMP,K-GEV,K-EMP minus K-GEV,monthly_maxima_same_information,descriptive sensitivity; sign symmetry is an additional assumption,Forge_1,0.0
natural_tail,q95_exceedance_brier,K-EMP,K-GEV,K-EMP minus K-GEV,monthly_maxima_same_information,descriptive sensitivity; sign symmetry is an additional assumption,Forge_2,0.0
natural_tail,q95_exceedance_brier,K-EMP,K-GEV,K-EMP minus K-GEV,monthly_maxima_same_information,descriptive sensitivity; sign symmetry is an additional assumption,Metal_1,0.0
natural_tail,q95_exceedance_brier,K-EMP,K-GEV,K-EMP minus K-GEV,monthly_maxima_same_information,descriptive sensitivity; sign symmetry is an additional assumption,Metal_3,0.22499999999999998
natural_tail,q95_exceedance_brier,K-EMP,K-GEV,K-EMP minus K-GEV,monthly_maxima_same_information,descriptive sensitivity; sign symmetry is an additional assumption,Paper,0.0
natural_tail,q95_exceedance_brier,K-EMP,K-GEV,K-EMP minus K-GEV,monthly_maxima_same_information,descriptive sensitivity; sign symmetry is an additional assumption,Steel_2,0.0
natural_tail,q95_exceedance_brier,K-EMP,K-GTAIL,K-EMP minus K-GTAIL,complete_procedure_different_information,descriptive sensitivity; sign symmetry is an additional assumption,Cement_1,0.45
natural_tail,q95_exceedance_brier,K-EMP,K-GTAIL,K-EMP minus K-GTAIL,complete_procedure_different_information,descriptive sensitivity; sign symmetry is an additional assumption,Cement_2,0.0
natural_tail,q95_exceedance_brier,K-EMP,K-GTAIL,K-EMP minus K-GTAIL,complete_procedure_different_information,descriptive sensitivity; sign symmetry is an additional assumption,Forge_1,0.0
natural_tail,q95_exceedance_brier,K-EMP,K-GTAIL,K-EMP minus K-GTAIL,complete_procedure_different_information,descriptive sensitivity; sign symmetry is an additional assumption,Forge_2,0.0
natural_tail,q95_exceedance_brier,K-EMP,K-GTAIL,K-EMP minus K-GTAIL,complete_procedure_different_information,descriptive sensitivity; sign symmetry is an additional assumption,Metal_1,0.0
natural_tail,q95_exceedance_brier,K-EMP,K-GTAIL,K-EMP minus K-GTAIL,complete_procedure_different_information,descriptive sensitivity; sign symmetry is an additional assumption,Metal_3,0.22499999999999998
natural_tail,q95_exceedance_brier,K-EMP,K-GTAIL,K-EMP minus K-GTAIL,complete_procedure_different_information,descriptive sensitivity; sign symmetry is an additional assumption,Paper,0.0
natural_tail,q95_exceedance_brier,K-EMP,K-GTAIL,K-EMP minus K-GTAIL,complete_procedure_different_information,descriptive sensitivity; sign symmetry is an additional assumption,Steel_2,0.22499999999999998
natural_tail,q95_exceedance_brier,K-EMP,K-KDE,K-EMP minus K-KDE,monthly_maxima_same_information,descriptive sensitivity; sign symmetry is an additional assumption,Cement_1,0.22500000000000003
natural_tail,q95_exceedance_brier,K-EMP,K-KDE,K-EMP minus K-KDE,monthly_maxima_same_information,descriptive sensitivity; sign symmetry is an additional assumption,Cement_2,0.0
natural_tail,q95_exceedance_brier,K-EMP,K-KDE,K-EMP minus K-KDE,monthly_maxima_same_information,descriptive sensitivity; sign symmetry is an additional assumption,Forge_1,0.0
natural_tail,q95_exceedance_brier,K-EMP,K-KDE,K-EMP minus K-KDE,monthly_maxima_same_information,descriptive sensitivity; sign symmetry is an additional assumption,Forge_2,0.0
natural_tail,q95_exceedance_brier,K-EMP,K-KDE,K-EMP minus K-KDE,monthly_maxima_same_information,descriptive sensitivity; sign symmetry is an additional assumption,Metal_1,0.0
natural_tail,q95_exceedance_brier,K-EMP,K-KDE,K-EMP minus K-KDE,monthly_maxima_same_information,descriptive sensitivity; sign symmetry is an additional assumption,Metal_3,0.22499999999999998
natural_tail,q95_exceedance_brier,K-EMP,K-KDE,K-EMP minus K-KDE,monthly_maxima_same_information,descriptive sensitivity; sign symmetry is an additional assumption,Paper,0.0
natural_tail,q95_exceedance_brier,K-EMP,K-KDE,K-EMP minus K-KDE,monthly_maxima_same_information,descriptive sensitivity; sign symmetry is an additional assumption,Steel_2,0.22499999999999998
natural_tail,q95_exceedance_brier,K-EMP,K-POINT,K-EMP minus K-POINT,monthly_maxima_same_information,descriptive sensitivity; sign symmetry is an additional assumption,Cement_1,-0.22499999999999998
natural_tail,q95_exceedance_brier,K-EMP,K-POINT,K-EMP minus K-POINT,monthly_maxima_same_information,descriptive sensitivity; sign symmetry is an additional assumption,Cement_2,-0.22499999999999998
natural_tail,q95_exceedance_brier,K-EMP,K-POINT,K-EMP minus K-POINT,monthly_maxima_same_information,descriptive sensitivity; sign symmetry is an additional assumption,Forge_1,0.0
natural_tail,q95_exceedance_brier,K-EMP,K-POINT,K-EMP minus K-POINT,monthly_maxima_same_information,descriptive sensitivity; sign symmetry is an additional assumption,Forge_2,0.0
natural_tail,q95_exceedance_brier,K-EMP,K-POINT,K-EMP minus K-POINT,monthly_maxima_same_information,descriptive sensitivity; sign symmetry is an additional assumption,Metal_1,-0.22499999999999998
natural_tail,q95_exceedance_brier,K-EMP,K-POINT,K-EMP minus K-POINT,monthly_maxima_same_information,descriptive sensitivity; sign symmetry is an additional assumption,Metal_3,-0.22500000000000003
natural_tail,q95_exceedance_brier,K-EMP,K-POINT,K-EMP minus K-POINT,monthly_maxima_same_information,descriptive sensitivity; sign symmetry is an additional assumption,Paper,-0.22499999999999998
natural_tail,q95_exceedance_brier,K-EMP,K-POINT,K-EMP minus K-POINT,monthly_maxima_same_information,descriptive sensitivity; sign symmetry is an additional assumption,Steel_2,-0.22499999999999998
natural_tail,q95_exceedance_brier,K-EMP,K-UGPD,K-EMP minus K-UGPD,complete_procedure_different_information,descriptive sensitivity; sign symmetry is an additional assumption,Cement_1,0.0
natural_tail,q95_exceedance_brier,K-EMP,K-UGPD,K-EMP minus K-UGPD,complete_procedure_different_information,descriptive sensitivity; sign symmetry is an additional assumption,Cement_2,0.0
natural_tail,q95_exceedance_brier,K-EMP,K-UGPD,K-EMP minus K-UGPD,complete_procedure_different_information,descriptive sensitivity; sign symmetry is an additional assumption,Forge_1,0.0
natural_tail,q95_exceedance_brier,K-EMP,K-UGPD,K-EMP minus K-UGPD,complete_procedure_different_information,descriptive sensitivity; sign symmetry is an additional assumption,Forge_2,0.0
natural_tail,q95_exceedance_brier,K-EMP,K-UGPD,K-EMP minus K-UGPD,complete_procedure_different_information,descriptive sensitivity; sign symmetry is an additional assumption,Metal_1,0.0
natural_tail,q95_exceedance_brier,K-EMP,K-UGPD,K-EMP minus K-UGPD,complete_procedure_different_information,descriptive sensitivity; sign symmetry is an additional assumption,Metal_3,0.22499999999999998
natural_tail,q95_exceedance_brier,K-EMP,K-UGPD,K-EMP minus K-UGPD,complete_procedure_different_information,descriptive sensitivity; sign symmetry is an additional assumption,Paper,0.0
natural_tail,q95_exceedance_brier,K-EMP,K-UGPD,K-EMP minus K-UGPD,complete_procedure_different_information,descriptive sensitivity; sign symmetry is an additional assumption,Steel_2,0.22499999999999998
natural_tail,q95_exceedance_brier,K-GEV,K-GTAIL,K-GEV minus K-GTAIL,complete_procedure_different_information,descriptive sensitivity; sign symmetry is an additional assumption,Cement_1,0.45
natural_tail,q95_exceedance_brier,K-GEV,K-GTAIL,K-GEV minus K-GTAIL,complete_procedure_different_information,descriptive sensitivity; sign symmetry is an additional assumption,Cement_2,0.0
natural_tail,q95_exceedance_brier,K-GEV,K-GTAIL,K-GEV minus K-GTAIL,complete_procedure_different_information,descriptive sensitivity; sign symmetry is an additional assumption,Forge_1,0.0
natural_tail,q95_exceedance_brier,K-GEV,K-GTAIL,K-GEV minus K-GTAIL,complete_procedure_different_information,descriptive sensitivity; sign symmetry is an additional assumption,Forge_2,0.0
natural_tail,q95_exceedance_brier,K-GEV,K-GTAIL,K-GEV minus K-GTAIL,complete_procedure_different_information,descriptive sensitivity; sign symmetry is an additional assumption,Metal_1,0.0
natural_tail,q95_exceedance_brier,K-GEV,K-GTAIL,K-GEV minus K-GTAIL,complete_procedure_different_information,descriptive sensitivity; sign symmetry is an additional assumption,Metal_3,0.0
natural_tail,q95_exceedance_brier,K-GEV,K-GTAIL,K-GEV minus K-GTAIL,complete_procedure_different_information,descriptive sensitivity; sign symmetry is an additional assumption,Paper,0.0
natural_tail,q95_exceedance_brier,K-GEV,K-GTAIL,K-GEV minus K-GTAIL,complete_procedure_different_information,descriptive sensitivity; sign symmetry is an additional assumption,Steel_2,0.22499999999999998
natural_tail,q95_exceedance_brier,K-GEV,K-KDE,K-GEV minus K-KDE,monthly_maxima_same_information,descriptive sensitivity; sign symmetry is an additional assumption,Cement_1,0.22500000000000003
natural_tail,q95_exceedance_brier,K-GEV,K-KDE,K-GEV minus K-KDE,monthly_maxima_same_information,descriptive sensitivity; sign symmetry is an additional assumption,Cement_2,0.0
natural_tail,q95_exceedance_brier,K-GEV,K-KDE,K-GEV minus K-KDE,monthly_maxima_same_information,descriptive sensitivity; sign symmetry is an additional assumption,Forge_1,0.0
natural_tail,q95_exceedance_brier,K-GEV,K-KDE,K-GEV minus K-KDE,monthly_maxima_same_information,descriptive sensitivity; sign symmetry is an additional assumption,Forge_2,0.0
natural_tail,q95_exceedance_brier,K-GEV,K-KDE,K-GEV minus K-KDE,monthly_maxima_same_information,descriptive sensitivity; sign symmetry is an additional assumption,Metal_1,0.0
natural_tail,q95_exceedance_brier,K-GEV,K-KDE,K-GEV minus K-KDE,monthly_maxima_same_information,descriptive sensitivity; sign symmetry is an additional assumption,Metal_3,0.0
natural_tail,q95_exceedance_brier,K-GEV,K-KDE,K-GEV minus K-KDE,monthly_maxima_same_information,descriptive sensitivity; sign symmetry is an additional assumption,Paper,0.0
natural_tail,q95_exceedance_brier,K-GEV,K-KDE,K-GEV minus K-KDE,monthly_maxima_same_information,descriptive sensitivity; sign symmetry is an additional assumption,Steel_2,0.22499999999999998
natural_tail,q95_exceedance_brier,K-GEV,K-POINT,K-GEV minus K-POINT,monthly_maxima_same_information,descriptive sensitivity; sign symmetry is an additional assumption,Cement_1,-0.22499999999999998
natural_tail,q95_exceedance_brier,K-GEV,K-POINT,K-GEV minus K-POINT,monthly_maxima_same_information,descriptive sensitivity; sign symmetry is an additional assumption,Cement_2,-0.22499999999999998
natural_tail,q95_exceedance_brier,K-GEV,K-POINT,K-GEV minus K-POINT,monthly_maxima_same_information,descriptive sensitivity; sign symmetry is an additional assumption,Forge_1,0.0
natural_tail,q95_exceedance_brier,K-GEV,K-POINT,K-GEV minus K-POINT,monthly_maxima_same_information,descriptive sensitivity; sign symmetry is an additional assumption,Forge_2,0.0
natural_tail,q95_exceedance_brier,K-GEV,K-POINT,K-GEV minus K-POINT,monthly_maxima_same_information,descriptive sensitivity; sign symmetry is an additional assumption,Metal_1,-0.22499999999999998
natural_tail,q95_exceedance_brier,K-GEV,K-POINT,K-GEV minus K-POINT,monthly_maxima_same_information,descriptive sensitivity; sign symmetry is an additional assumption,Metal_3,-0.45
natural_tail,q95_exceedance_brier,K-GEV,K-POINT,K-GEV minus K-POINT,monthly_maxima_same_information,descriptive sensitivity; sign symmetry is an additional assumption,Paper,-0.22499999999999998
natural_tail,q95_exceedance_brier,K-GEV,K-POINT,K-GEV minus K-POINT,monthly_maxima_same_information,descriptive sensitivity; sign symmetry is an additional assumption,Steel_2,-0.22499999999999998
natural_tail,q95_exceedance_brier,K-GEV,K-UGPD,K-GEV minus K-UGPD,complete_procedure_different_information,descriptive sensitivity; sign symmetry is an additional assumption,Cement_1,0.0
natural_tail,q95_exceedance_brier,K-GEV,K-UGPD,K-GEV minus K-UGPD,complete_procedure_different_information,descriptive sensitivity; sign symmetry is an additional assumption,Cement_2,0.0
natural_tail,q95_exceedance_brier,K-GEV,K-UGPD,K-GEV minus K-UGPD,complete_procedure_different_information,descriptive sensitivity; sign symmetry is an additional assumption,Forge_1,0.0
natural_tail,q95_exceedance_brier,K-GEV,K-UGPD,K-GEV minus K-UGPD,complete_procedure_different_information,descriptive sensitivity; sign symmetry is an additional assumption,Forge_2,0.0
natural_tail,q95_exceedance_brier,K-GEV,K-UGPD,K-GEV minus K-UGPD,complete_procedure_different_information,descriptive sensitivity; sign symmetry is an additional assumption,Metal_1,0.0
natural_tail,q95_exceedance_brier,K-GEV,K-UGPD,K-GEV minus K-UGPD,complete_procedure_different_information,descriptive sensitivity; sign symmetry is an additional assumption,Metal_3,0.0
natural_tail,q95_exceedance_brier,K-GEV,K-UGPD,K-GEV minus K-UGPD,complete_procedure_different_information,descriptive sensitivity; sign symmetry is an additional assumption,Paper,0.0
natural_tail,q95_exceedance_brier,K-GEV,K-UGPD,K-GEV minus K-UGPD,complete_procedure_different_information,descriptive sensitivity; sign symmetry is an additional assumption,Steel_2,0.22499999999999998
natural_tail,q95_exceedance_brier,K-GTAIL,K-KDE,K-GTAIL minus K-KDE,complete_procedure_different_information,descriptive sensitivity; sign symmetry is an additional assumption,Cement_1,-0.22499999999999998
natural_tail,q95_exceedance_brier,K-GTAIL,K-KDE,K-GTAIL minus K-KDE,complete_procedure_different_information,descriptive sensitivity; sign symmetry is an additional assumption,Cement_2,0.0
natural_tail,q95_exceedance_brier,K-GTAIL,K-KDE,K-GTAIL minus K-KDE,complete_procedure_different_information,descriptive sensitivity; sign symmetry is an additional assumption,Forge_1,0.0
natural_tail,q95_exceedance_brier,K-GTAIL,K-KDE,K-GTAIL minus K-KDE,complete_procedure_different_information,descriptive sensitivity; sign symmetry is an additional assumption,Forge_2,0.0
natural_tail,q95_exceedance_brier,K-GTAIL,K-KDE,K-GTAIL minus K-KDE,complete_procedure_different_information,descriptive sensitivity; sign symmetry is an additional assumption,Metal_1,0.0
natural_tail,q95_exceedance_brier,K-GTAIL,K-KDE,K-GTAIL minus K-KDE,complete_procedure_different_information,descriptive sensitivity; sign symmetry is an additional assumption,Metal_3,0.0
natural_tail,q95_exceedance_brier,K-GTAIL,K-KDE,K-GTAIL minus K-KDE,complete_procedure_different_information,descriptive sensitivity; sign symmetry is an additional assumption,Paper,0.0
natural_tail,q95_exceedance_brier,K-GTAIL,K-KDE,K-GTAIL minus K-KDE,complete_procedure_different_information,descriptive sensitivity; sign symmetry is an additional assumption,Steel_2,0.0
natural_tail,q95_exceedance_brier,K-GTAIL,K-POINT,K-GTAIL minus K-POINT,complete_procedure_different_information,descriptive sensitivity; sign symmetry is an additional assumption,Cement_1,-0.675
natural_tail,q95_exceedance_brier,K-GTAIL,K-POINT,K-GTAIL minus K-POINT,complete_procedure_different_information,descriptive sensitivity; sign symmetry is an additional assumption,Cement_2,-0.22499999999999998
natural_tail,q95_exceedance_brier,K-GTAIL,K-POINT,K-GTAIL minus K-POINT,complete_procedure_different_information,descriptive sensitivity; sign symmetry is an additional assumption,Forge_1,0.0
natural_tail,q95_exceedance_brier,K-GTAIL,K-POINT,K-GTAIL minus K-POINT,complete_procedure_different_information,descriptive sensitivity; sign symmetry is an additional assumption,Forge_2,0.0
natural_tail,q95_exceedance_brier,K-GTAIL,K-POINT,K-GTAIL minus K-POINT,complete_procedure_different_information,descriptive sensitivity; sign symmetry is an additional assumption,Metal_1,-0.22499999999999998
natural_tail,q95_exceedance_brier,K-GTAIL,K-POINT,K-GTAIL minus K-POINT,complete_procedure_different_information,descriptive sensitivity; sign symmetry is an additional assumption,Metal_3,-0.45
natural_tail,q95_exceedance_brier,K-GTAIL,K-POINT,K-GTAIL minus K-POINT,complete_procedure_different_information,descriptive sensitivity; sign symmetry is an additional assumption,Paper,-0.22499999999999998
natural_tail,q95_exceedance_brier,K-GTAIL,K-POINT,K-GTAIL minus K-POINT,complete_procedure_different_information,descriptive sensitivity; sign symmetry is an additional assumption,Steel_2,-0.44999999999999996
natural_tail,q95_exceedance_brier,K-GTAIL,K-UGPD,K-GTAIL minus K-UGPD,detailed_history_same_information,descriptive sensitivity; sign symmetry is an additional assumption,Cement_1,-0.45
natural_tail,q95_exceedance_brier,K-GTAIL,K-UGPD,K-GTAIL minus K-UGPD,detailed_history_same_information,descriptive sensitivity; sign symmetry is an additional assumption,Cement_2,0.0
natural_tail,q95_exceedance_brier,K-GTAIL,K-UGPD,K-GTAIL minus K-UGPD,detailed_history_same_information,descriptive sensitivity; sign symmetry is an additional assumption,Forge_1,0.0
natural_tail,q95_exceedance_brier,K-GTAIL,K-UGPD,K-GTAIL minus K-UGPD,detailed_history_same_information,descriptive sensitivity; sign symmetry is an additional assumption,Forge_2,0.0
natural_tail,q95_exceedance_brier,K-GTAIL,K-UGPD,K-GTAIL minus K-UGPD,detailed_history_same_information,descriptive sensitivity; sign symmetry is an additional assumption,Metal_1,0.0
natural_tail,q95_exceedance_brier,K-GTAIL,K-UGPD,K-GTAIL minus K-UGPD,detailed_history_same_information,descriptive sensitivity; sign symmetry is an additional assumption,Metal_3,0.0
natural_tail,q95_exceedance_brier,K-GTAIL,K-UGPD,K-GTAIL minus K-UGPD,detailed_history_same_information,descriptive sensitivity; sign symmetry is an additional assumption,Paper,0.0
natural_tail,q95_exceedance_brier,K-GTAIL,K-UGPD,K-GTAIL minus K-UGPD,detailed_history_same_information,descriptive sensitivity; sign symmetry is an additional assumption,Steel_2,0.0
natural_tail,q95_exceedance_brier,K-KDE,K-POINT,K-KDE minus K-POINT,monthly_maxima_same_information,descriptive sensitivity; sign symmetry is an additional assumption,Cement_1,-0.45
natural_tail,q95_exceedance_brier,K-KDE,K-POINT,K-KDE minus K-POINT,monthly_maxima_same_information,descriptive sensitivity; sign symmetry is an additional assumption,Cement_2,-0.22499999999999998
natural_tail,q95_exceedance_brier,K-KDE,K-POINT,K-KDE minus K-POINT,monthly_maxima_same_information,descriptive sensitivity; sign symmetry is an additional assumption,Forge_1,0.0
natural_tail,q95_exceedance_brier,K-KDE,K-POINT,K-KDE minus K-POINT,monthly_maxima_same_information,descriptive sensitivity; sign symmetry is an additional assumption,Forge_2,0.0
natural_tail,q95_exceedance_brier,K-KDE,K-POINT,K-KDE minus K-POINT,monthly_maxima_same_information,descriptive sensitivity; sign symmetry is an additional assumption,Metal_1,-0.22499999999999998
natural_tail,q95_exceedance_brier,K-KDE,K-POINT,K-KDE minus K-POINT,monthly_maxima_same_information,descriptive sensitivity; sign symmetry is an additional assumption,Metal_3,-0.45
natural_tail,q95_exceedance_brier,K-KDE,K-POINT,K-KDE minus K-POINT,monthly_maxima_same_information,descriptive sensitivity; sign symmetry is an additional assumption,Paper,-0.22499999999999998
natural_tail,q95_exceedance_brier,K-KDE,K-POINT,K-KDE minus K-POINT,monthly_maxima_same_information,descriptive sensitivity; sign symmetry is an additional assumption,Steel_2,-0.44999999999999996
natural_tail,q95_exceedance_brier,K-KDE,K-UGPD,K-KDE minus K-UGPD,complete_procedure_different_information,descriptive sensitivity; sign symmetry is an additional assumption,Cement_1,-0.22500000000000003
natural_tail,q95_exceedance_brier,K-KDE,K-UGPD,K-KDE minus K-UGPD,complete_procedure_different_information,descriptive sensitivity; sign symmetry is an additional assumption,Cement_2,0.0
natural_tail,q95_exceedance_brier,K-KDE,K-UGPD,K-KDE minus K-UGPD,complete_procedure_different_information,descriptive sensitivity; sign symmetry is an additional assumption,Forge_1,0.0
natural_tail,q95_exceedance_brier,K-KDE,K-UGPD,K-KDE minus K-UGPD,complete_procedure_different_information,descriptive sensitivity; sign symmetry is an additional assumption,Forge_2,0.0
natural_tail,q95_exceedance_brier,K-KDE,K-UGPD,K-KDE minus K-UGPD,complete_procedure_different_information,descriptive sensitivity; sign symmetry is an additional assumption,Metal_1,0.0
natural_tail,q95_exceedance_brier,K-KDE,K-UGPD,K-KDE minus K-UGPD,complete_procedure_different_information,descriptive sensitivity; sign symmetry is an additional assumption,Metal_3,0.0
natural_tail,q95_exceedance_brier,K-KDE,K-UGPD,K-KDE minus K-UGPD,complete_procedure_different_information,descriptive sensitivity; sign symmetry is an additional assumption,Paper,0.0
natural_tail,q95_exceedance_brier,K-KDE,K-UGPD,K-KDE minus K-UGPD,complete_procedure_different_information,descriptive sensitivity; sign symmetry is an additional assumption,Steel_2,0.0
natural_tail,q95_exceedance_brier,K-POINT,K-UGPD,K-POINT minus K-UGPD,complete_procedure_different_information,descriptive sensitivity; sign symmetry is an additional assumption,Cement_1,0.22499999999999998
natural_tail,q95_exceedance_brier,K-POINT,K-UGPD,K-POINT minus K-UGPD,complete_procedure_different_information,descriptive sensitivity; sign symmetry is an additional assumption,Cement_2,0.22499999999999998
natural_tail,q95_exceedance_brier,K-POINT,K-UGPD,K-POINT minus K-UGPD,complete_procedure_different_information,descriptive sensitivity; sign symmetry is an additional assumption,Forge_1,0.0
natural_tail,q95_exceedance_brier,K-POINT,K-UGPD,K-POINT minus K-UGPD,complete_procedure_different_information,descriptive sensitivity; sign symmetry is an additional assumption,Forge_2,0.0
natural_tail,q95_exceedance_brier,K-POINT,K-UGPD,K-POINT minus K-UGPD,complete_procedure_different_information,descriptive sensitivity; sign symmetry is an additional assumption,Metal_1,0.22499999999999998
natural_tail,q95_exceedance_brier,K-POINT,K-UGPD,K-POINT minus K-UGPD,complete_procedure_different_information,descriptive sensitivity; sign symmetry is an additional assumption,Metal_3,0.45
natural_tail,q95_exceedance_brier,K-POINT,K-UGPD,K-POINT minus K-UGPD,complete_procedure_different_information,descriptive sensitivity; sign symmetry is an additional assumption,Paper,0.22499999999999998
natural_tail,q95_exceedance_brier,K-POINT,K-UGPD,K-POINT minus K-UGPD,complete_procedure_different_information,descriptive sensitivity; sign symmetry is an additional assumption,Steel_2,0.44999999999999996
natural_tail,q99_exceedance_brier,K-BLOCK,K-EMP,K-BLOCK minus K-EMP,complete_procedure_different_information,descriptive sensitivity; sign symmetry is an additional assumption,Cement_1,0.0
natural_tail,q99_exceedance_brier,K-BLOCK,K-EMP,K-BLOCK minus K-EMP,complete_procedure_different_information,descriptive sensitivity; sign symmetry is an additional assumption,Cement_2,0.0
natural_tail,q99_exceedance_brier,K-BLOCK,K-EMP,K-BLOCK minus K-EMP,complete_procedure_different_information,descriptive sensitivity; sign symmetry is an additional assumption,Forge_1,0.0
natural_tail,q99_exceedance_brier,K-BLOCK,K-EMP,K-BLOCK minus K-EMP,complete_procedure_different_information,descriptive sensitivity; sign symmetry is an additional assumption,Forge_2,0.0
natural_tail,q99_exceedance_brier,K-BLOCK,K-EMP,K-BLOCK minus K-EMP,complete_procedure_different_information,descriptive sensitivity; sign symmetry is an additional assumption,Metal_1,0.0
natural_tail,q99_exceedance_brier,K-BLOCK,K-EMP,K-BLOCK minus K-EMP,complete_procedure_different_information,descriptive sensitivity; sign symmetry is an additional assumption,Metal_3,0.0
natural_tail,q99_exceedance_brier,K-BLOCK,K-EMP,K-BLOCK minus K-EMP,complete_procedure_different_information,descriptive sensitivity; sign symmetry is an additional assumption,Paper,0.0
natural_tail,q99_exceedance_brier,K-BLOCK,K-EMP,K-BLOCK minus K-EMP,complete_procedure_different_information,descriptive sensitivity; sign symmetry is an additional assumption,Steel_2,0.0
natural_tail,q99_exceedance_brier,K-BLOCK,K-GEV,K-BLOCK minus K-GEV,complete_procedure_different_information,descriptive sensitivity; sign symmetry is an additional assumption,Cement_1,0.0
natural_tail,q99_exceedance_brier,K-BLOCK,K-GEV,K-BLOCK minus K-GEV,complete_procedure_different_information,descriptive sensitivity; sign symmetry is an additional assumption,Cement_2,0.0
natural_tail,q99_exceedance_brier,K-BLOCK,K-GEV,K-BLOCK minus K-GEV,complete_procedure_different_information,descriptive sensitivity; sign symmetry is an additional assumption,Forge_1,0.0
natural_tail,q99_exceedance_brier,K-BLOCK,K-GEV,K-BLOCK minus K-GEV,complete_procedure_different_information,descriptive sensitivity; sign symmetry is an additional assumption,Forge_2,0.0
natural_tail,q99_exceedance_brier,K-BLOCK,K-GEV,K-BLOCK minus K-GEV,complete_procedure_different_information,descriptive sensitivity; sign symmetry is an additional assumption,Metal_1,0.0
natural_tail,q99_exceedance_brier,K-BLOCK,K-GEV,K-BLOCK minus K-GEV,complete_procedure_different_information,descriptive sensitivity; sign symmetry is an additional assumption,Metal_3,0.245
natural_tail,q99_exceedance_brier,K-BLOCK,K-GEV,K-BLOCK minus K-GEV,complete_procedure_different_information,descriptive sensitivity; sign symmetry is an additional assumption,Paper,0.0
natural_tail,q99_exceedance_brier,K-BLOCK,K-GEV,K-BLOCK minus K-GEV,complete_procedure_different_information,descriptive sensitivity; sign symmetry is an additional assumption,Steel_2,0.0
natural_tail,q99_exceedance_brier,K-BLOCK,K-GTAIL,K-BLOCK minus K-GTAIL,detailed_history_same_information,descriptive sensitivity; sign symmetry is an additional assumption,Cement_1,0.49
natural_tail,q99_exceedance_brier,K-BLOCK,K-GTAIL,K-BLOCK minus K-GTAIL,detailed_history_same_information,descriptive sensitivity; sign symmetry is an additional assumption,Cement_2,0.0
natural_tail,q99_exceedance_brier,K-BLOCK,K-GTAIL,K-BLOCK minus K-GTAIL,detailed_history_same_information,descriptive sensitivity; sign symmetry is an additional assumption,Forge_1,0.0
natural_tail,q99_exceedance_brier,K-BLOCK,K-GTAIL,K-BLOCK minus K-GTAIL,detailed_history_same_information,descriptive sensitivity; sign symmetry is an additional assumption,Forge_2,0.245
natural_tail,q99_exceedance_brier,K-BLOCK,K-GTAIL,K-BLOCK minus K-GTAIL,detailed_history_same_information,descriptive sensitivity; sign symmetry is an additional assumption,Metal_1,0.0
natural_tail,q99_exceedance_brier,K-BLOCK,K-GTAIL,K-BLOCK minus K-GTAIL,detailed_history_same_information,descriptive sensitivity; sign symmetry is an additional assumption,Metal_3,0.245
natural_tail,q99_exceedance_brier,K-BLOCK,K-GTAIL,K-BLOCK minus K-GTAIL,detailed_history_same_information,descriptive sensitivity; sign symmetry is an additional assumption,Paper,0.0
natural_tail,q99_exceedance_brier,K-BLOCK,K-GTAIL,K-BLOCK minus K-GTAIL,detailed_history_same_information,descriptive sensitivity; sign symmetry is an additional assumption,Steel_2,0.245
natural_tail,q99_exceedance_brier,K-BLOCK,K-KDE,K-BLOCK minus K-KDE,complete_procedure_different_information,descriptive sensitivity; sign symmetry is an additional assumption,Cement_1,0.49
natural_tail,q99_exceedance_brier,K-BLOCK,K-KDE,K-BLOCK minus K-KDE,complete_procedure_different_information,descriptive sensitivity; sign symmetry is an additional assumption,Cement_2,0.0
natural_tail,q99_exceedance_brier,K-BLOCK,K-KDE,K-BLOCK minus K-KDE,complete_procedure_different_information,descriptive sensitivity; sign symmetry is an additional assumption,Forge_1,0.0
natural_tail,q99_exceedance_brier,K-BLOCK,K-KDE,K-BLOCK minus K-KDE,complete_procedure_different_information,descriptive sensitivity; sign symmetry is an additional assumption,Forge_2,0.245
natural_tail,q99_exceedance_brier,K-BLOCK,K-KDE,K-BLOCK minus K-KDE,complete_procedure_different_information,descriptive sensitivity; sign symmetry is an additional assumption,Metal_1,0.0
natural_tail,q99_exceedance_brier,K-BLOCK,K-KDE,K-BLOCK minus K-KDE,complete_procedure_different_information,descriptive sensitivity; sign symmetry is an additional assumption,Metal_3,0.245
natural_tail,q99_exceedance_brier,K-BLOCK,K-KDE,K-BLOCK minus K-KDE,complete_procedure_different_information,descriptive sensitivity; sign symmetry is an additional assumption,Paper,0.0
natural_tail,q99_exceedance_brier,K-BLOCK,K-KDE,K-BLOCK minus K-KDE,complete_procedure_different_information,descriptive sensitivity; sign symmetry is an additional assumption,Steel_2,0.245
natural_tail,q99_exceedance_brier,K-BLOCK,K-POINT,K-BLOCK minus K-POINT,complete_procedure_different_information,descriptive sensitivity; sign symmetry is an additional assumption,Cement_1,-0.245
natural_tail,q99_exceedance_brier,K-BLOCK,K-POINT,K-BLOCK minus K-POINT,complete_procedure_different_information,descriptive sensitivity; sign symmetry is an additional assumption,Cement_2,-0.245
natural_tail,q99_exceedance_brier,K-BLOCK,K-POINT,K-BLOCK minus K-POINT,complete_procedure_different_information,descriptive sensitivity; sign symmetry is an additional assumption,Forge_1,0.0
natural_tail,q99_exceedance_brier,K-BLOCK,K-POINT,K-BLOCK minus K-POINT,complete_procedure_different_information,descriptive sensitivity; sign symmetry is an additional assumption,Forge_2,0.0
natural_tail,q99_exceedance_brier,K-BLOCK,K-POINT,K-BLOCK minus K-POINT,complete_procedure_different_information,descriptive sensitivity; sign symmetry is an additional assumption,Metal_1,-0.245
natural_tail,q99_exceedance_brier,K-BLOCK,K-POINT,K-BLOCK minus K-POINT,complete_procedure_different_information,descriptive sensitivity; sign symmetry is an additional assumption,Metal_3,-0.245
natural_tail,q99_exceedance_brier,K-BLOCK,K-POINT,K-BLOCK minus K-POINT,complete_procedure_different_information,descriptive sensitivity; sign symmetry is an additional assumption,Paper,-0.245
natural_tail,q99_exceedance_brier,K-BLOCK,K-POINT,K-BLOCK minus K-POINT,complete_procedure_different_information,descriptive sensitivity; sign symmetry is an additional assumption,Steel_2,-0.245
natural_tail,q99_exceedance_brier,K-BLOCK,K-UGPD,K-BLOCK minus K-UGPD,detailed_history_same_information,descriptive sensitivity; sign symmetry is an additional assumption,Cement_1,0.49
natural_tail,q99_exceedance_brier,K-BLOCK,K-UGPD,K-BLOCK minus K-UGPD,detailed_history_same_information,descriptive sensitivity; sign symmetry is an additional assumption,Cement_2,0.0
natural_tail,q99_exceedance_brier,K-BLOCK,K-UGPD,K-BLOCK minus K-UGPD,detailed_history_same_information,descriptive sensitivity; sign symmetry is an additional assumption,Forge_1,0.0
natural_tail,q99_exceedance_brier,K-BLOCK,K-UGPD,K-BLOCK minus K-UGPD,detailed_history_same_information,descriptive sensitivity; sign symmetry is an additional assumption,Forge_2,0.245
natural_tail,q99_exceedance_brier,K-BLOCK,K-UGPD,K-BLOCK minus K-UGPD,detailed_history_same_information,descriptive sensitivity; sign symmetry is an additional assumption,Metal_1,0.0
natural_tail,q99_exceedance_brier,K-BLOCK,K-UGPD,K-BLOCK minus K-UGPD,detailed_history_same_information,descriptive sensitivity; sign symmetry is an additional assumption,Metal_3,0.245
natural_tail,q99_exceedance_brier,K-BLOCK,K-UGPD,K-BLOCK minus K-UGPD,detailed_history_same_information,descriptive sensitivity; sign symmetry is an additional assumption,Paper,0.0
natural_tail,q99_exceedance_brier,K-BLOCK,K-UGPD,K-BLOCK minus K-UGPD,detailed_history_same_information,descriptive sensitivity; sign symmetry is an additional assumption,Steel_2,0.245
natural_tail,q99_exceedance_brier,K-EMP,K-GEV,K-EMP minus K-GEV,monthly_maxima_same_information,descriptive sensitivity; sign symmetry is an additional assumption,Cement_1,0.0
natural_tail,q99_exceedance_brier,K-EMP,K-GEV,K-EMP minus K-GEV,monthly_maxima_same_information,descriptive sensitivity; sign symmetry is an additional assumption,Cement_2,0.0
natural_tail,q99_exceedance_brier,K-EMP,K-GEV,K-EMP minus K-GEV,monthly_maxima_same_information,descriptive sensitivity; sign symmetry is an additional assumption,Forge_1,0.0
natural_tail,q99_exceedance_brier,K-EMP,K-GEV,K-EMP minus K-GEV,monthly_maxima_same_information,descriptive sensitivity; sign symmetry is an additional assumption,Forge_2,0.0
natural_tail,q99_exceedance_brier,K-EMP,K-GEV,K-EMP minus K-GEV,monthly_maxima_same_information,descriptive sensitivity; sign symmetry is an additional assumption,Metal_1,0.0
natural_tail,q99_exceedance_brier,K-EMP,K-GEV,K-EMP minus K-GEV,monthly_maxima_same_information,descriptive sensitivity; sign symmetry is an additional assumption,Metal_3,0.245
natural_tail,q99_exceedance_brier,K-EMP,K-GEV,K-EMP minus K-GEV,monthly_maxima_same_information,descriptive sensitivity; sign symmetry is an additional assumption,Paper,0.0
natural_tail,q99_exceedance_brier,K-EMP,K-GEV,K-EMP minus K-GEV,monthly_maxima_same_information,descriptive sensitivity; sign symmetry is an additional assumption,Steel_2,0.0
natural_tail,q99_exceedance_brier,K-EMP,K-GTAIL,K-EMP minus K-GTAIL,complete_procedure_different_information,descriptive sensitivity; sign symmetry is an additional assumption,Cement_1,0.49
natural_tail,q99_exceedance_brier,K-EMP,K-GTAIL,K-EMP minus K-GTAIL,complete_procedure_different_information,descriptive sensitivity; sign symmetry is an additional assumption,Cement_2,0.0
natural_tail,q99_exceedance_brier,K-EMP,K-GTAIL,K-EMP minus K-GTAIL,complete_procedure_different_information,descriptive sensitivity; sign symmetry is an additional assumption,Forge_1,0.0
natural_tail,q99_exceedance_brier,K-EMP,K-GTAIL,K-EMP minus K-GTAIL,complete_procedure_different_information,descriptive sensitivity; sign symmetry is an additional assumption,Forge_2,0.245
natural_tail,q99_exceedance_brier,K-EMP,K-GTAIL,K-EMP minus K-GTAIL,complete_procedure_different_information,descriptive sensitivity; sign symmetry is an additional assumption,Metal_1,0.0
natural_tail,q99_exceedance_brier,K-EMP,K-GTAIL,K-EMP minus K-GTAIL,complete_procedure_different_information,descriptive sensitivity; sign symmetry is an additional assumption,Metal_3,0.245
natural_tail,q99_exceedance_brier,K-EMP,K-GTAIL,K-EMP minus K-GTAIL,complete_procedure_different_information,descriptive sensitivity; sign symmetry is an additional assumption,Paper,0.0
natural_tail,q99_exceedance_brier,K-EMP,K-GTAIL,K-EMP minus K-GTAIL,complete_procedure_different_information,descriptive sensitivity; sign symmetry is an additional assumption,Steel_2,0.245
natural_tail,q99_exceedance_brier,K-EMP,K-KDE,K-EMP minus K-KDE,monthly_maxima_same_information,descriptive sensitivity; sign symmetry is an additional assumption,Cement_1,0.49
natural_tail,q99_exceedance_brier,K-EMP,K-KDE,K-EMP minus K-KDE,monthly_maxima_same_information,descriptive sensitivity; sign symmetry is an additional assumption,Cement_2,0.0
natural_tail,q99_exceedance_brier,K-EMP,K-KDE,K-EMP minus K-KDE,monthly_maxima_same_information,descriptive sensitivity; sign symmetry is an additional assumption,Forge_1,0.0
natural_tail,q99_exceedance_brier,K-EMP,K-KDE,K-EMP minus K-KDE,monthly_maxima_same_information,descriptive sensitivity; sign symmetry is an additional assumption,Forge_2,0.245
natural_tail,q99_exceedance_brier,K-EMP,K-KDE,K-EMP minus K-KDE,monthly_maxima_same_information,descriptive sensitivity; sign symmetry is an additional assumption,Metal_1,0.0
natural_tail,q99_exceedance_brier,K-EMP,K-KDE,K-EMP minus K-KDE,monthly_maxima_same_information,descriptive sensitivity; sign symmetry is an additional assumption,Metal_3,0.245
natural_tail,q99_exceedance_brier,K-EMP,K-KDE,K-EMP minus K-KDE,monthly_maxima_same_information,descriptive sensitivity; sign symmetry is an additional assumption,Paper,0.0
natural_tail,q99_exceedance_brier,K-EMP,K-KDE,K-EMP minus K-KDE,monthly_maxima_same_information,descriptive sensitivity; sign symmetry is an additional assumption,Steel_2,0.245
natural_tail,q99_exceedance_brier,K-EMP,K-POINT,K-EMP minus K-POINT,monthly_maxima_same_information,descriptive sensitivity; sign symmetry is an additional assumption,Cement_1,-0.245
natural_tail,q99_exceedance_brier,K-EMP,K-POINT,K-EMP minus K-POINT,monthly_maxima_same_information,descriptive sensitivity; sign symmetry is an additional assumption,Cement_2,-0.245
natural_tail,q99_exceedance_brier,K-EMP,K-POINT,K-EMP minus K-POINT,monthly_maxima_same_information,descriptive sensitivity; sign symmetry is an additional assumption,Forge_1,0.0
natural_tail,q99_exceedance_brier,K-EMP,K-POINT,K-EMP minus K-POINT,monthly_maxima_same_information,descriptive sensitivity; sign symmetry is an additional assumption,Forge_2,0.0
natural_tail,q99_exceedance_brier,K-EMP,K-POINT,K-EMP minus K-POINT,monthly_maxima_same_information,descriptive sensitivity; sign symmetry is an additional assumption,Metal_1,-0.245
natural_tail,q99_exceedance_brier,K-EMP,K-POINT,K-EMP minus K-POINT,monthly_maxima_same_information,descriptive sensitivity; sign symmetry is an additional assumption,Metal_3,-0.245
natural_tail,q99_exceedance_brier,K-EMP,K-POINT,K-EMP minus K-POINT,monthly_maxima_same_information,descriptive sensitivity; sign symmetry is an additional assumption,Paper,-0.245
natural_tail,q99_exceedance_brier,K-EMP,K-POINT,K-EMP minus K-POINT,monthly_maxima_same_information,descriptive sensitivity; sign symmetry is an additional assumption,Steel_2,-0.245
natural_tail,q99_exceedance_brier,K-EMP,K-UGPD,K-EMP minus K-UGPD,complete_procedure_different_information,descriptive sensitivity; sign symmetry is an additional assumption,Cement_1,0.49
natural_tail,q99_exceedance_brier,K-EMP,K-UGPD,K-EMP minus K-UGPD,complete_procedure_different_information,descriptive sensitivity; sign symmetry is an additional assumption,Cement_2,0.0
natural_tail,q99_exceedance_brier,K-EMP,K-UGPD,K-EMP minus K-UGPD,complete_procedure_different_information,descriptive sensitivity; sign symmetry is an additional assumption,Forge_1,0.0
natural_tail,q99_exceedance_brier,K-EMP,K-UGPD,K-EMP minus K-UGPD,complete_procedure_different_information,descriptive sensitivity; sign symmetry is an additional assumption,Forge_2,0.245
natural_tail,q99_exceedance_brier,K-EMP,K-UGPD,K-EMP minus K-UGPD,complete_procedure_different_information,descriptive sensitivity; sign symmetry is an additional assumption,Metal_1,0.0
natural_tail,q99_exceedance_brier,K-EMP,K-UGPD,K-EMP minus K-UGPD,complete_procedure_different_information,descriptive sensitivity; sign symmetry is an additional assumption,Metal_3,0.245
natural_tail,q99_exceedance_brier,K-EMP,K-UGPD,K-EMP minus K-UGPD,complete_procedure_different_information,descriptive sensitivity; sign symmetry is an additional assumption,Paper,0.0
natural_tail,q99_exceedance_brier,K-EMP,K-UGPD,K-EMP minus K-UGPD,complete_procedure_different_information,descriptive sensitivity; sign symmetry is an additional assumption,Steel_2,0.245
natural_tail,q99_exceedance_brier,K-GEV,K-GTAIL,K-GEV minus K-GTAIL,complete_procedure_different_information,descriptive sensitivity; sign symmetry is an additional assumption,Cement_1,0.49
natural_tail,q99_exceedance_brier,K-GEV,K-GTAIL,K-GEV minus K-GTAIL,complete_procedure_different_information,descriptive sensitivity; sign symmetry is an additional assumption,Cement_2,0.0
natural_tail,q99_exceedance_brier,K-GEV,K-GTAIL,K-GEV minus K-GTAIL,complete_procedure_different_information,descriptive sensitivity; sign symmetry is an additional assumption,Forge_1,0.0
natural_tail,q99_exceedance_brier,K-GEV,K-GTAIL,K-GEV minus K-GTAIL,complete_procedure_different_information,descriptive sensitivity; sign symmetry is an additional assumption,Forge_2,0.245
natural_tail,q99_exceedance_brier,K-GEV,K-GTAIL,K-GEV minus K-GTAIL,complete_procedure_different_information,descriptive sensitivity; sign symmetry is an additional assumption,Metal_1,0.0
natural_tail,q99_exceedance_brier,K-GEV,K-GTAIL,K-GEV minus K-GTAIL,complete_procedure_different_information,descriptive sensitivity; sign symmetry is an additional assumption,Metal_3,0.0
natural_tail,q99_exceedance_brier,K-GEV,K-GTAIL,K-GEV minus K-GTAIL,complete_procedure_different_information,descriptive sensitivity; sign symmetry is an additional assumption,Paper,0.0
natural_tail,q99_exceedance_brier,K-GEV,K-GTAIL,K-GEV minus K-GTAIL,complete_procedure_different_information,descriptive sensitivity; sign symmetry is an additional assumption,Steel_2,0.245
natural_tail,q99_exceedance_brier,K-GEV,K-KDE,K-GEV minus K-KDE,monthly_maxima_same_information,descriptive sensitivity; sign symmetry is an additional assumption,Cement_1,0.49
natural_tail,q99_exceedance_brier,K-GEV,K-KDE,K-GEV minus K-KDE,monthly_maxima_same_information,descriptive sensitivity; sign symmetry is an additional assumption,Cement_2,0.0
natural_tail,q99_exceedance_brier,K-GEV,K-KDE,K-GEV minus K-KDE,monthly_maxima_same_information,descriptive sensitivity; sign symmetry is an additional assumption,Forge_1,0.0
natural_tail,q99_exceedance_brier,K-GEV,K-KDE,K-GEV minus K-KDE,monthly_maxima_same_information,descriptive sensitivity; sign symmetry is an additional assumption,Forge_2,0.245
natural_tail,q99_exceedance_brier,K-GEV,K-KDE,K-GEV minus K-KDE,monthly_maxima_same_information,descriptive sensitivity; sign symmetry is an additional assumption,Metal_1,0.0
natural_tail,q99_exceedance_brier,K-GEV,K-KDE,K-GEV minus K-KDE,monthly_maxima_same_information,descriptive sensitivity; sign symmetry is an additional assumption,Metal_3,0.0
natural_tail,q99_exceedance_brier,K-GEV,K-KDE,K-GEV minus K-KDE,monthly_maxima_same_information,descriptive sensitivity; sign symmetry is an additional assumption,Paper,0.0
natural_tail,q99_exceedance_brier,K-GEV,K-KDE,K-GEV minus K-KDE,monthly_maxima_same_information,descriptive sensitivity; sign symmetry is an additional assumption,Steel_2,0.245
natural_tail,q99_exceedance_brier,K-GEV,K-POINT,K-GEV minus K-POINT,monthly_maxima_same_information,descriptive sensitivity; sign symmetry is an additional assumption,Cement_1,-0.245
natural_tail,q99_exceedance_brier,K-GEV,K-POINT,K-GEV minus K-POINT,monthly_maxima_same_information,descriptive sensitivity; sign symmetry is an additional assumption,Cement_2,-0.245
natural_tail,q99_exceedance_brier,K-GEV,K-POINT,K-GEV minus K-POINT,monthly_maxima_same_information,descriptive sensitivity; sign symmetry is an additional assumption,Forge_1,0.0
natural_tail,q99_exceedance_brier,K-GEV,K-POINT,K-GEV minus K-POINT,monthly_maxima_same_information,descriptive sensitivity; sign symmetry is an additional assumption,Forge_2,0.0
natural_tail,q99_exceedance_brier,K-GEV,K-POINT,K-GEV minus K-POINT,monthly_maxima_same_information,descriptive sensitivity; sign symmetry is an additional assumption,Metal_1,-0.245
natural_tail,q99_exceedance_brier,K-GEV,K-POINT,K-GEV minus K-POINT,monthly_maxima_same_information,descriptive sensitivity; sign symmetry is an additional assumption,Metal_3,-0.49
natural_tail,q99_exceedance_brier,K-GEV,K-POINT,K-GEV minus K-POINT,monthly_maxima_same_information,descriptive sensitivity; sign symmetry is an additional assumption,Paper,-0.245
natural_tail,q99_exceedance_brier,K-GEV,K-POINT,K-GEV minus K-POINT,monthly_maxima_same_information,descriptive sensitivity; sign symmetry is an additional assumption,Steel_2,-0.245
natural_tail,q99_exceedance_brier,K-GEV,K-UGPD,K-GEV minus K-UGPD,complete_procedure_different_information,descriptive sensitivity; sign symmetry is an additional assumption,Cement_1,0.49
natural_tail,q99_exceedance_brier,K-GEV,K-UGPD,K-GEV minus K-UGPD,complete_procedure_different_information,descriptive sensitivity; sign symmetry is an additional assumption,Cement_2,0.0
natural_tail,q99_exceedance_brier,K-GEV,K-UGPD,K-GEV minus K-UGPD,complete_procedure_different_information,descriptive sensitivity; sign symmetry is an additional assumption,Forge_1,0.0
natural_tail,q99_exceedance_brier,K-GEV,K-UGPD,K-GEV minus K-UGPD,complete_procedure_different_information,descriptive sensitivity; sign symmetry is an additional assumption,Forge_2,0.245
natural_tail,q99_exceedance_brier,K-GEV,K-UGPD,K-GEV minus K-UGPD,complete_procedure_different_information,descriptive sensitivity; sign symmetry is an additional assumption,Metal_1,0.0
natural_tail,q99_exceedance_brier,K-GEV,K-UGPD,K-GEV minus K-UGPD,complete_procedure_different_information,descriptive sensitivity; sign symmetry is an additional assumption,Metal_3,0.0
natural_tail,q99_exceedance_brier,K-GEV,K-UGPD,K-GEV minus K-UGPD,complete_procedure_different_information,descriptive sensitivity; sign symmetry is an additional assumption,Paper,0.0
natural_tail,q99_exceedance_brier,K-GEV,K-UGPD,K-GEV minus K-UGPD,complete_procedure_different_information,descriptive sensitivity; sign symmetry is an additional assumption,Steel_2,0.245
natural_tail,q99_exceedance_brier,K-GTAIL,K-KDE,K-GTAIL minus K-KDE,complete_procedure_different_information,descriptive sensitivity; sign symmetry is an additional assumption,Cement_1,0.0
natural_tail,q99_exceedance_brier,K-GTAIL,K-KDE,K-GTAIL minus K-KDE,complete_procedure_different_information,descriptive sensitivity; sign symmetry is an additional assumption,Cement_2,0.0
natural_tail,q99_exceedance_brier,K-GTAIL,K-KDE,K-GTAIL minus K-KDE,complete_procedure_different_information,descriptive sensitivity; sign symmetry is an additional assumption,Forge_1,0.0
natural_tail,q99_exceedance_brier,K-GTAIL,K-KDE,K-GTAIL minus K-KDE,complete_procedure_different_information,descriptive sensitivity; sign symmetry is an additional assumption,Forge_2,0.0
natural_tail,q99_exceedance_brier,K-GTAIL,K-KDE,K-GTAIL minus K-KDE,complete_procedure_different_information,descriptive sensitivity; sign symmetry is an additional assumption,Metal_1,0.0
natural_tail,q99_exceedance_brier,K-GTAIL,K-KDE,K-GTAIL minus K-KDE,complete_procedure_different_information,descriptive sensitivity; sign symmetry is an additional assumption,Metal_3,0.0
natural_tail,q99_exceedance_brier,K-GTAIL,K-KDE,K-GTAIL minus K-KDE,complete_procedure_different_information,descriptive sensitivity; sign symmetry is an additional assumption,Paper,0.0
natural_tail,q99_exceedance_brier,K-GTAIL,K-KDE,K-GTAIL minus K-KDE,complete_procedure_different_information,descriptive sensitivity; sign symmetry is an additional assumption,Steel_2,0.0
natural_tail,q99_exceedance_brier,K-GTAIL,K-POINT,K-GTAIL minus K-POINT,complete_procedure_different_information,descriptive sensitivity; sign symmetry is an additional assumption,Cement_1,-0.735
natural_tail,q99_exceedance_brier,K-GTAIL,K-POINT,K-GTAIL minus K-POINT,complete_procedure_different_information,descriptive sensitivity; sign symmetry is an additional assumption,Cement_2,-0.245
natural_tail,q99_exceedance_brier,K-GTAIL,K-POINT,K-GTAIL minus K-POINT,complete_procedure_different_information,descriptive sensitivity; sign symmetry is an additional assumption,Forge_1,0.0
natural_tail,q99_exceedance_brier,K-GTAIL,K-POINT,K-GTAIL minus K-POINT,complete_procedure_different_information,descriptive sensitivity; sign symmetry is an additional assumption,Forge_2,-0.245
natural_tail,q99_exceedance_brier,K-GTAIL,K-POINT,K-GTAIL minus K-POINT,complete_procedure_different_information,descriptive sensitivity; sign symmetry is an additional assumption,Metal_1,-0.245
natural_tail,q99_exceedance_brier,K-GTAIL,K-POINT,K-GTAIL minus K-POINT,complete_procedure_different_information,descriptive sensitivity; sign symmetry is an additional assumption,Metal_3,-0.49
natural_tail,q99_exceedance_brier,K-GTAIL,K-POINT,K-GTAIL minus K-POINT,complete_procedure_different_information,descriptive sensitivity; sign symmetry is an additional assumption,Paper,-0.245
natural_tail,q99_exceedance_brier,K-GTAIL,K-POINT,K-GTAIL minus K-POINT,complete_procedure_different_information,descriptive sensitivity; sign symmetry is an additional assumption,Steel_2,-0.49
natural_tail,q99_exceedance_brier,K-GTAIL,K-UGPD,K-GTAIL minus K-UGPD,detailed_history_same_information,descriptive sensitivity; sign symmetry is an additional assumption,Cement_1,0.0
natural_tail,q99_exceedance_brier,K-GTAIL,K-UGPD,K-GTAIL minus K-UGPD,detailed_history_same_information,descriptive sensitivity; sign symmetry is an additional assumption,Cement_2,0.0
natural_tail,q99_exceedance_brier,K-GTAIL,K-UGPD,K-GTAIL minus K-UGPD,detailed_history_same_information,descriptive sensitivity; sign symmetry is an additional assumption,Forge_1,0.0
natural_tail,q99_exceedance_brier,K-GTAIL,K-UGPD,K-GTAIL minus K-UGPD,detailed_history_same_information,descriptive sensitivity; sign symmetry is an additional assumption,Forge_2,0.0
natural_tail,q99_exceedance_brier,K-GTAIL,K-UGPD,K-GTAIL minus K-UGPD,detailed_history_same_information,descriptive sensitivity; sign symmetry is an additional assumption,Metal_1,0.0
natural_tail,q99_exceedance_brier,K-GTAIL,K-UGPD,K-GTAIL minus K-UGPD,detailed_history_same_information,descriptive sensitivity; sign symmetry is an additional assumption,Metal_3,0.0
natural_tail,q99_exceedance_brier,K-GTAIL,K-UGPD,K-GTAIL minus K-UGPD,detailed_history_same_information,descriptive sensitivity; sign symmetry is an additional assumption,Paper,0.0
natural_tail,q99_exceedance_brier,K-GTAIL,K-UGPD,K-GTAIL minus K-UGPD,detailed_history_same_information,descriptive sensitivity; sign symmetry is an additional assumption,Steel_2,0.0
natural_tail,q99_exceedance_brier,K-KDE,K-POINT,K-KDE minus K-POINT,monthly_maxima_same_information,descriptive sensitivity; sign symmetry is an additional assumption,Cement_1,-0.735
natural_tail,q99_exceedance_brier,K-KDE,K-POINT,K-KDE minus K-POINT,monthly_maxima_same_information,descriptive sensitivity; sign symmetry is an additional assumption,Cement_2,-0.245
natural_tail,q99_exceedance_brier,K-KDE,K-POINT,K-KDE minus K-POINT,monthly_maxima_same_information,descriptive sensitivity; sign symmetry is an additional assumption,Forge_1,0.0
natural_tail,q99_exceedance_brier,K-KDE,K-POINT,K-KDE minus K-POINT,monthly_maxima_same_information,descriptive sensitivity; sign symmetry is an additional assumption,Forge_2,-0.245
natural_tail,q99_exceedance_brier,K-KDE,K-POINT,K-KDE minus K-POINT,monthly_maxima_same_information,descriptive sensitivity; sign symmetry is an additional assumption,Metal_1,-0.245
natural_tail,q99_exceedance_brier,K-KDE,K-POINT,K-KDE minus K-POINT,monthly_maxima_same_information,descriptive sensitivity; sign symmetry is an additional assumption,Metal_3,-0.49
natural_tail,q99_exceedance_brier,K-KDE,K-POINT,K-KDE minus K-POINT,monthly_maxima_same_information,descriptive sensitivity; sign symmetry is an additional assumption,Paper,-0.245
natural_tail,q99_exceedance_brier,K-KDE,K-POINT,K-KDE minus K-POINT,monthly_maxima_same_information,descriptive sensitivity; sign symmetry is an additional assumption,Steel_2,-0.49
natural_tail,q99_exceedance_brier,K-KDE,K-UGPD,K-KDE minus K-UGPD,complete_procedure_different_information,descriptive sensitivity; sign symmetry is an additional assumption,Cement_1,0.0
natural_tail,q99_exceedance_brier,K-KDE,K-UGPD,K-KDE minus K-UGPD,complete_procedure_different_information,descriptive sensitivity; sign symmetry is an additional assumption,Cement_2,0.0
natural_tail,q99_exceedance_brier,K-KDE,K-UGPD,K-KDE minus K-UGPD,complete_procedure_different_information,descriptive sensitivity; sign symmetry is an additional assumption,Forge_1,0.0
natural_tail,q99_exceedance_brier,K-KDE,K-UGPD,K-KDE minus K-UGPD,complete_procedure_different_information,descriptive sensitivity; sign symmetry is an additional assumption,Forge_2,0.0
natural_tail,q99_exceedance_brier,K-KDE,K-UGPD,K-KDE minus K-UGPD,complete_procedure_different_information,descriptive sensitivity; sign symmetry is an additional assumption,Metal_1,0.0
natural_tail,q99_exceedance_brier,K-KDE,K-UGPD,K-KDE minus K-UGPD,complete_procedure_different_information,descriptive sensitivity; sign symmetry is an additional assumption,Metal_3,0.0
natural_tail,q99_exceedance_brier,K-KDE,K-UGPD,K-KDE minus K-UGPD,complete_procedure_different_information,descriptive sensitivity; sign symmetry is an additional assumption,Paper,0.0
natural_tail,q99_exceedance_brier,K-KDE,K-UGPD,K-KDE minus K-UGPD,complete_procedure_different_information,descriptive sensitivity; sign symmetry is an additional assumption,Steel_2,0.0
natural_tail,q99_exceedance_brier,K-POINT,K-UGPD,K-POINT minus K-UGPD,complete_procedure_different_information,descriptive sensitivity; sign symmetry is an additional assumption,Cement_1,0.735
natural_tail,q99_exceedance_brier,K-POINT,K-UGPD,K-POINT minus K-UGPD,complete_procedure_different_information,descriptive sensitivity; sign symmetry is an additional assumption,Cement_2,0.245
natural_tail,q99_exceedance_brier,K-POINT,K-UGPD,K-POINT minus K-UGPD,complete_procedure_different_information,descriptive sensitivity; sign symmetry is an additional assumption,Forge_1,0.0
natural_tail,q99_exceedance_brier,K-POINT,K-UGPD,K-POINT minus K-UGPD,complete_procedure_different_information,descriptive sensitivity; sign symmetry is an additional assumption,Forge_2,0.245
natural_tail,q99_exceedance_brier,K-POINT,K-UGPD,K-POINT minus K-UGPD,complete_procedure_different_information,descriptive sensitivity; sign symmetry is an additional assumption,Metal_1,0.245
natural_tail,q99_exceedance_brier,K-POINT,K-UGPD,K-POINT minus K-UGPD,complete_procedure_different_information,descriptive sensitivity; sign symmetry is an additional assumption,Metal_3,0.49
natural_tail,q99_exceedance_brier,K-POINT,K-UGPD,K-POINT minus K-UGPD,complete_procedure_different_information,descriptive sensitivity; sign symmetry is an additional assumption,Paper,0.245
natural_tail,q99_exceedance_brier,K-POINT,K-UGPD,K-POINT minus K-UGPD,complete_procedure_different_information,descriptive sensitivity; sign symmetry is an additional assumption,Steel_2,0.49
