replication_id,history,cap,baseline,delta
0,12,BINDING,KDE-MC-JOINT,0.0
0,12,BINDING,EMP-JOINT,0.0
0,12,DISTANT,KDE-MC-JOINT,0.0
0,12,DISTANT,EMP-JOINT,0.0
0,12,Q999,KDE-MC-JOINT,0.0
0,12,Q999,EMP-JOINT,0.0
0,12,UNCAPPED,KDE-MC-JOINT,0.0
0,12,UNCAPPED,EMP-JOINT,0.0
0,24,BINDING,KDE-MC-JOINT,0.0
0,24,BINDING,EMP-JOINT,0.0
0,24,DISTANT,KDE-MC-JOINT,0.0
0,24,DISTANT,EMP-JOINT,0.0
0,24,Q999,KDE-MC-JOINT,0.0
0,24,Q999,EMP-JOINT,0.0
0,24,UNCAPPED,KDE-MC-JOINT,0.0
0,24,UNCAPPED,EMP-JOINT,0.0
1,12,BINDING,KDE-MC-JOINT,0.0
1,12,BINDING,EMP-JOINT,0.0
1,12,DISTANT,KDE-MC-JOINT,0.0
1,12,DISTANT,EMP-JOINT,0.0
1,12,Q999,KDE-MC-JOINT,0.0
1,12,Q999,EMP-JOINT,0.0
1,12,UNCAPPED,KDE-MC-JOINT,0.0
1,12,UNCAPPED,EMP-JOINT,0.0
1,24,BINDING,KDE-MC-JOINT,0.0
1,24,BINDING,EMP-JOINT,0.0
1,24,DISTANT,KDE-MC-JOINT,0.0
1,24,DISTANT,EMP-JOINT,0.0
1,24,Q999,KDE-MC-JOINT,0.0
1,24,Q999,EMP-JOINT,0.0
1,24,UNCAPPED,KDE-MC-JOINT,0.0
1,24,UNCAPPED,EMP-JOINT,0.0
2,12,BINDING,KDE-MC-JOINT,7.473948835020634
2,12,BINDING,EMP-JOINT,7.473948835020634
2,12,DISTANT,KDE-MC-JOINT,7.952557801085098
2,12,DISTANT,EMP-JOINT,7.952557801085098
2,12,Q999,KDE-MC-JOINT,0.0
2,12,Q999,EMP-JOINT,0.0
2,12,UNCAPPED,KDE-MC-JOINT,7.999999999999934
2,12,UNCAPPED,EMP-JOINT,0.0
2,24,BINDING,KDE-MC-JOINT,0.0
2,24,BINDING,EMP-JOINT,0.0
2,24,DISTANT,KDE-MC-JOINT,0.0
2,24,DISTANT,EMP-JOINT,0.0
2,24,Q999,KDE-MC-JOINT,0.0
2,24,Q999,EMP-JOINT,0.0
2,24,UNCAPPED,KDE-MC-JOINT,0.0
2,24,UNCAPPED,EMP-JOINT,0.0
3,12,BINDING,KDE-MC-JOINT,0.0
3,12,BINDING,EMP-JOINT,0.0
3,12,DISTANT,KDE-MC-JOINT,0.0
3,12,DISTANT,EMP-JOINT,0.0
3,12,Q999,KDE-MC-JOINT,0.0
3,12,Q999,EMP-JOINT,0.0
3,12,UNCAPPED,KDE-MC-JOINT,0.0
3,12,UNCAPPED,EMP-JOINT,0.0
3,24,BINDING,KDE-MC-JOINT,0.0
3,24,BINDING,EMP-JOINT,0.0
3,24,DISTANT,KDE-MC-JOINT,0.0
3,24,DISTANT,EMP-JOINT,0.0
3,24,Q999,KDE-MC-JOINT,0.0
3,24,Q999,EMP-JOINT,0.0
3,24,UNCAPPED,KDE-MC-JOINT,0.0
3,24,UNCAPPED,EMP-JOINT,0.0
4,12,BINDING,KDE-MC-JOINT,0.0
4,12,BINDING,EMP-JOINT,0.0
4,12,DISTANT,KDE-MC-JOINT,-7.952557801085098
4,12,DISTANT,EMP-JOINT,-7.952557801085098
4,12,Q999,KDE-MC-JOINT,0.0
4,12,Q999,EMP-JOINT,0.0
4,12,UNCAPPED,KDE-MC-JOINT,-7.999999999999934
4,12,UNCAPPED,EMP-JOINT,-7.999999999999934
4,24,BINDING,KDE-MC-JOINT,-7.473948835020634
4,24,BINDING,EMP-JOINT,-7.473948835020634
4,24,DISTANT,KDE-MC-JOINT,-10.572523553195
4,24,DISTANT,EMP-JOINT,-10.572523553195
4,24,Q999,KDE-MC-JOINT,-7.868878576806834
4,24,Q999,EMP-JOINT,-7.868878576806834
4,24,UNCAPPED,KDE-MC-JOINT,-10.666666666666636
4,24,UNCAPPED,EMP-JOINT,-10.666666666666636
5,12,BINDING,KDE-MC-JOINT,0.0
5,12,BINDING,EMP-JOINT,0.0
5,12,DISTANT,KDE-MC-JOINT,-2.7126262968654
5,12,DISTANT,EMP-JOINT,-2.7126262968654
5,12,Q999,KDE-MC-JOINT,-2.7936905453849663
5,12,Q999,EMP-JOINT,-2.7936905453849663
5,12,UNCAPPED,KDE-MC-JOINT,0.0
5,12,UNCAPPED,EMP-JOINT,0.0
5,24,BINDING,KDE-MC-JOINT,-2.1488350511402
5,24,BINDING,EMP-JOINT,-2.1488350511402
5,24,DISTANT,KDE-MC-JOINT,0.09266054475549987
5,24,DISTANT,EMP-JOINT,0.09266054475549987
5,24,Q999,KDE-MC-JOINT,-2.537594015711
5,24,Q999,EMP-JOINT,-2.537594015711
5,24,UNCAPPED,KDE-MC-JOINT,-2.6666666666667003
5,24,UNCAPPED,EMP-JOINT,-2.6666666666667003
6,12,BINDING,KDE-MC-JOINT,0.0
6,12,BINDING,EMP-JOINT,0.0
6,12,DISTANT,KDE-MC-JOINT,0.0
6,12,DISTANT,EMP-JOINT,0.0
6,12,Q999,KDE-MC-JOINT,0.0
6,12,Q999,EMP-JOINT,0.0
6,12,UNCAPPED,KDE-MC-JOINT,0.0
6,12,UNCAPPED,EMP-JOINT,0.0
6,24,BINDING,KDE-MC-JOINT,0.0
6,24,BINDING,EMP-JOINT,0.0
6,24,DISTANT,KDE-MC-JOINT,0.0
6,24,DISTANT,EMP-JOINT,0.0
6,24,Q999,KDE-MC-JOINT,0.0
6,24,Q999,EMP-JOINT,0.0
6,24,UNCAPPED,KDE-MC-JOINT,0.0
6,24,UNCAPPED,EMP-JOINT,0.0
7,12,BINDING,KDE-MC-JOINT,9.622783886160834
7,12,BINDING,EMP-JOINT,9.622783886160834
7,12,DISTANT,KDE-MC-JOINT,10.572523553195
7,12,DISTANT,EMP-JOINT,10.572523553195
7,12,Q999,KDE-MC-JOINT,2.537594015711
7,12,Q999,EMP-JOINT,2.537594015711
7,12,UNCAPPED,KDE-MC-JOINT,10.666666666666636
7,12,UNCAPPED,EMP-JOINT,10.666666666666636
7,24,BINDING,KDE-MC-JOINT,0.0
7,24,BINDING,EMP-JOINT,0.0
7,24,DISTANT,KDE-MC-JOINT,0.0
7,24,DISTANT,EMP-JOINT,0.0
7,24,Q999,KDE-MC-JOINT,-2.7936905453849663
7,24,Q999,EMP-JOINT,-2.7936905453849663
7,24,UNCAPPED,KDE-MC-JOINT,0.0
7,24,UNCAPPED,EMP-JOINT,0.0
8,12,BINDING,KDE-MC-JOINT,0.0
8,12,BINDING,EMP-JOINT,0.0
8,12,DISTANT,KDE-MC-JOINT,0.0
8,12,DISTANT,EMP-JOINT,7.952557801085098
8,12,Q999,KDE-MC-JOINT,0.0
8,12,Q999,EMP-JOINT,0.0
8,12,UNCAPPED,KDE-MC-JOINT,0.0
8,12,UNCAPPED,EMP-JOINT,0.0
8,24,BINDING,KDE-MC-JOINT,3.1762787327403332
8,24,BINDING,EMP-JOINT,3.1762787327403332
8,24,DISTANT,KDE-MC-JOINT,2.7126262968654
8,24,DISTANT,EMP-JOINT,2.7126262968654
8,24,Q999,KDE-MC-JOINT,2.7936905453849663
8,24,Q999,EMP-JOINT,2.7936905453849663
8,24,UNCAPPED,KDE-MC-JOINT,2.6666666666666665
8,24,UNCAPPED,EMP-JOINT,2.6666666666666665
9,12,BINDING,KDE-MC-JOINT,-6.4465051534205005
9,12,BINDING,EMP-JOINT,-6.4465051534205005
9,12,DISTANT,KDE-MC-JOINT,-7.8598972563295995
9,12,DISTANT,EMP-JOINT,-7.8598972563295995
9,12,Q999,KDE-MC-JOINT,-7.6127820471328675
9,12,Q999,EMP-JOINT,-7.6127820471328675
9,12,UNCAPPED,KDE-MC-JOINT,-7.999999999999969
9,12,UNCAPPED,EMP-JOINT,-7.999999999999969
9,24,BINDING,KDE-MC-JOINT,3.1762787327403332
9,24,BINDING,EMP-JOINT,3.1762787327403332
9,24,DISTANT,KDE-MC-JOINT,2.7126262968654
9,24,DISTANT,EMP-JOINT,0.0
9,24,Q999,KDE-MC-JOINT,2.7936905453849663
9,24,Q999,EMP-JOINT,2.7936905453849663
9,24,UNCAPPED,KDE-MC-JOINT,2.6666666666666665
9,24,UNCAPPED,EMP-JOINT,2.6666666666666665
10,12,BINDING,KDE-MC-JOINT,0.0
10,12,BINDING,EMP-JOINT,0.0
10,12,DISTANT,KDE-MC-JOINT,0.0
10,12,DISTANT,EMP-JOINT,0.0
10,12,Q999,KDE-MC-JOINT,0.0
10,12,Q999,EMP-JOINT,0.0
10,12,UNCAPPED,KDE-MC-JOINT,0.0
10,12,UNCAPPED,EMP-JOINT,0.0
10,24,BINDING,KDE-MC-JOINT,0.0
10,24,BINDING,EMP-JOINT,0.0
10,24,DISTANT,KDE-MC-JOINT,0.0
10,24,DISTANT,EMP-JOINT,0.0
10,24,Q999,KDE-MC-JOINT,0.0
10,24,Q999,EMP-JOINT,0.0
10,24,UNCAPPED,KDE-MC-JOINT,0.0
10,24,UNCAPPED,EMP-JOINT,0.0
11,12,BINDING,KDE-MC-JOINT,0.0
11,12,BINDING,EMP-JOINT,0.0
11,12,DISTANT,KDE-MC-JOINT,0.0
11,12,DISTANT,EMP-JOINT,0.0
11,12,Q999,KDE-MC-JOINT,0.0
11,12,Q999,EMP-JOINT,0.0
11,12,UNCAPPED,KDE-MC-JOINT,0.0
11,12,UNCAPPED,EMP-JOINT,0.0
11,24,BINDING,KDE-MC-JOINT,0.0
11,24,BINDING,EMP-JOINT,0.0
11,24,DISTANT,KDE-MC-JOINT,0.0
11,24,DISTANT,EMP-JOINT,0.0
11,24,Q999,KDE-MC-JOINT,0.0
11,24,Q999,EMP-JOINT,0.0
11,24,UNCAPPED,KDE-MC-JOINT,0.0
11,24,UNCAPPED,EMP-JOINT,0.0
12,12,BINDING,KDE-MC-JOINT,6.4465051534205005
12,12,BINDING,EMP-JOINT,6.4465051534205005
12,12,DISTANT,KDE-MC-JOINT,7.8598972563295995
12,12,DISTANT,EMP-JOINT,7.8598972563295995
12,12,Q999,KDE-MC-JOINT,7.6127820471328675
12,12,Q999,EMP-JOINT,7.6127820471328675
12,12,UNCAPPED,KDE-MC-JOINT,7.999999999999969
12,12,UNCAPPED,EMP-JOINT,7.999999999999969
12,24,BINDING,KDE-MC-JOINT,-1.0274436816001329
12,24,BINDING,EMP-JOINT,-1.0274436816001329
12,24,DISTANT,KDE-MC-JOINT,-0.09266054475549987
12,24,DISTANT,EMP-JOINT,-0.09266054475549987
12,24,Q999,KDE-MC-JOINT,-2.7936905453849663
12,24,Q999,EMP-JOINT,-2.7936905453849663
12,24,UNCAPPED,KDE-MC-JOINT,-2.6666666666666665
12,24,UNCAPPED,EMP-JOINT,-2.6666666666666665
13,12,BINDING,KDE-MC-JOINT,-3.1762787327403332
13,12,BINDING,EMP-JOINT,-3.1762787327403332
13,12,DISTANT,KDE-MC-JOINT,-2.7126262968654
13,12,DISTANT,EMP-JOINT,-2.7126262968654
13,12,Q999,KDE-MC-JOINT,-2.7936905453849663
13,12,Q999,EMP-JOINT,-2.7936905453849663
13,12,UNCAPPED,KDE-MC-JOINT,-2.6666666666666665
13,12,UNCAPPED,EMP-JOINT,-2.6666666666666665
13,24,BINDING,KDE-MC-JOINT,0.0
13,24,BINDING,EMP-JOINT,0.0
13,24,DISTANT,KDE-MC-JOINT,0.0
13,24,DISTANT,EMP-JOINT,0.0
13,24,Q999,KDE-MC-JOINT,0.0
13,24,Q999,EMP-JOINT,0.0
13,24,UNCAPPED,KDE-MC-JOINT,0.0
13,24,UNCAPPED,EMP-JOINT,0.0
14,12,BINDING,KDE-MC-JOINT,0.0
14,12,BINDING,EMP-JOINT,0.0
14,12,DISTANT,KDE-MC-JOINT,0.0
14,12,DISTANT,EMP-JOINT,0.0
14,12,Q999,KDE-MC-JOINT,0.0
14,12,Q999,EMP-JOINT,0.0
14,12,UNCAPPED,KDE-MC-JOINT,0.0
14,12,UNCAPPED,EMP-JOINT,0.0
14,24,BINDING,KDE-MC-JOINT,0.0
14,24,BINDING,EMP-JOINT,0.0
14,24,DISTANT,KDE-MC-JOINT,0.0
14,24,DISTANT,EMP-JOINT,0.0
14,24,Q999,KDE-MC-JOINT,0.0
14,24,Q999,EMP-JOINT,0.0
14,24,UNCAPPED,KDE-MC-JOINT,0.0
14,24,UNCAPPED,EMP-JOINT,0.0
15,12,BINDING,KDE-MC-JOINT,7.473948835020634
15,12,BINDING,EMP-JOINT,7.473948835020634
15,12,DISTANT,KDE-MC-JOINT,7.952557801085098
15,12,DISTANT,EMP-JOINT,7.952557801085098
15,12,Q999,KDE-MC-JOINT,0.0
15,12,Q999,EMP-JOINT,0.0
15,12,UNCAPPED,KDE-MC-JOINT,7.999999999999934
15,12,UNCAPPED,EMP-JOINT,7.999999999999934
15,24,BINDING,KDE-MC-JOINT,0.0
15,24,BINDING,EMP-JOINT,0.0
15,24,DISTANT,KDE-MC-JOINT,0.0
15,24,DISTANT,EMP-JOINT,0.0
15,24,Q999,KDE-MC-JOINT,0.0
15,24,Q999,EMP-JOINT,0.0
15,24,UNCAPPED,KDE-MC-JOINT,0.0
15,24,UNCAPPED,EMP-JOINT,0.0
16,12,BINDING,KDE-MC-JOINT,0.0
16,12,BINDING,EMP-JOINT,7.473948835020634
16,12,DISTANT,KDE-MC-JOINT,7.952557801085098
16,12,DISTANT,EMP-JOINT,7.952557801085098
16,12,Q999,KDE-MC-JOINT,0.0
16,12,Q999,EMP-JOINT,-7.868878576806834
16,12,UNCAPPED,KDE-MC-JOINT,7.999999999999934
16,12,UNCAPPED,EMP-JOINT,7.999999999999934
16,24,BINDING,KDE-MC-JOINT,0.0
16,24,BINDING,EMP-JOINT,0.0
16,24,DISTANT,KDE-MC-JOINT,0.0
16,24,DISTANT,EMP-JOINT,0.0
16,24,Q999,KDE-MC-JOINT,0.0
16,24,Q999,EMP-JOINT,0.0
16,24,UNCAPPED,KDE-MC-JOINT,-2.6666666666667003
16,24,UNCAPPED,EMP-JOINT,-2.6666666666667003
17,12,BINDING,KDE-MC-JOINT,1.0274436816001329
17,12,BINDING,EMP-JOINT,1.0274436816001329
17,12,DISTANT,KDE-MC-JOINT,0.09266054475549987
17,12,DISTANT,EMP-JOINT,0.09266054475549987
17,12,Q999,KDE-MC-JOINT,0.2560965296739665
17,12,Q999,EMP-JOINT,0.2560965296739665
17,12,UNCAPPED,KDE-MC-JOINT,-3.382710778154774e-14
17,12,UNCAPPED,EMP-JOINT,-3.382710778154774e-14
17,24,BINDING,KDE-MC-JOINT,0.0
17,24,BINDING,EMP-JOINT,0.0
17,24,DISTANT,KDE-MC-JOINT,0.0
17,24,DISTANT,EMP-JOINT,0.0
17,24,Q999,KDE-MC-JOINT,0.0
17,24,Q999,EMP-JOINT,0.0
17,24,UNCAPPED,KDE-MC-JOINT,0.0
17,24,UNCAPPED,EMP-JOINT,0.0
18,12,BINDING,KDE-MC-JOINT,-1.0274436816001329
18,12,BINDING,EMP-JOINT,-1.0274436816001329
18,12,DISTANT,KDE-MC-JOINT,-0.09266054475549987
18,12,DISTANT,EMP-JOINT,-0.09266054475549987
18,12,Q999,KDE-MC-JOINT,-0.2560965296739665
18,12,Q999,EMP-JOINT,-0.2560965296739665
18,12,UNCAPPED,KDE-MC-JOINT,-2.6666666666666665
18,12,UNCAPPED,EMP-JOINT,-2.6666666666666665
18,24,BINDING,KDE-MC-JOINT,0.0
18,24,BINDING,EMP-JOINT,-3.1762787327403332
18,24,DISTANT,KDE-MC-JOINT,0.0
18,24,DISTANT,EMP-JOINT,0.0
18,24,Q999,KDE-MC-JOINT,0.0
18,24,Q999,EMP-JOINT,0.0
18,24,UNCAPPED,KDE-MC-JOINT,0.0
18,24,UNCAPPED,EMP-JOINT,0.0
19,12,BINDING,KDE-MC-JOINT,0.0
19,12,BINDING,EMP-JOINT,0.0
19,12,DISTANT,KDE-MC-JOINT,0.0
19,12,DISTANT,EMP-JOINT,0.0
19,12,Q999,KDE-MC-JOINT,0.0
19,12,Q999,EMP-JOINT,0.0
19,12,UNCAPPED,KDE-MC-JOINT,0.0
19,12,UNCAPPED,EMP-JOINT,0.0
19,24,BINDING,KDE-MC-JOINT,0.0
19,24,BINDING,EMP-JOINT,0.0
19,24,DISTANT,KDE-MC-JOINT,-2.7126262968654
19,24,DISTANT,EMP-JOINT,-2.7126262968654
19,24,Q999,KDE-MC-JOINT,-2.7936905453849663
19,24,Q999,EMP-JOINT,-2.7936905453849663
19,24,UNCAPPED,KDE-MC-JOINT,-2.6666666666666665
19,24,UNCAPPED,EMP-JOINT,-2.6666666666666665
20,12,BINDING,KDE-MC-JOINT,0.0
20,12,BINDING,EMP-JOINT,0.0
20,12,DISTANT,KDE-MC-JOINT,0.0
20,12,DISTANT,EMP-JOINT,0.0
20,12,Q999,KDE-MC-JOINT,0.0
20,12,Q999,EMP-JOINT,0.0
20,12,UNCAPPED,KDE-MC-JOINT,0.0
20,12,UNCAPPED,EMP-JOINT,0.0
20,24,BINDING,KDE-MC-JOINT,-2.1488350511402
20,24,BINDING,EMP-JOINT,0.0
20,24,DISTANT,KDE-MC-JOINT,0.0
20,24,DISTANT,EMP-JOINT,-2.6199657521099002
20,24,Q999,KDE-MC-JOINT,2.7936905453849663
20,24,Q999,EMP-JOINT,2.7936905453849663
20,24,UNCAPPED,KDE-MC-JOINT,2.6666666666666665
20,24,UNCAPPED,EMP-JOINT,2.6666666666666665
21,12,BINDING,KDE-MC-JOINT,-9.622783886160834
21,12,BINDING,EMP-JOINT,-9.622783886160834
21,12,DISTANT,KDE-MC-JOINT,-10.572523553195
21,12,DISTANT,EMP-JOINT,-10.572523553195
21,12,Q999,KDE-MC-JOINT,-10.406472592517833
21,12,Q999,EMP-JOINT,-10.406472592517833
21,12,UNCAPPED,KDE-MC-JOINT,-10.666666666666636
21,12,UNCAPPED,EMP-JOINT,-10.666666666666636
21,24,BINDING,KDE-MC-JOINT,0.0
21,24,BINDING,EMP-JOINT,0.0
21,24,DISTANT,KDE-MC-JOINT,0.0
21,24,DISTANT,EMP-JOINT,0.0
21,24,Q999,KDE-MC-JOINT,0.0
21,24,Q999,EMP-JOINT,0.0
21,24,UNCAPPED,KDE-MC-JOINT,0.0
21,24,UNCAPPED,EMP-JOINT,0.0
22,12,BINDING,KDE-MC-JOINT,0.0
22,12,BINDING,EMP-JOINT,7.473948835020634
22,12,DISTANT,KDE-MC-JOINT,7.952557801085098
22,12,DISTANT,EMP-JOINT,7.952557801085098
22,12,Q999,KDE-MC-JOINT,7.868878576806834
22,12,Q999,EMP-JOINT,7.868878576806834
22,12,UNCAPPED,KDE-MC-JOINT,7.999999999999934
22,12,UNCAPPED,EMP-JOINT,0.0
22,24,BINDING,KDE-MC-JOINT,-9.622783886160834
22,24,BINDING,EMP-JOINT,-9.622783886160834
22,24,DISTANT,KDE-MC-JOINT,-10.572523553195
22,24,DISTANT,EMP-JOINT,-10.572523553195
22,24,Q999,KDE-MC-JOINT,-7.6127820471328675
22,24,Q999,EMP-JOINT,-7.6127820471328675
22,24,UNCAPPED,KDE-MC-JOINT,-10.666666666666636
22,24,UNCAPPED,EMP-JOINT,-10.666666666666636
23,12,BINDING,KDE-MC-JOINT,6.4465051534205005
23,12,BINDING,EMP-JOINT,6.4465051534205005
23,12,DISTANT,KDE-MC-JOINT,7.8598972563295995
23,12,DISTANT,EMP-JOINT,7.8598972563295995
23,12,Q999,KDE-MC-JOINT,7.6127820471328675
23,12,Q999,EMP-JOINT,7.6127820471328675
23,12,UNCAPPED,KDE-MC-JOINT,7.999999999999969
23,12,UNCAPPED,EMP-JOINT,7.999999999999969
23,24,BINDING,KDE-MC-JOINT,0.0
23,24,BINDING,EMP-JOINT,0.0
23,24,DISTANT,KDE-MC-JOINT,0.0
23,24,DISTANT,EMP-JOINT,0.0
23,24,Q999,KDE-MC-JOINT,0.0
23,24,Q999,EMP-JOINT,0.0
23,24,UNCAPPED,KDE-MC-JOINT,0.0
23,24,UNCAPPED,EMP-JOINT,0.0
24,12,BINDING,KDE-MC-JOINT,0.0
24,12,BINDING,EMP-JOINT,0.0
24,12,DISTANT,KDE-MC-JOINT,0.0
24,12,DISTANT,EMP-JOINT,0.0
24,12,Q999,KDE-MC-JOINT,0.0
24,12,Q999,EMP-JOINT,0.0
24,12,UNCAPPED,KDE-MC-JOINT,0.0
24,12,UNCAPPED,EMP-JOINT,0.0
24,24,BINDING,KDE-MC-JOINT,0.0
24,24,BINDING,EMP-JOINT,0.0
24,24,DISTANT,KDE-MC-JOINT,2.7126262968654
24,24,DISTANT,EMP-JOINT,2.7126262968654
24,24,Q999,KDE-MC-JOINT,0.0
24,24,Q999,EMP-JOINT,0.0
24,24,UNCAPPED,KDE-MC-JOINT,2.6666666666666665
24,24,UNCAPPED,EMP-JOINT,2.6666666666666665
25,12,BINDING,KDE-MC-JOINT,0.0
25,12,BINDING,EMP-JOINT,0.0
25,12,DISTANT,KDE-MC-JOINT,-2.7126262968654
25,12,DISTANT,EMP-JOINT,-2.7126262968654
25,12,Q999,KDE-MC-JOINT,0.0
25,12,Q999,EMP-JOINT,0.0
25,12,UNCAPPED,KDE-MC-JOINT,0.0
25,12,UNCAPPED,EMP-JOINT,0.0
25,24,BINDING,KDE-MC-JOINT,-3.1762787327403332
25,24,BINDING,EMP-JOINT,-3.1762787327403332
25,24,DISTANT,KDE-MC-JOINT,-2.7126262968654
25,24,DISTANT,EMP-JOINT,-2.7126262968654
25,24,Q999,KDE-MC-JOINT,-2.7936905453849663
25,24,Q999,EMP-JOINT,-2.7936905453849663
25,24,UNCAPPED,KDE-MC-JOINT,-2.6666666666666665
25,24,UNCAPPED,EMP-JOINT,-2.6666666666666665
26,12,BINDING,KDE-MC-JOINT,0.0
26,12,BINDING,EMP-JOINT,0.0
26,12,DISTANT,KDE-MC-JOINT,0.0
26,12,DISTANT,EMP-JOINT,0.0
26,12,Q999,KDE-MC-JOINT,0.0
26,12,Q999,EMP-JOINT,0.0
26,12,UNCAPPED,KDE-MC-JOINT,0.0
26,12,UNCAPPED,EMP-JOINT,0.0
26,24,BINDING,KDE-MC-JOINT,-3.1762787327403332
26,24,BINDING,EMP-JOINT,-3.1762787327403332
26,24,DISTANT,KDE-MC-JOINT,-0.09266054475549987
26,24,DISTANT,EMP-JOINT,-0.09266054475549987
26,24,Q999,KDE-MC-JOINT,-0.2560965296739665
26,24,Q999,EMP-JOINT,-0.2560965296739665
26,24,UNCAPPED,KDE-MC-JOINT,-2.6666666666666665
26,24,UNCAPPED,EMP-JOINT,-2.6666666666666665
27,12,BINDING,KDE-MC-JOINT,7.473948835020634
27,12,BINDING,EMP-JOINT,7.473948835020634
27,12,DISTANT,KDE-MC-JOINT,7.952557801085098
27,12,DISTANT,EMP-JOINT,7.952557801085098
27,12,Q999,KDE-MC-JOINT,0.0
27,12,Q999,EMP-JOINT,7.868878576806834
27,12,UNCAPPED,KDE-MC-JOINT,7.999999999999934
27,12,UNCAPPED,EMP-JOINT,0.0
27,24,BINDING,KDE-MC-JOINT,-9.622783886160834
27,24,BINDING,EMP-JOINT,-9.622783886160834
27,24,DISTANT,KDE-MC-JOINT,-10.572523553195
27,24,DISTANT,EMP-JOINT,-10.572523553195
27,24,Q999,KDE-MC-JOINT,-10.406472592517833
27,24,Q999,EMP-JOINT,-10.406472592517833
27,24,UNCAPPED,KDE-MC-JOINT,-10.666666666666636
27,24,UNCAPPED,EMP-JOINT,-10.666666666666636
28,12,BINDING,KDE-MC-JOINT,-7.473948835020634
28,12,BINDING,EMP-JOINT,-7.473948835020634
28,12,DISTANT,KDE-MC-JOINT,-7.952557801085098
28,12,DISTANT,EMP-JOINT,-7.952557801085098
28,12,Q999,KDE-MC-JOINT,0.0
28,12,Q999,EMP-JOINT,0.0
28,12,UNCAPPED,KDE-MC-JOINT,-7.999999999999934
28,12,UNCAPPED,EMP-JOINT,-7.999999999999934
28,24,BINDING,KDE-MC-JOINT,0.0
28,24,BINDING,EMP-JOINT,0.0
28,24,DISTANT,KDE-MC-JOINT,0.0
28,24,DISTANT,EMP-JOINT,0.0
28,24,Q999,KDE-MC-JOINT,0.0
28,24,Q999,EMP-JOINT,0.0
28,24,UNCAPPED,KDE-MC-JOINT,0.0
28,24,UNCAPPED,EMP-JOINT,0.0
29,12,BINDING,KDE-MC-JOINT,0.0
29,12,BINDING,EMP-JOINT,0.0
29,12,DISTANT,KDE-MC-JOINT,0.0
29,12,DISTANT,EMP-JOINT,0.0
29,12,Q999,KDE-MC-JOINT,0.0
29,12,Q999,EMP-JOINT,0.0
29,12,UNCAPPED,KDE-MC-JOINT,0.0
29,12,UNCAPPED,EMP-JOINT,0.0
29,24,BINDING,KDE-MC-JOINT,0.0
29,24,BINDING,EMP-JOINT,0.0
29,24,DISTANT,KDE-MC-JOINT,0.0
29,24,DISTANT,EMP-JOINT,0.0
29,24,Q999,KDE-MC-JOINT,0.0
29,24,Q999,EMP-JOINT,0.0
29,24,UNCAPPED,KDE-MC-JOINT,0.0
29,24,UNCAPPED,EMP-JOINT,0.0
30,12,BINDING,KDE-MC-JOINT,0.0
30,12,BINDING,EMP-JOINT,0.0
30,12,DISTANT,KDE-MC-JOINT,0.0
30,12,DISTANT,EMP-JOINT,0.0
30,12,Q999,KDE-MC-JOINT,0.0
30,12,Q999,EMP-JOINT,0.0
30,12,UNCAPPED,KDE-MC-JOINT,0.0
30,12,UNCAPPED,EMP-JOINT,0.0
30,24,BINDING,KDE-MC-JOINT,0.0
30,24,BINDING,EMP-JOINT,0.0
30,24,DISTANT,KDE-MC-JOINT,2.6199657521099002
30,24,DISTANT,EMP-JOINT,2.6199657521099002
30,24,Q999,KDE-MC-JOINT,0.0
30,24,Q999,EMP-JOINT,0.0
30,24,UNCAPPED,KDE-MC-JOINT,2.6666666666666665
30,24,UNCAPPED,EMP-JOINT,2.6666666666666665
31,12,BINDING,KDE-MC-JOINT,0.0
31,12,BINDING,EMP-JOINT,0.0
31,12,DISTANT,KDE-MC-JOINT,0.0
31,12,DISTANT,EMP-JOINT,0.0
31,12,Q999,KDE-MC-JOINT,0.0
31,12,Q999,EMP-JOINT,0.0
31,12,UNCAPPED,KDE-MC-JOINT,0.0
31,12,UNCAPPED,EMP-JOINT,0.0
31,24,BINDING,KDE-MC-JOINT,0.0
31,24,BINDING,EMP-JOINT,0.0
31,24,DISTANT,KDE-MC-JOINT,0.0
31,24,DISTANT,EMP-JOINT,0.0
31,24,Q999,KDE-MC-JOINT,0.0
31,24,Q999,EMP-JOINT,0.0
31,24,UNCAPPED,KDE-MC-JOINT,0.0
31,24,UNCAPPED,EMP-JOINT,0.0
32,12,BINDING,KDE-MC-JOINT,0.0
32,12,BINDING,EMP-JOINT,0.0
32,12,DISTANT,KDE-MC-JOINT,0.0
32,12,DISTANT,EMP-JOINT,0.0
32,12,Q999,KDE-MC-JOINT,0.0
32,12,Q999,EMP-JOINT,0.0
32,12,UNCAPPED,KDE-MC-JOINT,0.0
32,12,UNCAPPED,EMP-JOINT,0.0
32,24,BINDING,KDE-MC-JOINT,7.473948835020634
32,24,BINDING,EMP-JOINT,7.473948835020634
32,24,DISTANT,KDE-MC-JOINT,7.952557801085098
32,24,DISTANT,EMP-JOINT,7.952557801085098
32,24,Q999,KDE-MC-JOINT,7.868878576806834
32,24,Q999,EMP-JOINT,7.868878576806834
32,24,UNCAPPED,KDE-MC-JOINT,7.999999999999934
32,24,UNCAPPED,EMP-JOINT,7.999999999999934
33,12,BINDING,KDE-MC-JOINT,0.0
33,12,BINDING,EMP-JOINT,0.0
33,12,DISTANT,KDE-MC-JOINT,0.0
33,12,DISTANT,EMP-JOINT,0.0
33,12,Q999,KDE-MC-JOINT,0.0
33,12,Q999,EMP-JOINT,0.0
33,12,UNCAPPED,KDE-MC-JOINT,0.0
33,12,UNCAPPED,EMP-JOINT,0.0
33,24,BINDING,KDE-MC-JOINT,0.0
33,24,BINDING,EMP-JOINT,2.1488350511402
33,24,DISTANT,KDE-MC-JOINT,2.6199657521099002
33,24,DISTANT,EMP-JOINT,0.0
33,24,Q999,KDE-MC-JOINT,0.0
33,24,Q999,EMP-JOINT,2.537594015711
33,24,UNCAPPED,KDE-MC-JOINT,2.6666666666667003
33,24,UNCAPPED,EMP-JOINT,2.6666666666667003
34,12,BINDING,KDE-MC-JOINT,0.0
34,12,BINDING,EMP-JOINT,0.0
34,12,DISTANT,KDE-MC-JOINT,0.0
34,12,DISTANT,EMP-JOINT,0.0
34,12,Q999,KDE-MC-JOINT,0.0
34,12,Q999,EMP-JOINT,0.0
34,12,UNCAPPED,KDE-MC-JOINT,0.0
34,12,UNCAPPED,EMP-JOINT,0.0
34,24,BINDING,KDE-MC-JOINT,0.0
34,24,BINDING,EMP-JOINT,0.0
34,24,DISTANT,KDE-MC-JOINT,0.0
34,24,DISTANT,EMP-JOINT,0.0
34,24,Q999,KDE-MC-JOINT,0.0
34,24,Q999,EMP-JOINT,0.0
34,24,UNCAPPED,KDE-MC-JOINT,0.0
34,24,UNCAPPED,EMP-JOINT,0.0
35,12,BINDING,KDE-MC-JOINT,-1.0274436816001329
35,12,BINDING,EMP-JOINT,-1.0274436816001329
35,12,DISTANT,KDE-MC-JOINT,-0.09266054475549987
35,12,DISTANT,EMP-JOINT,-0.09266054475549987
35,12,Q999,KDE-MC-JOINT,-0.2560965296739665
35,12,Q999,EMP-JOINT,-0.2560965296739665
35,12,UNCAPPED,KDE-MC-JOINT,3.382710778154774e-14
35,12,UNCAPPED,EMP-JOINT,3.382710778154774e-14
35,24,BINDING,KDE-MC-JOINT,-3.1762787327403332
35,24,BINDING,EMP-JOINT,-3.1762787327403332
35,24,DISTANT,KDE-MC-JOINT,-2.7126262968654
35,24,DISTANT,EMP-JOINT,-2.7126262968654
35,24,Q999,KDE-MC-JOINT,-2.7936905453849663
35,24,Q999,EMP-JOINT,-2.7936905453849663
35,24,UNCAPPED,KDE-MC-JOINT,-2.6666666666666665
35,24,UNCAPPED,EMP-JOINT,-2.6666666666666665
36,12,BINDING,KDE-MC-JOINT,0.0
36,12,BINDING,EMP-JOINT,0.0
36,12,DISTANT,KDE-MC-JOINT,0.0
36,12,DISTANT,EMP-JOINT,0.0
36,12,Q999,KDE-MC-JOINT,0.0
36,12,Q999,EMP-JOINT,0.0
36,12,UNCAPPED,KDE-MC-JOINT,0.0
36,12,UNCAPPED,EMP-JOINT,0.0
36,24,BINDING,KDE-MC-JOINT,0.0
36,24,BINDING,EMP-JOINT,0.0
36,24,DISTANT,KDE-MC-JOINT,0.0
36,24,DISTANT,EMP-JOINT,0.0
36,24,Q999,KDE-MC-JOINT,0.0
36,24,Q999,EMP-JOINT,0.0
36,24,UNCAPPED,KDE-MC-JOINT,2.6666666666666665
36,24,UNCAPPED,EMP-JOINT,2.6666666666666665
37,12,BINDING,KDE-MC-JOINT,0.0
37,12,BINDING,EMP-JOINT,0.0
37,12,DISTANT,KDE-MC-JOINT,0.0
37,12,DISTANT,EMP-JOINT,0.0
37,12,Q999,KDE-MC-JOINT,0.0
37,12,Q999,EMP-JOINT,0.0
37,12,UNCAPPED,KDE-MC-JOINT,0.0
37,12,UNCAPPED,EMP-JOINT,0.0
37,24,BINDING,KDE-MC-JOINT,0.0
37,24,BINDING,EMP-JOINT,0.0
37,24,DISTANT,KDE-MC-JOINT,0.0
37,24,DISTANT,EMP-JOINT,0.0
37,24,Q999,KDE-MC-JOINT,0.0
37,24,Q999,EMP-JOINT,0.0
37,24,UNCAPPED,KDE-MC-JOINT,0.0
37,24,UNCAPPED,EMP-JOINT,0.0
38,12,BINDING,KDE-MC-JOINT,0.0
38,12,BINDING,EMP-JOINT,0.0
38,12,DISTANT,KDE-MC-JOINT,0.0
38,12,DISTANT,EMP-JOINT,0.0
38,12,Q999,KDE-MC-JOINT,0.0
38,12,Q999,EMP-JOINT,0.0
38,12,UNCAPPED,KDE-MC-JOINT,0.0
38,12,UNCAPPED,EMP-JOINT,0.0
38,24,BINDING,KDE-MC-JOINT,0.0
38,24,BINDING,EMP-JOINT,0.0
38,24,DISTANT,KDE-MC-JOINT,0.0
38,24,DISTANT,EMP-JOINT,0.0
38,24,Q999,KDE-MC-JOINT,0.0
38,24,Q999,EMP-JOINT,0.0
38,24,UNCAPPED,KDE-MC-JOINT,0.0
38,24,UNCAPPED,EMP-JOINT,0.0
39,12,BINDING,KDE-MC-JOINT,-9.622783886160834
39,12,BINDING,EMP-JOINT,-9.622783886160834
39,12,DISTANT,KDE-MC-JOINT,-10.572523553195
39,12,DISTANT,EMP-JOINT,-2.6199657521099002
39,12,Q999,KDE-MC-JOINT,-2.537594015711
39,12,Q999,EMP-JOINT,-2.537594015711
39,12,UNCAPPED,KDE-MC-JOINT,-10.666666666666636
39,12,UNCAPPED,EMP-JOINT,-10.666666666666636
39,24,BINDING,KDE-MC-JOINT,0.0
39,24,BINDING,EMP-JOINT,0.0
39,24,DISTANT,KDE-MC-JOINT,0.0
39,24,DISTANT,EMP-JOINT,0.0
39,24,Q999,KDE-MC-JOINT,0.0
39,24,Q999,EMP-JOINT,0.0
39,24,UNCAPPED,KDE-MC-JOINT,0.0
39,24,UNCAPPED,EMP-JOINT,0.0
40,12,BINDING,KDE-MC-JOINT,0.0
40,12,BINDING,EMP-JOINT,0.0
40,12,DISTANT,KDE-MC-JOINT,0.0
40,12,DISTANT,EMP-JOINT,0.0
40,12,Q999,KDE-MC-JOINT,0.0
40,12,Q999,EMP-JOINT,0.0
40,12,UNCAPPED,KDE-MC-JOINT,0.0
40,12,UNCAPPED,EMP-JOINT,0.0
40,24,BINDING,KDE-MC-JOINT,-7.473948835020634
40,24,BINDING,EMP-JOINT,-7.473948835020634
40,24,DISTANT,KDE-MC-JOINT,0.0
40,24,DISTANT,EMP-JOINT,0.0
40,24,Q999,KDE-MC-JOINT,-7.868878576806834
40,24,Q999,EMP-JOINT,-7.868878576806834
40,24,UNCAPPED,KDE-MC-JOINT,0.0
40,24,UNCAPPED,EMP-JOINT,0.0
41,12,BINDING,KDE-MC-JOINT,0.0
41,12,BINDING,EMP-JOINT,0.0
41,12,DISTANT,KDE-MC-JOINT,0.0
41,12,DISTANT,EMP-JOINT,0.0
41,12,Q999,KDE-MC-JOINT,0.0
41,12,Q999,EMP-JOINT,0.0
41,12,UNCAPPED,KDE-MC-JOINT,0.0
41,12,UNCAPPED,EMP-JOINT,0.0
41,24,BINDING,KDE-MC-JOINT,0.0
41,24,BINDING,EMP-JOINT,0.0
41,24,DISTANT,KDE-MC-JOINT,7.952557801085098
41,24,DISTANT,EMP-JOINT,0.0
41,24,Q999,KDE-MC-JOINT,7.868878576806834
41,24,Q999,EMP-JOINT,7.868878576806834
41,24,UNCAPPED,KDE-MC-JOINT,7.999999999999934
41,24,UNCAPPED,EMP-JOINT,7.999999999999934
42,12,BINDING,KDE-MC-JOINT,1.0274436816001329
42,12,BINDING,EMP-JOINT,1.0274436816001329
42,12,DISTANT,KDE-MC-JOINT,0.09266054475549987
42,12,DISTANT,EMP-JOINT,0.09266054475549987
42,12,Q999,KDE-MC-JOINT,0.2560965296739665
42,12,Q999,EMP-JOINT,0.2560965296739665
42,12,UNCAPPED,KDE-MC-JOINT,-3.382710778154774e-14
42,12,UNCAPPED,EMP-JOINT,-3.382710778154774e-14
42,24,BINDING,KDE-MC-JOINT,0.0
42,24,BINDING,EMP-JOINT,0.0
42,24,DISTANT,KDE-MC-JOINT,0.0
42,24,DISTANT,EMP-JOINT,-2.6199657521099002
42,24,Q999,KDE-MC-JOINT,-2.537594015711
42,24,Q999,EMP-JOINT,0.0
42,24,UNCAPPED,KDE-MC-JOINT,0.0
42,24,UNCAPPED,EMP-JOINT,0.0
43,12,BINDING,KDE-MC-JOINT,1.0274436816001329
43,12,BINDING,EMP-JOINT,1.0274436816001329
43,12,DISTANT,KDE-MC-JOINT,0.09266054475549987
43,12,DISTANT,EMP-JOINT,0.09266054475549987
43,12,Q999,KDE-MC-JOINT,0.2560965296739665
43,12,Q999,EMP-JOINT,0.2560965296739665
43,12,UNCAPPED,KDE-MC-JOINT,-3.382710778154774e-14
43,12,UNCAPPED,EMP-JOINT,-3.382710778154774e-14
43,24,BINDING,KDE-MC-JOINT,-7.473948835020634
43,24,BINDING,EMP-JOINT,-7.473948835020634
43,24,DISTANT,KDE-MC-JOINT,0.0
43,24,DISTANT,EMP-JOINT,0.0
43,24,Q999,KDE-MC-JOINT,-7.868878576806834
43,24,Q999,EMP-JOINT,-7.868878576806834
43,24,UNCAPPED,KDE-MC-JOINT,-7.999999999999934
43,24,UNCAPPED,EMP-JOINT,-7.999999999999934
44,12,BINDING,KDE-MC-JOINT,6.4465051534205005
44,12,BINDING,EMP-JOINT,6.4465051534205005
44,12,DISTANT,KDE-MC-JOINT,7.8598972563295995
44,12,DISTANT,EMP-JOINT,7.8598972563295995
44,12,Q999,KDE-MC-JOINT,7.6127820471328675
44,12,Q999,EMP-JOINT,7.6127820471328675
44,12,UNCAPPED,KDE-MC-JOINT,7.999999999999969
44,12,UNCAPPED,EMP-JOINT,7.999999999999969
44,24,BINDING,KDE-MC-JOINT,0.0
44,24,BINDING,EMP-JOINT,0.0
44,24,DISTANT,KDE-MC-JOINT,0.0
44,24,DISTANT,EMP-JOINT,0.0
44,24,Q999,KDE-MC-JOINT,0.0
44,24,Q999,EMP-JOINT,0.0
44,24,UNCAPPED,KDE-MC-JOINT,0.0
44,24,UNCAPPED,EMP-JOINT,0.0
45,12,BINDING,KDE-MC-JOINT,7.473948835020634
45,12,BINDING,EMP-JOINT,7.473948835020634
45,12,DISTANT,KDE-MC-JOINT,7.952557801085098
45,12,DISTANT,EMP-JOINT,7.952557801085098
45,12,Q999,KDE-MC-JOINT,7.868878576806834
45,12,Q999,EMP-JOINT,7.868878576806834
45,12,UNCAPPED,KDE-MC-JOINT,7.999999999999934
45,12,UNCAPPED,EMP-JOINT,7.999999999999934
45,24,BINDING,KDE-MC-JOINT,7.473948835020634
45,24,BINDING,EMP-JOINT,7.473948835020634
45,24,DISTANT,KDE-MC-JOINT,7.952557801085098
45,24,DISTANT,EMP-JOINT,7.952557801085098
45,24,Q999,KDE-MC-JOINT,7.868878576806834
45,24,Q999,EMP-JOINT,7.868878576806834
45,24,UNCAPPED,KDE-MC-JOINT,7.999999999999934
45,24,UNCAPPED,EMP-JOINT,7.999999999999934
46,12,BINDING,KDE-MC-JOINT,0.0
46,12,BINDING,EMP-JOINT,0.0
46,12,DISTANT,KDE-MC-JOINT,0.0
46,12,DISTANT,EMP-JOINT,0.0
46,12,Q999,KDE-MC-JOINT,0.0
46,12,Q999,EMP-JOINT,0.0
46,12,UNCAPPED,KDE-MC-JOINT,0.0
46,12,UNCAPPED,EMP-JOINT,0.0
46,24,BINDING,KDE-MC-JOINT,0.0
46,24,BINDING,EMP-JOINT,0.0
46,24,DISTANT,KDE-MC-JOINT,0.0
46,24,DISTANT,EMP-JOINT,0.0
46,24,Q999,KDE-MC-JOINT,0.0
46,24,Q999,EMP-JOINT,0.0
46,24,UNCAPPED,KDE-MC-JOINT,0.0
46,24,UNCAPPED,EMP-JOINT,0.0
47,12,BINDING,KDE-MC-JOINT,0.0
47,12,BINDING,EMP-JOINT,0.0
47,12,DISTANT,KDE-MC-JOINT,0.0
47,12,DISTANT,EMP-JOINT,0.0
47,12,Q999,KDE-MC-JOINT,0.0
47,12,Q999,EMP-JOINT,0.0
47,12,UNCAPPED,KDE-MC-JOINT,0.0
47,12,UNCAPPED,EMP-JOINT,0.0
47,24,BINDING,KDE-MC-JOINT,2.1488350511402
47,24,BINDING,EMP-JOINT,2.1488350511402
47,24,DISTANT,KDE-MC-JOINT,2.6199657521099002
47,24,DISTANT,EMP-JOINT,2.6199657521099002
47,24,Q999,KDE-MC-JOINT,2.537594015711
47,24,Q999,EMP-JOINT,2.537594015711
47,24,UNCAPPED,KDE-MC-JOINT,2.6666666666667003
47,24,UNCAPPED,EMP-JOINT,2.6666666666667003
48,12,BINDING,KDE-MC-JOINT,0.0
48,12,BINDING,EMP-JOINT,0.0
48,12,DISTANT,KDE-MC-JOINT,0.0
48,12,DISTANT,EMP-JOINT,0.0
48,12,Q999,KDE-MC-JOINT,0.0
48,12,Q999,EMP-JOINT,0.0
48,12,UNCAPPED,KDE-MC-JOINT,0.0
48,12,UNCAPPED,EMP-JOINT,0.0
48,24,BINDING,KDE-MC-JOINT,0.0
48,24,BINDING,EMP-JOINT,0.0
48,24,DISTANT,KDE-MC-JOINT,0.0
48,24,DISTANT,EMP-JOINT,0.0
48,24,Q999,KDE-MC-JOINT,0.0
48,24,Q999,EMP-JOINT,0.0
48,24,UNCAPPED,KDE-MC-JOINT,0.0
48,24,UNCAPPED,EMP-JOINT,0.0
49,12,BINDING,KDE-MC-JOINT,0.0
49,12,BINDING,EMP-JOINT,0.0
49,12,DISTANT,KDE-MC-JOINT,0.0
49,12,DISTANT,EMP-JOINT,0.0
49,12,Q999,KDE-MC-JOINT,0.0
49,12,Q999,EMP-JOINT,0.0
49,12,UNCAPPED,KDE-MC-JOINT,0.0
49,12,UNCAPPED,EMP-JOINT,0.0
49,24,BINDING,KDE-MC-JOINT,0.0
49,24,BINDING,EMP-JOINT,0.0
49,24,DISTANT,KDE-MC-JOINT,2.7126262968654
49,24,DISTANT,EMP-JOINT,0.0
49,24,Q999,KDE-MC-JOINT,0.0
49,24,Q999,EMP-JOINT,0.0
49,24,UNCAPPED,KDE-MC-JOINT,0.0
49,24,UNCAPPED,EMP-JOINT,0.0
50,12,BINDING,KDE-MC-JOINT,0.0
50,12,BINDING,EMP-JOINT,0.0
50,12,DISTANT,KDE-MC-JOINT,0.0
50,12,DISTANT,EMP-JOINT,0.0
50,12,Q999,KDE-MC-JOINT,0.0
50,12,Q999,EMP-JOINT,0.0
50,12,UNCAPPED,KDE-MC-JOINT,0.0
50,12,UNCAPPED,EMP-JOINT,0.0
50,24,BINDING,KDE-MC-JOINT,-1.0274436816001329
50,24,BINDING,EMP-JOINT,-1.0274436816001329
50,24,DISTANT,KDE-MC-JOINT,-0.09266054475549987
50,24,DISTANT,EMP-JOINT,-0.09266054475549987
50,24,Q999,KDE-MC-JOINT,2.537594015711
50,24,Q999,EMP-JOINT,-0.2560965296739665
50,24,UNCAPPED,KDE-MC-JOINT,2.6666666666667003
50,24,UNCAPPED,EMP-JOINT,3.382710778154774e-14
51,12,BINDING,KDE-MC-JOINT,0.0
51,12,BINDING,EMP-JOINT,0.0
51,12,DISTANT,KDE-MC-JOINT,0.0
51,12,DISTANT,EMP-JOINT,0.0
51,12,Q999,KDE-MC-JOINT,0.0
51,12,Q999,EMP-JOINT,0.0
51,12,UNCAPPED,KDE-MC-JOINT,0.0
51,12,UNCAPPED,EMP-JOINT,0.0
51,24,BINDING,KDE-MC-JOINT,2.1488350511402
51,24,BINDING,EMP-JOINT,2.1488350511402
51,24,DISTANT,KDE-MC-JOINT,0.0
51,24,DISTANT,EMP-JOINT,0.0
51,24,Q999,KDE-MC-JOINT,0.0
51,24,Q999,EMP-JOINT,0.0
51,24,UNCAPPED,KDE-MC-JOINT,2.6666666666667003
51,24,UNCAPPED,EMP-JOINT,2.6666666666667003
52,12,BINDING,KDE-MC-JOINT,-1.0274436816001329
52,12,BINDING,EMP-JOINT,-1.0274436816001329
52,12,DISTANT,KDE-MC-JOINT,-2.7126262968654
52,12,DISTANT,EMP-JOINT,-2.7126262968654
52,12,Q999,KDE-MC-JOINT,-0.2560965296739665
52,12,Q999,EMP-JOINT,-0.2560965296739665
52,12,UNCAPPED,KDE-MC-JOINT,-2.6666666666666665
52,12,UNCAPPED,EMP-JOINT,-2.6666666666666665
52,24,BINDING,KDE-MC-JOINT,3.1762787327403332
52,24,BINDING,EMP-JOINT,3.1762787327403332
52,24,DISTANT,KDE-MC-JOINT,0.0
52,24,DISTANT,EMP-JOINT,2.7126262968654
52,24,Q999,KDE-MC-JOINT,2.7936905453849663
52,24,Q999,EMP-JOINT,0.0
52,24,UNCAPPED,KDE-MC-JOINT,2.6666666666666665
52,24,UNCAPPED,EMP-JOINT,0.0
53,12,BINDING,KDE-MC-JOINT,-2.1488350511402
53,12,BINDING,EMP-JOINT,-2.1488350511402
53,12,DISTANT,KDE-MC-JOINT,0.0
53,12,DISTANT,EMP-JOINT,0.0
53,12,Q999,KDE-MC-JOINT,0.0
53,12,Q999,EMP-JOINT,0.0
53,12,UNCAPPED,KDE-MC-JOINT,0.0
53,12,UNCAPPED,EMP-JOINT,0.0
53,24,BINDING,KDE-MC-JOINT,-3.1762787327403332
53,24,BINDING,EMP-JOINT,-3.1762787327403332
53,24,DISTANT,KDE-MC-JOINT,-0.09266054475549987
53,24,DISTANT,EMP-JOINT,-0.09266054475549987
53,24,Q999,KDE-MC-JOINT,-2.7936905453849663
53,24,Q999,EMP-JOINT,-2.7936905453849663
53,24,UNCAPPED,KDE-MC-JOINT,3.382710778154774e-14
53,24,UNCAPPED,EMP-JOINT,3.382710778154774e-14
54,12,BINDING,KDE-MC-JOINT,0.0
54,12,BINDING,EMP-JOINT,0.0
54,12,DISTANT,KDE-MC-JOINT,0.0
54,12,DISTANT,EMP-JOINT,0.0
54,12,Q999,KDE-MC-JOINT,0.0
54,12,Q999,EMP-JOINT,0.0
54,12,UNCAPPED,KDE-MC-JOINT,0.0
54,12,UNCAPPED,EMP-JOINT,0.0
54,24,BINDING,KDE-MC-JOINT,3.1762787327403332
54,24,BINDING,EMP-JOINT,3.1762787327403332
54,24,DISTANT,KDE-MC-JOINT,2.7126262968654
54,24,DISTANT,EMP-JOINT,2.7126262968654
54,24,Q999,KDE-MC-JOINT,2.7936905453849663
54,24,Q999,EMP-JOINT,0.2560965296739665
54,24,UNCAPPED,KDE-MC-JOINT,2.6666666666666665
54,24,UNCAPPED,EMP-JOINT,2.6666666666666665
55,12,BINDING,KDE-MC-JOINT,6.4465051534205005
55,12,BINDING,EMP-JOINT,6.4465051534205005
55,12,DISTANT,KDE-MC-JOINT,7.8598972563295995
55,12,DISTANT,EMP-JOINT,7.8598972563295995
55,12,Q999,KDE-MC-JOINT,7.6127820471328675
55,12,Q999,EMP-JOINT,7.6127820471328675
55,12,UNCAPPED,KDE-MC-JOINT,10.666666666666636
55,12,UNCAPPED,EMP-JOINT,10.666666666666636
55,24,BINDING,KDE-MC-JOINT,0.0
55,24,BINDING,EMP-JOINT,0.0
55,24,DISTANT,KDE-MC-JOINT,0.0
55,24,DISTANT,EMP-JOINT,0.0
55,24,Q999,KDE-MC-JOINT,0.0
55,24,Q999,EMP-JOINT,0.0
55,24,UNCAPPED,KDE-MC-JOINT,0.0
55,24,UNCAPPED,EMP-JOINT,0.0
56,12,BINDING,KDE-MC-JOINT,0.0
56,12,BINDING,EMP-JOINT,0.0
56,12,DISTANT,KDE-MC-JOINT,0.0
56,12,DISTANT,EMP-JOINT,0.0
56,12,Q999,KDE-MC-JOINT,0.0
56,12,Q999,EMP-JOINT,0.0
56,12,UNCAPPED,KDE-MC-JOINT,0.0
56,12,UNCAPPED,EMP-JOINT,0.0
56,24,BINDING,KDE-MC-JOINT,0.0
56,24,BINDING,EMP-JOINT,0.0
56,24,DISTANT,KDE-MC-JOINT,0.0
56,24,DISTANT,EMP-JOINT,0.0
56,24,Q999,KDE-MC-JOINT,0.0
56,24,Q999,EMP-JOINT,0.0
56,24,UNCAPPED,KDE-MC-JOINT,0.0
56,24,UNCAPPED,EMP-JOINT,0.0
57,12,BINDING,KDE-MC-JOINT,0.0
57,12,BINDING,EMP-JOINT,0.0
57,12,DISTANT,KDE-MC-JOINT,0.0
57,12,DISTANT,EMP-JOINT,0.0
57,12,Q999,KDE-MC-JOINT,0.0
57,12,Q999,EMP-JOINT,0.0
57,12,UNCAPPED,KDE-MC-JOINT,0.0
57,12,UNCAPPED,EMP-JOINT,0.0
57,24,BINDING,KDE-MC-JOINT,7.473948835020634
57,24,BINDING,EMP-JOINT,7.473948835020634
57,24,DISTANT,KDE-MC-JOINT,7.952557801085098
57,24,DISTANT,EMP-JOINT,7.952557801085098
57,24,Q999,KDE-MC-JOINT,7.868878576806834
57,24,Q999,EMP-JOINT,7.868878576806834
57,24,UNCAPPED,KDE-MC-JOINT,7.999999999999934
57,24,UNCAPPED,EMP-JOINT,7.999999999999934
58,12,BINDING,KDE-MC-JOINT,0.0
58,12,BINDING,EMP-JOINT,0.0
58,12,DISTANT,KDE-MC-JOINT,0.0
58,12,DISTANT,EMP-JOINT,0.0
58,12,Q999,KDE-MC-JOINT,0.0
58,12,Q999,EMP-JOINT,0.0
58,12,UNCAPPED,KDE-MC-JOINT,0.0
58,12,UNCAPPED,EMP-JOINT,0.0
58,24,BINDING,KDE-MC-JOINT,0.0
58,24,BINDING,EMP-JOINT,0.0
58,24,DISTANT,KDE-MC-JOINT,0.0
58,24,DISTANT,EMP-JOINT,0.0
58,24,Q999,KDE-MC-JOINT,0.0
58,24,Q999,EMP-JOINT,0.0
58,24,UNCAPPED,KDE-MC-JOINT,0.0
58,24,UNCAPPED,EMP-JOINT,0.0
59,12,BINDING,KDE-MC-JOINT,0.0
59,12,BINDING,EMP-JOINT,0.0
59,12,DISTANT,KDE-MC-JOINT,0.0
59,12,DISTANT,EMP-JOINT,0.0
59,12,Q999,KDE-MC-JOINT,0.0
59,12,Q999,EMP-JOINT,0.0
59,12,UNCAPPED,KDE-MC-JOINT,0.0
59,12,UNCAPPED,EMP-JOINT,0.0
59,24,BINDING,KDE-MC-JOINT,0.0
59,24,BINDING,EMP-JOINT,0.0
59,24,DISTANT,KDE-MC-JOINT,0.0
59,24,DISTANT,EMP-JOINT,0.0
59,24,Q999,KDE-MC-JOINT,0.0
59,24,Q999,EMP-JOINT,0.0
59,24,UNCAPPED,KDE-MC-JOINT,0.0
59,24,UNCAPPED,EMP-JOINT,0.0
60,12,BINDING,KDE-MC-JOINT,0.0
60,12,BINDING,EMP-JOINT,0.0
60,12,DISTANT,KDE-MC-JOINT,0.0
60,12,DISTANT,EMP-JOINT,0.0
60,12,Q999,KDE-MC-JOINT,0.0
60,12,Q999,EMP-JOINT,0.0
60,12,UNCAPPED,KDE-MC-JOINT,0.0
60,12,UNCAPPED,EMP-JOINT,0.0
60,24,BINDING,KDE-MC-JOINT,-6.4465051534205005
60,24,BINDING,EMP-JOINT,-6.4465051534205005
60,24,DISTANT,KDE-MC-JOINT,-7.8598972563295995
60,24,DISTANT,EMP-JOINT,-7.8598972563295995
60,24,Q999,KDE-MC-JOINT,-7.6127820471328675
60,24,Q999,EMP-JOINT,-7.6127820471328675
60,24,UNCAPPED,KDE-MC-JOINT,-7.999999999999969
60,24,UNCAPPED,EMP-JOINT,-7.999999999999969
61,12,BINDING,KDE-MC-JOINT,0.0
61,12,BINDING,EMP-JOINT,0.0
61,12,DISTANT,KDE-MC-JOINT,0.0
61,12,DISTANT,EMP-JOINT,0.0
61,12,Q999,KDE-MC-JOINT,0.0
61,12,Q999,EMP-JOINT,0.0
61,12,UNCAPPED,KDE-MC-JOINT,0.0
61,12,UNCAPPED,EMP-JOINT,0.0
61,24,BINDING,KDE-MC-JOINT,0.0
61,24,BINDING,EMP-JOINT,0.0
61,24,DISTANT,KDE-MC-JOINT,0.0
61,24,DISTANT,EMP-JOINT,0.0
61,24,Q999,KDE-MC-JOINT,0.0
61,24,Q999,EMP-JOINT,0.0
61,24,UNCAPPED,KDE-MC-JOINT,0.0
61,24,UNCAPPED,EMP-JOINT,0.0
62,12,BINDING,KDE-MC-JOINT,1.0274436816001329
62,12,BINDING,EMP-JOINT,1.0274436816001329
62,12,DISTANT,KDE-MC-JOINT,0.09266054475549987
62,12,DISTANT,EMP-JOINT,0.09266054475549987
62,12,Q999,KDE-MC-JOINT,0.2560965296739665
62,12,Q999,EMP-JOINT,0.2560965296739665
62,12,UNCAPPED,KDE-MC-JOINT,-3.382710778154774e-14
62,12,UNCAPPED,EMP-JOINT,-3.382710778154774e-14
62,24,BINDING,KDE-MC-JOINT,2.1488350511402
62,24,BINDING,EMP-JOINT,0.0
62,24,DISTANT,KDE-MC-JOINT,2.6199657521099002
62,24,DISTANT,EMP-JOINT,2.6199657521099002
62,24,Q999,KDE-MC-JOINT,-2.537594015711
62,24,Q999,EMP-JOINT,-2.537594015711
62,24,UNCAPPED,KDE-MC-JOINT,0.0
62,24,UNCAPPED,EMP-JOINT,0.0
63,12,BINDING,KDE-MC-JOINT,0.0
63,12,BINDING,EMP-JOINT,0.0
63,12,DISTANT,KDE-MC-JOINT,0.0
63,12,DISTANT,EMP-JOINT,0.0
63,12,Q999,KDE-MC-JOINT,0.0
63,12,Q999,EMP-JOINT,0.0
63,12,UNCAPPED,KDE-MC-JOINT,0.0
63,12,UNCAPPED,EMP-JOINT,0.0
63,24,BINDING,KDE-MC-JOINT,0.0
63,24,BINDING,EMP-JOINT,0.0
63,24,DISTANT,KDE-MC-JOINT,0.0
63,24,DISTANT,EMP-JOINT,0.0
63,24,Q999,KDE-MC-JOINT,0.0
63,24,Q999,EMP-JOINT,0.0
63,24,UNCAPPED,KDE-MC-JOINT,0.0
63,24,UNCAPPED,EMP-JOINT,0.0
64,12,BINDING,KDE-MC-JOINT,0.0
64,12,BINDING,EMP-JOINT,0.0
64,12,DISTANT,KDE-MC-JOINT,0.0
64,12,DISTANT,EMP-JOINT,0.0
64,12,Q999,KDE-MC-JOINT,0.0
64,12,Q999,EMP-JOINT,0.0
64,12,UNCAPPED,KDE-MC-JOINT,0.0
64,12,UNCAPPED,EMP-JOINT,0.0
64,24,BINDING,KDE-MC-JOINT,-7.473948835020634
64,24,BINDING,EMP-JOINT,-7.473948835020634
64,24,DISTANT,KDE-MC-JOINT,-7.8598972563295995
64,24,DISTANT,EMP-JOINT,0.09266054475549987
64,24,Q999,KDE-MC-JOINT,-10.406472592517833
64,24,Q999,EMP-JOINT,-10.406472592517833
64,24,UNCAPPED,KDE-MC-JOINT,-10.666666666666636
64,24,UNCAPPED,EMP-JOINT,-10.666666666666636
65,12,BINDING,KDE-MC-JOINT,6.4465051534205005
65,12,BINDING,EMP-JOINT,6.4465051534205005
65,12,DISTANT,KDE-MC-JOINT,7.8598972563295995
65,12,DISTANT,EMP-JOINT,7.8598972563295995
65,12,Q999,KDE-MC-JOINT,-0.2560965296739665
65,12,Q999,EMP-JOINT,-0.2560965296739665
65,12,UNCAPPED,KDE-MC-JOINT,7.999999999999969
65,12,UNCAPPED,EMP-JOINT,7.999999999999969
65,24,BINDING,KDE-MC-JOINT,0.0
65,24,BINDING,EMP-JOINT,0.0
65,24,DISTANT,KDE-MC-JOINT,0.0
65,24,DISTANT,EMP-JOINT,0.0
65,24,Q999,KDE-MC-JOINT,7.868878576806834
65,24,Q999,EMP-JOINT,0.0
65,24,UNCAPPED,KDE-MC-JOINT,0.0
65,24,UNCAPPED,EMP-JOINT,0.0
66,12,BINDING,KDE-MC-JOINT,0.0
66,12,BINDING,EMP-JOINT,0.0
66,12,DISTANT,KDE-MC-JOINT,0.0
66,12,DISTANT,EMP-JOINT,0.0
66,12,Q999,KDE-MC-JOINT,0.0
66,12,Q999,EMP-JOINT,0.0
66,12,UNCAPPED,KDE-MC-JOINT,0.0
66,12,UNCAPPED,EMP-JOINT,0.0
66,24,BINDING,KDE-MC-JOINT,0.0
66,24,BINDING,EMP-JOINT,0.0
66,24,DISTANT,KDE-MC-JOINT,0.0
66,24,DISTANT,EMP-JOINT,0.0
66,24,Q999,KDE-MC-JOINT,-2.537594015711
66,24,Q999,EMP-JOINT,-2.537594015711
66,24,UNCAPPED,KDE-MC-JOINT,0.0
66,24,UNCAPPED,EMP-JOINT,0.0
67,12,BINDING,KDE-MC-JOINT,6.4465051534205005
67,12,BINDING,EMP-JOINT,6.4465051534205005
67,12,DISTANT,KDE-MC-JOINT,7.8598972563295995
67,12,DISTANT,EMP-JOINT,7.8598972563295995
67,12,Q999,KDE-MC-JOINT,7.6127820471328675
67,12,Q999,EMP-JOINT,7.6127820471328675
67,12,UNCAPPED,KDE-MC-JOINT,7.999999999999969
67,12,UNCAPPED,EMP-JOINT,7.999999999999969
67,24,BINDING,KDE-MC-JOINT,0.0
67,24,BINDING,EMP-JOINT,0.0
67,24,DISTANT,KDE-MC-JOINT,0.0
67,24,DISTANT,EMP-JOINT,0.0
67,24,Q999,KDE-MC-JOINT,0.0
67,24,Q999,EMP-JOINT,0.0
67,24,UNCAPPED,KDE-MC-JOINT,0.0
67,24,UNCAPPED,EMP-JOINT,0.0
68,12,BINDING,KDE-MC-JOINT,-2.1488350511402
68,12,BINDING,EMP-JOINT,-2.1488350511402
68,12,DISTANT,KDE-MC-JOINT,0.0
68,12,DISTANT,EMP-JOINT,0.0
68,12,Q999,KDE-MC-JOINT,-2.537594015711
68,12,Q999,EMP-JOINT,-2.537594015711
68,12,UNCAPPED,KDE-MC-JOINT,0.0
68,12,UNCAPPED,EMP-JOINT,0.0
68,24,BINDING,KDE-MC-JOINT,2.1488350511402
68,24,BINDING,EMP-JOINT,2.1488350511402
68,24,DISTANT,KDE-MC-JOINT,0.0
68,24,DISTANT,EMP-JOINT,0.0
68,24,Q999,KDE-MC-JOINT,0.0
68,24,Q999,EMP-JOINT,0.0
68,24,UNCAPPED,KDE-MC-JOINT,0.0
68,24,UNCAPPED,EMP-JOINT,0.0
69,12,BINDING,KDE-MC-JOINT,0.0
69,12,BINDING,EMP-JOINT,0.0
69,12,DISTANT,KDE-MC-JOINT,0.0
69,12,DISTANT,EMP-JOINT,0.0
69,12,Q999,KDE-MC-JOINT,0.0
69,12,Q999,EMP-JOINT,0.0
69,12,UNCAPPED,KDE-MC-JOINT,0.0
69,12,UNCAPPED,EMP-JOINT,0.0
69,24,BINDING,KDE-MC-JOINT,0.0
69,24,BINDING,EMP-JOINT,0.0
69,24,DISTANT,KDE-MC-JOINT,0.0
69,24,DISTANT,EMP-JOINT,0.0
69,24,Q999,KDE-MC-JOINT,0.0
69,24,Q999,EMP-JOINT,0.0
69,24,UNCAPPED,KDE-MC-JOINT,0.0
69,24,UNCAPPED,EMP-JOINT,0.0
70,12,BINDING,KDE-MC-JOINT,0.0
70,12,BINDING,EMP-JOINT,0.0
70,12,DISTANT,KDE-MC-JOINT,0.0
70,12,DISTANT,EMP-JOINT,0.0
70,12,Q999,KDE-MC-JOINT,0.0
70,12,Q999,EMP-JOINT,0.0
70,12,UNCAPPED,KDE-MC-JOINT,0.0
70,12,UNCAPPED,EMP-JOINT,0.0
70,24,BINDING,KDE-MC-JOINT,-9.622783886160834
70,24,BINDING,EMP-JOINT,-2.1488350511402
70,24,DISTANT,KDE-MC-JOINT,-2.6199657521099002
70,24,DISTANT,EMP-JOINT,-10.572523553195
70,24,Q999,KDE-MC-JOINT,-10.406472592517833
70,24,Q999,EMP-JOINT,-10.406472592517833
70,24,UNCAPPED,KDE-MC-JOINT,-2.6666666666667003
70,24,UNCAPPED,EMP-JOINT,-2.6666666666667003
71,12,BINDING,KDE-MC-JOINT,0.0
71,12,BINDING,EMP-JOINT,0.0
71,12,DISTANT,KDE-MC-JOINT,0.0
71,12,DISTANT,EMP-JOINT,0.0
71,12,Q999,KDE-MC-JOINT,0.0
71,12,Q999,EMP-JOINT,0.0
71,12,UNCAPPED,KDE-MC-JOINT,0.0
71,12,UNCAPPED,EMP-JOINT,0.0
71,24,BINDING,KDE-MC-JOINT,0.0
71,24,BINDING,EMP-JOINT,0.0
71,24,DISTANT,KDE-MC-JOINT,2.7126262968654
71,24,DISTANT,EMP-JOINT,2.7126262968654
71,24,Q999,KDE-MC-JOINT,0.2560965296739665
71,24,Q999,EMP-JOINT,2.7936905453849663
71,24,UNCAPPED,KDE-MC-JOINT,2.6666666666666665
71,24,UNCAPPED,EMP-JOINT,2.6666666666666665
72,12,BINDING,KDE-MC-JOINT,0.0
72,12,BINDING,EMP-JOINT,0.0
72,12,DISTANT,KDE-MC-JOINT,0.0
72,12,DISTANT,EMP-JOINT,0.0
72,12,Q999,KDE-MC-JOINT,0.0
72,12,Q999,EMP-JOINT,0.0
72,12,UNCAPPED,KDE-MC-JOINT,0.0
72,12,UNCAPPED,EMP-JOINT,0.0
72,24,BINDING,KDE-MC-JOINT,0.0
72,24,BINDING,EMP-JOINT,0.0
72,24,DISTANT,KDE-MC-JOINT,0.0
72,24,DISTANT,EMP-JOINT,0.0
72,24,Q999,KDE-MC-JOINT,0.0
72,24,Q999,EMP-JOINT,0.0
72,24,UNCAPPED,KDE-MC-JOINT,0.0
72,24,UNCAPPED,EMP-JOINT,0.0
73,12,BINDING,KDE-MC-JOINT,0.0
73,12,BINDING,EMP-JOINT,0.0
73,12,DISTANT,KDE-MC-JOINT,0.0
73,12,DISTANT,EMP-JOINT,0.0
73,12,Q999,KDE-MC-JOINT,0.0
73,12,Q999,EMP-JOINT,0.0
73,12,UNCAPPED,KDE-MC-JOINT,0.0
73,12,UNCAPPED,EMP-JOINT,0.0
73,24,BINDING,KDE-MC-JOINT,0.0
73,24,BINDING,EMP-JOINT,0.0
73,24,DISTANT,KDE-MC-JOINT,0.0
73,24,DISTANT,EMP-JOINT,0.0
73,24,Q999,KDE-MC-JOINT,0.0
73,24,Q999,EMP-JOINT,0.0
73,24,UNCAPPED,KDE-MC-JOINT,0.0
73,24,UNCAPPED,EMP-JOINT,0.0
74,12,BINDING,KDE-MC-JOINT,0.0
74,12,BINDING,EMP-JOINT,0.0
74,12,DISTANT,KDE-MC-JOINT,0.0
74,12,DISTANT,EMP-JOINT,0.0
74,12,Q999,KDE-MC-JOINT,0.0
74,12,Q999,EMP-JOINT,0.0
74,12,UNCAPPED,KDE-MC-JOINT,0.0
74,12,UNCAPPED,EMP-JOINT,0.0
74,24,BINDING,KDE-MC-JOINT,0.0
74,24,BINDING,EMP-JOINT,0.0
74,24,DISTANT,KDE-MC-JOINT,0.0
74,24,DISTANT,EMP-JOINT,0.0
74,24,Q999,KDE-MC-JOINT,0.0
74,24,Q999,EMP-JOINT,0.0
74,24,UNCAPPED,KDE-MC-JOINT,0.0
74,24,UNCAPPED,EMP-JOINT,0.0
75,12,BINDING,KDE-MC-JOINT,0.0
75,12,BINDING,EMP-JOINT,0.0
75,12,DISTANT,KDE-MC-JOINT,0.0
75,12,DISTANT,EMP-JOINT,0.0
75,12,Q999,KDE-MC-JOINT,0.0
75,12,Q999,EMP-JOINT,0.0
75,12,UNCAPPED,KDE-MC-JOINT,0.0
75,12,UNCAPPED,EMP-JOINT,0.0
75,24,BINDING,KDE-MC-JOINT,0.0
75,24,BINDING,EMP-JOINT,0.0
75,24,DISTANT,KDE-MC-JOINT,0.0
75,24,DISTANT,EMP-JOINT,0.0
75,24,Q999,KDE-MC-JOINT,0.0
75,24,Q999,EMP-JOINT,0.0
75,24,UNCAPPED,KDE-MC-JOINT,0.0
75,24,UNCAPPED,EMP-JOINT,0.0
76,12,BINDING,KDE-MC-JOINT,-6.4465051534205005
76,12,BINDING,EMP-JOINT,-6.4465051534205005
76,12,DISTANT,KDE-MC-JOINT,-7.8598972563295995
76,12,DISTANT,EMP-JOINT,-7.8598972563295995
76,12,Q999,KDE-MC-JOINT,-7.6127820471328675
76,12,Q999,EMP-JOINT,-7.6127820471328675
76,12,UNCAPPED,KDE-MC-JOINT,-7.999999999999969
76,12,UNCAPPED,EMP-JOINT,-7.999999999999969
76,24,BINDING,KDE-MC-JOINT,-7.473948835020634
76,24,BINDING,EMP-JOINT,-7.473948835020634
76,24,DISTANT,KDE-MC-JOINT,-10.572523553195
76,24,DISTANT,EMP-JOINT,-10.572523553195
76,24,Q999,KDE-MC-JOINT,-7.868878576806834
76,24,Q999,EMP-JOINT,-7.868878576806834
76,24,UNCAPPED,KDE-MC-JOINT,-7.999999999999934
76,24,UNCAPPED,EMP-JOINT,-7.999999999999934
77,12,BINDING,KDE-MC-JOINT,0.0
77,12,BINDING,EMP-JOINT,0.0
77,12,DISTANT,KDE-MC-JOINT,0.0
77,12,DISTANT,EMP-JOINT,0.0
77,12,Q999,KDE-MC-JOINT,0.0
77,12,Q999,EMP-JOINT,0.0
77,12,UNCAPPED,KDE-MC-JOINT,0.0
77,12,UNCAPPED,EMP-JOINT,0.0
77,24,BINDING,KDE-MC-JOINT,7.473948835020634
77,24,BINDING,EMP-JOINT,7.473948835020634
77,24,DISTANT,KDE-MC-JOINT,7.952557801085098
77,24,DISTANT,EMP-JOINT,7.952557801085098
77,24,Q999,KDE-MC-JOINT,7.868878576806834
77,24,Q999,EMP-JOINT,7.868878576806834
77,24,UNCAPPED,KDE-MC-JOINT,7.999999999999934
77,24,UNCAPPED,EMP-JOINT,7.999999999999934
78,12,BINDING,KDE-MC-JOINT,0.0
78,12,BINDING,EMP-JOINT,0.0
78,12,DISTANT,KDE-MC-JOINT,0.0
78,12,DISTANT,EMP-JOINT,0.0
78,12,Q999,KDE-MC-JOINT,0.0
78,12,Q999,EMP-JOINT,0.0
78,12,UNCAPPED,KDE-MC-JOINT,0.0
78,12,UNCAPPED,EMP-JOINT,0.0
78,24,BINDING,KDE-MC-JOINT,0.0
78,24,BINDING,EMP-JOINT,0.0
78,24,DISTANT,KDE-MC-JOINT,0.0
78,24,DISTANT,EMP-JOINT,0.0
78,24,Q999,KDE-MC-JOINT,0.0
78,24,Q999,EMP-JOINT,0.0
78,24,UNCAPPED,KDE-MC-JOINT,0.0
78,24,UNCAPPED,EMP-JOINT,0.0
79,12,BINDING,KDE-MC-JOINT,3.1762787327403332
79,12,BINDING,EMP-JOINT,3.1762787327403332
79,12,DISTANT,KDE-MC-JOINT,2.7126262968654
79,12,DISTANT,EMP-JOINT,2.7126262968654
79,12,Q999,KDE-MC-JOINT,2.7936905453849663
79,12,Q999,EMP-JOINT,2.7936905453849663
79,12,UNCAPPED,KDE-MC-JOINT,2.6666666666666665
79,12,UNCAPPED,EMP-JOINT,2.6666666666666665
79,24,BINDING,KDE-MC-JOINT,-7.473948835020634
79,24,BINDING,EMP-JOINT,-7.473948835020634
79,24,DISTANT,KDE-MC-JOINT,0.0
79,24,DISTANT,EMP-JOINT,0.0
79,24,Q999,KDE-MC-JOINT,-7.868878576806834
79,24,Q999,EMP-JOINT,-7.868878576806834
79,24,UNCAPPED,KDE-MC-JOINT,0.0
79,24,UNCAPPED,EMP-JOINT,0.0
80,12,BINDING,KDE-MC-JOINT,0.0
80,12,BINDING,EMP-JOINT,0.0
80,12,DISTANT,KDE-MC-JOINT,0.0
80,12,DISTANT,EMP-JOINT,0.0
80,12,Q999,KDE-MC-JOINT,0.0
80,12,Q999,EMP-JOINT,0.0
80,12,UNCAPPED,KDE-MC-JOINT,0.0
80,12,UNCAPPED,EMP-JOINT,0.0
80,24,BINDING,KDE-MC-JOINT,0.0
80,24,BINDING,EMP-JOINT,0.0
80,24,DISTANT,KDE-MC-JOINT,0.0
80,24,DISTANT,EMP-JOINT,0.0
80,24,Q999,KDE-MC-JOINT,0.0
80,24,Q999,EMP-JOINT,0.0
80,24,UNCAPPED,KDE-MC-JOINT,0.0
80,24,UNCAPPED,EMP-JOINT,0.0
81,12,BINDING,KDE-MC-JOINT,0.0
81,12,BINDING,EMP-JOINT,0.0
81,12,DISTANT,KDE-MC-JOINT,0.0
81,12,DISTANT,EMP-JOINT,0.0
81,12,Q999,KDE-MC-JOINT,0.0
81,12,Q999,EMP-JOINT,0.0
81,12,UNCAPPED,KDE-MC-JOINT,0.0
81,12,UNCAPPED,EMP-JOINT,0.0
81,24,BINDING,KDE-MC-JOINT,-2.1488350511402
81,24,BINDING,EMP-JOINT,-9.622783886160834
81,24,DISTANT,KDE-MC-JOINT,-2.6199657521099002
81,24,DISTANT,EMP-JOINT,-10.572523553195
81,24,Q999,KDE-MC-JOINT,-2.537594015711
81,24,Q999,EMP-JOINT,-10.406472592517833
81,24,UNCAPPED,KDE-MC-JOINT,-10.666666666666636
81,24,UNCAPPED,EMP-JOINT,-10.666666666666636
82,12,BINDING,KDE-MC-JOINT,0.0
82,12,BINDING,EMP-JOINT,0.0
82,12,DISTANT,KDE-MC-JOINT,0.0
82,12,DISTANT,EMP-JOINT,0.0
82,12,Q999,KDE-MC-JOINT,0.0
82,12,Q999,EMP-JOINT,0.0
82,12,UNCAPPED,KDE-MC-JOINT,0.0
82,12,UNCAPPED,EMP-JOINT,0.0
82,24,BINDING,KDE-MC-JOINT,1.0274436816001329
82,24,BINDING,EMP-JOINT,1.0274436816001329
82,24,DISTANT,KDE-MC-JOINT,0.09266054475549987
82,24,DISTANT,EMP-JOINT,0.09266054475549987
82,24,Q999,KDE-MC-JOINT,0.2560965296739665
82,24,Q999,EMP-JOINT,0.2560965296739665
82,24,UNCAPPED,KDE-MC-JOINT,-2.6666666666667003
82,24,UNCAPPED,EMP-JOINT,-2.6666666666667003
83,12,BINDING,KDE-MC-JOINT,7.473948835020634
83,12,BINDING,EMP-JOINT,0.0
83,12,DISTANT,KDE-MC-JOINT,0.0
83,12,DISTANT,EMP-JOINT,0.0
83,12,Q999,KDE-MC-JOINT,7.868878576806834
83,12,Q999,EMP-JOINT,0.0
83,12,UNCAPPED,KDE-MC-JOINT,7.999999999999934
83,12,UNCAPPED,EMP-JOINT,0.0
83,24,BINDING,KDE-MC-JOINT,7.473948835020634
83,24,BINDING,EMP-JOINT,0.0
83,24,DISTANT,KDE-MC-JOINT,7.952557801085098
83,24,DISTANT,EMP-JOINT,0.0
83,24,Q999,KDE-MC-JOINT,7.868878576806834
83,24,Q999,EMP-JOINT,7.868878576806834
83,24,UNCAPPED,KDE-MC-JOINT,0.0
83,24,UNCAPPED,EMP-JOINT,7.999999999999934
84,12,BINDING,KDE-MC-JOINT,0.0
84,12,BINDING,EMP-JOINT,0.0
84,12,DISTANT,KDE-MC-JOINT,0.0
84,12,DISTANT,EMP-JOINT,0.0
84,12,Q999,KDE-MC-JOINT,0.0
84,12,Q999,EMP-JOINT,0.0
84,12,UNCAPPED,KDE-MC-JOINT,0.0
84,12,UNCAPPED,EMP-JOINT,0.0
84,24,BINDING,KDE-MC-JOINT,3.1762787327403332
84,24,BINDING,EMP-JOINT,0.0
84,24,DISTANT,KDE-MC-JOINT,2.7126262968654
84,24,DISTANT,EMP-JOINT,2.7126262968654
84,24,Q999,KDE-MC-JOINT,2.7936905453849663
84,24,Q999,EMP-JOINT,0.0
84,24,UNCAPPED,KDE-MC-JOINT,2.6666666666666665
84,24,UNCAPPED,EMP-JOINT,2.6666666666666665
85,12,BINDING,KDE-MC-JOINT,0.0
85,12,BINDING,EMP-JOINT,0.0
85,12,DISTANT,KDE-MC-JOINT,0.0
85,12,DISTANT,EMP-JOINT,0.0
85,12,Q999,KDE-MC-JOINT,0.0
85,12,Q999,EMP-JOINT,0.0
85,12,UNCAPPED,KDE-MC-JOINT,0.0
85,12,UNCAPPED,EMP-JOINT,0.0
85,24,BINDING,KDE-MC-JOINT,0.0
85,24,BINDING,EMP-JOINT,0.0
85,24,DISTANT,KDE-MC-JOINT,0.0
85,24,DISTANT,EMP-JOINT,0.0
85,24,Q999,KDE-MC-JOINT,0.0
85,24,Q999,EMP-JOINT,0.0
85,24,UNCAPPED,KDE-MC-JOINT,0.0
85,24,UNCAPPED,EMP-JOINT,0.0
86,12,BINDING,KDE-MC-JOINT,3.1762787327403332
86,12,BINDING,EMP-JOINT,0.0
86,12,DISTANT,KDE-MC-JOINT,0.0
86,12,DISTANT,EMP-JOINT,0.0
86,12,Q999,KDE-MC-JOINT,0.0
86,12,Q999,EMP-JOINT,0.0
86,12,UNCAPPED,KDE-MC-JOINT,0.0
86,12,UNCAPPED,EMP-JOINT,2.6666666666666665
86,24,BINDING,KDE-MC-JOINT,2.1488350511402
86,24,BINDING,EMP-JOINT,-1.0274436816001329
86,24,DISTANT,KDE-MC-JOINT,7.8598972563295995
86,24,DISTANT,EMP-JOINT,10.572523553195
86,24,Q999,KDE-MC-JOINT,2.537594015711
86,24,Q999,EMP-JOINT,-0.2560965296739665
86,24,UNCAPPED,KDE-MC-JOINT,3.382710778154774e-14
86,24,UNCAPPED,EMP-JOINT,3.382710778154774e-14
87,12,BINDING,KDE-MC-JOINT,0.0
87,12,BINDING,EMP-JOINT,0.0
87,12,DISTANT,KDE-MC-JOINT,0.0
87,12,DISTANT,EMP-JOINT,0.0
87,12,Q999,KDE-MC-JOINT,0.0
87,12,Q999,EMP-JOINT,0.0
87,12,UNCAPPED,KDE-MC-JOINT,0.0
87,12,UNCAPPED,EMP-JOINT,0.0
87,24,BINDING,KDE-MC-JOINT,0.0
87,24,BINDING,EMP-JOINT,0.0
87,24,DISTANT,KDE-MC-JOINT,0.0
87,24,DISTANT,EMP-JOINT,0.0
87,24,Q999,KDE-MC-JOINT,0.0
87,24,Q999,EMP-JOINT,0.0
87,24,UNCAPPED,KDE-MC-JOINT,0.0
87,24,UNCAPPED,EMP-JOINT,0.0
88,12,BINDING,KDE-MC-JOINT,0.0
88,12,BINDING,EMP-JOINT,0.0
88,12,DISTANT,KDE-MC-JOINT,0.0
88,12,DISTANT,EMP-JOINT,0.0
88,12,Q999,KDE-MC-JOINT,0.0
88,12,Q999,EMP-JOINT,0.0
88,12,UNCAPPED,KDE-MC-JOINT,0.0
88,12,UNCAPPED,EMP-JOINT,0.0
88,24,BINDING,KDE-MC-JOINT,0.0
88,24,BINDING,EMP-JOINT,0.0
88,24,DISTANT,KDE-MC-JOINT,0.0
88,24,DISTANT,EMP-JOINT,0.0
88,24,Q999,KDE-MC-JOINT,0.0
88,24,Q999,EMP-JOINT,0.0
88,24,UNCAPPED,KDE-MC-JOINT,-2.6666666666666665
88,24,UNCAPPED,EMP-JOINT,-2.6666666666666665
89,12,BINDING,KDE-MC-JOINT,6.4465051534205005
89,12,BINDING,EMP-JOINT,6.4465051534205005
89,12,DISTANT,KDE-MC-JOINT,7.8598972563295995
89,12,DISTANT,EMP-JOINT,7.8598972563295995
89,12,Q999,KDE-MC-JOINT,7.6127820471328675
89,12,Q999,EMP-JOINT,7.6127820471328675
89,12,UNCAPPED,KDE-MC-JOINT,7.999999999999969
89,12,UNCAPPED,EMP-JOINT,7.999999999999969
89,24,BINDING,KDE-MC-JOINT,1.0274436816001329
89,24,BINDING,EMP-JOINT,3.1762787327403332
89,24,DISTANT,KDE-MC-JOINT,2.7126262968654
89,24,DISTANT,EMP-JOINT,2.7126262968654
89,24,Q999,KDE-MC-JOINT,2.7936905453849663
89,24,Q999,EMP-JOINT,2.7936905453849663
89,24,UNCAPPED,KDE-MC-JOINT,2.6666666666666665
89,24,UNCAPPED,EMP-JOINT,2.6666666666666665
90,12,BINDING,KDE-MC-JOINT,0.0
90,12,BINDING,EMP-JOINT,0.0
90,12,DISTANT,KDE-MC-JOINT,0.0
90,12,DISTANT,EMP-JOINT,0.0
90,12,Q999,KDE-MC-JOINT,0.0
90,12,Q999,EMP-JOINT,0.0
90,12,UNCAPPED,KDE-MC-JOINT,0.0
90,12,UNCAPPED,EMP-JOINT,0.0
90,24,BINDING,KDE-MC-JOINT,0.0
90,24,BINDING,EMP-JOINT,0.0
90,24,DISTANT,KDE-MC-JOINT,0.0
90,24,DISTANT,EMP-JOINT,0.0
90,24,Q999,KDE-MC-JOINT,0.0
90,24,Q999,EMP-JOINT,0.0
90,24,UNCAPPED,KDE-MC-JOINT,0.0
90,24,UNCAPPED,EMP-JOINT,0.0
91,12,BINDING,KDE-MC-JOINT,6.4465051534205005
91,12,BINDING,EMP-JOINT,9.622783886160834
91,12,DISTANT,KDE-MC-JOINT,10.572523553195
91,12,DISTANT,EMP-JOINT,7.8598972563295995
91,12,Q999,KDE-MC-JOINT,7.6127820471328675
91,12,Q999,EMP-JOINT,7.6127820471328675
91,12,UNCAPPED,KDE-MC-JOINT,10.666666666666636
91,12,UNCAPPED,EMP-JOINT,7.999999999999969
91,24,BINDING,KDE-MC-JOINT,2.1488350511402
91,24,BINDING,EMP-JOINT,2.1488350511402
91,24,DISTANT,KDE-MC-JOINT,2.6199657521099002
91,24,DISTANT,EMP-JOINT,-0.09266054475549987
91,24,Q999,KDE-MC-JOINT,-0.2560965296739665
91,24,Q999,EMP-JOINT,-0.2560965296739665
91,24,UNCAPPED,KDE-MC-JOINT,3.382710778154774e-14
91,24,UNCAPPED,EMP-JOINT,2.6666666666667003
92,12,BINDING,KDE-MC-JOINT,0.0
92,12,BINDING,EMP-JOINT,0.0
92,12,DISTANT,KDE-MC-JOINT,0.0
92,12,DISTANT,EMP-JOINT,0.0
92,12,Q999,KDE-MC-JOINT,0.0
92,12,Q999,EMP-JOINT,0.0
92,12,UNCAPPED,KDE-MC-JOINT,0.0
92,12,UNCAPPED,EMP-JOINT,0.0
92,24,BINDING,KDE-MC-JOINT,0.0
92,24,BINDING,EMP-JOINT,0.0
92,24,DISTANT,KDE-MC-JOINT,-2.6199657521099002
92,24,DISTANT,EMP-JOINT,-2.6199657521099002
92,24,Q999,KDE-MC-JOINT,-2.537594015711
92,24,Q999,EMP-JOINT,0.0
92,24,UNCAPPED,KDE-MC-JOINT,0.0
92,24,UNCAPPED,EMP-JOINT,0.0
93,12,BINDING,KDE-MC-JOINT,0.0
93,12,BINDING,EMP-JOINT,0.0
93,12,DISTANT,KDE-MC-JOINT,0.0
93,12,DISTANT,EMP-JOINT,0.0
93,12,Q999,KDE-MC-JOINT,0.0
93,12,Q999,EMP-JOINT,0.0
93,12,UNCAPPED,KDE-MC-JOINT,0.0
93,12,UNCAPPED,EMP-JOINT,0.0
93,24,BINDING,KDE-MC-JOINT,-3.1762787327403332
93,24,BINDING,EMP-JOINT,-3.1762787327403332
93,24,DISTANT,KDE-MC-JOINT,2.7126262968654
93,24,DISTANT,EMP-JOINT,0.0
93,24,Q999,KDE-MC-JOINT,-2.7936905453849663
93,24,Q999,EMP-JOINT,-2.7936905453849663
93,24,UNCAPPED,KDE-MC-JOINT,-2.6666666666666665
93,24,UNCAPPED,EMP-JOINT,-2.6666666666666665
94,12,BINDING,KDE-MC-JOINT,7.473948835020634
94,12,BINDING,EMP-JOINT,7.473948835020634
94,12,DISTANT,KDE-MC-JOINT,7.952557801085098
94,12,DISTANT,EMP-JOINT,7.952557801085098
94,12,Q999,KDE-MC-JOINT,7.868878576806834
94,12,Q999,EMP-JOINT,7.868878576806834
94,12,UNCAPPED,KDE-MC-JOINT,7.999999999999934
94,12,UNCAPPED,EMP-JOINT,7.999999999999934
94,24,BINDING,KDE-MC-JOINT,-1.0274436816001329
94,24,BINDING,EMP-JOINT,-1.0274436816001329
94,24,DISTANT,KDE-MC-JOINT,-2.7126262968654
94,24,DISTANT,EMP-JOINT,-2.7126262968654
94,24,Q999,KDE-MC-JOINT,-2.7936905453849663
94,24,Q999,EMP-JOINT,-2.7936905453849663
94,24,UNCAPPED,KDE-MC-JOINT,3.382710778154774e-14
94,24,UNCAPPED,EMP-JOINT,3.382710778154774e-14
95,12,BINDING,KDE-MC-JOINT,0.0
95,12,BINDING,EMP-JOINT,0.0
95,12,DISTANT,KDE-MC-JOINT,0.0
95,12,DISTANT,EMP-JOINT,0.0
95,12,Q999,KDE-MC-JOINT,0.0
95,12,Q999,EMP-JOINT,0.0
95,12,UNCAPPED,KDE-MC-JOINT,0.0
95,12,UNCAPPED,EMP-JOINT,0.0
95,24,BINDING,KDE-MC-JOINT,0.0
95,24,BINDING,EMP-JOINT,0.0
95,24,DISTANT,KDE-MC-JOINT,0.0
95,24,DISTANT,EMP-JOINT,0.0
95,24,Q999,KDE-MC-JOINT,0.0
95,24,Q999,EMP-JOINT,0.0
95,24,UNCAPPED,KDE-MC-JOINT,0.0
95,24,UNCAPPED,EMP-JOINT,0.0
96,12,BINDING,KDE-MC-JOINT,-2.1488350511402
96,12,BINDING,EMP-JOINT,-2.1488350511402
96,12,DISTANT,KDE-MC-JOINT,-10.572523553195
96,12,DISTANT,EMP-JOINT,-2.6199657521099002
96,12,Q999,KDE-MC-JOINT,0.2560965296739665
96,12,Q999,EMP-JOINT,0.2560965296739665
96,12,UNCAPPED,KDE-MC-JOINT,-3.382710778154774e-14
96,12,UNCAPPED,EMP-JOINT,-7.999999999999969
96,24,BINDING,KDE-MC-JOINT,3.1762787327403332
96,24,BINDING,EMP-JOINT,3.1762787327403332
96,24,DISTANT,KDE-MC-JOINT,2.7126262968654
96,24,DISTANT,EMP-JOINT,2.7126262968654
96,24,Q999,KDE-MC-JOINT,0.0
96,24,Q999,EMP-JOINT,2.7936905453849663
96,24,UNCAPPED,KDE-MC-JOINT,0.0
96,24,UNCAPPED,EMP-JOINT,2.6666666666666665
97,12,BINDING,KDE-MC-JOINT,0.0
97,12,BINDING,EMP-JOINT,0.0
97,12,DISTANT,KDE-MC-JOINT,0.0
97,12,DISTANT,EMP-JOINT,0.0
97,12,Q999,KDE-MC-JOINT,0.0
97,12,Q999,EMP-JOINT,2.537594015711
97,12,UNCAPPED,KDE-MC-JOINT,0.0
97,12,UNCAPPED,EMP-JOINT,0.0
97,24,BINDING,KDE-MC-JOINT,0.0
97,24,BINDING,EMP-JOINT,0.0
97,24,DISTANT,KDE-MC-JOINT,0.0
97,24,DISTANT,EMP-JOINT,0.0
97,24,Q999,KDE-MC-JOINT,0.0
97,24,Q999,EMP-JOINT,0.0
97,24,UNCAPPED,KDE-MC-JOINT,0.0
97,24,UNCAPPED,EMP-JOINT,0.0
98,12,BINDING,KDE-MC-JOINT,0.0
98,12,BINDING,EMP-JOINT,0.0
98,12,DISTANT,KDE-MC-JOINT,0.0
98,12,DISTANT,EMP-JOINT,0.0
98,12,Q999,KDE-MC-JOINT,0.0
98,12,Q999,EMP-JOINT,0.0
98,12,UNCAPPED,KDE-MC-JOINT,0.0
98,12,UNCAPPED,EMP-JOINT,-2.6666666666667003
98,24,BINDING,KDE-MC-JOINT,2.1488350511402
98,24,BINDING,EMP-JOINT,2.1488350511402
98,24,DISTANT,KDE-MC-JOINT,2.6199657521099002
98,24,DISTANT,EMP-JOINT,2.6199657521099002
98,24,Q999,KDE-MC-JOINT,2.537594015711
98,24,Q999,EMP-JOINT,2.537594015711
98,24,UNCAPPED,KDE-MC-JOINT,2.6666666666667003
98,24,UNCAPPED,EMP-JOINT,2.6666666666667003
99,12,BINDING,KDE-MC-JOINT,0.0
99,12,BINDING,EMP-JOINT,0.0
99,12,DISTANT,KDE-MC-JOINT,-7.952557801085098
99,12,DISTANT,EMP-JOINT,-7.952557801085098
99,12,Q999,KDE-MC-JOINT,0.0
99,12,Q999,EMP-JOINT,0.0
99,12,UNCAPPED,KDE-MC-JOINT,-7.999999999999934
99,12,UNCAPPED,EMP-JOINT,-7.999999999999934
99,24,BINDING,KDE-MC-JOINT,0.0
99,24,BINDING,EMP-JOINT,0.0
99,24,DISTANT,KDE-MC-JOINT,0.0
99,24,DISTANT,EMP-JOINT,0.0
99,24,Q999,KDE-MC-JOINT,0.0
99,24,Q999,EMP-JOINT,0.0
99,24,UNCAPPED,KDE-MC-JOINT,0.0
99,24,UNCAPPED,EMP-JOINT,0.0
100,12,BINDING,KDE-MC-JOINT,-9.622783886160834
100,12,BINDING,EMP-JOINT,-9.622783886160834
100,12,DISTANT,KDE-MC-JOINT,-7.952557801085098
100,12,DISTANT,EMP-JOINT,-7.952557801085098
100,12,Q999,KDE-MC-JOINT,-10.406472592517833
100,12,Q999,EMP-JOINT,-10.406472592517833
100,12,UNCAPPED,KDE-MC-JOINT,-10.666666666666636
100,12,UNCAPPED,EMP-JOINT,-10.666666666666636
100,24,BINDING,KDE-MC-JOINT,0.0
100,24,BINDING,EMP-JOINT,0.0
100,24,DISTANT,KDE-MC-JOINT,0.0
100,24,DISTANT,EMP-JOINT,0.0
100,24,Q999,KDE-MC-JOINT,0.0
100,24,Q999,EMP-JOINT,0.0
100,24,UNCAPPED,KDE-MC-JOINT,0.0
100,24,UNCAPPED,EMP-JOINT,0.0
101,12,BINDING,KDE-MC-JOINT,7.473948835020634
101,12,BINDING,EMP-JOINT,7.473948835020634
101,12,DISTANT,KDE-MC-JOINT,7.952557801085098
101,12,DISTANT,EMP-JOINT,7.952557801085098
101,12,Q999,KDE-MC-JOINT,7.868878576806834
101,12,Q999,EMP-JOINT,7.868878576806834
101,12,UNCAPPED,KDE-MC-JOINT,7.999999999999934
101,12,UNCAPPED,EMP-JOINT,7.999999999999934
101,24,BINDING,KDE-MC-JOINT,2.1488350511402
101,24,BINDING,EMP-JOINT,2.1488350511402
101,24,DISTANT,KDE-MC-JOINT,10.572523553195
101,24,DISTANT,EMP-JOINT,10.572523553195
101,24,Q999,KDE-MC-JOINT,0.0
101,24,Q999,EMP-JOINT,0.0
101,24,UNCAPPED,KDE-MC-JOINT,2.6666666666667003
101,24,UNCAPPED,EMP-JOINT,2.6666666666667003
102,12,BINDING,KDE-MC-JOINT,0.0
102,12,BINDING,EMP-JOINT,0.0
102,12,DISTANT,KDE-MC-JOINT,0.0
102,12,DISTANT,EMP-JOINT,0.0
102,12,Q999,KDE-MC-JOINT,0.0
102,12,Q999,EMP-JOINT,0.0
102,12,UNCAPPED,KDE-MC-JOINT,0.0
102,12,UNCAPPED,EMP-JOINT,0.0
102,24,BINDING,KDE-MC-JOINT,7.473948835020634
102,24,BINDING,EMP-JOINT,9.622783886160834
102,24,DISTANT,KDE-MC-JOINT,10.572523553195
102,24,DISTANT,EMP-JOINT,10.572523553195
102,24,Q999,KDE-MC-JOINT,10.406472592517833
102,24,Q999,EMP-JOINT,10.406472592517833
102,24,UNCAPPED,KDE-MC-JOINT,10.666666666666636
102,24,UNCAPPED,EMP-JOINT,7.999999999999934
103,12,BINDING,KDE-MC-JOINT,0.0
103,12,BINDING,EMP-JOINT,0.0
103,12,DISTANT,KDE-MC-JOINT,0.0
103,12,DISTANT,EMP-JOINT,0.0
103,12,Q999,KDE-MC-JOINT,0.0
103,12,Q999,EMP-JOINT,0.0
103,12,UNCAPPED,KDE-MC-JOINT,0.0
103,12,UNCAPPED,EMP-JOINT,0.0
103,24,BINDING,KDE-MC-JOINT,0.0
103,24,BINDING,EMP-JOINT,0.0
103,24,DISTANT,KDE-MC-JOINT,0.0
103,24,DISTANT,EMP-JOINT,0.0
103,24,Q999,KDE-MC-JOINT,0.0
103,24,Q999,EMP-JOINT,0.0
103,24,UNCAPPED,KDE-MC-JOINT,0.0
103,24,UNCAPPED,EMP-JOINT,0.0
104,12,BINDING,KDE-MC-JOINT,0.0
104,12,BINDING,EMP-JOINT,0.0
104,12,DISTANT,KDE-MC-JOINT,0.0
104,12,DISTANT,EMP-JOINT,0.0
104,12,Q999,KDE-MC-JOINT,0.0
104,12,Q999,EMP-JOINT,0.0
104,12,UNCAPPED,KDE-MC-JOINT,0.0
104,12,UNCAPPED,EMP-JOINT,0.0
104,24,BINDING,KDE-MC-JOINT,0.0
104,24,BINDING,EMP-JOINT,0.0
104,24,DISTANT,KDE-MC-JOINT,0.0
104,24,DISTANT,EMP-JOINT,0.0
104,24,Q999,KDE-MC-JOINT,0.0
104,24,Q999,EMP-JOINT,0.0
104,24,UNCAPPED,KDE-MC-JOINT,0.0
104,24,UNCAPPED,EMP-JOINT,0.0
105,12,BINDING,KDE-MC-JOINT,-9.622783886160834
105,12,BINDING,EMP-JOINT,-9.622783886160834
105,12,DISTANT,KDE-MC-JOINT,-10.572523553195
105,12,DISTANT,EMP-JOINT,-10.572523553195
105,12,Q999,KDE-MC-JOINT,-2.537594015711
105,12,Q999,EMP-JOINT,-10.406472592517833
105,12,UNCAPPED,KDE-MC-JOINT,-10.666666666666636
105,12,UNCAPPED,EMP-JOINT,-10.666666666666636
105,24,BINDING,KDE-MC-JOINT,-7.473948835020634
105,24,BINDING,EMP-JOINT,-7.473948835020634
105,24,DISTANT,KDE-MC-JOINT,0.0
105,24,DISTANT,EMP-JOINT,0.0
105,24,Q999,KDE-MC-JOINT,-7.868878576806834
105,24,Q999,EMP-JOINT,0.0
105,24,UNCAPPED,KDE-MC-JOINT,-10.666666666666636
105,24,UNCAPPED,EMP-JOINT,-10.666666666666636
106,12,BINDING,KDE-MC-JOINT,0.0
106,12,BINDING,EMP-JOINT,0.0
106,12,DISTANT,KDE-MC-JOINT,0.0
106,12,DISTANT,EMP-JOINT,0.0
106,12,Q999,KDE-MC-JOINT,0.0
106,12,Q999,EMP-JOINT,0.0
106,12,UNCAPPED,KDE-MC-JOINT,0.0
106,12,UNCAPPED,EMP-JOINT,0.0
106,24,BINDING,KDE-MC-JOINT,0.0
106,24,BINDING,EMP-JOINT,7.473948835020634
106,24,DISTANT,KDE-MC-JOINT,7.952557801085098
106,24,DISTANT,EMP-JOINT,7.952557801085098
106,24,Q999,KDE-MC-JOINT,7.868878576806834
106,24,Q999,EMP-JOINT,0.0
106,24,UNCAPPED,KDE-MC-JOINT,7.999999999999934
106,24,UNCAPPED,EMP-JOINT,7.999999999999934
107,12,BINDING,KDE-MC-JOINT,9.622783886160834
107,12,BINDING,EMP-JOINT,9.622783886160834
107,12,DISTANT,KDE-MC-JOINT,10.572523553195
107,12,DISTANT,EMP-JOINT,10.572523553195
107,12,Q999,KDE-MC-JOINT,10.406472592517833
107,12,Q999,EMP-JOINT,10.406472592517833
107,12,UNCAPPED,KDE-MC-JOINT,10.666666666666636
107,12,UNCAPPED,EMP-JOINT,10.666666666666636
107,24,BINDING,KDE-MC-JOINT,-3.1762787327403332
107,24,BINDING,EMP-JOINT,-3.1762787327403332
107,24,DISTANT,KDE-MC-JOINT,-2.7126262968654
107,24,DISTANT,EMP-JOINT,-2.7126262968654
107,24,Q999,KDE-MC-JOINT,0.0
107,24,Q999,EMP-JOINT,0.0
107,24,UNCAPPED,KDE-MC-JOINT,0.0
107,24,UNCAPPED,EMP-JOINT,0.0
108,12,BINDING,KDE-MC-JOINT,9.622783886160834
108,12,BINDING,EMP-JOINT,9.622783886160834
108,12,DISTANT,KDE-MC-JOINT,10.572523553195
108,12,DISTANT,EMP-JOINT,10.572523553195
108,12,Q999,KDE-MC-JOINT,10.406472592517833
108,12,Q999,EMP-JOINT,10.406472592517833
108,12,UNCAPPED,KDE-MC-JOINT,10.666666666666636
108,12,UNCAPPED,EMP-JOINT,10.666666666666636
108,24,BINDING,KDE-MC-JOINT,0.0
108,24,BINDING,EMP-JOINT,0.0
108,24,DISTANT,KDE-MC-JOINT,0.0
108,24,DISTANT,EMP-JOINT,0.0
108,24,Q999,KDE-MC-JOINT,0.0
108,24,Q999,EMP-JOINT,0.0
108,24,UNCAPPED,KDE-MC-JOINT,0.0
108,24,UNCAPPED,EMP-JOINT,0.0
109,12,BINDING,KDE-MC-JOINT,0.0
109,12,BINDING,EMP-JOINT,0.0
109,12,DISTANT,KDE-MC-JOINT,0.0
109,12,DISTANT,EMP-JOINT,0.0
109,12,Q999,KDE-MC-JOINT,0.0
109,12,Q999,EMP-JOINT,0.0
109,12,UNCAPPED,KDE-MC-JOINT,0.0
109,12,UNCAPPED,EMP-JOINT,0.0
109,24,BINDING,KDE-MC-JOINT,3.1762787327403332
109,24,BINDING,EMP-JOINT,0.0
109,24,DISTANT,KDE-MC-JOINT,0.0
109,24,DISTANT,EMP-JOINT,0.0
109,24,Q999,KDE-MC-JOINT,0.0
109,24,Q999,EMP-JOINT,0.0
109,24,UNCAPPED,KDE-MC-JOINT,0.0
109,24,UNCAPPED,EMP-JOINT,0.0
110,12,BINDING,KDE-MC-JOINT,-6.4465051534205005
110,12,BINDING,EMP-JOINT,-6.4465051534205005
110,12,DISTANT,KDE-MC-JOINT,-7.8598972563295995
110,12,DISTANT,EMP-JOINT,-7.8598972563295995
110,12,Q999,KDE-MC-JOINT,-7.6127820471328675
110,12,Q999,EMP-JOINT,-7.6127820471328675
110,12,UNCAPPED,KDE-MC-JOINT,-7.999999999999969
110,12,UNCAPPED,EMP-JOINT,-7.999999999999969
110,24,BINDING,KDE-MC-JOINT,-3.1762787327403332
110,24,BINDING,EMP-JOINT,-3.1762787327403332
110,24,DISTANT,KDE-MC-JOINT,0.0
110,24,DISTANT,EMP-JOINT,0.0
110,24,Q999,KDE-MC-JOINT,-2.7936905453849663
110,24,Q999,EMP-JOINT,-2.7936905453849663
110,24,UNCAPPED,KDE-MC-JOINT,2.6666666666666665
110,24,UNCAPPED,EMP-JOINT,2.6666666666666665
111,12,BINDING,KDE-MC-JOINT,0.0
111,12,BINDING,EMP-JOINT,0.0
111,12,DISTANT,KDE-MC-JOINT,0.0
111,12,DISTANT,EMP-JOINT,0.0
111,12,Q999,KDE-MC-JOINT,0.0
111,12,Q999,EMP-JOINT,0.0
111,12,UNCAPPED,KDE-MC-JOINT,0.0
111,12,UNCAPPED,EMP-JOINT,0.0
111,24,BINDING,KDE-MC-JOINT,-3.1762787327403332
111,24,BINDING,EMP-JOINT,-3.1762787327403332
111,24,DISTANT,KDE-MC-JOINT,0.0
111,24,DISTANT,EMP-JOINT,0.0
111,24,Q999,KDE-MC-JOINT,0.0
111,24,Q999,EMP-JOINT,0.0
111,24,UNCAPPED,KDE-MC-JOINT,0.0
111,24,UNCAPPED,EMP-JOINT,0.0
112,12,BINDING,KDE-MC-JOINT,0.0
112,12,BINDING,EMP-JOINT,0.0
112,12,DISTANT,KDE-MC-JOINT,0.0
112,12,DISTANT,EMP-JOINT,0.0
112,12,Q999,KDE-MC-JOINT,0.0
112,12,Q999,EMP-JOINT,0.0
112,12,UNCAPPED,KDE-MC-JOINT,0.0
112,12,UNCAPPED,EMP-JOINT,0.0
112,24,BINDING,KDE-MC-JOINT,0.0
112,24,BINDING,EMP-JOINT,0.0
112,24,DISTANT,KDE-MC-JOINT,0.0
112,24,DISTANT,EMP-JOINT,0.0
112,24,Q999,KDE-MC-JOINT,0.0
112,24,Q999,EMP-JOINT,0.0
112,24,UNCAPPED,KDE-MC-JOINT,0.0
112,24,UNCAPPED,EMP-JOINT,0.0
113,12,BINDING,KDE-MC-JOINT,0.0
113,12,BINDING,EMP-JOINT,0.0
113,12,DISTANT,KDE-MC-JOINT,0.0
113,12,DISTANT,EMP-JOINT,0.0
113,12,Q999,KDE-MC-JOINT,0.0
113,12,Q999,EMP-JOINT,0.0
113,12,UNCAPPED,KDE-MC-JOINT,0.0
113,12,UNCAPPED,EMP-JOINT,0.0
113,24,BINDING,KDE-MC-JOINT,0.0
113,24,BINDING,EMP-JOINT,0.0
113,24,DISTANT,KDE-MC-JOINT,0.0
113,24,DISTANT,EMP-JOINT,0.0
113,24,Q999,KDE-MC-JOINT,0.0
113,24,Q999,EMP-JOINT,0.0
113,24,UNCAPPED,KDE-MC-JOINT,0.0
113,24,UNCAPPED,EMP-JOINT,0.0
114,12,BINDING,KDE-MC-JOINT,-7.473948835020634
114,12,BINDING,EMP-JOINT,-7.473948835020634
114,12,DISTANT,KDE-MC-JOINT,-10.572523553195
114,12,DISTANT,EMP-JOINT,-10.572523553195
114,12,Q999,KDE-MC-JOINT,-7.868878576806834
114,12,Q999,EMP-JOINT,-7.868878576806834
114,12,UNCAPPED,KDE-MC-JOINT,-7.999999999999934
114,12,UNCAPPED,EMP-JOINT,-7.999999999999934
114,24,BINDING,KDE-MC-JOINT,0.0
114,24,BINDING,EMP-JOINT,0.0
114,24,DISTANT,KDE-MC-JOINT,-7.952557801085098
114,24,DISTANT,EMP-JOINT,-7.952557801085098
114,24,Q999,KDE-MC-JOINT,-7.868878576806834
114,24,Q999,EMP-JOINT,-7.868878576806834
114,24,UNCAPPED,KDE-MC-JOINT,-7.999999999999934
114,24,UNCAPPED,EMP-JOINT,-7.999999999999934
115,12,BINDING,KDE-MC-JOINT,0.0
115,12,BINDING,EMP-JOINT,0.0
115,12,DISTANT,KDE-MC-JOINT,0.0
115,12,DISTANT,EMP-JOINT,0.0
115,12,Q999,KDE-MC-JOINT,0.0
115,12,Q999,EMP-JOINT,0.0
115,12,UNCAPPED,KDE-MC-JOINT,0.0
115,12,UNCAPPED,EMP-JOINT,0.0
115,24,BINDING,KDE-MC-JOINT,0.0
115,24,BINDING,EMP-JOINT,0.0
115,24,DISTANT,KDE-MC-JOINT,0.0
115,24,DISTANT,EMP-JOINT,0.0
115,24,Q999,KDE-MC-JOINT,0.0
115,24,Q999,EMP-JOINT,0.0
115,24,UNCAPPED,KDE-MC-JOINT,0.0
115,24,UNCAPPED,EMP-JOINT,0.0
116,12,BINDING,KDE-MC-JOINT,1.0274436816001329
116,12,BINDING,EMP-JOINT,1.0274436816001329
116,12,DISTANT,KDE-MC-JOINT,2.6199657521099002
116,12,DISTANT,EMP-JOINT,2.6199657521099002
116,12,Q999,KDE-MC-JOINT,0.0
116,12,Q999,EMP-JOINT,0.0
116,12,UNCAPPED,KDE-MC-JOINT,0.0
116,12,UNCAPPED,EMP-JOINT,0.0
116,24,BINDING,KDE-MC-JOINT,-9.622783886160834
116,24,BINDING,EMP-JOINT,-9.622783886160834
116,24,DISTANT,KDE-MC-JOINT,-10.572523553195
116,24,DISTANT,EMP-JOINT,-10.572523553195
116,24,Q999,KDE-MC-JOINT,-10.406472592517833
116,24,Q999,EMP-JOINT,-10.406472592517833
116,24,UNCAPPED,KDE-MC-JOINT,-7.999999999999934
116,24,UNCAPPED,EMP-JOINT,-7.999999999999934
117,12,BINDING,KDE-MC-JOINT,0.0
117,12,BINDING,EMP-JOINT,0.0
117,12,DISTANT,KDE-MC-JOINT,0.0
117,12,DISTANT,EMP-JOINT,0.0
117,12,Q999,KDE-MC-JOINT,0.0
117,12,Q999,EMP-JOINT,0.0
117,12,UNCAPPED,KDE-MC-JOINT,0.0
117,12,UNCAPPED,EMP-JOINT,0.0
117,24,BINDING,KDE-MC-JOINT,0.0
117,24,BINDING,EMP-JOINT,0.0
117,24,DISTANT,KDE-MC-JOINT,0.0
117,24,DISTANT,EMP-JOINT,0.0
117,24,Q999,KDE-MC-JOINT,0.0
117,24,Q999,EMP-JOINT,0.0
117,24,UNCAPPED,KDE-MC-JOINT,0.0
117,24,UNCAPPED,EMP-JOINT,0.0
118,12,BINDING,KDE-MC-JOINT,9.622783886160834
118,12,BINDING,EMP-JOINT,9.622783886160834
118,12,DISTANT,KDE-MC-JOINT,10.572523553195
118,12,DISTANT,EMP-JOINT,10.572523553195
118,12,Q999,KDE-MC-JOINT,10.406472592517833
118,12,Q999,EMP-JOINT,10.406472592517833
118,12,UNCAPPED,KDE-MC-JOINT,10.666666666666636
118,12,UNCAPPED,EMP-JOINT,10.666666666666636
118,24,BINDING,KDE-MC-JOINT,2.1488350511402
118,24,BINDING,EMP-JOINT,0.0
118,24,DISTANT,KDE-MC-JOINT,2.6199657521099002
118,24,DISTANT,EMP-JOINT,0.0
118,24,Q999,KDE-MC-JOINT,0.0
118,24,Q999,EMP-JOINT,2.537594015711
118,24,UNCAPPED,KDE-MC-JOINT,0.0
118,24,UNCAPPED,EMP-JOINT,0.0
119,12,BINDING,KDE-MC-JOINT,0.0
119,12,BINDING,EMP-JOINT,0.0
119,12,DISTANT,KDE-MC-JOINT,0.0
119,12,DISTANT,EMP-JOINT,0.0
119,12,Q999,KDE-MC-JOINT,0.0
119,12,Q999,EMP-JOINT,0.0
119,12,UNCAPPED,KDE-MC-JOINT,0.0
119,12,UNCAPPED,EMP-JOINT,0.0
119,24,BINDING,KDE-MC-JOINT,0.0
119,24,BINDING,EMP-JOINT,0.0
119,24,DISTANT,KDE-MC-JOINT,0.0
119,24,DISTANT,EMP-JOINT,0.0
119,24,Q999,KDE-MC-JOINT,0.0
119,24,Q999,EMP-JOINT,0.0
119,24,UNCAPPED,KDE-MC-JOINT,0.0
119,24,UNCAPPED,EMP-JOINT,0.0
120,12,BINDING,KDE-MC-JOINT,0.0
120,12,BINDING,EMP-JOINT,0.0
120,12,DISTANT,KDE-MC-JOINT,0.0
120,12,DISTANT,EMP-JOINT,0.0
120,12,Q999,KDE-MC-JOINT,0.0
120,12,Q999,EMP-JOINT,0.0
120,12,UNCAPPED,KDE-MC-JOINT,0.0
120,12,UNCAPPED,EMP-JOINT,0.0
120,24,BINDING,KDE-MC-JOINT,0.0
120,24,BINDING,EMP-JOINT,0.0
120,24,DISTANT,KDE-MC-JOINT,0.0
120,24,DISTANT,EMP-JOINT,0.0
120,24,Q999,KDE-MC-JOINT,0.0
120,24,Q999,EMP-JOINT,0.0
120,24,UNCAPPED,KDE-MC-JOINT,0.0
120,24,UNCAPPED,EMP-JOINT,0.0
121,12,BINDING,KDE-MC-JOINT,0.0
121,12,BINDING,EMP-JOINT,0.0
121,12,DISTANT,KDE-MC-JOINT,0.0
121,12,DISTANT,EMP-JOINT,0.0
121,12,Q999,KDE-MC-JOINT,0.0
121,12,Q999,EMP-JOINT,0.0
121,12,UNCAPPED,KDE-MC-JOINT,0.0
121,12,UNCAPPED,EMP-JOINT,0.0
121,24,BINDING,KDE-MC-JOINT,0.0
121,24,BINDING,EMP-JOINT,0.0
121,24,DISTANT,KDE-MC-JOINT,0.0
121,24,DISTANT,EMP-JOINT,0.0
121,24,Q999,KDE-MC-JOINT,0.0
121,24,Q999,EMP-JOINT,0.0
121,24,UNCAPPED,KDE-MC-JOINT,0.0
121,24,UNCAPPED,EMP-JOINT,0.0
122,12,BINDING,KDE-MC-JOINT,-6.4465051534205005
122,12,BINDING,EMP-JOINT,-6.4465051534205005
122,12,DISTANT,KDE-MC-JOINT,-7.8598972563295995
122,12,DISTANT,EMP-JOINT,-7.8598972563295995
122,12,Q999,KDE-MC-JOINT,-7.6127820471328675
122,12,Q999,EMP-JOINT,-7.6127820471328675
122,12,UNCAPPED,KDE-MC-JOINT,-10.666666666666636
122,12,UNCAPPED,EMP-JOINT,-10.666666666666636
122,24,BINDING,KDE-MC-JOINT,-2.1488350511402
122,24,BINDING,EMP-JOINT,-2.1488350511402
122,24,DISTANT,KDE-MC-JOINT,-2.6199657521099002
122,24,DISTANT,EMP-JOINT,-2.6199657521099002
122,24,Q999,KDE-MC-JOINT,-2.537594015711
122,24,Q999,EMP-JOINT,-2.537594015711
122,24,UNCAPPED,KDE-MC-JOINT,-2.6666666666667003
122,24,UNCAPPED,EMP-JOINT,-2.6666666666667003
123,12,BINDING,KDE-MC-JOINT,0.0
123,12,BINDING,EMP-JOINT,0.0
123,12,DISTANT,KDE-MC-JOINT,0.0
123,12,DISTANT,EMP-JOINT,0.0
123,12,Q999,KDE-MC-JOINT,0.0
123,12,Q999,EMP-JOINT,0.0
123,12,UNCAPPED,KDE-MC-JOINT,0.0
123,12,UNCAPPED,EMP-JOINT,0.0
123,24,BINDING,KDE-MC-JOINT,-7.473948835020634
123,24,BINDING,EMP-JOINT,-7.473948835020634
123,24,DISTANT,KDE-MC-JOINT,0.0
123,24,DISTANT,EMP-JOINT,0.0
123,24,Q999,KDE-MC-JOINT,-7.868878576806834
123,24,Q999,EMP-JOINT,-7.868878576806834
123,24,UNCAPPED,KDE-MC-JOINT,0.0
123,24,UNCAPPED,EMP-JOINT,0.0
124,12,BINDING,KDE-MC-JOINT,0.0
124,12,BINDING,EMP-JOINT,0.0
124,12,DISTANT,KDE-MC-JOINT,0.0
124,12,DISTANT,EMP-JOINT,0.0
124,12,Q999,KDE-MC-JOINT,0.0
124,12,Q999,EMP-JOINT,0.0
124,12,UNCAPPED,KDE-MC-JOINT,0.0
124,12,UNCAPPED,EMP-JOINT,0.0
124,24,BINDING,KDE-MC-JOINT,0.0
124,24,BINDING,EMP-JOINT,0.0
124,24,DISTANT,KDE-MC-JOINT,0.0
124,24,DISTANT,EMP-JOINT,0.0
124,24,Q999,KDE-MC-JOINT,0.0
124,24,Q999,EMP-JOINT,0.0
124,24,UNCAPPED,KDE-MC-JOINT,0.0
124,24,UNCAPPED,EMP-JOINT,0.0
125,12,BINDING,KDE-MC-JOINT,-1.0274436816001329
125,12,BINDING,EMP-JOINT,-1.0274436816001329
125,12,DISTANT,KDE-MC-JOINT,-0.09266054475549987
125,12,DISTANT,EMP-JOINT,-0.09266054475549987
125,12,Q999,KDE-MC-JOINT,-0.2560965296739665
125,12,Q999,EMP-JOINT,-0.2560965296739665
125,12,UNCAPPED,KDE-MC-JOINT,3.382710778154774e-14
125,12,UNCAPPED,EMP-JOINT,3.382710778154774e-14
125,24,BINDING,KDE-MC-JOINT,0.0
125,24,BINDING,EMP-JOINT,0.0
125,24,DISTANT,KDE-MC-JOINT,0.0
125,24,DISTANT,EMP-JOINT,0.0
125,24,Q999,KDE-MC-JOINT,0.0
125,24,Q999,EMP-JOINT,0.0
125,24,UNCAPPED,KDE-MC-JOINT,0.0
125,24,UNCAPPED,EMP-JOINT,0.0
126,12,BINDING,KDE-MC-JOINT,0.0
126,12,BINDING,EMP-JOINT,0.0
126,12,DISTANT,KDE-MC-JOINT,0.0
126,12,DISTANT,EMP-JOINT,0.0
126,12,Q999,KDE-MC-JOINT,0.0
126,12,Q999,EMP-JOINT,0.0
126,12,UNCAPPED,KDE-MC-JOINT,0.0
126,12,UNCAPPED,EMP-JOINT,0.0
126,24,BINDING,KDE-MC-JOINT,0.0
126,24,BINDING,EMP-JOINT,0.0
126,24,DISTANT,KDE-MC-JOINT,0.0
126,24,DISTANT,EMP-JOINT,0.0
126,24,Q999,KDE-MC-JOINT,0.0
126,24,Q999,EMP-JOINT,0.0
126,24,UNCAPPED,KDE-MC-JOINT,0.0
126,24,UNCAPPED,EMP-JOINT,0.0
127,12,BINDING,KDE-MC-JOINT,0.0
127,12,BINDING,EMP-JOINT,0.0
127,12,DISTANT,KDE-MC-JOINT,0.0
127,12,DISTANT,EMP-JOINT,0.0
127,12,Q999,KDE-MC-JOINT,0.0
127,12,Q999,EMP-JOINT,0.0
127,12,UNCAPPED,KDE-MC-JOINT,0.0
127,12,UNCAPPED,EMP-JOINT,0.0
127,24,BINDING,KDE-MC-JOINT,1.0274436816001329
127,24,BINDING,EMP-JOINT,3.1762787327403332
127,24,DISTANT,KDE-MC-JOINT,2.7126262968654
127,24,DISTANT,EMP-JOINT,0.09266054475549987
127,24,Q999,KDE-MC-JOINT,0.2560965296739665
127,24,Q999,EMP-JOINT,0.2560965296739665
127,24,UNCAPPED,KDE-MC-JOINT,2.6666666666666665
127,24,UNCAPPED,EMP-JOINT,-3.382710778154774e-14
128,12,BINDING,KDE-MC-JOINT,-1.0274436816001329
128,12,BINDING,EMP-JOINT,-1.0274436816001329
128,12,DISTANT,KDE-MC-JOINT,-2.7126262968654
128,12,DISTANT,EMP-JOINT,-2.7126262968654
128,12,Q999,KDE-MC-JOINT,-2.7936905453849663
128,12,Q999,EMP-JOINT,-2.7936905453849663
128,12,UNCAPPED,KDE-MC-JOINT,-2.6666666666666665
128,12,UNCAPPED,EMP-JOINT,-2.6666666666666665
128,24,BINDING,KDE-MC-JOINT,0.0
128,24,BINDING,EMP-JOINT,0.0
128,24,DISTANT,KDE-MC-JOINT,0.0
128,24,DISTANT,EMP-JOINT,0.0
128,24,Q999,KDE-MC-JOINT,0.0
128,24,Q999,EMP-JOINT,0.0
128,24,UNCAPPED,KDE-MC-JOINT,0.0
128,24,UNCAPPED,EMP-JOINT,0.0
129,12,BINDING,KDE-MC-JOINT,-7.473948835020634
129,12,BINDING,EMP-JOINT,-7.473948835020634
129,12,DISTANT,KDE-MC-JOINT,-7.952557801085098
129,12,DISTANT,EMP-JOINT,-7.952557801085098
129,12,Q999,KDE-MC-JOINT,-7.868878576806834
129,12,Q999,EMP-JOINT,-7.868878576806834
129,12,UNCAPPED,KDE-MC-JOINT,-7.999999999999934
129,12,UNCAPPED,EMP-JOINT,-7.999999999999934
129,24,BINDING,KDE-MC-JOINT,0.0
129,24,BINDING,EMP-JOINT,0.0
129,24,DISTANT,KDE-MC-JOINT,0.0
129,24,DISTANT,EMP-JOINT,0.0
129,24,Q999,KDE-MC-JOINT,0.0
129,24,Q999,EMP-JOINT,0.0
129,24,UNCAPPED,KDE-MC-JOINT,0.0
129,24,UNCAPPED,EMP-JOINT,0.0
130,12,BINDING,KDE-MC-JOINT,-9.622783886160834
130,12,BINDING,EMP-JOINT,-9.622783886160834
130,12,DISTANT,KDE-MC-JOINT,-10.572523553195
130,12,DISTANT,EMP-JOINT,-10.572523553195
130,12,Q999,KDE-MC-JOINT,-2.537594015711
130,12,Q999,EMP-JOINT,-10.406472592517833
130,12,UNCAPPED,KDE-MC-JOINT,-7.999999999999969
130,12,UNCAPPED,EMP-JOINT,-7.999999999999969
130,24,BINDING,KDE-MC-JOINT,0.0
130,24,BINDING,EMP-JOINT,0.0
130,24,DISTANT,KDE-MC-JOINT,0.0
130,24,DISTANT,EMP-JOINT,0.0
130,24,Q999,KDE-MC-JOINT,0.0
130,24,Q999,EMP-JOINT,0.0
130,24,UNCAPPED,KDE-MC-JOINT,0.0
130,24,UNCAPPED,EMP-JOINT,0.0
131,12,BINDING,KDE-MC-JOINT,0.0
131,12,BINDING,EMP-JOINT,0.0
131,12,DISTANT,KDE-MC-JOINT,0.0
131,12,DISTANT,EMP-JOINT,0.0
131,12,Q999,KDE-MC-JOINT,0.0
131,12,Q999,EMP-JOINT,0.0
131,12,UNCAPPED,KDE-MC-JOINT,0.0
131,12,UNCAPPED,EMP-JOINT,0.0
131,24,BINDING,KDE-MC-JOINT,-7.473948835020634
131,24,BINDING,EMP-JOINT,-7.473948835020634
131,24,DISTANT,KDE-MC-JOINT,-2.6199657521099002
131,24,DISTANT,EMP-JOINT,-10.572523553195
131,24,Q999,KDE-MC-JOINT,-10.406472592517833
131,24,Q999,EMP-JOINT,-10.406472592517833
131,24,UNCAPPED,KDE-MC-JOINT,0.0
131,24,UNCAPPED,EMP-JOINT,-7.999999999999934
132,12,BINDING,KDE-MC-JOINT,0.0
132,12,BINDING,EMP-JOINT,0.0
132,12,DISTANT,KDE-MC-JOINT,0.0
132,12,DISTANT,EMP-JOINT,0.0
132,12,Q999,KDE-MC-JOINT,0.0
132,12,Q999,EMP-JOINT,0.0
132,12,UNCAPPED,KDE-MC-JOINT,0.0
132,12,UNCAPPED,EMP-JOINT,0.0
132,24,BINDING,KDE-MC-JOINT,0.0
132,24,BINDING,EMP-JOINT,0.0
132,24,DISTANT,KDE-MC-JOINT,0.0
132,24,DISTANT,EMP-JOINT,0.0
132,24,Q999,KDE-MC-JOINT,0.0
132,24,Q999,EMP-JOINT,0.0
132,24,UNCAPPED,KDE-MC-JOINT,0.0
132,24,UNCAPPED,EMP-JOINT,0.0
133,12,BINDING,KDE-MC-JOINT,0.0
133,12,BINDING,EMP-JOINT,0.0
133,12,DISTANT,KDE-MC-JOINT,0.0
133,12,DISTANT,EMP-JOINT,0.0
133,12,Q999,KDE-MC-JOINT,0.0
133,12,Q999,EMP-JOINT,0.0
133,12,UNCAPPED,KDE-MC-JOINT,0.0
133,12,UNCAPPED,EMP-JOINT,0.0
133,24,BINDING,KDE-MC-JOINT,0.0
133,24,BINDING,EMP-JOINT,0.0
133,24,DISTANT,KDE-MC-JOINT,0.0
133,24,DISTANT,EMP-JOINT,0.0
133,24,Q999,KDE-MC-JOINT,0.0
133,24,Q999,EMP-JOINT,0.0
133,24,UNCAPPED,KDE-MC-JOINT,0.0
133,24,UNCAPPED,EMP-JOINT,0.0
134,12,BINDING,KDE-MC-JOINT,-7.473948835020634
134,12,BINDING,EMP-JOINT,-7.473948835020634
134,12,DISTANT,KDE-MC-JOINT,-7.952557801085098
134,12,DISTANT,EMP-JOINT,-7.952557801085098
134,12,Q999,KDE-MC-JOINT,-7.868878576806834
134,12,Q999,EMP-JOINT,-7.868878576806834
134,12,UNCAPPED,KDE-MC-JOINT,0.0
134,12,UNCAPPED,EMP-JOINT,0.0
134,24,BINDING,KDE-MC-JOINT,9.622783886160834
134,24,BINDING,EMP-JOINT,9.622783886160834
134,24,DISTANT,KDE-MC-JOINT,0.0
134,24,DISTANT,EMP-JOINT,2.6199657521099002
134,24,Q999,KDE-MC-JOINT,0.0
134,24,Q999,EMP-JOINT,2.537594015711
134,24,UNCAPPED,KDE-MC-JOINT,10.666666666666636
134,24,UNCAPPED,EMP-JOINT,10.666666666666636
135,12,BINDING,KDE-MC-JOINT,0.0
135,12,BINDING,EMP-JOINT,0.0
135,12,DISTANT,KDE-MC-JOINT,0.0
135,12,DISTANT,EMP-JOINT,0.0
135,12,Q999,KDE-MC-JOINT,0.0
135,12,Q999,EMP-JOINT,0.0
135,12,UNCAPPED,KDE-MC-JOINT,0.0
135,12,UNCAPPED,EMP-JOINT,0.0
135,24,BINDING,KDE-MC-JOINT,0.0
135,24,BINDING,EMP-JOINT,0.0
135,24,DISTANT,KDE-MC-JOINT,0.0
135,24,DISTANT,EMP-JOINT,0.0
135,24,Q999,KDE-MC-JOINT,0.0
135,24,Q999,EMP-JOINT,0.0
135,24,UNCAPPED,KDE-MC-JOINT,0.0
135,24,UNCAPPED,EMP-JOINT,0.0
136,12,BINDING,KDE-MC-JOINT,-9.622783886160834
136,12,BINDING,EMP-JOINT,-9.622783886160834
136,12,DISTANT,KDE-MC-JOINT,0.0
136,12,DISTANT,EMP-JOINT,-7.952557801085098
136,12,Q999,KDE-MC-JOINT,-10.406472592517833
136,12,Q999,EMP-JOINT,-2.537594015711
136,12,UNCAPPED,KDE-MC-JOINT,-10.666666666666636
136,12,UNCAPPED,EMP-JOINT,-2.6666666666667003
136,24,BINDING,KDE-MC-JOINT,-3.1762787327403332
136,24,BINDING,EMP-JOINT,-3.1762787327403332
136,24,DISTANT,KDE-MC-JOINT,-2.7126262968654
136,24,DISTANT,EMP-JOINT,-2.7126262968654
136,24,Q999,KDE-MC-JOINT,-2.7936905453849663
136,24,Q999,EMP-JOINT,-2.7936905453849663
136,24,UNCAPPED,KDE-MC-JOINT,-2.6666666666666665
136,24,UNCAPPED,EMP-JOINT,-2.6666666666666665
137,12,BINDING,KDE-MC-JOINT,0.0
137,12,BINDING,EMP-JOINT,0.0
137,12,DISTANT,KDE-MC-JOINT,0.0
137,12,DISTANT,EMP-JOINT,0.0
137,12,Q999,KDE-MC-JOINT,0.0
137,12,Q999,EMP-JOINT,0.0
137,12,UNCAPPED,KDE-MC-JOINT,0.0
137,12,UNCAPPED,EMP-JOINT,0.0
137,24,BINDING,KDE-MC-JOINT,0.0
137,24,BINDING,EMP-JOINT,0.0
137,24,DISTANT,KDE-MC-JOINT,0.0
137,24,DISTANT,EMP-JOINT,0.0
137,24,Q999,KDE-MC-JOINT,0.0
137,24,Q999,EMP-JOINT,0.0
137,24,UNCAPPED,KDE-MC-JOINT,0.0
137,24,UNCAPPED,EMP-JOINT,0.0
138,12,BINDING,KDE-MC-JOINT,-2.1488350511402
138,12,BINDING,EMP-JOINT,-2.1488350511402
138,12,DISTANT,KDE-MC-JOINT,2.6199657521099002
138,12,DISTANT,EMP-JOINT,0.0
138,12,Q999,KDE-MC-JOINT,0.0
138,12,Q999,EMP-JOINT,0.0
138,12,UNCAPPED,KDE-MC-JOINT,0.0
138,12,UNCAPPED,EMP-JOINT,2.6666666666667003
138,24,BINDING,KDE-MC-JOINT,0.0
138,24,BINDING,EMP-JOINT,2.1488350511402
138,24,DISTANT,KDE-MC-JOINT,0.0
138,24,DISTANT,EMP-JOINT,0.0
138,24,Q999,KDE-MC-JOINT,7.868878576806834
138,24,Q999,EMP-JOINT,7.868878576806834
138,24,UNCAPPED,KDE-MC-JOINT,7.999999999999934
138,24,UNCAPPED,EMP-JOINT,7.999999999999934
139,12,BINDING,KDE-MC-JOINT,-9.622783886160834
139,12,BINDING,EMP-JOINT,-9.622783886160834
139,12,DISTANT,KDE-MC-JOINT,-10.572523553195
139,12,DISTANT,EMP-JOINT,-10.572523553195
139,12,Q999,KDE-MC-JOINT,-10.406472592517833
139,12,Q999,EMP-JOINT,-10.406472592517833
139,12,UNCAPPED,KDE-MC-JOINT,-10.666666666666636
139,12,UNCAPPED,EMP-JOINT,-10.666666666666636
139,24,BINDING,KDE-MC-JOINT,0.0
139,24,BINDING,EMP-JOINT,0.0
139,24,DISTANT,KDE-MC-JOINT,0.0
139,24,DISTANT,EMP-JOINT,0.0
139,24,Q999,KDE-MC-JOINT,0.0
139,24,Q999,EMP-JOINT,0.0
139,24,UNCAPPED,KDE-MC-JOINT,0.0
139,24,UNCAPPED,EMP-JOINT,0.0
140,12,BINDING,KDE-MC-JOINT,0.0
140,12,BINDING,EMP-JOINT,0.0
140,12,DISTANT,KDE-MC-JOINT,0.0
140,12,DISTANT,EMP-JOINT,0.0
140,12,Q999,KDE-MC-JOINT,0.0
140,12,Q999,EMP-JOINT,0.0
140,12,UNCAPPED,KDE-MC-JOINT,0.0
140,12,UNCAPPED,EMP-JOINT,0.0
140,24,BINDING,KDE-MC-JOINT,3.1762787327403332
140,24,BINDING,EMP-JOINT,3.1762787327403332
140,24,DISTANT,KDE-MC-JOINT,2.7126262968654
140,24,DISTANT,EMP-JOINT,2.7126262968654
140,24,Q999,KDE-MC-JOINT,2.7936905453849663
140,24,Q999,EMP-JOINT,0.2560965296739665
140,24,UNCAPPED,KDE-MC-JOINT,-3.382710778154774e-14
140,24,UNCAPPED,EMP-JOINT,2.6666666666666665
141,12,BINDING,KDE-MC-JOINT,0.0
141,12,BINDING,EMP-JOINT,0.0
141,12,DISTANT,KDE-MC-JOINT,0.0
141,12,DISTANT,EMP-JOINT,0.0
141,12,Q999,KDE-MC-JOINT,0.0
141,12,Q999,EMP-JOINT,0.0
141,12,UNCAPPED,KDE-MC-JOINT,0.0
141,12,UNCAPPED,EMP-JOINT,0.0
141,24,BINDING,KDE-MC-JOINT,0.0
141,24,BINDING,EMP-JOINT,0.0
141,24,DISTANT,KDE-MC-JOINT,0.0
141,24,DISTANT,EMP-JOINT,0.0
141,24,Q999,KDE-MC-JOINT,0.0
141,24,Q999,EMP-JOINT,0.0
141,24,UNCAPPED,KDE-MC-JOINT,0.0
141,24,UNCAPPED,EMP-JOINT,0.0
142,12,BINDING,KDE-MC-JOINT,0.0
142,12,BINDING,EMP-JOINT,-3.1762787327403332
142,12,DISTANT,KDE-MC-JOINT,2.7126262968654
142,12,DISTANT,EMP-JOINT,2.7126262968654
142,12,Q999,KDE-MC-JOINT,0.0
142,12,Q999,EMP-JOINT,0.0
142,12,UNCAPPED,KDE-MC-JOINT,2.6666666666666665
142,12,UNCAPPED,EMP-JOINT,2.6666666666666665
142,24,BINDING,KDE-MC-JOINT,-3.1762787327403332
142,24,BINDING,EMP-JOINT,-3.1762787327403332
142,24,DISTANT,KDE-MC-JOINT,0.0
142,24,DISTANT,EMP-JOINT,0.0
142,24,Q999,KDE-MC-JOINT,0.0
142,24,Q999,EMP-JOINT,0.0
142,24,UNCAPPED,KDE-MC-JOINT,0.0
142,24,UNCAPPED,EMP-JOINT,0.0
143,12,BINDING,KDE-MC-JOINT,0.0
143,12,BINDING,EMP-JOINT,0.0
143,12,DISTANT,KDE-MC-JOINT,0.0
143,12,DISTANT,EMP-JOINT,0.0
143,12,Q999,KDE-MC-JOINT,0.0
143,12,Q999,EMP-JOINT,0.0
143,12,UNCAPPED,KDE-MC-JOINT,0.0
143,12,UNCAPPED,EMP-JOINT,0.0
143,24,BINDING,KDE-MC-JOINT,-2.1488350511402
143,24,BINDING,EMP-JOINT,-2.1488350511402
143,24,DISTANT,KDE-MC-JOINT,0.0
143,24,DISTANT,EMP-JOINT,0.0
143,24,Q999,KDE-MC-JOINT,-2.537594015711
143,24,Q999,EMP-JOINT,-2.537594015711
143,24,UNCAPPED,KDE-MC-JOINT,-2.6666666666667003
143,24,UNCAPPED,EMP-JOINT,-2.6666666666667003
144,12,BINDING,KDE-MC-JOINT,7.473948835020634
144,12,BINDING,EMP-JOINT,0.0
144,12,DISTANT,KDE-MC-JOINT,0.0
144,12,DISTANT,EMP-JOINT,0.0
144,12,Q999,KDE-MC-JOINT,0.0
144,12,Q999,EMP-JOINT,7.868878576806834
144,12,UNCAPPED,KDE-MC-JOINT,0.0
144,12,UNCAPPED,EMP-JOINT,7.999999999999934
144,24,BINDING,KDE-MC-JOINT,-1.0274436816001329
144,24,BINDING,EMP-JOINT,-1.0274436816001329
144,24,DISTANT,KDE-MC-JOINT,-0.09266054475549987
144,24,DISTANT,EMP-JOINT,-0.09266054475549987
144,24,Q999,KDE-MC-JOINT,7.6127820471328675
144,24,Q999,EMP-JOINT,7.6127820471328675
144,24,UNCAPPED,KDE-MC-JOINT,3.382710778154774e-14
144,24,UNCAPPED,EMP-JOINT,3.382710778154774e-14
145,12,BINDING,KDE-MC-JOINT,0.0
145,12,BINDING,EMP-JOINT,0.0
145,12,DISTANT,KDE-MC-JOINT,7.952557801085098
145,12,DISTANT,EMP-JOINT,7.952557801085098
145,12,Q999,KDE-MC-JOINT,7.868878576806834
145,12,Q999,EMP-JOINT,7.868878576806834
145,12,UNCAPPED,KDE-MC-JOINT,7.999999999999934
145,12,UNCAPPED,EMP-JOINT,7.999999999999934
145,24,BINDING,KDE-MC-JOINT,0.0
145,24,BINDING,EMP-JOINT,0.0
145,24,DISTANT,KDE-MC-JOINT,0.0
145,24,DISTANT,EMP-JOINT,0.0
145,24,Q999,KDE-MC-JOINT,7.868878576806834
145,24,Q999,EMP-JOINT,0.0
145,24,UNCAPPED,KDE-MC-JOINT,0.0
145,24,UNCAPPED,EMP-JOINT,0.0
146,12,BINDING,KDE-MC-JOINT,0.0
146,12,BINDING,EMP-JOINT,0.0
146,12,DISTANT,KDE-MC-JOINT,0.0
146,12,DISTANT,EMP-JOINT,0.0
146,12,Q999,KDE-MC-JOINT,0.0
146,12,Q999,EMP-JOINT,0.0
146,12,UNCAPPED,KDE-MC-JOINT,0.0
146,12,UNCAPPED,EMP-JOINT,0.0
146,24,BINDING,KDE-MC-JOINT,0.0
146,24,BINDING,EMP-JOINT,0.0
146,24,DISTANT,KDE-MC-JOINT,0.0
146,24,DISTANT,EMP-JOINT,0.0
146,24,Q999,KDE-MC-JOINT,0.0
146,24,Q999,EMP-JOINT,0.0
146,24,UNCAPPED,KDE-MC-JOINT,0.0
146,24,UNCAPPED,EMP-JOINT,0.0
147,12,BINDING,KDE-MC-JOINT,0.0
147,12,BINDING,EMP-JOINT,0.0
147,12,DISTANT,KDE-MC-JOINT,0.0
147,12,DISTANT,EMP-JOINT,0.0
147,12,Q999,KDE-MC-JOINT,0.0
147,12,Q999,EMP-JOINT,0.0
147,12,UNCAPPED,KDE-MC-JOINT,0.0
147,12,UNCAPPED,EMP-JOINT,0.0
147,24,BINDING,KDE-MC-JOINT,0.0
147,24,BINDING,EMP-JOINT,0.0
147,24,DISTANT,KDE-MC-JOINT,0.0
147,24,DISTANT,EMP-JOINT,0.0
147,24,Q999,KDE-MC-JOINT,0.0
147,24,Q999,EMP-JOINT,0.0
147,24,UNCAPPED,KDE-MC-JOINT,0.0
147,24,UNCAPPED,EMP-JOINT,0.0
148,12,BINDING,KDE-MC-JOINT,1.0274436816001329
148,12,BINDING,EMP-JOINT,3.1762787327403332
148,12,DISTANT,KDE-MC-JOINT,0.0
148,12,DISTANT,EMP-JOINT,-2.6199657521099002
148,12,Q999,KDE-MC-JOINT,0.0
148,12,Q999,EMP-JOINT,0.0
148,12,UNCAPPED,KDE-MC-JOINT,2.6666666666667003
148,12,UNCAPPED,EMP-JOINT,2.6666666666667003
148,24,BINDING,KDE-MC-JOINT,7.473948835020634
148,24,BINDING,EMP-JOINT,7.473948835020634
148,24,DISTANT,KDE-MC-JOINT,7.952557801085098
148,24,DISTANT,EMP-JOINT,7.952557801085098
148,24,Q999,KDE-MC-JOINT,7.868878576806834
148,24,Q999,EMP-JOINT,0.0
148,24,UNCAPPED,KDE-MC-JOINT,7.999999999999934
148,24,UNCAPPED,EMP-JOINT,7.999999999999934
149,12,BINDING,KDE-MC-JOINT,9.622783886160834
149,12,BINDING,EMP-JOINT,9.622783886160834
149,12,DISTANT,KDE-MC-JOINT,10.572523553195
149,12,DISTANT,EMP-JOINT,10.572523553195
149,12,Q999,KDE-MC-JOINT,10.406472592517833
149,12,Q999,EMP-JOINT,10.406472592517833
149,12,UNCAPPED,KDE-MC-JOINT,10.666666666666636
149,12,UNCAPPED,EMP-JOINT,10.666666666666636
149,24,BINDING,KDE-MC-JOINT,0.0
149,24,BINDING,EMP-JOINT,0.0
149,24,DISTANT,KDE-MC-JOINT,0.0
149,24,DISTANT,EMP-JOINT,0.0
149,24,Q999,KDE-MC-JOINT,0.0
149,24,Q999,EMP-JOINT,0.0
149,24,UNCAPPED,KDE-MC-JOINT,0.0
149,24,UNCAPPED,EMP-JOINT,0.0
150,12,BINDING,KDE-MC-JOINT,0.0
150,12,BINDING,EMP-JOINT,0.0
150,12,DISTANT,KDE-MC-JOINT,0.0
150,12,DISTANT,EMP-JOINT,0.0
150,12,Q999,KDE-MC-JOINT,0.0
150,12,Q999,EMP-JOINT,0.0
150,12,UNCAPPED,KDE-MC-JOINT,0.0
150,12,UNCAPPED,EMP-JOINT,0.0
150,24,BINDING,KDE-MC-JOINT,-7.473948835020634
150,24,BINDING,EMP-JOINT,-7.473948835020634
150,24,DISTANT,KDE-MC-JOINT,-7.952557801085098
150,24,DISTANT,EMP-JOINT,-7.952557801085098
150,24,Q999,KDE-MC-JOINT,-7.868878576806834
150,24,Q999,EMP-JOINT,-7.868878576806834
150,24,UNCAPPED,KDE-MC-JOINT,-7.999999999999934
150,24,UNCAPPED,EMP-JOINT,-7.999999999999934
151,12,BINDING,KDE-MC-JOINT,0.0
151,12,BINDING,EMP-JOINT,3.1762787327403332
151,12,DISTANT,KDE-MC-JOINT,0.0
151,12,DISTANT,EMP-JOINT,0.0
151,12,Q999,KDE-MC-JOINT,0.0
151,12,Q999,EMP-JOINT,0.0
151,12,UNCAPPED,KDE-MC-JOINT,0.0
151,12,UNCAPPED,EMP-JOINT,0.0
151,24,BINDING,KDE-MC-JOINT,0.0
151,24,BINDING,EMP-JOINT,0.0
151,24,DISTANT,KDE-MC-JOINT,2.7126262968654
151,24,DISTANT,EMP-JOINT,2.7126262968654
151,24,Q999,KDE-MC-JOINT,-2.7936905453849663
151,24,Q999,EMP-JOINT,-2.7936905453849663
151,24,UNCAPPED,KDE-MC-JOINT,-2.6666666666666665
151,24,UNCAPPED,EMP-JOINT,-2.6666666666666665
152,12,BINDING,KDE-MC-JOINT,0.0
152,12,BINDING,EMP-JOINT,0.0
152,12,DISTANT,KDE-MC-JOINT,-7.952557801085098
152,12,DISTANT,EMP-JOINT,-7.952557801085098
152,12,Q999,KDE-MC-JOINT,0.0
152,12,Q999,EMP-JOINT,0.0
152,12,UNCAPPED,KDE-MC-JOINT,-7.999999999999934
152,12,UNCAPPED,EMP-JOINT,-7.999999999999934
152,24,BINDING,KDE-MC-JOINT,0.0
152,24,BINDING,EMP-JOINT,0.0
152,24,DISTANT,KDE-MC-JOINT,0.0
152,24,DISTANT,EMP-JOINT,0.0
152,24,Q999,KDE-MC-JOINT,0.0
152,24,Q999,EMP-JOINT,0.0
152,24,UNCAPPED,KDE-MC-JOINT,0.0
152,24,UNCAPPED,EMP-JOINT,0.0
153,12,BINDING,KDE-MC-JOINT,0.0
153,12,BINDING,EMP-JOINT,0.0
153,12,DISTANT,KDE-MC-JOINT,0.0
153,12,DISTANT,EMP-JOINT,0.0
153,12,Q999,KDE-MC-JOINT,0.0
153,12,Q999,EMP-JOINT,0.0
153,12,UNCAPPED,KDE-MC-JOINT,0.0
153,12,UNCAPPED,EMP-JOINT,0.0
153,24,BINDING,KDE-MC-JOINT,0.0
153,24,BINDING,EMP-JOINT,0.0
153,24,DISTANT,KDE-MC-JOINT,0.0
153,24,DISTANT,EMP-JOINT,0.0
153,24,Q999,KDE-MC-JOINT,0.0
153,24,Q999,EMP-JOINT,0.0
153,24,UNCAPPED,KDE-MC-JOINT,0.0
153,24,UNCAPPED,EMP-JOINT,0.0
154,12,BINDING,KDE-MC-JOINT,-7.473948835020634
154,12,BINDING,EMP-JOINT,-7.473948835020634
154,12,DISTANT,KDE-MC-JOINT,-7.952557801085098
154,12,DISTANT,EMP-JOINT,-7.952557801085098
154,12,Q999,KDE-MC-JOINT,-7.868878576806834
154,12,Q999,EMP-JOINT,-7.868878576806834
154,12,UNCAPPED,KDE-MC-JOINT,-7.999999999999934
154,12,UNCAPPED,EMP-JOINT,-7.999999999999934
154,24,BINDING,KDE-MC-JOINT,0.0
154,24,BINDING,EMP-JOINT,0.0
154,24,DISTANT,KDE-MC-JOINT,0.0
154,24,DISTANT,EMP-JOINT,0.0
154,24,Q999,KDE-MC-JOINT,0.0
154,24,Q999,EMP-JOINT,0.0
154,24,UNCAPPED,KDE-MC-JOINT,0.0
154,24,UNCAPPED,EMP-JOINT,0.0
155,12,BINDING,KDE-MC-JOINT,7.473948835020634
155,12,BINDING,EMP-JOINT,0.0
155,12,DISTANT,KDE-MC-JOINT,7.952557801085098
155,12,DISTANT,EMP-JOINT,7.952557801085098
155,12,Q999,KDE-MC-JOINT,7.868878576806834
155,12,Q999,EMP-JOINT,7.868878576806834
155,12,UNCAPPED,KDE-MC-JOINT,0.0
155,12,UNCAPPED,EMP-JOINT,7.999999999999934
155,24,BINDING,KDE-MC-JOINT,-7.473948835020634
155,24,BINDING,EMP-JOINT,-7.473948835020634
155,24,DISTANT,KDE-MC-JOINT,-7.952557801085098
155,24,DISTANT,EMP-JOINT,-7.952557801085098
155,24,Q999,KDE-MC-JOINT,-7.868878576806834
155,24,Q999,EMP-JOINT,-7.868878576806834
155,24,UNCAPPED,KDE-MC-JOINT,0.0
155,24,UNCAPPED,EMP-JOINT,0.0
156,12,BINDING,KDE-MC-JOINT,0.0
156,12,BINDING,EMP-JOINT,0.0
156,12,DISTANT,KDE-MC-JOINT,0.0
156,12,DISTANT,EMP-JOINT,0.0
156,12,Q999,KDE-MC-JOINT,0.0
156,12,Q999,EMP-JOINT,0.0
156,12,UNCAPPED,KDE-MC-JOINT,0.0
156,12,UNCAPPED,EMP-JOINT,0.0
156,24,BINDING,KDE-MC-JOINT,9.622783886160834
156,24,BINDING,EMP-JOINT,9.622783886160834
156,24,DISTANT,KDE-MC-JOINT,7.8598972563295995
156,24,DISTANT,EMP-JOINT,10.572523553195
156,24,Q999,KDE-MC-JOINT,7.6127820471328675
156,24,Q999,EMP-JOINT,10.406472592517833
156,24,UNCAPPED,KDE-MC-JOINT,10.666666666666636
156,24,UNCAPPED,EMP-JOINT,7.999999999999969
157,12,BINDING,KDE-MC-JOINT,-9.622783886160834
157,12,BINDING,EMP-JOINT,-2.1488350511402
157,12,DISTANT,KDE-MC-JOINT,-2.6199657521099002
157,12,DISTANT,EMP-JOINT,-2.6199657521099002
157,12,Q999,KDE-MC-JOINT,7.868878576806834
157,12,Q999,EMP-JOINT,0.0
157,12,UNCAPPED,KDE-MC-JOINT,7.999999999999934
157,12,UNCAPPED,EMP-JOINT,0.0
157,24,BINDING,KDE-MC-JOINT,0.0
157,24,BINDING,EMP-JOINT,0.0
157,24,DISTANT,KDE-MC-JOINT,0.0
157,24,DISTANT,EMP-JOINT,0.0
157,24,Q999,KDE-MC-JOINT,0.0
157,24,Q999,EMP-JOINT,0.0
157,24,UNCAPPED,KDE-MC-JOINT,0.0
157,24,UNCAPPED,EMP-JOINT,0.0
158,12,BINDING,KDE-MC-JOINT,0.0
158,12,BINDING,EMP-JOINT,0.0
158,12,DISTANT,KDE-MC-JOINT,2.6199657521099002
158,12,DISTANT,EMP-JOINT,0.0
158,12,Q999,KDE-MC-JOINT,0.0
158,12,Q999,EMP-JOINT,0.0
158,12,UNCAPPED,KDE-MC-JOINT,7.999999999999934
158,12,UNCAPPED,EMP-JOINT,7.999999999999934
158,24,BINDING,KDE-MC-JOINT,0.0
158,24,BINDING,EMP-JOINT,0.0
158,24,DISTANT,KDE-MC-JOINT,0.0
158,24,DISTANT,EMP-JOINT,0.0
158,24,Q999,KDE-MC-JOINT,0.0
158,24,Q999,EMP-JOINT,0.0
158,24,UNCAPPED,KDE-MC-JOINT,0.0
158,24,UNCAPPED,EMP-JOINT,0.0
159,12,BINDING,KDE-MC-JOINT,0.0
159,12,BINDING,EMP-JOINT,0.0
159,12,DISTANT,KDE-MC-JOINT,0.0
159,12,DISTANT,EMP-JOINT,0.0
159,12,Q999,KDE-MC-JOINT,0.0
159,12,Q999,EMP-JOINT,0.0
159,12,UNCAPPED,KDE-MC-JOINT,0.0
159,12,UNCAPPED,EMP-JOINT,0.0
159,24,BINDING,KDE-MC-JOINT,-3.1762787327403332
159,24,BINDING,EMP-JOINT,-3.1762787327403332
159,24,DISTANT,KDE-MC-JOINT,0.0
159,24,DISTANT,EMP-JOINT,0.0
159,24,Q999,KDE-MC-JOINT,0.0
159,24,Q999,EMP-JOINT,0.0
159,24,UNCAPPED,KDE-MC-JOINT,0.0
159,24,UNCAPPED,EMP-JOINT,0.0
160,12,BINDING,KDE-MC-JOINT,0.0
160,12,BINDING,EMP-JOINT,0.0
160,12,DISTANT,KDE-MC-JOINT,0.0
160,12,DISTANT,EMP-JOINT,0.0
160,12,Q999,KDE-MC-JOINT,2.7936905453849663
160,12,Q999,EMP-JOINT,2.7936905453849663
160,12,UNCAPPED,KDE-MC-JOINT,2.6666666666666665
160,12,UNCAPPED,EMP-JOINT,2.6666666666666665
160,24,BINDING,KDE-MC-JOINT,0.0
160,24,BINDING,EMP-JOINT,0.0
160,24,DISTANT,KDE-MC-JOINT,0.0
160,24,DISTANT,EMP-JOINT,0.0
160,24,Q999,KDE-MC-JOINT,0.0
160,24,Q999,EMP-JOINT,0.0
160,24,UNCAPPED,KDE-MC-JOINT,0.0
160,24,UNCAPPED,EMP-JOINT,0.0
161,12,BINDING,KDE-MC-JOINT,0.0
161,12,BINDING,EMP-JOINT,0.0
161,12,DISTANT,KDE-MC-JOINT,0.0
161,12,DISTANT,EMP-JOINT,0.0
161,12,Q999,KDE-MC-JOINT,0.0
161,12,Q999,EMP-JOINT,0.0
161,12,UNCAPPED,KDE-MC-JOINT,0.0
161,12,UNCAPPED,EMP-JOINT,0.0
161,24,BINDING,KDE-MC-JOINT,0.0
161,24,BINDING,EMP-JOINT,0.0
161,24,DISTANT,KDE-MC-JOINT,-2.7126262968654
161,24,DISTANT,EMP-JOINT,-2.7126262968654
161,24,Q999,KDE-MC-JOINT,-2.7936905453849663
161,24,Q999,EMP-JOINT,-2.7936905453849663
161,24,UNCAPPED,KDE-MC-JOINT,-2.6666666666666665
161,24,UNCAPPED,EMP-JOINT,-2.6666666666666665
162,12,BINDING,KDE-MC-JOINT,0.0
162,12,BINDING,EMP-JOINT,0.0
162,12,DISTANT,KDE-MC-JOINT,-2.7126262968654
162,12,DISTANT,EMP-JOINT,-2.7126262968654
162,12,Q999,KDE-MC-JOINT,0.0
162,12,Q999,EMP-JOINT,0.0
162,12,UNCAPPED,KDE-MC-JOINT,0.0
162,12,UNCAPPED,EMP-JOINT,0.0
162,24,BINDING,KDE-MC-JOINT,0.0
162,24,BINDING,EMP-JOINT,0.0
162,24,DISTANT,KDE-MC-JOINT,0.0
162,24,DISTANT,EMP-JOINT,0.0
162,24,Q999,KDE-MC-JOINT,0.0
162,24,Q999,EMP-JOINT,0.0
162,24,UNCAPPED,KDE-MC-JOINT,0.0
162,24,UNCAPPED,EMP-JOINT,0.0
163,12,BINDING,KDE-MC-JOINT,-3.1762787327403332
163,12,BINDING,EMP-JOINT,-3.1762787327403332
163,12,DISTANT,KDE-MC-JOINT,-2.7126262968654
163,12,DISTANT,EMP-JOINT,-2.7126262968654
163,12,Q999,KDE-MC-JOINT,-2.7936905453849663
163,12,Q999,EMP-JOINT,-2.7936905453849663
163,12,UNCAPPED,KDE-MC-JOINT,-2.6666666666666665
163,12,UNCAPPED,EMP-JOINT,-2.6666666666666665
163,24,BINDING,KDE-MC-JOINT,6.4465051534205005
163,24,BINDING,EMP-JOINT,6.4465051534205005
163,24,DISTANT,KDE-MC-JOINT,7.8598972563295995
163,24,DISTANT,EMP-JOINT,10.572523553195
163,24,Q999,KDE-MC-JOINT,10.406472592517833
163,24,Q999,EMP-JOINT,7.6127820471328675
163,24,UNCAPPED,KDE-MC-JOINT,7.999999999999969
163,24,UNCAPPED,EMP-JOINT,7.999999999999969
164,12,BINDING,KDE-MC-JOINT,0.0
164,12,BINDING,EMP-JOINT,0.0
164,12,DISTANT,KDE-MC-JOINT,0.0
164,12,DISTANT,EMP-JOINT,0.0
164,12,Q999,KDE-MC-JOINT,0.0
164,12,Q999,EMP-JOINT,0.0
164,12,UNCAPPED,KDE-MC-JOINT,0.0
164,12,UNCAPPED,EMP-JOINT,0.0
164,24,BINDING,KDE-MC-JOINT,9.622783886160834
164,24,BINDING,EMP-JOINT,9.622783886160834
164,24,DISTANT,KDE-MC-JOINT,10.572523553195
164,24,DISTANT,EMP-JOINT,10.572523553195
164,24,Q999,KDE-MC-JOINT,10.406472592517833
164,24,Q999,EMP-JOINT,10.406472592517833
164,24,UNCAPPED,KDE-MC-JOINT,10.666666666666636
164,24,UNCAPPED,EMP-JOINT,10.666666666666636
165,12,BINDING,KDE-MC-JOINT,1.0274436816001329
165,12,BINDING,EMP-JOINT,1.0274436816001329
165,12,DISTANT,KDE-MC-JOINT,0.09266054475549987
165,12,DISTANT,EMP-JOINT,0.09266054475549987
165,12,Q999,KDE-MC-JOINT,0.2560965296739665
165,12,Q999,EMP-JOINT,0.2560965296739665
165,12,UNCAPPED,KDE-MC-JOINT,-3.382710778154774e-14
165,12,UNCAPPED,EMP-JOINT,-3.382710778154774e-14
165,24,BINDING,KDE-MC-JOINT,0.0
165,24,BINDING,EMP-JOINT,0.0
165,24,DISTANT,KDE-MC-JOINT,0.0
165,24,DISTANT,EMP-JOINT,0.0
165,24,Q999,KDE-MC-JOINT,0.0
165,24,Q999,EMP-JOINT,0.0
165,24,UNCAPPED,KDE-MC-JOINT,0.0
165,24,UNCAPPED,EMP-JOINT,0.0
166,12,BINDING,KDE-MC-JOINT,0.0
166,12,BINDING,EMP-JOINT,0.0
166,12,DISTANT,KDE-MC-JOINT,0.0
166,12,DISTANT,EMP-JOINT,0.0
166,12,Q999,KDE-MC-JOINT,0.0
166,12,Q999,EMP-JOINT,0.0
166,12,UNCAPPED,KDE-MC-JOINT,0.0
166,12,UNCAPPED,EMP-JOINT,0.0
166,24,BINDING,KDE-MC-JOINT,0.0
166,24,BINDING,EMP-JOINT,0.0
166,24,DISTANT,KDE-MC-JOINT,0.0
166,24,DISTANT,EMP-JOINT,0.0
166,24,Q999,KDE-MC-JOINT,0.0
166,24,Q999,EMP-JOINT,0.0
166,24,UNCAPPED,KDE-MC-JOINT,0.0
166,24,UNCAPPED,EMP-JOINT,0.0
167,12,BINDING,KDE-MC-JOINT,0.0
167,12,BINDING,EMP-JOINT,0.0
167,12,DISTANT,KDE-MC-JOINT,0.0
167,12,DISTANT,EMP-JOINT,0.0
167,12,Q999,KDE-MC-JOINT,0.0
167,12,Q999,EMP-JOINT,0.0
167,12,UNCAPPED,KDE-MC-JOINT,0.0
167,12,UNCAPPED,EMP-JOINT,0.0
167,24,BINDING,KDE-MC-JOINT,0.0
167,24,BINDING,EMP-JOINT,0.0
167,24,DISTANT,KDE-MC-JOINT,0.0
167,24,DISTANT,EMP-JOINT,0.0
167,24,Q999,KDE-MC-JOINT,0.0
167,24,Q999,EMP-JOINT,0.0
167,24,UNCAPPED,KDE-MC-JOINT,0.0
167,24,UNCAPPED,EMP-JOINT,0.0
168,12,BINDING,KDE-MC-JOINT,-7.473948835020634
168,12,BINDING,EMP-JOINT,-7.473948835020634
168,12,DISTANT,KDE-MC-JOINT,-7.952557801085098
168,12,DISTANT,EMP-JOINT,-7.952557801085098
168,12,Q999,KDE-MC-JOINT,0.0
168,12,Q999,EMP-JOINT,0.0
168,12,UNCAPPED,KDE-MC-JOINT,0.0
168,12,UNCAPPED,EMP-JOINT,0.0
168,24,BINDING,KDE-MC-JOINT,7.473948835020634
168,24,BINDING,EMP-JOINT,7.473948835020634
168,24,DISTANT,KDE-MC-JOINT,-7.952557801085098
168,24,DISTANT,EMP-JOINT,0.0
168,24,Q999,KDE-MC-JOINT,0.0
168,24,Q999,EMP-JOINT,0.0
168,24,UNCAPPED,KDE-MC-JOINT,7.999999999999934
168,24,UNCAPPED,EMP-JOINT,7.999999999999934
169,12,BINDING,KDE-MC-JOINT,7.473948835020634
169,12,BINDING,EMP-JOINT,7.473948835020634
169,12,DISTANT,KDE-MC-JOINT,7.952557801085098
169,12,DISTANT,EMP-JOINT,7.952557801085098
169,12,Q999,KDE-MC-JOINT,0.0
169,12,Q999,EMP-JOINT,7.868878576806834
169,12,UNCAPPED,KDE-MC-JOINT,7.999999999999934
169,12,UNCAPPED,EMP-JOINT,7.999999999999934
169,24,BINDING,KDE-MC-JOINT,7.473948835020634
169,24,BINDING,EMP-JOINT,7.473948835020634
169,24,DISTANT,KDE-MC-JOINT,0.0
169,24,DISTANT,EMP-JOINT,0.0
169,24,Q999,KDE-MC-JOINT,7.868878576806834
169,24,Q999,EMP-JOINT,7.868878576806834
169,24,UNCAPPED,KDE-MC-JOINT,7.999999999999934
169,24,UNCAPPED,EMP-JOINT,7.999999999999934
170,12,BINDING,KDE-MC-JOINT,7.473948835020634
170,12,BINDING,EMP-JOINT,7.473948835020634
170,12,DISTANT,KDE-MC-JOINT,7.952557801085098
170,12,DISTANT,EMP-JOINT,7.952557801085098
170,12,Q999,KDE-MC-JOINT,7.868878576806834
170,12,Q999,EMP-JOINT,7.868878576806834
170,12,UNCAPPED,KDE-MC-JOINT,7.999999999999934
170,12,UNCAPPED,EMP-JOINT,7.999999999999934
170,24,BINDING,KDE-MC-JOINT,7.473948835020634
170,24,BINDING,EMP-JOINT,7.473948835020634
170,24,DISTANT,KDE-MC-JOINT,7.952557801085098
170,24,DISTANT,EMP-JOINT,7.952557801085098
170,24,Q999,KDE-MC-JOINT,7.868878576806834
170,24,Q999,EMP-JOINT,7.868878576806834
170,24,UNCAPPED,KDE-MC-JOINT,7.999999999999934
170,24,UNCAPPED,EMP-JOINT,7.999999999999934
171,12,BINDING,KDE-MC-JOINT,0.0
171,12,BINDING,EMP-JOINT,0.0
171,12,DISTANT,KDE-MC-JOINT,0.0
171,12,DISTANT,EMP-JOINT,0.0
171,12,Q999,KDE-MC-JOINT,0.0
171,12,Q999,EMP-JOINT,0.0
171,12,UNCAPPED,KDE-MC-JOINT,0.0
171,12,UNCAPPED,EMP-JOINT,0.0
171,24,BINDING,KDE-MC-JOINT,0.0
171,24,BINDING,EMP-JOINT,0.0
171,24,DISTANT,KDE-MC-JOINT,0.0
171,24,DISTANT,EMP-JOINT,0.0
171,24,Q999,KDE-MC-JOINT,0.0
171,24,Q999,EMP-JOINT,0.0
171,24,UNCAPPED,KDE-MC-JOINT,0.0
171,24,UNCAPPED,EMP-JOINT,0.0
172,12,BINDING,KDE-MC-JOINT,9.622783886160834
172,12,BINDING,EMP-JOINT,9.622783886160834
172,12,DISTANT,KDE-MC-JOINT,10.572523553195
172,12,DISTANT,EMP-JOINT,10.572523553195
172,12,Q999,KDE-MC-JOINT,10.406472592517833
172,12,Q999,EMP-JOINT,10.406472592517833
172,12,UNCAPPED,KDE-MC-JOINT,10.666666666666636
172,12,UNCAPPED,EMP-JOINT,10.666666666666636
172,24,BINDING,KDE-MC-JOINT,0.0
172,24,BINDING,EMP-JOINT,0.0
172,24,DISTANT,KDE-MC-JOINT,0.0
172,24,DISTANT,EMP-JOINT,0.0
172,24,Q999,KDE-MC-JOINT,0.0
172,24,Q999,EMP-JOINT,0.0
172,24,UNCAPPED,KDE-MC-JOINT,7.999999999999934
172,24,UNCAPPED,EMP-JOINT,7.999999999999934
173,12,BINDING,KDE-MC-JOINT,0.0
173,12,BINDING,EMP-JOINT,0.0
173,12,DISTANT,KDE-MC-JOINT,0.0
173,12,DISTANT,EMP-JOINT,0.0
173,12,Q999,KDE-MC-JOINT,0.0
173,12,Q999,EMP-JOINT,0.0
173,12,UNCAPPED,KDE-MC-JOINT,0.0
173,12,UNCAPPED,EMP-JOINT,0.0
173,24,BINDING,KDE-MC-JOINT,0.0
173,24,BINDING,EMP-JOINT,0.0
173,24,DISTANT,KDE-MC-JOINT,0.0
173,24,DISTANT,EMP-JOINT,0.0
173,24,Q999,KDE-MC-JOINT,0.0
173,24,Q999,EMP-JOINT,0.0
173,24,UNCAPPED,KDE-MC-JOINT,0.0
173,24,UNCAPPED,EMP-JOINT,0.0
174,12,BINDING,KDE-MC-JOINT,-3.1762787327403332
174,12,BINDING,EMP-JOINT,-3.1762787327403332
174,12,DISTANT,KDE-MC-JOINT,-2.7126262968654
174,12,DISTANT,EMP-JOINT,-2.7126262968654
174,12,Q999,KDE-MC-JOINT,-2.7936905453849663
174,12,Q999,EMP-JOINT,-2.7936905453849663
174,12,UNCAPPED,KDE-MC-JOINT,-2.6666666666666665
174,12,UNCAPPED,EMP-JOINT,-2.6666666666666665
174,24,BINDING,KDE-MC-JOINT,0.0
174,24,BINDING,EMP-JOINT,0.0
174,24,DISTANT,KDE-MC-JOINT,0.0
174,24,DISTANT,EMP-JOINT,2.6199657521099002
174,24,Q999,KDE-MC-JOINT,2.537594015711
174,24,Q999,EMP-JOINT,2.537594015711
174,24,UNCAPPED,KDE-MC-JOINT,0.0
174,24,UNCAPPED,EMP-JOINT,0.0
175,12,BINDING,KDE-MC-JOINT,-9.622783886160834
175,12,BINDING,EMP-JOINT,-9.622783886160834
175,12,DISTANT,KDE-MC-JOINT,-10.572523553195
175,12,DISTANT,EMP-JOINT,-10.572523553195
175,12,Q999,KDE-MC-JOINT,-10.406472592517833
175,12,Q999,EMP-JOINT,-10.406472592517833
175,12,UNCAPPED,KDE-MC-JOINT,-10.666666666666636
175,12,UNCAPPED,EMP-JOINT,-10.666666666666636
175,24,BINDING,KDE-MC-JOINT,0.0
175,24,BINDING,EMP-JOINT,0.0
175,24,DISTANT,KDE-MC-JOINT,0.0
175,24,DISTANT,EMP-JOINT,0.0
175,24,Q999,KDE-MC-JOINT,0.0
175,24,Q999,EMP-JOINT,0.0
175,24,UNCAPPED,KDE-MC-JOINT,0.0
175,24,UNCAPPED,EMP-JOINT,0.0
176,12,BINDING,KDE-MC-JOINT,-3.1762787327403332
176,12,BINDING,EMP-JOINT,-3.1762787327403332
176,12,DISTANT,KDE-MC-JOINT,-2.7126262968654
176,12,DISTANT,EMP-JOINT,-2.7126262968654
176,12,Q999,KDE-MC-JOINT,0.0
176,12,Q999,EMP-JOINT,0.0
176,12,UNCAPPED,KDE-MC-JOINT,-2.6666666666666665
176,12,UNCAPPED,EMP-JOINT,-2.6666666666666665
176,24,BINDING,KDE-MC-JOINT,0.0
176,24,BINDING,EMP-JOINT,0.0
176,24,DISTANT,KDE-MC-JOINT,0.0
176,24,DISTANT,EMP-JOINT,0.0
176,24,Q999,KDE-MC-JOINT,0.0
176,24,Q999,EMP-JOINT,0.0
176,24,UNCAPPED,KDE-MC-JOINT,0.0
176,24,UNCAPPED,EMP-JOINT,0.0
177,12,BINDING,KDE-MC-JOINT,0.0
177,12,BINDING,EMP-JOINT,0.0
177,12,DISTANT,KDE-MC-JOINT,0.0
177,12,DISTANT,EMP-JOINT,0.0
177,12,Q999,KDE-MC-JOINT,0.0
177,12,Q999,EMP-JOINT,0.0
177,12,UNCAPPED,KDE-MC-JOINT,0.0
177,12,UNCAPPED,EMP-JOINT,0.0
177,24,BINDING,KDE-MC-JOINT,0.0
177,24,BINDING,EMP-JOINT,0.0
177,24,DISTANT,KDE-MC-JOINT,0.0
177,24,DISTANT,EMP-JOINT,0.0
177,24,Q999,KDE-MC-JOINT,0.0
177,24,Q999,EMP-JOINT,0.0
177,24,UNCAPPED,KDE-MC-JOINT,0.0
177,24,UNCAPPED,EMP-JOINT,0.0
178,12,BINDING,KDE-MC-JOINT,-3.1762787327403332
178,12,BINDING,EMP-JOINT,-3.1762787327403332
178,12,DISTANT,KDE-MC-JOINT,-2.7126262968654
178,12,DISTANT,EMP-JOINT,-2.7126262968654
178,12,Q999,KDE-MC-JOINT,-2.7936905453849663
178,12,Q999,EMP-JOINT,0.0
178,12,UNCAPPED,KDE-MC-JOINT,-2.6666666666666665
178,12,UNCAPPED,EMP-JOINT,-2.6666666666666665
178,24,BINDING,KDE-MC-JOINT,0.0
178,24,BINDING,EMP-JOINT,0.0
178,24,DISTANT,KDE-MC-JOINT,0.0
178,24,DISTANT,EMP-JOINT,0.0
178,24,Q999,KDE-MC-JOINT,0.0
178,24,Q999,EMP-JOINT,0.0
178,24,UNCAPPED,KDE-MC-JOINT,0.0
178,24,UNCAPPED,EMP-JOINT,0.0
179,12,BINDING,KDE-MC-JOINT,1.0274436816001329
179,12,BINDING,EMP-JOINT,3.1762787327403332
179,12,DISTANT,KDE-MC-JOINT,0.09266054475549987
179,12,DISTANT,EMP-JOINT,2.7126262968654
179,12,Q999,KDE-MC-JOINT,2.7936905453849663
179,12,Q999,EMP-JOINT,0.2560965296739665
179,12,UNCAPPED,KDE-MC-JOINT,-3.382710778154774e-14
179,12,UNCAPPED,EMP-JOINT,2.6666666666666665
179,24,BINDING,KDE-MC-JOINT,0.0
179,24,BINDING,EMP-JOINT,0.0
179,24,DISTANT,KDE-MC-JOINT,-2.7126262968654
179,24,DISTANT,EMP-JOINT,-2.7126262968654
179,24,Q999,KDE-MC-JOINT,-2.7936905453849663
179,24,Q999,EMP-JOINT,-2.7936905453849663
179,24,UNCAPPED,KDE-MC-JOINT,-2.6666666666666665
179,24,UNCAPPED,EMP-JOINT,-2.6666666666666665
180,12,BINDING,KDE-MC-JOINT,0.0
180,12,BINDING,EMP-JOINT,0.0
180,12,DISTANT,KDE-MC-JOINT,0.0
180,12,DISTANT,EMP-JOINT,0.0
180,12,Q999,KDE-MC-JOINT,0.0
180,12,Q999,EMP-JOINT,0.0
180,12,UNCAPPED,KDE-MC-JOINT,0.0
180,12,UNCAPPED,EMP-JOINT,0.0
180,24,BINDING,KDE-MC-JOINT,-7.473948835020634
180,24,BINDING,EMP-JOINT,0.0
180,24,DISTANT,KDE-MC-JOINT,-2.6199657521099002
180,24,DISTANT,EMP-JOINT,-2.6199657521099002
180,24,Q999,KDE-MC-JOINT,-2.537594015711
180,24,Q999,EMP-JOINT,-10.406472592517833
180,24,UNCAPPED,KDE-MC-JOINT,-2.6666666666667003
180,24,UNCAPPED,EMP-JOINT,-2.6666666666667003
181,12,BINDING,KDE-MC-JOINT,0.0
181,12,BINDING,EMP-JOINT,0.0
181,12,DISTANT,KDE-MC-JOINT,0.0
181,12,DISTANT,EMP-JOINT,0.0
181,12,Q999,KDE-MC-JOINT,0.0
181,12,Q999,EMP-JOINT,0.0
181,12,UNCAPPED,KDE-MC-JOINT,0.0
181,12,UNCAPPED,EMP-JOINT,0.0
181,24,BINDING,KDE-MC-JOINT,0.0
181,24,BINDING,EMP-JOINT,0.0
181,24,DISTANT,KDE-MC-JOINT,0.0
181,24,DISTANT,EMP-JOINT,0.0
181,24,Q999,KDE-MC-JOINT,0.0
181,24,Q999,EMP-JOINT,0.0
181,24,UNCAPPED,KDE-MC-JOINT,0.0
181,24,UNCAPPED,EMP-JOINT,0.0
182,12,BINDING,KDE-MC-JOINT,0.0
182,12,BINDING,EMP-JOINT,0.0
182,12,DISTANT,KDE-MC-JOINT,0.0
182,12,DISTANT,EMP-JOINT,0.0
182,12,Q999,KDE-MC-JOINT,0.0
182,12,Q999,EMP-JOINT,0.0
182,12,UNCAPPED,KDE-MC-JOINT,0.0
182,12,UNCAPPED,EMP-JOINT,0.0
182,24,BINDING,KDE-MC-JOINT,0.0
182,24,BINDING,EMP-JOINT,0.0
182,24,DISTANT,KDE-MC-JOINT,0.0
182,24,DISTANT,EMP-JOINT,0.0
182,24,Q999,KDE-MC-JOINT,0.0
182,24,Q999,EMP-JOINT,0.0
182,24,UNCAPPED,KDE-MC-JOINT,0.0
182,24,UNCAPPED,EMP-JOINT,0.0
183,12,BINDING,KDE-MC-JOINT,0.0
183,12,BINDING,EMP-JOINT,0.0
183,12,DISTANT,KDE-MC-JOINT,0.0
183,12,DISTANT,EMP-JOINT,0.0
183,12,Q999,KDE-MC-JOINT,0.0
183,12,Q999,EMP-JOINT,0.0
183,12,UNCAPPED,KDE-MC-JOINT,0.0
183,12,UNCAPPED,EMP-JOINT,0.0
183,24,BINDING,KDE-MC-JOINT,0.0
183,24,BINDING,EMP-JOINT,0.0
183,24,DISTANT,KDE-MC-JOINT,0.0
183,24,DISTANT,EMP-JOINT,0.0
183,24,Q999,KDE-MC-JOINT,0.0
183,24,Q999,EMP-JOINT,0.0
183,24,UNCAPPED,KDE-MC-JOINT,0.0
183,24,UNCAPPED,EMP-JOINT,0.0
184,12,BINDING,KDE-MC-JOINT,-9.622783886160834
184,12,BINDING,EMP-JOINT,-9.622783886160834
184,12,DISTANT,KDE-MC-JOINT,-10.572523553195
184,12,DISTANT,EMP-JOINT,-10.572523553195
184,12,Q999,KDE-MC-JOINT,-10.406472592517833
184,12,Q999,EMP-JOINT,-10.406472592517833
184,12,UNCAPPED,KDE-MC-JOINT,-10.666666666666636
184,12,UNCAPPED,EMP-JOINT,-10.666666666666636
184,24,BINDING,KDE-MC-JOINT,0.0
184,24,BINDING,EMP-JOINT,0.0
184,24,DISTANT,KDE-MC-JOINT,0.0
184,24,DISTANT,EMP-JOINT,0.0
184,24,Q999,KDE-MC-JOINT,0.0
184,24,Q999,EMP-JOINT,0.0
184,24,UNCAPPED,KDE-MC-JOINT,0.0
184,24,UNCAPPED,EMP-JOINT,0.0
185,12,BINDING,KDE-MC-JOINT,0.0
185,12,BINDING,EMP-JOINT,0.0
185,12,DISTANT,KDE-MC-JOINT,-2.6199657521099002
185,12,DISTANT,EMP-JOINT,-2.6199657521099002
185,12,Q999,KDE-MC-JOINT,-7.868878576806834
185,12,Q999,EMP-JOINT,0.0
185,12,UNCAPPED,KDE-MC-JOINT,-2.6666666666667003
185,12,UNCAPPED,EMP-JOINT,-2.6666666666667003
185,24,BINDING,KDE-MC-JOINT,-7.473948835020634
185,24,BINDING,EMP-JOINT,-7.473948835020634
185,24,DISTANT,KDE-MC-JOINT,0.0
185,24,DISTANT,EMP-JOINT,0.0
185,24,Q999,KDE-MC-JOINT,-7.868878576806834
185,24,Q999,EMP-JOINT,-7.868878576806834
185,24,UNCAPPED,KDE-MC-JOINT,0.0
185,24,UNCAPPED,EMP-JOINT,0.0
186,12,BINDING,KDE-MC-JOINT,-3.1762787327403332
186,12,BINDING,EMP-JOINT,-3.1762787327403332
186,12,DISTANT,KDE-MC-JOINT,-2.7126262968654
186,12,DISTANT,EMP-JOINT,-2.7126262968654
186,12,Q999,KDE-MC-JOINT,-2.7936905453849663
186,12,Q999,EMP-JOINT,-2.7936905453849663
186,12,UNCAPPED,KDE-MC-JOINT,-2.6666666666666665
186,12,UNCAPPED,EMP-JOINT,-2.6666666666666665
186,24,BINDING,KDE-MC-JOINT,0.0
186,24,BINDING,EMP-JOINT,0.0
186,24,DISTANT,KDE-MC-JOINT,0.0
186,24,DISTANT,EMP-JOINT,0.0
186,24,Q999,KDE-MC-JOINT,0.0
186,24,Q999,EMP-JOINT,0.0
186,24,UNCAPPED,KDE-MC-JOINT,0.0
186,24,UNCAPPED,EMP-JOINT,0.0
187,12,BINDING,KDE-MC-JOINT,0.0
187,12,BINDING,EMP-JOINT,0.0
187,12,DISTANT,KDE-MC-JOINT,0.0
187,12,DISTANT,EMP-JOINT,0.0
187,12,Q999,KDE-MC-JOINT,0.0
187,12,Q999,EMP-JOINT,0.0
187,12,UNCAPPED,KDE-MC-JOINT,0.0
187,12,UNCAPPED,EMP-JOINT,0.0
187,24,BINDING,KDE-MC-JOINT,0.0
187,24,BINDING,EMP-JOINT,0.0
187,24,DISTANT,KDE-MC-JOINT,0.0
187,24,DISTANT,EMP-JOINT,0.0
187,24,Q999,KDE-MC-JOINT,0.0
187,24,Q999,EMP-JOINT,0.0
187,24,UNCAPPED,KDE-MC-JOINT,0.0
187,24,UNCAPPED,EMP-JOINT,0.0
188,12,BINDING,KDE-MC-JOINT,0.0
188,12,BINDING,EMP-JOINT,0.0
188,12,DISTANT,KDE-MC-JOINT,0.0
188,12,DISTANT,EMP-JOINT,0.0
188,12,Q999,KDE-MC-JOINT,0.0
188,12,Q999,EMP-JOINT,0.0
188,12,UNCAPPED,KDE-MC-JOINT,0.0
188,12,UNCAPPED,EMP-JOINT,0.0
188,24,BINDING,KDE-MC-JOINT,-7.473948835020634
188,24,BINDING,EMP-JOINT,-7.473948835020634
188,24,DISTANT,KDE-MC-JOINT,-7.952557801085098
188,24,DISTANT,EMP-JOINT,-7.952557801085098
188,24,Q999,KDE-MC-JOINT,-10.406472592517833
188,24,Q999,EMP-JOINT,-10.406472592517833
188,24,UNCAPPED,KDE-MC-JOINT,-7.999999999999934
188,24,UNCAPPED,EMP-JOINT,-7.999999999999934
189,12,BINDING,KDE-MC-JOINT,-6.4465051534205005
189,12,BINDING,EMP-JOINT,1.0274436816001329
189,12,DISTANT,KDE-MC-JOINT,0.09266054475549987
189,12,DISTANT,EMP-JOINT,0.09266054475549987
189,12,Q999,KDE-MC-JOINT,0.2560965296739665
189,12,Q999,EMP-JOINT,0.2560965296739665
189,12,UNCAPPED,KDE-MC-JOINT,-7.999999999999969
189,12,UNCAPPED,EMP-JOINT,-3.382710778154774e-14
189,24,BINDING,KDE-MC-JOINT,3.1762787327403332
189,24,BINDING,EMP-JOINT,3.1762787327403332
189,24,DISTANT,KDE-MC-JOINT,2.7126262968654
189,24,DISTANT,EMP-JOINT,2.7126262968654
189,24,Q999,KDE-MC-JOINT,0.2560965296739665
189,24,Q999,EMP-JOINT,2.7936905453849663
189,24,UNCAPPED,KDE-MC-JOINT,-3.382710778154774e-14
189,24,UNCAPPED,EMP-JOINT,2.6666666666666665
190,12,BINDING,KDE-MC-JOINT,-9.622783886160834
190,12,BINDING,EMP-JOINT,-9.622783886160834
190,12,DISTANT,KDE-MC-JOINT,-10.572523553195
190,12,DISTANT,EMP-JOINT,-2.6199657521099002
190,12,Q999,KDE-MC-JOINT,-10.406472592517833
190,12,Q999,EMP-JOINT,-10.406472592517833
190,12,UNCAPPED,KDE-MC-JOINT,-7.999999999999934
190,12,UNCAPPED,EMP-JOINT,-7.999999999999934
190,24,BINDING,KDE-MC-JOINT,7.473948835020634
190,24,BINDING,EMP-JOINT,7.473948835020634
190,24,DISTANT,KDE-MC-JOINT,0.0
190,24,DISTANT,EMP-JOINT,7.952557801085098
190,24,Q999,KDE-MC-JOINT,7.868878576806834
190,24,Q999,EMP-JOINT,0.0
190,24,UNCAPPED,KDE-MC-JOINT,0.0
190,24,UNCAPPED,EMP-JOINT,7.999999999999934
191,12,BINDING,KDE-MC-JOINT,0.0
191,12,BINDING,EMP-JOINT,0.0
191,12,DISTANT,KDE-MC-JOINT,0.0
191,12,DISTANT,EMP-JOINT,0.0
191,12,Q999,KDE-MC-JOINT,0.0
191,12,Q999,EMP-JOINT,0.0
191,12,UNCAPPED,KDE-MC-JOINT,0.0
191,12,UNCAPPED,EMP-JOINT,0.0
191,24,BINDING,KDE-MC-JOINT,9.622783886160834
191,24,BINDING,EMP-JOINT,9.622783886160834
191,24,DISTANT,KDE-MC-JOINT,10.572523553195
191,24,DISTANT,EMP-JOINT,10.572523553195
191,24,Q999,KDE-MC-JOINT,10.406472592517833
191,24,Q999,EMP-JOINT,10.406472592517833
191,24,UNCAPPED,KDE-MC-JOINT,10.666666666666636
191,24,UNCAPPED,EMP-JOINT,10.666666666666636
192,12,BINDING,KDE-MC-JOINT,0.0
192,12,BINDING,EMP-JOINT,0.0
192,12,DISTANT,KDE-MC-JOINT,0.0
192,12,DISTANT,EMP-JOINT,0.0
192,12,Q999,KDE-MC-JOINT,0.0
192,12,Q999,EMP-JOINT,0.0
192,12,UNCAPPED,KDE-MC-JOINT,0.0
192,12,UNCAPPED,EMP-JOINT,0.0
192,24,BINDING,KDE-MC-JOINT,-1.0274436816001329
192,24,BINDING,EMP-JOINT,-1.0274436816001329
192,24,DISTANT,KDE-MC-JOINT,-0.09266054475549987
192,24,DISTANT,EMP-JOINT,-0.09266054475549987
192,24,Q999,KDE-MC-JOINT,-0.2560965296739665
192,24,Q999,EMP-JOINT,-0.2560965296739665
192,24,UNCAPPED,KDE-MC-JOINT,3.382710778154774e-14
192,24,UNCAPPED,EMP-JOINT,3.382710778154774e-14
193,12,BINDING,KDE-MC-JOINT,-3.1762787327403332
193,12,BINDING,EMP-JOINT,-3.1762787327403332
193,12,DISTANT,KDE-MC-JOINT,-2.7126262968654
193,12,DISTANT,EMP-JOINT,-2.7126262968654
193,12,Q999,KDE-MC-JOINT,-2.7936905453849663
193,12,Q999,EMP-JOINT,-2.7936905453849663
193,12,UNCAPPED,KDE-MC-JOINT,3.382710778154774e-14
193,12,UNCAPPED,EMP-JOINT,3.382710778154774e-14
193,24,BINDING,KDE-MC-JOINT,0.0
193,24,BINDING,EMP-JOINT,0.0
193,24,DISTANT,KDE-MC-JOINT,7.952557801085098
193,24,DISTANT,EMP-JOINT,7.952557801085098
193,24,Q999,KDE-MC-JOINT,0.0
193,24,Q999,EMP-JOINT,0.0
193,24,UNCAPPED,KDE-MC-JOINT,7.999999999999934
193,24,UNCAPPED,EMP-JOINT,7.999999999999934
194,12,BINDING,KDE-MC-JOINT,0.0
194,12,BINDING,EMP-JOINT,0.0
194,12,DISTANT,KDE-MC-JOINT,0.0
194,12,DISTANT,EMP-JOINT,0.0
194,12,Q999,KDE-MC-JOINT,0.0
194,12,Q999,EMP-JOINT,0.0
194,12,UNCAPPED,KDE-MC-JOINT,0.0
194,12,UNCAPPED,EMP-JOINT,0.0
194,24,BINDING,KDE-MC-JOINT,0.0
194,24,BINDING,EMP-JOINT,0.0
194,24,DISTANT,KDE-MC-JOINT,0.0
194,24,DISTANT,EMP-JOINT,0.0
194,24,Q999,KDE-MC-JOINT,0.0
194,24,Q999,EMP-JOINT,0.0
194,24,UNCAPPED,KDE-MC-JOINT,0.0
194,24,UNCAPPED,EMP-JOINT,0.0
195,12,BINDING,KDE-MC-JOINT,0.0
195,12,BINDING,EMP-JOINT,0.0
195,12,DISTANT,KDE-MC-JOINT,0.0
195,12,DISTANT,EMP-JOINT,0.0
195,12,Q999,KDE-MC-JOINT,0.0
195,12,Q999,EMP-JOINT,0.0
195,12,UNCAPPED,KDE-MC-JOINT,0.0
195,12,UNCAPPED,EMP-JOINT,0.0
195,24,BINDING,KDE-MC-JOINT,0.0
195,24,BINDING,EMP-JOINT,0.0
195,24,DISTANT,KDE-MC-JOINT,0.0
195,24,DISTANT,EMP-JOINT,0.0
195,24,Q999,KDE-MC-JOINT,0.0
195,24,Q999,EMP-JOINT,0.0
195,24,UNCAPPED,KDE-MC-JOINT,0.0
195,24,UNCAPPED,EMP-JOINT,0.0
196,12,BINDING,KDE-MC-JOINT,0.0
196,12,BINDING,EMP-JOINT,0.0
196,12,DISTANT,KDE-MC-JOINT,0.0
196,12,DISTANT,EMP-JOINT,0.0
196,12,Q999,KDE-MC-JOINT,0.0
196,12,Q999,EMP-JOINT,0.0
196,12,UNCAPPED,KDE-MC-JOINT,0.0
196,12,UNCAPPED,EMP-JOINT,0.0
196,24,BINDING,KDE-MC-JOINT,0.0
196,24,BINDING,EMP-JOINT,7.473948835020634
196,24,DISTANT,KDE-MC-JOINT,7.952557801085098
196,24,DISTANT,EMP-JOINT,0.0
196,24,Q999,KDE-MC-JOINT,0.0
196,24,Q999,EMP-JOINT,7.868878576806834
196,24,UNCAPPED,KDE-MC-JOINT,7.999999999999934
196,24,UNCAPPED,EMP-JOINT,7.999999999999934
197,12,BINDING,KDE-MC-JOINT,-9.622783886160834
197,12,BINDING,EMP-JOINT,-9.622783886160834
197,12,DISTANT,KDE-MC-JOINT,-10.572523553195
197,12,DISTANT,EMP-JOINT,-10.572523553195
197,12,Q999,KDE-MC-JOINT,-10.406472592517833
197,12,Q999,EMP-JOINT,-10.406472592517833
197,12,UNCAPPED,KDE-MC-JOINT,-7.999999999999969
197,12,UNCAPPED,EMP-JOINT,-7.999999999999969
197,24,BINDING,KDE-MC-JOINT,0.0
197,24,BINDING,EMP-JOINT,0.0
197,24,DISTANT,KDE-MC-JOINT,0.0
197,24,DISTANT,EMP-JOINT,0.0
197,24,Q999,KDE-MC-JOINT,0.0
197,24,Q999,EMP-JOINT,0.0
197,24,UNCAPPED,KDE-MC-JOINT,7.999999999999934
197,24,UNCAPPED,EMP-JOINT,7.999999999999934
198,12,BINDING,KDE-MC-JOINT,0.0
198,12,BINDING,EMP-JOINT,0.0
198,12,DISTANT,KDE-MC-JOINT,0.0
198,12,DISTANT,EMP-JOINT,0.0
198,12,Q999,KDE-MC-JOINT,0.0
198,12,Q999,EMP-JOINT,0.0
198,12,UNCAPPED,KDE-MC-JOINT,0.0
198,12,UNCAPPED,EMP-JOINT,0.0
198,24,BINDING,KDE-MC-JOINT,0.0
198,24,BINDING,EMP-JOINT,0.0
198,24,DISTANT,KDE-MC-JOINT,0.0
198,24,DISTANT,EMP-JOINT,0.0
198,24,Q999,KDE-MC-JOINT,0.0
198,24,Q999,EMP-JOINT,0.0
198,24,UNCAPPED,KDE-MC-JOINT,0.0
198,24,UNCAPPED,EMP-JOINT,0.0
199,12,BINDING,KDE-MC-JOINT,0.0
199,12,BINDING,EMP-JOINT,0.0
199,12,DISTANT,KDE-MC-JOINT,0.0
199,12,DISTANT,EMP-JOINT,0.0
199,12,Q999,KDE-MC-JOINT,7.868878576806834
199,12,Q999,EMP-JOINT,0.0
199,12,UNCAPPED,KDE-MC-JOINT,0.0
199,12,UNCAPPED,EMP-JOINT,0.0
199,24,BINDING,KDE-MC-JOINT,2.1488350511402
199,24,BINDING,EMP-JOINT,2.1488350511402
199,24,DISTANT,KDE-MC-JOINT,2.7126262968654
199,24,DISTANT,EMP-JOINT,2.7126262968654
199,24,Q999,KDE-MC-JOINT,2.537594015711
199,24,Q999,EMP-JOINT,2.537594015711
199,24,UNCAPPED,KDE-MC-JOINT,0.0
199,24,UNCAPPED,EMP-JOINT,0.0
