delta_regret_1000_cny,ecdf
-215.64207079821063,0.0001
-215.64206871157495,0.0002
-215.64206784196088,0.0003
-215.64206519850083,0.0004
-215.64206135924718,0.0005
-215.64202495970724,0.0006
-215.64202359717135,0.0007
-215.64201846620833,0.0008
-215.6419748901019,0.0009
-215.6418966210015,0.001
-215.64183676582874,0.0011
-215.6418314028848,0.0012
-215.64181962999442,0.0013
-215.64175129860135,0.0014
-215.6416196789192,0.0015
-215.6415337778311,0.0016
-215.64142153485548,0.0017
-215.64124540958088,0.0018
-215.6410068306312,0.0019
-215.64100267139005,0.002
-215.6407047299564,0.0021
-215.64033741846663,0.0022
-215.64033284964376,0.0023
-215.6401227015978,0.0024
-215.6400199337842,0.0025
-215.63985384373032,0.0026
-215.63976906197834,0.0027
-215.6395768569395,0.0028
-215.6395400211349,0.0029
-215.63943862577753,0.003
-215.63927028561963,0.0031
-215.6392661653705,0.0032
-215.63923192348386,0.0033
-215.63895565908905,0.0034
-215.63892387501227,0.0035
-215.63887258843835,0.0036
-215.63871219405365,0.0037
-215.6386061312754,0.0038
-215.63758218975067,0.0039
-215.6367938057365,0.004
-215.63648256062157,0.0041
-215.63617915999072,0.0042
-215.63429262469654,0.0043
-215.6337136734005,0.0044
-215.63337105059531,0.0045
-215.63328889885713,0.0046
-215.63284321899508,0.0047
-215.63190286482126,0.0048
-215.63189337846433,0.0049
-215.63155875446125,0.005
-215.63137226777243,0.0051
-215.63024033684098,0.0052
-215.62932915684843,0.0053
-215.6293115889689,0.0054
-215.62867354039344,0.0055
-215.62862581059915,0.0056
-215.62815758877193,0.0057
-215.62809400017878,0.0058
-215.62773452031465,0.0059
-215.62679786581288,0.006
-215.6266994138893,0.0061
-215.62659213961308,0.0062
-215.62552443723754,0.0063
-215.62439497306275,0.0064
-215.6241889368577,0.0065
-215.6237299308531,0.0066
-215.6235640013501,0.0067
-215.6234392834578,0.0068
-215.6222330486987,0.0069
-215.6202474715112,0.007
-215.61897656692526,0.0071
-215.61862001618204,0.0072
-215.6182162618844,0.0073
-215.6165862136118,0.0074
-215.61640821353237,0.0075
-215.61560053571762,0.0076
-215.61541483714058,0.0077
-215.6151705896193,0.0078
-215.6151069061095,0.0079
-215.6137316170957,0.008
-215.6136012139965,0.0081
-215.61334671934156,0.0082
-215.6127591508685,0.0083
-215.61255895607545,0.0084
-215.61193001377006,0.0085
-215.61158721426875,0.0086
-215.61091747641245,0.0087
-215.60922957291604,0.0088
-215.60922652447093,0.0089
-215.60880289917756,0.009
-215.60655844064598,0.0091
-215.60588797362783,0.0092
-215.605879952308,0.0093
-215.60449641010965,0.0094
-215.6040866401682,0.0095
-215.60337323426324,0.0096
-215.6030218587529,0.0097
-215.60216506130584,0.0098
-215.60157211376932,0.0099
-215.59680587643066,0.01
-215.59447468637117,0.0101
-215.59322573868354,0.0102
-215.59264955131113,0.0103
-215.59168205239754,0.0104
-215.59058077124172,0.0105
-215.58805880567692,0.0106
-215.58519469302576,0.0107
-215.58318339309955,0.0108
-215.5820509827791,0.0109
-215.5819125938289,0.011
-215.5819007048134,0.0111
-215.57677924754583,0.0112
-215.5760079762012,0.0113
-215.57514076173547,0.0114
-215.5724272337109,0.0115
-215.57233275404946,0.0116
-215.56952515176815,0.0117
-215.5679263719814,0.0118
-215.56769526640085,0.0119
-215.56675022897946,0.012
-215.56672930108496,0.0121
-215.5665185865749,0.0122
-215.56635889231768,0.0123
-215.5659678911578,0.0124
-215.5651265872089,0.0125
-215.56417600930317,0.0126
-215.56397283256874,0.0127
-215.56367176452875,0.0128
-215.55983870727903,0.0129
-215.55565784275606,0.013
-215.5525966178892,0.0131
-215.5513644593649,0.0132
-215.55132329655868,0.0133
-215.54831655066945,0.0134
-215.54669283835403,0.0135
-215.54662927583644,0.0136
-215.54431547409763,0.0137
-215.54183524332458,0.0138
-215.5409229199007,0.0139
-215.53473101204617,0.014
-215.53393485683037,0.0141
-215.5338365248239,0.0142
-215.52976766786242,0.0143
-215.52972529789844,0.0144
-215.52828214887083,0.0145
-215.5279098612128,0.0146
-215.52315967787467,0.0147
-215.52221482120623,0.0148
-215.51866069904864,0.0149
-215.5138025334211,0.015
-215.51347515195124,0.0151
-215.51337479105646,0.0152
-215.51218602065313,0.0153
-215.51010483431259,0.0154
-215.5099304052463,0.0155
-215.50587801924868,0.0156
-215.50107131794394,0.0157
-215.50038096742873,0.0158
-215.49766053908954,0.0159
-215.49535556278397,0.016
-215.4950425627265,0.0161
-215.49490140363892,0.0162
-215.49350475979952,0.0163
-215.49274480784908,0.0164
-215.49187391805017,0.0165
-215.49057969222963,0.0166
-215.4895503168937,0.0167
-215.48850356035717,0.0168
-215.48555081761498,0.0169
-215.48395485032947,0.017
-215.482653913774,0.0171
-215.48118234777397,0.0172
-215.48043762848806,0.0173
-215.47942127876541,0.0174
-215.47800137943625,0.0175
-215.47100074401573,0.0176
-215.4691266297236,0.0177
-215.46549803999346,0.0178
-215.46144366937523,0.0179
-215.45894941923098,0.018
-215.4577668095075,0.0181
-215.45602108392194,0.0182
-215.45580181380103,0.0183
-215.45570241843612,0.0184
-215.4494296574427,0.0185
-215.44818621777463,0.0186
-215.44584242116343,0.0187
-215.44534138542468,0.0188
-215.43990370020697,0.0189
-215.43736253440716,0.019
-215.4316504248621,0.0191
-215.43086768475996,0.0192
-215.43031144377403,0.0193
-215.42597433542608,0.0194
-215.4238561679153,0.0195
-215.4232937675029,0.0196
-215.41988319752218,0.0197
-215.41687873425877,0.0198
-215.4147304034105,0.0199
-215.40766779429558,0.02
-215.40476066624822,0.0201
-215.4025194994582,0.0202
-215.39983098015767,0.0203
-215.39768809902782,0.0204
-215.39573184591458,0.0205
-215.3932186253017,0.0206
-215.39202719840165,0.0207
-215.39104208925926,0.0208
-215.38554770974312,0.0209
-215.38503035930154,0.021
-215.38500630438216,0.0211
-215.3849243429227,0.0212
-215.38482766403203,0.0213
-215.3763377907237,0.0214
-215.36696214193591,0.0215
-215.3666208202133,0.0216
-215.36337086144482,0.0217
-215.35996656432675,0.0218
-215.3590420059327,0.0219
-215.35843188881742,0.022
-215.34955222477655,0.0221
-215.34808799329326,0.0222
-215.34312633607425,0.0223
-215.3419191329494,0.0224
-215.34129798809775,0.0225
-215.3370042450944,0.0226
-215.33660425104424,0.0227
-215.3360605327306,0.0228
-215.32996102028005,0.0229
-215.32454377114084,0.023
-215.32307688544188,0.0231
-215.32111172751206,0.0232
-215.31863992606924,0.0233
-215.31533649253043,0.0234
-215.31010177946555,0.0235
-215.30486157338248,0.0236
-215.29908231920564,0.0237
-215.29435192164834,0.0238
-215.29129445440435,0.0239
-215.29049547964092,0.024
-215.2874121634379,0.0241
-215.28517847715727,0.0242
-215.28493162867667,0.0243
-215.2848911840236,0.0244
-215.28377553796153,0.0245
-215.28298466577493,0.0246
-215.281758943443,0.0247
-215.2806650550816,0.0248
-215.27844058537855,0.0249
-215.2748063243706,0.025
-215.27478268893304,0.0251
-215.26938584714367,0.0252
-215.2616438459618,0.0253
-215.25747314410359,0.0254
-215.2565432533087,0.0255
-215.25570176622085,0.0256
-215.24925484398364,0.0257
-215.24460989796054,0.0258
-215.24187067291177,0.0259
-215.24036942125224,0.026
-215.24031829292366,0.0261
-215.23682530498095,0.0262
-215.236320786272,0.0263
-215.23368967690226,0.0264
-215.2284645473294,0.0265
-215.22500939019977,0.0266
-215.22269391074704,0.0267
-215.20716000377294,0.0268
-215.204776487289,0.0269
-215.20467955080906,0.027
-215.20440345312582,0.0271
-215.19866045377256,0.0272
-215.19442026539556,0.0273
-215.1874971170645,0.0274
-215.18706346175503,0.0275
-215.18415270825568,0.0276
-215.18244212340525,0.0277
-215.18013426061927,0.0278
-215.1735138974622,0.0279
-215.1700935891891,0.028
-215.1641066326905,0.0281
-215.16374136169742,0.0282
-215.16285731470884,0.0283
-215.1607184218522,0.0284
-215.15325691314413,0.0285
-215.15267017984505,0.0286
-215.14954541970565,0.0287
-215.14615169088952,0.0288
-215.13959451344164,0.0289
-215.1311998317899,0.029
-215.13093848036212,0.0291
-215.12984179277086,0.0292
-215.1239865308931,0.0293
-215.1167614545036,0.0294
-215.11032976967508,0.0295
-215.1082623924814,0.0296
-215.1065504418971,0.0297
-215.10614484293814,0.0298
-215.10431472048091,0.0299
-215.10154889024219,0.03
-215.10131395854242,0.0301
-215.09799376921376,0.0302
-215.0932591289416,0.0303
-215.09068981181255,0.0304
-215.0862408130994,0.0305
-215.0804194097815,0.0306
-215.0740836576598,0.0307
-215.07402115982995,0.0308
-215.07309495657069,0.0309
-215.0683362785872,0.031
-215.06779282699694,0.0311
-215.0650895271562,0.0312
-215.0639557227833,0.0313
-215.06171017222835,0.0314
-215.0583220561726,0.0315
-215.05664296368417,0.0316
-215.05542627322617,0.0317
-215.04100587990825,0.0318
-215.0390588944111,0.0319
-215.03428135814517,0.032
-215.02838583443707,0.0321
-215.02618049036732,0.0322
-215.02027278360987,0.0323
-215.01143173911908,0.0324
-215.00818844505997,0.0325
-215.00766956253332,0.0326
-214.99941934363767,0.0327
-214.99863575925266,0.0328
-214.9900716668712,0.0329
-214.986470415077,0.033
-214.98376126620397,0.0331
-214.97891923951022,0.0332
-214.97828362730425,0.0333
-214.97390535839537,0.0334
-214.97345921645854,0.0335
-214.97295828890893,0.0336
-214.96756165152843,0.0337
-214.9657490976101,0.0338
-214.95463692917042,0.0339
-214.9529225560373,0.034
-214.93328638748733,0.0341
-214.927419991147,0.0342
-214.92297298971678,0.0343
-214.91815085891523,0.0344
-214.91723307551575,0.0345
-214.9117289707182,0.0346
-214.89596973294505,0.0347
-214.89567757392544,0.0348
-214.88603677374164,0.0349
-214.87104510366805,0.035
-214.8680244877916,0.0351
-214.8661216894679,0.0352
-214.85791071462725,0.0353
-214.85190503473842,0.0354
-214.8483771660175,0.0355
-214.84281850991437,0.0356
-214.8342083888816,0.0357
-214.8237807134837,0.0358
-214.8205428684557,0.0359
-214.81869337713906,0.036
-214.80855935573132,0.0361
-214.80318528751414,0.0362
-214.79924833663722,0.0363
-214.79714756980763,0.0364
-214.79620776375273,0.0365
-214.79469843852388,0.0366
-214.79115330685937,0.0367
-214.78814744076152,0.0368
-214.7871148457069,0.0369
-214.78064410382473,0.037
-214.77976398715748,0.0371
-214.77765371661988,0.0372
-214.7738638654435,0.0373
-214.768918097486,0.0374
-214.76499532663283,0.0375
-214.7645879362611,0.0376
-214.75955585556738,0.0377
-214.7500491370363,0.0378
-214.7461097240653,0.0379
-214.74570398491565,0.038
-214.74504455077033,0.0381
-214.73080244125427,0.0382
-214.73066898435468,0.0383
-214.72940781685784,0.0384
-214.72793979362956,0.0385
-214.7224583779147,0.0386
-214.71772984854022,0.0387
-214.7141996404115,0.0388
-214.71008525644893,0.0389
-214.6996199376542,0.039
-214.69851308153346,0.0391
-214.69253653527983,0.0392
-214.68260919244548,0.0393
-214.6799659209477,0.0394
-214.6793761479143,0.0395
-214.67421619585977,0.0396
-214.66420639793947,0.0397
-214.6638868769061,0.0398
-214.6544547881648,0.0399
-214.64602473195603,0.04
-214.64538950531633,0.0401
-214.61881408821753,0.0402
-214.61135482203179,0.0403
-214.60681825048067,0.0404
-214.60159835803657,0.0405
-214.59978464119453,0.0406
-214.5981455563888,0.0407
-214.58157841297518,0.0408
-214.57947319983208,0.0409
-214.5509830347907,0.041
-214.55072184894047,0.0411
-214.5383239451483,0.0412
-214.53619460551852,0.0413
-214.52739594996982,0.0414
-214.51836281470955,0.0415
-214.51591089632325,0.0416
-214.50166802957395,0.0417
-214.49754369917997,0.0418
-214.4948319375098,0.0419
-214.49404988809323,0.042
-214.4938302748751,0.0421
-214.47435476819612,0.0422
-214.47408025863487,0.0423
-214.47354307195286,0.0424
-214.4735066386668,0.0425
-214.4715762319971,0.0426
-214.46950295072816,0.0427
-214.46634196883105,0.0428
-214.46605739605167,0.0429
-214.4534001079662,0.043
-214.4533485299874,0.0431
-214.44519241288603,0.0432
-214.43161376282927,0.0433
-214.42933249969593,0.0434
-214.42639258062263,0.0435
-214.42546283491683,0.0436
-214.42003957864307,0.0437
-214.41605378326477,0.0438
-214.3832290715214,0.0439
-214.3808926358942,0.044
-214.3541511958638,0.0441
-214.3530595541386,0.0442
-214.32895154482148,0.0443
-214.32852786869742,0.0444
-214.31597742862664,0.0445
-214.30210762661585,0.0446
-214.29660965913573,0.0447
-214.28913646017128,0.0448
-214.28465694189055,0.0449
-214.27551144807825,0.045
-214.27201214237178,0.0451
-214.2615557635952,0.0452
-214.2574872927068,0.0453
-214.24197934782467,0.0454
-214.23737593575157,0.0455
-214.22413959298618,0.0456
-214.20070234068092,0.0457
-214.1963452280432,0.0458
-214.19127801904756,0.0459
-214.18980004495458,0.046
-214.1803379099503,0.0461
-214.16122118757926,0.0462
-214.1571535857195,0.0463
-214.13591586985214,0.0464
-214.12827526145784,0.0465
-214.12240734090918,0.0466
-214.11267452509443,0.0467
-214.11035505793265,0.0468
-214.0978249737753,0.0469
-214.08002498218082,0.047
-214.07351160010623,0.0471
-214.0636410842877,0.0472
-214.05884558326974,0.0473
-214.0516165435683,0.0474
-214.0409711716447,0.0475
-214.0258648147028,0.0476
-214.01599433524999,0.0477
-213.98063874558267,0.0478
-213.97517282128746,0.0479
-213.95374989851825,0.048
-213.95163123453315,0.0481
-213.95122708896324,0.0482
-213.94687304307854,0.0483
-213.94603199878745,0.0484
-213.94488223185616,0.0485
-213.94475206424426,0.0486
-213.942372271375,0.0487
-213.92145383791586,0.0488
-213.91937855599113,0.0489
-213.90760459919647,0.049
-213.90352907228973,0.0491
-213.89597474697644,0.0492
-213.89479160880467,0.0493
-213.8914032609731,0.0494
-213.8852763289664,0.0495
-213.8737420925837,0.0496
-213.8688954686653,0.0497
-213.86403109239842,0.0498
-213.86189153751099,0.0499
-213.83775122148379,0.05
-213.83100053320788,0.0501
-213.82832939741388,0.0502
-213.82177409311683,0.0503
-213.81576495968588,0.0504
-213.80559929641672,0.0505
-213.79581995810662,0.0506
-213.7839923150748,0.0507
-213.78360571938958,0.0508
-213.76725621437282,0.0509
-213.76369425688273,0.051
-213.7567166479256,0.0511
-213.7408085332131,0.0512
-213.73692877461053,0.0513
-213.7329792315487,0.0514
-213.731279108664,0.0515
-213.73109302361087,0.0516
-213.72845183565244,0.0517
-213.72645183359572,0.0518
-213.70825756637194,0.0519
-213.70816023084728,0.052
-213.69947722996048,0.0521
-213.68149720091932,0.0522
-213.65790241748357,0.0523
-213.65071298174746,0.0524
-213.63659236730524,0.0525
-213.63653541581073,0.0526
-213.61441443394645,0.0527
-213.5662398961356,0.0528
-213.55051211229562,0.0529
-213.54242573221887,0.053
-213.54002520629354,0.0531
-213.52350990972334,0.0532
-213.52028815109546,0.0533
-213.51867463485468,0.0534
-213.50939713735917,0.0535
-213.50153142832872,0.0536
-213.49976620742942,0.0537
-213.4550862883102,0.0538
-213.44862069765685,0.0539
-213.44232851546465,0.054
-213.43873112949805,0.0541
-213.43319046310037,0.0542
-213.4297319478903,0.0543
-213.42057499983238,0.0544
-213.40785803753997,0.0545
-213.40591769649052,0.0546
-213.38302482051236,0.0547
-213.37982754722051,0.0548
-213.37939572781212,0.0549
-213.34846382489093,0.055
-213.3443208162118,0.0551
-213.34031004196294,0.0552
-213.31363465230652,0.0553
-213.2787562931519,0.0554
-213.23500708997213,0.0555
-213.2095507420255,0.0556
-213.20671675582045,0.0557
-213.2022357395636,0.0558
-213.19567667677813,0.0559
-213.1885397783909,0.056
-213.18219140284435,0.0561
-213.18047537381463,0.0562
-213.17758572949433,0.0563
-213.1647478891846,0.0564
-213.1645598001983,0.0565
-213.1616621648621,0.0566
-213.1373819537705,0.0567
-213.1162554619791,0.0568
-213.09975098528525,0.0569
-213.08605890313575,0.057
-213.07768336259238,0.0571
-213.06603403099925,0.0572
-213.0594321051486,0.0573
-213.05293254240343,0.0574
-213.03205936658048,0.0575
-213.0275895773832,0.0576
-213.01513586365394,0.0577
-213.0144471787045,0.0578
-212.99603029355987,0.0579
-212.99226352565418,0.058
-212.9862146304054,0.0581
-212.98222653485183,0.0582
-212.95901369849219,0.0583
-212.95017099227513,0.0584
-212.93088144029994,0.0585
-212.91530849176758,0.0586
-212.88051058580018,0.0587
-212.8658849098554,0.0588
-212.84557882525212,0.0589
-212.81038737204167,0.059
-212.80300672233477,0.0591
-212.78838622065967,0.0592
-212.78722943528874,0.0593
-212.76373139580673,0.0594
-212.75762589555364,0.0595
-212.75735534262174,0.0596
-212.74518653963023,0.0597
-212.7448454113161,0.0598
-212.72471923169607,0.0599
-212.71866611675415,0.06
-212.69242159470954,0.0601
-212.66625044268145,0.0602
-212.665258230507,0.0603
-212.65480349482038,0.0604
-212.65012045591456,0.0605
-212.64355358361266,0.0606
-212.5982607848281,0.0607
-212.58611213027055,0.0608
-212.57758246662058,0.0609
-212.5619449844098,0.061
-212.5558925686695,0.0611
-212.55001034440028,0.0612
-212.51992432761006,0.0613
-212.44543549899794,0.0614
-212.42641946845615,0.0615
-212.41289072537833,0.0616
-212.4105333086485,0.0617
-212.39580933323091,0.0618
-212.38222910680025,0.0619
-212.34057557940895,0.062
-212.33086571082137,0.0621
-212.29182490813042,0.0622
-212.2791274905231,0.0623
-212.26965840138627,0.0624
-212.25004247691444,0.0625
-212.2326150392715,0.0626
-212.22870619244463,0.0627
-212.22287256781405,0.0628
-212.2172849825902,0.0629
-212.17724812602904,0.063
-212.17124248727822,0.0631
-212.16819495441766,0.0632
-212.16349310131486,0.0633
-212.15807110610567,0.0634
-212.1463656334812,0.0635
-212.13372362238394,0.0636
-212.12307219964134,0.0637
-212.12258885592857,0.0638
-212.11625661442838,0.0639
-212.0914240811113,0.064
-212.09044623955134,0.0641
-212.07584717464633,0.0642
-212.07334461193886,0.0643
-212.06913915063217,0.0644
-212.05815438393168,0.0645
-212.02068704877536,0.0646
-212.00441094269175,0.0647
-212.0005520905301,0.0648
-211.91385569733345,0.0649
-211.9127391565945,0.065
-211.89900512769094,0.0651
-211.8729376441773,0.0652
-211.8428202438362,0.0653
-211.83157316116765,0.0654
-211.8257884377571,0.0655
-211.8154810835421,0.0656
-211.78065101745315,0.0657
-211.75875323012806,0.0658
-211.747062783641,0.0659
-211.72720338172613,0.066
-211.72451450191772,0.0661
-211.72381600193734,0.0662
-211.69306713933537,0.0663
-211.65443752518257,0.0664
-211.64920944649523,0.0665
-211.64353513523585,0.0666
-211.63244422423747,0.0667
-211.62475243867675,0.0668
-211.62108587616123,0.0669
-211.56807929967158,0.067
-211.5598812385168,0.0671
-211.5539366446357,0.0672
-211.55362080828698,0.0673
-211.53923436795267,0.0674
-211.52772485442088,0.0675
-211.5155646844622,0.0676
-211.51200232796333,0.0677
-211.4982925300237,0.0678
-211.4949988494752,0.0679
-211.49160644621665,0.068
-211.47413726296202,0.0681
-211.44476856598575,0.0682
-211.43852105448767,0.0683
-211.40637149151527,0.0684
-211.39713161495087,0.0685
-211.37944013161325,0.0686
-211.37943066773713,0.0687
-211.36272678850648,0.0688
-211.32317732223532,0.0689
-211.3123937817773,0.069
-211.30150939031466,0.0691
-211.30041649107596,0.0692
-211.30031033983568,0.0693
-211.28639010587148,0.0694
-211.28184582458326,0.0695
-211.26084505039717,0.0696
-211.2581957067754,0.0697
-211.25710363841748,0.0698
-211.24618177272527,0.0699
-211.2423375702109,0.07
-211.20194487872834,0.0701
-211.1741259543229,0.0702
-211.17059038261175,0.0703
-211.16004187788425,0.0704
-211.14166725195346,0.0705
-211.13508487532923,0.0706
-211.09169020071718,0.0707
-211.08142367814295,0.0708
-211.0473261315478,0.0709
-211.04602550669966,0.071
-211.02706814927757,0.0711
-211.023826659007,0.0712
-211.0217614534218,0.0713
-210.98390049096997,0.0714
-210.98372036933975,0.0715
-210.88625388883426,0.0716
-210.88227164593079,0.0717
-210.87289633277098,0.0718
-210.83634381368032,0.0719
-210.75929356088304,0.072
-210.75885941156932,0.0721
-210.75362402444742,0.0722
-210.7512884890493,0.0723
-210.74434287117236,0.0724
-210.6597125053555,0.0725
-210.65836233867518,0.0726
-210.64510987001154,0.0727
-210.6254235121347,0.0728
-210.61869169993028,0.0729
-210.59733648188,0.073
-210.5972656032678,0.0731
-210.57797827859244,0.0732
-210.56945970881992,0.0733
-210.54324298427477,0.0734
-210.48010050299055,0.0735
-210.47347021354625,0.0736
-210.46625859779473,0.0737
-210.44816066580452,0.0738
-210.41908932169807,0.0739
-210.40287308850085,0.074
-210.3851386028422,0.0741
-210.3632905598102,0.0742
-210.35468213073332,0.0743
-210.35430861498975,0.0744
-210.35062020318844,0.0745
-210.34845192311278,0.0746
-210.34277802734877,0.0747
-210.32216917446053,0.0748
-210.24722207552475,0.0749
-210.24471402950826,0.075
-210.2176538955165,0.0751
-210.18094121586532,0.0752
-210.17241756794658,0.0753
-210.17190468999857,0.0754
-210.12761231642256,0.0755
-210.12673948268815,0.0756
-210.12149966133944,0.0757
-210.05126972391943,0.0758
-210.04420556023365,0.0759
-210.00178934262993,0.076
-209.99519853327777,0.0761
-209.98599821706284,0.0762
-209.95758114441205,0.0763
-209.956724207351,0.0764
-209.92631838344784,0.0765
-209.9097279113751,0.0766
-209.90911578260867,0.0767
-209.90814190538248,0.0768
-209.9052358041674,0.0769
-209.883141773716,0.077
-209.87751240160185,0.0771
-209.86454945436066,0.0772
-209.82253148398044,0.0773
-209.8117687933944,0.0774
-209.81117624368704,0.0775
-209.79901263208427,0.0776
-209.79793718803882,0.0777
-209.77657051881738,0.0778
-209.75569032980113,0.0779
-209.75327300951744,0.078
-209.71809701161365,0.0781
-209.6484607078405,0.0782
-209.63229791169388,0.0783
-209.59644928779957,0.0784
-209.5916995975133,0.0785
-209.56467937195822,0.0786
-209.55800321739522,0.0787
-209.46821474561932,0.0788
-209.4466658440111,0.0789
-209.44611542869322,0.079
-209.35455318733847,0.0791
-209.27800553859157,0.0792
-209.26614320412486,0.0793
-209.2172570731884,0.0794
-209.19296850538572,0.0795
-209.18845576845072,0.0796
-209.17636458170043,0.0797
-209.17273625183498,0.0798
-209.14480536132828,0.0799
-209.12584963019714,0.08
-209.12141379976273,0.0801
-209.10262090584504,0.0802
-209.06890683182814,0.0803
-209.0257085485386,0.0804
-208.97644513327705,0.0805
-208.92164475991538,0.0806
-208.91170862733406,0.0807
-208.90575935323238,0.0808
-208.88380714773572,0.0809
-208.84541329187937,0.081
-208.82089740654865,0.0811
-208.81064977088812,0.0812
-208.79358759753964,0.0813
-208.77084235088006,0.0814
-208.76821275417694,0.0815
-208.6937686802216,0.0816
-208.68247749873885,0.0817
-208.6698881383054,0.0818
-208.6505486855004,0.0819
-208.57320415183287,0.082
-208.50740235205646,0.0821
-208.4603908882551,0.0822
-208.4350426302934,0.0823
-208.4167227789102,0.0824
-208.38869312238654,0.0825
-208.38447262225748,0.0826
-208.3683065631278,0.0827
-208.36820353703015,0.0828
-208.28950965357106,0.0829
-208.28276405159497,0.083
-208.26041439155992,0.0831
-208.2314636801509,0.0832
-208.2111840113351,0.0833
-208.04536063093173,0.0834
-208.03989388941974,0.0835
-208.02928724561352,0.0836
-208.02203062643483,0.0837
-207.9489876441028,0.0838
-207.9348755421808,0.0839
-207.88027225098386,0.084
-207.8317651520979,0.0841
-207.83062610510999,0.0842
-207.82894160435907,0.0843
-207.82585278763193,0.0844
-207.8078974130202,0.0845
-207.7718471820487,0.0846
-207.74785147203804,0.0847
-207.73945102747476,0.0848
-207.71871333694068,0.0849
-207.55239051104172,0.085
-207.53857510808018,0.0851
-207.46070374729632,0.0852
-207.39755349073374,0.0853
-207.37618517106958,0.0854
-207.28837515551245,0.0855
-207.25408123330064,0.0856
-207.23929895645978,0.0857
-207.08376160095688,0.0858
-207.08236055360416,0.0859
-207.03134593352658,0.086
-206.9926413082214,0.0861
-206.94296961488016,0.0862
-206.90269554522968,0.0863
-206.90081292411497,0.0864
-206.8765488704516,0.0865
-206.6872110740563,0.0866
-206.6596132588748,0.0867
-206.64247067580317,0.0868
-206.63408810607086,0.0869
-206.5887148707716,0.087
-206.58041276716554,0.0871
-206.57805968482327,0.0872
-206.55626185754352,0.0873
-206.53716079046987,0.0874
-206.50534119104893,0.0875
-206.494443410689,0.0876
-206.48396690254938,0.0877
-206.3915679016361,0.0878
-206.3781281097904,0.0879
-206.3650835921675,0.088
-206.2544760355249,0.0881
-206.2140505268194,0.0882
-206.09361992174928,0.0883
-205.99760142949114,0.0884
-205.952814456949,0.0885
-205.9052699137371,0.0886
-205.89900439608266,0.0887
-205.87324103242307,0.0888
-205.7975450711148,0.0889
-205.7672556802027,0.089
-205.69509228358623,0.0891
-205.63120067723244,0.0892
-205.60877423759533,0.0893
-205.52725845738988,0.0894
-205.47408135314214,0.0895
-205.37932532003916,0.0896
-205.3588451243583,0.0897
-205.34928226123694,0.0898
-205.34125688019674,0.0899
-205.28204325445796,0.09
-205.20702792650576,0.0901
-205.1703260341579,0.0902
-205.15875786056966,0.0903
-205.11512158750742,0.0904
-205.071601934799,0.0905
-205.02916005725638,0.0906
-204.97694560602048,0.0907
-204.94328816327453,0.0908
-204.89587532788607,0.0909
-204.8300973475123,0.091
-204.81034428844376,0.0911
-204.78628250311314,0.0912
-204.78583094018214,0.0913
-204.7792353874691,0.0914
-204.75927790063525,0.0915
-204.73995027765744,0.0916
-204.7194706425365,0.0917
-204.7080971862748,0.0918
-204.52385163909065,0.0919
-204.48289496455808,0.092
-204.45540747718812,0.0921
-204.39630685235971,0.0922
-204.38888756121415,0.0923
-204.35893721833492,0.0924
-204.33954648968785,0.0925
-204.313418080391,0.0926
-204.2905665550832,0.0927
-204.25010042880288,0.0928
-204.24694237371534,0.0929
-204.02891416123788,0.093
-204.00209024146014,0.0931
-203.90055756933373,0.0932
-203.70441709126493,0.0933
-203.700128395452,0.0934
-203.68636819394195,0.0935
-203.5922868437784,0.0936
-203.5311066704612,0.0937
-203.47121843024976,0.0938
-203.449296725031,0.0939
-203.2730103475679,0.094
-203.186100306708,0.0941
-203.16084207954722,0.0942
-203.13862391418442,0.0943
-203.13502383834944,0.0944
-203.01551451554113,0.0945
-202.97413876336105,0.0946
-202.84192526690066,0.0947
-202.82483143903744,0.0948
-202.79119318684153,0.0949
-202.78550072331802,0.095
-202.77536560418383,0.0951
-202.77492464052142,0.0952
-202.7747381731294,0.0953
-202.67496797294004,0.0954
-202.6167592392931,0.0955
-202.50781114156675,0.0956
-202.46933519980573,0.0957
-202.380713101119,0.0958
-202.30238516651224,0.0959
-202.20395732559285,0.096
-202.01154226064105,0.0961
-201.93686624438857,0.0962
-201.91285536556225,0.0963
-201.86342855668067,0.0964
-201.85682196752447,0.0965
-201.68930459786392,0.0966
-201.6841962549491,0.0967
-201.53727024914176,0.0968
-201.23605391692686,0.0969
-201.16090636241083,0.097
-201.02431696775332,0.0971
-200.98848613832035,0.0972
-200.93391645385418,0.0973
-200.83421915736702,0.0974
-200.76371379362402,0.0975
-200.5484357827794,0.0976
-200.51996352585405,0.0977
-200.51428691099568,0.0978
-200.48914699197022,0.0979
-200.35638562562727,0.098
-200.3198770664286,0.0981
-200.31598055853343,0.0982
-200.30586908260847,0.0983
-200.21653520514985,0.0984
-200.14897342468464,0.0985
-200.1317784437038,0.0986
-200.07577072811856,0.0987
-199.97229799711891,0.0988
-199.753432305016,0.0989
-199.67097204079815,0.099
-199.58139844490086,0.0991
-199.56578420442062,0.0992
-199.443166138535,0.0993
-199.32630401333535,0.0994
-199.11748276902642,0.0995
-199.11733599458168,0.0996
-199.11729866893143,0.0997
-199.11513395159824,0.0998
-199.11507409181425,0.0999
-199.11394676947666,0.1
-199.1098288175989,0.1001
-199.10850457778238,0.1002
-199.10749228255784,0.1003
-199.10690788102428,0.1004
-199.0916131714614,0.1005
-199.08719460226874,0.1006
-199.0865482234616,0.1007
-199.08645301673337,0.1008
-199.08618441351427,0.1009
-199.08261955336482,0.101
-199.07703396066464,0.1011
-199.0763393818956,0.1012
-199.07433922924733,0.1013
-199.07342589851487,0.1014
-199.07115586382338,0.1015
-199.05682433802988,0.1016
-199.04883077577446,0.1017
-199.04843200499545,0.1018
-199.01859808632992,0.1019
-199.0184674616294,0.102
-199.01637584063636,0.1021
-199.00904940496795,0.1022
-199.0060338472314,0.1023
-198.99248292576203,0.1024
-198.9680871301871,0.1025
-198.96407572952396,0.1026
-198.96306947967167,0.1027
-198.9565177050829,0.1028
-198.94708541597055,0.1029
-198.94584857439696,0.103
-198.92283322308677,0.1031
-198.92019188709054,0.1032
-198.90809895492959,0.1033
-198.90536954369023,0.1034
-198.8828100703433,0.1035
-198.84984466185585,0.1036
-198.8358294746114,0.1037
-198.8210192840833,0.1038
-198.82041438509896,0.1039
-198.80879085133355,0.104
-198.77541077433975,0.1041
-198.76658282724395,0.1042
-198.76092788307255,0.1043
-198.75926488166172,0.1044
-198.7545482307179,0.1045
-198.7539934344083,0.1046
-198.72097049645407,0.1047
-198.72053474905957,0.1048
-198.650549859838,0.1049
-198.63829835548756,0.105
-198.63782800957358,0.1051
-198.60696793289745,0.1052
-198.60016514761372,0.1053
-198.59093462962636,0.1054
-198.58706790999304,0.1055
-198.49797449335549,0.1056
-198.49753132997097,0.1057
-198.49645113996175,0.1058
-198.49226916230805,0.1059
-198.4697423368953,0.106
-198.46931932112705,0.1061
-198.4651654747421,0.1062
-198.4648462390639,0.1063
-198.44653028651902,0.1064
-198.44195999492837,0.1065
-198.43374124534128,0.1066
-198.40764543753787,0.1067
-198.3789446369657,0.1068
-198.37096720250992,0.1069
-198.34425804742148,0.107
-198.33536352079213,0.1071
-198.31396399408655,0.1072
-198.3124010341184,0.1073
-198.26327935837395,0.1074
-198.25280975774302,0.1075
-198.24953506000915,0.1076
-198.2478857222125,0.1077
-198.19475529630222,0.1078
-198.1734490131268,0.1079
-198.16922042381336,0.108
-198.16046685595532,0.1081
-198.15372301620488,0.1082
-198.1476392965743,0.1083
-198.1257136561835,0.1084
-198.117436542915,0.1085
-198.0054798405461,0.1086
-197.97344355328232,0.1087
-197.9505546618441,0.1088
-197.88136103331783,0.1089
-197.83530207437835,0.109
-197.78874600332418,0.1091
-197.77178834232316,0.1092
-197.73370165591632,0.1093
-197.62057982670964,0.1094
-197.57347869049775,0.1095
-197.5587907822402,0.1096
-197.54839891615921,0.1097
-197.52233967036398,0.1098
-197.51858918096292,0.1099
-197.44137369478736,0.11
-197.31016451536956,0.1101
-197.29792858225292,0.1102
-197.22811453055382,0.1103
-197.1952981082918,0.1104
-196.96609630270916,0.1105
-196.91021012298035,0.1106
-196.8894509034803,0.1107
-196.8410892660754,0.1108
-196.78919741698672,0.1109
-196.71250970996192,0.111
-196.66806055715102,0.1111
-196.63097913024592,0.1112
-196.57799073945304,0.1113
-196.53101070046964,0.1114
-196.52991905792524,0.1115
-196.23431397268604,0.1116
-196.09132722823153,0.1117
-196.04384190524686,0.1118
-195.99552116167413,0.1119
-195.9795074322652,0.112
-195.82638048346826,0.1121
-195.73805503316316,0.1122
-195.58657292098795,0.1123
-195.53106396837177,0.1124
-195.44090776200537,0.1125
-195.41561638448258,0.1126
-195.41516301173363,0.1127
-195.37734188109357,0.1128
-195.24683893412296,0.1129
-195.188362271774,0.113
-195.06424365548844,0.1131
-194.963410961386,0.1132
-194.9312986084651,0.1133
-194.81411743039396,0.1134
-194.78966497528515,0.1135
-194.70924102620074,0.1136
-194.7004786395116,0.1137
-194.6797552718388,0.1138
-194.6046832060309,0.1139
-194.55711573150546,0.114
-194.54652766317054,0.1141
-194.53952486274633,0.1142
-194.52464559026305,0.1143
-194.48796931838135,0.1144
-194.47664209654445,0.1145
-194.43445763107334,0.1146
-194.41325304747224,0.1147
-194.39165859766064,0.1148
-194.2626794711817,0.1149
-194.13772342128698,0.115
-194.00580434573087,0.1151
-194.00231609337033,0.1152
-193.98321890761648,0.1153
-193.92931153772733,0.1154
-193.90600090989508,0.1155
-193.7992451125132,0.1156
-193.78997785502244,0.1157
-193.77414015619567,0.1158
-193.73325259904004,0.1159
-193.69157178391106,0.116
-193.6706510545483,0.1161
-193.6541453742042,0.1162
-193.61194778359177,0.1163
-193.39980939655953,0.1164
-193.30272798098252,0.1165
-193.2899160959415,0.1166
-193.2703138190577,0.1167
-193.14530121341852,0.1168
-193.10202093606068,0.1169
-193.08381024200003,0.117
-193.02911800876464,0.1171
-192.9889138327019,0.1172
-192.97574988180753,0.1173
-192.88817146180867,0.1174
-192.83782515052445,0.1175
-192.75171227454953,0.1176
-192.52086179315282,0.1177
-192.3650397576008,0.1178
-192.33499802338184,0.1179
-192.19405843625518,0.118
-192.03109293005522,0.1181
-191.79861389617344,0.1182
-191.7270140191849,0.1183
-191.64704945444058,0.1184
-191.6349383130526,0.1185
-191.62506518329883,0.1186
-191.59677857573888,0.1187
-191.5841855474172,0.1188
-191.3749484212963,0.1189
-191.11944375562592,0.119
-191.10412311057001,0.1191
-191.07000603735,0.1192
-191.01908825435507,0.1193
-190.9631028370105,0.1194
-190.8739888553584,0.1195
-190.86072384500503,0.1196
-190.83831583583913,0.1197
-190.78944620734862,0.1198
-190.7891938827766,0.1199
-190.78872287405392,0.12
-190.78843552151974,0.1201
-190.7884257356668,0.1202
-190.78773823864367,0.1203
-190.78730931995995,0.1204
-190.7853236100787,0.1205
-190.78110349382794,0.1206
-190.76826993339915,0.1207
-190.75983071464114,0.1208
-190.7507736849157,0.1209
-190.74584970509858,0.121
-190.74521787500362,0.1211
-190.74251245777663,0.1212
-190.73418905842695,0.1213
-190.72878700780086,0.1214
-190.72558762301506,0.1215
-190.71462476604935,0.1216
-190.7116875221202,0.1217
-190.7024242099691,0.1218
-190.69265957478657,0.1219
-190.67882645437905,0.122
-190.67085650398377,0.1221
-190.6389758778816,0.1222
-190.61689371515067,0.1223
-190.60992500887363,0.1224
-190.6025826697996,0.1225
-190.59706536531505,0.1226
-190.57082273957374,0.1227
-190.55565236420443,0.1228
-190.5466097673673,0.1229
-190.53804602792002,0.123
-190.53445028980653,0.1231
-190.5262343461776,0.1232
-190.52178577948564,0.1233
-190.51950886136163,0.1234
-190.50104247767308,0.1235
-190.47208391163406,0.1236
-190.46913701113405,0.1237
-190.45955506002437,0.1238
-190.4527356694961,0.1239
-190.43978073412552,0.124
-190.43910861239118,0.1241
-190.42706159863155,0.1242
-190.40844952704998,0.1243
-190.40844661548454,0.1244
-190.4037085946355,0.1245
-190.39724407739433,0.1246
-190.3914465529021,0.1247
-190.3734132301621,0.1248
-190.3434799982395,0.1249
-190.34221070296746,0.125
-190.3413869587526,0.1251
-190.3358653323723,0.1252
-190.32902668774517,0.1253
-190.31886218145397,0.1254
-190.30856757757456,0.1255
-190.30050215142685,0.1256
-190.2885723370379,0.1257
-190.25920477720405,0.1258
-190.23752905267236,0.1259
-190.23136238269973,0.126
-190.20684379041398,0.1261
-190.2047809615733,0.1262
-190.19754863153247,0.1263
-190.18990675950627,0.1264
-190.15018037175497,0.1265
-190.13264786492846,0.1266
-190.13146917527504,0.1267
-190.1214686248554,0.1268
-190.11930253974145,0.1269
-190.05944386751875,0.127
-190.05626551636104,0.1271
-190.04941102858277,0.1272
-190.02835268504097,0.1273
-189.97727462121955,0.1274
-189.97717713424674,0.1275
-189.9497075055735,0.1276
-189.92979762992226,0.1277
-189.92671617046855,0.1278
-189.9138561247019,0.1279
-189.88693600544053,0.128
-189.8597606490761,0.1281
-189.8402426705299,0.1282
-189.832032919313,0.1283
-189.79587235490902,0.1284
-189.79469280912429,0.1285
-189.76493905036077,0.1286
-189.6471428570874,0.1287
-189.63751080113408,0.1288
-189.63374863702634,0.1289
-189.5884737890847,0.129
-189.5805386941662,0.1291
-189.56776132187917,0.1292
-189.5274778224906,0.1293
-189.49960035110993,0.1294
-189.48969908092374,0.1295
-189.47542968341392,0.1296
-189.43986814321576,0.1297
-189.43768683547003,0.1298
-189.40226363462583,0.1299
-189.40198102576642,0.13
-189.3957231883995,0.1301
-189.38575550498288,0.1302
-189.36718582758752,0.1303
-189.3551196067108,0.1304
-189.34814889690725,0.1305
-189.34106115670912,0.1306
-189.2225224938251,0.1307
-189.19896527966705,0.1308
-189.19231060260535,0.1309
-189.1549389698958,0.131
-189.0414086897431,0.1311
-189.02868485106285,0.1312
-189.01537988450303,0.1313
-189.00711029161084,0.1314
-188.9907998149911,0.1315
-188.9176505746331,0.1316
-188.89153320805133,0.1317
-188.8601263243189,0.1318
-188.82694228942896,0.1319
-188.8034049600072,0.132
-188.80096773258634,0.1321
-188.7858526839094,0.1322
-188.74603087973668,0.1323
-188.63042337144353,0.1324
-188.6228368200153,0.1325
-188.59929241244254,0.1326
-188.58424992435036,0.1327
-188.56990765474194,0.1328
-188.5213647167424,0.1329
-188.40374008378163,0.133
-188.40015942754653,0.1331
-188.39984199769572,0.1332
-188.3780372584976,0.1333
-188.34611945832614,0.1334
-188.3026326483315,0.1335
-188.2957604335323,0.1336
-188.27075393233727,0.1337
-188.22718345922902,0.1338
-188.21760789447652,0.1339
-188.15102006119267,0.134
-188.14261352668626,0.1341
-188.12902881830743,0.1342
-188.1214129489012,0.1343
-188.1026333593106,0.1344
-188.0724618966315,0.1345
-188.07234736354852,0.1346
-188.0658190601414,0.1347
-188.0324665748393,0.1348
-187.94246993014272,0.1349
-187.93112893744913,0.135
-187.80757109301257,0.1351
-187.66022719151357,0.1352
-187.65749122718273,0.1353
-187.58178209988867,0.1354
-187.57968049718068,0.1355
-187.53690724840592,0.1356
-187.40591176023466,0.1357
-187.4013372896507,0.1358
-187.39626913015226,0.1359
-187.3779456142869,0.136
-187.3724621853061,0.1361
-187.2532007843934,0.1362
-187.19904562407285,0.1363
-187.1165684801301,0.1364
-187.0701399054341,0.1365
-187.04386523274314,0.1366
-187.04363972683197,0.1367
-187.02579265410435,0.1368
-186.94678182288243,0.1369
-186.74455623365117,0.137
-186.7442447830027,0.1371
-186.67002924430946,0.1372
-186.5881748028852,0.1373
-186.57924040342402,0.1374
-186.39727462442443,0.1375
-186.3832239182964,0.1376
-186.28072374701313,0.1377
-186.25308313330132,0.1378
-186.00401376931518,0.1379
-185.9227589012606,0.138
-185.8904407070633,0.1381
-185.823163468194,0.1382
-185.80114007136746,0.1383
-185.72261056913047,0.1384
-185.65966854032112,0.1385
-185.65066701637056,0.1386
-185.64730154161882,0.1387
-185.61320474577767,0.1388
-185.58871158714814,0.1389
-185.43853347362838,0.139
-185.33364965155775,0.1391
-185.31484102852622,0.1392
-185.25107303466703,0.1393
-185.2461044017175,0.1394
-185.12330647740288,0.1395
-184.97080733781644,0.1396
-184.7682300295232,0.1397
-184.75414141875524,0.1398
-184.74646544033175,0.1399
-184.7221493908297,0.14
-184.71058496550154,0.1401
-184.63485968662127,0.1402
-184.43484197667482,0.1403
-184.35918027364443,0.1404
-184.24712255542875,0.1405
-184.11843239388315,0.1406
-183.91248589697537,0.1407
-183.8777244352082,0.1408
-183.86329811240657,0.1409
-183.8595708879525,0.141
-183.55530859462692,0.1411
-183.4455636599183,0.1412
-183.4429659176847,0.1413
-183.43435279330293,0.1414
-183.344579833051,0.1415
-183.34246209971383,0.1416
-183.26256902929748,0.1417
-183.21567962221485,0.1418
-183.0443573074924,0.1419
-183.01797328982855,0.142
-182.9266403306892,0.1421
-182.88526253619492,0.1422
-182.80671863431166,0.1423
-182.71846716541592,0.1424
-182.69062998219187,0.1425
-182.6767841551395,0.1426
-182.54550470679698,0.1427
-182.46306791413872,0.1428
-182.35598128566295,0.1429
-182.33804762372802,0.143
-182.31652204451115,0.1431
-182.2765891948888,0.1432
-182.19042315555808,0.1433
-182.1619243604565,0.1434
-182.14397954289578,0.1435
-182.13933630165064,0.1436
-181.7759097981671,0.1437
-181.7096892013658,0.1438
-181.5761806448592,0.1439
-181.47420696871225,0.144
-181.44634894461723,0.1441
-181.37859012151975,0.1442
-181.27769466030097,0.1443
-181.23818164687845,0.1444
-180.9710202408338,0.1445
-180.88635455642137,0.1446
-180.85378440172653,0.1447
-180.74824968627934,0.1448
-180.73308212039953,0.1449
-180.69008885241374,0.145
-180.53072147290294,0.1451
-180.52879031317272,0.1452
-180.52517223130985,0.1453
-180.38590021668819,0.1454
-180.33125149238276,0.1455
-180.186806293964,0.1456
-180.13938772906326,0.1457
-180.0787664684333,0.1458
-180.00327877600174,0.1459
-179.85240543648655,0.146
-179.84234475789927,0.1461
-179.63822933237645,0.1462
-179.60498801329788,0.1463
-179.53182774842048,0.1464
-179.51408973452521,0.1465
-179.4588298478184,0.1466
-179.2118702185301,0.1467
-179.11887933142,0.1468
-179.07119503052962,0.1469
-178.974878408763,0.147
-178.78881168319674,0.1471
-178.57496669468338,0.1472
-178.4262162917886,0.1473
-178.39794836079517,0.1474
-178.29613620270302,0.1475
-178.22610273553505,0.1476
-178.1317562540226,0.1477
-178.04463117789737,0.1478
-177.91862066839707,0.1479
-177.72950362084973,0.148
-177.4484868469253,0.1481
-177.29972917170323,0.1482
-176.99817226110306,0.1483
-176.95503269561527,0.1484
-176.85476421212476,0.1485
-176.6924058587212,0.1486
-176.65559225976637,0.1487
-176.48401327844857,0.1488
-176.4528233226681,0.1489
-176.35123134175186,0.149
-176.31279592941854,0.1491
-176.1714517962437,0.1492
-175.87734743075424,0.1493
-175.73242006681656,0.1494
-175.28922563860343,0.1495
-175.02788203100747,0.1496
-174.97540552701204,0.1497
-174.96553071864656,0.1498
-174.8247603236489,0.1499
-174.63989262047465,0.15
-174.50546512475387,0.1501
-174.5009917025592,0.1502
-173.92517434995491,0.1503
-173.44705143529194,0.1504
-173.44130777258854,0.1505
-173.19638316237126,0.1506
-172.92826545924936,0.1507
-172.26092748853713,0.1508
-172.09930812543237,0.1509
-172.0316854194846,0.151
-172.0226442303663,0.1511
-171.95444786361753,0.1512
-171.75313751932774,0.1513
-171.65598178564758,0.1514
-171.6039933236517,0.1515
-171.44203540845643,0.1516
-171.41919738231283,0.1517
-171.39369869370105,0.1518
-171.16863286939207,0.1519
-170.8301454344561,0.152
-170.63548396186772,0.1521
-170.5871429877445,0.1522
-170.23959868060854,0.1523
-170.13632555249202,0.1524
-169.62359803226644,0.1525
-169.60389094933885,0.1526
-169.33183189461155,0.1527
-169.23279878129136,0.1528
-169.06779641091245,0.1529
-169.016328821473,0.153
-168.926499604032,0.1531
-168.68791195771507,0.1532
-168.4624079405978,0.1533
-168.32928018529785,0.1534
-167.9802633911386,0.1535
-167.6208207935192,0.1536
-167.16694008097124,0.1537
-166.5870102684522,0.1538
-166.25045935377776,0.1539
-165.33937008028718,0.154
-165.29373342186008,0.1541
-164.92299813989771,0.1542
-164.90395430068895,0.1543
-164.72801439755335,0.1544
-164.57490952283405,0.1545
-163.84668409793244,0.1546
-163.82890256672277,0.1547
-163.8231487379519,0.1548
-163.80679771761186,0.1549
-163.78030222431943,0.155
-163.74406030260974,0.1551
-163.7423022661578,0.1552
-163.73470503817293,0.1553
-163.70414549859575,0.1554
-163.70017587130332,0.1555
-163.6988610399019,0.1556
-163.6799069746621,0.1557
-163.61239469245487,0.1558
-163.53003658454548,0.1559
-163.41754831255935,0.156
-163.34546390773914,0.1561
-163.2733800053982,0.1562
-163.25717685253602,0.1563
-163.21591208944562,0.1564
-163.11567249405422,0.1565
-162.9508668855265,0.1566
-162.7958958837431,0.1567
-162.76986225689407,0.1568
-162.67048196313698,0.1569
-162.58467867483606,0.157
-162.4943340354219,0.1571
-162.33837887538817,0.1572
-162.21755750373694,0.1573
-162.16199507905247,0.1574
-162.15035223699192,0.1575
-162.12527378227674,0.1576
-162.0618529525226,0.1577
-162.05329152301366,0.1578
-161.9966204413185,0.1579
-161.94941190133522,0.158
-161.90646745484077,0.1581
-161.57415883689038,0.1582
-161.47757235256879,0.1583
-161.33509522049815,0.1584
-161.31124085785,0.1585
-161.1342046117993,0.1586
-161.1282253051793,0.1587
-160.94113969100414,0.1588
-160.84367561270074,0.1589
-160.73502709375865,0.159
-160.6100258494027,0.1591
-159.97151359023528,0.1592
-159.76363190045393,0.1593
-159.62666993119754,0.1594
-159.50565125865154,0.1595
-159.38695951791962,0.1596
-159.33931302304455,0.1597
-159.29727218771316,0.1598
-159.2426817805577,0.1599
-158.98242835605964,0.16
-158.59463588650712,0.1601
-158.40785057180486,0.1602
-158.39032250971962,0.1603
-158.2543805036623,0.1604
-158.09378201620243,0.1605
-158.09242927136773,0.1606
-158.08820779482014,0.1607
-157.77805062433293,0.1608
-157.53833698113897,0.1609
-157.3286266656097,0.161
-156.7605357528692,0.1611
-156.70786316742266,0.1612
-156.66624312446677,0.1613
-156.64143747846893,0.1614
-156.63172851052173,0.1615
-156.34311640502733,0.1616
-155.37306012560092,0.1617
-155.19156255734302,0.1618
-154.94261251665617,0.1619
-154.8479691313017,0.162
-154.78376211593263,0.1621
-154.67797348194532,0.1622
-154.3234136636924,0.1623
-153.93752700917796,0.1624
-153.5596696660988,0.1625
-153.40755874849708,0.1626
-153.39380655129085,0.1627
-153.36648616928792,0.1628
-153.3528241965521,0.1629
-153.31682834647748,0.163
-153.1382969079388,0.1631
-152.44537620127386,0.1632
-152.3920323368704,0.1633
-152.2749815631736,0.1634
-152.18473299366346,0.1635
-151.9089849425275,0.1636
-151.89087114922702,0.1637
-151.69778011628574,0.1638
-151.58294682494738,0.1639
-151.51239962630888,0.164
-151.388113806203,0.1641
-151.16036771937664,0.1642
-151.06109863835255,0.1643
-150.91821222156324,0.1644
-150.31565934277737,0.1645
-150.09692762273085,0.1646
-149.8453907472078,0.1647
-149.820720852576,0.1648
-149.32724783678836,0.1649
-148.49067636208275,0.165
-148.38818272517975,0.1651
-148.17772014978698,0.1652
-147.68869291808997,0.1653
-147.6281627640579,0.1654
-147.6095511098765,0.1655
-147.4504448791247,0.1656
-147.4109329045016,0.1657
-147.3808471459605,0.1658
-147.37741372493934,0.1659
-147.24867810939142,0.166
-147.1177980008442,0.1661
-146.81990998267307,0.1662
-146.7872860957425,0.1663
-146.71993786956818,0.1664
-146.3954278829571,0.1665
-146.31756981713772,0.1666
-146.2148396048378,0.1667
-146.21226579897606,0.1668
-145.5529748736378,0.1669
-145.33419962708018,0.167
-144.31944387261532,0.1671
-144.3002002038965,0.1672
-143.4415372290319,0.1673
-143.44086544256842,0.1674
-143.33956472775526,0.1675
-143.1254894951109,0.1676
-142.64076328880898,0.1677
-142.20807357728742,0.1678
-141.83512649625277,0.1679
-141.68295624210796,0.168
-141.18440644646495,0.1681
-140.4380127217341,0.1682
-139.72938669299631,0.1683
-139.70255920021515,0.1684
-138.80633303043356,0.1685
-138.5968255508294,0.1686
-138.03353823120483,0.1687
-137.4823976766128,0.1688
-137.37111383764426,0.1689
-136.8929579335954,0.169
-135.3132101488834,0.1691
-135.1299999785278,0.1692
-134.81933257542215,0.1693
-134.7316632715175,0.1694
-134.01354039566422,0.1695
-133.93043261477314,0.1696
-133.10669030464757,0.1697
-132.99023914003203,0.1698
-132.8735598527197,0.1699
-132.2638906351222,0.17
-131.57845363763144,0.1701
-130.6209068334127,0.1702
-130.42349000542967,0.1703
-130.2510550032947,0.1704
-129.2486070220992,0.1705
-128.7114702980898,0.1706
-128.70965519391558,0.1707
-128.6093834787827,0.1708
-128.60418291004282,0.1709
-128.5531568180833,0.171
-128.54138232825602,0.1711
-128.5096098195104,0.1712
-128.44317287608962,0.1713
-128.38931969292554,0.1714
-128.33537786245458,0.1715
-128.12545786552337,0.1716
-128.02983657835296,0.1717
-127.9419924582014,0.1718
-127.71924032536428,0.1719
-127.71248908008207,0.172
-127.68808935318198,0.1721
-127.41287953934687,0.1722
-127.37339639748427,0.1723
-127.31562690592725,0.1724
-127.19760170958284,0.1725
-127.14890645172223,0.1726
-126.94721580767762,0.1727
-126.94427272199673,0.1728
-126.94359964581338,0.1729
-126.73229330767263,0.173
-126.60388073009214,0.1731
-126.50690146854109,0.1732
-126.4489529403573,0.1733
-126.37651629864217,0.1734
-126.19016754751428,0.1735
-125.9577660756625,0.1736
-125.36652256907337,0.1737
-125.35626031203661,0.1738
-125.27637754486948,0.1739
-125.21471500673162,0.174
-124.55825941926558,0.1741
-124.55454940226039,0.1742
-124.44802287241743,0.1743
-124.30063991512303,0.1744
-124.29541016330401,0.1745
-124.02615649058185,0.1746
-124.00371017125752,0.1747
-123.786949517587,0.1748
-123.77971297086086,0.1749
-123.55183402986917,0.175
-123.41689314253667,0.1751
-123.28628807263094,0.1752
-123.22462804635352,0.1753
-122.99249837059153,0.1754
-122.92563753635324,0.1755
-122.61715577731188,0.1756
-122.59777280784454,0.1757
-122.51827277195734,0.1758
-122.43243187534995,0.1759
-122.35504053545856,0.176
-122.22225045811813,0.1761
-122.16776142175739,0.1762
-121.94798444536534,0.1763
-121.74646964150854,0.1764
-121.72677248201984,0.1765
-121.72459809325542,0.1766
-121.7040089699162,0.1767
-121.38134441736675,0.1768
-121.35504318612628,0.1769
-121.10067937135604,0.177
-121.00210136661828,0.1771
-120.94075732029808,0.1772
-120.8856298251113,0.1773
-120.87168261378147,0.1774
-120.71650105448141,0.1775
-120.6434219285345,0.1776
-120.48713670044262,0.1777
-120.43299307561368,0.1778
-120.43030754339975,0.1779
-120.21686133725363,0.178
-120.09687512192278,0.1781
-119.81966399898621,0.1782
-119.79322660617083,0.1783
-119.7723399379529,0.1784
-119.74256942276189,0.1785
-119.51403454998508,0.1786
-119.32993948785048,0.1787
-119.29951832103636,0.1788
-119.15320650755073,0.1789
-118.94282016632613,0.179
-118.9324370497426,0.1791
-118.7399169847628,0.1792
-118.64390917622801,0.1793
-118.64293167246078,0.1794
-118.62520590096042,0.1795
-118.53392983811852,0.1796
-118.41364190045353,0.1797
-118.27001835204307,0.1798
-118.22372932170313,0.1799
-118.16855974931288,0.18
-118.1217079794446,0.1801
-118.05788854283374,0.1802
-117.96958155062887,0.1803
-117.90023577572575,0.1804
-117.75544026121646,0.1805
-117.6741079339195,0.1806
-117.55780619631746,0.1807
-117.51689379044211,0.1808
-117.42245300981813,0.1809
-117.19929128493071,0.181
-117.17613840270117,0.1811
-117.14861191663984,0.1812
-117.14384790780748,0.1813
-116.99512301595118,0.1814
-116.98940935121253,0.1815
-116.88610533824246,0.1816
-116.85503994015883,0.1817
-116.78468521117921,0.1818
-116.65897585351412,0.1819
-116.62108018871879,0.182
-116.44199605141488,0.1821
-116.30586247780937,0.1822
-116.23843361942488,0.1823
-115.85699697216656,0.1824
-115.73556586527509,0.1825
-115.67719727196581,0.1826
-115.644110602526,0.1827
-115.59462461918443,0.1828
-115.59211735827196,0.1829
-115.41216580742096,0.183
-115.3861671076281,0.1831
-115.25853604850191,0.1832
-115.093796897077,0.1833
-114.93978654411156,0.1834
-114.92475573039296,0.1835
-114.90063360122126,0.1836
-114.8283234066125,0.1837
-114.80606190723219,0.1838
-114.73912030347623,0.1839
-114.67614010947402,0.184
-114.66098370797894,0.1841
-114.58125031508561,0.1842
-114.57459554724413,0.1843
-114.45457969209941,0.1844
-114.45276594457161,0.1845
-114.39240886019226,0.1846
-114.33691839352399,0.1847
-114.32021926205884,0.1848
-114.16562919433525,0.1849
-114.04583488175497,0.185
-113.92551662263665,0.1851
-113.92279843361918,0.1852
-113.92153280442712,0.1853
-113.91903471785298,0.1854
-113.83107059538793,0.1855
-113.7449719181342,0.1856
-113.64967523399424,0.1857
-113.64388747556563,0.1858
-113.6046939474495,0.1859
-113.59407268958222,0.186
-113.57895632479638,0.1861
-113.56059210617597,0.1862
-113.52508829892818,0.1863
-113.31484365221206,0.1864
-113.2958927165482,0.1865
-113.14394517600722,0.1866
-113.11021945113428,0.1867
-113.10927739136572,0.1868
-113.01219887308832,0.1869
-113.00667133663651,0.187
-112.99734680625181,0.1871
-112.93790074559953,0.1872
-112.88486718238183,0.1873
-112.83740066055451,0.1874
-112.83321438437383,0.1875
-112.8206676478166,0.1876
-112.72937099434435,0.1877
-112.68571914697978,0.1878
-112.6854567612892,0.1879
-112.62697281646058,0.188
-112.59761664899774,0.1881
-112.55939274747612,0.1882
-112.50908801792505,0.1883
-112.50136930348147,0.1884
-112.43893659885283,0.1885
-112.40645988415012,0.1886
-112.39075963441077,0.1887
-112.34989701107499,0.1888
-112.34180037245284,0.1889
-112.32701201957761,0.189
-112.29996819903161,0.1891
-112.24906237878072,0.1892
-112.21669666794035,0.1893
-112.21414214542322,0.1894
-112.111086661911,0.1895
-112.10584082270917,0.1896
-112.06415892743058,0.1897
-112.02272727097328,0.1898
-111.95822630955576,0.1899
-111.92303236614819,0.19
-111.91944329627437,0.1901
-111.84760178536122,0.1902
-111.82911321210133,0.1903
-111.82318361681048,0.1904
-111.80661461698526,0.1905
-111.79072757695894,0.1906
-111.7843896883767,0.1907
-111.69146139196027,0.1908
-111.64835638284497,0.1909
-111.6334777794754,0.191
-111.60375700484421,0.1911
-111.53877182889264,0.1912
-111.44282644401808,0.1913
-111.40465160473791,0.1914
-111.3903094326848,0.1915
-111.3489899948096,0.1916
-111.34835597636345,0.1917
-111.27650250835997,0.1918
-111.21101013818065,0.1919
-111.19218280956689,0.192
-111.19042345858942,0.1921
-111.17372531852143,0.1922
-111.16768384971246,0.1923
-111.12558173961173,0.1924
-111.0487217848951,0.1925
-110.95646701926272,0.1926
-110.94377536516208,0.1927
-110.89056161480154,0.1928
-110.83160075607617,0.1929
-110.82315441509131,0.193
-110.81891827036236,0.1931
-110.77907162636873,0.1932
-110.61859219172354,0.1933
-110.61090517853499,0.1934
-110.60142469441593,0.1935
-110.55540144437309,0.1936
-110.53114633005987,0.1937
-110.51778316325024,0.1938
-110.42278492488377,0.1939
-110.39931928086858,0.194
-110.37562317081372,0.1941
-110.32384274610708,0.1942
-110.29872735278103,0.1943
-110.22181761200464,0.1944
-110.2091259632336,0.1945
-110.18891679773984,0.1946
-110.1819195109682,0.1947
-110.13494614275153,0.1948
-110.13339702526441,0.1949
-110.12482570398878,0.195
-110.11916574069764,0.1951
-110.10145454896707,0.1952
-110.08148606801797,0.1953
-110.03110275772531,0.1954
-110.02943400955871,0.1955
-110.01595577001888,0.1956
-110.00063566350379,0.1957
-109.9668359415138,0.1958
-109.94531652035508,0.1959
-109.94453315335754,0.196
-109.94193633272815,0.1961
-109.9102627063725,0.1962
-109.90494547285996,0.1963
-109.8973374363728,0.1964
-109.89381637067068,0.1965
-109.81543051634543,0.1966
-109.8125724016497,0.1967
-109.80501340941879,0.1968
-109.76913838332985,0.1969
-109.76191006102208,0.197
-109.67042859862427,0.1971
-109.66277256348003,0.1972
-109.64352715320197,0.1973
-109.62630955516454,0.1974
-109.58576755424644,0.1975
-109.55817665224374,0.1976
-109.55015834505446,0.1977
-109.5248105521543,0.1978
-109.4983100437725,0.1979
-109.4585270955233,0.198
-109.37649475998786,0.1981
-109.36881479568574,0.1982
-109.36109169575964,0.1983
-109.35182265470604,0.1984
-109.25232416707966,0.1985
-109.08331206023283,0.1986
-109.06889187734407,0.1987
-109.04803689305913,0.1988
-109.00868672243934,0.1989
-109.0010700919358,0.199
-108.97764648986477,0.1991
-108.9371452795392,0.1992
-108.87789088011216,0.1993
-108.87047646505032,0.1994
-108.83885710751655,0.1995
-108.82152240873798,0.1996
-108.8211292924268,0.1997
-108.81428155698384,0.1998
-108.76075880785379,0.1999
-108.71729634442144,0.2
-108.66483262881543,0.2001
-108.6583463665068,0.2002
-108.61830331524182,0.2003
-108.58140569285545,0.2004
-108.48930427032765,0.2005
-108.48606537477859,0.2006
-108.47305272565316,0.2007
-108.46688961224203,0.2008
-108.43281361689475,0.2009
-108.41321247404628,0.201
-108.37087244013007,0.2011
-108.36888816046323,0.2012
-108.34888191981297,0.2013
-108.2828779081242,0.2014
-108.24396560096275,0.2015
-108.1800852878796,0.2016
-108.09642574247587,0.2017
-108.0899655244628,0.2018
-108.07417812589333,0.2019
-108.04116068121252,0.202
-108.01768878829739,0.2021
-107.9868735447673,0.2022
-107.92254265674744,0.2023
-107.9116435625134,0.2024
-107.89834574340115,0.2025
-107.89252598991469,0.2026
-107.85350275557916,0.2027
-107.84213881569337,0.2028
-107.82978664839156,0.2029
-107.75758300337941,0.203
-107.71169153689704,0.2031
-107.686469878993,0.2032
-107.68342603233846,0.2033
-107.67447439689766,0.2034
-107.6140302614687,0.2035
-107.61290273646154,0.2036
-107.56938437060546,0.2037
-107.56039596580659,0.2038
-107.54848271618896,0.2039
-107.54251293773503,0.204
-107.54067006338015,0.2041
-107.52761521790866,0.2042
-107.52046009378415,0.2043
-107.40796242979391,0.2044
-107.3976159389356,0.2045
-107.3601448260635,0.2046
-107.30131957127918,0.2047
-107.26737731535025,0.2048
-107.21384338006693,0.2049
-107.01882909709495,0.205
-107.01741962109637,0.2051
-106.95648052239585,0.2052
-106.94385175406319,0.2053
-106.94328016108814,0.2054
-106.91934978712295,0.2055
-106.90060802122932,0.2056
-106.87004713486861,0.2057
-106.79182835846525,0.2058
-106.73576519169751,0.2059
-106.72833676513638,0.206
-106.70171236838009,0.2061
-106.68956171594411,0.2062
-106.68272109431028,0.2063
-106.60868815821799,0.2064
-106.55735522483569,0.2065
-106.5070460287718,0.2066
-106.50049030732958,0.2067
-106.45997651315128,0.2068
-106.44148400339148,0.2069
-106.42379123081807,0.207
-106.40027607116419,0.2071
-106.35362313694189,0.2072
-106.33140558227691,0.2073
-106.31454713124727,0.2074
-106.29274473034255,0.2075
-106.29054834247603,0.2076
-106.29051697325446,0.2077
-106.27886206406635,0.2078
-106.27550938152577,0.2079
-106.27261172867435,0.208
-106.2652957037285,0.2081
-106.25725291128215,0.2082
-106.25692974495198,0.2083
-106.25415598095375,0.2084
-106.24575593023783,0.2085
-106.24543214397094,0.2086
-106.22822270119637,0.2087
-106.22544321959597,0.2088
-106.20843594440649,0.2089
-106.1746194427276,0.209
-106.14529112652372,0.2091
-106.1229005494911,0.2092
-106.10186409733481,0.2093
-106.08797058609164,0.2094
-106.06735825796704,0.2095
-106.02409204437323,0.2096
-106.0225517095996,0.2097
-105.99091557869707,0.2098
-105.95182176447567,0.2099
-105.93516787164043,0.21
-105.9303487953078,0.2101
-105.91661873898971,0.2102
-105.90538842675294,0.2103
-105.88834557657894,0.2104
-105.86020854689181,0.2105
-105.81246921053324,0.2106
-105.79943427326437,0.2107
-105.79340030605141,0.2108
-105.77867779262102,0.2109
-105.77687526791095,0.211
-105.73049638063983,0.2111
-105.72571532131936,0.2112
-105.68809253352639,0.2113
-105.68341240834445,0.2114
-105.64629287188072,0.2115
-105.63802160160449,0.2116
-105.63209121067095,0.2117
-105.63076328428629,0.2118
-105.627592223675,0.2119
-105.61334038030729,0.212
-105.58633620090895,0.2121
-105.57655425208341,0.2122
-105.56204319825599,0.2123
-105.53122135306951,0.2124
-105.52273916786088,0.2125
-105.50226421180051,0.2126
-105.50023404162322,0.2127
-105.489520521209,0.2128
-105.48552166592312,0.2129
-105.46678615625203,0.213
-105.4553975808069,0.2131
-105.45463953620774,0.2132
-105.45351330335754,0.2133
-105.44827539916375,0.2134
-105.44590455894414,0.2135
-105.42167614983471,0.2136
-105.42061174380667,0.2137
-105.41754122709168,0.2138
-105.4006175077647,0.2139
-105.39048569997009,0.214
-105.3849069817599,0.2141
-105.37536410211474,0.2142
-105.34962104225177,0.2143
-105.33390128559117,0.2144
-105.30514149071779,0.2145
-105.30297730075121,0.2146
-105.28927965482455,0.2147
-105.28095560510923,0.2148
-105.26181100848802,0.2149
-105.23988608937768,0.215
-105.23199909150414,0.2151
-105.20022455426454,0.2152
-105.19598084452636,0.2153
-105.17434097136577,0.2154
-105.17377164700943,0.2155
-105.16994021379183,0.2156
-105.16133326165564,0.2157
-105.15142501236666,0.2158
-105.12989914827907,0.2159
-105.11415083019547,0.216
-105.0776780189367,0.2161
-105.07656034707911,0.2162
-105.07203413063978,0.2163
-105.06136031769178,0.2164
-105.05716184117144,0.2165
-105.0555694667643,0.2166
-105.04947811439261,0.2167
-105.04003022191877,0.2168
-105.03347934588213,0.2169
-105.021586103536,0.217
-105.00912783485167,0.2171
-104.98827118228841,0.2172
-104.96254601862636,0.2173
-104.95957937990222,0.2174
-104.93554209327418,0.2175
-104.91061181590577,0.2176
-104.90812677118592,0.2177
-104.90223408310992,0.2178
-104.8952681399105,0.2179
-104.84357084722686,0.218
-104.81344074631055,0.2181
-104.75939232270662,0.2182
-104.73547112368959,0.2183
-104.72813228522614,0.2184
-104.72775459003931,0.2185
-104.699052597153,0.2186
-104.68695093978307,0.2187
-104.68249446190335,0.2188
-104.6472743470395,0.2189
-104.63872649590894,0.219
-104.61680226109902,0.2191
-104.60761957312393,0.2192
-104.58034541489499,0.2193
-104.54562212715764,0.2194
-104.53490308787153,0.2195
-104.53315658906605,0.2196
-104.51804733919744,0.2197
-104.51535944855416,0.2198
-104.50528921102193,0.2199
-104.49327062674091,0.22
-104.48428108774853,0.2201
-104.42961298961322,0.2202
-104.41369444664046,0.2203
-104.41257406439502,0.2204
-104.39867645321023,0.2205
-104.39757308879736,0.2206
-104.3972141952753,0.2207
-104.38990213366822,0.2208
-104.370386379057,0.2209
-104.27677466610876,0.221
-104.27044972815345,0.2211
-104.2686987869043,0.2212
-104.25021585406976,0.2213
-104.23207242180128,0.2214
-104.2016076760536,0.2215
-104.1702085333744,0.2216
-104.17003051008936,0.2217
-104.13156196831929,0.2218
-104.09428287024797,0.2219
-104.08416171544307,0.222
-104.08382368291561,0.2221
-104.08177073338386,0.2222
-104.0785763104299,0.2223
-104.06090742337945,0.2224
-104.05855279390383,0.2225
-104.05281190473531,0.2226
-104.02422879995463,0.2227
-103.98544561009463,0.2228
-103.92696142160706,0.2229
-103.923382032438,0.223
-103.92199064172469,0.2231
-103.90015448472573,0.2232
-103.89940683820099,0.2233
-103.89474496297203,0.2234
-103.8923830658989,0.2235
-103.86094760027416,0.2236
-103.85815112754385,0.2237
-103.8276851301465,0.2238
-103.82567257676367,0.2239
-103.82422516604029,0.224
-103.82178466120939,0.2241
-103.81722705903184,0.2242
-103.79253091022652,0.2243
-103.73171418577077,0.2244
-103.70936468427385,0.2245
-103.70029208453447,0.2246
-103.6886030286936,0.2247
-103.67545674988011,0.2248
-103.64275187124218,0.2249
-103.64248945051618,0.225
-103.64073883238378,0.2251
-103.63607948616146,0.2252
-103.60123101696092,0.2253
-103.60013635860291,0.2254
-103.57939541148488,0.2255
-103.53595795979518,0.2256
-103.53215531575866,0.2257
-103.50568962079194,0.2258
-103.48562538449524,0.2259
-103.45937994486874,0.226
-103.41896278808787,0.2261
-103.40110952802785,0.2262
-103.40032857455034,0.2263
-103.35462548827024,0.2264
-103.34687239350117,0.2265
-103.32599841044528,0.2266
-103.30300902014076,0.2267
-103.29530491865799,0.2268
-103.26927723057177,0.2269
-103.24392764506284,0.227
-103.21444327383655,0.2271
-103.20889465950279,0.2272
-103.1987676165564,0.2273
-103.11378223866838,0.2274
-103.08797642078605,0.2275
-103.08269801536947,0.2276
-102.95803938114214,0.2277
-102.91166958150323,0.2278
-102.72938904543649,0.2279
-102.72463454957922,0.228
-102.70303311275522,0.2281
-102.65200169906299,0.2282
-102.6504879471559,0.2283
-102.58893698690608,0.2284
-102.58078002765718,0.2285
-102.56994639089592,0.2286
-102.53520467957294,0.2287
-102.52787180285695,0.2288
-102.48799698187484,0.2289
-102.43985481163095,0.229
-102.41151352030319,0.2291
-102.38854814025089,0.2292
-102.35137914930377,0.2293
-102.31487857919298,0.2294
-102.29665424510054,0.2295
-102.23770571124162,0.2296
-102.2322462224625,0.2297
-102.22823220122028,0.2298
-102.21569024103918,0.2299
-102.21568512381631,0.23
-102.15325376410092,0.2301
-102.13950827600657,0.2302
-102.13581554747316,0.2303
-102.11543375075291,0.2304
-102.10826822445877,0.2305
-102.10678654642943,0.2306
-102.09194533823971,0.2307
-102.07938689459132,0.2308
-102.05657170429453,0.2309
-102.00435573422816,0.231
-101.9718463095244,0.2311
-101.94060026108977,0.2312
-101.92874452168829,0.2313
-101.92844966540169,0.2314
-101.91542406786623,0.2315
-101.912356041779,0.2316
-101.90054797257278,0.2317
-101.82081168172526,0.2318
-101.79213878131603,0.2319
-101.77708581808247,0.232
-101.77230056311208,0.2321
-101.76221511514893,0.2322
-101.75390287382434,0.2323
-101.72624281249921,0.2324
-101.70107830687128,0.2325
-101.69770938923583,0.2326
-101.68124717046413,0.2327
-101.64876683338694,0.2328
-101.64333109173756,0.2329
-101.62090059057809,0.233
-101.60634836056809,0.2331
-101.56830543963963,0.2332
-101.55537429075501,0.2333
-101.52671800159308,0.2334
-101.48948995664176,0.2335
-101.44406919835527,0.2336
-101.43650337804388,0.2337
-101.2984375960378,0.2338
-101.25402621672134,0.2339
-101.25046809478626,0.234
-101.21091300277784,0.2341
-101.17764284496177,0.2342
-101.17284857429266,0.2343
-101.14826674091965,0.2344
-101.14027680254243,0.2345
-101.1212884226473,0.2346
-101.11058668761663,0.2347
-101.01091736335121,0.2348
-100.98713241271433,0.2349
-100.96358663304952,0.235
-100.96341480927039,0.2351
-100.96328515711258,0.2352
-100.96081176354306,0.2353
-100.92065534063578,0.2354
-100.90491015566495,0.2355
-100.88972188604606,0.2356
-100.86914111448544,0.2357
-100.83843709724786,0.2358
-100.80976660780927,0.2359
-100.70305650047268,0.236
-100.61858066981453,0.2361
-100.60035658860113,0.2362
-100.58891664749588,0.2363
-100.58777300698608,0.2364
-100.58558536642062,0.2365
-100.56950589366333,0.2366
-100.55159535401017,0.2367
-100.482637765483,0.2368
-100.47358784212507,0.2369
-100.46681009109504,0.237
-100.46050193925947,0.2371
-100.43526038392056,0.2372
-100.41320227926671,0.2373
-100.40111631324794,0.2374
-100.2774355071198,0.2375
-100.26660245839729,0.2376
-100.23937791024296,0.2377
-100.21594293856937,0.2378
-100.19751033149137,0.2379
-100.17343117386697,0.238
-100.13849357464387,0.2381
-100.09858661456965,0.2382
-100.0921119389491,0.2383
-100.07614695924948,0.2384
-100.07015004295894,0.2385
-100.06822968752942,0.2386
-100.06734063194115,0.2387
-100.06161601391418,0.2388
-100.02352228059974,0.2389
-99.98398496121075,0.239
-99.90193812760691,0.2391
-99.84975670902244,0.2392
-99.84517513986378,0.2393
-99.8400403887419,0.2394
-99.69336886827497,0.2395
-99.64407269082366,0.2396
-99.64045633154736,0.2397
-99.6283130903067,0.2398
-99.62489265475571,0.2399
-99.61844575066789,0.24
-99.58864912701547,0.2401
-99.55475716422686,0.2402
-99.55066668677311,0.2403
-99.54711575482897,0.2404
-99.54008282062838,0.2405
-99.52921432290002,0.2406
-99.52467070960812,0.2407
-99.51095842761919,0.2408
-99.50118193165362,0.2409
-99.47665382749234,0.241
-99.42505683442391,0.2411
-99.37237238014637,0.2412
-99.33268725026826,0.2413
-99.2324071024943,0.2414
-99.17887335569932,0.2415
-99.12835398832819,0.2416
-99.06265090739224,0.2417
-99.03724876262973,0.2418
-99.03055268983002,0.2419
-98.95276074257083,0.242
-98.9401673678495,0.2421
-98.91607268152069,0.2422
-98.87780817861352,0.2423
-98.86313013517167,0.2424
-98.85012605374307,0.2425
-98.82273697797079,0.2426
-98.77878108218795,0.2427
-98.73092823809048,0.2428
-98.69583276784401,0.2429
-98.62741990344355,0.243
-98.60209471579975,0.2431
-98.55816848192624,0.2432
-98.50316761035862,0.2433
-98.50060164836961,0.2434
-98.49525381238107,0.2435
-98.45011963503063,0.2436
-98.3637249681318,0.2437
-98.32782629516515,0.2438
-98.20314386305698,0.2439
-98.1245264447432,0.244
-98.10537899119593,0.2441
-98.05783418323193,0.2442
-98.02895693714841,0.2443
-98.00942031805607,0.2444
-98.00845031492692,0.2445
-97.9852916961886,0.2446
-97.95747799402587,0.2447
-97.94451002147477,0.2448
-97.92530027247928,0.2449
-97.89959431690816,0.245
-97.8755175065143,0.2451
-97.85665405996554,0.2452
-97.7829123618247,0.2453
-97.76705882482976,0.2454
-97.71742943499834,0.2455
-97.70946230328624,0.2456
-97.6008328550864,0.2457
-97.59821054648178,0.2458
-97.59483897453043,0.2459
-97.5456179775914,0.246
-97.45821652777197,0.2461
-97.45146767921577,0.2462
-97.38448145976663,0.2463
-97.2239310093848,0.2464
-97.04796070671175,0.2465
-97.02052029093895,0.2466
-96.9990932823155,0.2467
-96.84988188338484,0.2468
-96.82561230629365,0.2469
-96.82498858764208,0.247
-96.79009933801144,0.2471
-96.74431957896928,0.2472
-96.7314265731016,0.2473
-96.73109055775944,0.2474
-96.67501989059039,0.2475
-96.65928231130596,0.2476
-96.64368664499914,0.2477
-96.63259384001753,0.2478
-96.629270522926,0.2479
-96.57314180575665,0.248
-96.56750312548186,0.2481
-96.56477261802591,0.2482
-96.53554851521683,0.2483
-96.53465212050247,0.2484
-96.44026324612406,0.2485
-96.43554333988818,0.2486
-96.4281449621979,0.2487
-96.40678825547303,0.2488
-96.37980883786268,0.2489
-96.35341131505108,0.249
-96.30121375908313,0.2491
-96.28203167992011,0.2492
-96.27588017580938,0.2493
-96.20463662081565,0.2494
-96.19785872823707,0.2495
-96.18972959871498,0.2496
-96.14246024400927,0.2497
-96.08966494079473,0.2498
-96.07108196205161,0.2499
-96.05643240698744,0.25
-96.0179047910625,0.2501
-95.9191588228004,0.2502
-95.86180763056836,0.2503
-95.8013349417476,0.2504
-95.71379274861589,0.2505
-95.69504247208461,0.2506
-95.68849415283779,0.2507
-95.67518023240642,0.2508
-95.61064971159678,0.2509
-95.60502656251175,0.251
-95.55987715983986,0.2511
-95.52567276727054,0.2512
-95.48359508003125,0.2513
-95.47470189333856,0.2514
-95.47019920247811,0.2515
-95.45092002855316,0.2516
-95.43084821993595,0.2517
-95.35574642067758,0.2518
-95.3485947616566,0.2519
-95.314081437077,0.252
-95.30996155658084,0.2521
-95.29670134674552,0.2522
-95.28209576937537,0.2523
-95.23467907653338,0.2524
-95.23453040913435,0.2525
-95.22432074929736,0.2526
-95.1335172071308,0.2527
-95.12299221822488,0.2528
-95.11393316827304,0.2529
-95.08948093150556,0.253
-95.0504338777326,0.2531
-95.04892436608858,0.2532
-95.01955742689073,0.2533
-94.98804012185931,0.2534
-94.95409242585357,0.2535
-94.94743777292277,0.2536
-94.93715163661781,0.2537
-94.91028236824758,0.2538
-94.81867338605932,0.2539
-94.78299324632212,0.254
-94.77071010784657,0.2541
-94.61881199060736,0.2542
-94.59958291109389,0.2543
-94.58421855339408,0.2544
-94.5806940638421,0.2545
-94.52917305947412,0.2546
-94.45480249385685,0.2547
-94.35710220321717,0.2548
-94.35111093502864,0.2549
-94.33927274864035,0.255
-94.32515190189406,0.2551
-94.30687332081627,0.2552
-94.29832360802833,0.2553
-94.27844666794836,0.2554
-94.2741843048757,0.2555
-94.19478140687066,0.2556
-94.18485095856636,0.2557
-94.14142671733369,0.2558
-94.12812208618278,0.2559
-94.12500968097838,0.256
-94.01137832462173,0.2561
-93.99625239858031,0.2562
-93.97763836328703,0.2563
-93.96296082304511,0.2564
-93.8511003228083,0.2565
-93.81312003216856,0.2566
-93.75812260574679,0.2567
-93.72193643225263,0.2568
-93.71340667525399,0.2569
-93.68653060521092,0.257
-93.67166624524444,0.2571
-93.63916472067834,0.2572
-93.59491088900118,0.2573
-93.5641957619967,0.2574
-93.55311157058048,0.2575
-93.44594893797525,0.2576
-93.44434277962334,0.2577
-93.37606592904832,0.2578
-93.30828367724493,0.2579
-93.30306947419642,0.258
-93.27130723190253,0.2581
-93.26937212303078,0.2582
-93.24438914007041,0.2583
-93.23683806000483,0.2584
-93.16428171067109,0.2585
-93.14512599346396,0.2586
-93.11783281537554,0.2587
-93.0424096402675,0.2588
-93.01245762080195,0.2589
-92.80739732232745,0.259
-92.78199881716631,0.2591
-92.78088141572253,0.2592
-92.73524213771579,0.2593
-92.69156828726288,0.2594
-92.59460022927131,0.2595
-92.55626456391829,0.2596
-92.55133943309784,0.2597
-92.51174798779132,0.2598
-92.44984482753611,0.2599
-92.33612159777357,0.26
-92.33217325987984,0.2601
-92.31531861273012,0.2602
-92.19135380456876,0.2603
-92.18580261991379,0.2604
-92.15517802972515,0.2605
-92.09588093544208,0.2606
-92.03943780637329,0.2607
-92.03017279680353,0.2608
-91.9841407981066,0.2609
-91.96873335236701,0.261
-91.9507828074118,0.2611
-91.92363553075621,0.2612
-91.84760117837973,0.2613
-91.83251141754724,0.2614
-91.69370875601992,0.2615
-91.66315822819452,0.2616
-91.65949608829563,0.2617
-91.38317391936184,0.2618
-91.37806362222881,0.2619
-91.37282936877757,0.262
-91.36134396917093,0.2621
-91.12432410166691,0.2622
-91.06812393623888,0.2623
-91.06551766941044,0.2624
-91.03436895776223,0.2625
-90.95106545847729,0.2626
-90.87892218177096,0.2627
-90.87564802163801,0.2628
-90.83248568509464,0.2629
-90.78970646384414,0.263
-90.68142852365187,0.2631
-90.62026876346934,0.2632
-90.56208863731884,0.2633
-90.5594757039005,0.2634
-90.47172365129627,0.2635
-90.38080911672935,0.2636
-90.37647245416176,0.2637
-90.35859177741874,0.2638
-90.27070011229553,0.2639
-90.20476500602364,0.264
-90.17858650644271,0.2641
-89.97053642124628,0.2642
-89.86729168479796,0.2643
-89.84004754676187,0.2644
-89.8195179022137,0.2645
-89.76288331753146,0.2646
-89.75375307327378,0.2647
-89.74216517235077,0.2648
-89.6555615979312,0.2649
-89.61054916266501,0.265
-89.60635203192086,0.2651
-89.59167359640786,0.2652
-89.58588597989231,0.2653
-89.4383045542255,0.2654
-89.3772517909702,0.2655
-89.33370119801052,0.2656
-89.30199287244156,0.2657
-89.27506320468561,0.2658
-89.27207662345376,0.2659
-89.26014814784509,0.266
-89.24363576012068,0.2661
-89.18171669054757,0.2662
-89.17527076725177,0.2663
-89.08428985415622,0.2664
-88.98283548928015,0.2665
-88.96691247964947,0.2666
-88.91881257811824,0.2667
-88.88729740424101,0.2668
-88.8656227852963,0.2669
-88.82638805192747,0.267
-88.81513765562958,0.2671
-88.74928438318,0.2672
-88.58591151117702,0.2673
-88.53123645886258,0.2674
-88.52740556276645,0.2675
-88.35381766576337,0.2676
-88.2726292938957,0.2677
-88.23659896163939,0.2678
-88.21675591169446,0.2679
-88.20662027270923,0.268
-88.11832341975662,0.2681
-87.99521905882564,0.2682
-87.99176882334201,0.2683
-87.98765944114999,0.2684
-87.89225526935272,0.2685
-87.85802041648142,0.2686
-87.82915902392084,0.2687
-87.82587722701467,0.2688
-87.7731688324729,0.2689
-87.73214622514024,0.269
-87.70113813803178,0.2691
-87.67086994548067,0.2692
-87.65419265134074,0.2693
-87.63239296023082,0.2694
-87.62965597357584,0.2695
-87.56448332155496,0.2696
-87.51966320372316,0.2697
-87.40245845451244,0.2698
-87.39674428201673,0.2699
-87.29442650968545,0.27
-87.18719647541381,0.2701
-87.12109019464627,0.2702
-87.04856236571204,0.2703
-86.81949983059764,0.2704
-86.68794995986448,0.2705
-86.61381001682709,0.2706
-86.57389798189513,0.2707
-86.56138955490273,0.2708
-86.55918486301712,0.2709
-86.54062429829538,0.271
-86.49955992284248,0.2711
-86.40802187554462,0.2712
-86.38165774254463,0.2713
-86.35076001583785,0.2714
-86.28396046759971,0.2715
-86.2666556867756,0.2716
-86.24844255701042,0.2717
-86.24466360909175,0.2718
-86.24148697967958,0.2719
-86.23623757082876,0.272
-86.07209709042218,0.2721
-86.04379589804522,0.2722
-85.9679916071294,0.2723
-85.80555780412107,0.2724
-85.65485390117355,0.2725
-85.63694932269529,0.2726
-85.62019348228966,0.2727
-85.58988389603421,0.2728
-85.53528482306152,0.2729
-85.50705696587971,0.273
-85.46325484008325,0.2731
-85.42008813507987,0.2732
-85.41076173623054,0.2733
-85.37490473136492,0.2734
-85.36409168352932,0.2735
-85.34409938620162,0.2736
-85.25186140223202,0.2737
-85.24886542237269,0.2738
-85.24886542237269,0.2739
-85.24886542237252,0.274
-85.24886542237252,0.2741
-85.24886542237252,0.2742
-85.24886542237252,0.2743
-85.24886542237252,0.2744
-85.24886542237252,0.2745
-85.24886542237252,0.2746
-85.24886542237252,0.2747
-85.24886542237252,0.2748
-85.24477234622799,0.2749
-85.22663369340934,0.275
-85.13718630554509,0.2751
-85.13395569016151,0.2752
-85.1314999085009,0.2753
-85.05398086601814,0.2754
-85.00267354929149,0.2755
-84.97833534833008,0.2756
-84.94181978039778,0.2757
-84.80473407887705,0.2758
-84.77831319219806,0.2759
-84.76809781985152,0.276
-84.72091612410918,0.2761
-84.68226269350946,0.2762
-84.65373542737123,0.2763
-84.62373236270528,0.2764
-84.53786080363672,0.2765
-84.38295988217016,0.2766
-84.30240420524497,0.2767
-84.24731105067413,0.2768
-84.21758013596087,0.2769
-84.14288495468628,0.277
-84.11151178089139,0.2771
-83.99383571989462,0.2772
-83.92767247537506,0.2773
-83.85878994878755,0.2774
-83.83267332676184,0.2775
-83.77170278177745,0.2776
-83.7467200503584,0.2777
-83.63978702569642,0.2778
-83.62816808460578,0.2779
-83.60268998943157,0.278
-83.58183903187773,0.2781
-83.5481631655505,0.2782
-83.53996916424242,0.2783
-83.46701005958356,0.2784
-83.46487308861965,0.2785
-83.44843840322812,0.2786
-83.4426322236687,0.2787
-83.43847119498888,0.2788
-83.41647172922715,0.2789
-83.39469629995376,0.279
-83.37272110777162,0.2791
-83.3463883595772,0.2792
-83.27426289258078,0.2793
-83.19209266912304,0.2794
-83.16710579040759,0.2795
-83.03984377318285,0.2796
-83.02043499844932,0.2797
-83.00743983059823,0.2798
-82.99333507623841,0.2799
-82.99144082910009,0.28
-82.97452236940227,0.2801
-82.97076677620412,0.2802
-82.96755986971483,0.2803
-82.92042593179717,0.2804
-82.70772479054705,0.2805
-82.67811420755163,0.2806
-82.66872181678916,0.2807
-82.64682192304916,0.2808
-82.64492342657448,0.2809
-82.59204959023484,0.281
-82.5639666001983,0.2811
-82.55769530875534,0.2812
-82.42278892392906,0.2813
-82.37370938300005,0.2814
-82.30422663739809,0.2815
-82.28791344595886,0.2816
-82.16494287098479,0.2817
-82.14803837616034,0.2818
-82.10630692542978,0.2819
-82.04669677495266,0.282
-81.98650291060545,0.2821
-81.86825325374677,0.2822
-81.81851051180288,0.2823
-81.75862926784083,0.2824
-81.71321658101529,0.2825
-81.6905755932536,0.2826
-81.68158848047777,0.2827
-81.66040674272105,0.2828
-81.6575578852933,0.2829
-81.57158528701216,0.283
-81.56351400662903,0.2831
-81.49820089055487,0.2832
-81.47822018250116,0.2833
-81.47766376160179,0.2834
-81.35058930578381,0.2835
-81.29922862215936,0.2836
-81.28922815102673,0.2837
-81.28032646984327,0.2838
-81.27413533364758,0.2839
-81.24336781441458,0.284
-81.16821959464625,0.2841
-81.12696047507711,0.2842
-81.1148567010075,0.2843
-80.97870962888636,0.2844
-80.93090018337165,0.2845
-80.90499390637167,0.2846
-80.888634548557,0.2847
-80.85051851597727,0.2848
-80.77391026596315,0.2849
-80.76495510248523,0.285
-80.69374906845168,0.2851
-80.68847294345386,0.2852
-80.6260408799244,0.2853
-80.52298240557053,0.2854
-80.48967851842175,0.2855
-80.48918288253769,0.2856
-80.39806978054196,0.2857
-80.39323057883102,0.2858
-80.2014612856254,0.2859
-80.04532354425228,0.286
-79.99737979891039,0.2861
-79.98391020901744,0.2862
-79.87603438870124,0.2863
-79.78270697584674,0.2864
-79.71114625335002,0.2865
-79.65704956607205,0.2866
-79.58114078183267,0.2867
-79.54205858608336,0.2868
-79.51196196369602,0.2869
-79.49205545455366,0.287
-79.45869233647194,0.2871
-79.45726994479689,0.2872
-79.42637708585448,0.2873
-79.37673548592515,0.2874
-79.36515646145605,0.2875
-79.34862301122062,0.2876
-79.33651645817643,0.2877
-79.32048975222986,0.2878
-79.29935848105289,0.2879
-79.23903972501512,0.288
-79.17940349312127,0.2881
-79.16811513116025,0.2882
-79.1368563340176,0.2883
-79.12965947397389,0.2884
-79.04902051091528,0.2885
-78.97522897107415,0.2886
-78.93827728988937,0.2887
-78.91413421481514,0.2888
-78.88816613558828,0.2889
-78.86060523494892,0.289
-78.82990727925431,0.2891
-78.82140959420762,0.2892
-78.77841817032099,0.2893
-78.77586378724686,0.2894
-78.75301032756194,0.2895
-78.73790760718956,0.2896
-78.698681543098,0.2897
-78.6547833960563,0.2898
-78.65452566538379,0.2899
-78.6117312208727,0.29
-78.60822040511482,0.2901
-78.5897434988253,0.2902
-78.56455043536984,0.2903
-78.39822519816532,0.2904
-78.38121389127747,0.2905
-78.37615233849772,0.2906
-78.33620939174165,0.2907
-78.26163021904044,0.2908
-78.2352242365025,0.2909
-78.22258431236894,0.291
-78.12930103191474,0.2911
-78.09498158676364,0.2912
-78.03055969640445,0.2913
-78.00965712680183,0.2914
-77.93176752129085,0.2915
-77.92118205825724,0.2916
-77.90159068122023,0.2917
-77.89504445107058,0.2918
-77.89181462126226,0.2919
-77.82701348561645,0.292
-77.80472518445738,0.2921
-77.79346720257698,0.2922
-77.75613257215844,0.2923
-77.72928790876531,0.2924
-77.71347097960356,0.2925
-77.69071797001176,0.2926
-77.64428726800364,0.2927
-77.60492155120912,0.2928
-77.6026514849659,0.2929
-77.58017637691721,0.293
-77.57135879232251,0.2931
-77.53658852560186,0.2932
-77.50057695200442,0.2933
-77.4920407495413,0.2934
-77.48910217482859,0.2935
-77.39013774537369,0.2936
-77.36192926845979,0.2937
-77.3601075537253,0.2938
-77.35995600191168,0.2939
-77.30461864283012,0.294
-77.23855956077463,0.2941
-77.21362478157431,0.2942
-77.20566034878773,0.2943
-77.12647292541006,0.2944
-77.09514939686656,0.2945
-77.06333796889409,0.2946
-77.00194403939807,0.2947
-76.98748992646003,0.2948
-76.93872626913974,0.2949
-76.90247992933467,0.295
-76.87464212528914,0.2951
-76.85223032231293,0.2952
-76.72888765378893,0.2953
-76.65806106846743,0.2954
-76.64522052457724,0.2955
-76.63617357331869,0.2956
-76.61996805362664,0.2957
-76.59344672514983,0.2958
-76.5894978761159,0.2959
-76.5690815603163,0.296
-76.5406726149302,0.2961
-76.46603255477584,0.2962
-76.35640343229417,0.2963
-76.33714512168058,0.2964
-76.30683776954841,0.2965
-76.2848062877629,0.2966
-76.28029733729196,0.2967
-76.16591727297605,0.2968
-76.15935480223486,0.2969
-76.12442184979693,0.297
-76.0948833066184,0.2971
-76.08613149519451,0.2972
-76.05447502610721,0.2973
-76.01677698409688,0.2974
-76.00853419002183,0.2975
-75.99175222693626,0.2976
-75.87780046668163,0.2977
-75.87694483064712,0.2978
-75.8672915924223,0.2979
-75.85347630671096,0.298
-75.8379496658612,0.2981
-75.80877115346883,0.2982
-75.744374281824,0.2983
-75.68392990143708,0.2984
-75.656938109551,0.2985
-75.64509323256314,0.2986
-75.61567548292204,0.2987
-75.61186844921447,0.2988
-75.55091365866774,0.2989
-75.49774642269314,0.299
-75.48656638794318,0.2991
-75.47452655144929,0.2992
-75.4615325714253,0.2993
-75.43466114587076,0.2994
-75.33434770556633,0.2995
-75.3242560621295,0.2996
-75.31480385696031,0.2997
-75.21016055899001,0.2998
-75.2039054229088,0.2999
-75.20245329495147,0.3
-75.13616072472837,0.3001
-75.13350230350159,0.3002
-75.1304168358624,0.3003
-75.10458398065418,0.3004
-75.07770202475861,0.3005
-75.0743851188574,0.3006
-75.06655957085118,0.3007
-75.02545903856605,0.3008
-74.99693586655334,0.3009
-74.938346940732,0.301
-74.92891635443718,0.3011
-74.86949247246532,0.3012
-74.82247059754842,0.3013
-74.81240413667,0.3014
-74.80984986745455,0.3015
-74.75964903250113,0.3016
-74.74193523537292,0.3017
-74.7263873609079,0.3018
-74.7165934956964,0.3019
-74.67350493715443,0.302
-74.66970186328422,0.3021
-74.62653895570672,0.3022
-74.60552042534873,0.3023
-74.55482648455873,0.3024
-74.54620820553787,0.3025
-74.47461156978011,0.3026
-74.45892072094456,0.3027
-74.39485996078866,0.3028
-74.36205006877762,0.3029
-74.3388795019431,0.303
-74.29468850211241,0.3031
-74.23372635189854,0.3032
-74.17693085745164,0.3033
-74.11823466864787,0.3034
-74.10715605524406,0.3035
-74.05883041544742,0.3036
-74.05839107836783,0.3037
-73.97506271128952,0.3038
-73.91289247007929,0.3039
-73.90648333685417,0.304
-73.88225295559577,0.3041
-73.84554533279166,0.3042
-73.79840611540898,0.3043
-73.7130999634009,0.3044
-73.68908731177449,0.3045
-73.6708490956489,0.3046
-73.64193356500118,0.3047
-73.60843457814268,0.3048
-73.57286675431637,0.3049
-73.54352348312214,0.305
-73.54278951707258,0.3051
-73.53726388505399,0.3052
-73.50769192259331,0.3053
-73.49700751078967,0.3054
-73.39797136039994,0.3055
-73.39100152902753,0.3056
-73.27894486327507,0.3057
-73.26859949369654,0.3058
-73.24867066504359,0.3059
-73.19750649810862,0.306
-73.1493785604166,0.3061
-73.14075361242705,0.3062
-73.12954571637214,0.3063
-73.05016112904251,0.3064
-73.03208187620753,0.3065
-72.97438615852184,0.3066
-72.95651521326826,0.3067
-72.89582638945207,0.3068
-72.83492525663506,0.3069
-72.7814160510797,0.307
-72.75613108235822,0.3071
-72.73470990354382,0.3072
-72.70742656270357,0.3073
-72.51760723441839,0.3074
-72.51411889947039,0.3075
-72.39775502277426,0.3076
-72.35989010641872,0.3077
-72.3209192942962,0.3078
-72.25328820582479,0.3079
-72.23412560456916,0.308
-72.04137286050319,0.3081
-71.99345555656961,0.3082
-71.85296955137979,0.3083
-71.81977460570242,0.3084
-71.80682546286788,0.3085
-71.76436214853526,0.3086
-71.64603410583045,0.3087
-71.5311194858294,0.3088
-71.41284485973678,0.3089
-71.4111864017699,0.309
-71.40179389551878,0.3091
-71.36127748432905,0.3092
-71.31689159397129,0.3093
-71.30145715390705,0.3094
-71.22626237234547,0.3095
-71.12454500485771,0.3096
-71.12233569378294,0.3097
-71.12082967422754,0.3098
-71.10528825006578,0.3099
-71.09809484001865,0.31
-71.08732354090084,0.3101
-71.00790560715106,0.3102
-71.00463247176522,0.3103
-70.93984788104669,0.3104
-70.92879981313664,0.3105
-70.88348563607074,0.3106
-70.74238771770075,0.3107
-70.73770159163959,0.3108
-70.71768505613953,0.3109
-70.6965650744388,0.311
-70.55381465690358,0.3111
-70.54592915375159,0.3112
-70.51258190519661,0.3113
-70.50277978747003,0.3114
-70.48405924340003,0.3115
-70.47603559930064,0.3116
-70.27743832480124,0.3117
-70.2695457047455,0.3118
-70.24562821438126,0.3119
-70.24053166113646,0.312
-70.23862870969418,0.3121
-70.14070658695735,0.3122
-70.05941244883685,0.3123
-69.90199412945509,0.3124
-69.88387373976764,0.3125
-69.86103561141492,0.3126
-69.84789388928655,0.3127
-69.77171404691337,0.3128
-69.76274268873817,0.3129
-69.76001728204153,0.313
-69.73342736392543,0.3131
-69.68721547962949,0.3132
-69.64263685900494,0.3133
-69.63527926360183,0.3134
-69.60285285897032,0.3135
-69.59760886479503,0.3136
-69.56600502103419,0.3137
-69.50965802574865,0.3138
-69.47084205822571,0.3139
-69.45729820878357,0.314
-69.454228835487,0.3141
-69.41348443909884,0.3142
-69.41315161228553,0.3143
-69.39426240989343,0.3144
-69.3477484173853,0.3145
-69.30323788009603,0.3146
-69.2811355716996,0.3147
-69.25354853961468,0.3148
-69.18856363820619,0.3149
-69.11114434715174,0.315
-69.08984686048069,0.3151
-69.0436889256198,0.3152
-68.99124275905919,0.3153
-68.93378143462763,0.3154
-68.8623168894183,0.3155
-68.83837509379052,0.3156
-68.80893923452925,0.3157
-68.79181603927333,0.3158
-68.78701934734397,0.3159
-68.7782190680001,0.316
-68.71224083052688,0.3161
-68.69258886559754,0.3162
-68.67750508553236,0.3163
-68.66822146848888,0.3164
-68.63270476578325,0.3165
-68.62299734859262,0.3166
-68.56011034728884,0.3167
-68.52033114189096,0.3168
-68.45548007379584,0.3169
-68.4547526515089,0.317
-68.35467314570526,0.3171
-68.35175913499222,0.3172
-68.33030760064162,0.3173
-68.32473318591192,0.3174
-68.31683863315583,0.3175
-68.31547714781222,0.3176
-68.28001487590093,0.3177
-68.26518852457552,0.3178
-68.25498777570502,0.3179
-68.23997758323102,0.318
-68.22497331991343,0.3181
-68.20755807232523,0.3182
-68.17770682547017,0.3183
-68.16652027736566,0.3184
-68.16325917993225,0.3185
-68.16309614944494,0.3186
-67.96233942912295,0.3187
-67.9242085476458,0.3188
-67.91604058067836,0.3189
-67.89404333498923,0.319
-67.86742233663816,0.3191
-67.86202367173618,0.3192
-67.85119599412083,0.3193
-67.83746121037119,0.3194
-67.8287324666176,0.3195
-67.82044929968902,0.3196
-67.8161030473372,0.3197
-67.77407495764233,0.3198
-67.76539209901654,0.3199
-67.74229527230449,0.32
-67.64906888307947,0.3201
-67.64241231919638,0.3202
-67.62809121807292,0.3203
-67.58183087958245,0.3204
-67.5755071267441,0.3205
-67.5331934691295,0.3206
-67.52730826190914,0.3207
-67.51496285606996,0.3208
-67.45683676528594,0.3209
-67.44364967105277,0.321
-67.43422764933892,0.3211
-67.4214576625526,0.3212
-67.40724646908399,0.3213
-67.37561613890975,0.3214
-67.3654494589243,0.3215
-67.35254712333045,0.3216
-67.34893393033668,0.3217
-67.32087542638703,0.3218
-67.31909963135497,0.3219
-67.29587156717182,0.322
-67.2886379116267,0.3221
-67.28062073458247,0.3222
-67.24933303339613,0.3223
-67.18969536491912,0.3224
-67.1599380609449,0.3225
-67.14119834685772,0.3226
-67.13856802598369,0.3227
-67.074551799546,0.3228
-67.05375734043326,0.3229
-67.0456962195255,0.323
-67.02324767745174,0.3231
-67.0042875915788,0.3232
-66.95339552014246,0.3233
-66.88446248303802,0.3234
-66.8204786277432,0.3235
-66.8141469747428,0.3236
-66.7352178073153,0.3237
-66.72679040443711,0.3238
-66.69057341807,0.3239
-66.6830392626386,0.324
-66.6275846977353,0.3241
-66.623465643787,0.3242
-66.5996488679737,0.3243
-66.58311954641155,0.3244
-66.55621512907668,0.3245
-66.54553915348649,0.3246
-66.43423374225311,0.3247
-66.4088234402705,0.3248
-66.37253259509616,0.3249
-66.36893173585236,0.325
-66.29872319080569,0.3251
-66.2658153739592,0.3252
-66.20254234603308,0.3253
-66.1588361795012,0.3254
-66.13846029193812,0.3255
-66.12051890154797,0.3256
-66.11461745629553,0.3257
-66.10182061737365,0.3258
-66.02587617106009,0.3259
-65.98277842484357,0.326
-65.97314104058593,0.3261
-65.91171094290372,0.3262
-65.90544588933736,0.3263
-65.90174666728359,0.3264
-65.89502602709122,0.3265
-65.88292487537154,0.3266
-65.85039213999548,0.3267
-65.84285333358831,0.3268
-65.84278903637995,0.3269
-65.82194210518524,0.327
-65.79614004587606,0.3271
-65.72319048505052,0.3272
-65.60732138174603,0.3273
-65.56988086264208,0.3274
-65.52587553234174,0.3275
-65.51907750996723,0.3276
-65.49716345456447,0.3277
-65.42033751944173,0.3278
-65.41473371623196,0.3279
-65.40324973363094,0.328
-65.36318787746858,0.3281
-65.29632425188125,0.3282
-65.29013536573183,0.3283
-65.2690227928523,0.3284
-65.2597849350486,0.3285
-65.2564365557883,0.3286
-65.2317423149882,0.3287
-65.17833524389826,0.3288
-65.16915213773325,0.3289
-65.16675753952637,0.329
-65.16475423892402,0.3291
-65.15041148478612,0.3292
-65.07260818994158,0.3293
-65.07127744324579,0.3294
-64.99172231019978,0.3295
-64.98485327551998,0.3296
-64.98182004172095,0.3297
-64.94388117383905,0.3298
-64.93024293089472,0.3299
-64.92905762102922,0.33
-64.92775348668937,0.3301
-64.8956198633818,0.3302
-64.88764440927581,0.3303
-64.85023701210172,0.3304
-64.81698879502285,0.3305
-64.79695731261113,0.3306
-64.79175666586049,0.3307
-64.7454858204903,0.3308
-64.6931432078734,0.3309
-64.69194896234646,0.331
-64.66891695228853,0.3311
-64.63540472534021,0.3312
-64.63077719901726,0.3313
-64.62012384312489,0.3314
-64.61209875523727,0.3315
-64.5897730312137,0.3316
-64.54358885265738,0.3317
-64.38711596722473,0.3318
-64.36646682123765,0.3319
-64.31106076169088,0.332
-64.30558852642645,0.3321
-64.29572221405283,0.3322
-64.27849861852508,0.3323
-64.21636366751791,0.3324
-64.1996331495177,0.3325
-64.17928454616126,0.3326
-64.12559909627586,0.3327
-64.12540046762601,0.3328
-64.11933447269517,0.3329
-64.10875390563142,0.333
-64.09212873865758,0.3331
-64.0887149958875,0.3332
-64.07109067377932,0.3333
-63.96698564871103,0.3334
-63.9260046080228,0.3335
-63.903602181153936,0.3336
-63.89404730827045,0.3337
-63.873596617884374,0.3338
-63.830829129711724,0.3339
-63.819718969895874,0.334
-63.77440130605177,0.3341
-63.76218103809655,0.3342
-63.736698837283996,0.3343
-63.73130679884962,0.3344
-63.730018836718244,0.3345
-63.69329691760205,0.3346
-63.69110136833619,0.3347
-63.68553431047891,0.3348
-63.649690021000985,0.3349
-63.62854727029261,0.335
-63.612936484696334,0.3351
-63.61242544175982,0.3352
-63.60562476763185,0.3353
-63.556596719617396,0.3354
-63.551540784753485,0.3355
-63.530585321015494,0.3356
-63.457794752586636,0.3357
-63.422523210820366,0.3358
-63.40801671867314,0.3359
-63.39192492163796,0.336
-63.3834337352816,0.3361
-63.3783708821604,0.3362
-63.31582145739887,0.3363
-63.29792283160444,0.3364
-63.29343918955102,0.3365
-63.28701666275766,0.3366
-63.27494560081661,0.3367
-63.272186195381735,0.3368
-63.26511414495111,0.3369
-63.190222197025086,0.337
-63.184572690341064,0.3371
-63.184340348336654,0.3372
-63.16161195618659,0.3373
-63.12541683032066,0.3374
-63.11531056404953,0.3375
-63.10769618683532,0.3376
-63.098455839190265,0.3377
-63.0517230570158,0.3378
-63.05134701954275,0.3379
-63.0412273465965,0.338
-63.03356060716715,0.3381
-63.03338877818137,0.3382
-63.017621442430844,0.3383
-62.979047091812824,0.3384
-62.94831552156974,0.3385
-62.92716035917998,0.3386
-62.916982294709605,0.3387
-62.87127646867894,0.3388
-62.824619291619584,0.3389
-62.81726992240846,0.339
-62.81078836846035,0.3391
-62.7835270515887,0.3392
-62.75137790928706,0.3393
-62.74040736357365,0.3394
-62.70677382288798,0.3395
-62.69007309810259,0.3396
-62.64830390609987,0.3397
-62.647732134402546,0.3398
-62.6099990166951,0.3399
-62.58955222986173,0.34
-62.589455184162034,0.3401
-62.571403102245746,0.3402
-62.51524513071328,0.3403
-62.511948403595014,0.3404
-62.49800210677534,0.3405
-62.4756032119628,0.3406
-62.469526717638594,0.3407
-62.46519364285581,0.3408
-62.46442510449327,0.3409
-62.44845800691657,0.341
-62.44465076671354,0.3411
-62.43415957307015,0.3412
-62.43338381397649,0.3413
-62.40901522346772,0.3414
-62.401995230161766,0.3415
-62.360153513620794,0.3416
-62.33015355417412,0.3417
-62.30445979059507,0.3418
-62.302722022571416,0.3419
-62.292124246535444,0.342
-62.28944843762778,0.3421
-62.28846301807984,0.3422
-62.26309955226109,0.3423
-62.255669702508115,0.3424
-62.22551373860389,0.3425
-62.2234646992743,0.3426
-62.21551156999823,0.3427
-62.19554915909991,0.3428
-62.190296312664074,0.3429
-62.18790780188925,0.343
-62.1686160183942,0.3431
-62.167075741579566,0.3432
-62.16355089205671,0.3433
-62.161993088148904,0.3434
-62.15877962654344,0.3435
-62.13356028623972,0.3436
-62.132085018126666,0.3437
-62.13067952602655,0.3438
-62.12376223135944,0.3439
-62.12169735011645,0.344
-62.11701658606157,0.3441
-62.116617532038504,0.3442
-62.113234493276856,0.3443
-62.09536816880088,0.3444
-62.09313300351482,0.3445
-62.09257410639898,0.3446
-62.09051436130237,0.3447
-62.08796466230433,0.3448
-62.07977701835521,0.3449
-62.077907266286765,0.345
-62.07688363817633,0.3451
-62.073738712046676,0.3452
-62.07225549852196,0.3453
-62.071320755492145,0.3454
-62.05798157910388,0.3455
-62.056271908770505,0.3456
-62.04805314555112,0.3457
-62.041467331186496,0.3458
-62.0296888625389,0.3459
-62.00726907371283,0.346
-62.00544838380273,0.3461
-61.99019865169488,0.3462
-61.989274986469184,0.3463
-61.98377087704986,0.3464
-61.961224125249494,0.3465
-61.95149699510913,0.3466
-61.94034321492575,0.3467
-61.92988264210839,0.3468
-61.928987451638655,0.3469
-61.92788714394085,0.347
-61.91943630880397,0.3471
-61.912628404608554,0.3472
-61.90674721609782,0.3473
-61.882128166903,0.3474
-61.88128635949269,0.3475
-61.880769333376925,0.3476
-61.8800444069691,0.3477
-61.86768342145682,0.3478
-61.864196702158075,0.3479
-61.85608573426828,0.348
-61.826682187547526,0.3481
-61.80224092284552,0.3482
-61.79636954185478,0.3483
-61.791688948376105,0.3484
-61.74546487194188,0.3485
-61.72760244415719,0.3486
-61.695434147244505,0.3487
-61.673648530833795,0.3488
-61.673172988832,0.3489
-61.66558908929899,0.349
-61.6573242163226,0.3491
-61.648703191827614,0.3492
-61.64191467595845,0.3493
-61.624642919622,0.3494
-61.60484365117364,0.3495
-61.58063423855286,0.3496
-61.57478046084475,0.3497
-61.54256755777001,0.3498
-61.479143161609024,0.3499
-61.421391647249834,0.35
-61.41522464187592,0.3501
-61.371276001755895,0.3502
-61.354091846493255,0.3503
-61.28192086585574,0.3504
-61.274681876377755,0.3505
-61.26377641621586,0.3506
-61.25311639596745,0.3507
-61.22600141554363,0.3508
-61.2234842207551,0.3509
-61.21107390647586,0.351
-61.21107349937894,0.3511
-61.20177186168619,0.3512
-61.19551596944146,0.3513
-61.18877852685414,0.3514
-61.153934172635346,0.3515
-61.15285458504222,0.3516
-61.111585341731086,0.3517
-61.10843998410962,0.3518
-61.0988200764168,0.3519
-61.088696921892094,0.352
-61.08723823979888,0.3521
-61.07263650655859,0.3522
-61.07155640355814,0.3523
-61.06117651879713,0.3524
-61.01931876587234,0.3525
-60.9803466318706,0.3526
-60.95588437610045,0.3527
-60.93428570377137,0.3528
-60.917291097912944,0.3529
-60.91533673502692,0.353
-60.88606676453855,0.3531
-60.85683550663479,0.3532
-60.794909960535364,0.3533
-60.786325850438324,0.3534
-60.74653723008167,0.3535
-60.71346350118499,0.3536
-60.65827249446399,0.3537
-60.6574175235685,0.3538
-60.59778911776133,0.3539
-60.53546518701315,0.354
-60.528393109679406,0.3541
-60.49948980322146,0.3542
-60.48109340961539,0.3543
-60.45523957122434,0.3544
-60.386160485457815,0.3545
-60.35006942035555,0.3546
-60.34957763494663,0.3547
-60.31907715584189,0.3548
-60.29582015676536,0.3549
-60.29107030224017,0.355
-60.28982245742679,0.3551
-60.283837969212044,0.3552
-60.27255651739315,0.3553
-60.22592400478254,0.3554
-60.21970188639722,0.3555
-60.19511722487807,0.3556
-60.19404730371721,0.3557
-60.13160227584802,0.3558
-60.09655323969573,0.3559
-60.095533791270476,0.356
-60.07163960894309,0.3561
-60.030276537338835,0.3562
-60.028901222118925,0.3563
-60.02155585275404,0.3564
-60.01690268822462,0.3565
-60.00916091578119,0.3566
-59.98253824275695,0.3567
-59.89908260857724,0.3568
-59.865607263840175,0.3569
-59.845809584391304,0.357
-59.84439210125618,0.3571
-59.799343444708555,0.3572
-59.797387895370086,0.3573
-59.788505934211436,0.3574
-59.765239669079705,0.3575
-59.67936776437387,0.3576
-59.60471096061766,0.3577
-59.602392965522604,0.3578
-59.58895702975728,0.3579
-59.58865011072829,0.358
-59.577879241701595,0.3581
-59.54008096658289,0.3582
-59.52571143909656,0.3583
-59.49092078992166,0.3584
-59.488809478836885,0.3585
-59.48134524082746,0.3586
-59.472389581121135,0.3587
-59.47163695570938,0.3588
-59.45469522545077,0.3589
-59.31849923529792,0.359
-59.299021467629636,0.3591
-59.28057145945169,0.3592
-59.229355985890514,0.3593
-59.14609562506881,0.3594
-59.14568768808003,0.3595
-59.14113064199425,0.3596
-59.12438928153738,0.3597
-59.11932752164248,0.3598
-59.1106421923412,0.3599
-59.07990032148305,0.36
-59.06646984286402,0.3601
-59.06002876667958,0.3602
-59.04670197241642,0.3603
-59.019769535956534,0.3604
-59.00617078655698,0.3605
-58.99640868842807,0.3606
-58.95712477846946,0.3607
-58.94875693714116,0.3608
-58.94655876559745,0.3609
-58.91189597847499,0.361
-58.89065255313683,0.3611
-58.86746081178747,0.3612
-58.85465690499209,0.3613
-58.81042273302357,0.3614
-58.79151799554751,0.3615
-58.788273564156526,0.3616
-58.78234931418113,0.3617
-58.77892224302218,0.3618
-58.745723719301644,0.3619
-58.73982110675033,0.362
-58.71061902867053,0.3621
-58.653318583328286,0.3622
-58.63255302405022,0.3623
-58.62998600130491,0.3624
-58.61885322622825,0.3625
-58.607390809091555,0.3626
-58.60333313135541,0.3627
-58.56659538621958,0.3628
-58.55707594278715,0.3629
-58.53199970343541,0.363
-58.50740084352679,0.3631
-58.49739787956904,0.3632
-58.38772550937962,0.3633
-58.36543779433258,0.3634
-58.31552221873776,0.3635
-58.26239233453348,0.3636
-58.25346683942676,0.3637
-58.2376503695501,0.3638
-58.224657454448945,0.3639
-58.182312083930334,0.364
-58.13684417310319,0.3641
-58.07840920200683,0.3642
-58.076925165054575,0.3643
-58.02256577712707,0.3644
-58.02105080064032,0.3645
-58.01843022040259,0.3646
-58.00633469825593,0.3647
-58.00497198973634,0.3648
-57.9977319177052,0.3649
-57.99554420572036,0.365
-57.97420694135409,0.3651
-57.95952836592532,0.3652
-57.94410253220014,0.3653
-57.87375382679123,0.3654
-57.79568970088922,0.3655
-57.78716124250144,0.3656
-57.72100775199942,0.3657
-57.709805360155926,0.3658
-57.69023950642683,0.3659
-57.63584437480458,0.366
-57.57048966656663,0.3661
-57.52098422686141,0.3662
-57.49722447534203,0.3663
-57.48620008870791,0.3664
-57.41572465492021,0.3665
-57.38129894691277,0.3666
-57.35624545897208,0.3667
-57.31276490120198,0.3668
-57.30749692434912,0.3669
-57.297897636980565,0.367
-57.22167779228352,0.3671
-57.17763191767558,0.3672
-57.065104846012964,0.3673
-57.05527365687341,0.3674
-57.01429806839638,0.3675
-56.97130995750522,0.3676
-56.965474582459215,0.3677
-56.960199636687534,0.3678
-56.95492397797537,0.3679
-56.936585299776866,0.368
-56.92174733466879,0.3681
-56.88963407775704,0.3682
-56.84074054746498,0.3683
-56.812926107369925,0.3684
-56.77499824731872,0.3685
-56.76680689795837,0.3686
-56.75043548607491,0.3687
-56.72037975999229,0.3688
-56.69385381552093,0.3689
-56.68771682715808,0.369
-56.67034560967628,0.3691
-56.64665412278659,0.3692
-56.580419634349084,0.3693
-56.48023753077239,0.3694
-56.45432225864977,0.3695
-56.44639076749944,0.3696
-56.42859363041576,0.3697
-56.4139969441887,0.3698
-56.38891554292888,0.3699
-56.36301773035842,0.37
-56.352116171957555,0.3701
-56.287946786980704,0.3702
-56.26604333070331,0.3703
-56.25668244856633,0.3704
-56.25305115357526,0.3705
-56.20600528810174,0.3706
-56.18077311270964,0.3707
-56.10560214804224,0.3708
-56.04335985952411,0.3709
-56.02237390312329,0.371
-56.006264784331435,0.3711
-55.990861835509165,0.3712
-55.957128762927276,0.3713
-55.95148805668727,0.3714
-55.89460750457551,0.3715
-55.84370448436476,0.3716
-55.83867091639861,0.3717
-55.81896355699357,0.3718
-55.667651812329886,0.3719
-55.52871888498385,0.372
-55.52849037146458,0.3721
-55.51637548732329,0.3722
-55.4805313457964,0.3723
-55.40552140948792,0.3724
-55.397852737391,0.3725
-55.381479725873284,0.3726
-55.32741935364902,0.3727
-55.270550509328956,0.3728
-55.143191408482934,0.3729
-55.10492446960416,0.373
-55.07296884496081,0.3731
-54.99521417359989,0.3732
-54.95090102502797,0.3733
-54.888313656733935,0.3734
-54.80410693376828,0.3735
-54.75603957021926,0.3736
-54.7314672882298,0.3737
-54.71883210828621,0.3738
-54.64238014979474,0.3739
-54.557300283512475,0.374
-54.48152617350239,0.3741
-54.472108019073865,0.3742
-54.356320936932974,0.3743
-54.35065302319378,0.3744
-54.33546373372375,0.3745
-54.149605969584734,0.3746
-54.142228097088264,0.3747
-54.13169859986883,0.3748
-54.11043269015849,0.3749
-54.016491102538446,0.375
-53.951590773593075,0.3751
-53.934019748527,0.3752
-53.89985037880186,0.3753
-53.84267550586518,0.3754
-53.79427741466184,0.3755
-53.7804367851872,0.3756
-53.77384386388101,0.3757
-53.721940365168265,0.3758
-53.710018667062556,0.3759
-53.60423686184771,0.376
-53.48630846958701,0.3761
-53.47893385002483,0.3762
-53.46303142210022,0.3763
-53.19187567457147,0.3764
-53.16746259726677,0.3765
-53.15648325318694,0.3766
-53.04241167773735,0.3767
-52.978320101789016,0.3768
-52.947743050166025,0.3769
-52.90871783136055,0.377
-52.72343932488281,0.3771
-52.70168561469726,0.3772
-52.66573357582465,0.3773
-52.6024332556989,0.3774
-52.546124443621935,0.3775
-52.43075762424991,0.3776
-52.399062157031324,0.3777
-52.37375505039731,0.3778
-52.301831028611225,0.3779
-52.29070570373032,0.378
-52.27735633955542,0.3781
-52.13361165553256,0.3782
-52.039840500187125,0.3783
-51.99258285370749,0.3784
-51.9279292786628,0.3785
-51.79424539390635,0.3786
-51.79164915821458,0.3787
-51.677097432584134,0.3788
-51.65949442374334,0.3789
-51.6370226789847,0.379
-51.500441754717755,0.3791
-51.497061794993655,0.3792
-51.47112532406114,0.3793
-51.46891824947502,0.3794
-51.46654700603653,0.3795
-51.44275400820578,0.3796
-51.42399417701643,0.3797
-51.36720414381681,0.3798
-51.194615231399986,0.3799
-51.148558687485185,0.38
-51.096937773843116,0.3801
-51.078570700791666,0.3802
-51.007090224079036,0.3803
-50.940368388565254,0.3804
-50.93124486035779,0.3805
-50.87707861515564,0.3806
-50.83209315360506,0.3807
-50.75238150893338,0.3808
-50.70890731725786,0.3809
-50.699858436698456,0.381
-50.65324667007048,0.3811
-50.6104295149235,0.3812
-50.491241128681786,0.3813
-50.382302141684484,0.3814
-50.378673610406366,0.3815
-50.354104405771196,0.3816
-50.29332870226056,0.3817
-50.273791521556866,0.3818
-50.241037756287675,0.3819
-50.195115465615686,0.382
-50.170393832767566,0.3821
-50.143794478512,0.3822
-50.08428118628394,0.3823
-50.00322514678016,0.3824
-49.88637882366813,0.3825
-49.855607744432064,0.3826
-49.816980411642234,0.3827
-49.775664365450105,0.3828
-49.61184797374643,0.3829
-49.57978589414843,0.383
-49.57661772760619,0.3831
-49.53617446380948,0.3832
-49.52267222948931,0.3833
-49.52034575292804,0.3834
-49.425974725974726,0.3835
-49.39501921957713,0.3836
-49.30398508390208,0.3837
-49.22624274352695,0.3838
-49.21637276365346,0.3839
-49.17150629766788,0.384
-49.130260156427134,0.3841
-49.129376341750664,0.3842
-49.12910028182269,0.3843
-49.054166000025724,0.3844
-49.04412374000735,0.3845
-49.01729987556879,0.3846
-49.0027039203411,0.3847
-49.00215999405831,0.3848
-48.97229269317501,0.3849
-48.92835186509974,0.385
-48.89628846649322,0.3851
-48.75935738959144,0.3852
-48.73139843121172,0.3853
-48.66896987423524,0.3854
-48.61915264526718,0.3855
-48.60573464420829,0.3856
-48.42729891822749,0.3857
-48.417275157293304,0.3858
-48.36847897606996,0.3859
-48.27272758008261,0.386
-48.20408876478002,0.3861
-48.18800306479095,0.3862
-48.18498099404815,0.3863
-48.18372107173931,0.3864
-48.16388403267543,0.3865
-48.06621307147872,0.3866
-48.058733695657736,0.3867
-47.993151523884386,0.3868
-47.96462293682117,0.3869
-47.95108083913494,0.387
-47.90779180605225,0.3871
-47.90343759204149,0.3872
-47.87376048256699,0.3873
-47.87059858487677,0.3874
-47.822048068872654,0.3875
-47.75863738890569,0.3876
-47.66332494539004,0.3877
-47.54252348350659,0.3878
-47.5324122019235,0.3879
-47.52860139591005,0.388
-47.51524923873841,0.3881
-47.4948386025453,0.3882
-47.38437859865818,0.3883
-47.37899876074996,0.3884
-47.29854063133337,0.3885
-47.290221787371294,0.3886
-47.169624464798716,0.3887
-47.15986808358375,0.3888
-47.00477987063304,0.3889
-47.003017228144046,0.389
-46.99513194996231,0.3891
-46.97602038789075,0.3892
-46.94406410203818,0.3893
-46.827619536424606,0.3894
-46.69318564335052,0.3895
-46.61817639808952,0.3896
-46.61039743214268,0.3897
-46.58765750176664,0.3898
-46.57198618965614,0.3899
-46.56044144291095,0.39
-46.44373197527658,0.3901
-46.430709715220154,0.3902
-46.35863546450902,0.3903
-46.29702733238749,0.3904
-46.25512289371211,0.3905
-46.24700877598691,0.3906
-46.15508408787325,0.3907
-46.075312932969624,0.3908
-46.00824608222153,0.3909
-45.99741996024922,0.391
-45.99469148106575,0.3911
-45.986564624459675,0.3912
-45.66988213594351,0.3913
-45.56913858308662,0.3914
-45.42193383813333,0.3915
-45.41907964645848,0.3916
-45.37097992870044,0.3917
-45.35486418250762,0.3918
-45.336162228146016,0.3919
-45.20818389965836,0.392
-45.200690674872504,0.3921
-45.16974879963323,0.3922
-45.110425275933,0.3923
-45.091937421032966,0.3924
-44.863254239588045,0.3925
-44.809613415651214,0.3926
-44.795225719663684,0.3927
-44.77588058361356,0.3928
-44.76392710112743,0.3929
-44.72129728383236,0.393
-44.65167382036372,0.3931
-44.45172795502953,0.3932
-44.424587901191785,0.3933
-44.42274444024954,0.3934
-44.41648013189696,0.3935
-44.41312486734167,0.3936
-44.39273058375213,0.3937
-44.28186618954632,0.3938
-44.23057022902724,0.3939
-44.223382063128234,0.394
-44.17219248396065,0.3941
-44.151305208283304,0.3942
-44.11986891333404,0.3943
-44.07796575352139,0.3944
-44.076289994049816,0.3945
-43.99161996648722,0.3946
-43.89425783627108,0.3947
-43.89131434173006,0.3948
-43.87700331593436,0.3949
-43.87291983212326,0.395
-43.835697524462084,0.3951
-43.766116571231,0.3952
-43.717739954244536,0.3953
-43.701137082212966,0.3954
-43.664932134063534,0.3955
-43.649594264514185,0.3956
-43.54416674885376,0.3957
-43.44462166000456,0.3958
-43.42916960667018,0.3959
-43.41351946824212,0.396
-43.407735513827575,0.3961
-43.31476506278552,0.3962
-43.28058203491382,0.3963
-43.27845799627752,0.3964
-43.26770623933524,0.3965
-43.195646871853995,0.3966
-43.1624328576915,0.3967
-43.120463057430285,0.3968
-43.076027190884204,0.3969
-43.072766991238666,0.397
-43.04163291470874,0.3971
-43.03265180716886,0.3972
-43.02113567927312,0.3973
-42.9937967323415,0.3974
-42.96815700012036,0.3975
-42.937176764734275,0.3976
-42.93329099308327,0.3977
-42.88315175983422,0.3978
-42.83421197963692,0.3979
-42.820674257068895,0.398
-42.771193163670226,0.3981
-42.72612536096815,0.3982
-42.69408177212495,0.3983
-42.66943032352982,0.3984
-42.625863922769575,0.3985
-42.602328056079145,0.3986
-42.5176223626662,0.3987
-42.49133261766564,0.3988
-42.357119535812366,0.3989
-42.29834775561616,0.399
-42.2676300283445,0.3991
-42.257161267266795,0.3992
-42.240634246476375,0.3993
-42.22293983116354,0.3994
-42.19979979713205,0.3995
-42.15064450267423,0.3996
-42.13173031019159,0.3997
-42.119225943464976,0.3998
-42.0891799607303,0.3999
-42.0866090413941,0.4
-42.083374791552316,0.4001
-42.07181291858945,0.4002
-42.047167975069215,0.4003
-42.039808977098204,0.4004
-42.03512960335053,0.4005
-42.00984118932672,0.4006
-41.98113443724681,0.4007
-41.96918005131316,0.4008
-41.928151382132626,0.4009
-41.89441843118854,0.401
-41.822182931763685,0.4011
-41.79697047660612,0.4012
-41.787233194400365,0.4013
-41.77889738476407,0.4014
-41.769461116013495,0.4015
-41.72312678963971,0.4016
-41.679003647572735,0.4017
-41.66512171360719,0.4018
-41.64230353716685,0.4019
-41.58076369581613,0.402
-41.56848563760202,0.4021
-41.51337460668608,0.4022
-41.509500584197234,0.4023
-41.37556112571694,0.4024
-41.36599835048337,0.4025
-41.361822119068165,0.4026
-41.21769298475962,0.4027
-41.16556597949136,0.4028
-41.06240332348645,0.4029
-40.849471930930584,0.403
-40.80391629473847,0.4031
-40.77652803993617,0.4032
-40.77499596387316,0.4033
-40.52662956296969,0.4034
-40.509871205678024,0.4035
-40.48888287495877,0.4036
-40.48395211862567,0.4037
-40.35454290494659,0.4038
-40.3192087754082,0.4039
-40.30948343813215,0.404
-40.233488619826176,0.4041
-40.21415793898665,0.4042
-40.13762587417588,0.4043
-40.082412746069764,0.4044
-40.04691558957454,0.4045
-39.9820485273892,0.4046
-39.97520590953472,0.4047
-39.84822791158445,0.4048
-39.78402115087732,0.4049
-39.642861357682946,0.405
-39.59814852771107,0.4051
-39.49310654142071,0.4052
-39.443767628548855,0.4053
-39.424005802092516,0.4054
-39.401071831377415,0.4055
-39.29379233893026,0.4056
-39.236112547220664,0.4057
-39.229252140456055,0.4058
-39.212005645678,0.4059
-39.1699723151356,0.406
-39.11108583668601,0.4061
-39.06335471103863,0.4062
-38.983061818438955,0.4063
-38.9606713793464,0.4064
-38.957492707276906,0.4065
-38.85022285423987,0.4066
-38.83385056203697,0.4067
-38.820694823067825,0.4068
-38.793304213392,0.4069
-38.76942570432871,0.407
-38.761197069121344,0.4071
-38.76038908473756,0.4072
-38.74729442349765,0.4073
-38.727280746015346,0.4074
-38.65861705654523,0.4075
-38.65427309020999,0.4076
-38.573687673626836,0.4077
-38.54298150206767,0.4078
-38.53855154757071,0.4079
-38.53388464995603,0.408
-38.5130346270822,0.4081
-38.47130811824706,0.4082
-38.469991013411985,0.4083
-38.46645542647168,0.4084
-38.39763486943506,0.4085
-38.34708491690345,0.4086
-38.34546376500483,0.4087
-38.30374913749601,0.4088
-38.2668024248071,0.4089
-38.26094730666801,0.409
-38.22881108055524,0.4091
-38.19154028448183,0.4092
-38.190993652095464,0.4093
-38.17682610590867,0.4094
-38.152172406294014,0.4095
-38.070894336926564,0.4096
-38.005226957461986,0.4097
-37.99606186697911,0.4098
-37.96037111273948,0.4099
-37.95225427809674,0.41
-37.938492666610514,0.4101
-37.84568995167036,0.4102
-37.70634245429952,0.4103
-37.61475350419544,0.4104
-37.52935170975886,0.4105
-37.52136761286594,0.4106
-37.511044134704775,0.4107
-37.44420357544664,0.4108
-37.31701700212658,0.4109
-37.27650358374174,0.411
-37.23196037807036,0.4111
-37.19472597017028,0.4112
-37.089548754372636,0.4113
-36.99671960850153,0.4114
-36.92679491550196,0.4115
-36.915684546912466,0.4116
-36.850511479325036,0.4117
-36.81558885978219,0.4118
-36.76177188545819,0.4119
-36.75483297737874,0.412
-36.72081396401972,0.4121
-36.71664651646298,0.4122
-36.70688326506374,0.4123
-36.667977753502505,0.4124
-36.58952684166693,0.4125
-36.54741751012616,0.4126
-36.49798559825737,0.4127
-36.47122173776869,0.4128
-36.46820923779253,0.4129
-36.40522282911036,0.413
-36.40058633379154,0.4131
-36.3609418987045,0.4132
-36.348589926858985,0.4133
-36.28912641209346,0.4134
-36.21451676633991,0.4135
-36.211446724813435,0.4136
-36.18725313349385,0.4137
-36.08162101088389,0.4138
-36.048289905868835,0.4139
-36.033048321544385,0.414
-35.9672957269093,0.4141
-35.938896339935994,0.4142
-35.92653492431641,0.4143
-35.90494719375092,0.4144
-35.891606484346646,0.4145
-35.885399974332934,0.4146
-35.755473408933916,0.4147
-35.71567577092536,0.4148
-35.71469260523225,0.4149
-35.62141677021123,0.415
-35.57602370275873,0.4151
-35.53986409001853,0.4152
-35.53652383098211,0.4153
-35.52574308876637,0.4154
-35.50432387935986,0.4155
-35.47744399258215,0.4156
-35.44325651075505,0.4157
-35.427103062195336,0.4158
-35.35398831361142,0.4159
-35.35031600002106,0.416
-35.32944388698917,0.4161
-35.32506575104054,0.4162
-35.30605088763479,0.4163
-35.172076874462135,0.4164
-35.124271566461964,0.4165
-34.94525822062138,0.4166
-34.94366213768143,0.4167
-34.93223573054094,0.4168
-34.93104508453123,0.4169
-34.88527751142326,0.417
-34.87380428603664,0.4171
-34.83284685768131,0.4172
-34.789317857160235,0.4173
-34.65851264850218,0.4174
-34.65842995970753,0.4175
-34.61738073367421,0.4176
-34.550855423379865,0.4177
-34.47619453474172,0.4178
-34.46972112548798,0.4179
-34.45489388852846,0.418
-34.39571784428078,0.4181
-34.369069435562004,0.4182
-34.347242146739184,0.4183
-34.29552223783825,0.4184
-34.21838610673174,0.4185
-34.17877530996334,0.4186
-34.17704174751937,0.4187
-34.161686276116036,0.4188
-34.145678957471816,0.4189
-33.95605695842598,0.419
-33.917379954930574,0.4191
-33.89955396918449,0.4192
-33.896085604842945,0.4193
-33.88218897056169,0.4194
-33.836720944535166,0.4195
-33.82116945234705,0.4196
-33.76234823670741,0.4197
-33.75079373204727,0.4198
-33.715374079655305,0.4199
-33.58540129445437,0.42
-33.57074502726365,0.4201
-33.56450550602619,0.4202
-33.53208631898538,0.4203
-33.45254367177933,0.4204
-33.43570104351118,0.4205
-33.41473301695697,0.4206
-33.400529094371564,0.4207
-33.37769952582904,0.4208
-33.250189907244035,0.4209
-33.23792561396994,0.421
-33.18433698662985,0.4211
-33.157875207619554,0.4212
-33.14153589953463,0.4213
-33.10451556934846,0.4214
-33.044318543370814,0.4215
-33.03653355915118,0.4216
-33.02875196202379,0.4217
-32.995469815426134,0.4218
-32.98476065574829,0.4219
-32.956372117299395,0.422
-32.9341830379609,0.4221
-32.907444181332366,0.4222
-32.86362269739453,0.4223
-32.85834791703466,0.4224
-32.79353766549025,0.4225
-32.761298540721455,0.4226
-32.65423921933714,0.4227
-32.610833615422436,0.4228
-32.58130304915924,0.4229
-32.54868284213487,0.423
-32.47533821778223,0.4231
-32.433405307964975,0.4232
-32.40272864840423,0.4233
-32.402485192544944,0.4234
-32.38277902740482,0.4235
-32.28102685719095,0.4236
-32.26440350540019,0.4237
-32.22582447886709,0.4238
-32.18398450411204,0.4239
-32.12765474214144,0.424
-32.10481335326545,0.4241
-32.019398607765694,0.4242
-31.992423425270616,0.4243
-31.963809877857006,0.4244
-31.960347885453142,0.4245
-31.929692502567544,0.4246
-31.87724983549377,0.4247
-31.873191592248897,0.4248
-31.86392748212704,0.4249
-31.826182352294026,0.425
-31.756690160204098,0.4251
-31.752215486462227,0.4252
-31.732106380278246,0.4253
-31.7014691419363,0.4254
-31.66529076796342,0.4255
-31.66147851295993,0.4256
-31.626038212973437,0.4257
-31.60757014321778,0.4258
-31.599298306877724,0.4259
-31.57767338198144,0.426
-31.56295381572731,0.4261
-31.554949019009804,0.4262
-31.5380657285614,0.4263
-31.524830394158695,0.4264
-31.423334105827276,0.4265
-31.347473170597297,0.4266
-31.316365479363128,0.4267
-31.2462968734378,0.4268
-31.232370710166542,0.4269
-31.195048586010753,0.427
-31.191616681999154,0.4271
-31.152045941230842,0.4272
-31.113645820417442,0.4273
-31.11061365371626,0.4274
-31.079066303404616,0.4275
-31.077840380878374,0.4276
-31.057153029110843,0.4277
-30.944099006759934,0.4278
-30.901731439988698,0.4279
-30.879338161003776,0.428
-30.836878344270968,0.4281
-30.82022213764377,0.4282
-30.75697335713413,0.4283
-30.586776108663717,0.4284
-30.537663566942328,0.4285
-30.524494049734066,0.4286
-30.522219669062086,0.4287
-30.50163708031662,0.4288
-30.41823181596212,0.4289
-30.3844470814392,0.429
-30.380213612398688,0.4291
-30.245741614800135,0.4292
-30.23030664225519,0.4293
-30.149566702227855,0.4294
-30.122523176602275,0.4295
-30.11345929015614,0.4296
-30.03803918095697,0.4297
-29.958910737141967,0.4298
-29.95170101288054,0.4299
-29.94477931688726,0.43
-29.941992528254538,0.4301
-29.930415943217653,0.4302
-29.923149093182758,0.4303
-29.918577806200272,0.4304
-29.893651600303688,0.4305
-29.8890052948093,0.4306
-29.881336574216746,0.4307
-29.876810260304623,0.4308
-29.819167504670656,0.4309
-29.811149402109905,0.431
-29.78883422736023,0.4311
-29.772871020768406,0.4312
-29.76778234538734,0.4313
-29.7437508576436,0.4314
-29.710616336377527,0.4315
-29.7083925939532,0.4316
-29.65402676888313,0.4317
-29.62030483887531,0.4318
-29.5828279320756,0.4319
-29.497426462464965,0.432
-29.484041878909057,0.4321
-29.471492967913672,0.4322
-29.461325796167177,0.4323
-29.43004264862705,0.4324
-29.41592551771421,0.4325
-29.415410283648598,0.4326
-29.370630505783485,0.4327
-29.33932407641988,0.4328
-29.3338404830195,0.4329
-29.323967117348506,0.433
-29.30198757339064,0.4331
-29.27056510747988,0.4332
-29.240707761495933,0.4333
-29.225456109446657,0.4334
-29.224831767537072,0.4335
-29.1645161021607,0.4336
-29.157484171198124,0.4337
-29.14617158185393,0.4338
-29.14009664492309,0.4339
-29.122646832457374,0.434
-29.117110720171965,0.4341
-29.101085468930748,0.4342
-29.089158925500698,0.4343
-29.075026648133623,0.4344
-29.04041555023528,0.4345
-29.034280546238644,0.4346
-29.03013312145248,0.4347
-29.029607031416706,0.4348
-28.974159983337856,0.4349
-28.956539919230156,0.435
-28.95306395261716,0.4351
-28.950499530532397,0.4352
-28.94380400856491,0.4353
-28.940331064078958,0.4354
-28.921432965072423,0.4355
-28.864288834851795,0.4356
-28.81812000210844,0.4357
-28.79239959060978,0.4358
-28.722023373639395,0.4359
-28.714136804743664,0.436
-28.713627890378238,0.4361
-28.711896529249106,0.4362
-28.711695149432124,0.4363
-28.703550237670164,0.4364
-28.69980630138572,0.4365
-28.692704519100488,0.4366
-28.676210912251285,0.4367
-28.661824518714287,0.4368
-28.60473696101401,0.4369
-28.603925120757708,0.437
-28.566039750323448,0.4371
-28.56172870896682,0.4372
-28.544069135010428,0.4373
-28.54014766099155,0.4374
-28.53829448125083,0.4375
-28.523012932388863,0.4376
-28.48114626361113,0.4377
-28.441742911825887,0.4378
-28.410436997357,0.4379
-28.405114634511612,0.438
-28.395201921082474,0.4381
-28.376568200039863,0.4382
-28.336040574284457,0.4383
-28.320196830514448,0.4384
-28.320164622827434,0.4385
-28.29465842513163,0.4386
-28.273044416421843,0.4387
-28.250030496701786,0.4388
-28.247397617047277,0.4389
-28.23204478313606,0.439
-28.164126202253065,0.4391
-28.15910696082357,0.4392
-28.14790073205698,0.4393
-28.137040009019707,0.4394
-28.12339941790252,0.4395
-28.097071205027774,0.4396
-28.077458067215794,0.4397
-28.052487676440364,0.4398
-28.049118215906063,0.4399
-28.022242361217923,0.44
-27.97909805478081,0.4401
-27.972663333179803,0.4402
-27.960312896836367,0.4403
-27.950550764217226,0.4404
-27.94032340875789,0.4405
-27.923190504531,0.4406
-27.921300283942557,0.4407
-27.908779981609623,0.4408
-27.908727168820427,0.4409
-27.888559701877085,0.441
-27.875304011223278,0.4411
-27.85887129822541,0.4412
-27.85842533191703,0.4413
-27.855238331999814,0.4414
-27.842169471078737,0.4415
-27.840243467138148,0.4416
-27.823222302098014,0.4417
-27.80054697253219,0.4418
-27.781304471780174,0.4419
-27.76954513238687,0.442
-27.766453723757156,0.4421
-27.756121594292857,0.4422
-27.68044414061066,0.4423
-27.669420452017338,0.4424
-27.657967613459007,0.4425
-27.652710335846432,0.4426
-27.645094585500658,0.4427
-27.643285047672503,0.4428
-27.606452544048988,0.4429
-27.573922982697002,0.443
-27.571968442242962,0.4431
-27.54649087855909,0.4432
-27.531998182180523,0.4433
-27.50856195878182,0.4434
-27.506150787210466,0.4435
-27.49582569472175,0.4436
-27.479605664672142,0.4437
-27.479148616734893,0.4438
-27.45805580316782,0.4439
-27.451903978462145,0.444
-27.451305222299137,0.4441
-27.45093294111695,0.4442
-27.44208849983811,0.4443
-27.439184091157465,0.4444
-27.432885547142476,0.4445
-27.421066368129104,0.4446
-27.419886180716937,0.4447
-27.41314489924144,0.4448
-27.409148150687667,0.4449
-27.393568323756753,0.445
-27.375593383427894,0.4451
-27.371095928144264,0.4452
-27.354506366996095,0.4453
-27.33104175373968,0.4454
-27.325639531624873,0.4455
-27.293483491258886,0.4456
-27.29327964304723,0.4457
-27.287443907192163,0.4458
-27.28274018553663,0.4459
-27.269588571918753,0.446
-27.257725315115973,0.4461
-27.24027988405284,0.4462
-27.225753790154865,0.4463
-27.22073865172472,0.4464
-27.2170472606834,0.4465
-27.212699042930637,0.4466
-27.2085427039098,0.4467
-27.182544215230642,0.4468
-27.18157106205877,0.4469
-27.16850984912142,0.447
-27.160179542640414,0.4471
-27.15797950594667,0.4472
-27.153514035921916,0.4473
-27.123557427352853,0.4474
-27.11343343297485,0.4475
-27.112644533102216,0.4476
-27.111001693566887,0.4477
-27.10652192817759,0.4478
-27.104985845164023,0.4479
-27.094215891900472,0.448
-27.085716855648347,0.4481
-27.06075765333194,0.4482
-27.054246156627123,0.4483
-27.05292990547698,0.4484
-27.04207242391314,0.4485
-27.018503316588514,0.4486
-27.00604704698436,0.4487
-27.005527365222203,0.4488
-27.005416327676365,0.4489
-27.002459170456046,0.449
-26.992206691453983,0.4491
-26.961298392375,0.4492
-26.95931894095745,0.4493
-26.954077635563355,0.4494
-26.95390585218389,0.4495
-26.950675408574753,0.4496
-26.950102369492313,0.4497
-26.949229787747747,0.4498
-26.947810958732667,0.4499
-26.944962021502295,0.45
-26.94085857065115,0.4501
-26.9373143747326,0.4502
-26.9241045852568,0.4503
-26.914427539180778,0.4504
-26.910311542834528,0.4505
-26.910065823478064,0.4506
-26.90550538203344,0.4507
-26.897837932702902,0.4508
-26.896549399837667,0.4509
-26.89461361089051,0.451
-26.88579585583862,0.4511
-26.882196750758588,0.4512
-26.87194836412538,0.4513
-26.86631399971303,0.4514
-26.862271508485264,0.4515
-26.85633596428614,0.4516
-26.836674840700812,0.4517
-26.822981025595404,0.4518
-26.775306087829733,0.4519
-26.763878351312318,0.452
-26.763219148256635,0.4521
-26.753662079416586,0.4522
-26.752114948758294,0.4523
-26.74187430229746,0.4524
-26.726299443948644,0.4525
-26.700049792007363,0.4526
-26.698440279394013,0.4527
-26.69699814588744,0.4528
-26.692382015185615,0.4529
-26.68731701820474,0.453
-26.665858180177022,0.4531
-26.658199161067795,0.4532
-26.652835340858992,0.4533
-26.64584474125039,0.4534
-26.643695012428616,0.4535
-26.63131175978575,0.4536
-26.63104931426682,0.4537
-26.62599783907291,0.4538
-26.616880745571667,0.4539
-26.608738245911898,0.454
-26.588964592956568,0.4541
-26.57875093702469,0.4542
-26.57753093172982,0.4543
-26.566509689687006,0.4544
-26.553056881440433,0.4545
-26.51236527663637,0.4546
-26.51199336065296,0.4547
-26.495638063309155,0.4548
-26.491262910241446,0.4549
-26.485998192589168,0.455
-26.48274431186188,0.4551
-26.453032462146318,0.4552
-26.445772280634753,0.4553
-26.432569883711636,0.4554
-26.413344012651223,0.4555
-26.408747351737134,0.4556
-26.395867697373404,0.4557
-26.39477242230121,0.4558
-26.382995994368752,0.4559
-26.337148321488115,0.456
-26.335276391794906,0.4561
-26.33432063980736,0.4562
-26.32141053414028,0.4563
-26.31847473391555,0.4564
-26.301903745552153,0.4565
-26.29972534410916,0.4566
-26.284616143010744,0.4567
-26.28435992901586,0.4568
-26.28360925788246,0.4569
-26.24451727263519,0.457
-26.241044633724357,0.4571
-26.217271448424643,0.4572
-26.18271298479606,0.4573
-26.140772003377418,0.4574
-26.11043585037645,0.4575
-26.105638813991668,0.4576
-26.10531810968798,0.4577
-26.10479636246152,0.4578
-26.082053533977454,0.4579
-26.07557815714553,0.458
-26.065095101557674,0.4581
-26.04820744623039,0.4582
-26.043017695959097,0.4583
-26.010503326760418,0.4584
-26.003388854011707,0.4585
-25.96089761076067,0.4586
-25.950368781987578,0.4587
-25.94249905375913,0.4588
-25.94234767608028,0.4589
-25.93417509336062,0.459
-25.933869799848463,0.4591
-25.910415268176234,0.4592
-25.90268840489704,0.4593
-25.900751023404485,0.4594
-25.820799372233264,0.4595
-25.81791210703943,0.4596
-25.79289635616001,0.4597
-25.790193197171575,0.4598
-25.76405935168471,0.4599
-25.759913848035403,0.46
-25.740963222477212,0.4601
-25.738321900957082,0.4602
-25.71116261771526,0.4603
-25.705689599908702,0.4604
-25.699550242004356,0.4605
-25.68970581483543,0.4606
-25.685872723797523,0.4607
-25.681785320578705,0.4608
-25.635821645001506,0.4609
-25.634779379384216,0.461
-25.63336258281376,0.4611
-25.631959232648647,0.4612
-25.620093934599872,0.4613
-25.607109569674734,0.4614
-25.56995969432574,0.4615
-25.539553981461,0.4616
-25.53388715670351,0.4617
-25.53167224374097,0.4618
-25.524923496750183,0.4619
-25.49252226527538,0.462
-25.487048611123676,0.4621
-25.48318571302667,0.4622
-25.467373741049133,0.4623
-25.457112054019234,0.4624
-25.365072014407254,0.4625
-25.3623417406315,0.4626
-25.36204615838416,0.4627
-25.334621292509883,0.4628
-25.322635021690836,0.4629
-25.305197671899943,0.463
-25.28169791322555,0.4631
-25.23382574159112,0.4632
-25.20280057293642,0.4633
-25.202483718708343,0.4634
-25.1875992441684,0.4635
-25.163542627764677,0.4636
-25.10951647636741,0.4637
-25.106898523469084,0.4638
-25.08953216003254,0.4639
-25.073213675043917,0.464
-25.03348933029529,0.4641
-24.977579370451902,0.4642
-24.93438396320455,0.4643
-24.916854985716547,0.4644
-24.9091553315131,0.4645
-24.893893073423023,0.4646
-24.89242087923754,0.4647
-24.89061191420983,0.4648
-24.885390067192354,0.4649
-24.884238467573187,0.465
-24.852462233399418,0.4651
-24.83606020675264,0.4652
-24.78628832160737,0.4653
-24.772663229336963,0.4654
-24.76439488581363,0.4655
-24.751227750333957,0.4656
-24.717842518113365,0.4657
-24.690414295908248,0.4658
-24.683407301344538,0.4659
-24.649261138211195,0.466
-24.646680523231066,0.4661
-24.639593379293,0.4662
-24.577196640392767,0.4663
-24.544115807154025,0.4664
-24.543015615847892,0.4665
-24.516395053152554,0.4666
-24.509682358536498,0.4667
-24.495185457456298,0.4668
-24.463974050609206,0.4669
-24.44679867272079,0.467
-24.437123121706207,0.4671
-24.40572037014775,0.4672
-24.39993532685135,0.4673
-24.394260959223654,0.4674
-24.386666303346683,0.4675
-24.35171473037023,0.4676
-24.298884761699476,0.4677
-24.225953410651346,0.4678
-24.218419334423356,0.4679
-24.181316733070464,0.468
-24.154262309110724,0.4681
-24.091210825485923,0.4682
-24.079873323668725,0.4683
-24.0583611445209,0.4684
-24.026335221712106,0.4685
-23.977216836301984,0.4686
-23.97569877057839,0.4687
-23.96596992211938,0.4688
-23.95713787048515,0.4689
-23.953404759998797,0.469
-23.907077539724867,0.4691
-23.90474170040358,0.4692
-23.862531765572538,0.4693
-23.849284868083895,0.4694
-23.8189455446871,0.4695
-23.817403574630436,0.4696
-23.800853033044937,0.4697
-23.773986991095356,0.4698
-23.7417809874963,0.4699
-23.717362910277583,0.47
-23.63549032909311,0.4701
-23.63292011843771,0.4702
-23.617341083320788,0.4703
-23.594373262848706,0.4704
-23.583541721950287,0.4705
-23.548561828880572,0.4706
-23.534260120680365,0.4707
-23.528600068251972,0.4708
-23.521580410568976,0.4709
-23.479267762299255,0.471
-23.465131208359264,0.4711
-23.46002140429169,0.4712
-23.44241319665797,0.4713
-23.43603454787899,0.4714
-23.415507371519322,0.4715
-23.39687065170724,0.4716
-23.347989765161284,0.4717
-23.343437425956875,0.4718
-23.34096521989703,0.4719
-23.33836051256489,0.472
-23.323414025217108,0.4721
-23.31836077215262,0.4722
-23.30056461918037,0.4723
-23.251383853524736,0.4724
-23.174439190536177,0.4725
-23.15628421171177,0.4726
-23.092762658159618,0.4727
-23.087697780120376,0.4728
-23.067983685616593,0.4729
-23.0644268550437,0.473
-23.04704567622095,0.4731
-22.9766640866654,0.4732
-22.971617186574264,0.4733
-22.91506246945206,0.4734
-22.900430025985276,0.4735
-22.90030298173707,0.4736
-22.893720340180955,0.4737
-22.78034121480677,0.4738
-22.735053576065415,0.4739
-22.723089747641605,0.474
-22.709612602912635,0.4741
-22.672112784510478,0.4742
-22.652571318590827,0.4743
-22.640222015687453,0.4744
-22.60601582739092,0.4745
-22.578824254171547,0.4746
-22.558143552028575,0.4747
-22.548567976132965,0.4748
-22.542590438729896,0.4749
-22.424459131564756,0.475
-22.39968950043898,0.4751
-22.382796706460418,0.4752
-22.374180127044955,0.4753
-22.33756326373983,0.4754
-22.325690582544716,0.4755
-22.24608965381272,0.4756
-22.190120769111264,0.4757
-22.17347308455203,0.4758
-22.17039765062332,0.4759
-22.144626730504633,0.476
-22.136445722074804,0.4761
-22.09799118206743,0.4762
-22.07631920221802,0.4763
-22.056422488176636,0.4764
-22.0559472399924,0.4765
-21.966947460870447,0.4766
-21.965673959985565,0.4767
-21.84487158056758,0.4768
-21.79893499810658,0.4769
-21.796887411560302,0.477
-21.782141064069233,0.4771
-21.727117057914104,0.4772
-21.724984491227936,0.4773
-21.710037560801023,0.4774
-21.686204177647088,0.4775
-21.630805183052086,0.4776
-21.623682685476727,0.4777
-21.605761518274434,0.4778
-21.594629454629494,0.4779
-21.55586457262877,0.478
-21.503074849737434,0.4781
-21.472086835281925,0.4782
-21.388966180585513,0.4783
-21.320761410710592,0.4784
-21.273601553436553,0.4785
-21.273534979436175,0.4786
-21.247354716531,0.4787
-21.228866219891422,0.4788
-21.117422577840465,0.4789
-21.081561789485814,0.479
-21.050627471314,0.4791
-21.03378806381151,0.4792
-20.959904722842765,0.4793
-20.955259983832388,0.4794
-20.872619780655572,0.4795
-20.85872923017833,0.4796
-20.85812630209813,0.4797
-20.832325476134923,0.4798
-20.80990725683383,0.4799
-20.722687158848718,0.48
-20.690426688634044,0.4801
-20.578888059432444,0.4802
-20.537363308173603,0.4803
-20.504735463189323,0.4804
-20.466513299021127,0.4805
-20.465040062811973,0.4806
-20.432460078169964,0.4807
-20.4058127743613,0.4808
-20.38367497452535,0.4809
-20.30164818430433,0.481
-20.286700437354856,0.4811
-20.24496031206623,0.4812
-20.23515126041844,0.4813
-20.219246221934256,0.4814
-20.191444753760102,0.4815
-20.18130428154989,0.4816
-20.154047591790928,0.4817
-20.093248943237587,0.4818
-20.00015073532574,0.4819
-19.980560320514442,0.482
-19.95469417348579,0.4821
-19.839018856894597,0.4822
-19.806546847348102,0.4823
-19.759390523636526,0.4824
-19.75629023016561,0.4825
-19.74719378780052,0.4826
-19.672560416974687,0.4827
-19.65032149372586,0.4828
-19.60376518677771,0.4829
-19.595664971786363,0.483
-19.533057360827936,0.4831
-19.50104080465976,0.4832
-19.42632050726134,0.4833
-19.347177222747916,0.4834
-19.317533589692598,0.4835
-19.241863184734807,0.4836
-19.24079162604399,0.4837
-19.218598700992764,0.4838
-19.178051302376947,0.4839
-19.147783784444442,0.484
-19.141397552972098,0.4841
-19.11419955413528,0.4842
-19.105347079790757,0.4843
-19.07740974811111,0.4844
-19.062076230829394,0.4845
-19.053689628588778,0.4846
-19.048945058042182,0.4847
-19.03662849190291,0.4848
-18.977757218708845,0.4849
-18.937450696363115,0.485
-18.905691774054983,0.4851
-18.889906246996297,0.4852
-18.88132934659328,0.4853
-18.84736684546713,0.4854
-18.845477114626206,0.4855
-18.808583412119,0.4856
-18.723771684168465,0.4857
-18.702493098993973,0.4858
-18.67231131620463,0.4859
-18.6359238089703,0.486
-18.531746575574576,0.4861
-18.51624701665845,0.4862
-18.500735972564108,0.4863
-18.461437113639338,0.4864
-18.442932324140518,0.4865
-18.43330029101763,0.4866
-18.426415306949988,0.4867
-18.417677149018274,0.4868
-18.40624802448973,0.4869
-18.381877957739867,0.487
-18.29071886167433,0.4871
-18.262195045846514,0.4872
-18.24983774599135,0.4873
-18.239983316607773,0.4874
-18.219386052267996,0.4875
-18.154488635234344,0.4876
-18.139730821637066,0.4877
-18.121963512090407,0.4878
-18.106370052672546,0.4879
-18.041101222319156,0.488
-18.013624920247683,0.4881
-17.941393942083792,0.4882
-17.936971265281738,0.4883
-17.92104623677209,0.4884
-17.904073447685878,0.4885
-17.853021402202735,0.4886
-17.839894440265933,0.4887
-17.683873520716464,0.4888
-17.66516533910725,0.4889
-17.631908445944823,0.489
-17.618579748759046,0.4891
-17.603219907553306,0.4892
-17.580873601676895,0.4893
-17.571381066228263,0.4894
-17.555283134864084,0.4895
-17.550209015570022,0.4896
-17.542020126105285,0.4897
-17.477002676188757,0.4898
-17.437019896141255,0.4899
-17.380975973430278,0.49
-17.343688391296194,0.4901
-17.307300267862715,0.4902
-17.302396686153486,0.4903
-17.28472145059034,0.4904
-17.282520813135246,0.4905
-17.044198477587102,0.4906
-16.965646014392565,0.4907
-16.959555450006942,0.4908
-16.900949809344116,0.4909
-16.886499572871063,0.491
-16.883846592100337,0.4911
-16.875316520457154,0.4912
-16.863090832664636,0.4913
-16.84845528793577,0.4914
-16.831370245041697,0.4915
-16.74318419292271,0.4916
-16.692691421695052,0.4917
-16.66951283596549,0.4918
-16.650111830449664,0.4919
-16.639134456959365,0.492
-16.629971963775898,0.4921
-16.615410563365746,0.4922
-16.60610264413542,0.4923
-16.592758070996407,0.4924
-16.58267507488876,0.4925
-16.57745605218876,0.4926
-16.55006723785066,0.4927
-16.543638798332598,0.4928
-16.51279709194526,0.4929
-16.442094413753786,0.493
-16.427554647331316,0.4931
-16.339125670637745,0.4932
-16.335628757826427,0.4933
-16.31605012796372,0.4934
-16.265566238918716,0.4935
-16.248617942010238,0.4936
-16.24026343708858,0.4937
-16.210361683033035,0.4938
-16.19630981408637,0.4939
-16.193343522181923,0.494
-16.188559839045254,0.4941
-16.168490754004196,0.4942
-16.135113052282666,0.4943
-16.03474335185308,0.4944
-16.024354690692945,0.4945
-16.00949082016982,0.4946
-15.999161460727452,0.4947
-15.940071398527175,0.4948
-15.927150983243623,0.4949
-15.910208826439092,0.495
-15.888302112981677,0.4951
-15.851726353228837,0.4952
-15.799264545951226,0.4953
-15.766074913642369,0.4954
-15.732950947087255,0.4955
-15.72579581638146,0.4956
-15.718348143714108,0.4957
-15.714363035232019,0.4958
-15.714120042354986,0.4959
-15.695084260962902,0.496
-15.684857371737248,0.4961
-15.598032080759667,0.4962
-15.548332999341373,0.4963
-15.525355273846907,0.4964
-15.504031439200233,0.4965
-15.478889014247427,0.4966
-15.463445905059391,0.4967
-15.454905268405936,0.4968
-15.451484070679733,0.4969
-15.4182521965798,0.497
-15.390758066983333,0.4971
-15.389805581523479,0.4972
-15.360953577171824,0.4973
-15.28823022380937,0.4974
-15.288172667551787,0.4975
-15.259387549528666,0.4976
-15.250668426867575,0.4977
-15.219207865538076,0.4978
-15.208705836035126,0.4979
-15.20408369712662,0.498
-15.201378249493427,0.4981
-15.189091951459085,0.4982
-15.078369491467997,0.4983
-15.054482401980087,0.4984
-15.049898179110697,0.4985
-15.03926765969675,0.4986
-15.000316034384632,0.4987
-14.995971628648975,0.4988
-14.97517383088656,0.4989
-14.969084772273527,0.499
-14.962428431564383,0.4991
-14.936234600481392,0.4992
-14.924352499465831,0.4993
-14.89571962515451,0.4994
-14.868121067428216,0.4995
-14.857342337663098,0.4996
-14.836685851529428,0.4997
-14.812021277467718,0.4998
-14.792120285355676,0.4999
-14.767453677892684,0.5
-14.726174246741271,0.5001
-14.711067545704921,0.5002
-14.688567924148032,0.5003
-14.68727072867156,0.5004
-14.676094676004162,0.5005
-14.645950927426105,0.5006
-14.643810751300858,0.5007
-14.643265265326765,0.5008
-14.623992354244923,0.5009
-14.578829560603014,0.501
-14.568974593811857,0.5011
-14.567437095358596,0.5012
-14.517008695784583,0.5013
-14.46223183621131,0.5014
-14.431305755942502,0.5015
-14.411446018831619,0.5016
-14.379667277813336,0.5017
-14.351766594112851,0.5018
-14.27137407527864,0.5019
-14.244570790003054,0.502
-14.242826188806445,0.5021
-14.22194193303026,0.5022
-14.22074741193205,0.5023
-14.217496652410553,0.5024
-14.175218057853723,0.5025
-14.172893270353228,0.5026
-14.127427376179769,0.5027
-14.120203124034964,0.5028
-14.111864304208941,0.5029
-14.098617875251541,0.503
-14.084689618387074,0.5031
-14.036161636196077,0.5032
-14.034944424787534,0.5033
-14.022141970553621,0.5034
-14.015578857641481,0.5035
-14.015183235198071,0.5036
-13.9766983171748,0.5037
-13.92148146013543,0.5038
-13.91358986458443,0.5039
-13.912028234113007,0.504
-13.87162248392515,0.5041
-13.859743063353562,0.5042
-13.84581538034827,0.5043
-13.818996574795804,0.5044
-13.808740598983505,0.5045
-13.801006368944607,0.5046
-13.78613186490778,0.5047
-13.78335887161531,0.5048
-13.763412983489223,0.5049
-13.728822539438307,0.505
-13.66959915656112,0.5051
-13.631072374536098,0.5052
-13.6121858073147,0.5053
-13.605091613788716,0.5054
-13.588533392154044,0.5055
-13.574567331375182,0.5056
-13.551714529581558,0.5057
-13.548464892296494,0.5058
-13.542674286320059,0.5059
-13.533651502775028,0.506
-13.531492252335882,0.5061
-13.516597406712913,0.5062
-13.515692030975597,0.5063
-13.499941821568274,0.5064
-13.472913319135083,0.5065
-13.468934958167374,0.5066
-13.467880970154715,0.5067
-13.465108580574208,0.5068
-13.405540292959476,0.5069
-13.386491964714416,0.507
-13.372084905584716,0.5071
-13.368189405660697,0.5072
-13.260819790416397,0.5073
-13.258905689346046,0.5074
-13.253844319481964,0.5075
-13.249880503502675,0.5076
-13.240926413213835,0.5077
-13.235062069740145,0.5078
-13.228559621012026,0.5079
-13.227421930783242,0.508
-13.20317156112436,0.5081
-13.195664074473273,0.5082
-13.19480069543626,0.5083
-13.160734552885035,0.5084
-13.160500106572734,0.5085
-13.159931272294187,0.5086
-13.158554077068162,0.5087
-13.157058344554901,0.5088
-13.14390963472724,0.5089
-13.128900616644328,0.509
-13.124751743435114,0.5091
-13.07833206097167,0.5092
-13.032507696594287,0.5093
-12.997748745002413,0.5094
-12.942904557918013,0.5095
-12.929986175650352,0.5096
-12.914118202671222,0.5097
-12.906555018994396,0.5098
-12.885476143787047,0.5099
-12.885206451427004,0.51
-12.855697534340994,0.5101
-12.810124405118264,0.5102
-12.795113994474335,0.5103
-12.765665302929284,0.5104
-12.755537227521277,0.5105
-12.740727307421153,0.5106
-12.739292277536169,0.5107
-12.738480620668641,0.5108
-12.73680305367708,0.5109
-12.703825980165414,0.511
-12.686305117362922,0.5111
-12.617165750604487,0.5112
-12.60381494561919,0.5113
-12.598878818801792,0.5114
-12.591293968027458,0.5115
-12.571474781307204,0.5116
-12.548565419566447,0.5117
-12.531256322195382,0.5118
-12.468143909520295,0.5119
-12.457142005313003,0.512
-12.455455212052165,0.5121
-12.429986209699884,0.5122
-12.412752175678687,0.5123
-12.400761126711586,0.5124
-12.380167189598458,0.5125
-12.364228819565847,0.5126
-12.322102491515503,0.5127
-12.316950882905536,0.5128
-12.304532444787583,0.5129
-12.302086048611066,0.513
-12.30142788107619,0.5131
-12.294044165201672,0.5132
-12.256841355679372,0.5133
-12.253306268559026,0.5134
-12.2467926542826,0.5135
-12.23739945548476,0.5136
-12.231463984559104,0.5137
-12.222523633321384,0.5138
-12.209190652827731,0.5139
-12.18665330902934,0.514
-12.186037261069938,0.5141
-12.169216216383687,0.5142
-12.144813894793206,0.5143
-12.13247651570719,0.5144
-12.083489872669055,0.5145
-12.07051887455564,0.5146
-12.04054814758189,0.5147
-12.026441880029997,0.5148
-12.019722480040043,0.5149
-11.95274906627722,0.515
-11.948702492985875,0.5151
-11.938755668112075,0.5152
-11.882907703820988,0.5153
-11.868027212662437,0.5154
-11.86649662855528,0.5155
-11.860369743285142,0.5156
-11.80963249004055,0.5157
-11.802779732522184,0.5158
-11.794593584391476,0.5159
-11.790316520271823,0.516
-11.7652701132942,0.5161
-11.72712509758193,0.5162
-11.7238284802258,0.5163
-11.684493139928207,0.5164
-11.681692174509168,0.5165
-11.650586809566803,0.5166
-11.630793932517612,0.5167
-11.628946259611846,0.5168
-11.622676586133803,0.5169
-11.61194325005039,0.517
-11.588797956921347,0.5171
-11.579618157326617,0.5172
-11.560163378455306,0.5173
-11.552802819620632,0.5174
-11.535873484703712,0.5175
-11.528539560372373,0.5176
-11.514469003101066,0.5177
-11.487484505750237,0.5178
-11.472324214785175,0.5179
-11.457708483236097,0.518
-11.455213416333107,0.5181
-11.449096961562521,0.5182
-11.413608864620514,0.5183
-11.400570573278907,0.5184
-11.379674570606834,0.5185
-11.319678338834457,0.5186
-11.298824186808988,0.5187
-11.293103692445904,0.5188
-11.278205257763343,0.5189
-11.273816069207713,0.519
-11.235537950233741,0.5191
-11.170463702800873,0.5192
-11.140345513158666,0.5193
-11.101327065818758,0.5194
-11.086155765596777,0.5195
-11.067947871926801,0.5196
-11.040942828298732,0.5197
-11.018436485177835,0.5198
-11.00265851373822,0.5199
-10.990537813651933,0.52
-10.981317165334335,0.5201
-10.980134450027348,0.5202
-10.950885720783843,0.5203
-10.945294097630493,0.5204
-10.929400747600011,0.5205
-10.921209611622617,0.5206
-10.90191595897805,0.5207
-10.89682946193181,0.5208
-10.862235316868126,0.5209
-10.855645675569587,0.521
-10.846156331161225,0.5211
-10.837509033626876,0.5212
-10.83390810454376,0.5213
-10.832838327461667,0.5214
-10.807070092264006,0.5215
-10.806444611060993,0.5216
-10.804947240256894,0.5217
-10.762584746602737,0.5218
-10.760522539809346,0.5219
-10.759110353959723,0.522
-10.754817619670183,0.5221
-10.750318011248298,0.5222
-10.742599205013365,0.5223
-10.723434329252688,0.5224
-10.662209023110195,0.5225
-10.636967242804916,0.5226
-10.635012019965982,0.5227
-10.629886307736486,0.5228
-10.562425598168,0.5229
-10.557698284085467,0.523
-10.542946984743141,0.5231
-10.540813899755475,0.5232
-10.52743308444377,0.5233
-10.523959450944142,0.5234
-10.521411022978464,0.5235
-10.519971010219306,0.5236
-10.437344220679812,0.5237
-10.420427906433865,0.5238
-10.386532325714827,0.5239
-10.3793238857992,0.524
-10.373687697139383,0.5241
-10.36683689427618,0.5242
-10.354528745152056,0.5243
-10.34027584802583,0.5244
-10.261852169091627,0.5245
-10.238908165226876,0.5246
-10.219466595926322,0.5247
-10.203757022682577,0.5248
-10.198621508232693,0.5249
-10.196061223317683,0.525
-10.188696845898404,0.5251
-10.168295548905617,0.5252
-10.168254351926967,0.5253
-10.159992079195195,0.5254
-10.147637229619548,0.5255
-10.125420066877084,0.5256
-10.122442440849916,0.5257
-10.111271676167103,0.5258
-10.10912878400758,0.5259
-10.100912357627967,0.526
-10.092497546279425,0.5261
-10.06341566706151,0.5262
-10.041558285529911,0.5263
-10.002270111271553,0.5264
-9.979821893177368,0.5265
-9.968381589194388,0.5266
-9.966313232249021,0.5267
-9.959554539713631,0.5268
-9.959502315759659,0.5269
-9.923635379248857,0.527
-9.911933373991772,0.5271
-9.886758478258736,0.5272
-9.874976696744934,0.5273
-9.863269539167359,0.5274
-9.857229977326282,0.5275
-9.854385095924503,0.5276
-9.852452532449552,0.5277
-9.846460302598775,0.5278
-9.838546871404722,0.5279
-9.806900470583699,0.528
-9.753270470751822,0.5281
-9.731682733771763,0.5282
-9.710310321338847,0.5283
-9.692757635586709,0.5284
-9.666718539429828,0.5285
-9.6650653900953,0.5286
-9.656173290812038,0.5287
-9.628184006423504,0.5288
-9.597047965352598,0.5289
-9.586406927981972,0.529
-9.576045012751779,0.5291
-9.560815404711665,0.5292
-9.528860420615226,0.5293
-9.502379956950994,0.5294
-9.48401887230035,0.5295
-9.467514250366575,0.5296
-9.465707611605898,0.5297
-9.457896937122568,0.5298
-9.44831319703199,0.5299
-9.423722669651731,0.53
-9.421123220674321,0.5301
-9.416431034673378,0.5302
-9.409549755963125,0.5303
-9.39043933597319,0.5304
-9.386328032485956,0.5305
-9.380003586122205,0.5306
-9.358364044795186,0.5307
-9.354801234277897,0.5308
-9.344229085360467,0.5309
-9.33806485952623,0.531
-9.332861547848582,0.5311
-9.312795475470834,0.5312
-9.307823539890721,0.5313
-9.299015648016148,0.5314
-9.266994180170261,0.5315
-9.261910884471984,0.5316
-9.260227706406823,0.5317
-9.240723149458878,0.5318
-9.230119899475946,0.5319
-9.221743808037601,0.532
-9.216834406570161,0.5321
-9.176812345078957,0.5322
-9.164040422277154,0.5323
-9.147756132373589,0.5324
-9.14599022888653,0.5325
-9.123363464532234,0.5326
-9.117329579787514,0.5327
-9.115277923461795,0.5328
-9.106535025757738,0.5329
-9.1035966314275,0.533
-9.083478310604207,0.5331
-9.05623943606169,0.5332
-9.045928376891277,0.5333
-9.028153158543253,0.5334
-9.004577798065357,0.5335
-8.994710202999226,0.5336
-8.957989668861776,0.5337
-8.943482083867302,0.5338
-8.922767886025833,0.5339
-8.918049393824301,0.534
-8.9016588795824,0.5341
-8.89834296430573,0.5342
-8.893671191421898,0.5343
-8.892569520847498,0.5344
-8.88799355181791,0.5345
-8.860348240133373,0.5346
-8.846236760115065,0.5347
-8.84372999967523,0.5348
-8.805454271900654,0.5349
-8.798077034534701,0.535
-8.7945597458791,0.5351
-8.775061546011083,0.5352
-8.765904413809439,0.5353
-8.761611830355784,0.5354
-8.717856531600283,0.5355
-8.711887728679555,0.5356
-8.708533571780102,0.5357
-8.661273473975992,0.5358
-8.650564273044466,0.5359
-8.648915460726434,0.536
-8.645255501841568,0.5361
-8.640164812490344,0.5362
-8.640062704820373,0.5363
-8.636745319635795,0.5364
-8.614895978487096,0.5365
-8.613998227570764,0.5366
-8.597193618769571,0.5367
-8.586185079271718,0.5368
-8.575807655910403,0.5369
-8.572284456873312,0.537
-8.550380473860539,0.5371
-8.534717203062774,0.5372
-8.52893215940874,0.5373
-8.516727688871699,0.5374
-8.494996076133475,0.5375
-8.488084899602828,0.5376
-8.480836523088627,0.5377
-8.443099577477016,0.5378
-8.436917656985297,0.5379
-8.432202841075323,0.538
-8.427790844444745,0.5381
-8.411222379524624,0.5382
-8.40891792896446,0.5383
-8.406435306042432,0.5384
-8.400912628468685,0.5385
-8.393384615261478,0.5386
-8.380285117354429,0.5387
-8.3770050766591,0.5388
-8.376672818388418,0.5389
-8.368833574653035,0.539
-8.342731121697463,0.5391
-8.3382545777807,0.5392
-8.32786993045322,0.5393
-8.327869930453046,0.5394
-8.319231513996236,0.5395
-8.309684006914123,0.5396
-8.308751658005454,0.5397
-8.305018315026535,0.5398
-8.276687996583247,0.5399
-8.271010479176605,0.54
-8.267527792702243,0.5401
-8.258367600648478,0.5402
-8.256209273168073,0.5403
-8.25059505414404,0.5404
-8.24638893213365,0.5405
-8.237897469989395,0.5406
-8.234127971603906,0.5407
-8.220083676229791,0.5408
-8.217935086204111,0.5409
-8.216474914424122,0.541
-8.213852907224185,0.5411
-8.194487041486791,0.5412
-8.17872217555549,0.5413
-8.163923614151962,0.5414
-8.153747685494274,0.5415
-8.14985597450193,0.5416
-8.1381610889934,0.5417
-8.11206562447734,0.5418
-8.109962485825829,0.5419
-8.09132212804463,0.542
-8.08934112463966,0.5421
-8.083653015308824,0.5422
-8.078268824207784,0.5423
-8.06184084256254,0.5424
-8.049270554951391,0.5425
-8.044220763823018,0.5426
-8.040460314567015,0.5427
-8.02740581315495,0.5428
-8.022126680801623,0.5429
-8.01693471719548,0.543
-7.9981783505732205,0.5431
-7.9917706717181956,0.5432
-7.970198300926946,0.5433
-7.969035461557656,0.5434
-7.962764173448459,0.5435
-7.9543283358204935,0.5436
-7.9428217649962765,0.5437
-7.934565379464067,0.5438
-7.921831103054993,0.5439
-7.9153770543957105,0.544
-7.911949414347299,0.5441
-7.904674985672906,0.5442
-7.891827276710048,0.5443
-7.88229628205616,0.5444
-7.878047371338308,0.5445
-7.873692973118648,0.5446
-7.870561746159754,0.5447
-7.822393775845503,0.5448
-7.82035358237531,0.5449
-7.818080553975702,0.545
-7.81522580059804,0.5451
-7.814865971096231,0.5452
-7.813162841744162,0.5453
-7.790476496963203,0.5454
-7.776277961548045,0.5455
-7.754623569803685,0.5456
-7.751724641831592,0.5457
-7.7357670270286505,0.5458
-7.729257752558776,0.5459
-7.726844032252953,0.546
-7.714994675476846,0.5461
-7.698657450733706,0.5462
-7.675662091127408,0.5463
-7.672240353059023,0.5464
-7.667679849698023,0.5465
-7.662638029925711,0.5466
-7.645781928095967,0.5467
-7.639811228074879,0.5468
-7.622318485913426,0.5469
-7.621040252662823,0.547
-7.620577333372459,0.5471
-7.594250844447502,0.5472
-7.548733639396727,0.5473
-7.518601397819819,0.5474
-7.512677086575329,0.5475
-7.512627145019919,0.5476
-7.5096543907403825,0.5477
-7.502396887861378,0.5478
-7.464476393609494,0.5479
-7.463369859488122,0.548
-7.4608030471785,0.5481
-7.453476170925423,0.5482
-7.437085527762026,0.5483
-7.433523919090815,0.5484
-7.431118080810271,0.5485
-7.425422182337009,0.5486
-7.420731291080453,0.5487
-7.414167858787812,0.5488
-7.392545524586364,0.5489
-7.390553974655085,0.549
-7.390237925980054,0.5491
-7.382086517841741,0.5492
-7.379646577559597,0.5493
-7.369413281054982,0.5494
-7.3689885125407955,0.5495
-7.364190548074432,0.5496
-7.360849423132652,0.5497
-7.356484712520428,0.5498
-7.351672528891078,0.5499
-7.341040053396486,0.55
-7.331850803355126,0.5501
-7.330481845352054,0.5502
-7.3248179108168845,0.5503
-7.320244346131012,0.5504
-7.291648470506072,0.5505
-7.289925848356448,0.5506
-7.2823174844158824,0.5507
-7.282054794111662,0.5508
-7.271430477472208,0.5509
-7.251982562729717,0.551
-7.250930950969644,0.5511
-7.245704656364211,0.5512
-7.22593844778277,0.5513
-7.194924132911488,0.5514
-7.192158384591713,0.5515
-7.1881102371899415,0.5516
-7.173968181679398,0.5517
-7.168999450894073,0.5518
-7.153863238882833,0.5519
-7.15385974061247,0.552
-7.1340002867639125,0.5521
-7.122691347963921,0.5522
-7.117311288846657,0.5523
-7.115387060768343,0.5524
-7.1148711775528275,0.5525
-7.114349926644378,0.5526
-7.110697285058721,0.5527
-7.092768002212793,0.5528
-7.090618635934952,0.5529
-7.085961867704987,0.553
-7.074833168600501,0.5531
-7.073890218009056,0.5532
-7.067045357774385,0.5533
-7.060033490004949,0.5534
-7.032752931582928,0.5535
-7.017514681158961,0.5536
-6.994239832015895,0.5537
-6.984070228603296,0.5538
-6.981342349476925,0.5539
-6.978825270058774,0.554
-6.961236650116556,0.5541
-6.94348969985079,0.5542
-6.940652655896731,0.5543
-6.930170807065442,0.5544
-6.928506309869326,0.5545
-6.903331603802182,0.5546
-6.9010379647420725,0.5547
-6.876591812733561,0.5548
-6.870395802600869,0.5549
-6.867943422618136,0.555
-6.860408846128368,0.5551
-6.85796004598271,0.5552
-6.855070014501354,0.5553
-6.850961656613649,0.5554
-6.8384827311633165,0.5555
-6.837567687828094,0.5556
-6.824506946016292,0.5557
-6.797603846184164,0.5558
-6.7886367623074,0.5559
-6.786677735234436,0.556
-6.784771025783383,0.5561
-6.780678687322699,0.5562
-6.778543737288192,0.5563
-6.775600994557701,0.5564
-6.767376311705634,0.5565
-6.741679714743607,0.5566
-6.731812268947811,0.5567
-6.724670674773862,0.5568
-6.71105312279146,0.5569
-6.703770106728561,0.557
-6.700069383694977,0.5571
-6.678425694458932,0.5572
-6.675776281839982,0.5573
-6.665311894270592,0.5574
-6.662685751175323,0.5575
-6.658341227535159,0.5576
-6.649524234758131,0.5577
-6.643470166431927,0.5578
-6.63486034200918,0.5579
-6.620484181374684,0.558
-6.616964731292427,0.5581
-6.607666460846923,0.5582
-6.599133737918548,0.5583
-6.590391415490582,0.5584
-6.565832383399643,0.5585
-6.564390812758916,0.5586
-6.549091127215885,0.5587
-6.5465840509073825,0.5588
-6.540074185699225,0.5589
-6.539150681965425,0.559
-6.527946797449887,0.5591
-6.505211184061133,0.5592
-6.49138888499625,0.5593
-6.483777932916395,0.5594
-6.483550069837458,0.5595
-6.464002993893438,0.5596
-6.4595570630857715,0.5597
-6.455349137092753,0.5598
-6.440013650537654,0.5599
-6.433868488202244,0.56
-6.426048187034949,0.5601
-6.418512788898501,0.5602
-6.41807899852898,0.5603
-6.415471952881291,0.5604
-6.409584673435427,0.5605
-6.409118080828337,0.5606
-6.387546346718632,0.5607
-6.36877996654548,0.5608
-6.365327384424583,0.5609
-6.361515178808197,0.561
-6.3471283203894275,0.5611
-6.329747356797383,0.5612
-6.32451230910346,0.5613
-6.309129377262667,0.5614
-6.308027724674532,0.5615
-6.290237805887125,0.5616
-6.285558977129497,0.5617
-6.284516531991586,0.5618
-6.278045382989385,0.5619
-6.274629582991824,0.562
-6.273906535489485,0.5621
-6.2687777135808025,0.5622
-6.26261067196447,0.5623
-6.237349289784394,0.5624
-6.234159999522008,0.5625
-6.231977498970553,0.5626
-6.223897426106595,0.5627
-6.21938603871502,0.5628
-6.2127511919332665,0.5629
-6.192692675142736,0.563
-6.189033191196062,0.5631
-6.185960001931154,0.5632
-6.1728162728039555,0.5633
-6.1720288604803395,0.5634
-6.162609994253329,0.5635
-6.1624117019807905,0.5636
-6.153403510204888,0.5637
-6.151866969311983,0.5638
-6.151773197802529,0.5639
-6.150702930433676,0.564
-6.150461307510733,0.5641
-6.149048032323271,0.5642
-6.147906581145153,0.5643
-6.136542318831013,0.5644
-6.124538352659159,0.5645
-6.094861788959428,0.5646
-6.093600630164891,0.5647
-6.0925473106099295,0.5648
-6.087917913416215,0.5649
-6.082962331341943,0.565
-6.070480284187385,0.5651
-6.066123196355813,0.5652
-6.065229869810678,0.5653
-6.056048447546549,0.5654
-6.052094288099557,0.5655
-6.051796794268862,0.5656
-6.047095067135618,0.5657
-6.045204974049702,0.5658
-6.034883411306699,0.5659
-6.029876788767613,0.566
-6.029325747662969,0.5661
-6.026946799154961,0.5662
-6.018095157941803,0.5663
-6.009792352498322,0.5664
-6.009767839808017,0.5665
-6.008904786917568,0.5666
-6.008360630192421,0.5667
-5.99285219501909,0.5668
-5.988905228761214,0.5669
-5.983347500238567,0.567
-5.97372788709998,0.5671
-5.971737846987694,0.5672
-5.928159480038658,0.5673
-5.921901920569315,0.5674
-5.911254633163291,0.5675
-5.9111130292782565,0.5676
-5.8950148429887355,0.5677
-5.863072596387566,0.5678
-5.849186586780847,0.5679
-5.839282912511566,0.568
-5.832970708542689,0.5681
-5.832659431047924,0.5682
-5.830026002884471,0.5683
-5.830008074178546,0.5684
-5.823463480532169,0.5685
-5.817287674243748,0.5686
-5.817105295145512,0.5687
-5.816988389833085,0.5688
-5.81282325841561,0.5689
-5.81261690933872,0.569
-5.811886494580285,0.5691
-5.809211438644119,0.5692
-5.8085948333889394,0.5693
-5.781120506045782,0.5694
-5.773955568583868,0.5695
-5.771847155263283,0.5696
-5.7711537062169995,0.5697
-5.764349546036683,0.5698
-5.751193270630762,0.5699
-5.743371891123801,0.57
-5.739975104273669,0.5701
-5.732134758804738,0.5702
-5.724563857617788,0.5703
-5.722469984905422,0.5704
-5.717207285305113,0.5705
-5.711341683403217,0.5706
-5.70502075063493,0.5707
-5.70105993108172,0.5708
-5.663310664460062,0.5709
-5.622119442101942,0.571
-5.593106406971812,0.5711
-5.590291563847102,0.5712
-5.582635163725354,0.5713
-5.570571194777266,0.5714
-5.569424254927038,0.5715
-5.515263291171938,0.5716
-5.511256785671415,0.5717
-5.505218694850803,0.5718
-5.502841223858856,0.5719
-5.497998173363507,0.572
-5.497652553053387,0.5721
-5.4885971692586315,0.5722
-5.4874127259397865,0.5723
-5.4796820668475705,0.5724
-5.461530428667739,0.5725
-5.457881447028927,0.5726
-5.436138250892424,0.5727
-5.435330171303452,0.5728
-5.427692120608315,0.5729
-5.424033662075735,0.573
-5.405603480140304,0.5731
-5.40313195461072,0.5732
-5.388554430568031,0.5733
-5.384851905062609,0.5734
-5.378534352576546,0.5735
-5.375025876991451,0.5736
-5.361861518963613,0.5737
-5.360549352350087,0.5738
-5.354854832751863,0.5739
-5.354626955154352,0.574
-5.350399533962645,0.5741
-5.335949029174634,0.5742
-5.331508015122078,0.5743
-5.324137056036852,0.5744
-5.3074169502753765,0.5745
-5.29996486000456,0.5746
-5.270168313976005,0.5747
-5.267183519703896,0.5748
-5.264689418835193,0.5749
-5.260321498936229,0.575
-5.25998610784728,0.5751
-5.250537356650829,0.5752
-5.248186743972078,0.5753
-5.246591817852297,0.5754
-5.220795338874869,0.5755
-5.219541254313477,0.5756
-5.210645459390991,0.5757
-5.208096304823085,0.5758
-5.197859760835021,0.5759
-5.191882694805227,0.576
-5.188841682443395,0.5761
-5.187246610164084,0.5762
-5.182000684795528,0.5763
-5.17607842170149,0.5764
-5.1743263161953506,0.5765
-5.16541971228812,0.5766
-5.154510368436388,0.5767
-5.1518047459915275,0.5768
-5.142043148420379,0.5769
-5.1381187518250195,0.577
-5.118807871924527,0.5771
-5.112330774950422,0.5772
-5.104265252511017,0.5773
-5.104088533024863,0.5774
-5.102007541935147,0.5775
-5.07693086899817,0.5776
-5.072775228635961,0.5777
-5.070467201200873,0.5778
-5.062255040980317,0.5779
-5.046981314164214,0.578
-5.03623859784212,0.5781
-5.024679519226402,0.5782
-5.022549491533078,0.5783
-5.0192395241562275,0.5784
-5.013744404255785,0.5785
-5.009312085156329,0.5786
-4.993881093800441,0.5787
-4.992090753510409,0.5788
-4.990459455711582,0.5789
-4.988704557709768,0.579
-4.980067047309503,0.5791
-4.976127598415875,0.5792
-4.970251638797298,0.5793
-4.968539129594527,0.5794
-4.954870868152008,0.5795
-4.953863361486423,0.5796
-4.951731181451309,0.5797
-4.94927195623722,0.5798
-4.943016820511595,0.5799
-4.941159563662112,0.58
-4.940479241254181,0.5801
-4.939922926409171,0.5802
-4.9266683907983815,0.5803
-4.9175377458840615,0.5804
-4.916769941350445,0.5805
-4.9144569034159185,0.5806
-4.908462335485034,0.5807
-4.899107844543458,0.5808
-4.898528820926696,0.5809
-4.893358614959005,0.581
-4.872245428932645,0.5811
-4.871979449512437,0.5812
-4.871929797812551,0.5813
-4.8641784119324765,0.5814
-4.863321023960039,0.5815
-4.862649556070752,0.5816
-4.8602436336368315,0.5817
-4.847877375187353,0.5818
-4.846902002584189,0.5819
-4.834904445388914,0.582
-4.827814552421495,0.5821
-4.827338669879362,0.5822
-4.825674498022534,0.5823
-4.823158514347859,0.5824
-4.815020338506252,0.5825
-4.813211026075111,0.5826
-4.8119984685391195,0.5827
-4.811299467417598,0.5828
-4.810091311797873,0.5829
-4.794674392716586,0.583
-4.789744786104373,0.5831
-4.780306294213049,0.5832
-4.774843536705337,0.5833
-4.77307077188734,0.5834
-4.772391162243111,0.5835
-4.770262346608564,0.5836
-4.766874167097733,0.5837
-4.748946293742209,0.5838
-4.746465522110649,0.5839
-4.743340315430425,0.584
-4.736417377742939,0.5841
-4.730012740892171,0.5842
-4.7115941873323175,0.5843
-4.709857559145055,0.5844
-4.698176232231594,0.5845
-4.695908895053343,0.5846
-4.688451664210484,0.5847
-4.686163443221524,0.5848
-4.668882467486336,0.5849
-4.6461154425496245,0.585
-4.638321139872819,0.5851
-4.635975386229157,0.5852
-4.613316782642901,0.5853
-4.611141034323537,0.5854
-4.599575059483945,0.5855
-4.595817043785006,0.5856
-4.591685647681915,0.5857
-4.590243136759847,0.5858
-4.575926884786784,0.5859
-4.573933188305795,0.586
-4.5722300340579825,0.5861
-4.5719619545320045,0.5862
-4.567397549559921,0.5863
-4.55148827101458,0.5864
-4.546884164960682,0.5865
-4.545288860766217,0.5866
-4.5358721251644205,0.5867
-4.534447176446207,0.5868
-4.518811011967622,0.5869
-4.505351507104933,0.587
-4.503469587095082,0.5871
-4.496359706626274,0.5872
-4.494843309830129,0.5873
-4.491742508554645,0.5874
-4.4900618325475605,0.5875
-4.489767036901787,0.5876
-4.478288019844889,0.5877
-4.470450112344882,0.5878
-4.465419251471758,0.5879
-4.463333109747992,0.588
-4.454112376068165,0.5881
-4.454087252921238,0.5882
-4.432024388140999,0.5883
-4.429695302105694,0.5884
-4.426546056285501,0.5885
-4.404071090961993,0.5886
-4.398722492258623,0.5887
-4.393327815969661,0.5888
-4.386676636486127,0.5889
-4.385224913114122,0.589
-4.383664791845158,0.5891
-4.377271225014143,0.5892
-4.375693057464064,0.5893
-4.354604886312223,0.5894
-4.353767956321873,0.5895
-4.351745297200419,0.5896
-4.350225643740594,0.5897
-4.346489942036569,0.5898
-4.342027372731081,0.5899
-4.329903103370033,0.59
-4.323790187040903,0.5901
-4.317800276829861,0.5902
-4.313467548098601,0.5903
-4.312741870698147,0.5904
-4.311580219540185,0.5905
-4.308803982616403,0.5906
-4.306854701647535,0.5907
-4.30018858341649,0.5908
-4.29932641446814,0.5909
-4.288108873789944,0.591
-4.2820746039927,0.5911
-4.273848454856314,0.5912
-4.261865796784312,0.5913
-4.255435714755207,0.5914
-4.241884813035652,0.5915
-4.230742283329367,0.5916
-4.222230119537747,0.5917
-4.2185746216865265,0.5918
-4.215124560384639,0.5919
-4.204880135706068,0.592
-4.176556300041825,0.5921
-4.172249066653661,0.5922
-4.171189184616878,0.5923
-4.152563189951889,0.5924
-4.137854115547612,0.5925
-4.1314123670775444,0.5926
-4.1246547179935495,0.5927
-4.123044010076299,0.5928
-4.119823980367184,0.5929
-4.118767427826113,0.593
-4.116066717816331,0.5931
-4.1058186280393985,0.5932
-4.105447824040806,0.5933
-4.104667202993855,0.5934
-4.091286111325401,0.5935
-4.085160748534464,0.5936
-4.083702332931384,0.5937
-4.081477001522481,0.5938
-4.079102703326382,0.5939
-4.069381692724675,0.594
-4.052013852240518,0.5941
-4.050504494296946,0.5942
-4.043061097636074,0.5943
-4.039029931925052,0.5944
-4.037670935815014,0.5945
-4.027444244509936,0.5946
-4.023918966006673,0.5947
-4.020215663561784,0.5948
-4.015818948373198,0.5949
-4.012157600436732,0.595
-4.004081478517502,0.5951
-4.000639777837508,0.5952
-3.9812157248277216,0.5953
-3.9768580779874685,0.5954
-3.974545658738905,0.5955
-3.9723466001566496,0.5956
-3.966489503641054,0.5957
-3.9655837220828984,0.5958
-3.9544214633334427,0.5959
-3.95311702833306,0.596
-3.951902361927554,0.5961
-3.946928275229037,0.5962
-3.9458468728601934,0.5963
-3.9371619455143816,0.5964
-3.9296951514005665,0.5965
-3.923074545338005,0.5966
-3.923009754347429,0.5967
-3.9155495221758256,0.5968
-3.911896451620571,0.5969
-3.9100118406923485,0.597
-3.903680472652428,0.5971
-3.89924156292025,0.5972
-3.890933017669059,0.5973
-3.884785882434435,0.5974
-3.8822836464157326,0.5975
-3.877642966063321,0.5976
-3.877213534954749,0.5977
-3.8724801569614558,0.5978
-3.8721061445251106,0.5979
-3.8704914942663162,0.598
-3.866154521856085,0.5981
-3.8658080339211973,0.5982
-3.8656408639378848,0.5983
-3.8637888347826896,0.5984
-3.8517755771454425,0.5985
-3.8367386302571744,0.5986
-3.832476901946962,0.5987
-3.8293328555926673,0.5988
-3.8241670948879793,0.5989
-3.823482135307789,0.599
-3.8188241938373078,0.5991
-3.8138402503587314,0.5992
-3.8066985869636754,0.5993
-3.80240214195326,0.5994
-3.7991531511388748,0.5995
-3.797697534091026,0.5996
-3.7949893459526827,0.5997
-3.788068911747821,0.5998
-3.785422186373547,0.5999
-3.7806311356974764,0.6
-3.777513184379414,0.6001
-3.7710259435536346,0.6002
-3.769874213243835,0.6003
-3.7647583262778817,0.6004
-3.764621451185085,0.6005
-3.7594469902133567,0.6006
-3.746662159647234,0.6007
-3.7420410568842666,0.6008
-3.7417542034680022,0.6009
-3.7376483538251373,0.601
-3.737561345017515,0.6011
-3.733910387983359,0.6012
-3.727810796770081,0.6013
-3.722433342464268,0.6014
-3.7219677023764697,0.6015
-3.7161496664520364,0.6016
-3.6987789703818037,0.6017
-3.6960991024358196,0.6018
-3.68884915295877,0.6019
-3.685060412530042,0.602
-3.681289679903723,0.6021
-3.6773604176701977,0.6022
-3.6736247415544456,0.6023
-3.670907041619159,0.6024
-3.6676213446753105,0.6025
-3.663140188449248,0.6026
-3.660967879896239,0.6027
-3.660829362373799,0.6028
-3.656593509187922,0.6029
-3.6510754872579128,0.603
-3.649324432532117,0.6031
-3.6487535885889084,0.6032
-3.640432341769338,0.6033
-3.639907624761015,0.6034
-3.6313594578187907,0.6035
-3.6313018190464006,0.6036
-3.628697606324963,0.6037
-3.6275290822952986,0.6038
-3.6218717546839265,0.6039
-3.6181158483989537,0.604
-3.600872391372541,0.6041
-3.5947574998984115,0.6042
-3.588970764990896,0.6043
-3.584377453559451,0.6044
-3.58296792737171,0.6045
-3.572636691923067,0.6046
-3.572464210453257,0.6047
-3.565339092314243,0.6048
-3.562978131413832,0.6049
-3.5605283384777606,0.605
-3.558231877984665,0.6051
-3.553908983978815,0.6052
-3.5406480897126715,0.6053
-3.5379546849360697,0.6054
-3.5352532131951304,0.6055
-3.5343930225038904,0.6056
-3.531465202891454,0.6057
-3.510939394449257,0.6058
-3.5058444140959533,0.6059
-3.5022088249538097,0.606
-3.4988886100245646,0.6061
-3.495576733233221,0.6062
-3.4901968786843125,0.6063
-3.488375219091587,0.6064
-3.479536369387619,0.6065
-3.4784921787859875,0.6066
-3.4769078250557186,0.6067
-3.470691071860492,0.6068
-3.470118498489639,0.6069
-3.4632292763449297,0.607
-3.462299235882796,0.6071
-3.45984933866132,0.6072
-3.458597857336701,0.6073
-3.4468376206634566,0.6074
-3.444894996073097,0.6075
-3.441223417477682,0.6076
-3.436815261726827,0.6077
-3.435847836548276,0.6078
-3.434835222757794,0.6079
-3.4330110366973967,0.608
-3.42377640727982,0.6081
-3.4234830887563525,0.6082
-3.422955630011111,0.6083
-3.418163189015724,0.6084
-3.4144498839318755,0.6085
-3.41300902584102,0.6086
-3.41234942847155,0.6087
-3.40879294987712,0.6088
-3.40500222216472,0.6089
-3.400269233428314,0.609
-3.3969152601739387,0.6091
-3.3882482059443393,0.6092
-3.381740538131073,0.6093
-3.377333352151327,0.6094
-3.362532472715713,0.6095
-3.3583104658478877,0.6096
-3.3550873457551003,0.6097
-3.349334088291601,0.6098
-3.347921317234822,0.6099
-3.3378102305620905,0.61
-3.3377785158522424,0.6101
-3.335665062461234,0.6102
-3.3171146590456364,0.6103
-3.3150316331125795,0.6104
-3.310719995157794,0.6105
-3.308509772372246,0.6106
-3.305574209448692,0.6107
-3.3012639250673352,0.6108
-3.300968245667219,0.6109
-3.2988613252602517,0.611
-3.2887352154381575,0.6111
-3.2805735750686433,0.6112
-3.2742741765595973,0.6113
-3.2673274527542295,0.6114
-3.2520672283932566,0.6115
-3.249965545471943,0.6116
-3.248452193199657,0.6117
-3.2475079984046524,0.6118
-3.2439219869837164,0.6119
-3.2419430779740215,0.612
-3.241274713297561,0.6121
-3.239374854833074,0.6122
-3.232053174771368,0.6123
-3.226814442140423,0.6124
-3.224076367785596,0.6125
-3.2199358643310148,0.6126
-3.212902790317676,0.6127
-3.2087756778510284,0.6128
-3.2051103422624982,0.6129
-3.204859032859839,0.613
-3.204562557149306,0.6131
-3.199788668265937,0.6132
-3.1959464061163367,0.6133
-3.193304278051481,0.6134
-3.185897097353451,0.6135
-3.178980124922656,0.6136
-3.1784742887578905,0.6137
-3.1731469493983315,0.6138
-3.1628364185651763,0.6139
-3.1570546182680848,0.614
-3.1360624799581247,0.6141
-3.1338235663443803,0.6142
-3.133626077640429,0.6143
-3.1300722794858737,0.6144
-3.1288510311350226,0.6145
-3.119514775413275,0.6146
-3.1160924973711372,0.6147
-3.1110827817093583,0.6148
-3.1088089133871724,0.6149
-3.1043466059278697,0.615
-3.100546316706575,0.6151
-3.099761657610163,0.6152
-3.097180182564631,0.6153
-3.0950340552644806,0.6154
-3.0927604706019194,0.6155
-3.0916003421040257,0.6156
-3.0882642193436625,0.6157
-3.087460892955959,0.6158
-3.0840812479985873,0.6159
-3.0830304265506565,0.616
-3.078485822571628,0.6161
-3.0692868953607975,0.6162
-3.0685110877661037,0.6163
-3.063298851489276,0.6164
-3.059339196929522,0.6165
-3.056134863386862,0.6166
-3.05308641110994,0.6167
-3.0524515470366924,0.6168
-3.052033940689825,0.6169
-3.0519769124317913,0.617
-3.0463315591026103,0.6171
-3.0420246007589626,0.6172
-3.038898354553431,0.6173
-3.037004794247076,0.6174
-3.0331356289774174,0.6175
-3.026394931670837,0.6176
-3.025610916513949,0.6177
-3.023455182740092,0.6178
-3.0202747696157544,0.6179
-3.017493081991374,0.618
-3.0130136114353316,0.6181
-3.009986679252796,0.6182
-3.008869605302811,0.6183
-3.007116163995675,0.6184
-3.0053282365936784,0.6185
-3.0004624560328197,0.6186
-2.996573899739049,0.6187
-2.9960306380083783,0.6188
-2.9925222605461252,0.6189
-2.98775030708164,0.619
-2.958195865882002,0.6191
-2.955609549396485,0.6192
-2.9522843065928663,0.6193
-2.948748797244765,0.6194
-2.948091994245909,0.6195
-2.9478103530183435,0.6196
-2.9456672412138434,0.6197
-2.9417566746426744,0.6198
-2.9394976587528365,0.6199
-2.9380434479976074,0.62
-2.9367231351114804,0.6201
-2.936372858854383,0.6202
-2.9324284633923323,0.6203
-2.931213765833527,0.6204
-2.930258021948859,0.6205
-2.921773115926422,0.6206
-2.9202941332010552,0.6207
-2.918547828831151,0.6208
-2.9165816840786487,0.6209
-2.914716422543116,0.621
-2.9089102593133225,0.6211
-2.907738876675814,0.6212
-2.9000538368750366,0.6213
-2.8970523678006606,0.6214
-2.8934787097664554,0.6215
-2.8844794689383355,0.6216
-2.875658662947268,0.6217
-2.870232191892339,0.6218
-2.8617287304092196,0.6219
-2.8491914387471975,0.622
-2.8480179158013317,0.6221
-2.8474821744136505,0.6222
-2.842057534841448,0.6223
-2.841205739546008,0.6224
-2.8404838662011547,0.6225
-2.8371512086300177,0.6226
-2.832393438516557,0.6227
-2.831884060583823,0.6228
-2.824757130596973,0.6229
-2.817472501960583,0.623
-2.8099043761841953,0.6231
-2.804685610863566,0.6232
-2.8025660854836927,0.6233
-2.7935872152099384,0.6234
-2.7872020372021944,0.6235
-2.7858303999697793,0.6236
-2.7849903014346955,0.6237
-2.7775295519046486,0.6238
-2.7731855717858296,0.6239
-2.7724712979761885,0.624
-2.7714499148184433,0.6241
-2.7688090291393923,0.6242
-2.767035910848528,0.6243
-2.7587392860066147,0.6244
-2.7560997509673237,0.6245
-2.7557920111812653,0.6246
-2.7515803187023846,0.6247
-2.7509831155886872,0.6248
-2.7504882502326744,0.6249
-2.7451226502472537,0.625
-2.74479413607046,0.6251
-2.738249722423777,0.6252
-2.732604112908058,0.6253
-2.727517889692262,0.6254
-2.7252781456757336,0.6255
-2.715282526542061,0.6256
-2.7147834386285394,0.6257
-2.708835922741704,0.6258
-2.7042908063583075,0.6259
-2.7013889094019308,0.626
-2.7008742627717557,0.6261
-2.692569952546444,0.6262
-2.6914180102452634,0.6263
-2.6859023434666915,0.6264
-2.6835740245470774,0.6265
-2.677583490295149,0.6266
-2.676027136075311,0.6267
-2.6748499644916506,0.6268
-2.674815531839244,0.6269
-2.669905745254642,0.627
-2.662768258629553,0.6271
-2.660588234197721,0.6272
-2.6605075615379956,0.6273
-2.6600243857406074,0.6274
-2.657069182803109,0.6275
-2.6569155614584683,0.6276
-2.6493076414586976,0.6277
-2.649181689355709,0.6278
-2.6452154059719297,0.6279
-2.640844192532078,0.628
-2.638524630917422,0.6281
-2.638248732626997,0.6282
-2.6367115832949057,0.6283
-2.632912307627499,0.6284
-2.630638307368197,0.6285
-2.6283714330470187,0.6286
-2.6170585626829417,0.6287
-2.6145584023213013,0.6288
-2.6138019712518905,0.6289
-2.6046997714921836,0.629
-2.6045061707258226,0.6291
-2.603894432050176,0.6292
-2.6001802430698646,0.6293
-2.5960287661070005,0.6294
-2.5946047469995914,0.6295
-2.5809113301431763,0.6296
-2.579093186297827,0.6297
-2.5789567876378072,0.6298
-2.5765248296706007,0.6299
-2.575043031922727,0.63
-2.5745768779540437,0.6301
-2.57420647014007,0.6302
-2.5714921072315424,0.6303
-2.567167055810429,0.6304
-2.5663324321260674,0.6305
-2.5661251420950504,0.6306
-2.5655800036266445,0.6307
-2.5637450648289173,0.6308
-2.557780116121471,0.6309
-2.556488135127536,0.631
-2.5530049901511522,0.6311
-2.549281736735813,0.6312
-2.5484707023181024,0.6313
-2.545382797615975,0.6314
-2.544211763083935,0.6315
-2.543546277152002,0.6316
-2.5388537968643012,0.6317
-2.533894725997746,0.6318
-2.5289028760425745,0.6319
-2.5271848124431444,0.632
-2.5249074398959057,0.6321
-2.524018872315064,0.6322
-2.5231111983407293,0.6323
-2.513287628916092,0.6324
-2.511212395435944,0.6325
-2.507113604027778,0.6326
-2.5045565783394506,0.6327
-2.5032303789423787,0.6328
-2.5014282113257797,0.6329
-2.5009198551015923,0.633
-2.4950518524080514,0.6331
-2.4928032412709666,0.6332
-2.492006340492144,0.6333
-2.4900877185594292,0.6334
-2.487441416246072,0.6335
-2.4874049818228934,0.6336
-2.4868747934907676,0.6337
-2.4847837917745115,0.6338
-2.484010045047104,0.6339
-2.4820950330600144,0.634
-2.479514968082495,0.6341
-2.4737948515245662,0.6342
-2.4721049137875437,0.6343
-2.4707816423848272,0.6344
-2.467313745977357,0.6345
-2.4667119992505757,0.6346
-2.4612177267199375,0.6347
-2.461181577672996,0.6348
-2.457052224362455,0.6349
-2.456005344508216,0.635
-2.4523607447555293,0.6351
-2.4495690119264646,0.6352
-2.445802298185229,0.6353
-2.444390245307609,0.6354
-2.4396978414407005,0.6355
-2.435124814404733,0.6356
-2.4331806319696834,0.6357
-2.4273213723685596,0.6358
-2.426608017472364,0.6359
-2.422080701070651,0.636
-2.42175575491786,0.6361
-2.413342207925208,0.6362
-2.4098800480643288,0.6363
-2.409468824121915,0.6364
-2.408789683606848,0.6365
-2.40697166171372,0.6366
-2.403052493957988,0.6367
-2.402880407039076,0.6368
-2.401066913177818,0.6369
-2.3987860617181287,0.637
-2.395022818908654,0.6371
-2.3948746813371775,0.6372
-2.393295670124888,0.6373
-2.39107874951344,0.6374
-2.383748474810086,0.6375
-2.3819252290166912,0.6376
-2.3794227499114355,0.6377
-2.3765390286633745,0.6378
-2.373857160432823,0.6379
-2.3722733483696357,0.638
-2.3684933727001773,0.6381
-2.3658640584444623,0.6382
-2.359246364720352,0.6383
-2.358554744533822,0.6384
-2.345441851330735,0.6385
-2.343493614781089,0.6386
-2.341866161611676,0.6387
-2.3417115984348578,0.6388
-2.3413396341746675,0.6389
-2.3407674674447625,0.639
-2.3398364454466845,0.6391
-2.339682038795949,0.6392
-2.3374209254331886,0.6393
-2.3327279368363323,0.6394
-2.3325784931808706,0.6395
-2.3281908661220223,0.6396
-2.323182115761191,0.6397
-2.3224361208269255,0.6398
-2.312623030214757,0.6399
-2.3083341822434216,0.64
-2.305606994526834,0.6401
-2.3032968875499447,0.6402
-2.3028202370971442,0.6403
-2.3027921700295066,0.6404
-2.287753534274176,0.6405
-2.2838493746045976,0.6406
-2.278176602759212,0.6407
-2.2780829882115126,0.6408
-2.2752857703957705,0.6409
-2.2650783446595075,0.641
-2.2583158440021798,0.6411
-2.2581257438376543,0.6412
-2.2407695981310676,0.6413
-2.2385308252813294,0.6414
-2.23673553860262,0.6415
-2.235996537052095,0.6416
-2.2280077600322667,0.6417
-2.2260478249490263,0.6418
-2.2251897028677163,0.6419
-2.2224420213673266,0.642
-2.2193338326983154,0.6421
-2.2189896556980906,0.6422
-2.218963197672553,0.6423
-2.2150427302762865,0.6424
-2.213835645222477,0.6425
-2.2035239210642876,0.6426
-2.2021344546167185,0.6427
-2.2013666136648498,0.6428
-2.200401680193283,0.6429
-2.197052410000564,0.643
-2.1911532264696434,0.6431
-2.189867128034681,0.6432
-2.1850193900238724,0.6433
-2.1844059055600313,0.6434
-2.1831944771094247,0.6435
-2.179633577047289,0.6436
-2.1778977480182427,0.6437
-2.175264919710718,0.6438
-2.1689696303635837,0.6439
-2.1672826131086795,0.644
-2.166142338821479,0.6441
-2.163405877187848,0.6442
-2.16211466107741,0.6443
-2.1572917083662033,0.6444
-2.1385636407621207,0.6445
-2.136508687069081,0.6446
-2.130310278804414,0.6447
-2.126276075888425,0.6448
-2.1237138040574264,0.6449
-2.1218451606489714,0.645
-2.1209803787995125,0.6451
-2.120681031744741,0.6452
-2.117162822650932,0.6453
-2.114071601610817,0.6454
-2.107136979021132,0.6455
-2.1056852623332287,0.6456
-2.104009742663056,0.6457
-2.1031971407055856,0.6458
-2.101804341065139,0.6459
-2.097530705614947,0.646
-2.0954655280796812,0.6461
-2.0935176700141285,0.6462
-2.085609237583354,0.6463
-2.082124558974803,0.6464
-2.0705081811159847,0.6465
-2.0668752436146143,0.6466
-2.066187785419822,0.6467
-2.0648602906830607,0.6468
-2.0641242033876477,0.6469
-2.0543295223781843,0.647
-2.0527468379842118,0.6471
-2.052687315819785,0.6472
-2.050967231279053,0.6473
-2.050608285867423,0.6474
-2.041551907324791,0.6475
-2.028465048896527,0.6476
-2.0273220607699827,0.6477
-2.025662955794111,0.6478
-2.023247822173312,0.6479
-2.0200224247612057,0.648
-2.0097003160862257,0.6481
-1.9985290849361572,0.6482
-1.9978721524437888,0.6483
-1.978157642268762,0.6484
-1.9763142881484705,0.6485
-1.9757305017029867,0.6486
-1.9714921915316954,0.6487
-1.9645782402807848,0.6488
-1.9525797392683102,0.6489
-1.944894504680112,0.649
-1.9417588691180572,0.6491
-1.9411614982260395,0.6492
-1.939094333542139,0.6493
-1.9373377763997763,0.6494
-1.9371860393185167,0.6495
-1.9366951669594272,0.6496
-1.9365347139408813,0.6497
-1.9359997501920907,0.6498
-1.9221605714282017,0.6499
-1.9118543392162772,0.65
-1.9060723669348283,0.6501
-1.9050434465050696,0.6502
-1.899498083982244,0.6503
-1.8975988545482976,0.6504
-1.8963294968975708,0.6505
-1.8938142281837758,0.6506
-1.8909606000473722,0.6507
-1.8905926645312459,0.6508
-1.8858837265491488,0.6509
-1.8848124810313807,0.651
-1.8847622824039312,0.6511
-1.8829618670009078,0.6512
-1.8769879343055187,0.6513
-1.876849752048403,0.6514
-1.8763910989856347,0.6515
-1.874738784188591,0.6516
-1.8741797857232392,0.6517
-1.870311313752085,0.6518
-1.8693064391490075,0.6519
-1.860081447464414,0.652
-1.8590108623459938,0.6521
-1.853530823660642,0.6522
-1.8518589013058695,0.6523
-1.8502800813633948,0.6524
-1.8493790634199976,0.6525
-1.8481583659859375,0.6526
-1.8391261946864426,0.6527
-1.8298238769177348,0.6528
-1.8283629739232363,0.6529
-1.8201613790424542,0.653
-1.8177570944499226,0.6531
-1.8174081091979524,0.6532
-1.8162264773782344,0.6533
-1.814153298601508,0.6534
-1.8136864479849117,0.6535
-1.809742503936588,0.6536
-1.8094187055537474,0.6537
-1.8069700104139748,0.6538
-1.8051164250433445,0.6539
-1.802937663680501,0.654
-1.7990276175649837,0.6541
-1.7939324225809423,0.6542
-1.793502568157762,0.6543
-1.7929678762916479,0.6544
-1.7811261303870005,0.6545
-1.7782533313388003,0.6546
-1.7778774408729747,0.6547
-1.7689811924044043,0.6548
-1.7679877236653119,0.6549
-1.7651705139543774,0.655
-1.760402909874916,0.6551
-1.758638522594422,0.6552
-1.7522731097571553,0.6553
-1.7489101264277473,0.6554
-1.7479085656944662,0.6555
-1.7466347134256734,0.6556
-1.7439813381716631,0.6557
-1.7363523509591818,0.6558
-1.7354841191900894,0.6559
-1.7326059874998407,0.656
-1.7272927167434249,0.6561
-1.7272625641334802,0.6562
-1.7265888046771287,0.6563
-1.7245968188641592,0.6564
-1.722929963462427,0.6565
-1.7215559393484146,0.6566
-1.7211943910248577,0.6567
-1.7145533978233112,0.6568
-1.7086736008498817,0.6569
-1.7054469586014747,0.657
-1.7027018104489893,0.6571
-1.6996227547127638,0.6572
-1.6974538695858794,0.6573
-1.6968615247031673,0.6574
-1.696530859970674,0.6575
-1.6957865158595142,0.6576
-1.6951084753224626,0.6577
-1.6948149368982763,0.6578
-1.693765217171982,0.6579
-1.6931333483554427,0.658
-1.6920256312865765,0.6581
-1.6894842462362722,0.6582
-1.6861813514264299,0.6583
-1.6861738775795325,0.6584
-1.681746923571825,0.6585
-1.6810893686950206,0.6586
-1.6807075336650017,0.6587
-1.6780543046632783,0.6588
-1.6718208834737538,0.6589
-1.6697210942152887,0.659
-1.6681355413470418,0.6591
-1.666009767659381,0.6592
-1.664642459442839,0.6593
-1.661854148203321,0.6594
-1.6568288373129443,0.6595
-1.6548844309749073,0.6596
-1.65243756015526,0.6597
-1.648649531786889,0.6598
-1.6432999913539736,0.6599
-1.6421153941914444,0.66
-1.6414324409138417,0.6601
-1.636106055229716,0.6602
-1.6347459420923145,0.6603
-1.6331198042549193,0.6604
-1.632553594788909,0.6605
-1.6318919365307318,0.6606
-1.625957234595716,0.6607
-1.623961887765862,0.6608
-1.6230817285951227,0.6609
-1.6216194025531414,0.661
-1.6207337480913848,0.6611
-1.6097831737970933,0.6612
-1.6079669368118048,0.6613
-1.6068414902471004,0.6614
-1.6057542984914035,0.6615
-1.604126307788491,0.6616
-1.6036833280624823,0.6617
-1.6027871566051617,0.6618
-1.6020640815434977,0.6619
-1.5932255535257982,0.662
-1.589656075647846,0.6621
-1.5782682108310984,0.6622
-1.5781792621588335,0.6623
-1.5777946335157378,0.6624
-1.5731421068651603,0.6625
-1.5718716130483894,0.6626
-1.571690766403266,0.6627
-1.5709069341246067,0.6628
-1.5703430834267287,0.6629
-1.5696523131916302,0.663
-1.569164781320095,0.6631
-1.5682266247527672,0.6632
-1.5669420447612175,0.6633
-1.5634368949027733,0.6634
-1.5631428411455826,0.6635
-1.5588632583629343,0.6636
-1.5570080778310076,0.6637
-1.5511828730318693,0.6638
-1.5497395918574184,0.6639
-1.5421677852120192,0.664
-1.5383409720264376,0.6641
-1.5370229092678056,0.6642
-1.5339754341596739,0.6643
-1.5284696950467305,0.6644
-1.5267936424706132,0.6645
-1.5253752866610886,0.6646
-1.5224540682278573,0.6647
-1.5169913870489224,0.6648
-1.5155826897913591,0.6649
-1.511668152525276,0.665
-1.5101540064729753,0.6651
-1.502896764944494,0.6652
-1.501762384214625,0.6653
-1.4993773077735677,0.6654
-1.4990541225571188,0.6655
-1.4989547606125473,0.6656
-1.4973836050724612,0.6657
-1.494668728162721,0.6658
-1.4946461511358617,0.6659
-1.4937389862807469,0.666
-1.4935036292521282,0.6661
-1.4899381154220463,0.6662
-1.4894486263157798,0.6663
-1.4882310214636845,0.6664
-1.4871587858708577,0.6665
-1.4860162264566867,0.6666
-1.483083059938246,0.6667
-1.4789045425072311,0.6668
-1.4764885751858356,0.6669
-1.4759590043537318,0.667
-1.4670683027667923,0.6671
-1.4649914361437784,0.6672
-1.46477544165327,0.6673
-1.4643592900855467,0.6674
-1.4642150670530274,0.6675
-1.463898044944927,0.6676
-1.4626864808823912,0.6677
-1.4572048990728332,0.6678
-1.4557468239365146,0.6679
-1.4521398139223456,0.668
-1.4462924640225248,0.6681
-1.4432026496250183,0.6682
-1.4431487322578207,0.6683
-1.4412410547628998,0.6684
-1.4369220070838928,0.6685
-1.43430110737402,0.6686
-1.4282320948496463,0.6687
-1.4275105059910567,0.6688
-1.4227325651222846,0.6689
-1.4201403594050557,0.669
-1.4195040180543437,0.6691
-1.4178183597961442,0.6692
-1.4121504215426741,0.6693
-1.4117070153828708,0.6694
-1.411413437777571,0.6695
-1.4107875743351876,0.6696
-1.4103938935864717,0.6697
-1.4091779711090024,0.6698
-1.3993456945225597,0.6699
-1.3992054402932526,0.67
-1.3981300558447838,0.6701
-1.3974251410156489,0.6702
-1.3953003821521996,0.6703
-1.395237653261236,0.6704
-1.3903499409567566,0.6705
-1.3882512295970693,0.6706
-1.3870587574398145,0.6707
-1.3851283183861525,0.6708
-1.3809587384283544,0.6709
-1.3782010082369671,0.671
-1.3747037026165057,0.6711
-1.3726269499417394,0.6712
-1.3696623224863782,0.6713
-1.3681991009006307,0.6714
-1.3656461349215359,0.6715
-1.3640944658562548,0.6716
-1.3635199800152331,0.6717
-1.3602731312144551,0.6718
-1.3590503116713837,0.6719
-1.3564040396757422,0.672
-1.3559260215422138,0.6721
-1.352280092052184,0.6722
-1.3514728045245632,0.6723
-1.3513459261793643,0.6724
-1.3415596697017549,0.6725
-1.3386932800004259,0.6726
-1.3310968028448522,0.6727
-1.3309986895132806,0.6728
-1.3285354822257531,0.6729
-1.3235985679065811,0.673
-1.3224601415779438,0.6731
-1.319972660706751,0.6732
-1.318228098033741,0.6733
-1.316560655244626,0.6734
-1.3136739438476037,0.6735
-1.301630572029948,0.6736
-1.2964541677193715,0.6737
-1.2941292599022387,0.6738
-1.2923784523364157,0.6739
-1.290615287519619,0.674
-1.2903051301717752,0.6741
-1.2892336104786024,0.6742
-1.288826836624369,0.6743
-1.2887891702581196,0.6744
-1.2887453385852277,0.6745
-1.2876610569471494,0.6746
-1.2875643672943116,0.6747
-1.2864670534322038,0.6748
-1.286046548571065,0.6749
-1.2837931818913666,0.675
-1.2823304489230738,0.6751
-1.2799150967225432,0.6752
-1.2759813441971315,0.6753
-1.2747749583844095,0.6754
-1.2746283430773762,0.6755
-1.2729669072819874,0.6756
-1.271044044758752,0.6757
-1.2706315381173043,0.6758
-1.269751725387946,0.6759
-1.2683193585328758,0.676
-1.2678432492580265,0.6761
-1.2664436697222292,0.6762
-1.2656643399545922,0.6763
-1.2630521318692713,0.6764
-1.2619491616798564,0.6765
-1.2593713375225661,0.6766
-1.2568660441324115,0.6767
-1.2536506816718727,0.6768
-1.2534538796095176,0.6769
-1.2512371047977358,0.677
-1.2502943104868756,0.6771
-1.2483167177282273,0.6772
-1.2399074453903363,0.6773
-1.2394844195052983,0.6774
-1.2386646810287611,0.6775
-1.2374534904137253,0.6776
-1.2362339299390093,0.6777
-1.2320970906894655,0.6778
-1.229575875112228,0.6779
-1.229555946614407,0.678
-1.2277145695576444,0.6781
-1.226284867387265,0.6782
-1.2244319511467587,0.6783
-1.2228227942086756,0.6784
-1.2189315156703815,0.6785
-1.2154063035847622,0.6786
-1.2149422265145926,0.6787
-1.2145865578763186,0.6788
-1.2104536467142404,0.6789
-1.2084895930167288,0.679
-1.2070500610124317,0.6791
-1.20594032457117,0.6792
-1.201666160907224,0.6793
-1.2009184703031557,0.6794
-1.2008199788168077,0.6795
-1.1950615438777952,0.6796
-1.1908146061521,0.6797
-1.189599161764048,0.6798
-1.1884567836960778,0.6799
-1.1879300793444738,0.68
-1.18743989958819,0.6801
-1.182527737571299,0.6802
-1.1816718968339264,0.6803
-1.1748068246096373,0.6804
-1.17444537535999,0.6805
-1.1637966204196213,0.6806
-1.163325705099292,0.6807
-1.1621748353805392,0.6808
-1.1544368524532764,0.6809
-1.1542625441718846,0.681
-1.1540934999352321,0.6811
-1.1530924681713806,0.6812
-1.1524243483627215,0.6813
-1.1521928009811788,0.6814
-1.147620361573063,0.6815
-1.1466958876209337,0.6816
-1.1449185108706357,0.6817
-1.144141350856429,0.6818
-1.1412423254854978,0.6819
-1.1404274122377847,0.682
-1.1309295716861265,0.6821
-1.1297974507376554,0.6822
-1.1296128610812128,0.6823
-1.1275498331638052,0.6824
-1.12148806554582,0.6825
-1.1212618632914497,0.6826
-1.1210935665506876,0.6827
-1.1197530897594985,0.6828
-1.1193773549642414,0.6829
-1.1187380755065008,0.683
-1.1180634099120275,0.6831
-1.1171744109639898,0.6832
-1.1159213782466948,0.6833
-1.1156771963441745,0.6834
-1.1114852607272565,0.6835
-1.1106909833466634,0.6836
-1.1084689457692207,0.6837
-1.1053144399752841,0.6838
-1.105164062254317,0.6839
-1.101233342001401,0.684
-1.1008915473131462,0.6841
-1.1005484873056413,0.6842
-1.0993347714470698,0.6843
-1.0982580412605776,0.6844
-1.0890709443736821,0.6845
-1.0860263713316993,0.6846
-1.084634327649325,0.6847
-1.0838930851684885,0.6848
-1.082648881315626,0.6849
-1.0787708945056422,0.685
-1.078692180564441,0.6851
-1.0778012744255365,0.6852
-1.0739573896100745,0.6853
-1.0730397538511083,0.6854
-1.06606178735923,0.6855
-1.0646668258575724,0.6856
-1.0577885849727322,0.6857
-1.05503625220377,0.6858
-1.054458542456478,0.6859
-1.052828498530388,0.686
-1.0523679288228975,0.6861
-1.0513475833442063,0.6862
-1.0485824336299672,0.6863
-1.0444877331810072,0.6864
-1.0444130735870452,0.6865
-1.043954017639719,0.6866
-1.0419757864845918,0.6867
-1.041684000359662,0.6868
-1.0413321862671525,0.6869
-1.0382309941485524,0.687
-1.0309530121061947,0.6871
-1.0295594588147476,0.6872
-1.0242686834847554,0.6873
-1.0211486575560644,0.6874
-1.0206615372827277,0.6875
-1.0189385899109766,0.6876
-1.0188725013155508,0.6877
-1.0172333434659988,0.6878
-1.0167913410212843,0.6879
-1.0134671194342895,0.688
-1.0082520688371732,0.6881
-1.007877878064476,0.6882
-1.0075867677833885,0.6883
-1.0071081927048042,0.6884
-1.0052666036942974,0.6885
-1.00350331157092,0.6886
-1.0018020665025333,0.6887
-1.000468290346116,0.6888
-0.9964426823683084,0.6889
-0.9952246693246065,0.689
-0.9952177699014546,0.6891
-0.9918005199780687,0.6892
-0.9906266035951675,0.6893
-0.9897849783075972,0.6894
-0.9890221458490939,0.6895
-0.9880185314247392,0.6896
-0.9853167801657692,0.6897
-0.9850721985055133,0.6898
-0.9814149952165789,0.6899
-0.9809060125697404,0.69
-0.9754385199889541,0.6901
-0.9753728127310053,0.6902
-0.9724936804231258,0.6903
-0.972434045110084,0.6904
-0.9712807315500468,0.6905
-0.9647268029183147,0.6906
-0.9624808918884009,0.6907
-0.9624734493883327,0.6908
-0.9620897021295505,0.6909
-0.9590721558539197,0.691
-0.9586010495973751,0.6911
-0.9566598939385265,0.6912
-0.9523156752426176,0.6913
-0.9504590799346565,0.6914
-0.9439845425756648,0.6915
-0.9413972380001105,0.6916
-0.9381994539197535,0.6917
-0.9375855627229439,0.6918
-0.9314437781721353,0.6919
-0.9313282048728317,0.692
-0.9304924648933113,0.6921
-0.9284226683601736,0.6922
-0.9240052950298414,0.6923
-0.923637444437854,0.6924
-0.920078475002572,0.6925
-0.9184959325324744,0.6926
-0.9176526206960907,0.6927
-0.9137071849627421,0.6928
-0.913493744198975,0.6929
-0.9133871198527515,0.693
-0.9092180520744995,0.6931
-0.9073071901179847,0.6932
-0.9061677127020434,0.6933
-0.903694187280536,0.6934
-0.9034384553628042,0.6935
-0.9013594163468108,0.6936
-0.9003694954315201,0.6937
-0.9002833001665771,0.6938
-0.8971416356151923,0.6939
-0.8964175682555884,0.694
-0.8939491900382563,0.6941
-0.8915032548386603,0.6942
-0.8869855975639075,0.6943
-0.8859787760663776,0.6944
-0.8848102098474279,0.6945
-0.8823150608181954,0.6946
-0.8816087885091081,0.6947
-0.8799325539080428,0.6948
-0.8740168575653805,0.6949
-0.87113598523885,0.695
-0.867943595309928,0.6951
-0.8676417185664177,0.6952
-0.8674386283457278,0.6953
-0.8674065006600692,0.6954
-0.8557913865353912,0.6955
-0.84870516901277,0.6956
-0.8471613152174278,0.6957
-0.8429531257616356,0.6958
-0.8407071547865869,0.6959
-0.8358037585616112,0.696
-0.8326852999309077,0.6961
-0.8252872966926544,0.6962
-0.823064844542183,0.6963
-0.8209660925555975,0.6964
-0.8186047925775871,0.6965
-0.8185411115135998,0.6966
-0.8149814947066828,0.6967
-0.8113605663746596,0.6968
-0.8027896924579515,0.6969
-0.8017612945802509,0.697
-0.8012769158955663,0.6971
-0.7982423036741093,0.6972
-0.7952350761014968,0.6973
-0.794778307197243,0.6974
-0.7932243685411268,0.6975
-0.7920381139395759,0.6976
-0.7891586411716417,0.6977
-0.7869128250846639,0.6978
-0.7859441736336796,0.6979
-0.7856001692973076,0.698
-0.7849912278592587,0.6981
-0.7838197075098754,0.6982
-0.782353694700636,0.6983
-0.7802148793067782,0.6984
-0.7791719886012376,0.6985
-0.7789595922729005,0.6986
-0.7781897619813679,0.6987
-0.774303737419099,0.6988
-0.7740337710281837,0.6989
-0.7738947752377019,0.699
-0.7712563287846743,0.6991
-0.7695633703306316,0.6992
-0.7676867125645279,0.6993
-0.7665840711196885,0.6994
-0.7659632984859868,0.6995
-0.7658261938562617,0.6996
-0.765425223378837,0.6997
-0.7644856847545132,0.6998
-0.7615656583109885,0.6999
-0.7555697212653235,0.7
-0.755499854464084,0.7001
-0.7535251829460264,0.7002
-0.7496948615452276,0.7003
-0.7486746408104895,0.7004
-0.7477049454225216,0.7005
-0.7469956656876953,0.7006
-0.7429878714121878,0.7007
-0.7385026866853237,0.7008
-0.7384520285617562,0.7009
-0.7380125336863103,0.701
-0.7346226825602352,0.7011
-0.7342162362635135,0.7012
-0.7312199247535318,0.7013
-0.7301826864911243,0.7014
-0.729634392650798,0.7015
-0.7295196548379956,0.7016
-0.7282597251640637,0.7017
-0.7240871935285628,0.7018
-0.7238265828737989,0.7019
-0.723450808753632,0.702
-0.7223688948193565,0.7021
-0.7220442819150167,0.7022
-0.7184942022241648,0.7023
-0.7183918791560456,0.7024
-0.716823104877025,0.7025
-0.7167831180045381,0.7026
-0.7157814300913364,0.7027
-0.7150693288531154,0.7028
-0.7133309190116823,0.7029
-0.7131645588146523,0.703
-0.7088729358544574,0.7031
-0.7083085917446763,0.7032
-0.7077374367456885,0.7033
-0.7059479050990194,0.7034
-0.705416522131674,0.7035
-0.7051889259450136,0.7036
-0.7049293055947855,0.7037
-0.7031794403951614,0.7038
-0.7020456674750893,0.7039
-0.6966177848450825,0.704
-0.6962144710259512,0.7041
-0.6919975350793451,0.7042
-0.689254779570736,0.7043
-0.6888753016356377,0.7044
-0.688851112629287,0.7045
-0.6867710038267075,0.7046
-0.6855532283445821,0.7047
-0.6855234995931387,0.7048
-0.6841973914129659,0.7049
-0.6815991574304178,0.705
-0.6777958862191067,0.7051
-0.6772051465569061,0.7052
-0.6764732342323289,0.7053
-0.6752201282523572,0.7054
-0.6744109626173972,0.7055
-0.6739125323234126,0.7056
-0.671256447508186,0.7057
-0.6687730989441271,0.7058
-0.6675496360117568,0.7059
-0.6666848253335804,0.706
-0.6652166693558915,0.7061
-0.6632091852804647,0.7062
-0.6620180488720544,0.7063
-0.6605981530036777,0.7064
-0.6554714711096312,0.7065
-0.6548619077496259,0.7066
-0.6547835726140065,0.7067
-0.6520328077878803,0.7068
-0.6503269306635484,0.7069
-0.6476266848659142,0.707
-0.6474933009020983,0.7071
-0.6471315201245249,0.7072
-0.6468136177361011,0.7073
-0.6467478783885017,0.7074
-0.6465422203503549,0.7075
-0.6463869920460508,0.7076
-0.6435502765696492,0.7077
-0.6432682993445542,0.7078
-0.6426104325752708,0.7079
-0.6423110076416284,0.708
-0.6414307662298903,0.7081
-0.6398845139343292,0.7082
-0.6395891006072983,0.7083
-0.6368922031771392,0.7084
-0.6361781727995723,0.7085
-0.6351892131295054,0.7086
-0.6349728779405355,0.7087
-0.6238405229547993,0.7088
-0.6234153856426478,0.7089
-0.622865987636894,0.709
-0.6228226210210472,0.7091
-0.6160932678675279,0.7092
-0.6147688374297695,0.7093
-0.6140967780109495,0.7094
-0.6120162580322474,0.7095
-0.6110369672767818,0.7096
-0.6109532814558595,0.7097
-0.6056199205907062,0.7098
-0.6026129134442658,0.7099
-0.6023188922999427,0.71
-0.6011512550298125,0.7101
-0.5996707822546362,0.7102
-0.5995370720844717,0.7103
-0.5967661882789806,0.7104
-0.5952060120351613,0.7105
-0.5915545083783563,0.7106
-0.5912543031234295,0.7107
-0.5888881565490738,0.7108
-0.5877481414675713,0.7109
-0.5867093734195455,0.711
-0.5839466153690591,0.7111
-0.5825944806771352,0.7112
-0.5809755248319357,0.7113
-0.5801052749158814,0.7114
-0.5796616440542042,0.7115
-0.577616239036247,0.7116
-0.573091468718648,0.7117
-0.5727756210794672,0.7118
-0.5723337217597291,0.7119
-0.5720990840528162,0.712
-0.5698956530978904,0.7121
-0.5672267969341949,0.7122
-0.5668361743759365,0.7123
-0.5655778127873315,0.7124
-0.5652008139805869,0.7125
-0.5646872127676382,0.7126
-0.5644115183770657,0.7127
-0.5620427705734967,0.7128
-0.5608437582764775,0.7129
-0.5589102820990607,0.713
-0.5585547577282414,0.7131
-0.5565466994600371,0.7132
-0.5555488744938746,0.7133
-0.5546928216509514,0.7134
-0.5534538918748496,0.7135
-0.552594638377987,0.7136
-0.5520448877552525,0.7137
-0.5502953438542784,0.7138
-0.5481960172293708,0.7139
-0.5475664921950538,0.714
-0.5474277819769456,0.7141
-0.5461918957158923,0.7142
-0.5458515794461594,0.7143
-0.5452354491759092,0.7144
-0.5444611648555845,0.7145
-0.543599261620082,0.7146
-0.5421735258936878,0.7147
-0.5419266471348703,0.7148
-0.5396863916337491,0.7149
-0.5354590145695955,0.715
-0.532772032892704,0.7151
-0.5324944253928959,0.7152
-0.532070534090884,0.7153
-0.5298674178544431,0.7154
-0.5296016747066751,0.7155
-0.5284444457083941,0.7156
-0.5250722442101687,0.7157
-0.5218473915442824,0.7158
-0.5208767806615681,0.7159
-0.5198657325953245,0.716
-0.518028294014372,0.7161
-0.5170854995554311,0.7162
-0.5139924100589006,0.7163
-0.5139875102989372,0.7164
-0.5103015000136569,0.7165
-0.5071643283754588,0.7166
-0.5068967990566043,0.7167
-0.5068781103607267,0.7168
-0.5067373550271616,0.7169
-0.5049762950571254,0.717
-0.5038940659822896,0.7171
-0.5033560173751787,0.7172
-0.502298283080198,0.7173
-0.49834483218602826,0.7174
-0.49234132500775163,0.7175
-0.4912706576490774,0.7176
-0.4912202443573624,0.7177
-0.49042035261131833,0.7178
-0.49022320500835775,0.7179
-0.490218172363378,0.718
-0.48654807009380313,0.7181
-0.4859286631217226,0.7182
-0.4819849312920123,0.7183
-0.48159049281701444,0.7184
-0.48146265982054176,0.7185
-0.4803864460092038,0.7186
-0.47932120310347526,0.7187
-0.4786453267291188,0.7188
-0.47845832420066,0.7189
-0.47788521120585503,0.719
-0.47624354042485356,0.7191
-0.47615284497309474,0.7192
-0.47358246432524176,0.7193
-0.4727992781896145,0.7194
-0.4713930561130867,0.7195
-0.4710920745257288,0.7196
-0.46714390580076726,0.7197
-0.466464749771543,0.7198
-0.4638205331610516,0.7199
-0.46203195283153037,0.72
-0.4607181740457192,0.7201
-0.4602389709195122,0.7202
-0.4599254424657672,0.7203
-0.45617748999148605,0.7204
-0.45588382640294733,0.7205
-0.4535867467744275,0.7206
-0.4533484696017579,0.7207
-0.44604931696057326,0.7208
-0.44344181223548945,0.7209
-0.43963667624127123,0.721
-0.4393758152380586,0.7211
-0.43850255367681384,0.7212
-0.43845401148387464,0.7213
-0.43831624878197906,0.7214
-0.43802700190320615,0.7215
-0.43711662890855224,0.7216
-0.4367695540130138,0.7217
-0.4336171107983218,0.7218
-0.433277482106164,0.7219
-0.42776286048665635,0.722
-0.4258990976270288,0.7221
-0.4245304853316397,0.7222
-0.4235408151805401,0.7223
-0.4192287728911266,0.7224
-0.4180863908680156,0.7225
-0.4177273375662044,0.7226
-0.4175946265423671,0.7227
-0.4170791361317038,0.7228
-0.4160957394177094,0.7229
-0.4150783026522031,0.723
-0.4137513907453045,0.7231
-0.41234789326898746,0.7232
-0.4119925214175136,0.7233
-0.4115141616174951,0.7234
-0.4105011381475255,0.7235
-0.4104142908219249,0.7236
-0.40731564854923635,0.7237
-0.4034069053044543,0.7238
-0.4027490883752762,0.7239
-0.4025816545011476,0.724
-0.4023412297489122,0.7241
-0.4016483446776867,0.7242
-0.3999824419599026,0.7243
-0.39694172490332275,0.7244
-0.3966131174856796,0.7245
-0.39629012356437743,0.7246
-0.39617977502793067,0.7247
-0.39599738540612156,0.7248
-0.3918811774816364,0.7249
-0.3869854678301141,0.725
-0.386863882548362,0.7251
-0.38665297595076265,0.7252
-0.38621524630933984,0.7253
-0.38446137562394145,0.7254
-0.3834727783083945,0.7255
-0.3774259158268569,0.7256
-0.37583615268487486,0.7257
-0.37518797339871535,0.7258
-0.3730076693877577,0.7259
-0.3730032261455431,0.726
-0.3685220187356695,0.7261
-0.3668885641297311,0.7262
-0.3668122213996949,0.7263
-0.36645726729501044,0.7264
-0.3661586810724812,0.7265
-0.36570443693138655,0.7266
-0.36363251259718093,0.7267
-0.3636311741357669,0.7268
-0.3628641688937321,0.7269
-0.3594877599718047,0.727
-0.35775208116341384,0.7271
-0.3571471353791654,0.7272
-0.35300532536320406,0.7273
-0.3528571618733928,0.7274
-0.35238262826297434,0.7275
-0.35129646362755446,0.7276
-0.3488709213390946,0.7277
-0.34706192144192755,0.7278
-0.34620330274309963,0.7279
-0.34521616035718466,0.728
-0.344649013049528,0.7281
-0.3441220390398057,0.7282
-0.34098239162676036,0.7283
-0.3385147364381701,0.7284
-0.33825726222228264,0.7285
-0.3345220302253963,0.7286
-0.33438925065044317,0.7287
-0.3341078093273565,0.7288
-0.332812799889407,0.7289
-0.3310081489663571,0.729
-0.3300690168751404,0.7291
-0.32982601603232325,0.7292
-0.3297905075032264,0.7293
-0.32777953761965045,0.7294
-0.32662547803502523,0.7295
-0.3265765424838289,0.7296
-0.3265504700474439,0.7297
-0.3254977126419543,0.7298
-0.32496195134818556,0.7299
-0.32220215530078894,0.73
-0.32190227429028573,0.7301
-0.3205662683811039,0.7302
-0.32018885077312587,0.7303
-0.3185050976078957,0.7304
-0.31681358535904475,0.7305
-0.3162153830895201,0.7306
-0.315596128009446,0.7307
-0.3138695606449619,0.7308
-0.3118862681156024,0.7309
-0.31159656923096624,0.731
-0.3110026045387613,0.7311
-0.31099437513090666,0.7312
-0.3095807420644909,0.7313
-0.30851373399496074,0.7314
-0.3068554976049809,0.7315
-0.30605366537813095,0.7316
-0.30469206525441256,0.7317
-0.30383394539505243,0.7318
-0.29853783247713,0.7319
-0.2959923542384058,0.732
-0.2936069798899815,0.7321
-0.29074572242870933,0.7322
-0.28800522144362345,0.7323
-0.2875821123432397,0.7324
-0.28739217133875933,0.7325
-0.286473697103374,0.7326
-0.28585145792551336,0.7327
-0.28339045733101664,0.7328
-0.2821432795180008,0.7329
-0.2821002027504146,0.733
-0.28097178615927715,0.7331
-0.27868290739227086,0.7332
-0.27794481887798755,0.7333
-0.27792925348319114,0.7334
-0.2772276775047183,0.7335
-0.27672506746631115,0.7336
-0.27618530268017205,0.7337
-0.2753766439910978,0.7338
-0.27348070201277735,0.7339
-0.27339953337069595,0.734
-0.2724795822277665,0.7341
-0.27200433101467786,0.7342
-0.2717989990370348,0.7343
-0.271103928440818,0.7344
-0.2709613352101296,0.7345
-0.27018487294446675,0.7346
-0.26703766182716937,0.7347
-0.26656773678604534,0.7348
-0.26156849643196894,0.7349
-0.2614303938081489,0.735
-0.2610905192546547,0.7351
-0.25906497674305,0.7352
-0.2578040165008979,0.7353
-0.25698206315170974,0.7354
-0.2565594587260857,0.7355
-0.2552692594014109,0.7356
-0.25512302861418573,0.7357
-0.2528120596552268,0.7358
-0.2523514765240252,0.7359
-0.25026492680869994,0.736
-0.25013726784344764,0.7361
-0.2478472113886848,0.7362
-0.24773740563690672,0.7363
-0.24579500898141415,0.7364
-0.24535469371564658,0.7365
-0.2444374972045423,0.7366
-0.2439695596061647,0.7367
-0.24172599001843487,0.7368
-0.24098095246497542,0.7369
-0.24058564562089713,0.737
-0.24000791282281278,0.7371
-0.23932500396464018,0.7372
-0.23927860977184026,0.7373
-0.238949550418742,0.7374
-0.23799863257147372,0.7375
-0.2373735791232437,0.7376
-0.23682248595748104,0.7377
-0.2361844910759479,0.7378
-0.2361432968398556,0.7379
-0.2357940088681877,0.738
-0.23489947220329196,0.7381
-0.23337102782372313,0.7382
-0.23243201851118356,0.7383
-0.23206566126644612,0.7384
-0.23173435191716998,0.7385
-0.2312649442456659,0.7386
-0.23125000852905214,0.7387
-0.23089574674721802,0.7388
-0.23063479471262543,0.7389
-0.22807942806724457,0.739
-0.22788902393057925,0.7391
-0.22777323782667513,0.7392
-0.2266436652738601,0.7393
-0.22325688706710933,0.7394
-0.22183393001146612,0.7395
-0.22162561744786796,0.7396
-0.21883495334498582,0.7397
-0.2183495339507237,0.7398
-0.21587713477369397,0.7399
-0.20918783172983604,0.74
-0.2085400788858533,0.7401
-0.20770661183148623,0.7402
-0.20518245386816558,0.7403
-0.2050551927169785,0.7404
-0.20271140607073904,0.7405
-0.20269657264407737,0.7406
-0.2018608316704631,0.7407
-0.2012822306038812,0.7408
-0.2011425276696682,0.7409
-0.20057366540115326,0.741
-0.1977567145720124,0.7411
-0.197674350398034,0.7412
-0.1973401317710057,0.7413
-0.1966495156103745,0.7414
-0.19363132832050314,0.7415
-0.19341676921974862,0.7416
-0.19096893032267687,0.7417
-0.1888617850502953,0.7418
-0.18787719504386188,0.7419
-0.1867550455860793,0.742
-0.18584116737116124,0.7421
-0.18583732920270413,0.7422
-0.1837330612124879,0.7423
-0.1826374956808985,0.7424
-0.1825208578137681,0.7425
-0.1820498528312892,0.7426
-0.18177209063563488,0.7427
-0.18173629540577532,0.7428
-0.18020951873939486,0.7429
-0.17951346619483083,0.743
-0.17777635073494139,0.7431
-0.17669284806679933,0.7432
-0.1761406860567631,0.7433
-0.1756314155353234,0.7434
-0.1749390398286282,0.7435
-0.17303602147120978,0.7436
-0.17211563166696578,0.7437
-0.1712204023936763,0.7438
-0.17084933380465955,0.7439
-0.16978133262097833,0.744
-0.16906944700330495,0.7441
-0.16599520672615617,0.7442
-0.16381147616058617,0.7443
-0.1592726399520412,0.7444
-0.15697235322743655,0.7445
-0.15684201183412222,0.7446
-0.15603448664434244,0.7447
-0.15575505303349338,0.7448
-0.15485584309212846,0.7449
-0.1537011858534068,0.745
-0.1508225681327284,0.7451
-0.15011066101715004,0.7452
-0.14931556482799352,0.7453
-0.1487158154398203,0.7454
-0.14817671636883165,0.7455
-0.14766075800042597,0.7456
-0.14760423779860138,0.7457
-0.1467869064565748,0.7458
-0.146778822600469,0.7459
-0.1454177491888404,0.746
-0.1449523330014199,0.7461
-0.14459016941282898,0.7462
-0.14357544421702623,0.7463
-0.14229923168756067,0.7464
-0.1397970129478723,0.7465
-0.1384178120288998,0.7466
-0.13595758265890173,0.7467
-0.13319400592558076,0.7468
-0.13236857746895384,0.7469
-0.12777291799373924,0.747
-0.12685651631411163,0.7471
-0.12634113913401962,0.7472
-0.1260877998910845,0.7473
-0.12522042322084306,0.7474
-0.12324518025275324,0.7475
-0.12234337871912868,0.7476
-0.12075603077653796,0.7477
-0.1206970072902739,0.7478
-0.11996333563476799,0.7479
-0.11976940634585913,0.748
-0.11860729567296803,0.7481
-0.11859857265539468,0.7482
-0.11858120535537592,0.7483
-0.11838583509307359,0.7484
-0.1177800269773229,0.7485
-0.1157112803818658,0.7486
-0.11322706473805011,0.7487
-0.11274075087793171,0.7488
-0.11237366207614537,0.7489
-0.11159895052369684,0.749
-0.1110451845187694,0.7491
-0.11090119334645566,0.7492
-0.10949228740297258,0.7493
-0.10686739749312403,0.7494
-0.10655322259906677,0.7495
-0.10651922525502744,0.7496
-0.10367373538836838,0.7497
-0.10033684202749282,0.7498
-0.09861823337282985,0.7499
-0.09765805338229984,0.75
-0.09678183004762977,0.7501
-0.09583200366217644,0.7502
-0.09542891808059084,0.7503
-0.09536545944884392,0.7504
-0.09455294508766383,0.7505
-0.09404220174103978,0.7506
-0.09341029225867242,0.7507
-0.09256274083368482,0.7508
-0.09208361350391062,0.7509
-0.0902119324425239,0.751
-0.0878960279585794,0.7511
-0.08696507161874324,0.7512
-0.08513306087683883,0.7513
-0.08506586751211435,0.7514
-0.0844099731400609,0.7515
-0.08427352305594833,0.7516
-0.08328105000145734,0.7517
-0.08283210852406919,0.7518
-0.08148343151360768,0.7519
-0.08129014333449305,0.752
-0.08122989737391476,0.7521
-0.08043990018144245,0.7522
-0.07937453930228949,0.7523
-0.07905529634971172,0.7524
-0.07899506577216088,0.7525
-0.07856660503204912,0.7526
-0.07732931712716817,0.7527
-0.07495906831361353,0.7528
-0.07420529728196561,0.7529
-0.07393022513799369,0.753
-0.07388231425490267,0.7531
-0.0738291564717888,0.7532
-0.07362629752233625,0.7533
-0.07306210758592943,0.7534
-0.07278228410147128,0.7535
-0.07230845209769905,0.7536
-0.07207709747627371,0.7537
-0.06981910246722402,0.7538
-0.0693616319602354,0.7539
-0.06917185109239071,0.754
-0.06893508536349982,0.7541
-0.06885757179111242,0.7542
-0.06576207560040058,0.7543
-0.06569296692777425,0.7544
-0.06519297377876937,0.7545
-0.06517983075454832,0.7546
-0.06504171532485634,0.7547
-0.06475060092676427,0.7548
-0.06444046986233445,0.7549
-0.06401915108375252,0.755
-0.06390771758481861,0.7551
-0.06286707420665769,0.7552
-0.06252593359053162,0.7553
-0.06243682340104124,0.7554
-0.0622243826938793,0.7555
-0.05918697489816696,0.7556
-0.05910071820728478,0.7557
-0.058806155516020954,0.7558
-0.05829868572279812,0.7559
-0.05765215509887785,0.756
-0.0544218427464366,0.7561
-0.05308054743334651,0.7562
-0.05143793740533293,0.7563
-0.05095490130409598,0.7564
-0.050327787056565286,0.7565
-0.0492262783203274,0.7566
-0.04868994256127624,0.7567
-0.04822763925902546,0.7568
-0.04775944505967197,0.7569
-0.04642717609405517,0.757
-0.045564290172595064,0.7571
-0.045274025350436564,0.7572
-0.044412839024327695,0.7573
-0.04322511764131487,0.7574
-0.04251921816263348,0.7575
-0.04183311051707716,0.7576
-0.04069620815310628,0.7577
-0.040687497090362006,0.7578
-0.04059986480455842,0.7579
-0.039140294653549804,0.758
-0.03809562209565229,0.7581
-0.03729992273580283,0.7582
-0.03728675452675668,0.7583
-0.03592826463282108,0.7584
-0.035656492841988796,0.7585
-0.03510659059546888,0.7586
-0.03451138448249549,0.7587
-0.03365784963201732,0.7588
-0.03268394430689514,0.7589
-0.0326470428518951,0.759
-0.03210577841475606,0.7591
-0.03187078082896733,0.7592
-0.03144711387008431,0.7593
-0.031192028443515284,0.7594
-0.030729544961638752,0.7595
-0.030322354563698178,0.7596
-0.02970294393617661,0.7597
-0.028664484154991805,0.7598
-0.027493444830179216,0.7599
-0.027044578795135065,0.76
-0.02568784821555018,0.7601
-0.025569405352883042,0.7602
-0.024975089435465635,0.7603
-0.024721680157072795,0.7604
-0.024549915859289465,0.7605
-0.02400532698668539,0.7606
-0.02346313374079764,0.7607
-0.022030478298850367,0.7608
-0.02120787283144891,0.7609
-0.018843321546167118,0.761
-0.018527217780053663,0.7611
-0.016846497490815834,0.7612
-0.016582112766243516,0.7613
-0.015962819544598456,0.7614
-0.015444944487512111,0.7615
-0.014702654647082092,0.7616
-0.013902774189412583,0.7617
-0.013828094064630569,0.7618
-0.013800845531746745,0.7619
-0.013686533127352594,0.762
-0.013051080289296807,0.7621
-0.012253450268693313,0.7622
-0.012051357761956752,0.7623
-0.011819950437918123,0.7624
-0.00913267816901208,0.7625
-0.008916986350715162,0.7626
-0.007058437293022877,0.7627
-0.006930272577144206,0.7628
-0.005960107421502471,0.7629
-0.0036552004443481394,0.763
-0.0035279592566191697,0.7631
-0.0030910790065303445,0.7632
-0.002863038039207453,0.7633
-0.0026261137465015062,0.7634
-0.0013689031429588781,0.7635
-0.0010906110456213355,0.7636
-0.000985805443301797,0.7637
-0.0007085254054516561,0.7638
-0.0006584823360666689,0.7639
-0.0006007093666121363,0.764
-0.0001670800460502505,0.7641
-0.00016592506561428878,0.7642
0.0,0.7643
0.0,0.7644
0.0,0.7645
0.0,0.7646
0.0,0.7647
0.0,0.7648
0.0,0.7649
0.0,0.765
0.0,0.7651
0.0,0.7652
0.0,0.7653
0.0,0.7654
0.0,0.7655
0.0,0.7656
0.0,0.7657
0.0,0.7658
0.0,0.7659
0.0,0.766
0.0,0.7661
0.0,0.7662
0.0,0.7663
0.0,0.7664
0.0,0.7665
0.0,0.7666
0.0,0.7667
0.0,0.7668
0.0,0.7669
0.0,0.767
0.0,0.7671
0.0,0.7672
0.0,0.7673
0.0,0.7674
0.0,0.7675
0.0,0.7676
0.0,0.7677
0.0,0.7678
0.0,0.7679
0.0,0.768
0.0,0.7681
0.0,0.7682
0.0,0.7683
0.0,0.7684
0.0,0.7685
0.0,0.7686
0.0,0.7687
0.0,0.7688
0.0,0.7689
0.0,0.769
0.0,0.7691
0.0,0.7692
0.0,0.7693
0.0,0.7694
0.0,0.7695
0.0,0.7696
0.0,0.7697
0.0,0.7698
0.0,0.7699
0.0,0.77
0.0,0.7701
0.0,0.7702
0.0,0.7703
0.0,0.7704
0.0,0.7705
0.0,0.7706
0.0,0.7707
0.0,0.7708
0.0,0.7709
1.7462298274040223e-13,0.771
0.00028542230073362596,0.7711
0.0011097265591844916,0.7712
0.0012131726754829285,0.7713
0.0012923571042716482,0.7714
0.0021758157849311884,0.7715
0.002207226216048003,0.7716
0.0022872909743338827,0.7717
0.0025151637414470257,0.7718
0.0034305418672040105,0.7719
0.004012671472504735,0.772
0.004363274835236325,0.7721
0.004587030778080225,0.7722
0.005423412241786764,0.7723
0.006149326664395631,0.7724
0.006557358790375297,0.7725
0.007298074811138207,0.7726
0.007583850727044045,0.7727
0.007668158521503211,0.7728
0.008132153501361643,0.7729
0.008247159568592906,0.773
0.008646096413210045,0.7731
0.009158084802143276,0.7732
0.010733643126301467,0.7733
0.01086124537065625,0.7734
0.011005622219480557,0.7735
0.011613860388100146,0.7736
0.011873003797420097,0.7737
0.012788538088090717,0.7738
0.01332528158258647,0.7739
0.013328027204610408,0.774
0.01364393261186777,0.7741
0.015144706436991692,0.7742
0.01637110919114201,0.7743
0.018170084663853232,0.7744
0.01864273380730301,0.7745
0.019921051851287487,0.7746
0.020508845791965713,0.7747
0.020687817301601172,0.7748
0.02084312192313372,0.7749
0.02179688766505569,0.775
0.02185821882728487,0.7751
0.023026185144670315,0.7752
0.02367359244581312,0.7753
0.023711627777293322,0.7754
0.024382543921284368,0.7755
0.024400177209265506,0.7756
0.0247486628254876,0.7757
0.025113319224491715,0.7758
0.025148981101624657,0.7759
0.02584255506657064,0.776
0.025931399229727686,0.7761
0.027080805730819692,0.7762
0.02788621409274638,0.7763
0.029572329252026974,0.7764
0.030393460303545,0.7765
0.03253608323168009,0.7766
0.03256424301881339,0.7767
0.03353917558863759,0.7768
0.034523240478336804,0.7769
0.03485256597530097,0.777
0.035615538042224955,0.7771
0.03569510908015073,0.7772
0.036131757306866345,0.7773
0.03815853048060089,0.7774
0.03828274452220649,0.7775
0.04014285767488181,0.7776
0.042020812190696595,0.7777
0.0421952805519104,0.7778
0.04219730359129608,0.7779
0.04297669539861381,0.778
0.04494734889417885,0.7781
0.04545190950930118,0.7782
0.04584269592370839,0.7783
0.04625007959213107,0.7784
0.046507354059442944,0.7785
0.04664871674906317,0.7786
0.047195402008853846,0.7787
0.047741306545212865,0.7788
0.047756763105466914,0.7789
0.04947978536467999,0.779
0.05140212619118392,0.7791
0.051837214033864425,0.7792
0.05205884125772866,0.7793
0.0527317080616951,0.7794
0.0537415771672502,0.7795
0.055340991352871065,0.7796
0.05643386022597542,0.7797
0.05661587155871094,0.7798
0.057232138258963824,0.7799
0.05880057603456079,0.78
0.059580421465449035,0.7801
0.059686257638409734,0.7802
0.06141661984138193,0.7803
0.06151490502543747,0.7804
0.06223862577863042,0.7805
0.0623473392220214,0.7806
0.06276968951616436,0.7807
0.06308270768914372,0.7808
0.06331270803176449,0.7809
0.06349897514898328,0.781
0.06410767024140804,0.7811
0.06415680385138839,0.7812
0.06429619516376406,0.7813
0.06432409335449335,0.7814
0.06613373181447389,0.7815
0.06780293403025643,0.7816
0.06802866431102157,0.7817
0.06945730004590019,0.7818
0.0699442192252725,0.7819
0.0704160261645913,0.782
0.07075574156306684,0.7821
0.07087748173568398,0.7822
0.071068767317757,0.7823
0.07156104203704744,0.7824
0.07166694027408957,0.7825
0.07407774048205465,0.7826
0.07539467008039355,0.7827
0.07588928720802067,0.7828
0.07739178309906276,0.7829
0.0782436142226681,0.783
0.07965595020912587,0.7831
0.07999686725679786,0.7832
0.08021415926367044,0.7833
0.08054762770179513,0.7834
0.08250924214794941,0.7835
0.0834361305601895,0.7836
0.08366466323677468,0.7837
0.08762516583222896,0.7838
0.08805163008738309,0.7839
0.08867708519026637,0.784
0.09004757881723344,0.7841
0.09200943131167441,0.7842
0.09282092276103797,0.7843
0.09367768932245671,0.7844
0.09559362408500158,0.7845
0.09589875588398428,0.7846
0.09619823288843034,0.7847
0.09688005111794919,0.7848
0.09813329628221686,0.7849
0.09819859198071072,0.785
0.0985163999056444,0.7851
0.09931347812935709,0.7852
0.09993168989438561,0.7853
0.10027561589777469,0.7854
0.10123160059880468,0.7855
0.10179300224706532,0.7856
0.10230859669446946,0.7857
0.10308322528861436,0.7858
0.10341634573135525,0.7859
0.10567096336316317,0.786
0.10647473635319625,0.7861
0.10708380978405475,0.7862
0.10808543448988349,0.7863
0.10967251692451535,0.7864
0.11014237413816155,0.7865
0.11090408556014299,0.7866
0.11109885195493698,0.7867
0.1115057551668957,0.7868
0.11274475329704584,0.7869
0.11434641108848156,0.787
0.11439630546737499,0.7871
0.11610741070993245,0.7872
0.11756997446827586,0.7873
0.11929287391267712,0.7874
0.12072418153155594,0.7875
0.12377795268483459,0.7876
0.12418286030385639,0.7877
0.125586267201975,0.7878
0.12580699865128844,0.7879
0.1265425220567733,0.788
0.12757070253845304,0.7881
0.12951581212989988,0.7882
0.1304370086275041,0.7883
0.13075606521293526,0.7884
0.1324533247629181,0.7885
0.13319775587655602,0.7886
0.13356216412279756,0.7887
0.13384092763848604,0.7888
0.13408436618428676,0.7889
0.134371448343806,0.789
0.13502684139423074,0.7891
0.13567959172837435,0.7892
0.13676108798068015,0.7893
0.13871256264578552,0.7894
0.13912142286263407,0.7895
0.13938323384337128,0.7896
0.13988545161858199,0.7897
0.1422891937321052,0.7898
0.14271289335899057,0.7899
0.14320343729462473,0.79
0.14441966428365557,0.7901
0.1444246101262048,0.7902
0.14443906761836262,0.7903
0.14585599154736847,0.7904
0.14623706427030264,0.7905
0.14830863438136874,0.7906
0.14900114120487126,0.7907
0.15013845205474644,0.7908
0.1512251873390749,0.7909
0.15389315105824788,0.791
0.16034305765479803,0.7911
0.16369537854082883,0.7912
0.16441812097392974,0.7913
0.16686828794777375,0.7914
0.16736365254521368,0.7915
0.16854932702779798,0.7916
0.16892705131843685,0.7917
0.16954754073601216,0.7918
0.17381591445822267,0.7919
0.17452600400000812,0.792
0.17466713059600442,0.7921
0.17567064561937004,0.7922
0.17617717145103962,0.7923
0.1772988253695894,0.7924
0.1780431995658204,0.7925
0.178150217005983,0.7926
0.17832065615225587,0.7927
0.17883081833403558,0.7928
0.1795463320288808,0.7929
0.17982905075177563,0.793
0.18005143762175,0.7931
0.18307804160825913,0.7932
0.18337852572966368,0.7933
0.18705856701694426,0.7934
0.18782568045705555,0.7935
0.19109877811465412,0.7936
0.19158363139629364,0.7937
0.1920734015777707,0.7938
0.19218348735831658,0.7939
0.1931916503397748,0.794
0.19342045741975306,0.7941
0.19360785937216132,0.7942
0.19403907512426377,0.7943
0.19450553603544832,0.7944
0.1963573379188774,0.7945
0.19780049909763328,0.7946
0.19810667086523026,0.7947
0.1983147311428562,0.7948
0.1983704781057313,0.7949
0.19848938583042763,0.795
0.2031747594807297,0.7951
0.20324734372291714,0.7952
0.20383334809318193,0.7953
0.20464669190179555,0.7954
0.20546003255657855,0.7955
0.20578726656362414,0.7956
0.20605128083042804,0.7957
0.2064936128523202,0.7958
0.20686505661327392,0.7959
0.21101732189059202,0.796
0.2148555192237718,0.7961
0.21966607659794388,0.7962
0.22034933981224894,0.7963
0.22048710257336496,0.7964
0.22060682871043685,0.7965
0.22102569204233588,0.7966
0.22211699303258137,0.7967
0.2248637043468654,0.7968
0.22553717312403024,0.7969
0.22662516687456516,0.797
0.23091621315591043,0.7971
0.23329364895261825,0.7972
0.23479370977040384,0.7973
0.23543238102570177,0.7974
0.23622328364979475,0.7975
0.2372254276284948,0.7976
0.23845684384256602,0.7977
0.23991519101411105,0.7978
0.240514116839692,0.7979
0.24073133086934695,0.798
0.24093418549932538,0.7981
0.24108071811776607,0.7982
0.2416087486937642,0.7983
0.2427234115898609,0.7984
0.2436418457837775,0.7985
0.2437411844324321,0.7986
0.24434665092397484,0.7987
0.24690454196557401,0.7988
0.24739041524548083,0.7989
0.24962185269892215,0.799
0.25007060546502474,0.7991
0.25134173270333554,0.7992
0.2530177488913759,0.7993
0.254239152604714,0.7994
0.2544572610620409,0.7995
0.2545067748935893,0.7996
0.2545183278225363,0.7997
0.2555724027559162,0.7998
0.25559428218137475,0.7999
0.2566929595727488,0.8
0.256716313748806,0.8001
0.25957321897018704,0.8002
0.2615679157225415,0.8003
0.2616573456181213,0.8004
0.2622239066977054,0.8005
0.26306523952614513,0.8006
0.2637621442833915,0.8007
0.26392755946218965,0.8008
0.2647124147951603,0.8009
0.26623903073519467,0.801
0.2680841896705331,0.8011
0.2687196022577583,0.8012
0.26988464588429784,0.8013
0.27052356226388363,0.8014
0.27178571704365456,0.8015
0.27188989395238455,0.8016
0.27192343041691924,0.8017
0.27294534173458807,0.8018
0.27386582636721435,0.8019
0.2739554638635368,0.802
0.2747718950886279,0.8021
0.27878957631904633,0.8022
0.2791802194565534,0.8023
0.279576669485122,0.8024
0.2796113598028198,0.8025
0.2816576038923114,0.8026
0.2820210119465364,0.8027
0.28271304633691907,0.8028
0.28299873022679234,0.8029
0.2843098481353372,0.803
0.2850115349259228,0.8031
0.28503177208229896,0.8032
0.28553596887085586,0.8033
0.2882347180198878,0.8034
0.2894714282803238,0.8035
0.28955853256490083,0.8036
0.2933504570374266,0.8037
0.29341065173540265,0.8038
0.29365665909815586,0.8039
0.294562978996709,0.804
0.30060958289951667,0.8041
0.3017475740639493,0.8042
0.3034640210073441,0.8043
0.3055724638681859,0.8044
0.3058090516615659,0.8045
0.30894042544662953,0.8046
0.3110487321998924,0.8047
0.31477043101508173,0.8048
0.3154650704199448,0.8049
0.3154768920438364,0.805
0.31555001510996367,0.8051
0.3157813998000696,0.8052
0.3162300328955055,0.8053
0.3171373482054099,0.8054
0.31736143783628906,0.8055
0.3186360722886399,0.8056
0.31899060751497743,0.8057
0.3197049813788384,0.8058
0.31987838223725545,0.8059
0.32148992469068616,0.806
0.32190707313157624,0.8061
0.32238082716297356,0.8062
0.32464718298017975,0.8063
0.325029340206273,0.8064
0.32566634094081814,0.8065
0.32925385591648526,0.8066
0.3303159212529659,0.8067
0.3317994629200548,0.8068
0.33222167482674125,0.8069
0.33421938326787204,0.807
0.3345854903111234,0.8071
0.33489633872676633,0.8072
0.34076139879394324,0.8073
0.34121527719944716,0.8074
0.3414688795018941,0.8075
0.3415343790460378,0.8076
0.3433538483826443,0.8077
0.34628313935380356,0.8078
0.3497957222566008,0.8079
0.3500717088237405,0.808
0.3507184509493411,0.8081
0.35262192069422454,0.8082
0.3551122891126201,0.8083
0.35585370499938745,0.8084
0.3581497798215598,0.8085
0.35914860101155954,0.8086
0.36639634262602777,0.8087
0.36661812178492553,0.8088
0.3670658913915977,0.8089
0.36752344446759705,0.809
0.3718895010391251,0.8091
0.3735258243693038,0.8092
0.37534006015732885,0.8093
0.37620137961767613,0.8094
0.37670755812954154,0.8095
0.37752147032432254,0.8096
0.3781579040385783,0.8097
0.38042794566079974,0.8098
0.3817291772073149,0.8099
0.3823442826887592,0.81
0.38351637426484375,0.8101
0.3836565213577822,0.8102
0.383870314823836,0.8103
0.384694682973437,0.8104
0.3851685504443944,0.8105
0.3853896900990976,0.8106
0.3862248642783612,0.8107
0.38665376913137733,0.8108
0.38667803234067105,0.8109
0.3878762508552522,0.811
0.3882997377349064,0.8111
0.3889125137284398,0.8112
0.392230854342319,0.8113
0.3929460375007242,0.8114
0.3957489804089069,0.8115
0.39764790583922877,0.8116
0.4054199492918327,0.8117
0.4062332074116914,0.8118
0.4091871680941433,0.8119
0.41028208048492526,0.812
0.4108687264580279,0.8121
0.4117177615709606,0.8122
0.4118035669354721,0.8123
0.4169346613582223,0.8124
0.41733433354869476,0.8125
0.41762510203141723,0.8126
0.42013415934406223,0.8127
0.42086627599317583,0.8128
0.4230046690866352,0.8129
0.4235594203222543,0.813
0.427587916394882,0.8131
0.42797921666074545,0.8132
0.4284650510473175,0.8133
0.4319227717733011,0.8134
0.4325624252356589,0.8135
0.4336536609409377,0.8136
0.4360507398331538,0.8137
0.4362835378296672,0.8138
0.4391310252372175,0.8139
0.44552557568158957,0.814
0.4470092241385952,0.8141
0.44792506430279455,0.8142
0.44896846389938144,0.8143
0.4509589493812994,0.8144
0.4518817531926561,0.8145
0.4531826421830803,0.8146
0.4554711904712022,0.8147
0.4568090092241764,0.8148
0.4574370418047533,0.8149
0.45833890521228315,0.815
0.4585648370560266,0.8151
0.46129708607364445,0.8152
0.46392433459237226,0.8153
0.46402629800364364,0.8154
0.4659343986226247,0.8155
0.4665085124608131,0.8156
0.4693270743515342,0.8157
0.4701193654524168,0.8158
0.47180019059535117,0.8159
0.47250848895832903,0.816
0.472800568042323,0.8161
0.4748714176621288,0.8162
0.4772092102801428,0.8163
0.4780033538946882,0.8164
0.479270799241215,0.8165
0.48001985695380717,0.8166
0.48086369100194415,0.8167
0.4819902521403507,0.8168
0.482436456207186,0.8169
0.48282253464907404,0.817
0.4831043035471812,0.8171
0.48388684047404673,0.8172
0.4840536559157073,0.8173
0.4852877588041126,0.8174
0.4861484663207084,0.8175
0.49010296870991577,0.8176
0.49108938667215396,0.8177
0.4919516897499562,0.8178
0.4925572068767624,0.8179
0.4941311626195911,0.818
0.495865090598166,0.8181
0.49596760310344395,0.8182
0.49676332581303906,0.8183
0.49732977619729946,0.8184
0.5020200110491365,0.8185
0.5026886033115909,0.8186
0.5033483764696867,0.8187
0.5037447305426002,0.8188
0.5037518086649478,0.8189
0.5046474245904015,0.819
0.506115732125938,0.8191
0.511276698516123,0.8192
0.5129436940295622,0.8193
0.5155562221694738,0.8194
0.5159826612956822,0.8195
0.5166242407597601,0.8196
0.518512222182937,0.8197
0.5197505843304098,0.8198
0.5215614978823796,0.8199
0.5219202771253886,0.82
0.5246673123981804,0.8201
0.5259212771968915,0.8202
0.526218700711429,0.8203
0.5264001114433632,0.8204
0.5270854035850615,0.8205
0.5281010230338201,0.8206
0.5288517857482657,0.8207
0.5296442044520749,0.8208
0.5333218407388777,0.8209
0.5344997585574165,0.821
0.5373859601106488,0.8211
0.5382670815540478,0.8212
0.5435042502500118,0.8213
0.5470196445878596,0.8214
0.5479325451996178,0.8215
0.5501023949950904,0.8216
0.5527618337418883,0.8217
0.5538064668016509,0.8218
0.5544988164171577,0.8219
0.5546451012436301,0.822
0.5554316071858629,0.8221
0.5571415638444946,0.8222
0.5578584875034168,0.8223
0.5645385748481379,0.8224
0.5649487593216821,0.8225
0.5657920336570592,0.8226
0.5670447955839336,0.8227
0.5676731110788882,0.8228
0.5699870230220259,0.8229
0.5707122478103265,0.823
0.5716089494766667,0.8231
0.5728758164959027,0.8232
0.574376895371452,0.8233
0.574986438524723,0.8234
0.5752759216910228,0.8235
0.576823880081065,0.8236
0.5771833834050224,0.8237
0.577334024807252,0.8238
0.5786174689142033,0.8239
0.5823953306296841,0.824
0.5826505766004324,0.8241
0.5864937386579813,0.8242
0.5868261530945078,0.8243
0.5910622763656082,0.8244
0.5919044881563634,0.8245
0.5921910299258306,0.8246
0.593865362178348,0.8247
0.5970047288993373,0.8248
0.5978383833177389,0.8249
0.5988390534404665,0.825
0.5996126339754091,0.8251
0.60030303044077,0.8252
0.6012924577457834,0.8253
0.6016437166711315,0.8254
0.60659677415248,0.8255
0.6118482083234935,0.8256
0.6135603688988777,0.8257
0.613952697393112,0.8258
0.614268292779474,0.8259
0.6155537822222338,0.826
0.6184429148236289,0.8261
0.6235854846764356,0.8262
0.6251074918940662,0.8263
0.6304509259376674,0.8264
0.6341851045170798,0.8265
0.63453471744135,0.8266
0.6361132675692442,0.8267
0.6403577711138875,0.8268
0.6411470055397603,0.8269
0.641338826324977,0.827
0.6485609194433316,0.8271
0.650290568036586,0.8272
0.6540978719316421,0.8273
0.6567358769824729,0.8274
0.6577171938389547,0.8275
0.6583249364554884,0.8276
0.6586596030922606,0.8277
0.6601278028119268,0.8278
0.6606930188164115,0.8279
0.6624374983007087,0.828
0.6629815689230338,0.8281
0.6676228548472747,0.8282
0.6679268932085488,0.8283
0.6699003763983027,0.8284
0.6712951261879877,0.8285
0.6725735153160989,0.8286
0.6735407455673442,0.8287
0.67632331705112,0.8288
0.676332208112441,0.8289
0.6820334277268499,0.829
0.6886524576656521,0.8291
0.6919701282273977,0.8292
0.6921917012656107,0.8293
0.6978047359839081,0.8294
0.7030505426058545,0.8295
0.7039666900441052,0.8296
0.7068922136329114,0.8297
0.7100724135965109,0.8298
0.7141953785447404,0.8299
0.7141983155876397,0.83
0.7149917595522479,0.8301
0.7157721099704504,0.8302
0.7179321501133964,0.8303
0.7183304916197435,0.8304
0.7184167006820444,0.8305
0.7234851841622967,0.8306
0.7248064205484465,0.8307
0.725519788946584,0.8308
0.7269123816182836,0.8309
0.7276886897580697,0.831
0.7277866858592257,0.8311
0.7301311331698671,0.8312
0.7305260124821216,0.8313
0.7331504902856425,0.8314
0.734209078302607,0.8315
0.7346164515048265,0.8316
0.7367952315352857,0.8317
0.7374923853132874,0.8318
0.7378284723579883,0.8319
0.7398501384643837,0.832
0.7416400679396465,0.8321
0.7438458038309618,0.8322
0.7516759070932866,0.8323
0.7520149550655857,0.8324
0.7577976950453594,0.8325
0.7588910989679396,0.8326
0.761734529035537,0.8327
0.7619556734662504,0.8328
0.7637391072470695,0.8329
0.7701859834128991,0.833
0.7764004439609126,0.8331
0.7764804298551753,0.8332
0.7779196193385869,0.8333
0.7787673579169436,0.8334
0.7788408693764357,0.8335
0.7788902326695621,0.8336
0.7794362874155863,0.8337
0.779461869799532,0.8338
0.7795909553082665,0.8339
0.7842164161568509,0.834
0.7872990938115866,0.8341
0.7886000094283372,0.8342
0.7897139804275707,0.8343
0.7904416249707342,0.8344
0.7930308407898993,0.8345
0.7936061106596143,0.8346
0.797008619010076,0.8347
0.7984665985394268,0.8348
0.7988933556994423,0.8349
0.7992203736171127,0.835
0.8015281867381185,0.8351
0.8018927789676964,0.8352
0.8049621544020251,0.8353
0.806146117821896,0.8354
0.807166364757903,0.8355
0.8077754905778913,0.8356
0.8078142944537103,0.8357
0.810916097804904,0.8358
0.812388987095654,0.8359
0.8181937886349856,0.836
0.8245753676863388,0.8361
0.8247058370908726,0.8362
0.8271410416327417,0.8363
0.829692865303904,0.8364
0.8307083372227846,0.8365
0.833766176552698,0.8366
0.8365732024736702,0.8367
0.8372432288840411,0.8368
0.8397496802385894,0.8369
0.8407425948698074,0.837
0.843786999638565,0.8371
0.8464656891955056,0.8372
0.8471821113975718,0.8373
0.8496795113366097,0.8374
0.8515427452079952,0.8375
0.8550009232413024,0.8376
0.8553403799615801,0.8377
0.8558095791749656,0.8378
0.856468489640951,0.8379
0.8575518132012337,0.838
0.8592256704261526,0.8381
0.8607052121412008,0.8382
0.8648257717821747,0.8383
0.8745627327304333,0.8384
0.8749119504058734,0.8385
0.8775280931320042,0.8386
0.878555797872506,0.8387
0.8808622923038899,0.8388
0.881474236573279,0.8389
0.8865360599203036,0.839
0.8866037863120436,0.8391
0.8882774149904028,0.8392
0.8890481245044618,0.8393
0.8895592893019318,0.8394
0.8909797406762837,0.8395
0.8911451261809096,0.8396
0.8912052873227745,0.8397
0.8918564777042716,0.8398
0.8941560010917483,0.8399
0.8974317155152562,0.84
0.8984452587632463,0.8401
0.9012849875187503,0.8402
0.9021919805718585,0.8403
0.9037401203809305,0.8404
0.9116324234716594,0.8405
0.9143904354197905,0.8406
0.9164015015501529,0.8407
0.9198703631512817,0.8408
0.9212293195644307,0.8409
0.9217966333184391,0.841
0.9239078565176576,0.8411
0.9293881321828812,0.8412
0.9295672015802935,0.8413
0.9296904011853039,0.8414
0.9342276278609408,0.8415
0.934655204077251,0.8416
0.9371839376941324,0.8417
0.940676011504419,0.8418
0.9408937423352153,0.8419
0.9420171034473925,0.842
0.9432084975700826,0.8421
0.9454404315404594,0.8422
0.9490672411261126,0.8423
0.9518052835140377,0.8424
0.9521244517939166,0.8425
0.9534959224250168,0.8426
0.9538905435696247,0.8427
0.9555252249369387,0.8428
0.956365209454298,0.8429
0.9572037910580634,0.843
0.9573358456568792,0.8431
0.958793206552416,0.8432
0.9612988591466092,0.8433
0.965200530034304,0.8434
0.9664808465000242,0.8435
0.9668868980364878,0.8436
0.9674013356113808,0.8437
0.9675075456798077,0.8438
0.9679009205168113,0.8439
0.9719215163497253,0.844
0.9728124566199258,0.8441
0.9747487578973174,0.8442
0.975620786318183,0.8443
0.9757554915262386,0.8444
0.9792877455972134,0.8445
0.9794993690069764,0.8446
0.97952989051491,0.8447
0.9823206739867106,0.8448
0.9836085404790937,0.8449
0.9847179204750807,0.845
0.989431085084565,0.8451
0.9923479528764262,0.8452
0.993866949413158,0.8453
0.999672741629556,0.8454
1.002509461502731,0.8455
1.00684552710168,0.8456
1.0077935722500087,0.8457
1.010959245446138,0.8458
1.0130472494997085,0.8459
1.0145195427546279,0.846
1.0165910140592604,0.8461
1.0187610488092524,0.8462
1.0212080484850334,0.8463
1.0264753091599794,0.8464
1.0273983010455967,0.8465
1.0294061019610525,0.8466
1.0300718167629093,0.8467
1.0321419820338487,0.8468
1.047420638987422,0.8469
1.051681534905173,0.847
1.0534969493737445,0.8471
1.0556359443219379,0.8472
1.0592682969067246,0.8473
1.0603104930751024,0.8474
1.0621208418002352,0.8475
1.064765648392588,0.8476
1.066472806394286,0.8477
1.0666904426256194,0.8478
1.0681657791104167,0.8479
1.0694828305341304,0.848
1.0716876204991712,0.8481
1.0746686944905668,0.8482
1.0752863258004188,0.8483
1.0755289183020593,0.8484
1.0775513189520687,0.8485
1.078952146565356,0.8486
1.079817517170869,0.8487
1.0808359374839813,0.8488
1.082589262838289,0.8489
1.0899058119144291,0.849
1.0948650485957045,0.8491
1.097220568125509,0.8492
1.097565718808025,0.8493
1.098078712852858,0.8494
1.0986632006026806,0.8495
1.0989837189842016,0.8496
1.0998966930264606,0.8497
1.1021433585790918,0.8498
1.11489566856958,0.8499
1.115005742782727,0.85
1.1151844032542781,0.8501
1.1155589950485154,0.8502
1.1160240063866602,0.8503
1.1169854679945856,0.8504
1.1176893024997785,0.8505
1.1192723269712177,0.8506
1.1198053119717168,0.8507
1.1227464839478953,0.8508
1.124222181802243,0.8509
1.1258493463989343,0.851
1.126516880369,0.8511
1.127924169104174,0.8512
1.1351260098159313,0.8513
1.135815499563329,0.8514
1.1361582299888138,0.8515
1.1368150414288045,0.8516
1.1379484903682022,0.8517
1.140433657154441,0.8518
1.1405704044733138,0.8519
1.143980774815567,0.852
1.1445168429367332,0.8521
1.1495239551465959,0.8522
1.152631526898779,0.8523
1.1531553001664587,0.8524
1.1538855172889306,0.8525
1.1542018255339936,0.8526
1.1551177540233357,0.8527
1.1601725072810427,0.8528
1.1649577165670695,0.8529
1.1654437518781051,0.853
1.1658922972604633,0.8531
1.1665498941045256,0.8532
1.1691953392487018,0.8533
1.170928739091195,0.8534
1.17618277766034,0.8535
1.1773981307964774,0.8536
1.1800205611813817,0.8537
1.19143275776468,0.8538
1.1955938170589506,0.8539
1.197010949681886,0.854
1.2002911865163595,0.8541
1.200612721467018,0.8542
1.2039744302412496,0.8543
1.2065764662995935,0.8544
1.2091700259312987,0.8545
1.2096318549597636,0.8546
1.2108780631167815,0.8547
1.211320290286653,0.8548
1.2114873828656973,0.8549
1.2115493856243789,0.855
1.2151507327884437,0.8551
1.220157988335192,0.8552
1.2208255822759122,0.8553
1.2213795137772336,0.8554
1.2227149121733383,0.8555
1.2228109407076613,0.8556
1.22905078083314,0.8557
1.2309188914200293,0.8558
1.2348779241986572,0.8559
1.2383744912691417,0.856
1.2385842773174867,0.8561
1.2399585437458007,0.8562
1.243758527531661,0.8563
1.250942324063368,0.8564
1.2554466556912287,0.8565
1.2562388251341876,0.8566
1.2590936793318017,0.8567
1.2607971086164937,0.8568
1.2616314016643912,0.8569
1.2626626659244298,0.857
1.2647244555406274,0.8571
1.2683792105801404,0.8572
1.2713192783715204,0.8573
1.2763315446814523,0.8574
1.2764416557531804,0.8575
1.2786091423457489,0.8576
1.2831997673794648,0.8577
1.2853970006885007,0.8578
1.2875447019226844,0.8579
1.2915907301248983,0.858
1.2999473268136383,0.8581
1.3053322306562214,0.8582
1.3075702933670954,0.8583
1.313833792833984,0.8584
1.314018038294278,0.8585
1.3184129231538622,0.8586
1.322965310675651,0.8587
1.3319958705738186,0.8588
1.3330545492930337,0.8589
1.3363550997387617,0.859
1.3365166560413317,0.8591
1.3390818945737555,0.8592
1.3467781832557175,0.8593
1.3475327152663843,0.8594
1.3527489941725508,0.8595
1.3685211514377966,0.8596
1.3685596322821452,0.8597
1.3791627483297138,0.8598
1.3874935058809814,0.8599
1.3914910011390222,0.86
1.392850829505921,0.8601
1.3948091828651727,0.8602
1.3991620538514107,0.8603
1.4000601089073346,0.8604
1.4012228426927702,0.8605
1.4018477186348288,0.8606
1.4057076962981374,0.8607
1.4070724230660125,0.8608
1.4092710504267365,0.8609
1.4102744891474022,0.861
1.4120642847500742,0.8611
1.418473923202604,0.8612
1.4225721392786128,0.8613
1.4244691643420666,0.8614
1.4266636479670183,0.8615
1.4325239930799232,0.8616
1.4354868982275948,0.8617
1.437948147834465,0.8618
1.4381102943856385,0.8619
1.4383711208436616,0.862
1.438899122127518,0.8621
1.441927551040426,0.8622
1.4462778650159018,0.8623
1.4478218450607732,0.8624
1.4488483156878502,0.8625
1.449075767126307,0.8626
1.4523440503751859,0.8627
1.4523835610099136,0.8628
1.4630109281711279,0.8629
1.4649825449567289,0.863
1.4675417884860187,0.8631
1.4678688524371009,0.8632
1.4777824098212646,0.8633
1.4811911092754453,0.8634
1.482327745508775,0.8635
1.4825506686463952,0.8636
1.4879146847790108,0.8637
1.4897178528472783,0.8638
1.4926006468899722,0.8639
1.4926712918419391,0.864
1.4937489362921565,0.8641
1.4941545799942688,0.8642
1.4965981697788462,0.8643
1.5007078986983742,0.8644
1.502400767782331,0.8645
1.5059349946824834,0.8646
1.51147449724786,0.8647
1.5117174020946025,0.8648
1.5117240396654232,0.8649
1.5124639220718294,0.865
1.5137738286472857,0.8651
1.5202885801048949,0.8652
1.5238796556416896,0.8653
1.5279563072720543,0.8654
1.5306587406493726,0.8655
1.5308041444983334,0.8656
1.5327327229665593,0.8657
1.534224797460437,0.8658
1.5342911289252341,0.8659
1.5364274585047732,0.866
1.53707713839747,0.8661
1.539399589855224,0.8662
1.540653639688343,0.8663
1.5436337824515998,0.8664
1.5464826531641185,0.8665
1.5487047043807807,0.8666
1.552420913066715,0.8667
1.5536738629499454,0.8668
1.5558510461177675,0.8669
1.5576203918825835,0.867
1.560375874981843,0.8671
1.5604350013507529,0.8672
1.5624152425568552,0.8673
1.5635586305866018,0.8674
1.5698681611746548,0.8675
1.5720676832210272,0.8676
1.573831821581349,0.8677
1.5744921742737292,0.8678
1.5752772606253624,0.8679
1.5828721179675194,0.868
1.585385401387699,0.8681
1.5891043494384736,0.8682
1.5896662065429614,0.8683
1.59162931399215,0.8684
1.5918107845693827,0.8685
1.5930734770355748,0.8686
1.606566937894374,0.8687
1.6151136800980195,0.8688
1.6169814918845893,0.8689
1.621600742702186,0.869
1.622082723688893,0.8691
1.6263558109575882,0.8692
1.6278625519439578,0.8693
1.627917423821427,0.8694
1.6342182260852307,0.8695
1.635451209546067,0.8696
1.6363444644177334,0.8697
1.6382688875952736,0.8698
1.6469936357622967,0.8699
1.6494058477725835,0.87
1.651190123143606,0.8701
1.6525231202641504,0.8702
1.6578580224160104,0.8703
1.6579397632548587,0.8704
1.6600818522108718,0.8705
1.6625507083274425,0.8706
1.665012898544781,0.8707
1.6651828180709853,0.8708
1.6728693429423493,0.8709
1.673318722223863,0.871
1.6792226838776843,0.8711
1.6972389509450645,0.8712
1.6976781022746112,0.8713
1.6987442328399045,0.8714
1.6996963181458413,0.8715
1.700959496906586,0.8716
1.7013662613758815,0.8717
1.7048075794309374,0.8718
1.7075372887421398,0.8719
1.7093209429403764,0.872
1.714445541860722,0.8721
1.7185564906323334,0.8722
1.7189437726669015,0.8723
1.7201852065749472,0.8724
1.7212749836320056,0.8725
1.7234064203148707,0.8726
1.7253055541820825,0.8727
1.7260129000568762,0.8728
1.7260133068945258,0.8729
1.7286698819344863,0.873
1.7334258757159113,0.8731
1.7373666337620466,0.8732
1.7380747002333403,0.8733
1.7407289414247498,0.8734
1.7450922788457939,0.8735
1.7508395392622769,0.8736
1.7543726439731195,0.8737
1.7579980157155541,0.8738
1.7596023756640033,0.8739
1.7663625598467885,0.874
1.7708220094503833,0.8741
1.7772521518461408,0.8742
1.7782749700544405,0.8743
1.77972722012233,0.8744
1.787897393707372,0.8745
1.7927776622854175,0.8746
1.7946337475499141,0.8747
1.7953343556677919,0.8748
1.7959551482578682,0.8749
1.798441191637516,0.875
1.8007580242078751,0.8751
1.8019001420527698,0.8752
1.804479046913423,0.8753
1.8049001340150832,0.8754
1.8112652389872819,0.8755
1.8208151692384853,0.8756
1.8249456260614096,0.8757
1.8317385373463855,0.8758
1.83280354327932,0.8759
1.8341897509260106,0.876
1.8351195032387972,0.8761
1.8357536274790764,0.8762
1.8370684610897676,0.8763
1.8374335752395914,0.8764
1.8391170322339983,0.8765
1.848766431516409,0.8766
1.852843777032569,0.8767
1.8529772352950649,0.8768
1.8554036449363456,0.8769
1.8562908265722915,0.877
1.8580816612226891,0.8771
1.8604422832256184,0.8772
1.872243252786994,0.8773
1.8724200089162215,0.8774
1.8732182518783957,0.8775
1.8750622226029636,0.8776
1.8771443628029898,0.8777
1.8830882958976551,0.8778
1.883167539513111,0.8779
1.8851798171142118,0.878
1.8939655806547029,0.8781
1.8949548137431975,0.8782
1.8973918047895655,0.8783
1.900299871453643,0.8784
1.9097612470714376,0.8785
1.9107383451104165,0.8786
1.9109646389877426,0.8787
1.9109779856422915,0.8788
1.911518334965408,0.8789
1.9119421846054494,0.879
1.918909483681619,0.8791
1.9262530153669417,0.8792
1.9273799866735934,0.8793
1.934823879790306,0.8794
1.9365063948340684,0.8795
1.936804809831825,0.8796
1.937067936182767,0.8797
1.9414392965778708,0.8798
1.9441739513240754,0.8799
1.9490497355088592,0.88
1.963202728786692,0.8801
1.9651581118589265,0.8802
1.9692927642591298,0.8803
1.970014789428562,0.8804
1.9714733546912757,0.8805
1.9732450549062341,0.8806
1.9737982472486795,0.8807
1.9790202676177022,0.8808
1.9804344489455221,0.8809
1.9885593914330002,0.881
1.9905665841475129,0.8811
1.9906495323536915,0.8812
1.9955784226153048,0.8813
1.9966212630914524,0.8814
2.0005945365278053,0.8815
2.0006258100271226,0.8816
2.005888366910257,0.8817
2.007942502337694,0.8818
2.008836623154022,0.8819
2.0109997108452022,0.882
2.012667814049497,0.8821
2.013305152308941,0.8822
2.014299408932403,0.8823
2.015006319241226,0.8824
2.0155602654037996,0.8825
2.0172905288232497,0.8826
2.0234863916885106,0.8827
2.0260151947500185,0.8828
2.0266677851865067,0.8829
2.0276686712130902,0.883
2.0299166166683653,0.8831
2.031996194050461,0.8832
2.034829191270098,0.8833
2.0387990025535228,0.8834
2.039341722755507,0.8835
2.040574962046556,0.8836
2.0440670252842827,0.8837
2.0454081945618614,0.8838
2.04763496109657,0.8839
2.0533051567867404,0.884
2.0546341550353913,0.8841
2.05731163823884,0.8842
2.0626932060619816,0.8843
2.0698488099772483,0.8844
2.070802627375536,0.8845
2.071680322159454,0.8846
2.07170002833847,0.8847
2.07498566679135,0.8848
2.0782789303394034,0.8849
2.079014101888798,0.885
2.0795755489140753,0.8851
2.0855783349685373,0.8852
2.088435752647184,0.8853
2.0957774892216547,0.8854
2.0966103175573054,0.8855
2.0973815033584833,0.8856
2.1035970144193614,0.8857
2.1036729026496412,0.8858
2.107051777108759,0.8859
2.1108122530583295,0.886
2.1147191627874973,0.8861
2.1147678823577243,0.8862
2.1166526284355673,0.8863
2.121633937040344,0.8864
2.122459164750576,0.8865
2.12883402020596,0.8866
2.1306056133130564,0.8867
2.142969904039055,0.8868
2.1434215956335887,0.8869
2.143928923885711,0.887
2.144093291399069,0.8871
2.1441488611847164,0.8872
2.1443314207289372,0.8873
2.1504048751350493,0.8874
2.151241115670093,0.8875
2.152300285305641,0.8876
2.1527921184156074,0.8877
2.1541935668163004,0.8878
2.1553157749185337,0.8879
2.1742235031148422,0.888
2.174483195577003,0.8881
2.177188702911325,0.8882
2.1783091984190044,0.8883
2.1789422323673935,0.8884
2.18434069907628,0.8885
2.1952114395100626,0.8886
2.1954939057016745,0.8887
2.195738737131469,0.8888
2.2002556996000933,0.8889
2.204837900535017,0.889
2.2055015593793246,0.8891
2.2077230713952334,0.8892
2.212360181326233,0.8893
2.215599577792734,0.8894
2.2166069566324356,0.8895
2.2176495413931088,0.8896
2.218576266886666,0.8897
2.21966691657789,0.8898
2.220353574859724,0.8899
2.2208960187353193,0.89
2.2217676121978087,0.8901
2.2225775908492507,0.8902
2.228621955580451,0.8903
2.22863741099909,0.8904
2.232803630053066,0.8905
2.2348326955558733,0.8906
2.234920469043398,0.8907
2.2361323551760988,0.8908
2.250197418655828,0.8909
2.256359783527069,0.891
2.257410655659437,0.8911
2.2593495223626494,0.8912
2.2602510229233648,0.8913
2.2614654932431875,0.8914
2.2661491972088843,0.8915
2.2725085102049634,0.8916
2.2730467514673247,0.8917
2.2740400886764744,0.8918
2.2796474001629274,0.8919
2.2804802527399732,0.892
2.285642158398405,0.8921
2.286405037505925,0.8922
2.287907514571398,0.8923
2.295721538732192,0.8924
2.2975697759740057,0.8925
2.301212195721455,0.8926
2.3042017990669237,0.8927
2.3046361136958002,0.8928
2.3058130625048654,0.8929
2.3110445799387995,0.893
2.311372268388793,0.8931
2.3177382805490865,0.8932
2.318473173769936,0.8933
2.3204291747409846,0.8934
2.3219214164843778,0.8935
2.3289871044488626,0.8936
2.3313115165455267,0.8937
2.3381795384086668,0.8938
2.339622529505938,0.8939
2.3402246837714684,0.894
2.3468198601566255,0.8941
2.3489261705536335,0.8942
2.35194431486167,0.8943
2.356747784006037,0.8944
2.356865515991673,0.8945
2.3571308890175073,0.8946
2.3609428976956752,0.8947
2.36830537582282,0.8948
2.372038764443435,0.8949
2.3798302471440294,0.895
2.3799580962086093,0.8951
2.382868070077151,0.8952
2.384801537331194,0.8953
2.3863003954907875,0.8954
2.389585069404356,0.8955
2.3905547881452365,0.8956
2.391578079194762,0.8957
2.3915954858418553,0.8958
2.3947281113155188,0.8959
2.4057456205205994,0.896
2.408931741564721,0.8961
2.4094891848921773,0.8962
2.4125596496786925,0.8963
2.4146850228270513,0.8964
2.4175832370426504,0.8965
2.424772991519049,0.8966
2.4368522210542114,0.8967
2.444344530071318,0.8968
2.447881491160393,0.8969
2.4481596070226286,0.897
2.4512405010027796,0.8971
2.4555496810307726,0.8972
2.4577372038196774,0.8973
2.467526436727494,0.8974
2.4720326157063246,0.8975
2.4737158226540314,0.8976
2.4808742596065625,0.8977
2.482382137728296,0.8978
2.4874617211483416,0.8979
2.4910602632956578,0.898
2.49255284470059,0.8981
2.4972258436765524,0.8982
2.5083623319901527,0.8983
2.5094610048539936,0.8984
2.5103296516422184,0.8985
2.5106955873906553,0.8986
2.515799771808088,0.8987
2.5173618990931663,0.8988
2.5204839839335533,0.8989
2.5207016790229826,0.899
2.5317302541956304,0.8991
2.5323042125405744,0.8992
2.5366572644842784,0.8993
2.5379690638817847,0.8994
2.5404001404423266,0.8995
2.544573390708491,0.8996
2.548834545471892,0.8997
2.5608648322358727,0.8998
2.569755714599602,0.8999
2.570281050249189,0.9
2.5817801265042273,0.9001
2.5836577194396377,0.9002
2.5846349236639217,0.9003
2.5866640755901114,0.9004
2.5882875978866595,0.9005
2.6044019794519992,0.9006
2.6058415146019316,0.9007
2.606002290895762,0.9008
2.6062821965117,0.9009
2.6071944170728325,0.901
2.6141155032679433,0.9011
2.616436572423205,0.9012
2.617114785756357,0.9013
2.617364066385478,0.9014
2.619340159201436,0.9015
2.638179338179715,0.9016
2.6393476394439115,0.9017
2.6403805643361085,0.9018
2.64426079848893,0.9019
2.6474692681415,0.902
2.6482748261457307,0.9021
2.6483002109002323,0.9022
2.650995908521861,0.9023
2.6523621619883926,0.9024
2.652656958751744,0.9025
2.6540214646590883,0.9026
2.6632800632482394,0.9027
2.663612711053714,0.9028
2.6658001252748074,0.9029
2.667666923717782,0.903
2.672913319751993,0.9031
2.67629179459624,0.9032
2.6764225135372954,0.9033
2.6805797438248993,0.9034
2.6852642991170286,0.9035
2.6863453804375585,0.9036
2.6914646211022517,0.9037
2.69357442384772,0.9038
2.703976138101518,0.9039
2.7068319729521866,0.904
2.713065049887824,0.9041
2.7146376456640717,0.9042
2.716376051640138,0.9043
2.7252244556844234,0.9044
2.727588059237413,0.9045
2.743151964268834,0.9046
2.7636393357161433,0.9047
2.7687229558959605,0.9048
2.7726721758948645,0.9049
2.7728210255453365,0.905
2.785399235208519,0.9051
2.790559297374263,0.9052
2.7917326850283892,0.9053
2.836082329234108,0.9054
2.8381616718553007,0.9055
2.8430409650428223,0.9056
2.8430818412248047,0.9057
2.851202542135678,0.9058
2.8547901576641945,0.9059
2.865453144741431,0.906
2.8657729719020435,0.9061
2.867710569328442,0.9062
2.86790056810677,0.9063
2.8689817784467713,0.9064
2.8753870937017725,0.9065
2.8754903407035393,0.9066
2.882390333079547,0.9067
2.8841208320645615,0.9068
2.886321729846485,0.9069
2.8870627861769873,0.907
2.89144740434289,0.9071
2.895272673274577,0.9072
2.898030077802017,0.9073
2.8997974425414577,0.9074
2.9134183364393174,0.9075
2.9183045464308934,0.9076
2.9224579836744815,0.9077
2.9249310020277277,0.9078
2.930495197740011,0.9079
2.9321065038135274,0.908
2.9434241161663066,0.9081
2.94459548985734,0.9082
2.9487794234750795,0.9083
2.950014786755294,0.9084
2.954195162365772,0.9085
2.956884022740647,0.9086
2.967036844631286,0.9087
2.9721340513383967,0.9088
2.977874967454188,0.9089
2.9827404641915125,0.909
3.0010624934876335,0.9091
3.0013527484500777,0.9092
3.0071720705822083,0.9093
3.013355829796379,0.9094
3.0151285941470416,0.9095
3.019244463444874,0.9096
3.0405726632215084,0.9097
3.0428067406030377,0.9098
3.043522122687846,0.9099
3.0712778182365006,0.91
3.0721600655503574,0.9101
3.0722134824849663,0.9102
3.0749560888774696,0.9103
3.08114302566275,0.9104
3.0854730907808987,0.9105
3.0868469229016453,0.9106
3.0915060652758926,0.9107
3.0928200078986583,0.9108
3.0963228704642507,0.9109
3.1189669620003553,0.911
3.1213840533187613,0.9111
3.129429895295017,0.9112
3.130910903190076,0.9113
3.1314981588576045,0.9114
3.140644650740549,0.9115
3.148082102584653,0.9116
3.152775999064745,0.9117
3.155959579932504,0.9118
3.1570208857607094,0.9119
3.1577273090388625,0.912
3.159722436682135,0.9121
3.164814078964293,0.9122
3.167044233650714,0.9123
3.1674939274151113,0.9124
3.1789002550939096,0.9125
3.186110310232826,0.9126
3.189489319931903,0.9127
3.1964546589011333,0.9128
3.2113416278334332,0.9129
3.2267498983271414,0.913
3.227456030171178,0.9131
3.2304541948277503,0.9132
3.2364902857309206,0.9133
3.2392948519527907,0.9134
3.240940262716077,0.9135
3.250263804138824,0.9136
3.2517003492621708,0.9137
3.2570439038010313,0.9138
3.2595392075361684,0.9139
3.2633055915117266,0.914
3.264514378078841,0.9141
3.265964934317395,0.9142
3.269656278535351,0.9143
3.2743110883237794,0.9144
3.275358845494129,0.9145
3.2802349022872743,0.9146
3.2895660855788735,0.9147
3.2983087119603525,0.9148
3.2983760112222287,0.9149
3.303607522457466,0.915
3.315797387234308,0.9151
3.3453963024197146,0.9152
3.3473990370791404,0.9153
3.3483869623573495,0.9154
3.3572461720185367,0.9155
3.3638631125472487,0.9156
3.365127446165867,0.9157
3.3736815158603712,0.9158
3.377995200945251,0.9159
3.378960942928866,0.916
3.379875909161381,0.9161
3.383978009595722,0.9162
3.3861226946940652,0.9163
3.3878899908073254,0.9164
3.396754455152526,0.9165
3.4158380132758994,0.9166
3.417010332354717,0.9167
3.428509097593277,0.9168
3.4312117438925416,0.9169
3.4319016198918226,0.917
3.4359643838642167,0.9171
3.446705568589456,0.9172
3.447325653540529,0.9173
3.468156429259479,0.9174
3.468652840234339,0.9175
3.4724335013145575,0.9176
3.4842125882070514,0.9177
3.4875722353488237,0.9178
3.488587046767585,0.9179
3.4907476807521656,0.918
3.4979191448220988,0.9181
3.500729377332144,0.9182
3.5011382458575073,0.9183
3.5046730477524917,0.9184
3.5065616590542716,0.9185
3.5191251231366762,0.9186
3.5200271879179406,0.9187
3.5218093939103188,0.9188
3.5238488080149515,0.9189
3.5292367266241462,0.919
3.5367827284762634,0.9191
3.5373929972976446,0.9192
3.539585196413286,0.9193
3.542376454671286,0.9194
3.5427904594050723,0.9195
3.5433180363243446,0.9196
3.5518844008063897,0.9197
3.5556697503536943,0.9198
3.5617247153952722,0.9199
3.5693167198792097,0.92
3.576296471538395,0.9201
3.5917804593175653,0.9202
3.5922788214398547,0.9203
3.596207506234758,0.9204
3.62367772329133,0.9205
3.6254151847349476,0.9206
3.626921582739428,0.9207
3.635477252867259,0.9208
3.6398214781939897,0.9209
3.64866743165832,0.921
3.6568172531118615,0.9211
3.6569167637821294,0.9212
3.6792358730603003,0.9213
3.7033223468923944,0.9214
3.7111586736218998,0.9215
3.7115846589636066,0.9216
3.711938380946219,0.9217
3.7148950116405266,0.9218
3.7228312410553923,0.9219
3.730486971225031,0.922
3.7366099954571577,0.9221
3.7471509066717705,0.9222
3.751698047713749,0.9223
3.768249932705239,0.9224
3.7688886899184437,0.9225
3.7776170448683195,0.9226
3.789488111387566,0.9227
3.8041131748182697,0.9228
3.806793832327798,0.9229
3.8092560745110733,0.923
3.8196766594301907,0.9231
3.8299602893264963,0.9232
3.830467210049741,0.9233
3.834511335568875,0.9234
3.847885849384591,0.9235
3.8534194405591116,0.9236
3.8569884599406214,0.9237
3.857143532071822,0.9238
3.8588855211503805,0.9239
3.879055036395043,0.924
3.879070388092101,0.9241
3.8796712970482186,0.9242
3.887463676967472,0.9243
3.890093559852615,0.9244
3.8918710795275864,0.9245
3.9005470521491024,0.9246
3.9026477744182575,0.9247
3.9104812718804927,0.9248
3.9220496922066435,0.9249
3.925415842177905,0.925
3.925740767915175,0.9251
3.9267488310042764,0.9252
3.942279245140404,0.9253
3.945839203945175,0.9254
3.9465736632261432,0.9255
3.955313076463714,0.9256
3.9592851510038605,0.9257
3.9596424399554726,0.9258
3.9616934479448944,0.9259
3.972803165492042,0.926
3.9780853294841947,0.9261
3.985827319564484,0.9262
3.996194109762644,0.9263
4.002408339248411,0.9264
4.004199099432677,0.9265
4.006363847886772,0.9266
4.020531824785658,0.9267
4.028143967513926,0.9268
4.032872693695314,0.9269
4.043124054013566,0.927
4.050506740806811,0.9271
4.053376520437747,0.9272
4.0553021137632435,0.9273
4.062438091356671,0.9274
4.0738386425709345,0.9275
4.081036596089601,0.9276
4.082958271159418,0.9277
4.08717386856582,0.9278
4.087475920329987,0.9279
4.087555394131131,0.928
4.089984736210294,0.9281
4.0931331465985625,0.9282
4.096774026171304,0.9283
4.106029488767311,0.9284
4.108627063504793,0.9285
4.109696269617789,0.9286
4.110034940146096,0.9287
4.113071041920775,0.9288
4.114600622506254,0.9289
4.117389691860787,0.929
4.125765953774753,0.9291
4.13378111054711,0.9292
4.138597640604153,0.9293
4.13871468536742,0.9294
4.141300199899078,0.9295
4.145895204117335,0.9296
4.152189830351808,0.9297
4.158368067275361,0.9298
4.172355431724339,0.9299
4.174044167728722,0.93
4.1790537160644305,0.9301
4.207644763962176,0.9302
4.213514854109287,0.9303
4.223234379503131,0.9304
4.226382871068829,0.9305
4.230567205656878,0.9306
4.2329924718271945,0.9307
4.234322411794961,0.9308
4.258607689528726,0.9309
4.265771181583591,0.931
4.27048015667554,0.9311
4.274450973181427,0.9312
4.281705001810939,0.9313
4.2838779828010125,0.9314
4.285243561287784,0.9315
4.296952968064695,0.9316
4.318292369849234,0.9317
4.337384506294504,0.9318
4.3397853989850725,0.9319
4.342123720230908,0.932
4.347603144774401,0.9321
4.348734216613322,0.9322
4.3498124451193965,0.9323
4.3567847756356,0.9324
4.363629320954904,0.9325
4.376315685551986,0.9326
4.376621147784031,0.9327
4.383658346135729,0.9328
4.385757519456558,0.9329
4.400341591065376,0.933
4.404495203866434,0.9331
4.40733927003555,0.9332
4.413962160695716,0.9333
4.423694011142852,0.9334
4.42828922272995,0.9335
4.440672955552675,0.9336
4.442331257524342,0.9337
4.448412129421904,0.9338
4.448455998533592,0.9339
4.4615481040220715,0.934
4.4617689407477155,0.9341
4.4736477948525915,0.9342
4.4876974761061375,0.9343
4.4936854964112865,0.9344
4.504352903203666,0.9345
4.511403558629751,0.9346
4.514641034497693,0.9347
4.5211797540133825,0.9348
4.533208673468605,0.9349
4.539240622444637,0.935
4.546508397781849,0.9351
4.551112942942232,0.9352
4.560568653646484,0.9353
4.583631391815842,0.9354
4.587548552707956,0.9355
4.601023554373346,0.9356
4.602471174092218,0.9357
4.606425185821204,0.9358
4.606948046133109,0.9359
4.6204772892287,0.936
4.621015902622603,0.9361
4.622515815588645,0.9362
4.625726486572065,0.9363
4.62793153300006,0.9364
4.634217404347285,0.9365
4.6354213688571,0.9366
4.646715099642053,0.9367
4.651836776646227,0.9368
4.655500639641658,0.9369
4.675728168836236,0.937
4.682744131601605,0.9371
4.703673240659014,0.9372
4.7352500721273945,0.9373
4.739095953032748,0.9374
4.739949510492013,0.9375
4.742334663353675,0.9376
4.763076640628651,0.9377
4.764910801844671,0.9378
4.7680601872717965,0.9379
4.775792671221123,0.938
4.790002907963656,0.9381
4.852155500780047,0.9382
4.8547274789642545,0.9383
4.8586269607158385,0.9384
4.863830342161841,0.9385
4.867922601104156,0.9386
4.871354148149677,0.9387
4.876937713003904,0.9388
4.88107411296498,0.9389
4.88476188241504,0.939
4.890144155717455,0.9391
4.900515662804246,0.9392
4.902711211015843,0.9393
4.91055055503808,0.9394
4.927573140374943,0.9395
4.930666846688465,0.9396
4.934197106670588,0.9397
4.942288529966772,0.9398
4.957795601166413,0.9399
4.964415611847304,0.94
4.97391405531652,0.9401
4.975794684196637,0.9402
4.9760238609261815,0.9403
4.992421462823822,0.9404
5.006847987047396,0.9405
5.007063599626534,0.9406
5.029385458432697,0.9407
5.037538869364187,0.9408
5.052173428027331,0.9409
5.056083072295971,0.941
5.0635099071851,0.9411
5.076890792109445,0.9412
5.085077211359516,0.9413
5.08585195904877,0.9414
5.105697364364752,0.9415
5.107081540006027,0.9416
5.1081738182084635,0.9417
5.113283754719049,0.9418
5.11483436218109,0.9419
5.118409564776533,0.942
5.130214047112315,0.9421
5.197309862108523,0.9422
5.19911178489849,0.9423
5.2161244820494215,0.9424
5.216508070206083,0.9425
5.226942409055867,0.9426
5.228779543679954,0.9427
5.263455876207725,0.9428
5.283917361229846,0.9429
5.294552353991194,0.943
5.302327847812511,0.9431
5.308046181865782,0.9432
5.313850489787199,0.9433
5.321545537096634,0.9434
5.341988112267293,0.9435
5.351126063574106,0.9436
5.355415658110566,0.9437
5.358493486678786,0.9438
5.361305665465259,0.9439
5.361951970148832,0.944
5.362441363363713,0.9441
5.375207685130276,0.9442
5.378103109069168,0.9443
5.392769828792476,0.9444
5.3995497532898575,0.9445
5.413283912606723,0.9446
5.4369223720232025,0.9447
5.440201447763667,0.9448
5.444301922846399,0.9449
5.444523151446507,0.945
5.4499369437951595,0.9451
5.451026931918226,0.9452
5.4566286003330715,0.9453
5.478848079649731,0.9454
5.480200473590754,0.9455
5.507533632144332,0.9456
5.549420892784,0.9457
5.552412209272385,0.9458
5.553950090067833,0.9459
5.565300030595623,0.946
5.567900810265728,0.9461
5.577972911197692,0.9462
5.580475009994209,0.9463
5.592470493794606,0.9464
5.600530631145648,0.9465
5.6064860036738215,0.9466
5.612616259335725,0.9467
5.622294454757497,0.9468
5.628567316524126,0.9469
5.633860113346586,0.947
5.642913497606292,0.9471
5.648949573534169,0.9472
5.661272313109227,0.9473
5.67019111595042,0.9474
5.680718077601306,0.9475
5.686581129594895,0.9476
5.692092933450258,0.9477
5.6983600908849406,0.9478
5.708792898346298,0.9479
5.726722373409569,0.948
5.737588844002224,0.9481
5.747435152598843,0.9482
5.750948969075646,0.9483
5.76139730849471,0.9484
5.789778445522126,0.9485
5.798994605700486,0.9486
5.79913162932769,0.9487
5.810796274762237,0.9488
5.814711977607757,0.9489
5.829185201897286,0.949
5.830625498422611,0.9491
5.847405694699288,0.9492
5.855532846200094,0.9493
5.862657973870635,0.9494
5.864380855923145,0.9495
5.914952288695984,0.9496
5.935064987974987,0.9497
5.960961519436352,0.9498
5.96317778066434,0.9499
5.9776376439403744,0.95
5.979127046619169,0.9501
6.0254608408167964,0.9502
6.029916961325147,0.9503
6.044845573922434,0.9504
6.058525140565262,0.9505
6.072166374366358,0.9506
6.092911732197738,0.9507
6.102057422705924,0.9508
6.110354811334982,0.9509
6.115758649027907,0.951
6.134000573384022,0.9511
6.148002927091904,0.9512
6.149580222346075,0.9513
6.1534408785833055,0.9514
6.154466656604223,0.9515
6.161049858454986,0.9516
6.169118669065833,0.9517
6.175970865650475,0.9518
6.188600282410719,0.9519
6.189932820165158,0.952
6.219840461550467,0.9521
6.22476787957456,0.9522
6.239647063575872,0.9523
6.2412770353656235,0.9524
6.258075043668039,0.9525
6.2741006990565,0.9526
6.2758594586821275,0.9527
6.282270420555398,0.9528
6.285750910190865,0.9529
6.290394656907395,0.953
6.298676595851407,0.9531
6.301122214937219,0.9532
6.3140981212344025,0.9533
6.3285825237676505,0.9534
6.336574198849127,0.9535
6.359051237686537,0.9536
6.359169110395388,0.9537
6.363870515360683,0.9538
6.369488833937421,0.9539
6.3763649003712475,0.954
6.377980226973071,0.9541
6.379383856820316,0.9542
6.380170294944011,0.9543
6.395077889500558,0.9544
6.3974109093435105,0.9545
6.404184689999185,0.9546
6.4113143856704236,0.9547
6.418760020539164,0.9548
6.435173539894447,0.9549
6.440918178221025,0.955
6.446834168612772,0.9551
6.458717036451213,0.9552
6.461038394355215,0.9553
6.468913983880542,0.9554
6.4720719313530255,0.9555
6.499772343988157,0.9556
6.500660269946609,0.9557
6.510326364262216,0.9558
6.513810243571177,0.9559
6.5268226781923335,0.956
6.527650345617905,0.9561
6.538067051382183,0.9562
6.542377325040288,0.9563
6.559906137710809,0.9564
6.583515902334824,0.9565
6.5869846065172935,0.9566
6.622411948289351,0.9567
6.623180234602839,0.9568
6.6298309475641695,0.9569
6.636221055925267,0.957
6.640943587318994,0.9571
6.658822200666554,0.9572
6.667948838163167,0.9573
6.6722734251838185,0.9574
6.683640019496539,0.9575
6.716739630276337,0.9576
6.729294752638042,0.9577
6.735162539605424,0.9578
6.781586381578818,0.9579
6.785619952562079,0.958
6.790693606602586,0.9581
6.799279771096259,0.9582
6.80274775839466,0.9583
6.808947452092543,0.9584
6.809965339357406,0.9585
6.83512697731331,0.9586
6.8361718370396645,0.9587
6.837979800714366,0.9588
6.878617605679116,0.9589
6.883089218180068,0.959
6.913371332098162,0.9591
6.935544182721713,0.9592
6.983194970169292,0.9593
6.993228550557789,0.9594
7.011037725980579,0.9595
7.034570612958445,0.9596
7.048032914468273,0.9597
7.0585424491385,0.9598
7.099344826145657,0.9599
7.112532630037138,0.96
7.113369705127552,0.9601
7.118046255896799,0.9602
7.120153939831071,0.9603
7.157273242016695,0.9604
7.171398925854452,0.9605
7.173080515872323,0.9606
7.176204085986312,0.9607
7.181828583602235,0.9608
7.228756070564687,0.9609
7.232661380178295,0.961
7.285465739152767,0.9611
7.317886557921395,0.9612
7.353167993943953,0.9613
7.358873776769822,0.9614
7.401335316550546,0.9615
7.421519068635256,0.9616
7.43975756597612,0.9617
7.457952126820946,0.9618
7.463285639378429,0.9619
7.482684530964307,0.962
7.490162677530574,0.9621
7.50316059528496,0.9622
7.515977874766483,0.9623
7.521938040821627,0.9624
7.524324628090113,0.9625
7.540510405904799,0.9626
7.540605691567249,0.9627
7.555745997232944,0.9628
7.574289259221591,0.9629
7.577632841847459,0.963
7.593181814284623,0.9631
7.601862211804092,0.9632
7.610298840123788,0.9633
7.6257320153521375,0.9634
7.634114093806781,0.9635
7.6495282782528555,0.9636
7.654924121771372,0.9637
7.7119926624990995,0.9638
7.72447826476749,0.9639
7.7780786302361635,0.964
7.780213510330394,0.9641
7.785667101986893,0.9642
7.80802679064665,0.9643
7.830101324706897,0.9644
7.8335692505221814,0.9645
7.835024635398946,0.9646
7.835661648022384,0.9647
7.837856256493181,0.9648
7.840484687808901,0.9649
7.8675243691016,0.965
7.870028770933674,0.9651
7.879753606585041,0.9652
7.883121212376282,0.9653
7.901570953882485,0.9654
7.916200229282491,0.9655
7.924381714800373,0.9656
7.980256498834482,0.9657
7.987935496233963,0.9658
7.993864653526245,0.9659
8.013247522232495,0.966
8.052100913374499,0.9661
8.063635746300593,0.9662
8.091060888468848,0.9663
8.126838185164333,0.9664
8.161892865247466,0.9665
8.16945951571483,0.9666
8.193583115179653,0.9667
8.220742789934578,0.9668
8.324319498089515,0.9669
8.32786993045322,0.967
8.32786993045322,0.9671
8.327984150490911,0.9672
8.330525267683715,0.9673
8.34622369514442,0.9674
8.376837972994522,0.9675
8.464805168954841,0.9676
8.482780376662685,0.9677
8.548252613199502,0.9678
8.576631707808003,0.9679
8.597196391718462,0.968
8.597737508358433,0.9681
8.618298463721572,0.9682
8.641307017833553,0.9683
8.677472990949827,0.9684
8.678792085581833,0.9685
8.686667606106028,0.9686
8.701377563650162,0.9687
8.754059392336197,0.9688
8.776597868784142,0.9689
8.77812774121184,0.969
8.778486796678044,0.9691
8.815269024883586,0.9692
8.820879237524606,0.9693
8.821654337216357,0.9694
8.8346630747566,0.9695
8.838571940756962,0.9696
8.852831473686173,0.9697
8.868002295790985,0.9698
8.870790488012508,0.9699
8.889940404791385,0.97
8.922787990745157,0.9701
8.929502917085216,0.9702
8.94905167649947,0.9703
8.957766663859225,0.9704
9.011581572436356,0.9705
9.016028247591853,0.9706
9.050868862017989,0.9707
9.067163434342481,0.9708
9.266047203196585,0.9709
9.281652071842366,0.971
9.301861460499087,0.9711
9.393992889779248,0.9712
9.397930223895795,0.9713
9.416973737661916,0.9714
9.543059151462094,0.9715
9.582306865200401,0.9716
9.58964141686745,0.9717
9.626774423110298,0.9718
9.631571059179493,0.9719
9.649262770886534,0.972
9.673250051601604,0.9721
9.675001154159569,0.9722
9.705427081574685,0.9723
9.7141202462567,0.9724
9.730061829136499,0.9725
9.732382771246133,0.9726
9.76918912381921,0.9727
9.784381469032917,0.9728
9.797488092020528,0.9729
9.823210409550375,0.973
9.825070689244196,0.9731
9.908326662760043,0.9732
9.947763503122333,0.9733
9.95762269963529,0.9734
9.958862235171907,0.9735
9.959768159270473,0.9736
10.043206132850981,0.9737
10.04779546918273,0.9738
10.075195714260264,0.9739
10.084514156059361,0.974
10.13135602421947,0.9741
10.164439731195754,0.9742
10.17583555272651,0.9743
10.253703743380308,0.9744
10.25951801008433,0.9745
10.336376688566432,0.9746
10.345087226684578,0.9747
10.347158735094034,0.9748
10.352977988344806,0.9749
10.407933404659294,0.975
10.410071479957178,0.9751
10.412346814438326,0.9752
10.447164681417682,0.9753
10.454453429268488,0.9754
10.528079310808517,0.9755
10.557479111958482,0.9756
10.644844447040745,0.9757
10.675486885172502,0.9758
10.679842492621392,0.9759
10.689237886969,0.976
10.690664590702953,0.9761
10.703396480180137,0.9762
10.773955199709535,0.9763
10.8075007714089,0.9764
10.826369434213264,0.9765
10.8332509461265,0.9766
10.887246808896771,0.9767
10.90187206906751,0.9768
10.927601286404391,0.9769
10.933905383118802,0.977
10.935225802504458,0.9771
10.961419545712323,0.9772
11.055892979911343,0.9773
11.071631281846576,0.9774
11.099715722898022,0.9775
11.208785541856297,0.9776
11.231973920878954,0.9777
11.234560925309735,0.9778
11.321074484942118,0.9779
11.326409887108209,0.978
11.496174580632337,0.9781
11.690665560609474,0.9782
11.711361917836964,0.9783
11.809785717769525,0.9784
11.846112653655746,0.9785
11.886965636043994,0.9786
11.916213962178492,0.9787
11.95367556865327,0.9788
12.00210926519148,0.9789
12.066857638848202,0.979
12.108486603903028,0.9791
12.117983580111712,0.9792
12.121194797251189,0.9793
12.233019310608507,0.9794
12.24108353984356,0.9795
12.246697773936758,0.9796
12.269165559218823,0.9797
12.322865447331965,0.9798
12.353670862601138,0.9799
12.373280160324276,0.98
12.439428445000383,0.9801
12.46408605123125,0.9802
12.694257839022761,0.9803
12.751563011683524,0.9804
12.82727911069952,0.9805
12.841216335293092,0.9806
12.85415031440612,0.9807
13.012808795004151,0.9808
13.06747062710038,0.9809
13.105233684924803,0.981
13.15353551126346,0.9811
13.159640954966655,0.9812
13.207280127358809,0.9813
13.231408665576575,0.9814
13.337964782124386,0.9815
13.382733135837304,0.9816
13.389520764714485,0.9817
13.452494629661366,0.9818
13.545131258807704,0.9819
13.681766609431058,0.982
13.686736917562783,0.9821
13.692764947090296,0.9822
13.821640459007583,0.9823
13.837803003975758,0.9824
13.856146049684284,0.9825
13.88925196519494,0.9826
13.95281140307095,0.9827
13.976605236664785,0.9828
13.986298092249596,0.9829
14.027145936135959,0.983
14.027921005749889,0.9831
14.157934703970328,0.9832
14.160641052614526,0.9833
14.183394735196977,0.9834
14.204371327912062,0.9835
14.293306750566698,0.9836
14.425134551368654,0.9837
14.430521096801378,0.9838
14.453113253130018,0.9839
14.505170235022902,0.984
14.547400342854113,0.9841
14.5638849047374,0.9842
14.749742203896865,0.9843
14.811831938987225,0.9844
14.865729544329085,0.9845
14.891001145869122,0.9846
14.954473649556563,0.9847
15.007802592207492,0.9848
15.013271587921121,0.9849
15.04760528757367,0.985
15.128756890237332,0.9851
15.155169494188943,0.9852
15.261520391180355,0.9853
15.27334189251736,0.9854
15.298715927520023,0.9855
15.585138970354757,0.9856
15.650824030106326,0.9857
15.659231097193057,0.9858
15.721537362448869,0.9859
15.827220762163213,0.986
15.886503167556972,0.9861
16.05163482646941,0.9862
16.106400020012632,0.9863
16.107608923825065,0.9864
16.164668439674564,0.9865
16.35997183732353,0.9866
16.435987230715526,0.9867
16.492975219754502,0.9868
16.5245923029462,0.9869
16.5245923029462,0.987
16.5245923029462,0.9871
16.5245923029462,0.9872
16.52645692739617,0.9873
16.666589961590056,0.9874
16.714220342272146,0.9875
16.7967063826438,0.9876
16.883249577908032,0.9877
16.893427558245694,0.9878
16.905994941150585,0.9879
17.01321707403157,0.988
17.088022953975944,0.9881
17.240034282553577,0.9882
17.243750548426622,0.9883
17.25271682968158,0.9884
17.313993781973608,0.9885
17.49925073338207,0.9886
17.5337305556707,0.9887
17.606185326666758,0.9888
17.76642277774104,0.9889
17.852479495267193,0.989
18.07686746921949,0.9891
18.083236882794278,0.9892
18.10530736622922,0.9893
18.105966753707452,0.9894
18.119961678872627,0.9895
18.135487672863892,0.9896
18.167196032018957,0.9897
18.32006005779449,0.9898
18.426061989917233,0.9899
18.442519970828666,0.99
18.534062188339796,0.9901
18.567387379639783,0.9902
18.642107041554336,0.9903
18.726936645350595,0.9904
18.808516515061072,0.9905
19.067906923783752,0.9906
19.163185308209805,0.9907
19.567689924892036,0.9908
19.585972446185167,0.9909
19.74587092981822,0.991
19.78635656989066,0.9911
20.16974789190348,0.9912
20.22470510230344,0.9913
20.410150434874556,0.9914
20.451994354876135,0.9915
21.036357516807314,0.9916
21.29717870009877,0.9917
22.117582490326278,0.9918
22.54800758547038,0.9919
23.04629417841565,0.992
23.15439361470975,0.9921
23.990098119069636,0.9922
24.76076177625954,0.9923
24.852462233399418,0.9924
24.852462233399418,0.9925
24.852462233399418,0.9926
25.045397614587475,0.9927
25.20089813103564,0.9928
25.458995875408686,0.9929
25.61832176485154,0.993
26.201986857533825,0.9931
28.14400843139905,0.9932
28.518984155266175,0.9933
28.588809305479934,0.9934
28.888873217683845,0.9935
29.80452864541691,0.9936
29.89435385826733,0.9937
30.405018925246594,0.9938
30.72777271845341,0.9939
31.270249057039248,0.994
31.389598200939595,0.9941
31.553658001645463,0.9942
32.518322529634645,0.9943
33.20129294723812,0.9944
34.21235886085164,0.9945
34.548048107652185,0.9946
34.873511833284034,0.9947
34.99229181566891,0.9948
35.12097899345477,0.9949
36.533957464948486,0.995
37.99939237965457,0.9951
40.05264439334236,0.9952
40.824105242879874,0.9953
40.89418137631882,0.9954
41.803647547867335,0.9955
42.674144904234446,0.9956
42.93109341401421,0.9957
44.644029047917385,0.9958
49.321674532645936,0.9959
50.34679468145631,0.996
51.12959601430166,0.9961
59.640468465376095,0.9962
61.22988632112481,0.9963
61.47213461573944,0.9964
61.48356716300492,0.9965
67.93421341431346,0.9966
68.24611969817148,0.9967
72.57933877534158,0.9968
84.12255589143076,0.9969
86.41062574996519,0.997
88.25612522468326,0.9971
89.65563153201865,0.9972
90.94512394732573,0.9973
101.1186784930505,0.9974
103.27258503233679,0.9975
104.99986746351718,0.9976
105.04993463111241,0.9977
106.31500866320748,0.9978
112.94603142330965,0.9979
115.71977844869066,0.998
123.5826642377263,0.9981
144.8548243472999,0.9982
153.4306869392434,0.9983
165.95461225950922,0.9984
185.34805502653214,0.9985
200.1422232653944,0.9986
201.77164393768015,0.9987
202.44804886032065,0.9988
203.65318967360778,0.9989
204.45791985469722,0.999
208.95061617189273,0.9991
211.53486804689803,0.9992
212.16714753060901,0.9993
212.2829094191285,0.9994
213.63768626202662,0.9995
213.74371090781,0.9996
214.3244354820054,0.9997
214.42567211401203,0.9998
214.68803401545566,0.9999
215.6132209623743,1.0
