delta_regret_1000_cny,ecdf
-60.66390361492709,0.0001
-60.66390361492709,0.0002
-60.66390361492709,0.0003
-60.66390361492709,0.0004
-60.66390361492709,0.0005
-60.66390361492709,0.0006
-60.66390361492709,0.0007
-60.66390361492709,0.0008
-60.66390361492709,0.0009
-60.66390361492709,0.001
-60.66390361492709,0.0011
-60.66390361492709,0.0012
-60.66390361492709,0.0013
-60.66390361492709,0.0014
-60.66390361492709,0.0015
-60.66390361492709,0.0016
-60.66390361492709,0.0017
-60.66390361492709,0.0018
-60.66390361492709,0.0019
-60.66390361492709,0.002
-60.66390361492709,0.0021
-60.66390361492709,0.0022
-60.66390361492709,0.0023
-60.66390361492709,0.0024
-60.66390361492709,0.0025
-60.66390361492709,0.0026
-60.66390361492709,0.0027
-60.66390361492709,0.0028
-60.66390361492709,0.0029
-60.66390361492709,0.003
-60.66390361492709,0.0031
-60.66390361492709,0.0032
-60.66390361492709,0.0033
-60.66390361492709,0.0034
-60.66390361492709,0.0035
-60.66390361492709,0.0036
-60.66390361492709,0.0037
-60.66390361492709,0.0038
-60.66390361492709,0.0039
-60.66390361492709,0.004
-60.66390361492709,0.0041
-60.66390361492709,0.0042
-60.66390361492709,0.0043
-60.66390361492709,0.0044
-60.66390361492709,0.0045
-60.66390361492709,0.0046
-60.66390361492709,0.0047
-60.66390361492709,0.0048
-60.66390361492709,0.0049
-60.66390361492709,0.005
-60.66390361492709,0.0051
-60.66390361492709,0.0052
-60.66390361492709,0.0053
-60.66390361492709,0.0054
-60.66390361492709,0.0055
-60.66390361492709,0.0056
-60.66390361492709,0.0057
-60.66390361492709,0.0058
-60.66390361492709,0.0059
-60.66390361492709,0.006
-60.66390361492709,0.0061
-60.66390361492709,0.0062
-60.66390361492709,0.0063
-60.66390361492709,0.0064
-60.66390361492709,0.0065
-60.66390361492709,0.0066
-60.66390361492709,0.0067
-60.66390361492709,0.0068
-60.66390361492709,0.0069
-60.66390361492709,0.007
-60.66390361492709,0.0071
-60.66390361492709,0.0072
-60.66390361492709,0.0073
-60.66390361492709,0.0074
-60.66390361492709,0.0075
-60.66390361492709,0.0076
-60.66390361492709,0.0077
-60.66390361492709,0.0078
-60.66390361492709,0.0079
-60.66390361492709,0.008
-60.66390361492709,0.0081
-60.66390361492709,0.0082
-60.66390361492709,0.0083
-60.66390361492709,0.0084
-60.66390361492709,0.0085
-60.66390361492709,0.0086
-60.66390361492709,0.0087
-60.66390361492709,0.0088
-60.66390361492709,0.0089
-60.66390361492709,0.009
-60.66390361492709,0.0091
-60.66390361492709,0.0092
-60.66390361492709,0.0093
-60.66390361492709,0.0094
-60.66390361492709,0.0095
-60.66390361492709,0.0096
-60.66390361492709,0.0097
-60.66390361492709,0.0098
-60.66390361492709,0.0099
-60.66390361492709,0.01
-60.66390361492709,0.0101
-60.66390361492709,0.0102
-60.66390361492709,0.0103
-60.66390361492709,0.0104
-60.66390361492709,0.0105
-60.66390361492709,0.0106
-60.66390361492709,0.0107
-60.66390361492709,0.0108
-60.66390361492709,0.0109
-60.66390361492709,0.011
-60.66390361492709,0.0111
-60.66390361492709,0.0112
-60.66390361492709,0.0113
-60.66390361492709,0.0114
-60.66390361492709,0.0115
-60.66390361492709,0.0116
-60.66390361492709,0.0117
-60.66390361492709,0.0118
-60.66390361492709,0.0119
-60.66390361492709,0.012
-60.66390361492709,0.0121
-60.66390361492709,0.0122
-60.66390361492709,0.0123
-60.66390361492709,0.0124
-60.66390361492709,0.0125
-60.66390361492709,0.0126
-60.66390361492709,0.0127
-60.66390361492709,0.0128
-60.66390361492709,0.0129
-60.66390361492709,0.013
-60.66390361492709,0.0131
-60.66390361492709,0.0132
-60.66390361492709,0.0133
-60.66390361492709,0.0134
-60.66390361492709,0.0135
-60.66390361492709,0.0136
-60.66390361492709,0.0137
-60.66390361492709,0.0138
-60.66390361492709,0.0139
-60.66390361492709,0.014
-60.66390361492709,0.0141
-60.66390361492709,0.0142
-60.66390361492709,0.0143
-60.66390361492709,0.0144
-60.66390361492709,0.0145
-60.66390361492709,0.0146
-60.66390361492709,0.0147
-60.66390361492709,0.0148
-60.66390361492709,0.0149
-60.66390361492709,0.015
-60.66390361492709,0.0151
-60.66390361492709,0.0152
-60.66390361492709,0.0153
-60.66390361492709,0.0154
-60.66390361492709,0.0155
-60.66390361492709,0.0156
-60.66390361492709,0.0157
-60.66390361492709,0.0158
-39.50842758192169,0.0159
-39.50842758192169,0.016
-39.50842758192169,0.0161
-39.50842758192169,0.0162
-39.50842758192169,0.0163
-39.50842758192169,0.0164
-39.50842758192169,0.0165
-39.50842758192169,0.0166
-39.50842758192169,0.0167
-39.50842758192169,0.0168
-39.50842758192169,0.0169
-39.50842758192169,0.017
-39.50842758192169,0.0171
-39.50842758192169,0.0172
-39.50842758192169,0.0173
-39.50842758192169,0.0174
-39.50842758192169,0.0175
-39.50842758192169,0.0176
-39.50842758192169,0.0177
-39.50842758192169,0.0178
-39.50842758192169,0.0179
-39.50842758192169,0.018
-39.50842758192169,0.0181
-39.50842758192169,0.0182
-39.50842758192169,0.0183
-39.50842758192169,0.0184
-39.50842758192169,0.0185
-39.50842758192169,0.0186
-39.50842758192169,0.0187
-39.50842758192169,0.0188
-39.50842758192169,0.0189
-39.50842758192169,0.019
-39.50842758192169,0.0191
-39.50842758192169,0.0192
-39.50842758192169,0.0193
-39.50842758192169,0.0194
-39.50842758192169,0.0195
-39.50842758192169,0.0196
-39.50842758192169,0.0197
-39.50842758192169,0.0198
-39.50842758192169,0.0199
-39.50842758192169,0.02
-39.50842758192169,0.0201
-39.50842758192169,0.0202
-39.50842758192169,0.0203
-39.50842758192169,0.0204
-39.50842758192169,0.0205
-39.50842758192169,0.0206
-39.50842758192169,0.0207
-39.50842758192169,0.0208
-39.50842758192169,0.0209
-39.50842758192169,0.021
-39.50842758192169,0.0211
-39.50842758192169,0.0212
-39.50842758192169,0.0213
-39.50842758192169,0.0214
-39.50842758192169,0.0215
-39.50842758192169,0.0216
-39.50842758192169,0.0217
-39.50842758192169,0.0218
-39.50842758192169,0.0219
-39.50842758192169,0.022
-39.50842758192169,0.0221
-39.50842758192169,0.0222
-39.50842758192169,0.0223
-39.50842758192169,0.0224
-39.50842758192169,0.0225
-21.1554760330054,0.0226
-21.1554760330054,0.0227
-21.1554760330054,0.0228
-21.1554760330054,0.0229
-21.1554760330054,0.023
-21.1554760330054,0.0231
-21.1554760330054,0.0232
-21.1554760330054,0.0233
-21.1554760330054,0.0234
-21.1554760330054,0.0235
-21.1554760330054,0.0236
-21.1554760330054,0.0237
-21.1554760330054,0.0238
-21.1554760330054,0.0239
-21.1554760330054,0.024
-21.1554760330054,0.0241
-21.1554760330054,0.0242
-21.1554760330054,0.0243
-21.1554760330054,0.0244
-21.1554760330054,0.0245
-21.1554760330054,0.0246
-21.1554760330054,0.0247
-21.1554760330054,0.0248
-21.1554760330054,0.0249
-21.1554760330054,0.025
-21.1554760330054,0.0251
-21.1554760330054,0.0252
-21.1554760330054,0.0253
-21.1554760330054,0.0254
-21.1554760330054,0.0255
-21.1554760330054,0.0256
-21.1554760330054,0.0257
-21.1554760330054,0.0258
-21.1554760330054,0.0259
-21.1554760330054,0.026
-21.1554760330054,0.0261
-21.1554760330054,0.0262
-21.1554760330054,0.0263
-21.1554760330054,0.0264
-21.1554760330054,0.0265
-21.1554760330054,0.0266
-21.1554760330054,0.0267
-21.1554760330054,0.0268
-21.1554760330054,0.0269
-21.1554760330054,0.027
-21.1554760330054,0.0271
-21.1554760330054,0.0272
-21.1554760330054,0.0273
-21.1554760330054,0.0274
-21.1554760330054,0.0275
-21.1554760330054,0.0276
-21.1554760330054,0.0277
-21.1554760330054,0.0278
-21.1554760330054,0.0279
-21.1554760330054,0.028
-21.1554760330054,0.0281
-21.1554760330054,0.0282
-21.1554760330054,0.0283
-21.1554760330054,0.0284
-21.1554760330054,0.0285
-21.1554760330054,0.0286
-21.1554760330054,0.0287
-21.1554760330054,0.0288
-21.1554760330054,0.0289
-21.1554760330054,0.029
-21.1554760330054,0.0291
-21.1554760330054,0.0292
-21.1554760330054,0.0293
-21.1554760330054,0.0294
-21.1554760330054,0.0295
-21.1554760330054,0.0296
-21.1554760330054,0.0297
-21.1554760330054,0.0298
-21.1554760330054,0.0299
-21.1554760330054,0.03
-21.1554760330054,0.0301
-21.1554760330054,0.0302
-21.1554760330054,0.0303
-21.1554760330054,0.0304
-21.1554760330054,0.0305
-21.1554760330054,0.0306
-21.1554760330054,0.0307
-21.1554760330054,0.0308
-21.1554760330054,0.0309
-21.1554760330054,0.031
-21.1554760330054,0.0311
-21.1554760330054,0.0312
-21.1554760330054,0.0313
-21.1554760330054,0.0314
-21.1554760330054,0.0315
-21.1554760330054,0.0316
-21.1554760330054,0.0317
-21.1554760330054,0.0318
-21.1554760330054,0.0319
-21.1554760330054,0.032
-21.1554760330054,0.0321
-21.1554760330054,0.0322
-21.1554760330054,0.0323
-21.1554760330054,0.0324
-21.1554760330054,0.0325
-21.1554760330054,0.0326
-21.1554760330054,0.0327
-21.1554760330054,0.0328
-21.1554760330054,0.0329
-21.1554760330054,0.033
-21.1554760330054,0.0331
-21.1554760330054,0.0332
-21.1554760330054,0.0333
-21.1554760330054,0.0334
-21.1554760330054,0.0335
-21.1554760330054,0.0336
-21.1554760330054,0.0337
-21.1554760330054,0.0338
-21.1554760330054,0.0339
-21.1554760330054,0.034
-21.1554760330054,0.0341
-21.1554760330054,0.0342
-21.1554760330054,0.0343
-21.1554760330054,0.0344
-21.1554760330054,0.0345
-21.1554760330054,0.0346
-21.1554760330054,0.0347
-21.1554760330054,0.0348
-21.1554760330054,0.0349
-21.1554760330054,0.035
-21.1554760330054,0.0351
-21.1554760330054,0.0352
-21.1554760330054,0.0353
-21.1554760330054,0.0354
-21.1554760330054,0.0355
-21.1554760330054,0.0356
-21.1554760330054,0.0357
-21.1554760330054,0.0358
-21.1554760330054,0.0359
-21.1554760330054,0.036
-21.1554760330054,0.0361
-21.1554760330054,0.0362
-21.1554760330054,0.0363
-21.1554760330054,0.0364
-21.1554760330054,0.0365
-21.1554760330054,0.0366
-21.1554760330054,0.0367
-21.1554760330054,0.0368
-21.1554760330054,0.0369
-21.1554760330054,0.037
-21.1554760330054,0.0371
-21.1554760330054,0.0372
-21.1554760330054,0.0373
-21.1554760330054,0.0374
-21.1554760330054,0.0375
-21.1554760330054,0.0376
-21.1554760330054,0.0377
-21.1554760330054,0.0378
-21.1554760330054,0.0379
-21.1554760330054,0.038
-21.1554760330054,0.0381
-21.1554760330054,0.0382
-21.1554760330054,0.0383
-21.1554760330054,0.0384
-21.1554760330054,0.0385
-21.1554760330054,0.0386
-21.1554760330054,0.0387
-21.1554760330054,0.0388
-21.1554760330054,0.0389
-21.1554760330054,0.039
-21.1554760330054,0.0391
-21.1554760330054,0.0392
-21.1554760330054,0.0393
-21.1554760330054,0.0394
-21.1554760330054,0.0395
-21.1554760330054,0.0396
-21.1554760330054,0.0397
-21.1554760330054,0.0398
-21.1554760330054,0.0399
-21.1554760330054,0.04
-21.1554760330054,0.0401
-21.1554760330054,0.0402
-21.1554760330054,0.0403
-21.1554760330054,0.0404
-21.1554760330054,0.0405
-21.1554760330054,0.0406
-21.1554760330054,0.0407
-21.1554760330054,0.0408
-21.1554760330054,0.0409
-21.1554760330054,0.041
-21.1554760330054,0.0411
-21.1554760330054,0.0412
-21.1554760330054,0.0413
-21.1554760330054,0.0414
-21.1554760330054,0.0415
-21.1554760330054,0.0416
-21.1554760330054,0.0417
-21.1554760330054,0.0418
-21.1554760330054,0.0419
-21.1554760330054,0.042
-21.1554760330054,0.0421
-21.1554760330054,0.0422
-21.1554760330054,0.0423
-21.1554760330054,0.0424
-21.1554760330054,0.0425
-21.1554760330054,0.0426
-21.1554760330054,0.0427
-21.1554760330054,0.0428
-21.1554760330054,0.0429
-21.1554760330054,0.043
-21.1554760330054,0.0431
-21.1554760330054,0.0432
-21.1554760330054,0.0433
-21.1554760330054,0.0434
-21.1554760330054,0.0435
-21.1554760330054,0.0436
-21.1554760330054,0.0437
-21.1554760330054,0.0438
-21.1554760330054,0.0439
-21.1554760330054,0.044
-21.1554760330054,0.0441
-21.1554760330054,0.0442
-21.1554760330054,0.0443
-21.1554760330054,0.0444
-21.1554760330054,0.0445
-21.1554760330054,0.0446
-21.1554760330054,0.0447
-21.1554760330054,0.0448
-21.1554760330054,0.0449
-21.1554760330054,0.045
-21.1554760330054,0.0451
-21.1554760330054,0.0452
-21.1554760330054,0.0453
-21.1554760330054,0.0454
-21.1554760330054,0.0455
-21.1554760330054,0.0456
-21.1554760330054,0.0457
-21.1554760330054,0.0458
-21.1554760330054,0.0459
-21.1554760330054,0.046
-21.1554760330054,0.0461
-21.1554760330054,0.0462
-21.1554760330054,0.0463
-21.1554760330054,0.0464
-21.1554760330054,0.0465
-21.1554760330054,0.0466
-21.1554760330054,0.0467
-21.1554760330054,0.0468
-21.1554760330054,0.0469
-21.1554760330054,0.047
-21.1554760330054,0.0471
-21.1554760330054,0.0472
-21.1554760330054,0.0473
-21.1554760330054,0.0474
-21.1554760330054,0.0475
-21.1554760330054,0.0476
-21.1554760330054,0.0477
-21.1554760330054,0.0478
-21.1554760330054,0.0479
-21.1554760330054,0.048
-21.1554760330054,0.0481
-21.1554760330054,0.0482
-21.1554760330054,0.0483
-21.1554760330054,0.0484
-21.1554760330054,0.0485
-21.1554760330054,0.0486
-21.1554760330054,0.0487
-21.1554760330054,0.0488
-21.1554760330054,0.0489
-21.1554760330054,0.049
-21.1554760330054,0.0491
-21.1554760330054,0.0492
-21.1554760330054,0.0493
-21.1554760330054,0.0494
-21.1554760330054,0.0495
-21.1554760330054,0.0496
-21.1554760330054,0.0497
-21.1554760330054,0.0498
-21.1554760330054,0.0499
-21.1554760330054,0.05
-21.1554760330054,0.0501
-21.1554760330054,0.0502
-21.1554760330054,0.0503
-21.1554760330054,0.0504
-21.1554760330054,0.0505
-21.1554760330054,0.0506
-21.1554760330054,0.0507
-21.1554760330054,0.0508
-21.1554760330054,0.0509
-21.1554760330054,0.051
-21.1554760330054,0.0511
-21.1554760330054,0.0512
-21.1554760330054,0.0513
-21.1554760330054,0.0514
-21.1554760330054,0.0515
-21.1554760330054,0.0516
-21.1554760330054,0.0517
-21.1554760330054,0.0518
-21.1554760330054,0.0519
-21.1554760330054,0.052
-21.1554760330054,0.0521
-21.1554760330054,0.0522
-21.1554760330054,0.0523
-21.1554760330054,0.0524
-21.1554760330054,0.0525
-21.1554760330054,0.0526
-21.1554760330054,0.0527
-21.1554760330054,0.0528
-21.1554760330054,0.0529
-21.1554760330054,0.053
-21.1554760330054,0.0531
-21.1554760330054,0.0532
0.0,0.0533
0.0,0.0534
0.0,0.0535
0.0,0.0536
0.0,0.0537
0.0,0.0538
0.0,0.0539
0.0,0.054
0.0,0.0541
0.0,0.0542
0.0,0.0543
0.0,0.0544
0.0,0.0545
0.0,0.0546
0.0,0.0547
0.0,0.0548
0.0,0.0549
0.0,0.055
0.0,0.0551
0.0,0.0552
0.0,0.0553
0.0,0.0554
0.0,0.0555
0.0,0.0556
0.0,0.0557
0.0,0.0558
0.0,0.0559
0.0,0.056
0.0,0.0561
0.0,0.0562
0.0,0.0563
0.0,0.0564
0.0,0.0565
0.0,0.0566
0.0,0.0567
0.0,0.0568
0.0,0.0569
0.0,0.057
0.0,0.0571
0.0,0.0572
0.0,0.0573
0.0,0.0574
0.0,0.0575
0.0,0.0576
0.0,0.0577
0.0,0.0578
0.0,0.0579
0.0,0.058
0.0,0.0581
0.0,0.0582
0.0,0.0583
0.0,0.0584
0.0,0.0585
0.0,0.0586
0.0,0.0587
0.0,0.0588
0.0,0.0589
0.0,0.059
0.0,0.0591
0.0,0.0592
0.0,0.0593
0.0,0.0594
0.0,0.0595
0.0,0.0596
0.0,0.0597
0.0,0.0598
0.0,0.0599
0.0,0.06
0.0,0.0601
0.0,0.0602
0.0,0.0603
0.0,0.0604
0.0,0.0605
0.0,0.0606
0.0,0.0607
0.0,0.0608
0.0,0.0609
0.0,0.061
0.0,0.0611
0.0,0.0612
0.0,0.0613
0.0,0.0614
0.0,0.0615
0.0,0.0616
0.0,0.0617
0.0,0.0618
0.0,0.0619
0.0,0.062
0.0,0.0621
0.0,0.0622
0.0,0.0623
0.0,0.0624
0.0,0.0625
0.0,0.0626
0.0,0.0627
0.0,0.0628
0.0,0.0629
0.0,0.063
0.0,0.0631
0.0,0.0632
0.0,0.0633
0.0,0.0634
0.0,0.0635
0.0,0.0636
0.0,0.0637
0.0,0.0638
0.0,0.0639
0.0,0.064
0.0,0.0641
0.0,0.0642
0.0,0.0643
0.0,0.0644
0.0,0.0645
0.0,0.0646
0.0,0.0647
0.0,0.0648
0.0,0.0649
0.0,0.065
0.0,0.0651
0.0,0.0652
0.0,0.0653
0.0,0.0654
0.0,0.0655
0.0,0.0656
0.0,0.0657
0.0,0.0658
0.0,0.0659
0.0,0.066
0.0,0.0661
0.0,0.0662
0.0,0.0663
0.0,0.0664
0.0,0.0665
0.0,0.0666
0.0,0.0667
0.0,0.0668
0.0,0.0669
0.0,0.067
0.0,0.0671
0.0,0.0672
0.0,0.0673
0.0,0.0674
0.0,0.0675
0.0,0.0676
0.0,0.0677
0.0,0.0678
0.0,0.0679
0.0,0.068
0.0,0.0681
0.0,0.0682
0.0,0.0683
0.0,0.0684
0.0,0.0685
0.0,0.0686
0.0,0.0687
0.0,0.0688
0.0,0.0689
0.0,0.069
0.0,0.0691
0.0,0.0692
0.0,0.0693
0.0,0.0694
0.0,0.0695
0.0,0.0696
0.0,0.0697
0.0,0.0698
0.0,0.0699
0.0,0.07
0.0,0.0701
0.0,0.0702
0.0,0.0703
0.0,0.0704
0.0,0.0705
0.0,0.0706
0.0,0.0707
0.0,0.0708
0.0,0.0709
0.0,0.071
0.0,0.0711
0.0,0.0712
0.0,0.0713
0.0,0.0714
0.0,0.0715
0.0,0.0716
0.0,0.0717
0.0,0.0718
0.0,0.0719
0.0,0.072
0.0,0.0721
0.0,0.0722
0.0,0.0723
0.0,0.0724
0.0,0.0725
0.0,0.0726
0.0,0.0727
0.0,0.0728
0.0,0.0729
0.0,0.073
0.0,0.0731
0.0,0.0732
0.0,0.0733
0.0,0.0734
0.0,0.0735
0.0,0.0736
0.0,0.0737
0.0,0.0738
0.0,0.0739
0.0,0.074
0.0,0.0741
0.0,0.0742
0.0,0.0743
0.0,0.0744
0.0,0.0745
0.0,0.0746
0.0,0.0747
0.0,0.0748
0.0,0.0749
0.0,0.075
0.0,0.0751
0.0,0.0752
0.0,0.0753
0.0,0.0754
0.0,0.0755
0.0,0.0756
0.0,0.0757
0.0,0.0758
0.0,0.0759
0.0,0.076
0.0,0.0761
0.0,0.0762
0.0,0.0763
0.0,0.0764
0.0,0.0765
0.0,0.0766
0.0,0.0767
0.0,0.0768
0.0,0.0769
0.0,0.077
0.0,0.0771
0.0,0.0772
0.0,0.0773
0.0,0.0774
0.0,0.0775
0.0,0.0776
0.0,0.0777
0.0,0.0778
0.0,0.0779
0.0,0.078
0.0,0.0781
0.0,0.0782
0.0,0.0783
0.0,0.0784
0.0,0.0785
0.0,0.0786
0.0,0.0787
0.0,0.0788
0.0,0.0789
0.0,0.079
0.0,0.0791
0.0,0.0792
0.0,0.0793
0.0,0.0794
0.0,0.0795
0.0,0.0796
0.0,0.0797
0.0,0.0798
0.0,0.0799
0.0,0.08
0.0,0.0801
0.0,0.0802
0.0,0.0803
0.0,0.0804
0.0,0.0805
0.0,0.0806
0.0,0.0807
0.0,0.0808
0.0,0.0809
0.0,0.081
0.0,0.0811
0.0,0.0812
0.0,0.0813
0.0,0.0814
0.0,0.0815
0.0,0.0816
0.0,0.0817
0.0,0.0818
0.0,0.0819
0.0,0.082
0.0,0.0821
0.0,0.0822
0.0,0.0823
0.0,0.0824
0.0,0.0825
0.0,0.0826
0.0,0.0827
0.0,0.0828
0.0,0.0829
0.0,0.083
0.0,0.0831
0.0,0.0832
0.0,0.0833
0.0,0.0834
0.0,0.0835
0.0,0.0836
0.0,0.0837
0.0,0.0838
0.0,0.0839
0.0,0.084
0.0,0.0841
0.0,0.0842
0.0,0.0843
0.0,0.0844
0.0,0.0845
0.0,0.0846
0.0,0.0847
0.0,0.0848
0.0,0.0849
0.0,0.085
0.0,0.0851
0.0,0.0852
0.0,0.0853
0.0,0.0854
0.0,0.0855
0.0,0.0856
0.0,0.0857
0.0,0.0858
0.0,0.0859
0.0,0.086
0.0,0.0861
0.0,0.0862
0.0,0.0863
0.0,0.0864
0.0,0.0865
0.0,0.0866
0.0,0.0867
0.0,0.0868
0.0,0.0869
0.0,0.087
0.0,0.0871
0.0,0.0872
0.0,0.0873
0.0,0.0874
0.0,0.0875
0.0,0.0876
0.0,0.0877
0.0,0.0878
0.0,0.0879
0.0,0.088
0.0,0.0881
0.0,0.0882
0.0,0.0883
0.0,0.0884
0.0,0.0885
0.0,0.0886
0.0,0.0887
0.0,0.0888
0.0,0.0889
0.0,0.089
0.0,0.0891
0.0,0.0892
0.0,0.0893
0.0,0.0894
0.0,0.0895
0.0,0.0896
0.0,0.0897
0.0,0.0898
0.0,0.0899
0.0,0.09
0.0,0.0901
0.0,0.0902
0.0,0.0903
0.0,0.0904
0.0,0.0905
0.0,0.0906
0.0,0.0907
0.0,0.0908
0.0,0.0909
0.0,0.091
0.0,0.0911
0.0,0.0912
0.0,0.0913
0.0,0.0914
0.0,0.0915
0.0,0.0916
0.0,0.0917
0.0,0.0918
0.0,0.0919
0.0,0.092
0.0,0.0921
0.0,0.0922
0.0,0.0923
0.0,0.0924
0.0,0.0925
0.0,0.0926
0.0,0.0927
0.0,0.0928
0.0,0.0929
0.0,0.093
0.0,0.0931
0.0,0.0932
0.0,0.0933
0.0,0.0934
0.0,0.0935
0.0,0.0936
0.0,0.0937
0.0,0.0938
0.0,0.0939
0.0,0.094
0.0,0.0941
0.0,0.0942
0.0,0.0943
0.0,0.0944
0.0,0.0945
0.0,0.0946
0.0,0.0947
0.0,0.0948
0.0,0.0949
0.0,0.095
0.0,0.0951
0.0,0.0952
0.0,0.0953
0.0,0.0954
0.0,0.0955
0.0,0.0956
0.0,0.0957
0.0,0.0958
0.0,0.0959
0.0,0.096
0.0,0.0961
0.0,0.0962
0.0,0.0963
0.0,0.0964
0.0,0.0965
0.0,0.0966
0.0,0.0967
0.0,0.0968
0.0,0.0969
0.0,0.097
0.0,0.0971
0.0,0.0972
0.0,0.0973
0.0,0.0974
0.0,0.0975
0.0,0.0976
0.0,0.0977
0.0,0.0978
0.0,0.0979
0.0,0.098
0.0,0.0981
0.0,0.0982
0.0,0.0983
0.0,0.0984
0.0,0.0985
0.0,0.0986
0.0,0.0987
0.0,0.0988
0.0,0.0989
0.0,0.099
0.0,0.0991
0.0,0.0992
0.0,0.0993
0.0,0.0994
0.0,0.0995
0.0,0.0996
0.0,0.0997
0.0,0.0998
0.0,0.0999
0.0,0.1
0.0,0.1001
0.0,0.1002
0.0,0.1003
0.0,0.1004
0.0,0.1005
0.0,0.1006
0.0,0.1007
0.0,0.1008
0.0,0.1009
0.0,0.101
0.0,0.1011
0.0,0.1012
0.0,0.1013
0.0,0.1014
0.0,0.1015
0.0,0.1016
0.0,0.1017
0.0,0.1018
0.0,0.1019
0.0,0.102
0.0,0.1021
0.0,0.1022
0.0,0.1023
0.0,0.1024
0.0,0.1025
0.0,0.1026
0.0,0.1027
0.0,0.1028
0.0,0.1029
0.0,0.103
0.0,0.1031
0.0,0.1032
0.0,0.1033
0.0,0.1034
0.0,0.1035
0.0,0.1036
0.0,0.1037
0.0,0.1038
0.0,0.1039
0.0,0.104
0.0,0.1041
0.0,0.1042
0.0,0.1043
0.0,0.1044
0.0,0.1045
0.0,0.1046
0.0,0.1047
0.0,0.1048
0.0,0.1049
0.0,0.105
0.0,0.1051
0.0,0.1052
0.0,0.1053
0.0,0.1054
0.0,0.1055
0.0,0.1056
0.0,0.1057
0.0,0.1058
0.0,0.1059
0.0,0.106
0.0,0.1061
0.0,0.1062
0.0,0.1063
0.0,0.1064
0.0,0.1065
0.0,0.1066
0.0,0.1067
0.0,0.1068
0.0,0.1069
0.0,0.107
0.0,0.1071
0.0,0.1072
0.0,0.1073
0.0,0.1074
0.0,0.1075
0.0,0.1076
0.0,0.1077
0.0,0.1078
0.0,0.1079
0.0,0.108
0.0,0.1081
0.0,0.1082
0.0,0.1083
0.0,0.1084
0.0,0.1085
0.0,0.1086
0.0,0.1087
0.0,0.1088
0.0,0.1089
0.0,0.109
0.0,0.1091
0.0,0.1092
0.0,0.1093
0.0,0.1094
0.0,0.1095
0.0,0.1096
0.0,0.1097
0.0,0.1098
0.0,0.1099
0.0,0.11
0.0,0.1101
0.0,0.1102
0.0,0.1103
0.0,0.1104
0.0,0.1105
0.0,0.1106
0.0,0.1107
0.0,0.1108
0.0,0.1109
0.0,0.111
0.0,0.1111
0.0,0.1112
0.0,0.1113
0.0,0.1114
0.0,0.1115
0.0,0.1116
0.0,0.1117
0.0,0.1118
0.0,0.1119
0.0,0.112
0.0,0.1121
0.0,0.1122
0.0,0.1123
0.0,0.1124
0.0,0.1125
0.0,0.1126
0.0,0.1127
0.0,0.1128
0.0,0.1129
0.0,0.113
0.0,0.1131
0.0,0.1132
0.0,0.1133
0.0,0.1134
0.0,0.1135
0.0,0.1136
0.0,0.1137
0.0,0.1138
0.0,0.1139
0.0,0.114
0.0,0.1141
0.0,0.1142
0.0,0.1143
0.0,0.1144
0.0,0.1145
0.0,0.1146
0.0,0.1147
0.0,0.1148
0.0,0.1149
0.0,0.115
0.0,0.1151
0.0,0.1152
0.0,0.1153
0.0,0.1154
0.0,0.1155
0.0,0.1156
0.0,0.1157
0.0,0.1158
0.0,0.1159
0.0,0.116
0.0,0.1161
0.0,0.1162
0.0,0.1163
0.0,0.1164
0.0,0.1165
0.0,0.1166
0.0,0.1167
0.0,0.1168
0.0,0.1169
0.0,0.117
0.0,0.1171
0.0,0.1172
0.0,0.1173
0.0,0.1174
0.0,0.1175
0.0,0.1176
0.0,0.1177
0.0,0.1178
0.0,0.1179
0.0,0.118
0.0,0.1181
0.0,0.1182
0.0,0.1183
0.0,0.1184
0.0,0.1185
0.0,0.1186
0.0,0.1187
0.0,0.1188
0.0,0.1189
0.0,0.119
0.0,0.1191
0.0,0.1192
0.0,0.1193
0.0,0.1194
0.0,0.1195
0.0,0.1196
0.0,0.1197
0.0,0.1198
0.0,0.1199
0.0,0.12
0.0,0.1201
0.0,0.1202
0.0,0.1203
0.0,0.1204
0.0,0.1205
0.0,0.1206
0.0,0.1207
0.0,0.1208
0.0,0.1209
0.0,0.121
0.0,0.1211
0.0,0.1212
0.0,0.1213
0.0,0.1214
0.0,0.1215
0.0,0.1216
0.0,0.1217
0.0,0.1218
0.0,0.1219
0.0,0.122
0.0,0.1221
0.0,0.1222
0.0,0.1223
0.0,0.1224
0.0,0.1225
0.0,0.1226
0.0,0.1227
0.0,0.1228
0.0,0.1229
0.0,0.123
0.0,0.1231
0.0,0.1232
0.0,0.1233
0.0,0.1234
0.0,0.1235
0.0,0.1236
0.0,0.1237
0.0,0.1238
0.0,0.1239
0.0,0.124
0.0,0.1241
0.0,0.1242
0.0,0.1243
0.0,0.1244
0.0,0.1245
0.0,0.1246
0.0,0.1247
0.0,0.1248
0.0,0.1249
0.0,0.125
0.0,0.1251
0.0,0.1252
0.0,0.1253
0.0,0.1254
0.0,0.1255
0.0,0.1256
0.0,0.1257
0.0,0.1258
0.0,0.1259
0.0,0.126
0.0,0.1261
0.0,0.1262
0.0,0.1263
0.0,0.1264
0.0,0.1265
0.0,0.1266
0.0,0.1267
0.0,0.1268
0.0,0.1269
0.0,0.127
0.0,0.1271
0.0,0.1272
0.0,0.1273
0.0,0.1274
0.0,0.1275
0.0,0.1276
0.0,0.1277
0.0,0.1278
0.0,0.1279
0.0,0.128
0.0,0.1281
0.0,0.1282
0.0,0.1283
0.0,0.1284
0.0,0.1285
0.0,0.1286
0.0,0.1287
0.0,0.1288
0.0,0.1289
0.0,0.129
0.0,0.1291
0.0,0.1292
0.0,0.1293
0.0,0.1294
0.0,0.1295
0.0,0.1296
0.0,0.1297
0.0,0.1298
0.0,0.1299
0.0,0.13
0.0,0.1301
0.0,0.1302
0.0,0.1303
0.0,0.1304
0.0,0.1305
0.0,0.1306
0.0,0.1307
0.0,0.1308
0.0,0.1309
0.0,0.131
0.0,0.1311
0.0,0.1312
0.0,0.1313
0.0,0.1314
0.0,0.1315
0.0,0.1316
0.0,0.1317
0.0,0.1318
0.0,0.1319
0.0,0.132
0.0,0.1321
0.0,0.1322
0.0,0.1323
0.0,0.1324
0.0,0.1325
0.0,0.1326
0.0,0.1327
0.0,0.1328
0.0,0.1329
0.0,0.133
0.0,0.1331
0.0,0.1332
0.0,0.1333
0.0,0.1334
0.0,0.1335
0.0,0.1336
0.0,0.1337
0.0,0.1338
0.0,0.1339
0.0,0.134
0.0,0.1341
0.0,0.1342
0.0,0.1343
0.0,0.1344
0.0,0.1345
0.0,0.1346
0.0,0.1347
0.0,0.1348
0.0,0.1349
0.0,0.135
0.0,0.1351
0.0,0.1352
0.0,0.1353
0.0,0.1354
0.0,0.1355
0.0,0.1356
0.0,0.1357
0.0,0.1358
0.0,0.1359
0.0,0.136
0.0,0.1361
0.0,0.1362
0.0,0.1363
0.0,0.1364
0.0,0.1365
0.0,0.1366
0.0,0.1367
0.0,0.1368
0.0,0.1369
0.0,0.137
0.0,0.1371
0.0,0.1372
0.0,0.1373
0.0,0.1374
0.0,0.1375
0.0,0.1376
0.0,0.1377
0.0,0.1378
0.0,0.1379
0.0,0.138
0.0,0.1381
0.0,0.1382
0.0,0.1383
0.0,0.1384
0.0,0.1385
0.0,0.1386
0.0,0.1387
0.0,0.1388
0.0,0.1389
0.0,0.139
0.0,0.1391
0.0,0.1392
0.0,0.1393
0.0,0.1394
0.0,0.1395
0.0,0.1396
0.0,0.1397
0.0,0.1398
0.0,0.1399
0.0,0.14
0.0,0.1401
0.0,0.1402
0.0,0.1403
0.0,0.1404
0.0,0.1405
0.0,0.1406
0.0,0.1407
0.0,0.1408
0.0,0.1409
0.0,0.141
0.0,0.1411
0.0,0.1412
0.0,0.1413
0.0,0.1414
0.0,0.1415
0.0,0.1416
0.0,0.1417
0.0,0.1418
0.0,0.1419
0.0,0.142
0.0,0.1421
0.0,0.1422
0.0,0.1423
0.0,0.1424
0.0,0.1425
0.0,0.1426
0.0,0.1427
0.0,0.1428
0.0,0.1429
0.0,0.143
0.0,0.1431
0.0,0.1432
0.0,0.1433
0.0,0.1434
0.0,0.1435
0.0,0.1436
0.0,0.1437
0.0,0.1438
0.0,0.1439
0.0,0.144
0.0,0.1441
0.0,0.1442
0.0,0.1443
0.0,0.1444
0.0,0.1445
0.0,0.1446
0.0,0.1447
0.0,0.1448
0.0,0.1449
0.0,0.145
0.0,0.1451
0.0,0.1452
0.0,0.1453
0.0,0.1454
0.0,0.1455
0.0,0.1456
0.0,0.1457
0.0,0.1458
0.0,0.1459
0.0,0.146
0.0,0.1461
0.0,0.1462
0.0,0.1463
0.0,0.1464
0.0,0.1465
0.0,0.1466
0.0,0.1467
0.0,0.1468
0.0,0.1469
0.0,0.147
0.0,0.1471
0.0,0.1472
0.0,0.1473
0.0,0.1474
0.0,0.1475
0.0,0.1476
0.0,0.1477
0.0,0.1478
0.0,0.1479
0.0,0.148
0.0,0.1481
0.0,0.1482
0.0,0.1483
0.0,0.1484
0.0,0.1485
0.0,0.1486
0.0,0.1487
0.0,0.1488
0.0,0.1489
0.0,0.149
0.0,0.1491
0.0,0.1492
0.0,0.1493
0.0,0.1494
0.0,0.1495
0.0,0.1496
0.0,0.1497
0.0,0.1498
0.0,0.1499
0.0,0.15
0.0,0.1501
0.0,0.1502
0.0,0.1503
0.0,0.1504
0.0,0.1505
0.0,0.1506
0.0,0.1507
0.0,0.1508
0.0,0.1509
0.0,0.151
0.0,0.1511
0.0,0.1512
0.0,0.1513
0.0,0.1514
0.0,0.1515
0.0,0.1516
0.0,0.1517
0.0,0.1518
0.0,0.1519
0.0,0.152
0.0,0.1521
0.0,0.1522
0.0,0.1523
0.0,0.1524
0.0,0.1525
0.0,0.1526
0.0,0.1527
0.0,0.1528
0.0,0.1529
0.0,0.153
0.0,0.1531
0.0,0.1532
0.0,0.1533
0.0,0.1534
0.0,0.1535
0.0,0.1536
0.0,0.1537
0.0,0.1538
0.0,0.1539
0.0,0.154
0.0,0.1541
0.0,0.1542
0.0,0.1543
0.0,0.1544
0.0,0.1545
0.0,0.1546
0.0,0.1547
0.0,0.1548
0.0,0.1549
0.0,0.155
0.0,0.1551
0.0,0.1552
0.0,0.1553
0.0,0.1554
0.0,0.1555
0.0,0.1556
0.0,0.1557
0.0,0.1558
0.0,0.1559
0.0,0.156
0.0,0.1561
0.0,0.1562
0.0,0.1563
0.0,0.1564
0.0,0.1565
0.0,0.1566
0.0,0.1567
0.0,0.1568
0.0,0.1569
0.0,0.157
0.0,0.1571
0.0,0.1572
0.0,0.1573
0.0,0.1574
0.0,0.1575
0.0,0.1576
0.0,0.1577
0.0,0.1578
0.0,0.1579
0.0,0.158
0.0,0.1581
0.0,0.1582
0.0,0.1583
0.0,0.1584
0.0,0.1585
0.0,0.1586
0.0,0.1587
0.0,0.1588
0.0,0.1589
0.0,0.159
0.0,0.1591
0.0,0.1592
0.0,0.1593
0.0,0.1594
0.0,0.1595
0.0,0.1596
0.0,0.1597
0.0,0.1598
0.0,0.1599
0.0,0.16
0.0,0.1601
0.0,0.1602
0.0,0.1603
0.0,0.1604
0.0,0.1605
0.0,0.1606
0.0,0.1607
0.0,0.1608
0.0,0.1609
0.0,0.161
0.0,0.1611
0.0,0.1612
0.0,0.1613
0.0,0.1614
0.0,0.1615
0.0,0.1616
0.0,0.1617
0.0,0.1618
0.0,0.1619
0.0,0.162
0.0,0.1621
0.0,0.1622
0.0,0.1623
0.0,0.1624
0.0,0.1625
0.0,0.1626
0.0,0.1627
0.0,0.1628
0.0,0.1629
0.0,0.163
0.0,0.1631
0.0,0.1632
0.0,0.1633
0.0,0.1634
0.0,0.1635
0.0,0.1636
0.0,0.1637
0.0,0.1638
0.0,0.1639
0.0,0.164
0.0,0.1641
0.0,0.1642
0.0,0.1643
0.0,0.1644
0.0,0.1645
0.0,0.1646
0.0,0.1647
0.0,0.1648
0.0,0.1649
0.0,0.165
0.0,0.1651
0.0,0.1652
0.0,0.1653
0.0,0.1654
0.0,0.1655
0.0,0.1656
0.0,0.1657
0.0,0.1658
0.0,0.1659
0.0,0.166
0.0,0.1661
0.0,0.1662
0.0,0.1663
0.0,0.1664
0.0,0.1665
0.0,0.1666
0.0,0.1667
0.0,0.1668
0.0,0.1669
0.0,0.167
0.0,0.1671
0.0,0.1672
0.0,0.1673
0.0,0.1674
0.0,0.1675
0.0,0.1676
0.0,0.1677
0.0,0.1678
0.0,0.1679
0.0,0.168
0.0,0.1681
0.0,0.1682
0.0,0.1683
0.0,0.1684
0.0,0.1685
0.0,0.1686
0.0,0.1687
0.0,0.1688
0.0,0.1689
0.0,0.169
0.0,0.1691
0.0,0.1692
0.0,0.1693
0.0,0.1694
0.0,0.1695
0.0,0.1696
0.0,0.1697
0.0,0.1698
0.0,0.1699
0.0,0.17
0.0,0.1701
0.0,0.1702
0.0,0.1703
0.0,0.1704
0.0,0.1705
0.0,0.1706
0.0,0.1707
0.0,0.1708
0.0,0.1709
0.0,0.171
0.0,0.1711
0.0,0.1712
0.0,0.1713
0.0,0.1714
0.0,0.1715
0.0,0.1716
0.0,0.1717
0.0,0.1718
0.0,0.1719
0.0,0.172
0.0,0.1721
0.0,0.1722
0.0,0.1723
0.0,0.1724
0.0,0.1725
0.0,0.1726
0.0,0.1727
0.0,0.1728
0.0,0.1729
0.0,0.173
0.0,0.1731
0.0,0.1732
0.0,0.1733
0.0,0.1734
0.0,0.1735
0.0,0.1736
0.0,0.1737
0.0,0.1738
0.0,0.1739
0.0,0.174
0.0,0.1741
0.0,0.1742
0.0,0.1743
0.0,0.1744
0.0,0.1745
0.0,0.1746
0.0,0.1747
0.0,0.1748
0.0,0.1749
0.0,0.175
0.0,0.1751
0.0,0.1752
0.0,0.1753
0.0,0.1754
0.0,0.1755
0.0,0.1756
0.0,0.1757
0.0,0.1758
0.0,0.1759
0.0,0.176
0.0,0.1761
0.0,0.1762
0.0,0.1763
0.0,0.1764
0.0,0.1765
0.0,0.1766
0.0,0.1767
0.0,0.1768
0.0,0.1769
0.0,0.177
0.0,0.1771
0.0,0.1772
0.0,0.1773
0.0,0.1774
0.0,0.1775
0.0,0.1776
0.0,0.1777
0.0,0.1778
0.0,0.1779
0.0,0.178
0.0,0.1781
0.0,0.1782
0.0,0.1783
0.0,0.1784
0.0,0.1785
0.0,0.1786
0.0,0.1787
0.0,0.1788
0.0,0.1789
0.0,0.179
0.0,0.1791
0.0,0.1792
0.0,0.1793
0.0,0.1794
0.0,0.1795
0.0,0.1796
0.0,0.1797
0.0,0.1798
0.0,0.1799
0.0,0.18
0.0,0.1801
0.0,0.1802
0.0,0.1803
0.0,0.1804
0.0,0.1805
0.0,0.1806
0.0,0.1807
0.0,0.1808
0.0,0.1809
0.0,0.181
0.0,0.1811
0.0,0.1812
0.0,0.1813
0.0,0.1814
0.0,0.1815
0.0,0.1816
0.0,0.1817
0.0,0.1818
0.0,0.1819
0.0,0.182
0.0,0.1821
0.0,0.1822
0.0,0.1823
0.0,0.1824
0.0,0.1825
0.0,0.1826
0.0,0.1827
0.0,0.1828
0.0,0.1829
0.0,0.183
0.0,0.1831
0.0,0.1832
0.0,0.1833
0.0,0.1834
0.0,0.1835
0.0,0.1836
0.0,0.1837
0.0,0.1838
0.0,0.1839
0.0,0.184
0.0,0.1841
0.0,0.1842
0.0,0.1843
0.0,0.1844
0.0,0.1845
0.0,0.1846
0.0,0.1847
0.0,0.1848
0.0,0.1849
0.0,0.185
0.0,0.1851
0.0,0.1852
0.0,0.1853
0.0,0.1854
0.0,0.1855
0.0,0.1856
0.0,0.1857
0.0,0.1858
0.0,0.1859
0.0,0.186
0.0,0.1861
0.0,0.1862
0.0,0.1863
0.0,0.1864
0.0,0.1865
0.0,0.1866
0.0,0.1867
0.0,0.1868
0.0,0.1869
0.0,0.187
0.0,0.1871
0.0,0.1872
0.0,0.1873
0.0,0.1874
0.0,0.1875
0.0,0.1876
0.0,0.1877
0.0,0.1878
0.0,0.1879
0.0,0.188
0.0,0.1881
0.0,0.1882
0.0,0.1883
0.0,0.1884
0.0,0.1885
0.0,0.1886
0.0,0.1887
0.0,0.1888
0.0,0.1889
0.0,0.189
0.0,0.1891
0.0,0.1892
0.0,0.1893
0.0,0.1894
0.0,0.1895
0.0,0.1896
0.0,0.1897
0.0,0.1898
0.0,0.1899
0.0,0.19
0.0,0.1901
0.0,0.1902
0.0,0.1903
0.0,0.1904
0.0,0.1905
0.0,0.1906
0.0,0.1907
0.0,0.1908
0.0,0.1909
0.0,0.191
0.0,0.1911
0.0,0.1912
0.0,0.1913
0.0,0.1914
0.0,0.1915
0.0,0.1916
0.0,0.1917
0.0,0.1918
0.0,0.1919
0.0,0.192
0.0,0.1921
0.0,0.1922
0.0,0.1923
0.0,0.1924
0.0,0.1925
0.0,0.1926
0.0,0.1927
0.0,0.1928
0.0,0.1929
0.0,0.193
0.0,0.1931
0.0,0.1932
0.0,0.1933
0.0,0.1934
0.0,0.1935
0.0,0.1936
0.0,0.1937
0.0,0.1938
0.0,0.1939
0.0,0.194
0.0,0.1941
0.0,0.1942
0.0,0.1943
0.0,0.1944
0.0,0.1945
0.0,0.1946
0.0,0.1947
0.0,0.1948
0.0,0.1949
0.0,0.195
0.0,0.1951
0.0,0.1952
0.0,0.1953
0.0,0.1954
0.0,0.1955
0.0,0.1956
0.0,0.1957
0.0,0.1958
0.0,0.1959
0.0,0.196
0.0,0.1961
0.0,0.1962
0.0,0.1963
0.0,0.1964
0.0,0.1965
0.0,0.1966
0.0,0.1967
0.0,0.1968
0.0,0.1969
0.0,0.197
0.0,0.1971
0.0,0.1972
0.0,0.1973
0.0,0.1974
0.0,0.1975
0.0,0.1976
0.0,0.1977
0.0,0.1978
0.0,0.1979
0.0,0.198
0.0,0.1981
0.0,0.1982
0.0,0.1983
0.0,0.1984
0.0,0.1985
0.0,0.1986
0.0,0.1987
0.0,0.1988
0.0,0.1989
0.0,0.199
0.0,0.1991
0.0,0.1992
0.0,0.1993
0.0,0.1994
0.0,0.1995
0.0,0.1996
0.0,0.1997
0.0,0.1998
0.0,0.1999
0.0,0.2
0.0,0.2001
0.0,0.2002
0.0,0.2003
0.0,0.2004
0.0,0.2005
0.0,0.2006
0.0,0.2007
0.0,0.2008
0.0,0.2009
0.0,0.201
0.0,0.2011
0.0,0.2012
0.0,0.2013
0.0,0.2014
0.0,0.2015
0.0,0.2016
0.0,0.2017
0.0,0.2018
0.0,0.2019
0.0,0.202
0.0,0.2021
0.0,0.2022
0.0,0.2023
0.0,0.2024
0.0,0.2025
0.0,0.2026
0.0,0.2027
0.0,0.2028
0.0,0.2029
0.0,0.203
0.0,0.2031
0.0,0.2032
0.0,0.2033
0.0,0.2034
0.0,0.2035
0.0,0.2036
0.0,0.2037
0.0,0.2038
0.0,0.2039
0.0,0.204
0.0,0.2041
0.0,0.2042
0.0,0.2043
0.0,0.2044
0.0,0.2045
0.0,0.2046
0.0,0.2047
0.0,0.2048
0.0,0.2049
0.0,0.205
0.0,0.2051
0.0,0.2052
0.0,0.2053
0.0,0.2054
0.0,0.2055
0.0,0.2056
0.0,0.2057
0.0,0.2058
0.0,0.2059
0.0,0.206
0.0,0.2061
0.0,0.2062
0.0,0.2063
0.0,0.2064
0.0,0.2065
0.0,0.2066
0.0,0.2067
0.0,0.2068
0.0,0.2069
0.0,0.207
0.0,0.2071
0.0,0.2072
0.0,0.2073
0.0,0.2074
0.0,0.2075
0.0,0.2076
0.0,0.2077
0.0,0.2078
0.0,0.2079
0.0,0.208
0.0,0.2081
0.0,0.2082
0.0,0.2083
0.0,0.2084
0.0,0.2085
0.0,0.2086
0.0,0.2087
0.0,0.2088
0.0,0.2089
0.0,0.209
0.0,0.2091
0.0,0.2092
0.0,0.2093
0.0,0.2094
0.0,0.2095
0.0,0.2096
0.0,0.2097
0.0,0.2098
0.0,0.2099
0.0,0.21
0.0,0.2101
0.0,0.2102
0.0,0.2103
0.0,0.2104
0.0,0.2105
0.0,0.2106
0.0,0.2107
0.0,0.2108
0.0,0.2109
0.0,0.211
0.0,0.2111
0.0,0.2112
0.0,0.2113
0.0,0.2114
0.0,0.2115
0.0,0.2116
0.0,0.2117
0.0,0.2118
0.0,0.2119
0.0,0.212
0.0,0.2121
0.0,0.2122
0.0,0.2123
0.0,0.2124
0.0,0.2125
0.0,0.2126
0.0,0.2127
0.0,0.2128
0.0,0.2129
0.0,0.213
0.0,0.2131
0.0,0.2132
0.0,0.2133
0.0,0.2134
0.0,0.2135
0.0,0.2136
0.0,0.2137
0.0,0.2138
0.0,0.2139
0.0,0.214
0.0,0.2141
0.0,0.2142
0.0,0.2143
0.0,0.2144
0.0,0.2145
0.0,0.2146
0.0,0.2147
0.0,0.2148
0.0,0.2149
0.0,0.215
0.0,0.2151
0.0,0.2152
0.0,0.2153
0.0,0.2154
0.0,0.2155
0.0,0.2156
0.0,0.2157
0.0,0.2158
0.0,0.2159
0.0,0.216
0.0,0.2161
0.0,0.2162
0.0,0.2163
0.0,0.2164
0.0,0.2165
0.0,0.2166
0.0,0.2167
0.0,0.2168
0.0,0.2169
0.0,0.217
0.0,0.2171
0.0,0.2172
0.0,0.2173
0.0,0.2174
0.0,0.2175
0.0,0.2176
0.0,0.2177
0.0,0.2178
0.0,0.2179
0.0,0.218
0.0,0.2181
0.0,0.2182
0.0,0.2183
0.0,0.2184
0.0,0.2185
0.0,0.2186
0.0,0.2187
0.0,0.2188
0.0,0.2189
0.0,0.219
0.0,0.2191
0.0,0.2192
0.0,0.2193
0.0,0.2194
0.0,0.2195
0.0,0.2196
0.0,0.2197
0.0,0.2198
0.0,0.2199
0.0,0.22
0.0,0.2201
0.0,0.2202
0.0,0.2203
0.0,0.2204
0.0,0.2205
0.0,0.2206
0.0,0.2207
0.0,0.2208
0.0,0.2209
0.0,0.221
0.0,0.2211
0.0,0.2212
0.0,0.2213
0.0,0.2214
0.0,0.2215
0.0,0.2216
0.0,0.2217
0.0,0.2218
0.0,0.2219
0.0,0.222
0.0,0.2221
0.0,0.2222
0.0,0.2223
0.0,0.2224
0.0,0.2225
0.0,0.2226
0.0,0.2227
0.0,0.2228
0.0,0.2229
0.0,0.223
0.0,0.2231
0.0,0.2232
0.0,0.2233
0.0,0.2234
0.0,0.2235
0.0,0.2236
0.0,0.2237
0.0,0.2238
0.0,0.2239
0.0,0.224
0.0,0.2241
0.0,0.2242
0.0,0.2243
0.0,0.2244
0.0,0.2245
0.0,0.2246
0.0,0.2247
0.0,0.2248
0.0,0.2249
0.0,0.225
0.0,0.2251
0.0,0.2252
0.0,0.2253
0.0,0.2254
0.0,0.2255
0.0,0.2256
0.0,0.2257
0.0,0.2258
0.0,0.2259
0.0,0.226
0.0,0.2261
0.0,0.2262
0.0,0.2263
0.0,0.2264
0.0,0.2265
0.0,0.2266
0.0,0.2267
0.0,0.2268
0.0,0.2269
0.0,0.227
0.0,0.2271
0.0,0.2272
0.0,0.2273
0.0,0.2274
0.0,0.2275
0.0,0.2276
0.0,0.2277
0.0,0.2278
0.0,0.2279
0.0,0.228
0.0,0.2281
0.0,0.2282
0.0,0.2283
0.0,0.2284
0.0,0.2285
0.0,0.2286
0.0,0.2287
0.0,0.2288
0.0,0.2289
0.0,0.229
0.0,0.2291
0.0,0.2292
0.0,0.2293
0.0,0.2294
0.0,0.2295
0.0,0.2296
0.0,0.2297
0.0,0.2298
0.0,0.2299
0.0,0.23
0.0,0.2301
0.0,0.2302
0.0,0.2303
0.0,0.2304
0.0,0.2305
0.0,0.2306
0.0,0.2307
0.0,0.2308
0.0,0.2309
0.0,0.231
0.0,0.2311
0.0,0.2312
0.0,0.2313
0.0,0.2314
0.0,0.2315
0.0,0.2316
0.0,0.2317
0.0,0.2318
0.0,0.2319
0.0,0.232
0.0,0.2321
0.0,0.2322
0.0,0.2323
0.0,0.2324
0.0,0.2325
0.0,0.2326
0.0,0.2327
0.0,0.2328
0.0,0.2329
0.0,0.233
0.0,0.2331
0.0,0.2332
0.0,0.2333
0.0,0.2334
0.0,0.2335
0.0,0.2336
0.0,0.2337
0.0,0.2338
0.0,0.2339
0.0,0.234
0.0,0.2341
0.0,0.2342
0.0,0.2343
0.0,0.2344
0.0,0.2345
0.0,0.2346
0.0,0.2347
0.0,0.2348
0.0,0.2349
0.0,0.235
0.0,0.2351
0.0,0.2352
0.0,0.2353
0.0,0.2354
0.0,0.2355
0.0,0.2356
0.0,0.2357
0.0,0.2358
0.0,0.2359
0.0,0.236
0.0,0.2361
0.0,0.2362
0.0,0.2363
0.0,0.2364
0.0,0.2365
0.0,0.2366
0.0,0.2367
0.0,0.2368
0.0,0.2369
0.0,0.237
0.0,0.2371
0.0,0.2372
0.0,0.2373
0.0,0.2374
0.0,0.2375
0.0,0.2376
0.0,0.2377
0.0,0.2378
0.0,0.2379
0.0,0.238
0.0,0.2381
0.0,0.2382
0.0,0.2383
0.0,0.2384
0.0,0.2385
0.0,0.2386
0.0,0.2387
0.0,0.2388
0.0,0.2389
0.0,0.239
0.0,0.2391
0.0,0.2392
0.0,0.2393
0.0,0.2394
0.0,0.2395
0.0,0.2396
0.0,0.2397
0.0,0.2398
0.0,0.2399
0.0,0.24
0.0,0.2401
0.0,0.2402
0.0,0.2403
0.0,0.2404
0.0,0.2405
0.0,0.2406
0.0,0.2407
0.0,0.2408
0.0,0.2409
0.0,0.241
0.0,0.2411
0.0,0.2412
0.0,0.2413
0.0,0.2414
0.0,0.2415
0.0,0.2416
0.0,0.2417
0.0,0.2418
0.0,0.2419
0.0,0.242
0.0,0.2421
0.0,0.2422
0.0,0.2423
0.0,0.2424
0.0,0.2425
0.0,0.2426
0.0,0.2427
0.0,0.2428
0.0,0.2429
0.0,0.243
0.0,0.2431
0.0,0.2432
0.0,0.2433
0.0,0.2434
0.0,0.2435
0.0,0.2436
0.0,0.2437
0.0,0.2438
0.0,0.2439
0.0,0.244
0.0,0.2441
0.0,0.2442
0.0,0.2443
0.0,0.2444
0.0,0.2445
0.0,0.2446
0.0,0.2447
0.0,0.2448
0.0,0.2449
0.0,0.245
0.0,0.2451
0.0,0.2452
0.0,0.2453
0.0,0.2454
0.0,0.2455
0.0,0.2456
0.0,0.2457
0.0,0.2458
0.0,0.2459
0.0,0.246
0.0,0.2461
0.0,0.2462
0.0,0.2463
0.0,0.2464
0.0,0.2465
0.0,0.2466
0.0,0.2467
0.0,0.2468
0.0,0.2469
0.0,0.247
0.0,0.2471
0.0,0.2472
0.0,0.2473
0.0,0.2474
0.0,0.2475
0.0,0.2476
0.0,0.2477
0.0,0.2478
0.0,0.2479
0.0,0.248
0.0,0.2481
0.0,0.2482
0.0,0.2483
0.0,0.2484
0.0,0.2485
0.0,0.2486
0.0,0.2487
0.0,0.2488
0.0,0.2489
0.0,0.249
0.0,0.2491
0.0,0.2492
0.0,0.2493
0.0,0.2494
0.0,0.2495
0.0,0.2496
0.0,0.2497
0.0,0.2498
0.0,0.2499
0.0,0.25
0.0,0.2501
0.0,0.2502
0.0,0.2503
0.0,0.2504
0.0,0.2505
0.0,0.2506
0.0,0.2507
0.0,0.2508
0.0,0.2509
0.0,0.251
0.0,0.2511
0.0,0.2512
0.0,0.2513
0.0,0.2514
0.0,0.2515
0.0,0.2516
0.0,0.2517
0.0,0.2518
0.0,0.2519
0.0,0.252
0.0,0.2521
0.0,0.2522
0.0,0.2523
0.0,0.2524
0.0,0.2525
0.0,0.2526
0.0,0.2527
0.0,0.2528
0.0,0.2529
0.0,0.253
0.0,0.2531
0.0,0.2532
0.0,0.2533
0.0,0.2534
0.0,0.2535
0.0,0.2536
0.0,0.2537
0.0,0.2538
0.0,0.2539
0.0,0.254
0.0,0.2541
0.0,0.2542
0.0,0.2543
0.0,0.2544
0.0,0.2545
0.0,0.2546
0.0,0.2547
0.0,0.2548
0.0,0.2549
0.0,0.255
0.0,0.2551
0.0,0.2552
0.0,0.2553
0.0,0.2554
0.0,0.2555
0.0,0.2556
0.0,0.2557
0.0,0.2558
0.0,0.2559
0.0,0.256
0.0,0.2561
0.0,0.2562
0.0,0.2563
0.0,0.2564
0.0,0.2565
0.0,0.2566
0.0,0.2567
0.0,0.2568
0.0,0.2569
0.0,0.257
0.0,0.2571
0.0,0.2572
0.0,0.2573
0.0,0.2574
0.0,0.2575
0.0,0.2576
0.0,0.2577
0.0,0.2578
0.0,0.2579
0.0,0.258
0.0,0.2581
0.0,0.2582
0.0,0.2583
0.0,0.2584
0.0,0.2585
0.0,0.2586
0.0,0.2587
0.0,0.2588
0.0,0.2589
0.0,0.259
0.0,0.2591
0.0,0.2592
0.0,0.2593
0.0,0.2594
0.0,0.2595
0.0,0.2596
0.0,0.2597
0.0,0.2598
0.0,0.2599
0.0,0.26
0.0,0.2601
0.0,0.2602
0.0,0.2603
0.0,0.2604
0.0,0.2605
0.0,0.2606
0.0,0.2607
0.0,0.2608
0.0,0.2609
0.0,0.261
0.0,0.2611
0.0,0.2612
0.0,0.2613
0.0,0.2614
0.0,0.2615
0.0,0.2616
0.0,0.2617
0.0,0.2618
0.0,0.2619
0.0,0.262
0.0,0.2621
0.0,0.2622
0.0,0.2623
0.0,0.2624
0.0,0.2625
0.0,0.2626
0.0,0.2627
0.0,0.2628
0.0,0.2629
0.0,0.263
0.0,0.2631
0.0,0.2632
0.0,0.2633
0.0,0.2634
0.0,0.2635
0.0,0.2636
0.0,0.2637
0.0,0.2638
0.0,0.2639
0.0,0.264
0.0,0.2641
0.0,0.2642
0.0,0.2643
0.0,0.2644
0.0,0.2645
0.0,0.2646
0.0,0.2647
0.0,0.2648
0.0,0.2649
0.0,0.265
0.0,0.2651
0.0,0.2652
0.0,0.2653
0.0,0.2654
0.0,0.2655
0.0,0.2656
0.0,0.2657
0.0,0.2658
0.0,0.2659
0.0,0.266
0.0,0.2661
0.0,0.2662
0.0,0.2663
0.0,0.2664
0.0,0.2665
0.0,0.2666
0.0,0.2667
0.0,0.2668
0.0,0.2669
0.0,0.267
0.0,0.2671
0.0,0.2672
0.0,0.2673
0.0,0.2674
0.0,0.2675
0.0,0.2676
0.0,0.2677
0.0,0.2678
0.0,0.2679
0.0,0.268
0.0,0.2681
0.0,0.2682
0.0,0.2683
0.0,0.2684
0.0,0.2685
0.0,0.2686
0.0,0.2687
0.0,0.2688
0.0,0.2689
0.0,0.269
0.0,0.2691
0.0,0.2692
0.0,0.2693
0.0,0.2694
0.0,0.2695
0.0,0.2696
0.0,0.2697
0.0,0.2698
0.0,0.2699
0.0,0.27
0.0,0.2701
0.0,0.2702
0.0,0.2703
0.0,0.2704
0.0,0.2705
0.0,0.2706
0.0,0.2707
0.0,0.2708
0.0,0.2709
0.0,0.271
0.0,0.2711
0.0,0.2712
0.0,0.2713
0.0,0.2714
0.0,0.2715
0.0,0.2716
0.0,0.2717
0.0,0.2718
0.0,0.2719
0.0,0.272
0.0,0.2721
0.0,0.2722
0.0,0.2723
0.0,0.2724
0.0,0.2725
0.0,0.2726
0.0,0.2727
0.0,0.2728
0.0,0.2729
0.0,0.273
0.0,0.2731
0.0,0.2732
0.0,0.2733
0.0,0.2734
0.0,0.2735
0.0,0.2736
0.0,0.2737
0.0,0.2738
0.0,0.2739
0.0,0.274
0.0,0.2741
0.0,0.2742
0.0,0.2743
0.0,0.2744
0.0,0.2745
0.0,0.2746
0.0,0.2747
0.0,0.2748
0.0,0.2749
0.0,0.275
0.0,0.2751
0.0,0.2752
0.0,0.2753
0.0,0.2754
0.0,0.2755
0.0,0.2756
0.0,0.2757
0.0,0.2758
0.0,0.2759
0.0,0.276
0.0,0.2761
0.0,0.2762
0.0,0.2763
0.0,0.2764
0.0,0.2765
0.0,0.2766
0.0,0.2767
0.0,0.2768
0.0,0.2769
0.0,0.277
0.0,0.2771
0.0,0.2772
0.0,0.2773
0.0,0.2774
0.0,0.2775
0.0,0.2776
0.0,0.2777
0.0,0.2778
0.0,0.2779
0.0,0.278
0.0,0.2781
0.0,0.2782
0.0,0.2783
0.0,0.2784
0.0,0.2785
0.0,0.2786
0.0,0.2787
0.0,0.2788
0.0,0.2789
0.0,0.279
0.0,0.2791
0.0,0.2792
0.0,0.2793
0.0,0.2794
0.0,0.2795
0.0,0.2796
0.0,0.2797
0.0,0.2798
0.0,0.2799
0.0,0.28
0.0,0.2801
0.0,0.2802
0.0,0.2803
0.0,0.2804
0.0,0.2805
0.0,0.2806
0.0,0.2807
0.0,0.2808
0.0,0.2809
0.0,0.281
0.0,0.2811
0.0,0.2812
0.0,0.2813
0.0,0.2814
0.0,0.2815
0.0,0.2816
0.0,0.2817
0.0,0.2818
0.0,0.2819
0.0,0.282
0.0,0.2821
0.0,0.2822
0.0,0.2823
0.0,0.2824
0.0,0.2825
0.0,0.2826
0.0,0.2827
0.0,0.2828
0.0,0.2829
0.0,0.283
0.0,0.2831
0.0,0.2832
0.0,0.2833
0.0,0.2834
0.0,0.2835
0.0,0.2836
0.0,0.2837
0.0,0.2838
0.0,0.2839
0.0,0.284
0.0,0.2841
0.0,0.2842
0.0,0.2843
0.0,0.2844
0.0,0.2845
0.0,0.2846
0.0,0.2847
0.0,0.2848
0.0,0.2849
0.0,0.285
0.0,0.2851
0.0,0.2852
0.0,0.2853
0.0,0.2854
0.0,0.2855
0.0,0.2856
0.0,0.2857
0.0,0.2858
0.0,0.2859
0.0,0.286
0.0,0.2861
0.0,0.2862
0.0,0.2863
0.0,0.2864
0.0,0.2865
0.0,0.2866
0.0,0.2867
0.0,0.2868
0.0,0.2869
0.0,0.287
0.0,0.2871
0.0,0.2872
0.0,0.2873
0.0,0.2874
0.0,0.2875
0.0,0.2876
0.0,0.2877
0.0,0.2878
0.0,0.2879
0.0,0.288
0.0,0.2881
0.0,0.2882
0.0,0.2883
0.0,0.2884
0.0,0.2885
0.0,0.2886
0.0,0.2887
0.0,0.2888
0.0,0.2889
0.0,0.289
0.0,0.2891
0.0,0.2892
0.0,0.2893
0.0,0.2894
0.0,0.2895
0.0,0.2896
0.0,0.2897
0.0,0.2898
0.0,0.2899
0.0,0.29
0.0,0.2901
0.0,0.2902
0.0,0.2903
0.0,0.2904
0.0,0.2905
0.0,0.2906
0.0,0.2907
0.0,0.2908
0.0,0.2909
0.0,0.291
0.0,0.2911
0.0,0.2912
0.0,0.2913
0.0,0.2914
0.0,0.2915
0.0,0.2916
0.0,0.2917
0.0,0.2918
0.0,0.2919
0.0,0.292
0.0,0.2921
0.0,0.2922
0.0,0.2923
0.0,0.2924
0.0,0.2925
0.0,0.2926
0.0,0.2927
0.0,0.2928
0.0,0.2929
0.0,0.293
0.0,0.2931
0.0,0.2932
0.0,0.2933
0.0,0.2934
0.0,0.2935
0.0,0.2936
0.0,0.2937
0.0,0.2938
0.0,0.2939
0.0,0.294
0.0,0.2941
0.0,0.2942
0.0,0.2943
0.0,0.2944
0.0,0.2945
0.0,0.2946
0.0,0.2947
0.0,0.2948
0.0,0.2949
0.0,0.295
0.0,0.2951
0.0,0.2952
0.0,0.2953
0.0,0.2954
0.0,0.2955
0.0,0.2956
0.0,0.2957
0.0,0.2958
0.0,0.2959
0.0,0.296
0.0,0.2961
0.0,0.2962
0.0,0.2963
0.0,0.2964
0.0,0.2965
0.0,0.2966
0.0,0.2967
0.0,0.2968
0.0,0.2969
0.0,0.297
0.0,0.2971
0.0,0.2972
0.0,0.2973
0.0,0.2974
0.0,0.2975
0.0,0.2976
0.0,0.2977
0.0,0.2978
0.0,0.2979
0.0,0.298
0.0,0.2981
0.0,0.2982
0.0,0.2983
0.0,0.2984
0.0,0.2985
0.0,0.2986
0.0,0.2987
0.0,0.2988
0.0,0.2989
0.0,0.299
0.0,0.2991
0.0,0.2992
0.0,0.2993
0.0,0.2994
0.0,0.2995
0.0,0.2996
0.0,0.2997
0.0,0.2998
0.0,0.2999
0.0,0.3
0.0,0.3001
0.0,0.3002
0.0,0.3003
0.0,0.3004
0.0,0.3005
0.0,0.3006
0.0,0.3007
0.0,0.3008
0.0,0.3009
0.0,0.301
0.0,0.3011
0.0,0.3012
0.0,0.3013
0.0,0.3014
0.0,0.3015
0.0,0.3016
0.0,0.3017
0.0,0.3018
0.0,0.3019
0.0,0.302
0.0,0.3021
0.0,0.3022
0.0,0.3023
0.0,0.3024
0.0,0.3025
0.0,0.3026
0.0,0.3027
0.0,0.3028
0.0,0.3029
0.0,0.303
0.0,0.3031
0.0,0.3032
0.0,0.3033
0.0,0.3034
0.0,0.3035
0.0,0.3036
0.0,0.3037
0.0,0.3038
0.0,0.3039
0.0,0.304
0.0,0.3041
0.0,0.3042
0.0,0.3043
0.0,0.3044
0.0,0.3045
0.0,0.3046
0.0,0.3047
0.0,0.3048
0.0,0.3049
0.0,0.305
0.0,0.3051
0.0,0.3052
0.0,0.3053
0.0,0.3054
0.0,0.3055
0.0,0.3056
0.0,0.3057
0.0,0.3058
0.0,0.3059
0.0,0.306
0.0,0.3061
0.0,0.3062
0.0,0.3063
0.0,0.3064
0.0,0.3065
0.0,0.3066
0.0,0.3067
0.0,0.3068
0.0,0.3069
0.0,0.307
0.0,0.3071
0.0,0.3072
0.0,0.3073
0.0,0.3074
0.0,0.3075
0.0,0.3076
0.0,0.3077
0.0,0.3078
0.0,0.3079
0.0,0.308
0.0,0.3081
0.0,0.3082
0.0,0.3083
0.0,0.3084
0.0,0.3085
0.0,0.3086
0.0,0.3087
0.0,0.3088
0.0,0.3089
0.0,0.309
0.0,0.3091
0.0,0.3092
0.0,0.3093
0.0,0.3094
0.0,0.3095
0.0,0.3096
0.0,0.3097
0.0,0.3098
0.0,0.3099
0.0,0.31
0.0,0.3101
0.0,0.3102
0.0,0.3103
0.0,0.3104
0.0,0.3105
0.0,0.3106
0.0,0.3107
0.0,0.3108
0.0,0.3109
0.0,0.311
0.0,0.3111
0.0,0.3112
0.0,0.3113
0.0,0.3114
0.0,0.3115
0.0,0.3116
0.0,0.3117
0.0,0.3118
0.0,0.3119
0.0,0.312
0.0,0.3121
0.0,0.3122
0.0,0.3123
0.0,0.3124
0.0,0.3125
0.0,0.3126
0.0,0.3127
0.0,0.3128
0.0,0.3129
0.0,0.313
0.0,0.3131
0.0,0.3132
0.0,0.3133
0.0,0.3134
0.0,0.3135
0.0,0.3136
0.0,0.3137
0.0,0.3138
0.0,0.3139
0.0,0.314
0.0,0.3141
0.0,0.3142
0.0,0.3143
0.0,0.3144
0.0,0.3145
0.0,0.3146
0.0,0.3147
0.0,0.3148
0.0,0.3149
0.0,0.315
0.0,0.3151
0.0,0.3152
0.0,0.3153
0.0,0.3154
0.0,0.3155
0.0,0.3156
0.0,0.3157
0.0,0.3158
0.0,0.3159
0.0,0.316
0.0,0.3161
0.0,0.3162
0.0,0.3163
0.0,0.3164
0.0,0.3165
0.0,0.3166
0.0,0.3167
0.0,0.3168
0.0,0.3169
0.0,0.317
0.0,0.3171
0.0,0.3172
0.0,0.3173
0.0,0.3174
0.0,0.3175
0.0,0.3176
0.0,0.3177
0.0,0.3178
0.0,0.3179
0.0,0.318
0.0,0.3181
0.0,0.3182
0.0,0.3183
0.0,0.3184
0.0,0.3185
0.0,0.3186
0.0,0.3187
0.0,0.3188
0.0,0.3189
0.0,0.319
0.0,0.3191
0.0,0.3192
0.0,0.3193
0.0,0.3194
0.0,0.3195
0.0,0.3196
0.0,0.3197
0.0,0.3198
0.0,0.3199
0.0,0.32
0.0,0.3201
0.0,0.3202
0.0,0.3203
0.0,0.3204
0.0,0.3205
0.0,0.3206
0.0,0.3207
0.0,0.3208
0.0,0.3209
0.0,0.321
0.0,0.3211
0.0,0.3212
0.0,0.3213
0.0,0.3214
0.0,0.3215
0.0,0.3216
0.0,0.3217
0.0,0.3218
0.0,0.3219
0.0,0.322
0.0,0.3221
0.0,0.3222
0.0,0.3223
0.0,0.3224
0.0,0.3225
0.0,0.3226
0.0,0.3227
0.0,0.3228
0.0,0.3229
0.0,0.323
0.0,0.3231
0.0,0.3232
0.0,0.3233
0.0,0.3234
0.0,0.3235
0.0,0.3236
0.0,0.3237
0.0,0.3238
0.0,0.3239
0.0,0.324
0.0,0.3241
0.0,0.3242
0.0,0.3243
0.0,0.3244
0.0,0.3245
0.0,0.3246
0.0,0.3247
0.0,0.3248
0.0,0.3249
0.0,0.325
0.0,0.3251
0.0,0.3252
0.0,0.3253
0.0,0.3254
0.0,0.3255
0.0,0.3256
0.0,0.3257
0.0,0.3258
0.0,0.3259
0.0,0.326
0.0,0.3261
0.0,0.3262
0.0,0.3263
0.0,0.3264
0.0,0.3265
0.0,0.3266
0.0,0.3267
0.0,0.3268
0.0,0.3269
0.0,0.327
0.0,0.3271
0.0,0.3272
0.0,0.3273
0.0,0.3274
0.0,0.3275
0.0,0.3276
0.0,0.3277
0.0,0.3278
0.0,0.3279
0.0,0.328
0.0,0.3281
0.0,0.3282
0.0,0.3283
0.0,0.3284
0.0,0.3285
0.0,0.3286
0.0,0.3287
0.0,0.3288
0.0,0.3289
0.0,0.329
0.0,0.3291
0.0,0.3292
0.0,0.3293
0.0,0.3294
0.0,0.3295
0.0,0.3296
0.0,0.3297
0.0,0.3298
0.0,0.3299
0.0,0.33
0.0,0.3301
0.0,0.3302
0.0,0.3303
0.0,0.3304
0.0,0.3305
0.0,0.3306
0.0,0.3307
0.0,0.3308
0.0,0.3309
0.0,0.331
0.0,0.3311
0.0,0.3312
0.0,0.3313
0.0,0.3314
0.0,0.3315
0.0,0.3316
0.0,0.3317
0.0,0.3318
0.0,0.3319
0.0,0.332
0.0,0.3321
0.0,0.3322
0.0,0.3323
0.0,0.3324
0.0,0.3325
0.0,0.3326
0.0,0.3327
0.0,0.3328
0.0,0.3329
0.0,0.333
0.0,0.3331
0.0,0.3332
0.0,0.3333
0.0,0.3334
0.0,0.3335
0.0,0.3336
0.0,0.3337
0.0,0.3338
0.0,0.3339
0.0,0.334
0.0,0.3341
0.0,0.3342
0.0,0.3343
0.0,0.3344
0.0,0.3345
0.0,0.3346
0.0,0.3347
0.0,0.3348
0.0,0.3349
0.0,0.335
0.0,0.3351
0.0,0.3352
0.0,0.3353
0.0,0.3354
0.0,0.3355
0.0,0.3356
0.0,0.3357
0.0,0.3358
0.0,0.3359
0.0,0.336
0.0,0.3361
0.0,0.3362
0.0,0.3363
0.0,0.3364
0.0,0.3365
0.0,0.3366
0.0,0.3367
0.0,0.3368
0.0,0.3369
0.0,0.337
0.0,0.3371
0.0,0.3372
0.0,0.3373
0.0,0.3374
0.0,0.3375
0.0,0.3376
0.0,0.3377
0.0,0.3378
0.0,0.3379
0.0,0.338
0.0,0.3381
0.0,0.3382
0.0,0.3383
0.0,0.3384
0.0,0.3385
0.0,0.3386
0.0,0.3387
0.0,0.3388
0.0,0.3389
0.0,0.339
0.0,0.3391
0.0,0.3392
0.0,0.3393
0.0,0.3394
0.0,0.3395
0.0,0.3396
0.0,0.3397
0.0,0.3398
0.0,0.3399
0.0,0.34
0.0,0.3401
0.0,0.3402
0.0,0.3403
0.0,0.3404
0.0,0.3405
0.0,0.3406
0.0,0.3407
0.0,0.3408
0.0,0.3409
0.0,0.341
0.0,0.3411
0.0,0.3412
0.0,0.3413
0.0,0.3414
0.0,0.3415
0.0,0.3416
0.0,0.3417
0.0,0.3418
0.0,0.3419
0.0,0.342
0.0,0.3421
0.0,0.3422
0.0,0.3423
0.0,0.3424
0.0,0.3425
0.0,0.3426
0.0,0.3427
0.0,0.3428
0.0,0.3429
0.0,0.343
0.0,0.3431
0.0,0.3432
0.0,0.3433
0.0,0.3434
0.0,0.3435
0.0,0.3436
0.0,0.3437
0.0,0.3438
0.0,0.3439
0.0,0.344
0.0,0.3441
0.0,0.3442
0.0,0.3443
0.0,0.3444
0.0,0.3445
0.0,0.3446
0.0,0.3447
0.0,0.3448
0.0,0.3449
0.0,0.345
0.0,0.3451
0.0,0.3452
0.0,0.3453
0.0,0.3454
0.0,0.3455
0.0,0.3456
0.0,0.3457
0.0,0.3458
0.0,0.3459
0.0,0.346
0.0,0.3461
0.0,0.3462
0.0,0.3463
0.0,0.3464
0.0,0.3465
0.0,0.3466
0.0,0.3467
0.0,0.3468
0.0,0.3469
0.0,0.347
0.0,0.3471
0.0,0.3472
0.0,0.3473
0.0,0.3474
0.0,0.3475
0.0,0.3476
0.0,0.3477
0.0,0.3478
0.0,0.3479
0.0,0.348
0.0,0.3481
0.0,0.3482
0.0,0.3483
0.0,0.3484
0.0,0.3485
0.0,0.3486
0.0,0.3487
0.0,0.3488
0.0,0.3489
0.0,0.349
0.0,0.3491
0.0,0.3492
0.0,0.3493
0.0,0.3494
0.0,0.3495
0.0,0.3496
0.0,0.3497
0.0,0.3498
0.0,0.3499
0.0,0.35
0.0,0.3501
0.0,0.3502
0.0,0.3503
0.0,0.3504
0.0,0.3505
0.0,0.3506
0.0,0.3507
0.0,0.3508
0.0,0.3509
0.0,0.351
0.0,0.3511
0.0,0.3512
0.0,0.3513
0.0,0.3514
0.0,0.3515
0.0,0.3516
0.0,0.3517
0.0,0.3518
0.0,0.3519
0.0,0.352
0.0,0.3521
0.0,0.3522
0.0,0.3523
0.0,0.3524
0.0,0.3525
0.0,0.3526
0.0,0.3527
0.0,0.3528
0.0,0.3529
0.0,0.353
0.0,0.3531
0.0,0.3532
0.0,0.3533
0.0,0.3534
0.0,0.3535
0.0,0.3536
0.0,0.3537
0.0,0.3538
0.0,0.3539
0.0,0.354
0.0,0.3541
0.0,0.3542
0.0,0.3543
0.0,0.3544
0.0,0.3545
0.0,0.3546
0.0,0.3547
0.0,0.3548
0.0,0.3549
0.0,0.355
0.0,0.3551
0.0,0.3552
0.0,0.3553
0.0,0.3554
0.0,0.3555
0.0,0.3556
0.0,0.3557
0.0,0.3558
0.0,0.3559
0.0,0.356
0.0,0.3561
0.0,0.3562
0.0,0.3563
0.0,0.3564
0.0,0.3565
0.0,0.3566
0.0,0.3567
0.0,0.3568
0.0,0.3569
0.0,0.357
0.0,0.3571
0.0,0.3572
0.0,0.3573
0.0,0.3574
0.0,0.3575
0.0,0.3576
0.0,0.3577
0.0,0.3578
0.0,0.3579
0.0,0.358
0.0,0.3581
0.0,0.3582
0.0,0.3583
0.0,0.3584
0.0,0.3585
0.0,0.3586
0.0,0.3587
0.0,0.3588
0.0,0.3589
0.0,0.359
0.0,0.3591
0.0,0.3592
0.0,0.3593
0.0,0.3594
0.0,0.3595
0.0,0.3596
0.0,0.3597
0.0,0.3598
0.0,0.3599
0.0,0.36
0.0,0.3601
0.0,0.3602
0.0,0.3603
0.0,0.3604
0.0,0.3605
0.0,0.3606
0.0,0.3607
0.0,0.3608
0.0,0.3609
0.0,0.361
0.0,0.3611
0.0,0.3612
0.0,0.3613
0.0,0.3614
0.0,0.3615
0.0,0.3616
0.0,0.3617
0.0,0.3618
0.0,0.3619
0.0,0.362
0.0,0.3621
0.0,0.3622
0.0,0.3623
0.0,0.3624
0.0,0.3625
0.0,0.3626
0.0,0.3627
0.0,0.3628
0.0,0.3629
0.0,0.363
0.0,0.3631
0.0,0.3632
0.0,0.3633
0.0,0.3634
0.0,0.3635
0.0,0.3636
0.0,0.3637
0.0,0.3638
0.0,0.3639
0.0,0.364
0.0,0.3641
0.0,0.3642
0.0,0.3643
0.0,0.3644
0.0,0.3645
0.0,0.3646
0.0,0.3647
0.0,0.3648
0.0,0.3649
0.0,0.365
0.0,0.3651
0.0,0.3652
0.0,0.3653
0.0,0.3654
0.0,0.3655
0.0,0.3656
0.0,0.3657
0.0,0.3658
0.0,0.3659
0.0,0.366
0.0,0.3661
0.0,0.3662
0.0,0.3663
0.0,0.3664
0.0,0.3665
0.0,0.3666
0.0,0.3667
0.0,0.3668
0.0,0.3669
0.0,0.367
0.0,0.3671
0.0,0.3672
0.0,0.3673
0.0,0.3674
0.0,0.3675
0.0,0.3676
0.0,0.3677
0.0,0.3678
0.0,0.3679
0.0,0.368
0.0,0.3681
0.0,0.3682
0.0,0.3683
0.0,0.3684
0.0,0.3685
0.0,0.3686
0.0,0.3687
0.0,0.3688
0.0,0.3689
0.0,0.369
0.0,0.3691
0.0,0.3692
0.0,0.3693
0.0,0.3694
0.0,0.3695
0.0,0.3696
0.0,0.3697
0.0,0.3698
0.0,0.3699
0.0,0.37
0.0,0.3701
0.0,0.3702
0.0,0.3703
0.0,0.3704
0.0,0.3705
0.0,0.3706
0.0,0.3707
0.0,0.3708
0.0,0.3709
0.0,0.371
0.0,0.3711
0.0,0.3712
0.0,0.3713
0.0,0.3714
0.0,0.3715
0.0,0.3716
0.0,0.3717
0.0,0.3718
0.0,0.3719
0.0,0.372
0.0,0.3721
0.0,0.3722
0.0,0.3723
0.0,0.3724
0.0,0.3725
0.0,0.3726
0.0,0.3727
0.0,0.3728
0.0,0.3729
0.0,0.373
0.0,0.3731
0.0,0.3732
0.0,0.3733
0.0,0.3734
0.0,0.3735
0.0,0.3736
0.0,0.3737
0.0,0.3738
0.0,0.3739
0.0,0.374
0.0,0.3741
0.0,0.3742
0.0,0.3743
0.0,0.3744
0.0,0.3745
0.0,0.3746
0.0,0.3747
0.0,0.3748
0.0,0.3749
0.0,0.375
0.0,0.3751
0.0,0.3752
0.0,0.3753
0.0,0.3754
0.0,0.3755
0.0,0.3756
0.0,0.3757
0.0,0.3758
0.0,0.3759
0.0,0.376
0.0,0.3761
0.0,0.3762
0.0,0.3763
0.0,0.3764
0.0,0.3765
0.0,0.3766
0.0,0.3767
0.0,0.3768
0.0,0.3769
0.0,0.377
0.0,0.3771
0.0,0.3772
0.0,0.3773
0.0,0.3774
0.0,0.3775
0.0,0.3776
0.0,0.3777
0.0,0.3778
0.0,0.3779
0.0,0.378
0.0,0.3781
0.0,0.3782
0.0,0.3783
0.0,0.3784
0.0,0.3785
0.0,0.3786
0.0,0.3787
0.0,0.3788
0.0,0.3789
0.0,0.379
0.0,0.3791
0.0,0.3792
0.0,0.3793
0.0,0.3794
0.0,0.3795
0.0,0.3796
0.0,0.3797
0.0,0.3798
0.0,0.3799
0.0,0.38
0.0,0.3801
0.0,0.3802
0.0,0.3803
0.0,0.3804
0.0,0.3805
0.0,0.3806
0.0,0.3807
0.0,0.3808
0.0,0.3809
0.0,0.381
0.0,0.3811
0.0,0.3812
0.0,0.3813
0.0,0.3814
0.0,0.3815
0.0,0.3816
0.0,0.3817
0.0,0.3818
0.0,0.3819
0.0,0.382
0.0,0.3821
0.0,0.3822
0.0,0.3823
0.0,0.3824
0.0,0.3825
0.0,0.3826
0.0,0.3827
0.0,0.3828
0.0,0.3829
0.0,0.383
0.0,0.3831
0.0,0.3832
0.0,0.3833
0.0,0.3834
0.0,0.3835
0.0,0.3836
0.0,0.3837
0.0,0.3838
0.0,0.3839
0.0,0.384
0.0,0.3841
0.0,0.3842
0.0,0.3843
0.0,0.3844
0.0,0.3845
0.0,0.3846
0.0,0.3847
0.0,0.3848
0.0,0.3849
0.0,0.385
0.0,0.3851
0.0,0.3852
0.0,0.3853
0.0,0.3854
0.0,0.3855
0.0,0.3856
0.0,0.3857
0.0,0.3858
0.0,0.3859
0.0,0.386
0.0,0.3861
0.0,0.3862
0.0,0.3863
0.0,0.3864
0.0,0.3865
0.0,0.3866
0.0,0.3867
0.0,0.3868
0.0,0.3869
0.0,0.387
0.0,0.3871
0.0,0.3872
0.0,0.3873
0.0,0.3874
0.0,0.3875
0.0,0.3876
0.0,0.3877
0.0,0.3878
0.0,0.3879
0.0,0.388
0.0,0.3881
0.0,0.3882
0.0,0.3883
0.0,0.3884
0.0,0.3885
0.0,0.3886
0.0,0.3887
0.0,0.3888
0.0,0.3889
0.0,0.389
0.0,0.3891
0.0,0.3892
0.0,0.3893
0.0,0.3894
0.0,0.3895
0.0,0.3896
0.0,0.3897
0.0,0.3898
0.0,0.3899
0.0,0.39
0.0,0.3901
0.0,0.3902
0.0,0.3903
0.0,0.3904
0.0,0.3905
0.0,0.3906
0.0,0.3907
0.0,0.3908
0.0,0.3909
0.0,0.391
0.0,0.3911
0.0,0.3912
0.0,0.3913
0.0,0.3914
0.0,0.3915
0.0,0.3916
0.0,0.3917
0.0,0.3918
0.0,0.3919
0.0,0.392
0.0,0.3921
0.0,0.3922
0.0,0.3923
0.0,0.3924
0.0,0.3925
0.0,0.3926
0.0,0.3927
0.0,0.3928
0.0,0.3929
0.0,0.393
0.0,0.3931
0.0,0.3932
0.0,0.3933
0.0,0.3934
0.0,0.3935
0.0,0.3936
0.0,0.3937
0.0,0.3938
0.0,0.3939
0.0,0.394
0.0,0.3941
0.0,0.3942
0.0,0.3943
0.0,0.3944
0.0,0.3945
0.0,0.3946
0.0,0.3947
0.0,0.3948
0.0,0.3949
0.0,0.395
0.0,0.3951
0.0,0.3952
0.0,0.3953
0.0,0.3954
0.0,0.3955
0.0,0.3956
0.0,0.3957
0.0,0.3958
0.0,0.3959
0.0,0.396
0.0,0.3961
0.0,0.3962
0.0,0.3963
0.0,0.3964
0.0,0.3965
0.0,0.3966
0.0,0.3967
0.0,0.3968
0.0,0.3969
0.0,0.397
0.0,0.3971
0.0,0.3972
0.0,0.3973
0.0,0.3974
0.0,0.3975
0.0,0.3976
0.0,0.3977
0.0,0.3978
0.0,0.3979
0.0,0.398
0.0,0.3981
0.0,0.3982
0.0,0.3983
0.0,0.3984
0.0,0.3985
0.0,0.3986
0.0,0.3987
0.0,0.3988
0.0,0.3989
0.0,0.399
0.0,0.3991
0.0,0.3992
0.0,0.3993
0.0,0.3994
0.0,0.3995
0.0,0.3996
0.0,0.3997
0.0,0.3998
0.0,0.3999
0.0,0.4
0.0,0.4001
0.0,0.4002
0.0,0.4003
0.0,0.4004
0.0,0.4005
0.0,0.4006
0.0,0.4007
0.0,0.4008
0.0,0.4009
0.0,0.401
0.0,0.4011
0.0,0.4012
0.0,0.4013
0.0,0.4014
0.0,0.4015
0.0,0.4016
0.0,0.4017
0.0,0.4018
0.0,0.4019
0.0,0.402
0.0,0.4021
0.0,0.4022
0.0,0.4023
0.0,0.4024
0.0,0.4025
0.0,0.4026
0.0,0.4027
0.0,0.4028
0.0,0.4029
0.0,0.403
0.0,0.4031
0.0,0.4032
0.0,0.4033
0.0,0.4034
0.0,0.4035
0.0,0.4036
0.0,0.4037
0.0,0.4038
0.0,0.4039
0.0,0.404
0.0,0.4041
0.0,0.4042
0.0,0.4043
0.0,0.4044
0.0,0.4045
0.0,0.4046
0.0,0.4047
0.0,0.4048
0.0,0.4049
0.0,0.405
0.0,0.4051
0.0,0.4052
0.0,0.4053
0.0,0.4054
0.0,0.4055
0.0,0.4056
0.0,0.4057
0.0,0.4058
0.0,0.4059
0.0,0.406
0.0,0.4061
0.0,0.4062
0.0,0.4063
0.0,0.4064
0.0,0.4065
0.0,0.4066
0.0,0.4067
0.0,0.4068
0.0,0.4069
0.0,0.407
0.0,0.4071
0.0,0.4072
0.0,0.4073
0.0,0.4074
0.0,0.4075
0.0,0.4076
0.0,0.4077
0.0,0.4078
0.0,0.4079
0.0,0.408
0.0,0.4081
0.0,0.4082
0.0,0.4083
0.0,0.4084
0.0,0.4085
0.0,0.4086
0.0,0.4087
0.0,0.4088
0.0,0.4089
0.0,0.409
0.0,0.4091
0.0,0.4092
0.0,0.4093
0.0,0.4094
0.0,0.4095
0.0,0.4096
0.0,0.4097
0.0,0.4098
0.0,0.4099
0.0,0.41
0.0,0.4101
0.0,0.4102
0.0,0.4103
0.0,0.4104
0.0,0.4105
0.0,0.4106
0.0,0.4107
0.0,0.4108
0.0,0.4109
0.0,0.411
0.0,0.4111
0.0,0.4112
0.0,0.4113
0.0,0.4114
0.0,0.4115
0.0,0.4116
0.0,0.4117
0.0,0.4118
0.0,0.4119
0.0,0.412
0.0,0.4121
0.0,0.4122
0.0,0.4123
0.0,0.4124
0.0,0.4125
0.0,0.4126
0.0,0.4127
0.0,0.4128
0.0,0.4129
0.0,0.413
0.0,0.4131
0.0,0.4132
0.0,0.4133
0.0,0.4134
0.0,0.4135
0.0,0.4136
0.0,0.4137
0.0,0.4138
0.0,0.4139
0.0,0.414
0.0,0.4141
0.0,0.4142
0.0,0.4143
0.0,0.4144
0.0,0.4145
0.0,0.4146
0.0,0.4147
0.0,0.4148
0.0,0.4149
0.0,0.415
0.0,0.4151
0.0,0.4152
0.0,0.4153
0.0,0.4154
0.0,0.4155
0.0,0.4156
0.0,0.4157
0.0,0.4158
0.0,0.4159
0.0,0.416
0.0,0.4161
0.0,0.4162
0.0,0.4163
0.0,0.4164
0.0,0.4165
0.0,0.4166
0.0,0.4167
0.0,0.4168
0.0,0.4169
0.0,0.417
0.0,0.4171
0.0,0.4172
0.0,0.4173
0.0,0.4174
0.0,0.4175
0.0,0.4176
0.0,0.4177
0.0,0.4178
0.0,0.4179
0.0,0.418
0.0,0.4181
0.0,0.4182
0.0,0.4183
0.0,0.4184
0.0,0.4185
0.0,0.4186
0.0,0.4187
0.0,0.4188
0.0,0.4189
0.0,0.419
0.0,0.4191
0.0,0.4192
0.0,0.4193
0.0,0.4194
0.0,0.4195
0.0,0.4196
0.0,0.4197
0.0,0.4198
0.0,0.4199
0.0,0.42
0.0,0.4201
0.0,0.4202
0.0,0.4203
0.0,0.4204
0.0,0.4205
0.0,0.4206
0.0,0.4207
0.0,0.4208
0.0,0.4209
0.0,0.421
0.0,0.4211
0.0,0.4212
0.0,0.4213
0.0,0.4214
0.0,0.4215
0.0,0.4216
0.0,0.4217
0.0,0.4218
0.0,0.4219
0.0,0.422
0.0,0.4221
0.0,0.4222
0.0,0.4223
0.0,0.4224
0.0,0.4225
0.0,0.4226
0.0,0.4227
0.0,0.4228
0.0,0.4229
0.0,0.423
0.0,0.4231
0.0,0.4232
0.0,0.4233
0.0,0.4234
0.0,0.4235
0.0,0.4236
0.0,0.4237
0.0,0.4238
0.0,0.4239
0.0,0.424
0.0,0.4241
0.0,0.4242
0.0,0.4243
0.0,0.4244
0.0,0.4245
0.0,0.4246
0.0,0.4247
0.0,0.4248
0.0,0.4249
0.0,0.425
0.0,0.4251
0.0,0.4252
0.0,0.4253
0.0,0.4254
0.0,0.4255
0.0,0.4256
0.0,0.4257
0.0,0.4258
0.0,0.4259
0.0,0.426
0.0,0.4261
0.0,0.4262
0.0,0.4263
0.0,0.4264
0.0,0.4265
0.0,0.4266
0.0,0.4267
0.0,0.4268
0.0,0.4269
0.0,0.427
0.0,0.4271
0.0,0.4272
0.0,0.4273
0.0,0.4274
0.0,0.4275
0.0,0.4276
0.0,0.4277
0.0,0.4278
0.0,0.4279
0.0,0.428
0.0,0.4281
0.0,0.4282
0.0,0.4283
0.0,0.4284
0.0,0.4285
0.0,0.4286
0.0,0.4287
0.0,0.4288
0.0,0.4289
0.0,0.429
0.0,0.4291
0.0,0.4292
0.0,0.4293
0.0,0.4294
0.0,0.4295
0.0,0.4296
0.0,0.4297
0.0,0.4298
0.0,0.4299
0.0,0.43
0.0,0.4301
0.0,0.4302
0.0,0.4303
0.0,0.4304
0.0,0.4305
0.0,0.4306
0.0,0.4307
0.0,0.4308
0.0,0.4309
0.0,0.431
0.0,0.4311
0.0,0.4312
0.0,0.4313
0.0,0.4314
0.0,0.4315
0.0,0.4316
0.0,0.4317
0.0,0.4318
0.0,0.4319
0.0,0.432
0.0,0.4321
0.0,0.4322
0.0,0.4323
0.0,0.4324
0.0,0.4325
0.0,0.4326
0.0,0.4327
0.0,0.4328
0.0,0.4329
0.0,0.433
0.0,0.4331
0.0,0.4332
0.0,0.4333
0.0,0.4334
0.0,0.4335
0.0,0.4336
0.0,0.4337
0.0,0.4338
0.0,0.4339
0.0,0.434
0.0,0.4341
0.0,0.4342
0.0,0.4343
0.0,0.4344
0.0,0.4345
0.0,0.4346
0.0,0.4347
0.0,0.4348
0.0,0.4349
0.0,0.435
0.0,0.4351
0.0,0.4352
0.0,0.4353
0.0,0.4354
0.0,0.4355
0.0,0.4356
0.0,0.4357
0.0,0.4358
0.0,0.4359
0.0,0.436
0.0,0.4361
0.0,0.4362
0.0,0.4363
0.0,0.4364
0.0,0.4365
0.0,0.4366
0.0,0.4367
0.0,0.4368
0.0,0.4369
0.0,0.437
0.0,0.4371
0.0,0.4372
0.0,0.4373
0.0,0.4374
0.0,0.4375
0.0,0.4376
0.0,0.4377
0.0,0.4378
0.0,0.4379
0.0,0.438
0.0,0.4381
0.0,0.4382
0.0,0.4383
0.0,0.4384
0.0,0.4385
0.0,0.4386
0.0,0.4387
0.0,0.4388
0.0,0.4389
0.0,0.439
0.0,0.4391
0.0,0.4392
0.0,0.4393
0.0,0.4394
0.0,0.4395
0.0,0.4396
0.0,0.4397
0.0,0.4398
0.0,0.4399
0.0,0.44
0.0,0.4401
0.0,0.4402
0.0,0.4403
0.0,0.4404
0.0,0.4405
0.0,0.4406
0.0,0.4407
0.0,0.4408
0.0,0.4409
0.0,0.441
0.0,0.4411
0.0,0.4412
0.0,0.4413
0.0,0.4414
0.0,0.4415
0.0,0.4416
0.0,0.4417
0.0,0.4418
0.0,0.4419
0.0,0.442
0.0,0.4421
0.0,0.4422
0.0,0.4423
0.0,0.4424
0.0,0.4425
0.0,0.4426
0.0,0.4427
0.0,0.4428
0.0,0.4429
0.0,0.443
0.0,0.4431
0.0,0.4432
0.0,0.4433
0.0,0.4434
0.0,0.4435
0.0,0.4436
0.0,0.4437
0.0,0.4438
0.0,0.4439
0.0,0.444
0.0,0.4441
0.0,0.4442
0.0,0.4443
0.0,0.4444
0.0,0.4445
0.0,0.4446
0.0,0.4447
0.0,0.4448
0.0,0.4449
0.0,0.445
0.0,0.4451
0.0,0.4452
0.0,0.4453
0.0,0.4454
0.0,0.4455
0.0,0.4456
0.0,0.4457
0.0,0.4458
0.0,0.4459
0.0,0.446
0.0,0.4461
0.0,0.4462
0.0,0.4463
0.0,0.4464
0.0,0.4465
0.0,0.4466
0.0,0.4467
0.0,0.4468
0.0,0.4469
0.0,0.447
0.0,0.4471
0.0,0.4472
0.0,0.4473
0.0,0.4474
0.0,0.4475
0.0,0.4476
0.0,0.4477
0.0,0.4478
0.0,0.4479
0.0,0.448
0.0,0.4481
0.0,0.4482
0.0,0.4483
0.0,0.4484
0.0,0.4485
0.0,0.4486
0.0,0.4487
0.0,0.4488
0.0,0.4489
0.0,0.449
0.0,0.4491
0.0,0.4492
0.0,0.4493
0.0,0.4494
0.0,0.4495
0.0,0.4496
0.0,0.4497
0.0,0.4498
0.0,0.4499
0.0,0.45
0.0,0.4501
0.0,0.4502
0.0,0.4503
0.0,0.4504
0.0,0.4505
0.0,0.4506
0.0,0.4507
0.0,0.4508
0.0,0.4509
0.0,0.451
0.0,0.4511
0.0,0.4512
0.0,0.4513
0.0,0.4514
0.0,0.4515
0.0,0.4516
0.0,0.4517
0.0,0.4518
0.0,0.4519
0.0,0.452
0.0,0.4521
0.0,0.4522
0.0,0.4523
0.0,0.4524
0.0,0.4525
0.0,0.4526
0.0,0.4527
0.0,0.4528
0.0,0.4529
0.0,0.453
0.0,0.4531
0.0,0.4532
0.0,0.4533
0.0,0.4534
0.0,0.4535
0.0,0.4536
0.0,0.4537
0.0,0.4538
0.0,0.4539
0.0,0.454
0.0,0.4541
0.0,0.4542
0.0,0.4543
0.0,0.4544
0.0,0.4545
0.0,0.4546
0.0,0.4547
0.0,0.4548
0.0,0.4549
0.0,0.455
0.0,0.4551
0.0,0.4552
0.0,0.4553
0.0,0.4554
0.0,0.4555
0.0,0.4556
0.0,0.4557
0.0,0.4558
0.0,0.4559
0.0,0.456
0.0,0.4561
0.0,0.4562
0.0,0.4563
0.0,0.4564
0.0,0.4565
0.0,0.4566
0.0,0.4567
0.0,0.4568
0.0,0.4569
0.0,0.457
0.0,0.4571
0.0,0.4572
0.0,0.4573
0.0,0.4574
0.0,0.4575
0.0,0.4576
0.0,0.4577
0.0,0.4578
0.0,0.4579
0.0,0.458
0.0,0.4581
0.0,0.4582
0.0,0.4583
0.0,0.4584
0.0,0.4585
0.0,0.4586
0.0,0.4587
0.0,0.4588
0.0,0.4589
0.0,0.459
0.0,0.4591
0.0,0.4592
0.0,0.4593
0.0,0.4594
0.0,0.4595
0.0,0.4596
0.0,0.4597
0.0,0.4598
0.0,0.4599
0.0,0.46
0.0,0.4601
0.0,0.4602
0.0,0.4603
0.0,0.4604
0.0,0.4605
0.0,0.4606
0.0,0.4607
0.0,0.4608
0.0,0.4609
0.0,0.461
0.0,0.4611
0.0,0.4612
0.0,0.4613
0.0,0.4614
0.0,0.4615
0.0,0.4616
0.0,0.4617
0.0,0.4618
0.0,0.4619
0.0,0.462
0.0,0.4621
0.0,0.4622
0.0,0.4623
0.0,0.4624
0.0,0.4625
0.0,0.4626
0.0,0.4627
0.0,0.4628
0.0,0.4629
0.0,0.463
0.0,0.4631
0.0,0.4632
0.0,0.4633
0.0,0.4634
0.0,0.4635
0.0,0.4636
0.0,0.4637
0.0,0.4638
0.0,0.4639
0.0,0.464
0.0,0.4641
0.0,0.4642
0.0,0.4643
0.0,0.4644
0.0,0.4645
0.0,0.4646
0.0,0.4647
0.0,0.4648
0.0,0.4649
0.0,0.465
0.0,0.4651
0.0,0.4652
0.0,0.4653
0.0,0.4654
0.0,0.4655
0.0,0.4656
0.0,0.4657
0.0,0.4658
0.0,0.4659
0.0,0.466
0.0,0.4661
0.0,0.4662
0.0,0.4663
0.0,0.4664
0.0,0.4665
0.0,0.4666
0.0,0.4667
0.0,0.4668
0.0,0.4669
0.0,0.467
0.0,0.4671
0.0,0.4672
0.0,0.4673
0.0,0.4674
0.0,0.4675
0.0,0.4676
0.0,0.4677
0.0,0.4678
0.0,0.4679
0.0,0.468
0.0,0.4681
0.0,0.4682
0.0,0.4683
0.0,0.4684
0.0,0.4685
0.0,0.4686
0.0,0.4687
0.0,0.4688
0.0,0.4689
0.0,0.469
0.0,0.4691
0.0,0.4692
0.0,0.4693
0.0,0.4694
0.0,0.4695
0.0,0.4696
0.0,0.4697
0.0,0.4698
0.0,0.4699
0.0,0.47
0.0,0.4701
0.0,0.4702
0.0,0.4703
0.0,0.4704
0.0,0.4705
0.0,0.4706
0.0,0.4707
0.0,0.4708
0.0,0.4709
0.0,0.471
0.0,0.4711
0.0,0.4712
0.0,0.4713
0.0,0.4714
0.0,0.4715
0.0,0.4716
0.0,0.4717
0.0,0.4718
0.0,0.4719
0.0,0.472
0.0,0.4721
0.0,0.4722
0.0,0.4723
0.0,0.4724
0.0,0.4725
0.0,0.4726
0.0,0.4727
0.0,0.4728
0.0,0.4729
0.0,0.473
0.0,0.4731
0.0,0.4732
0.0,0.4733
0.0,0.4734
0.0,0.4735
0.0,0.4736
0.0,0.4737
0.0,0.4738
0.0,0.4739
0.0,0.474
0.0,0.4741
0.0,0.4742
0.0,0.4743
0.0,0.4744
0.0,0.4745
0.0,0.4746
0.0,0.4747
0.0,0.4748
0.0,0.4749
0.0,0.475
0.0,0.4751
0.0,0.4752
0.0,0.4753
0.0,0.4754
0.0,0.4755
0.0,0.4756
0.0,0.4757
0.0,0.4758
0.0,0.4759
0.0,0.476
0.0,0.4761
0.0,0.4762
0.0,0.4763
0.0,0.4764
0.0,0.4765
0.0,0.4766
0.0,0.4767
0.0,0.4768
0.0,0.4769
0.0,0.477
0.0,0.4771
0.0,0.4772
0.0,0.4773
0.0,0.4774
0.0,0.4775
0.0,0.4776
0.0,0.4777
0.0,0.4778
0.0,0.4779
0.0,0.478
0.0,0.4781
0.0,0.4782
0.0,0.4783
0.0,0.4784
0.0,0.4785
0.0,0.4786
0.0,0.4787
0.0,0.4788
0.0,0.4789
0.0,0.479
0.0,0.4791
0.0,0.4792
0.0,0.4793
0.0,0.4794
0.0,0.4795
0.0,0.4796
0.0,0.4797
0.0,0.4798
0.0,0.4799
0.0,0.48
0.0,0.4801
0.0,0.4802
0.0,0.4803
0.0,0.4804
0.0,0.4805
0.0,0.4806
0.0,0.4807
0.0,0.4808
0.0,0.4809
0.0,0.481
0.0,0.4811
0.0,0.4812
0.0,0.4813
0.0,0.4814
0.0,0.4815
0.0,0.4816
0.0,0.4817
0.0,0.4818
0.0,0.4819
0.0,0.482
0.0,0.4821
0.0,0.4822
0.0,0.4823
0.0,0.4824
0.0,0.4825
0.0,0.4826
0.0,0.4827
0.0,0.4828
0.0,0.4829
0.0,0.483
0.0,0.4831
0.0,0.4832
0.0,0.4833
0.0,0.4834
0.0,0.4835
0.0,0.4836
0.0,0.4837
0.0,0.4838
0.0,0.4839
0.0,0.484
0.0,0.4841
0.0,0.4842
0.0,0.4843
0.0,0.4844
0.0,0.4845
0.0,0.4846
0.0,0.4847
0.0,0.4848
0.0,0.4849
0.0,0.485
0.0,0.4851
0.0,0.4852
0.0,0.4853
0.0,0.4854
0.0,0.4855
0.0,0.4856
0.0,0.4857
0.0,0.4858
0.0,0.4859
0.0,0.486
0.0,0.4861
0.0,0.4862
0.0,0.4863
0.0,0.4864
0.0,0.4865
0.0,0.4866
0.0,0.4867
0.0,0.4868
0.0,0.4869
0.0,0.487
0.0,0.4871
0.0,0.4872
0.0,0.4873
0.0,0.4874
0.0,0.4875
0.0,0.4876
0.0,0.4877
0.0,0.4878
0.0,0.4879
0.0,0.488
0.0,0.4881
0.0,0.4882
0.0,0.4883
0.0,0.4884
0.0,0.4885
0.0,0.4886
0.0,0.4887
0.0,0.4888
0.0,0.4889
0.0,0.489
0.0,0.4891
0.0,0.4892
0.0,0.4893
0.0,0.4894
0.0,0.4895
0.0,0.4896
0.0,0.4897
0.0,0.4898
0.0,0.4899
0.0,0.49
0.0,0.4901
0.0,0.4902
0.0,0.4903
0.0,0.4904
0.0,0.4905
0.0,0.4906
0.0,0.4907
0.0,0.4908
0.0,0.4909
0.0,0.491
0.0,0.4911
0.0,0.4912
0.0,0.4913
0.0,0.4914
0.0,0.4915
0.0,0.4916
0.0,0.4917
0.0,0.4918
0.0,0.4919
0.0,0.492
0.0,0.4921
0.0,0.4922
0.0,0.4923
0.0,0.4924
0.0,0.4925
0.0,0.4926
0.0,0.4927
0.0,0.4928
0.0,0.4929
0.0,0.493
0.0,0.4931
0.0,0.4932
0.0,0.4933
0.0,0.4934
0.0,0.4935
0.0,0.4936
0.0,0.4937
0.0,0.4938
0.0,0.4939
0.0,0.494
0.0,0.4941
0.0,0.4942
0.0,0.4943
0.0,0.4944
0.0,0.4945
0.0,0.4946
0.0,0.4947
0.0,0.4948
0.0,0.4949
0.0,0.495
0.0,0.4951
0.0,0.4952
0.0,0.4953
0.0,0.4954
0.0,0.4955
0.0,0.4956
0.0,0.4957
0.0,0.4958
0.0,0.4959
0.0,0.496
0.0,0.4961
0.0,0.4962
0.0,0.4963
0.0,0.4964
0.0,0.4965
0.0,0.4966
0.0,0.4967
0.0,0.4968
0.0,0.4969
0.0,0.497
0.0,0.4971
0.0,0.4972
0.0,0.4973
0.0,0.4974
0.0,0.4975
0.0,0.4976
0.0,0.4977
0.0,0.4978
0.0,0.4979
0.0,0.498
0.0,0.4981
0.0,0.4982
0.0,0.4983
0.0,0.4984
0.0,0.4985
0.0,0.4986
0.0,0.4987
0.0,0.4988
0.0,0.4989
0.0,0.499
0.0,0.4991
0.0,0.4992
0.0,0.4993
0.0,0.4994
0.0,0.4995
0.0,0.4996
0.0,0.4997
0.0,0.4998
0.0,0.4999
0.0,0.5
0.0,0.5001
0.0,0.5002
0.0,0.5003
0.0,0.5004
0.0,0.5005
0.0,0.5006
0.0,0.5007
0.0,0.5008
0.0,0.5009
0.0,0.501
0.0,0.5011
0.0,0.5012
0.0,0.5013
0.0,0.5014
0.0,0.5015
0.0,0.5016
0.0,0.5017
0.0,0.5018
0.0,0.5019
0.0,0.502
0.0,0.5021
0.0,0.5022
0.0,0.5023
0.0,0.5024
0.0,0.5025
0.0,0.5026
0.0,0.5027
0.0,0.5028
0.0,0.5029
0.0,0.503
0.0,0.5031
0.0,0.5032
0.0,0.5033
0.0,0.5034
0.0,0.5035
0.0,0.5036
0.0,0.5037
0.0,0.5038
0.0,0.5039
0.0,0.504
0.0,0.5041
0.0,0.5042
0.0,0.5043
0.0,0.5044
0.0,0.5045
0.0,0.5046
0.0,0.5047
0.0,0.5048
0.0,0.5049
0.0,0.505
0.0,0.5051
0.0,0.5052
0.0,0.5053
0.0,0.5054
0.0,0.5055
0.0,0.5056
0.0,0.5057
0.0,0.5058
0.0,0.5059
0.0,0.506
0.0,0.5061
0.0,0.5062
0.0,0.5063
0.0,0.5064
0.0,0.5065
0.0,0.5066
0.0,0.5067
0.0,0.5068
0.0,0.5069
0.0,0.507
0.0,0.5071
0.0,0.5072
0.0,0.5073
0.0,0.5074
0.0,0.5075
0.0,0.5076
0.0,0.5077
0.0,0.5078
0.0,0.5079
0.0,0.508
0.0,0.5081
0.0,0.5082
0.0,0.5083
0.0,0.5084
0.0,0.5085
0.0,0.5086
0.0,0.5087
0.0,0.5088
0.0,0.5089
0.0,0.509
0.0,0.5091
0.0,0.5092
0.0,0.5093
0.0,0.5094
0.0,0.5095
0.0,0.5096
0.0,0.5097
0.0,0.5098
0.0,0.5099
0.0,0.51
0.0,0.5101
0.0,0.5102
0.0,0.5103
0.0,0.5104
0.0,0.5105
0.0,0.5106
0.0,0.5107
0.0,0.5108
0.0,0.5109
0.0,0.511
0.0,0.5111
0.0,0.5112
0.0,0.5113
0.0,0.5114
0.0,0.5115
0.0,0.5116
0.0,0.5117
0.0,0.5118
0.0,0.5119
0.0,0.512
0.0,0.5121
0.0,0.5122
0.0,0.5123
0.0,0.5124
0.0,0.5125
0.0,0.5126
0.0,0.5127
0.0,0.5128
0.0,0.5129
0.0,0.513
0.0,0.5131
0.0,0.5132
0.0,0.5133
0.0,0.5134
0.0,0.5135
0.0,0.5136
0.0,0.5137
0.0,0.5138
0.0,0.5139
0.0,0.514
0.0,0.5141
0.0,0.5142
0.0,0.5143
0.0,0.5144
0.0,0.5145
0.0,0.5146
0.0,0.5147
0.0,0.5148
0.0,0.5149
0.0,0.515
0.0,0.5151
0.0,0.5152
0.0,0.5153
0.0,0.5154
0.0,0.5155
0.0,0.5156
0.0,0.5157
0.0,0.5158
0.0,0.5159
0.0,0.516
0.0,0.5161
0.0,0.5162
0.0,0.5163
0.0,0.5164
0.0,0.5165
0.0,0.5166
0.0,0.5167
0.0,0.5168
0.0,0.5169
0.0,0.517
0.0,0.5171
0.0,0.5172
0.0,0.5173
0.0,0.5174
0.0,0.5175
0.0,0.5176
0.0,0.5177
0.0,0.5178
0.0,0.5179
0.0,0.518
0.0,0.5181
0.0,0.5182
0.0,0.5183
0.0,0.5184
0.0,0.5185
0.0,0.5186
0.0,0.5187
0.0,0.5188
0.0,0.5189
0.0,0.519
0.0,0.5191
0.0,0.5192
0.0,0.5193
0.0,0.5194
0.0,0.5195
0.0,0.5196
0.0,0.5197
0.0,0.5198
0.0,0.5199
0.0,0.52
0.0,0.5201
0.0,0.5202
0.0,0.5203
0.0,0.5204
0.0,0.5205
0.0,0.5206
0.0,0.5207
0.0,0.5208
0.0,0.5209
0.0,0.521
0.0,0.5211
0.0,0.5212
0.0,0.5213
0.0,0.5214
0.0,0.5215
0.0,0.5216
0.0,0.5217
0.0,0.5218
0.0,0.5219
0.0,0.522
0.0,0.5221
0.0,0.5222
0.0,0.5223
0.0,0.5224
0.0,0.5225
0.0,0.5226
0.0,0.5227
0.0,0.5228
0.0,0.5229
0.0,0.523
0.0,0.5231
0.0,0.5232
0.0,0.5233
0.0,0.5234
0.0,0.5235
0.0,0.5236
0.0,0.5237
0.0,0.5238
0.0,0.5239
0.0,0.524
0.0,0.5241
0.0,0.5242
0.0,0.5243
0.0,0.5244
0.0,0.5245
0.0,0.5246
0.0,0.5247
0.0,0.5248
0.0,0.5249
0.0,0.525
0.0,0.5251
0.0,0.5252
0.0,0.5253
0.0,0.5254
0.0,0.5255
0.0,0.5256
0.0,0.5257
0.0,0.5258
0.0,0.5259
0.0,0.526
0.0,0.5261
0.0,0.5262
0.0,0.5263
0.0,0.5264
0.0,0.5265
0.0,0.5266
0.0,0.5267
0.0,0.5268
0.0,0.5269
0.0,0.527
0.0,0.5271
0.0,0.5272
0.0,0.5273
0.0,0.5274
0.0,0.5275
0.0,0.5276
0.0,0.5277
0.0,0.5278
0.0,0.5279
0.0,0.528
0.0,0.5281
0.0,0.5282
0.0,0.5283
0.0,0.5284
0.0,0.5285
0.0,0.5286
0.0,0.5287
0.0,0.5288
0.0,0.5289
0.0,0.529
0.0,0.5291
0.0,0.5292
0.0,0.5293
0.0,0.5294
0.0,0.5295
0.0,0.5296
0.0,0.5297
0.0,0.5298
0.0,0.5299
0.0,0.53
0.0,0.5301
0.0,0.5302
0.0,0.5303
0.0,0.5304
0.0,0.5305
0.0,0.5306
0.0,0.5307
0.0,0.5308
0.0,0.5309
0.0,0.531
0.0,0.5311
0.0,0.5312
0.0,0.5313
0.0,0.5314
0.0,0.5315
0.0,0.5316
0.0,0.5317
0.0,0.5318
0.0,0.5319
0.0,0.532
0.0,0.5321
0.0,0.5322
0.0,0.5323
0.0,0.5324
0.0,0.5325
0.0,0.5326
0.0,0.5327
0.0,0.5328
0.0,0.5329
0.0,0.533
0.0,0.5331
0.0,0.5332
0.0,0.5333
0.0,0.5334
0.0,0.5335
0.0,0.5336
0.0,0.5337
0.0,0.5338
0.0,0.5339
0.0,0.534
0.0,0.5341
0.0,0.5342
0.0,0.5343
0.0,0.5344
0.0,0.5345
0.0,0.5346
0.0,0.5347
0.0,0.5348
0.0,0.5349
0.0,0.535
0.0,0.5351
0.0,0.5352
0.0,0.5353
0.0,0.5354
0.0,0.5355
0.0,0.5356
0.0,0.5357
0.0,0.5358
0.0,0.5359
0.0,0.536
0.0,0.5361
0.0,0.5362
0.0,0.5363
0.0,0.5364
0.0,0.5365
0.0,0.5366
0.0,0.5367
0.0,0.5368
0.0,0.5369
0.0,0.537
0.0,0.5371
0.0,0.5372
0.0,0.5373
0.0,0.5374
0.0,0.5375
0.0,0.5376
0.0,0.5377
0.0,0.5378
0.0,0.5379
0.0,0.538
0.0,0.5381
0.0,0.5382
0.0,0.5383
0.0,0.5384
0.0,0.5385
0.0,0.5386
0.0,0.5387
0.0,0.5388
0.0,0.5389
0.0,0.539
0.0,0.5391
0.0,0.5392
0.0,0.5393
0.0,0.5394
0.0,0.5395
0.0,0.5396
0.0,0.5397
0.0,0.5398
0.0,0.5399
0.0,0.54
0.0,0.5401
0.0,0.5402
0.0,0.5403
0.0,0.5404
0.0,0.5405
0.0,0.5406
0.0,0.5407
0.0,0.5408
0.0,0.5409
0.0,0.541
0.0,0.5411
0.0,0.5412
0.0,0.5413
0.0,0.5414
0.0,0.5415
0.0,0.5416
0.0,0.5417
0.0,0.5418
0.0,0.5419
0.0,0.542
0.0,0.5421
0.0,0.5422
0.0,0.5423
0.0,0.5424
0.0,0.5425
0.0,0.5426
0.0,0.5427
0.0,0.5428
0.0,0.5429
0.0,0.543
0.0,0.5431
0.0,0.5432
0.0,0.5433
0.0,0.5434
0.0,0.5435
0.0,0.5436
0.0,0.5437
0.0,0.5438
0.0,0.5439
0.0,0.544
0.0,0.5441
0.0,0.5442
0.0,0.5443
0.0,0.5444
0.0,0.5445
0.0,0.5446
0.0,0.5447
0.0,0.5448
0.0,0.5449
0.0,0.545
0.0,0.5451
0.0,0.5452
0.0,0.5453
0.0,0.5454
0.0,0.5455
0.0,0.5456
0.0,0.5457
0.0,0.5458
0.0,0.5459
0.0,0.546
0.0,0.5461
0.0,0.5462
0.0,0.5463
0.0,0.5464
0.0,0.5465
0.0,0.5466
0.0,0.5467
0.0,0.5468
0.0,0.5469
0.0,0.547
0.0,0.5471
0.0,0.5472
0.0,0.5473
0.0,0.5474
0.0,0.5475
0.0,0.5476
0.0,0.5477
0.0,0.5478
0.0,0.5479
0.0,0.548
0.0,0.5481
0.0,0.5482
0.0,0.5483
0.0,0.5484
0.0,0.5485
0.0,0.5486
0.0,0.5487
0.0,0.5488
0.0,0.5489
0.0,0.549
0.0,0.5491
0.0,0.5492
0.0,0.5493
0.0,0.5494
0.0,0.5495
0.0,0.5496
0.0,0.5497
0.0,0.5498
0.0,0.5499
0.0,0.55
0.0,0.5501
0.0,0.5502
0.0,0.5503
0.0,0.5504
0.0,0.5505
0.0,0.5506
0.0,0.5507
0.0,0.5508
0.0,0.5509
0.0,0.551
0.0,0.5511
0.0,0.5512
0.0,0.5513
0.0,0.5514
0.0,0.5515
0.0,0.5516
0.0,0.5517
0.0,0.5518
0.0,0.5519
0.0,0.552
0.0,0.5521
0.0,0.5522
0.0,0.5523
0.0,0.5524
0.0,0.5525
0.0,0.5526
0.0,0.5527
0.0,0.5528
0.0,0.5529
0.0,0.553
0.0,0.5531
0.0,0.5532
0.0,0.5533
0.0,0.5534
0.0,0.5535
0.0,0.5536
0.0,0.5537
0.0,0.5538
0.0,0.5539
0.0,0.554
0.0,0.5541
0.0,0.5542
0.0,0.5543
0.0,0.5544
0.0,0.5545
0.0,0.5546
0.0,0.5547
0.0,0.5548
0.0,0.5549
0.0,0.555
0.0,0.5551
0.0,0.5552
0.0,0.5553
0.0,0.5554
0.0,0.5555
0.0,0.5556
0.0,0.5557
0.0,0.5558
0.0,0.5559
0.0,0.556
0.0,0.5561
0.0,0.5562
0.0,0.5563
0.0,0.5564
0.0,0.5565
0.0,0.5566
0.0,0.5567
0.0,0.5568
0.0,0.5569
0.0,0.557
0.0,0.5571
0.0,0.5572
0.0,0.5573
0.0,0.5574
0.0,0.5575
0.0,0.5576
0.0,0.5577
0.0,0.5578
0.0,0.5579
0.0,0.558
0.0,0.5581
0.0,0.5582
0.0,0.5583
0.0,0.5584
0.0,0.5585
0.0,0.5586
0.0,0.5587
0.0,0.5588
0.0,0.5589
0.0,0.559
0.0,0.5591
0.0,0.5592
0.0,0.5593
0.0,0.5594
0.0,0.5595
0.0,0.5596
0.0,0.5597
0.0,0.5598
0.0,0.5599
0.0,0.56
0.0,0.5601
0.0,0.5602
0.0,0.5603
0.0,0.5604
0.0,0.5605
0.0,0.5606
0.0,0.5607
0.0,0.5608
0.0,0.5609
0.0,0.561
0.0,0.5611
0.0,0.5612
0.0,0.5613
0.0,0.5614
0.0,0.5615
0.0,0.5616
0.0,0.5617
0.0,0.5618
0.0,0.5619
0.0,0.562
0.0,0.5621
0.0,0.5622
0.0,0.5623
0.0,0.5624
0.0,0.5625
0.0,0.5626
0.0,0.5627
0.0,0.5628
0.0,0.5629
0.0,0.563
0.0,0.5631
0.0,0.5632
0.0,0.5633
0.0,0.5634
0.0,0.5635
0.0,0.5636
0.0,0.5637
0.0,0.5638
0.0,0.5639
0.0,0.564
0.0,0.5641
0.0,0.5642
0.0,0.5643
0.0,0.5644
0.0,0.5645
0.0,0.5646
0.0,0.5647
0.0,0.5648
0.0,0.5649
0.0,0.565
0.0,0.5651
0.0,0.5652
0.0,0.5653
0.0,0.5654
0.0,0.5655
0.0,0.5656
0.0,0.5657
0.0,0.5658
0.0,0.5659
0.0,0.566
0.0,0.5661
0.0,0.5662
0.0,0.5663
0.0,0.5664
0.0,0.5665
0.0,0.5666
0.0,0.5667
0.0,0.5668
0.0,0.5669
0.0,0.567
0.0,0.5671
0.0,0.5672
0.0,0.5673
0.0,0.5674
0.0,0.5675
0.0,0.5676
0.0,0.5677
0.0,0.5678
0.0,0.5679
0.0,0.568
0.0,0.5681
0.0,0.5682
0.0,0.5683
0.0,0.5684
0.0,0.5685
0.0,0.5686
0.0,0.5687
0.0,0.5688
0.0,0.5689
0.0,0.569
0.0,0.5691
0.0,0.5692
0.0,0.5693
0.0,0.5694
0.0,0.5695
0.0,0.5696
0.0,0.5697
0.0,0.5698
0.0,0.5699
0.0,0.57
0.0,0.5701
0.0,0.5702
0.0,0.5703
0.0,0.5704
0.0,0.5705
0.0,0.5706
0.0,0.5707
0.0,0.5708
0.0,0.5709
0.0,0.571
0.0,0.5711
0.0,0.5712
0.0,0.5713
0.0,0.5714
0.0,0.5715
0.0,0.5716
0.0,0.5717
0.0,0.5718
0.0,0.5719
0.0,0.572
0.0,0.5721
0.0,0.5722
0.0,0.5723
0.0,0.5724
0.0,0.5725
0.0,0.5726
0.0,0.5727
0.0,0.5728
0.0,0.5729
0.0,0.573
0.0,0.5731
0.0,0.5732
0.0,0.5733
0.0,0.5734
0.0,0.5735
0.0,0.5736
0.0,0.5737
0.0,0.5738
0.0,0.5739
0.0,0.574
0.0,0.5741
0.0,0.5742
0.0,0.5743
0.0,0.5744
0.0,0.5745
0.0,0.5746
0.0,0.5747
0.0,0.5748
0.0,0.5749
0.0,0.575
0.0,0.5751
0.0,0.5752
0.0,0.5753
0.0,0.5754
0.0,0.5755
0.0,0.5756
0.0,0.5757
0.0,0.5758
0.0,0.5759
0.0,0.576
0.0,0.5761
0.0,0.5762
0.0,0.5763
0.0,0.5764
0.0,0.5765
0.0,0.5766
0.0,0.5767
0.0,0.5768
0.0,0.5769
0.0,0.577
0.0,0.5771
0.0,0.5772
0.0,0.5773
0.0,0.5774
0.0,0.5775
0.0,0.5776
0.0,0.5777
0.0,0.5778
0.0,0.5779
0.0,0.578
0.0,0.5781
0.0,0.5782
0.0,0.5783
0.0,0.5784
0.0,0.5785
0.0,0.5786
0.0,0.5787
0.0,0.5788
0.0,0.5789
0.0,0.579
0.0,0.5791
0.0,0.5792
0.0,0.5793
0.0,0.5794
0.0,0.5795
0.0,0.5796
0.0,0.5797
0.0,0.5798
0.0,0.5799
0.0,0.58
0.0,0.5801
0.0,0.5802
0.0,0.5803
0.0,0.5804
0.0,0.5805
0.0,0.5806
0.0,0.5807
0.0,0.5808
0.0,0.5809
0.0,0.581
0.0,0.5811
0.0,0.5812
0.0,0.5813
0.0,0.5814
0.0,0.5815
0.0,0.5816
0.0,0.5817
0.0,0.5818
0.0,0.5819
0.0,0.582
0.0,0.5821
0.0,0.5822
0.0,0.5823
0.0,0.5824
0.0,0.5825
0.0,0.5826
0.0,0.5827
0.0,0.5828
0.0,0.5829
0.0,0.583
0.0,0.5831
0.0,0.5832
0.0,0.5833
0.0,0.5834
0.0,0.5835
0.0,0.5836
0.0,0.5837
0.0,0.5838
0.0,0.5839
0.0,0.584
0.0,0.5841
0.0,0.5842
0.0,0.5843
0.0,0.5844
0.0,0.5845
0.0,0.5846
0.0,0.5847
0.0,0.5848
0.0,0.5849
0.0,0.585
0.0,0.5851
0.0,0.5852
0.0,0.5853
0.0,0.5854
0.0,0.5855
0.0,0.5856
0.0,0.5857
0.0,0.5858
0.0,0.5859
0.0,0.586
0.0,0.5861
0.0,0.5862
0.0,0.5863
0.0,0.5864
0.0,0.5865
0.0,0.5866
0.0,0.5867
0.0,0.5868
0.0,0.5869
0.0,0.587
0.0,0.5871
0.0,0.5872
0.0,0.5873
0.0,0.5874
0.0,0.5875
0.0,0.5876
0.0,0.5877
0.0,0.5878
0.0,0.5879
0.0,0.588
0.0,0.5881
0.0,0.5882
0.0,0.5883
0.0,0.5884
0.0,0.5885
0.0,0.5886
0.0,0.5887
0.0,0.5888
0.0,0.5889
0.0,0.589
0.0,0.5891
0.0,0.5892
0.0,0.5893
0.0,0.5894
0.0,0.5895
0.0,0.5896
0.0,0.5897
0.0,0.5898
0.0,0.5899
0.0,0.59
0.0,0.5901
0.0,0.5902
0.0,0.5903
0.0,0.5904
0.0,0.5905
0.0,0.5906
0.0,0.5907
0.0,0.5908
0.0,0.5909
0.0,0.591
0.0,0.5911
0.0,0.5912
0.0,0.5913
0.0,0.5914
0.0,0.5915
0.0,0.5916
0.0,0.5917
0.0,0.5918
0.0,0.5919
0.0,0.592
0.0,0.5921
0.0,0.5922
0.0,0.5923
0.0,0.5924
0.0,0.5925
0.0,0.5926
0.0,0.5927
0.0,0.5928
0.0,0.5929
0.0,0.593
0.0,0.5931
0.0,0.5932
0.0,0.5933
0.0,0.5934
0.0,0.5935
0.0,0.5936
0.0,0.5937
0.0,0.5938
0.0,0.5939
0.0,0.594
0.0,0.5941
0.0,0.5942
0.0,0.5943
0.0,0.5944
0.0,0.5945
0.0,0.5946
0.0,0.5947
0.0,0.5948
0.0,0.5949
0.0,0.595
0.0,0.5951
0.0,0.5952
0.0,0.5953
0.0,0.5954
0.0,0.5955
0.0,0.5956
0.0,0.5957
0.0,0.5958
0.0,0.5959
0.0,0.596
0.0,0.5961
0.0,0.5962
0.0,0.5963
0.0,0.5964
0.0,0.5965
0.0,0.5966
0.0,0.5967
0.0,0.5968
0.0,0.5969
0.0,0.597
0.0,0.5971
0.0,0.5972
0.0,0.5973
0.0,0.5974
0.0,0.5975
0.0,0.5976
0.0,0.5977
0.0,0.5978
0.0,0.5979
0.0,0.598
0.0,0.5981
0.0,0.5982
0.0,0.5983
0.0,0.5984
0.0,0.5985
0.0,0.5986
0.0,0.5987
0.0,0.5988
0.0,0.5989
0.0,0.599
0.0,0.5991
0.0,0.5992
0.0,0.5993
0.0,0.5994
0.0,0.5995
0.0,0.5996
0.0,0.5997
0.0,0.5998
0.0,0.5999
0.0,0.6
0.0,0.6001
0.0,0.6002
0.0,0.6003
0.0,0.6004
0.0,0.6005
0.0,0.6006
0.0,0.6007
0.0,0.6008
0.0,0.6009
0.0,0.601
0.0,0.6011
0.0,0.6012
0.0,0.6013
0.0,0.6014
0.0,0.6015
0.0,0.6016
0.0,0.6017
0.0,0.6018
0.0,0.6019
0.0,0.602
0.0,0.6021
0.0,0.6022
0.0,0.6023
0.0,0.6024
0.0,0.6025
0.0,0.6026
0.0,0.6027
0.0,0.6028
0.0,0.6029
0.0,0.603
0.0,0.6031
0.0,0.6032
0.0,0.6033
0.0,0.6034
0.0,0.6035
0.0,0.6036
0.0,0.6037
0.0,0.6038
0.0,0.6039
0.0,0.604
0.0,0.6041
0.0,0.6042
0.0,0.6043
0.0,0.6044
0.0,0.6045
0.0,0.6046
0.0,0.6047
0.0,0.6048
0.0,0.6049
0.0,0.605
0.0,0.6051
0.0,0.6052
0.0,0.6053
0.0,0.6054
0.0,0.6055
0.0,0.6056
0.0,0.6057
0.0,0.6058
0.0,0.6059
0.0,0.606
0.0,0.6061
0.0,0.6062
0.0,0.6063
0.0,0.6064
0.0,0.6065
0.0,0.6066
0.0,0.6067
0.0,0.6068
0.0,0.6069
0.0,0.607
0.0,0.6071
0.0,0.6072
0.0,0.6073
0.0,0.6074
0.0,0.6075
0.0,0.6076
0.0,0.6077
0.0,0.6078
0.0,0.6079
0.0,0.608
0.0,0.6081
0.0,0.6082
0.0,0.6083
0.0,0.6084
0.0,0.6085
0.0,0.6086
0.0,0.6087
0.0,0.6088
0.0,0.6089
0.0,0.609
0.0,0.6091
0.0,0.6092
0.0,0.6093
0.0,0.6094
0.0,0.6095
0.0,0.6096
0.0,0.6097
0.0,0.6098
0.0,0.6099
0.0,0.61
0.0,0.6101
0.0,0.6102
0.0,0.6103
0.0,0.6104
0.0,0.6105
0.0,0.6106
0.0,0.6107
0.0,0.6108
0.0,0.6109
0.0,0.611
0.0,0.6111
0.0,0.6112
0.0,0.6113
0.0,0.6114
0.0,0.6115
0.0,0.6116
0.0,0.6117
0.0,0.6118
0.0,0.6119
0.0,0.612
0.0,0.6121
0.0,0.6122
0.0,0.6123
0.0,0.6124
0.0,0.6125
0.0,0.6126
0.0,0.6127
0.0,0.6128
0.0,0.6129
0.0,0.613
0.0,0.6131
0.0,0.6132
0.0,0.6133
0.0,0.6134
0.0,0.6135
0.0,0.6136
0.0,0.6137
0.0,0.6138
0.0,0.6139
0.0,0.614
0.0,0.6141
0.0,0.6142
0.0,0.6143
0.0,0.6144
0.0,0.6145
0.0,0.6146
0.0,0.6147
0.0,0.6148
0.0,0.6149
0.0,0.615
0.0,0.6151
0.0,0.6152
0.0,0.6153
0.0,0.6154
0.0,0.6155
0.0,0.6156
0.0,0.6157
0.0,0.6158
0.0,0.6159
0.0,0.616
0.0,0.6161
0.0,0.6162
0.0,0.6163
0.0,0.6164
0.0,0.6165
0.0,0.6166
0.0,0.6167
0.0,0.6168
0.0,0.6169
0.0,0.617
0.0,0.6171
0.0,0.6172
0.0,0.6173
0.0,0.6174
0.0,0.6175
0.0,0.6176
0.0,0.6177
0.0,0.6178
0.0,0.6179
0.0,0.618
0.0,0.6181
0.0,0.6182
0.0,0.6183
0.0,0.6184
0.0,0.6185
0.0,0.6186
0.0,0.6187
0.0,0.6188
0.0,0.6189
0.0,0.619
0.0,0.6191
0.0,0.6192
0.0,0.6193
0.0,0.6194
0.0,0.6195
0.0,0.6196
0.0,0.6197
0.0,0.6198
0.0,0.6199
0.0,0.62
0.0,0.6201
0.0,0.6202
0.0,0.6203
0.0,0.6204
0.0,0.6205
0.0,0.6206
0.0,0.6207
0.0,0.6208
0.0,0.6209
0.0,0.621
0.0,0.6211
0.0,0.6212
0.0,0.6213
0.0,0.6214
0.0,0.6215
0.0,0.6216
0.0,0.6217
0.0,0.6218
0.0,0.6219
0.0,0.622
0.0,0.6221
0.0,0.6222
0.0,0.6223
0.0,0.6224
0.0,0.6225
0.0,0.6226
0.0,0.6227
0.0,0.6228
0.0,0.6229
0.0,0.623
0.0,0.6231
0.0,0.6232
0.0,0.6233
0.0,0.6234
0.0,0.6235
0.0,0.6236
0.0,0.6237
0.0,0.6238
0.0,0.6239
0.0,0.624
0.0,0.6241
0.0,0.6242
0.0,0.6243
0.0,0.6244
0.0,0.6245
0.0,0.6246
0.0,0.6247
0.0,0.6248
0.0,0.6249
0.0,0.625
0.0,0.6251
0.0,0.6252
0.0,0.6253
0.0,0.6254
0.0,0.6255
0.0,0.6256
0.0,0.6257
0.0,0.6258
0.0,0.6259
0.0,0.626
0.0,0.6261
0.0,0.6262
0.0,0.6263
0.0,0.6264
0.0,0.6265
0.0,0.6266
0.0,0.6267
0.0,0.6268
0.0,0.6269
0.0,0.627
0.0,0.6271
0.0,0.6272
0.0,0.6273
0.0,0.6274
0.0,0.6275
0.0,0.6276
0.0,0.6277
0.0,0.6278
0.0,0.6279
0.0,0.628
0.0,0.6281
0.0,0.6282
0.0,0.6283
0.0,0.6284
0.0,0.6285
0.0,0.6286
0.0,0.6287
0.0,0.6288
0.0,0.6289
0.0,0.629
0.0,0.6291
0.0,0.6292
0.0,0.6293
0.0,0.6294
0.0,0.6295
0.0,0.6296
0.0,0.6297
0.0,0.6298
0.0,0.6299
0.0,0.63
0.0,0.6301
0.0,0.6302
0.0,0.6303
0.0,0.6304
0.0,0.6305
0.0,0.6306
0.0,0.6307
0.0,0.6308
0.0,0.6309
0.0,0.631
0.0,0.6311
0.0,0.6312
0.0,0.6313
0.0,0.6314
0.0,0.6315
0.0,0.6316
0.0,0.6317
0.0,0.6318
0.0,0.6319
0.0,0.632
0.0,0.6321
0.0,0.6322
0.0,0.6323
0.0,0.6324
0.0,0.6325
0.0,0.6326
0.0,0.6327
0.0,0.6328
0.0,0.6329
0.0,0.633
0.0,0.6331
0.0,0.6332
0.0,0.6333
0.0,0.6334
0.0,0.6335
0.0,0.6336
0.0,0.6337
0.0,0.6338
0.0,0.6339
0.0,0.634
0.0,0.6341
0.0,0.6342
0.0,0.6343
0.0,0.6344
0.0,0.6345
0.0,0.6346
0.0,0.6347
0.0,0.6348
0.0,0.6349
0.0,0.635
0.0,0.6351
0.0,0.6352
0.0,0.6353
0.0,0.6354
0.0,0.6355
0.0,0.6356
0.0,0.6357
0.0,0.6358
0.0,0.6359
0.0,0.636
0.0,0.6361
0.0,0.6362
0.0,0.6363
0.0,0.6364
0.0,0.6365
0.0,0.6366
0.0,0.6367
0.0,0.6368
0.0,0.6369
0.0,0.637
0.0,0.6371
0.0,0.6372
0.0,0.6373
0.0,0.6374
0.0,0.6375
0.0,0.6376
0.0,0.6377
0.0,0.6378
0.0,0.6379
0.0,0.638
0.0,0.6381
0.0,0.6382
0.0,0.6383
0.0,0.6384
0.0,0.6385
0.0,0.6386
0.0,0.6387
0.0,0.6388
0.0,0.6389
0.0,0.639
0.0,0.6391
0.0,0.6392
0.0,0.6393
0.0,0.6394
0.0,0.6395
0.0,0.6396
0.0,0.6397
0.0,0.6398
0.0,0.6399
0.0,0.64
0.0,0.6401
0.0,0.6402
0.0,0.6403
0.0,0.6404
0.0,0.6405
0.0,0.6406
0.0,0.6407
0.0,0.6408
0.0,0.6409
0.0,0.641
0.0,0.6411
0.0,0.6412
0.0,0.6413
0.0,0.6414
0.0,0.6415
0.0,0.6416
0.0,0.6417
0.0,0.6418
0.0,0.6419
0.0,0.642
0.0,0.6421
0.0,0.6422
0.0,0.6423
0.0,0.6424
0.0,0.6425
0.0,0.6426
0.0,0.6427
0.0,0.6428
0.0,0.6429
0.0,0.643
0.0,0.6431
0.0,0.6432
0.0,0.6433
0.0,0.6434
0.0,0.6435
0.0,0.6436
0.0,0.6437
0.0,0.6438
0.0,0.6439
0.0,0.644
0.0,0.6441
0.0,0.6442
0.0,0.6443
0.0,0.6444
0.0,0.6445
0.0,0.6446
0.0,0.6447
0.0,0.6448
0.0,0.6449
0.0,0.645
0.0,0.6451
0.0,0.6452
0.0,0.6453
0.0,0.6454
0.0,0.6455
0.0,0.6456
0.0,0.6457
0.0,0.6458
0.0,0.6459
0.0,0.646
0.0,0.6461
0.0,0.6462
0.0,0.6463
0.0,0.6464
0.0,0.6465
0.0,0.6466
0.0,0.6467
0.0,0.6468
0.0,0.6469
0.0,0.647
0.0,0.6471
0.0,0.6472
0.0,0.6473
0.0,0.6474
0.0,0.6475
0.0,0.6476
0.0,0.6477
0.0,0.6478
0.0,0.6479
0.0,0.648
0.0,0.6481
0.0,0.6482
0.0,0.6483
0.0,0.6484
0.0,0.6485
0.0,0.6486
0.0,0.6487
0.0,0.6488
0.0,0.6489
0.0,0.649
0.0,0.6491
0.0,0.6492
0.0,0.6493
0.0,0.6494
0.0,0.6495
0.0,0.6496
0.0,0.6497
0.0,0.6498
0.0,0.6499
0.0,0.65
0.0,0.6501
0.0,0.6502
0.0,0.6503
0.0,0.6504
0.0,0.6505
0.0,0.6506
0.0,0.6507
0.0,0.6508
0.0,0.6509
0.0,0.651
0.0,0.6511
0.0,0.6512
0.0,0.6513
0.0,0.6514
0.0,0.6515
0.0,0.6516
0.0,0.6517
0.0,0.6518
0.0,0.6519
0.0,0.652
0.0,0.6521
0.0,0.6522
0.0,0.6523
0.0,0.6524
0.0,0.6525
0.0,0.6526
0.0,0.6527
0.0,0.6528
0.0,0.6529
0.0,0.653
0.0,0.6531
0.0,0.6532
0.0,0.6533
0.0,0.6534
0.0,0.6535
0.0,0.6536
0.0,0.6537
0.0,0.6538
0.0,0.6539
0.0,0.654
0.0,0.6541
0.0,0.6542
0.0,0.6543
0.0,0.6544
0.0,0.6545
0.0,0.6546
0.0,0.6547
0.0,0.6548
0.0,0.6549
0.0,0.655
0.0,0.6551
0.0,0.6552
0.0,0.6553
0.0,0.6554
0.0,0.6555
0.0,0.6556
0.0,0.6557
0.0,0.6558
0.0,0.6559
0.0,0.656
0.0,0.6561
0.0,0.6562
0.0,0.6563
0.0,0.6564
0.0,0.6565
0.0,0.6566
0.0,0.6567
0.0,0.6568
0.0,0.6569
0.0,0.657
0.0,0.6571
0.0,0.6572
0.0,0.6573
0.0,0.6574
0.0,0.6575
0.0,0.6576
0.0,0.6577
0.0,0.6578
0.0,0.6579
0.0,0.658
0.0,0.6581
0.0,0.6582
0.0,0.6583
0.0,0.6584
0.0,0.6585
0.0,0.6586
0.0,0.6587
0.0,0.6588
0.0,0.6589
0.0,0.659
0.0,0.6591
0.0,0.6592
0.0,0.6593
0.0,0.6594
0.0,0.6595
0.0,0.6596
0.0,0.6597
0.0,0.6598
0.0,0.6599
0.0,0.66
0.0,0.6601
0.0,0.6602
0.0,0.6603
0.0,0.6604
0.0,0.6605
0.0,0.6606
0.0,0.6607
0.0,0.6608
18.352951548916288,0.6609
18.352951548916288,0.661
18.352951548916288,0.6611
18.352951548916288,0.6612
18.352951548916288,0.6613
18.352951548916288,0.6614
18.352951548916288,0.6615
18.352951548916288,0.6616
18.352951548916288,0.6617
18.352951548916288,0.6618
18.352951548916288,0.6619
18.352951548916288,0.662
18.352951548916288,0.6621
18.352951548916288,0.6622
18.352951548916288,0.6623
18.352951548916288,0.6624
21.1554760330054,0.6625
21.1554760330054,0.6626
21.1554760330054,0.6627
21.1554760330054,0.6628
21.1554760330054,0.6629
21.1554760330054,0.663
21.1554760330054,0.6631
21.1554760330054,0.6632
21.1554760330054,0.6633
21.1554760330054,0.6634
21.1554760330054,0.6635
21.1554760330054,0.6636
21.1554760330054,0.6637
21.1554760330054,0.6638
21.1554760330054,0.6639
21.1554760330054,0.664
21.1554760330054,0.6641
21.1554760330054,0.6642
21.1554760330054,0.6643
21.1554760330054,0.6644
21.1554760330054,0.6645
21.1554760330054,0.6646
21.1554760330054,0.6647
21.1554760330054,0.6648
21.1554760330054,0.6649
21.1554760330054,0.665
21.1554760330054,0.6651
21.1554760330054,0.6652
21.1554760330054,0.6653
21.1554760330054,0.6654
21.1554760330054,0.6655
21.1554760330054,0.6656
21.1554760330054,0.6657
21.1554760330054,0.6658
21.1554760330054,0.6659
21.1554760330054,0.666
21.1554760330054,0.6661
21.1554760330054,0.6662
21.1554760330054,0.6663
21.1554760330054,0.6664
21.1554760330054,0.6665
21.1554760330054,0.6666
21.1554760330054,0.6667
21.1554760330054,0.6668
21.1554760330054,0.6669
21.1554760330054,0.667
21.1554760330054,0.6671
21.1554760330054,0.6672
21.1554760330054,0.6673
21.1554760330054,0.6674
21.1554760330054,0.6675
21.1554760330054,0.6676
21.1554760330054,0.6677
21.1554760330054,0.6678
21.1554760330054,0.6679
21.1554760330054,0.668
21.1554760330054,0.6681
21.1554760330054,0.6682
21.1554760330054,0.6683
21.1554760330054,0.6684
21.1554760330054,0.6685
21.1554760330054,0.6686
21.1554760330054,0.6687
21.1554760330054,0.6688
21.1554760330054,0.6689
21.1554760330054,0.669
21.1554760330054,0.6691
21.1554760330054,0.6692
21.1554760330054,0.6693
21.1554760330054,0.6694
21.1554760330054,0.6695
21.1554760330054,0.6696
21.1554760330054,0.6697
21.1554760330054,0.6698
21.1554760330054,0.6699
21.1554760330054,0.67
21.1554760330054,0.6701
21.1554760330054,0.6702
21.1554760330054,0.6703
21.1554760330054,0.6704
21.1554760330054,0.6705
21.1554760330054,0.6706
21.1554760330054,0.6707
21.1554760330054,0.6708
21.1554760330054,0.6709
21.1554760330054,0.671
21.1554760330054,0.6711
21.1554760330054,0.6712
21.1554760330054,0.6713
21.1554760330054,0.6714
21.1554760330054,0.6715
21.1554760330054,0.6716
21.1554760330054,0.6717
21.1554760330054,0.6718
21.1554760330054,0.6719
21.1554760330054,0.672
21.1554760330054,0.6721
21.1554760330054,0.6722
21.1554760330054,0.6723
21.1554760330054,0.6724
21.1554760330054,0.6725
21.1554760330054,0.6726
21.1554760330054,0.6727
21.1554760330054,0.6728
21.1554760330054,0.6729
21.1554760330054,0.673
21.1554760330054,0.6731
21.1554760330054,0.6732
21.1554760330054,0.6733
21.1554760330054,0.6734
21.1554760330054,0.6735
21.1554760330054,0.6736
21.1554760330054,0.6737
21.1554760330054,0.6738
21.1554760330054,0.6739
21.1554760330054,0.674
21.1554760330054,0.6741
21.1554760330054,0.6742
21.1554760330054,0.6743
21.1554760330054,0.6744
21.1554760330054,0.6745
21.1554760330054,0.6746
21.1554760330054,0.6747
21.1554760330054,0.6748
21.1554760330054,0.6749
21.1554760330054,0.675
21.1554760330054,0.6751
21.1554760330054,0.6752
21.1554760330054,0.6753
21.1554760330054,0.6754
21.1554760330054,0.6755
21.1554760330054,0.6756
21.1554760330054,0.6757
21.1554760330054,0.6758
21.1554760330054,0.6759
21.1554760330054,0.676
21.1554760330054,0.6761
21.1554760330054,0.6762
21.1554760330054,0.6763
21.1554760330054,0.6764
21.1554760330054,0.6765
21.1554760330054,0.6766
21.1554760330054,0.6767
21.1554760330054,0.6768
21.1554760330054,0.6769
21.1554760330054,0.677
21.1554760330054,0.6771
21.1554760330054,0.6772
21.1554760330054,0.6773
21.1554760330054,0.6774
21.1554760330054,0.6775
21.1554760330054,0.6776
21.1554760330054,0.6777
21.1554760330054,0.6778
21.1554760330054,0.6779
21.1554760330054,0.678
21.1554760330054,0.6781
21.1554760330054,0.6782
21.1554760330054,0.6783
21.1554760330054,0.6784
21.1554760330054,0.6785
21.1554760330054,0.6786
21.1554760330054,0.6787
21.1554760330054,0.6788
21.1554760330054,0.6789
21.1554760330054,0.679
21.1554760330054,0.6791
21.1554760330054,0.6792
21.1554760330054,0.6793
21.1554760330054,0.6794
21.1554760330054,0.6795
21.1554760330054,0.6796
21.1554760330054,0.6797
21.1554760330054,0.6798
21.1554760330054,0.6799
21.1554760330054,0.68
21.1554760330054,0.6801
21.1554760330054,0.6802
21.1554760330054,0.6803
21.1554760330054,0.6804
21.1554760330054,0.6805
21.1554760330054,0.6806
21.1554760330054,0.6807
21.1554760330054,0.6808
21.1554760330054,0.6809
21.1554760330054,0.681
21.1554760330054,0.6811
21.1554760330054,0.6812
21.1554760330054,0.6813
21.1554760330054,0.6814
21.1554760330054,0.6815
21.1554760330054,0.6816
21.1554760330054,0.6817
21.1554760330054,0.6818
21.1554760330054,0.6819
21.1554760330054,0.682
21.1554760330054,0.6821
21.1554760330054,0.6822
21.1554760330054,0.6823
21.1554760330054,0.6824
21.1554760330054,0.6825
21.1554760330054,0.6826
21.1554760330054,0.6827
21.1554760330054,0.6828
21.1554760330054,0.6829
21.1554760330054,0.683
21.1554760330054,0.6831
21.1554760330054,0.6832
21.1554760330054,0.6833
21.1554760330054,0.6834
21.1554760330054,0.6835
21.1554760330054,0.6836
21.1554760330054,0.6837
21.1554760330054,0.6838
21.1554760330054,0.6839
21.1554760330054,0.684
21.1554760330054,0.6841
21.1554760330054,0.6842
21.1554760330054,0.6843
21.1554760330054,0.6844
21.1554760330054,0.6845
21.1554760330054,0.6846
21.1554760330054,0.6847
21.1554760330054,0.6848
21.1554760330054,0.6849
21.1554760330054,0.685
21.1554760330054,0.6851
21.1554760330054,0.6852
21.1554760330054,0.6853
21.1554760330054,0.6854
21.1554760330054,0.6855
21.1554760330054,0.6856
21.1554760330054,0.6857
21.1554760330054,0.6858
21.1554760330054,0.6859
21.1554760330054,0.686
21.1554760330054,0.6861
21.1554760330054,0.6862
21.1554760330054,0.6863
21.1554760330054,0.6864
21.1554760330054,0.6865
21.1554760330054,0.6866
21.1554760330054,0.6867
21.1554760330054,0.6868
21.1554760330054,0.6869
21.1554760330054,0.687
21.1554760330054,0.6871
21.1554760330054,0.6872
21.1554760330054,0.6873
21.1554760330054,0.6874
21.1554760330054,0.6875
21.1554760330054,0.6876
21.1554760330054,0.6877
21.1554760330054,0.6878
21.1554760330054,0.6879
21.1554760330054,0.688
21.1554760330054,0.6881
21.1554760330054,0.6882
21.1554760330054,0.6883
21.1554760330054,0.6884
21.1554760330054,0.6885
21.1554760330054,0.6886
21.1554760330054,0.6887
21.1554760330054,0.6888
21.1554760330054,0.6889
21.1554760330054,0.689
21.1554760330054,0.6891
21.1554760330054,0.6892
21.1554760330054,0.6893
21.1554760330054,0.6894
21.1554760330054,0.6895
21.1554760330054,0.6896
21.1554760330054,0.6897
21.1554760330054,0.6898
21.1554760330054,0.6899
21.1554760330054,0.69
21.1554760330054,0.6901
21.1554760330054,0.6902
21.1554760330054,0.6903
21.1554760330054,0.6904
21.1554760330054,0.6905
21.1554760330054,0.6906
21.1554760330054,0.6907
21.1554760330054,0.6908
21.1554760330054,0.6909
21.1554760330054,0.691
21.1554760330054,0.6911
21.1554760330054,0.6912
21.1554760330054,0.6913
21.1554760330054,0.6914
21.1554760330054,0.6915
21.1554760330054,0.6916
21.1554760330054,0.6917
21.1554760330054,0.6918
21.1554760330054,0.6919
21.1554760330054,0.692
21.1554760330054,0.6921
21.1554760330054,0.6922
21.1554760330054,0.6923
21.1554760330054,0.6924
21.1554760330054,0.6925
21.1554760330054,0.6926
21.1554760330054,0.6927
21.1554760330054,0.6928
21.1554760330054,0.6929
21.1554760330054,0.693
21.1554760330054,0.6931
21.1554760330054,0.6932
21.1554760330054,0.6933
21.1554760330054,0.6934
21.1554760330054,0.6935
21.1554760330054,0.6936
21.1554760330054,0.6937
21.1554760330054,0.6938
21.1554760330054,0.6939
21.1554760330054,0.694
21.1554760330054,0.6941
21.1554760330054,0.6942
21.1554760330054,0.6943
21.1554760330054,0.6944
21.1554760330054,0.6945
21.1554760330054,0.6946
21.1554760330054,0.6947
21.1554760330054,0.6948
21.1554760330054,0.6949
21.1554760330054,0.695
21.1554760330054,0.6951
21.1554760330054,0.6952
21.1554760330054,0.6953
21.1554760330054,0.6954
21.1554760330054,0.6955
21.1554760330054,0.6956
21.1554760330054,0.6957
21.1554760330054,0.6958
21.1554760330054,0.6959
21.1554760330054,0.696
21.1554760330054,0.6961
21.1554760330054,0.6962
21.1554760330054,0.6963
21.1554760330054,0.6964
21.1554760330054,0.6965
21.1554760330054,0.6966
21.1554760330054,0.6967
21.1554760330054,0.6968
21.1554760330054,0.6969
21.1554760330054,0.697
21.1554760330054,0.6971
21.1554760330054,0.6972
21.1554760330054,0.6973
21.1554760330054,0.6974
21.1554760330054,0.6975
21.1554760330054,0.6976
21.1554760330054,0.6977
21.1554760330054,0.6978
21.1554760330054,0.6979
21.1554760330054,0.698
21.1554760330054,0.6981
21.1554760330054,0.6982
21.1554760330054,0.6983
21.1554760330054,0.6984
21.1554760330054,0.6985
21.1554760330054,0.6986
21.1554760330054,0.6987
21.1554760330054,0.6988
21.1554760330054,0.6989
21.1554760330054,0.699
21.1554760330054,0.6991
21.1554760330054,0.6992
21.1554760330054,0.6993
39.50842758192169,0.6994
39.50842758192169,0.6995
39.50842758192169,0.6996
39.50842758192169,0.6997
39.50842758192169,0.6998
39.50842758192169,0.6999
39.50842758192169,0.7
39.50842758192169,0.7001
39.50842758192169,0.7002
39.50842758192169,0.7003
39.50842758192169,0.7004
39.50842758192169,0.7005
39.50842758192169,0.7006
39.50842758192169,0.7007
39.50842758192169,0.7008
39.50842758192169,0.7009
39.50842758192169,0.701
39.50842758192169,0.7011
39.50842758192169,0.7012
39.50842758192169,0.7013
39.50842758192169,0.7014
39.50842758192169,0.7015
39.50842758192169,0.7016
39.50842758192169,0.7017
39.50842758192169,0.7018
39.50842758192169,0.7019
39.50842758192169,0.702
39.50842758192169,0.7021
39.50842758192169,0.7022
39.50842758192169,0.7023
39.50842758192169,0.7024
39.50842758192169,0.7025
39.50842758192169,0.7026
39.50842758192169,0.7027
39.50842758192169,0.7028
39.50842758192169,0.7029
39.50842758192169,0.703
39.50842758192169,0.7031
39.50842758192169,0.7032
39.50842758192169,0.7033
39.50842758192169,0.7034
39.50842758192169,0.7035
39.50842758192169,0.7036
39.50842758192169,0.7037
39.50842758192169,0.7038
39.50842758192169,0.7039
39.50842758192169,0.704
39.50842758192169,0.7041
39.50842758192169,0.7042
39.50842758192169,0.7043
39.50842758192169,0.7044
39.50842758192169,0.7045
39.50842758192169,0.7046
39.50842758192169,0.7047
39.50842758192169,0.7048
39.50842758192169,0.7049
39.50842758192169,0.705
39.50842758192169,0.7051
39.50842758192169,0.7052
39.50842758192169,0.7053
39.50842758192169,0.7054
39.50842758192169,0.7055
39.50842758192169,0.7056
39.50842758192169,0.7057
39.50842758192169,0.7058
39.50842758192169,0.7059
39.50842758192169,0.706
39.50842758192169,0.7061
39.50842758192169,0.7062
39.50842758192169,0.7063
39.50842758192169,0.7064
39.50842758192169,0.7065
39.50842758192169,0.7066
39.50842758192169,0.7067
39.50842758192169,0.7068
39.50842758192169,0.7069
39.50842758192169,0.707
39.50842758192169,0.7071
39.50842758192169,0.7072
39.50842758192169,0.7073
39.50842758192169,0.7074
39.50842758192169,0.7075
39.50842758192169,0.7076
39.50842758192169,0.7077
39.50842758192169,0.7078
39.50842758192169,0.7079
39.50842758192169,0.708
39.50842758192169,0.7081
39.50842758192169,0.7082
39.50842758192169,0.7083
39.50842758192169,0.7084
39.50842758192169,0.7085
39.50842758192169,0.7086
39.50842758192169,0.7087
39.50842758192169,0.7088
39.50842758192169,0.7089
39.50842758192169,0.709
39.50842758192169,0.7091
39.50842758192169,0.7092
39.50842758192169,0.7093
39.50842758192169,0.7094
39.50842758192169,0.7095
39.50842758192169,0.7096
39.50842758192169,0.7097
39.50842758192169,0.7098
39.50842758192169,0.7099
39.50842758192169,0.71
39.50842758192169,0.7101
39.50842758192169,0.7102
39.50842758192169,0.7103
39.50842758192169,0.7104
39.50842758192169,0.7105
39.50842758192169,0.7106
39.50842758192169,0.7107
39.50842758192169,0.7108
39.50842758192169,0.7109
39.50842758192169,0.711
39.50842758192169,0.7111
39.50842758192169,0.7112
39.50842758192169,0.7113
39.50842758192169,0.7114
39.50842758192169,0.7115
39.50842758192169,0.7116
39.50842758192169,0.7117
39.50842758192169,0.7118
39.50842758192169,0.7119
39.50842758192169,0.712
39.50842758192169,0.7121
39.50842758192169,0.7122
39.50842758192169,0.7123
39.50842758192169,0.7124
39.50842758192169,0.7125
39.50842758192169,0.7126
39.50842758192169,0.7127
39.50842758192169,0.7128
39.50842758192169,0.7129
39.50842758192169,0.713
39.50842758192169,0.7131
39.50842758192169,0.7132
39.50842758192169,0.7133
39.50842758192169,0.7134
39.50842758192169,0.7135
39.50842758192169,0.7136
39.50842758192169,0.7137
39.50842758192169,0.7138
39.50842758192169,0.7139
39.50842758192169,0.714
39.50842758192169,0.7141
39.50842758192169,0.7142
39.50842758192169,0.7143
39.50842758192169,0.7144
39.50842758192169,0.7145
39.50842758192169,0.7146
39.50842758192169,0.7147
39.50842758192169,0.7148
39.50842758192169,0.7149
39.50842758192169,0.715
39.50842758192169,0.7151
39.50842758192169,0.7152
39.50842758192169,0.7153
39.50842758192169,0.7154
39.50842758192169,0.7155
39.50842758192169,0.7156
39.50842758192169,0.7157
39.50842758192169,0.7158
39.50842758192169,0.7159
39.50842758192169,0.716
39.50842758192169,0.7161
39.50842758192169,0.7162
39.50842758192169,0.7163
39.50842758192169,0.7164
39.50842758192169,0.7165
39.50842758192169,0.7166
39.50842758192169,0.7167
39.50842758192169,0.7168
39.50842758192169,0.7169
39.50842758192169,0.717
39.50842758192169,0.7171
39.50842758192169,0.7172
39.50842758192169,0.7173
39.50842758192169,0.7174
39.50842758192169,0.7175
39.50842758192169,0.7176
39.50842758192169,0.7177
39.50842758192169,0.7178
39.50842758192169,0.7179
39.50842758192169,0.718
39.50842758192169,0.7181
39.50842758192169,0.7182
39.50842758192169,0.7183
39.50842758192169,0.7184
39.50842758192169,0.7185
39.50842758192169,0.7186
39.50842758192169,0.7187
39.50842758192169,0.7188
39.50842758192169,0.7189
39.50842758192169,0.719
39.50842758192169,0.7191
39.50842758192169,0.7192
39.50842758192169,0.7193
39.50842758192169,0.7194
39.50842758192169,0.7195
39.50842758192169,0.7196
39.50842758192169,0.7197
39.50842758192169,0.7198
39.50842758192169,0.7199
39.50842758192169,0.72
39.50842758192169,0.7201
39.50842758192169,0.7202
39.50842758192169,0.7203
39.50842758192169,0.7204
39.50842758192169,0.7205
39.50842758192169,0.7206
39.50842758192169,0.7207
39.50842758192169,0.7208
39.50842758192169,0.7209
39.50842758192169,0.721
39.50842758192169,0.7211
39.50842758192169,0.7212
39.50842758192169,0.7213
39.50842758192169,0.7214
39.50842758192169,0.7215
39.50842758192169,0.7216
39.50842758192169,0.7217
39.50842758192169,0.7218
39.50842758192169,0.7219
39.50842758192169,0.722
39.50842758192169,0.7221
39.50842758192169,0.7222
39.50842758192169,0.7223
39.50842758192169,0.7224
39.50842758192169,0.7225
39.50842758192169,0.7226
39.50842758192169,0.7227
39.50842758192169,0.7228
39.50842758192169,0.7229
39.50842758192169,0.723
39.50842758192169,0.7231
39.50842758192169,0.7232
39.50842758192169,0.7233
39.50842758192169,0.7234
39.50842758192169,0.7235
39.50842758192169,0.7236
39.50842758192169,0.7237
39.50842758192169,0.7238
39.50842758192169,0.7239
39.50842758192169,0.724
39.50842758192169,0.7241
39.50842758192169,0.7242
39.50842758192169,0.7243
39.50842758192169,0.7244
39.50842758192169,0.7245
39.50842758192169,0.7246
39.50842758192169,0.7247
39.50842758192169,0.7248
39.50842758192169,0.7249
39.50842758192169,0.725
39.50842758192169,0.7251
39.50842758192169,0.7252
39.50842758192169,0.7253
39.50842758192169,0.7254
39.50842758192169,0.7255
39.50842758192169,0.7256
39.50842758192169,0.7257
39.50842758192169,0.7258
39.50842758192169,0.7259
39.50842758192169,0.726
39.50842758192169,0.7261
39.50842758192169,0.7262
39.50842758192169,0.7263
39.50842758192169,0.7264
39.50842758192169,0.7265
39.50842758192169,0.7266
39.50842758192169,0.7267
39.50842758192169,0.7268
39.50842758192169,0.7269
39.50842758192169,0.727
39.50842758192169,0.7271
39.50842758192169,0.7272
39.50842758192169,0.7273
39.50842758192169,0.7274
39.50842758192169,0.7275
39.50842758192169,0.7276
39.50842758192169,0.7277
39.50842758192169,0.7278
39.50842758192169,0.7279
39.50842758192169,0.728
39.50842758192169,0.7281
39.50842758192169,0.7282
39.50842758192169,0.7283
39.50842758192169,0.7284
39.50842758192169,0.7285
39.50842758192169,0.7286
39.50842758192169,0.7287
39.50842758192169,0.7288
39.50842758192169,0.7289
39.50842758192169,0.729
39.50842758192169,0.7291
39.50842758192169,0.7292
39.50842758192169,0.7293
39.50842758192169,0.7294
39.50842758192169,0.7295
39.50842758192169,0.7296
39.50842758192169,0.7297
39.50842758192169,0.7298
39.50842758192169,0.7299
39.50842758192169,0.73
39.50842758192169,0.7301
39.50842758192169,0.7302
39.50842758192169,0.7303
39.50842758192169,0.7304
39.50842758192169,0.7305
39.50842758192169,0.7306
39.50842758192169,0.7307
39.50842758192169,0.7308
39.50842758192169,0.7309
39.50842758192169,0.731
39.50842758192169,0.7311
39.50842758192169,0.7312
39.50842758192169,0.7313
39.50842758192169,0.7314
39.50842758192169,0.7315
39.50842758192169,0.7316
39.50842758192169,0.7317
39.50842758192169,0.7318
39.50842758192169,0.7319
39.50842758192169,0.732
39.50842758192169,0.7321
39.50842758192169,0.7322
39.50842758192169,0.7323
39.50842758192169,0.7324
39.50842758192169,0.7325
39.50842758192169,0.7326
39.50842758192169,0.7327
39.50842758192169,0.7328
39.50842758192169,0.7329
39.50842758192169,0.733
39.50842758192169,0.7331
39.50842758192169,0.7332
39.50842758192169,0.7333
39.50842758192169,0.7334
39.50842758192169,0.7335
39.50842758192169,0.7336
39.50842758192169,0.7337
39.50842758192169,0.7338
39.50842758192169,0.7339
39.50842758192169,0.734
39.50842758192169,0.7341
39.50842758192169,0.7342
39.50842758192169,0.7343
39.50842758192169,0.7344
39.50842758192169,0.7345
39.50842758192169,0.7346
39.50842758192169,0.7347
39.50842758192169,0.7348
39.50842758192169,0.7349
39.50842758192169,0.735
39.50842758192169,0.7351
39.50842758192169,0.7352
39.50842758192169,0.7353
39.50842758192169,0.7354
39.50842758192169,0.7355
39.50842758192169,0.7356
39.50842758192169,0.7357
39.50842758192169,0.7358
39.50842758192169,0.7359
39.50842758192169,0.736
39.50842758192169,0.7361
39.50842758192169,0.7362
39.50842758192169,0.7363
39.50842758192169,0.7364
39.50842758192169,0.7365
39.50842758192169,0.7366
39.50842758192169,0.7367
39.50842758192169,0.7368
39.50842758192169,0.7369
39.50842758192169,0.737
39.50842758192169,0.7371
39.50842758192169,0.7372
39.50842758192169,0.7373
39.50842758192169,0.7374
39.50842758192169,0.7375
39.50842758192169,0.7376
39.50842758192169,0.7377
39.50842758192169,0.7378
39.50842758192169,0.7379
39.50842758192169,0.738
39.50842758192169,0.7381
39.50842758192169,0.7382
39.50842758192169,0.7383
39.50842758192169,0.7384
39.50842758192169,0.7385
39.50842758192169,0.7386
39.50842758192169,0.7387
39.50842758192169,0.7388
39.50842758192169,0.7389
39.50842758192169,0.739
39.50842758192169,0.7391
39.50842758192169,0.7392
39.50842758192169,0.7393
39.50842758192169,0.7394
39.50842758192169,0.7395
39.50842758192169,0.7396
39.50842758192169,0.7397
39.50842758192169,0.7398
39.50842758192169,0.7399
39.50842758192169,0.74
39.50842758192169,0.7401
39.50842758192169,0.7402
39.50842758192169,0.7403
39.50842758192169,0.7404
39.50842758192169,0.7405
39.50842758192169,0.7406
39.50842758192169,0.7407
39.50842758192169,0.7408
39.50842758192169,0.7409
39.50842758192169,0.741
39.50842758192169,0.7411
39.50842758192169,0.7412
39.50842758192169,0.7413
39.50842758192169,0.7414
39.50842758192169,0.7415
39.50842758192169,0.7416
39.50842758192169,0.7417
39.50842758192169,0.7418
39.50842758192169,0.7419
39.50842758192169,0.742
39.50842758192169,0.7421
39.50842758192169,0.7422
39.50842758192169,0.7423
39.50842758192169,0.7424
39.50842758192169,0.7425
39.50842758192169,0.7426
39.50842758192169,0.7427
39.50842758192169,0.7428
39.50842758192169,0.7429
39.50842758192169,0.743
39.50842758192169,0.7431
39.50842758192169,0.7432
39.50842758192169,0.7433
39.50842758192169,0.7434
39.50842758192169,0.7435
39.50842758192169,0.7436
39.50842758192169,0.7437
39.50842758192169,0.7438
39.50842758192169,0.7439
39.50842758192169,0.744
39.50842758192169,0.7441
39.50842758192169,0.7442
39.50842758192169,0.7443
39.50842758192169,0.7444
39.50842758192169,0.7445
39.50842758192169,0.7446
39.50842758192169,0.7447
39.50842758192169,0.7448
39.50842758192169,0.7449
39.50842758192169,0.745
39.50842758192169,0.7451
39.50842758192169,0.7452
39.50842758192169,0.7453
39.50842758192169,0.7454
39.50842758192169,0.7455
39.50842758192169,0.7456
39.50842758192169,0.7457
39.50842758192169,0.7458
39.50842758192169,0.7459
39.50842758192169,0.746
39.50842758192169,0.7461
39.50842758192169,0.7462
39.50842758192169,0.7463
39.50842758192169,0.7464
39.50842758192169,0.7465
39.50842758192169,0.7466
39.50842758192169,0.7467
39.50842758192169,0.7468
39.50842758192169,0.7469
39.50842758192169,0.747
39.50842758192169,0.7471
39.50842758192169,0.7472
39.50842758192169,0.7473
39.50842758192169,0.7474
39.50842758192169,0.7475
39.50842758192169,0.7476
39.50842758192169,0.7477
39.50842758192169,0.7478
39.50842758192169,0.7479
39.50842758192169,0.748
39.50842758192169,0.7481
39.50842758192169,0.7482
39.50842758192169,0.7483
39.50842758192169,0.7484
39.50842758192169,0.7485
39.50842758192169,0.7486
39.50842758192169,0.7487
39.50842758192169,0.7488
39.50842758192169,0.7489
39.50842758192169,0.749
39.50842758192169,0.7491
39.50842758192169,0.7492
39.50842758192169,0.7493
39.50842758192169,0.7494
39.50842758192169,0.7495
39.50842758192169,0.7496
39.50842758192169,0.7497
39.50842758192169,0.7498
39.50842758192169,0.7499
39.50842758192169,0.75
39.50842758192169,0.7501
39.50842758192169,0.7502
39.50842758192169,0.7503
39.50842758192169,0.7504
39.50842758192169,0.7505
39.50842758192169,0.7506
39.50842758192169,0.7507
39.50842758192169,0.7508
39.50842758192169,0.7509
39.50842758192169,0.751
39.50842758192169,0.7511
39.50842758192169,0.7512
39.50842758192169,0.7513
39.50842758192169,0.7514
39.50842758192169,0.7515
39.50842758192169,0.7516
39.50842758192169,0.7517
39.50842758192169,0.7518
39.50842758192169,0.7519
39.50842758192169,0.752
39.50842758192169,0.7521
39.50842758192169,0.7522
39.50842758192169,0.7523
39.50842758192169,0.7524
39.50842758192169,0.7525
39.50842758192169,0.7526
39.50842758192169,0.7527
39.50842758192169,0.7528
39.50842758192169,0.7529
39.50842758192169,0.753
39.50842758192169,0.7531
39.50842758192169,0.7532
39.50842758192169,0.7533
39.50842758192169,0.7534
39.50842758192169,0.7535
39.50842758192169,0.7536
39.50842758192169,0.7537
39.50842758192169,0.7538
39.50842758192169,0.7539
39.50842758192169,0.754
39.50842758192169,0.7541
39.50842758192169,0.7542
39.50842758192169,0.7543
39.50842758192169,0.7544
39.50842758192169,0.7545
39.50842758192169,0.7546
39.50842758192169,0.7547
39.50842758192169,0.7548
39.50842758192169,0.7549
39.50842758192169,0.755
39.50842758192169,0.7551
39.50842758192169,0.7552
39.50842758192169,0.7553
39.50842758192169,0.7554
39.50842758192169,0.7555
39.50842758192169,0.7556
39.50842758192169,0.7557
39.50842758192169,0.7558
39.50842758192169,0.7559
39.50842758192169,0.756
39.50842758192169,0.7561
39.50842758192169,0.7562
39.50842758192169,0.7563
39.50842758192169,0.7564
39.50842758192169,0.7565
39.50842758192169,0.7566
39.50842758192169,0.7567
39.50842758192169,0.7568
39.50842758192169,0.7569
39.50842758192169,0.757
39.50842758192169,0.7571
39.50842758192169,0.7572
39.50842758192169,0.7573
39.50842758192169,0.7574
39.50842758192169,0.7575
39.50842758192169,0.7576
39.50842758192169,0.7577
39.50842758192169,0.7578
39.50842758192169,0.7579
39.50842758192169,0.758
39.50842758192169,0.7581
39.50842758192169,0.7582
39.50842758192169,0.7583
39.50842758192169,0.7584
39.50842758192169,0.7585
39.50842758192169,0.7586
39.50842758192169,0.7587
39.50842758192169,0.7588
39.50842758192169,0.7589
39.50842758192169,0.759
39.50842758192169,0.7591
39.50842758192169,0.7592
39.50842758192169,0.7593
39.50842758192169,0.7594
39.50842758192169,0.7595
39.50842758192169,0.7596
39.50842758192169,0.7597
39.50842758192169,0.7598
39.50842758192169,0.7599
39.50842758192169,0.76
39.50842758192169,0.7601
39.50842758192169,0.7602
39.50842758192169,0.7603
39.50842758192169,0.7604
39.50842758192169,0.7605
39.50842758192169,0.7606
39.50842758192169,0.7607
39.50842758192169,0.7608
39.50842758192169,0.7609
39.50842758192169,0.761
39.50842758192169,0.7611
39.50842758192169,0.7612
39.50842758192169,0.7613
39.50842758192169,0.7614
39.50842758192169,0.7615
39.50842758192169,0.7616
39.50842758192169,0.7617
39.50842758192169,0.7618
39.50842758192169,0.7619
39.50842758192169,0.762
39.50842758192169,0.7621
39.50842758192169,0.7622
39.50842758192169,0.7623
39.50842758192169,0.7624
39.50842758192169,0.7625
39.50842758192169,0.7626
39.50842758192169,0.7627
39.50842758192169,0.7628
39.50842758192169,0.7629
39.50842758192169,0.763
39.50842758192169,0.7631
39.50842758192169,0.7632
39.50842758192169,0.7633
39.50842758192169,0.7634
39.50842758192169,0.7635
39.50842758192169,0.7636
39.50842758192169,0.7637
39.50842758192169,0.7638
39.50842758192169,0.7639
39.50842758192169,0.764
39.50842758192169,0.7641
39.50842758192169,0.7642
39.50842758192169,0.7643
39.50842758192169,0.7644
39.50842758192169,0.7645
39.50842758192169,0.7646
39.50842758192169,0.7647
39.50842758192169,0.7648
39.50842758192169,0.7649
39.50842758192169,0.765
39.50842758192169,0.7651
39.50842758192169,0.7652
39.50842758192169,0.7653
39.50842758192169,0.7654
39.50842758192169,0.7655
39.50842758192169,0.7656
39.50842758192169,0.7657
39.50842758192169,0.7658
39.50842758192169,0.7659
39.50842758192169,0.766
39.50842758192169,0.7661
39.50842758192169,0.7662
39.50842758192169,0.7663
39.50842758192169,0.7664
39.50842758192169,0.7665
39.50842758192169,0.7666
39.50842758192169,0.7667
39.50842758192169,0.7668
39.50842758192169,0.7669
39.50842758192169,0.767
39.50842758192169,0.7671
39.50842758192169,0.7672
39.50842758192169,0.7673
39.50842758192169,0.7674
39.50842758192169,0.7675
39.50842758192169,0.7676
39.50842758192169,0.7677
39.50842758192169,0.7678
39.50842758192169,0.7679
39.50842758192169,0.768
39.50842758192169,0.7681
39.50842758192169,0.7682
39.50842758192169,0.7683
39.50842758192169,0.7684
39.50842758192169,0.7685
39.50842758192169,0.7686
39.50842758192169,0.7687
39.50842758192169,0.7688
39.50842758192169,0.7689
39.50842758192169,0.769
39.50842758192169,0.7691
39.50842758192169,0.7692
39.50842758192169,0.7693
39.50842758192169,0.7694
39.50842758192169,0.7695
39.50842758192169,0.7696
39.50842758192169,0.7697
39.50842758192169,0.7698
39.50842758192169,0.7699
39.50842758192169,0.77
39.50842758192169,0.7701
39.50842758192169,0.7702
39.50842758192169,0.7703
39.50842758192169,0.7704
39.50842758192169,0.7705
39.50842758192169,0.7706
39.50842758192169,0.7707
39.50842758192169,0.7708
39.50842758192169,0.7709
39.50842758192169,0.771
39.50842758192169,0.7711
39.50842758192169,0.7712
39.50842758192169,0.7713
39.50842758192169,0.7714
39.50842758192169,0.7715
39.50842758192169,0.7716
39.50842758192169,0.7717
39.50842758192169,0.7718
39.50842758192169,0.7719
39.50842758192169,0.772
39.50842758192169,0.7721
39.50842758192169,0.7722
39.50842758192169,0.7723
39.50842758192169,0.7724
39.50842758192169,0.7725
39.50842758192169,0.7726
39.50842758192169,0.7727
39.50842758192169,0.7728
39.50842758192169,0.7729
39.50842758192169,0.773
39.50842758192169,0.7731
39.50842758192169,0.7732
39.50842758192169,0.7733
39.50842758192169,0.7734
39.50842758192169,0.7735
39.50842758192169,0.7736
39.50842758192169,0.7737
39.50842758192169,0.7738
39.50842758192169,0.7739
39.50842758192169,0.774
39.50842758192169,0.7741
39.50842758192169,0.7742
39.50842758192169,0.7743
39.50842758192169,0.7744
39.50842758192169,0.7745
39.50842758192169,0.7746
39.50842758192169,0.7747
39.50842758192169,0.7748
39.50842758192169,0.7749
39.50842758192169,0.775
39.50842758192169,0.7751
39.50842758192169,0.7752
39.50842758192169,0.7753
39.50842758192169,0.7754
39.50842758192169,0.7755
39.50842758192169,0.7756
39.50842758192169,0.7757
39.50842758192169,0.7758
39.50842758192169,0.7759
39.50842758192169,0.776
39.50842758192169,0.7761
39.50842758192169,0.7762
39.50842758192169,0.7763
39.50842758192169,0.7764
39.50842758192169,0.7765
39.50842758192169,0.7766
39.50842758192169,0.7767
39.50842758192169,0.7768
39.50842758192169,0.7769
39.50842758192169,0.777
39.50842758192169,0.7771
39.50842758192169,0.7772
39.50842758192169,0.7773
39.50842758192169,0.7774
39.50842758192169,0.7775
39.50842758192169,0.7776
39.50842758192169,0.7777
39.50842758192169,0.7778
39.50842758192169,0.7779
39.50842758192169,0.778
39.50842758192169,0.7781
39.50842758192169,0.7782
39.50842758192169,0.7783
39.50842758192169,0.7784
39.50842758192169,0.7785
39.50842758192169,0.7786
39.50842758192169,0.7787
39.50842758192169,0.7788
39.50842758192169,0.7789
39.50842758192169,0.779
39.50842758192169,0.7791
39.50842758192169,0.7792
39.50842758192169,0.7793
39.50842758192169,0.7794
39.50842758192169,0.7795
39.50842758192169,0.7796
39.50842758192169,0.7797
39.50842758192169,0.7798
39.50842758192169,0.7799
39.50842758192169,0.78
39.50842758192169,0.7801
39.50842758192169,0.7802
39.50842758192169,0.7803
39.50842758192169,0.7804
39.50842758192169,0.7805
39.50842758192169,0.7806
39.50842758192169,0.7807
39.50842758192169,0.7808
39.50842758192169,0.7809
39.50842758192169,0.781
39.50842758192169,0.7811
39.50842758192169,0.7812
39.50842758192169,0.7813
39.50842758192169,0.7814
39.50842758192169,0.7815
39.50842758192169,0.7816
39.50842758192169,0.7817
39.50842758192169,0.7818
39.50842758192169,0.7819
39.50842758192169,0.782
39.50842758192169,0.7821
39.50842758192169,0.7822
39.50842758192169,0.7823
39.50842758192169,0.7824
39.50842758192169,0.7825
39.50842758192169,0.7826
39.50842758192169,0.7827
39.50842758192169,0.7828
39.50842758192169,0.7829
39.50842758192169,0.783
39.50842758192169,0.7831
39.50842758192169,0.7832
39.50842758192169,0.7833
39.50842758192169,0.7834
39.50842758192169,0.7835
39.50842758192169,0.7836
39.50842758192169,0.7837
39.50842758192169,0.7838
39.50842758192169,0.7839
39.50842758192169,0.784
39.50842758192169,0.7841
39.50842758192169,0.7842
39.50842758192169,0.7843
39.50842758192169,0.7844
39.50842758192169,0.7845
39.50842758192169,0.7846
39.50842758192169,0.7847
39.50842758192169,0.7848
39.50842758192169,0.7849
39.50842758192169,0.785
39.50842758192169,0.7851
39.50842758192169,0.7852
39.50842758192169,0.7853
39.50842758192169,0.7854
39.50842758192169,0.7855
39.50842758192169,0.7856
39.50842758192169,0.7857
39.50842758192169,0.7858
39.50842758192169,0.7859
39.50842758192169,0.786
39.50842758192169,0.7861
39.50842758192169,0.7862
39.50842758192169,0.7863
39.50842758192169,0.7864
39.50842758192169,0.7865
39.50842758192169,0.7866
39.50842758192169,0.7867
39.50842758192169,0.7868
39.50842758192169,0.7869
39.50842758192169,0.787
39.50842758192169,0.7871
39.50842758192169,0.7872
39.50842758192169,0.7873
39.50842758192169,0.7874
39.50842758192169,0.7875
39.50842758192169,0.7876
39.50842758192169,0.7877
39.50842758192169,0.7878
39.50842758192169,0.7879
39.50842758192169,0.788
39.50842758192169,0.7881
39.50842758192169,0.7882
39.50842758192169,0.7883
39.50842758192169,0.7884
39.50842758192169,0.7885
39.50842758192169,0.7886
39.50842758192169,0.7887
39.50842758192169,0.7888
39.50842758192169,0.7889
39.50842758192169,0.789
39.50842758192169,0.7891
39.50842758192169,0.7892
39.50842758192169,0.7893
39.50842758192169,0.7894
39.50842758192169,0.7895
39.50842758192169,0.7896
39.50842758192169,0.7897
39.50842758192169,0.7898
39.50842758192169,0.7899
39.50842758192169,0.79
39.50842758192169,0.7901
39.50842758192169,0.7902
39.50842758192169,0.7903
39.50842758192169,0.7904
39.50842758192169,0.7905
39.50842758192169,0.7906
39.50842758192169,0.7907
39.50842758192169,0.7908
39.50842758192169,0.7909
39.50842758192169,0.791
39.50842758192169,0.7911
39.50842758192169,0.7912
39.50842758192169,0.7913
39.50842758192169,0.7914
39.50842758192169,0.7915
39.50842758192169,0.7916
39.50842758192169,0.7917
39.50842758192169,0.7918
39.50842758192169,0.7919
39.50842758192169,0.792
39.50842758192169,0.7921
39.50842758192169,0.7922
39.50842758192169,0.7923
39.50842758192169,0.7924
39.50842758192169,0.7925
39.50842758192169,0.7926
39.50842758192169,0.7927
39.50842758192169,0.7928
39.50842758192169,0.7929
39.50842758192169,0.793
39.50842758192169,0.7931
39.50842758192169,0.7932
39.50842758192169,0.7933
39.50842758192169,0.7934
39.50842758192169,0.7935
39.50842758192169,0.7936
39.50842758192169,0.7937
39.50842758192169,0.7938
39.50842758192169,0.7939
39.50842758192169,0.794
39.50842758192169,0.7941
39.50842758192169,0.7942
39.50842758192169,0.7943
39.50842758192169,0.7944
39.50842758192169,0.7945
39.50842758192169,0.7946
39.50842758192169,0.7947
39.50842758192169,0.7948
39.50842758192169,0.7949
39.50842758192169,0.795
39.50842758192169,0.7951
39.50842758192169,0.7952
39.50842758192169,0.7953
39.50842758192169,0.7954
39.50842758192169,0.7955
39.50842758192169,0.7956
39.50842758192169,0.7957
39.50842758192169,0.7958
39.50842758192169,0.7959
39.50842758192169,0.796
39.50842758192169,0.7961
39.50842758192169,0.7962
39.50842758192169,0.7963
39.50842758192169,0.7964
39.50842758192169,0.7965
39.50842758192169,0.7966
39.50842758192169,0.7967
39.50842758192169,0.7968
39.50842758192169,0.7969
39.50842758192169,0.797
39.50842758192169,0.7971
39.50842758192169,0.7972
39.50842758192169,0.7973
39.50842758192169,0.7974
39.50842758192169,0.7975
39.50842758192169,0.7976
39.50842758192169,0.7977
39.50842758192169,0.7978
39.50842758192169,0.7979
39.50842758192169,0.798
39.50842758192169,0.7981
39.50842758192169,0.7982
39.50842758192169,0.7983
39.50842758192169,0.7984
39.50842758192169,0.7985
39.50842758192169,0.7986
39.50842758192169,0.7987
39.50842758192169,0.7988
39.50842758192169,0.7989
39.50842758192169,0.799
39.50842758192169,0.7991
39.50842758192169,0.7992
39.50842758192169,0.7993
39.50842758192169,0.7994
39.50842758192169,0.7995
39.50842758192169,0.7996
39.50842758192169,0.7997
39.50842758192169,0.7998
39.50842758192169,0.7999
39.50842758192169,0.8
39.50842758192169,0.8001
39.50842758192169,0.8002
39.50842758192169,0.8003
39.50842758192169,0.8004
39.50842758192169,0.8005
39.50842758192169,0.8006
39.50842758192169,0.8007
39.50842758192169,0.8008
39.50842758192169,0.8009
39.50842758192169,0.801
39.50842758192169,0.8011
39.50842758192169,0.8012
39.50842758192169,0.8013
39.50842758192169,0.8014
39.50842758192169,0.8015
39.50842758192169,0.8016
39.50842758192169,0.8017
39.50842758192169,0.8018
39.50842758192169,0.8019
39.50842758192169,0.802
39.50842758192169,0.8021
39.50842758192169,0.8022
39.50842758192169,0.8023
39.50842758192169,0.8024
39.50842758192169,0.8025
39.50842758192169,0.8026
39.50842758192169,0.8027
39.50842758192169,0.8028
39.50842758192169,0.8029
39.50842758192169,0.803
39.50842758192169,0.8031
39.50842758192169,0.8032
39.50842758192169,0.8033
39.50842758192169,0.8034
39.50842758192169,0.8035
39.50842758192169,0.8036
39.50842758192169,0.8037
39.50842758192169,0.8038
39.50842758192169,0.8039
39.50842758192169,0.804
39.50842758192169,0.8041
39.50842758192169,0.8042
39.50842758192169,0.8043
39.50842758192169,0.8044
39.50842758192169,0.8045
39.50842758192169,0.8046
39.50842758192169,0.8047
39.50842758192169,0.8048
39.50842758192169,0.8049
39.50842758192169,0.805
39.50842758192169,0.8051
39.50842758192169,0.8052
39.50842758192169,0.8053
39.50842758192169,0.8054
39.50842758192169,0.8055
39.50842758192169,0.8056
39.50842758192169,0.8057
39.50842758192169,0.8058
39.50842758192169,0.8059
39.50842758192169,0.806
39.50842758192169,0.8061
39.50842758192169,0.8062
39.50842758192169,0.8063
39.50842758192169,0.8064
39.50842758192169,0.8065
39.50842758192169,0.8066
39.50842758192169,0.8067
39.50842758192169,0.8068
39.50842758192169,0.8069
39.50842758192169,0.807
39.50842758192169,0.8071
39.50842758192169,0.8072
39.50842758192169,0.8073
39.50842758192169,0.8074
39.50842758192169,0.8075
39.50842758192169,0.8076
39.50842758192169,0.8077
39.50842758192169,0.8078
39.50842758192169,0.8079
39.50842758192169,0.808
39.50842758192169,0.8081
39.50842758192169,0.8082
39.50842758192169,0.8083
39.50842758192169,0.8084
39.50842758192169,0.8085
39.50842758192169,0.8086
39.50842758192169,0.8087
39.50842758192169,0.8088
39.50842758192169,0.8089
39.50842758192169,0.809
39.50842758192169,0.8091
39.50842758192169,0.8092
39.50842758192169,0.8093
39.50842758192169,0.8094
39.50842758192169,0.8095
39.50842758192169,0.8096
39.50842758192169,0.8097
39.50842758192169,0.8098
39.50842758192169,0.8099
39.50842758192169,0.81
39.50842758192169,0.8101
39.50842758192169,0.8102
39.50842758192169,0.8103
39.50842758192169,0.8104
39.50842758192169,0.8105
39.50842758192169,0.8106
39.50842758192169,0.8107
39.50842758192169,0.8108
39.50842758192169,0.8109
39.50842758192169,0.811
39.50842758192169,0.8111
39.50842758192169,0.8112
39.50842758192169,0.8113
39.50842758192169,0.8114
39.50842758192169,0.8115
39.50842758192169,0.8116
39.50842758192169,0.8117
39.50842758192169,0.8118
39.50842758192169,0.8119
39.50842758192169,0.812
39.50842758192169,0.8121
39.50842758192169,0.8122
39.50842758192169,0.8123
39.50842758192169,0.8124
39.50842758192169,0.8125
39.50842758192169,0.8126
39.50842758192169,0.8127
39.50842758192169,0.8128
39.50842758192169,0.8129
39.50842758192169,0.813
39.50842758192169,0.8131
39.50842758192169,0.8132
39.50842758192169,0.8133
39.50842758192169,0.8134
39.50842758192169,0.8135
39.50842758192169,0.8136
39.50842758192169,0.8137
39.50842758192169,0.8138
39.50842758192169,0.8139
39.50842758192169,0.814
39.50842758192169,0.8141
39.50842758192169,0.8142
39.50842758192169,0.8143
39.50842758192169,0.8144
39.50842758192169,0.8145
39.50842758192169,0.8146
39.50842758192169,0.8147
39.50842758192169,0.8148
39.50842758192169,0.8149
39.50842758192169,0.815
39.50842758192169,0.8151
39.50842758192169,0.8152
39.50842758192169,0.8153
39.50842758192169,0.8154
39.50842758192169,0.8155
39.50842758192169,0.8156
39.50842758192169,0.8157
39.50842758192169,0.8158
39.50842758192169,0.8159
39.50842758192169,0.816
39.50842758192169,0.8161
39.50842758192169,0.8162
39.50842758192169,0.8163
39.50842758192169,0.8164
39.50842758192169,0.8165
39.50842758192169,0.8166
39.50842758192169,0.8167
39.50842758192169,0.8168
39.50842758192169,0.8169
39.50842758192169,0.817
39.50842758192169,0.8171
39.50842758192169,0.8172
39.50842758192169,0.8173
39.50842758192169,0.8174
39.50842758192169,0.8175
39.50842758192169,0.8176
39.50842758192169,0.8177
39.50842758192169,0.8178
39.50842758192169,0.8179
39.50842758192169,0.818
39.50842758192169,0.8181
39.50842758192169,0.8182
39.50842758192169,0.8183
39.50842758192169,0.8184
39.50842758192169,0.8185
39.50842758192169,0.8186
39.50842758192169,0.8187
39.50842758192169,0.8188
39.50842758192169,0.8189
39.50842758192169,0.819
39.50842758192169,0.8191
39.50842758192169,0.8192
39.50842758192169,0.8193
39.50842758192169,0.8194
39.50842758192169,0.8195
39.50842758192169,0.8196
39.50842758192169,0.8197
39.50842758192169,0.8198
39.50842758192169,0.8199
39.50842758192169,0.82
39.50842758192169,0.8201
39.50842758192169,0.8202
39.50842758192169,0.8203
39.50842758192169,0.8204
39.50842758192169,0.8205
39.50842758192169,0.8206
39.50842758192169,0.8207
39.50842758192169,0.8208
39.50842758192169,0.8209
39.50842758192169,0.821
39.50842758192169,0.8211
39.50842758192169,0.8212
39.50842758192169,0.8213
39.50842758192169,0.8214
39.50842758192169,0.8215
39.50842758192169,0.8216
39.50842758192169,0.8217
39.50842758192169,0.8218
39.50842758192169,0.8219
39.50842758192169,0.822
39.50842758192169,0.8221
39.50842758192169,0.8222
39.50842758192169,0.8223
39.50842758192169,0.8224
39.50842758192169,0.8225
39.50842758192169,0.8226
39.50842758192169,0.8227
39.50842758192169,0.8228
39.50842758192169,0.8229
39.50842758192169,0.823
39.50842758192169,0.8231
39.50842758192169,0.8232
39.50842758192169,0.8233
39.50842758192169,0.8234
39.50842758192169,0.8235
39.50842758192169,0.8236
39.50842758192169,0.8237
39.50842758192169,0.8238
39.50842758192169,0.8239
39.50842758192169,0.824
39.50842758192169,0.8241
39.50842758192169,0.8242
39.50842758192169,0.8243
39.50842758192169,0.8244
39.50842758192169,0.8245
39.50842758192169,0.8246
39.50842758192169,0.8247
39.50842758192169,0.8248
39.50842758192169,0.8249
39.50842758192169,0.825
39.50842758192169,0.8251
39.50842758192169,0.8252
39.50842758192169,0.8253
39.50842758192169,0.8254
39.50842758192169,0.8255
39.50842758192169,0.8256
39.50842758192169,0.8257
39.50842758192169,0.8258
39.50842758192169,0.8259
39.50842758192169,0.826
39.50842758192169,0.8261
39.50842758192169,0.8262
39.50842758192169,0.8263
39.50842758192169,0.8264
39.50842758192169,0.8265
39.50842758192169,0.8266
39.50842758192169,0.8267
39.50842758192169,0.8268
39.50842758192169,0.8269
39.50842758192169,0.827
39.50842758192169,0.8271
39.50842758192169,0.8272
39.50842758192169,0.8273
39.50842758192169,0.8274
39.50842758192169,0.8275
39.50842758192169,0.8276
39.50842758192169,0.8277
39.50842758192169,0.8278
39.50842758192169,0.8279
39.50842758192169,0.828
39.50842758192169,0.8281
39.50842758192169,0.8282
39.50842758192169,0.8283
39.50842758192169,0.8284
39.50842758192169,0.8285
39.50842758192169,0.8286
39.50842758192169,0.8287
39.50842758192169,0.8288
39.50842758192169,0.8289
39.50842758192169,0.829
39.50842758192169,0.8291
39.50842758192169,0.8292
39.50842758192169,0.8293
39.50842758192169,0.8294
39.50842758192169,0.8295
39.50842758192169,0.8296
39.50842758192169,0.8297
39.50842758192169,0.8298
39.50842758192169,0.8299
39.50842758192169,0.83
39.50842758192169,0.8301
39.50842758192169,0.8302
39.50842758192169,0.8303
39.50842758192169,0.8304
39.50842758192169,0.8305
39.50842758192169,0.8306
39.50842758192169,0.8307
39.50842758192169,0.8308
39.50842758192169,0.8309
39.50842758192169,0.831
39.50842758192169,0.8311
39.50842758192169,0.8312
39.50842758192169,0.8313
39.50842758192169,0.8314
39.50842758192169,0.8315
39.50842758192169,0.8316
39.50842758192169,0.8317
39.50842758192169,0.8318
39.50842758192169,0.8319
39.50842758192169,0.832
39.50842758192169,0.8321
39.50842758192169,0.8322
39.50842758192169,0.8323
39.50842758192169,0.8324
39.50842758192169,0.8325
39.50842758192169,0.8326
39.50842758192169,0.8327
39.50842758192169,0.8328
39.50842758192169,0.8329
39.50842758192169,0.833
39.50842758192169,0.8331
39.50842758192169,0.8332
39.50842758192169,0.8333
39.50842758192169,0.8334
39.50842758192169,0.8335
39.50842758192169,0.8336
39.50842758192169,0.8337
39.50842758192169,0.8338
39.50842758192169,0.8339
39.50842758192169,0.834
39.50842758192169,0.8341
39.50842758192169,0.8342
39.50842758192169,0.8343
39.50842758192169,0.8344
39.50842758192169,0.8345
39.50842758192169,0.8346
39.50842758192169,0.8347
39.50842758192169,0.8348
39.50842758192169,0.8349
39.50842758192169,0.835
39.50842758192169,0.8351
39.50842758192169,0.8352
39.50842758192169,0.8353
39.50842758192169,0.8354
39.50842758192169,0.8355
39.50842758192169,0.8356
39.50842758192169,0.8357
39.50842758192169,0.8358
39.50842758192169,0.8359
39.50842758192169,0.836
39.50842758192169,0.8361
39.50842758192169,0.8362
39.50842758192169,0.8363
39.50842758192169,0.8364
39.50842758192169,0.8365
39.50842758192169,0.8366
39.50842758192169,0.8367
39.50842758192169,0.8368
39.50842758192169,0.8369
39.50842758192169,0.837
39.50842758192169,0.8371
39.50842758192169,0.8372
39.50842758192169,0.8373
39.50842758192169,0.8374
39.50842758192169,0.8375
39.50842758192169,0.8376
39.50842758192169,0.8377
39.50842758192169,0.8378
39.50842758192169,0.8379
39.50842758192169,0.838
39.50842758192169,0.8381
39.50842758192169,0.8382
39.50842758192169,0.8383
39.50842758192169,0.8384
39.50842758192169,0.8385
39.50842758192169,0.8386
39.50842758192169,0.8387
39.50842758192169,0.8388
39.50842758192169,0.8389
39.50842758192169,0.839
39.50842758192169,0.8391
39.50842758192169,0.8392
39.50842758192169,0.8393
39.50842758192169,0.8394
39.50842758192169,0.8395
39.50842758192169,0.8396
39.50842758192169,0.8397
39.50842758192169,0.8398
39.50842758192169,0.8399
39.50842758192169,0.84
39.50842758192169,0.8401
39.50842758192169,0.8402
39.50842758192169,0.8403
39.50842758192169,0.8404
39.50842758192169,0.8405
39.50842758192169,0.8406
39.50842758192169,0.8407
39.50842758192169,0.8408
39.50842758192169,0.8409
39.50842758192169,0.841
39.50842758192169,0.8411
39.50842758192169,0.8412
39.50842758192169,0.8413
39.50842758192169,0.8414
39.50842758192169,0.8415
39.50842758192169,0.8416
39.50842758192169,0.8417
39.50842758192169,0.8418
39.50842758192169,0.8419
39.50842758192169,0.842
39.50842758192169,0.8421
39.50842758192169,0.8422
39.50842758192169,0.8423
39.50842758192169,0.8424
39.50842758192169,0.8425
39.50842758192169,0.8426
39.50842758192169,0.8427
39.50842758192169,0.8428
39.50842758192169,0.8429
39.50842758192169,0.843
39.50842758192169,0.8431
39.50842758192169,0.8432
39.50842758192169,0.8433
39.50842758192169,0.8434
39.50842758192169,0.8435
39.50842758192169,0.8436
39.50842758192169,0.8437
39.50842758192169,0.8438
39.50842758192169,0.8439
39.50842758192169,0.844
39.50842758192169,0.8441
39.50842758192169,0.8442
39.50842758192169,0.8443
39.50842758192169,0.8444
39.50842758192169,0.8445
39.50842758192169,0.8446
39.50842758192169,0.8447
39.50842758192169,0.8448
39.50842758192169,0.8449
39.50842758192169,0.845
39.50842758192169,0.8451
39.50842758192169,0.8452
39.50842758192169,0.8453
39.50842758192169,0.8454
39.50842758192169,0.8455
39.50842758192169,0.8456
39.50842758192169,0.8457
39.50842758192169,0.8458
39.50842758192169,0.8459
39.50842758192169,0.846
39.50842758192169,0.8461
39.50842758192169,0.8462
39.50842758192169,0.8463
39.50842758192169,0.8464
39.50842758192169,0.8465
39.50842758192169,0.8466
39.50842758192169,0.8467
39.50842758192169,0.8468
39.50842758192169,0.8469
39.50842758192169,0.847
39.50842758192169,0.8471
39.50842758192169,0.8472
39.50842758192169,0.8473
39.50842758192169,0.8474
39.50842758192169,0.8475
39.50842758192169,0.8476
39.50842758192169,0.8477
39.50842758192169,0.8478
39.50842758192169,0.8479
39.50842758192169,0.848
39.50842758192169,0.8481
39.50842758192169,0.8482
39.50842758192169,0.8483
39.50842758192169,0.8484
39.50842758192169,0.8485
39.50842758192169,0.8486
39.50842758192169,0.8487
39.50842758192169,0.8488
39.50842758192169,0.8489
39.50842758192169,0.849
39.50842758192169,0.8491
39.50842758192169,0.8492
39.50842758192169,0.8493
39.50842758192169,0.8494
39.50842758192169,0.8495
39.50842758192169,0.8496
39.50842758192169,0.8497
39.50842758192169,0.8498
39.50842758192169,0.8499
39.50842758192169,0.85
39.50842758192169,0.8501
39.50842758192169,0.8502
39.50842758192169,0.8503
39.50842758192169,0.8504
39.50842758192169,0.8505
39.50842758192169,0.8506
39.50842758192169,0.8507
39.50842758192169,0.8508
39.50842758192169,0.8509
39.50842758192169,0.851
39.50842758192169,0.8511
39.50842758192169,0.8512
39.50842758192169,0.8513
39.50842758192169,0.8514
39.50842758192169,0.8515
39.50842758192169,0.8516
39.50842758192169,0.8517
39.50842758192169,0.8518
39.50842758192169,0.8519
39.50842758192169,0.852
39.50842758192169,0.8521
39.50842758192169,0.8522
39.50842758192169,0.8523
39.50842758192169,0.8524
39.50842758192169,0.8525
39.50842758192169,0.8526
39.50842758192169,0.8527
39.50842758192169,0.8528
39.50842758192169,0.8529
39.50842758192169,0.853
39.50842758192169,0.8531
39.50842758192169,0.8532
39.50842758192169,0.8533
39.50842758192169,0.8534
39.50842758192169,0.8535
39.50842758192169,0.8536
39.50842758192169,0.8537
39.50842758192169,0.8538
39.50842758192169,0.8539
39.50842758192169,0.854
39.50842758192169,0.8541
39.50842758192169,0.8542
39.50842758192169,0.8543
39.50842758192169,0.8544
39.50842758192169,0.8545
39.50842758192169,0.8546
39.50842758192169,0.8547
39.50842758192169,0.8548
39.50842758192169,0.8549
39.50842758192169,0.855
39.50842758192169,0.8551
39.50842758192169,0.8552
39.50842758192169,0.8553
39.50842758192169,0.8554
39.50842758192169,0.8555
39.50842758192169,0.8556
39.50842758192169,0.8557
39.50842758192169,0.8558
39.50842758192169,0.8559
39.50842758192169,0.856
39.50842758192169,0.8561
39.50842758192169,0.8562
39.50842758192169,0.8563
39.50842758192169,0.8564
39.50842758192169,0.8565
39.50842758192169,0.8566
39.50842758192169,0.8567
39.50842758192169,0.8568
39.50842758192169,0.8569
39.50842758192169,0.857
39.50842758192169,0.8571
39.50842758192169,0.8572
39.50842758192169,0.8573
39.50842758192169,0.8574
39.50842758192169,0.8575
39.50842758192169,0.8576
39.50842758192169,0.8577
39.50842758192169,0.8578
39.50842758192169,0.8579
39.50842758192169,0.858
39.50842758192169,0.8581
39.50842758192169,0.8582
39.50842758192169,0.8583
39.50842758192169,0.8584
39.50842758192169,0.8585
39.50842758192169,0.8586
39.50842758192169,0.8587
39.50842758192169,0.8588
39.50842758192169,0.8589
39.50842758192169,0.859
39.50842758192169,0.8591
39.50842758192169,0.8592
39.50842758192169,0.8593
39.50842758192169,0.8594
39.50842758192169,0.8595
39.50842758192169,0.8596
39.50842758192169,0.8597
39.50842758192169,0.8598
39.50842758192169,0.8599
39.50842758192169,0.86
39.50842758192169,0.8601
39.50842758192169,0.8602
39.50842758192169,0.8603
39.50842758192169,0.8604
39.50842758192169,0.8605
39.50842758192169,0.8606
39.50842758192169,0.8607
39.50842758192169,0.8608
39.50842758192169,0.8609
39.50842758192169,0.861
39.50842758192169,0.8611
39.50842758192169,0.8612
39.50842758192169,0.8613
39.50842758192169,0.8614
39.50842758192169,0.8615
39.50842758192169,0.8616
39.50842758192169,0.8617
39.50842758192169,0.8618
39.50842758192169,0.8619
39.50842758192169,0.862
39.50842758192169,0.8621
39.50842758192169,0.8622
39.50842758192169,0.8623
39.50842758192169,0.8624
39.50842758192169,0.8625
39.50842758192169,0.8626
39.50842758192169,0.8627
39.50842758192169,0.8628
39.50842758192169,0.8629
39.50842758192169,0.863
39.50842758192169,0.8631
39.50842758192169,0.8632
39.50842758192169,0.8633
39.50842758192169,0.8634
39.50842758192169,0.8635
39.50842758192169,0.8636
39.50842758192169,0.8637
39.50842758192169,0.8638
39.50842758192169,0.8639
39.50842758192169,0.864
39.50842758192169,0.8641
39.50842758192169,0.8642
39.50842758192169,0.8643
39.50842758192169,0.8644
39.50842758192169,0.8645
39.50842758192169,0.8646
39.50842758192169,0.8647
39.50842758192169,0.8648
39.50842758192169,0.8649
39.50842758192169,0.865
39.50842758192169,0.8651
39.50842758192169,0.8652
39.50842758192169,0.8653
39.50842758192169,0.8654
39.50842758192169,0.8655
39.50842758192169,0.8656
39.50842758192169,0.8657
39.50842758192169,0.8658
39.50842758192169,0.8659
39.50842758192169,0.866
39.50842758192169,0.8661
39.50842758192169,0.8662
39.50842758192169,0.8663
39.50842758192169,0.8664
39.50842758192169,0.8665
39.50842758192169,0.8666
39.50842758192169,0.8667
39.50842758192169,0.8668
39.50842758192169,0.8669
39.50842758192169,0.867
39.50842758192169,0.8671
39.50842758192169,0.8672
39.50842758192169,0.8673
39.50842758192169,0.8674
39.50842758192169,0.8675
39.50842758192169,0.8676
39.50842758192169,0.8677
39.50842758192169,0.8678
39.50842758192169,0.8679
39.50842758192169,0.868
39.50842758192169,0.8681
39.50842758192169,0.8682
39.50842758192169,0.8683
39.50842758192169,0.8684
39.50842758192169,0.8685
39.50842758192169,0.8686
39.50842758192169,0.8687
39.50842758192169,0.8688
39.50842758192169,0.8689
39.50842758192169,0.869
39.50842758192169,0.8691
39.50842758192169,0.8692
39.50842758192169,0.8693
39.50842758192169,0.8694
39.50842758192169,0.8695
39.50842758192169,0.8696
39.50842758192169,0.8697
39.50842758192169,0.8698
39.50842758192169,0.8699
39.50842758192169,0.87
39.50842758192169,0.8701
39.50842758192169,0.8702
39.50842758192169,0.8703
39.50842758192169,0.8704
39.50842758192169,0.8705
39.50842758192169,0.8706
39.50842758192169,0.8707
39.50842758192169,0.8708
39.50842758192169,0.8709
39.50842758192169,0.871
39.50842758192169,0.8711
39.50842758192169,0.8712
60.66390361492709,0.8713
60.66390361492709,0.8714
60.66390361492709,0.8715
60.66390361492709,0.8716
60.66390361492709,0.8717
60.66390361492709,0.8718
60.66390361492709,0.8719
60.66390361492709,0.872
60.66390361492709,0.8721
60.66390361492709,0.8722
60.66390361492709,0.8723
60.66390361492709,0.8724
60.66390361492709,0.8725
60.66390361492709,0.8726
60.66390361492709,0.8727
60.66390361492709,0.8728
60.66390361492709,0.8729
60.66390361492709,0.873
60.66390361492709,0.8731
60.66390361492709,0.8732
60.66390361492709,0.8733
60.66390361492709,0.8734
60.66390361492709,0.8735
60.66390361492709,0.8736
60.66390361492709,0.8737
60.66390361492709,0.8738
60.66390361492709,0.8739
60.66390361492709,0.874
60.66390361492709,0.8741
60.66390361492709,0.8742
60.66390361492709,0.8743
60.66390361492709,0.8744
60.66390361492709,0.8745
60.66390361492709,0.8746
60.66390361492709,0.8747
60.66390361492709,0.8748
60.66390361492709,0.8749
60.66390361492709,0.875
60.66390361492709,0.8751
60.66390361492709,0.8752
60.66390361492709,0.8753
60.66390361492709,0.8754
60.66390361492709,0.8755
60.66390361492709,0.8756
60.66390361492709,0.8757
60.66390361492709,0.8758
60.66390361492709,0.8759
60.66390361492709,0.876
60.66390361492709,0.8761
60.66390361492709,0.8762
60.66390361492709,0.8763
60.66390361492709,0.8764
60.66390361492709,0.8765
60.66390361492709,0.8766
60.66390361492709,0.8767
60.66390361492709,0.8768
60.66390361492709,0.8769
60.66390361492709,0.877
60.66390361492709,0.8771
60.66390361492709,0.8772
60.66390361492709,0.8773
60.66390361492709,0.8774
60.66390361492709,0.8775
60.66390361492709,0.8776
60.66390361492709,0.8777
60.66390361492709,0.8778
60.66390361492709,0.8779
60.66390361492709,0.878
60.66390361492709,0.8781
60.66390361492709,0.8782
60.66390361492709,0.8783
60.66390361492709,0.8784
60.66390361492709,0.8785
60.66390361492709,0.8786
60.66390361492709,0.8787
60.66390361492709,0.8788
60.66390361492709,0.8789
60.66390361492709,0.879
60.66390361492709,0.8791
60.66390361492709,0.8792
60.66390361492709,0.8793
60.66390361492709,0.8794
60.66390361492709,0.8795
60.66390361492709,0.8796
60.66390361492709,0.8797
60.66390361492709,0.8798
60.66390361492709,0.8799
60.66390361492709,0.88
60.66390361492709,0.8801
60.66390361492709,0.8802
60.66390361492709,0.8803
60.66390361492709,0.8804
60.66390361492709,0.8805
60.66390361492709,0.8806
60.66390361492709,0.8807
60.66390361492709,0.8808
60.66390361492709,0.8809
60.66390361492709,0.881
60.66390361492709,0.8811
60.66390361492709,0.8812
60.66390361492709,0.8813
60.66390361492709,0.8814
60.66390361492709,0.8815
60.66390361492709,0.8816
60.66390361492709,0.8817
60.66390361492709,0.8818
60.66390361492709,0.8819
60.66390361492709,0.882
60.66390361492709,0.8821
60.66390361492709,0.8822
60.66390361492709,0.8823
60.66390361492709,0.8824
60.66390361492709,0.8825
60.66390361492709,0.8826
60.66390361492709,0.8827
60.66390361492709,0.8828
60.66390361492709,0.8829
60.66390361492709,0.883
60.66390361492709,0.8831
60.66390361492709,0.8832
60.66390361492709,0.8833
60.66390361492709,0.8834
60.66390361492709,0.8835
60.66390361492709,0.8836
60.66390361492709,0.8837
60.66390361492709,0.8838
60.66390361492709,0.8839
60.66390361492709,0.884
60.66390361492709,0.8841
60.66390361492709,0.8842
60.66390361492709,0.8843
60.66390361492709,0.8844
60.66390361492709,0.8845
60.66390361492709,0.8846
60.66390361492709,0.8847
60.66390361492709,0.8848
60.66390361492709,0.8849
60.66390361492709,0.885
60.66390361492709,0.8851
60.66390361492709,0.8852
60.66390361492709,0.8853
60.66390361492709,0.8854
60.66390361492709,0.8855
60.66390361492709,0.8856
60.66390361492709,0.8857
60.66390361492709,0.8858
60.66390361492709,0.8859
60.66390361492709,0.886
60.66390361492709,0.8861
60.66390361492709,0.8862
60.66390361492709,0.8863
60.66390361492709,0.8864
60.66390361492709,0.8865
60.66390361492709,0.8866
60.66390361492709,0.8867
60.66390361492709,0.8868
60.66390361492709,0.8869
60.66390361492709,0.887
60.66390361492709,0.8871
60.66390361492709,0.8872
60.66390361492709,0.8873
60.66390361492709,0.8874
60.66390361492709,0.8875
60.66390361492709,0.8876
60.66390361492709,0.8877
60.66390361492709,0.8878
60.66390361492709,0.8879
60.66390361492709,0.888
60.66390361492709,0.8881
60.66390361492709,0.8882
60.66390361492709,0.8883
60.66390361492709,0.8884
60.66390361492709,0.8885
60.66390361492709,0.8886
60.66390361492709,0.8887
60.66390361492709,0.8888
60.66390361492709,0.8889
60.66390361492709,0.889
60.66390361492709,0.8891
60.66390361492709,0.8892
60.66390361492709,0.8893
60.66390361492709,0.8894
60.66390361492709,0.8895
60.66390361492709,0.8896
60.66390361492709,0.8897
60.66390361492709,0.8898
60.66390361492709,0.8899
60.66390361492709,0.89
60.66390361492709,0.8901
60.66390361492709,0.8902
60.66390361492709,0.8903
60.66390361492709,0.8904
60.66390361492709,0.8905
60.66390361492709,0.8906
60.66390361492709,0.8907
60.66390361492709,0.8908
60.66390361492709,0.8909
60.66390361492709,0.891
60.66390361492709,0.8911
60.66390361492709,0.8912
60.66390361492709,0.8913
60.66390361492709,0.8914
60.66390361492709,0.8915
60.66390361492709,0.8916
60.66390361492709,0.8917
60.66390361492709,0.8918
60.66390361492709,0.8919
60.66390361492709,0.892
60.66390361492709,0.8921
60.66390361492709,0.8922
60.66390361492709,0.8923
60.66390361492709,0.8924
60.66390361492709,0.8925
60.66390361492709,0.8926
60.66390361492709,0.8927
60.66390361492709,0.8928
60.66390361492709,0.8929
60.66390361492709,0.893
60.66390361492709,0.8931
60.66390361492709,0.8932
60.66390361492709,0.8933
60.66390361492709,0.8934
60.66390361492709,0.8935
60.66390361492709,0.8936
60.66390361492709,0.8937
60.66390361492709,0.8938
60.66390361492709,0.8939
60.66390361492709,0.894
60.66390361492709,0.8941
60.66390361492709,0.8942
60.66390361492709,0.8943
60.66390361492709,0.8944
60.66390361492709,0.8945
60.66390361492709,0.8946
60.66390361492709,0.8947
60.66390361492709,0.8948
60.66390361492709,0.8949
60.66390361492709,0.895
60.66390361492709,0.8951
60.66390361492709,0.8952
60.66390361492709,0.8953
60.66390361492709,0.8954
60.66390361492709,0.8955
60.66390361492709,0.8956
60.66390361492709,0.8957
60.66390361492709,0.8958
60.66390361492709,0.8959
60.66390361492709,0.896
60.66390361492709,0.8961
60.66390361492709,0.8962
60.66390361492709,0.8963
60.66390361492709,0.8964
60.66390361492709,0.8965
60.66390361492709,0.8966
60.66390361492709,0.8967
60.66390361492709,0.8968
60.66390361492709,0.8969
60.66390361492709,0.897
60.66390361492709,0.8971
60.66390361492709,0.8972
60.66390361492709,0.8973
60.66390361492709,0.8974
60.66390361492709,0.8975
60.66390361492709,0.8976
60.66390361492709,0.8977
60.66390361492709,0.8978
60.66390361492709,0.8979
60.66390361492709,0.898
60.66390361492709,0.8981
60.66390361492709,0.8982
60.66390361492709,0.8983
60.66390361492709,0.8984
60.66390361492709,0.8985
60.66390361492709,0.8986
60.66390361492709,0.8987
60.66390361492709,0.8988
60.66390361492709,0.8989
60.66390361492709,0.899
60.66390361492709,0.8991
60.66390361492709,0.8992
60.66390361492709,0.8993
60.66390361492709,0.8994
60.66390361492709,0.8995
60.66390361492709,0.8996
60.66390361492709,0.8997
60.66390361492709,0.8998
60.66390361492709,0.8999
60.66390361492709,0.9
60.66390361492709,0.9001
60.66390361492709,0.9002
60.66390361492709,0.9003
60.66390361492709,0.9004
60.66390361492709,0.9005
60.66390361492709,0.9006
60.66390361492709,0.9007
60.66390361492709,0.9008
60.66390361492709,0.9009
60.66390361492709,0.901
60.66390361492709,0.9011
60.66390361492709,0.9012
60.66390361492709,0.9013
60.66390361492709,0.9014
60.66390361492709,0.9015
60.66390361492709,0.9016
60.66390361492709,0.9017
60.66390361492709,0.9018
60.66390361492709,0.9019
60.66390361492709,0.902
60.66390361492709,0.9021
60.66390361492709,0.9022
60.66390361492709,0.9023
60.66390361492709,0.9024
60.66390361492709,0.9025
60.66390361492709,0.9026
60.66390361492709,0.9027
60.66390361492709,0.9028
60.66390361492709,0.9029
60.66390361492709,0.903
60.66390361492709,0.9031
60.66390361492709,0.9032
60.66390361492709,0.9033
60.66390361492709,0.9034
60.66390361492709,0.9035
60.66390361492709,0.9036
60.66390361492709,0.9037
60.66390361492709,0.9038
60.66390361492709,0.9039
60.66390361492709,0.904
60.66390361492709,0.9041
60.66390361492709,0.9042
60.66390361492709,0.9043
60.66390361492709,0.9044
60.66390361492709,0.9045
60.66390361492709,0.9046
60.66390361492709,0.9047
60.66390361492709,0.9048
60.66390361492709,0.9049
60.66390361492709,0.905
60.66390361492709,0.9051
60.66390361492709,0.9052
60.66390361492709,0.9053
60.66390361492709,0.9054
60.66390361492709,0.9055
60.66390361492709,0.9056
60.66390361492709,0.9057
60.66390361492709,0.9058
60.66390361492709,0.9059
60.66390361492709,0.906
60.66390361492709,0.9061
60.66390361492709,0.9062
60.66390361492709,0.9063
60.66390361492709,0.9064
60.66390361492709,0.9065
60.66390361492709,0.9066
60.66390361492709,0.9067
60.66390361492709,0.9068
60.66390361492709,0.9069
60.66390361492709,0.907
60.66390361492709,0.9071
60.66390361492709,0.9072
60.66390361492709,0.9073
60.66390361492709,0.9074
60.66390361492709,0.9075
60.66390361492709,0.9076
60.66390361492709,0.9077
60.66390361492709,0.9078
60.66390361492709,0.9079
60.66390361492709,0.908
60.66390361492709,0.9081
60.66390361492709,0.9082
60.66390361492709,0.9083
60.66390361492709,0.9084
60.66390361492709,0.9085
60.66390361492709,0.9086
60.66390361492709,0.9087
60.66390361492709,0.9088
60.66390361492709,0.9089
60.66390361492709,0.909
60.66390361492709,0.9091
60.66390361492709,0.9092
60.66390361492709,0.9093
60.66390361492709,0.9094
60.66390361492709,0.9095
60.66390361492709,0.9096
60.66390361492709,0.9097
60.66390361492709,0.9098
60.66390361492709,0.9099
60.66390361492709,0.91
60.66390361492709,0.9101
60.66390361492709,0.9102
60.66390361492709,0.9103
60.66390361492709,0.9104
60.66390361492709,0.9105
60.66390361492709,0.9106
60.66390361492709,0.9107
60.66390361492709,0.9108
60.66390361492709,0.9109
60.66390361492709,0.911
60.66390361492709,0.9111
60.66390361492709,0.9112
60.66390361492709,0.9113
60.66390361492709,0.9114
60.66390361492709,0.9115
60.66390361492709,0.9116
60.66390361492709,0.9117
60.66390361492709,0.9118
60.66390361492709,0.9119
60.66390361492709,0.912
60.66390361492709,0.9121
60.66390361492709,0.9122
60.66390361492709,0.9123
60.66390361492709,0.9124
60.66390361492709,0.9125
60.66390361492709,0.9126
60.66390361492709,0.9127
60.66390361492709,0.9128
60.66390361492709,0.9129
60.66390361492709,0.913
60.66390361492709,0.9131
60.66390361492709,0.9132
60.66390361492709,0.9133
60.66390361492709,0.9134
60.66390361492709,0.9135
60.66390361492709,0.9136
60.66390361492709,0.9137
60.66390361492709,0.9138
60.66390361492709,0.9139
60.66390361492709,0.914
60.66390361492709,0.9141
60.66390361492709,0.9142
60.66390361492709,0.9143
60.66390361492709,0.9144
60.66390361492709,0.9145
60.66390361492709,0.9146
60.66390361492709,0.9147
60.66390361492709,0.9148
60.66390361492709,0.9149
60.66390361492709,0.915
60.66390361492709,0.9151
60.66390361492709,0.9152
60.66390361492709,0.9153
60.66390361492709,0.9154
60.66390361492709,0.9155
60.66390361492709,0.9156
60.66390361492709,0.9157
60.66390361492709,0.9158
60.66390361492709,0.9159
60.66390361492709,0.916
60.66390361492709,0.9161
60.66390361492709,0.9162
60.66390361492709,0.9163
60.66390361492709,0.9164
60.66390361492709,0.9165
60.66390361492709,0.9166
60.66390361492709,0.9167
60.66390361492709,0.9168
60.66390361492709,0.9169
60.66390361492709,0.917
60.66390361492709,0.9171
60.66390361492709,0.9172
60.66390361492709,0.9173
60.66390361492709,0.9174
60.66390361492709,0.9175
60.66390361492709,0.9176
60.66390361492709,0.9177
60.66390361492709,0.9178
60.66390361492709,0.9179
60.66390361492709,0.918
60.66390361492709,0.9181
60.66390361492709,0.9182
60.66390361492709,0.9183
60.66390361492709,0.9184
60.66390361492709,0.9185
60.66390361492709,0.9186
60.66390361492709,0.9187
60.66390361492709,0.9188
60.66390361492709,0.9189
60.66390361492709,0.919
60.66390361492709,0.9191
60.66390361492709,0.9192
60.66390361492709,0.9193
60.66390361492709,0.9194
60.66390361492709,0.9195
60.66390361492709,0.9196
60.66390361492709,0.9197
60.66390361492709,0.9198
60.66390361492709,0.9199
60.66390361492709,0.92
60.66390361492709,0.9201
60.66390361492709,0.9202
60.66390361492709,0.9203
60.66390361492709,0.9204
60.66390361492709,0.9205
60.66390361492709,0.9206
60.66390361492709,0.9207
60.66390361492709,0.9208
60.66390361492709,0.9209
60.66390361492709,0.921
60.66390361492709,0.9211
60.66390361492709,0.9212
60.66390361492709,0.9213
60.66390361492709,0.9214
60.66390361492709,0.9215
60.66390361492709,0.9216
60.66390361492709,0.9217
60.66390361492709,0.9218
60.66390361492709,0.9219
60.66390361492709,0.922
60.66390361492709,0.9221
60.66390361492709,0.9222
60.66390361492709,0.9223
60.66390361492709,0.9224
60.66390361492709,0.9225
60.66390361492709,0.9226
60.66390361492709,0.9227
60.66390361492709,0.9228
60.66390361492709,0.9229
60.66390361492709,0.923
60.66390361492709,0.9231
60.66390361492709,0.9232
60.66390361492709,0.9233
60.66390361492709,0.9234
60.66390361492709,0.9235
60.66390361492709,0.9236
60.66390361492709,0.9237
60.66390361492709,0.9238
60.66390361492709,0.9239
60.66390361492709,0.924
60.66390361492709,0.9241
60.66390361492709,0.9242
60.66390361492709,0.9243
60.66390361492709,0.9244
60.66390361492709,0.9245
60.66390361492709,0.9246
60.66390361492709,0.9247
60.66390361492709,0.9248
60.66390361492709,0.9249
60.66390361492709,0.925
60.66390361492709,0.9251
60.66390361492709,0.9252
60.66390361492709,0.9253
60.66390361492709,0.9254
60.66390361492709,0.9255
60.66390361492709,0.9256
60.66390361492709,0.9257
60.66390361492709,0.9258
60.66390361492709,0.9259
60.66390361492709,0.926
60.66390361492709,0.9261
60.66390361492709,0.9262
60.66390361492709,0.9263
60.66390361492709,0.9264
60.66390361492709,0.9265
60.66390361492709,0.9266
60.66390361492709,0.9267
60.66390361492709,0.9268
60.66390361492709,0.9269
60.66390361492709,0.927
60.66390361492709,0.9271
60.66390361492709,0.9272
60.66390361492709,0.9273
60.66390361492709,0.9274
60.66390361492709,0.9275
60.66390361492709,0.9276
60.66390361492709,0.9277
60.66390361492709,0.9278
60.66390361492709,0.9279
60.66390361492709,0.928
60.66390361492709,0.9281
60.66390361492709,0.9282
60.66390361492709,0.9283
60.66390361492709,0.9284
60.66390361492709,0.9285
60.66390361492709,0.9286
60.66390361492709,0.9287
60.66390361492709,0.9288
60.66390361492709,0.9289
60.66390361492709,0.929
60.66390361492709,0.9291
60.66390361492709,0.9292
60.66390361492709,0.9293
60.66390361492709,0.9294
60.66390361492709,0.9295
60.66390361492709,0.9296
60.66390361492709,0.9297
60.66390361492709,0.9298
60.66390361492709,0.9299
60.66390361492709,0.93
60.66390361492709,0.9301
60.66390361492709,0.9302
60.66390361492709,0.9303
60.66390361492709,0.9304
60.66390361492709,0.9305
60.66390361492709,0.9306
60.66390361492709,0.9307
60.66390361492709,0.9308
60.66390361492709,0.9309
60.66390361492709,0.931
60.66390361492709,0.9311
60.66390361492709,0.9312
60.66390361492709,0.9313
60.66390361492709,0.9314
60.66390361492709,0.9315
60.66390361492709,0.9316
60.66390361492709,0.9317
60.66390361492709,0.9318
60.66390361492709,0.9319
60.66390361492709,0.932
60.66390361492709,0.9321
60.66390361492709,0.9322
60.66390361492709,0.9323
60.66390361492709,0.9324
60.66390361492709,0.9325
60.66390361492709,0.9326
60.66390361492709,0.9327
60.66390361492709,0.9328
60.66390361492709,0.9329
60.66390361492709,0.933
60.66390361492709,0.9331
60.66390361492709,0.9332
60.66390361492709,0.9333
60.66390361492709,0.9334
60.66390361492709,0.9335
60.66390361492709,0.9336
60.66390361492709,0.9337
60.66390361492709,0.9338
60.66390361492709,0.9339
60.66390361492709,0.934
60.66390361492709,0.9341
60.66390361492709,0.9342
60.66390361492709,0.9343
60.66390361492709,0.9344
60.66390361492709,0.9345
60.66390361492709,0.9346
60.66390361492709,0.9347
60.66390361492709,0.9348
60.66390361492709,0.9349
60.66390361492709,0.935
60.66390361492709,0.9351
60.66390361492709,0.9352
60.66390361492709,0.9353
60.66390361492709,0.9354
60.66390361492709,0.9355
60.66390361492709,0.9356
60.66390361492709,0.9357
60.66390361492709,0.9358
60.66390361492709,0.9359
60.66390361492709,0.936
60.66390361492709,0.9361
60.66390361492709,0.9362
60.66390361492709,0.9363
60.66390361492709,0.9364
60.66390361492709,0.9365
60.66390361492709,0.9366
60.66390361492709,0.9367
60.66390361492709,0.9368
60.66390361492709,0.9369
60.66390361492709,0.937
60.66390361492709,0.9371
60.66390361492709,0.9372
60.66390361492709,0.9373
60.66390361492709,0.9374
60.66390361492709,0.9375
60.66390361492709,0.9376
60.66390361492709,0.9377
60.66390361492709,0.9378
60.66390361492709,0.9379
60.66390361492709,0.938
60.66390361492709,0.9381
60.66390361492709,0.9382
60.66390361492709,0.9383
60.66390361492709,0.9384
60.66390361492709,0.9385
60.66390361492709,0.9386
60.66390361492709,0.9387
60.66390361492709,0.9388
60.66390361492709,0.9389
60.66390361492709,0.939
60.66390361492709,0.9391
60.66390361492709,0.9392
60.66390361492709,0.9393
60.66390361492709,0.9394
60.66390361492709,0.9395
60.66390361492709,0.9396
60.66390361492709,0.9397
60.66390361492709,0.9398
60.66390361492709,0.9399
60.66390361492709,0.94
60.66390361492709,0.9401
60.66390361492709,0.9402
60.66390361492709,0.9403
60.66390361492709,0.9404
60.66390361492709,0.9405
60.66390361492709,0.9406
60.66390361492709,0.9407
60.66390361492709,0.9408
60.66390361492709,0.9409
60.66390361492709,0.941
60.66390361492709,0.9411
60.66390361492709,0.9412
60.66390361492709,0.9413
60.66390361492709,0.9414
60.66390361492709,0.9415
60.66390361492709,0.9416
60.66390361492709,0.9417
60.66390361492709,0.9418
60.66390361492709,0.9419
60.66390361492709,0.942
60.66390361492709,0.9421
60.66390361492709,0.9422
60.66390361492709,0.9423
60.66390361492709,0.9424
60.66390361492709,0.9425
60.66390361492709,0.9426
60.66390361492709,0.9427
60.66390361492709,0.9428
60.66390361492709,0.9429
60.66390361492709,0.943
60.66390361492709,0.9431
60.66390361492709,0.9432
60.66390361492709,0.9433
60.66390361492709,0.9434
60.66390361492709,0.9435
60.66390361492709,0.9436
60.66390361492709,0.9437
60.66390361492709,0.9438
60.66390361492709,0.9439
60.66390361492709,0.944
60.66390361492709,0.9441
60.66390361492709,0.9442
60.66390361492709,0.9443
60.66390361492709,0.9444
60.66390361492709,0.9445
60.66390361492709,0.9446
60.66390361492709,0.9447
60.66390361492709,0.9448
60.66390361492709,0.9449
60.66390361492709,0.945
60.66390361492709,0.9451
60.66390361492709,0.9452
60.66390361492709,0.9453
60.66390361492709,0.9454
60.66390361492709,0.9455
60.66390361492709,0.9456
60.66390361492709,0.9457
60.66390361492709,0.9458
60.66390361492709,0.9459
60.66390361492709,0.946
60.66390361492709,0.9461
60.66390361492709,0.9462
60.66390361492709,0.9463
60.66390361492709,0.9464
60.66390361492709,0.9465
60.66390361492709,0.9466
60.66390361492709,0.9467
60.66390361492709,0.9468
60.66390361492709,0.9469
60.66390361492709,0.947
60.66390361492709,0.9471
60.66390361492709,0.9472
60.66390361492709,0.9473
60.66390361492709,0.9474
60.66390361492709,0.9475
60.66390361492709,0.9476
60.66390361492709,0.9477
60.66390361492709,0.9478
60.66390361492709,0.9479
60.66390361492709,0.948
60.66390361492709,0.9481
60.66390361492709,0.9482
60.66390361492709,0.9483
60.66390361492709,0.9484
60.66390361492709,0.9485
60.66390361492709,0.9486
60.66390361492709,0.9487
60.66390361492709,0.9488
60.66390361492709,0.9489
60.66390361492709,0.949
60.66390361492709,0.9491
60.66390361492709,0.9492
60.66390361492709,0.9493
60.66390361492709,0.9494
60.66390361492709,0.9495
60.66390361492709,0.9496
60.66390361492709,0.9497
60.66390361492709,0.9498
60.66390361492709,0.9499
60.66390361492709,0.95
60.66390361492709,0.9501
60.66390361492709,0.9502
60.66390361492709,0.9503
60.66390361492709,0.9504
60.66390361492709,0.9505
60.66390361492709,0.9506
60.66390361492709,0.9507
60.66390361492709,0.9508
60.66390361492709,0.9509
60.66390361492709,0.951
60.66390361492709,0.9511
60.66390361492709,0.9512
60.66390361492709,0.9513
60.66390361492709,0.9514
60.66390361492709,0.9515
60.66390361492709,0.9516
60.66390361492709,0.9517
60.66390361492709,0.9518
60.66390361492709,0.9519
60.66390361492709,0.952
60.66390361492709,0.9521
60.66390361492709,0.9522
60.66390361492709,0.9523
60.66390361492709,0.9524
60.66390361492709,0.9525
60.66390361492709,0.9526
60.66390361492709,0.9527
60.66390361492709,0.9528
60.66390361492709,0.9529
60.66390361492709,0.953
60.66390361492709,0.9531
60.66390361492709,0.9532
60.66390361492709,0.9533
60.66390361492709,0.9534
60.66390361492709,0.9535
60.66390361492709,0.9536
60.66390361492709,0.9537
60.66390361492709,0.9538
60.66390361492709,0.9539
60.66390361492709,0.954
60.66390361492709,0.9541
60.66390361492709,0.9542
60.66390361492709,0.9543
60.66390361492709,0.9544
60.66390361492709,0.9545
60.66390361492709,0.9546
60.66390361492709,0.9547
60.66390361492709,0.9548
60.66390361492709,0.9549
60.66390361492709,0.955
60.66390361492709,0.9551
60.66390361492709,0.9552
60.66390361492709,0.9553
60.66390361492709,0.9554
60.66390361492709,0.9555
60.66390361492709,0.9556
60.66390361492709,0.9557
60.66390361492709,0.9558
60.66390361492709,0.9559
60.66390361492709,0.956
60.66390361492709,0.9561
60.66390361492709,0.9562
60.66390361492709,0.9563
60.66390361492709,0.9564
60.66390361492709,0.9565
60.66390361492709,0.9566
60.66390361492709,0.9567
60.66390361492709,0.9568
60.66390361492709,0.9569
60.66390361492709,0.957
60.66390361492709,0.9571
60.66390361492709,0.9572
60.66390361492709,0.9573
60.66390361492709,0.9574
60.66390361492709,0.9575
60.66390361492709,0.9576
60.66390361492709,0.9577
60.66390361492709,0.9578
60.66390361492709,0.9579
60.66390361492709,0.958
60.66390361492709,0.9581
60.66390361492709,0.9582
60.66390361492709,0.9583
60.66390361492709,0.9584
60.66390361492709,0.9585
60.66390361492709,0.9586
60.66390361492709,0.9587
60.66390361492709,0.9588
60.66390361492709,0.9589
60.66390361492709,0.959
60.66390361492709,0.9591
60.66390361492709,0.9592
60.66390361492709,0.9593
60.66390361492709,0.9594
60.66390361492709,0.9595
60.66390361492709,0.9596
60.66390361492709,0.9597
60.66390361492709,0.9598
60.66390361492709,0.9599
60.66390361492709,0.96
60.66390361492709,0.9601
60.66390361492709,0.9602
60.66390361492709,0.9603
60.66390361492709,0.9604
60.66390361492709,0.9605
60.66390361492709,0.9606
60.66390361492709,0.9607
60.66390361492709,0.9608
60.66390361492709,0.9609
60.66390361492709,0.961
60.66390361492709,0.9611
60.66390361492709,0.9612
60.66390361492709,0.9613
60.66390361492709,0.9614
60.66390361492709,0.9615
60.66390361492709,0.9616
60.66390361492709,0.9617
60.66390361492709,0.9618
60.66390361492709,0.9619
60.66390361492709,0.962
60.66390361492709,0.9621
60.66390361492709,0.9622
60.66390361492709,0.9623
60.66390361492709,0.9624
60.66390361492709,0.9625
60.66390361492709,0.9626
60.66390361492709,0.9627
60.66390361492709,0.9628
60.66390361492709,0.9629
60.66390361492709,0.963
60.66390361492709,0.9631
60.66390361492709,0.9632
60.66390361492709,0.9633
60.66390361492709,0.9634
60.66390361492709,0.9635
60.66390361492709,0.9636
60.66390361492709,0.9637
60.66390361492709,0.9638
60.66390361492709,0.9639
60.66390361492709,0.964
60.66390361492709,0.9641
60.66390361492709,0.9642
60.66390361492709,0.9643
60.66390361492709,0.9644
60.66390361492709,0.9645
60.66390361492709,0.9646
60.66390361492709,0.9647
60.66390361492709,0.9648
60.66390361492709,0.9649
60.66390361492709,0.965
60.66390361492709,0.9651
60.66390361492709,0.9652
60.66390361492709,0.9653
60.66390361492709,0.9654
60.66390361492709,0.9655
60.66390361492709,0.9656
60.66390361492709,0.9657
60.66390361492709,0.9658
60.66390361492709,0.9659
60.66390361492709,0.966
60.66390361492709,0.9661
60.66390361492709,0.9662
60.66390361492709,0.9663
60.66390361492709,0.9664
60.66390361492709,0.9665
60.66390361492709,0.9666
60.66390361492709,0.9667
60.66390361492709,0.9668
60.66390361492709,0.9669
60.66390361492709,0.967
60.66390361492709,0.9671
60.66390361492709,0.9672
60.66390361492709,0.9673
60.66390361492709,0.9674
60.66390361492709,0.9675
60.66390361492709,0.9676
60.66390361492709,0.9677
60.66390361492709,0.9678
60.66390361492709,0.9679
60.66390361492709,0.968
60.66390361492709,0.9681
60.66390361492709,0.9682
60.66390361492709,0.9683
60.66390361492709,0.9684
60.66390361492709,0.9685
60.66390361492709,0.9686
60.66390361492709,0.9687
60.66390361492709,0.9688
60.66390361492709,0.9689
60.66390361492709,0.969
60.66390361492709,0.9691
60.66390361492709,0.9692
60.66390361492709,0.9693
60.66390361492709,0.9694
60.66390361492709,0.9695
60.66390361492709,0.9696
60.66390361492709,0.9697
60.66390361492709,0.9698
60.66390361492709,0.9699
60.66390361492709,0.97
60.66390361492709,0.9701
60.66390361492709,0.9702
60.66390361492709,0.9703
60.66390361492709,0.9704
60.66390361492709,0.9705
60.66390361492709,0.9706
60.66390361492709,0.9707
60.66390361492709,0.9708
60.66390361492709,0.9709
60.66390361492709,0.971
60.66390361492709,0.9711
60.66390361492709,0.9712
60.66390361492709,0.9713
60.66390361492709,0.9714
60.66390361492709,0.9715
60.66390361492709,0.9716
60.66390361492709,0.9717
60.66390361492709,0.9718
60.66390361492709,0.9719
60.66390361492709,0.972
60.66390361492709,0.9721
60.66390361492709,0.9722
60.66390361492709,0.9723
60.66390361492709,0.9724
60.66390361492709,0.9725
60.66390361492709,0.9726
60.66390361492709,0.9727
60.66390361492709,0.9728
60.66390361492709,0.9729
60.66390361492709,0.973
60.66390361492709,0.9731
60.66390361492709,0.9732
60.66390361492709,0.9733
60.66390361492709,0.9734
60.66390361492709,0.9735
60.66390361492709,0.9736
60.66390361492709,0.9737
60.66390361492709,0.9738
60.66390361492709,0.9739
60.66390361492709,0.974
60.66390361492709,0.9741
60.66390361492709,0.9742
60.66390361492709,0.9743
60.66390361492709,0.9744
60.66390361492709,0.9745
60.66390361492709,0.9746
60.66390361492709,0.9747
60.66390361492709,0.9748
60.66390361492709,0.9749
60.66390361492709,0.975
60.66390361492709,0.9751
60.66390361492709,0.9752
60.66390361492709,0.9753
60.66390361492709,0.9754
60.66390361492709,0.9755
60.66390361492709,0.9756
60.66390361492709,0.9757
60.66390361492709,0.9758
60.66390361492709,0.9759
60.66390361492709,0.976
60.66390361492709,0.9761
60.66390361492709,0.9762
60.66390361492709,0.9763
60.66390361492709,0.9764
60.66390361492709,0.9765
60.66390361492709,0.9766
60.66390361492709,0.9767
60.66390361492709,0.9768
60.66390361492709,0.9769
60.66390361492709,0.977
60.66390361492709,0.9771
60.66390361492709,0.9772
60.66390361492709,0.9773
60.66390361492709,0.9774
60.66390361492709,0.9775
60.66390361492709,0.9776
60.66390361492709,0.9777
60.66390361492709,0.9778
60.66390361492709,0.9779
60.66390361492709,0.978
60.66390361492709,0.9781
60.66390361492709,0.9782
60.66390361492709,0.9783
60.66390361492709,0.9784
60.66390361492709,0.9785
60.66390361492709,0.9786
60.66390361492709,0.9787
60.66390361492709,0.9788
60.66390361492709,0.9789
60.66390361492709,0.979
60.66390361492709,0.9791
60.66390361492709,0.9792
60.66390361492709,0.9793
60.66390361492709,0.9794
60.66390361492709,0.9795
60.66390361492709,0.9796
60.66390361492709,0.9797
60.66390361492709,0.9798
60.66390361492709,0.9799
60.66390361492709,0.98
60.66390361492709,0.9801
60.66390361492709,0.9802
60.66390361492709,0.9803
60.66390361492709,0.9804
60.66390361492709,0.9805
60.66390361492709,0.9806
60.66390361492709,0.9807
60.66390361492709,0.9808
60.66390361492709,0.9809
60.66390361492709,0.981
60.66390361492709,0.9811
60.66390361492709,0.9812
60.66390361492709,0.9813
60.66390361492709,0.9814
60.66390361492709,0.9815
60.66390361492709,0.9816
60.66390361492709,0.9817
60.66390361492709,0.9818
60.66390361492709,0.9819
60.66390361492709,0.982
60.66390361492709,0.9821
60.66390361492709,0.9822
60.66390361492709,0.9823
60.66390361492709,0.9824
60.66390361492709,0.9825
60.66390361492709,0.9826
60.66390361492709,0.9827
60.66390361492709,0.9828
60.66390361492709,0.9829
60.66390361492709,0.983
60.66390361492709,0.9831
60.66390361492709,0.9832
60.66390361492709,0.9833
60.66390361492709,0.9834
60.66390361492709,0.9835
60.66390361492709,0.9836
60.66390361492709,0.9837
60.66390361492709,0.9838
60.66390361492709,0.9839
60.66390361492709,0.984
60.66390361492709,0.9841
60.66390361492709,0.9842
60.66390361492709,0.9843
60.66390361492709,0.9844
60.66390361492709,0.9845
60.66390361492709,0.9846
60.66390361492709,0.9847
60.66390361492709,0.9848
60.66390361492709,0.9849
60.66390361492709,0.985
60.66390361492709,0.9851
60.66390361492709,0.9852
60.66390361492709,0.9853
60.66390361492709,0.9854
60.66390361492709,0.9855
60.66390361492709,0.9856
60.66390361492709,0.9857
60.66390361492709,0.9858
60.66390361492709,0.9859
60.66390361492709,0.986
60.66390361492709,0.9861
60.66390361492709,0.9862
60.66390361492709,0.9863
60.66390361492709,0.9864
60.66390361492709,0.9865
60.66390361492709,0.9866
60.66390361492709,0.9867
60.66390361492709,0.9868
60.66390361492709,0.9869
60.66390361492709,0.987
60.66390361492709,0.9871
60.66390361492709,0.9872
60.66390361492709,0.9873
60.66390361492709,0.9874
60.66390361492709,0.9875
60.66390361492709,0.9876
60.66390361492709,0.9877
60.66390361492709,0.9878
60.66390361492709,0.9879
60.66390361492709,0.988
60.66390361492709,0.9881
60.66390361492709,0.9882
60.66390361492709,0.9883
60.66390361492709,0.9884
60.66390361492709,0.9885
60.66390361492709,0.9886
60.66390361492709,0.9887
60.66390361492709,0.9888
60.66390361492709,0.9889
60.66390361492709,0.989
60.66390361492709,0.9891
60.66390361492709,0.9892
60.66390361492709,0.9893
60.66390361492709,0.9894
60.66390361492709,0.9895
60.66390361492709,0.9896
60.66390361492709,0.9897
60.66390361492709,0.9898
60.66390361492709,0.9899
60.66390361492709,0.99
60.66390361492709,0.9901
60.66390361492709,0.9902
60.66390361492709,0.9903
60.66390361492709,0.9904
60.66390361492709,0.9905
60.66390361492709,0.9906
60.66390361492709,0.9907
60.66390361492709,0.9908
60.66390361492709,0.9909
60.66390361492709,0.991
60.66390361492709,0.9911
60.66390361492709,0.9912
60.66390361492709,0.9913
60.66390361492709,0.9914
60.66390361492709,0.9915
60.66390361492709,0.9916
60.66390361492709,0.9917
60.66390361492709,0.9918
60.66390361492709,0.9919
60.66390361492709,0.992
60.66390361492709,0.9921
60.66390361492709,0.9922
60.66390361492709,0.9923
60.66390361492709,0.9924
60.66390361492709,0.9925
60.66390361492709,0.9926
60.66390361492709,0.9927
60.66390361492709,0.9928
60.66390361492709,0.9929
60.66390361492709,0.993
60.66390361492709,0.9931
60.66390361492709,0.9932
60.66390361492709,0.9933
60.66390361492709,0.9934
60.66390361492709,0.9935
60.66390361492709,0.9936
60.66390361492709,0.9937
60.66390361492709,0.9938
60.66390361492709,0.9939
60.66390361492709,0.994
60.66390361492709,0.9941
60.66390361492709,0.9942
60.66390361492709,0.9943
60.66390361492709,0.9944
60.66390361492709,0.9945
60.66390361492709,0.9946
60.66390361492709,0.9947
60.66390361492709,0.9948
60.66390361492709,0.9949
60.66390361492709,0.995
60.66390361492709,0.9951
60.66390361492709,0.9952
60.66390361492709,0.9953
60.66390361492709,0.9954
60.66390361492709,0.9955
60.66390361492709,0.9956
60.66390361492709,0.9957
60.66390361492709,0.9958
60.66390361492709,0.9959
60.66390361492709,0.996
60.66390361492709,0.9961
60.66390361492709,0.9962
60.66390361492709,0.9963
60.66390361492709,0.9964
60.66390361492709,0.9965
60.66390361492709,0.9966
60.66390361492709,0.9967
60.66390361492709,0.9968
60.66390361492709,0.9969
60.66390361492709,0.997
60.66390361492709,0.9971
60.66390361492709,0.9972
60.66390361492709,0.9973
60.66390361492709,0.9974
60.66390361492709,0.9975
60.66390361492709,0.9976
60.66390361492709,0.9977
60.66390361492709,0.9978
60.66390361492709,0.9979
60.66390361492709,0.998
60.66390361492709,0.9981
60.66390361492709,0.9982
60.66390361492709,0.9983
60.66390361492709,0.9984
60.66390361492709,0.9985
60.66390361492709,0.9986
60.66390361492709,0.9987
60.66390361492709,0.9988
60.66390361492709,0.9989
60.66390361492709,0.999
60.66390361492709,0.9991
60.66390361492709,0.9992
60.66390361492709,0.9993
60.66390361492709,0.9994
60.66390361492709,0.9995
60.66390361492709,0.9996
60.66390361492709,0.9997
60.66390361492709,0.9998
60.66390361492709,0.9999
60.66390361492709,1.0
