delta_regret_1000_cny,ecdf
-143.52583089397234,0.0001
-143.06090535202344,0.0002
-142.78229483578278,0.0003
-140.8639932415411,0.0004
-131.88358692173864,0.0005
-131.72487729595508,0.0006
-131.56744277345985,0.0007
-131.01659934501927,0.0008
-130.46855136902983,0.0009
-130.271412201746,0.001
-129.57185454385524,0.0011
-128.32500836444925,0.0012
-127.18353037060852,0.0013
-126.50536061417293,0.0014
-126.23070076749863,0.0015
-125.9659952034777,0.0016
-124.76669883714878,0.0017
-124.2607400848087,0.0018
-122.68240115448255,0.0019
-122.5463201477876,0.002
-121.536816736239,0.0021
-121.2573974534789,0.0022
-121.08600541353636,0.0023
-120.58268248680272,0.0024
-120.51559442146942,0.0025
-120.34121510146893,0.0026
-119.83504276708459,0.0027
-119.3001568199301,0.0028
-119.29397944447418,0.0029
-118.9082341523977,0.003
-118.42575699088088,0.0031
-118.39684296750295,0.0032
-117.97881892455985,0.0033
-117.67863570116906,0.0034
-117.5913523105355,0.0035
-117.4922771762656,0.0036
-117.34917705208639,0.0037
-116.97284648390169,0.0038
-116.870002915572,0.0039
-116.34844650720282,0.004
-115.75477190974803,0.0041
-115.58026236987654,0.0042
-115.38302693593782,0.0043
-115.2972415080184,0.0044
-114.78057411287371,0.0045
-114.6936664771445,0.0046
-114.43793580641056,0.0047
-114.42688050907832,0.0048
-114.00139367457776,0.0049
-113.75590886284242,0.005
-113.37115585888606,0.0051
-112.98478621176555,0.0052
-112.70051918098946,0.0053
-112.51800183158517,0.0054
-112.2469351156503,0.0055
-111.94364182033948,0.0056
-111.8946864966765,0.0057
-111.7943860732099,0.0058
-111.43727582959906,0.0059
-111.27306590452491,0.006
-111.035259876029,0.0061
-110.82286051872,0.0062
-110.72386665296759,0.0063
-110.32259671111461,0.0064
-110.28098973525688,0.0065
-109.56338017453888,0.0066
-109.34982799948232,0.0067
-109.27535556321293,0.0068
-109.2018803257473,0.0069
-108.5637165801268,0.007
-108.37120621332956,0.0071
-108.36068284238875,0.0072
-108.24191655260846,0.0073
-107.90065457997919,0.0074
-107.87174559171125,0.0075
-107.80767346436474,0.0076
-107.71909491938557,0.0077
-107.45239598629121,0.0078
-107.43511971434502,0.0079
-107.39249328748713,0.008
-107.17213683566264,0.0081
-106.71116754152457,0.0082
-106.6495153722126,0.0083
-106.45115734452997,0.0084
-106.38380905955266,0.0085
-106.37762513302155,0.0086
-106.04252279117779,0.0087
-106.00404273780099,0.0088
-105.80624693183265,0.0089
-105.53957009914723,0.009
-105.50131779888999,0.0091
-105.44041904178653,0.0092
-105.17028643548508,0.0093
-105.07144177747425,0.0094
-104.88896408774518,0.0095
-104.85900817975885,0.0096
-104.7369023070177,0.0097
-104.66632233818564,0.0098
-104.57059349075743,0.0099
-104.5613131983593,0.01
-104.53130801676996,0.0101
-104.5011548842173,0.0102
-104.31272803176643,0.0103
-103.9623688352445,0.0104
-103.95882525040582,0.0105
-103.62146294798443,0.0106
-103.51172293762622,0.0107
-103.10600170722286,0.0108
-102.42941779538597,0.0109
-102.18543413738237,0.011
-102.08142180045769,0.0111
-101.63420141200274,0.0112
-101.60779331266805,0.0113
-101.5178277148217,0.0114
-101.48237299924867,0.0115
-101.29567627329641,0.0116
-100.87497459329404,0.0117
-100.48147785366662,0.0118
-100.23106927964464,0.0119
-100.17076975488999,0.012
-99.88519310607984,0.0121
-99.79161684357412,0.0122
-99.7839142496463,0.0123
-99.57190528672673,0.0124
-99.06103498317245,0.0125
-98.99622620478907,0.0126
-98.81727772786635,0.0127
-98.81006156097986,0.0128
-98.68470193860679,0.0129
-98.64893124201186,0.013
-98.5035297007719,0.0131
-98.50284846946522,0.0132
-98.09674542054738,0.0133
-97.84860567313953,0.0134
-97.76399561996274,0.0135
-97.51291601243987,0.0136
-97.21733610717169,0.0137
-97.10171666748225,0.0138
-97.06316919958236,0.0139
-96.50688920048027,0.014
-96.41504386080744,0.0141
-96.3571207054263,0.0142
-96.32821886726748,0.0143
-96.23061607976648,0.0144
-96.21254400646984,0.0145
-96.16467985013051,0.0146
-95.92712017227336,0.0147
-95.91639334111362,0.0148
-95.80009338095431,0.0149
-95.67557051967755,0.015
-95.49778521936108,0.0151
-95.45243478105552,0.0152
-95.26151963168047,0.0153
-95.24945971087067,0.0154
-95.15829643549472,0.0155
-95.00535159530565,0.0156
-94.95615331087858,0.0157
-94.83414979437218,0.0158
-94.45226592729054,0.0159
-94.31522351242974,0.016
-94.24710343676732,0.0161
-94.16425171857996,0.0162
-94.09353719846028,0.0163
-94.07683079993836,0.0164
-93.93738770394437,0.0165
-93.79826163884886,0.0166
-93.79005414092484,0.0167
-93.55436321730613,0.0168
-93.5448431134334,0.0169
-93.30038527345414,0.017
-93.03676568301618,0.0171
-92.99324782202913,0.0172
-92.92038044203669,0.0173
-92.81386782854032,0.0174
-92.63251235196833,0.0175
-92.60967452779413,0.0176
-92.30306024667826,0.0177
-92.28118837283421,0.0178
-92.18347203611228,0.0179
-92.16061570279207,0.018
-91.82920082347971,0.0181
-91.79824514435269,0.0182
-91.79792748428733,0.0183
-91.62354858936277,0.0184
-91.5216493072383,0.0185
-91.48945758435204,0.0186
-91.48301594934314,0.0187
-91.22903934454973,0.0188
-91.22197533662393,0.0189
-91.14697519899774,0.019
-91.12387331481594,0.0191
-91.03830439838116,0.0192
-91.01230994253716,0.0193
-90.99651426022834,0.0194
-90.9328218615735,0.0195
-90.90818420613036,0.0196
-90.86758947767747,0.0197
-90.61406466417031,0.0198
-90.59864193813782,0.0199
-90.59146417508573,0.02
-90.42288127108664,0.0201
-90.33988436343411,0.0202
-90.24648279330395,0.0203
-89.83476272252537,0.0204
-89.71158720219991,0.0205
-89.68864884057717,0.0206
-89.32157569071278,0.0207
-89.27441114755683,0.0208
-89.1318647908533,0.0209
-89.11011604794898,0.021
-88.95274383305441,0.0211
-88.80186455389,0.0212
-88.76775234796348,0.0213
-88.73215414999873,0.0214
-88.69627311754748,0.0215
-88.58959469002727,0.0216
-88.43224615895339,0.0217
-88.3620717810884,0.0218
-88.35000397773608,0.0219
-88.33887272661329,0.022
-88.30303729966842,0.0221
-88.17694221209659,0.0222
-88.15335094657912,0.0223
-88.07590173607468,0.0224
-87.99332348873298,0.0225
-87.86797902614752,0.0226
-87.83615171964001,0.0227
-87.81677076965869,0.0228
-87.67435303937569,0.0229
-87.63891244752891,0.023
-87.54500457849895,0.0231
-87.53117441199495,0.0232
-87.47179331629239,0.0233
-87.24987019544375,0.0234
-87.04700839057378,0.0235
-86.88491938779205,0.0236
-86.85792942846604,0.0237
-86.8347883998515,0.0238
-86.79397967395485,0.0239
-86.76056815606282,0.024
-86.69657464375273,0.0241
-86.67179049490467,0.0242
-86.59993260087073,0.0243
-86.45810300423652,0.0244
-86.19271366956477,0.0245
-86.17371887760758,0.0246
-86.08959762510489,0.0247
-86.07003134494984,0.0248
-86.04844781220238,0.0249
-86.02355983845816,0.025
-85.79915779808239,0.0251
-85.77496599858402,0.0252
-85.59601619872471,0.0253
-85.54143905929662,0.0254
-85.5254952309342,0.0255
-85.50351378601994,0.0256
-85.30352742356676,0.0257
-85.21790451460555,0.0258
-85.21533434279263,0.0259
-85.18467678594403,0.026
-85.14467165597435,0.0261
-85.06320719778425,0.0262
-84.93816914403662,0.0263
-84.88705202729517,0.0264
-84.73966317684166,0.0265
-84.7164321589021,0.0266
-84.71197078718004,0.0267
-84.68380802122279,0.0268
-84.55954690410589,0.0269
-84.55589836984203,0.027
-84.4873206768021,0.0271
-84.37262766494322,0.0272
-84.27539623751045,0.0273
-83.96993996980618,0.0274
-83.96491208006069,0.0275
-83.92404694366584,0.0276
-83.8685280077191,0.0277
-83.77574947445727,0.0278
-83.75730777485278,0.0279
-83.72621519687435,0.028
-83.65693424846921,0.0281
-83.601830513902,0.0282
-83.55002878810613,0.0283
-83.53577662090136,0.0284
-83.52258304834048,0.0285
-83.44464948140401,0.0286
-83.41239154642895,0.0287
-83.4112780741073,0.0288
-83.36610935003793,0.0289
-83.21105810705983,0.029
-82.85970584690459,0.0291
-82.83796783261299,0.0292
-82.7828766172651,0.0293
-82.72684258026592,0.0294
-82.59885493915901,0.0295
-82.5054728711415,0.0296
-82.35213213412091,0.0297
-82.32389434023499,0.0298
-82.11734371462725,0.0299
-82.06364332180021,0.03
-82.05459314122685,0.0301
-82.00838796517588,0.0302
-81.66467850538082,0.0303
-81.65254499040637,0.0304
-81.64160295224505,0.0305
-81.55789554524868,0.0306
-81.52308340705521,0.0307
-81.48481296863837,0.0308
-81.42358066611811,0.0309
-81.33199442363139,0.031
-81.32668335197157,0.0311
-81.32067987739723,0.0312
-81.31491355576739,0.0313
-81.28795962653402,0.0314
-81.261219377454,0.0315
-81.20934977542012,0.0316
-81.17297745242082,0.0317
-81.15606476574057,0.0318
-81.0371217492925,0.0319
-80.95600724017768,0.032
-80.9183335478846,0.0321
-80.81612430113778,0.0322
-80.74660727108642,0.0323
-80.74409013100937,0.0324
-80.67606539729555,0.0325
-80.65118292655423,0.0326
-80.62873293525502,0.0327
-80.62282545441388,0.0328
-80.50164266671389,0.0329
-80.47211604323256,0.033
-80.40739377101511,0.0331
-80.36663263106067,0.0332
-80.35235446211696,0.0333
-80.2988819190042,0.0334
-80.26382624271942,0.0335
-80.24097286874354,0.0336
-80.13327781248594,0.0337
-80.0649669615468,0.0338
-80.01158866605387,0.0339
-79.91155256523191,0.034
-79.79752051836049,0.0341
-79.70419684961644,0.0342
-79.642786146814,0.0343
-79.6253286212327,0.0344
-79.55664897354431,0.0345
-79.55027702735477,0.0346
-79.51968776897752,0.0347
-79.3601548790507,0.0348
-79.14976871053612,0.0349
-79.10229118346665,0.035
-79.08757420093157,0.0351
-79.05223032882735,0.0352
-78.96799498250242,0.0353
-78.88274704093485,0.0354
-78.62560299579502,0.0355
-78.57711984224095,0.0356
-78.55224827164801,0.0357
-78.39161436976381,0.0358
-78.3397568022039,0.0359
-78.27040632847064,0.036
-78.24479180255422,0.0361
-78.23095719831662,0.0362
-78.18190664040465,0.0363
-78.14128238347918,0.0364
-77.91666946857946,0.0365
-77.89524025492891,0.0366
-77.84221897321885,0.0367
-77.82779705539009,0.0368
-77.78999589345976,0.0369
-77.77154942518435,0.037
-77.55629650434945,0.0371
-77.45745679561608,0.0372
-77.39954194356726,0.0373
-77.38921059308721,0.0374
-77.34205123593844,0.0375
-77.28834764827862,0.0376
-77.2546620595757,0.0377
-77.20916403369326,0.0378
-77.19831315634846,0.0379
-77.14472433992344,0.038
-77.09106695263907,0.0381
-76.95089949525335,0.0382
-76.8770821977768,0.0383
-76.72455392976961,0.0384
-76.65857413101904,0.0385
-76.64004809477777,0.0386
-76.53435863916091,0.0387
-76.49073032965308,0.0388
-76.35601005781704,0.0389
-76.25740609209555,0.039
-76.25148947007452,0.0391
-76.23929669285789,0.0392
-76.23690947319268,0.0393
-76.15469473738818,0.0394
-76.08507317625842,0.0395
-76.06263498901744,0.0396
-76.0067189629864,0.0397
-75.94947879671287,0.0398
-75.83651953074651,0.0399
-75.77205178777164,0.04
-75.72194610973764,0.0401
-75.69797811272034,0.0402
-75.63493995244895,0.0403
-75.61589619928858,0.0404
-75.45486070721893,0.0405
-75.33357855982986,0.0406
-75.2937202808978,0.0407
-75.26683892176895,0.0408
-75.15980553524848,0.0409
-75.10123718680964,0.041
-75.08031464685686,0.0411
-74.98239699140451,0.0412
-74.91605320424904,0.0413
-74.86669509191381,0.0414
-74.85123861096164,0.0415
-74.8323856084572,0.0416
-74.78898575935773,0.0417
-74.7775791898245,0.0418
-74.73612586673443,0.0419
-74.73575944055952,0.042
-74.72264816786274,0.0421
-74.55450039329621,0.0422
-74.42524689062722,0.0423
-74.24306537457294,0.0424
-74.20819402536229,0.0425
-74.18258645878342,0.0426
-74.17753282239437,0.0427
-74.03857492645942,0.0428
-73.93276630099584,0.0429
-73.84391095364597,0.043
-73.71947032508906,0.0431
-73.71368729782905,0.0432
-73.71103581492154,0.0433
-73.59987709061782,0.0434
-73.57505798894205,0.0435
-73.57392729225361,0.0436
-73.57183147735074,0.0437
-73.5272246357329,0.0438
-73.52097334503345,0.0439
-73.49031285423692,0.044
-73.47328975043091,0.0441
-73.40967092561219,0.0442
-73.35188330136761,0.0443
-73.34534559764265,0.0444
-73.23124971793796,0.0445
-72.99624584576394,0.0446
-72.97632063190342,0.0447
-72.92972722735722,0.0448
-72.8945530439956,0.0449
-72.8629759120021,0.045
-72.85751421021129,0.0451
-72.85451335557698,0.0452
-72.79630512882956,0.0453
-72.71819633984752,0.0454
-72.660697896282,0.0455
-72.54178211730272,0.0456
-72.51220222516748,0.0457
-72.49067731124907,0.0458
-72.48455402382649,0.0459
-72.4762197167512,0.046
-72.4049692940915,0.0461
-72.3850423573954,0.0462
-72.28184516505524,0.0463
-72.16618602147531,0.0464
-71.98393917289953,0.0465
-71.9616440885825,0.0466
-71.93507033099776,0.0467
-71.91999263480548,0.0468
-71.91101013702044,0.0469
-71.89296567212138,0.047
-71.84116449829564,0.0471
-71.83624455128648,0.0472
-71.82521423600724,0.0473
-71.80610558592285,0.0474
-71.79200722054932,0.0475
-71.78019474426992,0.0476
-71.73278521549386,0.0477
-71.7273854216043,0.0478
-71.7017940440368,0.0479
-71.47117405893448,0.048
-71.4078048190739,0.0481
-71.37501156172715,0.0482
-71.33190103491899,0.0483
-71.31362234569023,0.0484
-71.03362861160468,0.0485
-70.98896907075643,0.0486
-70.98830622383598,0.0487
-70.81399683121778,0.0488
-70.79649318928941,0.0489
-70.76522954491153,0.049
-70.70259039636888,0.0491
-70.67364536935575,0.0492
-70.58147625295966,0.0493
-70.51181112497804,0.0494
-70.38657070969138,0.0495
-70.27835410872902,0.0496
-70.27363076531515,0.0497
-70.26791872306651,0.0498
-70.2275709970709,0.0499
-70.15346299007125,0.05
-70.13847106453014,0.0501
-70.11480612039863,0.0502
-69.96627059174628,0.0503
-69.92203981860224,0.0504
-69.78826329419537,0.0505
-69.78643681694771,0.0506
-69.55745976746827,0.0507
-69.53758247099165,0.0508
-69.35382133367322,0.0509
-69.29803518236317,0.051
-69.2094875932727,0.0511
-69.19766969462876,0.0512
-69.19142084655073,0.0513
-69.18393002218957,0.0514
-69.17600539112799,0.0515
-69.15726059086303,0.0516
-68.94529563243464,0.0517
-68.84414776272719,0.0518
-68.77659674979188,0.0519
-68.77350406146608,0.052
-68.76530876370724,0.0521
-68.72912741206083,0.0522
-68.71365176921114,0.0523
-68.7051783991132,0.0524
-68.6561247680282,0.0525
-68.62058779337723,0.0526
-68.36510344977043,0.0527
-68.35160490861573,0.0528
-68.32655680130517,0.0529
-68.30323197823557,0.053
-68.24700406597238,0.0531
-68.204367912551,0.0532
-68.16185516382585,0.0533
-68.0903549204886,0.0534
-68.04589461205937,0.0535
-68.02277800447028,0.0536
-67.95611818129215,0.0537
-67.89701186819933,0.0538
-67.82923927872032,0.0539
-67.6565952271834,0.054
-67.64774087427202,0.0541
-67.6439865497254,0.0542
-67.62273564890772,0.0543
-67.54764829865135,0.0544
-67.52787555440868,0.0545
-67.51226325168182,0.0546
-67.49146960616427,0.0547
-67.3396956815645,0.0548
-67.31635962821227,0.0549
-67.19086559012028,0.055
-67.10927180565838,0.0551
-67.06753077002708,0.0552
-67.06273069207685,0.0553
-67.0543151768038,0.0554
-66.986302122318,0.0555
-66.97832139598242,0.0556
-66.94299759427179,0.0557
-66.89879246749692,0.0558
-66.87549654784725,0.0559
-66.85695656636543,0.056
-66.84967636635098,0.0561
-66.8231821955528,0.0562
-66.72986410744842,0.0563
-66.69703842822983,0.0564
-66.64506352511906,0.0565
-66.61093276614193,0.0566
-66.50056781859566,0.0567
-66.47565168843363,0.0568
-66.47510527984016,0.0569
-66.47219656076096,0.057
-66.44627354648746,0.0571
-66.44164908584281,0.0572
-66.43700885447115,0.0573
-66.37770453951956,0.0574
-66.35927703719679,0.0575
-66.35534353048205,0.0576
-66.2462768733833,0.0577
-66.2355384917641,0.0578
-66.20538010098988,0.0579
-66.16009865206274,0.058
-66.15556864407081,0.0581
-66.09427316389383,0.0582
-65.95003727945108,0.0583
-65.90728845093847,0.0584
-65.90076119200513,0.0585
-65.87692845988181,0.0586
-65.87593150697313,0.0587
-65.75664646106829,0.0588
-65.68476574550104,0.0589
-65.65881019877642,0.059
-65.55734427293483,0.0591
-65.38675717261563,0.0592
-65.36501860491894,0.0593
-65.34382632135954,0.0594
-65.33039618235844,0.0595
-65.32505263096319,0.0596
-65.24463502702694,0.0597
-65.24291842554827,0.0598
-65.2123955409471,0.0599
-65.20233404083662,0.06
-64.98707011730224,0.0601
-64.97881028347854,0.0602
-64.81660815850347,0.0603
-64.78844773076196,0.0604
-64.76828425559066,0.0605
-64.76715169923418,0.0606
-64.68108216145299,0.0607
-64.59818528983854,0.0608
-64.49506469513791,0.0609
-64.47809213293958,0.061
-64.47592703793961,0.0611
-64.4264416933002,0.0612
-64.40002069816757,0.0613
-64.37297744648271,0.0614
-64.36991598730478,0.0615
-64.22287636875193,0.0616
-64.20205758236722,0.0617
-64.07925289803615,0.0618
-64.06403136087432,0.0619
-64.04428138666414,0.062
-63.93586675284617,0.0621
-63.934460600875326,0.0622
-63.93047868700456,0.0623
-63.92434986003209,0.0624
-63.91200678902268,0.0625
-63.84745722367635,0.0626
-63.84571276837867,0.0627
-63.83930426038746,0.0628
-63.83387119145859,0.0629
-63.77040455916207,0.063
-63.751386494282634,0.0631
-63.73808705424424,0.0632
-63.657566301434485,0.0633
-63.62917932320219,0.0634
-63.588753879106605,0.0635
-63.57292991214078,0.0636
-63.54044769507236,0.0637
-63.5177163458962,0.0638
-63.51439090071862,0.0639
-63.47183924573772,0.064
-63.434917448613795,0.0641
-63.39405782277659,0.0642
-63.3826159442341,0.0643
-63.37906246661749,0.0644
-63.33531743634977,0.0645
-63.33452757639811,0.0646
-63.32608312312887,0.0647
-63.27510796888434,0.0648
-63.263473560465314,0.0649
-63.233749509385035,0.065
-63.22257420030162,0.0651
-63.207130338544395,0.0652
-63.16431162427515,0.0653
-63.1593276671285,0.0654
-63.112226425694864,0.0655
-63.10300719522685,0.0656
-63.08006247469299,0.0657
-62.985267998215186,0.0658
-62.91889166007973,0.0659
-62.895950879390725,0.066
-62.84971056389454,0.0661
-62.819596136044154,0.0662
-62.72720913737435,0.0663
-62.72654454677999,0.0664
-62.721851490912215,0.0665
-62.66063542981539,0.0666
-62.63813927148822,0.0667
-62.58342808977067,0.0668
-62.5608191593064,0.0669
-62.54546732655484,0.067
-62.46127221864946,0.0671
-62.4073634541642,0.0672
-62.346310745135135,0.0673
-62.26691817725971,0.0674
-62.23846983285155,0.0675
-62.23301111923846,0.0676
-62.20407994103823,0.0677
-62.169422246616705,0.0678
-62.09814297209867,0.0679
-62.063182178249214,0.068
-62.04799498226903,0.0681
-62.02819829859323,0.0682
-62.01597996749766,0.0683
-61.99313249693121,0.0684
-61.96698871280309,0.0685
-61.92670209991204,0.0686
-61.92496154466103,0.0687
-61.89468800573666,0.0688
-61.86533077321462,0.0689
-61.86385931561049,0.069
-61.74962757020052,0.0691
-61.73414312428609,0.0692
-61.70851634157113,0.0693
-61.6521224661991,0.0694
-61.639629326248915,0.0695
-61.60621596580093,0.0696
-61.60515620102807,0.0697
-61.560273145333674,0.0698
-61.54596108314488,0.0699
-61.439835018713964,0.07
-61.39620902826172,0.0701
-61.368543796549176,0.0702
-61.26429419818539,0.0703
-61.259665821732774,0.0704
-61.259271061679726,0.0705
-61.207404943856595,0.0706
-61.101079870842405,0.0707
-61.04641387766953,0.0708
-61.03382399241403,0.0709
-61.02175800838898,0.071
-60.94868311772514,0.0711
-60.90696379086971,0.0712
-60.84875472854824,0.0713
-60.83707277990021,0.0714
-60.794656719136796,0.0715
-60.77457394292578,0.0716
-60.759790142333685,0.0717
-60.744782343139875,0.0718
-60.70708912573159,0.0719
-60.66743729962371,0.072
-60.62806174655836,0.0721
-60.62264767027088,0.0722
-60.59899636305291,0.0723
-60.58414735520334,0.0724
-60.53752997638919,0.0725
-60.50855516344775,0.0726
-60.487057022370955,0.0727
-60.40504705282001,0.0728
-60.387312707195996,0.0729
-60.307233916493686,0.073
-60.271315766756054,0.0731
-60.26704013906234,0.0732
-60.26466872712802,0.0733
-60.21491311309281,0.0734
-60.18613249991294,0.0735
-60.165774997804505,0.0736
-59.984507369629114,0.0737
-59.92364317801333,0.0738
-59.89336672152131,0.0739
-59.85953957039918,0.074
-59.83904182689618,0.0741
-59.80677273740526,0.0742
-59.805589887961744,0.0743
-59.72706528652926,0.0744
-59.66615741276797,0.0745
-59.56538523839339,0.0746
-59.5190691119628,0.0747
-59.453600065719904,0.0748
-59.44791398485881,0.0749
-59.44197166852317,0.075
-59.44155588897858,0.0751
-59.43100411344022,0.0752
-59.332226418101236,0.0753
-59.29010446115379,0.0754
-59.26840526999998,0.0755
-59.26821589229628,0.0756
-59.18440378745124,0.0757
-59.17438493761718,0.0758
-59.167332154694385,0.0759
-59.13089506884757,0.076
-59.10548491427563,0.0761
-59.089757521485915,0.0762
-59.08457033655421,0.0763
-59.03790389356966,0.0764
-58.98463134384006,0.0765
-58.919067940263446,0.0766
-58.9136200022284,0.0767
-58.8928017425811,0.0768
-58.86519527718909,0.0769
-58.85421811277457,0.077
-58.82728498116396,0.0771
-58.81573300018292,0.0772
-58.78212722929045,0.0773
-58.77470473219398,0.0774
-58.74940254000593,0.0775
-58.74660522094201,0.0776
-58.66846589052417,0.0777
-58.577909191376534,0.0778
-58.54576688681039,0.0779
-58.520996345792526,0.078
-58.45489626318869,0.0781
-58.31285795403197,0.0782
-58.30324734954219,0.0783
-58.2969911691798,0.0784
-58.25163672300223,0.0785
-58.24989455858153,0.0786
-58.198328177749,0.0787
-58.184875338158015,0.0788
-58.0552861962691,0.0789
-58.04582477006316,0.079
-58.040382464308294,0.0791
-57.93452574227936,0.0792
-57.90731863516737,0.0793
-57.881775342202,0.0794
-57.82934221614823,0.0795
-57.81523525777049,0.0796
-57.757837401761684,0.0797
-57.71799738655332,0.0798
-57.70318110402841,0.0799
-57.686200310396586,0.08
-57.67239008081649,0.0801
-57.658182911215164,0.0802
-57.610390068092386,0.0803
-57.56599943805859,0.0804
-57.563415955843595,0.0805
-57.55724349082019,0.0806
-57.521867733068945,0.0807
-57.27036398950462,0.0808
-57.267073925579524,0.0809
-57.25557312266436,0.081
-57.25213895996008,0.0811
-57.17569156721104,0.0812
-57.170058132722595,0.0813
-57.16942173158732,0.0814
-57.12659985285792,0.0815
-57.106029428628275,0.0816
-57.0403615848422,0.0817
-57.0088972680457,0.0818
-56.9328673193507,0.0819
-56.931222522270126,0.082
-56.86415683658608,0.0821
-56.82368611023929,0.0822
-56.78853491864782,0.0823
-56.78570230453722,0.0824
-56.75830086084139,0.0825
-56.754900267430216,0.0826
-56.62126991026737,0.0827
-56.42926335466337,0.0828
-56.380141781078464,0.0829
-56.2993358560266,0.083
-56.26565128584561,0.0831
-56.25449091642294,0.0832
-56.24793848255054,0.0833
-56.15671597320717,0.0834
-56.08495403469931,0.0835
-56.06812779858448,0.0836
-56.05665051830375,0.0837
-56.05257516092918,0.0838
-56.01953077814561,0.0839
-55.98164501128849,0.084
-55.93393523201643,0.0841
-55.91121659292188,0.0842
-55.87632117136828,0.0843
-55.765354827440525,0.0844
-55.73057068793084,0.0845
-55.69003382916376,0.0846
-55.65322349525318,0.0847
-55.60465757470354,0.0848
-55.58830258107558,0.0849
-55.552787478521466,0.085
-55.499346911628365,0.0851
-55.4415311332699,0.0852
-55.432551688814165,0.0853
-55.341823551942774,0.0854
-55.32881941772122,0.0855
-55.28206360198464,0.0856
-55.20039312005974,0.0857
-55.146654036990924,0.0858
-55.132096467221906,0.0859
-55.13175216467995,0.086
-54.981900794410706,0.0861
-54.89971135289259,0.0862
-54.82678470544574,0.0863
-54.81471347963903,0.0864
-54.76903281782548,0.0865
-54.76116528308689,0.0866
-54.57973946653754,0.0867
-54.57681651333347,0.0868
-54.50081063334476,0.0869
-54.493785318026504,0.087
-54.403307141810465,0.0871
-54.23792345896028,0.0872
-54.191113692857506,0.0873
-54.12833002371191,0.0874
-54.12716666435079,0.0875
-54.07746413886565,0.0876
-54.07186906172689,0.0877
-54.06243888714984,0.0878
-54.04001992080006,0.0879
-54.03315298988241,0.088
-54.01572575466299,0.0881
-53.99931074651983,0.0882
-53.90458926205784,0.0883
-53.88870884477775,0.0884
-53.85945563600864,0.0885
-53.77413358555455,0.0886
-53.73798510478623,0.0887
-53.73293441089932,0.0888
-53.70105314675123,0.0889
-53.68406745045054,0.089
-53.6598414396245,0.0891
-53.655452418570405,0.0892
-53.529461733213445,0.0893
-53.525533710709404,0.0894
-53.46445879387074,0.0895
-53.320092406481876,0.0896
-53.31821010427215,0.0897
-53.2155558616668,0.0898
-53.18952565758955,0.0899
-53.173963803246615,0.09
-53.15276370130666,0.0901
-53.11115248054545,0.0902
-53.09611893040892,0.0903
-53.02040865444504,0.0904
-53.01278135530837,0.0905
-52.988184679780154,0.0906
-52.987595244549404,0.0907
-52.88883703966513,0.0908
-52.862680450068595,0.0909
-52.846058805897464,0.091
-52.801435884472355,0.0911
-52.74939687766264,0.0912
-52.734386655413736,0.0913
-52.72053311997466,0.0914
-52.69273408966548,0.0915
-52.68001112386603,0.0916
-52.66917992010378,0.0917
-52.624434484974294,0.0918
-52.56288010948617,0.0919
-52.545630496484044,0.092
-52.54535214808918,0.0921
-52.511288597473495,0.0922
-52.49146319554281,0.0923
-52.449713099669474,0.0924
-52.35791013183836,0.0925
-52.35331631833985,0.0926
-52.3358186726736,0.0927
-52.31696153178085,0.0928
-52.24561481251288,0.0929
-52.23922244354524,0.093
-52.20822938018293,0.0931
-52.11517260938306,0.0932
-52.107129905248435,0.0933
-52.106127022721424,0.0934
-52.10505431391374,0.0935
-52.050931189925414,0.0936
-52.03143749051429,0.0937
-52.02862305423934,0.0938
-52.02512938367967,0.0939
-52.011150110347195,0.094
-51.99739994695075,0.0941
-51.95802810400315,0.0942
-51.91805971070342,0.0943
-51.903751093020475,0.0944
-51.89216927996558,0.0945
-51.883805053602536,0.0946
-51.865670668479986,0.0947
-51.823451648245374,0.0948
-51.79990209921412,0.0949
-51.79152729215976,0.095
-51.73446876937208,0.0951
-51.73267050328162,0.0952
-51.71640331150405,0.0953
-51.700076784271744,0.0954
-51.68030166086797,0.0955
-51.59870380693767,0.0956
-51.51895528941508,0.0957
-51.51450299176091,0.0958
-51.50902088323701,0.0959
-51.493724546813404,0.096
-51.48003128476385,0.0961
-51.443715458878316,0.0962
-51.426437304829804,0.0963
-51.34571458507199,0.0964
-51.3276624920832,0.0965
-51.298848521458915,0.0966
-51.28154973803797,0.0967
-51.26773677345961,0.0968
-51.236250122706224,0.0969
-51.226209050004925,0.097
-51.22198684496898,0.0971
-51.188425332231255,0.0972
-51.15777274044528,0.0973
-51.12333095083404,0.0974
-51.063650174477324,0.0975
-51.05979508952368,0.0976
-51.057445879070464,0.0977
-51.04773238044623,0.0978
-51.02404446639959,0.0979
-50.9281024383083,0.098
-50.92188657608908,0.0981
-50.89293615735602,0.0982
-50.87791095381174,0.0983
-50.8684529310625,0.0984
-50.85896468494106,0.0985
-50.81927046378981,0.0986
-50.78629265574459,0.0987
-50.718386352574456,0.0988
-50.659363996884785,0.0989
-50.62016341460664,0.099
-50.62003173213843,0.0991
-50.59910276494119,0.0992
-50.54834816957768,0.0993
-50.48840247339364,0.0994
-50.45317120707576,0.0995
-50.396493480954135,0.0996
-50.35928907055408,0.0997
-50.35809348511938,0.0998
-50.31663834332079,0.0999
-50.30685922406502,0.1
-50.28299402611907,0.1001
-50.27888953746948,0.1002
-50.27425611783527,0.1003
-50.2736301169958,0.1004
-50.24492718356625,0.1005
-50.225355545662524,0.1006
-50.108318611274285,0.1007
-50.095842824222345,0.1008
-50.089491773307515,0.1009
-50.071527867094424,0.101
-50.015873820033306,0.1011
-50.01273090514914,0.1012
-49.97823921914939,0.1013
-49.956018449900114,0.1014
-49.94375779137071,0.1015
-49.93284545001853,0.1016
-49.904699425814115,0.1017
-49.79830652413983,0.1018
-49.798032476617394,0.1019
-49.769755434777586,0.102
-49.74433081150335,0.1021
-49.735362352322966,0.1022
-49.73242464559097,0.1023
-49.64558820049278,0.1024
-49.619422883530156,0.1025
-49.58940725760422,0.1026
-49.51622283609435,0.1027
-49.51447266053912,0.1028
-49.46419874810409,0.1029
-49.41965193016622,0.103
-49.37549320716988,0.1031
-49.32989320863206,0.1032
-49.32475704002175,0.1033
-49.31940771702025,0.1034
-49.30788408900667,0.1035
-49.294114552385174,0.1036
-49.28540711865109,0.1037
-49.274410555596845,0.1038
-49.25288369765151,0.1039
-49.247084519626206,0.104
-49.20572308287024,0.1041
-49.156852935704585,0.1042
-49.1277460446624,0.1043
-49.110930077947124,0.1044
-49.105368037418835,0.1045
-49.07920128490235,0.1046
-49.045409356883724,0.1047
-49.03465594734997,0.1048
-49.01195480107591,0.1049
-48.987568243193444,0.105
-48.92594711778238,0.1051
-48.90161715332866,0.1052
-48.89616194315273,0.1053
-48.89142950492614,0.1054
-48.877628811826554,0.1055
-48.853982502515244,0.1056
-48.8317016306106,0.1057
-48.808599605154065,0.1058
-48.808584708916584,0.1059
-48.79660613486823,0.106
-48.77684320836272,0.1061
-48.74271667960976,0.1062
-48.735254984074274,0.1063
-48.724934894360416,0.1064
-48.7219329125246,0.1065
-48.70220627311058,0.1066
-48.669261939005736,0.1067
-48.65549160648138,0.1068
-48.63176930172592,0.1069
-48.61277572104708,0.107
-48.47361476460639,0.1071
-48.453240552418116,0.1072
-48.33794760841336,0.1073
-48.29476438128036,0.1074
-48.28262181475014,0.1075
-48.27233188254741,0.1076
-48.207809433540326,0.1077
-48.20171534359641,0.1078
-48.16148857591656,0.1079
-48.14273086096272,0.108
-48.07639706267286,0.1081
-47.98288310474176,0.1082
-47.97195177030564,0.1083
-47.930085631772876,0.1084
-47.883838531327626,0.1085
-47.88207153498809,0.1086
-47.877825940494425,0.1087
-47.867095004652256,0.1088
-47.85738477829639,0.1089
-47.85027022946626,0.109
-47.79355449394882,0.1091
-47.76592007783614,0.1092
-47.754422002444976,0.1093
-47.74447358463425,0.1094
-47.71125111110918,0.1095
-47.68733375406788,0.1096
-47.677195574948,0.1097
-47.617065477402136,0.1098
-47.61193284644355,0.1099
-47.58032885027751,0.11
-47.57480824412797,0.1101
-47.552883497808686,0.1102
-47.538911821960845,0.1103
-47.506150781193185,0.1104
-47.47945584607833,0.1105
-47.46969489004015,0.1106
-47.46822288642359,0.1107
-47.44550131960176,0.1108
-47.43738579447884,0.1109
-47.38412666446585,0.111
-47.33016166371721,0.1111
-47.309495339596275,0.1112
-47.28773340865597,0.1113
-47.26886315113492,0.1114
-47.24765482192505,0.1115
-47.24730852131527,0.1116
-47.23941617619656,0.1117
-47.23762951076254,0.1118
-47.19549962435886,0.1119
-47.182819534517826,0.112
-47.168775040478636,0.1121
-47.163103560680334,0.1122
-47.13434989438559,0.1123
-47.06624751053844,0.1124
-47.062516172932085,0.1125
-47.05853561938647,0.1126
-47.0006708094042,0.1127
-46.99151889517252,0.1128
-46.93080224951114,0.1129
-46.92911431004721,0.113
-46.90340899720713,0.1131
-46.885981262453456,0.1132
-46.87922315881904,0.1133
-46.819258078484424,0.1134
-46.80559127241243,0.1135
-46.77446537607909,0.1136
-46.75850780356694,0.1137
-46.7433554023305,0.1138
-46.733779714825744,0.1139
-46.709428285331846,0.114
-46.624052311992465,0.1141
-46.61615219061542,0.1142
-46.60309890967421,0.1143
-46.60272166144363,0.1144
-46.5888029518893,0.1145
-46.58838224831205,0.1146
-46.51419602816459,0.1147
-46.48819508162401,0.1148
-46.43712325079329,0.1149
-46.43160803329442,0.115
-46.42626137562637,0.1151
-46.41977308970541,0.1152
-46.313625034517045,0.1153
-46.23711538500358,0.1154
-46.23271515940819,0.1155
-46.197680591547304,0.1156
-46.188352799328044,0.1157
-46.164306144125945,0.1158
-46.12821839320994,0.1159
-46.10580298431497,0.116
-46.0959203636341,0.1161
-46.09191734281091,0.1162
-46.039266919472254,0.1163
-46.01023964311425,0.1164
-46.00089213502518,0.1165
-45.997522304687095,0.1166
-45.979012737574614,0.1167
-45.95314381472953,0.1168
-45.94930691736732,0.1169
-45.93648844937608,0.117
-45.933255632957994,0.1171
-45.866084132302554,0.1172
-45.86021688198727,0.1173
-45.85656489873622,0.1174
-45.849822877472825,0.1175
-45.847166619878266,0.1176
-45.83182853578794,0.1177
-45.794576659472845,0.1178
-45.738189085564024,0.1179
-45.64895396611821,0.118
-45.64756724908687,0.1181
-45.63107946688123,0.1182
-45.61480858297441,0.1183
-45.61295079059471,0.1184
-45.51361532561947,0.1185
-45.505068637044346,0.1186
-45.418808099339714,0.1187
-45.35299218938891,0.1188
-45.23803657192607,0.1189
-45.18366023635529,0.119
-45.12547117103357,0.1191
-45.123129291757564,0.1192
-45.06884929878618,0.1193
-45.066887219168244,0.1194
-45.061339057957376,0.1195
-45.06104876264464,0.1196
-45.007512273040035,0.1197
-45.002993991438856,0.1198
-44.95264096091259,0.1199
-44.91603221366293,0.12
-44.90869245578814,0.1201
-44.86551510612835,0.1202
-44.84730340987723,0.1203
-44.81271062799078,0.1204
-44.7965047378866,0.1205
-44.773176859428176,0.1206
-44.73975986761246,0.1207
-44.71331448578108,0.1208
-44.700745120345985,0.1209
-44.694558530042876,0.121
-44.68048348835054,0.1211
-44.65353021587524,0.1212
-44.6525571918264,0.1213
-44.62081183092222,0.1214
-44.604886840180306,0.1215
-44.600819342045675,0.1216
-44.59674105830527,0.1217
-44.56759395647645,0.1218
-44.56359809083455,0.1219
-44.55115847411547,0.122
-44.47726981215384,0.1221
-44.46866706590467,0.1222
-44.433054502389396,0.1223
-44.41886997846887,0.1224
-44.385732617184885,0.1225
-44.371413235443825,0.1226
-44.31926412717644,0.1227
-44.315564099002074,0.1228
-44.30403626238872,0.1229
-44.28264976665843,0.123
-44.261157313696664,0.1231
-44.260624878372056,0.1232
-44.253583977185,0.1233
-44.237164976963776,0.1234
-44.189859146481,0.1235
-44.18810182635002,0.1236
-44.17407289115228,0.1237
-44.17205869402047,0.1238
-44.166596154533885,0.1239
-44.15854655647706,0.124
-44.14215344107896,0.1241
-44.06644654600471,0.1242
-44.02692484115437,0.1243
-44.01490867231377,0.1244
-43.99819051320944,0.1245
-43.98614561630246,0.1246
-43.947583133317536,0.1247
-43.9461157076111,0.1248
-43.917390959994506,0.1249
-43.91338446276095,0.125
-43.89635228487086,0.1251
-43.879785717128954,0.1252
-43.87760912398249,0.1253
-43.85483253499027,0.1254
-43.80800571722295,0.1255
-43.803053112418574,0.1256
-43.79826593867745,0.1257
-43.79155809911582,0.1258
-43.742593760632346,0.1259
-43.7332912787795,0.126
-43.71305665740184,0.1261
-43.702247380379404,0.1262
-43.671757018103264,0.1263
-43.65207790985163,0.1264
-43.589708932410915,0.1265
-43.573984571860734,0.1266
-43.5472988555422,0.1267
-43.472866873771515,0.1268
-43.47019962902405,0.1269
-43.45996786789577,0.127
-43.45157840744649,0.1271
-43.43956007945016,0.1272
-43.43584273796081,0.1273
-43.427613056265564,0.1274
-43.41040929840319,0.1275
-43.39870964327492,0.1276
-43.39257971113119,0.1277
-43.360518056410186,0.1278
-43.3553174876703,0.1279
-43.34855827143975,0.128
-43.33446706515309,0.1281
-43.3255129473744,0.1282
-43.27202078544162,0.1283
-43.26592958819326,0.1284
-43.24117435180955,0.1285
-43.23449781196956,0.1286
-43.223414054820864,0.1287
-43.195815309984795,0.1288
-43.17479519649316,0.1289
-43.14093048509769,0.129
-43.125907211510274,0.1291
-43.11423491440061,0.1292
-43.099427365224805,0.1293
-43.06039677591604,0.1294
-43.01677170967218,0.1295
-43.00648759242817,0.1296
-43.003361391314314,0.1297
-42.96497409642581,0.1298
-42.96042059905566,0.1299
-42.95475906322412,0.13
-42.95028546535205,0.1301
-42.9253895947421,0.1302
-42.92455555048715,0.1303
-42.90204646028355,0.1304
-42.883027962829175,0.1305
-42.804602755451015,0.1306
-42.78093985040579,0.1307
-42.77322625136692,0.1308
-42.693127035828866,0.1309
-42.66557586694453,0.131
-42.6651114192048,0.1311
-42.64520906098801,0.1312
-42.637004130207565,0.1313
-42.59874903548173,0.1314
-42.54662177861892,0.1315
-42.48611764070504,0.1316
-42.44206116746571,0.1317
-42.423178766699316,0.1318
-42.4152888995668,0.1319
-42.377552147279125,0.132
-42.314962468913755,0.1321
-42.30755278600995,0.1322
-42.30568956232816,0.1323
-42.304493521748476,0.1324
-42.275412599656356,0.1325
-42.2739279741818,0.1326
-42.21474919361267,0.1327
-42.209917259799866,0.1328
-42.196235299830505,0.1329
-42.18009253626187,0.133
-42.1681356029639,0.1331
-42.11358965337183,0.1332
-42.08559621036331,0.1333
-42.08332539714798,0.1334
-42.056122918477655,0.1335
-42.03161245161369,0.1336
-41.96081889644191,0.1337
-41.918177416090664,0.1338
-41.91551457440239,0.1339
-41.85221001069322,0.134
-41.84962015112752,0.1341
-41.84769609600809,0.1342
-41.83485244454853,0.1343
-41.70819885177128,0.1344
-41.70313747792635,0.1345
-41.69184785082527,0.1346
-41.674291003390785,0.1347
-41.674041683195156,0.1348
-41.66254482720811,0.1349
-41.6444826870123,0.135
-41.6279084454488,0.1351
-41.60430512034875,0.1352
-41.5904003370516,0.1353
-41.542888475637135,0.1354
-41.51471489001979,0.1355
-41.485021208673906,0.1356
-41.47794903752357,0.1357
-41.450886220176514,0.1358
-41.395608422497105,0.1359
-41.38656510554813,0.136
-41.35859346015379,0.1361
-41.35616163381767,0.1362
-41.34597185526211,0.1363
-41.24276948019378,0.1364
-41.24018020627555,0.1365
-41.23733921264223,0.1366
-41.23632212095949,0.1367
-41.22893843420129,0.1368
-41.22429317883048,0.1369
-41.20008751798477,0.137
-41.19084149748869,0.1371
-41.18184471437615,0.1372
-41.13518258518092,0.1373
-41.12430983655341,0.1374
-41.11073043137025,0.1375
-41.09349567834008,0.1376
-41.08985514311269,0.1377
-41.08542001309302,0.1378
-41.03216999297794,0.1379
-41.0269730410356,0.138
-40.98246970513817,0.1381
-40.969761303417194,0.1382
-40.943010825614074,0.1383
-40.91912865814379,0.1384
-40.90433489833306,0.1385
-40.88290828737244,0.1386
-40.846435274099,0.1387
-40.84503644263316,0.1388
-40.835706684925405,0.1389
-40.83174518290069,0.139
-40.775772315303605,0.1391
-40.77142371012344,0.1392
-40.76203448203449,0.1393
-40.73848182504623,0.1394
-40.69565738211609,0.1395
-40.6356249724146,0.1396
-40.63188612560015,0.1397
-40.59540494534746,0.1398
-40.588309368958136,0.1399
-40.55378122128099,0.14
-40.49415097609442,0.1401
-40.49184079840631,0.1402
-40.47544565828853,0.1403
-40.40426528226007,0.1404
-40.365535299018205,0.1405
-40.322160866093824,0.1406
-40.28773724469059,0.1407
-40.28384557378106,0.1408
-40.263249645207075,0.1409
-40.23840634798165,0.141
-40.23644436130579,0.1411
-40.23462296311353,0.1412
-40.21232581390927,0.1413
-40.16093564270641,0.1414
-40.1176155887315,0.1415
-40.09582578606438,0.1416
-40.060252552181666,0.1417
-40.04038909566366,0.1418
-40.01575604504254,0.1419
-40.01482308461126,0.142
-40.01008677442241,0.1421
-40.00349131358303,0.1422
-39.97266180051807,0.1423
-39.97014467354938,0.1424
-39.96592648945227,0.1425
-39.9596507000925,0.1426
-39.94273676400539,0.1427
-39.93008306065165,0.1428
-39.91113479230273,0.1429
-39.90203166523669,0.143
-39.90031351154745,0.1431
-39.872742835349406,0.1432
-39.86294228286203,0.1433
-39.84643889489528,0.1434
-39.82648414219487,0.1435
-39.74121552763803,0.1436
-39.74018971164245,0.1437
-39.738845122796484,0.1438
-39.69719574121274,0.1439
-39.689093874111016,0.144
-39.66125095377881,0.1441
-39.6516316524988,0.1442
-39.62546263404656,0.1443
-39.589247584263234,0.1444
-39.53809025689755,0.1445
-39.52700337988678,0.1446
-39.52194398568291,0.1447
-39.50758993895874,0.1448
-39.500232746310715,0.1449
-39.4355940677166,0.145
-39.40926086660754,0.1451
-39.39352639655583,0.1452
-39.37418071795664,0.1453
-39.33545575438626,0.1454
-39.32924852250386,0.1455
-39.30883233091664,0.1456
-39.305683979887704,0.1457
-39.291419943327085,0.1458
-39.26727001555897,0.1459
-39.254798319774125,0.146
-39.25473973031287,0.1461
-39.24969881626405,0.1462
-39.228647016808395,0.1463
-39.228561925234835,0.1464
-39.209936067720875,0.1465
-39.17171439726743,0.1466
-39.157130842437034,0.1467
-39.15507660014648,0.1468
-39.15100380558633,0.1469
-39.111341296485065,0.147
-39.09803916233275,0.1471
-39.09591052778586,0.1472
-39.09012577421554,0.1473
-39.06208242124952,0.1474
-39.05714917989446,0.1475
-39.04310451482609,0.1476
-39.03127593229786,0.1477
-38.9578193268612,0.1478
-38.87916121052299,0.1479
-38.874092453472684,0.148
-38.87100311770663,0.1481
-38.86507548892796,0.1482
-38.86065182691719,0.1483
-38.85070098387767,0.1484
-38.83767864754535,0.1485
-38.83349962769821,0.1486
-38.78726603919081,0.1487
-38.73080426096376,0.1488
-38.72712528105265,0.1489
-38.666536218995596,0.149
-38.65233678520695,0.1491
-38.648200343355164,0.1492
-38.549285327864624,0.1493
-38.53706369909644,0.1494
-38.531641203945505,0.1495
-38.53084754848834,0.1496
-38.48752267371136,0.1497
-38.409840125206856,0.1498
-38.37477647585067,0.1499
-38.34221612719726,0.15
-38.32381931557748,0.1501
-38.3101777527146,0.1502
-38.22310137756615,0.1503
-38.20213419038709,0.1504
-38.198836732628195,0.1505
-38.19598021597136,0.1506
-38.14860617592875,0.1507
-38.12873528885413,0.1508
-38.12134751664438,0.1509
-38.09017444908526,0.151
-38.07170478306599,0.1511
-38.06535826088805,0.1512
-37.93709758233447,0.1513
-37.914382267174126,0.1514
-37.88606980385315,0.1515
-37.86621592815165,0.1516
-37.85979060933068,0.1517
-37.85910762016475,0.1518
-37.85904500347878,0.1519
-37.81626049061566,0.152
-37.80572159299217,0.1521
-37.76780578576886,0.1522
-37.757258416313675,0.1523
-37.75444591310341,0.1524
-37.74583177048192,0.1525
-37.74266166985482,0.1526
-37.726018231130766,0.1527
-37.72585970959477,0.1528
-37.70334788646567,0.1529
-37.66360127285905,0.153
-37.66095903303548,0.1531
-37.656422433045506,0.1532
-37.64735183340516,0.1533
-37.64735024689138,0.1534
-37.62940372388381,0.1535
-37.622987517451115,0.1536
-37.62177710464689,0.1537
-37.56432450673263,0.1538
-37.562710668962076,0.1539
-37.54908577494994,0.154
-37.54790729675908,0.1541
-37.50126229871176,0.1542
-37.488428261761555,0.1543
-37.488118758911824,0.1544
-37.46810511286817,0.1545
-37.451585738996975,0.1546
-37.43026151490248,0.1547
-37.42392657585908,0.1548
-37.42384359813817,0.1549
-37.4042166668037,0.155
-37.374046273777076,0.1551
-37.3646757916117,0.1552
-37.36457549715135,0.1553
-37.33195378732681,0.1554
-37.278754806885495,0.1555
-37.25936991416756,0.1556
-37.22796432470773,0.1557
-37.223850688793505,0.1558
-37.19607777987328,0.1559
-37.127930950896264,0.156
-37.12308714637495,0.1561
-37.11792244099304,0.1562
-37.11579947538022,0.1563
-37.096434041615574,0.1564
-37.08752264732699,0.1565
-37.08290667614322,0.1566
-37.06665779115259,0.1567
-37.05979620753787,0.1568
-37.0324412940504,0.1569
-36.97705956948717,0.157
-36.97207051413562,0.1571
-36.92938148339987,0.1572
-36.885633596893214,0.1573
-36.87770222679619,0.1574
-36.82392692476362,0.1575
-36.821507684563095,0.1576
-36.81642859288044,0.1577
-36.762177709718976,0.1578
-36.725405735978114,0.1579
-36.698874167008135,0.158
-36.678824840372776,0.1581
-36.66200608104076,0.1582
-36.64724850827996,0.1583
-36.603215724471774,0.1584
-36.58508190083393,0.1585
-36.5564775669165,0.1586
-36.55520376142356,0.1587
-36.535368661746574,0.1588
-36.52642820020429,0.1589
-36.51198502414878,0.159
-36.490423345543256,0.1591
-36.48236396702025,0.1592
-36.45789625651687,0.1593
-36.44880586399138,0.1594
-36.39923084905855,0.1595
-36.35168884917143,0.1596
-36.328253869730986,0.1597
-36.313540544979276,0.1598
-36.250300305506585,0.1599
-36.24994738209415,0.16
-36.24022485630922,0.1601
-36.22003476807307,0.1602
-36.21721862762142,0.1603
-36.19617855927907,0.1604
-36.184611890997736,0.1605
-36.17487495483793,0.1606
-36.16519790214244,0.1607
-36.15662126299422,0.1608
-36.12205237374268,0.1609
-36.109192510728725,0.161
-36.10536066663824,0.1611
-36.07289582766499,0.1612
-36.042537875865584,0.1613
-36.017825407911836,0.1614
-35.997676884298585,0.1615
-35.99510543045458,0.1616
-35.994572198647255,0.1617
-35.96742269141096,0.1618
-35.876966094537075,0.1619
-35.86678965462465,0.162
-35.85635706161595,0.1621
-35.85002445623465,0.1622
-35.83014422881679,0.1623
-35.82087860309296,0.1624
-35.792395541975836,0.1625
-35.78552748432327,0.1626
-35.775152288144824,0.1627
-35.774655192757386,0.1628
-35.77352638119925,0.1629
-35.75089717355762,0.163
-35.733628137149104,0.1631
-35.72930655140447,0.1632
-35.726217353177255,0.1633
-35.71190186725557,0.1634
-35.7062803785488,0.1635
-35.69287263838203,0.1636
-35.66271806595567,0.1637
-35.63139671493713,0.1638
-35.6214049907621,0.1639
-35.61450726141128,0.164
-35.6013814006256,0.1641
-35.58137988833246,0.1642
-35.576739716719096,0.1643
-35.57037769674155,0.1644
-35.55584540535901,0.1645
-35.551606253675374,0.1646
-35.46467978363614,0.1647
-35.44886509733312,0.1648
-35.39786808512378,0.1649
-35.389237426310586,0.165
-35.356012466545025,0.1651
-35.3332048826497,0.1652
-35.32980954831875,0.1653
-35.2999768318031,0.1654
-35.29089978309665,0.1655
-35.23812804642766,0.1656
-35.23117409853973,0.1657
-35.18929021293987,0.1658
-35.18115195689705,0.1659
-35.17654228475038,0.166
-35.16698709446565,0.1661
-35.15557527758852,0.1662
-35.14830052827373,0.1663
-35.143820032614094,0.1664
-35.14070521259756,0.1665
-35.12882131117229,0.1666
-35.12456604518276,0.1667
-35.071789603113565,0.1668
-35.06992183594182,0.1669
-35.06941934210621,0.167
-35.05156336736958,0.1671
-35.01750968303867,0.1672
-35.015878679996916,0.1673
-34.97075339625664,0.1674
-34.95702283030376,0.1675
-34.95321637299824,0.1676
-34.94777069616877,0.1677
-34.943469068827476,0.1678
-34.93304336299319,0.1679
-34.93132393302453,0.168
-34.920531431168875,0.1681
-34.91427115761023,0.1682
-34.88115369922575,0.1683
-34.88013597907983,0.1684
-34.80183963961899,0.1685
-34.77912887570951,0.1686
-34.77802428855747,0.1687
-34.76626702936832,0.1688
-34.75963132649157,0.1689
-34.748001435786485,0.169
-34.745360878806004,0.1691
-34.71477201595809,0.1692
-34.713850865943165,0.1693
-34.712455342975446,0.1694
-34.71127317512315,0.1695
-34.708030804605784,0.1696
-34.6755099222226,0.1697
-34.67408890020065,0.1698
-34.64139589977674,0.1699
-34.60897044112682,0.17
-34.601047661646454,0.1701
-34.588101863354446,0.1702
-34.58763716415242,0.1703
-34.577105375968664,0.1704
-34.55725690985322,0.1705
-34.555930877028395,0.1706
-34.51335866337065,0.1707
-34.47533963759989,0.1708
-34.46171532286051,0.1709
-34.45951456502546,0.171
-34.44220569938868,0.1711
-34.435211103475275,0.1712
-34.4289881726997,0.1713
-34.39408921561111,0.1714
-34.38239444257692,0.1715
-34.34617662670463,0.1716
-34.34467874029074,0.1717
-34.34186526129674,0.1718
-34.33718212937806,0.1719
-34.297026174154134,0.172
-34.29057671219315,0.1721
-34.27490334390197,0.1722
-34.258003093341735,0.1723
-34.253527508989905,0.1724
-34.24853571290448,0.1725
-34.21729273088109,0.1726
-34.21370449353122,0.1727
-34.19462451349832,0.1728
-34.19018756031823,0.1729
-34.16839980995395,0.173
-34.157168136551974,0.1731
-34.14260466569289,0.1732
-34.09536104696151,0.1733
-34.08834749431815,0.1734
-34.08163905738816,0.1735
-34.0808894296499,0.1736
-34.062311364478994,0.1737
-34.04102950430978,0.1738
-34.028320659434804,0.1739
-34.02432274508793,0.174
-34.0081897967821,0.1741
-33.996203429655544,0.1742
-33.986076756661575,0.1743
-33.984530477632205,0.1744
-33.97618800872564,0.1745
-33.958969100105946,0.1746
-33.90370213318616,0.1747
-33.88424659213648,0.1748
-33.84906928527392,0.1749
-33.84219716050065,0.175
-33.82997314290423,0.1751
-33.81579959809258,0.1752
-33.791880022937434,0.1753
-33.781985998257994,0.1754
-33.75385603001136,0.1755
-33.7236336637972,0.1756
-33.67195313195586,0.1757
-33.66430306668952,0.1758
-33.58338329233304,0.1759
-33.527596139264666,0.176
-33.50633865859732,0.1761
-33.496399018820746,0.1762
-33.492595019593836,0.1763
-33.45766055098549,0.1764
-33.4487942730436,0.1765
-33.446731270682825,0.1766
-33.42993054183181,0.1767
-33.42927249233145,0.1768
-33.394271738238814,0.1769
-33.393970469974725,0.177
-33.38635779473409,0.1771
-33.38614310489725,0.1772
-33.38384712371267,0.1773
-33.34835381438676,0.1774
-33.34001282722577,0.1775
-33.335531288688074,0.1776
-33.324661202604695,0.1777
-33.31752400750816,0.1778
-33.30239740772732,0.1779
-33.299832273864936,0.178
-33.27127928520385,0.1781
-33.27098093874585,0.1782
-33.27061968398094,0.1783
-33.26688123175799,0.1784
-33.260560745761936,0.1785
-33.25131897260435,0.1786
-33.20996562402249,0.1787
-33.1977469308095,0.1788
-33.189040713087294,0.1789
-33.16936939335447,0.179
-33.15714904779606,0.1791
-33.153019206621686,0.1792
-33.140144208479676,0.1793
-33.13738484902884,0.1794
-33.13337568544764,0.1795
-33.1282100489242,0.1796
-33.10749923853297,0.1797
-33.093069315914626,0.1798
-33.090056067136864,0.1799
-33.08513802364953,0.18
-33.06927980583366,0.1801
-33.06565561221558,0.1802
-32.99451964553986,0.1803
-32.96347593177035,0.1804
-32.91685763139855,0.1805
-32.91370285520404,0.1806
-32.90830975606479,0.1807
-32.868780405342015,0.1808
-32.84139834622257,0.1809
-32.79530609461833,0.181
-32.79111289011128,0.1811
-32.781258168388156,0.1812
-32.74313309492897,0.1813
-32.721490173276514,0.1814
-32.71509290416911,0.1815
-32.70285715543088,0.1816
-32.700949737411925,0.1817
-32.69808697985485,0.1818
-32.687599256070705,0.1819
-32.64781096180156,0.182
-32.63897727075293,0.1821
-32.63801798347533,0.1822
-32.62300271945428,0.1823
-32.612259227336004,0.1824
-32.601808145401066,0.1825
-32.585414284593234,0.1826
-32.57418324771859,0.1827
-32.56666385948919,0.1828
-32.542482002197396,0.1829
-32.54182739175688,0.183
-32.521748562697695,0.1831
-32.50737999297995,0.1832
-32.48417681387719,0.1833
-32.482659868991746,0.1834
-32.48154817963838,0.1835
-32.480985113187884,0.1836
-32.476038511344974,0.1837
-32.408163192399215,0.1838
-32.38199201022461,0.1839
-32.37903178614658,0.184
-32.316567097468855,0.1841
-32.30469082987848,0.1842
-32.24873408845253,0.1843
-32.240044912743194,0.1844
-32.238438300576995,0.1845
-32.237778019903224,0.1846
-32.22992899249699,0.1847
-32.164154781759905,0.1848
-32.16341355334669,0.1849
-32.155902573002315,0.185
-32.14832804332115,0.1851
-32.13021678315624,0.1852
-32.112749865716694,0.1853
-32.105542533644304,0.1854
-32.06540339797735,0.1855
-32.053267024009116,0.1856
-32.05095428440459,0.1857
-32.04107648352237,0.1858
-32.03865953875892,0.1859
-32.02802395073194,0.186
-32.02246077419929,0.1861
-31.95869104881957,0.1862
-31.951602545227857,0.1863
-31.92909013334587,0.1864
-31.92871516927015,0.1865
-31.924571828401096,0.1866
-31.924307837541587,0.1867
-31.90290439064521,0.1868
-31.90006513281781,0.1869
-31.898255272331646,0.187
-31.857478309741243,0.1871
-31.856056481111054,0.1872
-31.81183321264498,0.1873
-31.768349219604215,0.1874
-31.757124121397734,0.1875
-31.742202116288244,0.1876
-31.736622113892995,0.1877
-31.682517004778987,0.1878
-31.65289577643778,0.1879
-31.647370547116168,0.188
-31.640130182577106,0.1881
-31.633085123823026,0.1882
-31.610564538946374,0.1883
-31.607116337588987,0.1884
-31.578338087772966,0.1885
-31.571230637438596,0.1886
-31.570267391351237,0.1887
-31.52577440213393,0.1888
-31.513784531461816,0.1889
-31.487803431631068,0.189
-31.47436617862284,0.1891
-31.45537975179666,0.1892
-31.45166644788142,0.1893
-31.386387201740405,0.1894
-31.37837857243698,0.1895
-31.34594768023715,0.1896
-31.34591102504581,0.1897
-31.32991375698559,0.1898
-31.325532644381557,0.1899
-31.324542631911115,0.19
-31.31466759378891,0.1901
-31.306327378848582,0.1902
-31.30415518517997,0.1903
-31.302981043989973,0.1904
-31.282706097114087,0.1905
-31.265393145457843,0.1906
-31.264669989157657,0.1907
-31.234194995056647,0.1908
-31.23321459416095,0.1909
-31.20013193046227,0.191
-31.178856648682057,0.1911
-31.159509883183055,0.1912
-31.158737784620186,0.1913
-31.157076139740457,0.1914
-31.13162306628134,0.1915
-31.128989961407335,0.1916
-31.127750597494654,0.1917
-31.121811826936526,0.1918
-31.11313173363339,0.1919
-31.095135082051907,0.192
-31.066232157045786,0.1921
-31.04510019557122,0.1922
-31.03571338142267,0.1923
-31.000272294933907,0.1924
-30.961815317305923,0.1925
-30.95131081129833,0.1926
-30.93094587990083,0.1927
-30.919390256287713,0.1928
-30.90071613752935,0.1929
-30.899469606517627,0.193
-30.87544663917087,0.1931
-30.86057042958308,0.1932
-30.84241405159384,0.1933
-30.826928838061168,0.1934
-30.820939372774024,0.1935
-30.808256892941515,0.1936
-30.80730395594593,0.1937
-30.786288010187448,0.1938
-30.770864421699198,0.1939
-30.77060213988666,0.194
-30.73857032961771,0.1941
-30.73625792373941,0.1942
-30.732887688914133,0.1943
-30.651289389069003,0.1944
-30.651127751150355,0.1945
-30.643358155495488,0.1946
-30.615855333002095,0.1947
-30.6122597029889,0.1948
-30.600469721649585,0.1949
-30.581651574926823,0.195
-30.55466420327872,0.1951
-30.54582536559738,0.1952
-30.509188235352187,0.1953
-30.491104614231922,0.1954
-30.490416316754555,0.1955
-30.489367964306847,0.1956
-30.46805356193874,0.1957
-30.464915602933615,0.1958
-30.46281460835561,0.1959
-30.4463610796893,0.196
-30.438199353927,0.1961
-30.42087098788284,0.1962
-30.406027402510865,0.1963
-30.40006100380514,0.1964
-30.380853500965422,0.1965
-30.369901650936153,0.1966
-30.338779330918754,0.1967
-30.32819464914873,0.1968
-30.30372716063242,0.1969
-30.301333201526663,0.197
-30.252966247862016,0.1971
-30.251589636360293,0.1972
-30.24650889214985,0.1973
-30.238740152679572,0.1974
-30.222804100068476,0.1975
-30.213119741624222,0.1976
-30.19853370193429,0.1977
-30.175796627459118,0.1978
-30.15462848400361,0.1979
-30.13243424500413,0.198
-30.10275075934939,0.1981
-30.08835581747498,0.1982
-30.065547948333062,0.1983
-30.041821408782898,0.1984
-30.030594436907396,0.1985
-30.001526314129123,0.1986
-29.982274859728104,0.1987
-29.936258293420817,0.1988
-29.93569225511085,0.1989
-29.93446677871663,0.199
-29.917107516147567,0.1991
-29.886665503454584,0.1992
-29.879616496704145,0.1993
-29.87840197896306,0.1994
-29.87806313619054,0.1995
-29.84100405501034,0.1996
-29.82940894504208,0.1997
-29.823643573069944,0.1998
-29.812400543646326,0.1999
-29.803350078891963,0.2
-29.794402025618037,0.2001
-29.78893072902057,0.2002
-29.78622655485291,0.2003
-29.743799543491566,0.2004
-29.743271394946422,0.2005
-29.740935392078942,0.2006
-29.71802018250618,0.2007
-29.697891214969758,0.2008
-29.68809363355115,0.2009
-29.67136946960875,0.201
-29.659938282929918,0.2011
-29.611710198149083,0.2012
-29.608059188838116,0.2013
-29.578943759229404,0.2014
-29.56388029272314,0.2015
-29.555301199328156,0.2016
-29.52601571771018,0.2017
-29.512495182611048,0.2018
-29.50585985069946,0.2019
-29.410277364334092,0.202
-29.36979771433455,0.2021
-29.33937678041942,0.2022
-29.33332073424384,0.2023
-29.31980599082336,0.2024
-29.312591365499607,0.2025
-29.312193567174486,0.2026
-29.295728231464327,0.2027
-29.2870136927763,0.2028
-29.283241657287252,0.2029
-29.278742336973547,0.203
-29.271694200651904,0.2031
-29.27150315607265,0.2032
-29.24621944006495,0.2033
-29.24233555543814,0.2034
-29.234484049901557,0.2035
-29.229608190199546,0.2036
-29.22416659079399,0.2037
-29.222007071619664,0.2038
-29.198527868653457,0.2039
-29.18764701359812,0.204
-29.146837497844174,0.2041
-29.139389620005527,0.2042
-29.118306584863547,0.2043
-29.11479130999092,0.2044
-29.114096436060034,0.2045
-29.113296091385934,0.2046
-29.090164769628828,0.2047
-29.06633983591292,0.2048
-29.04558244879637,0.2049
-29.0188531535238,0.205
-29.017478220756164,0.2051
-29.013911635020186,0.2052
-29.01339410336688,0.2053
-29.008961905891077,0.2054
-29.00812759350706,0.2055
-28.981162645347418,0.2056
-28.970591510492383,0.2057
-28.970129639819643,0.2058
-28.96713322170451,0.2059
-28.96700111625977,0.206
-28.950548960403538,0.2061
-28.945348002902975,0.2062
-28.926150247125516,0.2063
-28.923964951732007,0.2064
-28.904675227505713,0.2065
-28.89931972727533,0.2066
-28.88272941647656,0.2067
-28.86754622163847,0.2068
-28.84892682493552,0.2069
-28.81541490716431,0.207
-28.75446343816165,0.2071
-28.737619515501894,0.2072
-28.723820506100353,0.2073
-28.704962486311793,0.2074
-28.688234804932026,0.2075
-28.68185690406783,0.2076
-28.679199104137904,0.2077
-28.672480827995766,0.2078
-28.670295217850803,0.2079
-28.6557238123253,0.208
-28.641403767459096,0.2081
-28.637592305529118,0.2082
-28.60774568811487,0.2083
-28.598446699632333,0.2084
-28.589155695887282,0.2085
-28.57003402117062,0.2086
-28.55625260067023,0.2087
-28.54528801751006,0.2088
-28.54457963306493,0.2089
-28.5418043670874,0.209
-28.52847350041475,0.2091
-28.51738492017312,0.2092
-28.517331302447054,0.2093
-28.510170082604134,0.2094
-28.48885557610821,0.2095
-28.480560689262298,0.2096
-28.465862973470987,0.2097
-28.4134518395422,0.2098
-28.37617206902988,0.2099
-28.373393880625997,0.21
-28.34357185622435,0.2101
-28.33534941055104,0.2102
-28.3283849449357,0.2103
-28.279922804466075,0.2104
-28.271340790212342,0.2105
-28.254952970601057,0.2106
-28.254726793808864,0.2107
-28.241071692529324,0.2108
-28.218266147593777,0.2109
-28.217806948992425,0.211
-28.197800199313097,0.2111
-28.170184931765867,0.2112
-28.139000322869048,0.2113
-28.12139283333197,0.2114
-28.118378994576258,0.2115
-28.10707585539445,0.2116
-28.106610282727516,0.2117
-28.077169699112886,0.2118
-28.07600477337893,0.2119
-28.074127452282983,0.212
-28.056496946464105,0.2121
-28.054589993064848,0.2122
-28.03298205757793,0.2123
-28.006509490490892,0.2124
-27.985298478809558,0.2125
-27.982277869817057,0.2126
-27.981766571159476,0.2127
-27.980579366003163,0.2128
-27.966518722322025,0.2129
-27.952818029279264,0.213
-27.944319294022208,0.2131
-27.89797058113087,0.2132
-27.84181406442169,0.2133
-27.831008302741125,0.2134
-27.82617874958739,0.2135
-27.82151145354062,0.2136
-27.808556455061773,0.2137
-27.804232868557982,0.2138
-27.788948113232852,0.2139
-27.774606800323724,0.214
-27.738532057622447,0.2141
-27.724842751681805,0.2142
-27.724495153373482,0.2143
-27.701142743639647,0.2144
-27.683760491160676,0.2145
-27.679738797934352,0.2146
-27.677242385036497,0.2147
-27.676267778835815,0.2148
-27.663711916292833,0.2149
-27.647382346650776,0.215
-27.632238580429927,0.2151
-27.63092514845468,0.2152
-27.592279512462206,0.2153
-27.576260930568164,0.2154
-27.569960439663934,0.2155
-27.566210997863674,0.2156
-27.52033050486166,0.2157
-27.495288152832536,0.2158
-27.493271451624853,0.2159
-27.49005960291065,0.216
-27.483231936125826,0.2161
-27.477797290141506,0.2162
-27.476125010003148,0.2163
-27.472967224328595,0.2164
-27.46585472021179,0.2165
-27.460195552924663,0.2166
-27.45870354002211,0.2167
-27.45740785011556,0.2168
-27.43496037033815,0.2169
-27.418355315013585,0.217
-27.405287136060558,0.2171
-27.397302385670134,0.2172
-27.385597561585715,0.2173
-27.345668706049764,0.2174
-27.34081986502744,0.2175
-27.338646683673744,0.2176
-27.330849104657588,0.2177
-27.327531500760845,0.2178
-27.31764750488773,0.2179
-27.31112195946779,0.218
-27.309474411541974,0.2181
-27.307529249192772,0.2182
-27.28507515650503,0.2183
-27.271252053389514,0.2184
-27.267959900108355,0.2185
-27.260760077856105,0.2186
-27.249649493919126,0.2187
-27.236120327414945,0.2188
-27.22561235322039,0.2189
-27.2145772540126,0.219
-27.2115027378425,0.2191
-27.190338926526717,0.2192
-27.18856376886796,0.2193
-27.17317715952862,0.2194
-27.164604678264073,0.2195
-27.1267539859144,0.2196
-27.126566515262798,0.2197
-27.124968896539137,0.2198
-27.10782940873895,0.2199
-27.098197670128013,0.22
-27.098131765228324,0.2201
-27.088868926635012,0.2202
-27.063169887588913,0.2203
-27.052834913261236,0.2204
-27.027230862673363,0.2205
-27.024164347073807,0.2206
-27.00331746478807,0.2207
-27.001263683984803,0.2208
-26.99420315423589,0.2209
-26.991288137720897,0.221
-26.977184161094204,0.2211
-26.951891582226757,0.2212
-26.95102684134897,0.2213
-26.9494096321987,0.2214
-26.88925296826586,0.2215
-26.87752320177648,0.2216
-26.87077539990097,0.2217
-26.863538577906787,0.2218
-26.859394720185172,0.2219
-26.85476248384379,0.222
-26.854761226246875,0.2221
-26.823652694715,0.2222
-26.80082395245042,0.2223
-26.7836084445931,0.2224
-26.7756604974065,0.2225
-26.77181489099581,0.2226
-26.767348951274528,0.2227
-26.762295659319125,0.2228
-26.75541225200183,0.2229
-26.74789829832688,0.223
-26.69172869096695,0.2231
-26.679272698953557,0.2232
-26.66717896794343,0.2233
-26.649750240144876,0.2234
-26.647661407902646,0.2235
-26.628378846313804,0.2236
-26.62658818077389,0.2237
-26.61670268475171,0.2238
-26.61594380986299,0.2239
-26.612086612692472,0.224
-26.590380598435907,0.2241
-26.584944522156004,0.2242
-26.57920022004973,0.2243
-26.533656044151073,0.2244
-26.53189587573055,0.2245
-26.5110137957612,0.2246
-26.510674480213783,0.2247
-26.498428268166634,0.2248
-26.460423082125374,0.2249
-26.454654386020827,0.225
-26.453257563872448,0.2251
-26.450314453309403,0.2252
-26.432054803233594,0.2253
-26.42236437192299,0.2254
-26.417407189723292,0.2255
-26.416841526401228,0.2256
-26.400285725514774,0.2257
-26.386758689665236,0.2258
-26.385791547349843,0.2259
-26.38334624781311,0.226
-26.376397149269096,0.2261
-26.364845926342717,0.2262
-26.36193681649547,0.2263
-26.31355715801809,0.2264
-26.309857885969244,0.2265
-26.304386758476866,0.2266
-26.295529702590965,0.2267
-26.278260847950545,0.2268
-26.27647146730609,0.2269
-26.275991059255787,0.227
-26.26933964896259,0.2271
-26.247583952224815,0.2272
-26.22854952668735,0.2273
-26.222009765930846,0.2274
-26.213587929303756,0.2275
-26.19766617747472,0.2276
-26.16008717491347,0.2277
-26.156983248503327,0.2278
-26.14366927887499,0.2279
-26.14206202664897,0.228
-26.124239371468313,0.2281
-26.083988185542264,0.2282
-26.06765299676433,0.2283
-26.031683087650876,0.2284
-26.009081811876406,0.2285
-26.007894555683436,0.2286
-25.97583266519364,0.2287
-25.97041417816039,0.2288
-25.943288373110814,0.2289
-25.938410360673444,0.229
-25.92643203647118,0.2291
-25.919967003683,0.2292
-25.912440423662773,0.2293
-25.91126539320163,0.2294
-25.889352299676467,0.2295
-25.879453928921,0.2296
-25.87078281065021,0.2297
-25.8595481781587,0.2298
-25.842747308895362,0.2299
-25.812848904003204,0.23
-25.802530116428247,0.2301
-25.787222850286774,0.2302
-25.78714252296388,0.2303
-25.783939297422208,0.2304
-25.763308893457243,0.2305
-25.73786644294858,0.2306
-25.734752325327136,0.2307
-25.727979245343615,0.2308
-25.72652360255085,0.2309
-25.71872048044577,0.231
-25.718189327618294,0.2311
-25.679572626965307,0.2312
-25.672140159735456,0.2313
-25.665172788551633,0.2314
-25.656356292446514,0.2315
-25.64976346123461,0.2316
-25.641616487174485,0.2317
-25.633511209427937,0.2318
-25.628705905117837,0.2319
-25.627072170361693,0.232
-25.61904714590963,0.2321
-25.608966989292764,0.2322
-25.605483643488963,0.2323
-25.598360614111456,0.2324
-25.582832233308814,0.2325
-25.565090004976096,0.2326
-25.561651010415517,0.2327
-25.560163133760362,0.2328
-25.550202006095837,0.2329
-25.521156061301756,0.233
-25.513775330479067,0.2331
-25.505784769797508,0.2332
-25.451472064816762,0.2333
-25.429139789705538,0.2334
-25.42511303652078,0.2335
-25.422821348060666,0.2336
-25.407164459459853,0.2337
-25.406831706471742,0.2338
-25.40619339290634,0.2339
-25.39349242644701,0.234
-25.37481214285735,0.2341
-25.33398899124097,0.2342
-25.33157934054751,0.2343
-25.30118371508587,0.2344
-25.29827318996098,0.2345
-25.265184531513786,0.2346
-25.25917549773195,0.2347
-25.246692048775962,0.2348
-25.23535328885149,0.2349
-25.225112369043938,0.235
-25.219421917331406,0.2351
-25.19740442426037,0.2352
-25.1340478370836,0.2353
-25.114593968863037,0.2354
-25.113291508444025,0.2355
-25.084522145313212,0.2356
-25.073369146401063,0.2357
-25.022020158120988,0.2358
-25.013326485325393,0.2359
-25.009964809452182,0.236
-24.98703037717305,0.2361
-24.97206462938935,0.2362
-24.94546331541799,0.2363
-24.93147261254862,0.2364
-24.9298647696495,0.2365
-24.925760589484682,0.2366
-24.923560117490407,0.2367
-24.922144461754893,0.2368
-24.91135108254032,0.2369
-24.908857831469362,0.237
-24.88720411081854,0.2371
-24.886807586182638,0.2372
-24.88087041460052,0.2373
-24.873925556373973,0.2374
-24.87086705577746,0.2375
-24.8589160231851,0.2376
-24.845174734493725,0.2377
-24.821170055296644,0.2378
-24.80119666619338,0.2379
-24.79653057074677,0.238
-24.795677335249817,0.2381
-24.79538284515403,0.2382
-24.790838251197528,0.2383
-24.720663146788254,0.2384
-24.677797457656823,0.2385
-24.675106653735973,0.2386
-24.67353316824883,0.2387
-24.667258792294188,0.2388
-24.619991341976636,0.2389
-24.61906433635112,0.239
-24.562290457098744,0.2391
-24.554369652718307,0.2392
-24.54512336166799,0.2393
-24.532628249837643,0.2394
-24.523779471891558,0.2395
-24.492012049991637,0.2396
-24.47279548370969,0.2397
-24.4572861562632,0.2398
-24.439819608997553,0.2399
-24.438780348841657,0.24
-24.424608831975235,0.2401
-24.419830606708114,0.2402
-24.41804326630868,0.2403
-24.415779890292324,0.2404
-24.41234021988063,0.2405
-24.391907662380486,0.2406
-24.39174033500496,0.2407
-24.37794944052398,0.2408
-24.372640926631167,0.2409
-24.366702267219498,0.241
-24.36420090012997,0.2411
-24.36313524882216,0.2412
-24.35918175594732,0.2413
-24.354729163221453,0.2414
-24.341889953852633,0.2415
-24.341736566307766,0.2416
-24.320254905190318,0.2417
-24.31392563860435,0.2418
-24.312301599273642,0.2419
-24.291105333982593,0.242
-24.282166715418175,0.2421
-24.274339650517515,0.2422
-24.270071241193452,0.2423
-24.26700860699825,0.2424
-24.26283762938119,0.2425
-24.260027915981038,0.2426
-24.23355427317675,0.2427
-24.22035331763625,0.2428
-24.212075849456337,0.2429
-24.2009332912121,0.243
-24.147610416137983,0.2431
-24.14693204908166,0.2432
-24.12247280136011,0.2433
-24.111472956282086,0.2434
-24.099627242812698,0.2435
-24.089480188333255,0.2436
-24.087588273152708,0.2437
-24.068465249813904,0.2438
-24.038232841817102,0.2439
-24.035349549834056,0.244
-24.02822692367304,0.2441
-24.027326119172386,0.2442
-24.01421321194712,0.2443
-23.992543082462625,0.2444
-23.990930879297665,0.2445
-23.9869794455871,0.2446
-23.981703243063947,0.2447
-23.980814526660367,0.2448
-23.96139784966968,0.2449
-23.95477891076729,0.245
-23.95253242353499,0.2451
-23.93944268975407,0.2452
-23.92889844503533,0.2453
-23.919106494027375,0.2454
-23.91010732849706,0.2455
-23.909529103246516,0.2456
-23.906562698262928,0.2457
-23.90181548795756,0.2458
-23.89846059598177,0.2459
-23.897198708481714,0.246
-23.894462140501847,0.2461
-23.88312264214661,0.2462
-23.825154023382623,0.2463
-23.79449831379112,0.2464
-23.78156628125906,0.2465
-23.769667613143287,0.2466
-23.76225249328166,0.2467
-23.75175210542362,0.2468
-23.7360869692713,0.2469
-23.712008862259797,0.247
-23.701245740256084,0.2471
-23.692598644666184,0.2472
-23.681519293226113,0.2473
-23.671442971378944,0.2474
-23.64172463081777,0.2475
-23.637745619007386,0.2476
-23.63721450269129,0.2477
-23.60402637941055,0.2478
-23.597166184031405,0.2479
-23.552116977783285,0.248
-23.547323210942743,0.2481
-23.543860847551002,0.2482
-23.535992604653536,0.2483
-23.53224237475544,0.2484
-23.48627009745706,0.2485
-23.4847724837102,0.2486
-23.476186063610758,0.2487
-23.470534121566637,0.2488
-23.44488551944401,0.2489
-23.406625386524386,0.249
-23.399860455995235,0.2491
-23.388375935450195,0.2492
-23.376078268601,0.2493
-23.35473824772481,0.2494
-23.32602226595301,0.2495
-23.31673292771075,0.2496
-23.303236733374376,0.2497
-23.280197077663054,0.2498
-23.277093698492273,0.2499
-23.271769021283834,0.25
-23.237466324475594,0.2501
-23.22990779862553,0.2502
-23.222528153638354,0.2503
-23.21656932126805,0.2504
-23.205888446060193,0.2505
-23.1933592494227,0.2506
-23.189382247584128,0.2507
-23.18354609086085,0.2508
-23.175917285125514,0.2509
-23.1393805492986,0.251
-23.122222472095864,0.2511
-23.088573086191154,0.2512
-23.086008221825583,0.2513
-23.083287185342982,0.2514
-23.077475385229473,0.2515
-23.076143498823047,0.2516
-23.073937974176555,0.2517
-23.055366006519645,0.2518
-23.029079245493747,0.2519
-23.021335943678018,0.252
-23.008689828940668,0.2521
-23.004888933431356,0.2522
-23.002759535340964,0.2523
-22.99976209880393,0.2524
-22.973276807445103,0.2525
-22.957271039376035,0.2526
-22.957125459209085,0.2527
-22.953394286163338,0.2528
-22.95259235786833,0.2529
-22.951185142189264,0.253
-22.940748591378142,0.2531
-22.93637524885181,0.2532
-22.931194193383117,0.2533
-22.929212175623324,0.2534
-22.923794915777076,0.2535
-22.904632460647072,0.2536
-22.89402768701277,0.2537
-22.887877145930194,0.2538
-22.882888576519488,0.2539
-22.859586715770885,0.254
-22.838654211448507,0.2541
-22.83191631606873,0.2542
-22.82066685674656,0.2543
-22.81589386783261,0.2544
-22.810389385045315,0.2545
-22.80787618359644,0.2546
-22.807715775014643,0.2547
-22.789639278750677,0.2548
-22.780539060825852,0.2549
-22.773874958796238,0.255
-22.735356348744034,0.2551
-22.72754194667041,0.2552
-22.665241114933043,0.2553
-22.651094490551944,0.2554
-22.636711333397397,0.2555
-22.62540107144565,0.2556
-22.621001967657357,0.2557
-22.61645227799751,0.2558
-22.598873451170135,0.2559
-22.575577905415006,0.256
-22.54559211760424,0.2561
-22.53880181931555,0.2562
-22.538772796091624,0.2563
-22.532022785110023,0.2564
-22.531120257448777,0.2565
-22.510981452597115,0.2566
-22.494030059746468,0.2567
-22.487498190840515,0.2568
-22.478066848439166,0.2569
-22.45498206061087,0.257
-22.451707674679348,0.2571
-22.445278872697987,0.2572
-22.443020002466625,0.2573
-22.441612409521635,0.2574
-22.41655228195842,0.2575
-22.40513462079689,0.2576
-22.394878438902644,0.2577
-22.348834464778193,0.2578
-22.34654891207069,0.2579
-22.32663661615271,0.258
-22.325562945457545,0.2581
-22.325301691730317,0.2582
-22.27109603005927,0.2583
-22.270243875971996,0.2584
-22.260943098223393,0.2585
-22.259633233570494,0.2586
-22.18295378149878,0.2587
-22.170587066014864,0.2588
-22.165369933536088,0.2589
-22.14971517361328,0.259
-22.14832988145556,0.2591
-22.12935600622892,0.2592
-22.11984180814028,0.2593
-22.11331628739666,0.2594
-22.091080251901584,0.2595
-22.074919201926512,0.2596
-22.073896964418513,0.2597
-22.063785370626313,0.2598
-22.058343624801193,0.2599
-22.05730180907659,0.26
-22.053620645097084,0.2601
-22.052567190112168,0.2602
-22.045031762149744,0.2603
-22.027442376597413,0.2604
-22.01752584188748,0.2605
-22.009860105877927,0.2606
-22.00684791798405,0.2607
-22.001667192973386,0.2608
-21.98749649072252,0.2609
-21.986461752347648,0.261
-21.97821834418755,0.2611
-21.974038570479664,0.2612
-21.97011960826758,0.2613
-21.969209060794114,0.2614
-21.959437389762694,0.2615
-21.95398421670925,0.2616
-21.95023981305547,0.2617
-21.928691145112737,0.2618
-21.912289394252188,0.2619
-21.91219274092689,0.262
-21.911084037030115,0.2621
-21.91078235481735,0.2622
-21.895482389373704,0.2623
-21.89509206070341,0.2624
-21.89392825032957,0.2625
-21.882461184576155,0.2626
-21.87798094127234,0.2627
-21.852380894451212,0.2628
-21.833927532745335,0.2629
-21.833902178570998,0.263
-21.809728595917854,0.2631
-21.782441369326406,0.2632
-21.734151749000695,0.2633
-21.72628032569606,0.2634
-21.72178028187193,0.2635
-21.700204238269855,0.2636
-21.694519427358543,0.2637
-21.69327377676386,0.2638
-21.665130994849278,0.2639
-21.663213187935018,0.264
-21.610538794517144,0.2641
-21.60232767227013,0.2642
-21.58161409354545,0.2643
-21.581373115771637,0.2644
-21.566415802089498,0.2645
-21.562597484510203,0.2646
-21.55790184738394,0.2647
-21.54913629886732,0.2648
-21.531033734831958,0.2649
-21.5308716807818,0.265
-21.507271322562545,0.2651
-21.497272509969772,0.2652
-21.496569693703574,0.2653
-21.487918523253313,0.2654
-21.4841118688535,0.2655
-21.469341555123588,0.2656
-21.410936698392035,0.2657
-21.404551826035604,0.2658
-21.398017504809424,0.2659
-21.392638822902736,0.266
-21.39204650523403,0.2661
-21.39093637447394,0.2662
-21.380306458193434,0.2663
-21.283455652314238,0.2664
-21.273096652963197,0.2665
-21.269611552051085,0.2666
-21.26698728078119,0.2667
-21.2464353501657,0.2668
-21.23259753723815,0.2669
-21.218455108379757,0.267
-21.20944452707842,0.2671
-21.177863120937907,0.2672
-21.16744209339898,0.2673
-21.161830585625207,0.2674
-21.158379480230995,0.2675
-21.15077191357631,0.2676
-21.130379527529886,0.2677
-21.110271075769326,0.2678
-21.099942313024584,0.2679
-21.07721623859089,0.268
-21.076210195245963,0.2681
-21.073996567699126,0.2682
-21.066289286528715,0.2683
-21.06539645462316,0.2684
-21.058979485473966,0.2685
-21.056747846253216,0.2686
-21.04331333355271,0.2687
-21.042026516118277,0.2688
-21.03712770189531,0.2689
-21.031556859347212,0.269
-21.028903587605242,0.2691
-21.016730879577622,0.2692
-21.013892888980173,0.2693
-21.007379223658514,0.2694
-20.99748964512888,0.2695
-20.99399407920707,0.2696
-20.976471001375092,0.2697
-20.93214397895783,0.2698
-20.8923186389599,0.2699
-20.880497935970315,0.27
-20.873109602255187,0.2701
-20.86969231621213,0.2702
-20.84274901995323,0.2703
-20.83627433932256,0.2704
-20.83392648772299,0.2705
-20.8336641713839,0.2706
-20.82382486333046,0.2707
-20.812770499437487,0.2708
-20.8006196475653,0.2709
-20.782578820935075,0.271
-20.7817276150804,0.2711
-20.781085688489675,0.2712
-20.767545027435943,0.2713
-20.76492801585514,0.2714
-20.76422967777196,0.2715
-20.75745024068281,0.2716
-20.73602838610634,0.2717
-20.734707343849163,0.2718
-20.73310776927974,0.2719
-20.732004852593878,0.272
-20.717708178685605,0.2721
-20.710004339297672,0.2722
-20.70277175950911,0.2723
-20.70026305339597,0.2724
-20.695687268428504,0.2725
-20.6949784928659,0.2726
-20.69176722223479,0.2727
-20.687933934511804,0.2728
-20.68530420776922,0.2729
-20.67823700561597,0.273
-20.67528806154392,0.2731
-20.675261766998098,0.2732
-20.67234711460212,0.2733
-20.658127669602443,0.2734
-20.6303215337649,0.2735
-20.62492807659936,0.2736
-20.615399093111417,0.2737
-20.603892703766373,0.2738
-20.59720222353637,0.2739
-20.58966079606097,0.274
-20.585964867265893,0.2741
-20.567808518203346,0.2742
-20.563520969531687,0.2743
-20.559609308755025,0.2744
-20.52747440769989,0.2745
-20.51071528996192,0.2746
-20.485411198314264,0.2747
-20.478617674481125,0.2748
-20.477356651509922,0.2749
-20.477266726338115,0.275
-20.43316903588902,0.2751
-20.412467267829552,0.2752
-20.410767840309628,0.2753
-20.40242299696803,0.2754
-20.397578887281007,0.2755
-20.395958420153146,0.2756
-20.39331880368702,0.2757
-20.382593554685823,0.2758
-20.38128020539228,0.2759
-20.377528779798375,0.276
-20.37463332612421,0.2761
-20.347490821540354,0.2762
-20.33134324231278,0.2763
-20.267583726627752,0.2764
-20.265594996751656,0.2765
-20.259467224367153,0.2766
-20.253756169454196,0.2767
-20.250842361597343,0.2768
-20.219423801048098,0.2769
-20.216304160039684,0.277
-20.181436951997128,0.2771
-20.14653482508976,0.2772
-20.141981228020974,0.2773
-20.13802770098373,0.2774
-20.131046040817534,0.2775
-20.114797167109703,0.2776
-20.11199827105552,0.2777
-20.11192843409069,0.2778
-20.109981596012425,0.2779
-20.108574006493203,0.278
-20.105441902382484,0.2781
-20.094011370024084,0.2782
-20.021971456430478,0.2783
-19.99185139133986,0.2784
-19.980240655860296,0.2785
-19.961321643570816,0.2786
-19.9502385684967,0.2787
-19.945573860770093,0.2788
-19.94405038158744,0.2789
-19.935663808587194,0.279
-19.909037766123934,0.2791
-19.90281351202186,0.2792
-19.899735044351218,0.2793
-19.891413234128436,0.2794
-19.876062956927345,0.2795
-19.87465542477183,0.2796
-19.871569648583606,0.2797
-19.864393999987094,0.2798
-19.854120259998922,0.2799
-19.83586728983074,0.28
-19.82166669626217,0.2801
-19.814823951777257,0.2802
-19.81158515002858,0.2803
-19.806620820799466,0.2804
-19.797021609249715,0.2805
-19.78974971313458,0.2806
-19.76761223964207,0.2807
-19.75906083538942,0.2808
-19.748505903672427,0.2809
-19.74411236890107,0.281
-19.728722067229086,0.2811
-19.72788237340245,0.2812
-19.727080705832705,0.2813
-19.723310549673435,0.2814
-19.700549195344372,0.2815
-19.679823973368855,0.2816
-19.665290722763537,0.2817
-19.649777525431478,0.2818
-19.62837712260261,0.2819
-19.62658921460304,0.282
-19.626499877619928,0.2821
-19.598883737936994,0.2822
-19.59599716288112,0.2823
-19.593019775106942,0.2824
-19.59185959030222,0.2825
-19.59176678598486,0.2826
-19.579720157768016,0.2827
-19.57706274362523,0.2828
-19.57585685029367,0.2829
-19.540893547381273,0.283
-19.539621845697983,0.2831
-19.52651791180446,0.2832
-19.521620487452296,0.2833
-19.515396093869203,0.2834
-19.508666231976076,0.2835
-19.495511454651133,0.2836
-19.470301109331285,0.2837
-19.464333336560056,0.2838
-19.45982809950132,0.2839
-19.44926975176707,0.284
-19.447271794686095,0.2841
-19.418001335762813,0.2842
-19.403317059252412,0.2843
-19.40223021583818,0.2844
-19.38660710687637,0.2845
-19.3721100046929,0.2846
-19.36311722462214,0.2847
-19.360610736585965,0.2848
-19.351364634782076,0.2849
-19.35129497545622,0.285
-19.33821785269268,0.2851
-19.321856900418176,0.2852
-19.319209239684977,0.2853
-19.310178435185364,0.2854
-19.306288684699684,0.2855
-19.29875708799473,0.2856
-19.29564193858411,0.2857
-19.289956089450047,0.2858
-19.286791167328133,0.2859
-19.265982040593027,0.286
-19.264921931319492,0.2861
-19.262992611931637,0.2862
-19.256227158220486,0.2863
-19.255202019440382,0.2864
-19.24568480503559,0.2865
-19.245403636935546,0.2866
-19.235472831713036,0.2867
-19.226246533941477,0.2868
-19.215013293607345,0.2869
-19.210987353517673,0.287
-19.19967347374354,0.2871
-19.180906054981794,0.2872
-19.1804236003384,0.2873
-19.179902418332173,0.2874
-19.158916211985424,0.2875
-19.148895476444995,0.2876
-19.14069784518536,0.2877
-19.133629147492535,0.2878
-19.132933129125085,0.2879
-19.132526042783443,0.288
-19.120400309718395,0.2881
-19.109517590237406,0.2882
-19.1088968600519,0.2883
-19.09115623179749,0.2884
-19.091102151425932,0.2885
-19.083449881276675,0.2886
-19.070923227835447,0.2887
-19.06720452190861,0.2888
-19.04402266384996,0.2889
-18.999918656698988,0.289
-18.998104544498958,0.2891
-18.99501325709987,0.2892
-18.988326880387962,0.2893
-18.97806599983461,0.2894
-18.9749915270146,0.2895
-18.96580884649623,0.2896
-18.95835800741073,0.2897
-18.943563249732925,0.2898
-18.939097697339953,0.2899
-18.9382114896588,0.29
-18.93409497410599,0.2901
-18.904978946958295,0.2902
-18.86551680852305,0.2903
-18.86368112563435,0.2904
-18.858995319586246,0.2905
-18.85575403161738,0.2906
-18.836456676393002,0.2907
-18.828532720450124,0.2908
-18.81085276307482,0.2909
-18.795051879225483,0.291
-18.791210542327157,0.2911
-18.761535496776176,0.2912
-18.749651533934472,0.2913
-18.741432242314517,0.2914
-18.718061709292044,0.2915
-18.69668332595042,0.2916
-18.687532564941048,0.2917
-18.687030006530694,0.2918
-18.679144340035325,0.2919
-18.670722043994438,0.292
-18.668461066233736,0.2921
-18.656342063240707,0.2922
-18.639208031950517,0.2923
-18.635248038260453,0.2924
-18.628491710029543,0.2925
-18.6247800638685,0.2926
-18.62404362780824,0.2927
-18.620087716552984,0.2928
-18.607540776718594,0.2929
-18.58122861979939,0.293
-18.579791717456654,0.2931
-18.568080955779923,0.2932
-18.553038065611386,0.2933
-18.544352568701466,0.2934
-18.52572208254989,0.2935
-18.524152728456443,0.2936
-18.504777457760458,0.2937
-18.4942403154958,0.2938
-18.483051292816928,0.2939
-18.46792516843751,0.294
-18.464289475498532,0.2941
-18.443148836627223,0.2942
-18.421456320424003,0.2943
-18.42052369421236,0.2944
-18.41657522185557,0.2945
-18.41204114693999,0.2946
-18.380937182332016,0.2947
-18.357872226467165,0.2948
-18.344171917202694,0.2949
-18.343774842526017,0.295
-18.33035836638305,0.2951
-18.32870098014921,0.2952
-18.325939854688567,0.2953
-18.32112695955485,0.2954
-18.293212342107292,0.2955
-18.28030872288905,0.2956
-18.275754995922558,0.2957
-18.275638426641372,0.2958
-18.26281691701673,0.2959
-18.258671791155635,0.296
-18.254347946217283,0.2961
-18.24848810546528,0.2962
-18.24832822433785,0.2963
-18.224786979351936,0.2964
-18.22307970218323,0.2965
-18.18053498056307,0.2966
-18.175832997567205,0.2967
-18.16959789056776,0.2968
-18.165639328096063,0.2969
-18.164206683702577,0.297
-18.136286998968192,0.2971
-18.134384465728335,0.2972
-18.12576901757047,0.2973
-18.124204800767824,0.2974
-18.093298660331776,0.2975
-18.083690157927197,0.2976
-18.072355313248373,0.2977
-18.07127994256392,0.2978
-18.06083008501716,0.2979
-18.058034843716396,0.298
-18.052662978748792,0.2981
-18.051853520838915,0.2982
-18.04366026051268,0.2983
-18.040906897434034,0.2984
-18.02034261650648,0.2985
-18.017190985606984,0.2986
-18.015835447649096,0.2987
-18.012509466479532,0.2988
-18.00672042137943,0.2989
-17.999115480172264,0.299
-17.998735082809624,0.2991
-17.992023116959814,0.2992
-17.99036661980282,0.2993
-17.971549783559702,0.2994
-17.969062944008037,0.2995
-17.96520412538387,0.2996
-17.943235465999877,0.2997
-17.939775581495837,0.2998
-17.938303454947658,0.2999
-17.93793623951897,0.3
-17.917201865175738,0.3001
-17.91592454943787,0.3002
-17.911450889090634,0.3003
-17.898727321672254,0.3004
-17.897033533488024,0.3005
-17.886972453285193,0.3006
-17.884076588686366,0.3007
-17.874915306143087,0.3008
-17.860807095457986,0.3009
-17.842531266327207,0.301
-17.835601302980255,0.3011
-17.82264003258254,0.3012
-17.820288344031216,0.3013
-17.80924006348364,0.3014
-17.78778605920002,0.3015
-17.772413210070876,0.3016
-17.768475194830632,0.3017
-17.767881539512796,0.3018
-17.766259378456137,0.3019
-17.76419615927264,0.302
-17.752836313032915,0.3021
-17.75087843354512,0.3022
-17.739138882223887,0.3023
-17.727223293464633,0.3024
-17.726522230355258,0.3025
-17.71561864693053,0.3026
-17.69743029956799,0.3027
-17.680830340059096,0.3028
-17.663707146084313,0.3029
-17.655966773997992,0.303
-17.652562605137007,0.3031
-17.64731696467027,0.3032
-17.643926814053017,0.3033
-17.631449779340066,0.3034
-17.617011155700496,0.3035
-17.615718377363308,0.3036
-17.610617521209452,0.3037
-17.60396156839542,0.3038
-17.593713586084917,0.3039
-17.588725859362818,0.304
-17.586100698975656,0.3041
-17.577253116961753,0.3042
-17.574810102701743,0.3043
-17.567114271583787,0.3044
-17.56312921389509,0.3045
-17.55256803283114,0.3046
-17.55103553493973,0.3047
-17.530651991778424,0.3048
-17.476872712136803,0.3049
-17.46713651909679,0.305
-17.456522761166095,0.3051
-17.446948190694673,0.3052
-17.437242559278385,0.3053
-17.430939566799065,0.3054
-17.421978416899233,0.3055
-17.417314986861122,0.3056
-17.4145316389231,0.3057
-17.371920550344697,0.3058
-17.35661705243867,0.3059
-17.35246114156302,0.306
-17.333488532782344,0.3061
-17.325395187380163,0.3062
-17.303568467829376,0.3063
-17.302148823137767,0.3064
-17.29099467104487,0.3065
-17.27398947639782,0.3066
-17.27259732718468,0.3067
-17.211978222154265,0.3068
-17.197893901482225,0.3069
-17.195726162907853,0.307
-17.190742224339953,0.3071
-17.18288036358729,0.3072
-17.17569864034727,0.3073
-17.161656081407703,0.3074
-17.134453456716983,0.3075
-17.132829174957795,0.3076
-17.12537621574104,0.3077
-17.102227092213738,0.3078
-17.090891836950554,0.3079
-17.082065565547346,0.308
-17.081379869507625,0.3081
-17.0799272897996,0.3082
-17.072750486496837,0.3083
-17.071769154015183,0.3084
-17.06333206860274,0.3085
-17.0531254453009,0.3086
-17.048066679162147,0.3087
-17.036758567156642,0.3088
-17.021698176116683,0.3089
-17.006811700985576,0.309
-17.00559567953851,0.3091
-16.99999039414115,0.3092
-16.996679285809396,0.3093
-16.994879998539385,0.3094
-16.97718992677536,0.3095
-16.96517044715397,0.3096
-16.960346829154528,0.3097
-16.948270120153204,0.3098
-16.93817776342183,0.3099
-16.934844543116924,0.31
-16.91777934183143,0.3101
-16.91187469871118,0.3102
-16.899609967583977,0.3103
-16.897687722579388,0.3104
-16.890724812291747,0.3105
-16.883594656976125,0.3106
-16.88356976450607,0.3107
-16.879194287006744,0.3108
-16.879076126358658,0.3109
-16.877118789481756,0.311
-16.861760492669603,0.3111
-16.86070150159206,0.3112
-16.855090753442795,0.3113
-16.851519613694958,0.3114
-16.84946785475984,0.3115
-16.84083432008419,0.3116
-16.826664878753572,0.3117
-16.82643280537091,0.3118
-16.81560065109711,0.3119
-16.80887857615426,0.312
-16.802999048378698,0.3121
-16.771827297678588,0.3122
-16.769877930426595,0.3123
-16.76235076969806,0.3124
-16.76144186758939,0.3125
-16.75775135541614,0.3126
-16.745598936728754,0.3127
-16.736481976724416,0.3128
-16.72422561453227,0.3129
-16.723278018277696,0.313
-16.712801956408658,0.3131
-16.694858225453643,0.3132
-16.679843102580314,0.3133
-16.672998243327438,0.3134
-16.65689357625581,0.3135
-16.654108723598345,0.3136
-16.649187729387545,0.3137
-16.644528800394387,0.3138
-16.61275744627714,0.3139
-16.600467291877415,0.314
-16.59638179089036,0.3141
-16.568218401553295,0.3142
-16.556550446904076,0.3143
-16.55369567781128,0.3144
-16.55053328530602,0.3145
-16.53666351196151,0.3146
-16.52416810633708,0.3147
-16.516419610831328,0.3148
-16.504397416852036,0.3149
-16.500577078736388,0.315
-16.49695297871325,0.3151
-16.490037791658573,0.3152
-16.470105328900726,0.3153
-16.454117849940058,0.3154
-16.44029752157815,0.3155
-16.423686494464985,0.3156
-16.403710005675812,0.3157
-16.397432554054074,0.3158
-16.396075523387086,0.3159
-16.394897637063078,0.316
-16.368669234014682,0.3161
-16.36091523032654,0.3162
-16.35330526563376,0.3163
-16.2988881448023,0.3164
-16.268229324182865,0.3165
-16.267692311268487,0.3166
-16.257844914343764,0.3167
-16.254273572585916,0.3168
-16.2515052049499,0.3169
-16.22206307197083,0.317
-16.20835958564095,0.3171
-16.199818716840447,0.3172
-16.191864207220075,0.3173
-16.188920863565805,0.3174
-16.187726334784177,0.3175
-16.18623788295742,0.3176
-16.166486954393054,0.3177
-16.153764389037153,0.3178
-16.150775227217935,0.3179
-16.140005624430998,0.318
-16.13598792086281,0.3181
-16.131364866693318,0.3182
-16.118716541920787,0.3183
-16.117169456216693,0.3184
-16.11139293974973,0.3185
-16.111170769711958,0.3186
-16.107825558108274,0.3187
-16.107776402682994,0.3188
-16.10202755619772,0.3189
-16.09517853141652,0.319
-16.087744602587073,0.3191
-16.08690306941159,0.3192
-16.077583442780004,0.3193
-16.077319694166817,0.3194
-16.0709973353995,0.3195
-16.066498624974304,0.3196
-16.05698567322195,0.3197
-16.056945254180206,0.3198
-16.04141326721311,0.3199
-16.03743786555753,0.32
-16.025733760498838,0.3201
-16.023372155909982,0.3202
-16.023183332661166,0.3203
-16.021868974423967,0.3204
-16.017675675020552,0.3205
-16.015729696335086,0.3206
-16.012388841646533,0.3207
-16.01039720712472,0.3208
-15.99110032985024,0.3209
-15.989930724440889,0.321
-15.985939458409696,0.3211
-15.98561745538432,0.3212
-15.976074255318942,0.3213
-15.963492790390738,0.3214
-15.958138117265886,0.3215
-15.957659038535507,0.3216
-15.957280814523994,0.3217
-15.943504050883277,0.3218
-15.941685973202437,0.3219
-15.914044244536196,0.322
-15.905062108403072,0.3221
-15.899999343360399,0.3222
-15.872206766963004,0.3223
-15.871122382933272,0.3224
-15.865960912654735,0.3225
-15.855386450116523,0.3226
-15.837034934669546,0.3227
-15.825787854832038,0.3228
-15.815405253243632,0.3229
-15.81490163228549,0.323
-15.806117531049065,0.3231
-15.784823563074879,0.3232
-15.766867495744677,0.3233
-15.766179745522326,0.3234
-15.758775458316505,0.3235
-15.739696405544317,0.3236
-15.72372395075411,0.3237
-15.722895412390864,0.3238
-15.721084155851603,0.3239
-15.716994287940299,0.324
-15.713941323498263,0.3241
-15.706471897328086,0.3242
-15.686654459407178,0.3243
-15.675083566834772,0.3244
-15.660141481687313,0.3245
-15.65351664337702,0.3246
-15.647513968105239,0.3247
-15.643840782023407,0.3248
-15.636378888190722,0.3249
-15.628093053736722,0.325
-15.625390506793371,0.3251
-15.600298211049473,0.3252
-15.593450127962974,0.3253
-15.580530340537054,0.3254
-15.569593525091557,0.3255
-15.569372946112788,0.3256
-15.565128398556634,0.3257
-15.536894163992628,0.3258
-15.515262356215903,0.3259
-15.512775786007568,0.326
-15.50749469294846,0.3261
-15.504063091788254,0.3262
-15.491661678670162,0.3263
-15.48178110565357,0.3264
-15.471437051319516,0.3265
-15.47008103141561,0.3266
-15.461179450249663,0.3267
-15.457696215457098,0.3268
-15.447401696136778,0.3269
-15.437909974025562,0.327
-15.436237999100797,0.3271
-15.41889248742275,0.3272
-15.418356155758724,0.3273
-15.41789662381634,0.3274
-15.417471306303142,0.3275
-15.416650646301918,0.3276
-15.392127664127386,0.3277
-15.38654995193146,0.3278
-15.379490114939587,0.3279
-15.363197161465134,0.328
-15.362171263428777,0.3281
-15.319840040916576,0.3282
-15.28009123053029,0.3283
-15.279637409182993,0.3284
-15.270714200252852,0.3285
-15.269295511772485,0.3286
-15.265771409828586,0.3287
-15.25996069433093,0.3288
-15.223640759028493,0.3289
-15.222569231304899,0.329
-15.220573981758765,0.3291
-15.21153733878229,0.3292
-15.200109229188037,0.3293
-15.19577948642522,0.3294
-15.188559493584556,0.3295
-15.184065434147415,0.3296
-15.183639095307885,0.3297
-15.183148462161792,0.3298
-15.166222096203636,0.3299
-15.131882983343676,0.33
-15.117373333745078,0.3301
-15.105950357277692,0.3302
-15.083166645368188,0.3303
-15.079076135283149,0.3304
-15.076641078014857,0.3305
-15.066290133842442,0.3306
-15.058789196269208,0.3307
-15.050435307940466,0.3308
-15.032180251915765,0.3309
-15.019236454045956,0.331
-14.98896022743527,0.3311
-14.968067393920384,0.3312
-14.967371741963172,0.3313
-14.96282235072758,0.3314
-14.956017682818324,0.3315
-14.94111484620217,0.3316
-14.931245775537564,0.3317
-14.90972649725452,0.3318
-14.891706938000397,0.3319
-14.89094619119186,0.332
-14.880954339963383,0.3321
-14.869340290816499,0.3322
-14.86877021478638,0.3323
-14.868576364151389,0.3324
-14.862897642884782,0.3325
-14.856677628935127,0.3326
-14.849101582606881,0.3327
-14.842276473626494,0.3328
-14.838210741199738,0.3329
-14.831707863090372,0.333
-14.805645490101353,0.3331
-14.78456785099674,0.3332
-14.773567991565914,0.3333
-14.754761499587259,0.3334
-14.749179621915147,0.3335
-14.747985309248232,0.3336
-14.705077227330394,0.3337
-14.703325739853081,0.3338
-14.692655946937387,0.3339
-14.678887061079964,0.334
-14.677102917313947,0.3341
-14.671613727630303,0.3342
-14.66528073581122,0.3343
-14.644364845736881,0.3344
-14.630663910520633,0.3345
-14.620180080679988,0.3346
-14.619630636183544,0.3347
-14.608434097379636,0.3348
-14.608306386252307,0.3349
-14.607984201429225,0.335
-14.59928554989211,0.3351
-14.598915205821953,0.3352
-14.584175752312875,0.3353
-14.560260587950983,0.3354
-14.555833571111783,0.3355
-14.550849441496656,0.3356
-14.544891161165014,0.3357
-14.544328053676711,0.3358
-14.538721009471452,0.3359
-14.514892289999871,0.336
-14.505274634974636,0.3361
-14.503217893308959,0.3362
-14.502475526479259,0.3363
-14.493739914435901,0.3364
-14.490146914391035,0.3365
-14.48332514119316,0.3366
-14.483290151714721,0.3367
-14.477050512808932,0.3368
-14.472855601830595,0.3369
-14.466681690078786,0.337
-14.452662848192082,0.3371
-14.44219300068263,0.3372
-14.400698683178796,0.3373
-14.391809869036825,0.3374
-14.386653199688904,0.3375
-14.38525539799556,0.3376
-14.38477912592329,0.3377
-14.380038193028234,0.3378
-14.379581539656966,0.3379
-14.379284664664796,0.338
-14.377620867747812,0.3381
-14.377210336721129,0.3382
-14.366585146253742,0.3383
-14.35335829820577,0.3384
-14.352772022052296,0.3385
-14.34461098100431,0.3386
-14.335595165017807,0.3387
-14.330938403585366,0.3388
-14.303265527901443,0.3389
-14.301077576602996,0.339
-14.295249564168602,0.3391
-14.284238163684494,0.3392
-14.25635498654004,0.3393
-14.25568440932594,0.3394
-14.240687697389527,0.3395
-14.23766930932272,0.3396
-14.232765786062924,0.3397
-14.227862875144556,0.3398
-14.223854136923707,0.3399
-14.20803002142906,0.34
-14.207574366995132,0.3401
-14.206981294891795,0.3402
-14.205144970056788,0.3403
-14.196783147762527,0.3404
-14.192921293825284,0.3405
-14.1791578256296,0.3406
-14.176379444771447,0.3407
-14.171709368568472,0.3408
-14.150907978841103,0.3409
-14.12502681485191,0.341
-14.120163011869415,0.3411
-14.114991336872045,0.3412
-14.112822020012521,0.3413
-14.110762092974783,0.3414
-14.10290676104445,0.3415
-14.099434518529474,0.3416
-14.090864455793051,0.3417
-14.08484733365737,0.3418
-14.06737923658788,0.3419
-14.06480595071055,0.342
-14.061336540422962,0.3421
-14.059740719993412,0.3422
-14.057332444164901,0.3423
-14.033683276121693,0.3424
-14.028095612154715,0.3425
-14.02753635266535,0.3426
-14.026281831306779,0.3427
-14.013378081036173,0.3428
-13.999578379808925,0.3429
-13.987678214226477,0.343
-13.986526756956803,0.3431
-13.98549165348485,0.3432
-13.97993002755195,0.3433
-13.978483736435884,0.3434
-13.977690868406743,0.3435
-13.92727830449883,0.3436
-13.910137258346003,0.3437
-13.89974643457905,0.3438
-13.87834200313948,0.3439
-13.862017600529825,0.344
-13.8474465074284,0.3441
-13.811615395062228,0.3442
-13.800670500469952,0.3443
-13.797756408134473,0.3444
-13.786338280971721,0.3445
-13.782623227972902,0.3446
-13.771347162296994,0.3447
-13.752246348717437,0.3448
-13.751405253865943,0.3449
-13.742940275479853,0.345
-13.734977749745173,0.3451
-13.731048949308692,0.3452
-13.72611309924461,0.3453
-13.719784871642291,0.3454
-13.717491069123147,0.3455
-13.713165860946289,0.3456
-13.703077027348801,0.3457
-13.694767246823757,0.3458
-13.676264573184772,0.3459
-13.668199869765342,0.346
-13.666564500319769,0.3461
-13.663608863810449,0.3462
-13.661636885579297,0.3463
-13.66140676197689,0.3464
-13.657514049941486,0.3465
-13.65750749350246,0.3466
-13.650097138688897,0.3467
-13.636851186087728,0.3468
-13.633762277523987,0.3469
-13.628682685345774,0.347
-13.622652197666467,0.3471
-13.617410116934032,0.3472
-13.610921835315603,0.3473
-13.610770658322982,0.3474
-13.60886132496521,0.3475
-13.608093303465285,0.3476
-13.603506546101347,0.3477
-13.591576187537052,0.3478
-13.574825124248113,0.3479
-13.54852810835764,0.348
-13.539096368595212,0.3481
-13.537568594824522,0.3482
-13.524467882478797,0.3483
-13.519797446825539,0.3484
-13.510120216739551,0.3485
-13.504535398981723,0.3486
-13.48363702359386,0.3487
-13.470441949728503,0.3488
-13.454377606665902,0.3489
-13.448506681061907,0.349
-13.431384426339902,0.3491
-13.43110156814847,0.3492
-13.411557610777953,0.3493
-13.408304017789103,0.3494
-13.393292940929532,0.3495
-13.390181148151678,0.3496
-13.384389115508645,0.3497
-13.377607904902657,0.3498
-13.376053686043248,0.3499
-13.374979258716666,0.35
-13.37240504535716,0.3501
-13.36610091486499,0.3502
-13.359920351118781,0.3503
-13.351954329829661,0.3504
-13.351321306899187,0.3505
-13.346852616783977,0.3506
-13.341641217371448,0.3507
-13.339486959221771,0.3508
-13.333740424235918,0.3509
-13.323826166814557,0.351
-13.315151669429614,0.3511
-13.299694438564591,0.3512
-13.29872691423595,0.3513
-13.288494586648607,0.3514
-13.285145988513527,0.3515
-13.250463639520481,0.3516
-13.247552933724968,0.3517
-13.24303350283038,0.3518
-13.225775858292357,0.3519
-13.225374221488833,0.352
-13.218008997105061,0.3521
-13.206362077184579,0.3522
-13.192328329429962,0.3523
-13.189524972441605,0.3524
-13.186695828071793,0.3525
-13.17822142848093,0.3526
-13.172707629247567,0.3527
-13.165070210277289,0.3528
-13.148774187007918,0.3529
-13.142715435382351,0.353
-13.126985961715878,0.3531
-13.126363629236817,0.3532
-13.123527708647588,0.3533
-13.116830781632101,0.3534
-13.108746459958889,0.3535
-13.086425941974289,0.3536
-13.05723284651842,0.3537
-13.056518895756453,0.3538
-13.040126759857499,0.3539
-13.029820532165482,0.354
-13.021206234531098,0.3541
-13.013179501884615,0.3542
-12.99461466888152,0.3543
-12.991151380770654,0.3544
-12.983123981246912,0.3545
-12.975244767951777,0.3546
-12.94889669338986,0.3547
-12.946678026158361,0.3548
-12.916612738568336,0.3549
-12.914134988144784,0.355
-12.910541408860125,0.3551
-12.904979534897953,0.3552
-12.899260190933942,0.3553
-12.895713679763489,0.3554
-12.892725005773455,0.3555
-12.874661786960065,0.3556
-12.874481517818944,0.3557
-12.874252607635407,0.3558
-12.868593376565352,0.3559
-12.863624763105994,0.356
-12.84771027731467,0.3561
-12.835422652288527,0.3562
-12.817184491142445,0.3563
-12.807506528688595,0.3564
-12.779375460772586,0.3565
-12.778724074479193,0.3566
-12.77033381792009,0.3567
-12.76577854030356,0.3568
-12.751487839704753,0.3569
-12.74496968340408,0.357
-12.73478720705472,0.3571
-12.731681520135702,0.3572
-12.702182560619152,0.3573
-12.690599647504465,0.3574
-12.688391426894627,0.3575
-12.67383035558369,0.3576
-12.672841375848465,0.3577
-12.669728868956676,0.3578
-12.659542784285732,0.3579
-12.658805624229274,0.358
-12.65477589984443,0.3581
-12.647402694642357,0.3582
-12.63949203457497,0.3583
-12.631639370506816,0.3584
-12.628663166670874,0.3585
-12.628322032584997,0.3586
-12.61602571541257,0.3587
-12.60927177935578,0.3588
-12.606777495439163,0.3589
-12.595290170409543,0.359
-12.57368363246508,0.3591
-12.573624668212792,0.3592
-12.573052377329955,0.3593
-12.566146090700292,0.3594
-12.561353532426617,0.3595
-12.558928834579884,0.3596
-12.558190709494983,0.3597
-12.555788282594458,0.3598
-12.552898354470356,0.3599
-12.550743149609863,0.36
-12.539977918250113,0.3601
-12.530177557723597,0.3602
-12.524817369621248,0.3603
-12.51681244093104,0.3604
-12.508251620524375,0.3605
-12.508144893986918,0.3606
-12.49547320564017,0.3607
-12.484767472407968,0.3608
-12.468940094759317,0.3609
-12.46589292166028,0.361
-12.459300138226336,0.3611
-12.454362762241624,0.3612
-12.441759646216408,0.3613
-12.43657742081955,0.3614
-12.4172960638294,0.3615
-12.407886454992926,0.3616
-12.406809222842,0.3617
-12.40350982258562,0.3618
-12.398722510720036,0.3619
-12.397979662824982,0.362
-12.393592040403373,0.3621
-12.393299833358453,0.3622
-12.392003336950019,0.3623
-12.387162044451198,0.3624
-12.379842704322934,0.3625
-12.379352732874267,0.3626
-12.365718222303874,0.3627
-12.364797483346425,0.3628
-12.363226199540309,0.3629
-12.359443988084037,0.363
-12.344617203603496,0.3631
-12.342441578236409,0.3632
-12.330469851836748,0.3633
-12.319871451060102,0.3634
-12.29981438680347,0.3635
-12.299773082006723,0.3636
-12.274977648911255,0.3637
-12.271636213920079,0.3638
-12.263417411939427,0.3639
-12.260503459976984,0.364
-12.245459984998217,0.3641
-12.236268469156695,0.3642
-12.232906245759688,0.3643
-12.232779410385527,0.3644
-12.231399453839101,0.3645
-12.22252146626488,0.3646
-12.221361778653225,0.3647
-12.219959180778451,0.3648
-12.211166491878407,0.3649
-12.197900978868827,0.365
-12.196933554460294,0.3651
-12.194270473841765,0.3652
-12.181212462439028,0.3653
-12.177341669227742,0.3654
-12.173286602154,0.3655
-12.154992641896008,0.3656
-12.144544020838103,0.3657
-12.134422660417297,0.3658
-12.133772826399841,0.3659
-12.129311090674625,0.366
-12.12504343210347,0.3661
-12.12194256199971,0.3662
-12.116507798845879,0.3663
-12.078078122476114,0.3664
-12.070804633988441,0.3665
-12.068687474121893,0.3666
-12.055229057095199,0.3667
-12.038730374212376,0.3668
-12.038452663869595,0.3669
-12.03609188762214,0.367
-12.019065404770522,0.3671
-12.0140685895361,0.3672
-12.011549616436852,0.3673
-12.00751263408903,0.3674
-11.99747145130262,0.3675
-11.993253434284588,0.3676
-11.99103517484311,0.3677
-11.98969144986924,0.3678
-11.965172824043595,0.3679
-11.957549041412213,0.368
-11.950965278961514,0.3681
-11.94359151887577,0.3682
-11.93154183347635,0.3683
-11.914584042572043,0.3684
-11.911531293082238,0.3685
-11.905868344910807,0.3686
-11.90505020614639,0.3687
-11.904582235368714,0.3688
-11.898393601268529,0.3689
-11.888138610921242,0.369
-11.880767977987231,0.3691
-11.879539436518025,0.3692
-11.841007597921415,0.3693
-11.834930071217196,0.3694
-11.834479690070438,0.3695
-11.829349568470754,0.3696
-11.817525989602135,0.3697
-11.812462017710136,0.3698
-11.812083607998677,0.3699
-11.809834640706331,0.37
-11.797437684325875,0.3701
-11.794117468939536,0.3702
-11.788099185002782,0.3703
-11.78526012863405,0.3704
-11.784907785292713,0.3705
-11.766832063207401,0.3706
-11.759114457005076,0.3707
-11.752190937259423,0.3708
-11.742386912171169,0.3709
-11.730958583366872,0.371
-11.727241044792345,0.3711
-11.71354791505914,0.3712
-11.711868894078954,0.3713
-11.689032919446007,0.3714
-11.682975975276902,0.3715
-11.672428942993841,0.3716
-11.671930562810973,0.3717
-11.67053571590744,0.3718
-11.666894286318124,0.3719
-11.647706309781597,0.372
-11.646318886094727,0.3721
-11.645158609769306,0.3722
-11.642167138639278,0.3723
-11.641184217779154,0.3724
-11.6277066362733,0.3725
-11.626720858023502,0.3726
-11.62656879473515,0.3727
-11.621786364684255,0.3728
-11.606984233643116,0.3729
-11.596247548173556,0.373
-11.592418890078367,0.3731
-11.592085263768025,0.3732
-11.5901416175548,0.3733
-11.578886241164058,0.3734
-11.57835835597422,0.3735
-11.567818301277235,0.3736
-11.564872392357325,0.3737
-11.552119057559596,0.3738
-11.54252325758487,0.3739
-11.532451824340967,0.374
-11.532136333756528,0.3741
-11.523242416053638,0.3742
-11.517182121655718,0.3743
-11.512456746190786,0.3744
-11.506032344632409,0.3745
-11.498917010856792,0.3746
-11.496237636818924,0.3747
-11.491349724506957,0.3748
-11.466463175679555,0.3749
-11.465215076022782,0.375
-11.449296798036624,0.3751
-11.447395167867652,0.3752
-11.44260929855127,0.3753
-11.435359269168227,0.3754
-11.42268192341961,0.3755
-11.418389787327499,0.3756
-11.412721085391379,0.3757
-11.406100788941234,0.3758
-11.401137494788879,0.3759
-11.397149469933288,0.376
-11.383463288880884,0.3761
-11.378916994307005,0.3762
-11.363951873441414,0.3763
-11.343580044728892,0.3764
-11.338275955333003,0.3765
-11.32476074265577,0.3766
-11.309954920781964,0.3767
-11.307518280407972,0.3768
-11.304771883592007,0.3769
-11.276417779987678,0.377
-11.274917940428669,0.3771
-11.26382400015462,0.3772
-11.255021912525967,0.3773
-11.253488253938407,0.3774
-11.246772441923618,0.3775
-11.240059186141936,0.3776
-11.232100446736254,0.3777
-11.227094756743686,0.3778
-11.21971931180563,0.3779
-11.21628936417587,0.378
-11.212153887275985,0.3781
-11.208745486342348,0.3782
-11.19919341467917,0.3783
-11.190074915997869,0.3784
-11.189383497820236,0.3785
-11.17493398049567,0.3786
-11.167982857665605,0.3787
-11.158156599385665,0.3788
-11.15537415180057,0.3789
-11.142377404722385,0.379
-11.139025222300367,0.3791
-11.137792061727309,0.3792
-11.134332898118533,0.3793
-11.118285395112261,0.3794
-11.117122182892263,0.3795
-11.111693537451142,0.3796
-11.09843574348185,0.3797
-11.09461834025383,0.3798
-11.089934200279602,0.3799
-11.075211115915693,0.38
-11.06629616649151,0.3801
-11.060323700977303,0.3802
-11.051839109899849,0.3803
-11.041531692950054,0.3804
-11.026759831720963,0.3805
-11.007451876672363,0.3806
-11.00507171298638,0.3807
-11.002341978212261,0.3808
-10.99433635537103,0.3809
-10.983301790930149,0.381
-10.98296531954985,0.3811
-10.979428445177525,0.3812
-10.95214133033771,0.3813
-10.952108660198563,0.3814
-10.946395092302934,0.3815
-10.93256391678881,0.3816
-10.928459224104696,0.3817
-10.924763305373675,0.3818
-10.917301654250913,0.3819
-10.896891911102832,0.382
-10.890406309996173,0.3821
-10.887753204869291,0.3822
-10.884422747314341,0.3823
-10.834597936017254,0.3824
-10.828844687639924,0.3825
-10.827119054757246,0.3826
-10.822506176541374,0.3827
-10.818423861750027,0.3828
-10.816014703203365,0.3829
-10.81474226279836,0.383
-10.809600812441667,0.3831
-10.803780532989093,0.3832
-10.798658942556939,0.3833
-10.795601503705605,0.3834
-10.793836181963792,0.3835
-10.784199572207035,0.3836
-10.757083682599665,0.3837
-10.753096222273447,0.3838
-10.730093137096613,0.3839
-10.728150572373531,0.384
-10.722162653952093,0.3841
-10.720272223339604,0.3842
-10.694896453089266,0.3843
-10.694144344697149,0.3844
-10.686750538014994,0.3845
-10.67787544433102,0.3846
-10.670835908620617,0.3847
-10.665837099534274,0.3848
-10.665490945450776,0.3849
-10.66422668358311,0.385
-10.662992006594875,0.3851
-10.662753980419971,0.3852
-10.639532502670772,0.3853
-10.637974630474114,0.3854
-10.636025419357047,0.3855
-10.63593044305276,0.3856
-10.634734458196723,0.3857
-10.627030219356902,0.3858
-10.626330451491288,0.3859
-10.618244011458568,0.386
-10.603142338556983,0.3861
-10.60002741398681,0.3862
-10.591739463824593,0.3863
-10.577025113474576,0.3864
-10.576558377038502,0.3865
-10.574916510462016,0.3866
-10.563035000219568,0.3867
-10.556408692363464,0.3868
-10.545076545245202,0.3869
-10.543731780267509,0.387
-10.540018041161076,0.3871
-10.53938553505465,0.3872
-10.538921901065113,0.3873
-10.538062501144223,0.3874
-10.512575212838126,0.3875
-10.509528126320243,0.3876
-10.501600896458887,0.3877
-10.494669017155655,0.3878
-10.482433503063769,0.3879
-10.476733818459511,0.388
-10.474882049316355,0.3881
-10.468361610866712,0.3882
-10.464877865100652,0.3883
-10.460534181736783,0.3884
-10.460168029978128,0.3885
-10.45432084227074,0.3886
-10.45294412958473,0.3887
-10.451334765092655,0.3888
-10.451283028473146,0.3889
-10.450729261683486,0.389
-10.447213438266518,0.3891
-10.438640963088721,0.3892
-10.420439469595253,0.3893
-10.418947899474194,0.3894
-10.411889280149714,0.3895
-10.405516977382824,0.3896
-10.404524502525852,0.3897
-10.400028137066588,0.3898
-10.39939629397951,0.3899
-10.388500850375184,0.39
-10.375542887935973,0.3901
-10.359172634888813,0.3902
-10.356183584243247,0.3903
-10.352931322030345,0.3904
-10.352402790213004,0.3905
-10.344393452505955,0.3906
-10.342647452685982,0.3907
-10.328264533561654,0.3908
-10.325059798369198,0.3909
-10.324474898970687,0.391
-10.312626446982101,0.3911
-10.291094494577312,0.3912
-10.281860430639982,0.3913
-10.279195854722698,0.3914
-10.276900393687376,0.3915
-10.272786523762157,0.3916
-10.270930389715174,0.3917
-10.264434994883462,0.3918
-10.257876364793628,0.3919
-10.257474555167368,0.392
-10.256990218808502,0.3921
-10.255250536317751,0.3922
-10.243412774504534,0.3923
-10.222809591651892,0.3924
-10.218923851443082,0.3925
-10.194115011541731,0.3926
-10.18919218934998,0.3927
-10.180082445689475,0.3928
-10.173646020202712,0.3929
-10.17359154162705,0.393
-10.173576103649102,0.3931
-10.148134318839015,0.3932
-10.141284059721418,0.3933
-10.138892719536276,0.3934
-10.136870500218869,0.3935
-10.129636930458245,0.3936
-10.125374775847042,0.3937
-10.115109781606495,0.3938
-10.111718149901366,0.3939
-10.106126949600503,0.394
-10.10218904328365,0.3941
-10.102046220053733,0.3942
-10.092326836102641,0.3943
-10.075627946066298,0.3944
-10.068871285610086,0.3945
-10.068712029137835,0.3946
-10.06755535524152,0.3947
-10.066809455203256,0.3948
-10.058914025355504,0.3949
-10.053664943938697,0.395
-10.05263575425446,0.3951
-10.041953167139742,0.3952
-10.041266984995826,0.3953
-10.039241042174584,0.3954
-10.0344710566774,0.3955
-10.024740072633513,0.3956
-10.022984172260204,0.3957
-10.017240658206122,0.3958
-10.01594136338588,0.3959
-10.008633381190151,0.396
-10.00405829114411,0.3961
-10.003834979179874,0.3962
-10.002437305909396,0.3963
-9.999643649361094,0.3964
-9.994663087677583,0.3965
-9.990653696707822,0.3966
-9.990346793552861,0.3967
-9.988313335732371,0.3968
-9.983230789938942,0.3969
-9.978629044718668,0.397
-9.977783311286009,0.3971
-9.976479580311832,0.3972
-9.976280994529834,0.3973
-9.972401939871721,0.3974
-9.969628664452209,0.3975
-9.95955620728452,0.3976
-9.953526843817903,0.3977
-9.951794947630914,0.3978
-9.939520200194979,0.3979
-9.917050312026404,0.398
-9.910399568759834,0.3981
-9.902567691479998,0.3982
-9.893823003192242,0.3983
-9.881050539785996,0.3984
-9.880329081086627,0.3985
-9.879764149874822,0.3986
-9.8665131991066,0.3987
-9.865631121344494,0.3988
-9.859053462663292,0.3989
-9.857019219541737,0.399
-9.839021122231147,0.3991
-9.836400581406057,0.3992
-9.828227869483642,0.3993
-9.826633221534081,0.3994
-9.79253756282758,0.3995
-9.788812184295804,0.3996
-9.784531598434224,0.3997
-9.757609276454524,0.3998
-9.752687143588998,0.3999
-9.747052698428185,0.4
-9.739118976544404,0.4001
-9.738959714654275,0.4002
-9.729454274311104,0.4003
-9.728709898790717,0.4004
-9.709872121152841,0.4005
-9.701765314978548,0.4006
-9.696838148010515,0.4007
-9.694438717978075,0.4008
-9.690098013364151,0.4009
-9.680066206509993,0.401
-9.660162174926139,0.4011
-9.658807848110236,0.4012
-9.650268391452357,0.4013
-9.64996030038,0.4014
-9.639502015294136,0.4015
-9.63879894379247,0.4016
-9.635989345569536,0.4017
-9.622856881213188,0.4018
-9.62007704025786,0.4019
-9.614378779203632,0.402
-9.60947535418812,0.4021
-9.605994772563875,0.4022
-9.597521979716793,0.4023
-9.589644741963967,0.4024
-9.58279578458108,0.4025
-9.573244321488586,0.4026
-9.572505781867717,0.4027
-9.56123168338649,0.4028
-9.559196039127183,0.4029
-9.559108194648847,0.403
-9.55044558064472,0.4031
-9.550350872728789,0.4032
-9.545997834773177,0.4033
-9.536558509945497,0.4034
-9.521233745019511,0.4035
-9.519336433982104,0.4036
-9.517580581574888,0.4037
-9.507252693145722,0.4038
-9.491618833838961,0.4039
-9.484526112197154,0.404
-9.483530138657427,0.4041
-9.479975952292234,0.4042
-9.473135932520778,0.4043
-9.47049240261633,0.4044
-9.468011398803071,0.4045
-9.467476089112461,0.4046
-9.466337441300603,0.4047
-9.45575552103743,0.4048
-9.454767110701091,0.4049
-9.436627078357342,0.405
-9.413520621100812,0.4051
-9.409807205018588,0.4052
-9.409390865992755,0.4053
-9.398567184391618,0.4054
-9.393011448308826,0.4055
-9.389130698946493,0.4056
-9.384636580578052,0.4057
-9.383409290999552,0.4058
-9.38130915550664,0.4059
-9.37728412640784,0.406
-9.377258877718448,0.4061
-9.3764229758922,0.4062
-9.374197477509082,0.4063
-9.371795409410819,0.4064
-9.367519154632463,0.4065
-9.344252903727815,0.4066
-9.337075080747345,0.4067
-9.336611415470207,0.4068
-9.311743386080304,0.4069
-9.308438974718378,0.407
-9.30781266919896,0.4071
-9.298660092834757,0.4072
-9.296824440472387,0.4073
-9.294356080311351,0.4074
-9.294341336906701,0.4075
-9.291900349267934,0.4076
-9.272823290796017,0.4077
-9.265098669734972,0.4078
-9.260372457423248,0.4079
-9.259128166847118,0.408
-9.258025306759773,0.4081
-9.255555724792739,0.4082
-9.252803446444682,0.4083
-9.251544130989538,0.4084
-9.237763022476807,0.4085
-9.22695076095499,0.4086
-9.215638597796858,0.4087
-9.20689332913477,0.4088
-9.205229636708832,0.4089
-9.198156546987594,0.409
-9.18388202302251,0.4091
-9.172119851122797,0.4092
-9.161078947919794,0.4093
-9.152399430035613,0.4094
-9.142297875493206,0.4095
-9.130884216643867,0.4096
-9.128712151791154,0.4097
-9.119604517193885,0.4098
-9.117584960335122,0.4099
-9.109286628829315,0.41
-9.087504193732142,0.4101
-9.08588053318113,0.4102
-9.07952247272823,0.4103
-9.07019693406541,0.4104
-9.06217310037315,0.4105
-9.059411448136903,0.4106
-9.04218093207069,0.4107
-9.03808369850591,0.4108
-9.037883777724206,0.4109
-9.029329316496849,0.411
-9.027323022338003,0.4111
-9.023956917164474,0.4112
-9.022736556304807,0.4113
-9.02125090515986,0.4114
-9.005489505199343,0.4115
-9.004746491645276,0.4116
-9.000980347069726,0.4117
-9.000104936651141,0.4118
-8.997325284839055,0.4119
-8.995822169198469,0.412
-8.9929779197976,0.4121
-8.990772782132403,0.4122
-8.98817157694027,0.4123
-8.985664448177257,0.4124
-8.985448992545903,0.4125
-8.977157587661226,0.4126
-8.97310464662034,0.4127
-8.973055717602186,0.4128
-8.971013237001001,0.4129
-8.955895374793746,0.413
-8.946893160112944,0.4131
-8.944979989902675,0.4132
-8.944226459177957,0.4133
-8.940574861008674,0.4134
-8.93682206427511,0.4135
-8.933414730983598,0.4136
-8.932805198268964,0.4137
-8.931655885366723,0.4138
-8.92272605827637,0.4139
-8.922273592529075,0.414
-8.92048670651149,0.4141
-8.916727683132512,0.4142
-8.913832807398583,0.4143
-8.909996494418197,0.4144
-8.902901182099432,0.4145
-8.902281318864226,0.4146
-8.89950412180554,0.4147
-8.898911368650198,0.4148
-8.878453773705662,0.4149
-8.873932869843207,0.415
-8.863698807249033,0.4151
-8.862376920341887,0.4152
-8.855830516323069,0.4153
-8.852644662237726,0.4154
-8.848506700400263,0.4155
-8.846154561831616,0.4156
-8.84480675055515,0.4157
-8.813501372579486,0.4158
-8.796856925122254,0.4159
-8.788235381511786,0.416
-8.783901071612911,0.4161
-8.773088025034777,0.4162
-8.770700704046524,0.4163
-8.760117956810259,0.4164
-8.755184465888517,0.4165
-8.754619094288907,0.4166
-8.739257713038288,0.4167
-8.73487897577323,0.4168
-8.733461001874506,0.4169
-8.727907897359866,0.417
-8.726451441983134,0.4171
-8.72091789251622,0.4172
-8.717108864249662,0.4173
-8.711968125225418,0.4174
-8.710267985510072,0.4175
-8.709111106795259,0.4176
-8.707856366877444,0.4177
-8.693637086876855,0.4178
-8.690470813478903,0.4179
-8.679848701561427,0.418
-8.668967715497686,0.4181
-8.668262943620608,0.4182
-8.647240808958003,0.4183
-8.634214078308084,0.4184
-8.631320438522472,0.4185
-8.62838106243238,0.4186
-8.611552294743248,0.4187
-8.601891739434377,0.4188
-8.592631789623201,0.4189
-8.587147547088936,0.419
-8.569290266266838,0.4191
-8.54190527609922,0.4192
-8.531296236396765,0.4193
-8.52925702222064,0.4194
-8.512147406446005,0.4195
-8.51193307769783,0.4196
-8.500894301863386,0.4197
-8.49655504295826,0.4198
-8.486145287352244,0.4199
-8.464038595027288,0.42
-8.448062370402926,0.4201
-8.446996178741008,0.4202
-8.445723778562435,0.4203
-8.44117960521411,0.4204
-8.428889479947276,0.4205
-8.427937068777156,0.4206
-8.423539316287265,0.4207
-8.414749914235065,0.4208
-8.409543962689675,0.4209
-8.394904906323925,0.421
-8.391240286704711,0.4211
-8.38354384304583,0.4212
-8.381528031748719,0.4213
-8.380852413447201,0.4214
-8.379695051846655,0.4215
-8.374563360718254,0.4216
-8.364267381206155,0.4217
-8.354528338723815,0.4218
-8.328945107578487,0.4219
-8.32805945428647,0.422
-8.305710667488912,0.4221
-8.303060316341554,0.4222
-8.301864282257482,0.4223
-8.291844216387533,0.4224
-8.290936503949949,0.4225
-8.288822382646613,0.4226
-8.279877859499866,0.4227
-8.271495131635296,0.4228
-8.27005591933094,0.4229
-8.266821124447139,0.423
-8.248094586071746,0.4231
-8.247625237804467,0.4232
-8.236376807831414,0.4233
-8.219582505403087,0.4234
-8.219328541593814,0.4235
-8.218526468488761,0.4236
-8.20720882089492,0.4237
-8.200751875191369,0.4238
-8.197228753246181,0.4239
-8.18635954722762,0.424
-8.186264257768356,0.4241
-8.182020987857879,0.4242
-8.18033745993413,0.4243
-8.172942981597782,0.4244
-8.1683190667592,0.4245
-8.16506312353909,0.4246
-8.163128823455795,0.4247
-8.154550012777557,0.4248
-8.144981949178689,0.4249
-8.138140190516785,0.425
-8.135937830197253,0.4251
-8.131762786230444,0.4252
-8.126147701088525,0.4253
-8.113293542424962,0.4254
-8.0794192286551,0.4255
-8.071518640687689,0.4256
-8.057958280519397,0.4257
-8.04031738338042,0.4258
-8.039852088130269,0.4259
-8.032580862338097,0.426
-8.02858771330081,0.4261
-8.01067910950873,0.4262
-8.00481759857461,0.4263
-8.001986578220501,0.4264
-8.001290198116564,0.4265
-8.00082398827672,0.4266
-7.994650470323302,0.4267
-7.992850877786428,0.4268
-7.9829923817105595,0.4269
-7.9809517808128145,0.427
-7.967831440234178,0.4271
-7.951345377273116,0.4272
-7.940742342097871,0.4273
-7.938479168886319,0.4274
-7.93589265047554,0.4275
-7.9303093277936805,0.4276
-7.924819942554459,0.4277
-7.9203616928357805,0.4278
-7.919400897256844,0.4279
-7.916544693753123,0.428
-7.910004132281989,0.4281
-7.906393392258324,0.4282
-7.903449188230374,0.4283
-7.899917183566653,0.4284
-7.89404584829025,0.4285
-7.892134127589129,0.4286
-7.889328044777923,0.4287
-7.8886422893537205,0.4288
-7.887444648921676,0.4289
-7.886539282909405,0.429
-7.8859274313071746,0.4291
-7.879901808782109,0.4292
-7.877806030132622,0.4293
-7.876855292795599,0.4294
-7.871438228075207,0.4295
-7.871434630986303,0.4296
-7.861172413265331,0.4297
-7.851568613581359,0.4298
-7.84755028050784,0.4299
-7.841877459690904,0.43
-7.837523143021389,0.4301
-7.8369281331602485,0.4302
-7.836604737239147,0.4303
-7.826400718516859,0.4304
-7.821192921750994,0.4305
-7.810382049972751,0.4306
-7.795343927297183,0.4307
-7.787629254042171,0.4308
-7.7819052060352645,0.4309
-7.779896326526999,0.431
-7.776737005848438,0.4311
-7.77120595536735,0.4312
-7.768561584160104,0.4313
-7.767968609734811,0.4314
-7.766854465608671,0.4315
-7.763630312396959,0.4316
-7.761932006693631,0.4317
-7.759506684686617,0.4318
-7.753912795223296,0.4319
-7.74542042360101,0.432
-7.744141237133369,0.4321
-7.738884423978255,0.4322
-7.7388112189227725,0.4323
-7.7345644639635465,0.4324
-7.720975106425956,0.4325
-7.693547355415673,0.4326
-7.69326273255907,0.4327
-7.6812474442319925,0.4328
-7.680863269868866,0.4329
-7.68083100145273,0.433
-7.673399156294949,0.4331
-7.664824959332683,0.4332
-7.661546957954764,0.4333
-7.646190723774769,0.4334
-7.6362424923269066,0.4335
-7.630342081480474,0.4336
-7.628625213012099,0.4337
-7.616508894842863,0.4338
-7.599003282241151,0.4339
-7.598888401656971,0.434
-7.59787166924309,0.4341
-7.591140033503063,0.4342
-7.576662838878474,0.4343
-7.574412145177275,0.4344
-7.567441178088263,0.4345
-7.560015130430088,0.4346
-7.555194167013094,0.4347
-7.555142694776133,0.4348
-7.554163362924382,0.4349
-7.550933665774391,0.435
-7.548146819802559,0.4351
-7.547259702235088,0.4352
-7.544852738396825,0.4353
-7.53482955134922,0.4354
-7.530368595444412,0.4355
-7.520884015455284,0.4356
-7.5204705709302795,0.4357
-7.520205072711036,0.4358
-7.515893552028572,0.4359
-7.51385568018388,0.436
-7.51253164832592,0.4361
-7.509633295947314,0.4362
-7.5041807071561,0.4363
-7.504107791326755,0.4364
-7.495244369117543,0.4365
-7.4949579557959,0.4366
-7.479698077242079,0.4367
-7.469907095044851,0.4368
-7.464811800356023,0.4369
-7.463156725838409,0.437
-7.453824938741338,0.4371
-7.453366158356705,0.4372
-7.450480463417433,0.4373
-7.450438669327833,0.4374
-7.44685819943864,0.4375
-7.432182382694632,0.4376
-7.431893288150244,0.4377
-7.43171804610379,0.4378
-7.428856444448233,0.4379
-7.423476370606199,0.438
-7.408769700708427,0.4381
-7.402326606737823,0.4382
-7.397756852125563,0.4383
-7.395562109168619,0.4384
-7.38518987104185,0.4385
-7.384553150238656,0.4386
-7.376080736062118,0.4387
-7.371289264751598,0.4388
-7.364627060935088,0.4389
-7.3633001044482,0.439
-7.355567105314693,0.4391
-7.351408485061675,0.4392
-7.351022308008382,0.4393
-7.344525939529948,0.4394
-7.339826667753046,0.4395
-7.338932058734447,0.4396
-7.337332947342655,0.4397
-7.333299621899798,0.4398
-7.331313359074854,0.4399
-7.315818714029156,0.44
-7.31375184111073,0.4401
-7.308934397088364,0.4402
-7.300049122732692,0.4403
-7.299266021557338,0.4404
-7.290936584904604,0.4405
-7.290067636906542,0.4406
-7.285452407334931,0.4407
-7.278252154380456,0.4408
-7.277971842008643,0.4409
-7.2778499089544635,0.441
-7.2747039724219595,0.4411
-7.272841317214258,0.4412
-7.263375528770127,0.4413
-7.261066892949493,0.4414
-7.258636712060878,0.4415
-7.252283919090033,0.4416
-7.24664663522467,0.4417
-7.2462583319224505,0.4418
-7.245094732378424,0.4419
-7.243810277355649,0.442
-7.237731742776745,0.4421
-7.2283856151422485,0.4422
-7.224706619049981,0.4423
-7.2121567532792685,0.4424
-7.211048701908998,0.4425
-7.209310173465125,0.4426
-7.201098087266088,0.4427
-7.200024045854062,0.4428
-7.192068062629366,0.4429
-7.187594815053605,0.443
-7.184295776234008,0.4431
-7.172805350287259,0.4432
-7.17142863022089,0.4433
-7.1655281952431435,0.4434
-7.161488456631825,0.4435
-7.15905485920813,0.4436
-7.158594716348873,0.4437
-7.158089525425254,0.4438
-7.1576686560027305,0.4439
-7.149699366267957,0.444
-7.135638726167379,0.4441
-7.12386757588014,0.4442
-7.12081190452259,0.4443
-7.101313977621124,0.4444
-7.096705181020311,0.4445
-7.091214427719079,0.4446
-7.088321949429808,0.4447
-7.079746927198209,0.4448
-7.0784034078329805,0.4449
-7.076417653526747,0.445
-7.076292025518044,0.4451
-7.071901763574407,0.4452
-7.070196317972243,0.4453
-7.063372704113462,0.4454
-7.060596271567606,0.4455
-7.058258795951121,0.4456
-7.034842261345311,0.4457
-7.029187168554217,0.4458
-7.025631885011495,0.4459
-7.020341933791898,0.446
-7.01586073622983,0.4461
-7.015728062018752,0.4462
-7.009618206660078,0.4463
-7.009585509814695,0.4464
-7.0042477704189725,0.4465
-7.002177596239373,0.4466
-6.9952390551269055,0.4467
-6.993580123954267,0.4468
-6.978133253347129,0.4469
-6.97742582799196,0.447
-6.966748977415263,0.4471
-6.956478965829127,0.4472
-6.940266735709459,0.4473
-6.937814000536502,0.4474
-6.931396006344259,0.4475
-6.924009580577538,0.4476
-6.921178015346828,0.4477
-6.902828343956359,0.4478
-6.884469060422667,0.4479
-6.87837739755548,0.448
-6.863156609281712,0.4481
-6.853887336596288,0.4482
-6.844836207472905,0.4483
-6.84390833223518,0.4484
-6.843787140620314,0.4485
-6.840311632744968,0.4486
-6.836429342128896,0.4487
-6.835683343660085,0.4488
-6.817644904020057,0.4489
-6.816840509467191,0.449
-6.816580088204891,0.4491
-6.807958815968968,0.4492
-6.803500310435705,0.4493
-6.80096986514479,0.4494
-6.796188885966688,0.4495
-6.795084677596949,0.4496
-6.791666309311986,0.4497
-6.786446926899632,0.4498
-6.7852126328838995,0.4499
-6.780421163203941,0.45
-6.778064443992072,0.4501
-6.76050401094518,0.4502
-6.7450923155851665,0.4503
-6.744726963383519,0.4504
-6.740829302419536,0.4505
-6.740196104925312,0.4506
-6.732702673237769,0.4507
-6.731379020136223,0.4508
-6.730738618437201,0.4509
-6.721791623213142,0.451
-6.7183778093786914,0.4511
-6.71666273916699,0.4512
-6.684846336205488,0.4513
-6.678740302467719,0.4514
-6.663571167647094,0.4515
-6.655019912153297,0.4516
-6.642482729707099,0.4517
-6.6414899414088575,0.4518
-6.635928553307989,0.4519
-6.634265172764659,0.452
-6.634199825027772,0.4521
-6.633164894310572,0.4522
-6.62416822114531,0.4523
-6.607939165526256,0.4524
-6.599240322112479,0.4525
-6.593689326420426,0.4526
-6.588550982264244,0.4527
-6.587381913358346,0.4528
-6.578729581799358,0.4529
-6.573303976703808,0.453
-6.571473875109852,0.4531
-6.5697302285699175,0.4532
-6.5662134313154965,0.4533
-6.541723636047729,0.4534
-6.53654206761159,0.4535
-6.528261901274138,0.4536
-6.520046126171016,0.4537
-6.5147116058995955,0.4538
-6.502514021610283,0.4539
-6.50091658151336,0.454
-6.485649430700951,0.4541
-6.483472636872903,0.4542
-6.478869793005661,0.4543
-6.469964828897454,0.4544
-6.469141731029749,0.4545
-6.4638068210899835,0.4546
-6.459320896789991,0.4547
-6.458038843738102,0.4548
-6.455889440072514,0.4549
-6.454939396829904,0.455
-6.454277263899148,0.4551
-6.45235714155063,0.4552
-6.446068552596867,0.4553
-6.444323038053699,0.4554
-6.428570964719542,0.4555
-6.421148592519016,0.4556
-6.417745752966777,0.4557
-6.415975114987046,0.4558
-6.410371748184785,0.4559
-6.4014895852411176,0.456
-6.400865732939728,0.4561
-6.394645424720642,0.4562
-6.3892797225689515,0.4563
-6.384025070883706,0.4564
-6.383666019062511,0.4565
-6.379475005311146,0.4566
-6.374957168277353,0.4567
-6.373192082630285,0.4568
-6.371749797234312,0.4569
-6.364195825916902,0.457
-6.364161572301575,0.4571
-6.3550764717441055,0.4572
-6.354984840589762,0.4573
-6.348055782934651,0.4574
-6.342931616093591,0.4575
-6.342227194456943,0.4576
-6.341998707060144,0.4577
-6.336998904198408,0.4578
-6.335289349978237,0.4579
-6.335165145866387,0.458
-6.334112696860917,0.4581
-6.326468891286106,0.4582
-6.322591173700057,0.4583
-6.312431192692006,0.4584
-6.311312592553348,0.4585
-6.300083688092236,0.4586
-6.292853150766157,0.4587
-6.28931421305202,0.4588
-6.288682536345907,0.4589
-6.285352222378925,0.459
-6.28478332970906,0.4591
-6.28079520901274,0.4592
-6.2776563990566885,0.4593
-6.261102263038606,0.4594
-6.259747956619971,0.4595
-6.249368979971111,0.4596
-6.24542015710976,0.4597
-6.238849239657075,0.4598
-6.2357396732172,0.4599
-6.226675512393936,0.46
-6.21816077123303,0.4601
-6.204286086340808,0.4602
-6.196306422361359,0.4603
-6.18200859638229,0.4604
-6.180656857039594,0.4605
-6.1780053161732855,0.4606
-6.1749945045702335,0.4607
-6.172819547074847,0.4608
-6.15822280026935,0.4609
-6.156122320308164,0.461
-6.151169364511595,0.4611
-6.1486382417321215,0.4612
-6.1464400748008865,0.4613
-6.143318836687879,0.4614
-6.134521086606197,0.4615
-6.114924819214456,0.4616
-6.107608413350594,0.4617
-6.107042373423651,0.4618
-6.103070856197184,0.4619
-6.102760339675849,0.462
-6.100563509694115,0.4621
-6.098564112989231,0.4622
-6.097159932133557,0.4623
-6.094510829434358,0.4624
-6.087929661383107,0.4625
-6.0845259404419,0.4626
-6.082208742958308,0.4627
-6.07881146490965,0.4628
-6.058515822651796,0.4629
-6.056778302693368,0.463
-6.051900959935039,0.4631
-6.047669051922299,0.4632
-6.037205800678581,0.4633
-6.031468830429949,0.4634
-6.029009526498616,0.4635
-6.028058900148049,0.4636
-6.022432202446089,0.4637
-6.019951606524923,0.4638
-6.016606016676315,0.4639
-6.010320197897591,0.464
-6.01026316630654,0.4641
-5.998715263031051,0.4642
-5.997504076791742,0.4643
-5.996248470650241,0.4644
-5.992053815670871,0.4645
-5.987990314735842,0.4646
-5.984221039138735,0.4647
-5.983386595168524,0.4648
-5.974133627746814,0.4649
-5.966161456298456,0.465
-5.960710185158066,0.4651
-5.9536351745378235,0.4652
-5.949724156352319,0.4653
-5.942274619943462,0.4654
-5.933479518560507,0.4655
-5.930449838002958,0.4656
-5.926083779108897,0.4657
-5.92038855262585,0.4658
-5.918255942809582,0.4659
-5.884932731347159,0.466
-5.872378090590424,0.4661
-5.87111701633446,0.4662
-5.861512568975054,0.4663
-5.849613253306039,0.4664
-5.844404013669118,0.4665
-5.841421807462722,0.4666
-5.838574228454381,0.4667
-5.834163900091127,0.4668
-5.828560966328532,0.4669
-5.821346001759918,0.467
-5.820083911914751,0.4671
-5.818013364380785,0.4672
-5.816873157407903,0.4673
-5.8123357531428335,0.4674
-5.81073518424239,0.4675
-5.807315694664605,0.4676
-5.803113904805295,0.4677
-5.791816376380064,0.4678
-5.784434159251305,0.4679
-5.781196234731004,0.468
-5.773352167386748,0.4681
-5.7706196875672795,0.4682
-5.767120400328934,0.4683
-5.759987499614061,0.4684
-5.752293129248542,0.4685
-5.746444784167782,0.4686
-5.738924474839494,0.4687
-5.738515509534255,0.4688
-5.732521468256042,0.4689
-5.731567304015346,0.469
-5.730597755424864,0.4691
-5.72847880094722,0.4692
-5.725871735707298,0.4693
-5.723961788811907,0.4694
-5.697794777065516,0.4695
-5.696486428576522,0.4696
-5.686062673176639,0.4697
-5.682701695010439,0.4698
-5.678015198206343,0.4699
-5.673769632925839,0.47
-5.6716797503586855,0.4701
-5.667179446536676,0.4702
-5.664319402493909,0.4703
-5.656218953134865,0.4704
-5.654371965346487,0.4705
-5.644089541115987,0.4706
-5.637265497147292,0.4707
-5.634891269297339,0.4708
-5.633259494342097,0.4709
-5.630090642752685,0.471
-5.629997185774334,0.4711
-5.62633427522704,0.4712
-5.619531722273678,0.4713
-5.618094147488103,0.4714
-5.612008870969526,0.4715
-5.608491226145626,0.4716
-5.603789551621303,0.4717
-5.601395656160079,0.4718
-5.601157629220003,0.4719
-5.591005429168232,0.472
-5.590312218702213,0.4721
-5.590212254611217,0.4722
-5.583070563255624,0.4723
-5.580697648958303,0.4724
-5.579916298308969,0.4725
-5.577030038626487,0.4726
-5.576619543839061,0.4727
-5.572415582406334,0.4728
-5.5558347133891655,0.4729
-5.548168242592179,0.473
-5.537001659564861,0.4731
-5.530138155745715,0.4732
-5.521598433048279,0.4733
-5.5215144603166735,0.4734
-5.509624137204513,0.4735
-5.50672253252305,0.4736
-5.505434247769044,0.4737
-5.504731236071326,0.4738
-5.499591233840771,0.4739
-5.497141925491207,0.474
-5.4849812916491185,0.4741
-5.482406270534164,0.4742
-5.473251180800051,0.4743
-5.471455425665342,0.4744
-5.469786195299588,0.4745
-5.468222669522464,0.4746
-5.467427313653939,0.4747
-5.454992440860718,0.4748
-5.4537244787759995,0.4749
-5.438827170483955,0.475
-5.434969401152805,0.4751
-5.433575041282922,0.4752
-5.4203371507087725,0.4753
-5.419851721159183,0.4754
-5.411325282118283,0.4755
-5.404518905044162,0.4756
-5.4001882646756245,0.4757
-5.397159245392866,0.4758
-5.394959456504322,0.4759
-5.383034093320929,0.476
-5.3824185014510535,0.4761
-5.380812892364153,0.4762
-5.376849212363362,0.4763
-5.376477892822584,0.4764
-5.372147039404512,0.4765
-5.36144940995425,0.4766
-5.353902761789412,0.4767
-5.351952349533699,0.4768
-5.341663302702271,0.4769
-5.326848611540347,0.477
-5.320485851280577,0.4771
-5.32034514330905,0.4772
-5.320299324729108,0.4773
-5.3161721443858,0.4774
-5.310845407318883,0.4775
-5.30947254355643,0.4776
-5.306440924792737,0.4777
-5.288746420796029,0.4778
-5.286685368410498,0.4779
-5.286114476666972,0.478
-5.280030249375478,0.4781
-5.271686272322572,0.4782
-5.268892282175087,0.4783
-5.268020157407784,0.4784
-5.254275379923731,0.4785
-5.2536866935381665,0.4786
-5.2453284808859175,0.4787
-5.245311606778763,0.4788
-5.244214882909507,0.4789
-5.240015052033961,0.479
-5.235005448257172,0.4791
-5.229337351437472,0.4792
-5.226007140829417,0.4793
-5.212337355507724,0.4794
-5.210657469914109,0.4795
-5.203769046145305,0.4796
-5.201735695343093,0.4797
-5.2002201244317,0.4798
-5.200053465410882,0.4799
-5.194041464767986,0.48
-5.191481078688428,0.4801
-5.182458517869376,0.4802
-5.16472129999251,0.4803
-5.160798167426138,0.4804
-5.154428039090149,0.4805
-5.15317461371515,0.4806
-5.152543205316365,0.4807
-5.150566315643117,0.4808
-5.147231002370455,0.4809
-5.131785825954378,0.481
-5.130583300699107,0.4811
-5.12401723435428,0.4812
-5.123499740377255,0.4813
-5.106163445346057,0.4814
-5.098321474028752,0.4815
-5.0966459419379015,0.4816
-5.09053230359312,0.4817
-5.087093829713203,0.4818
-5.083156054372897,0.4819
-5.077105846616813,0.482
-5.076360237789155,0.4821
-5.076278597203642,0.4822
-5.062878781543673,0.4823
-5.054396696683579,0.4824
-5.052812350836024,0.4825
-5.047336834705062,0.4826
-5.047197884048336,0.4827
-5.0395499392289675,0.4828
-5.039193677779847,0.4829
-5.031198040626385,0.483
-5.031188072686643,0.4831
-5.027576703418606,0.4832
-5.027420272662491,0.4833
-5.025833556655795,0.4834
-5.02488180703651,0.4835
-5.020732949939556,0.4836
-5.0154630698721885,0.4837
-5.012494061758555,0.4838
-5.009825317456573,0.4839
-4.998466114252619,0.484
-4.998030731678007,0.4841
-4.9942728541044525,0.4842
-4.991262137692795,0.4843
-4.975365090610646,0.4844
-4.971504561861046,0.4845
-4.968776543706841,0.4846
-4.968554411721602,0.4847
-4.966364962997101,0.4848
-4.964941755641067,0.4849
-4.960512385220267,0.485
-4.959632621037588,0.4851
-4.954947375214659,0.4852
-4.940429910122603,0.4853
-4.935208501901106,0.4854
-4.931909468239918,0.4855
-4.927832565996796,0.4856
-4.917043896473571,0.4857
-4.906229751722329,0.4858
-4.904150838881917,0.4859
-4.89047514020279,0.486
-4.883925251934305,0.4861
-4.8835144675873225,0.4862
-4.881346027872898,0.4863
-4.880368770021946,0.4864
-4.87821736094039,0.4865
-4.8777481711175295,0.4866
-4.869938016826473,0.4867
-4.868281395404042,0.4868
-4.858590535431356,0.4869
-4.858238068337739,0.487
-4.856876303099469,0.4871
-4.853414095614106,0.4872
-4.848510833917186,0.4873
-4.8433689734298735,0.4874
-4.842562572677434,0.4875
-4.8372613870572305,0.4876
-4.830959425832331,0.4877
-4.830272606978193,0.4878
-4.824530690908432,0.4879
-4.822279880569876,0.488
-4.819906263453886,0.4881
-4.816929822426662,0.4882
-4.816824209332094,0.4883
-4.814446138066053,0.4884
-4.8130823777312415,0.4885
-4.801373441889323,0.4886
-4.795757661818341,0.4887
-4.765388459733315,0.4888
-4.755750119393505,0.4889
-4.7548484901245684,0.489
-4.748691249626875,0.4891
-4.7475754718847565,0.4892
-4.742630060411245,0.4893
-4.740251866059751,0.4894
-4.736142331292853,0.4895
-4.735846101666987,0.4896
-4.730548738076541,0.4897
-4.730485467147828,0.4898
-4.727052048748732,0.4899
-4.711486673654802,0.49
-4.710167166534439,0.4901
-4.709966592300125,0.4902
-4.709937626799197,0.4903
-4.708444704354555,0.4904
-4.708170767587609,0.4905
-4.707581049149856,0.4906
-4.703810686923005,0.4907
-4.7019912869226195,0.4908
-4.697829679722526,0.4909
-4.688641312752479,0.491
-4.68767868908681,0.4911
-4.68756109885946,0.4912
-4.683243427434936,0.4913
-4.6792728895436975,0.4914
-4.672565803107806,0.4915
-4.670367051509023,0.4916
-4.662079963694141,0.4917
-4.660345051426067,0.4918
-4.656618378031814,0.4919
-4.650513535042666,0.492
-4.647006419152208,0.4921
-4.6451355863388635,0.4922
-4.636545371879824,0.4923
-4.630011040769517,0.4924
-4.6215376044992365,0.4925
-4.619653990173339,0.4926
-4.616533511172421,0.4927
-4.613067333003134,0.4928
-4.608477158714646,0.4929
-4.607691643002443,0.493
-4.589827289176919,0.4931
-4.581967194349132,0.4932
-4.580643952118792,0.4933
-4.5802064054094265,0.4934
-4.564587440315262,0.4935
-4.557935669691302,0.4936
-4.557361352569797,0.4937
-4.553148929265328,0.4938
-4.550374064070917,0.4939
-4.54520369374528,0.494
-4.541174474331365,0.4941
-4.535877319296077,0.4942
-4.531021367584168,0.4943
-4.529316676879666,0.4944
-4.524384524400346,0.4945
-4.522686728746071,0.4946
-4.520354610023089,0.4947
-4.495168626930006,0.4948
-4.494186484321767,0.4949
-4.492899322050995,0.495
-4.492633837350086,0.4951
-4.4845400752075015,0.4952
-4.479199128722586,0.4953
-4.475601120159775,0.4954
-4.467403062832355,0.4955
-4.4641385066978625,0.4956
-4.4587475145522495,0.4957
-4.458117366336286,0.4958
-4.454561308759824,0.4959
-4.449132500136271,0.496
-4.443597435442731,0.4961
-4.440227689160777,0.4962
-4.439128835045732,0.4963
-4.438736462322623,0.4964
-4.425790323191509,0.4965
-4.422950140929781,0.4966
-4.417077828357182,0.4967
-4.416931731315702,0.4968
-4.413644524607994,0.4969
-4.391300207803584,0.497
-4.3910045058883735,0.4971
-4.384993337822706,0.4972
-4.384313619557768,0.4973
-4.383554125630856,0.4974
-4.37994796000179,0.4975
-4.37847743780315,0.4976
-4.37783073394876,0.4977
-4.370882675519772,0.4978
-4.370762444432082,0.4979
-4.366846244641766,0.498
-4.3595089715112,0.4981
-4.358989755221829,0.4982
-4.358823279440775,0.4983
-4.358668664120137,0.4984
-4.358037208299339,0.4985
-4.355838873473927,0.4986
-4.350995207612962,0.4987
-4.348682276511006,0.4988
-4.336417957642301,0.4989
-4.326073493605852,0.499
-4.29938314413093,0.4991
-4.29696832859274,0.4992
-4.296166201971471,0.4993
-4.2888373922634875,0.4994
-4.288264900822566,0.4995
-4.287234723716788,0.4996
-4.287014422221109,0.4997
-4.284622344237566,0.4998
-4.284373267660849,0.4999
-4.2818444587677735,0.5
-4.281770755364187,0.5001
-4.281748162261399,0.5002
-4.280375395940242,0.5003
-4.279130968683398,0.5004
-4.271554092816822,0.5005
-4.259744658432901,0.5006
-4.259661237513274,0.5007
-4.256598484950699,0.5008
-4.2550006733639165,0.5009
-4.254268441790715,0.501
-4.249638078686223,0.5011
-4.248385229739175,0.5012
-4.246159945014305,0.5013
-4.245325766697526,0.5014
-4.24370509440545,0.5015
-4.2391850592251865,0.5016
-4.22840681017302,0.5017
-4.22337609234154,0.5018
-4.2221973248498506,0.5019
-4.217020400588215,0.502
-4.215921148641221,0.5021
-4.210976054929197,0.5022
-4.201358768818714,0.5023
-4.195836548559741,0.5024
-4.19453494850304,0.5025
-4.190998027773946,0.5026
-4.187656323462725,0.5027
-4.176621936448663,0.5028
-4.175322566449642,0.5029
-4.170616713901609,0.503
-4.167925006080978,0.5031
-4.166854350804724,0.5032
-4.166122275026515,0.5033
-4.165653654739074,0.5034
-4.154647754899226,0.5035
-4.153232550460287,0.5036
-4.14817644602526,0.5037
-4.145472581176461,0.5038
-4.145465289518796,0.5039
-4.136328387643025,0.504
-4.131739537546969,0.5041
-4.130146641286835,0.5042
-4.128047078742835,0.5043
-4.1101114246333,0.5044
-4.105327426664531,0.5045
-4.1036839698072525,0.5046
-4.1032893968075514,0.5047
-4.099553713484667,0.5048
-4.099140654679386,0.5049
-4.087827136159316,0.505
-4.087557865540311,0.5051
-4.078591109913029,0.5052
-4.078301818207092,0.5053
-4.076437653547153,0.5054
-4.072589016848057,0.5055
-4.0674605836238715,0.5056
-4.061306592344306,0.5057
-4.056862822445482,0.5058
-4.054365054333768,0.5059
-4.052886172958091,0.506
-4.0434624714799225,0.5061
-4.042249872160144,0.5062
-4.039095390276605,0.5063
-4.038886771142483,0.5064
-4.038838639004715,0.5065
-4.03096002976615,0.5066
-4.027964782659709,0.5067
-4.019151948476583,0.5068
-4.019134344609454,0.5069
-4.001196818651072,0.507
-4.0010972386442125,0.5071
-3.992353291507624,0.5072
-3.987840936158973,0.5073
-3.9867671444719655,0.5074
-3.9842166762923825,0.5075
-3.981400109981373,0.5076
-3.9765684859046715,0.5077
-3.969059269867279,0.5078
-3.96412810859587,0.5079
-3.961997139676288,0.508
-3.9598565715614678,0.5081
-3.959789261771366,0.5082
-3.9589864185165613,0.5083
-3.9570371771657844,0.5084
-3.9554339243562895,0.5085
-3.9473982173778124,0.5086
-3.9467561492610694,0.5087
-3.944333614011481,0.5088
-3.9423890069276095,0.5089
-3.9395051225384696,0.509
-3.93851908222232,0.5091
-3.9372887635242195,0.5092
-3.932512298984081,0.5093
-3.921093962565065,0.5094
-3.9185659354927016,0.5095
-3.916317887613177,0.5096
-3.915281954197958,0.5097
-3.910281734099798,0.5098
-3.909642578445375,0.5099
-3.9029051090497524,0.51
-3.89815670901835,0.5101
-3.8893159739369527,0.5102
-3.8860049148993547,0.5103
-3.8828592321544892,0.5104
-3.879296711522527,0.5105
-3.8709560457009826,0.5106
-3.8598887166818603,0.5107
-3.859374996168353,0.5108
-3.859223990843631,0.5109
-3.8586956899289038,0.511
-3.8569689534189178,0.5111
-3.8562376294713467,0.5112
-3.8546680658925325,0.5113
-3.842755472541601,0.5114
-3.836436259789392,0.5115
-3.8352357158526793,0.5116
-3.8279986341536048,0.5117
-3.8206484827726963,0.5118
-3.8182686031300577,0.5119
-3.812149447892979,0.512
-3.8113502665327865,0.5121
-3.810966124777868,0.5122
-3.8016192738138197,0.5123
-3.791492336142808,0.5124
-3.789678296670131,0.5125
-3.7873702080426743,0.5126
-3.7866678131151943,0.5127
-3.784659065231495,0.5128
-3.7833476840378717,0.5129
-3.7825891823247075,0.513
-3.779899844681102,0.5131
-3.777351836165224,0.5132
-3.7758813978169115,0.5133
-3.772979316708818,0.5134
-3.77278554057125,0.5135
-3.767634863383323,0.5136
-3.762485421468504,0.5137
-3.759484511236471,0.5138
-3.758379557084106,0.5139
-3.750351030465594,0.514
-3.749882847703993,0.5141
-3.74495045308359,0.5142
-3.7389328121356664,0.5143
-3.7308397738412022,0.5144
-3.7262107100829454,0.5145
-3.722793970759958,0.5146
-3.7164115989964457,0.5147
-3.714696892539039,0.5148
-3.705614989607223,0.5149
-3.704837465990148,0.515
-3.699893986319192,0.5151
-3.69939711456839,0.5152
-3.6985764396823946,0.5153
-3.691870153796859,0.5154
-3.689422600727901,0.5155
-3.6865643470363687,0.5156
-3.681348292000033,0.5157
-3.6766130973208697,0.5158
-3.672671236292273,0.5159
-3.669942414781824,0.516
-3.667187116516754,0.5161
-3.6572048494042835,0.5162
-3.6536055329211052,0.5163
-3.653537278156355,0.5164
-3.6531221428776157,0.5165
-3.6512139417778697,0.5166
-3.6198361639536913,0.5167
-3.619605165158957,0.5168
-3.6190325743719933,0.5169
-3.6142882993329324,0.517
-3.6132331859590487,0.5171
-3.6122319388678297,0.5172
-3.606956082187966,0.5173
-3.604764437912032,0.5174
-3.602669453609362,0.5175
-3.597716255548596,0.5176
-3.5950694342786447,0.5177
-3.592540828476101,0.5178
-3.5916937247881666,0.5179
-3.585937428527325,0.518
-3.5848912234742194,0.5181
-3.5834442821325734,0.5182
-3.574306285360083,0.5183
-3.5703914142752065,0.5184
-3.5678565698890017,0.5185
-3.5648260342922065,0.5186
-3.562570032777824,0.5187
-3.560001125598326,0.5188
-3.5584569357387723,0.5189
-3.557329824679159,0.519
-3.557273203484155,0.5191
-3.5570294707912953,0.5192
-3.5526926451211795,0.5193
-3.550234287389181,0.5194
-3.5493952945506204,0.5195
-3.5490143345434335,0.5196
-3.543590704935976,0.5197
-3.5412067025229335,0.5198
-3.5359892503662036,0.5199
-3.533352201984823,0.52
-3.532358212935925,0.5201
-3.5285731252966444,0.5202
-3.5264779546890415,0.5203
-3.5205614197576423,0.5204
-3.5197778546368705,0.5205
-3.5184121647197752,0.5206
-3.518143062965758,0.5207
-3.5149267182853072,0.5208
-3.5130937578411774,0.5209
-3.5112590621262787,0.521
-3.5080043584244325,0.5211
-3.506707677948847,0.5212
-3.504093158287369,0.5213
-3.5027353062393143,0.5214
-3.496297632410377,0.5215
-3.495810179209337,0.5216
-3.4937574517356236,0.5217
-3.491592048420012,0.5218
-3.4910528029728685,0.5219
-3.4909005414701997,0.522
-3.4878986614231016,0.5221
-3.482717551710829,0.5222
-3.4816993268199266,0.5223
-3.479063716845773,0.5224
-3.4778996528729795,0.5225
-3.4732952837558466,0.5226
-3.4690358066648246,0.5227
-3.4684104838974776,0.5228
-3.467639797478542,0.5229
-3.4658502180047335,0.523
-3.464221971296333,0.5231
-3.4619961891300983,0.5232
-3.4573179648904135,0.5233
-3.454998902768828,0.5234
-3.454865589062311,0.5235
-3.452542316143401,0.5236
-3.4473638091605157,0.5237
-3.445421081452817,0.5238
-3.4388461802624164,0.5239
-3.432013617129065,0.524
-3.4238270371008666,0.5241
-3.416809255393781,0.5242
-3.407332443755862,0.5243
-3.4032195425495506,0.5244
-3.4001687719970937,0.5245
-3.398818875977955,0.5246
-3.3986280188452453,0.5247
-3.3927633910143746,0.5248
-3.392077032776922,0.5249
-3.3878802885301407,0.525
-3.3857148798033596,0.5251
-3.3828928794644746,0.5252
-3.379167229483276,0.5253
-3.3771373958736657,0.5254
-3.374644218975864,0.5255
-3.374188656616583,0.5256
-3.37358972191941,0.5257
-3.3702663037875666,0.5258
-3.369671047550441,0.5259
-3.369277144699171,0.526
-3.3666036322100084,0.5261
-3.364709332368337,0.5262
-3.3579082814028514,0.5263
-3.342025346814655,0.5264
-3.3364783798526916,0.5265
-3.330368821574003,0.5266
-3.3264421692609787,0.5267
-3.3228569585388525,0.5268
-3.319081056451425,0.5269
-3.315028688430786,0.527
-3.3146334423057704,0.5271
-3.3128108277359978,0.5272
-3.3099264878785237,0.5273
-3.302468789951131,0.5274
-3.298294176224247,0.5275
-3.297905424472876,0.5276
-3.284945978330448,0.5277
-3.284279183599539,0.5278
-3.283324142958596,0.5279
-3.280580977105722,0.528
-3.2751274244608357,0.5281
-3.2736904885917903,0.5282
-3.2671888859892264,0.5283
-3.263769705361501,0.5284
-3.263727673783712,0.5285
-3.2620798939388247,0.5286
-3.2592714498102664,0.5287
-3.2557354264922442,0.5288
-3.244271449503861,0.5289
-3.2402872809136287,0.529
-3.239348985921591,0.5291
-3.238191356240585,0.5292
-3.2375641496447845,0.5293
-3.2360222496503965,0.5294
-3.230646866030618,0.5295
-3.227675180324912,0.5296
-3.2233470038987724,0.5297
-3.2221581948911773,0.5298
-3.2136576455309993,0.5299
-3.2130415690096092,0.53
-3.2099146532161167,0.5301
-3.209416921463422,0.5302
-3.2083378408059477,0.5303
-3.20829221104458,0.5304
-3.2065863179195673,0.5305
-3.2059536695420743,0.5306
-3.1883924493452533,0.5307
-3.188377574533224,0.5308
-3.1792086877716708,0.5309
-3.172884052021243,0.531
-3.1683207055630165,0.5311
-3.1634784804992377,0.5312
-3.1537426750190556,0.5313
-3.150946472486109,0.5314
-3.14947722219955,0.5315
-3.1460578582292427,0.5316
-3.1350591847131035,0.5317
-3.131992532008514,0.5318
-3.130471420072392,0.5319
-3.1191751160481944,0.532
-3.1184087572604415,0.5321
-3.118063039451651,0.5322
-3.112299604342319,0.5323
-3.103732199245319,0.5324
-3.0997189190033825,0.5325
-3.099632810241357,0.5326
-3.097744213542712,0.5327
-3.096464617585391,0.5328
-3.094982321310229,0.5329
-3.093179537881166,0.533
-3.088372729888558,0.5331
-3.0876417208027096,0.5332
-3.0833330256218088,0.5333
-3.0831589244352653,0.5334
-3.080773567322455,0.5335
-3.075406921572052,0.5336
-3.0746774815726967,0.5337
-3.06771058956664,0.5338
-3.064487592924759,0.5339
-3.0631509950783107,0.534
-3.0553369094600904,0.5341
-3.050330253096297,0.5342
-3.0479300553806126,0.5343
-3.0438147851238027,0.5344
-3.038159599604085,0.5345
-3.0365015376754108,0.5346
-3.0345482714939864,0.5347
-3.0324625961987293,0.5348
-3.026892604242079,0.5349
-3.025144655596279,0.535
-3.024676792762801,0.5351
-3.0225366032099354,0.5352
-3.0219688295625144,0.5353
-3.013931956498325,0.5354
-3.0129965277206154,0.5355
-3.0100602001354098,0.5356
-3.009291431718506,0.5357
-3.003706319918856,0.5358
-3.0028693080164492,0.5359
-3.001855567995459,0.536
-3.0000413345826793,0.5361
-2.996009829372354,0.5362
-2.9952997154740615,0.5363
-2.992913216193396,0.5364
-2.9899416866121813,0.5365
-2.987919438378513,0.5366
-2.986429188991711,0.5367
-2.9818222037404776,0.5368
-2.9801622435510158,0.5369
-2.9772132336253305,0.537
-2.9766311737187205,0.5371
-2.9743655287066475,0.5372
-2.9730469691745935,0.5373
-2.971135735560022,0.5374
-2.9615660503059624,0.5375
-2.9614859780490397,0.5376
-2.9611588174976404,0.5377
-2.9578218443367628,0.5378
-2.956510486229882,0.5379
-2.9563836393596605,0.538
-2.9528365734905004,0.5381
-2.9419945888122547,0.5382
-2.9412418861217797,0.5383
-2.932065012993291,0.5384
-2.920329510875978,0.5385
-2.9191684249954295,0.5386
-2.9134469789173454,0.5387
-2.905812534078956,0.5388
-2.9021441206894814,0.5389
-2.901242976303026,0.539
-2.8985081439252944,0.5391
-2.8969526210676877,0.5392
-2.895795044740476,0.5393
-2.891001026906073,0.5394
-2.8889717842843385,0.5395
-2.8871778469942546,0.5396
-2.884833805414103,0.5397
-2.884831964005903,0.5398
-2.8834616999216376,0.5399
-2.8790699980378123,0.54
-2.878131994673051,0.5401
-2.878131080434844,0.5402
-2.8762483837563546,0.5403
-2.871644055460393,0.5404
-2.8680823298446834,0.5405
-2.8675602175801993,0.5406
-2.8669254539912568,0.5407
-2.8652838539406655,0.5408
-2.8616702427955345,0.5409
-2.8593611059812827,0.541
-2.851337269052863,0.5411
-2.847215185189247,0.5412
-2.837781212886237,0.5413
-2.8307132716055956,0.5414
-2.8287550277734175,0.5415
-2.8272485444657502,0.5416
-2.826275201820582,0.5417
-2.8182161130703984,0.5418
-2.8104912621853875,0.5419
-2.806233971385472,0.542
-2.8040656839696694,0.5421
-2.7995788471702485,0.5422
-2.799494534159638,0.5423
-2.7947577713180327,0.5424
-2.7946014466740188,0.5425
-2.792444323044084,0.5426
-2.7899930037138985,0.5427
-2.78837832980603,0.5428
-2.785930166680924,0.5429
-2.7850000413997096,0.543
-2.783690921222419,0.5431
-2.7820213353829457,0.5432
-2.777327417044341,0.5433
-2.775452632382139,0.5434
-2.7710183706037705,0.5435
-2.7701949301520363,0.5436
-2.765401211839355,0.5437
-2.76262910018824,0.5438
-2.7619919115938245,0.5439
-2.7618803968649357,0.544
-2.7613616229966285,0.5441
-2.7612667397636925,0.5442
-2.760705391397141,0.5443
-2.752976644728333,0.5444
-2.7521275368258356,0.5445
-2.7512663609199226,0.5446
-2.744589627591893,0.5447
-2.7409645698396488,0.5448
-2.736769954433106,0.5449
-2.7361430410604806,0.545
-2.7344148662175987,0.5451
-2.730179477353767,0.5452
-2.725400458709896,0.5453
-2.7241647384351118,0.5454
-2.717271885379963,0.5455
-2.7168225467145444,0.5456
-2.705483970317245,0.5457
-2.703545104239322,0.5458
-2.6973465147532525,0.5459
-2.6964800213001667,0.546
-2.696361024854891,0.5461
-2.690266654971056,0.5462
-2.6842003212288037,0.5463
-2.6837649209862575,0.5464
-2.6809080088809134,0.5465
-2.678105327349529,0.5466
-2.6771040591668336,0.5467
-2.6750191807877273,0.5468
-2.671004936741665,0.5469
-2.670229547216557,0.547
-2.6641119276456537,0.5471
-2.663388773980178,0.5472
-2.6633119997877626,0.5473
-2.6626781489528715,0.5474
-2.662258349454403,0.5475
-2.6594936929671094,0.5476
-2.6491077090980486,0.5477
-2.642856307551451,0.5478
-2.6425414103433496,0.5479
-2.63979520529844,0.548
-2.637866188121773,0.5481
-2.6367500816892826,0.5482
-2.636750030440093,0.5483
-2.635496438921616,0.5484
-2.6338173326138405,0.5485
-2.625954426886514,0.5486
-2.624699637210369,0.5487
-2.619658426463231,0.5488
-2.6166899352069946,0.5489
-2.6068165133537726,0.549
-2.6058089796602726,0.5491
-2.603798406827078,0.5492
-2.603281869086251,0.5493
-2.596365729258396,0.5494
-2.5960257505375894,0.5495
-2.592352663666196,0.5496
-2.590723293880373,0.5497
-2.587523967522569,0.5498
-2.5874921836238354,0.5499
-2.586546822023206,0.55
-2.5844403572488575,0.5501
-2.5829309501953466,0.5502
-2.5803663378693162,0.5503
-2.5759366507329045,0.5504
-2.5719826258698477,0.5505
-2.569588577947765,0.5506
-2.569536860629171,0.5507
-2.55918325173445,0.5508
-2.557915411572345,0.5509
-2.557659427948482,0.551
-2.5567660809243096,0.5511
-2.5559275512302295,0.5512
-2.55572495281063,0.5513
-2.5517843450583513,0.5514
-2.546030155191198,0.5515
-2.5383870448442174,0.5516
-2.537535704659671,0.5517
-2.531303600235656,0.5518
-2.5298069524660716,0.5519
-2.526902451488749,0.552
-2.5239544492233543,0.5521
-2.520874899409339,0.5522
-2.5146262781457973,0.5523
-2.5094683916792273,0.5524
-2.505537050401792,0.5525
-2.5042899221910164,0.5526
-2.503544096145034,0.5527
-2.4990044618254528,0.5528
-2.498703492276184,0.5529
-2.4983226031458003,0.553
-2.492062439044565,0.5531
-2.4901225591823457,0.5532
-2.489337097084522,0.5533
-2.4828352161342275,0.5534
-2.481305015764944,0.5535
-2.47850753321778,0.5536
-2.473709848482162,0.5537
-2.471354880384542,0.5538
-2.466587934926152,0.5539
-2.45418641357068,0.554
-2.4514143857033925,0.5541
-2.4482841587694364,0.5542
-2.4472462141808125,0.5543
-2.444460732509755,0.5544
-2.4420871971640734,0.5545
-2.4411679447522387,0.5546
-2.4401103968236595,0.5547
-2.4366009459059685,0.5548
-2.4331219691090284,0.5549
-2.4328489120936023,0.555
-2.424349877280742,0.5551
-2.424347463724762,0.5552
-2.4216568695269527,0.5553
-2.4163119239896536,0.5554
-2.414307085010782,0.5555
-2.4043867763489484,0.5556
-2.3965448025338345,0.5557
-2.39641598979067,0.5558
-2.393861528648995,0.5559
-2.3920812909336764,0.556
-2.3912634351506825,0.5561
-2.385663237483986,0.5562
-2.3825444452177735,0.5563
-2.382310479304753,0.5564
-2.379602500777505,0.5565
-2.3795947576347682,0.5566
-2.376346702596359,0.5567
-2.375742866669968,0.5568
-2.3700542269725267,0.5569
-2.362018577223831,0.557
-2.359584912211262,0.5571
-2.359483196532354,0.5572
-2.359005189806223,0.5573
-2.3561399363283066,0.5574
-2.345875344262086,0.5575
-2.343821055765823,0.5576
-2.342996044163033,0.5577
-2.3422997099244967,0.5578
-2.337679709696584,0.5579
-2.3350589442763474,0.558
-2.3330282390024513,0.5581
-2.3281770860571416,0.5582
-2.3246958518113945,0.5583
-2.3244496439117937,0.5584
-2.31229990030732,0.5585
-2.3108676710115743,0.5586
-2.3098685050241645,0.5587
-2.3084347294967618,0.5588
-2.3066079512953754,0.5589
-2.3038120265834037,0.559
-2.3008477569753305,0.5591
-2.3001820407377553,0.5592
-2.2960612097494306,0.5593
-2.2836274651594457,0.5594
-2.2827430800791833,0.5595
-2.2812669828474523,0.5596
-2.280285261088982,0.5597
-2.275021399564663,0.5598
-2.2737692397324367,0.5599
-2.269195897594839,0.56
-2.2675011524058877,0.5601
-2.265295455507003,0.5602
-2.2611843568302694,0.5603
-2.257988918058574,0.5604
-2.2572806261902674,0.5605
-2.25319520916678,0.5606
-2.249779167657718,0.5607
-2.244808878888005,0.5608
-2.24464598434642,0.5609
-2.2345592965636403,0.561
-2.227352960267663,0.5611
-2.2241400214157996,0.5612
-2.2217499968485908,0.5613
-2.218215660898946,0.5614
-2.2168598424384367,0.5615
-2.215737297734432,0.5616
-2.2082912093436344,0.5617
-2.2076759867882356,0.5618
-2.207639967310429,0.5619
-2.207479435738735,0.562
-2.206107432912663,0.5621
-2.203979182068445,0.5622
-2.2038079440228637,0.5623
-2.2035271537335586,0.5624
-2.1993616537399587,0.5625
-2.1919351375117895,0.5626
-2.1913510079251606,0.5627
-2.189876236336678,0.5628
-2.18783358342126,0.5629
-2.1802425396278498,0.563
-2.170656703560055,0.5631
-2.170167779686116,0.5632
-2.15908122308813,0.5633
-2.158145505774021,0.5634
-2.1579410697100685,0.5635
-2.152022250276804,0.5636
-2.1483405653633176,0.5637
-2.1466499072095386,0.5638
-2.1361798553317786,0.5639
-2.1302496215578173,0.564
-2.126109447804838,0.5641
-2.1246707435304297,0.5642
-2.1221173504382373,0.5643
-2.121300313174352,0.5644
-2.1191576216742396,0.5645
-2.114465258181095,0.5646
-2.1120507076438515,0.5647
-2.111849357729405,0.5648
-2.109620741062425,0.5649
-2.103804813910648,0.565
-2.102299885182269,0.5651
-2.093334020123631,0.5652
-2.0932313248151915,0.5653
-2.091723273945972,0.5654
-2.0915328408746046,0.5655
-2.090789741953835,0.5656
-2.090639835130982,0.5657
-2.08979524252899,0.5658
-2.087173147252761,0.5659
-2.0855639332162217,0.566
-2.0853354324022306,0.5661
-2.0767422710403802,0.5662
-2.069931984898634,0.5663
-2.0670294399503617,0.5664
-2.0669779030719773,0.5665
-2.064185112751089,0.5666
-2.0619796666033565,0.5667
-2.0617782607235013,0.5668
-2.0617115759925917,0.5669
-2.048681906984374,0.567
-2.0430223575942223,0.5671
-2.0418620680913326,0.5672
-2.0407734194384886,0.5673
-2.0394080139206725,0.5674
-2.0393443986549973,0.5675
-2.038679551030695,0.5676
-2.0355502739248794,0.5677
-2.0320429587380966,0.5678
-2.03110021411106,0.5679
-2.0306684685405343,0.568
-2.0300842818845064,0.5681
-2.029584900799021,0.5682
-2.025402928519994,0.5683
-2.0244124827248977,0.5684
-2.0171616110354664,0.5685
-2.017132339674048,0.5686
-2.016665325909667,0.5687
-2.016269736830145,0.5688
-2.0151516853954634,0.5689
-2.012978729714826,0.569
-2.0019895158391448,0.5691
-1.9981676678502933,0.5692
-1.998102934255451,0.5693
-1.9961119263514875,0.5694
-1.9937710070868953,0.5695
-1.991175999729149,0.5696
-1.99098490742445,0.5697
-1.9865655088746925,0.5698
-1.9827250074725602,0.5699
-1.977926651930623,0.57
-1.976903878486715,0.5701
-1.973688488000445,0.5702
-1.9717470988448709,0.5703
-1.966591195490211,0.5704
-1.9566879601020364,0.5705
-1.954710599897802,0.5706
-1.9544885910319172,0.5707
-1.9534589501554147,0.5708
-1.951477527462691,0.5709
-1.9485355419795964,0.571
-1.9460969127925114,0.5711
-1.9449556545808913,0.5712
-1.9440476758152248,0.5713
-1.9410375816492362,0.5714
-1.9313802126126363,0.5715
-1.930827359586954,0.5716
-1.9265821379413828,0.5717
-1.9245541906096042,0.5718
-1.9243015927609053,0.5719
-1.9238116130806504,0.572
-1.9222794833468289,0.5721
-1.9207059085451066,0.5722
-1.9174852406699214,0.5723
-1.9087795719198881,0.5724
-1.9070408900309355,0.5725
-1.9058159426350156,0.5726
-1.904844810470939,0.5727
-1.9041429506737768,0.5728
-1.9030965523090213,0.5729
-1.8999564176017418,0.573
-1.8998993014393373,0.5731
-1.8994331072263422,0.5732
-1.8941697817113252,0.5733
-1.8845053769484164,0.5734
-1.8797819468043744,0.5735
-1.8772220334758982,0.5736
-1.8767717652853462,0.5737
-1.8762211417268964,0.5738
-1.872576004161872,0.5739
-1.870042403525114,0.574
-1.8697958455296235,0.5741
-1.8696912604957818,0.5742
-1.869605843585914,0.5743
-1.8694487382402643,0.5744
-1.8661726550633084,0.5745
-1.8638561972131957,0.5746
-1.86335987883769,0.5747
-1.8614031900288537,0.5748
-1.8604188910050317,0.5749
-1.8597972405949608,0.575
-1.8582139677071943,0.5751
-1.8580088154967815,0.5752
-1.8567948125034568,0.5753
-1.8553318400019778,0.5754
-1.8467575897566972,0.5755
-1.840382967142202,0.5756
-1.8402294271208375,0.5757
-1.840200281714462,0.5758
-1.837942548758164,0.5759
-1.833839929564297,0.576
-1.830013071829453,0.5761
-1.816444577226229,0.5762
-1.8072405049286784,0.5763
-1.804634007496014,0.5764
-1.8020691703639928,0.5765
-1.8004939539058133,0.5766
-1.7997923454569655,0.5767
-1.7922616502115507,0.5768
-1.7841748707734046,0.5769
-1.7775408194007352,0.577
-1.773995668220523,0.5771
-1.7734533379582686,0.5772
-1.7703008285924793,0.5773
-1.770207283513248,0.5774
-1.769769874010235,0.5775
-1.7678735286012293,0.5776
-1.7670883273635059,0.5777
-1.7653262587420644,0.5778
-1.7651001223830507,0.5779
-1.7650751437917351,0.578
-1.7631421960869802,0.5781
-1.7547088854731991,0.5782
-1.7545473088145258,0.5783
-1.7524209574442358,0.5784
-1.7512265761386603,0.5785
-1.7434837841540576,0.5786
-1.7430047851514072,0.5787
-1.7395979128984733,0.5788
-1.7387253753127532,0.5789
-1.7351259485045447,0.579
-1.7323383111255244,0.5791
-1.72655474032872,0.5792
-1.722624152346887,0.5793
-1.7217256349230186,0.5794
-1.7197367198619993,0.5795
-1.7174058070961387,0.5796
-1.7162377315638586,0.5797
-1.7152321014817806,0.5798
-1.712665040327236,0.5799
-1.7078119200846187,0.58
-1.7073274877231568,0.5801
-1.7072593688182534,0.5802
-1.704172836250998,0.5803
-1.7039005719695237,0.5804
-1.7007859067186715,0.5805
-1.7007649811144918,0.5806
-1.693000738042593,0.5807
-1.691428980620578,0.5808
-1.6898146288311113,0.5809
-1.6866695147043091,0.581
-1.6842317702066154,0.5811
-1.6801228457706048,0.5812
-1.675861954735033,0.5813
-1.6723071223407986,0.5814
-1.6706635658603162,0.5815
-1.6670805786553768,0.5816
-1.661660798486322,0.5817
-1.661441392334178,0.5818
-1.6531598142862323,0.5819
-1.6528720529504122,0.582
-1.6484942282767965,0.5821
-1.6479729410426698,0.5822
-1.647101525068097,0.5823
-1.6469618851305918,0.5824
-1.6466291374377906,0.5825
-1.6406269523832948,0.5826
-1.6367255866114052,0.5827
-1.635018995254673,0.5828
-1.634425029272586,0.5829
-1.629223448972404,0.583
-1.627973466977477,0.5831
-1.6265493412965908,0.5832
-1.6241711701819672,0.5833
-1.6238518583314492,0.5834
-1.6134439017841595,0.5835
-1.6114293895654381,0.5836
-1.6086115181453526,0.5837
-1.6070001447953284,0.5838
-1.6066980527773485,0.5839
-1.6063418499518187,0.584
-1.6054467111228037,0.5841
-1.6053848194777967,0.5842
-1.595525453553535,0.5843
-1.5945206983603422,0.5844
-1.5893111796326935,0.5845
-1.5878323274526744,0.5846
-1.584708646857366,0.5847
-1.5842859890004624,0.5848
-1.5793232901306824,0.5849
-1.575915710645542,0.585
-1.572758068723604,0.5851
-1.572714044040628,0.5852
-1.5709403292464093,0.5853
-1.5702409454889596,0.5854
-1.5701377846933902,0.5855
-1.569233534942567,0.5856
-1.5681857643218708,0.5857
-1.5640795383594959,0.5858
-1.5637653068756683,0.5859
-1.5606469832416623,0.586
-1.5604268967527897,0.5861
-1.5588191105023028,0.5862
-1.5586890798890962,0.5863
-1.550544820844938,0.5864
-1.547737723428756,0.5865
-1.5433656547106802,0.5866
-1.5422048529919237,0.5867
-1.5420041869649663,0.5868
-1.541859355642833,0.5869
-1.53885991501119,0.587
-1.5367107642157003,0.5871
-1.5338833595864474,0.5872
-1.5333753630831837,0.5873
-1.5244207627238706,0.5874
-1.5234115924030547,0.5875
-1.5216751487642524,0.5876
-1.5214380642093717,0.5877
-1.5192287573596464,0.5878
-1.5186779834309594,0.5879
-1.5168888829607523,0.588
-1.513918159949407,0.5881
-1.5119530028479176,0.5882
-1.5107165604578332,0.5883
-1.50948936796356,0.5884
-1.500529893224314,0.5885
-1.4993661515744405,0.5886
-1.4965366425143554,0.5887
-1.4938496681619435,0.5888
-1.4933772582285108,0.5889
-1.4928618500189854,0.589
-1.4914523455630988,0.5891
-1.4913245464073495,0.5892
-1.488216978396848,0.5893
-1.4840238463450228,0.5894
-1.4829226009137928,0.5895
-1.479508145206608,0.5896
-1.4787778878502547,0.5897
-1.4771614583063872,0.5898
-1.4736973893927412,0.5899
-1.4725383661441507,0.59
-1.4687334928110243,0.5901
-1.4681794763214886,0.5902
-1.4598198131740097,0.5903
-1.4569105232082307,0.5904
-1.4479900510329753,0.5905
-1.4477111234664917,0.5906
-1.4467996816039086,0.5907
-1.4452818529337643,0.5908
-1.4369934882625939,0.5909
-1.4351267566403376,0.591
-1.4327321470694616,0.5911
-1.425250307189679,0.5912
-1.4165702323630454,0.5913
-1.4110691538115965,0.5914
-1.4107446579562501,0.5915
-1.4077746734786782,0.5916
-1.4054115648066625,0.5917
-1.4029634992778302,0.5918
-1.4024932128572836,0.5919
-1.3985135066583754,0.592
-1.397426453567855,0.5921
-1.3972586587991567,0.5922
-1.395259211141616,0.5923
-1.3908921237526461,0.5924
-1.3906761129176248,0.5925
-1.3889151174003254,0.5926
-1.385671798787266,0.5927
-1.385191299582459,0.5928
-1.38246049560346,0.5929
-1.3817874729262667,0.593
-1.3729706699896607,0.5931
-1.3720023358007893,0.5932
-1.3707722919749095,0.5933
-1.3702881255799904,0.5934
-1.3700652517959477,0.5935
-1.3653933430742473,0.5936
-1.3608612198650836,0.5937
-1.3605858476731927,0.5938
-1.3595648163065313,0.5939
-1.3572143073668703,0.594
-1.3534641820527613,0.5941
-1.3504283733852207,0.5942
-1.3502444091327488,0.5943
-1.3487889432162044,0.5944
-1.3472264679908754,0.5945
-1.3464216312555595,0.5946
-1.3417829637220131,0.5947
-1.3370777334798127,0.5948
-1.3368602411583068,0.5949
-1.3367380801789461,0.595
-1.3357783793000506,0.5951
-1.3355457843996583,0.5952
-1.3347727757196872,0.5953
-1.3346267538897696,0.5954
-1.3324989059468733,0.5955
-1.3311526685712858,0.5956
-1.328899889969267,0.5957
-1.3284727872043847,0.5958
-1.3266469446852807,0.5959
-1.3212483897823841,0.596
-1.321171348524466,0.5961
-1.3172967148896304,0.5962
-1.3151572627544401,0.5963
-1.3130166598539799,0.5964
-1.3121594209186733,0.5965
-1.311344637491554,0.5966
-1.308453168633394,0.5967
-1.3053710252299906,0.5968
-1.3032798088403417,0.5969
-1.3016068747654572,0.597
-1.2992363647542893,0.5971
-1.296744118432142,0.5972
-1.2951827954225241,0.5973
-1.2935275239976123,0.5974
-1.2934617113813758,0.5975
-1.293169227817095,0.5976
-1.2906423121668398,0.5977
-1.2897996750906104,0.5978
-1.2895743060009555,0.5979
-1.2891789208445699,0.598
-1.2880421502340584,0.5981
-1.287045426908694,0.5982
-1.2862689256723971,0.5983
-1.2831158352250231,0.5984
-1.2799111206762492,0.5985
-1.2778454607725143,0.5986
-1.2742935199946164,0.5987
-1.2730505106218162,0.5988
-1.2676391278816388,0.5989
-1.2657016819309441,0.599
-1.264981701629795,0.5991
-1.2630214553967118,0.5992
-1.26207240816392,0.5993
-1.2551476344950496,0.5994
-1.2522769642965867,0.5995
-1.251107992758043,0.5996
-1.2473297025935723,0.5997
-1.2466339441090821,0.5998
-1.2409972099807114,0.5999
-1.2400110859524456,0.6
-1.239401428569667,0.6001
-1.2303133278908207,0.6002
-1.2284551279829816,0.6003
-1.2268889039257542,0.6004
-1.225608849636838,0.6005
-1.2241495368808506,0.6006
-1.2237065209569409,0.6007
-1.2194339940506964,0.6008
-1.2191075676737346,0.6009
-1.2183816743165254,0.601
-1.2148755636606365,0.6011
-1.2140704921038818,0.6012
-1.2140064143402496,0.6013
-1.2127025285981594,0.6014
-1.2115225521303727,0.6015
-1.2102528947100044,0.6016
-1.2091943304425103,0.6017
-1.2029991867652166,0.6018
-1.1985861752863975,0.6019
-1.1951657910579798,0.602
-1.192700803652592,0.6021
-1.1905285344101488,0.6022
-1.1860248950434849,0.6023
-1.1831712597999722,0.6024
-1.1827249382007867,0.6025
-1.1793713610090315,0.6026
-1.1789547344567255,0.6027
-1.1781255682297052,0.6028
-1.1763173047821969,0.6029
-1.1753167975395917,0.603
-1.1727819799404593,0.6031
-1.1666521895751356,0.6032
-1.1654185663372263,0.6033
-1.1645381228089335,0.6034
-1.1645143490266054,0.6035
-1.1617344744980336,0.6036
-1.1615457230504602,0.6037
-1.1595545109221712,0.6038
-1.1562150793304673,0.6039
-1.1534039206126705,0.604
-1.1526038526026532,0.6041
-1.1473475691106167,0.6042
-1.146681864154525,0.6043
-1.1428941073114052,0.6044
-1.138018676830642,0.6045
-1.137317966319993,0.6046
-1.1372970724929126,0.6047
-1.1336576918348669,0.6048
-1.1334518221752719,0.6049
-1.130028941393271,0.605
-1.127702911981195,0.6051
-1.1276769672960045,0.6052
-1.1273681472133845,0.6053
-1.1251707232262937,0.6054
-1.1239974569983784,0.6055
-1.123424978205562,0.6056
-1.122132697334141,0.6057
-1.119747433101572,0.6058
-1.1178919807031753,0.6059
-1.1168414352172986,0.606
-1.1161622937697921,0.6061
-1.1134392561674118,0.6062
-1.1111613774552942,0.6063
-1.1108060155721382,0.6064
-1.1065466187942772,0.6065
-1.0991895394081248,0.6066
-1.097907526791282,0.6067
-1.097130672551319,0.6068
-1.0945574678689245,0.6069
-1.0915694121843202,0.607
-1.08967489831578,0.6071
-1.0891063738660887,0.6072
-1.0880783498810604,0.6073
-1.0879330699743706,0.6074
-1.0827168737957253,0.6075
-1.0695643394412473,0.6076
-1.065739224411361,0.6077
-1.0648591408638286,0.6078
-1.0617991326846095,0.6079
-1.0615244687860832,0.608
-1.0612643171492964,0.6081
-1.0510534486528487,0.6082
-1.046666262046062,0.6083
-1.0462391913481055,0.6084
-1.0452823507854716,0.6085
-1.0434751166742293,0.6086
-1.0372052995041012,0.6087
-1.0348993331946432,0.6088
-1.0324877281067892,0.6089
-1.0303657338771972,0.609
-1.0282500536506998,0.6091
-1.0260350770389668,0.6092
-1.0230984483003618,0.6093
-1.0205105196202173,0.6094
-1.0199932464607064,0.6095
-1.0191453413536773,0.6096
-1.0148832259889695,0.6097
-1.01462943497058,0.6098
-1.0113291755178944,0.6099
-1.011287554517947,0.61
-1.0100739025523886,0.6101
-1.0068936423242092,0.6102
-1.0066174125960097,0.6103
-0.999190096614695,0.6104
-0.9983196490650997,0.6105
-0.9955110323335976,0.6106
-0.9953827297227456,0.6107
-0.9951541074613108,0.6108
-0.9929662010341881,0.6109
-0.989181348263845,0.611
-0.9884428542714566,0.6111
-0.9878194792646916,0.6112
-0.9805998379228638,0.6113
-0.9793011896595359,0.6114
-0.9790043553546072,0.6115
-0.9722192931063469,0.6116
-0.964999832500145,0.6117
-0.9648758456181735,0.6118
-0.9576334975769744,0.6119
-0.956298832967319,0.612
-0.9532093420758845,0.6121
-0.9465410722984002,0.6122
-0.9432375802239403,0.6123
-0.9418499991828576,0.6124
-0.9402403882881627,0.6125
-0.9358102362032981,0.6126
-0.9329034420004113,0.6127
-0.9299469169231133,0.6128
-0.928340312561579,0.6129
-0.9266994512436914,0.613
-0.9264404922489075,0.6131
-0.9259662786722184,0.6132
-0.9234115284584478,0.6133
-0.9223959759620948,0.6134
-0.9187740684801713,0.6135
-0.9170387873016298,0.6136
-0.9135886928195134,0.6137
-0.9134009567985311,0.6138
-0.9127341138282791,0.6139
-0.9122504928424954,0.614
-0.9071047410408034,0.6141
-0.9059104859212413,0.6142
-0.90131309440434,0.6143
-0.9008708387717607,0.6144
-0.8969909438058735,0.6145
-0.8969793268376961,0.6146
-0.8958318709144368,0.6147
-0.8912231909623369,0.6148
-0.8911201497845352,0.6149
-0.8909819566030055,0.615
-0.8904678949039428,0.6151
-0.8879508783290163,0.6152
-0.8864710725618525,0.6153
-0.8856591242376715,0.6154
-0.8855678661363199,0.6155
-0.8819725479701533,0.6156
-0.880331762661785,0.6157
-0.8802719164844602,0.6158
-0.87675590972919,0.6159
-0.8753135420411826,0.616
-0.8715441263854504,0.6161
-0.8653104211667552,0.6162
-0.8623186923284084,0.6163
-0.8619949434587731,0.6164
-0.8611514381052925,0.6165
-0.8588657236739993,0.6166
-0.8572398454062641,0.6167
-0.8459485531937325,0.6168
-0.8434525111107157,0.6169
-0.8408532652929426,0.617
-0.8396346200024709,0.6171
-0.835486603636481,0.6172
-0.8350318652506917,0.6173
-0.8340053832186386,0.6174
-0.8328644081287089,0.6175
-0.8277554471746088,0.6176
-0.8260989326415583,0.6177
-0.822740689317696,0.6178
-0.8225926997244359,0.6179
-0.8218881359014659,0.618
-0.8177258909173309,0.6181
-0.8168216035366058,0.6182
-0.8161083968315275,0.6183
-0.8153614322740586,0.6184
-0.8127499299209564,0.6185
-0.8094191306658091,0.6186
-0.8085257072808221,0.6187
-0.807259461374022,0.6188
-0.8046247601736337,0.6189
-0.8015139681532982,0.619
-0.7972116412423552,0.6191
-0.7965592608047649,0.6192
-0.7961503643397241,0.6193
-0.7897957250453532,0.6194
-0.7897478965546936,0.6195
-0.785479660151148,0.6196
-0.7851766454041004,0.6197
-0.7812709804851561,0.6198
-0.7812563399663193,0.6199
-0.7776453496405739,0.62
-0.7772711071854458,0.6201
-0.7755166197987273,0.6202
-0.771416304847598,0.6203
-0.7683548900265246,0.6204
-0.7680037842221559,0.6205
-0.767807494995743,0.6206
-0.7666751313831658,0.6207
-0.7646928569315001,0.6208
-0.7630413681546225,0.6209
-0.7623042598159985,0.621
-0.7598822737416249,0.6211
-0.7549785318445502,0.6212
-0.754225116859004,0.6213
-0.7537608254861088,0.6214
-0.7503232232116164,0.6215
-0.7500229660615325,0.6216
-0.7478078726066276,0.6217
-0.745746702623181,0.6218
-0.7452853659493849,0.6219
-0.7435763794535774,0.622
-0.7386100654078648,0.6221
-0.7355752923835068,0.6222
-0.7333954490343108,0.6223
-0.7332934840958566,0.6224
-0.7260846609642728,0.6225
-0.7224271782051771,0.6226
-0.7201277207873761,0.6227
-0.717236014793627,0.6228
-0.713735058574006,0.6229
-0.7134405311347917,0.623
-0.7090464966055005,0.6231
-0.7088150936603544,0.6232
-0.7088062664635479,0.6233
-0.7050369773587211,0.6234
-0.6989847178347409,0.6235
-0.6984662287928163,0.6236
-0.6981957328677177,0.6237
-0.6981540712088344,0.6238
-0.6969215666176749,0.6239
-0.6950052808001638,0.624
-0.6944892630767079,0.6241
-0.6925385441327466,0.6242
-0.6908432746697217,0.6243
-0.6852606161400675,0.6244
-0.6832085595659912,0.6245
-0.6818625091541559,0.6246
-0.6767689028222115,0.6247
-0.6736125623613596,0.6248
-0.6690462755028159,0.6249
-0.6684089575061575,0.625
-0.6668801687143743,0.6251
-0.6666394048556685,0.6252
-0.666554259377718,0.6253
-0.663629907874763,0.6254
-0.6609373505547643,0.6255
-0.6595263095125556,0.6256
-0.6566284305226059,0.6257
-0.6557158230558039,0.6258
-0.6539701640345156,0.6259
-0.6508365605670959,0.626
-0.6505277515685186,0.6261
-0.6487980361530559,0.6262
-0.6445986160218715,0.6263
-0.6435573273047812,0.6264
-0.6426973079619929,0.6265
-0.6422179153859615,0.6266
-0.634369562190771,0.6267
-0.6335271572001279,0.6268
-0.6323749136932194,0.6269
-0.6311601041302083,0.627
-0.6311296473495659,0.6271
-0.630682600024715,0.6272
-0.626855520618707,0.6273
-0.6262830722501501,0.6274
-0.6245526279522107,0.6275
-0.624502380204387,0.6276
-0.621765605919063,0.6277
-0.6215225004209205,0.6278
-0.6207653560817243,0.6279
-0.6198183245344087,0.628
-0.6179508224219084,0.6281
-0.6174608400123194,0.6282
-0.6165643327664584,0.6283
-0.6160611295526849,0.6284
-0.6143777090560643,0.6285
-0.6133085789289325,0.6286
-0.61134108665362,0.6287
-0.60806695014406,0.6288
-0.6075164827834815,0.6289
-0.6049370099980383,0.629
-0.6041459593877195,0.6291
-0.603697508072108,0.6292
-0.6020709508845582,0.6293
-0.60176757745184,0.6294
-0.5997611444983633,0.6295
-0.596830607464537,0.6296
-0.5966180411584676,0.6297
-0.5936567862480879,0.6298
-0.5931633719885722,0.6299
-0.5902615818997846,0.63
-0.5853636827990413,0.6301
-0.5852894440870732,0.6302
-0.5822838207945228,0.6303
-0.5797847490990534,0.6304
-0.5775309410652145,0.6305
-0.5760748000713065,0.6306
-0.575091647047922,0.6307
-0.5742529841104523,0.6308
-0.5659409623023122,0.6309
-0.5635674799343572,0.631
-0.5634907295605172,0.6311
-0.5615763709997758,0.6312
-0.5615246870078147,0.6313
-0.5600048945931717,0.6314
-0.5591801222657784,0.6315
-0.5564320175280796,0.6316
-0.5562236533308402,0.6317
-0.5535148992771283,0.6318
-0.5506983537087217,0.6319
-0.5505320222659037,0.632
-0.5470868786521169,0.6321
-0.5448926030779258,0.6322
-0.541659060413763,0.6323
-0.5382910702418536,0.6324
-0.5345831360377372,0.6325
-0.5317913822209461,0.6326
-0.5314432574234904,0.6327
-0.531155949507654,0.6328
-0.5306086878726259,0.6329
-0.5297584884474054,0.633
-0.5285540041431785,0.6331
-0.5282853011140606,0.6332
-0.528204004302062,0.6333
-0.5241924576602875,0.6334
-0.5225028118500487,0.6335
-0.5215850197350607,0.6336
-0.5214411939321086,0.6337
-0.5204924863697961,0.6338
-0.5201553722793236,0.6339
-0.5199876648113132,0.634
-0.5196484919937329,0.6341
-0.5194698984671383,0.6342
-0.5177679250868038,0.6343
-0.5161489649718627,0.6344
-0.5159147182151674,0.6345
-0.5157075698705389,0.6346
-0.5154560075528919,0.6347
-0.5149510681062937,0.6348
-0.510307463940419,0.6349
-0.5091759725745768,0.635
-0.5078583794496954,0.6351
-0.5074831142703071,0.6352
-0.5032830452432856,0.6353
-0.5026609097460285,0.6354
-0.5023575429892168,0.6355
-0.5017294121172281,0.6356
-0.49832735390290617,0.6357
-0.49682069886568936,0.6358
-0.4956247600885108,0.6359
-0.4954139465995132,0.636
-0.49428900175802415,0.6361
-0.49365894790329046,0.6362
-0.49359525455217806,0.6363
-0.491510789077729,0.6364
-0.49035407698675987,0.6365
-0.4855938628060743,0.6366
-0.48464629721082747,0.6367
-0.48275220039038685,0.6368
-0.4807625168384984,0.6369
-0.477091783226654,0.637
-0.47638947105258694,0.6371
-0.4750830066159368,0.6372
-0.4740603752218187,0.6373
-0.4730656519442797,0.6374
-0.4719141824334856,0.6375
-0.4715353025620802,0.6376
-0.4699165136184543,0.6377
-0.46974562717136,0.6378
-0.4685637503325939,0.6379
-0.4664464096320793,0.638
-0.4645965297617018,0.6381
-0.4626533647237346,0.6382
-0.46212660553324975,0.6383
-0.46036597427073866,0.6384
-0.46033739230558274,0.6385
-0.45991269859168676,0.6386
-0.4579899168346074,0.6387
-0.4550805745594207,0.6388
-0.45454797908924527,0.6389
-0.4524071144323796,0.639
-0.45220213467329745,0.6391
-0.4500334033761173,0.6392
-0.4500017026646062,0.6393
-0.4488302872929722,0.6394
-0.44765743035972116,0.6395
-0.4452177722705528,0.6396
-0.44442518506385387,0.6397
-0.44369767266567794,0.6398
-0.4392838153140619,0.6399
-0.43770847274344415,0.64
-0.43705796111207473,0.6401
-0.43684458237830553,0.6402
-0.43614566411525,0.6403
-0.4342372466275468,0.6404
-0.43159917106647044,0.6405
-0.4308019363341855,0.6406
-0.4293483017228543,0.6407
-0.42886452399697145,0.6408
-0.4288015144234523,0.6409
-0.4287251079272478,0.641
-0.4262637326192111,0.6411
-0.42504958427511147,0.6412
-0.42307012573555114,0.6413
-0.4207228370307012,0.6414
-0.4190713208634406,0.6415
-0.41890612677652383,0.6416
-0.417826697831601,0.6417
-0.4141777911404148,0.6418
-0.4130369071936235,0.6419
-0.41158008727282275,0.642
-0.4112039462411776,0.6421
-0.4099986118147149,0.6422
-0.4091559520466253,0.6423
-0.40858612689804286,0.6424
-0.40729428533501927,0.6425
-0.4057956687329337,0.6426
-0.3989377292688936,0.6427
-0.3983374697573483,0.6428
-0.3975520841902122,0.6429
-0.3975002550473437,0.643
-0.39690907006245113,0.6431
-0.39637209092453124,0.6432
-0.3941457007756457,0.6433
-0.3930989018345252,0.6434
-0.39257009944226595,0.6435
-0.39140252697207034,0.6436
-0.38990728228092186,0.6437
-0.38915718852281567,0.6438
-0.38906962339784956,0.6439
-0.38843214202970267,0.644
-0.3876862992944196,0.6441
-0.3874819649504498,0.6442
-0.38655129977911656,0.6443
-0.38441455665584656,0.6444
-0.3825152892960235,0.6445
-0.3825055900281295,0.6446
-0.3810390287945047,0.6447
-0.37922091017514464,0.6448
-0.3744581038964912,0.6449
-0.37268697755634783,0.645
-0.3709600101934745,0.6451
-0.36777068155221637,0.6452
-0.3669828448126093,0.6453
-0.3666547116816044,0.6454
-0.3662694309113547,0.6455
-0.3640590903444215,0.6456
-0.36338154738061135,0.6457
-0.36334362642411144,0.6458
-0.36283230858463794,0.6459
-0.3611168516619131,0.646
-0.3604385120866821,0.6461
-0.3596979643821716,0.6462
-0.35900028199497613,0.6463
-0.3587994438614696,0.6464
-0.3578446083554998,0.6465
-0.35758061468862,0.6466
-0.3571184410868212,0.6467
-0.35639263903833923,0.6468
-0.35432624302357435,0.6469
-0.35371307374872263,0.647
-0.35287210424914955,0.6471
-0.352857908623293,0.6472
-0.3517413174457848,0.6473
-0.3506356431735685,0.6474
-0.35051546683963375,0.6475
-0.34942475314289334,0.6476
-0.3480981282219291,0.6477
-0.34582915432769806,0.6478
-0.343361360181123,0.6479
-0.3425847985384986,0.648
-0.3416205717368051,0.6481
-0.3404687827587127,0.6482
-0.3403660000540316,0.6483
-0.339035895590112,0.6484
-0.33797080942988394,0.6485
-0.33784176859894066,0.6486
-0.33688229459077124,0.6487
-0.3350466315759346,0.6488
-0.333550687246397,0.6489
-0.33338006048798546,0.649
-0.3325805015489459,0.6491
-0.33219492814466367,0.6492
-0.3318352811258286,0.6493
-0.3303126692175865,0.6494
-0.3296830588504672,0.6495
-0.3288988358013331,0.6496
-0.3281257701314986,0.6497
-0.3272843940105289,0.6498
-0.3272308918325231,0.6499
-0.327172032074444,0.65
-0.32583541240878405,0.6501
-0.32278602456152455,0.6502
-0.32171425292305594,0.6503
-0.3207930007658897,0.6504
-0.3195164477342739,0.6505
-0.318021226192452,0.6506
-0.31681837217733255,0.6507
-0.31585097782742233,0.6508
-0.31571274990793313,0.6509
-0.3151593551466242,0.651
-0.3145255937257782,0.6511
-0.3138847884081306,0.6512
-0.3137940913310275,0.6513
-0.3133886183103546,0.6514
-0.3120001745961608,0.6515
-0.3111169852450494,0.6516
-0.30977387475762513,0.6517
-0.30969682102352386,0.6518
-0.3078825484877452,0.6519
-0.3058813367085531,0.652
-0.3046942787228153,0.6521
-0.30451962952241296,0.6522
-0.3041160513617099,0.6523
-0.3036701153475791,0.6524
-0.3020535266647115,0.6525
-0.30182272267229854,0.6526
-0.30151315266285095,0.6527
-0.30125693702995776,0.6528
-0.30012444571852687,0.6529
-0.29670012006908647,0.653
-0.29440770440362396,0.6531
-0.29394536101371066,0.6532
-0.2936146536003798,0.6533
-0.2926149581700564,0.6534
-0.292445209232904,0.6535
-0.29236611075159163,0.6536
-0.2896530649865046,0.6537
-0.28521910086572166,0.6538
-0.2849410846367473,0.6539
-0.28393797520212827,0.654
-0.2836807950122282,0.6541
-0.28304633175060157,0.6542
-0.28238967403769494,0.6543
-0.28073002701234073,0.6544
-0.2781159473441541,0.6545
-0.2765388485714793,0.6546
-0.2755041519328952,0.6547
-0.2726507121803239,0.6548
-0.2724367841804401,0.6549
-0.2708130864858629,0.655
-0.2700480565635487,0.6551
-0.2696718739690259,0.6552
-0.26946398677825933,0.6553
-0.2684405104830876,0.6554
-0.26835600556861616,0.6555
-0.2680012056559324,0.6556
-0.26661361828465013,0.6557
-0.2660285443793982,0.6558
-0.2659696664616465,0.6559
-0.2652795510862022,0.656
-0.26501066838763654,0.6561
-0.26376378727611155,0.6562
-0.2620985304996371,0.6563
-0.2620172437235713,0.6564
-0.26165748097524044,0.6565
-0.2610228183818981,0.6566
-0.2604153458442539,0.6567
-0.25984863942600717,0.6568
-0.2589714805426083,0.6569
-0.25696936717182417,0.657
-0.2567587261324748,0.6571
-0.2562841907553375,0.6572
-0.25572697666827593,0.6573
-0.254980936033465,0.6574
-0.25454437514562156,0.6575
-0.2537201048213988,0.6576
-0.2526089908417315,0.6577
-0.25243575656302275,0.6578
-0.2523563044901939,0.6579
-0.25128851272109887,0.658
-0.25011023931149395,0.6581
-0.24993708328474312,0.6582
-0.2495680329222232,0.6583
-0.248966783159785,0.6584
-0.24790883008316159,0.6585
-0.24714515081942082,0.6586
-0.2443331652481109,0.6587
-0.24326730579696595,0.6588
-0.2425104108089581,0.6589
-0.2416750844098628,0.659
-0.24097821851447224,0.6591
-0.24002997873052664,0.6592
-0.23838401658460498,0.6593
-0.23325219604410233,0.6594
-0.23318046644870186,0.6595
-0.23266310126725587,0.6596
-0.2289521090229973,0.6597
-0.22768823898397386,0.6598
-0.225789011050947,0.6599
-0.22508816263172776,0.66
-0.22183233166113495,0.6601
-0.22030111615061754,0.6602
-0.21938632414341008,0.6603
-0.21892900283373912,0.6604
-0.21885397491473704,0.6605
-0.21769233486782763,0.6606
-0.21278637284971774,0.6607
-0.21190197223462165,0.6608
-0.21163698567710817,0.6609
-0.20953742552809418,0.661
-0.20780630526356617,0.6611
-0.20747495777662842,0.6612
-0.206173201951012,0.6613
-0.2053607792710885,0.6614
-0.2047787545261905,0.6615
-0.2040815687282011,0.6616
-0.20373106977753333,0.6617
-0.20055156138036398,0.6618
-0.1983858014101163,0.6619
-0.19826592735294254,0.662
-0.19768471611198038,0.6621
-0.19543259228859097,0.6622
-0.19538643384519963,0.6623
-0.19226612017415465,0.6624
-0.19173441956620663,0.6625
-0.1916445115244016,0.6626
-0.19083110120426863,0.6627
-0.19070317780114715,0.6628
-0.19036226820666344,0.6629
-0.18932163558527831,0.663
-0.18842913372665634,0.6631
-0.1881005734205246,0.6632
-0.18693726043738423,0.6633
-0.18651506943032153,0.6634
-0.18545776591021568,0.6635
-0.18434482827913015,0.6636
-0.18387538790479302,0.6637
-0.18309422376360743,0.6638
-0.18192697883863002,0.6639
-0.1803184592530131,0.664
-0.17971236573737112,0.6641
-0.17964900651276114,0.6642
-0.17924328473266216,0.6643
-0.17336175485495478,0.6644
-0.172383774212189,0.6645
-0.16905312319491078,0.6646
-0.16738182037901134,0.6647
-0.1666425130119547,0.6648
-0.1653466054039076,0.6649
-0.16530650919526807,0.665
-0.16466183699369424,0.6651
-0.16456909326277674,0.6652
-0.16363555360883447,0.6653
-0.16008204560615127,0.6654
-0.15930942077040686,0.6655
-0.156295656296797,0.6656
-0.15510997263081366,0.6657
-0.15263232841417199,0.6658
-0.15154199579916894,0.6659
-0.15140157347247005,0.666
-0.1503882055819031,0.6661
-0.15010858935452984,0.6662
-0.14971072057876736,0.6663
-0.14959833729173988,0.6664
-0.1486326427442953,0.6665
-0.1479843695903197,0.6666
-0.1470211734138429,0.6667
-0.14606205806806685,0.6668
-0.1455692419737577,0.6669
-0.14370022362805904,0.667
-0.14301593742333352,0.6671
-0.1425937842076644,0.6672
-0.1338269090194255,0.6673
-0.13289760283082705,0.6674
-0.1322571962608024,0.6675
-0.13167535457946364,0.6676
-0.1299486844187602,0.6677
-0.12833790062461048,0.6678
-0.12369329687766731,0.6679
-0.12366862216740855,0.668
-0.12328705875948072,0.6681
-0.1219527179082852,0.6682
-0.12097702524047345,0.6683
-0.12080389701146632,0.6684
-0.11988412885051221,0.6685
-0.11826529174055904,0.6686
-0.11739691061899066,0.6687
-0.1158408080272377,0.6688
-0.11472140545248982,0.6689
-0.11376558389067645,0.669
-0.11350222059041153,0.6691
-0.11331651622317733,0.6692
-0.11272093139849602,0.6693
-0.11124846223331986,0.6694
-0.11076977614033967,0.6695
-0.11070236626882107,0.6696
-0.11020026870276779,0.6697
-0.10923623839784409,0.6698
-0.10901658103745432,0.6699
-0.10482452117353387,0.67
-0.10413168379236012,0.6701
-0.10298696876540779,0.6702
-0.1025422359988097,0.6703
-0.10244182386472812,0.6704
-0.10133135161232203,0.6705
-0.10026623795516798,0.6706
-0.1002462727680802,0.6707
-0.10011301805879921,0.6708
-0.09863583277836444,0.6709
-0.09763474438749256,0.671
-0.09740505729615688,0.6711
-0.09736193116698415,0.6712
-0.09735969027802349,0.6713
-0.09712925880532712,0.6714
-0.09659036773145198,0.6715
-0.09294311838615686,0.6716
-0.0903183542277664,0.6717
-0.08982603528108445,0.6718
-0.08769087038375437,0.6719
-0.08710835812557502,0.672
-0.08672461432758719,0.6721
-0.08661354214679448,0.6722
-0.08634939885847272,0.6723
-0.08622240797281262,0.6724
-0.08542623265609146,0.6725
-0.08475537437573075,0.6726
-0.08429876950141042,0.6727
-0.08427267774324863,0.6728
-0.08379022307842968,0.6729
-0.0823456289716065,0.673
-0.08082814455740153,0.6731
-0.07996524219308049,0.6732
-0.07778645510338247,0.6733
-0.07738136115372185,0.6734
-0.07690033074431175,0.6735
-0.07654953208845108,0.6736
-0.0761101949321106,0.6737
-0.07588430118262768,0.6738
-0.07461120133716623,0.6739
-0.07261220015399159,0.674
-0.0720046747304499,0.6741
-0.07020008565243332,0.6742
-0.0697787093717605,0.6743
-0.06799074065946042,0.6744
-0.0649142092527822,0.6745
-0.06446981841064985,0.6746
-0.06158396416045727,0.6747
-0.06001518218703541,0.6748
-0.05920751074403529,0.6749
-0.05864728777930141,0.675
-0.05807666956242174,0.6751
-0.058041365683078765,0.6752
-0.054802266829647124,0.6753
-0.053461385417729615,0.6754
-0.0530772857517004,0.6755
-0.052984325321763774,0.6756
-0.05258405275717382,0.6757
-0.04862750926874577,0.6758
-0.04709274924583724,0.6759
-0.04486805896684524,0.676
-0.04483253659512866,0.6761
-0.04478618923667818,0.6762
-0.043149265228025625,0.6763
-0.042370262724347414,0.6764
-0.04228922164812684,0.6765
-0.042049797368422216,0.6766
-0.039801495777815575,0.6767
-0.03970327866878361,0.6768
-0.03922716227006163,0.6769
-0.03858478898964859,0.677
-0.03771238550022281,0.6771
-0.03675890063419911,0.6772
-0.03477661855369806,0.6773
-0.033523081387393176,0.6774
-0.03293434715811163,0.6775
-0.03248385934196412,0.6776
-0.032307668678462506,0.6777
-0.030892501132935648,0.6778
-0.03082942278888077,0.6779
-0.028149094796925966,0.678
-0.028116796283610142,0.6781
-0.0267297310581431,0.6782
-0.026347901912406088,0.6783
-0.025822003631293798,0.6784
-0.025439293884672226,0.6785
-0.024537864220701068,0.6786
-0.023671957721561172,0.6787
-0.02229950700178742,0.6788
-0.022258760164491832,0.6789
-0.022058273892849683,0.679
-0.020264743786677742,0.6791
-0.020098884655907753,0.6792
-0.01828569080047309,0.6793
-0.017700175241567195,0.6794
-0.01552674264740199,0.6795
-0.01382902525048712,0.6796
-0.012346423352882255,0.6797
-0.01207092002425344,0.6798
-0.011895186171680621,0.6799
-0.011879781630635279,0.68
-0.010728515479713678,0.6801
-0.010490631457418208,0.6802
-0.009737593780830504,0.6803
-0.009570743090473115,0.6804
-0.009208562435209842,0.6805
-0.00883247568905353,0.6806
-0.00825697766728699,0.6807
-0.007520692743547258,0.6808
-0.006970082535780967,0.6809
-0.006858623404987156,0.681
-0.006826165965758264,0.6811
-0.005241605276428163,0.6812
-0.0049107735531404625,0.6813
-0.004278905553929505,0.6814
-0.003899294424243294,0.6815
-0.0018503495112061502,0.6816
-0.0013022923048585824,0.6817
-0.0009563874598592292,0.6818
-0.0008801090056076646,0.6819
-0.0005512019488960505,0.682
-0.0005462025152519345,0.6821
-0.0004631952289491892,0.6822
-0.00042119338028132926,0.6823
-2.782996427267792e-05,0.6824
0.0,0.6825
0.0001788230398669839,0.6826
0.00028874263130128955,0.6827
0.00036271207574754957,0.6828
0.0005748738829046486,0.6829
0.0006619750991463605,0.683
0.0006737730391323567,0.6831
0.0008191763252019883,0.6832
0.0015014091348275543,0.6833
0.001553029845096262,0.6834
0.0019130798751488328,0.6835
0.0021998766353353858,0.6836
0.0025902467261999787,0.6837
0.003811722355708525,0.6838
0.0038386305794119837,0.6839
0.00395773170311004,0.684
0.004534458342567092,0.6841
0.0075992839951068165,0.6842
0.008537138862535357,0.6843
0.008903803346492349,0.6844
0.008992714612931012,0.6845
0.009393345264717936,0.6846
0.009790746669843798,0.6847
0.010211465571820724,0.6848
0.01130671623330563,0.6849
0.012188420826382938,0.685
0.015424715237878445,0.6851
0.01597660702317944,0.6852
0.017330381160601975,0.6853
0.01809401442725211,0.6854
0.020398164590075613,0.6855
0.022007018704712437,0.6856
0.022910656582564116,0.6857
0.02305203927252442,0.6858
0.023261643379367796,0.6859
0.02391993558537215,0.686
0.02418918556943536,0.6861
0.024672502657212318,0.6862
0.024701146977394273,0.6863
0.02535619942881167,0.6864
0.02685429625120014,0.6865
0.02826556405182928,0.6866
0.028278273075073967,0.6867
0.028300634524226185,0.6868
0.02859115751702302,0.6869
0.029186796164698763,0.687
0.029701258652843534,0.6871
0.03272413874231278,0.6872
0.032810349811613564,0.6873
0.03309166681375359,0.6874
0.03393918837513776,0.6875
0.034820856614038345,0.6876
0.034899163585156205,0.6877
0.0354307910861462,0.6878
0.03571675448007886,0.6879
0.03816946029290557,0.688
0.038453918151371225,0.6881
0.04091323263030499,0.6882
0.04217436006367207,0.6883
0.04412084071487189,0.6884
0.04502605132944882,0.6885
0.04664180799275637,0.6886
0.04817287847679107,0.6887
0.04854476758595556,0.6888
0.048635377460718186,0.6889
0.0487379485713318,0.689
0.05175913474727422,0.6891
0.05248420603126287,0.6892
0.05440987111609422,0.6893
0.05473874826394021,0.6894
0.05807613375540825,0.6895
0.05960392701588572,0.6896
0.06103727253265679,0.6897
0.06256713158525529,0.6898
0.06288565462399273,0.6899
0.06421016158238047,0.69
0.06591062481980771,0.6901
0.06697806941047312,0.6902
0.06745802597198636,0.6903
0.06801187292598188,0.6904
0.06992330269161612,0.6905
0.07042085023038089,0.6906
0.07260611416194587,0.6907
0.07384144724272193,0.6908
0.07418389192298049,0.6909
0.07446520743425936,0.691
0.07502674593999985,0.6911
0.07510792827866972,0.6912
0.07845011211242527,0.6913
0.08081628529932348,0.6914
0.08133321032077073,0.6915
0.0821432153172791,0.6916
0.08529311012271791,0.6917
0.08651943094413742,0.6918
0.08902197880949825,0.6919
0.08944539833329616,0.692
0.09120430939514193,0.6921
0.09145676349811256,0.6922
0.09186653833240274,0.6923
0.09236893116496503,0.6924
0.09295274038240313,0.6925
0.0947559902168814,0.6926
0.09504218310564738,0.6927
0.09519554949179292,0.6928
0.09613625549599528,0.6929
0.09730475141722718,0.693
0.09764786737281829,0.6931
0.09807285814881288,0.6932
0.10409626072458923,0.6933
0.10434001660123476,0.6934
0.10591328489463779,0.6935
0.10600489310100238,0.6936
0.10976286371648894,0.6937
0.1109795391138643,0.6938
0.11140789760313928,0.6939
0.11153310970868915,0.694
0.11272521015778184,0.6941
0.11348100331686442,0.6942
0.11554390860535205,0.6943
0.11584405541140586,0.6944
0.11653137384150158,0.6945
0.11810740397647032,0.6946
0.11873944306001068,0.6947
0.12101071919873357,0.6948
0.12143238361626846,0.6949
0.12212250020932407,0.695
0.12240709908474237,0.6951
0.12271772153545168,0.6952
0.12581629174612455,0.6953
0.12590043150298297,0.6954
0.1260530691018328,0.6955
0.1268306187015027,0.6956
0.1286150195097551,0.6957
0.128908268718794,0.6958
0.12919984177742155,0.6959
0.13112208952065557,0.696
0.13177948885280638,0.6961
0.13256108768228433,0.6962
0.1329329630758614,0.6963
0.1333948745049538,0.6964
0.13469308624751863,0.6965
0.13516401832234112,0.6966
0.13597855402007689,0.6967
0.13622351916655898,0.6968
0.13645002541840084,0.6969
0.1369794375153258,0.697
0.1376302987698466,0.6971
0.13911218072585768,0.6972
0.1393087750447914,0.6973
0.14055974272694435,0.6974
0.14077967879865264,0.6975
0.1414974986121058,0.6976
0.14175324010960758,0.6977
0.14211576354950664,0.6978
0.14224336546082048,0.6979
0.14422457865625438,0.698
0.14447049480322743,0.6981
0.1452511177668348,0.6982
0.14575632284916934,0.6983
0.14777074746787547,0.6984
0.1500094183506444,0.6985
0.15456119375713168,0.6986
0.15513368217274548,0.6987
0.15659922786802052,0.6988
0.15842491366937755,0.6989
0.1586132235841826,0.699
0.16034105368573218,0.6991
0.16068844238407928,0.6992
0.1628720577439293,0.6993
0.16395830644257375,0.6994
0.16756318043321358,0.6995
0.16782988770101218,0.6996
0.17001951049491762,0.6997
0.17050004967022686,0.6998
0.17186211317405103,0.6999
0.17209817674476655,0.7
0.1721391689144075,0.7001
0.17222093294262888,0.7002
0.1746839085493237,0.7003
0.17519409895017743,0.7004
0.17522546908780937,0.7005
0.17691378336176278,0.7006
0.17838105247803035,0.7007
0.17870323379170147,0.7008
0.18005132225900888,0.7009
0.18142188242990523,0.701
0.1825735644601285,0.7011
0.18295089655220512,0.7012
0.18447255666144202,0.7013
0.18451632718797775,0.7014
0.18470337302796544,0.7015
0.1867575373671949,0.7016
0.18802267320659008,0.7017
0.18940635335203257,0.7018
0.19037542252186687,0.7019
0.19040856130365286,0.702
0.19053077958784997,0.7021
0.19117815491035584,0.7022
0.1920535889223218,0.7023
0.19492308467980468,0.7024
0.19533438962325453,0.7025
0.19815284101311137,0.7026
0.20051020058263383,0.7027
0.2006255705578252,0.7028
0.20286853606626393,0.7029
0.20345364672336722,0.703
0.20498854297790695,0.7031
0.2078651861015707,0.7032
0.20817148370929064,0.7033
0.20894623440373686,0.7034
0.2114438669739291,0.7035
0.21202564319428074,0.7036
0.212741112846139,0.7037
0.2154764360541478,0.7038
0.21600861472953115,0.7039
0.21711615977119664,0.704
0.21713224922362712,0.7041
0.2196219431273639,0.7042
0.22049932136647402,0.7043
0.22579103843215856,0.7044
0.22596036909744158,0.7045
0.22612998166065665,0.7046
0.23175053551290192,0.7047
0.23207480503991249,0.7048
0.23247855550982058,0.7049
0.23250495774876323,0.705
0.23296463687885552,0.7051
0.23612667666971682,0.7052
0.24228517723679532,0.7053
0.24309009222406888,0.7054
0.24349660834483802,0.7055
0.24459751772135496,0.7056
0.24472644754126674,0.7057
0.24523855037111786,0.7058
0.24774126497302199,0.7059
0.24780538854897008,0.706
0.24808177562020772,0.7061
0.24948882346451284,0.7062
0.24960160785187038,0.7063
0.2537810747841373,0.7064
0.2551217636559159,0.7065
0.2552560418553653,0.7066
0.2587389070266856,0.7067
0.260929060200043,0.7068
0.26261053608711815,0.7069
0.264184903552942,0.707
0.2647433483345434,0.7071
0.2650652943346649,0.7072
0.2677735461641103,0.7073
0.2678717585988343,0.7074
0.2710457347609104,0.7075
0.27191115349028255,0.7076
0.2724907164361329,0.7077
0.2785465440848843,0.7078
0.28104193014912304,0.7079
0.28241874961517754,0.708
0.2827312137365342,0.7081
0.28485712474845354,0.7082
0.28602409986387933,0.7083
0.28932012675236907,0.7084
0.2898917646493646,0.7085
0.29404678216874597,0.7086
0.2963529712194577,0.7087
0.2963738469477743,0.7088
0.29782055356297643,0.7089
0.29832696059066804,0.709
0.2988233315756545,0.7091
0.29919839912932367,0.7092
0.30015492502078406,0.7093
0.3001874357627705,0.7094
0.30166338548865174,0.7095
0.30305553396809864,0.7096
0.30402034589890387,0.7097
0.3045857874244452,0.7098
0.3047686338286847,0.7099
0.3095585068546238,0.71
0.3133255923550577,0.7101
0.31393479103893035,0.7102
0.3150281290177256,0.7103
0.3167844541210681,0.7104
0.3171940326411278,0.7105
0.31861796283200383,0.7106
0.3186376817950978,0.7107
0.31993923544641584,0.7108
0.32076986687779424,0.7109
0.32989448317252107,0.711
0.33192116359546775,0.7111
0.3350115859463811,0.7112
0.33638970080316066,0.7113
0.34043179117608807,0.7114
0.34045814993195234,0.7115
0.34255432264488195,0.7116
0.3451047612419352,0.7117
0.3474368728414178,0.7118
0.34787286674100903,0.7119
0.349161476764083,0.712
0.35016499675400564,0.7121
0.35023321664202955,0.7122
0.3512617835953788,0.7123
0.35142105349581676,0.7124
0.35344400025308137,0.7125
0.35393970534894614,0.7126
0.3576616261554882,0.7127
0.3585612480744719,0.7128
0.35870274127554147,0.7129
0.3607013765953482,0.713
0.3638798362456255,0.7131
0.36422219056338073,0.7132
0.36506413831952966,0.7133
0.36696974841468044,0.7134
0.36719626542124895,0.7135
0.36943051560334855,0.7136
0.36960313873551787,0.7137
0.3698128045862541,0.7138
0.37241714183706837,0.7139
0.3729388775037602,0.714
0.3733580519316718,0.7141
0.3739147669203667,0.7142
0.3803503252392635,0.7143
0.3810314132681117,0.7144
0.3811415157778189,0.7145
0.3827848949890583,0.7146
0.3834516857983544,0.7147
0.3863750348864122,0.7148
0.38650587339475756,0.7149
0.38873706290032717,0.715
0.3888913552895101,0.7151
0.3892223053866998,0.7152
0.3938189222741872,0.7153
0.39488371691666546,0.7154
0.3949726611681283,0.7155
0.395182837995887,0.7156
0.3955633707270026,0.7157
0.3956742326175794,0.7158
0.4000134137067944,0.7159
0.40379803640730677,0.716
0.40543166100662203,0.7161
0.40807589987553655,0.7162
0.40818973863720887,0.7163
0.40994912226945157,0.7164
0.4114725689509884,0.7165
0.41170222197007394,0.7166
0.4172983687862752,0.7167
0.4182739415192977,0.7168
0.4185636654440313,0.7169
0.41917107148468497,0.717
0.4230987105706706,0.7171
0.4231403051123023,0.7172
0.42317095728144044,0.7173
0.4241623037971558,0.7174
0.4245252112615854,0.7175
0.42474476466961186,0.7176
0.42503031923007223,0.7177
0.4293367304619401,0.7178
0.43190461029522126,0.7179
0.43358035710155945,0.718
0.4337363161677495,0.7181
0.43751234380714593,0.7182
0.4388960407298058,0.7183
0.44071572353728117,0.7184
0.44124088341742757,0.7185
0.44270355858802807,0.7186
0.4429956696270034,0.7187
0.4448228864885867,0.7188
0.44699117338042704,0.7189
0.451189074898325,0.719
0.454752014395222,0.7191
0.45514095598049464,0.7192
0.45597882958631997,0.7193
0.45975771993733944,0.7194
0.4604142744250596,0.7195
0.46240370393972846,0.7196
0.4625062461370603,0.7197
0.46698421367984266,0.7198
0.4676413784550503,0.7199
0.4678273771032693,0.72
0.4680725326500831,0.7201
0.4685166932836175,0.7202
0.4693784952688962,0.7203
0.4703563688285649,0.7204
0.4715713119244203,0.7205
0.47321705131754277,0.7206
0.4737838470790534,0.7207
0.4748807941747832,0.7208
0.47546702207140623,0.7209
0.47623580853827296,0.721
0.4770468420473858,0.7211
0.4784082748051733,0.7212
0.4790898355107754,0.7213
0.4807259599346662,0.7214
0.48106898354161537,0.7215
0.48297340750638396,0.7216
0.4832029826328162,0.7217
0.4845590837080032,0.7218
0.4856095917681232,0.7219
0.48564600038118666,0.722
0.49137842899952083,0.7221
0.4925631991071627,0.7222
0.4956974427038804,0.7223
0.4977798406384885,0.7224
0.49934726732522244,0.7225
0.5041752423891798,0.7226
0.5057084344977516,0.7227
0.5074172741789371,0.7228
0.5080629310414194,0.7229
0.5085870872411877,0.723
0.5095006845295429,0.7231
0.5100030148705469,0.7232
0.5108604792946951,0.7233
0.5121938416449356,0.7234
0.5131094966568053,0.7235
0.5177291181301699,0.7236
0.5203232322217897,0.7237
0.5214910301109776,0.7238
0.5219916138067847,0.7239
0.5242540545221418,0.724
0.5243968016898259,0.7241
0.5265067834956573,0.7242
0.5275012857712805,0.7243
0.5279797961909326,0.7244
0.5284719176832586,0.7245
0.5289615522310138,0.7246
0.5304418581292033,0.7247
0.5322479696458206,0.7248
0.532409222265333,0.7249
0.5334748060209676,0.725
0.534770419311896,0.7251
0.5376313893824816,0.7252
0.5392906240355223,0.7253
0.5404483644677326,0.7254
0.5414638672403992,0.7255
0.5434740098711104,0.7256
0.55327531462982,0.7257
0.5535058011241257,0.7258
0.553538658669591,0.7259
0.5549395121645182,0.726
0.5552776128713042,0.7261
0.5566229554010556,0.7262
0.5583113560274241,0.7263
0.5598108375716954,0.7264
0.56082703682594,0.7265
0.5614652666302399,0.7266
0.5639761955212803,0.7267
0.5650697130929677,0.7268
0.5665638464450894,0.7269
0.5681800567224623,0.727
0.5710917652403935,0.7271
0.5742239858578896,0.7272
0.5768205134807155,0.7273
0.5789673134302721,0.7274
0.5806625140428544,0.7275
0.5842834560323507,0.7276
0.5846989261614159,0.7277
0.5855373759409412,0.7278
0.5865509809294716,0.7279
0.5879068545296787,0.728
0.5886617187844595,0.7281
0.5894580593310298,0.7282
0.5908890922335904,0.7283
0.5915911812158301,0.7284
0.5920842751547694,0.7285
0.5937635728603229,0.7286
0.5940593958467244,0.7287
0.5944787983160466,0.7288
0.595516639838554,0.7289
0.5956084677491338,0.729
0.6006231421189382,0.7291
0.6009258206862955,0.7292
0.6017074821274727,0.7293
0.6098608460918069,0.7294
0.6136280512176454,0.7295
0.614245749050565,0.7296
0.6192904008395971,0.7297
0.6198686099477112,0.7298
0.6210390995547205,0.7299
0.6238519505621867,0.73
0.6253821174150334,0.7301
0.6276801500877365,0.7302
0.6285446934979408,0.7303
0.6290267468115317,0.7304
0.6309425786878928,0.7305
0.63282941023428,0.7306
0.6333031871516257,0.7307
0.633728859349899,0.7308
0.6354681411383671,0.7309
0.6357050671558827,0.731
0.6401545753397049,0.7311
0.641467214344442,0.7312
0.6422158984573557,0.7313
0.6438888319618999,0.7314
0.6454575814368202,0.7315
0.6481211159437894,0.7316
0.6484821178952234,0.7317
0.649028164923191,0.7318
0.6504991461642087,0.7319
0.6531154066102581,0.732
0.6568194943036886,0.7321
0.6579649589639157,0.7322
0.6589194686219093,0.7323
0.6590133512243629,0.7324
0.6592454115215688,0.7325
0.6612744695736095,0.7326
0.6614222070861607,0.7327
0.6672928327627481,0.7328
0.6711640702117234,0.7329
0.6711897871932014,0.733
0.6717745232563466,0.7331
0.6764350251264878,0.7332
0.6766958804026217,0.7333
0.6789192462947219,0.7334
0.6796514371315017,0.7335
0.680887914795801,0.7336
0.6835063997536898,0.7337
0.6889292181998491,0.7338
0.6930466440849005,0.7339
0.6993543455084784,0.734
0.6994506916612387,0.7341
0.7034704978644848,0.7342
0.7071939497215672,0.7343
0.7140539823772385,0.7344
0.7160314713796601,0.7345
0.7163646692957729,0.7346
0.7174863049551844,0.7347
0.7202697902595624,0.7348
0.7205005717929452,0.7349
0.7210273738520221,0.735
0.7216653340615331,0.7351
0.7245234406393021,0.7352
0.7289611175687983,0.7353
0.7310049910787493,0.7354
0.7359842731934041,0.7355
0.7373160977071147,0.7356
0.7389895820779725,0.7357
0.7394194943696257,0.7358
0.7403784375529735,0.7359
0.7421377143988386,0.736
0.7426863730158657,0.7361
0.7449035579185934,0.7362
0.745749693978019,0.7363
0.7473449729170651,0.7364
0.7509026486674324,0.7365
0.7536864979229867,0.7366
0.7565257471939549,0.7367
0.7572364151943475,0.7368
0.7585114334203303,0.7369
0.7610977786425501,0.737
0.765518752448447,0.7371
0.7667727191226557,0.7372
0.7693743260182438,0.7373
0.7707433109449223,0.7374
0.7712380002243444,0.7375
0.7717004458419978,0.7376
0.7737579039124772,0.7377
0.7773351522780956,0.7378
0.7796840980617344,0.7379
0.7802093522943555,0.738
0.7834883968930808,0.7381
0.7847071827415376,0.7382
0.7855801574444399,0.7383
0.7902615033645183,0.7384
0.7910849138081074,0.7385
0.7929120550081133,0.7386
0.793366767798923,0.7387
0.798564406270525,0.7388
0.8038064268475398,0.7389
0.8043996991401539,0.739
0.8052875413207338,0.7391
0.805651073089242,0.7392
0.8063380834853278,0.7393
0.8095419304417446,0.7394
0.8126574071774259,0.7395
0.816523318870738,0.7396
0.8179327099693939,0.7397
0.8214081998906986,0.7398
0.8226442644882948,0.7399
0.8243047514062375,0.74
0.8300936396533622,0.7401
0.8339563153523951,0.7402
0.835618752962351,0.7403
0.8380455525666475,0.7404
0.8391414576413108,0.7405
0.8430477692456915,0.7406
0.8438082196094097,0.7407
0.844052345501259,0.7408
0.8448583825623616,0.7409
0.8465111470229923,0.741
0.8483892213491722,0.7411
0.8486566466759892,0.7412
0.8507976096270606,0.7413
0.8508231159698216,0.7414
0.8511200326127932,0.7415
0.8542244122743605,0.7416
0.8555270710378886,0.7417
0.8558866302803162,0.7418
0.8583574351038784,0.7419
0.8589100014783442,0.742
0.8612568324459716,0.7421
0.8633651898577809,0.7422
0.8715700088940562,0.7423
0.8726190081277861,0.7424
0.8751241635516285,0.7425
0.8760582482248547,0.7426
0.8775373663248495,0.7427
0.8816463481167331,0.7428
0.8840006284039467,0.7429
0.8852643034502864,0.743
0.8860730660799893,0.7431
0.8919026496497916,0.7432
0.8989896246967837,0.7433
0.8994501482423393,0.7434
0.9031790518892928,0.7435
0.9032616039616987,0.7436
0.9036356807839124,0.7437
0.9057706585340202,0.7438
0.9084489732168616,0.7439
0.9101433340154588,0.744
0.910754821315594,0.7441
0.9115191242314873,0.7442
0.9115594979725778,0.7443
0.9117757242288445,0.7444
0.9155174233322962,0.7445
0.9166845659129321,0.7446
0.9181760851258413,0.7447
0.9182380254784599,0.7448
0.918293264807202,0.7449
0.9184367104087026,0.745
0.918717629554309,0.7451
0.9201911687750369,0.7452
0.9229110996514565,0.7453
0.9232861361864961,0.7454
0.9247330781506375,0.7455
0.9270251975912601,0.7456
0.9274088860305025,0.7457
0.9297918848773465,0.7458
0.9308787485104055,0.7459
0.9325361766893415,0.746
0.935248654294014,0.7461
0.9354361000439151,0.7462
0.9363427639765664,0.7463
0.9396995946781709,0.7464
0.941418902336061,0.7465
0.9429882128778845,0.7466
0.9466222911827264,0.7467
0.9507828510625288,0.7468
0.9538725846782327,0.7469
0.9563869056735187,0.747
0.9565833203360439,0.7471
0.9621567418793217,0.7472
0.9624095121027901,0.7473
0.9628856236478314,0.7474
0.9630624029802157,0.7475
0.9631637434825302,0.7476
0.9667564639672637,0.7477
0.96685099113062,0.7478
0.9707783923253417,0.7479
0.971080123825185,0.748
0.9769928688386453,0.7481
0.9774955022318288,0.7482
0.978096884706244,0.7483
0.9802222267186271,0.7484
0.9818989930890503,0.7485
0.9833941605951637,0.7486
0.9844146577237174,0.7487
0.9869259232968093,0.7488
0.9887784905735404,0.7489
0.9944646916804833,0.749
0.9977239105407147,0.7491
0.9984631337419155,0.7492
1.0021431072756646,0.7493
1.002361423015781,0.7494
1.0173306173488497,0.7495
1.019791828754358,0.7496
1.020944694190286,0.7497
1.031671725592576,0.7498
1.0363516753373667,0.7499
1.0378177957864478,0.75
1.0399200488716362,0.7501
1.050192873911746,0.7502
1.051292259678058,0.7503
1.051599206637777,0.7504
1.0516098738899455,0.7505
1.0533058943292126,0.7506
1.0536749216666443,0.7507
1.0590619077796115,0.7508
1.063745937815309,0.7509
1.0671354621084406,0.751
1.0676166202684865,0.7511
1.071317936969921,0.7512
1.079351583039388,0.7513
1.0804055293014272,0.7514
1.085694985787384,0.7515
1.0861294929852712,0.7516
1.0861683335378767,0.7517
1.0876089410584417,0.7518
1.0894051983470097,0.7519
1.0897250145597384,0.752
1.090774645649269,0.7521
1.090816225232184,0.7522
1.0914855207994578,0.7523
1.0937947360623657,0.7524
1.0938717140050604,0.7525
1.096552996739003,0.7526
1.0981672492934391,0.7527
1.0982185567868874,0.7528
1.1008350381441414,0.7529
1.1018238838026282,0.753
1.1021238625902683,0.7531
1.1024278658716007,0.7532
1.1042092458385973,0.7533
1.104973284315504,0.7534
1.1071378704106436,0.7535
1.1092773456839846,0.7536
1.1176057713767513,0.7537
1.1177645862394943,0.7538
1.1188565984230487,0.7539
1.1211772256299855,0.754
1.1248584014168008,0.7541
1.1267380114385859,0.7542
1.1278954974062743,0.7543
1.1314049930535257,0.7544
1.1368135211378338,0.7545
1.1476225495766847,0.7546
1.1481200929215174,0.7547
1.1523740614721554,0.7548
1.1566268066436052,0.7549
1.1567014167990535,0.755
1.1626369167303667,0.7551
1.1649448709428312,0.7552
1.1681557849690316,0.7553
1.1683533934308217,0.7554
1.1691270222350953,0.7555
1.170938818483427,0.7556
1.1731885987252,0.7557
1.173195671920292,0.7558
1.1734210364453492,0.7559
1.1768624653805049,0.756
1.178415708307363,0.7561
1.1857170733552425,0.7562
1.1871513906575737,0.7563
1.1882138100821527,0.7564
1.1892905175726862,0.7565
1.19366758377403,0.7566
1.1937018956635148,0.7567
1.1981707402417436,0.7568
1.1985118443425744,0.7569
1.2008570068744941,0.757
1.2010126931328327,0.7571
1.2012772481175138,0.7572
1.2016945120949298,0.7573
1.2045445131266492,0.7574
1.2083156067637726,0.7575
1.208921622496471,0.7576
1.2145915870293975,0.7577
1.2148064458440988,0.7578
1.2230044572304934,0.7579
1.2231096115702762,0.758
1.2303789019027724,0.7581
1.238132744152288,0.7582
1.2395675300464033,0.7583
1.2412779270350933,0.7584
1.2419941491890696,0.7585
1.2421941077787415,0.7586
1.2431270124865696,0.7587
1.2452793078266082,0.7588
1.2464479494748637,0.7589
1.2527079231569547,0.759
1.254212884382531,0.7591
1.2562578111767768,0.7592
1.2598071911802515,0.7593
1.2598496519805862,0.7594
1.2605842938529326,0.7595
1.2607135267332197,0.7596
1.2625579957086592,0.7597
1.2643390795910727,0.7598
1.2665619367243721,0.7599
1.2706608593927697,0.76
1.2730661963606253,0.7601
1.2740098650762814,0.7602
1.2745597628105432,0.7603
1.276875215787627,0.7604
1.2779331476194784,0.7605
1.2782349694773552,0.7606
1.2783096661977469,0.7607
1.2831146497987211,0.7608
1.2856511128049346,0.7609
1.2875220564421266,0.761
1.288846875601821,0.7611
1.2893438958752899,0.7612
1.2953175776744266,0.7613
1.297129004067555,0.7614
1.2996001533737405,0.7615
1.3003979469342153,0.7616
1.3063055136669428,0.7617
1.3080304933520035,0.7618
1.3109028962187472,0.7619
1.312832448653132,0.762
1.3192743333410473,0.7621
1.3208085058229044,0.7622
1.3213612855000423,0.7623
1.3216289722640067,0.7624
1.323078747226484,0.7625
1.3234925209449604,0.7626
1.324165040604584,0.7627
1.3251758684204893,0.7628
1.3281356637544932,0.7629
1.3361659969998527,0.763
1.3373644599275667,0.7631
1.337671086803824,0.7632
1.3419540552958842,0.7633
1.342372380284965,0.7634
1.3428521942308171,0.7635
1.343071069590561,0.7636
1.3468129379225893,0.7637
1.3477209238428622,0.7638
1.349554434434697,0.7639
1.3513011111333972,0.764
1.3538415360761802,0.7641
1.3554997290803117,0.7642
1.357433698390424,0.7643
1.362751919609122,0.7644
1.3627886461293328,0.7645
1.370796394950338,0.7646
1.3756580911165106,0.7647
1.37729005317837,0.7648
1.3786876909079029,0.7649
1.3798879506394268,0.765
1.380070777068101,0.7651
1.3884439417736594,0.7652
1.3888023452913385,0.7653
1.3897812857542187,0.7654
1.3912687888417392,0.7655
1.3943403190437702,0.7656
1.3960416181623934,0.7657
1.3964721437834202,0.7658
1.396886342022009,0.7659
1.4074507887504994,0.766
1.4092230389535425,0.7661
1.4103754964852706,0.7662
1.411221186235361,0.7663
1.4124517653621733,0.7664
1.4127674401011319,0.7665
1.4148446143275129,0.7666
1.416311986268498,0.7667
1.4167877969492226,0.7668
1.4169697656199336,0.7669
1.417733632490039,0.767
1.418904010154307,0.7671
1.4197079419679939,0.7672
1.4206116675492375,0.7673
1.4212576293468475,0.7674
1.4232226101865992,0.7675
1.4274394127262757,0.7676
1.429727060260065,0.7677
1.4324823805633933,0.7678
1.433174269794859,0.7679
1.4334758957136422,0.768
1.435788477924093,0.7681
1.4364404661579055,0.7682
1.4377120459975674,0.7683
1.4404340627823111,0.7684
1.4417075058141722,0.7685
1.4433323968503626,0.7686
1.444665383261442,0.7687
1.4483080730304123,0.7688
1.4490248175775633,0.7689
1.4521685631539674,0.769
1.452648238083534,0.7691
1.4600300424791874,0.7692
1.4618550978073852,0.7693
1.4621910090113055,0.7694
1.4627242800001057,0.7695
1.4663040369596332,0.7696
1.4678945143472404,0.7697
1.4696557928852738,0.7698
1.472337982575409,0.7699
1.4733027800207956,0.77
1.4793294658744707,0.7701
1.4795957176711412,0.7702
1.4796526892930268,0.7703
1.4838813424734396,0.7704
1.4892209767106919,0.7705
1.492301251119934,0.7706
1.492857823835872,0.7707
1.4950949573306367,0.7708
1.4964954874511807,0.7709
1.4969363067127763,0.771
1.499935917780362,0.7711
1.5006220189273358,0.7712
1.501513740840554,0.7713
1.5030393987743185,0.7714
1.5042631157895547,0.7715
1.5119128007460385,0.7716
1.512559961647913,0.7717
1.515124020682284,0.7718
1.5157939479684455,0.7719
1.5189467174962161,0.772
1.5230782949320973,0.7721
1.5233356750018894,0.7722
1.5234067255642265,0.7723
1.5274388865755872,0.7724
1.5322659240061418,0.7725
1.533951212833263,0.7726
1.5456303590767086,0.7727
1.5497077047865837,0.7728
1.5509268448436633,0.7729
1.553593804923631,0.773
1.5562859963897617,0.7731
1.5586459795240317,0.7732
1.562779201684892,0.7733
1.565186880358681,0.7734
1.5665553869348021,0.7735
1.5824105590492485,0.7736
1.5836651805644857,0.7737
1.592635322693735,0.7738
1.595622939887835,0.7739
1.5960863252514974,0.774
1.597538412065059,0.7741
1.5975488532036546,0.7742
1.600540104386397,0.7743
1.6007797756928952,0.7744
1.6009922598840667,0.7745
1.6028688514268024,0.7746
1.6029166966214778,0.7747
1.6034715336034073,0.7748
1.603625830600597,0.7749
1.6052389391558244,0.775
1.6056155363442377,0.7751
1.6058630867538972,0.7752
1.610738148187101,0.7753
1.6137391696421428,0.7754
1.616116024095006,0.7755
1.6176475418649616,0.7756
1.6179160087862983,0.7757
1.6185050297308712,0.7758
1.6233429221682254,0.7759
1.6295213403671978,0.776
1.6309649716855956,0.7761
1.633416990790516,0.7762
1.6343847073104234,0.7763
1.635619497541152,0.7764
1.641513144495897,0.7765
1.6428668478637933,0.7766
1.645435027270764,0.7767
1.6456798324855044,0.7768
1.6489649096243084,0.7769
1.652787131193839,0.777
1.6529216955190524,0.7771
1.6547409026507303,0.7772
1.659568580410816,0.7773
1.6620468967383712,0.7774
1.6625364361016082,0.7775
1.6655737291174009,0.7776
1.6659982332879677,0.7777
1.669478102622179,0.7778
1.6697053414549679,0.7779
1.672831383692473,0.778
1.677811144093238,0.7781
1.6785558415280653,0.7782
1.680044713069126,0.7783
1.680670823423378,0.7784
1.687592384757846,0.7785
1.6928212009480221,0.7786
1.6949070785976947,0.7787
1.6979444185197354,0.7788
1.7040606376377865,0.7789
1.7042165095908568,0.779
1.7067472845915703,0.7791
1.7075102243959905,0.7792
1.7089086797777566,0.7793
1.7120172724904494,0.7794
1.7128125892627986,0.7795
1.717227150139399,0.7796
1.7199920205904171,0.7797
1.7203833815960214,0.7798
1.7223501118110491,0.7799
1.7229524636914957,0.78
1.7261755447609348,0.7801
1.7286055483277887,0.7802
1.7291649820832535,0.7803
1.7375355375040324,0.7804
1.7396684322183953,0.7805
1.7404602832874283,0.7806
1.741563512822613,0.7807
1.7425644703164695,0.7808
1.7428767027720808,0.7809
1.743086962707527,0.781
1.7446816646782681,0.7811
1.745568002225831,0.7812
1.7461407742984594,0.7813
1.7471823881633572,0.7814
1.7500087891018015,0.7815
1.7545404200255872,0.7816
1.7554343616843222,0.7817
1.7622549369556832,0.7818
1.765316927835345,0.7819
1.7659001999096942,0.782
1.7665453185372058,0.7821
1.7708869369762015,0.7822
1.772305153958313,0.7823
1.775205554763973,0.7824
1.7810633017234503,0.7825
1.7822668212596326,0.7826
1.7861852553859352,0.7827
1.789873035941273,0.7828
1.7901365360179913,0.7829
1.7931735362699255,0.783
1.7936542712587864,0.7831
1.7963193478882313,0.7832
1.7964698014682159,0.7833
1.7999869702180844,0.7834
1.8016542203200983,0.7835
1.8059741012111308,0.7836
1.8071859353261068,0.7837
1.809144596962072,0.7838
1.8113485681951043,0.7839
1.8157485636923463,0.784
1.8200518577923999,0.7841
1.8211423126067967,0.7842
1.8215354476712637,0.7843
1.825172544030659,0.7844
1.8264086493365466,0.7845
1.8270539672384039,0.7846
1.8326792771380394,0.7847
1.8366808641431853,0.7848
1.847465105764754,0.7849
1.8488314986079932,0.785
1.8506048710657286,0.7851
1.8512675813477486,0.7852
1.8531536150939756,0.7853
1.854608368549682,0.7854
1.8586986888265238,0.7855
1.8616182760527356,0.7856
1.8646670480104162,0.7857
1.865283071647212,0.7858
1.8671377742076292,0.7859
1.8687877055324613,0.786
1.8717196729520338,0.7861
1.8804559462314465,0.7862
1.8851533445661888,0.7863
1.8852247680623087,0.7864
1.8921176672732458,0.7865
1.892364466548711,0.7866
1.8954521615663542,0.7867
1.8992489312985912,0.7868
1.9007091397533193,0.7869
1.902610367237031,0.787
1.9038534840237262,0.7871
1.9055939559374004,0.7872
1.9078868897136303,0.7873
1.9081601053671913,0.7874
1.9136150303766133,0.7875
1.914681719400175,0.7876
1.9161659899229184,0.7877
1.9186482446406037,0.7878
1.9247931053901093,0.7879
1.9294668995775281,0.788
1.9346538533851498,0.7881
1.9406370442731309,0.7882
1.9417297779954967,0.7883
1.9440763222768902,0.7884
1.9454410488298164,0.7885
1.957534636919573,0.7886
1.958480115531944,0.7887
1.9676798360796646,0.7888
1.9681830471882598,0.7889
1.9716734191585332,0.789
1.977387798833102,0.7891
1.9790526143535971,0.7892
1.9843214813427998,0.7893
1.992691543049924,0.7894
1.993766879932396,0.7895
1.993811564642005,0.7896
1.9946763039087874,0.7897
1.997253670246527,0.7898
1.9987026497792453,0.7899
2.000395650417544,0.79
2.0029526175890116,0.7901
2.0042614791551605,0.7902
2.005210879764706,0.7903
2.0085743313085285,0.7904
2.0107300599113107,0.7905
2.016050881614164,0.7906
2.021723515309207,0.7907
2.026506632814926,0.7908
2.0329775098498915,0.7909
2.0331024293119087,0.791
2.0333042135702444,0.7911
2.0348117434440183,0.7912
2.0365799913000315,0.7913
2.0382115807712076,0.7914
2.038940358405746,0.7915
2.040911423103511,0.7916
2.041276852616295,0.7917
2.04165188580472,0.7918
2.0553414305364712,0.7919
2.057600871936791,0.792
2.065603118921444,0.7921
2.0705016626497725,0.7922
2.0726258698331192,0.7923
2.074372934580967,0.7924
2.0751590363742785,0.7925
2.0756096448982135,0.7926
2.0761329395286743,0.7927
2.0764429865637792,0.7928
2.0789625498410316,0.7929
2.08163422436323,0.793
2.0876888212531806,0.7931
2.090401364019513,0.7932
2.093008005579747,0.7933
2.0958445835880934,0.7934
2.096253298596293,0.7935
2.10212561530564,0.7936
2.104147322809696,0.7937
2.1050723677910863,0.7938
2.1066744693517685,0.7939
2.1098061665335672,0.794
2.1194451508842413,0.7941
2.124801041091979,0.7942
2.1287623544828964,0.7943
2.131861678844132,0.7944
2.1319948218623175,0.7945
2.1357515577357264,0.7946
2.1360696872029457,0.7947
2.1382159251395616,0.7948
2.138388805526867,0.7949
2.1412594103809535,0.795
2.144331598335504,0.7951
2.1452712776608767,0.7952
2.1461929827421904,0.7953
2.1470262122735386,0.7954
2.1503688261609524,0.7955
2.155501807554066,0.7956
2.1603258748929948,0.7957
2.161740008614026,0.7958
2.1622036843461916,0.7959
2.1651476743567732,0.796
2.1660287205934523,0.7961
2.166961243058928,0.7962
2.166964417835511,0.7963
2.1687555531889195,0.7964
2.1699316479340194,0.7965
2.1705702969057485,0.7966
2.1736795077146964,0.7967
2.176817643759958,0.7968
2.1795614835677672,0.7969
2.1856749436598273,0.797
2.1858689897038044,0.7971
2.186986257538386,0.7972
2.1924655276497824,0.7973
2.1941296711105855,0.7974
2.203121185540594,0.7975
2.206273745900206,0.7976
2.212911982687935,0.7977
2.2132868970375505,0.7978
2.218455081433989,0.7979
2.2216123596133666,0.798
2.2290886862587214,0.7981
2.230271118192002,0.7982
2.2318300130082296,0.7983
2.23488677886799,0.7984
2.2419083495462315,0.7985
2.2448284166760715,0.7986
2.2459479882162063,0.7987
2.246054198243469,0.7988
2.246719466292299,0.7989
2.2488749848773706,0.799
2.250679974265583,0.7991
2.2540584999840703,0.7992
2.259964782204665,0.7993
2.2618234156871213,0.7994
2.262789594815299,0.7995
2.2631259920820592,0.7996
2.2674624786982314,0.7997
2.280975497761928,0.7998
2.285779558846727,0.7999
2.288066115617752,0.8
2.2920525520239026,0.8001
2.2921550550520418,0.8002
2.292758909720555,0.8003
2.29949065526817,0.8004
2.305126063030958,0.8005
2.3074638784423467,0.8006
2.3089465617299085,0.8007
2.317787925876304,0.8008
2.323085088893026,0.8009
2.3244018330199645,0.801
2.3248594731196763,0.8011
2.3269236266227433,0.8012
2.3285596167616545,0.8013
2.3323031936250627,0.8014
2.333596426407248,0.8015
2.3340875508528205,0.8016
2.335288940161839,0.8017
2.337969593393058,0.8018
2.339971728276461,0.8019
2.3400222909266133,0.802
2.3406688816817476,0.8021
2.3494390353905037,0.8022
2.3596221398703756,0.8023
2.360501400394178,0.8024
2.3614659635966646,0.8025
2.3651433116041125,0.8026
2.367664686272107,0.8027
2.3709445232519886,0.8028
2.371981264033169,0.8029
2.374830136066489,0.803
2.3797393850730733,0.8031
2.383461856165342,0.8032
2.3836482744153584,0.8033
2.3921694979140535,0.8034
2.403041782361455,0.8035
2.4169356538435447,0.8036
2.417385114152916,0.8037
2.4300034047754484,0.8038
2.4325218356715514,0.8039
2.4338204798262564,0.804
2.434404191206954,0.8041
2.4374731752756977,0.8042
2.439736255135573,0.8043
2.44312263842728,0.8044
2.445348498171196,0.8045
2.4470717166267333,0.8046
2.4524070315074167,0.8047
2.4560973854109647,0.8048
2.4570722932549196,0.8049
2.457889331407843,0.805
2.467135927592777,0.8051
2.4714208048906174,0.8052
2.4772168921247126,0.8053
2.4780999528404326,0.8054
2.4826744058333334,0.8055
2.4846476328711957,0.8056
2.48507046074979,0.8057
2.4858295790394767,0.8058
2.48657799588684,0.8059
2.487064130694978,0.806
2.487971961902641,0.8061
2.497755523994006,0.8062
2.499940610974096,0.8063
2.504469245658815,0.8064
2.5065752316417176,0.8065
2.508936276088469,0.8066
2.5118615034222604,0.8067
2.514499140634574,0.8068
2.5217348586626347,0.8069
2.528583484379947,0.807
2.5301839473748586,0.8071
2.5324522746462375,0.8072
2.534886171637662,0.8073
2.5359427616290744,0.8074
2.5418516735158865,0.8075
2.542438272606209,0.8076
2.5454842559460555,0.8077
2.5471335581891235,0.8078
2.5490627882016823,0.8079
2.5499136101944373,0.808
2.5536347642615436,0.8081
2.55364900209792,0.8082
2.556548563299513,0.8083
2.5623575224343687,0.8084
2.5718023647643626,0.8085
2.5761102631427346,0.8086
2.5809205066060645,0.8087
2.5813517017224807,0.8088
2.5824031022470444,0.8089
2.5824067640230055,0.809
2.5828585923738774,0.8091
2.585146784082987,0.8092
2.5982512281015517,0.8093
2.6011404651919374,0.8094
2.601446562607028,0.8095
2.6020757669990884,0.8096
2.6039133202493194,0.8097
2.604131394207291,0.8098
2.605884121857397,0.8099
2.607388876564242,0.81
2.6076836442433295,0.8101
2.6100181672347706,0.8102
2.6134199078327045,0.8103
2.6145942024439575,0.8104
2.620323340490274,0.8105
2.6263068433240058,0.8106
2.6283790261242537,0.8107
2.6322358595592905,0.8108
2.6403511135915285,0.8109
2.6420283106114715,0.811
2.644102058589086,0.8111
2.6452213719276716,0.8112
2.6453509557003145,0.8113
2.6475183819931005,0.8114
2.6500906328391283,0.8115
2.650909660520963,0.8116
2.661393233957511,0.8117
2.6614761862151353,0.8118
2.666334380332567,0.8119
2.666882997666858,0.812
2.669301880878769,0.8121
2.671824762306176,0.8122
2.671827987981029,0.8123
2.673335309908725,0.8124
2.682171131780371,0.8125
2.6863618438599635,0.8126
2.6924604093438016,0.8127
2.6954553902735934,0.8128
2.6969476922787727,0.8129
2.700844301068783,0.813
2.704273841612041,0.8131
2.7156775282925,0.8132
2.718210634391941,0.8133
2.7210989723518577,0.8134
2.7236571434548127,0.8135
2.731777596463077,0.8136
2.734099340140075,0.8137
2.7366728750508336,0.8138
2.738455473275855,0.8139
2.7392310712862744,0.814
2.7420053153704846,0.8141
2.742182298620045,0.8142
2.742234950142168,0.8143
2.746292454922199,0.8144
2.7477372864417555,0.8145
2.7488758988885205,0.8146
2.7509174143519255,0.8147
2.755698738017678,0.8148
2.7670075681127604,0.8149
2.767880780848861,0.815
2.774615841344185,0.8151
2.778970090133138,0.8152
2.782160072126426,0.8153
2.7855882484793693,0.8154
2.787653807970509,0.8155
2.7912769706320013,0.8156
2.7918468265261502,0.8157
2.7938689285291356,0.8158
2.8042454011145983,0.8159
2.8048422745177524,0.816
2.8071132319701837,0.8161
2.8124869661170986,0.8162
2.8143921742027627,0.8163
2.815402077931165,0.8164
2.820720500275679,0.8165
2.823426283902867,0.8166
2.8337129883259533,0.8167
2.8410699690174313,0.8168
2.8412172202248125,0.8169
2.8481505387173964,0.817
2.8510777572534978,0.8171
2.855935872338712,0.8172
2.8626953572047875,0.8173
2.8706954711789265,0.8174
2.8783433640019966,0.8175
2.8804556687401606,0.8176
2.881181589725241,0.8177
2.8890963517505677,0.8178
2.890759183369763,0.8179
2.8921043425194912,0.818
2.895835741055198,0.8181
2.896359987287968,0.8182
2.9040176823109385,0.8183
2.9122495699921624,0.8184
2.913714024369791,0.8185
2.9141086277870465,0.8186
2.921627286213078,0.8187
2.924275392900032,0.8188
2.926054652968794,0.8189
2.928778829371557,0.819
2.933206203711591,0.8191
2.934094265388697,0.8192
2.94977088393271,0.8193
2.9537901469348,0.8194
2.9605080105541273,0.8195
2.9607736088125036,0.8196
2.9615984629996093,0.8197
2.9622398468786852,0.8198
2.9693343486627564,0.8199
2.9727176845276726,0.82
2.978451981449313,0.8201
2.9803956021839753,0.8202
2.990933125026897,0.8203
2.9927386328943073,0.8204
3.009200069925003,0.8205
3.010327392427623,0.8206
3.0119163680920376,0.8207
3.0137243540227407,0.8208
3.013859191686474,0.8209
3.0140030426640063,0.821
3.015239532186824,0.8211
3.020043975311704,0.8212
3.027456835906396,0.8213
3.028293053753674,0.8214
3.036489658438414,0.8215
3.037257342770509,0.8216
3.0394316093802334,0.8217
3.0443828983979295,0.8218
3.046175749748759,0.8219
3.046851676199586,0.822
3.0525492571206763,0.8221
3.0545206864709034,0.8222
3.0545266662776465,0.8223
3.0577336985660715,0.8224
3.0613361858194694,0.8225
3.067008788173646,0.8226
3.0832152487516407,0.8227
3.0844704618316148,0.8228
3.0852826285947117,0.8229
3.085832886505494,0.823
3.089754139957577,0.8231
3.092476227806881,0.8232
3.0929293953532353,0.8233
3.095185491114669,0.8234
3.1095027877394115,0.8235
3.1098150025215,0.8236
3.111215574056655,0.8237
3.117544537743926,0.8238
3.1185039200386035,0.8239
3.122136931181699,0.824
3.128951221727393,0.8241
3.1377158966314047,0.8242
3.1377467417718843,0.8243
3.139836837499961,0.8244
3.140489331170172,0.8245
3.1464677775509653,0.8246
3.146666897490062,0.8247
3.148962369593047,0.8248
3.152100836666301,0.8249
3.1548598911184813,0.825
3.1560564493730667,0.8251
3.165083866365813,0.8252
3.1717407338613643,0.8253
3.1730466001829134,0.8254
3.18181928508468,0.8255
3.1818272811463104,0.8256
3.1869306530613453,0.8257
3.188951215000078,0.8258
3.19327819644213,0.8259
3.1938963683756065,0.826
3.194282299629785,0.8261
3.196930420705676,0.8262
3.2007748272914442,0.8263
3.2041855819964775,0.8264
3.208341285036318,0.8265
3.21245733445175,0.8266
3.218073130332492,0.8267
3.2192568084500732,0.8268
3.221791554676741,0.8269
3.223870733904093,0.827
3.230328698449954,0.8271
3.2336068845832715,0.8272
3.234636984395049,0.8273
3.2383117795100436,0.8274
3.2430188201017662,0.8275
3.2493224696964025,0.8276
3.2503930871127173,0.8277
3.253083501299657,0.8278
3.2572185337651463,0.8279
3.261583793807589,0.828
3.2634474593654277,0.8281
3.2645027241654696,0.8282
3.269679004999995,0.8283
3.275300971681441,0.8284
3.282692037846522,0.8285
3.282966699397948,0.8286
3.283305259037018,0.8287
3.287200606327504,0.8288
3.2873724309656827,0.8289
3.293782808428444,0.829
3.3031535775840286,0.8291
3.3141691675845535,0.8292
3.316190516011044,0.8293
3.321628403143397,0.8294
3.3222255770165474,0.8295
3.3300011900190265,0.8296
3.3353504686305304,0.8297
3.335839580270651,0.8298
3.3365121839782224,0.8299
3.336905335368029,0.83
3.3389942989697685,0.8301
3.3400240775529295,0.8302
3.3479808845300227,0.8303
3.349960865516961,0.8304
3.357942561555654,0.8305
3.363973413608968,0.8306
3.3640900866122916,0.8307
3.3684414121238513,0.8308
3.380773776850663,0.8309
3.3808783102573825,0.831
3.3809513498878103,0.8311
3.3846225580204283,0.8312
3.3867884956911203,0.8313
3.389777567005343,0.8314
3.4031845116835084,0.8315
3.4047109073951836,0.8316
3.411497113647312,0.8317
3.421570326513611,0.8318
3.421966984767839,0.8319
3.4221709974423047,0.832
3.4284272719647735,0.8321
3.4289890357878066,0.8322
3.4314216620838276,0.8323
3.432510570695624,0.8324
3.4361784129688515,0.8325
3.449209567818791,0.8326
3.449658819627017,0.8327
3.4564895279048016,0.8328
3.4582361130768438,0.8329
3.461254525413737,0.833
3.462757773773559,0.8331
3.4658296253085137,0.8332
3.466364226284437,0.8333
3.466602663223073,0.8334
3.4751109021512794,0.8335
3.479378814388253,0.8336
3.480334577730857,0.8337
3.487679777040705,0.8338
3.4960120493073017,0.8339
3.509128386348486,0.834
3.5106595787348223,0.8341
3.5135931161999707,0.8342
3.519805478834175,0.8343
3.523282699254714,0.8344
3.526183555675484,0.8345
3.527054235922359,0.8346
3.5313178681081157,0.8347
3.533789621877111,0.8348
3.535962352450937,0.8349
3.536382173818164,0.835
3.537459780834802,0.8351
3.5387742028947917,0.8352
3.549575607059151,0.8353
3.5498525168884547,0.8354
3.553825581469014,0.8355
3.5547000484284017,0.8356
3.562672663022764,0.8357
3.5786843754451723,0.8358
3.5792665467482063,0.8359
3.584575134929456,0.836
3.589629770695232,0.8361
3.598163148484938,0.8362
3.5983763311430805,0.8363
3.601965810854919,0.8364
3.6057242842638866,0.8365
3.6148921198876574,0.8366
3.6194703468220304,0.8367
3.6211570992277933,0.8368
3.623253287990391,0.8369
3.6336419932296558,0.837
3.6349574173646046,0.8371
3.6355266651317506,0.8372
3.6372396609524267,0.8373
3.6437297324884685,0.8374
3.6489354177437723,0.8375
3.6544120347931983,0.8376
3.6552592455049973,0.8377
3.6562383298510683,0.8378
3.6579147625379265,0.8379
3.672357414718531,0.838
3.6814630772413683,0.8381
3.691134912087768,0.8382
3.696541600154713,0.8383
3.6967468709092586,0.8384
3.699452094155364,0.8385
3.7047608607832343,0.8386
3.709942584297247,0.8387
3.7172876571267843,0.8388
3.7200889136457813,0.8389
3.720186107826233,0.839
3.7253745425252243,0.8391
3.729072587423958,0.8392
3.7401045474238694,0.8393
3.7502416600307407,0.8394
3.7508619977356865,0.8395
3.7555438667977232,0.8396
3.760643812904134,0.8397
3.7606829013884067,0.8398
3.761036700708232,0.8399
3.762307796936854,0.84
3.765973742589727,0.8401
3.7704232326302676,0.8402
3.775479612345435,0.8403
3.7822119777429832,0.8404
3.783207590780967,0.8405
3.7848990736344823,0.8406
3.788368634578772,0.8407
3.7949524214956916,0.8408
3.796741442434117,0.8409
3.809418717538938,0.841
3.8129567157151176,0.8411
3.8183936024188996,0.8412
3.8225418295573443,0.8413
3.826837132687122,0.8414
3.827810077064857,0.8415
3.828906776528433,0.8416
3.8292591375572607,0.8417
3.829693318070657,0.8418
3.8430446423113342,0.8419
3.849067062448338,0.842
3.8509972168691458,0.8421
3.861578056558594,0.8422
3.8621021845243866,0.8423
3.8632877947468316,0.8424
3.8641613794757057,0.8425
3.8674527024496346,0.8426
3.8699854249365626,0.8427
3.870078191590123,0.8428
3.8760026600284503,0.8429
3.881048369675875,0.843
3.8821615688458087,0.8431
3.8863844977878035,0.8432
3.8962183287881342,0.8433
3.9022391317063945,0.8434
3.9056418035952376,0.8435
3.906620880352333,0.8436
3.9097382872402666,0.8437
3.9180969413481654,0.8438
3.9183841589307393,0.8439
3.9267457424148926,0.844
3.928398344025202,0.8441
3.936445655220375,0.8442
3.9380386997133496,0.8443
3.94462047577668,0.8444
3.944704101435654,0.8445
3.957850439064764,0.8446
3.9631058375241235,0.8447
3.9658854529503733,0.8448
3.9661772933375086,0.8449
3.9721455823101106,0.845
3.9770209527572615,0.8451
3.9808007184816523,0.8452
3.9832977973064407,0.8453
3.9833022885471583,0.8454
3.986450118685328,0.8455
3.986745583673939,0.8456
3.9891312257163225,0.8457
3.9919461833126846,0.8458
3.9986770009454333,0.8459
4.023157971786149,0.846
4.025132236267626,0.8461
4.037821395176835,0.8462
4.046796564824693,0.8463
4.0484429556950925,0.8464
4.050154148586653,0.8465
4.0572075519327075,0.8466
4.070454373126477,0.8467
4.072222431740351,0.8468
4.090103227177263,0.8469
4.096536369963549,0.847
4.097797749460862,0.8471
4.09847502077613,0.8472
4.10007839604523,0.8473
4.103970103647375,0.8474
4.105237933318131,0.8475
4.105975755527057,0.8476
4.115636431046761,0.8477
4.116859051610158,0.8478
4.118135466810688,0.8479
4.119390136324242,0.848
4.119740556025878,0.8481
4.1209468203367665,0.8482
4.121304730559514,0.8483
4.1279207871526475,0.8484
4.135721458601207,0.8485
4.140083300299757,0.8486
4.154072254421375,0.8487
4.154786101029441,0.8488
4.156105704403296,0.8489
4.166585304754413,0.849
4.17274702425152,0.8491
4.174075761883891,0.8492
4.184199079390802,0.8493
4.186031989061459,0.8494
4.196703505722061,0.8495
4.199077850449272,0.8496
4.2000687587354335,0.8497
4.206419000619091,0.8498
4.219786479526944,0.8499
4.22038302878011,0.85
4.2264280743967735,0.8501
4.22918830233682,0.8502
4.2433549942588416,0.8503
4.251250901753828,0.8504
4.252563468331284,0.8505
4.253904006184637,0.8506
4.255779337450862,0.8507
4.267627791864425,0.8508
4.2688169266207145,0.8509
4.270561995172502,0.851
4.273177953105234,0.8511
4.288108559098653,0.8512
4.288721082018317,0.8513
4.292199744584039,0.8514
4.29736699946858,0.8515
4.297768829254992,0.8516
4.298461020507105,0.8517
4.306149533336609,0.8518
4.3159230878608295,0.8519
4.3166200478447605,0.852
4.3289578924046825,0.8521
4.336906263044104,0.8522
4.342210613965988,0.8523
4.345832797892578,0.8524
4.353936875820906,0.8525
4.354028418675811,0.8526
4.3568891336023805,0.8527
4.366322830067575,0.8528
4.368188642265647,0.8529
4.372685548354682,0.853
4.373212386463216,0.8531
4.38290080231782,0.8532
4.384856008821912,0.8533
4.38538192390725,0.8534
4.386428789510764,0.8535
4.392024192288146,0.8536
4.395751736420206,0.8537
4.399677263399586,0.8538
4.400129679264686,0.8539
4.409161720092036,0.854
4.409794476334379,0.8541
4.413491594016552,0.8542
4.417789106374607,0.8543
4.431848711406626,0.8544
4.442592974331044,0.8545
4.443362172331475,0.8546
4.461287373308279,0.8547
4.469688535440155,0.8548
4.471561017795279,0.8549
4.4871317008500915,0.855
4.4897517589777705,0.8551
4.490365412466601,0.8552
4.491617146077566,0.8553
4.493527085423656,0.8554
4.49890528903138,0.8555
4.50106970097944,0.8556
4.501898420289159,0.8557
4.504412141584606,0.8558
4.514619278870523,0.8559
4.5170580603791395,0.856
4.525584832905604,0.8561
4.530485308469273,0.8562
4.541290940022467,0.8563
4.552461311054789,0.8564
4.552729536077008,0.8565
4.563903800315037,0.8566
4.565461794241146,0.8567
4.573178145021759,0.8568
4.573684783206135,0.8569
4.585993754602969,0.857
4.588058249680884,0.8571
4.5904034840025005,0.8572
4.596493394106254,0.8573
4.598103969121166,0.8574
4.603048134570568,0.8575
4.609681062058546,0.8576
4.615339958415181,0.8577
4.616425666479953,0.8578
4.629885231747106,0.8579
4.633094050396979,0.858
4.634015817297622,0.8581
4.644131885746121,0.8582
4.65283137882203,0.8583
4.653514877879992,0.8584
4.6536468634832655,0.8585
4.655998027918675,0.8586
4.659374661233648,0.8587
4.6634794493112715,0.8588
4.69015551485885,0.8589
4.69041703693606,0.859
4.694730396533198,0.8591
4.7253717950772485,0.8592
4.732074083643592,0.8593
4.7365211216909815,0.8594
4.736892003107443,0.8595
4.749340588773787,0.8596
4.750747542763689,0.8597
4.754857213508338,0.8598
4.757715414101637,0.8599
4.761814190563559,0.86
4.765985138749704,0.8601
4.770720145757496,0.8602
4.773906460699625,0.8603
4.77625009811148,0.8604
4.787071848657725,0.8605
4.794359290219657,0.8606
4.796788352415897,0.8607
4.800640548192521,0.8608
4.801483463010192,0.8609
4.808606218499132,0.861
4.82113975721821,0.8611
4.825211132784561,0.8612
4.827076368592121,0.8613
4.829885369051993,0.8614
4.831417945475132,0.8615
4.833962100837193,0.8616
4.834442074648105,0.8617
4.840131683751382,0.8618
4.846127700977771,0.8619
4.846408599237167,0.862
4.854766367021576,0.8621
4.875446775887906,0.8622
4.880832299059443,0.8623
4.882109031957015,0.8624
4.893563379550352,0.8625
4.896754217346198,0.8626
4.8975055535467344,0.8627
4.901118890893645,0.8628
4.903969635303318,0.8629
4.911859084596857,0.863
4.916859124849365,0.8631
4.921513075942732,0.8632
4.921908458225616,0.8633
4.940528309534489,0.8634
4.94327041917108,0.8635
4.944157360782847,0.8636
4.945456567024067,0.8637
4.949359313359113,0.8638
4.9509368454884735,0.8639
4.952449599774741,0.864
4.953967455312052,0.8641
4.956715452411958,0.8642
4.958647770819068,0.8643
4.96273931073714,0.8644
4.968869561876357,0.8645
4.996522583919391,0.8646
5.000213728788681,0.8647
5.010723289755733,0.8648
5.01153696420081,0.8649
5.0235133687807245,0.865
5.027290081640706,0.8651
5.028058586795256,0.8652
5.038759335613064,0.8653
5.042138698998839,0.8654
5.042499193905294,0.8655
5.047751574128866,0.8656
5.049281268592737,0.8657
5.055625250206329,0.8658
5.058198239164799,0.8659
5.063684155091085,0.866
5.063714390422404,0.8661
5.063744302429259,0.8662
5.070061725238338,0.8663
5.078468578337877,0.8664
5.078803314213641,0.8665
5.082878961196728,0.8666
5.095321758251823,0.8667
5.098290144550987,0.8668
5.103611762932129,0.8669
5.114204031476565,0.867
5.120680613237433,0.8671
5.129323108099401,0.8672
5.1398035357071095,0.8673
5.140232040600479,0.8674
5.141467988788896,0.8675
5.14992813942656,0.8676
5.1525992675648995,0.8677
5.156155183192714,0.8678
5.160801955397241,0.8679
5.162007553808951,0.868
5.1654950400598345,0.8681
5.1771062128979715,0.8682
5.189096054040268,0.8683
5.190706298271566,0.8684
5.194791512003727,0.8685
5.195375372692384,0.8686
5.207856767271459,0.8687
5.214819079883024,0.8688
5.217095489370077,0.8689
5.221887228684872,0.869
5.232320277287814,0.8691
5.2518505448793995,0.8692
5.253649867829867,0.8693
5.255429555185139,0.8694
5.2564831025719645,0.8695
5.256687879696675,0.8696
5.257878988770022,0.8697
5.262326248415931,0.8698
5.26861758375652,0.8699
5.271213801543229,0.87
5.28178631812837,0.8701
5.30766279773265,0.8702
5.312746169349365,0.8703
5.313648339279182,0.8704
5.322561488621682,0.8705
5.325788127662055,0.8706
5.340275142876617,0.8707
5.353451074694283,0.8708
5.3586203709220515,0.8709
5.361666750077718,0.871
5.370765872395969,0.8711
5.375749023121968,0.8712
5.39515273172725,0.8713
5.396019575188308,0.8714
5.4185206894146285,0.8715
5.421057950273898,0.8716
5.437084946580045,0.8717
5.4389934394653885,0.8718
5.442709822630696,0.8719
5.466382612885349,0.872
5.467364578790032,0.8721
5.472802559978328,0.8722
5.478666894796864,0.8723
5.48194731614571,0.8724
5.4854067090662175,0.8725
5.500992325050756,0.8726
5.5043839195366955,0.8727
5.506386648738386,0.8728
5.510504635607823,0.8729
5.5108125632140785,0.873
5.512432478747517,0.8731
5.513395830136165,0.8732
5.5221627954673025,0.8733
5.527844755723513,0.8734
5.5278846094599,0.8735
5.531212363516353,0.8736
5.5431865292038776,0.8737
5.565698498467169,0.8738
5.573750536676497,0.8739
5.576798935716972,0.874
5.5815065308475855,0.8741
5.5952894768659025,0.8742
5.596802201609686,0.8743
5.598661180191302,0.8744
5.6210452896350995,0.8745
5.621334942074318,0.8746
5.638663020053879,0.8747
5.639054453887604,0.8748
5.643095756243169,0.8749
5.650281741034053,0.875
5.660358370933123,0.8751
5.660774318650743,0.8752
5.668844422549009,0.8753
5.670846990609728,0.8754
5.675518101667239,0.8755
5.678644517993554,0.8756
5.689690411141143,0.8757
5.690793500673399,0.8758
5.69427181596402,0.8759
5.6954887699168175,0.876
5.695773221266642,0.8761
5.711617489241995,0.8762
5.716140564790182,0.8763
5.728363188227639,0.8764
5.7326967076761655,0.8765
5.7339764027250935,0.8766
5.744088828442991,0.8767
5.749233040423506,0.8768
5.749247484019585,0.8769
5.749932812695205,0.877
5.756154481334612,0.8771
5.758760475318879,0.8772
5.759071996985745,0.8773
5.765319289250113,0.8774
5.771969112813473,0.8775
5.78047497742027,0.8776
5.783410906745866,0.8777
5.78438303998746,0.8778
5.787642637205123,0.8779
5.789536465290002,0.878
5.80390347913727,0.8781
5.803971211226843,0.8782
5.807497136936523,0.8783
5.8116947052083905,0.8784
5.8190183705443514,0.8785
5.822641144967638,0.8786
5.834266602340714,0.8787
5.835155078998767,0.8788
5.838079602858983,0.8789
5.838544461982325,0.879
5.839899611369893,0.8791
5.8399664541715754,0.8792
5.8434323577784,0.8793
5.844810979607888,0.8794
5.8486230534274135,0.8795
5.850948238930665,0.8796
5.866769923514128,0.8797
5.870816085013561,0.8798
5.870917590349539,0.8799
5.877753487661296,0.88
5.893857603888586,0.8801
5.894593177532964,0.8802
5.90074328483548,0.8803
5.903161389814317,0.8804
5.905952416872606,0.8805
5.908673207344674,0.8806
5.911003190443106,0.8807
5.916766960892826,0.8808
5.923850231184437,0.8809
5.926136997703463,0.881
5.943148575880375,0.8811
5.960710780438967,0.8812
5.9630482073351745,0.8813
5.966460855727082,0.8814
5.9702743957016615,0.8815
5.972114131505416,0.8816
5.978251454630122,0.8817
5.981740156973898,0.8818
5.9861427096527065,0.8819
5.987670441807433,0.882
5.991508416450955,0.8821
6.00618148820512,0.8822
6.010208623123728,0.8823
6.014776995853521,0.8824
6.015272360845842,0.8825
6.028712697351538,0.8826
6.032184671436064,0.8827
6.036206479544005,0.8828
6.049440252391063,0.8829
6.0494730469102045,0.883
6.0498661117617045,0.8831
6.0506828642819075,0.8832
6.057587486348861,0.8833
6.057649289144948,0.8834
6.060479545833725,0.8835
6.073710261253081,0.8836
6.084694370945357,0.8837
6.086768758992479,0.8838
6.11793362861853,0.8839
6.122164664728567,0.884
6.123406830977835,0.8841
6.1300125342333684,0.8842
6.13104960088078,0.8843
6.132860338465311,0.8844
6.147779409952462,0.8845
6.154687320600637,0.8846
6.158356462890655,0.8847
6.185210401538573,0.8848
6.187389139661752,0.8849
6.206431219611876,0.885
6.212741775246151,0.8851
6.213196130855194,0.8852
6.2158958163935685,0.8853
6.216574673011899,0.8854
6.224487539310195,0.8855
6.230867309410685,0.8856
6.235512031704929,0.8857
6.247099108844809,0.8858
6.248574679990299,0.8859
6.249996335864067,0.886
6.252306052062847,0.8861
6.253548520861566,0.8862
6.258141622986272,0.8863
6.268686396892927,0.8864
6.280864926631752,0.8865
6.293733004347794,0.8866
6.294752879281528,0.8867
6.299356052854659,0.8868
6.302763649848104,0.8869
6.303000448725746,0.887
6.309210180637427,0.8871
6.316113606757855,0.8872
6.3204686126355085,0.8873
6.330599475095049,0.8874
6.342365586076118,0.8875
6.350802951486782,0.8876
6.363224922973663,0.8877
6.368314536940679,0.8878
6.3826076725367455,0.8879
6.3850732675161215,0.888
6.387466121620313,0.8881
6.388567490112596,0.8882
6.3934216704010955,0.8883
6.419640204914286,0.8884
6.4380889123611125,0.8885
6.440910316173546,0.8886
6.449409633512982,0.8887
6.451756795515307,0.8888
6.454889645347372,0.8889
6.459941793496907,0.889
6.463026261045412,0.8891
6.463408213463053,0.8892
6.4663846638662745,0.8893
6.48546769642029,0.8894
6.49378983342424,0.8895
6.499176147069967,0.8896
6.507365561555139,0.8897
6.521495893491782,0.8898
6.525799795580283,0.8899
6.530418326849676,0.89
6.530981739998795,0.8901
6.537351527433097,0.8902
6.55359137024805,0.8903
6.572037547846511,0.8904
6.589450099585578,0.8905
6.5905580433499065,0.8906
6.593085246256365,0.8907
6.598745744474417,0.8908
6.610117200327292,0.8909
6.612713401015476,0.891
6.623217923858017,0.8911
6.632530005357786,0.8912
6.642381765876152,0.8913
6.643029621060938,0.8914
6.645054528518578,0.8915
6.650951755984873,0.8916
6.655421734249592,0.8917
6.658247309730761,0.8918
6.6746568275157365,0.8919
6.685511246292293,0.892
6.706392938970029,0.8921
6.724026841633581,0.8922
6.7299913841245695,0.8923
6.73602999013178,0.8924
6.744607315686718,0.8925
6.749024298099988,0.8926
6.751425421641022,0.8927
6.753071761894786,0.8928
6.754066843266785,0.8929
6.757661688576267,0.893
6.77270599629376,0.8931
6.775305378766358,0.8932
6.781342391980626,0.8933
6.783795366745814,0.8934
6.804323216676527,0.8935
6.805199317687937,0.8936
6.829842212830111,0.8937
6.8343537655480215,0.8938
6.83972151126396,0.8939
6.846991127370304,0.894
6.855534114191307,0.8941
6.858130046746693,0.8942
6.876966254284791,0.8943
6.879379223366081,0.8944
6.886828663319349,0.8945
6.890218643975259,0.8946
6.898246428084746,0.8947
6.905023884570972,0.8948
6.923092775300703,0.8949
6.924344290260225,0.895
6.927488067324647,0.8951
6.941035012694075,0.8952
6.946224468016997,0.8953
6.951579066408052,0.8954
6.966491381630301,0.8955
6.973034983503074,0.8956
6.977383197207935,0.8957
7.000130825840682,0.8958
7.011428538483381,0.8959
7.0128339332409215,0.896
7.016988087203912,0.8961
7.0171129700923345,0.8962
7.0232012629592795,0.8963
7.034421362749861,0.8964
7.03839084783867,0.8965
7.040414900710993,0.8966
7.0440739515295245,0.8967
7.08112865133863,0.8968
7.081424435304478,0.8969
7.0829387340299785,0.897
7.109393774828313,0.8971
7.113832304986383,0.8972
7.114079030636138,0.8973
7.117713218975812,0.8974
7.118341538976319,0.8975
7.119089751606992,0.8976
7.122421017806792,0.8977
7.12352307772804,0.8978
7.14271888399031,0.8979
7.144418211138805,0.898
7.14841235022191,0.8981
7.157142887661047,0.8982
7.160346302635037,0.8983
7.1613654654348275,0.8984
7.165125291506946,0.8985
7.16854471246451,0.8986
7.174865827458724,0.8987
7.181891511876695,0.8988
7.199071047720507,0.8989
7.204341473672166,0.899
7.207893820577859,0.8991
7.209279417646677,0.8992
7.210303176347912,0.8993
7.218189923842437,0.8994
7.225318956457451,0.8995
7.232564564902894,0.8996
7.238255405740812,0.8997
7.244749991232902,0.8998
7.274289392149821,0.8999
7.293631050484814,0.9
7.301505663745478,0.9001
7.307812331415899,0.9002
7.328755215951428,0.9003
7.341779635819607,0.9004
7.360256873843261,0.9005
7.361888709241525,0.9006
7.3678950316166505,0.9007
7.368340269229375,0.9008
7.37080177738145,0.9009
7.389743476793356,0.901
7.389979518112353,0.9011
7.396056576151215,0.9012
7.399246309080162,0.9013
7.40170997353848,0.9014
7.406474020780251,0.9015
7.411355389502831,0.9016
7.4159701435513785,0.9017
7.41765079753194,0.9018
7.426466144287214,0.9019
7.445554565797002,0.902
7.449799040600471,0.9021
7.4532449432127175,0.9022
7.47579292138815,0.9023
7.478541185842081,0.9024
7.484131398287975,0.9025
7.5112229720179,0.9026
7.512711525340006,0.9027
7.5144163858937105,0.9028
7.5284278733113785,0.9029
7.532852081954665,0.903
7.535125583336502,0.9031
7.542816503456419,0.9032
7.5508095922971155,0.9033
7.551036095116474,0.9034
7.561652156296,0.9035
7.5782153053041545,0.9036
7.578846033018082,0.9037
7.596616911217198,0.9038
7.604660129116661,0.9039
7.605460270574503,0.904
7.611007304250264,0.9041
7.623075856823288,0.9042
7.6426091706438,0.9043
7.652380804100632,0.9044
7.67659822093416,0.9045
7.696509468355402,0.9046
7.697863686390034,0.9047
7.717119363787026,0.9048
7.721279984133504,0.9049
7.722714516615495,0.905
7.726574091232382,0.9051
7.731736223967745,0.9052
7.733568410419484,0.9053
7.737112113583088,0.9054
7.750023929163069,0.9055
7.770979430076668,0.9056
7.778063936392033,0.9057
7.7830710683651265,0.9058
7.7877092848878355,0.9059
7.800730392613448,0.906
7.822257006311416,0.9061
7.825921759963408,0.9062
7.83048645048011,0.9063
7.836024072819762,0.9064
7.8381505818659445,0.9065
7.8422280810160565,0.9066
7.848741306019205,0.9067
7.850721638445184,0.9068
7.856042699773796,0.9069
7.859331107898988,0.907
7.863624251545965,0.9071
7.8782301132665955,0.9072
7.88322508002743,0.9073
7.888040056054853,0.9074
7.891837613361887,0.9075
7.900886490701325,0.9076
7.902430746762269,0.9077
7.9027028844896705,0.9078
7.915950953923725,0.9079
7.9197515910442915,0.908
7.926069826132804,0.9081
7.939719620693475,0.9082
7.944612786996737,0.9083
7.963332798131368,0.9084
7.966709619704262,0.9085
7.978116065238789,0.9086
7.980256498834482,0.9087
7.998943538477831,0.9088
8.003143863926642,0.9089
8.004129396330939,0.909
8.014845992116816,0.9091
8.036664190780558,0.9092
8.040193011000195,0.9093
8.05366257823538,0.9094
8.058902554303408,0.9095
8.063250571235082,0.9096
8.063840095506048,0.9097
8.06826850481462,0.9098
8.069373177699186,0.9099
8.072238430768065,0.91
8.072549316055142,0.9101
8.07481845606845,0.9102
8.082712905859017,0.9103
8.084570850132033,0.9104
8.089763692347518,0.9105
8.099532803850622,0.9106
8.104689121845738,0.9107
8.116213386221789,0.9108
8.127828556311876,0.9109
8.135875519917906,0.911
8.141689829776995,0.9111
8.143928471104802,0.9112
8.155438305591233,0.9113
8.158529642339051,0.9114
8.190884694726952,0.9115
8.217241914411447,0.9116
8.228742799056509,0.9117
8.243189219285174,0.9118
8.245531059873851,0.9119
8.258381413719246,0.912
8.269242720648647,0.9121
8.28466849343218,0.9122
8.290009311185962,0.9123
8.328630938337184,0.9124
8.372783476757073,0.9125
8.373849839485251,0.9126
8.37756444882732,0.9127
8.385288802772017,0.9128
8.386719072227551,0.9129
8.398605545296334,0.913
8.399245533441192,0.9131
8.403111015412213,0.9132
8.404514316892437,0.9133
8.408753420432658,0.9134
8.420013591273689,0.9135
8.424209246400185,0.9136
8.426042014069855,0.9137
8.429068098005468,0.9138
8.429636906534434,0.9139
8.441802711707913,0.914
8.444253136086278,0.9141
8.461715013707801,0.9142
8.47007124912813,0.9143
8.488330196262895,0.9144
8.49075232821051,0.9145
8.499245402752049,0.9146
8.500330245181175,0.9147
8.507350103596037,0.9148
8.526654664050032,0.9149
8.555477379707247,0.915
8.556462290443854,0.9151
8.562131689213402,0.9152
8.571548686619105,0.9153
8.58638536290396,0.9154
8.592865758178197,0.9155
8.595025859291107,0.9156
8.61058319827337,0.9157
8.614825882028974,0.9158
8.62165658416506,0.9159
8.622541686595978,0.916
8.626524422333205,0.9161
8.629355007821694,0.9162
8.63395132045634,0.9163
8.647809395380317,0.9164
8.684478037796543,0.9165
8.71626273138821,0.9166
8.72833853832744,0.9167
8.73157540034931,0.9168
8.74026518918276,0.9169
8.740275458432547,0.917
8.790797130165247,0.9171
8.804883359714411,0.9172
8.811840745322964,0.9173
8.815540730981157,0.9174
8.831358954838665,0.9175
8.85019253690373,0.9176
8.912598035017401,0.9177
8.916720800361967,0.9178
8.966493207375704,0.9179
8.967436067422852,0.918
8.974970980369113,0.9181
8.977696025402473,0.9182
8.978896236007845,0.9183
9.033016436372884,0.9184
9.039537467418238,0.9185
9.040493531172908,0.9186
9.068747467339039,0.9187
9.073200177130849,0.9188
9.073516477006114,0.9189
9.086199499117589,0.919
9.131813882732391,0.9191
9.133100117553957,0.9192
9.156380288373866,0.9193
9.15731079255268,0.9194
9.175592037438975,0.9195
9.177142231336981,0.9196
9.185407800909875,0.9197
9.188704348233902,0.9198
9.213778285403363,0.9199
9.22498356489446,0.92
9.234483478970084,0.9201
9.239751636212134,0.9202
9.26390292043872,0.9203
9.271222206357121,0.9204
9.294891101858205,0.9205
9.322450390665047,0.9206
9.338368507448026,0.9207
9.344744607439637,0.9208
9.360182615222783,0.9209
9.362078199162148,0.921
9.384300498159417,0.9211
9.388221181341446,0.9212
9.388377064893207,0.9213
9.42033531849999,0.9214
9.433866023067756,0.9215
9.436741111794301,0.9216
9.459133569963837,0.9217
9.480748007687552,0.9218
9.486105228802375,0.9219
9.491694205111077,0.922
9.49589857130237,0.9221
9.503332204415651,0.9222
9.506466715750474,0.9223
9.509359075367264,0.9224
9.53349601627998,0.9225
9.549260048474931,0.9226
9.550058217700386,0.9227
9.557599465159512,0.9228
9.563944550203159,0.9229
9.580665166643636,0.923
9.599203624107876,0.9231
9.600012024440801,0.9232
9.619851273750141,0.9233
9.635482906498947,0.9234
9.671899392678402,0.9235
9.711202659450842,0.9236
9.726800448317453,0.9237
9.732906771808862,0.9238
9.73420053330604,0.9239
9.736586862778477,0.924
9.752072259534897,0.9241
9.75691056756824,0.9242
9.790225804466381,0.9243
9.799593756071852,0.9244
9.830271419752762,0.9245
9.874187649085746,0.9246
9.875948527956382,0.9247
9.886491035474652,0.9248
9.898481856957078,0.9249
9.901090530247428,0.925
9.930549902580118,0.9251
9.962238413957879,0.9252
9.963728142966517,0.9253
9.968094098289683,0.9254
9.986719076504745,0.9255
10.01330760686528,0.9256
10.024676675228216,0.9257
10.0387847823821,0.9258
10.04069853810277,0.9259
10.086251461187741,0.926
10.093312496969105,0.9261
10.110094411170852,0.9262
10.116418687144295,0.9263
10.120996575212851,0.9264
10.139945851771161,0.9265
10.15286779383123,0.9266
10.15568232757263,0.9267
10.168489672253093,0.9268
10.181909796126376,0.9269
10.19340620340854,0.927
10.249329994332792,0.9271
10.283821548644454,0.9272
10.327602292252147,0.9273
10.349887832101993,0.9274
10.352429671072215,0.9275
10.360501415555365,0.9276
10.38764861812871,0.9277
10.394265132042579,0.9278
10.410318173635192,0.9279
10.427363780543581,0.928
10.427984496505001,0.9281
10.456322806033864,0.9282
10.51289760907907,0.9283
10.527532090237925,0.9284
10.53522073732596,0.9285
10.561913311906904,0.9286
10.59149759590756,0.9287
10.62085816860702,0.9288
10.631633987733164,0.9289
10.644268832789361,0.929
10.688272083278374,0.9291
10.709453855746238,0.9292
10.741820210812614,0.9293
10.744336067819596,0.9294
10.745638070488909,0.9295
10.754293683790602,0.9296
10.794548211903868,0.9297
10.803535417300278,0.9298
10.804158542797342,0.9299
10.835988771689685,0.93
10.84606226607263,0.9301
10.849741395497134,0.9302
10.86603516012244,0.9303
10.872979480238445,0.9304
10.895274561345577,0.9305
10.895839744196644,0.9306
10.898552626258134,0.9307
10.906850007103944,0.9308
10.925453974705562,0.9309
10.97309611442611,0.931
10.98626792299077,0.9311
10.99809604096189,0.9312
11.000925451858901,0.9313
11.028694706139152,0.9314
11.056738846477119,0.9315
11.06824454577137,0.9316
11.089161829481833,0.9317
11.102195032366364,0.9318
11.123634852831625,0.9319
11.130513089639695,0.932
11.145091002271323,0.9321
11.145985414373317,0.9322
11.149772350175677,0.9323
11.174440732482076,0.9324
11.193782051833905,0.9325
11.203521982121096,0.9326
11.233455357585289,0.9327
11.239142002151347,0.9328
11.241235194008611,0.9329
11.293881498226337,0.933
11.323047176562628,0.9331
11.338352465708182,0.9332
11.344521823347174,0.9333
11.35070733679924,0.9334
11.35565296736397,0.9335
11.37651079738643,0.9336
11.385411208711378,0.9337
11.390347030173428,0.9338
11.395240791410767,0.9339
11.396151678860374,0.934
11.42335881940797,0.9341
11.48227390574757,0.9342
11.48378476103805,0.9343
11.52352013453841,0.9344
11.556417824852094,0.9345
11.560035181413216,0.9346
11.579736487225256,0.9347
11.623220009786637,0.9348
11.695050662816312,0.9349
11.771450290353968,0.935
11.778131480013952,0.9351
11.782646460098215,0.9352
11.80693671795521,0.9353
11.808220882538148,0.9354
11.815911551379786,0.9355
11.849900697939656,0.9356
11.863395334791765,0.9357
11.877653591649793,0.9358
11.988044367712922,0.9359
12.006330894341135,0.936
12.04296375818979,0.9361
12.062093493078835,0.9362
12.081827347804046,0.9363
12.083709130508824,0.9364
12.099381702355295,0.9365
12.114218105419166,0.9366
12.153202884009293,0.9367
12.162002030659652,0.9368
12.172827714539318,0.9369
12.185452550509572,0.937
12.188764454034715,0.9371
12.199674320429562,0.9372
12.213099677244386,0.9373
12.214938649296574,0.9374
12.228080048050916,0.9375
12.247178590656445,0.9376
12.26609810366202,0.9377
12.2700946891794,0.9378
12.301457703741455,0.9379
12.30350486065764,0.938
12.320585082704946,0.9381
12.389367443182133,0.9382
12.390670102635028,0.9383
12.397773555400036,0.9384
12.421245081116446,0.9385
12.472226567807235,0.9386
12.477398592076822,0.9387
12.489097879003733,0.9388
12.538387345048784,0.9389
12.55818721730858,0.939
12.601965946292502,0.9391
12.614935630795173,0.9392
12.621952571995184,0.9393
12.687788980455883,0.9394
12.700634153689073,0.9395
12.717416500372812,0.9396
12.719638429872505,0.9397
12.732649132487923,0.9398
12.754022667282074,0.9399
12.78366007097941,0.94
12.785032209570893,0.9401
12.79744161803741,0.9402
12.832201560510883,0.9403
12.846030454772897,0.9404
12.898964001901076,0.9405
12.924001037827134,0.9406
12.925636450383069,0.9407
12.977397756935098,0.9408
12.987178507760726,0.9409
13.001341758640855,0.941
13.018192388682067,0.9411
13.077166154472158,0.9412
13.094551380018888,0.9413
13.107763312616946,0.9414
13.110993104153124,0.9415
13.145317139778657,0.9416
13.1586054372035,0.9417
13.158689872142112,0.9418
13.162912611716237,0.9419
13.163905249035917,0.942
13.187287174930237,0.9421
13.19466303400509,0.9422
13.235266919650881,0.9423
13.238264156660996,0.9424
13.300025991515257,0.9425
13.336882919193618,0.9426
13.363693996167742,0.9427
13.378521599111707,0.9428
13.382543125415594,0.9429
13.4244668820519,0.943
13.522370112777317,0.9431
13.522556482884475,0.9432
13.586978425427155,0.9433
13.615052080366572,0.9434
13.662461710627937,0.9435
13.73892492924761,0.9436
13.775305529363639,0.9437
13.794471612077393,0.9438
13.814989173389039,0.9439
13.829010373403506,0.944
13.834902131698094,0.9441
13.868575592047348,0.9442
13.882543779500574,0.9443
13.904977074378916,0.9444
13.923465287314727,0.9445
13.979267496315762,0.9446
13.996397844765706,0.9447
14.003731596829372,0.9448
14.037940640570222,0.9449
14.040797875301354,0.945
14.070029551526158,0.9451
14.070761997527628,0.9452
14.095170193786362,0.9453
14.10030829395186,0.9454
14.104456863881461,0.9455
14.10475536403712,0.9456
14.109129215831683,0.9457
14.11335939609837,0.9458
14.128417692364007,0.9459
14.144566512187753,0.946
14.188863055162132,0.9461
14.19962523552887,0.9462
14.20215830020532,0.9463
14.235319415466103,0.9464
14.27180649115611,0.9465
14.274782769781352,0.9466
14.278832259108311,0.9467
14.320200935780987,0.9468
14.326051923957449,0.9469
14.329391616085545,0.947
14.358943953071908,0.9471
14.439070791345271,0.9472
14.465367384713328,0.9473
14.467817668256723,0.9474
14.470991153472102,0.9475
14.480775718943216,0.9476
14.524654004865138,0.9477
14.56359611984454,0.9478
14.565217188753001,0.9479
14.621989059048147,0.948
14.653741531633212,0.9481
14.669542880146018,0.9482
14.674027912462503,0.9483
14.728583401433568,0.9484
14.742525147320888,0.9485
14.781236081168242,0.9486
14.845475983770378,0.9487
14.858478927160803,0.9488
14.881741562422551,0.9489
14.900565173424036,0.949
14.930961647631973,0.9491
14.932163622139022,0.9492
14.95425159771815,0.9493
14.95861845228486,0.9494
14.992367692386544,0.9495
15.016710369005054,0.9496
15.022169766571746,0.9497
15.060967669254167,0.9498
15.067686543244127,0.9499
15.108020742470028,0.95
15.216594608173706,0.9501
15.23984330115281,0.9502
15.272417352728358,0.9503
15.301098430193774,0.9504
15.318759562823919,0.9505
15.405335115471482,0.9506
15.415098585810698,0.9507
15.435416908777134,0.9508
15.440115377459302,0.9509
15.443837582320533,0.951
15.459728663208894,0.9511
15.46813803193979,0.9512
15.47850019561406,0.9513
15.500411602868512,0.9514
15.503061172966472,0.9515
15.505638951671497,0.9516
15.523490558702497,0.9517
15.558206151412055,0.9518
15.589994065569341,0.9519
15.618121825876461,0.952
15.619570504711012,0.9521
15.642937614343687,0.9522
15.67705481275376,0.9523
15.703414973445051,0.9524
15.713506542826629,0.9525
15.775439422007278,0.9526
15.817484449179844,0.9527
15.881632667584531,0.9528
15.921833768648096,0.9529
15.931907683101855,0.953
15.996944540063295,0.9531
16.052637683364004,0.9532
16.06909434312656,0.9533
16.069376327955165,0.9534
16.07617458209116,0.9535
16.089759964104744,0.9536
16.112840954504907,0.9537
16.12448151728455,0.9538
16.20384468238894,0.9539
16.206154596583172,0.954
16.231218879351765,0.9541
16.23219106681645,0.9542
16.249505095000565,0.9543
16.260346907849236,0.9544
16.280653157935852,0.9545
16.326498049943893,0.9546
16.3374333066741,0.9547
16.38226717824676,0.9548
16.39959893486611,0.9549
16.415935293556565,0.955
16.440681989670733,0.9551
16.532390728577973,0.9552
16.62778064077273,0.9553
16.640520638811218,0.9554
16.647527898318135,0.9555
16.70976060287822,0.9556
16.71025741632152,0.9557
16.723113325068727,0.9558
16.798835178142415,0.9559
16.81732554805074,0.956
16.84868663769141,0.9561
16.874860565937865,0.9562
16.940904245021382,0.9563
16.990230089731515,0.9564
17.162302414266765,0.9565
17.1895385657439,0.9566
17.20079594450239,0.9567
17.238756344060224,0.9568
17.258310333113375,0.9569
17.32810247487109,0.957
17.3430674939448,0.9571
17.40336312004365,0.9572
17.40940585666783,0.9573
17.451401153528874,0.9574
17.50514258274436,0.9575
17.54186397651471,0.9576
17.600768395107238,0.9577
17.643756101063268,0.9578
17.704213290121594,0.9579
17.73630167170409,0.958
17.755772563578375,0.9581
17.77130794053152,0.9582
17.794005605210735,0.9583
17.7988918366313,0.9584
17.819256763040833,0.9585
17.835544041072573,0.9586
17.83726444561053,0.9587
17.90258068744428,0.9588
17.926058358988726,0.9589
17.947547285235487,0.959
17.957381578291766,0.9591
18.045112199381364,0.9592
18.07874525885582,0.9593
18.172385195095654,0.9594
18.196164725541138,0.9595
18.249108390034923,0.9596
18.26276461530682,0.9597
18.28636181340795,0.9598
18.33856692217681,0.9599
18.39473727042656,0.96
18.493795168275383,0.9601
18.500277328576708,0.9602
18.683955387935043,0.9603
18.7021457980413,0.9604
18.72157076886073,0.9605
18.75168440023754,0.9606
18.765678191677853,0.9607
18.82983420794383,0.9608
18.85060885235891,0.9609
18.915876120074653,0.961
18.947013744481467,0.9611
18.951305407989395,0.9612
18.972424507230333,0.9613
19.027049601147695,0.9614
19.034836052515914,0.9615
19.04560530181769,0.9616
19.139235913330502,0.9617
19.21055218781233,0.9618
19.213583452383986,0.9619
19.2539986619141,0.962
19.429484824829174,0.9621
19.475649191004035,0.9622
19.49536921557784,0.9623
19.579627431543543,0.9624
19.588504563103058,0.9625
19.649919223655576,0.9626
19.767794774911927,0.9627
19.781519640795327,0.9628
19.796498064419254,0.9629
19.84840994677674,0.963
19.863726089165358,0.9631
19.882521079114078,0.9632
19.916175397673808,0.9633
20.012250277670102,0.9634
20.06206487012822,0.9635
20.074904519714604,0.9636
20.129744026602992,0.9637
20.242973773369567,0.9638
20.257852682422847,0.9639
20.328310046593288,0.964
20.34608332967721,0.9641
20.353786973602883,0.9642
20.38942390368786,0.9643
20.45796439307425,0.9644
20.54180973852575,0.9645
20.55695602920391,0.9646
20.58132091911547,0.9647
20.582720909024033,0.9648
20.596152250386403,0.9649
20.945450297024845,0.965
21.156486886089297,0.9651
21.227505874017258,0.9652
21.246254992498642,0.9653
21.277080761804246,0.9654
21.286887229971214,0.9655
21.394760547593236,0.9656
21.4669201855883,0.9657
21.52592560338881,0.9658
21.548051351469194,0.9659
21.626324114036187,0.966
21.748537789076195,0.9661
21.942643067815897,0.9662
21.946845695696958,0.9663
22.014545034779236,0.9664
22.247875661851467,0.9665
22.257596674161405,0.9666
22.379418572687545,0.9667
22.439263883215002,0.9668
22.54305713489,0.9669
22.628618139667065,0.967
22.633959980804843,0.9671
22.858979330731742,0.9672
22.97164864024557,0.9673
23.066904095442965,0.9674
23.10477598456722,0.9675
23.151733799881114,0.9676
23.206520977029015,0.9677
23.27521384643242,0.9678
23.319174154591558,0.9679
23.375535859558912,0.968
23.39226873758342,0.9681
23.523384616294877,0.9682
23.64120719052013,0.9683
23.70572549544498,0.9684
23.715234155763497,0.9685
23.743100154215657,0.9686
23.9169840189524,0.9687
24.052718160036207,0.9688
24.10423511124607,0.9689
24.505247355636765,0.969
24.68601257712208,0.9691
24.724629030641353,0.9692
24.739093057011253,0.9693
24.79913527890332,0.9694
24.91997633650694,0.9695
24.966979022056424,0.9696
25.140545487517866,0.9697
25.189493406767586,0.9698
25.227551330513318,0.9699
25.239559716435334,0.97
25.345323336024396,0.9701
25.371936664826606,0.9702
25.400305512219852,0.9703
25.411175725446267,0.9704
25.578880945040655,0.9705
25.86961391856875,0.9706
26.00146540936399,0.9707
26.049837303577732,0.9708
26.11037216636818,0.9709
26.146927771229667,0.971
26.15164689031262,0.9711
26.15615485744905,0.9712
26.274522980174236,0.9713
26.324659483113326,0.9714
26.412666300903815,0.9715
26.79141007227805,0.9716
26.84336639726926,0.9717
26.93064460454565,0.9718
27.019163910872116,0.9719
27.32985605363715,0.972
27.400337311043593,0.9721
27.458421119558253,0.9722
27.61109211712348,0.9723
27.835364989549106,0.9724
27.868327867225002,0.9725
27.872628945736214,0.9726
28.108030074083246,0.9727
28.273844213847443,0.9728
28.372455677056315,0.9729
28.394938914895246,0.973
28.496015817060137,0.9731
28.637395089410056,0.9732
29.003237283424102,0.9733
29.050804167839885,0.9734
29.08833219573088,0.9735
29.090558459679972,0.9736
29.224862697725374,0.9737
29.26541860110182,0.9738
29.335741692915747,0.9739
29.365358086375704,0.974
29.398338639810493,0.9741
29.59715742368866,0.9742
29.615619695146012,0.9743
29.64232419220079,0.9744
29.66941370768156,0.9745
29.81602399242651,0.9746
29.884582223968955,0.9747
30.4270842838414,0.9748
30.440218645924332,0.9749
30.452895164014954,0.975
30.552190024390264,0.9751
30.634531118824146,0.9752
30.839674271870035,0.9753
30.875567281809637,0.9754
30.929151388281586,0.9755
31.02385365635064,0.9756
31.053845651532335,0.9757
31.138168437445167,0.9758
31.384571356426367,0.9759
31.68854960100296,0.976
31.81314246727321,0.9761
32.05416282719113,0.9762
32.68824268950689,0.9763
33.30419591447208,0.9764
33.32894893457014,0.9765
33.60598233968429,0.9766
33.75162354422119,0.9767
34.051866438101236,0.9768
34.12312433788981,0.9769
34.365944752906266,0.977
34.440956243946964,0.9771
34.52945976980925,0.9772
34.59150852211192,0.9773
34.60207273071018,0.9774
34.64285727508162,0.9775
34.943813672390206,0.9776
35.22755280490369,0.9777
35.39860864563379,0.9778
35.66135635834169,0.9779
35.91269269114322,0.978
35.93262343765106,0.9781
36.028320720423196,0.9782
36.47978871560097,0.9783
36.51468477984722,0.9784
36.544212132080645,0.9785
36.67587269194498,0.9786
36.99349127403889,0.9787
37.0303797594348,0.9788
37.203330135102014,0.9789
37.40176360905357,0.979
37.531901334445365,0.9791
38.14736729251184,0.9792
38.36212882750612,0.9793
38.692816807004995,0.9794
38.92947008711956,0.9795
39.35656146911904,0.9796
39.46592600854709,0.9797
39.745307434658706,0.9798
40.12643637830056,0.9799
40.278098611548174,0.98
40.99546323481836,0.9801
41.125771886562745,0.9802
41.62113999109324,0.9803
41.66419541509208,0.9804
41.84780563641396,0.9805
42.42419833011199,0.9806
42.55804102888667,0.9807
43.6285792316515,0.9808
43.6868574096404,0.9809
43.80503189370632,0.981
44.17684676167555,0.9811
44.39216341735553,0.9812
44.427131056455714,0.9813
44.61184372701961,0.9814
45.047367421972005,0.9815
46.430402500815504,0.9816
47.07465573096703,0.9817
47.951159476263825,0.9818
48.01991278066933,0.9819
48.20914181388878,0.982
48.74235393713117,0.9821
49.28275389382224,0.9822
50.71620098527745,0.9823
51.31339679351542,0.9824
51.8659555564044,0.9825
52.0248328625286,0.9826
52.16905695456136,0.9827
52.54207652444707,0.9828
52.73545893004237,0.9829
53.81238232727367,0.983
56.89004330733214,0.9831
56.910262620077646,0.9832
57.43341629176828,0.9833
59.8558628424136,0.9834
60.883209813881294,0.9835
60.95277175294012,0.9836
63.21776392474324,0.9837
63.40159434024934,0.9838
65.44303778775631,0.9839
66.62764774974771,0.984
67.350142756911,0.9841
68.0923623216249,0.9842
68.52932488526069,0.9843
68.62675798518602,0.9844
69.76873921685704,0.9845
70.75722759960647,0.9846
71.39662750906757,0.9847
71.45714975404739,0.9848
72.30908908894193,0.9849
72.49764682787135,0.985
72.61072815395407,0.9851
72.61124496705288,0.9852
72.87102868911381,0.9853
73.75498608844615,0.9854
74.87049807999878,0.9855
75.31256606149748,0.9856
78.58173660089895,0.9857
78.94385908965842,0.9858
79.45071733367071,0.9859
79.59075784142782,0.986
80.19186804779488,0.9861
80.50675076883267,0.9862
80.59878410517331,0.9863
82.20307295614424,0.9864
83.22847954723649,0.9865
83.50974146154039,0.9866
86.59287983200588,0.9867
87.29268075447773,0.9868
88.94423394862115,0.9869
89.24833964561113,0.987
89.57607263320536,0.9871
90.23682056923565,0.9872
90.70120260780995,0.9873
92.6970003713824,0.9874
92.78970992237645,0.9875
94.08628811400068,0.9876
95.02026767002643,0.9877
96.2833756940728,0.9878
96.31039599021096,0.9879
98.08628251502161,0.988
99.65062525148375,0.9881
100.80119508930184,0.9882
102.18600372030419,0.9883
102.60519853661248,0.9884
103.6272044841515,0.9885
104.05693930115682,0.9886
104.63181049109902,0.9887
105.0872593321247,0.9888
105.26431737713217,0.9889
105.56584049648866,0.989
106.60975574640688,0.9891
107.24896494626944,0.9892
107.70825534030143,0.9893
109.2727285472097,0.9894
109.5423462212447,0.9895
110.10132765577194,0.9896
111.16747563078347,0.9897
112.23122392128464,0.9898
113.04196726520304,0.9899
113.1734894711189,0.99
113.35191785593777,0.9901
113.6403663951747,0.9902
114.20038389155063,0.9903
114.21103099064285,0.9904
114.88464121862259,0.9905
114.9465517643582,0.9906
117.70848631473203,0.9907
121.38958376308531,0.9908
121.66590357325319,0.9909
122.50533577344996,0.991
126.61273532538507,0.9911
129.1619711330276,0.9912
130.46095511831007,0.9913
132.69179684404935,0.9914
134.16393296978436,0.9915
137.13679477698992,0.9916
139.092859559612,0.9917
139.5007604089774,0.9918
140.2409432517672,0.9919
140.47674106861766,0.992
142.47546366591527,0.9921
144.90241181477663,0.9922
145.74256048926432,0.9923
146.22722881146018,0.9924
147.23540773668572,0.9925
151.0117623023091,0.9926
152.40182100686803,0.9927
153.4056998650143,0.9928
154.63475161231662,0.9929
157.2960549550021,0.993
157.79392802764366,0.9931
158.99308488192315,0.9932
167.97547699153367,0.9933
175.56522154577823,0.9934
176.13180678280222,0.9935
176.99344830205462,0.9936
178.40703298366907,0.9937
179.14880089747703,0.9938
181.94445384680648,0.9939
183.6368650599787,0.994
186.58897059831247,0.9941
188.68923244892602,0.9942
188.69290755764973,0.9943
189.49096258885413,0.9944
190.22930836010073,0.9945
191.00987597169635,0.9946
191.45728630770873,0.9947
196.5642880727602,0.9948
198.0865036868062,0.9949
201.4104056423638,0.995
201.75092136771138,0.9951
202.3344169651348,0.9952
202.95394379454385,0.9953
203.19158611723034,0.9954
203.4775083130792,0.9955
204.1385572837619,0.9956
204.3041972739864,0.9957
204.4452041763179,0.9958
206.04530757103396,0.9959
206.57643989246526,0.996
206.59704729839788,0.9961
207.9256200250756,0.9962
208.0952325470697,0.9963
208.1663612484373,0.9964
208.86689918948804,0.9965
209.37686525272764,0.9966
209.93847193383797,0.9967
210.32952015243842,0.9968
210.86937336500324,0.9969
211.088786015841,0.997
211.13232945355065,0.9971
212.39345518392938,0.9972
213.14658366501743,0.9973
213.36813804948963,0.9974
213.6119484141711,0.9975
213.7470163643714,0.9976
213.8692350878615,0.9977
213.87998567895332,0.9978
214.0307622349698,0.9979
214.14392164363673,0.998
214.16046574332154,0.9981
214.16882281631285,0.9982
214.26505283057077,0.9983
214.34128001719378,0.9984
214.66385767736006,0.9985
214.92344174719173,0.9986
214.9918862158334,0.9987
214.99195716369786,0.9988
215.12479822093658,0.9989
215.13133312555888,0.999
215.22251055487786,0.9991
215.3415403678382,0.9992
215.40554465421403,0.9993
215.47334602533581,0.9994
215.47413806750086,0.9995
215.53647549051567,0.9996
215.5964957371967,0.9997
215.62744646940715,0.9998
215.63616696461833,0.9999
326.50233057443484,1.0
