delta_regret_1000_cny,ecdf
-254.15096731377673,0.0001
-224.24992571896314,0.0002
-60.66390361492709,0.0003
-60.66390361492709,0.0004
-60.66390361492709,0.0005
-60.66390361492709,0.0006
-60.66390361492709,0.0007
-60.66390361492709,0.0008
-60.66390361492709,0.0009
-60.66390361492709,0.001
-60.66390361492709,0.0011
-60.66390361492709,0.0012
-60.66390361492709,0.0013
-60.66390361492709,0.0014
-60.66390361492709,0.0015
-60.66390361492709,0.0016
-60.66390361492709,0.0017
-60.66390361492709,0.0018
-60.66390361492709,0.0019
-60.66390361492709,0.002
-60.66390361492709,0.0021
-60.66390361492709,0.0022
-60.66390361492709,0.0023
-60.66390361492709,0.0024
-60.66390361492709,0.0025
-60.66390361492709,0.0026
-60.66390361492709,0.0027
-60.66390361492709,0.0028
-60.66390361492709,0.0029
-60.66390361492709,0.003
-60.66390361492709,0.0031
-60.66390361492709,0.0032
-60.66390361492709,0.0033
-60.66390361492709,0.0034
-60.66390361492709,0.0035
-60.66390361492709,0.0036
-60.66390361492709,0.0037
-60.66390361492709,0.0038
-60.66390361492709,0.0039
-60.66390361492709,0.004
-60.66390361492709,0.0041
-60.66390361492709,0.0042
-60.66390361492709,0.0043
-60.66390361492709,0.0044
-60.66390361492709,0.0045
-60.66390361492709,0.0046
-60.66390361492709,0.0047
-60.66390361492709,0.0048
-60.66390361492709,0.0049
-60.66390361492709,0.005
-60.66390361492709,0.0051
-60.66390361492709,0.0052
-60.66390361492709,0.0053
-60.66390361492709,0.0054
-60.66390361492709,0.0055
-60.66390361492709,0.0056
-60.66390361492709,0.0057
-60.66390361492709,0.0058
-60.66390361492709,0.0059
-60.66390361492709,0.006
-60.66390361492709,0.0061
-60.66390361492709,0.0062
-60.66390361492709,0.0063
-60.66390361492709,0.0064
-60.66390361492709,0.0065
-60.66390361492709,0.0066
-60.66390361492709,0.0067
-60.66390361492709,0.0068
-60.66390361492709,0.0069
-60.66390361492709,0.007
-60.66390361492709,0.0071
-60.66390361492709,0.0072
-60.66390361492709,0.0073
-60.66390361492709,0.0074
-60.66390361492709,0.0075
-60.66390361492709,0.0076
-60.66390361492709,0.0077
-60.66390361492709,0.0078
-60.66390361492709,0.0079
-60.66390361492709,0.008
-60.66390361492709,0.0081
-60.66390361492709,0.0082
-60.66390361492709,0.0083
-60.66390361492709,0.0084
-60.66390361492709,0.0085
-60.66390361492709,0.0086
-60.66390361492709,0.0087
-60.66390361492709,0.0088
-60.66390361492709,0.0089
-60.66390361492709,0.009
-60.66390361492709,0.0091
-60.66390361492709,0.0092
-60.66390361492709,0.0093
-60.66390361492709,0.0094
-60.66390361492709,0.0095
-60.66390361492709,0.0096
-60.66390361492709,0.0097
-60.66390361492709,0.0098
-60.66390361492709,0.0099
-60.66390361492709,0.01
-60.66390361492709,0.0101
-60.66390361492709,0.0102
-60.66390361492709,0.0103
-60.66390361492709,0.0104
-60.66390361492709,0.0105
-60.66390361492709,0.0106
-60.66390361492709,0.0107
-60.66390361492709,0.0108
-60.66390361492709,0.0109
-60.66390361492709,0.011
-60.66390361492709,0.0111
-60.66390361492709,0.0112
-60.66390361492709,0.0113
-60.66390361492709,0.0114
-60.66390361492709,0.0115
-60.66390361492709,0.0116
-60.66390361492709,0.0117
-60.66390361492709,0.0118
-60.66390361492709,0.0119
-60.66390361492709,0.012
-60.66390361492709,0.0121
-60.66390361492709,0.0122
-60.66390361492709,0.0123
-60.66390361492709,0.0124
-60.66390361492709,0.0125
-60.66390361492709,0.0126
-60.66390361492709,0.0127
-60.66390361492709,0.0128
-60.66390361492709,0.0129
-60.66390361492709,0.013
-60.66390361492709,0.0131
-60.66390361492709,0.0132
-60.66390361492709,0.0133
-60.66390361492709,0.0134
-60.66390361492709,0.0135
-60.66390361492709,0.0136
-60.66390361492709,0.0137
-60.66390361492709,0.0138
-60.66390361492709,0.0139
-60.66390361492709,0.014
-60.66390361492709,0.0141
-60.66390361492709,0.0142
-60.66390361492709,0.0143
-60.66390361492709,0.0144
-60.66390361492709,0.0145
-60.66390361492709,0.0146
-60.66390361492709,0.0147
-60.66390361492709,0.0148
-60.66390361492709,0.0149
-60.66390361492709,0.015
-60.66390361492709,0.0151
-60.66390361492709,0.0152
-60.66390361492709,0.0153
-60.66390361492709,0.0154
-60.66390361492709,0.0155
-60.66390361492709,0.0156
-60.66390361492709,0.0157
-60.66390361492709,0.0158
-60.66390361492709,0.0159
-60.66390361492709,0.016
-60.66390361492709,0.0161
-60.66390361492709,0.0162
-60.66390361492709,0.0163
-60.66390361492709,0.0164
-60.66390361492709,0.0165
-60.66390361492709,0.0166
-60.66390361492709,0.0167
-60.66390361492709,0.0168
-60.66390361492709,0.0169
-60.66390361492709,0.017
-60.66390361492709,0.0171
-60.66390361492709,0.0172
-60.66390361492709,0.0173
-60.66390361492709,0.0174
-60.66390361492709,0.0175
-60.66390361492709,0.0176
-60.66390361492709,0.0177
-60.66390361492709,0.0178
-60.66390361492709,0.0179
-60.66390361492709,0.018
-60.66390361492709,0.0181
-60.66390361492709,0.0182
-60.66390361492709,0.0183
-60.66390361492709,0.0184
-60.66390361492709,0.0185
-60.66390361492709,0.0186
-60.66390361492709,0.0187
-60.66390361492709,0.0188
-60.66390361492709,0.0189
-60.66390361492709,0.019
-60.66390361492709,0.0191
-60.66390361492709,0.0192
-60.66390361492709,0.0193
-60.66390361492709,0.0194
-60.66390361492709,0.0195
-60.66390361492709,0.0196
-60.66390361492709,0.0197
-60.66390361492709,0.0198
-60.66390361492709,0.0199
-60.66390361492709,0.02
-60.66390361492709,0.0201
-60.66390361492709,0.0202
-60.66390361492709,0.0203
-60.66390361492709,0.0204
-60.66390361492709,0.0205
-60.66390361492709,0.0206
-60.66390361492709,0.0207
-60.66390361492709,0.0208
-60.66390361492709,0.0209
-60.66390361492709,0.021
-60.66390361492709,0.0211
-60.66390361492709,0.0212
-60.66390361492709,0.0213
-60.66390361492709,0.0214
-60.66390361492709,0.0215
-60.66390361492709,0.0216
-60.66390361492709,0.0217
-60.66390361492709,0.0218
-60.66390361492709,0.0219
-60.66390361492709,0.022
-60.66390361492709,0.0221
-60.66390361492709,0.0222
-60.66390361492709,0.0223
-60.66390361492709,0.0224
-60.66390361492709,0.0225
-60.66390361492709,0.0226
-60.66390361492709,0.0227
-60.66390361492709,0.0228
-60.66390361492709,0.0229
-60.66390361492709,0.023
-60.66390361492709,0.0231
-60.66390361492709,0.0232
-60.66390361492709,0.0233
-60.66390361492709,0.0234
-60.66390361492709,0.0235
-60.66390361492709,0.0236
-60.66390361492709,0.0237
-60.66390361492709,0.0238
-60.66390361492709,0.0239
-60.66390361492709,0.024
-60.66390361492709,0.0241
-60.66390361492709,0.0242
-60.66390361492709,0.0243
-60.66390361492709,0.0244
-60.66390361492709,0.0245
-60.66390361492709,0.0246
-60.66390361492709,0.0247
-60.66390361492709,0.0248
-60.66390361492709,0.0249
-60.66390361492709,0.025
-60.66390361492709,0.0251
-60.66390361492709,0.0252
-60.66390361492709,0.0253
-60.66390361492709,0.0254
-60.66390361492709,0.0255
-60.66390361492709,0.0256
-60.66390361492709,0.0257
-60.66390361492709,0.0258
-60.66390361492709,0.0259
-60.66390361492709,0.026
-60.66390361492709,0.0261
-60.66390361492709,0.0262
-60.66390361492709,0.0263
-60.66390361492709,0.0264
-60.66390361492709,0.0265
-60.66390361492709,0.0266
-60.66390361492709,0.0267
-60.66390361492709,0.0268
-60.66390361492709,0.0269
-60.66390361492709,0.027
-60.66390361492709,0.0271
-60.66390361492709,0.0272
-60.66390361492709,0.0273
-60.66390361492709,0.0274
-60.66390361492709,0.0275
-60.66390361492709,0.0276
-60.66390361492709,0.0277
-60.66390361492709,0.0278
-60.66390361492709,0.0279
-60.66390361492709,0.028
-60.66390361492709,0.0281
-60.66390361492709,0.0282
-60.66390361492709,0.0283
-60.66390361492709,0.0284
-60.66390361492709,0.0285
-60.66390361492709,0.0286
-60.66390361492709,0.0287
-60.66390361492709,0.0288
-60.66390361492709,0.0289
-60.66390361492709,0.029
-60.66390361492709,0.0291
-60.66390361492709,0.0292
-60.66390361492709,0.0293
-60.66390361492709,0.0294
-60.66390361492709,0.0295
-60.66390361492709,0.0296
-60.66390361492709,0.0297
-60.66390361492709,0.0298
-60.66390361492709,0.0299
-60.66390361492709,0.03
-60.66390361492709,0.0301
-60.66390361492709,0.0302
-60.66390361492709,0.0303
-60.66390361492709,0.0304
-60.66390361492709,0.0305
-60.66390361492709,0.0306
-60.66390361492709,0.0307
-60.66390361492709,0.0308
-60.66390361492709,0.0309
-60.66390361492709,0.031
-60.66390361492709,0.0311
-60.66390361492709,0.0312
-60.66390361492709,0.0313
-60.66390361492709,0.0314
-60.66390361492709,0.0315
-60.66390361492709,0.0316
-60.66390361492709,0.0317
-60.66390361492709,0.0318
-60.66390361492709,0.0319
-60.66390361492709,0.032
-60.66390361492709,0.0321
-60.66390361492709,0.0322
-60.66390361492709,0.0323
-60.66390361492709,0.0324
-60.66390361492709,0.0325
-60.66390361492709,0.0326
-60.66390361492709,0.0327
-60.66390361492709,0.0328
-60.66390361492709,0.0329
-60.66390361492709,0.033
-60.66390361492709,0.0331
-60.66390361492709,0.0332
-60.66390361492709,0.0333
-60.66390361492709,0.0334
-60.66390361492709,0.0335
-60.66390361492709,0.0336
-60.66390361492709,0.0337
-60.66390361492709,0.0338
-60.66390361492709,0.0339
-60.66390361492709,0.034
-60.66390361492709,0.0341
-60.66390361492709,0.0342
-60.66390361492709,0.0343
-60.66390361492709,0.0344
-60.66390361492709,0.0345
-60.66390361492709,0.0346
-60.66390361492709,0.0347
-60.66390361492709,0.0348
-60.66390361492709,0.0349
-60.66390361492709,0.035
-60.66390361492709,0.0351
-60.66390361492709,0.0352
-60.66390361492709,0.0353
-60.66390361492709,0.0354
-60.66390361492709,0.0355
-60.66390361492709,0.0356
-60.66390361492709,0.0357
-60.66390361492709,0.0358
-60.66390361492709,0.0359
-60.66390361492709,0.036
-60.66390361492709,0.0361
-60.66390361492709,0.0362
-60.66390361492709,0.0363
-60.66390361492709,0.0364
-60.66390361492709,0.0365
-60.66390361492709,0.0366
-60.66390361492709,0.0367
-60.66390361492709,0.0368
-60.66390361492709,0.0369
-60.66390361492709,0.037
-60.66390361492709,0.0371
-60.66390361492709,0.0372
-60.66390361492709,0.0373
-60.66390361492709,0.0374
-60.66390361492709,0.0375
-60.66390361492709,0.0376
-60.66390361492709,0.0377
-60.66390361492709,0.0378
-60.66390361492709,0.0379
-60.66390361492709,0.038
-60.66390361492709,0.0381
-60.66390361492709,0.0382
-60.66390361492709,0.0383
-60.66390361492709,0.0384
-60.66390361492709,0.0385
-60.66390361492709,0.0386
-60.66390361492709,0.0387
-60.66390361492709,0.0388
-60.66390361492709,0.0389
-60.66390361492709,0.039
-60.66390361492709,0.0391
-60.66390361492709,0.0392
-60.66390361492709,0.0393
-60.66390361492709,0.0394
-60.66390361492709,0.0395
-60.66390361492709,0.0396
-60.66390361492709,0.0397
-60.66390361492709,0.0398
-60.66390361492709,0.0399
-60.66390361492709,0.04
-60.66390361492709,0.0401
-60.66390361492709,0.0402
-60.66390361492709,0.0403
-60.66390361492709,0.0404
-60.66390361492709,0.0405
-60.66390361492709,0.0406
-60.66390361492709,0.0407
-60.66390361492709,0.0408
-60.66390361492709,0.0409
-60.66390361492709,0.041
-60.66390361492709,0.0411
-60.66390361492709,0.0412
-60.66390361492709,0.0413
-60.66390361492709,0.0414
-60.66390361492709,0.0415
-60.66390361492709,0.0416
-60.66390361492709,0.0417
-60.66390361492709,0.0418
-60.66390361492709,0.0419
-60.66390361492709,0.042
-60.66390361492709,0.0421
-60.66390361492709,0.0422
-60.66390361492709,0.0423
-60.66390361492709,0.0424
-60.66390361492709,0.0425
-60.66390361492709,0.0426
-60.66390361492709,0.0427
-60.66390361492709,0.0428
-60.66390361492709,0.0429
-60.66390361492709,0.043
-60.66390361492709,0.0431
-60.66390361492709,0.0432
-60.66390361492709,0.0433
-60.66390361492709,0.0434
-60.66390361492709,0.0435
-60.66390361492709,0.0436
-60.66390361492709,0.0437
-60.66390361492709,0.0438
-60.66390361492709,0.0439
-60.66390361492709,0.044
-60.66390361492709,0.0441
-60.66390361492709,0.0442
-60.66390361492709,0.0443
-60.66390361492709,0.0444
-60.66390361492709,0.0445
-60.66390361492709,0.0446
-60.66390361492709,0.0447
-60.66390361492709,0.0448
-60.66390361492709,0.0449
-60.66390361492709,0.045
-60.66390361492709,0.0451
-60.66390361492709,0.0452
-60.66390361492709,0.0453
-60.66390361492709,0.0454
-60.66390361492709,0.0455
-60.66390361492709,0.0456
-60.66390361492709,0.0457
-60.66390361492709,0.0458
-60.66390361492709,0.0459
-60.66390361492709,0.046
-60.66390361492709,0.0461
-60.66390361492709,0.0462
-60.66390361492709,0.0463
-60.66390361492709,0.0464
-60.66390361492709,0.0465
-60.66390361492709,0.0466
-60.66390361492709,0.0467
-60.66390361492709,0.0468
-60.66390361492709,0.0469
-60.66390361492709,0.047
-60.66390361492709,0.0471
-60.66390361492709,0.0472
-60.66390361492709,0.0473
-60.66390361492709,0.0474
-60.66390361492709,0.0475
-60.66390361492709,0.0476
-60.66390361492709,0.0477
-60.66390361492709,0.0478
-60.66390361492709,0.0479
-60.66390361492709,0.048
-60.66390361492709,0.0481
-60.66390361492709,0.0482
-60.66390361492709,0.0483
-60.66390361492709,0.0484
-60.66390361492709,0.0485
-60.66390361492709,0.0486
-60.66390361492709,0.0487
-60.66390361492709,0.0488
-60.66390361492709,0.0489
-60.66390361492709,0.049
-60.66390361492709,0.0491
-60.66390361492709,0.0492
-60.66390361492709,0.0493
-60.66390361492709,0.0494
-60.66390361492709,0.0495
-60.66390361492709,0.0496
-60.66390361492709,0.0497
-60.66390361492709,0.0498
-60.66390361492709,0.0499
-60.66390361492709,0.05
-60.66390361492709,0.0501
-60.66390361492709,0.0502
-60.66390361492709,0.0503
-60.66390361492709,0.0504
-60.66390361492709,0.0505
-60.66390361492709,0.0506
-60.66390361492709,0.0507
-60.66390361492709,0.0508
-60.66390361492709,0.0509
-60.66390361492709,0.051
-60.66390361492709,0.0511
-60.66390361492709,0.0512
-60.66390361492709,0.0513
-60.66390361492709,0.0514
-60.66390361492709,0.0515
-60.66390361492709,0.0516
-60.66390361492709,0.0517
-60.66390361492709,0.0518
-60.66390361492709,0.0519
-60.66390361492709,0.052
-60.66390361492709,0.0521
-60.66390361492709,0.0522
-60.66390361492709,0.0523
-60.66390361492709,0.0524
-60.66390361492709,0.0525
-60.66390361492709,0.0526
-60.66390361492709,0.0527
-60.66390361492709,0.0528
-60.66390361492709,0.0529
-60.66390361492709,0.053
-60.66390361492709,0.0531
-60.66390361492709,0.0532
-60.66390361492709,0.0533
-60.66390361492709,0.0534
-60.66390361492709,0.0535
-60.66390361492709,0.0536
-60.66390361492709,0.0537
-60.66390361492709,0.0538
-60.66390361492709,0.0539
-60.66390361492709,0.054
-60.66390361492709,0.0541
-60.66390361492709,0.0542
-60.66390361492709,0.0543
-60.66390361492709,0.0544
-60.66390361492709,0.0545
-60.66390361492709,0.0546
-60.66390361492709,0.0547
-60.66390361492709,0.0548
-60.66390361492709,0.0549
-60.66390361492709,0.055
-60.66390361492709,0.0551
-60.66390361492709,0.0552
-60.66390361492709,0.0553
-60.66390361492709,0.0554
-60.66390361492709,0.0555
-60.66390361492709,0.0556
-60.66390361492709,0.0557
-60.66390361492709,0.0558
-60.66390361492709,0.0559
-60.66390361492709,0.056
-60.66390361492709,0.0561
-60.66390361492709,0.0562
-60.66390361492709,0.0563
-60.66390361492709,0.0564
-60.66390361492709,0.0565
-60.66390361492709,0.0566
-60.66390361492709,0.0567
-60.66390361492709,0.0568
-60.66390361492709,0.0569
-60.66390361492709,0.057
-60.66390361492709,0.0571
-60.66390361492709,0.0572
-60.66390361492709,0.0573
-60.66390361492709,0.0574
-60.66390361492709,0.0575
-60.66390361492709,0.0576
-60.66390361492709,0.0577
-60.66390361492709,0.0578
-60.66390361492709,0.0579
-60.66390361492709,0.058
-60.66390361492709,0.0581
-60.66390361492709,0.0582
-60.66390361492709,0.0583
-60.66390361492709,0.0584
-60.66390361492709,0.0585
-60.66390361492709,0.0586
-60.66390361492709,0.0587
-60.66390361492709,0.0588
-60.66390361492709,0.0589
-60.66390361492709,0.059
-60.66390361492709,0.0591
-60.66390361492709,0.0592
-60.66390361492709,0.0593
-60.66390361492709,0.0594
-60.66390361492709,0.0595
-60.66390361492709,0.0596
-60.66390361492709,0.0597
-60.66390361492709,0.0598
-60.66390361492709,0.0599
-60.66390361492709,0.06
-60.66390361492709,0.0601
-60.66390361492709,0.0602
-60.66390361492709,0.0603
-60.66390361492709,0.0604
-60.66390361492709,0.0605
-60.66390361492709,0.0606
-60.66390361492709,0.0607
-60.66390361492709,0.0608
-60.66390361492709,0.0609
-60.66390361492709,0.061
-60.66390361492709,0.0611
-60.66390361492709,0.0612
-60.66390361492709,0.0613
-60.66390361492709,0.0614
-60.66390361492709,0.0615
-60.66390361492709,0.0616
-60.66390361492709,0.0617
-60.66390361492709,0.0618
-60.66390361492709,0.0619
-60.66390361492709,0.062
-60.66390361492709,0.0621
-60.66390361492709,0.0622
-60.66390361492709,0.0623
-60.66390361492709,0.0624
-60.66390361492709,0.0625
-60.66390361492709,0.0626
-60.66390361492709,0.0627
-60.66390361492709,0.0628
-60.66390361492709,0.0629
-60.66390361492709,0.063
-60.66390361492709,0.0631
-60.66390361492709,0.0632
-60.66390361492709,0.0633
-60.66390361492709,0.0634
-60.66390361492709,0.0635
-60.66390361492709,0.0636
-60.66390361492709,0.0637
-60.66390361492709,0.0638
-60.66390361492709,0.0639
-60.66390361492709,0.064
-60.66390361492709,0.0641
-60.66390361492709,0.0642
-60.66390361492709,0.0643
-60.66390361492709,0.0644
-60.66390361492709,0.0645
-60.66390361492709,0.0646
-60.66390361492709,0.0647
-60.66390361492709,0.0648
-60.66390361492709,0.0649
-60.66390361492709,0.065
-60.66390361492709,0.0651
-60.66390361492709,0.0652
-60.66390361492709,0.0653
-60.66390361492709,0.0654
-60.66390361492709,0.0655
-60.66390361492709,0.0656
-60.66390361492709,0.0657
-60.66390361492709,0.0658
-60.66390361492709,0.0659
-60.66390361492709,0.066
-60.66390361492709,0.0661
-60.66390361492709,0.0662
-60.66390361492709,0.0663
-60.66390361492709,0.0664
-60.66390361492709,0.0665
-60.66390361492709,0.0666
-60.66390361492709,0.0667
-60.66390361492709,0.0668
-60.66390361492709,0.0669
-60.66390361492709,0.067
-60.66390361492709,0.0671
-60.66390361492709,0.0672
-60.66390361492709,0.0673
-60.66390361492709,0.0674
-60.66390361492709,0.0675
-60.66390361492709,0.0676
-60.66390361492709,0.0677
-60.66390361492709,0.0678
-60.66390361492709,0.0679
-60.66390361492709,0.068
-60.66390361492709,0.0681
-60.66390361492709,0.0682
-60.66390361492709,0.0683
-60.66390361492709,0.0684
-60.66390361492709,0.0685
-60.66390361492709,0.0686
-60.66390361492709,0.0687
-60.66390361492709,0.0688
-60.66390361492709,0.0689
-60.66390361492709,0.069
-60.66390361492709,0.0691
-60.66390361492709,0.0692
-60.66390361492709,0.0693
-60.66390361492709,0.0694
-60.66390361492709,0.0695
-60.66390361492709,0.0696
-60.66390361492709,0.0697
-60.66390361492709,0.0698
-60.66390361492709,0.0699
-60.66390361492709,0.07
-60.66390361492709,0.0701
-60.66390361492709,0.0702
-60.66390361492709,0.0703
-60.66390361492709,0.0704
-60.66390361492709,0.0705
-60.66390361492709,0.0706
-60.66390361492709,0.0707
-60.66390361492709,0.0708
-60.66390361492709,0.0709
-60.66390361492709,0.071
-60.66390361492709,0.0711
-60.66390361492709,0.0712
-60.66390361492709,0.0713
-60.66390361492709,0.0714
-60.66390361492709,0.0715
-60.66390361492709,0.0716
-60.66390361492709,0.0717
-60.66390361492709,0.0718
-60.66390361492709,0.0719
-60.66390361492709,0.072
-60.66390361492709,0.0721
-60.66390361492709,0.0722
-60.66390361492709,0.0723
-60.66390361492709,0.0724
-60.66390361492709,0.0725
-60.66390361492709,0.0726
-60.66390361492709,0.0727
-60.66390361492709,0.0728
-60.66390361492709,0.0729
-60.66390361492709,0.073
-60.66390361492709,0.0731
-60.66390361492709,0.0732
-60.66390361492709,0.0733
-60.66390361492709,0.0734
-60.66390361492709,0.0735
-60.66390361492709,0.0736
-60.66390361492709,0.0737
-60.66390361492709,0.0738
-60.66390361492709,0.0739
-60.66390361492709,0.074
-60.66390361492709,0.0741
-60.66390361492709,0.0742
-60.66390361492709,0.0743
-60.66390361492709,0.0744
-60.66390361492709,0.0745
-60.66390361492709,0.0746
-60.66390361492709,0.0747
-60.66390361492709,0.0748
-60.66390361492709,0.0749
-60.66390361492709,0.075
-60.66390361492709,0.0751
-60.66390361492709,0.0752
-60.66390361492709,0.0753
-60.66390361492709,0.0754
-60.66390361492709,0.0755
-60.66390361492709,0.0756
-60.66390361492709,0.0757
-60.66390361492709,0.0758
-60.66390361492709,0.0759
-60.66390361492709,0.076
-60.66390361492709,0.0761
-60.66390361492709,0.0762
-60.66390361492709,0.0763
-60.66390361492709,0.0764
-60.66390361492709,0.0765
-60.66390361492709,0.0766
-60.66390361492709,0.0767
-60.66390361492709,0.0768
-60.66390361492709,0.0769
-60.66390361492709,0.077
-60.66390361492709,0.0771
-60.66390361492709,0.0772
-60.66390361492709,0.0773
-60.66390361492709,0.0774
-60.66390361492709,0.0775
-60.66390361492709,0.0776
-60.66390361492709,0.0777
-60.66390361492709,0.0778
-60.66390361492709,0.0779
-60.66390361492709,0.078
-60.66390361492709,0.0781
-60.66390361492709,0.0782
-60.66390361492709,0.0783
-60.66390361492709,0.0784
-60.66390361492709,0.0785
-60.66390361492709,0.0786
-60.66390361492709,0.0787
-60.66390361492709,0.0788
-60.66390361492709,0.0789
-60.66390361492709,0.079
-60.66390361492709,0.0791
-60.66390361492709,0.0792
-60.66390361492709,0.0793
-60.66390361492709,0.0794
-60.66390361492709,0.0795
-60.66390361492709,0.0796
-60.66390361492709,0.0797
-60.66390361492709,0.0798
-60.66390361492709,0.0799
-60.66390361492709,0.08
-60.66390361492709,0.0801
-60.66390361492709,0.0802
-60.66390361492709,0.0803
-60.66390361492709,0.0804
-60.66390361492709,0.0805
-60.66390361492709,0.0806
-60.66390361492709,0.0807
-60.66390361492709,0.0808
-60.66390361492709,0.0809
-60.66390361492709,0.081
-60.66390361492709,0.0811
-60.66390361492709,0.0812
-60.66390361492709,0.0813
-60.66390361492709,0.0814
-60.66390361492709,0.0815
-60.66390361492709,0.0816
-60.66390361492709,0.0817
-60.66390361492709,0.0818
-60.66390361492709,0.0819
-60.66390361492709,0.082
-60.66390361492709,0.0821
-60.66390361492709,0.0822
-60.66390361492709,0.0823
-60.66390361492709,0.0824
-60.66390361492709,0.0825
-60.66390361492709,0.0826
-60.66390361492709,0.0827
-60.66390361492709,0.0828
-60.66390361492709,0.0829
-60.66390361492709,0.083
-60.66390361492709,0.0831
-60.66390361492709,0.0832
-60.66390361492709,0.0833
-60.66390361492709,0.0834
-60.66390361492709,0.0835
-60.66390361492709,0.0836
-60.66390361492709,0.0837
-60.66390361492709,0.0838
-60.66390361492709,0.0839
-60.66390361492709,0.084
-60.66390361492709,0.0841
-60.66390361492709,0.0842
-60.66390361492709,0.0843
-60.66390361492709,0.0844
-60.66390361492709,0.0845
-60.66390361492709,0.0846
-60.66390361492709,0.0847
-60.66390361492709,0.0848
-60.66390361492709,0.0849
-60.66390361492709,0.085
-60.66390361492709,0.0851
-60.66390361492709,0.0852
-60.66390361492709,0.0853
-60.66390361492709,0.0854
-60.66390361492709,0.0855
-60.66390361492709,0.0856
-60.66390361492709,0.0857
-60.66390361492709,0.0858
-60.66390361492709,0.0859
-60.66390361492709,0.086
-60.66390361492709,0.0861
-60.66390361492709,0.0862
-60.66390361492709,0.0863
-60.66390361492709,0.0864
-60.66390361492709,0.0865
-60.66390361492709,0.0866
-60.66390361492709,0.0867
-60.66390361492709,0.0868
-60.66390361492709,0.0869
-60.66390361492709,0.087
-60.66390361492709,0.0871
-60.66390361492709,0.0872
-60.66390361492709,0.0873
-60.66390361492709,0.0874
-60.66390361492709,0.0875
-60.66390361492709,0.0876
-60.66390361492709,0.0877
-60.66390361492709,0.0878
-60.66390361492709,0.0879
-60.66390361492709,0.088
-60.66390361492709,0.0881
-60.66390361492709,0.0882
-60.66390361492709,0.0883
-60.66390361492709,0.0884
-60.66390361492709,0.0885
-60.66390361492709,0.0886
-60.66390361492709,0.0887
-60.66390361492709,0.0888
-60.66390361492709,0.0889
-60.66390361492709,0.089
-60.66390361492709,0.0891
-60.66390361492709,0.0892
-60.66390361492709,0.0893
-60.66390361492709,0.0894
-60.66390361492709,0.0895
-60.66390361492709,0.0896
-60.66390361492709,0.0897
-60.66390361492709,0.0898
-60.66390361492709,0.0899
-60.66390361492709,0.09
-60.66390361492709,0.0901
-60.66390361492709,0.0902
-60.66390361492709,0.0903
-60.66390361492709,0.0904
-60.66390361492709,0.0905
-60.66390361492709,0.0906
-60.66390361492709,0.0907
-60.66390361492709,0.0908
-60.66390361492709,0.0909
-60.66390361492709,0.091
-60.66390361492709,0.0911
-60.66390361492709,0.0912
-60.66390361492709,0.0913
-60.66390361492709,0.0914
-60.66390361492709,0.0915
-60.66390361492709,0.0916
-60.66390361492709,0.0917
-60.66390361492709,0.0918
-60.66390361492709,0.0919
-60.66390361492709,0.092
-60.66390361492709,0.0921
-60.66390361492709,0.0922
-60.66390361492709,0.0923
-60.66390361492709,0.0924
-60.66390361492709,0.0925
-60.66390361492709,0.0926
-60.66390361492709,0.0927
-60.66390361492709,0.0928
-60.66390361492709,0.0929
-60.66390361492709,0.093
-60.66390361492709,0.0931
-60.66390361492709,0.0932
-60.66390361492709,0.0933
-60.66390361492709,0.0934
-60.66390361492709,0.0935
-60.66390361492709,0.0936
-60.66390361492709,0.0937
-60.66390361492709,0.0938
-60.66390361492709,0.0939
-60.66390361492709,0.094
-60.66390361492709,0.0941
-60.66390361492709,0.0942
-60.66390361492709,0.0943
-60.66390361492709,0.0944
-60.66390361492709,0.0945
-60.66390361492709,0.0946
-60.66390361492709,0.0947
-60.66390361492709,0.0948
-60.66390361492709,0.0949
-60.66390361492709,0.095
-60.66390361492709,0.0951
-60.66390361492709,0.0952
-60.66390361492709,0.0953
-60.66390361492709,0.0954
-60.66390361492709,0.0955
-60.66390361492709,0.0956
-60.66390361492709,0.0957
-60.66390361492709,0.0958
-60.66390361492709,0.0959
-60.66390361492709,0.096
-60.66390361492709,0.0961
-60.66390361492709,0.0962
-60.66390361492709,0.0963
-60.66390361492709,0.0964
-60.66390361492709,0.0965
-60.66390361492709,0.0966
-60.66390361492709,0.0967
-60.66390361492709,0.0968
-60.66390361492709,0.0969
-60.66390361492709,0.097
-60.66390361492709,0.0971
-60.66390361492709,0.0972
-60.66390361492709,0.0973
-60.66390361492709,0.0974
-60.66390361492709,0.0975
-60.66390361492709,0.0976
-60.66390361492709,0.0977
-60.66390361492709,0.0978
-60.66390361492709,0.0979
-60.66390361492709,0.098
-60.66390361492709,0.0981
-60.66390361492709,0.0982
-60.66390361492709,0.0983
-60.66390361492709,0.0984
-60.66390361492709,0.0985
-60.66390361492709,0.0986
-60.66390361492709,0.0987
-60.66390361492709,0.0988
-60.66390361492709,0.0989
-60.66390361492709,0.099
-60.66390361492709,0.0991
-60.66390361492709,0.0992
-60.66390361492709,0.0993
-60.66390361492709,0.0994
-60.66390361492709,0.0995
-60.66390361492709,0.0996
-60.66390361492709,0.0997
-60.66390361492709,0.0998
-60.66390361492709,0.0999
-60.66390361492709,0.1
-60.66390361492709,0.1001
-60.66390361492709,0.1002
-60.66390361492709,0.1003
-60.66390361492709,0.1004
-60.66390361492709,0.1005
-60.66390361492709,0.1006
-60.66390361492709,0.1007
-60.66390361492709,0.1008
-60.66390361492709,0.1009
-60.66390361492709,0.101
-60.66390361492709,0.1011
-60.66390361492709,0.1012
-60.66390361492709,0.1013
-60.66390361492709,0.1014
-60.66390361492709,0.1015
-60.66390361492709,0.1016
-60.66390361492709,0.1017
-60.66390361492709,0.1018
-60.66390361492709,0.1019
-60.66390361492709,0.102
-60.66390361492709,0.1021
-60.66390361492709,0.1022
-60.66390361492709,0.1023
-60.66390361492709,0.1024
-60.66390361492709,0.1025
-60.66390361492709,0.1026
-60.66390361492709,0.1027
-60.66390361492709,0.1028
-60.66390361492709,0.1029
-60.66390361492709,0.103
-60.66390361492709,0.1031
-60.66390361492709,0.1032
-60.66390361492709,0.1033
-60.66390361492709,0.1034
-60.66390361492709,0.1035
-60.66390361492709,0.1036
-60.66390361492709,0.1037
-60.66390361492709,0.1038
-60.66390361492709,0.1039
-60.66390361492709,0.104
-60.66390361492709,0.1041
-60.66390361492709,0.1042
-60.66390361492709,0.1043
-60.66390361492709,0.1044
-60.66390361492709,0.1045
-60.66390361492709,0.1046
-60.66390361492709,0.1047
-60.66390361492709,0.1048
-60.66390361492709,0.1049
-60.66390361492709,0.105
-60.66390361492709,0.1051
-60.66390361492709,0.1052
-60.66390361492709,0.1053
-60.66390361492709,0.1054
-60.66390361492709,0.1055
-60.66390361492709,0.1056
-60.66390361492709,0.1057
-60.66390361492709,0.1058
-60.66390361492709,0.1059
-60.66390361492709,0.106
-60.66390361492709,0.1061
-60.66390361492709,0.1062
-60.66390361492709,0.1063
-60.66390361492709,0.1064
-60.66390361492709,0.1065
-60.66390361492709,0.1066
-60.66390361492709,0.1067
-60.66390361492709,0.1068
-60.66390361492709,0.1069
-60.66390361492709,0.107
-60.66390361492709,0.1071
-60.66390361492709,0.1072
-60.66390361492709,0.1073
-60.66390361492709,0.1074
-60.66390361492709,0.1075
-60.66390361492709,0.1076
-60.66390361492709,0.1077
-60.66390361492709,0.1078
-60.66390361492709,0.1079
-60.66390361492709,0.108
-60.66390361492709,0.1081
-60.66390361492709,0.1082
-60.66390361492709,0.1083
-60.66390361492709,0.1084
-60.66390361492709,0.1085
-60.66390361492709,0.1086
-60.66390361492709,0.1087
-60.66390361492709,0.1088
-60.66390361492709,0.1089
-60.66390361492709,0.109
-60.66390361492709,0.1091
-60.66390361492709,0.1092
-60.66390361492709,0.1093
-60.66390361492709,0.1094
-60.66390361492709,0.1095
-60.66390361492709,0.1096
-60.66390361492709,0.1097
-60.66390361492709,0.1098
-60.66390361492709,0.1099
-60.66390361492709,0.11
-60.66390361492709,0.1101
-60.66390361492709,0.1102
-60.66390361492709,0.1103
-60.66390361492709,0.1104
-60.66390361492709,0.1105
-60.66390361492709,0.1106
-60.66390361492709,0.1107
-60.66390361492709,0.1108
-60.66390361492709,0.1109
-60.66390361492709,0.111
-60.66390361492709,0.1111
-60.66390361492709,0.1112
-60.66390361492709,0.1113
-60.66390361492709,0.1114
-60.66390361492709,0.1115
-60.66390361492709,0.1116
-60.66390361492709,0.1117
-60.66390361492709,0.1118
-60.66390361492709,0.1119
-60.66390361492709,0.112
-60.66390361492709,0.1121
-60.66390361492709,0.1122
-60.66390361492709,0.1123
-60.66390361492709,0.1124
-60.66390361492709,0.1125
-60.66390361492709,0.1126
-60.66390361492709,0.1127
-60.66390361492709,0.1128
-60.66390361492709,0.1129
-60.66390361492709,0.113
-60.66390361492709,0.1131
-60.66390361492709,0.1132
-60.66390361492709,0.1133
-60.66390361492709,0.1134
-60.66390361492709,0.1135
-60.66390361492709,0.1136
-60.66390361492709,0.1137
-60.66390361492709,0.1138
-60.66390361492709,0.1139
-60.66390361492709,0.114
-60.66390361492709,0.1141
-60.66390361492709,0.1142
-60.66390361492709,0.1143
-60.66390361492709,0.1144
-60.66390361492709,0.1145
-60.66390361492709,0.1146
-60.66390361492709,0.1147
-60.66390361492709,0.1148
-60.66390361492709,0.1149
-60.66390361492709,0.115
-60.66390361492709,0.1151
-60.66390361492709,0.1152
-60.66390361492709,0.1153
-60.66390361492709,0.1154
-60.66390361492709,0.1155
-60.66390361492709,0.1156
-60.66390361492709,0.1157
-60.66390361492709,0.1158
-60.66390361492709,0.1159
-60.66390361492709,0.116
-60.66390361492709,0.1161
-60.66390361492709,0.1162
-60.66390361492709,0.1163
-60.66390361492709,0.1164
-60.66390361492709,0.1165
-60.66390361492709,0.1166
-60.66390361492709,0.1167
-60.66390361492709,0.1168
-60.66390361492709,0.1169
-60.66390361492709,0.117
-60.66390361492709,0.1171
-60.66390361492709,0.1172
-60.66390361492709,0.1173
-60.66390361492709,0.1174
-60.66390361492709,0.1175
-60.66390361492709,0.1176
-60.66390361492709,0.1177
-60.66390361492709,0.1178
-60.66390361492709,0.1179
-60.66390361492709,0.118
-60.66390361492709,0.1181
-60.66390361492709,0.1182
-60.66390361492709,0.1183
-60.66390361492709,0.1184
-60.66390361492709,0.1185
-60.66390361492709,0.1186
-60.66390361492709,0.1187
-60.66390361492709,0.1188
-60.66390361492709,0.1189
-60.66390361492709,0.119
-60.66390361492709,0.1191
-60.66390361492709,0.1192
-60.66390361492709,0.1193
-60.66390361492709,0.1194
-60.66390361492709,0.1195
-60.66390361492709,0.1196
-60.66390361492709,0.1197
-60.66390361492709,0.1198
-60.66390361492709,0.1199
-60.66390361492709,0.12
-60.66390361492709,0.1201
-60.66390361492709,0.1202
-60.66390361492709,0.1203
-60.66390361492709,0.1204
-60.66390361492709,0.1205
-60.66390361492709,0.1206
-60.66390361492709,0.1207
-60.66390361492709,0.1208
-60.66390361492709,0.1209
-60.66390361492709,0.121
-60.66390361492709,0.1211
-60.66390361492709,0.1212
-60.66390361492709,0.1213
-60.66390361492709,0.1214
-60.66390361492709,0.1215
-60.66390361492709,0.1216
-60.66390361492709,0.1217
-60.66390361492709,0.1218
-60.66390361492709,0.1219
-60.66390361492709,0.122
-60.66390361492709,0.1221
-60.66390361492709,0.1222
-60.66390361492709,0.1223
-60.66390361492709,0.1224
-60.66390361492709,0.1225
-60.66390361492709,0.1226
-60.66390361492709,0.1227
-60.66390361492709,0.1228
-60.66390361492709,0.1229
-60.66390361492709,0.123
-60.66390361492709,0.1231
-60.66390361492709,0.1232
-60.66390361492709,0.1233
-60.66390361492709,0.1234
-60.66390361492709,0.1235
-60.66390361492709,0.1236
-60.66390361492709,0.1237
-60.66390361492709,0.1238
-60.66390361492709,0.1239
-60.66390361492709,0.124
-60.66390361492709,0.1241
-60.66390361492709,0.1242
-60.66390361492709,0.1243
-60.66390361492709,0.1244
-60.66390361492709,0.1245
-60.66390361492709,0.1246
-60.66390361492709,0.1247
-60.66390361492709,0.1248
-60.66390361492709,0.1249
-60.66390361492709,0.125
-60.66390361492709,0.1251
-60.66390361492709,0.1252
-60.66390361492709,0.1253
-60.66390361492709,0.1254
-60.66390361492709,0.1255
-60.66390361492709,0.1256
-60.66390361492709,0.1257
-60.66390361492709,0.1258
-60.66390361492709,0.1259
-60.66390361492709,0.126
-60.66390361492709,0.1261
-60.66390361492709,0.1262
-60.66390361492709,0.1263
-60.66390361492709,0.1264
-60.66390361492709,0.1265
-60.66390361492709,0.1266
-60.66390361492709,0.1267
-60.66390361492709,0.1268
-60.66390361492709,0.1269
-60.66390361492709,0.127
-60.66390361492709,0.1271
-60.66390361492709,0.1272
-60.66390361492709,0.1273
-60.66390361492709,0.1274
-60.66390361492709,0.1275
-60.66390361492709,0.1276
-60.66390361492709,0.1277
-60.66390361492709,0.1278
-60.66390361492709,0.1279
-60.66390361492709,0.128
-60.66390361492709,0.1281
-60.66390361492709,0.1282
-60.66390361492709,0.1283
-60.66390361492709,0.1284
-60.66390361492709,0.1285
-60.66390361492709,0.1286
-60.66390361492709,0.1287
-60.66390361492709,0.1288
-60.66390361492709,0.1289
-60.66390361492709,0.129
-60.66390361492709,0.1291
-60.66390361492709,0.1292
-60.66390361492709,0.1293
-60.66390361492709,0.1294
-60.66390361492709,0.1295
-60.66390361492709,0.1296
-60.66390361492709,0.1297
-60.66390361492709,0.1298
-60.66390361492709,0.1299
-60.66390361492709,0.13
-60.66390361492709,0.1301
-60.66390361492709,0.1302
-60.66390361492709,0.1303
-60.66390361492709,0.1304
-60.66390361492709,0.1305
-60.66390361492709,0.1306
-60.66390361492709,0.1307
-60.66390361492709,0.1308
-60.66390361492709,0.1309
-60.66390361492709,0.131
-60.66390361492709,0.1311
-60.66390361492709,0.1312
-60.66390361492709,0.1313
-60.66390361492709,0.1314
-60.66390361492709,0.1315
-60.66390361492709,0.1316
-60.66390361492709,0.1317
-60.66390361492709,0.1318
-60.66390361492709,0.1319
-60.66390361492709,0.132
-60.66390361492709,0.1321
-60.66390361492709,0.1322
-60.66390361492709,0.1323
-60.66390361492709,0.1324
-60.66390361492709,0.1325
-60.66390361492709,0.1326
-60.66390361492709,0.1327
-60.66390361492709,0.1328
-60.66390361492709,0.1329
-60.66390361492709,0.133
-60.66390361492709,0.1331
-60.66390361492709,0.1332
-60.66390361492709,0.1333
-60.66390361492709,0.1334
-60.66390361492709,0.1335
-60.66390361492709,0.1336
-60.66390361492709,0.1337
-60.66390361492709,0.1338
-60.66390361492709,0.1339
-60.66390361492709,0.134
-60.66390361492709,0.1341
-60.66390361492709,0.1342
-60.66390361492709,0.1343
-60.66390361492709,0.1344
-60.66390361492709,0.1345
-60.66390361492709,0.1346
-60.66390361492709,0.1347
-60.66390361492709,0.1348
-60.66390361492709,0.1349
-60.66390361492709,0.135
-60.66390361492709,0.1351
-60.66390361492709,0.1352
-60.66390361492709,0.1353
-60.66390361492709,0.1354
-60.66390361492709,0.1355
-60.66390361492709,0.1356
-60.66390361492709,0.1357
-60.66390361492709,0.1358
-60.66390361492709,0.1359
-60.66390361492709,0.136
-60.66390361492709,0.1361
-60.66390361492709,0.1362
-60.66390361492709,0.1363
-60.66390361492709,0.1364
-60.66390361492709,0.1365
-60.66390361492709,0.1366
-60.66390361492709,0.1367
-60.66390361492709,0.1368
-60.66390361492709,0.1369
-60.66390361492709,0.137
-60.66390361492709,0.1371
-60.66390361492709,0.1372
-60.66390361492709,0.1373
-60.66390361492709,0.1374
-60.66390361492709,0.1375
-60.66390361492709,0.1376
-60.66390361492709,0.1377
-60.66390361492709,0.1378
-60.66390361492709,0.1379
-60.66390361492709,0.138
-60.66390361492709,0.1381
-60.66390361492709,0.1382
-60.66390361492709,0.1383
-60.66390361492709,0.1384
-60.66390361492709,0.1385
-60.66390361492709,0.1386
-60.66390361492709,0.1387
-60.66390361492709,0.1388
-60.66390361492709,0.1389
-60.66390361492709,0.139
-60.66390361492709,0.1391
-60.66390361492709,0.1392
-60.66390361492709,0.1393
-60.66390361492709,0.1394
-60.66390361492709,0.1395
-60.66390361492709,0.1396
-60.66390361492709,0.1397
-60.66390361492709,0.1398
-60.66390361492709,0.1399
-60.66390361492709,0.14
-60.66390361492709,0.1401
-60.66390361492709,0.1402
-60.66390361492709,0.1403
-60.66390361492709,0.1404
-60.66390361492709,0.1405
-60.66390361492709,0.1406
-60.66390361492709,0.1407
-60.66390361492709,0.1408
-60.66390361492709,0.1409
-60.66390361492709,0.141
-60.66390361492709,0.1411
-60.66390361492709,0.1412
-60.66390361492709,0.1413
-60.66390361492709,0.1414
-60.66390361492709,0.1415
-60.66390361492709,0.1416
-60.66390361492709,0.1417
-60.66390361492709,0.1418
-60.66390361492709,0.1419
-60.66390361492709,0.142
-60.66390361492709,0.1421
-60.66390361492709,0.1422
-60.66390361492709,0.1423
-60.66390361492709,0.1424
-60.66390361492709,0.1425
-60.66390361492709,0.1426
-60.66390361492709,0.1427
-60.66390361492709,0.1428
-60.66390361492709,0.1429
-60.66390361492709,0.143
-60.66390361492709,0.1431
-60.66390361492709,0.1432
-60.66390361492709,0.1433
-60.66390361492709,0.1434
-60.66390361492709,0.1435
-60.66390361492709,0.1436
-60.66390361492709,0.1437
-60.66390361492709,0.1438
-60.66390361492709,0.1439
-60.66390361492709,0.144
-60.66390361492709,0.1441
-60.66390361492709,0.1442
-60.66390361492709,0.1443
-60.66390361492709,0.1444
-60.66390361492709,0.1445
-60.66390361492709,0.1446
-60.66390361492709,0.1447
-60.66390361492709,0.1448
-60.66390361492709,0.1449
-60.66390361492709,0.145
-60.66390361492709,0.1451
-60.66390361492709,0.1452
-60.66390361492709,0.1453
-60.66390361492709,0.1454
-60.66390361492709,0.1455
-60.66390361492709,0.1456
-60.66390361492709,0.1457
-60.66390361492709,0.1458
-60.66390361492709,0.1459
-60.66390361492709,0.146
-60.66390361492709,0.1461
-60.66390361492709,0.1462
-60.66390361492709,0.1463
-60.66390361492709,0.1464
-60.66390361492709,0.1465
-60.66390361492709,0.1466
-60.66390361492709,0.1467
-60.66390361492709,0.1468
-60.66390361492709,0.1469
-60.66390361492709,0.147
-60.66390361492709,0.1471
-60.66390361492709,0.1472
-60.66390361492709,0.1473
-60.66390361492709,0.1474
-60.66390361492709,0.1475
-60.66390361492709,0.1476
-60.66390361492709,0.1477
-60.66390361492709,0.1478
-60.66390361492709,0.1479
-60.66390361492709,0.148
-60.66390361492709,0.1481
-60.66390361492709,0.1482
-60.66390361492709,0.1483
-60.66390361492709,0.1484
-60.66390361492709,0.1485
-60.66390361492709,0.1486
-60.66390361492709,0.1487
-60.66390361492709,0.1488
-60.66390361492709,0.1489
-60.66390361492709,0.149
-60.66390361492709,0.1491
-60.66390361492709,0.1492
-60.66390361492709,0.1493
-60.66390361492709,0.1494
-60.66390361492709,0.1495
-60.66390361492709,0.1496
-60.66390361492709,0.1497
-60.66390361492709,0.1498
-60.66390361492709,0.1499
-60.66390361492709,0.15
-60.66390361492709,0.1501
-60.66390361492709,0.1502
-60.66390361492709,0.1503
-60.66390361492709,0.1504
-60.66390361492709,0.1505
-60.66390361492709,0.1506
-60.66390361492709,0.1507
-60.66390361492709,0.1508
-60.66390361492709,0.1509
-60.66390361492709,0.151
-60.66390361492709,0.1511
-60.66390361492709,0.1512
-60.66390361492709,0.1513
-60.66390361492709,0.1514
-60.66390361492709,0.1515
-60.66390361492709,0.1516
-60.66390361492709,0.1517
-60.66390361492709,0.1518
-60.66390361492709,0.1519
-60.66390361492709,0.152
-60.66390361492709,0.1521
-60.66390361492709,0.1522
-60.66390361492709,0.1523
-60.66390361492709,0.1524
-60.66390361492709,0.1525
-60.66390361492709,0.1526
-60.66390361492709,0.1527
-60.66390361492709,0.1528
-60.66390361492709,0.1529
-60.66390361492709,0.153
-60.66390361492709,0.1531
-60.66390361492709,0.1532
-60.66390361492709,0.1533
-60.66390361492709,0.1534
-60.66390361492709,0.1535
-60.66390361492709,0.1536
-60.66390361492709,0.1537
-60.66390361492709,0.1538
-60.66390361492709,0.1539
-60.66390361492709,0.154
-60.66390361492709,0.1541
-60.66390361492709,0.1542
-60.66390361492709,0.1543
-60.66390361492709,0.1544
-60.66390361492709,0.1545
-60.66390361492709,0.1546
-60.66390361492709,0.1547
-60.66390361492709,0.1548
-60.66390361492709,0.1549
-60.66390361492709,0.155
-60.66390361492709,0.1551
-60.66390361492709,0.1552
-60.66390361492709,0.1553
-60.66390361492709,0.1554
-60.66390361492709,0.1555
-60.66390361492709,0.1556
-60.66390361492709,0.1557
-60.66390361492709,0.1558
-60.66390361492709,0.1559
-60.66390361492709,0.156
-60.66390361492709,0.1561
-60.66390361492709,0.1562
-60.66390361492709,0.1563
-60.66390361492709,0.1564
-60.66390361492709,0.1565
-60.66390361492709,0.1566
-60.66390361492709,0.1567
-60.66390361492709,0.1568
-60.66390361492709,0.1569
-60.66390361492709,0.157
-60.66390361492709,0.1571
-60.66390361492709,0.1572
-60.66390361492709,0.1573
-60.66390361492709,0.1574
-60.66390361492709,0.1575
-60.66390361492709,0.1576
-60.66390361492709,0.1577
-60.66390361492709,0.1578
-60.66390361492709,0.1579
-60.66390361492709,0.158
-60.66390361492709,0.1581
-60.66390361492709,0.1582
-60.66390361492709,0.1583
-60.66390361492709,0.1584
-60.66390361492709,0.1585
-60.66390361492709,0.1586
-60.66390361492709,0.1587
-60.66390361492709,0.1588
-60.66390361492709,0.1589
-60.66390361492709,0.159
-60.66390361492709,0.1591
-60.66390361492709,0.1592
-60.66390361492709,0.1593
-60.66390361492709,0.1594
-60.66390361492709,0.1595
-60.66390361492709,0.1596
-60.66390361492709,0.1597
-60.66390361492709,0.1598
-60.66390361492709,0.1599
-60.66390361492709,0.16
-60.66390361492709,0.1601
-60.66390361492709,0.1602
-60.66390361492709,0.1603
-60.66390361492709,0.1604
-60.66390361492709,0.1605
-60.66390361492709,0.1606
-60.66390361492709,0.1607
-60.66390361492709,0.1608
-60.66390361492709,0.1609
-60.66390361492709,0.161
-60.66390361492709,0.1611
-60.66390361492709,0.1612
-60.66390361492709,0.1613
-60.66390361492709,0.1614
-60.66390361492709,0.1615
-60.66390361492709,0.1616
-60.66390361492709,0.1617
-60.66390361492709,0.1618
-60.66390361492709,0.1619
-60.66390361492709,0.162
-60.66390361492709,0.1621
-60.66390361492709,0.1622
-60.66390361492709,0.1623
-60.66390361492709,0.1624
-60.66390361492709,0.1625
-60.66390361492709,0.1626
-60.66390361492709,0.1627
-60.66390361492709,0.1628
-60.66390361492709,0.1629
-60.66390361492709,0.163
-60.66390361492709,0.1631
-60.66390361492709,0.1632
-60.66390361492709,0.1633
-60.66390361492709,0.1634
-60.66390361492709,0.1635
-60.66390361492709,0.1636
-60.66390361492709,0.1637
-60.66390361492709,0.1638
-60.66390361492709,0.1639
-60.66390361492709,0.164
-60.66390361492709,0.1641
-60.66390361492709,0.1642
-60.66390361492709,0.1643
-60.66390361492709,0.1644
-60.66390361492709,0.1645
-60.66390361492709,0.1646
-60.66390361492709,0.1647
-60.66390361492709,0.1648
-60.66390361492709,0.1649
-60.66390361492709,0.165
-60.66390361492709,0.1651
-60.66390361492709,0.1652
-60.66390361492709,0.1653
-60.66390361492709,0.1654
-60.66390361492709,0.1655
-60.66390361492709,0.1656
-60.66390361492709,0.1657
-60.66390361492709,0.1658
-60.66390361492709,0.1659
-60.66390361492709,0.166
-60.66390361492709,0.1661
-60.66390361492709,0.1662
-60.66390361492709,0.1663
-60.66390361492709,0.1664
-60.66390361492709,0.1665
-60.66390361492709,0.1666
-60.66390361492709,0.1667
-60.66390361492709,0.1668
-60.66390361492709,0.1669
-60.66390361492709,0.167
-60.66390361492709,0.1671
-60.66390361492709,0.1672
-60.66390361492709,0.1673
-60.66390361492709,0.1674
-60.66390361492709,0.1675
-60.66390361492709,0.1676
-60.66390361492709,0.1677
-60.66390361492709,0.1678
-60.66390361492709,0.1679
-60.66390361492709,0.168
-60.66390361492709,0.1681
-60.66390361492709,0.1682
-60.66390361492709,0.1683
-60.66390361492709,0.1684
-60.66390361492709,0.1685
-60.66390361492709,0.1686
-60.66390361492709,0.1687
-60.66390361492709,0.1688
-60.66390361492709,0.1689
-60.66390361492709,0.169
-60.66390361492709,0.1691
-60.66390361492709,0.1692
-60.66390361492709,0.1693
-60.66390361492709,0.1694
-60.66390361492709,0.1695
-60.66390361492709,0.1696
-60.66390361492709,0.1697
-60.66390361492709,0.1698
-60.66390361492709,0.1699
-60.66390361492709,0.17
-60.66390361492709,0.1701
-60.66390361492709,0.1702
-60.66390361492709,0.1703
-60.66390361492709,0.1704
-60.66390361492709,0.1705
-60.66390361492709,0.1706
-60.66390361492709,0.1707
-60.66390361492709,0.1708
-60.66390361492709,0.1709
-60.66390361492709,0.171
-60.66390361492709,0.1711
-60.66390361492709,0.1712
-60.66390361492709,0.1713
-60.66390361492709,0.1714
-60.66390361492709,0.1715
-60.66390361492709,0.1716
-60.66390361492709,0.1717
-60.66390361492709,0.1718
-60.66390361492709,0.1719
-60.66390361492709,0.172
-60.66390361492709,0.1721
-60.66390361492709,0.1722
-60.66390361492709,0.1723
-60.66390361492709,0.1724
-60.66390361492709,0.1725
-60.66390361492709,0.1726
-60.66390361492709,0.1727
-60.66390361492709,0.1728
-60.66390361492709,0.1729
-60.66390361492709,0.173
-60.66390361492709,0.1731
-60.66390361492709,0.1732
-60.66390361492709,0.1733
-60.66390361492709,0.1734
-60.66390361492709,0.1735
-60.66390361492709,0.1736
-60.66390361492709,0.1737
-60.66390361492709,0.1738
-60.66390361492709,0.1739
-60.66390361492709,0.174
-60.66390361492709,0.1741
-60.66390361492709,0.1742
-60.66390361492709,0.1743
-60.66390361492709,0.1744
-60.66390361492709,0.1745
-60.66390361492709,0.1746
-60.66390361492709,0.1747
-60.66390361492709,0.1748
-60.66390361492709,0.1749
-60.66390361492709,0.175
-60.66390361492709,0.1751
-60.66390361492709,0.1752
-60.66390361492709,0.1753
-60.66390361492709,0.1754
-60.66390361492709,0.1755
-60.66390361492709,0.1756
-60.66390361492709,0.1757
-60.66390361492709,0.1758
-60.66390361492709,0.1759
-60.66390361492709,0.176
-60.66390361492709,0.1761
-60.66390361492709,0.1762
-60.66390361492709,0.1763
-60.66390361492709,0.1764
-60.66390361492709,0.1765
-60.66390361492709,0.1766
-60.66390361492709,0.1767
-60.66390361492709,0.1768
-60.66390361492709,0.1769
-60.66390361492709,0.177
-60.66390361492709,0.1771
-60.66390361492709,0.1772
-60.66390361492709,0.1773
-60.66390361492709,0.1774
-60.66390361492709,0.1775
-60.66390361492709,0.1776
-60.66390361492709,0.1777
-60.66390361492709,0.1778
-60.66390361492709,0.1779
-60.66390361492709,0.178
-60.66390361492709,0.1781
-60.66390361492709,0.1782
-60.66390361492709,0.1783
-60.66390361492709,0.1784
-60.66390361492709,0.1785
-60.66390361492709,0.1786
-60.66390361492709,0.1787
-60.66390361492709,0.1788
-60.66390361492709,0.1789
-60.66390361492709,0.179
-60.66390361492709,0.1791
-60.66390361492709,0.1792
-60.66390361492709,0.1793
-60.66390361492709,0.1794
-60.66390361492709,0.1795
-60.66390361492709,0.1796
-60.66390361492709,0.1797
-60.66390361492709,0.1798
-60.66390361492709,0.1799
-60.66390361492709,0.18
-60.66390361492709,0.1801
-60.66390361492709,0.1802
-60.66390361492709,0.1803
-60.66390361492709,0.1804
-60.66390361492709,0.1805
-60.66390361492709,0.1806
-60.66390361492709,0.1807
-60.66390361492709,0.1808
-60.66390361492709,0.1809
-60.66390361492709,0.181
-60.66390361492709,0.1811
-60.66390361492709,0.1812
-60.66390361492709,0.1813
-60.66390361492709,0.1814
-60.66390361492709,0.1815
-60.66390361492709,0.1816
-60.66390361492709,0.1817
-60.66390361492709,0.1818
-60.66390361492709,0.1819
-60.66390361492709,0.182
-60.66390361492709,0.1821
-60.66390361492709,0.1822
-60.66390361492709,0.1823
-60.66390361492709,0.1824
-60.66390361492709,0.1825
-60.66390361492709,0.1826
-60.66390361492709,0.1827
-60.66390361492709,0.1828
-60.66390361492709,0.1829
-60.66390361492709,0.183
-60.66390361492709,0.1831
-60.66390361492709,0.1832
-60.66390361492709,0.1833
-60.66390361492709,0.1834
-60.66390361492709,0.1835
-60.66390361492709,0.1836
-60.66390361492709,0.1837
-60.66390361492709,0.1838
-60.66390361492709,0.1839
-60.66390361492709,0.184
-60.66390361492709,0.1841
-60.66390361492709,0.1842
-60.66390361492709,0.1843
-60.66390361492709,0.1844
-60.66390361492709,0.1845
-60.66390361492709,0.1846
-60.66390361492709,0.1847
-60.66390361492709,0.1848
-60.66390361492709,0.1849
-60.66390361492709,0.185
-60.66390361492709,0.1851
-60.66390361492709,0.1852
-60.66390361492709,0.1853
-60.66390361492709,0.1854
-60.66390361492709,0.1855
-60.66390361492709,0.1856
-60.66390361492709,0.1857
-60.66390361492709,0.1858
-60.66390361492709,0.1859
-60.66390361492709,0.186
-60.66390361492709,0.1861
-60.66390361492709,0.1862
-60.66390361492709,0.1863
-60.66390361492709,0.1864
-60.66390361492709,0.1865
-60.66390361492709,0.1866
-60.66390361492709,0.1867
-60.66390361492709,0.1868
-60.66390361492709,0.1869
-60.66390361492709,0.187
-60.66390361492709,0.1871
-60.66390361492709,0.1872
-60.66390361492709,0.1873
-60.66390361492709,0.1874
-60.66390361492709,0.1875
-60.66390361492709,0.1876
-60.66390361492709,0.1877
-60.66390361492709,0.1878
-60.66390361492709,0.1879
-60.66390361492709,0.188
-60.66390361492709,0.1881
-60.66390361492709,0.1882
-60.66390361492709,0.1883
-60.66390361492709,0.1884
-60.66390361492709,0.1885
-60.66390361492709,0.1886
-60.66390361492709,0.1887
-60.66390361492709,0.1888
-60.66390361492709,0.1889
-60.66390361492709,0.189
-60.66390361492709,0.1891
-60.66390361492709,0.1892
-60.66390361492709,0.1893
-60.66390361492709,0.1894
-60.66390361492709,0.1895
-60.66390361492709,0.1896
-60.66390361492709,0.1897
-60.66390361492709,0.1898
-60.66390361492709,0.1899
-60.66390361492709,0.19
-60.66390361492709,0.1901
-60.66390361492709,0.1902
-60.66390361492709,0.1903
-60.66390361492709,0.1904
-60.66390361492709,0.1905
-60.66390361492709,0.1906
-60.66390361492709,0.1907
-60.66390361492709,0.1908
-60.66390361492709,0.1909
-60.66390361492709,0.191
-60.66390361492709,0.1911
-60.66390361492709,0.1912
-60.66390361492709,0.1913
-60.66390361492709,0.1914
-60.66390361492709,0.1915
-60.66390361492709,0.1916
-60.66390361492709,0.1917
-60.66390361492709,0.1918
-60.66390361492709,0.1919
-60.66390361492709,0.192
-60.66390361492709,0.1921
-60.66390361492709,0.1922
-60.66390361492709,0.1923
-60.66390361492709,0.1924
-60.66390361492709,0.1925
-60.66390361492709,0.1926
-60.66390361492709,0.1927
-60.66390361492709,0.1928
-60.66390361492709,0.1929
-60.66390361492709,0.193
-60.66390361492709,0.1931
-60.66390361492709,0.1932
-60.66390361492709,0.1933
-60.66390361492709,0.1934
-60.66390361492709,0.1935
-60.66390361492709,0.1936
-60.66390361492709,0.1937
-60.66390361492709,0.1938
-60.66390361492709,0.1939
-60.66390361492709,0.194
-60.66390361492709,0.1941
-60.66390361492709,0.1942
-60.66390361492709,0.1943
-60.66390361492709,0.1944
-60.66390361492709,0.1945
-60.66390361492709,0.1946
-60.66390361492709,0.1947
-60.66390361492709,0.1948
-60.66390361492709,0.1949
-60.66390361492709,0.195
-60.66390361492709,0.1951
-60.66390361492709,0.1952
-60.66390361492709,0.1953
-60.66390361492709,0.1954
-60.66390361492709,0.1955
-60.66390361492709,0.1956
-60.66390361492709,0.1957
-60.66390361492709,0.1958
-60.66390361492709,0.1959
-60.66390361492709,0.196
-60.66390361492709,0.1961
-60.66390361492709,0.1962
-60.66390361492709,0.1963
-60.66390361492709,0.1964
-60.66390361492709,0.1965
-60.66390361492709,0.1966
-60.66390361492709,0.1967
-60.66390361492709,0.1968
-60.66390361492709,0.1969
-60.66390361492709,0.197
-60.66390361492709,0.1971
-60.66390361492709,0.1972
-60.66390361492709,0.1973
-60.66390361492709,0.1974
-60.66390361492709,0.1975
-60.66390361492709,0.1976
-60.66390361492709,0.1977
-60.66390361492709,0.1978
-60.66390361492709,0.1979
-60.66390361492709,0.198
-60.66390361492709,0.1981
-60.66390361492709,0.1982
-60.66390361492709,0.1983
-60.66390361492709,0.1984
-60.66390361492709,0.1985
-60.66390361492709,0.1986
-60.66390361492709,0.1987
-60.66390361492709,0.1988
-60.66390361492709,0.1989
-60.66390361492709,0.199
-60.66390361492709,0.1991
-60.66390361492709,0.1992
-60.66390361492709,0.1993
-60.66390361492709,0.1994
-60.66390361492709,0.1995
-60.66390361492709,0.1996
-60.66390361492709,0.1997
-60.66390361492709,0.1998
-60.66390361492709,0.1999
-60.66390361492709,0.2
-60.66390361492709,0.2001
-60.66390361492709,0.2002
-60.66390361492709,0.2003
-60.66390361492709,0.2004
-60.66390361492709,0.2005
-60.66390361492709,0.2006
-60.66390361492709,0.2007
-60.66390361492709,0.2008
-60.66390361492709,0.2009
-60.66390361492709,0.201
-60.66390361492709,0.2011
-60.66390361492709,0.2012
-60.66390361492709,0.2013
-60.66390361492709,0.2014
-60.66390361492709,0.2015
-60.66390361492709,0.2016
-60.66390361492709,0.2017
-60.66390361492709,0.2018
-60.66390361492709,0.2019
-60.66390361492709,0.202
-60.66390361492709,0.2021
-60.66390361492709,0.2022
-60.66390361492709,0.2023
-60.66390361492709,0.2024
-60.66390361492709,0.2025
-60.66390361492709,0.2026
-60.66390361492709,0.2027
-60.66390361492709,0.2028
-60.66390361492709,0.2029
-60.66390361492709,0.203
-60.66390361492709,0.2031
-60.66390361492709,0.2032
-60.66390361492709,0.2033
-60.66390361492709,0.2034
-60.66390361492709,0.2035
-60.66390361492709,0.2036
-60.66390361492709,0.2037
-60.66390361492709,0.2038
-60.66390361492709,0.2039
-60.66390361492709,0.204
-60.66390361492709,0.2041
-60.66390361492709,0.2042
-60.66390361492709,0.2043
-60.66390361492709,0.2044
-60.66390361492709,0.2045
-60.66390361492709,0.2046
-60.66390361492709,0.2047
-60.66390361492709,0.2048
-60.66390361492709,0.2049
-60.66390361492709,0.205
-60.66390361492709,0.2051
-60.66390361492709,0.2052
-60.66390361492709,0.2053
-60.66390361492709,0.2054
-60.66390361492709,0.2055
-60.66390361492709,0.2056
-60.66390361492709,0.2057
-60.66390361492709,0.2058
-60.66390361492709,0.2059
-60.66390361492709,0.206
-60.66390361492709,0.2061
-60.66390361492709,0.2062
-60.66390361492709,0.2063
-60.66390361492709,0.2064
-60.66390361492709,0.2065
-60.66390361492709,0.2066
-60.66390361492709,0.2067
-60.66390361492709,0.2068
-60.66390361492709,0.2069
-60.66390361492709,0.207
-60.66390361492709,0.2071
-60.66390361492709,0.2072
-60.66390361492709,0.2073
-60.66390361492709,0.2074
-60.66390361492709,0.2075
-60.66390361492709,0.2076
-60.66390361492709,0.2077
-60.66390361492709,0.2078
-60.66390361492709,0.2079
-60.66390361492709,0.208
-60.66390361492709,0.2081
-60.66390361492709,0.2082
-60.66390361492709,0.2083
-60.66390361492709,0.2084
-60.66390361492709,0.2085
-60.66390361492709,0.2086
-60.66390361492709,0.2087
-60.66390361492709,0.2088
-60.66390361492709,0.2089
-60.66390361492709,0.209
-60.66390361492709,0.2091
-60.66390361492709,0.2092
-60.66390361492709,0.2093
-60.66390361492709,0.2094
-60.66390361492709,0.2095
-60.66390361492709,0.2096
-60.66390361492709,0.2097
-60.66390361492709,0.2098
-60.66390361492709,0.2099
-60.66390361492709,0.21
-60.66390361492709,0.2101
-60.66390361492709,0.2102
-60.66390361492709,0.2103
-60.66390361492709,0.2104
-60.66390361492709,0.2105
-60.66390361492709,0.2106
-60.66390361492709,0.2107
-60.66390361492709,0.2108
-60.66390361492709,0.2109
-60.66390361492709,0.211
-60.66390361492709,0.2111
-60.66390361492709,0.2112
-60.66390361492709,0.2113
-60.66390361492709,0.2114
-60.66390361492709,0.2115
-60.66390361492709,0.2116
-60.66390361492709,0.2117
-60.66390361492709,0.2118
-60.66390361492709,0.2119
-60.66390361492709,0.212
-60.66390361492709,0.2121
-60.66390361492709,0.2122
-60.66390361492709,0.2123
-60.66390361492709,0.2124
-60.66390361492709,0.2125
-60.66390361492709,0.2126
-60.66390361492709,0.2127
-60.66390361492709,0.2128
-60.66390361492709,0.2129
-60.66390361492709,0.213
-60.66390361492709,0.2131
-60.66390361492709,0.2132
-60.66390361492709,0.2133
-60.66390361492709,0.2134
-60.66390361492709,0.2135
-60.66390361492709,0.2136
-60.66390361492709,0.2137
-60.66390361492709,0.2138
-60.66390361492709,0.2139
-60.66390361492709,0.214
-60.66390361492709,0.2141
-60.66390361492709,0.2142
-60.66390361492709,0.2143
-60.66390361492709,0.2144
-60.66390361492709,0.2145
-60.66390361492709,0.2146
-60.66390361492709,0.2147
-60.66390361492709,0.2148
-60.66390361492709,0.2149
-60.66390361492709,0.215
-60.66390361492709,0.2151
-60.66390361492709,0.2152
-60.66390361492709,0.2153
-60.66390361492709,0.2154
-60.66390361492709,0.2155
-60.66390361492709,0.2156
-60.66390361492709,0.2157
-60.66390361492709,0.2158
-60.66390361492709,0.2159
-60.66390361492709,0.216
-60.66390361492709,0.2161
-60.66390361492709,0.2162
-60.66390361492709,0.2163
-60.66390361492709,0.2164
-60.66390361492709,0.2165
-60.66390361492709,0.2166
-60.66390361492709,0.2167
-60.66390361492709,0.2168
-60.66390361492709,0.2169
-60.66390361492709,0.217
-60.66390361492709,0.2171
-60.66390361492709,0.2172
-60.66390361492709,0.2173
-60.66390361492709,0.2174
-60.66390361492709,0.2175
-60.66390361492709,0.2176
-60.66390361492709,0.2177
-60.66390361492709,0.2178
-60.66390361492709,0.2179
-60.66390361492709,0.218
-60.66390361492709,0.2181
-60.66390361492709,0.2182
-60.66390361492709,0.2183
-60.66390361492709,0.2184
-60.66390361492709,0.2185
-60.66390361492709,0.2186
-60.66390361492709,0.2187
-60.66390361492709,0.2188
-60.66390361492709,0.2189
-60.66390361492709,0.219
-60.66390361492709,0.2191
-60.66390361492709,0.2192
-60.66390361492709,0.2193
-60.66390361492709,0.2194
-60.66390361492709,0.2195
-60.66390361492709,0.2196
-60.66390361492709,0.2197
-60.66390361492709,0.2198
-60.66390361492709,0.2199
-60.66390361492709,0.22
-60.66390361492709,0.2201
-60.66390361492709,0.2202
-60.66390361492709,0.2203
-60.66390361492709,0.2204
-60.66390361492709,0.2205
-60.66390361492709,0.2206
-60.66390361492709,0.2207
-60.66390361492709,0.2208
-60.66390361492709,0.2209
-60.66390361492709,0.221
-60.66390361492709,0.2211
-60.66390361492709,0.2212
-60.66390361492709,0.2213
-60.66390361492709,0.2214
-60.66390361492709,0.2215
-60.66390361492709,0.2216
-60.66390361492709,0.2217
-60.66390361492709,0.2218
-60.66390361492709,0.2219
-60.66390361492709,0.222
-60.66390361492709,0.2221
-60.66390361492709,0.2222
-60.66390361492709,0.2223
-60.66390361492709,0.2224
-60.66390361492709,0.2225
-60.66390361492709,0.2226
-60.66390361492709,0.2227
-60.66390361492709,0.2228
-60.66390361492709,0.2229
-60.66390361492709,0.223
-60.66390361492709,0.2231
-60.66390361492709,0.2232
-60.66390361492709,0.2233
-60.66390361492709,0.2234
-60.66390361492709,0.2235
-60.66390361492709,0.2236
-60.66390361492709,0.2237
-60.66390361492709,0.2238
-60.66390361492709,0.2239
-60.66390361492709,0.224
-60.66390361492709,0.2241
-60.66390361492709,0.2242
-60.66390361492709,0.2243
-60.66390361492709,0.2244
-60.66390361492709,0.2245
-60.66390361492709,0.2246
-60.66390361492709,0.2247
-60.66390361492709,0.2248
-60.66390361492709,0.2249
-60.66390361492709,0.225
-60.66390361492709,0.2251
-60.66390361492709,0.2252
-60.66390361492709,0.2253
-60.66390361492709,0.2254
-60.66390361492709,0.2255
-60.66390361492709,0.2256
-60.66390361492709,0.2257
-60.66390361492709,0.2258
-60.66390361492709,0.2259
-60.66390361492709,0.226
-60.66390361492709,0.2261
-60.66390361492709,0.2262
-60.66390361492709,0.2263
-60.66390361492709,0.2264
-60.66390361492709,0.2265
-60.66390361492709,0.2266
-60.66390361492709,0.2267
-60.66390361492709,0.2268
-60.66390361492709,0.2269
-60.66390361492709,0.227
-60.66390361492709,0.2271
-60.66390361492709,0.2272
-60.66390361492709,0.2273
-60.66390361492709,0.2274
-60.66390361492709,0.2275
-60.66390361492709,0.2276
-60.66390361492709,0.2277
-60.66390361492709,0.2278
-60.66390361492709,0.2279
-60.66390361492709,0.228
-60.66390361492709,0.2281
-60.66390361492709,0.2282
-60.66390361492709,0.2283
-60.66390361492709,0.2284
-60.66390361492709,0.2285
-60.66390361492709,0.2286
-60.66390361492709,0.2287
-60.66390361492709,0.2288
-60.66390361492709,0.2289
-60.66390361492709,0.229
-60.66390361492709,0.2291
-60.66390361492709,0.2292
-60.66390361492709,0.2293
-60.66390361492709,0.2294
-60.66390361492709,0.2295
-60.66390361492709,0.2296
-60.66390361492709,0.2297
-60.66390361492709,0.2298
-60.66390361492709,0.2299
-60.66390361492709,0.23
-60.66390361492709,0.2301
-60.66390361492709,0.2302
-60.66390361492709,0.2303
-60.66390361492709,0.2304
-60.66390361492709,0.2305
-60.66390361492709,0.2306
-60.66390361492709,0.2307
-60.66390361492709,0.2308
-60.66390361492709,0.2309
-60.66390361492709,0.231
-60.66390361492709,0.2311
-60.66390361492709,0.2312
-60.66390361492709,0.2313
-60.66390361492709,0.2314
-60.66390361492709,0.2315
-60.66390361492709,0.2316
-60.66390361492709,0.2317
-60.66390361492709,0.2318
-60.66390361492709,0.2319
-60.66390361492709,0.232
-60.66390361492709,0.2321
-60.66390361492709,0.2322
-60.66390361492709,0.2323
-60.66390361492709,0.2324
-60.66390361492709,0.2325
-60.66390361492709,0.2326
-60.66390361492709,0.2327
-60.66390361492709,0.2328
-60.66390361492709,0.2329
-60.66390361492709,0.233
-60.66390361492709,0.2331
-60.66390361492709,0.2332
-60.66390361492709,0.2333
-60.66390361492709,0.2334
-60.66390361492709,0.2335
-60.66390361492709,0.2336
-60.66390361492709,0.2337
-60.66390361492709,0.2338
-60.66390361492709,0.2339
-60.66390361492709,0.234
-60.66390361492709,0.2341
-60.66390361492709,0.2342
-60.66390361492709,0.2343
-60.66390361492709,0.2344
-60.66390361492709,0.2345
-60.66390361492709,0.2346
-60.66390361492709,0.2347
-60.66390361492709,0.2348
-60.66390361492709,0.2349
-60.66390361492709,0.235
-60.66390361492709,0.2351
-60.66390361492709,0.2352
-60.66390361492709,0.2353
-60.66390361492709,0.2354
-60.66390361492709,0.2355
-60.66390361492709,0.2356
-60.66390361492709,0.2357
-60.66390361492709,0.2358
-60.66390361492709,0.2359
-60.66390361492709,0.236
-60.66390361492709,0.2361
-60.66390361492709,0.2362
-60.66390361492709,0.2363
-60.66390361492709,0.2364
-60.66390361492709,0.2365
-60.66390361492709,0.2366
-60.66390361492709,0.2367
-60.66390361492709,0.2368
-60.66390361492709,0.2369
-60.66390361492709,0.237
-60.66390361492709,0.2371
-60.66390361492709,0.2372
-60.66390361492709,0.2373
-60.66390361492709,0.2374
-60.66390361492709,0.2375
-60.66390361492709,0.2376
-60.66390361492709,0.2377
-60.66390361492709,0.2378
-60.66390361492709,0.2379
-60.66390361492709,0.238
-60.66390361492709,0.2381
-60.66390361492709,0.2382
-60.66390361492709,0.2383
-60.66390361492709,0.2384
-60.66390361492709,0.2385
-60.66390361492709,0.2386
-60.66390361492709,0.2387
-60.66390361492709,0.2388
-60.66390361492709,0.2389
-60.66390361492709,0.239
-60.66390361492709,0.2391
-60.66390361492709,0.2392
-60.66390361492709,0.2393
-60.66390361492709,0.2394
-60.66390361492709,0.2395
-60.66390361492709,0.2396
-60.66390361492709,0.2397
-60.66390361492709,0.2398
-60.66390361492709,0.2399
-60.66390361492709,0.24
-60.66390361492709,0.2401
-60.66390361492709,0.2402
-60.66390361492709,0.2403
-60.66390361492709,0.2404
-60.66390361492709,0.2405
-60.66390361492709,0.2406
-60.66390361492709,0.2407
-60.66390361492709,0.2408
-60.66390361492709,0.2409
-60.66390361492709,0.241
-60.66390361492709,0.2411
-60.66390361492709,0.2412
-60.66390361492709,0.2413
-60.66390361492709,0.2414
-60.66390361492709,0.2415
-60.66390361492709,0.2416
-60.66390361492709,0.2417
-60.66390361492709,0.2418
-60.66390361492709,0.2419
-60.66390361492709,0.242
-60.66390361492709,0.2421
-60.66390361492709,0.2422
-60.66390361492709,0.2423
-60.66390361492709,0.2424
-60.66390361492709,0.2425
-60.66390361492709,0.2426
-60.66390361492709,0.2427
-60.66390361492709,0.2428
-60.66390361492709,0.2429
-60.66390361492709,0.243
-60.66390361492709,0.2431
-60.66390361492709,0.2432
-60.66390361492709,0.2433
-60.66390361492709,0.2434
-60.66390361492709,0.2435
-60.66390361492709,0.2436
-60.66390361492709,0.2437
-60.66390361492709,0.2438
-60.66390361492709,0.2439
-60.66390361492709,0.244
-60.66390361492709,0.2441
-60.66390361492709,0.2442
-60.66390361492709,0.2443
-60.66390361492709,0.2444
-60.66390361492709,0.2445
-60.66390361492709,0.2446
-60.66390361492709,0.2447
-60.66390361492709,0.2448
-60.66390361492709,0.2449
-60.66390361492709,0.245
-60.66390361492709,0.2451
-60.66390361492709,0.2452
-60.66390361492709,0.2453
-60.66390361492709,0.2454
-60.66390361492709,0.2455
-60.66390361492709,0.2456
-60.66390361492709,0.2457
-60.66390361492709,0.2458
-60.66390361492709,0.2459
-60.66390361492709,0.246
-60.66390361492709,0.2461
-60.66390361492709,0.2462
-60.66390361492709,0.2463
-60.66390361492709,0.2464
-60.66390361492709,0.2465
-60.66390361492709,0.2466
-60.66390361492709,0.2467
-60.66390361492709,0.2468
-60.66390361492709,0.2469
-60.66390361492709,0.247
-60.66390361492709,0.2471
-60.66390361492709,0.2472
-60.66390361492709,0.2473
-60.66390361492709,0.2474
-60.66390361492709,0.2475
-60.66390361492709,0.2476
-60.66390361492709,0.2477
-60.66390361492709,0.2478
-60.66390361492709,0.2479
-60.66390361492709,0.248
-60.66390361492709,0.2481
-60.66390361492709,0.2482
-60.66390361492709,0.2483
-60.66390361492709,0.2484
-60.66390361492709,0.2485
-60.66390361492709,0.2486
-60.66390361492709,0.2487
-60.66390361492709,0.2488
-60.66390361492709,0.2489
-60.66390361492709,0.249
-60.66390361492709,0.2491
-60.66390361492709,0.2492
-60.66390361492709,0.2493
-60.66390361492709,0.2494
-60.66390361492709,0.2495
-60.66390361492709,0.2496
-60.66390361492709,0.2497
-60.66390361492709,0.2498
-60.66390361492709,0.2499
-60.66390361492709,0.25
-60.66390361492709,0.2501
-60.66390361492709,0.2502
-60.66390361492709,0.2503
-60.66390361492709,0.2504
-60.66390361492709,0.2505
-60.66390361492709,0.2506
-60.66390361492709,0.2507
-60.66390361492709,0.2508
-60.66390361492709,0.2509
-60.66390361492709,0.251
-60.66390361492709,0.2511
-60.66390361492709,0.2512
-60.66390361492709,0.2513
-60.66390361492709,0.2514
-60.66390361492709,0.2515
-60.66390361492709,0.2516
-60.66390361492709,0.2517
-60.66390361492709,0.2518
-60.66390361492709,0.2519
-60.66390361492709,0.252
-60.66390361492709,0.2521
-60.66390361492709,0.2522
-60.66390361492709,0.2523
-60.66390361492709,0.2524
-60.66390361492709,0.2525
-60.66390361492709,0.2526
-60.66390361492709,0.2527
-60.66390361492709,0.2528
-60.66390361492709,0.2529
-60.66390361492709,0.253
-60.66390361492709,0.2531
-60.66390361492709,0.2532
-60.66390361492709,0.2533
-60.66390361492709,0.2534
-60.66390361492709,0.2535
-60.66390361492709,0.2536
-60.66390361492709,0.2537
-60.66390361492709,0.2538
-60.66390361492709,0.2539
-60.66390361492709,0.254
-60.66390361492709,0.2541
-60.66390361492709,0.2542
-60.66390361492709,0.2543
-60.66390361492709,0.2544
-60.66390361492709,0.2545
-60.66390361492709,0.2546
-60.66390361492709,0.2547
-60.66390361492709,0.2548
-60.66390361492709,0.2549
-60.66390361492709,0.255
-60.66390361492709,0.2551
-60.66390361492709,0.2552
-60.66390361492709,0.2553
-60.66390361492709,0.2554
-60.66390361492709,0.2555
-60.66390361492709,0.2556
-60.66390361492709,0.2557
-60.66390361492709,0.2558
-60.66390361492709,0.2559
-60.66390361492709,0.256
-60.66390361492709,0.2561
-60.66390361492709,0.2562
-60.66390361492709,0.2563
-60.66390361492709,0.2564
-60.66390361492709,0.2565
-60.66390361492709,0.2566
-60.66390361492709,0.2567
-60.66390361492709,0.2568
-60.66390361492709,0.2569
-60.66390361492709,0.257
-60.66390361492709,0.2571
-60.66390361492709,0.2572
-60.66390361492709,0.2573
-60.66390361492709,0.2574
-60.66390361492709,0.2575
-60.66390361492709,0.2576
-60.66390361492709,0.2577
-60.66390361492709,0.2578
-60.66390361492709,0.2579
-60.66390361492709,0.258
-60.66390361492709,0.2581
-60.66390361492709,0.2582
-60.66390361492709,0.2583
-60.66390361492709,0.2584
-60.66390361492709,0.2585
-60.66390361492709,0.2586
-60.66390361492709,0.2587
-60.66390361492709,0.2588
-60.66390361492709,0.2589
-60.66390361492709,0.259
-60.66390361492709,0.2591
-60.66390361492709,0.2592
-60.66390361492709,0.2593
-60.66390361492709,0.2594
-60.66390361492709,0.2595
-60.66390361492709,0.2596
-60.66390361492709,0.2597
-60.66390361492709,0.2598
-60.66390361492709,0.2599
-60.66390361492709,0.26
-60.66390361492709,0.2601
-60.66390361492709,0.2602
-60.66390361492709,0.2603
-60.66390361492709,0.2604
-60.66390361492709,0.2605
-60.66390361492709,0.2606
-60.66390361492709,0.2607
-60.66390361492709,0.2608
-60.66390361492709,0.2609
-60.66390361492709,0.261
-60.66390361492709,0.2611
-60.66390361492709,0.2612
-60.66390361492709,0.2613
-60.66390361492709,0.2614
-60.66390361492709,0.2615
-60.66390361492709,0.2616
-60.66390361492709,0.2617
-60.66390361492709,0.2618
-60.66390361492709,0.2619
-60.66390361492709,0.262
-60.66390361492709,0.2621
-60.66390361492709,0.2622
-60.66390361492709,0.2623
-60.66390361492709,0.2624
-60.66390361492709,0.2625
-60.66390361492709,0.2626
-60.66390361492709,0.2627
-60.66390361492709,0.2628
-60.66390361492709,0.2629
-60.66390361492709,0.263
-60.66390361492709,0.2631
-60.66390361492709,0.2632
-60.66390361492709,0.2633
-60.66390361492709,0.2634
-60.66390361492709,0.2635
-60.66390361492709,0.2636
-60.66390361492709,0.2637
-60.66390361492709,0.2638
-60.66390361492709,0.2639
-60.66390361492709,0.264
-60.66390361492709,0.2641
-60.66390361492709,0.2642
-60.66390361492709,0.2643
-60.66390361492709,0.2644
-60.66390361492709,0.2645
-60.66390361492709,0.2646
-60.66390361492709,0.2647
-60.66390361492709,0.2648
-60.66390361492709,0.2649
-60.66390361492709,0.265
-60.66390361492709,0.2651
-60.66390361492709,0.2652
-60.66390361492709,0.2653
-60.66390361492709,0.2654
-60.66390361492709,0.2655
-60.66390361492709,0.2656
-60.66390361492709,0.2657
-60.66390361492709,0.2658
-60.66390361492709,0.2659
-60.66390361492709,0.266
-60.66390361492709,0.2661
-60.66390361492709,0.2662
-60.66390361492709,0.2663
-60.66390361492709,0.2664
-60.66390361492709,0.2665
-60.66390361492709,0.2666
-60.66390361492709,0.2667
-60.66390361492709,0.2668
-60.66390361492709,0.2669
-60.66390361492709,0.267
-60.66390361492709,0.2671
-60.66390361492709,0.2672
-60.66390361492709,0.2673
-60.66390361492709,0.2674
-60.66390361492709,0.2675
-60.66390361492709,0.2676
-60.66390361492709,0.2677
-60.66390361492709,0.2678
-60.66390361492709,0.2679
-60.66390361492709,0.268
-60.66390361492709,0.2681
-60.66390361492709,0.2682
-60.66390361492709,0.2683
-60.66390361492709,0.2684
-60.66390361492709,0.2685
-60.66390361492709,0.2686
-60.66390361492709,0.2687
-60.66390361492709,0.2688
-60.66390361492709,0.2689
-60.66390361492709,0.269
-60.66390361492709,0.2691
-60.66390361492709,0.2692
-60.66390361492709,0.2693
-60.66390361492709,0.2694
-60.66390361492709,0.2695
-60.66390361492709,0.2696
-60.66390361492709,0.2697
-60.66390361492709,0.2698
-60.66390361492709,0.2699
-60.66390361492709,0.27
-60.66390361492709,0.2701
-60.66390361492709,0.2702
-60.66390361492709,0.2703
-60.66390361492709,0.2704
-60.66390361492709,0.2705
-60.66390361492709,0.2706
-60.66390361492709,0.2707
-60.66390361492709,0.2708
-60.66390361492709,0.2709
-60.66390361492709,0.271
-60.66390361492709,0.2711
-60.66390361492709,0.2712
-60.66390361492709,0.2713
-60.66390361492709,0.2714
-60.66390361492709,0.2715
-60.66390361492709,0.2716
-60.66390361492709,0.2717
-60.66390361492709,0.2718
-60.66390361492709,0.2719
-60.66390361492709,0.272
-60.66390361492709,0.2721
-60.66390361492709,0.2722
-60.66390361492709,0.2723
-60.66390361492709,0.2724
-60.66390361492709,0.2725
-60.66390361492709,0.2726
-60.66390361492709,0.2727
-60.66390361492709,0.2728
-60.66390361492709,0.2729
-60.66390361492709,0.273
-60.66390361492709,0.2731
-60.66390361492709,0.2732
-60.66390361492709,0.2733
-60.66390361492709,0.2734
-60.66390361492709,0.2735
-60.66390361492709,0.2736
-60.66390361492709,0.2737
-60.66390361492709,0.2738
-60.66390361492709,0.2739
-60.66390361492709,0.274
-60.66390361492709,0.2741
-60.66390361492709,0.2742
-60.66390361492709,0.2743
-60.66390361492709,0.2744
-60.66390361492709,0.2745
-60.66390361492709,0.2746
-60.66390361492709,0.2747
-60.66390361492709,0.2748
-60.66390361492709,0.2749
-60.66390361492709,0.275
-60.66390361492709,0.2751
-60.66390361492709,0.2752
-60.66390361492709,0.2753
-60.66390361492709,0.2754
-60.66390361492709,0.2755
-60.66390361492709,0.2756
-60.66390361492709,0.2757
-60.66390361492709,0.2758
-60.66390361492709,0.2759
-60.66390361492709,0.276
-60.66390361492709,0.2761
-60.66390361492709,0.2762
-60.66390361492709,0.2763
-60.66390361492709,0.2764
-60.66390361492709,0.2765
-60.66390361492709,0.2766
-60.66390361492709,0.2767
-60.66390361492709,0.2768
-60.66390361492709,0.2769
-60.66390361492709,0.277
-60.66390361492709,0.2771
-60.66390361492709,0.2772
-60.66390361492709,0.2773
-60.66390361492709,0.2774
-60.66390361492709,0.2775
-60.66390361492709,0.2776
-60.66390361492709,0.2777
-60.66390361492709,0.2778
-60.66390361492709,0.2779
-60.66390361492709,0.278
-60.66390361492709,0.2781
-60.66390361492709,0.2782
-60.66390361492709,0.2783
-60.66390361492709,0.2784
-60.66390361492709,0.2785
-60.66390361492709,0.2786
-60.66390361492709,0.2787
-60.66390361492709,0.2788
-60.66390361492709,0.2789
-60.66390361492709,0.279
-60.66390361492709,0.2791
-60.66390361492709,0.2792
-60.66390361492709,0.2793
-60.66390361492709,0.2794
-60.66390361492709,0.2795
-60.66390361492709,0.2796
-60.66390361492709,0.2797
-60.66390361492709,0.2798
-60.66390361492709,0.2799
-60.66390361492709,0.28
-60.66390361492709,0.2801
-60.66390361492709,0.2802
-60.66390361492709,0.2803
-60.66390361492709,0.2804
-60.66390361492709,0.2805
-60.66390361492709,0.2806
-60.66390361492709,0.2807
-60.66390361492709,0.2808
-60.66390361492709,0.2809
-60.66390361492709,0.281
-60.66390361492709,0.2811
-60.66390361492709,0.2812
-60.66390361492709,0.2813
-60.66390361492709,0.2814
-60.66390361492709,0.2815
-60.66390361492709,0.2816
-60.66390361492709,0.2817
-60.66390361492709,0.2818
-60.66390361492709,0.2819
-60.66390361492709,0.282
-60.66390361492709,0.2821
-60.66390361492709,0.2822
-60.66390361492709,0.2823
-60.66390361492709,0.2824
-60.66390361492709,0.2825
-60.66390361492709,0.2826
-60.66390361492709,0.2827
-60.66390361492709,0.2828
-60.66390361492709,0.2829
-60.66390361492709,0.283
-60.66390361492709,0.2831
-60.66390361492709,0.2832
-60.66390361492709,0.2833
-60.66390361492709,0.2834
-60.66390361492709,0.2835
-60.66390361492709,0.2836
-60.66390361492709,0.2837
-60.66390361492709,0.2838
-60.66390361492709,0.2839
-60.66390361492709,0.284
-60.66390361492709,0.2841
-60.66390361492709,0.2842
-60.66390361492709,0.2843
-60.66390361492709,0.2844
-60.66390361492709,0.2845
-60.66390361492709,0.2846
-60.66390361492709,0.2847
-60.66390361492709,0.2848
-60.66390361492709,0.2849
-60.66390361492709,0.285
-60.66390361492709,0.2851
-60.66390361492709,0.2852
-60.66390361492709,0.2853
-60.66390361492709,0.2854
-60.66390361492709,0.2855
-60.66390361492709,0.2856
-60.66390361492709,0.2857
-60.66390361492709,0.2858
-60.66390361492709,0.2859
-60.66390361492709,0.286
-60.66390361492709,0.2861
-60.66390361492709,0.2862
-60.66390361492709,0.2863
-60.66390361492709,0.2864
-60.66390361492709,0.2865
-60.66390361492709,0.2866
-60.66390361492709,0.2867
-60.66390361492709,0.2868
-60.66390361492709,0.2869
-60.66390361492709,0.287
-60.66390361492709,0.2871
-60.66390361492709,0.2872
-60.66390361492709,0.2873
-60.66390361492709,0.2874
-60.66390361492709,0.2875
-60.66390361492709,0.2876
-60.66390361492709,0.2877
-60.66390361492709,0.2878
-60.66390361492709,0.2879
-60.66390361492709,0.288
-60.66390361492709,0.2881
-60.66390361492709,0.2882
-60.66390361492709,0.2883
-60.66390361492709,0.2884
-60.66390361492709,0.2885
-60.66390361492709,0.2886
-60.66390361492709,0.2887
-60.66390361492709,0.2888
-60.66390361492709,0.2889
-60.66390361492709,0.289
-60.66390361492709,0.2891
-60.66390361492709,0.2892
-60.66390361492709,0.2893
-60.66390361492709,0.2894
-60.66390361492709,0.2895
-60.66390361492709,0.2896
-60.66390361492709,0.2897
-60.66390361492709,0.2898
-60.66390361492709,0.2899
-60.66390361492709,0.29
-60.66390361492709,0.2901
-60.66390361492709,0.2902
-60.66390361492709,0.2903
-60.66390361492709,0.2904
-60.66390361492709,0.2905
-60.66390361492709,0.2906
-60.66390361492709,0.2907
-60.66390361492709,0.2908
-60.66390361492709,0.2909
-60.66390361492709,0.291
-60.66390361492709,0.2911
-60.66390361492709,0.2912
-60.66390361492709,0.2913
-60.66390361492709,0.2914
-60.66390361492709,0.2915
-60.66390361492709,0.2916
-60.66390361492709,0.2917
-60.66390361492709,0.2918
-60.66390361492709,0.2919
-60.66390361492709,0.292
-60.66390361492709,0.2921
-60.66390361492709,0.2922
-60.66390361492709,0.2923
-60.66390361492709,0.2924
-60.66390361492709,0.2925
-60.66390361492709,0.2926
-60.66390361492709,0.2927
-60.66390361492709,0.2928
-60.66390361492709,0.2929
-60.66390361492709,0.293
-60.66390361492709,0.2931
-60.66390361492709,0.2932
-60.66390361492709,0.2933
-60.66390361492709,0.2934
-60.66390361492709,0.2935
-60.66390361492709,0.2936
-60.66390361492709,0.2937
-60.66390361492709,0.2938
-60.66390361492709,0.2939
-60.66390361492709,0.294
-60.66390361492709,0.2941
-60.66390361492709,0.2942
-60.66390361492709,0.2943
-60.66390361492709,0.2944
-60.66390361492709,0.2945
-60.66390361492709,0.2946
-60.66390361492709,0.2947
-60.66390361492709,0.2948
-60.66390361492709,0.2949
-60.66390361492709,0.295
-60.66390361492709,0.2951
-60.66390361492709,0.2952
-60.66390361492709,0.2953
-60.66390361492709,0.2954
-60.66390361492709,0.2955
-60.66390361492709,0.2956
-60.66390361492709,0.2957
-60.66390361492709,0.2958
-60.66390361492709,0.2959
-60.66390361492709,0.296
-60.66390361492709,0.2961
-60.66390361492709,0.2962
-60.66390361492709,0.2963
-60.66390361492709,0.2964
-60.66390361492709,0.2965
-60.66390361492709,0.2966
-60.66390361492709,0.2967
-60.66390361492709,0.2968
-60.66390361492709,0.2969
-60.66390361492709,0.297
-60.66390361492709,0.2971
-60.66390361492709,0.2972
-60.66390361492709,0.2973
-60.66390361492709,0.2974
-60.66390361492709,0.2975
-60.66390361492709,0.2976
-60.66390361492709,0.2977
-60.66390361492709,0.2978
-60.66390361492709,0.2979
-60.66390361492709,0.298
-60.66390361492709,0.2981
-60.66390361492709,0.2982
-60.66390361492709,0.2983
-60.66390361492709,0.2984
-60.66390361492709,0.2985
-60.66390361492709,0.2986
-60.66390361492709,0.2987
-60.66390361492709,0.2988
-60.66390361492709,0.2989
-60.66390361492709,0.299
-60.66390361492709,0.2991
-60.66390361492709,0.2992
-60.66390361492709,0.2993
-60.66390361492709,0.2994
-60.66390361492709,0.2995
-60.66390361492709,0.2996
-60.66390361492709,0.2997
-60.66390361492709,0.2998
-60.66390361492709,0.2999
-60.66390361492709,0.3
-60.66390361492709,0.3001
-60.66390361492709,0.3002
-60.66390361492709,0.3003
-60.66390361492709,0.3004
-60.66390361492709,0.3005
-60.66390361492709,0.3006
-60.66390361492709,0.3007
-60.66390361492709,0.3008
-60.66390361492709,0.3009
-60.66390361492709,0.301
-60.66390361492709,0.3011
-60.66390361492709,0.3012
-60.66390361492709,0.3013
-60.66390361492709,0.3014
-60.66390361492709,0.3015
-60.66390361492709,0.3016
-60.66390361492709,0.3017
-60.66390361492709,0.3018
-60.66390361492709,0.3019
-60.66390361492709,0.302
-60.66390361492709,0.3021
-60.66390361492709,0.3022
-60.66390361492709,0.3023
-60.66390361492709,0.3024
-60.66390361492709,0.3025
-60.66390361492709,0.3026
-60.66390361492709,0.3027
-60.66390361492709,0.3028
-60.66390361492709,0.3029
-60.66390361492709,0.303
-60.66390361492709,0.3031
-60.66390361492709,0.3032
-60.66390361492709,0.3033
-60.66390361492709,0.3034
-60.66390361492709,0.3035
-60.66390361492709,0.3036
-60.66390361492709,0.3037
-60.66390361492709,0.3038
-60.66390361492709,0.3039
-60.66390361492709,0.304
-60.66390361492709,0.3041
-60.66390361492709,0.3042
-60.66390361492709,0.3043
-60.66390361492709,0.3044
-60.66390361492709,0.3045
-60.66390361492709,0.3046
-60.66390361492709,0.3047
-60.66390361492709,0.3048
-60.66390361492709,0.3049
-60.66390361492709,0.305
-60.66390361492709,0.3051
-60.66390361492709,0.3052
-60.66390361492709,0.3053
-60.66390361492709,0.3054
-60.66390361492709,0.3055
-60.66390361492709,0.3056
-60.66390361492709,0.3057
-60.66390361492709,0.3058
-60.66390361492709,0.3059
-60.66390361492709,0.306
-60.66390361492709,0.3061
-60.66390361492709,0.3062
-60.66390361492709,0.3063
-60.66390361492709,0.3064
-60.66390361492709,0.3065
-60.66390361492709,0.3066
-60.66390361492709,0.3067
-60.66390361492709,0.3068
-60.66390361492709,0.3069
-60.66390361492709,0.307
-60.66390361492709,0.3071
-60.66390361492709,0.3072
-60.66390361492709,0.3073
-60.66390361492709,0.3074
-60.66390361492709,0.3075
-60.66390361492709,0.3076
-60.66390361492709,0.3077
-60.66390361492709,0.3078
-60.66390361492709,0.3079
-60.66390361492709,0.308
-60.66390361492709,0.3081
-60.66390361492709,0.3082
-60.66390361492709,0.3083
-60.66390361492709,0.3084
-60.66390361492709,0.3085
-60.66390361492709,0.3086
-60.66390361492709,0.3087
-60.66390361492709,0.3088
-60.66390361492709,0.3089
-60.66390361492709,0.309
-60.66390361492709,0.3091
-60.66390361492709,0.3092
-60.66390361492709,0.3093
-60.66390361492709,0.3094
-60.66390361492709,0.3095
-60.66390361492709,0.3096
-60.66390361492709,0.3097
-60.66390361492709,0.3098
-60.66390361492709,0.3099
-60.66390361492709,0.31
-60.66390361492709,0.3101
-60.66390361492709,0.3102
-60.66390361492709,0.3103
-60.66390361492709,0.3104
-60.66390361492709,0.3105
-60.66390361492709,0.3106
-60.66390361492709,0.3107
-60.66390361492709,0.3108
-60.66390361492709,0.3109
-60.66390361492709,0.311
-60.66390361492709,0.3111
-60.66390361492709,0.3112
-60.66390361492709,0.3113
-60.66390361492709,0.3114
-60.66390361492709,0.3115
-60.66390361492709,0.3116
-60.66390361492709,0.3117
-60.66390361492709,0.3118
-60.66390361492709,0.3119
-60.66390361492709,0.312
-60.66390361492709,0.3121
-60.66390361492709,0.3122
-60.66390361492709,0.3123
-60.66390361492709,0.3124
-60.66390361492709,0.3125
-60.66390361492709,0.3126
-60.66390361492709,0.3127
-60.66390361492709,0.3128
-60.66390361492709,0.3129
-60.66390361492709,0.313
-60.66390361492709,0.3131
-60.66390361492709,0.3132
-60.66390361492709,0.3133
-60.66390361492709,0.3134
-60.66390361492709,0.3135
-60.66390361492709,0.3136
-60.66390361492709,0.3137
-60.66390361492709,0.3138
-60.66390361492709,0.3139
-60.66390361492709,0.314
-60.66390361492709,0.3141
-60.66390361492709,0.3142
-60.66390361492709,0.3143
-60.66390361492709,0.3144
-60.66390361492709,0.3145
-60.66390361492709,0.3146
-60.66390361492709,0.3147
-60.66390361492709,0.3148
-60.66390361492709,0.3149
-60.66390361492709,0.315
-60.66390361492709,0.3151
-60.66390361492709,0.3152
-60.66390361492709,0.3153
-60.66390361492709,0.3154
-60.66390361492709,0.3155
-60.66390361492709,0.3156
-60.66390361492709,0.3157
-60.66390361492709,0.3158
-60.66390361492709,0.3159
-60.66390361492709,0.316
-60.66390361492709,0.3161
-60.66390361492709,0.3162
-60.66390361492709,0.3163
-60.66390361492709,0.3164
-60.66390361492709,0.3165
-60.66390361492709,0.3166
-60.66390361492709,0.3167
-60.66390361492709,0.3168
-60.66390361492709,0.3169
-60.66390361492709,0.317
-60.66390361492709,0.3171
-60.66390361492709,0.3172
-60.66390361492709,0.3173
-60.66390361492709,0.3174
-60.66390361492709,0.3175
-60.66390361492709,0.3176
-60.66390361492709,0.3177
-60.66390361492709,0.3178
-60.66390361492709,0.3179
-60.66390361492709,0.318
-60.66390361492709,0.3181
-60.66390361492709,0.3182
-60.66390361492709,0.3183
-60.66390361492709,0.3184
-60.66390361492709,0.3185
-60.66390361492709,0.3186
-60.66390361492709,0.3187
-60.66390361492709,0.3188
-60.66390361492709,0.3189
-60.66390361492709,0.319
-60.66390361492709,0.3191
-60.66390361492709,0.3192
-60.66390361492709,0.3193
-60.66390361492709,0.3194
-60.66390361492709,0.3195
-60.66390361492709,0.3196
-60.66390361492709,0.3197
-60.66390361492709,0.3198
-60.66390361492709,0.3199
-60.66390361492709,0.32
-60.66390361492709,0.3201
-60.66390361492709,0.3202
-60.66390361492709,0.3203
-60.66390361492709,0.3204
-60.66390361492709,0.3205
-60.66390361492709,0.3206
-60.66390361492709,0.3207
-60.66390361492709,0.3208
-60.66390361492709,0.3209
-60.66390361492709,0.321
-60.66390361492709,0.3211
-60.66390361492709,0.3212
-60.66390361492709,0.3213
-60.66390361492709,0.3214
-60.66390361492709,0.3215
-60.66390361492709,0.3216
-60.66390361492709,0.3217
-60.66390361492709,0.3218
-60.66390361492709,0.3219
-60.66390361492709,0.322
-60.66390361492709,0.3221
-60.66390361492709,0.3222
-60.66390361492709,0.3223
-60.66390361492709,0.3224
-60.66390361492709,0.3225
-60.66390361492709,0.3226
-60.66390361492709,0.3227
-60.66390361492709,0.3228
-60.66390361492709,0.3229
-60.66390361492709,0.323
-60.66390361492709,0.3231
-60.66390361492709,0.3232
-60.66390361492709,0.3233
-60.66390361492709,0.3234
-60.66390361492709,0.3235
-60.66390361492709,0.3236
-60.66390361492709,0.3237
-60.66390361492709,0.3238
-60.66390361492709,0.3239
-60.66390361492709,0.324
-60.66390361492709,0.3241
-60.66390361492709,0.3242
-60.66390361492709,0.3243
-60.66390361492709,0.3244
-60.66390361492709,0.3245
-60.66390361492709,0.3246
-60.66390361492709,0.3247
-60.66390361492709,0.3248
-60.66390361492709,0.3249
-60.66390361492709,0.325
-60.66390361492709,0.3251
-60.66390361492709,0.3252
-60.66390361492709,0.3253
-60.66390361492709,0.3254
-60.66390361492709,0.3255
-60.66390361492709,0.3256
-60.66390361492709,0.3257
-60.66390361492709,0.3258
-60.66390361492709,0.3259
-60.66390361492709,0.326
-60.66390361492709,0.3261
-60.66390361492709,0.3262
-60.66390361492709,0.3263
-60.66390361492709,0.3264
-60.66390361492709,0.3265
-60.66390361492709,0.3266
-60.66390361492709,0.3267
-60.66390361492709,0.3268
-60.66390361492709,0.3269
-60.66390361492709,0.327
-60.66390361492709,0.3271
-60.66390361492709,0.3272
-60.66390361492709,0.3273
-60.66390361492709,0.3274
-60.66390361492709,0.3275
-60.66390361492709,0.3276
-60.66390361492709,0.3277
-60.66390361492709,0.3278
-60.66390361492709,0.3279
-60.66390361492709,0.328
-60.66390361492709,0.3281
-60.66390361492709,0.3282
-60.66390361492709,0.3283
-60.66390361492709,0.3284
-60.66390361492709,0.3285
-60.66390361492709,0.3286
-60.66390361492709,0.3287
-60.66390361492709,0.3288
-60.66390361492709,0.3289
-60.66390361492709,0.329
-60.66390361492709,0.3291
-60.66390361492709,0.3292
-60.66390361492709,0.3293
-60.66390361492709,0.3294
-60.66390361492709,0.3295
-60.66390361492709,0.3296
-60.66390361492709,0.3297
-60.66390361492709,0.3298
-60.66390361492709,0.3299
-60.66390361492709,0.33
-60.66390361492709,0.3301
-60.66390361492709,0.3302
-60.66390361492709,0.3303
-60.66390361492709,0.3304
-60.66390361492709,0.3305
-60.66390361492709,0.3306
-60.66390361492709,0.3307
-60.66390361492709,0.3308
-60.66390361492709,0.3309
-60.66390361492709,0.331
-60.66390361492709,0.3311
-60.66390361492709,0.3312
-60.66390361492709,0.3313
-60.66390361492709,0.3314
-60.66390361492709,0.3315
-60.66390361492709,0.3316
-60.66390361492709,0.3317
-60.66390361492709,0.3318
-60.66390361492709,0.3319
-60.66390361492709,0.332
-60.66390361492709,0.3321
-60.66390361492709,0.3322
-60.66390361492709,0.3323
-60.66390361492709,0.3324
-60.66390361492709,0.3325
-60.66390361492709,0.3326
-60.66390361492709,0.3327
-60.66390361492709,0.3328
-60.66390361492709,0.3329
-60.66390361492709,0.333
-60.66390361492709,0.3331
-60.66390361492709,0.3332
-60.66390361492709,0.3333
-60.66390361492709,0.3334
-60.66390361492709,0.3335
-60.66390361492709,0.3336
-60.66390361492709,0.3337
-60.66390361492709,0.3338
-60.66390361492709,0.3339
-60.66390361492709,0.334
-60.66390361492709,0.3341
-60.66390361492709,0.3342
-60.66390361492709,0.3343
-60.66390361492709,0.3344
-60.66390361492709,0.3345
-60.66390361492709,0.3346
-60.66390361492709,0.3347
-60.66390361492709,0.3348
-60.66390361492709,0.3349
-60.66390361492709,0.335
-60.66390361492709,0.3351
-60.66390361492709,0.3352
-60.66390361492709,0.3353
-60.66390361492709,0.3354
-60.66390361492709,0.3355
-60.66390361492709,0.3356
-60.66390361492709,0.3357
-60.66390361492709,0.3358
-60.66390361492709,0.3359
-60.66390361492709,0.336
-60.66390361492709,0.3361
-60.66390361492709,0.3362
-60.66390361492709,0.3363
-60.66390361492709,0.3364
-60.66390361492709,0.3365
-60.66390361492709,0.3366
-60.66390361492709,0.3367
-60.66390361492709,0.3368
-60.66390361492709,0.3369
-60.66390361492709,0.337
-60.66390361492709,0.3371
-60.66390361492709,0.3372
-60.66390361492709,0.3373
-60.66390361492709,0.3374
-60.66390361492709,0.3375
-60.66390361492709,0.3376
-60.66390361492709,0.3377
-60.66390361492709,0.3378
-60.66390361492709,0.3379
-60.66390361492709,0.338
-60.66390361492709,0.3381
-60.66390361492709,0.3382
-60.66390361492709,0.3383
-60.66390361492709,0.3384
-60.66390361492709,0.3385
-60.66390361492709,0.3386
-60.66390361492709,0.3387
-60.66390361492709,0.3388
-60.66390361492709,0.3389
-60.66390361492709,0.339
-60.66390361492709,0.3391
-60.66390361492709,0.3392
-60.66390361492709,0.3393
-60.66390361492709,0.3394
-60.66390361492709,0.3395
-60.66390361492709,0.3396
-60.66390361492709,0.3397
-60.66390361492709,0.3398
-60.66390361492709,0.3399
-60.66390361492709,0.34
-60.66390361492709,0.3401
-60.66390361492709,0.3402
-60.66390361492709,0.3403
-60.66390361492709,0.3404
-60.66390361492709,0.3405
-60.66390361492709,0.3406
-60.66390361492709,0.3407
-60.66390361492709,0.3408
-60.66390361492709,0.3409
-60.66390361492709,0.341
-60.66390361492709,0.3411
-60.66390361492709,0.3412
-60.66390361492709,0.3413
-60.66390361492709,0.3414
-60.66390361492709,0.3415
-60.66390361492709,0.3416
-60.66390361492709,0.3417
-60.66390361492709,0.3418
-60.66390361492709,0.3419
-60.66390361492709,0.342
-60.66390361492709,0.3421
-60.66390361492709,0.3422
-60.66390361492709,0.3423
-60.66390361492709,0.3424
-60.66390361492709,0.3425
-60.66390361492709,0.3426
-60.66390361492709,0.3427
-60.66390361492709,0.3428
-60.66390361492709,0.3429
-60.66390361492709,0.343
-60.66390361492709,0.3431
-60.66390361492709,0.3432
-60.66390361492709,0.3433
-60.66390361492709,0.3434
-60.66390361492709,0.3435
-60.66390361492709,0.3436
-60.66390361492709,0.3437
-60.66390361492709,0.3438
-60.66390361492709,0.3439
-60.66390361492709,0.344
-60.66390361492709,0.3441
-60.66390361492709,0.3442
-60.66390361492709,0.3443
-60.66390361492709,0.3444
-60.66390361492709,0.3445
-60.66390361492709,0.3446
-60.66390361492709,0.3447
-60.66390361492709,0.3448
-60.66390361492709,0.3449
-60.66390361492709,0.345
-60.66390361492709,0.3451
-60.66390361492709,0.3452
-60.66390361492709,0.3453
-60.66390361492709,0.3454
-60.66390361492709,0.3455
-60.66390361492709,0.3456
-60.66390361492709,0.3457
-60.66390361492709,0.3458
-60.66390361492709,0.3459
-60.66390361492709,0.346
-60.66390361492709,0.3461
-60.66390361492709,0.3462
-60.66390361492709,0.3463
-60.66390361492709,0.3464
-60.66390361492709,0.3465
-60.66390361492709,0.3466
-60.66390361492709,0.3467
-60.66390361492709,0.3468
-60.66390361492709,0.3469
-60.66390361492709,0.347
-60.66390361492709,0.3471
-60.66390361492709,0.3472
-60.66390361492709,0.3473
-60.66390361492709,0.3474
-60.66390361492709,0.3475
-60.66390361492709,0.3476
-60.66390361492709,0.3477
-60.66390361492709,0.3478
-60.66390361492709,0.3479
-60.66390361492709,0.348
-60.66390361492709,0.3481
-60.66390361492709,0.3482
-60.66390361492709,0.3483
-60.66390361492709,0.3484
-60.66390361492709,0.3485
-60.66390361492709,0.3486
-60.66390361492709,0.3487
-60.66390361492709,0.3488
-60.66390361492709,0.3489
-60.66390361492709,0.349
-60.66390361492709,0.3491
-60.66390361492709,0.3492
-60.66390361492709,0.3493
-60.66390361492709,0.3494
-60.66390361492709,0.3495
-60.66390361492709,0.3496
-60.66390361492709,0.3497
-60.66390361492709,0.3498
-60.66390361492709,0.3499
-60.66390361492709,0.35
-60.66390361492709,0.3501
-60.66390361492709,0.3502
-60.66390361492709,0.3503
-60.66390361492709,0.3504
-60.66390361492709,0.3505
-60.66390361492709,0.3506
-60.66390361492709,0.3507
-60.66390361492709,0.3508
-60.66390361492709,0.3509
-60.66390361492709,0.351
-60.66390361492709,0.3511
-60.66390361492709,0.3512
-60.66390361492709,0.3513
-60.66390361492709,0.3514
-60.66390361492709,0.3515
-60.66390361492709,0.3516
-60.66390361492709,0.3517
-60.66390361492709,0.3518
-60.66390361492709,0.3519
-60.66390361492709,0.352
-60.66390361492709,0.3521
-60.66390361492709,0.3522
-60.66390361492709,0.3523
-60.66390361492709,0.3524
-60.66390361492709,0.3525
-60.66390361492709,0.3526
-60.66390361492709,0.3527
-60.66390361492709,0.3528
-60.66390361492709,0.3529
-60.66390361492709,0.353
-60.66390361492709,0.3531
-60.66390361492709,0.3532
-60.66390361492709,0.3533
-60.66390361492709,0.3534
-60.66390361492709,0.3535
-60.66390361492709,0.3536
-60.66390361492709,0.3537
-60.66390361492709,0.3538
-60.66390361492709,0.3539
-60.66390361492709,0.354
-60.66390361492709,0.3541
-60.66390361492709,0.3542
-60.66390361492709,0.3543
-60.66390361492709,0.3544
-60.66390361492709,0.3545
-60.66390361492709,0.3546
-60.66390361492709,0.3547
-60.66390361492709,0.3548
-60.66390361492709,0.3549
-60.66390361492709,0.355
-60.66390361492709,0.3551
-60.66390361492709,0.3552
-60.66390361492709,0.3553
-60.66390361492709,0.3554
-60.66390361492709,0.3555
-60.66390361492709,0.3556
-60.66390361492709,0.3557
-60.66390361492709,0.3558
-60.66390361492709,0.3559
-60.66390361492709,0.356
-60.66390361492709,0.3561
-60.66390361492709,0.3562
-60.66390361492709,0.3563
-60.66390361492709,0.3564
-60.66390361492709,0.3565
-60.66390361492709,0.3566
-60.66390361492709,0.3567
-60.66390361492709,0.3568
-60.66390361492709,0.3569
-60.66390361492709,0.357
-60.66390361492709,0.3571
-60.66390361492709,0.3572
-60.66390361492709,0.3573
-60.66390361492709,0.3574
-60.66390361492709,0.3575
-60.66390361492709,0.3576
-60.66390361492709,0.3577
-60.66390361492709,0.3578
-60.66390361492709,0.3579
-60.66390361492709,0.358
-60.66390361492709,0.3581
-60.66390361492709,0.3582
-60.66390361492709,0.3583
-60.66390361492709,0.3584
-60.66390361492709,0.3585
-60.66390361492709,0.3586
-60.66390361492709,0.3587
-60.66390361492709,0.3588
-60.66390361492709,0.3589
-60.66390361492709,0.359
-60.66390361492709,0.3591
-60.66390361492709,0.3592
-60.66390361492709,0.3593
-60.66390361492709,0.3594
-60.66390361492709,0.3595
-60.66390361492709,0.3596
-60.66390361492709,0.3597
-60.66390361492709,0.3598
-60.66390361492709,0.3599
-60.66390361492709,0.36
-60.66390361492709,0.3601
-60.66390361492709,0.3602
-60.66390361492709,0.3603
-60.66390361492709,0.3604
-60.66390361492709,0.3605
-60.66390361492709,0.3606
-60.66390361492709,0.3607
-60.66390361492709,0.3608
-60.66390361492709,0.3609
-60.66390361492709,0.361
-60.66390361492709,0.3611
-60.66390361492709,0.3612
-60.66390361492709,0.3613
-60.66390361492709,0.3614
-60.66390361492709,0.3615
-60.66390361492709,0.3616
-60.66390361492709,0.3617
-60.66390361492709,0.3618
-60.66390361492709,0.3619
-60.66390361492709,0.362
-60.66390361492709,0.3621
-60.66390361492709,0.3622
-60.66390361492709,0.3623
-60.66390361492709,0.3624
-60.66390361492709,0.3625
-60.66390361492709,0.3626
-60.66390361492709,0.3627
-60.66390361492709,0.3628
-60.66390361492709,0.3629
-60.66390361492709,0.363
-60.66390361492709,0.3631
-60.66390361492709,0.3632
-60.66390361492709,0.3633
-60.66390361492709,0.3634
-60.66390361492709,0.3635
-60.66390361492709,0.3636
-60.66390361492709,0.3637
-60.66390361492709,0.3638
-60.66390361492709,0.3639
-60.66390361492709,0.364
-60.66390361492709,0.3641
-60.66390361492709,0.3642
-60.66390361492709,0.3643
-60.66390361492709,0.3644
-60.66390361492709,0.3645
-60.66390361492709,0.3646
-60.66390361492709,0.3647
-60.66390361492709,0.3648
-60.66390361492709,0.3649
-60.66390361492709,0.365
-60.66390361492709,0.3651
-60.66390361492709,0.3652
-60.66390361492709,0.3653
-60.66390361492709,0.3654
-60.66390361492709,0.3655
-60.66390361492709,0.3656
-60.66390361492709,0.3657
-60.66390361492709,0.3658
-60.66390361492709,0.3659
-60.66390361492709,0.366
-60.66390361492709,0.3661
-60.66390361492709,0.3662
-60.66390361492709,0.3663
-60.66390361492709,0.3664
-60.66390361492709,0.3665
-60.66390361492709,0.3666
-60.66390361492709,0.3667
-60.66390361492709,0.3668
-60.66390361492709,0.3669
-60.66390361492709,0.367
-60.66390361492709,0.3671
-60.66390361492709,0.3672
-60.66390361492709,0.3673
-60.66390361492709,0.3674
-60.66390361492709,0.3675
-60.66390361492709,0.3676
-60.66390361492709,0.3677
-60.66390361492709,0.3678
-60.66390361492709,0.3679
-60.66390361492709,0.368
-60.66390361492709,0.3681
-60.66390361492709,0.3682
-60.66390361492709,0.3683
-60.66390361492709,0.3684
-60.66390361492709,0.3685
-60.66390361492709,0.3686
-60.66390361492709,0.3687
-60.66390361492709,0.3688
-60.66390361492709,0.3689
-60.66390361492709,0.369
-60.66390361492709,0.3691
-60.66390361492709,0.3692
-60.66390361492709,0.3693
-60.66390361492709,0.3694
-60.66390361492709,0.3695
-60.66390361492709,0.3696
-60.66390361492709,0.3697
-60.66390361492709,0.3698
-60.66390361492709,0.3699
-60.66390361492709,0.37
-60.66390361492709,0.3701
-60.66390361492709,0.3702
-60.66390361492709,0.3703
-60.66390361492709,0.3704
-60.66390361492709,0.3705
-60.66390361492709,0.3706
-60.66390361492709,0.3707
-60.66390361492709,0.3708
-60.66390361492709,0.3709
-60.66390361492709,0.371
-60.66390361492709,0.3711
-60.66390361492709,0.3712
-60.66390361492709,0.3713
-60.66390361492709,0.3714
-60.66390361492709,0.3715
-60.66390361492709,0.3716
-60.66390361492709,0.3717
-60.66390361492709,0.3718
-60.66390361492709,0.3719
-60.66390361492709,0.372
-60.66390361492709,0.3721
-60.66390361492709,0.3722
-60.66390361492709,0.3723
-60.66390361492709,0.3724
-60.66390361492709,0.3725
-60.66390361492709,0.3726
-60.66390361492709,0.3727
-60.66390361492709,0.3728
-60.66390361492709,0.3729
-60.66390361492709,0.373
-60.66390361492709,0.3731
-60.66390361492709,0.3732
-60.66390361492709,0.3733
-60.66390361492709,0.3734
-60.66390361492709,0.3735
-60.66390361492709,0.3736
-60.66390361492709,0.3737
-60.66390361492709,0.3738
-60.66390361492709,0.3739
-60.66390361492709,0.374
-60.66390361492709,0.3741
-60.66390361492709,0.3742
-60.66390361492709,0.3743
-60.66390361492709,0.3744
-60.66390361492709,0.3745
-60.66390361492709,0.3746
-60.66390361492709,0.3747
-60.66390361492709,0.3748
-60.66390361492709,0.3749
-60.66390361492709,0.375
-60.66390361492709,0.3751
-60.66390361492709,0.3752
-60.66390361492709,0.3753
-60.66390361492709,0.3754
-60.66390361492709,0.3755
-60.66390361492709,0.3756
-60.66390361492709,0.3757
-60.66390361492709,0.3758
-60.66390361492709,0.3759
-60.66390361492709,0.376
-60.66390361492709,0.3761
-60.66390361492709,0.3762
-60.66390361492709,0.3763
-60.66390361492709,0.3764
-60.66390361492709,0.3765
-60.66390361492709,0.3766
-60.66390361492709,0.3767
-60.66390361492709,0.3768
-60.66390361492709,0.3769
-60.66390361492709,0.377
-60.66390361492709,0.3771
-60.66390361492709,0.3772
-60.66390361492709,0.3773
-60.66390361492709,0.3774
-60.66390361492709,0.3775
-60.66390361492709,0.3776
-60.66390361492709,0.3777
-60.66390361492709,0.3778
-60.66390361492709,0.3779
-60.66390361492709,0.378
-60.66390361492709,0.3781
-60.66390361492709,0.3782
-60.66390361492709,0.3783
-60.66390361492709,0.3784
-60.66390361492709,0.3785
-60.66390361492709,0.3786
-60.66390361492709,0.3787
-60.66390361492709,0.3788
-60.66390361492709,0.3789
-60.66390361492709,0.379
-60.66390361492709,0.3791
-60.66390361492709,0.3792
-60.66390361492709,0.3793
-60.66390361492709,0.3794
-60.66390361492709,0.3795
-60.66390361492709,0.3796
-60.66390361492709,0.3797
-60.66390361492709,0.3798
-60.66390361492709,0.3799
-60.66390361492709,0.38
-60.66390361492709,0.3801
-60.66390361492709,0.3802
-60.66390361492709,0.3803
-60.66390361492709,0.3804
-60.66390361492709,0.3805
-60.66390361492709,0.3806
-60.66390361492709,0.3807
-60.66390361492709,0.3808
-60.66390361492709,0.3809
-60.66390361492709,0.381
-60.66390361492709,0.3811
-60.66390361492709,0.3812
-60.66390361492709,0.3813
-60.66390361492709,0.3814
-60.66390361492709,0.3815
-60.66390361492709,0.3816
-60.66390361492709,0.3817
-60.66390361492709,0.3818
-60.66390361492709,0.3819
-60.66390361492709,0.382
-60.66390361492709,0.3821
-60.66390361492709,0.3822
-60.66390361492709,0.3823
-60.66390361492709,0.3824
-60.66390361492709,0.3825
-60.66390361492709,0.3826
-60.66390361492709,0.3827
-60.66390361492709,0.3828
-60.66390361492709,0.3829
-60.66390361492709,0.383
-60.66390361492709,0.3831
-60.66390361492709,0.3832
-60.66390361492709,0.3833
-60.66390361492709,0.3834
-60.66390361492709,0.3835
-60.66390361492709,0.3836
-60.66390361492709,0.3837
-60.66390361492709,0.3838
-60.66390361492709,0.3839
-60.66390361492709,0.384
-60.66390361492709,0.3841
-60.66390361492709,0.3842
-60.66390361492709,0.3843
-60.66390361492709,0.3844
-60.66390361492709,0.3845
-60.66390361492709,0.3846
-60.66390361492709,0.3847
-60.66390361492709,0.3848
-60.66390361492709,0.3849
-60.66390361492709,0.385
-60.66390361492709,0.3851
-60.66390361492709,0.3852
-60.66390361492709,0.3853
-60.66390361492709,0.3854
-60.66390361492709,0.3855
-60.66390361492709,0.3856
-60.66390361492709,0.3857
-60.66390361492709,0.3858
-60.66390361492709,0.3859
-60.66390361492709,0.386
-60.66390361492709,0.3861
-60.66390361492709,0.3862
-60.66390361492709,0.3863
-60.66390361492709,0.3864
-60.66390361492709,0.3865
-60.66390361492709,0.3866
-60.66390361492709,0.3867
-60.66390361492709,0.3868
-60.66390361492709,0.3869
-60.66390361492709,0.387
-60.66390361492709,0.3871
-60.66390361492709,0.3872
-60.66390361492709,0.3873
-60.66390361492709,0.3874
-60.66390361492709,0.3875
-60.66390361492709,0.3876
-60.66390361492709,0.3877
-60.66390361492709,0.3878
-60.66390361492709,0.3879
-60.66390361492709,0.388
-60.66390361492709,0.3881
-60.66390361492709,0.3882
-60.66390361492709,0.3883
-60.66390361492709,0.3884
-60.66390361492709,0.3885
-60.66390361492709,0.3886
-60.66390361492709,0.3887
-60.66390361492709,0.3888
-60.66390361492709,0.3889
-60.66390361492709,0.389
-60.66390361492709,0.3891
-60.66390361492709,0.3892
-60.66390361492709,0.3893
-60.66390361492709,0.3894
-60.66390361492709,0.3895
-60.66390361492709,0.3896
-60.66390361492709,0.3897
-60.66390361492709,0.3898
-60.66390361492709,0.3899
-60.66390361492709,0.39
-60.66390361492709,0.3901
-60.66390361492709,0.3902
-60.66390361492709,0.3903
-60.66390361492709,0.3904
-60.66390361492709,0.3905
-60.66390361492709,0.3906
-60.66390361492709,0.3907
-60.66390361492709,0.3908
-60.66390361492709,0.3909
-60.66390361492709,0.391
-60.66390361492709,0.3911
-60.66390361492709,0.3912
-60.66390361492709,0.3913
-60.66390361492709,0.3914
-60.66390361492709,0.3915
-60.66390361492709,0.3916
-60.66390361492709,0.3917
-60.66390361492709,0.3918
-60.66390361492709,0.3919
-60.66390361492709,0.392
-60.66390361492709,0.3921
-60.66390361492709,0.3922
-60.66390361492709,0.3923
-60.66390361492709,0.3924
-60.66390361492709,0.3925
-60.66390361492709,0.3926
-60.66390361492709,0.3927
-60.66390361492709,0.3928
-60.66390361492709,0.3929
-60.66390361492709,0.393
-60.66390361492709,0.3931
-60.66390361492709,0.3932
-60.66390361492709,0.3933
-60.66390361492709,0.3934
-60.66390361492709,0.3935
-60.66390361492709,0.3936
-60.66390361492709,0.3937
-60.66390361492709,0.3938
-60.66390361492709,0.3939
-60.66390361492709,0.394
-60.66390361492709,0.3941
-60.66390361492709,0.3942
-60.66390361492709,0.3943
-60.66390361492709,0.3944
-60.66390361492709,0.3945
-60.66390361492709,0.3946
-60.66390361492709,0.3947
-60.66390361492709,0.3948
-60.66390361492709,0.3949
-60.66390361492709,0.395
-60.66390361492709,0.3951
-60.66390361492709,0.3952
-60.66390361492709,0.3953
-60.66390361492709,0.3954
-60.66390361492709,0.3955
-60.66390361492709,0.3956
-60.66390361492709,0.3957
-60.66390361492709,0.3958
-60.66390361492709,0.3959
-60.66390361492709,0.396
-60.66390361492709,0.3961
-60.66390361492709,0.3962
-60.66390361492709,0.3963
-60.66390361492709,0.3964
-60.66390361492709,0.3965
-60.66390361492709,0.3966
-60.66390361492709,0.3967
-60.66390361492709,0.3968
-60.66390361492709,0.3969
-60.66390361492709,0.397
-60.66390361492709,0.3971
-60.66390361492709,0.3972
-60.66390361492709,0.3973
-60.66390361492709,0.3974
-60.66390361492709,0.3975
-60.66390361492709,0.3976
-60.66390361492709,0.3977
-60.66390361492709,0.3978
-60.66390361492709,0.3979
-60.66390361492709,0.398
-60.66390361492709,0.3981
-60.66390361492709,0.3982
-60.66390361492709,0.3983
-60.66390361492709,0.3984
-60.66390361492709,0.3985
-60.66390361492709,0.3986
-60.66390361492709,0.3987
-60.66390361492709,0.3988
-60.66390361492709,0.3989
-60.66390361492709,0.399
-60.66390361492709,0.3991
-60.66390361492709,0.3992
-60.66390361492709,0.3993
-60.66390361492709,0.3994
-60.66390361492709,0.3995
-60.66390361492709,0.3996
-60.66390361492709,0.3997
-60.66390361492709,0.3998
-60.66390361492709,0.3999
-60.66390361492709,0.4
-60.66390361492709,0.4001
-60.66390361492709,0.4002
-60.66390361492709,0.4003
-60.66390361492709,0.4004
-60.66390361492709,0.4005
-60.66390361492709,0.4006
-60.66390361492709,0.4007
-60.66390361492709,0.4008
-60.66390361492709,0.4009
-60.66390361492709,0.401
-60.66390361492709,0.4011
-60.66390361492709,0.4012
-60.66390361492709,0.4013
-60.66390361492709,0.4014
-60.66390361492709,0.4015
-60.66390361492709,0.4016
-60.66390361492709,0.4017
-60.66390361492709,0.4018
-60.66390361492709,0.4019
-60.66390361492709,0.402
-60.66390361492709,0.4021
-60.66390361492709,0.4022
-60.66390361492709,0.4023
-60.66390361492709,0.4024
-60.66390361492709,0.4025
-60.66390361492709,0.4026
-60.66390361492709,0.4027
-60.66390361492709,0.4028
-60.66390361492709,0.4029
-60.66390361492709,0.403
-60.66390361492709,0.4031
-60.66390361492709,0.4032
-60.66390361492709,0.4033
-60.66390361492709,0.4034
-60.66390361492709,0.4035
-60.66390361492709,0.4036
-60.66390361492709,0.4037
-60.66390361492709,0.4038
-60.66390361492709,0.4039
-60.66390361492709,0.404
-60.66390361492709,0.4041
-60.66390361492709,0.4042
-60.66390361492709,0.4043
-60.66390361492709,0.4044
-60.66390361492709,0.4045
-60.66390361492709,0.4046
-60.66390361492709,0.4047
-60.66390361492709,0.4048
-60.66390361492709,0.4049
-60.66390361492709,0.405
-60.66390361492709,0.4051
-60.66390361492709,0.4052
-60.66390361492709,0.4053
-60.66390361492709,0.4054
-60.66390361492709,0.4055
-60.66390361492709,0.4056
-60.66390361492709,0.4057
-60.66390361492709,0.4058
-60.66390361492709,0.4059
-60.66390361492709,0.406
-60.66390361492709,0.4061
-60.66390361492709,0.4062
-60.66390361492709,0.4063
-60.66390361492709,0.4064
-60.66390361492709,0.4065
-60.66390361492709,0.4066
-60.66390361492709,0.4067
-60.66390361492709,0.4068
-60.66390361492709,0.4069
-60.66390361492709,0.407
-60.66390361492709,0.4071
-60.66390361492709,0.4072
-60.66390361492709,0.4073
-60.66390361492709,0.4074
-60.66390361492709,0.4075
-60.66390361492709,0.4076
-60.66390361492709,0.4077
-60.66390361492709,0.4078
-60.66390361492709,0.4079
-60.66390361492709,0.408
-60.66390361492709,0.4081
-60.66390361492709,0.4082
-60.66390361492709,0.4083
-60.66390361492709,0.4084
-60.66390361492709,0.4085
-60.66390361492709,0.4086
-60.66390361492709,0.4087
-60.66390361492709,0.4088
-60.66390361492709,0.4089
-60.66390361492709,0.409
-60.66390361492709,0.4091
-60.66390361492709,0.4092
-60.66390361492709,0.4093
-60.66390361492709,0.4094
-60.66390361492709,0.4095
-60.66390361492709,0.4096
-60.66390361492709,0.4097
-60.66390361492709,0.4098
-60.66390361492709,0.4099
-60.66390361492709,0.41
-60.66390361492709,0.4101
-60.66390361492709,0.4102
-60.66390361492709,0.4103
-60.66390361492709,0.4104
-60.66390361492709,0.4105
-60.66390361492709,0.4106
-60.66390361492709,0.4107
-60.66390361492709,0.4108
-60.66390361492709,0.4109
-60.66390361492709,0.411
-60.66390361492709,0.4111
-60.66390361492709,0.4112
-60.66390361492709,0.4113
-60.66390361492709,0.4114
-60.66390361492709,0.4115
-60.66390361492709,0.4116
-60.66390361492709,0.4117
-60.66390361492709,0.4118
-60.66390361492709,0.4119
-60.66390361492709,0.412
-60.66390361492709,0.4121
-60.66390361492709,0.4122
-60.66390361492709,0.4123
-60.66390361492709,0.4124
-60.66390361492709,0.4125
-60.66390361492709,0.4126
-60.66390361492709,0.4127
-60.66390361492709,0.4128
-60.66390361492709,0.4129
-60.66390361492709,0.413
-60.66390361492709,0.4131
-60.66390361492709,0.4132
-60.66390361492709,0.4133
-60.66390361492709,0.4134
-60.66390361492709,0.4135
-60.66390361492709,0.4136
-60.66390361492709,0.4137
-60.66390361492709,0.4138
-60.66390361492709,0.4139
-60.66390361492709,0.414
-39.50842758192169,0.4141
-39.50842758192169,0.4142
-39.50842758192169,0.4143
-39.50842758192169,0.4144
-39.50842758192169,0.4145
-39.50842758192169,0.4146
-39.50842758192169,0.4147
-39.50842758192169,0.4148
-39.50842758192169,0.4149
-39.50842758192169,0.415
-39.50842758192169,0.4151
-39.50842758192169,0.4152
-39.50842758192169,0.4153
-39.50842758192169,0.4154
-39.50842758192169,0.4155
-39.50842758192169,0.4156
-39.50842758192169,0.4157
-39.50842758192169,0.4158
-39.50842758192169,0.4159
-39.50842758192169,0.416
-39.50842758192169,0.4161
-39.50842758192169,0.4162
-39.50842758192169,0.4163
-39.50842758192169,0.4164
-39.50842758192169,0.4165
-39.50842758192169,0.4166
-39.50842758192169,0.4167
-39.50842758192169,0.4168
-39.50842758192169,0.4169
-39.50842758192169,0.417
-39.50842758192169,0.4171
-39.50842758192169,0.4172
-39.50842758192169,0.4173
-39.50842758192169,0.4174
-39.50842758192169,0.4175
-39.50842758192169,0.4176
-39.50842758192169,0.4177
-39.50842758192169,0.4178
-39.50842758192169,0.4179
-39.50842758192169,0.418
-39.50842758192169,0.4181
-39.50842758192169,0.4182
-39.50842758192169,0.4183
-39.50842758192169,0.4184
-39.50842758192169,0.4185
-39.50842758192169,0.4186
-39.50842758192169,0.4187
-39.50842758192169,0.4188
-39.50842758192169,0.4189
-39.50842758192169,0.419
-39.50842758192169,0.4191
-39.50842758192169,0.4192
-39.50842758192169,0.4193
-39.50842758192169,0.4194
-39.50842758192169,0.4195
-39.50842758192169,0.4196
-39.50842758192169,0.4197
-39.50842758192169,0.4198
-39.50842758192169,0.4199
-39.50842758192169,0.42
-39.50842758192169,0.4201
-39.50842758192169,0.4202
-39.50842758192169,0.4203
-39.50842758192169,0.4204
-39.50842758192169,0.4205
-39.50842758192169,0.4206
-39.50842758192169,0.4207
-39.50842758192169,0.4208
-39.50842758192169,0.4209
-39.50842758192169,0.421
-39.50842758192169,0.4211
-39.50842758192169,0.4212
-39.50842758192169,0.4213
-39.50842758192169,0.4214
-39.50842758192169,0.4215
-39.50842758192169,0.4216
-39.50842758192169,0.4217
-39.50842758192169,0.4218
-39.50842758192169,0.4219
-39.50842758192169,0.422
-39.50842758192169,0.4221
-39.50842758192169,0.4222
-39.50842758192169,0.4223
-39.50842758192169,0.4224
-39.50842758192169,0.4225
-39.50842758192169,0.4226
-39.50842758192169,0.4227
-39.50842758192169,0.4228
-39.50842758192169,0.4229
-39.50842758192169,0.423
-39.50842758192169,0.4231
-39.50842758192169,0.4232
-39.50842758192169,0.4233
-39.50842758192169,0.4234
-39.50842758192169,0.4235
-39.50842758192169,0.4236
-39.50842758192169,0.4237
-39.50842758192169,0.4238
-39.50842758192169,0.4239
-39.50842758192169,0.424
-39.50842758192169,0.4241
-39.50842758192169,0.4242
-39.50842758192169,0.4243
-39.50842758192169,0.4244
-39.50842758192169,0.4245
-39.50842758192169,0.4246
-39.50842758192169,0.4247
-39.50842758192169,0.4248
-39.50842758192169,0.4249
-39.50842758192169,0.425
-39.50842758192169,0.4251
-39.50842758192169,0.4252
-39.50842758192169,0.4253
-39.50842758192169,0.4254
-39.50842758192169,0.4255
-39.50842758192169,0.4256
-39.50842758192169,0.4257
-39.50842758192169,0.4258
-39.50842758192169,0.4259
-39.50842758192169,0.426
-39.50842758192169,0.4261
-39.50842758192169,0.4262
-39.50842758192169,0.4263
-39.50842758192169,0.4264
-39.50842758192169,0.4265
-39.50842758192169,0.4266
-39.50842758192169,0.4267
-39.50842758192169,0.4268
-39.50842758192169,0.4269
-39.50842758192169,0.427
-39.50842758192169,0.4271
-39.50842758192169,0.4272
-39.50842758192169,0.4273
-39.50842758192169,0.4274
-39.50842758192169,0.4275
-39.50842758192169,0.4276
-39.50842758192169,0.4277
-39.50842758192169,0.4278
-39.50842758192169,0.4279
-39.50842758192169,0.428
-39.50842758192169,0.4281
-39.50842758192169,0.4282
-39.50842758192169,0.4283
-39.50842758192169,0.4284
-39.50842758192169,0.4285
-39.50842758192169,0.4286
-39.50842758192169,0.4287
-39.50842758192169,0.4288
-39.50842758192169,0.4289
-39.50842758192169,0.429
-39.50842758192169,0.4291
-39.50842758192169,0.4292
-39.50842758192169,0.4293
-39.50842758192169,0.4294
-39.50842758192169,0.4295
-39.50842758192169,0.4296
-39.50842758192169,0.4297
-39.50842758192169,0.4298
-39.50842758192169,0.4299
-39.50842758192169,0.43
-39.50842758192169,0.4301
-39.50842758192169,0.4302
-39.50842758192169,0.4303
-39.50842758192169,0.4304
-39.50842758192169,0.4305
-39.50842758192169,0.4306
-39.50842758192169,0.4307
-39.50842758192169,0.4308
-39.50842758192169,0.4309
-39.50842758192169,0.431
-39.50842758192169,0.4311
-39.50842758192169,0.4312
-39.50842758192169,0.4313
-39.50842758192169,0.4314
-39.50842758192169,0.4315
-39.50842758192169,0.4316
-39.50842758192169,0.4317
-39.50842758192169,0.4318
-39.50842758192169,0.4319
-39.50842758192169,0.432
-39.50842758192169,0.4321
-39.50842758192169,0.4322
-39.50842758192169,0.4323
-39.50842758192169,0.4324
-39.50842758192169,0.4325
-39.50842758192169,0.4326
-39.50842758192169,0.4327
-39.50842758192169,0.4328
-39.50842758192169,0.4329
-39.50842758192169,0.433
-39.50842758192169,0.4331
-39.50842758192169,0.4332
-39.50842758192169,0.4333
-39.50842758192169,0.4334
-39.50842758192169,0.4335
-39.50842758192169,0.4336
-39.50842758192169,0.4337
-39.50842758192169,0.4338
-39.50842758192169,0.4339
-39.50842758192169,0.434
-39.50842758192169,0.4341
-39.50842758192169,0.4342
-39.50842758192169,0.4343
-39.50842758192169,0.4344
-39.50842758192169,0.4345
-39.50842758192169,0.4346
-39.50842758192169,0.4347
-39.50842758192169,0.4348
-39.50842758192169,0.4349
-39.50842758192169,0.435
-39.50842758192169,0.4351
-39.50842758192169,0.4352
-39.50842758192169,0.4353
-39.50842758192169,0.4354
-39.50842758192169,0.4355
-39.50842758192169,0.4356
-39.50842758192169,0.4357
-39.50842758192169,0.4358
-39.50842758192169,0.4359
-39.50842758192169,0.436
-39.50842758192169,0.4361
-39.50842758192169,0.4362
-39.50842758192169,0.4363
-39.50842758192169,0.4364
-39.50842758192169,0.4365
-39.50842758192169,0.4366
-39.50842758192169,0.4367
-39.50842758192169,0.4368
-39.50842758192169,0.4369
-39.50842758192169,0.437
-39.50842758192169,0.4371
-39.50842758192169,0.4372
-39.50842758192169,0.4373
-39.50842758192169,0.4374
-39.50842758192169,0.4375
-39.50842758192169,0.4376
-39.50842758192169,0.4377
-39.50842758192169,0.4378
-39.50842758192169,0.4379
-39.50842758192169,0.438
-39.50842758192169,0.4381
-39.50842758192169,0.4382
-39.50842758192169,0.4383
-39.50842758192169,0.4384
-39.50842758192169,0.4385
-39.50842758192169,0.4386
-39.50842758192169,0.4387
-39.50842758192169,0.4388
-39.50842758192169,0.4389
-39.50842758192169,0.439
-39.50842758192169,0.4391
-39.50842758192169,0.4392
-39.50842758192169,0.4393
-39.50842758192169,0.4394
-39.50842758192169,0.4395
-39.50842758192169,0.4396
-39.50842758192169,0.4397
-39.50842758192169,0.4398
-39.50842758192169,0.4399
-39.50842758192169,0.44
-39.50842758192169,0.4401
-39.50842758192169,0.4402
-39.50842758192169,0.4403
-39.50842758192169,0.4404
-39.50842758192169,0.4405
-39.50842758192169,0.4406
-39.50842758192169,0.4407
-39.50842758192169,0.4408
-39.50842758192169,0.4409
-39.50842758192169,0.441
-39.50842758192169,0.4411
-39.50842758192169,0.4412
-39.50842758192169,0.4413
-39.50842758192169,0.4414
-39.50842758192169,0.4415
-39.50842758192169,0.4416
-39.50842758192169,0.4417
-39.50842758192169,0.4418
-39.50842758192169,0.4419
-39.50842758192169,0.442
-39.50842758192169,0.4421
-39.50842758192169,0.4422
-39.50842758192169,0.4423
-39.50842758192169,0.4424
-39.50842758192169,0.4425
-39.50842758192169,0.4426
-39.50842758192169,0.4427
-39.50842758192169,0.4428
-39.50842758192169,0.4429
-39.50842758192169,0.443
-39.50842758192169,0.4431
-39.50842758192169,0.4432
-39.50842758192169,0.4433
-39.50842758192169,0.4434
-39.50842758192169,0.4435
-39.50842758192169,0.4436
-39.50842758192169,0.4437
-39.50842758192169,0.4438
-39.50842758192169,0.4439
-39.50842758192169,0.444
-39.50842758192169,0.4441
-39.50842758192169,0.4442
-39.50842758192169,0.4443
-39.50842758192169,0.4444
-39.50842758192169,0.4445
-39.50842758192169,0.4446
-39.50842758192169,0.4447
-39.50842758192169,0.4448
-39.50842758192169,0.4449
-39.50842758192169,0.445
-39.50842758192169,0.4451
-39.50842758192169,0.4452
-39.50842758192169,0.4453
-39.50842758192169,0.4454
-39.50842758192169,0.4455
-39.50842758192169,0.4456
-39.50842758192169,0.4457
-39.50842758192169,0.4458
-39.50842758192169,0.4459
-39.50842758192169,0.446
-39.50842758192169,0.4461
-39.50842758192169,0.4462
-39.50842758192169,0.4463
-39.50842758192169,0.4464
-39.50842758192169,0.4465
-39.50842758192169,0.4466
-39.50842758192169,0.4467
-39.50842758192169,0.4468
-39.50842758192169,0.4469
-39.50842758192169,0.447
-39.50842758192169,0.4471
-39.50842758192169,0.4472
-39.50842758192169,0.4473
-39.50842758192169,0.4474
-39.50842758192169,0.4475
-39.50842758192169,0.4476
-39.50842758192169,0.4477
-39.50842758192169,0.4478
-39.50842758192169,0.4479
-39.50842758192169,0.448
-39.50842758192169,0.4481
-39.50842758192169,0.4482
-39.50842758192169,0.4483
-39.50842758192169,0.4484
-39.50842758192169,0.4485
-39.50842758192169,0.4486
-39.50842758192169,0.4487
-39.50842758192169,0.4488
-39.50842758192169,0.4489
-39.50842758192169,0.449
-39.50842758192169,0.4491
-39.50842758192169,0.4492
-39.50842758192169,0.4493
-39.50842758192169,0.4494
-39.50842758192169,0.4495
-39.50842758192169,0.4496
-39.50842758192169,0.4497
-39.50842758192169,0.4498
-39.50842758192169,0.4499
-39.50842758192169,0.45
-39.50842758192169,0.4501
-39.50842758192169,0.4502
-39.50842758192169,0.4503
-39.50842758192169,0.4504
-39.50842758192169,0.4505
-39.50842758192169,0.4506
-39.50842758192169,0.4507
-39.50842758192169,0.4508
-39.50842758192169,0.4509
-39.50842758192169,0.451
-39.50842758192169,0.4511
-39.50842758192169,0.4512
-39.50842758192169,0.4513
-39.50842758192169,0.4514
-39.50842758192169,0.4515
-39.50842758192169,0.4516
-39.50842758192169,0.4517
-39.50842758192169,0.4518
-39.50842758192169,0.4519
-39.50842758192169,0.452
-39.50842758192169,0.4521
-39.50842758192169,0.4522
-39.50842758192169,0.4523
-39.50842758192169,0.4524
-39.50842758192169,0.4525
-39.50842758192169,0.4526
-39.50842758192169,0.4527
-39.50842758192169,0.4528
-39.50842758192169,0.4529
-39.50842758192169,0.453
-39.50842758192169,0.4531
-39.50842758192169,0.4532
-39.50842758192169,0.4533
-39.50842758192169,0.4534
-39.50842758192169,0.4535
-39.50842758192169,0.4536
-39.50842758192169,0.4537
-39.50842758192169,0.4538
-39.50842758192169,0.4539
-39.50842758192169,0.454
-39.50842758192169,0.4541
-39.50842758192169,0.4542
-39.50842758192169,0.4543
-39.50842758192169,0.4544
-39.50842758192169,0.4545
-39.50842758192169,0.4546
-39.50842758192169,0.4547
-39.50842758192169,0.4548
-39.50842758192169,0.4549
-39.50842758192169,0.455
-39.50842758192169,0.4551
-39.50842758192169,0.4552
-39.50842758192169,0.4553
-39.50842758192169,0.4554
-39.50842758192169,0.4555
-39.50842758192169,0.4556
-39.50842758192169,0.4557
-39.50842758192169,0.4558
-39.50842758192169,0.4559
-39.50842758192169,0.456
-39.50842758192169,0.4561
-39.50842758192169,0.4562
-39.50842758192169,0.4563
-39.50842758192169,0.4564
-39.50842758192169,0.4565
-39.50842758192169,0.4566
-39.50842758192169,0.4567
-39.50842758192169,0.4568
-39.50842758192169,0.4569
-39.50842758192169,0.457
-39.50842758192169,0.4571
-39.50842758192169,0.4572
-39.50842758192169,0.4573
-39.50842758192169,0.4574
-39.50842758192169,0.4575
-39.50842758192169,0.4576
-39.50842758192169,0.4577
-39.50842758192169,0.4578
-39.50842758192169,0.4579
-39.50842758192169,0.458
-39.50842758192169,0.4581
-39.50842758192169,0.4582
-39.50842758192169,0.4583
-39.50842758192169,0.4584
-39.50842758192169,0.4585
-39.50842758192169,0.4586
-39.50842758192169,0.4587
-39.50842758192169,0.4588
-39.50842758192169,0.4589
-39.50842758192169,0.459
-39.50842758192169,0.4591
-39.50842758192169,0.4592
-39.50842758192169,0.4593
-39.50842758192169,0.4594
-39.50842758192169,0.4595
-39.50842758192169,0.4596
-39.50842758192169,0.4597
-39.50842758192169,0.4598
-39.50842758192169,0.4599
-39.50842758192169,0.46
-39.50842758192169,0.4601
-39.50842758192169,0.4602
-39.50842758192169,0.4603
-39.50842758192169,0.4604
-39.50842758192169,0.4605
-39.50842758192169,0.4606
-39.50842758192169,0.4607
-39.50842758192169,0.4608
-39.50842758192169,0.4609
-39.50842758192169,0.461
-39.50842758192169,0.4611
-39.50842758192169,0.4612
-39.50842758192169,0.4613
-39.50842758192169,0.4614
-39.50842758192169,0.4615
-39.50842758192169,0.4616
-39.50842758192169,0.4617
-39.50842758192169,0.4618
-39.50842758192169,0.4619
-39.50842758192169,0.462
-39.50842758192169,0.4621
-39.50842758192169,0.4622
-39.50842758192169,0.4623
-39.50842758192169,0.4624
-39.50842758192169,0.4625
-39.50842758192169,0.4626
-39.50842758192169,0.4627
-39.50842758192169,0.4628
-39.50842758192169,0.4629
-39.50842758192169,0.463
-39.50842758192169,0.4631
-39.50842758192169,0.4632
-39.50842758192169,0.4633
-39.50842758192169,0.4634
-39.50842758192169,0.4635
-39.50842758192169,0.4636
-39.50842758192169,0.4637
-39.50842758192169,0.4638
-39.50842758192169,0.4639
-39.50842758192169,0.464
-39.50842758192169,0.4641
-39.50842758192169,0.4642
-39.50842758192169,0.4643
-39.50842758192169,0.4644
-39.50842758192169,0.4645
-39.50842758192169,0.4646
-39.50842758192169,0.4647
-39.50842758192169,0.4648
-39.50842758192169,0.4649
-39.50842758192169,0.465
-39.50842758192169,0.4651
-39.50842758192169,0.4652
-39.50842758192169,0.4653
-39.50842758192169,0.4654
-39.50842758192169,0.4655
-39.50842758192169,0.4656
-39.50842758192169,0.4657
-39.50842758192169,0.4658
-39.50842758192169,0.4659
-39.50842758192169,0.466
-39.50842758192169,0.4661
-39.50842758192169,0.4662
-39.50842758192169,0.4663
-39.50842758192169,0.4664
-39.50842758192169,0.4665
-39.50842758192169,0.4666
-39.50842758192169,0.4667
-39.50842758192169,0.4668
-39.50842758192169,0.4669
-39.50842758192169,0.467
-39.50842758192169,0.4671
-39.50842758192169,0.4672
-39.50842758192169,0.4673
-39.50842758192169,0.4674
-39.50842758192169,0.4675
-39.50842758192169,0.4676
-39.50842758192169,0.4677
-39.50842758192169,0.4678
-39.50842758192169,0.4679
-39.50842758192169,0.468
-39.50842758192169,0.4681
-39.50842758192169,0.4682
-39.50842758192169,0.4683
-39.50842758192169,0.4684
-39.50842758192169,0.4685
-39.50842758192169,0.4686
-39.50842758192169,0.4687
-39.50842758192169,0.4688
-39.50842758192169,0.4689
-39.50842758192169,0.469
-39.50842758192169,0.4691
-39.50842758192169,0.4692
-39.50842758192169,0.4693
-39.50842758192169,0.4694
-39.50842758192169,0.4695
-39.50842758192169,0.4696
-39.50842758192169,0.4697
-39.50842758192169,0.4698
-39.50842758192169,0.4699
-39.50842758192169,0.47
-39.50842758192169,0.4701
-39.50842758192169,0.4702
-39.50842758192169,0.4703
-39.50842758192169,0.4704
-39.50842758192169,0.4705
-39.50842758192169,0.4706
-39.50842758192169,0.4707
-39.50842758192169,0.4708
-39.50842758192169,0.4709
-39.50842758192169,0.471
-39.50842758192169,0.4711
-39.50842758192169,0.4712
-39.50842758192169,0.4713
-39.50842758192169,0.4714
-39.50842758192169,0.4715
-39.50842758192169,0.4716
-39.50842758192169,0.4717
-39.50842758192169,0.4718
-39.50842758192169,0.4719
-39.50842758192169,0.472
-39.50842758192169,0.4721
-39.50842758192169,0.4722
-39.50842758192169,0.4723
-39.50842758192169,0.4724
-39.50842758192169,0.4725
-39.50842758192169,0.4726
-39.50842758192169,0.4727
-39.50842758192169,0.4728
-39.50842758192169,0.4729
-39.50842758192169,0.473
-39.50842758192169,0.4731
-39.50842758192169,0.4732
-39.50842758192169,0.4733
-39.50842758192169,0.4734
-39.50842758192169,0.4735
-39.50842758192169,0.4736
-39.50842758192169,0.4737
-39.50842758192169,0.4738
-39.50842758192169,0.4739
-39.50842758192169,0.474
-39.50842758192169,0.4741
-39.50842758192169,0.4742
-39.50842758192169,0.4743
-39.50842758192169,0.4744
-39.50842758192169,0.4745
-39.50842758192169,0.4746
-39.50842758192169,0.4747
-39.50842758192169,0.4748
-39.50842758192169,0.4749
-39.50842758192169,0.475
-39.50842758192169,0.4751
-39.50842758192169,0.4752
-39.50842758192169,0.4753
-39.50842758192169,0.4754
-39.50842758192169,0.4755
-39.50842758192169,0.4756
-39.50842758192169,0.4757
-39.50842758192169,0.4758
-39.50842758192169,0.4759
-39.50842758192169,0.476
-39.50842758192169,0.4761
-39.50842758192169,0.4762
-39.50842758192169,0.4763
-39.50842758192169,0.4764
-39.50842758192169,0.4765
-39.50842758192169,0.4766
-39.50842758192169,0.4767
-39.50842758192169,0.4768
-39.50842758192169,0.4769
-39.50842758192169,0.477
-39.50842758192169,0.4771
-39.50842758192169,0.4772
-39.50842758192169,0.4773
-39.50842758192169,0.4774
-39.50842758192169,0.4775
-39.50842758192169,0.4776
-39.50842758192169,0.4777
-39.50842758192169,0.4778
-39.50842758192169,0.4779
-39.50842758192169,0.478
-39.50842758192169,0.4781
-39.50842758192169,0.4782
-39.50842758192169,0.4783
-39.50842758192169,0.4784
-39.50842758192169,0.4785
-39.50842758192169,0.4786
-39.50842758192169,0.4787
-39.50842758192169,0.4788
-39.50842758192169,0.4789
-39.50842758192169,0.479
-39.50842758192169,0.4791
-39.50842758192169,0.4792
-39.50842758192169,0.4793
-39.50842758192169,0.4794
-39.50842758192169,0.4795
-39.50842758192169,0.4796
-39.50842758192169,0.4797
-39.50842758192169,0.4798
-39.50842758192169,0.4799
-39.50842758192169,0.48
-39.50842758192169,0.4801
-39.50842758192169,0.4802
-39.50842758192169,0.4803
-39.50842758192169,0.4804
-39.50842758192169,0.4805
-39.50842758192169,0.4806
-39.50842758192169,0.4807
-39.50842758192169,0.4808
-39.50842758192169,0.4809
-39.50842758192169,0.481
-39.50842758192169,0.4811
-39.50842758192169,0.4812
-39.50842758192169,0.4813
-39.50842758192169,0.4814
-39.50842758192169,0.4815
-39.50842758192169,0.4816
-39.50842758192169,0.4817
-39.50842758192169,0.4818
-39.50842758192169,0.4819
-39.50842758192169,0.482
-39.50842758192169,0.4821
-39.50842758192169,0.4822
-39.50842758192169,0.4823
-39.50842758192169,0.4824
-39.50842758192169,0.4825
-39.50842758192169,0.4826
-39.50842758192169,0.4827
-39.50842758192169,0.4828
-39.50842758192169,0.4829
-39.50842758192169,0.483
-39.50842758192169,0.4831
-39.50842758192169,0.4832
-39.50842758192169,0.4833
-39.50842758192169,0.4834
-39.50842758192169,0.4835
-39.50842758192169,0.4836
-39.50842758192169,0.4837
-39.50842758192169,0.4838
-39.50842758192169,0.4839
-39.50842758192169,0.484
-39.50842758192169,0.4841
-39.50842758192169,0.4842
-39.50842758192169,0.4843
-39.50842758192169,0.4844
-39.50842758192169,0.4845
-39.50842758192169,0.4846
-39.50842758192169,0.4847
-39.50842758192169,0.4848
-39.50842758192169,0.4849
-39.50842758192169,0.485
-39.50842758192169,0.4851
-39.50842758192169,0.4852
-39.50842758192169,0.4853
-39.50842758192169,0.4854
-39.50842758192169,0.4855
-39.50842758192169,0.4856
-39.50842758192169,0.4857
-39.50842758192169,0.4858
-39.50842758192169,0.4859
-39.50842758192169,0.486
-39.50842758192169,0.4861
-39.50842758192169,0.4862
-39.50842758192169,0.4863
-39.50842758192169,0.4864
-39.50842758192169,0.4865
-39.50842758192169,0.4866
-39.50842758192169,0.4867
-39.50842758192169,0.4868
-39.50842758192169,0.4869
-39.50842758192169,0.487
-39.50842758192169,0.4871
-39.50842758192169,0.4872
-39.50842758192169,0.4873
-39.50842758192169,0.4874
-39.50842758192169,0.4875
-39.50842758192169,0.4876
-39.50842758192169,0.4877
-39.50842758192169,0.4878
-39.50842758192169,0.4879
-39.50842758192169,0.488
-39.50842758192169,0.4881
-39.50842758192169,0.4882
-39.50842758192169,0.4883
-39.50842758192169,0.4884
-39.50842758192169,0.4885
-39.50842758192169,0.4886
-39.50842758192169,0.4887
-39.50842758192169,0.4888
-39.50842758192169,0.4889
-39.50842758192169,0.489
-39.50842758192169,0.4891
-39.50842758192169,0.4892
-39.50842758192169,0.4893
-39.50842758192169,0.4894
-39.50842758192169,0.4895
-39.50842758192169,0.4896
-39.50842758192169,0.4897
-39.50842758192169,0.4898
-39.50842758192169,0.4899
-39.50842758192169,0.49
-39.50842758192169,0.4901
-39.50842758192169,0.4902
-39.50842758192169,0.4903
-39.50842758192169,0.4904
-39.50842758192169,0.4905
-39.50842758192169,0.4906
-39.50842758192169,0.4907
-39.50842758192169,0.4908
-39.50842758192169,0.4909
-39.50842758192169,0.491
-39.50842758192169,0.4911
-39.50842758192169,0.4912
-39.50842758192169,0.4913
-39.50842758192169,0.4914
-39.50842758192169,0.4915
-39.50842758192169,0.4916
-39.50842758192169,0.4917
-39.50842758192169,0.4918
-39.50842758192169,0.4919
-39.50842758192169,0.492
-39.50842758192169,0.4921
-39.50842758192169,0.4922
-39.50842758192169,0.4923
-39.50842758192169,0.4924
-39.50842758192169,0.4925
-39.50842758192169,0.4926
-39.50842758192169,0.4927
-39.50842758192169,0.4928
-39.50842758192169,0.4929
-39.50842758192169,0.493
-39.50842758192169,0.4931
-39.50842758192169,0.4932
-39.50842758192169,0.4933
-39.50842758192169,0.4934
-39.50842758192169,0.4935
-39.50842758192169,0.4936
-39.50842758192169,0.4937
-39.50842758192169,0.4938
-39.50842758192169,0.4939
-39.50842758192169,0.494
-39.50842758192169,0.4941
-39.50842758192169,0.4942
-39.50842758192169,0.4943
-39.50842758192169,0.4944
-39.50842758192169,0.4945
-39.50842758192169,0.4946
-39.50842758192169,0.4947
-39.50842758192169,0.4948
-39.50842758192169,0.4949
-39.50842758192169,0.495
-39.50842758192169,0.4951
-39.50842758192169,0.4952
-21.1554760330054,0.4953
-21.1554760330054,0.4954
-21.1554760330054,0.4955
-21.1554760330054,0.4956
-21.1554760330054,0.4957
-21.1554760330054,0.4958
-21.1554760330054,0.4959
-21.1554760330054,0.496
-21.1554760330054,0.4961
-21.1554760330054,0.4962
-21.1554760330054,0.4963
-21.1554760330054,0.4964
-21.1554760330054,0.4965
-21.1554760330054,0.4966
-21.1554760330054,0.4967
-21.1554760330054,0.4968
-21.1554760330054,0.4969
-21.1554760330054,0.497
-21.1554760330054,0.4971
-21.1554760330054,0.4972
-21.1554760330054,0.4973
-21.1554760330054,0.4974
-21.1554760330054,0.4975
-21.1554760330054,0.4976
-21.1554760330054,0.4977
-21.1554760330054,0.4978
-21.1554760330054,0.4979
-21.1554760330054,0.498
-21.1554760330054,0.4981
-21.1554760330054,0.4982
-21.1554760330054,0.4983
-21.1554760330054,0.4984
-21.1554760330054,0.4985
-21.1554760330054,0.4986
-21.1554760330054,0.4987
-21.1554760330054,0.4988
-21.1554760330054,0.4989
-21.1554760330054,0.499
-21.1554760330054,0.4991
-21.1554760330054,0.4992
-21.1554760330054,0.4993
-21.1554760330054,0.4994
-21.1554760330054,0.4995
-21.1554760330054,0.4996
-21.1554760330054,0.4997
-21.1554760330054,0.4998
-21.1554760330054,0.4999
-21.1554760330054,0.5
-21.1554760330054,0.5001
-21.1554760330054,0.5002
-21.1554760330054,0.5003
-21.1554760330054,0.5004
-21.1554760330054,0.5005
-21.1554760330054,0.5006
-21.1554760330054,0.5007
-21.1554760330054,0.5008
-21.1554760330054,0.5009
-21.1554760330054,0.501
-21.1554760330054,0.5011
-21.1554760330054,0.5012
-21.1554760330054,0.5013
-21.1554760330054,0.5014
-21.1554760330054,0.5015
-21.1554760330054,0.5016
-21.1554760330054,0.5017
-21.1554760330054,0.5018
-21.1554760330054,0.5019
-21.1554760330054,0.502
-21.1554760330054,0.5021
-21.1554760330054,0.5022
-21.1554760330054,0.5023
-21.1554760330054,0.5024
-21.1554760330054,0.5025
-21.1554760330054,0.5026
-21.1554760330054,0.5027
-21.1554760330054,0.5028
-21.1554760330054,0.5029
-21.1554760330054,0.503
-21.1554760330054,0.5031
-21.1554760330054,0.5032
-21.1554760330054,0.5033
-21.1554760330054,0.5034
-21.1554760330054,0.5035
-21.1554760330054,0.5036
-21.1554760330054,0.5037
-21.1554760330054,0.5038
-21.1554760330054,0.5039
-21.1554760330054,0.504
-21.1554760330054,0.5041
-21.1554760330054,0.5042
-21.1554760330054,0.5043
-21.1554760330054,0.5044
-21.1554760330054,0.5045
-21.1554760330054,0.5046
-21.1554760330054,0.5047
-21.1554760330054,0.5048
-21.1554760330054,0.5049
-21.1554760330054,0.505
-21.1554760330054,0.5051
-21.1554760330054,0.5052
-21.1554760330054,0.5053
-21.1554760330054,0.5054
-21.1554760330054,0.5055
-21.1554760330054,0.5056
-21.1554760330054,0.5057
-21.1554760330054,0.5058
-21.1554760330054,0.5059
-21.1554760330054,0.506
-21.1554760330054,0.5061
-21.1554760330054,0.5062
-21.1554760330054,0.5063
-21.1554760330054,0.5064
-21.1554760330054,0.5065
-21.1554760330054,0.5066
-21.1554760330054,0.5067
-21.1554760330054,0.5068
-21.1554760330054,0.5069
-21.1554760330054,0.507
-21.1554760330054,0.5071
-21.1554760330054,0.5072
-21.1554760330054,0.5073
-21.1554760330054,0.5074
-21.1554760330054,0.5075
-21.1554760330054,0.5076
-21.1554760330054,0.5077
-21.1554760330054,0.5078
-21.1554760330054,0.5079
-21.1554760330054,0.508
-21.1554760330054,0.5081
-21.1554760330054,0.5082
-21.1554760330054,0.5083
-21.1554760330054,0.5084
-21.1554760330054,0.5085
-21.1554760330054,0.5086
-21.1554760330054,0.5087
-21.1554760330054,0.5088
-21.1554760330054,0.5089
-21.1554760330054,0.509
-21.1554760330054,0.5091
-21.1554760330054,0.5092
-21.1554760330054,0.5093
-21.1554760330054,0.5094
-21.1554760330054,0.5095
-21.1554760330054,0.5096
-21.1554760330054,0.5097
-21.1554760330054,0.5098
-21.1554760330054,0.5099
-21.1554760330054,0.51
-21.1554760330054,0.5101
-21.1554760330054,0.5102
-21.1554760330054,0.5103
-21.1554760330054,0.5104
-21.1554760330054,0.5105
-21.1554760330054,0.5106
-21.1554760330054,0.5107
-21.1554760330054,0.5108
-21.1554760330054,0.5109
-21.1554760330054,0.511
-21.1554760330054,0.5111
-21.1554760330054,0.5112
-21.1554760330054,0.5113
-21.1554760330054,0.5114
-21.1554760330054,0.5115
-21.1554760330054,0.5116
-21.1554760330054,0.5117
-21.1554760330054,0.5118
-21.1554760330054,0.5119
-21.1554760330054,0.512
-21.1554760330054,0.5121
-21.1554760330054,0.5122
-21.1554760330054,0.5123
-21.1554760330054,0.5124
-21.1554760330054,0.5125
-21.1554760330054,0.5126
-21.1554760330054,0.5127
-21.1554760330054,0.5128
-21.1554760330054,0.5129
-21.1554760330054,0.513
-21.1554760330054,0.5131
-21.1554760330054,0.5132
-21.1554760330054,0.5133
-21.1554760330054,0.5134
-21.1554760330054,0.5135
-21.1554760330054,0.5136
-21.1554760330054,0.5137
-21.1554760330054,0.5138
-21.1554760330054,0.5139
-21.1554760330054,0.514
-21.1554760330054,0.5141
-21.1554760330054,0.5142
-21.1554760330054,0.5143
-21.1554760330054,0.5144
-21.1554760330054,0.5145
-21.1554760330054,0.5146
-21.1554760330054,0.5147
-21.1554760330054,0.5148
-21.1554760330054,0.5149
-21.1554760330054,0.515
-21.1554760330054,0.5151
-21.1554760330054,0.5152
-21.1554760330054,0.5153
-21.1554760330054,0.5154
-21.1554760330054,0.5155
-21.1554760330054,0.5156
-21.1554760330054,0.5157
-21.1554760330054,0.5158
-21.1554760330054,0.5159
-21.1554760330054,0.516
-21.1554760330054,0.5161
-21.1554760330054,0.5162
-21.1554760330054,0.5163
-21.1554760330054,0.5164
-21.1554760330054,0.5165
-21.1554760330054,0.5166
-21.1554760330054,0.5167
-21.1554760330054,0.5168
-21.1554760330054,0.5169
-21.1554760330054,0.517
-21.1554760330054,0.5171
-21.1554760330054,0.5172
-21.1554760330054,0.5173
-21.1554760330054,0.5174
-21.1554760330054,0.5175
-21.1554760330054,0.5176
-21.1554760330054,0.5177
-21.1554760330054,0.5178
-21.1554760330054,0.5179
-21.1554760330054,0.518
-21.1554760330054,0.5181
-21.1554760330054,0.5182
-21.1554760330054,0.5183
-21.1554760330054,0.5184
-21.1554760330054,0.5185
-21.1554760330054,0.5186
-21.1554760330054,0.5187
-21.1554760330054,0.5188
-21.1554760330054,0.5189
-21.1554760330054,0.519
-21.1554760330054,0.5191
-21.1554760330054,0.5192
-21.1554760330054,0.5193
-21.1554760330054,0.5194
-21.1554760330054,0.5195
-21.1554760330054,0.5196
-21.1554760330054,0.5197
-21.1554760330054,0.5198
-21.1554760330054,0.5199
-21.1554760330054,0.52
-21.1554760330054,0.5201
-21.1554760330054,0.5202
-21.1554760330054,0.5203
-21.1554760330054,0.5204
-21.1554760330054,0.5205
-21.1554760330054,0.5206
-21.1554760330054,0.5207
-21.1554760330054,0.5208
-21.1554760330054,0.5209
-21.1554760330054,0.521
-21.1554760330054,0.5211
-21.1554760330054,0.5212
-21.1554760330054,0.5213
-21.1554760330054,0.5214
-21.1554760330054,0.5215
-21.1554760330054,0.5216
-21.1554760330054,0.5217
-21.1554760330054,0.5218
-21.1554760330054,0.5219
-21.1554760330054,0.522
-21.1554760330054,0.5221
-21.1554760330054,0.5222
-21.1554760330054,0.5223
-21.1554760330054,0.5224
-21.1554760330054,0.5225
-21.1554760330054,0.5226
-21.1554760330054,0.5227
-21.1554760330054,0.5228
-21.1554760330054,0.5229
-21.1554760330054,0.523
-21.1554760330054,0.5231
-21.1554760330054,0.5232
-21.1554760330054,0.5233
-21.1554760330054,0.5234
-21.1554760330054,0.5235
-21.1554760330054,0.5236
-21.1554760330054,0.5237
-21.1554760330054,0.5238
-21.1554760330054,0.5239
0.0,0.524
0.0,0.5241
0.0,0.5242
0.0,0.5243
0.0,0.5244
0.0,0.5245
0.0,0.5246
0.0,0.5247
0.0,0.5248
0.0,0.5249
0.0,0.525
0.0,0.5251
0.0,0.5252
0.0,0.5253
0.0,0.5254
0.0,0.5255
0.0,0.5256
0.0,0.5257
0.0,0.5258
0.0,0.5259
0.0,0.526
0.0,0.5261
0.0,0.5262
0.0,0.5263
0.0,0.5264
0.0,0.5265
0.0,0.5266
0.0,0.5267
0.0,0.5268
0.0,0.5269
0.0,0.527
0.0,0.5271
0.0,0.5272
0.0,0.5273
0.0,0.5274
0.0,0.5275
0.0,0.5276
0.0,0.5277
0.0,0.5278
0.0,0.5279
0.0,0.528
0.0,0.5281
0.0,0.5282
0.0,0.5283
0.0,0.5284
0.0,0.5285
0.0,0.5286
0.0,0.5287
0.0,0.5288
0.0,0.5289
0.0,0.529
0.0,0.5291
0.0,0.5292
0.0,0.5293
0.0,0.5294
0.0,0.5295
0.0,0.5296
0.0,0.5297
0.0,0.5298
0.0,0.5299
0.0,0.53
0.0,0.5301
0.0,0.5302
0.0,0.5303
0.0,0.5304
0.0,0.5305
0.0,0.5306
0.0,0.5307
0.0,0.5308
0.0,0.5309
0.0,0.531
0.0,0.5311
0.0,0.5312
0.0,0.5313
0.0,0.5314
0.0,0.5315
0.0,0.5316
0.0,0.5317
0.0,0.5318
0.0,0.5319
0.0,0.532
0.0,0.5321
0.0,0.5322
0.0,0.5323
0.0,0.5324
0.0,0.5325
0.0,0.5326
0.0,0.5327
0.0,0.5328
0.0,0.5329
0.0,0.533
0.0,0.5331
0.0,0.5332
0.0,0.5333
0.0,0.5334
0.0,0.5335
0.0,0.5336
0.0,0.5337
0.0,0.5338
0.0,0.5339
0.0,0.534
0.0,0.5341
0.0,0.5342
0.0,0.5343
0.0,0.5344
0.0,0.5345
0.0,0.5346
0.0,0.5347
0.0,0.5348
0.0,0.5349
0.0,0.535
0.0,0.5351
0.0,0.5352
0.0,0.5353
0.0,0.5354
0.0,0.5355
0.0,0.5356
0.0,0.5357
0.0,0.5358
0.0,0.5359
0.0,0.536
0.0,0.5361
0.0,0.5362
0.0,0.5363
0.0,0.5364
0.0,0.5365
0.0,0.5366
0.0,0.5367
0.0,0.5368
0.0,0.5369
0.0,0.537
0.0,0.5371
0.0,0.5372
0.0,0.5373
0.0,0.5374
0.0,0.5375
0.0,0.5376
0.0,0.5377
0.0,0.5378
0.0,0.5379
0.0,0.538
0.0,0.5381
0.0,0.5382
0.0,0.5383
0.0,0.5384
0.0,0.5385
0.0,0.5386
0.0,0.5387
0.0,0.5388
0.0,0.5389
0.0,0.539
0.0,0.5391
0.0,0.5392
0.0,0.5393
0.0,0.5394
0.0,0.5395
0.0,0.5396
0.0,0.5397
0.0,0.5398
0.0,0.5399
0.0,0.54
0.0,0.5401
0.0,0.5402
0.0,0.5403
0.0,0.5404
0.0,0.5405
0.0,0.5406
0.0,0.5407
0.0,0.5408
0.0,0.5409
0.0,0.541
0.0,0.5411
0.0,0.5412
0.0,0.5413
0.0,0.5414
0.0,0.5415
0.0,0.5416
0.0,0.5417
0.0,0.5418
0.0,0.5419
0.0,0.542
0.0,0.5421
0.0,0.5422
0.0,0.5423
0.0,0.5424
0.0,0.5425
0.0,0.5426
0.0,0.5427
0.0,0.5428
0.0,0.5429
0.0,0.543
0.0,0.5431
0.0,0.5432
0.0,0.5433
0.0,0.5434
0.0,0.5435
0.0,0.5436
0.0,0.5437
0.0,0.5438
0.0,0.5439
0.0,0.544
0.0,0.5441
0.0,0.5442
0.0,0.5443
0.0,0.5444
0.0,0.5445
0.0,0.5446
0.0,0.5447
0.0,0.5448
0.0,0.5449
0.0,0.545
0.0,0.5451
0.0,0.5452
0.0,0.5453
0.0,0.5454
0.0,0.5455
0.0,0.5456
0.0,0.5457
0.0,0.5458
0.0,0.5459
0.0,0.546
0.0,0.5461
0.0,0.5462
0.0,0.5463
0.0,0.5464
0.0,0.5465
0.0,0.5466
0.0,0.5467
0.0,0.5468
0.0,0.5469
0.0,0.547
0.0,0.5471
0.0,0.5472
0.0,0.5473
0.0,0.5474
0.0,0.5475
0.0,0.5476
0.0,0.5477
0.0,0.5478
0.0,0.5479
0.0,0.548
0.0,0.5481
0.0,0.5482
0.0,0.5483
0.0,0.5484
0.0,0.5485
0.0,0.5486
0.0,0.5487
0.0,0.5488
0.0,0.5489
0.0,0.549
0.0,0.5491
0.0,0.5492
0.0,0.5493
0.0,0.5494
0.0,0.5495
0.0,0.5496
0.0,0.5497
0.0,0.5498
0.0,0.5499
0.0,0.55
0.0,0.5501
0.0,0.5502
0.0,0.5503
0.0,0.5504
0.0,0.5505
0.0,0.5506
0.0,0.5507
0.0,0.5508
0.0,0.5509
0.0,0.551
0.0,0.5511
0.0,0.5512
0.0,0.5513
0.0,0.5514
0.0,0.5515
0.0,0.5516
0.0,0.5517
0.0,0.5518
0.0,0.5519
0.0,0.552
0.0,0.5521
0.0,0.5522
0.0,0.5523
0.0,0.5524
0.0,0.5525
0.0,0.5526
0.0,0.5527
0.0,0.5528
0.0,0.5529
0.0,0.553
0.0,0.5531
0.0,0.5532
0.0,0.5533
0.0,0.5534
0.0,0.5535
0.0,0.5536
0.0,0.5537
0.0,0.5538
0.0,0.5539
0.0,0.554
0.0,0.5541
0.0,0.5542
0.0,0.5543
0.0,0.5544
0.0,0.5545
0.0,0.5546
0.0,0.5547
0.0,0.5548
0.0,0.5549
0.0,0.555
0.0,0.5551
0.0,0.5552
0.0,0.5553
0.0,0.5554
0.0,0.5555
0.0,0.5556
0.0,0.5557
0.0,0.5558
0.0,0.5559
0.0,0.556
0.0,0.5561
0.0,0.5562
0.0,0.5563
0.0,0.5564
0.0,0.5565
0.0,0.5566
0.0,0.5567
0.0,0.5568
0.0,0.5569
0.0,0.557
0.0,0.5571
0.0,0.5572
0.0,0.5573
0.0,0.5574
0.0,0.5575
0.0,0.5576
0.0,0.5577
0.0,0.5578
0.0,0.5579
0.0,0.558
0.0,0.5581
0.0,0.5582
0.0,0.5583
0.0,0.5584
0.0,0.5585
0.0,0.5586
0.0,0.5587
0.0,0.5588
0.0,0.5589
0.0,0.559
0.0,0.5591
0.0,0.5592
0.0,0.5593
0.0,0.5594
0.0,0.5595
0.0,0.5596
0.0,0.5597
0.0,0.5598
0.0,0.5599
0.0,0.56
0.0,0.5601
0.0,0.5602
0.0,0.5603
0.0,0.5604
0.0,0.5605
0.0,0.5606
0.0,0.5607
0.0,0.5608
0.0,0.5609
0.0,0.561
0.0,0.5611
0.0,0.5612
0.0,0.5613
0.0,0.5614
0.0,0.5615
0.0,0.5616
0.0,0.5617
0.0,0.5618
0.0,0.5619
0.0,0.562
0.0,0.5621
0.0,0.5622
0.0,0.5623
0.0,0.5624
0.0,0.5625
0.0,0.5626
0.0,0.5627
0.0,0.5628
0.0,0.5629
0.0,0.563
0.0,0.5631
0.0,0.5632
0.0,0.5633
0.0,0.5634
0.0,0.5635
0.0,0.5636
0.0,0.5637
0.0,0.5638
0.0,0.5639
0.0,0.564
0.0,0.5641
0.0,0.5642
0.0,0.5643
0.0,0.5644
0.0,0.5645
0.0,0.5646
0.0,0.5647
0.0,0.5648
0.0,0.5649
0.0,0.565
0.0,0.5651
0.0,0.5652
0.0,0.5653
0.0,0.5654
0.0,0.5655
0.0,0.5656
0.0,0.5657
0.0,0.5658
0.0,0.5659
0.0,0.566
0.0,0.5661
0.0,0.5662
0.0,0.5663
0.0,0.5664
0.0,0.5665
0.0,0.5666
0.0,0.5667
0.0,0.5668
0.0,0.5669
0.0,0.567
0.0,0.5671
0.0,0.5672
0.0,0.5673
0.0,0.5674
0.0,0.5675
0.0,0.5676
0.0,0.5677
0.0,0.5678
0.0,0.5679
0.0,0.568
0.0,0.5681
0.0,0.5682
0.0,0.5683
0.0,0.5684
0.0,0.5685
0.0,0.5686
0.0,0.5687
0.0,0.5688
0.0,0.5689
0.0,0.569
0.0,0.5691
0.0,0.5692
0.0,0.5693
0.0,0.5694
0.0,0.5695
0.0,0.5696
0.0,0.5697
0.0,0.5698
0.0,0.5699
0.0,0.57
0.0,0.5701
0.0,0.5702
0.0,0.5703
0.0,0.5704
0.0,0.5705
0.0,0.5706
0.0,0.5707
0.0,0.5708
0.0,0.5709
0.0,0.571
0.0,0.5711
0.0,0.5712
0.0,0.5713
0.0,0.5714
0.0,0.5715
0.0,0.5716
0.0,0.5717
0.0,0.5718
0.0,0.5719
0.0,0.572
0.0,0.5721
0.0,0.5722
0.0,0.5723
0.0,0.5724
0.0,0.5725
0.0,0.5726
0.0,0.5727
0.0,0.5728
0.0,0.5729
0.0,0.573
0.0,0.5731
0.0,0.5732
0.0,0.5733
0.0,0.5734
0.0,0.5735
0.0,0.5736
0.0,0.5737
0.0,0.5738
0.0,0.5739
0.0,0.574
0.0,0.5741
0.0,0.5742
0.0,0.5743
0.0,0.5744
0.0,0.5745
0.0,0.5746
0.0,0.5747
0.0,0.5748
0.0,0.5749
0.0,0.575
0.0,0.5751
0.0,0.5752
0.0,0.5753
0.0,0.5754
0.0,0.5755
0.0,0.5756
0.0,0.5757
0.0,0.5758
0.0,0.5759
0.0,0.576
0.0,0.5761
0.0,0.5762
0.0,0.5763
0.0,0.5764
0.0,0.5765
0.0,0.5766
0.0,0.5767
0.0,0.5768
0.0,0.5769
0.0,0.577
0.0,0.5771
0.0,0.5772
0.0,0.5773
0.0,0.5774
0.0,0.5775
0.0,0.5776
0.0,0.5777
0.0,0.5778
0.0,0.5779
0.0,0.578
0.0,0.5781
0.0,0.5782
0.0,0.5783
0.0,0.5784
0.0,0.5785
0.0,0.5786
0.0,0.5787
0.0,0.5788
0.0,0.5789
0.0,0.579
0.0,0.5791
0.0,0.5792
0.0,0.5793
0.0,0.5794
0.0,0.5795
0.0,0.5796
0.0,0.5797
0.0,0.5798
0.0,0.5799
0.0,0.58
0.0,0.5801
0.0,0.5802
0.0,0.5803
0.0,0.5804
0.0,0.5805
0.0,0.5806
0.0,0.5807
0.0,0.5808
0.0,0.5809
0.0,0.581
0.0,0.5811
0.0,0.5812
0.0,0.5813
0.0,0.5814
0.0,0.5815
0.0,0.5816
0.0,0.5817
0.0,0.5818
0.0,0.5819
0.0,0.582
0.0,0.5821
0.0,0.5822
0.0,0.5823
0.0,0.5824
0.0,0.5825
0.0,0.5826
0.0,0.5827
0.0,0.5828
0.0,0.5829
0.0,0.583
0.0,0.5831
0.0,0.5832
0.0,0.5833
0.0,0.5834
0.0,0.5835
0.0,0.5836
0.0,0.5837
0.0,0.5838
0.0,0.5839
0.0,0.584
0.0,0.5841
0.0,0.5842
0.0,0.5843
0.0,0.5844
0.0,0.5845
0.0,0.5846
0.0,0.5847
0.0,0.5848
0.0,0.5849
0.0,0.585
0.0,0.5851
0.0,0.5852
0.0,0.5853
0.0,0.5854
0.0,0.5855
0.0,0.5856
0.0,0.5857
0.0,0.5858
0.0,0.5859
0.0,0.586
0.0,0.5861
0.0,0.5862
0.0,0.5863
0.0,0.5864
0.0,0.5865
0.0,0.5866
0.0,0.5867
0.0,0.5868
0.0,0.5869
0.0,0.587
0.0,0.5871
0.0,0.5872
0.0,0.5873
0.0,0.5874
0.0,0.5875
0.0,0.5876
0.0,0.5877
0.0,0.5878
0.0,0.5879
0.0,0.588
0.0,0.5881
0.0,0.5882
0.0,0.5883
0.0,0.5884
0.0,0.5885
0.0,0.5886
0.0,0.5887
0.0,0.5888
0.0,0.5889
0.0,0.589
0.0,0.5891
0.0,0.5892
0.0,0.5893
0.0,0.5894
0.0,0.5895
0.0,0.5896
0.0,0.5897
0.0,0.5898
0.0,0.5899
0.0,0.59
0.0,0.5901
0.0,0.5902
0.0,0.5903
0.0,0.5904
0.0,0.5905
0.0,0.5906
0.0,0.5907
0.0,0.5908
0.0,0.5909
0.0,0.591
0.0,0.5911
0.0,0.5912
0.0,0.5913
0.0,0.5914
0.0,0.5915
0.0,0.5916
0.0,0.5917
0.0,0.5918
0.0,0.5919
0.0,0.592
0.0,0.5921
0.0,0.5922
0.0,0.5923
0.0,0.5924
0.0,0.5925
0.0,0.5926
0.0,0.5927
0.0,0.5928
0.0,0.5929
0.0,0.593
0.0,0.5931
0.0,0.5932
0.0,0.5933
0.0,0.5934
0.0,0.5935
0.0,0.5936
0.0,0.5937
0.0,0.5938
0.0,0.5939
0.0,0.594
0.0,0.5941
0.0,0.5942
0.0,0.5943
0.0,0.5944
0.0,0.5945
0.0,0.5946
0.0,0.5947
0.0,0.5948
0.0,0.5949
0.0,0.595
0.0,0.5951
0.0,0.5952
0.0,0.5953
0.0,0.5954
0.0,0.5955
0.0,0.5956
0.0,0.5957
0.0,0.5958
0.0,0.5959
0.0,0.596
0.0,0.5961
0.0,0.5962
0.0,0.5963
0.0,0.5964
0.0,0.5965
0.0,0.5966
0.0,0.5967
0.0,0.5968
0.0,0.5969
0.0,0.597
0.0,0.5971
0.0,0.5972
0.0,0.5973
0.0,0.5974
0.0,0.5975
0.0,0.5976
0.0,0.5977
0.0,0.5978
0.0,0.5979
0.0,0.598
0.0,0.5981
0.0,0.5982
0.0,0.5983
0.0,0.5984
0.0,0.5985
0.0,0.5986
0.0,0.5987
0.0,0.5988
0.0,0.5989
0.0,0.599
0.0,0.5991
0.0,0.5992
0.0,0.5993
0.0,0.5994
0.0,0.5995
0.0,0.5996
0.0,0.5997
0.0,0.5998
0.0,0.5999
0.0,0.6
0.0,0.6001
0.0,0.6002
0.0,0.6003
0.0,0.6004
0.0,0.6005
0.0,0.6006
0.0,0.6007
0.0,0.6008
0.0,0.6009
0.0,0.601
0.0,0.6011
0.0,0.6012
0.0,0.6013
0.0,0.6014
0.0,0.6015
0.0,0.6016
0.0,0.6017
0.0,0.6018
0.0,0.6019
0.0,0.602
0.0,0.6021
0.0,0.6022
0.0,0.6023
0.0,0.6024
0.0,0.6025
0.0,0.6026
0.0,0.6027
0.0,0.6028
0.0,0.6029
0.0,0.603
0.0,0.6031
0.0,0.6032
0.0,0.6033
0.0,0.6034
0.0,0.6035
0.0,0.6036
0.0,0.6037
0.0,0.6038
0.0,0.6039
0.0,0.604
0.0,0.6041
0.0,0.6042
0.0,0.6043
0.0,0.6044
0.0,0.6045
0.0,0.6046
0.0,0.6047
0.0,0.6048
0.0,0.6049
0.0,0.605
0.0,0.6051
0.0,0.6052
0.0,0.6053
0.0,0.6054
0.0,0.6055
0.0,0.6056
0.0,0.6057
0.0,0.6058
0.0,0.6059
0.0,0.606
0.0,0.6061
0.0,0.6062
0.0,0.6063
0.0,0.6064
0.0,0.6065
0.0,0.6066
0.0,0.6067
0.0,0.6068
0.0,0.6069
0.0,0.607
0.0,0.6071
0.0,0.6072
0.0,0.6073
0.0,0.6074
0.0,0.6075
0.0,0.6076
0.0,0.6077
0.0,0.6078
0.0,0.6079
0.0,0.608
0.0,0.6081
0.0,0.6082
0.0,0.6083
0.0,0.6084
0.0,0.6085
0.0,0.6086
0.0,0.6087
0.0,0.6088
0.0,0.6089
0.0,0.609
0.0,0.6091
0.0,0.6092
0.0,0.6093
0.0,0.6094
0.0,0.6095
0.0,0.6096
0.0,0.6097
0.0,0.6098
0.0,0.6099
0.0,0.61
0.0,0.6101
0.0,0.6102
0.0,0.6103
0.0,0.6104
0.0,0.6105
0.0,0.6106
0.0,0.6107
0.0,0.6108
0.0,0.6109
0.0,0.611
0.0,0.6111
0.0,0.6112
0.0,0.6113
0.0,0.6114
0.0,0.6115
0.0,0.6116
0.0,0.6117
0.0,0.6118
0.0,0.6119
0.0,0.612
0.0,0.6121
0.0,0.6122
0.0,0.6123
0.0,0.6124
0.0,0.6125
0.0,0.6126
0.0,0.6127
0.0,0.6128
0.0,0.6129
0.0,0.613
0.0,0.6131
0.0,0.6132
0.0,0.6133
0.0,0.6134
0.0,0.6135
0.0,0.6136
0.0,0.6137
0.0,0.6138
0.0,0.6139
0.0,0.614
0.0,0.6141
0.0,0.6142
0.0,0.6143
0.0,0.6144
0.0,0.6145
0.0,0.6146
0.0,0.6147
0.0,0.6148
0.0,0.6149
0.0,0.615
0.0,0.6151
0.0,0.6152
0.0,0.6153
0.0,0.6154
0.0,0.6155
0.0,0.6156
0.0,0.6157
0.0,0.6158
0.0,0.6159
0.0,0.616
0.0,0.6161
0.0,0.6162
0.0,0.6163
0.0,0.6164
0.0,0.6165
0.0,0.6166
0.0,0.6167
0.0,0.6168
0.0,0.6169
0.0,0.617
0.0,0.6171
0.0,0.6172
0.0,0.6173
0.0,0.6174
0.0,0.6175
0.0,0.6176
0.0,0.6177
0.0,0.6178
0.0,0.6179
0.0,0.618
0.0,0.6181
0.0,0.6182
0.0,0.6183
0.0,0.6184
0.0,0.6185
0.0,0.6186
0.0,0.6187
0.0,0.6188
0.0,0.6189
0.0,0.619
0.0,0.6191
0.0,0.6192
0.0,0.6193
0.0,0.6194
0.0,0.6195
0.0,0.6196
0.0,0.6197
0.0,0.6198
0.0,0.6199
0.0,0.62
0.0,0.6201
0.0,0.6202
0.0,0.6203
0.0,0.6204
0.0,0.6205
0.0,0.6206
0.0,0.6207
0.0,0.6208
0.0,0.6209
0.0,0.621
0.0,0.6211
0.0,0.6212
0.0,0.6213
0.0,0.6214
0.0,0.6215
0.0,0.6216
0.0,0.6217
0.0,0.6218
0.0,0.6219
0.0,0.622
0.0,0.6221
0.0,0.6222
0.0,0.6223
0.0,0.6224
0.0,0.6225
0.0,0.6226
0.0,0.6227
0.0,0.6228
0.0,0.6229
0.0,0.623
0.0,0.6231
0.0,0.6232
0.0,0.6233
0.0,0.6234
0.0,0.6235
0.0,0.6236
0.0,0.6237
0.0,0.6238
0.0,0.6239
0.0,0.624
0.0,0.6241
0.0,0.6242
0.0,0.6243
0.0,0.6244
0.0,0.6245
0.0,0.6246
0.0,0.6247
0.0,0.6248
0.0,0.6249
0.0,0.625
0.0,0.6251
0.0,0.6252
0.0,0.6253
0.0,0.6254
0.0,0.6255
0.0,0.6256
0.0,0.6257
0.0,0.6258
0.0,0.6259
0.0,0.626
0.0,0.6261
0.0,0.6262
0.0,0.6263
0.0,0.6264
0.0,0.6265
0.0,0.6266
0.0,0.6267
0.0,0.6268
0.0,0.6269
0.0,0.627
0.0,0.6271
0.0,0.6272
0.0,0.6273
0.0,0.6274
0.0,0.6275
0.0,0.6276
0.0,0.6277
0.0,0.6278
0.0,0.6279
0.0,0.628
0.0,0.6281
0.0,0.6282
0.0,0.6283
0.0,0.6284
0.0,0.6285
0.0,0.6286
0.0,0.6287
0.0,0.6288
0.0,0.6289
0.0,0.629
0.0,0.6291
0.0,0.6292
0.0,0.6293
0.0,0.6294
0.0,0.6295
0.0,0.6296
0.0,0.6297
0.0,0.6298
0.0,0.6299
0.0,0.63
0.0,0.6301
0.0,0.6302
0.0,0.6303
0.0,0.6304
0.0,0.6305
0.0,0.6306
0.0,0.6307
0.0,0.6308
0.0,0.6309
0.0,0.631
0.0,0.6311
0.0,0.6312
0.0,0.6313
0.0,0.6314
0.0,0.6315
0.0,0.6316
0.0,0.6317
0.0,0.6318
0.0,0.6319
0.0,0.632
0.0,0.6321
0.0,0.6322
0.0,0.6323
0.0,0.6324
0.0,0.6325
0.0,0.6326
0.0,0.6327
0.0,0.6328
0.0,0.6329
0.0,0.633
0.0,0.6331
0.0,0.6332
0.0,0.6333
0.0,0.6334
0.0,0.6335
0.0,0.6336
0.0,0.6337
0.0,0.6338
0.0,0.6339
0.0,0.634
0.0,0.6341
0.0,0.6342
0.0,0.6343
0.0,0.6344
0.0,0.6345
0.0,0.6346
0.0,0.6347
0.0,0.6348
0.0,0.6349
0.0,0.635
0.0,0.6351
0.0,0.6352
0.0,0.6353
0.0,0.6354
0.0,0.6355
0.0,0.6356
0.0,0.6357
0.0,0.6358
0.0,0.6359
0.0,0.636
0.0,0.6361
0.0,0.6362
0.0,0.6363
0.0,0.6364
0.0,0.6365
0.0,0.6366
0.0,0.6367
0.0,0.6368
0.0,0.6369
0.0,0.637
0.0,0.6371
0.0,0.6372
0.0,0.6373
0.0,0.6374
0.0,0.6375
0.0,0.6376
0.0,0.6377
0.0,0.6378
0.0,0.6379
0.0,0.638
0.0,0.6381
0.0,0.6382
0.0,0.6383
0.0,0.6384
0.0,0.6385
0.0,0.6386
0.0,0.6387
0.0,0.6388
0.0,0.6389
0.0,0.639
0.0,0.6391
0.0,0.6392
0.0,0.6393
0.0,0.6394
0.0,0.6395
0.0,0.6396
0.0,0.6397
0.0,0.6398
0.0,0.6399
0.0,0.64
0.0,0.6401
0.0,0.6402
0.0,0.6403
0.0,0.6404
0.0,0.6405
0.0,0.6406
0.0,0.6407
0.0,0.6408
0.0,0.6409
0.0,0.641
0.0,0.6411
0.0,0.6412
0.0,0.6413
0.0,0.6414
0.0,0.6415
0.0,0.6416
0.0,0.6417
0.0,0.6418
0.0,0.6419
0.0,0.642
0.0,0.6421
0.0,0.6422
0.0,0.6423
0.0,0.6424
0.0,0.6425
0.0,0.6426
0.0,0.6427
0.0,0.6428
0.0,0.6429
0.0,0.643
0.0,0.6431
0.0,0.6432
0.0,0.6433
0.0,0.6434
0.0,0.6435
0.0,0.6436
0.0,0.6437
0.0,0.6438
0.0,0.6439
0.0,0.644
0.0,0.6441
0.0,0.6442
0.0,0.6443
0.0,0.6444
0.0,0.6445
0.0,0.6446
0.0,0.6447
0.0,0.6448
0.0,0.6449
0.0,0.645
0.0,0.6451
0.0,0.6452
0.0,0.6453
0.0,0.6454
0.0,0.6455
0.0,0.6456
0.0,0.6457
0.0,0.6458
0.0,0.6459
0.0,0.646
0.0,0.6461
0.0,0.6462
0.0,0.6463
0.0,0.6464
0.0,0.6465
0.0,0.6466
0.0,0.6467
0.0,0.6468
0.0,0.6469
0.0,0.647
0.0,0.6471
0.0,0.6472
0.0,0.6473
0.0,0.6474
0.0,0.6475
0.0,0.6476
0.0,0.6477
0.0,0.6478
0.0,0.6479
0.0,0.648
0.0,0.6481
0.0,0.6482
0.0,0.6483
0.0,0.6484
0.0,0.6485
0.0,0.6486
0.0,0.6487
0.0,0.6488
0.0,0.6489
0.0,0.649
0.0,0.6491
0.0,0.6492
0.0,0.6493
0.0,0.6494
0.0,0.6495
0.0,0.6496
0.0,0.6497
0.0,0.6498
0.0,0.6499
0.0,0.65
0.0,0.6501
0.0,0.6502
0.0,0.6503
0.0,0.6504
0.0,0.6505
0.0,0.6506
0.0,0.6507
0.0,0.6508
0.0,0.6509
0.0,0.651
0.0,0.6511
0.0,0.6512
0.0,0.6513
0.0,0.6514
0.0,0.6515
0.0,0.6516
0.0,0.6517
0.0,0.6518
0.0,0.6519
0.0,0.652
0.0,0.6521
0.0,0.6522
0.0,0.6523
0.0,0.6524
0.0,0.6525
0.0,0.6526
0.0,0.6527
0.0,0.6528
0.0,0.6529
0.0,0.653
0.0,0.6531
0.0,0.6532
0.0,0.6533
0.0,0.6534
0.0,0.6535
0.0,0.6536
0.0,0.6537
0.0,0.6538
0.0,0.6539
0.0,0.654
0.0,0.6541
0.0,0.6542
0.0,0.6543
0.0,0.6544
0.0,0.6545
0.0,0.6546
0.0,0.6547
0.0,0.6548
0.0,0.6549
0.0,0.655
0.0,0.6551
0.0,0.6552
0.0,0.6553
0.0,0.6554
0.0,0.6555
0.0,0.6556
0.0,0.6557
0.0,0.6558
0.0,0.6559
0.0,0.656
0.0,0.6561
0.0,0.6562
0.0,0.6563
0.0,0.6564
0.0,0.6565
0.0,0.6566
0.0,0.6567
0.0,0.6568
0.0,0.6569
0.0,0.657
0.0,0.6571
0.0,0.6572
0.0,0.6573
0.0,0.6574
0.0,0.6575
0.0,0.6576
0.0,0.6577
0.0,0.6578
0.0,0.6579
0.0,0.658
0.0,0.6581
0.0,0.6582
0.0,0.6583
0.0,0.6584
0.0,0.6585
0.0,0.6586
0.0,0.6587
0.0,0.6588
0.0,0.6589
0.0,0.659
0.0,0.6591
0.0,0.6592
0.0,0.6593
0.0,0.6594
0.0,0.6595
0.0,0.6596
0.0,0.6597
0.0,0.6598
0.0,0.6599
0.0,0.66
0.0,0.6601
0.0,0.6602
0.0,0.6603
0.0,0.6604
0.0,0.6605
0.0,0.6606
0.0,0.6607
0.0,0.6608
0.0,0.6609
0.0,0.661
0.0,0.6611
0.0,0.6612
0.0,0.6613
0.0,0.6614
0.0,0.6615
0.0,0.6616
0.0,0.6617
0.0,0.6618
0.0,0.6619
0.0,0.662
0.0,0.6621
0.0,0.6622
0.0,0.6623
0.0,0.6624
0.0,0.6625
0.0,0.6626
0.0,0.6627
0.0,0.6628
0.0,0.6629
0.0,0.663
0.0,0.6631
0.0,0.6632
0.0,0.6633
0.0,0.6634
0.0,0.6635
0.0,0.6636
0.0,0.6637
0.0,0.6638
0.0,0.6639
0.0,0.664
0.0,0.6641
0.0,0.6642
0.0,0.6643
0.0,0.6644
0.0,0.6645
0.0,0.6646
0.0,0.6647
0.0,0.6648
0.0,0.6649
0.0,0.665
0.0,0.6651
0.0,0.6652
0.0,0.6653
0.0,0.6654
0.0,0.6655
0.0,0.6656
0.0,0.6657
0.0,0.6658
0.0,0.6659
0.0,0.666
0.0,0.6661
0.0,0.6662
0.0,0.6663
0.0,0.6664
0.0,0.6665
0.0,0.6666
0.0,0.6667
0.0,0.6668
0.0,0.6669
0.0,0.667
0.0,0.6671
0.0,0.6672
0.0,0.6673
0.0,0.6674
0.0,0.6675
0.0,0.6676
0.0,0.6677
0.0,0.6678
0.0,0.6679
0.0,0.668
0.0,0.6681
0.0,0.6682
0.0,0.6683
0.0,0.6684
0.0,0.6685
0.0,0.6686
0.0,0.6687
0.0,0.6688
0.0,0.6689
0.0,0.669
0.0,0.6691
0.0,0.6692
0.0,0.6693
0.0,0.6694
0.0,0.6695
0.0,0.6696
0.0,0.6697
0.0,0.6698
0.0,0.6699
0.0,0.67
0.0,0.6701
0.0,0.6702
0.0,0.6703
0.0,0.6704
0.0,0.6705
0.0,0.6706
0.0,0.6707
0.0,0.6708
0.0,0.6709
0.0,0.671
0.0,0.6711
0.0,0.6712
0.0,0.6713
0.0,0.6714
0.0,0.6715
0.0,0.6716
0.0,0.6717
0.0,0.6718
0.0,0.6719
0.0,0.672
0.0,0.6721
0.0,0.6722
0.0,0.6723
0.0,0.6724
0.0,0.6725
0.0,0.6726
0.0,0.6727
0.0,0.6728
0.0,0.6729
0.0,0.673
0.0,0.6731
0.0,0.6732
0.0,0.6733
0.0,0.6734
0.0,0.6735
0.0,0.6736
0.0,0.6737
0.0,0.6738
0.0,0.6739
0.0,0.674
0.0,0.6741
0.0,0.6742
0.0,0.6743
0.0,0.6744
0.0,0.6745
0.0,0.6746
0.0,0.6747
0.0,0.6748
0.0,0.6749
0.0,0.675
0.0,0.6751
0.0,0.6752
0.0,0.6753
0.0,0.6754
0.0,0.6755
0.0,0.6756
0.0,0.6757
0.0,0.6758
0.0,0.6759
0.0,0.676
0.0,0.6761
0.0,0.6762
0.0,0.6763
0.0,0.6764
0.0,0.6765
0.0,0.6766
0.0,0.6767
0.0,0.6768
0.0,0.6769
0.0,0.677
0.0,0.6771
0.0,0.6772
0.0,0.6773
0.0,0.6774
0.0,0.6775
0.0,0.6776
0.0,0.6777
0.0,0.6778
0.0,0.6779
0.0,0.678
0.0,0.6781
0.0,0.6782
0.0,0.6783
0.0,0.6784
0.0,0.6785
0.0,0.6786
0.0,0.6787
0.0,0.6788
0.0,0.6789
0.0,0.679
0.0,0.6791
0.0,0.6792
0.0,0.6793
0.0,0.6794
0.0,0.6795
0.0,0.6796
0.0,0.6797
0.0,0.6798
0.0,0.6799
0.0,0.68
0.0,0.6801
0.0,0.6802
0.0,0.6803
0.0,0.6804
0.0,0.6805
0.0,0.6806
0.0,0.6807
0.0,0.6808
0.0,0.6809
0.0,0.681
0.0,0.6811
0.0,0.6812
0.0,0.6813
0.0,0.6814
0.0,0.6815
0.0,0.6816
0.0,0.6817
0.0,0.6818
0.0,0.6819
0.0,0.682
0.0,0.6821
0.0,0.6822
0.0,0.6823
0.0,0.6824
0.0,0.6825
0.0,0.6826
0.0,0.6827
0.0,0.6828
0.0,0.6829
0.0,0.683
0.0,0.6831
0.0,0.6832
0.0,0.6833
0.0,0.6834
0.0,0.6835
0.0,0.6836
0.0,0.6837
0.0,0.6838
0.0,0.6839
0.0,0.684
0.0,0.6841
0.0,0.6842
0.0,0.6843
0.0,0.6844
0.0,0.6845
0.0,0.6846
0.0,0.6847
0.0,0.6848
0.0,0.6849
0.0,0.685
0.0,0.6851
0.0,0.6852
0.0,0.6853
0.0,0.6854
0.0,0.6855
0.0,0.6856
0.0,0.6857
0.0,0.6858
0.0,0.6859
0.0,0.686
0.0,0.6861
0.0,0.6862
0.0,0.6863
0.0,0.6864
0.0,0.6865
0.0,0.6866
0.0,0.6867
0.0,0.6868
0.0,0.6869
0.0,0.687
0.0,0.6871
0.0,0.6872
0.0,0.6873
0.0,0.6874
0.0,0.6875
0.0,0.6876
0.0,0.6877
0.0,0.6878
0.0,0.6879
0.0,0.688
0.0,0.6881
0.0,0.6882
0.0,0.6883
0.0,0.6884
0.0,0.6885
0.0,0.6886
0.0,0.6887
0.0,0.6888
0.0,0.6889
0.0,0.689
0.0,0.6891
0.0,0.6892
0.0,0.6893
0.0,0.6894
0.0,0.6895
0.0,0.6896
0.0,0.6897
0.0,0.6898
0.0,0.6899
0.0,0.69
0.0,0.6901
0.0,0.6902
0.0,0.6903
0.0,0.6904
0.0,0.6905
0.0,0.6906
0.0,0.6907
0.0,0.6908
0.0,0.6909
0.0,0.691
0.0,0.6911
0.0,0.6912
0.0,0.6913
0.0,0.6914
0.0,0.6915
0.0,0.6916
0.0,0.6917
0.0,0.6918
0.0,0.6919
0.0,0.692
0.0,0.6921
0.0,0.6922
0.0,0.6923
0.0,0.6924
0.0,0.6925
0.0,0.6926
0.0,0.6927
0.0,0.6928
0.0,0.6929
0.0,0.693
0.0,0.6931
0.0,0.6932
0.0,0.6933
0.0,0.6934
0.0,0.6935
0.0,0.6936
0.0,0.6937
0.0,0.6938
0.0,0.6939
0.0,0.694
0.0,0.6941
0.0,0.6942
0.0,0.6943
0.0,0.6944
0.0,0.6945
0.0,0.6946
0.0,0.6947
0.0,0.6948
0.0,0.6949
0.0,0.695
0.0,0.6951
0.0,0.6952
0.0,0.6953
0.0,0.6954
0.0,0.6955
0.0,0.6956
0.0,0.6957
0.0,0.6958
0.0,0.6959
0.0,0.696
0.0,0.6961
0.0,0.6962
0.0,0.6963
0.0,0.6964
0.0,0.6965
0.0,0.6966
0.0,0.6967
0.0,0.6968
0.0,0.6969
0.0,0.697
0.0,0.6971
0.0,0.6972
0.0,0.6973
0.0,0.6974
0.0,0.6975
0.0,0.6976
0.0,0.6977
0.0,0.6978
0.0,0.6979
0.0,0.698
0.0,0.6981
0.0,0.6982
0.0,0.6983
0.0,0.6984
0.0,0.6985
0.0,0.6986
0.0,0.6987
0.0,0.6988
0.0,0.6989
0.0,0.699
0.0,0.6991
0.0,0.6992
0.0,0.6993
0.0,0.6994
0.0,0.6995
0.0,0.6996
0.0,0.6997
0.0,0.6998
0.0,0.6999
0.0,0.7
0.0,0.7001
0.0,0.7002
0.0,0.7003
0.0,0.7004
0.0,0.7005
0.0,0.7006
0.0,0.7007
0.0,0.7008
0.0,0.7009
0.0,0.701
0.0,0.7011
0.0,0.7012
0.0,0.7013
0.0,0.7014
0.0,0.7015
0.0,0.7016
0.0,0.7017
0.0,0.7018
0.0,0.7019
0.0,0.702
0.0,0.7021
0.0,0.7022
0.0,0.7023
0.0,0.7024
0.0,0.7025
0.0,0.7026
0.0,0.7027
0.0,0.7028
0.0,0.7029
0.0,0.703
0.0,0.7031
0.0,0.7032
0.0,0.7033
0.0,0.7034
0.0,0.7035
0.0,0.7036
0.0,0.7037
0.0,0.7038
0.0,0.7039
0.0,0.704
0.0,0.7041
0.0,0.7042
0.0,0.7043
0.0,0.7044
0.0,0.7045
0.0,0.7046
0.0,0.7047
0.0,0.7048
0.0,0.7049
0.0,0.705
0.0,0.7051
0.0,0.7052
0.0,0.7053
0.0,0.7054
0.0,0.7055
0.0,0.7056
0.0,0.7057
0.0,0.7058
0.0,0.7059
0.0,0.706
0.0,0.7061
0.0,0.7062
0.0,0.7063
0.0,0.7064
0.0,0.7065
0.0,0.7066
0.0,0.7067
0.0,0.7068
0.0,0.7069
0.0,0.707
0.0,0.7071
0.0,0.7072
0.0,0.7073
0.0,0.7074
0.0,0.7075
0.0,0.7076
0.0,0.7077
0.0,0.7078
0.0,0.7079
0.0,0.708
0.0,0.7081
0.0,0.7082
0.0,0.7083
0.0,0.7084
0.0,0.7085
0.0,0.7086
0.0,0.7087
0.0,0.7088
0.0,0.7089
0.0,0.709
0.0,0.7091
0.0,0.7092
0.0,0.7093
0.0,0.7094
0.0,0.7095
0.0,0.7096
0.0,0.7097
0.0,0.7098
0.0,0.7099
0.0,0.71
0.0,0.7101
0.0,0.7102
0.0,0.7103
0.0,0.7104
0.0,0.7105
0.0,0.7106
0.0,0.7107
0.0,0.7108
0.0,0.7109
0.0,0.711
0.0,0.7111
0.0,0.7112
0.0,0.7113
0.0,0.7114
0.0,0.7115
0.0,0.7116
0.0,0.7117
0.0,0.7118
0.0,0.7119
0.0,0.712
0.0,0.7121
0.0,0.7122
0.0,0.7123
0.0,0.7124
0.0,0.7125
0.0,0.7126
0.0,0.7127
0.0,0.7128
0.0,0.7129
0.0,0.713
0.0,0.7131
0.0,0.7132
0.0,0.7133
0.0,0.7134
0.0,0.7135
0.0,0.7136
0.0,0.7137
0.0,0.7138
0.0,0.7139
0.0,0.714
0.0,0.7141
0.0,0.7142
0.0,0.7143
0.0,0.7144
0.0,0.7145
0.0,0.7146
0.0,0.7147
0.0,0.7148
0.0,0.7149
0.0,0.715
0.0,0.7151
0.0,0.7152
0.0,0.7153
0.0,0.7154
0.0,0.7155
0.0,0.7156
0.0,0.7157
0.0,0.7158
0.0,0.7159
0.0,0.716
0.0,0.7161
0.0,0.7162
0.0,0.7163
0.0,0.7164
0.0,0.7165
0.0,0.7166
0.0,0.7167
0.0,0.7168
0.0,0.7169
0.0,0.717
0.0,0.7171
0.0,0.7172
0.0,0.7173
0.0,0.7174
0.0,0.7175
0.0,0.7176
0.0,0.7177
0.0,0.7178
0.0,0.7179
0.0,0.718
0.0,0.7181
0.0,0.7182
0.0,0.7183
0.0,0.7184
0.0,0.7185
0.0,0.7186
0.0,0.7187
0.0,0.7188
0.0,0.7189
0.0,0.719
0.0,0.7191
0.0,0.7192
0.0,0.7193
0.0,0.7194
0.0,0.7195
0.0,0.7196
0.0,0.7197
0.0,0.7198
0.0,0.7199
0.0,0.72
0.0,0.7201
0.0,0.7202
0.0,0.7203
0.0,0.7204
0.0,0.7205
0.0,0.7206
0.0,0.7207
0.0,0.7208
0.0,0.7209
0.0,0.721
0.0,0.7211
0.0,0.7212
0.0,0.7213
0.0,0.7214
0.0,0.7215
0.0,0.7216
0.0,0.7217
0.0,0.7218
0.0,0.7219
0.0,0.722
0.0,0.7221
0.0,0.7222
0.0,0.7223
0.0,0.7224
0.0,0.7225
0.0,0.7226
0.0,0.7227
0.0,0.7228
0.0,0.7229
0.0,0.723
0.0,0.7231
0.0,0.7232
0.0,0.7233
0.0,0.7234
0.0,0.7235
0.0,0.7236
0.0,0.7237
0.0,0.7238
0.0,0.7239
0.0,0.724
0.0,0.7241
0.0,0.7242
0.0,0.7243
0.0,0.7244
0.0,0.7245
0.0,0.7246
0.0,0.7247
0.0,0.7248
0.0,0.7249
0.0,0.725
0.0,0.7251
0.0,0.7252
0.0,0.7253
0.0,0.7254
0.0,0.7255
0.0,0.7256
0.0,0.7257
0.0,0.7258
0.0,0.7259
0.0,0.726
0.0,0.7261
0.0,0.7262
0.0,0.7263
0.0,0.7264
0.0,0.7265
0.0,0.7266
0.0,0.7267
0.0,0.7268
0.0,0.7269
0.0,0.727
0.0,0.7271
0.0,0.7272
0.0,0.7273
0.0,0.7274
0.0,0.7275
0.0,0.7276
0.0,0.7277
0.0,0.7278
0.0,0.7279
0.0,0.728
0.0,0.7281
0.0,0.7282
0.0,0.7283
0.0,0.7284
0.0,0.7285
0.0,0.7286
0.0,0.7287
0.0,0.7288
0.0,0.7289
0.0,0.729
0.0,0.7291
0.0,0.7292
0.0,0.7293
0.0,0.7294
0.0,0.7295
0.0,0.7296
0.0,0.7297
0.0,0.7298
0.0,0.7299
0.0,0.73
0.0,0.7301
0.0,0.7302
0.0,0.7303
0.0,0.7304
0.0,0.7305
0.0,0.7306
0.0,0.7307
0.0,0.7308
0.0,0.7309
0.0,0.731
0.0,0.7311
0.0,0.7312
0.0,0.7313
0.0,0.7314
0.0,0.7315
0.0,0.7316
0.0,0.7317
0.0,0.7318
0.0,0.7319
0.0,0.732
0.0,0.7321
0.0,0.7322
0.0,0.7323
0.0,0.7324
0.0,0.7325
0.0,0.7326
0.0,0.7327
0.0,0.7328
0.0,0.7329
0.0,0.733
0.0,0.7331
0.0,0.7332
0.0,0.7333
0.0,0.7334
0.0,0.7335
0.0,0.7336
0.0,0.7337
0.0,0.7338
0.0,0.7339
0.0,0.734
0.0,0.7341
0.0,0.7342
0.0,0.7343
0.0,0.7344
0.0,0.7345
0.0,0.7346
0.0,0.7347
0.0,0.7348
0.0,0.7349
0.0,0.735
0.0,0.7351
0.0,0.7352
0.0,0.7353
0.0,0.7354
0.0,0.7355
0.0,0.7356
0.0,0.7357
0.0,0.7358
0.0,0.7359
0.0,0.736
0.0,0.7361
0.0,0.7362
0.0,0.7363
0.0,0.7364
0.0,0.7365
0.0,0.7366
0.0,0.7367
0.0,0.7368
0.0,0.7369
0.0,0.737
0.0,0.7371
0.0,0.7372
0.0,0.7373
0.0,0.7374
0.0,0.7375
0.0,0.7376
0.0,0.7377
0.0,0.7378
0.0,0.7379
0.0,0.738
0.0,0.7381
0.0,0.7382
0.0,0.7383
0.0,0.7384
0.0,0.7385
0.0,0.7386
0.0,0.7387
0.0,0.7388
0.0,0.7389
0.0,0.739
0.0,0.7391
0.0,0.7392
0.0,0.7393
0.0,0.7394
0.0,0.7395
0.0,0.7396
0.0,0.7397
0.0,0.7398
0.0,0.7399
0.0,0.74
0.0,0.7401
0.0,0.7402
0.0,0.7403
0.0,0.7404
0.0,0.7405
0.0,0.7406
0.0,0.7407
0.0,0.7408
0.0,0.7409
0.0,0.741
0.0,0.7411
0.0,0.7412
0.0,0.7413
0.0,0.7414
0.0,0.7415
0.0,0.7416
0.0,0.7417
0.0,0.7418
0.0,0.7419
0.0,0.742
0.0,0.7421
0.0,0.7422
0.0,0.7423
0.0,0.7424
0.0,0.7425
0.0,0.7426
0.0,0.7427
0.0,0.7428
0.0,0.7429
0.0,0.743
0.0,0.7431
0.0,0.7432
0.0,0.7433
0.0,0.7434
0.0,0.7435
0.0,0.7436
0.0,0.7437
0.0,0.7438
0.0,0.7439
0.0,0.744
0.0,0.7441
0.0,0.7442
0.0,0.7443
0.0,0.7444
0.0,0.7445
0.0,0.7446
0.0,0.7447
0.0,0.7448
0.0,0.7449
0.0,0.745
0.0,0.7451
0.0,0.7452
0.0,0.7453
0.0,0.7454
0.0,0.7455
0.0,0.7456
0.0,0.7457
0.0,0.7458
0.0,0.7459
0.0,0.746
0.0,0.7461
0.0,0.7462
0.0,0.7463
0.0,0.7464
0.0,0.7465
0.0,0.7466
0.0,0.7467
0.0,0.7468
0.0,0.7469
0.0,0.747
0.0,0.7471
0.0,0.7472
0.0,0.7473
0.0,0.7474
0.0,0.7475
0.0,0.7476
0.0,0.7477
0.0,0.7478
0.0,0.7479
0.0,0.748
0.0,0.7481
0.0,0.7482
0.0,0.7483
0.0,0.7484
0.0,0.7485
0.0,0.7486
0.0,0.7487
0.0,0.7488
0.0,0.7489
0.0,0.749
0.0,0.7491
0.0,0.7492
0.0,0.7493
0.0,0.7494
0.0,0.7495
0.0,0.7496
0.0,0.7497
0.0,0.7498
0.0,0.7499
0.0,0.75
0.0,0.7501
0.0,0.7502
0.0,0.7503
0.0,0.7504
0.0,0.7505
0.0,0.7506
0.0,0.7507
0.0,0.7508
0.0,0.7509
0.0,0.751
0.0,0.7511
0.0,0.7512
0.0,0.7513
0.0,0.7514
0.0,0.7515
0.0,0.7516
0.0,0.7517
0.0,0.7518
0.0,0.7519
0.0,0.752
0.0,0.7521
0.0,0.7522
0.0,0.7523
0.0,0.7524
0.0,0.7525
0.0,0.7526
0.0,0.7527
0.0,0.7528
0.0,0.7529
0.0,0.753
0.0,0.7531
0.0,0.7532
0.0,0.7533
0.0,0.7534
0.0,0.7535
0.0,0.7536
0.0,0.7537
0.0,0.7538
0.0,0.7539
0.0,0.754
0.0,0.7541
0.0,0.7542
0.0,0.7543
0.0,0.7544
0.0,0.7545
0.0,0.7546
0.0,0.7547
0.0,0.7548
0.0,0.7549
0.0,0.755
0.0,0.7551
0.0,0.7552
0.0,0.7553
0.0,0.7554
0.0,0.7555
0.0,0.7556
0.0,0.7557
0.0,0.7558
0.0,0.7559
0.0,0.756
0.0,0.7561
0.0,0.7562
0.0,0.7563
0.0,0.7564
0.0,0.7565
0.0,0.7566
0.0,0.7567
0.0,0.7568
0.0,0.7569
0.0,0.757
0.0,0.7571
0.0,0.7572
0.0,0.7573
0.0,0.7574
0.0,0.7575
0.0,0.7576
0.0,0.7577
0.0,0.7578
0.0,0.7579
0.0,0.758
0.0,0.7581
0.0,0.7582
0.0,0.7583
0.0,0.7584
0.0,0.7585
0.0,0.7586
0.0,0.7587
0.0,0.7588
0.0,0.7589
0.0,0.759
0.0,0.7591
0.0,0.7592
0.0,0.7593
0.0,0.7594
0.0,0.7595
0.0,0.7596
0.0,0.7597
0.0,0.7598
0.0,0.7599
0.0,0.76
0.0,0.7601
0.0,0.7602
0.0,0.7603
0.0,0.7604
0.0,0.7605
0.0,0.7606
0.0,0.7607
0.0,0.7608
0.0,0.7609
0.0,0.761
0.0,0.7611
0.0,0.7612
0.0,0.7613
0.0,0.7614
0.0,0.7615
0.0,0.7616
0.0,0.7617
0.0,0.7618
0.0,0.7619
0.0,0.762
0.0,0.7621
0.0,0.7622
0.0,0.7623
0.0,0.7624
0.0,0.7625
0.0,0.7626
0.0,0.7627
0.0,0.7628
0.0,0.7629
0.0,0.763
0.0,0.7631
0.0,0.7632
0.0,0.7633
0.0,0.7634
0.0,0.7635
0.0,0.7636
0.0,0.7637
0.0,0.7638
0.0,0.7639
0.0,0.764
0.0,0.7641
0.0,0.7642
0.0,0.7643
0.0,0.7644
0.0,0.7645
0.0,0.7646
0.0,0.7647
0.0,0.7648
0.0,0.7649
0.0,0.765
0.0,0.7651
0.0,0.7652
0.0,0.7653
0.0,0.7654
0.0,0.7655
0.0,0.7656
0.0,0.7657
0.0,0.7658
0.0,0.7659
0.0,0.766
0.0,0.7661
0.0,0.7662
0.0,0.7663
0.0,0.7664
0.0,0.7665
0.0,0.7666
0.0,0.7667
0.0,0.7668
0.0,0.7669
0.0,0.767
0.0,0.7671
0.0,0.7672
0.0,0.7673
0.0,0.7674
0.0,0.7675
0.0,0.7676
0.0,0.7677
0.0,0.7678
0.0,0.7679
0.0,0.768
0.0,0.7681
0.0,0.7682
0.0,0.7683
0.0,0.7684
0.0,0.7685
0.0,0.7686
0.0,0.7687
0.0,0.7688
0.0,0.7689
0.0,0.769
0.0,0.7691
0.0,0.7692
0.0,0.7693
0.0,0.7694
0.0,0.7695
0.0,0.7696
0.0,0.7697
0.0,0.7698
0.0,0.7699
0.0,0.77
0.0,0.7701
0.0,0.7702
0.0,0.7703
0.0,0.7704
0.0,0.7705
0.0,0.7706
0.0,0.7707
0.0,0.7708
0.0,0.7709
0.0,0.771
0.0,0.7711
0.0,0.7712
0.0,0.7713
0.0,0.7714
0.0,0.7715
0.0,0.7716
0.0,0.7717
0.0,0.7718
0.0,0.7719
0.0,0.772
0.0,0.7721
0.0,0.7722
0.0,0.7723
0.0,0.7724
0.0,0.7725
0.0,0.7726
0.0,0.7727
0.0,0.7728
0.0,0.7729
0.0,0.773
0.0,0.7731
0.0,0.7732
0.0,0.7733
0.0,0.7734
0.0,0.7735
0.0,0.7736
0.0,0.7737
0.0,0.7738
0.0,0.7739
0.0,0.774
0.0,0.7741
0.0,0.7742
0.0,0.7743
0.0,0.7744
0.0,0.7745
0.0,0.7746
0.0,0.7747
0.0,0.7748
0.0,0.7749
0.0,0.775
0.0,0.7751
0.0,0.7752
0.0,0.7753
0.0,0.7754
0.0,0.7755
0.0,0.7756
0.0,0.7757
0.0,0.7758
0.0,0.7759
0.0,0.776
0.0,0.7761
0.0,0.7762
0.0,0.7763
0.0,0.7764
0.0,0.7765
0.0,0.7766
0.0,0.7767
0.0,0.7768
0.0,0.7769
0.0,0.777
0.0,0.7771
0.0,0.7772
0.0,0.7773
0.0,0.7774
0.0,0.7775
0.0,0.7776
0.0,0.7777
0.0,0.7778
0.0,0.7779
0.0,0.778
0.0,0.7781
0.0,0.7782
0.0,0.7783
0.0,0.7784
0.0,0.7785
0.0,0.7786
0.0,0.7787
0.0,0.7788
0.0,0.7789
0.0,0.779
0.0,0.7791
0.0,0.7792
0.0,0.7793
0.0,0.7794
0.0,0.7795
0.0,0.7796
0.0,0.7797
0.0,0.7798
0.0,0.7799
0.0,0.78
0.0,0.7801
0.0,0.7802
0.0,0.7803
0.0,0.7804
0.0,0.7805
0.0,0.7806
0.0,0.7807
0.0,0.7808
0.0,0.7809
0.0,0.781
0.0,0.7811
0.0,0.7812
0.0,0.7813
0.0,0.7814
0.0,0.7815
0.0,0.7816
0.0,0.7817
0.0,0.7818
0.0,0.7819
0.0,0.782
0.0,0.7821
0.0,0.7822
0.0,0.7823
0.0,0.7824
0.0,0.7825
0.0,0.7826
0.0,0.7827
0.0,0.7828
0.0,0.7829
0.0,0.783
0.0,0.7831
0.0,0.7832
0.0,0.7833
0.0,0.7834
0.0,0.7835
0.0,0.7836
0.0,0.7837
0.0,0.7838
0.0,0.7839
0.0,0.784
0.0,0.7841
0.0,0.7842
0.0,0.7843
0.0,0.7844
0.0,0.7845
0.0,0.7846
0.0,0.7847
0.0,0.7848
0.0,0.7849
0.0,0.785
0.0,0.7851
0.0,0.7852
0.0,0.7853
0.0,0.7854
0.0,0.7855
0.0,0.7856
0.0,0.7857
0.0,0.7858
0.0,0.7859
0.0,0.786
0.0,0.7861
0.0,0.7862
0.0,0.7863
0.0,0.7864
0.0,0.7865
0.0,0.7866
0.0,0.7867
0.0,0.7868
0.0,0.7869
0.0,0.787
0.0,0.7871
0.0,0.7872
0.0,0.7873
0.0,0.7874
0.0,0.7875
0.0,0.7876
0.0,0.7877
0.0,0.7878
0.0,0.7879
0.0,0.788
0.0,0.7881
0.0,0.7882
0.0,0.7883
0.0,0.7884
0.0,0.7885
0.0,0.7886
0.0,0.7887
0.0,0.7888
0.0,0.7889
0.0,0.789
0.0,0.7891
0.0,0.7892
0.0,0.7893
0.0,0.7894
0.0,0.7895
0.0,0.7896
0.0,0.7897
0.0,0.7898
0.0,0.7899
0.0,0.79
0.0,0.7901
0.0,0.7902
0.0,0.7903
0.0,0.7904
0.0,0.7905
0.0,0.7906
0.0,0.7907
0.0,0.7908
0.0,0.7909
0.0,0.791
0.0,0.7911
0.0,0.7912
0.0,0.7913
0.0,0.7914
0.0,0.7915
0.0,0.7916
0.0,0.7917
0.0,0.7918
0.0,0.7919
0.0,0.792
0.0,0.7921
0.0,0.7922
0.0,0.7923
0.0,0.7924
0.0,0.7925
0.0,0.7926
0.0,0.7927
0.0,0.7928
0.0,0.7929
0.0,0.793
0.0,0.7931
0.0,0.7932
0.0,0.7933
0.0,0.7934
0.0,0.7935
0.0,0.7936
0.0,0.7937
0.0,0.7938
0.0,0.7939
0.0,0.794
0.0,0.7941
0.0,0.7942
0.0,0.7943
0.0,0.7944
0.0,0.7945
0.0,0.7946
0.0,0.7947
0.0,0.7948
0.0,0.7949
0.0,0.795
0.0,0.7951
0.0,0.7952
0.0,0.7953
0.0,0.7954
0.0,0.7955
0.0,0.7956
0.0,0.7957
0.0,0.7958
0.0,0.7959
0.0,0.796
0.0,0.7961
0.0,0.7962
0.0,0.7963
0.0,0.7964
0.0,0.7965
0.0,0.7966
0.0,0.7967
0.0,0.7968
0.0,0.7969
0.0,0.797
0.0,0.7971
0.0,0.7972
0.0,0.7973
0.0,0.7974
0.0,0.7975
0.0,0.7976
0.0,0.7977
0.0,0.7978
0.0,0.7979
0.0,0.798
0.0,0.7981
0.0,0.7982
0.0,0.7983
0.0,0.7984
0.0,0.7985
0.0,0.7986
0.0,0.7987
0.0,0.7988
0.0,0.7989
0.0,0.799
0.0,0.7991
0.0,0.7992
0.0,0.7993
0.0,0.7994
0.0,0.7995
0.0,0.7996
0.0,0.7997
0.0,0.7998
0.0,0.7999
0.0,0.8
0.0,0.8001
0.0,0.8002
0.0,0.8003
0.0,0.8004
0.0,0.8005
0.0,0.8006
0.0,0.8007
0.0,0.8008
0.0,0.8009
0.0,0.801
0.0,0.8011
0.0,0.8012
0.0,0.8013
0.0,0.8014
0.0,0.8015
0.0,0.8016
0.0,0.8017
0.0,0.8018
0.0,0.8019
0.0,0.802
0.0,0.8021
0.0,0.8022
0.0,0.8023
0.0,0.8024
0.0,0.8025
0.0,0.8026
0.0,0.8027
0.0,0.8028
0.0,0.8029
0.0,0.803
0.0,0.8031
0.0,0.8032
0.0,0.8033
0.0,0.8034
0.0,0.8035
0.0,0.8036
0.0,0.8037
0.0,0.8038
0.0,0.8039
0.0,0.804
0.0,0.8041
0.0,0.8042
0.0,0.8043
0.0,0.8044
0.0,0.8045
0.0,0.8046
0.0,0.8047
0.0,0.8048
0.0,0.8049
0.0,0.805
0.0,0.8051
0.0,0.8052
0.0,0.8053
0.0,0.8054
0.0,0.8055
0.0,0.8056
0.0,0.8057
0.0,0.8058
0.0,0.8059
0.0,0.806
0.0,0.8061
0.0,0.8062
0.0,0.8063
0.0,0.8064
0.0,0.8065
0.0,0.8066
0.0,0.8067
0.0,0.8068
0.0,0.8069
0.0,0.807
0.0,0.8071
0.0,0.8072
0.0,0.8073
0.0,0.8074
0.0,0.8075
0.0,0.8076
0.0,0.8077
0.0,0.8078
0.0,0.8079
0.0,0.808
0.0,0.8081
0.0,0.8082
0.0,0.8083
0.0,0.8084
0.0,0.8085
0.0,0.8086
0.0,0.8087
0.0,0.8088
0.0,0.8089
0.0,0.809
0.0,0.8091
0.0,0.8092
0.0,0.8093
0.0,0.8094
0.0,0.8095
0.0,0.8096
0.0,0.8097
0.0,0.8098
0.0,0.8099
0.0,0.81
0.0,0.8101
0.0,0.8102
0.0,0.8103
0.0,0.8104
0.0,0.8105
0.0,0.8106
0.0,0.8107
0.0,0.8108
0.0,0.8109
0.0,0.811
0.0,0.8111
0.0,0.8112
0.0,0.8113
0.0,0.8114
0.0,0.8115
0.0,0.8116
0.0,0.8117
0.0,0.8118
0.0,0.8119
0.0,0.812
0.0,0.8121
0.0,0.8122
0.0,0.8123
0.0,0.8124
0.0,0.8125
0.0,0.8126
0.0,0.8127
0.0,0.8128
0.0,0.8129
0.0,0.813
0.0,0.8131
0.0,0.8132
0.0,0.8133
0.0,0.8134
0.0,0.8135
0.0,0.8136
0.0,0.8137
0.0,0.8138
0.0,0.8139
0.0,0.814
0.0,0.8141
0.0,0.8142
0.0,0.8143
0.0,0.8144
0.0,0.8145
0.0,0.8146
0.0,0.8147
0.0,0.8148
0.0,0.8149
0.0,0.815
0.0,0.8151
0.0,0.8152
0.0,0.8153
0.0,0.8154
0.0,0.8155
0.0,0.8156
0.0,0.8157
0.0,0.8158
0.0,0.8159
0.0,0.816
0.0,0.8161
0.0,0.8162
0.0,0.8163
0.0,0.8164
0.0,0.8165
0.0,0.8166
0.0,0.8167
0.0,0.8168
0.0,0.8169
0.0,0.817
0.0,0.8171
0.0,0.8172
0.0,0.8173
0.0,0.8174
0.0,0.8175
0.0,0.8176
0.0,0.8177
0.0,0.8178
0.0,0.8179
0.0,0.818
0.0,0.8181
0.0,0.8182
0.0,0.8183
0.0,0.8184
0.0,0.8185
0.0,0.8186
0.0,0.8187
0.0,0.8188
0.0,0.8189
0.0,0.819
0.0,0.8191
0.0,0.8192
0.0,0.8193
0.0,0.8194
0.0,0.8195
0.0,0.8196
0.0,0.8197
0.0,0.8198
0.0,0.8199
0.0,0.82
0.0,0.8201
0.0,0.8202
0.0,0.8203
0.0,0.8204
0.0,0.8205
0.0,0.8206
0.0,0.8207
0.0,0.8208
0.0,0.8209
0.0,0.821
0.0,0.8211
0.0,0.8212
0.0,0.8213
0.0,0.8214
0.0,0.8215
0.0,0.8216
0.0,0.8217
0.0,0.8218
0.0,0.8219
0.0,0.822
0.0,0.8221
0.0,0.8222
0.0,0.8223
0.0,0.8224
0.0,0.8225
0.0,0.8226
0.0,0.8227
0.0,0.8228
0.0,0.8229
0.0,0.823
0.0,0.8231
0.0,0.8232
0.0,0.8233
0.0,0.8234
0.0,0.8235
0.0,0.8236
0.0,0.8237
0.0,0.8238
0.0,0.8239
0.0,0.824
0.0,0.8241
0.0,0.8242
0.0,0.8243
0.0,0.8244
0.0,0.8245
0.0,0.8246
0.0,0.8247
0.0,0.8248
0.0,0.8249
0.0,0.825
0.0,0.8251
0.0,0.8252
0.0,0.8253
0.0,0.8254
0.0,0.8255
0.0,0.8256
0.0,0.8257
0.0,0.8258
0.0,0.8259
0.0,0.826
0.0,0.8261
0.0,0.8262
0.0,0.8263
0.0,0.8264
0.0,0.8265
0.0,0.8266
0.0,0.8267
0.0,0.8268
0.0,0.8269
0.0,0.827
0.0,0.8271
0.0,0.8272
0.0,0.8273
0.0,0.8274
0.0,0.8275
0.0,0.8276
0.0,0.8277
0.0,0.8278
0.0,0.8279
0.0,0.828
0.0,0.8281
0.0,0.8282
0.0,0.8283
0.0,0.8284
0.0,0.8285
0.0,0.8286
0.0,0.8287
0.0,0.8288
0.0,0.8289
0.0,0.829
0.0,0.8291
0.0,0.8292
0.0,0.8293
0.0,0.8294
0.0,0.8295
0.0,0.8296
0.0,0.8297
0.0,0.8298
0.0,0.8299
0.0,0.83
0.0,0.8301
0.0,0.8302
0.0,0.8303
0.0,0.8304
0.0,0.8305
0.0,0.8306
0.0,0.8307
0.0,0.8308
0.0,0.8309
0.0,0.831
0.0,0.8311
0.0,0.8312
0.0,0.8313
0.0,0.8314
0.0,0.8315
0.0,0.8316
0.0,0.8317
0.0,0.8318
0.0,0.8319
0.0,0.832
0.0,0.8321
0.0,0.8322
0.0,0.8323
0.0,0.8324
0.0,0.8325
0.0,0.8326
0.0,0.8327
0.0,0.8328
0.0,0.8329
0.0,0.833
0.0,0.8331
0.0,0.8332
0.0,0.8333
0.0,0.8334
0.0,0.8335
0.0,0.8336
0.0,0.8337
0.0,0.8338
0.0,0.8339
0.0,0.834
0.0,0.8341
0.0,0.8342
0.0,0.8343
0.0,0.8344
0.0,0.8345
0.0,0.8346
0.0,0.8347
0.0,0.8348
0.0,0.8349
0.0,0.835
0.0,0.8351
0.0,0.8352
0.0,0.8353
0.0,0.8354
0.0,0.8355
0.0,0.8356
0.0,0.8357
0.0,0.8358
0.0,0.8359
0.0,0.836
0.0,0.8361
0.0,0.8362
0.0,0.8363
0.0,0.8364
0.0,0.8365
0.0,0.8366
0.0,0.8367
0.0,0.8368
0.0,0.8369
0.0,0.837
0.0,0.8371
0.0,0.8372
0.0,0.8373
0.0,0.8374
0.0,0.8375
0.0,0.8376
0.0,0.8377
0.0,0.8378
0.0,0.8379
0.0,0.838
0.0,0.8381
0.0,0.8382
0.0,0.8383
0.0,0.8384
0.0,0.8385
0.0,0.8386
0.0,0.8387
0.0,0.8388
0.0,0.8389
0.0,0.839
0.0,0.8391
0.0,0.8392
0.0,0.8393
0.0,0.8394
0.0,0.8395
0.0,0.8396
0.0,0.8397
0.0,0.8398
0.0,0.8399
0.0,0.84
0.0,0.8401
0.0,0.8402
0.0,0.8403
0.0,0.8404
0.0,0.8405
0.0,0.8406
0.0,0.8407
0.0,0.8408
0.0,0.8409
0.0,0.841
0.0,0.8411
0.0,0.8412
0.0,0.8413
0.0,0.8414
0.0,0.8415
0.0,0.8416
0.0,0.8417
0.0,0.8418
0.0,0.8419
0.0,0.842
0.0,0.8421
0.0,0.8422
0.0,0.8423
0.0,0.8424
0.0,0.8425
0.0,0.8426
0.0,0.8427
0.0,0.8428
0.0,0.8429
0.0,0.843
0.0,0.8431
0.0,0.8432
0.0,0.8433
0.0,0.8434
0.0,0.8435
0.0,0.8436
0.0,0.8437
0.0,0.8438
0.0,0.8439
0.0,0.844
0.0,0.8441
0.0,0.8442
0.0,0.8443
0.0,0.8444
0.0,0.8445
0.0,0.8446
0.0,0.8447
0.0,0.8448
0.0,0.8449
0.0,0.845
0.0,0.8451
0.0,0.8452
0.0,0.8453
0.0,0.8454
0.0,0.8455
0.0,0.8456
0.0,0.8457
0.0,0.8458
0.0,0.8459
0.0,0.846
0.0,0.8461
0.0,0.8462
0.0,0.8463
0.0,0.8464
0.0,0.8465
0.0,0.8466
0.0,0.8467
0.0,0.8468
0.0,0.8469
0.0,0.847
0.0,0.8471
0.0,0.8472
0.0,0.8473
0.0,0.8474
0.0,0.8475
0.0,0.8476
0.0,0.8477
0.0,0.8478
0.0,0.8479
0.0,0.848
0.0,0.8481
0.0,0.8482
0.0,0.8483
0.0,0.8484
0.0,0.8485
0.0,0.8486
0.0,0.8487
0.0,0.8488
0.0,0.8489
0.0,0.849
0.0,0.8491
0.0,0.8492
0.0,0.8493
0.0,0.8494
0.0,0.8495
0.0,0.8496
0.0,0.8497
0.0,0.8498
0.0,0.8499
0.0,0.85
0.0,0.8501
0.0,0.8502
0.0,0.8503
0.0,0.8504
0.0,0.8505
0.0,0.8506
0.0,0.8507
0.0,0.8508
0.0,0.8509
0.0,0.851
0.0,0.8511
0.0,0.8512
0.0,0.8513
0.0,0.8514
0.0,0.8515
0.0,0.8516
0.0,0.8517
0.0,0.8518
0.0,0.8519
0.0,0.852
0.0,0.8521
0.0,0.8522
0.0,0.8523
0.0,0.8524
0.0,0.8525
0.0,0.8526
0.0,0.8527
0.0,0.8528
0.0,0.8529
0.0,0.853
0.0,0.8531
0.0,0.8532
0.0,0.8533
0.0,0.8534
0.0,0.8535
0.0,0.8536
0.0,0.8537
0.0,0.8538
0.0,0.8539
0.0,0.854
0.0,0.8541
0.0,0.8542
0.0,0.8543
0.0,0.8544
0.0,0.8545
0.0,0.8546
0.0,0.8547
0.0,0.8548
0.0,0.8549
0.0,0.855
0.0,0.8551
0.0,0.8552
0.0,0.8553
0.0,0.8554
0.0,0.8555
0.0,0.8556
0.0,0.8557
0.0,0.8558
0.0,0.8559
0.0,0.856
0.0,0.8561
0.0,0.8562
0.0,0.8563
0.0,0.8564
0.0,0.8565
0.0,0.8566
0.0,0.8567
0.0,0.8568
0.0,0.8569
0.0,0.857
0.0,0.8571
0.0,0.8572
0.0,0.8573
0.0,0.8574
0.0,0.8575
0.0,0.8576
0.0,0.8577
0.0,0.8578
0.0,0.8579
0.0,0.858
0.0,0.8581
0.0,0.8582
0.0,0.8583
0.0,0.8584
0.0,0.8585
0.0,0.8586
0.0,0.8587
0.0,0.8588
0.0,0.8589
0.0,0.859
0.0,0.8591
0.0,0.8592
0.0,0.8593
0.0,0.8594
0.0,0.8595
0.0,0.8596
0.0,0.8597
0.0,0.8598
0.0,0.8599
0.0,0.86
0.0,0.8601
0.0,0.8602
0.0,0.8603
0.0,0.8604
0.0,0.8605
0.0,0.8606
0.0,0.8607
0.0,0.8608
0.0,0.8609
0.0,0.861
0.0,0.8611
0.0,0.8612
0.0,0.8613
0.0,0.8614
0.0,0.8615
0.0,0.8616
0.0,0.8617
0.0,0.8618
0.0,0.8619
0.0,0.862
0.0,0.8621
0.0,0.8622
0.0,0.8623
0.0,0.8624
0.0,0.8625
0.0,0.8626
0.0,0.8627
0.0,0.8628
0.0,0.8629
0.0,0.863
0.0,0.8631
0.0,0.8632
0.0,0.8633
0.0,0.8634
0.0,0.8635
0.0,0.8636
0.0,0.8637
0.0,0.8638
0.0,0.8639
0.0,0.864
0.0,0.8641
0.0,0.8642
0.0,0.8643
0.0,0.8644
0.0,0.8645
0.0,0.8646
0.0,0.8647
0.0,0.8648
0.0,0.8649
0.0,0.865
0.0,0.8651
0.0,0.8652
0.0,0.8653
0.0,0.8654
0.0,0.8655
0.0,0.8656
0.0,0.8657
0.0,0.8658
0.0,0.8659
0.0,0.866
0.0,0.8661
0.0,0.8662
0.0,0.8663
0.0,0.8664
0.0,0.8665
0.0,0.8666
0.0,0.8667
0.0,0.8668
0.0,0.8669
0.0,0.867
0.0,0.8671
0.0,0.8672
0.0,0.8673
0.0,0.8674
0.0,0.8675
0.0,0.8676
0.0,0.8677
0.0,0.8678
0.0,0.8679
0.0,0.868
0.0,0.8681
0.0,0.8682
0.0,0.8683
0.0,0.8684
0.0,0.8685
0.0,0.8686
0.0,0.8687
0.0,0.8688
0.0,0.8689
0.0,0.869
0.0,0.8691
0.0,0.8692
0.0,0.8693
0.0,0.8694
0.0,0.8695
0.0,0.8696
0.0,0.8697
0.0,0.8698
0.0,0.8699
0.0,0.87
0.0,0.8701
0.0,0.8702
0.0,0.8703
0.0,0.8704
0.0,0.8705
0.0,0.8706
0.0,0.8707
0.0,0.8708
0.0,0.8709
0.0,0.871
0.0,0.8711
0.0,0.8712
0.0,0.8713
0.0,0.8714
0.0,0.8715
0.0,0.8716
0.0,0.8717
0.0,0.8718
0.0,0.8719
0.0,0.872
0.0,0.8721
0.0,0.8722
0.0,0.8723
0.0,0.8724
0.0,0.8725
0.0,0.8726
0.0,0.8727
0.0,0.8728
0.0,0.8729
0.0,0.873
0.0,0.8731
0.0,0.8732
0.0,0.8733
0.0,0.8734
0.0,0.8735
0.0,0.8736
0.0,0.8737
0.0,0.8738
0.0,0.8739
0.0,0.874
0.0,0.8741
0.0,0.8742
0.0,0.8743
0.0,0.8744
0.0,0.8745
0.0,0.8746
0.0,0.8747
0.0,0.8748
0.0,0.8749
0.0,0.875
0.0,0.8751
0.0,0.8752
0.0,0.8753
0.0,0.8754
0.0,0.8755
0.0,0.8756
0.0,0.8757
0.0,0.8758
0.0,0.8759
0.0,0.876
0.0,0.8761
0.0,0.8762
0.0,0.8763
0.0,0.8764
0.0,0.8765
0.0,0.8766
0.0,0.8767
0.0,0.8768
0.0,0.8769
0.0,0.877
0.0,0.8771
0.0,0.8772
0.0,0.8773
0.0,0.8774
0.0,0.8775
0.0,0.8776
0.0,0.8777
0.0,0.8778
0.0,0.8779
0.0,0.878
0.0,0.8781
0.0,0.8782
0.0,0.8783
0.0,0.8784
0.0,0.8785
0.0,0.8786
0.0,0.8787
0.0,0.8788
0.0,0.8789
0.0,0.879
0.0,0.8791
0.0,0.8792
0.0,0.8793
0.0,0.8794
0.0,0.8795
0.0,0.8796
0.0,0.8797
0.0,0.8798
0.0,0.8799
0.0,0.88
0.0,0.8801
0.0,0.8802
0.0,0.8803
0.0,0.8804
0.0,0.8805
0.0,0.8806
0.0,0.8807
0.0,0.8808
0.0,0.8809
0.0,0.881
0.0,0.8811
0.0,0.8812
0.0,0.8813
0.0,0.8814
0.0,0.8815
0.0,0.8816
0.0,0.8817
0.0,0.8818
0.0,0.8819
0.0,0.882
0.0,0.8821
0.0,0.8822
0.0,0.8823
0.0,0.8824
0.0,0.8825
0.0,0.8826
0.0,0.8827
0.0,0.8828
0.0,0.8829
0.0,0.883
0.0,0.8831
0.0,0.8832
0.0,0.8833
0.0,0.8834
0.0,0.8835
0.0,0.8836
0.0,0.8837
0.0,0.8838
0.0,0.8839
0.0,0.884
0.0,0.8841
0.0,0.8842
0.0,0.8843
0.0,0.8844
0.0,0.8845
0.0,0.8846
0.0,0.8847
0.0,0.8848
0.0,0.8849
0.0,0.885
0.0,0.8851
0.0,0.8852
0.0,0.8853
0.0,0.8854
0.0,0.8855
0.0,0.8856
0.0,0.8857
0.0,0.8858
0.0,0.8859
0.0,0.886
0.0,0.8861
0.0,0.8862
0.0,0.8863
0.0,0.8864
0.0,0.8865
0.0,0.8866
0.0,0.8867
0.0,0.8868
0.0,0.8869
0.0,0.887
0.0,0.8871
0.0,0.8872
0.0,0.8873
0.0,0.8874
0.0,0.8875
0.0,0.8876
0.0,0.8877
0.0,0.8878
0.0,0.8879
0.0,0.888
0.0,0.8881
0.0,0.8882
0.0,0.8883
0.0,0.8884
0.0,0.8885
0.0,0.8886
0.0,0.8887
0.0,0.8888
0.0,0.8889
0.0,0.889
0.0,0.8891
0.0,0.8892
0.0,0.8893
0.0,0.8894
0.0,0.8895
0.0,0.8896
0.0,0.8897
0.0,0.8898
0.0,0.8899
0.0,0.89
0.0,0.8901
0.0,0.8902
0.0,0.8903
0.0,0.8904
0.0,0.8905
0.0,0.8906
0.0,0.8907
0.0,0.8908
0.0,0.8909
0.0,0.891
0.0,0.8911
0.0,0.8912
0.0,0.8913
0.0,0.8914
0.0,0.8915
0.0,0.8916
0.0,0.8917
0.0,0.8918
0.0,0.8919
0.0,0.892
0.0,0.8921
0.0,0.8922
0.0,0.8923
0.0,0.8924
0.0,0.8925
0.0,0.8926
0.0,0.8927
0.0,0.8928
0.0,0.8929
0.0,0.893
0.0,0.8931
0.0,0.8932
0.0,0.8933
0.0,0.8934
0.0,0.8935
0.0,0.8936
0.0,0.8937
0.0,0.8938
0.0,0.8939
0.0,0.894
0.0,0.8941
0.0,0.8942
0.0,0.8943
0.0,0.8944
0.0,0.8945
0.0,0.8946
0.0,0.8947
0.0,0.8948
0.0,0.8949
0.0,0.895
0.0,0.8951
0.0,0.8952
0.0,0.8953
0.0,0.8954
0.0,0.8955
0.0,0.8956
0.0,0.8957
0.0,0.8958
0.0,0.8959
0.0,0.896
0.0,0.8961
0.0,0.8962
0.0,0.8963
0.0,0.8964
0.0,0.8965
0.0,0.8966
0.0,0.8967
0.0,0.8968
0.0,0.8969
0.0,0.897
0.0,0.8971
0.0,0.8972
0.0,0.8973
0.0,0.8974
0.0,0.8975
0.0,0.8976
0.0,0.8977
0.0,0.8978
0.0,0.8979
0.0,0.898
0.0,0.8981
0.0,0.8982
0.0,0.8983
0.0,0.8984
0.0,0.8985
0.0,0.8986
0.0,0.8987
0.0,0.8988
0.0,0.8989
0.0,0.899
0.0,0.8991
0.0,0.8992
0.0,0.8993
0.0,0.8994
0.0,0.8995
0.0,0.8996
0.0,0.8997
0.0,0.8998
0.0,0.8999
0.0,0.9
0.0,0.9001
0.0,0.9002
0.0,0.9003
0.0,0.9004
0.0,0.9005
0.0,0.9006
0.0,0.9007
0.0,0.9008
0.0,0.9009
0.0,0.901
0.0,0.9011
0.0,0.9012
0.0,0.9013
0.0,0.9014
0.0,0.9015
0.0,0.9016
0.0,0.9017
0.0,0.9018
0.0,0.9019
0.0,0.902
0.0,0.9021
0.0,0.9022
0.0,0.9023
0.0,0.9024
0.0,0.9025
0.0,0.9026
0.0,0.9027
0.0,0.9028
0.0,0.9029
0.0,0.903
0.0,0.9031
0.0,0.9032
0.0,0.9033
0.0,0.9034
0.0,0.9035
0.0,0.9036
0.0,0.9037
0.0,0.9038
0.0,0.9039
0.0,0.904
0.0,0.9041
0.0,0.9042
0.0,0.9043
0.0,0.9044
0.0,0.9045
0.0,0.9046
0.0,0.9047
0.0,0.9048
0.0,0.9049
0.0,0.905
0.0,0.9051
0.0,0.9052
0.0,0.9053
0.0,0.9054
0.0,0.9055
0.0,0.9056
0.0,0.9057
0.0,0.9058
0.0,0.9059
0.0,0.906
0.0,0.9061
0.0,0.9062
0.0,0.9063
0.0,0.9064
0.0,0.9065
0.0,0.9066
0.0,0.9067
0.0,0.9068
0.0,0.9069
0.0,0.907
0.0,0.9071
0.0,0.9072
0.0,0.9073
0.0,0.9074
0.0,0.9075
0.0,0.9076
0.0,0.9077
0.0,0.9078
0.0,0.9079
0.0,0.908
0.0,0.9081
0.0,0.9082
0.0,0.9083
0.0,0.9084
0.0,0.9085
0.0,0.9086
0.0,0.9087
0.0,0.9088
0.0,0.9089
0.0,0.909
0.0,0.9091
0.0,0.9092
0.0,0.9093
0.0,0.9094
0.0,0.9095
0.0,0.9096
0.0,0.9097
0.0,0.9098
0.0,0.9099
0.0,0.91
0.0,0.9101
0.0,0.9102
0.0,0.9103
0.0,0.9104
0.0,0.9105
0.0,0.9106
0.0,0.9107
0.0,0.9108
0.0,0.9109
0.0,0.911
0.0,0.9111
0.0,0.9112
0.0,0.9113
0.0,0.9114
0.0,0.9115
0.0,0.9116
0.0,0.9117
0.0,0.9118
0.0,0.9119
0.0,0.912
0.0,0.9121
0.0,0.9122
0.0,0.9123
0.0,0.9124
0.0,0.9125
0.0,0.9126
0.0,0.9127
0.0,0.9128
0.0,0.9129
0.0,0.913
0.0,0.9131
0.0,0.9132
0.0,0.9133
0.0,0.9134
0.0,0.9135
0.0,0.9136
0.0,0.9137
0.0,0.9138
0.0,0.9139
0.0,0.914
0.0,0.9141
0.0,0.9142
0.0,0.9143
0.0,0.9144
0.0,0.9145
0.0,0.9146
0.0,0.9147
0.0,0.9148
0.0,0.9149
0.0,0.915
0.0,0.9151
0.0,0.9152
0.0,0.9153
0.0,0.9154
0.0,0.9155
0.0,0.9156
0.0,0.9157
0.0,0.9158
0.0,0.9159
0.0,0.916
0.0,0.9161
0.0,0.9162
0.0,0.9163
0.0,0.9164
0.0,0.9165
0.0,0.9166
0.0,0.9167
0.0,0.9168
0.0,0.9169
0.0,0.917
0.0,0.9171
0.0,0.9172
0.0,0.9173
0.0,0.9174
0.0,0.9175
0.0,0.9176
0.0,0.9177
0.0,0.9178
0.0,0.9179
0.0,0.918
0.0,0.9181
0.0,0.9182
0.0,0.9183
0.0,0.9184
0.0,0.9185
0.0,0.9186
0.0,0.9187
0.0,0.9188
0.0,0.9189
0.0,0.919
0.0,0.9191
0.0,0.9192
0.0,0.9193
0.0,0.9194
0.0,0.9195
0.0,0.9196
0.0,0.9197
0.0,0.9198
0.0,0.9199
0.0,0.92
0.0,0.9201
0.0,0.9202
0.0,0.9203
0.0,0.9204
0.0,0.9205
0.0,0.9206
0.0,0.9207
0.0,0.9208
0.0,0.9209
0.0,0.921
0.0,0.9211
0.0,0.9212
0.0,0.9213
0.0,0.9214
0.0,0.9215
0.0,0.9216
0.0,0.9217
0.0,0.9218
0.0,0.9219
0.0,0.922
0.0,0.9221
0.0,0.9222
0.0,0.9223
0.0,0.9224
0.0,0.9225
0.0,0.9226
0.0,0.9227
0.0,0.9228
0.0,0.9229
0.0,0.923
0.0,0.9231
0.0,0.9232
0.0,0.9233
0.0,0.9234
0.0,0.9235
0.0,0.9236
0.0,0.9237
0.0,0.9238
0.0,0.9239
0.0,0.924
0.0,0.9241
0.0,0.9242
0.0,0.9243
0.0,0.9244
0.0,0.9245
0.0,0.9246
0.0,0.9247
0.0,0.9248
0.0,0.9249
0.0,0.925
0.0,0.9251
0.0,0.9252
0.0,0.9253
0.0,0.9254
0.0,0.9255
0.0,0.9256
0.0,0.9257
0.0,0.9258
0.0,0.9259
0.0,0.926
0.0,0.9261
0.0,0.9262
0.0,0.9263
0.0,0.9264
0.0,0.9265
0.0,0.9266
0.0,0.9267
0.0,0.9268
0.0,0.9269
0.0,0.927
0.0,0.9271
0.0,0.9272
0.0,0.9273
0.0,0.9274
0.0,0.9275
0.0,0.9276
0.0,0.9277
0.0,0.9278
0.0,0.9279
0.0,0.928
0.0,0.9281
0.0,0.9282
0.0,0.9283
0.0,0.9284
0.0,0.9285
0.0,0.9286
0.0,0.9287
0.0,0.9288
0.0,0.9289
0.0,0.929
0.0,0.9291
0.0,0.9292
0.0,0.9293
0.0,0.9294
0.0,0.9295
0.0,0.9296
0.0,0.9297
0.0,0.9298
0.0,0.9299
0.0,0.93
0.0,0.9301
0.0,0.9302
0.0,0.9303
0.0,0.9304
0.0,0.9305
0.0,0.9306
0.0,0.9307
0.0,0.9308
0.0,0.9309
0.0,0.931
0.0,0.9311
0.0,0.9312
0.0,0.9313
0.0,0.9314
0.0,0.9315
0.0,0.9316
0.0,0.9317
0.0,0.9318
0.0,0.9319
0.0,0.932
0.0,0.9321
0.0,0.9322
0.0,0.9323
0.0,0.9324
0.0,0.9325
0.0,0.9326
0.0,0.9327
0.0,0.9328
0.0,0.9329
0.0,0.933
0.0,0.9331
0.0,0.9332
0.0,0.9333
0.0,0.9334
0.0,0.9335
0.0,0.9336
0.0,0.9337
0.0,0.9338
0.0,0.9339
0.0,0.934
0.0,0.9341
0.0,0.9342
0.0,0.9343
0.0,0.9344
0.0,0.9345
0.0,0.9346
0.0,0.9347
0.0,0.9348
0.0,0.9349
0.0,0.935
0.0,0.9351
0.0,0.9352
0.0,0.9353
0.0,0.9354
0.0,0.9355
0.0,0.9356
0.0,0.9357
0.0,0.9358
0.0,0.9359
0.0,0.936
0.0,0.9361
0.0,0.9362
0.0,0.9363
0.0,0.9364
0.0,0.9365
0.0,0.9366
0.0,0.9367
0.0,0.9368
0.0,0.9369
0.0,0.937
0.0,0.9371
0.0,0.9372
0.0,0.9373
0.0,0.9374
0.0,0.9375
0.0,0.9376
0.0,0.9377
0.0,0.9378
0.0,0.9379
0.0,0.938
0.0,0.9381
0.0,0.9382
0.0,0.9383
0.0,0.9384
0.0,0.9385
0.0,0.9386
0.0,0.9387
0.0,0.9388
0.0,0.9389
0.0,0.939
0.0,0.9391
0.0,0.9392
0.0,0.9393
0.0,0.9394
0.0,0.9395
0.0,0.9396
0.0,0.9397
0.0,0.9398
0.0,0.9399
0.0,0.94
0.0,0.9401
0.0,0.9402
0.0,0.9403
0.0,0.9404
0.0,0.9405
0.0,0.9406
0.0,0.9407
0.0,0.9408
0.0,0.9409
0.0,0.941
0.0,0.9411
0.0,0.9412
0.0,0.9413
0.0,0.9414
0.0,0.9415
0.0,0.9416
0.0,0.9417
0.0,0.9418
0.0,0.9419
0.0,0.942
0.0,0.9421
0.0,0.9422
0.0,0.9423
0.0,0.9424
0.0,0.9425
0.0,0.9426
0.0,0.9427
0.0,0.9428
0.0,0.9429
0.0,0.943
0.0,0.9431
0.0,0.9432
0.0,0.9433
0.0,0.9434
0.0,0.9435
0.0,0.9436
0.0,0.9437
0.0,0.9438
0.0,0.9439
0.0,0.944
0.0,0.9441
0.0,0.9442
0.0,0.9443
0.0,0.9444
0.0,0.9445
0.0,0.9446
0.0,0.9447
0.0,0.9448
0.0,0.9449
0.0,0.945
0.0,0.9451
0.0,0.9452
0.0,0.9453
0.0,0.9454
0.0,0.9455
0.0,0.9456
0.0,0.9457
0.0,0.9458
0.0,0.9459
0.0,0.946
0.0,0.9461
0.0,0.9462
0.0,0.9463
0.0,0.9464
0.0,0.9465
0.0,0.9466
0.0,0.9467
0.0,0.9468
0.0,0.9469
0.0,0.947
0.0,0.9471
0.0,0.9472
0.0,0.9473
0.0,0.9474
0.0,0.9475
0.0,0.9476
0.0,0.9477
0.0,0.9478
0.0,0.9479
0.0,0.948
0.0,0.9481
0.0,0.9482
0.0,0.9483
0.0,0.9484
0.0,0.9485
0.0,0.9486
0.0,0.9487
0.0,0.9488
0.0,0.9489
0.0,0.949
0.0,0.9491
0.0,0.9492
0.0,0.9493
0.0,0.9494
0.0,0.9495
0.0,0.9496
0.0,0.9497
0.0,0.9498
0.0,0.9499
0.0,0.95
0.0,0.9501
0.0,0.9502
0.0,0.9503
0.0,0.9504
0.0,0.9505
0.0,0.9506
0.0,0.9507
0.0,0.9508
0.0,0.9509
0.0,0.951
0.0,0.9511
0.0,0.9512
0.0,0.9513
0.0,0.9514
0.0,0.9515
0.0,0.9516
0.0,0.9517
0.0,0.9518
0.0,0.9519
0.0,0.952
0.0,0.9521
0.0,0.9522
0.0,0.9523
0.0,0.9524
0.0,0.9525
0.0,0.9526
0.0,0.9527
0.0,0.9528
0.0,0.9529
0.0,0.953
0.0,0.9531
0.0,0.9532
0.0,0.9533
0.0,0.9534
0.0,0.9535
0.0,0.9536
0.0,0.9537
0.0,0.9538
0.0,0.9539
0.0,0.954
0.0,0.9541
0.0,0.9542
0.0,0.9543
0.0,0.9544
0.0,0.9545
0.0,0.9546
0.0,0.9547
0.0,0.9548
0.0,0.9549
0.0,0.955
0.0,0.9551
0.0,0.9552
0.0,0.9553
0.0,0.9554
0.0,0.9555
0.0,0.9556
0.0,0.9557
0.0,0.9558
0.0,0.9559
0.0,0.956
0.0,0.9561
0.0,0.9562
0.0,0.9563
0.0,0.9564
0.0,0.9565
0.0,0.9566
0.0,0.9567
0.0,0.9568
0.0,0.9569
0.0,0.957
0.0,0.9571
0.0,0.9572
0.0,0.9573
0.0,0.9574
0.0,0.9575
0.0,0.9576
0.0,0.9577
0.0,0.9578
0.0,0.9579
0.0,0.958
0.0,0.9581
0.0,0.9582
0.0,0.9583
0.0,0.9584
0.0,0.9585
0.0,0.9586
0.0,0.9587
0.0,0.9588
0.0,0.9589
0.0,0.959
0.0,0.9591
0.0,0.9592
0.0,0.9593
0.0,0.9594
0.0,0.9595
0.0,0.9596
0.0,0.9597
0.0,0.9598
0.0,0.9599
0.0,0.96
0.0,0.9601
0.0,0.9602
0.0,0.9603
0.0,0.9604
0.0,0.9605
0.0,0.9606
0.0,0.9607
0.0,0.9608
0.0,0.9609
0.0,0.961
0.0,0.9611
0.0,0.9612
0.0,0.9613
0.0,0.9614
0.0,0.9615
0.0,0.9616
0.0,0.9617
0.0,0.9618
0.0,0.9619
0.0,0.962
0.0,0.9621
0.0,0.9622
0.0,0.9623
0.0,0.9624
0.0,0.9625
0.0,0.9626
0.0,0.9627
0.0,0.9628
0.0,0.9629
0.0,0.963
0.0,0.9631
0.0,0.9632
0.0,0.9633
0.0,0.9634
0.0,0.9635
0.0,0.9636
0.0,0.9637
0.0,0.9638
0.0,0.9639
0.0,0.964
0.0,0.9641
0.0,0.9642
0.0,0.9643
0.0,0.9644
0.0,0.9645
0.0,0.9646
0.0,0.9647
0.0,0.9648
0.0,0.9649
0.0,0.965
0.0,0.9651
0.0,0.9652
0.0,0.9653
0.0,0.9654
0.0,0.9655
0.0,0.9656
0.0,0.9657
0.0,0.9658
0.0,0.9659
0.0,0.966
0.0,0.9661
0.0,0.9662
0.0,0.9663
0.0,0.9664
0.0,0.9665
0.0,0.9666
0.0,0.9667
0.0,0.9668
0.0,0.9669
0.0,0.967
0.0,0.9671
0.0,0.9672
0.0,0.9673
0.0,0.9674
0.0,0.9675
0.0,0.9676
0.0,0.9677
0.0,0.9678
0.0,0.9679
0.0,0.968
0.0,0.9681
0.0,0.9682
0.0,0.9683
0.0,0.9684
0.0,0.9685
0.0,0.9686
0.0,0.9687
0.0,0.9688
0.0,0.9689
0.0,0.969
0.0,0.9691
0.0,0.9692
0.0,0.9693
0.0,0.9694
0.0,0.9695
0.0,0.9696
0.0,0.9697
0.0,0.9698
0.0,0.9699
0.0,0.97
0.0,0.9701
0.0,0.9702
0.0,0.9703
0.0,0.9704
0.0,0.9705
0.0,0.9706
0.0,0.9707
0.0,0.9708
0.0,0.9709
0.0,0.971
0.0,0.9711
0.0,0.9712
0.0,0.9713
0.0,0.9714
0.0,0.9715
0.0,0.9716
0.0,0.9717
0.0,0.9718
0.0,0.9719
0.0,0.972
0.0,0.9721
0.0,0.9722
0.0,0.9723
0.0,0.9724
0.0,0.9725
0.0,0.9726
0.0,0.9727
0.0,0.9728
0.0,0.9729
0.0,0.973
0.0,0.9731
0.0,0.9732
0.0,0.9733
0.0,0.9734
0.0,0.9735
0.0,0.9736
0.0,0.9737
0.0,0.9738
0.0,0.9739
0.0,0.974
0.0,0.9741
0.0,0.9742
0.0,0.9743
0.0,0.9744
0.0,0.9745
0.0,0.9746
0.0,0.9747
0.0,0.9748
0.0,0.9749
0.0,0.975
0.0,0.9751
0.0,0.9752
0.0,0.9753
0.0,0.9754
0.0,0.9755
0.0,0.9756
0.0,0.9757
0.0,0.9758
0.0,0.9759
0.0,0.976
0.0,0.9761
0.0,0.9762
0.0,0.9763
0.0,0.9764
0.0,0.9765
0.0,0.9766
0.0,0.9767
0.0,0.9768
0.0,0.9769
0.0,0.977
0.0,0.9771
0.0,0.9772
0.0,0.9773
0.0,0.9774
0.0,0.9775
0.0,0.9776
0.0,0.9777
0.0,0.9778
0.0,0.9779
0.0,0.978
0.0,0.9781
0.0,0.9782
0.0,0.9783
0.0,0.9784
0.0,0.9785
0.0,0.9786
0.0,0.9787
0.0,0.9788
0.0,0.9789
0.0,0.979
0.0,0.9791
0.0,0.9792
0.0,0.9793
0.0,0.9794
0.0,0.9795
0.0,0.9796
0.0,0.9797
0.0,0.9798
0.0,0.9799
0.0,0.98
0.0,0.9801
0.0,0.9802
0.0,0.9803
0.0,0.9804
0.0,0.9805
0.0,0.9806
0.0,0.9807
0.0,0.9808
0.0,0.9809
0.0,0.981
0.0,0.9811
0.0,0.9812
0.0,0.9813
0.0,0.9814
0.0,0.9815
0.0,0.9816
0.0,0.9817
0.0,0.9818
0.0,0.9819
0.0,0.982
0.0,0.9821
0.0,0.9822
0.0,0.9823
0.0,0.9824
0.0,0.9825
0.0,0.9826
0.0,0.9827
0.0,0.9828
0.0,0.9829
0.0,0.983
0.0,0.9831
0.0,0.9832
0.0,0.9833
0.0,0.9834
0.0,0.9835
0.0,0.9836
0.0,0.9837
0.0,0.9838
0.0,0.9839
0.0,0.984
0.0,0.9841
0.0,0.9842
0.0,0.9843
0.0,0.9844
0.0,0.9845
0.0,0.9846
0.0,0.9847
0.0,0.9848
0.0,0.9849
0.0,0.985
0.0,0.9851
0.0,0.9852
0.0,0.9853
0.0,0.9854
0.0,0.9855
0.0,0.9856
0.0,0.9857
0.0,0.9858
0.0,0.9859
0.0,0.986
0.0,0.9861
0.0,0.9862
0.0,0.9863
0.0,0.9864
0.0,0.9865
0.0,0.9866
0.0,0.9867
0.0,0.9868
0.0,0.9869
0.0,0.987
0.0,0.9871
0.0,0.9872
0.0,0.9873
0.0,0.9874
0.0,0.9875
0.0,0.9876
0.0,0.9877
0.0,0.9878
0.0,0.9879
0.0,0.988
0.0,0.9881
0.0,0.9882
0.0,0.9883
0.0,0.9884
0.0,0.9885
0.0,0.9886
0.0,0.9887
0.0,0.9888
0.0,0.9889
0.0,0.989
0.0,0.9891
0.0,0.9892
0.0,0.9893
0.0,0.9894
0.0,0.9895
0.0,0.9896
0.0,0.9897
0.0,0.9898
0.0,0.9899
0.0,0.99
0.0,0.9901
0.0,0.9902
0.0,0.9903
0.0,0.9904
0.0,0.9905
0.0,0.9906
0.0,0.9907
0.0,0.9908
0.0,0.9909
0.0,0.991
0.0,0.9911
0.0,0.9912
0.0,0.9913
0.0,0.9914
0.0,0.9915
0.0,0.9916
0.0,0.9917
0.0,0.9918
0.0,0.9919
0.0,0.992
0.0,0.9921
0.0,0.9922
0.0,0.9923
0.0,0.9924
0.0,0.9925
0.0,0.9926
0.0,0.9927
0.0,0.9928
0.0,0.9929
0.0,0.993
0.0,0.9931
0.0,0.9932
0.0,0.9933
0.0,0.9934
0.0,0.9935
0.0,0.9936
0.0,0.9937
0.0,0.9938
0.0,0.9939
0.0,0.994
0.0,0.9941
0.0,0.9942
0.0,0.9943
0.0,0.9944
0.0,0.9945
0.0,0.9946
0.0,0.9947
0.0,0.9948
0.0,0.9949
0.0,0.995
0.0,0.9951
0.0,0.9952
0.0,0.9953
0.0,0.9954
0.0,0.9955
0.0,0.9956
0.0,0.9957
0.0,0.9958
0.0,0.9959
0.0,0.996
0.0,0.9961
0.0,0.9962
0.0,0.9963
0.0,0.9964
0.0,0.9965
0.0,0.9966
0.0,0.9967
0.0,0.9968
0.0,0.9969
0.0,0.997
0.0,0.9971
0.0,0.9972
0.0,0.9973
0.0,0.9974
0.0,0.9975
0.0,0.9976
0.0,0.9977
0.0,0.9978
0.0,0.9979
0.0,0.998
0.0,0.9981
0.0,0.9982
0.0,0.9983
0.0,0.9984
0.0,0.9985
0.0,0.9986
0.0,0.9987
0.0,0.9988
0.0,0.9989
0.0,0.999
0.0,0.9991
0.0,0.9992
0.0,0.9993
0.0,0.9994
0.0,0.9995
0.0,0.9996
0.0,0.9997
0.0,0.9998
0.0,0.9999
0.0,1.0
