distribution,replication_id,cell_id,solution_location,candidate_cost_cny,independent_cost_cny,grid_cost_cny,grid_points,excess_cost_cny,grid_excess_cny
GAUSSIAN,0,BASE_ACTUAL_NEAR,interior,5833922.275596345,5833922.275596346,5833922.284362675,10001,0.0,0.0087663298472762
EMP,0,BASE_ACTUAL_NEAR,interior,5760760.288935604,5760760.288935604,5760761.521115488,10001,0.0,1.2321798847988248
GAUSSIAN,0,BASE_CAPACITY_NEAR,interior,5833922.275596345,5833922.275596345,5833922.276747062,10001,0.0,0.0011507170274853
EMP,0,BASE_CAPACITY_NEAR,interior,5760760.288935604,5760760.288935604,5760770.226286434,10001,0.0,9.937350830063224
GAUSSIAN,0,STRESS_ACTUAL_CLEAR,lower,5496266.234313869,5496266.234313869,5496266.234313869,10001,0.0,0.0
EMP,0,STRESS_ACTUAL_CLEAR,lower,5574969.131019224,5574969.131019224,5574969.131019224,10001,0.0,0.0
GAUSSIAN,0,STRESS_ACTUAL_NEAR,lower,5223759.295580599,5223759.295580599,5223759.295580599,10001,0.0,0.0
EMP,0,STRESS_ACTUAL_NEAR,lower,5255296.053801766,5255296.053801766,5255296.053801766,10001,0.0,0.0
GAUSSIAN,0,STRESS_CONTRACT_NEAR_LOW,lower,5213652.508489735,5213652.508489735,5213652.508489735,10001,0.0,0.0
EMP,0,STRESS_CONTRACT_NEAR_LOW,lower,5239658.036589694,5239658.036589694,5239658.036589694,10001,0.0,0.0
GAUSSIAN,0,STRESS_CONTRACT_CLEAR,interior,5198749.523224901,5198749.523224901,5198749.530121449,10001,0.0,0.0068965479731559
EMP,0,STRESS_CONTRACT_CLEAR,interior,5166459.77037308,5166459.77037308,5166459.77037308,10001,0.0,0.0
GAUSSIAN,0,STRESS_CONTRACT_NEAR_HIGH,interior,5198749.523224901,5198749.523224901,5198749.535605575,10001,0.0,0.0123806735500693
EMP,0,STRESS_CONTRACT_NEAR_HIGH,interior,5166459.77037308,5166459.77037308,5166459.77037308,10001,0.0,0.0
GAUSSIAN,0,STRESS_CAPACITY_NEAR,interior,5198749.523224901,5198749.523224901,5198749.526098484,10001,0.0,0.00287358276546
EMP,0,STRESS_CAPACITY_NEAR,interior,5166459.77037308,5166459.77037308,5166459.77037308,10001,0.0,0.0
GAUSSIAN,0,STRESS_CAPACITY_CLEAR,interior,5198749.523224901,5198749.523224902,5198749.525185506,10001,0.0,0.0019606044515967
EMP,0,STRESS_CAPACITY_CLEAR,interior,5166459.77037308,5166459.77037308,5166459.77037308,10001,0.0,0.0
GAUSSIAN,1,BASE_ACTUAL_NEAR,interior,5958232.831926575,5958232.831926576,5958232.862875447,10001,0.0,0.0309488717466592
EMP,1,BASE_ACTUAL_NEAR,interior,6005152.835316075,6005152.835316075,6005159.615130767,10001,0.0,6.779814692214131
GAUSSIAN,1,BASE_CAPACITY_NEAR,interior,5958232.831926575,5958232.831926576,5958232.833434386,10001,0.0,0.0015078112483024
EMP,1,BASE_CAPACITY_NEAR,interior,6005152.835316075,6005152.835316075,6005154.969967052,10001,0.0,2.13465097732842
GAUSSIAN,1,STRESS_ACTUAL_CLEAR,lower,5492801.341707086,5492801.341707086,5492801.341707086,10001,0.0,0.0
EMP,1,STRESS_ACTUAL_CLEAR,lower,5504462.968738304,5504462.968738304,5504462.968738304,10001,0.0,0.0
GAUSSIAN,1,STRESS_ACTUAL_NEAR,lower,5291206.1325200265,5291206.1325200265,5291206.1325200265,10001,0.0,0.0
EMP,1,STRESS_ACTUAL_NEAR,interior,5311264.371633766,5311264.371633766,5311264.371633766,10001,0.0,0.0
GAUSSIAN,1,STRESS_CONTRACT_NEAR_LOW,interior,5291073.048836009,5291073.04883601,5291073.049019497,10001,0.0,0.0001834882423281
EMP,1,STRESS_CONTRACT_NEAR_LOW,interior,5311264.371633766,5311264.371633766,5311264.371633766,10001,0.0,0.0
GAUSSIAN,1,STRESS_CONTRACT_CLEAR,interior,5291073.048836009,5291073.048836009,5291073.072883513,10001,0.0,0.0240475041791796
EMP,1,STRESS_CONTRACT_CLEAR,interior,5311264.371633766,5311264.371633766,5311264.371633766,10001,0.0,0.0
GAUSSIAN,1,STRESS_CONTRACT_NEAR_HIGH,interior,5291073.048836009,5291073.048836009,5291073.080866307,10001,0.0,0.0320302983745932
EMP,1,STRESS_CONTRACT_NEAR_HIGH,interior,5311264.371633766,5311264.371633766,5311264.371633766,10001,0.0,0.0
GAUSSIAN,1,STRESS_CAPACITY_NEAR,interior,5291073.048836009,5291073.048836009,5291073.062222933,10001,0.0,0.0133869247511029
EMP,1,STRESS_CAPACITY_NEAR,interior,5311264.371633766,5311264.371633766,5311264.371633767,10001,0.0,9.313225746154783e-10
GAUSSIAN,1,STRESS_CAPACITY_CLEAR,interior,5291073.048836009,5291073.048836009,5291073.056364104,10001,0.0,0.0075280955061316
EMP,1,STRESS_CAPACITY_CLEAR,interior,5311264.371633766,5311264.371633766,5311264.371633766,10001,0.0,0.0
GAUSSIAN,2,BASE_ACTUAL_NEAR,interior,5553494.665884898,5553494.665884899,5553494.671303315,10001,0.0,0.0054184170439839
EMP,2,BASE_ACTUAL_NEAR,interior,5514416.977313179,5514416.977313179,5514422.944689796,10001,0.0,5.967376617714763
GAUSSIAN,2,BASE_CAPACITY_NEAR,interior,5553494.665884898,5553494.665884898,5553494.677882689,10001,0.0,0.0119977910071611
EMP,2,BASE_CAPACITY_NEAR,interior,5514416.977313179,5514416.977313179,5514418.436148544,10001,0.0,1.458835365250707
GAUSSIAN,2,STRESS_ACTUAL_CLEAR,lower,5387162.626243227,5387162.626243227,5387162.626243227,10001,0.0,0.0
EMP,2,STRESS_ACTUAL_CLEAR,lower,5464379.804850354,5464379.804850354,5464379.804850354,10001,0.0,0.0
GAUSSIAN,2,STRESS_ACTUAL_NEAR,lower,5000741.758367806,5000741.758367806,5000741.758367806,10001,0.0,0.0
EMP,2,STRESS_ACTUAL_NEAR,lower,5056983.126898684,5056983.126898684,5056983.126898684,10001,0.0,0.0
GAUSSIAN,2,STRESS_CONTRACT_NEAR_LOW,lower,4981316.877167312,4981316.877167312,4981316.877167312,10001,0.0,0.0
EMP,2,STRESS_CONTRACT_NEAR_LOW,lower,5033194.366157368,5033194.366157368,5033194.366157368,10001,0.0,0.0
GAUSSIAN,2,STRESS_CONTRACT_CLEAR,interior,4931421.229843716,4931421.229843717,4931421.264311352,10001,0.0,0.0344676356762647
EMP,2,STRESS_CONTRACT_CLEAR,interior,4928289.441416054,4928289.441416054,4928289.441416054,10001,0.0,0.0
GAUSSIAN,2,STRESS_CONTRACT_NEAR_HIGH,interior,4931421.229843716,4931421.229843716,4931421.244787556,10001,0.0,0.0149438399821519
EMP,2,STRESS_CONTRACT_NEAR_HIGH,interior,4928289.441416054,4928289.441416054,4928289.441416054,10001,0.0,0.0
GAUSSIAN,2,STRESS_CAPACITY_NEAR,interior,4931421.229843716,4931421.229843716,4931421.233423876,10001,0.0,0.0035801595076918
EMP,2,STRESS_CAPACITY_NEAR,interior,4928289.441416054,4928289.441416054,4928289.441416054,10001,0.0,0.0
GAUSSIAN,2,STRESS_CAPACITY_CLEAR,interior,4931421.229843716,4931421.229843716,4931421.234411033,10001,0.0,0.0045673167333006
EMP,2,STRESS_CAPACITY_CLEAR,interior,4928289.441416054,4928289.441416054,4928289.441416054,10001,0.0,0.0
GAUSSIAN,3,BASE_ACTUAL_NEAR,interior,5582675.523468699,5582675.523468699,5582675.532703755,10001,0.0,0.009235056117177
EMP,3,BASE_ACTUAL_NEAR,interior,5481487.97946311,5481487.97946311,5481491.55617097,10001,0.0,3.576707860454917
GAUSSIAN,3,BASE_CAPACITY_NEAR,interior,5582675.523468699,5582675.5234687,5582675.532162278,10001,0.0,0.0086935786530375
EMP,3,BASE_CAPACITY_NEAR,interior,5481487.97946311,5481487.97946311,5481491.54740986,10001,0.0,3.5679467506706715
GAUSSIAN,3,STRESS_ACTUAL_CLEAR,lower,5390917.382241544,5390917.382241544,5390917.382241544,10001,0.0,0.0
EMP,3,STRESS_ACTUAL_CLEAR,lower,5482787.055044854,5482787.055044854,5482787.055044854,10001,0.0,0.0
GAUSSIAN,3,STRESS_ACTUAL_NEAR,lower,5015713.1096210815,5015713.1096210815,5015713.1096210815,10001,0.0,0.0
EMP,3,STRESS_ACTUAL_NEAR,lower,5120297.796033283,5120297.796033283,5120297.796033283,10001,0.0,0.0
GAUSSIAN,3,STRESS_CONTRACT_NEAR_LOW,lower,4997783.697597824,4997783.697597824,4997783.697597824,10001,0.0,0.0
EMP,3,STRESS_CONTRACT_NEAR_LOW,lower,5094234.434013161,5094234.434013161,5094234.434013161,10001,0.0,0.0
GAUSSIAN,3,STRESS_CONTRACT_CLEAR,interior,4956688.817290067,4956688.817290067,4956688.855437128,10001,0.0,0.0381470611318945
EMP,3,STRESS_CONTRACT_CLEAR,interior,4891551.336797372,4891551.336797372,4891551.336797372,10001,0.0,0.0
GAUSSIAN,3,STRESS_CONTRACT_NEAR_HIGH,interior,4956688.817290067,4956688.817290067,4956688.823917124,10001,0.0,0.0066270576789975
EMP,3,STRESS_CONTRACT_NEAR_HIGH,interior,4891551.336797372,4891551.336797372,4891551.336797372,10001,0.0,0.0
GAUSSIAN,3,STRESS_CAPACITY_NEAR,interior,4956688.817290067,4956688.817290067,4956688.818232985,10001,0.0,0.000942918471992
EMP,3,STRESS_CAPACITY_NEAR,interior,4891551.336797372,4891551.336797372,4891551.336797372,10001,0.0,0.0
GAUSSIAN,3,STRESS_CAPACITY_CLEAR,interior,4956688.817290067,4956688.817290067,4956688.83583218,10001,0.0,0.0185421127825975
EMP,3,STRESS_CAPACITY_CLEAR,interior,4891551.336797372,4891551.336797372,4891551.336797372,10001,0.0,0.0
GAUSSIAN,4,BASE_ACTUAL_NEAR,interior,6370094.647400899,6370094.647400899,6370094.66927208,10001,0.0,0.021871181204915
EMP,4,BASE_ACTUAL_NEAR,interior,6333589.518691493,6333589.518691493,6333590.729170661,10001,0.0,1.2104791682213545
GAUSSIAN,4,BASE_CAPACITY_NEAR,interior,6370094.647400899,6370094.647400899,6370094.662149786,10001,0.0,0.0147488871589303
EMP,4,BASE_CAPACITY_NEAR,interior,6333589.518691493,6333589.518691493,6333595.442645608,10001,0.0,5.923954114317894
GAUSSIAN,4,STRESS_ACTUAL_CLEAR,lower,5745197.539090865,5745197.539090865,5745197.539090865,10001,0.0,0.0
EMP,4,STRESS_ACTUAL_CLEAR,lower,5891963.401888024,5891963.401888024,5891963.401888024,10001,0.0,0.0
GAUSSIAN,4,STRESS_ACTUAL_NEAR,interior,5675329.710238478,5675329.710238479,5675329.710475389,10001,0.0,0.0002369107678532
EMP,4,STRESS_ACTUAL_NEAR,lower,5706846.235893592,5706846.235893592,5706846.235893592,10001,0.0,0.0
GAUSSIAN,4,STRESS_CONTRACT_NEAR_LOW,interior,5675329.710238478,5675329.710238477,5675329.7170833,10001,9.313225746154783e-10,0.0068448213860392
EMP,4,STRESS_CONTRACT_NEAR_LOW,lower,5701633.563489568,5701633.563489568,5701633.563489568,10001,0.0,0.0
GAUSSIAN,4,STRESS_CONTRACT_CLEAR,interior,5675329.710238478,5675329.710238478,5675329.710346856,10001,0.0,0.000108378008008
EMP,4,STRESS_CONTRACT_CLEAR,interior,5690343.958624159,5690343.958624158,5690343.958624158,10001,9.313225746154783e-10,-9.313225746154783e-10
GAUSSIAN,4,STRESS_CONTRACT_NEAR_HIGH,interior,5675329.710238478,5675329.710238478,5675329.711715321,10001,0.0,0.0014768429100513
EMP,4,STRESS_CONTRACT_NEAR_HIGH,interior,5690343.958624159,5690343.958624158,5690343.958624158,10001,9.313225746154783e-10,-9.313225746154783e-10
GAUSSIAN,4,STRESS_CAPACITY_NEAR,interior,5675329.710238478,5675329.710238479,5675329.717720902,10001,0.0,0.0074824234470725
EMP,4,STRESS_CAPACITY_NEAR,interior,5690343.958624159,5690343.958624158,5690343.958624158,10001,9.313225746154783e-10,-9.313225746154783e-10
GAUSSIAN,4,STRESS_CAPACITY_CLEAR,interior,5675329.710238478,5675329.710238477,5675329.71096267,10001,9.313225746154783e-10,0.0007241917774081
EMP,4,STRESS_CAPACITY_CLEAR,interior,5690343.958624159,5690343.958624158,5690343.958624158,10001,9.313225746154783e-10,-9.313225746154783e-10
GAUSSIAN,5,BASE_ACTUAL_NEAR,interior,5822012.69265398,5822012.692653981,5822012.722091503,10001,0.0,0.0294375233352184
EMP,5,BASE_ACTUAL_NEAR,interior,5776218.596991227,5776218.596991227,5776222.6819768,10001,0.0,4.084985572844744
GAUSSIAN,5,BASE_CAPACITY_NEAR,interior,5822012.69265398,5822012.69265398,5822012.692965194,10001,0.0,0.0003112135455012
EMP,5,BASE_CAPACITY_NEAR,interior,5776218.596991227,5776218.596991227,5776228.5465415735,10001,0.0,9.94955034647137
GAUSSIAN,5,STRESS_ACTUAL_CLEAR,lower,5442044.340050077,5442044.340050077,5442044.340050077,10001,0.0,0.0
EMP,5,STRESS_ACTUAL_CLEAR,lower,5563868.224937126,5563868.224937126,5563868.224937126,10001,0.0,0.0
GAUSSIAN,5,STRESS_ACTUAL_NEAR,lower,5175042.067852019,5175042.067852019,5175042.067852019,10001,0.0,0.0
EMP,5,STRESS_ACTUAL_NEAR,lower,5229850.1160369385,5229850.1160369385,5229850.1160369385,10001,0.0,0.0
GAUSSIAN,5,STRESS_CONTRACT_NEAR_LOW,lower,5169668.838550582,5169668.838550582,5169668.838550582,10001,0.0,0.0
EMP,5,STRESS_CONTRACT_NEAR_LOW,lower,5208999.426420842,5208999.426420842,5208999.426420842,10001,0.0,0.0
GAUSSIAN,5,STRESS_CONTRACT_CLEAR,interior,5167693.365070411,5167693.365070411,5167693.365076272,10001,0.0,5.860812962055206e-06
EMP,5,STRESS_CONTRACT_CLEAR,interior,5155965.4989397945,5155965.4989397945,5155965.4989397945,10001,0.0,0.0
GAUSSIAN,5,STRESS_CONTRACT_NEAR_HIGH,interior,5167693.365070411,5167693.365070411,5167693.389330031,10001,0.0,0.0242596203461289
EMP,5,STRESS_CONTRACT_NEAR_HIGH,interior,5155965.4989397945,5155965.4989397945,5155965.4989397945,10001,0.0,0.0
GAUSSIAN,5,STRESS_CAPACITY_NEAR,interior,5167693.365070411,5167693.365070411,5167693.373467109,10001,0.0,0.0083966981619596
EMP,5,STRESS_CAPACITY_NEAR,interior,5155965.4989397945,5155965.4989397945,5155965.4989397945,10001,0.0,0.0
GAUSSIAN,5,STRESS_CAPACITY_CLEAR,interior,5167693.365070411,5167693.365070411,5167693.368782096,10001,0.0,0.0037116846069693
EMP,5,STRESS_CAPACITY_CLEAR,interior,5155965.4989397945,5155965.498939794,5155965.4989397945,10001,9.313225746154783e-10,0.0
GAUSSIAN,6,BASE_ACTUAL_NEAR,interior,5808825.222219078,5808825.222219079,5808825.222267107,10001,0.0,4.802923649549484e-05
EMP,6,BASE_ACTUAL_NEAR,interior,5850665.216235623,5850665.216235623,5850672.681790332,10001,0.0,7.465554709546268
GAUSSIAN,6,BASE_CAPACITY_NEAR,interior,5808825.222219078,5808825.222219079,5808825.238495746,10001,0.0,0.0162766678258776
EMP,6,BASE_CAPACITY_NEAR,interior,5850665.216235623,5850665.216235623,5850667.42156181,10001,0.0,2.2053261874243617
GAUSSIAN,6,STRESS_ACTUAL_CLEAR,lower,5471457.979415388,5471457.979415388,5471457.979415388,10001,0.0,0.0
EMP,6,STRESS_ACTUAL_CLEAR,lower,5535724.615389711,5535724.615389711,5535724.615389711,10001,0.0,0.0
GAUSSIAN,6,STRESS_ACTUAL_NEAR,lower,5191652.104336776,5191652.104336776,5191652.104336776,10001,0.0,0.0
EMP,6,STRESS_ACTUAL_NEAR,lower,5291447.936136618,5291447.936136618,5291447.936136618,10001,0.0,0.0
GAUSSIAN,6,STRESS_CONTRACT_NEAR_LOW,lower,5181930.2548023295,5181930.2548023295,5181930.2548023295,10001,0.0,0.0
EMP,6,STRESS_CONTRACT_NEAR_LOW,lower,5275809.918924546,5275809.918924546,5275809.918924546,10001,0.0,0.0
GAUSSIAN,6,STRESS_CONTRACT_CLEAR,interior,5169680.989276084,5169680.989276083,5169681.015889767,10001,9.313225746154783e-10,0.0266136825084686
EMP,6,STRESS_CONTRACT_CLEAR,interior,5231775.463973047,5231775.463973047,5231775.463973047,10001,0.0,0.0
GAUSSIAN,6,STRESS_CONTRACT_NEAR_HIGH,interior,5169680.989276084,5169680.989276083,5169681.018304632,10001,9.313225746154783e-10,0.0290285479277372
EMP,6,STRESS_CONTRACT_NEAR_HIGH,interior,5231775.463973047,5231775.463973047,5231775.463973047,10001,0.0,0.0
GAUSSIAN,6,STRESS_CAPACITY_NEAR,interior,5169680.989276084,5169680.989276084,5169681.005722044,10001,0.0,0.0164459599182009
EMP,6,STRESS_CAPACITY_NEAR,interior,5231775.463973047,5231775.463973047,5231775.463973047,10001,0.0,0.0
GAUSSIAN,6,STRESS_CAPACITY_CLEAR,interior,5169680.989276084,5169680.989276084,5169680.990101902,10001,0.0,0.0008258176967501
EMP,6,STRESS_CAPACITY_CLEAR,interior,5231775.463973047,5231775.463973047,5231775.463973047,10001,0.0,0.0
GAUSSIAN,7,BASE_ACTUAL_NEAR,interior,5532057.696343622,5532057.696343622,5532057.698163059,10001,0.0,0.0018194364383816
EMP,7,BASE_ACTUAL_NEAR,interior,5527787.01633771,5527787.01633771,5527787.61618373,10001,0.0,0.5998460194095969
GAUSSIAN,7,BASE_CAPACITY_NEAR,interior,5532057.696343622,5532057.696343622,5532057.707461293,10001,0.0,0.0111176706850528
EMP,7,BASE_CAPACITY_NEAR,interior,5527787.01633771,5527787.01633771,5527791.894729222,10001,0.0,4.8783915117383
GAUSSIAN,7,STRESS_ACTUAL_CLEAR,lower,5405680.106681986,5405680.106681986,5405680.106681986,10001,0.0,0.0
EMP,7,STRESS_ACTUAL_CLEAR,lower,5496095.795043967,5496095.795043967,5496095.795043967,10001,0.0,0.0
GAUSSIAN,7,STRESS_ACTUAL_NEAR,lower,5020906.069820568,5020906.069820568,5020906.069820568,10001,0.0,0.0
EMP,7,STRESS_ACTUAL_NEAR,lower,5086954.8359869765,5086954.8359869765,5086954.8359869765,10001,0.0,0.0
GAUSSIAN,7,STRESS_CONTRACT_NEAR_LOW,lower,4999473.066365281,4999473.066365281,4999473.066365281,10001,0.0,0.0
EMP,7,STRESS_CONTRACT_NEAR_LOW,lower,5055678.801562831,5055678.801562831,5055678.801562831,10001,0.0,0.0
GAUSSIAN,7,STRESS_CONTRACT_CLEAR,interior,4924475.712839315,4924475.712839316,4924475.716728991,10001,0.0,0.0038896761834621
EMP,7,STRESS_CONTRACT_CLEAR,interior,4961177.694264555,4961177.694264555,4961177.694264555,10001,0.0,0.0
GAUSSIAN,7,STRESS_CONTRACT_NEAR_HIGH,interior,4924475.712839315,4924475.712839316,4924475.721242658,10001,0.0,0.0084033431485295
EMP,7,STRESS_CONTRACT_NEAR_HIGH,interior,4961177.694264555,4961177.694264555,4961177.694264555,10001,0.0,0.0
GAUSSIAN,7,STRESS_CAPACITY_NEAR,interior,4924475.712839315,4924475.712839316,4924475.730728728,10001,0.0,0.0178894130513072
EMP,7,STRESS_CAPACITY_NEAR,interior,4961177.694264555,4961177.694264555,4961177.694264555,10001,0.0,0.0
GAUSSIAN,7,STRESS_CAPACITY_CLEAR,interior,4924475.712839315,4924475.712839316,4924475.714064709,10001,0.0,0.0012253941968083
EMP,7,STRESS_CAPACITY_CLEAR,interior,4961177.694264555,4961177.694264555,4961177.694264555,10001,0.0,0.0
GAUSSIAN,8,BASE_ACTUAL_NEAR,interior,5673760.616873381,5673760.616873381,5673760.619874193,10001,0.0,0.0030008126050233
EMP,8,BASE_ACTUAL_NEAR,interior,5663264.444047043,5663264.444047043,5663275.291318659,10001,0.0,10.847271615639327
GAUSSIAN,8,BASE_CAPACITY_NEAR,interior,5673760.616873381,5673760.616873381,5673760.638425544,10001,0.0,0.0215521631762385
EMP,8,BASE_CAPACITY_NEAR,interior,5663264.444047043,5663264.444047043,5663274.846306343,10001,0.0,10.40225929953158
GAUSSIAN,8,STRESS_ACTUAL_CLEAR,lower,5418164.012760047,5418164.012760047,5418164.012760047,10001,0.0,0.0
EMP,8,STRESS_ACTUAL_CLEAR,lower,5478864.6814222,5478864.6814222,5478864.6814222,10001,0.0,0.0
GAUSSIAN,8,STRESS_ACTUAL_NEAR,lower,5082818.489197224,5082818.489197224,5082818.489197224,10001,0.0,0.0
EMP,8,STRESS_ACTUAL_NEAR,lower,5066993.009939054,5066993.009939054,5066993.009939054,10001,0.0,0.0
GAUSSIAN,8,STRESS_CONTRACT_NEAR_LOW,lower,5068538.44113091,5068538.44113091,5068538.44113091,10001,0.0,0.0
EMP,8,STRESS_CONTRACT_NEAR_LOW,lower,5054584.08702283,5054584.08702283,5054584.08702283,10001,0.0,0.0
GAUSSIAN,8,STRESS_CONTRACT_CLEAR,interior,5042148.744539667,5042148.744539667,5042148.747071377,10001,0.0,0.0025317100808024
EMP,8,STRESS_CONTRACT_CLEAR,interior,5037198.481742943,5037198.481742943,5037198.481742943,10001,0.0,0.0
GAUSSIAN,8,STRESS_CONTRACT_NEAR_HIGH,interior,5042148.744539667,5042148.744539667,5042148.749052466,10001,0.0,0.0045127989724278
EMP,8,STRESS_CONTRACT_NEAR_HIGH,interior,5037198.481742943,5037198.481742943,5037198.481742943,10001,0.0,0.0
GAUSSIAN,8,STRESS_CAPACITY_NEAR,interior,5042148.744539667,5042148.744539667,5042148.751557594,10001,0.0,0.0070179272443056
EMP,8,STRESS_CAPACITY_NEAR,interior,5037198.481742943,5037198.481742943,5037198.481742943,10001,0.0,0.0
GAUSSIAN,8,STRESS_CAPACITY_CLEAR,interior,5042148.744539667,5042148.744539667,5042148.750580877,10001,0.0,0.0060412101447582
EMP,8,STRESS_CAPACITY_CLEAR,interior,5037198.481742943,5037198.481742943,5037198.481742943,10001,0.0,0.0
GAUSSIAN,9,BASE_ACTUAL_NEAR,interior,6128463.881062268,6128463.881062269,6128463.91078506,10001,0.0,0.029722792096436
EMP,9,BASE_ACTUAL_NEAR,interior,6107425.069434175,6107425.069434175,6107427.147346107,10001,0.0,2.0779119320213795
GAUSSIAN,9,BASE_CAPACITY_NEAR,interior,6128463.881062268,6128463.881062268,6128463.900518482,10001,0.0,0.0194562133401632
EMP,9,BASE_CAPACITY_NEAR,interior,6107425.069434175,6107425.069434175,6107426.327611335,10001,0.0,1.2581771593540907
GAUSSIAN,9,STRESS_ACTUAL_CLEAR,lower,5568831.548741549,5568831.548741549,5568831.548741549,10001,0.0,0.0
EMP,9,STRESS_ACTUAL_CLEAR,lower,5626862.582263776,5626862.582263776,5626862.582263776,10001,0.0,0.0
GAUSSIAN,9,STRESS_ACTUAL_NEAR,interior,5443735.061372843,5443735.061372843,5443735.063712769,10001,0.0,0.0023399265483021
EMP,9,STRESS_ACTUAL_NEAR,interior,5431595.3194222655,5431595.3194222655,5431595.3194222655,10001,0.0,0.0
GAUSSIAN,9,STRESS_CONTRACT_NEAR_LOW,interior,5443735.061372843,5443735.061372843,5443735.08426946,10001,0.0,0.0228966176509857
EMP,9,STRESS_CONTRACT_NEAR_LOW,interior,5431595.3194222655,5431595.3194222655,5431595.3194222655,10001,0.0,0.0
GAUSSIAN,9,STRESS_CONTRACT_CLEAR,interior,5443735.061372843,5443735.061372843,5443735.064130459,10001,0.0,0.002757616341114
EMP,9,STRESS_CONTRACT_CLEAR,interior,5431595.3194222655,5431595.3194222655,5431595.3194222655,10001,0.0,0.0
GAUSSIAN,9,STRESS_CONTRACT_NEAR_HIGH,interior,5443735.061372843,5443735.061372843,5443735.061885264,10001,0.0,0.000512421131134
EMP,9,STRESS_CONTRACT_NEAR_HIGH,interior,5431595.3194222655,5431595.3194222655,5431595.3194222655,10001,0.0,0.0
GAUSSIAN,9,STRESS_CAPACITY_NEAR,interior,5443735.061372843,5443735.061372843,5443735.07070486,10001,0.0,0.0093320170417428
EMP,9,STRESS_CAPACITY_NEAR,interior,5431595.3194222655,5431595.3194222655,5431595.3194222655,10001,0.0,0.0
GAUSSIAN,9,STRESS_CAPACITY_CLEAR,interior,5443735.061372843,5443735.061372843,5443735.067822264,10001,0.0,0.0064494209364056
EMP,9,STRESS_CAPACITY_CLEAR,interior,5431595.3194222655,5431595.3194222655,5431595.3194222655,10001,0.0,0.0
GAUSSIAN,10,BASE_ACTUAL_NEAR,interior,5064188.942160901,5064188.942160903,5064188.942409782,10001,0.0,0.0002488810569047
EMP,10,BASE_ACTUAL_NEAR,interior,5041940.116905728,5041940.116905728,5041942.785082455,10001,0.0,2.668176726438105
GAUSSIAN,10,BASE_CAPACITY_NEAR,interior,5064188.942160901,5064188.942160901,5064188.9513607295,10001,0.0,0.0091998288407921
EMP,10,BASE_CAPACITY_NEAR,interior,5041940.116905728,5041940.116905728,5041940.370043811,10001,0.0,0.2531380830332637
GAUSSIAN,10,STRESS_ACTUAL_CLEAR,lower,5336786.015015672,5336786.015015672,5336786.015015672,10001,0.0,0.0
EMP,10,STRESS_ACTUAL_CLEAR,lower,5336473.373620048,5336473.373620048,5336473.373620048,10001,0.0,0.0
GAUSSIAN,10,STRESS_ACTUAL_NEAR,lower,4766306.824353078,4766306.824353078,4766306.824353078,10001,0.0,0.0
EMP,10,STRESS_ACTUAL_NEAR,lower,4775344.580484094,4775344.580484094,4775344.580484094,10001,0.0,0.0
GAUSSIAN,10,STRESS_CONTRACT_NEAR_LOW,lower,4721975.227603824,4721975.227603824,4721975.227603824,10001,0.0,0.0
EMP,10,STRESS_CONTRACT_NEAR_LOW,lower,4728430.528847874,4728430.528847874,4728430.528847874,10001,0.0,0.0
GAUSSIAN,10,STRESS_CONTRACT_CLEAR,interior,4472126.536390484,4472126.536390484,4472126.610929424,10001,0.0,0.0745389396324753
EMP,10,STRESS_CONTRACT_CLEAR,interior,4458108.392825135,4458108.392825135,4458108.392825135,10001,0.0,0.0
GAUSSIAN,10,STRESS_CONTRACT_NEAR_HIGH,interior,4472126.536390484,4472126.536390483,4472126.562417114,10001,9.313225746154783e-10,0.0260266298428177
EMP,10,STRESS_CONTRACT_NEAR_HIGH,interior,4458108.392825135,4458108.392825135,4458108.392825135,10001,0.0,0.0
GAUSSIAN,10,STRESS_CAPACITY_NEAR,interior,4472126.536390484,4472126.536390484,4472126.539031845,10001,0.0,0.0026413602754473
EMP,10,STRESS_CAPACITY_NEAR,interior,4458108.392825135,4458108.392825135,4458108.392825135,10001,0.0,0.0
GAUSSIAN,10,STRESS_CAPACITY_CLEAR,interior,4472126.536390484,4472126.536390484,4472126.591078287,10001,0.0,0.0546878026798367
EMP,10,STRESS_CAPACITY_CLEAR,interior,4458108.392825135,4458108.392825135,4458108.392825135,10001,0.0,0.0
GAUSSIAN,11,BASE_ACTUAL_NEAR,interior,5831347.048179528,5831347.048179528,5831347.048327265,10001,0.0,0.0001477375626564
EMP,11,BASE_ACTUAL_NEAR,interior,5839872.161602987,5839872.161602987,5839876.829251162,10001,0.0,4.667648174799979
GAUSSIAN,11,BASE_CAPACITY_NEAR,interior,5831347.048179528,5831347.048179528,5831347.07675026,10001,0.0,0.028570732101798
EMP,11,BASE_CAPACITY_NEAR,interior,5839872.161602987,5839872.161602987,5839877.512363473,10001,0.0,5.350760485976934
GAUSSIAN,11,STRESS_ACTUAL_CLEAR,lower,5439049.685137933,5439049.685137933,5439049.685137933,10001,0.0,0.0
EMP,11,STRESS_ACTUAL_CLEAR,lower,5494270.560019676,5494270.560019676,5494270.560019676,10001,0.0,0.0
GAUSSIAN,11,STRESS_ACTUAL_NEAR,lower,5178417.543428524,5178417.543428524,5178417.543428524,10001,0.0,0.0
EMP,11,STRESS_ACTUAL_NEAR,lower,5202064.024912963,5202064.024912963,5202064.024912963,10001,0.0,0.0
GAUSSIAN,11,STRESS_CONTRACT_NEAR_LOW,lower,5174361.668045821,5174361.668045821,5174361.668045821,10001,0.0,0.0
EMP,11,STRESS_CONTRACT_NEAR_LOW,lower,5196851.35250894,5196851.35250894,5196851.352508938,10001,1.862645149230957e-09,-1.862645149230957e-09
GAUSSIAN,11,STRESS_CONTRACT_CLEAR,interior,5173620.124481054,5173620.124481054,5173620.135694871,10001,0.0,0.0112138167023658
EMP,11,STRESS_CONTRACT_CLEAR,interior,5194383.450470342,5194383.450470342,5194383.450470341,10001,9.313225746154783e-10,-9.313225746154783e-10
GAUSSIAN,11,STRESS_CONTRACT_NEAR_HIGH,interior,5173620.124481054,5173620.124481053,5173620.12449816,10001,9.313225746154783e-10,1.7105601727962494e-05
EMP,11,STRESS_CONTRACT_NEAR_HIGH,interior,5194383.450470342,5194383.450470341,5194383.450470341,10001,9.313225746154783e-10,-9.313225746154783e-10
GAUSSIAN,11,STRESS_CAPACITY_NEAR,interior,5173620.124481054,5173620.124481054,5173620.137122194,10001,0.0,0.0126411402598023
EMP,11,STRESS_CAPACITY_NEAR,interior,5194383.450470342,5194383.450470341,5194383.450470341,10001,9.313225746154783e-10,-9.313225746154783e-10
GAUSSIAN,11,STRESS_CAPACITY_CLEAR,interior,5173620.124481054,5173620.124481054,5173620.135694871,10001,0.0,0.0112138167023658
EMP,11,STRESS_CAPACITY_CLEAR,interior,5194383.450470342,5194383.450470342,5194383.450470341,10001,9.313225746154783e-10,-9.313225746154783e-10
GAUSSIAN,12,BASE_ACTUAL_NEAR,interior,6157604.437336758,6157604.437336758,6157604.443570116,10001,0.0,0.0062333578243851
EMP,12,BASE_ACTUAL_NEAR,interior,6067908.584319402,6067908.584319402,6067918.773095828,10001,0.0,10.188776425085962
GAUSSIAN,12,BASE_CAPACITY_NEAR,interior,6157604.437336758,6157604.437336757,6157604.437416156,10001,9.313225746154783e-10,7.939804345369339e-05
EMP,12,BASE_CAPACITY_NEAR,interior,6067908.584319402,6067908.584319402,6067909.653546476,10001,0.0,1.069227073341608
GAUSSIAN,12,STRESS_ACTUAL_CLEAR,lower,5640733.537522707,5640733.537522707,5640733.537522707,10001,0.0,0.0
EMP,12,STRESS_ACTUAL_CLEAR,lower,5781569.338914279,5781569.338914279,5781569.338914279,10001,0.0,0.0
GAUSSIAN,12,STRESS_ACTUAL_NEAR,lower,5491080.711708067,5491080.711708067,5491080.711708067,10001,0.0,0.0
EMP,12,STRESS_ACTUAL_NEAR,lower,5474507.164440849,5474507.164440849,5474507.164440849,10001,0.0,0.0
GAUSSIAN,12,STRESS_CONTRACT_NEAR_LOW,interior,5491080.711589241,5491080.711589241,5491080.71217742,10001,0.0,0.0005881786346435
EMP,12,STRESS_CONTRACT_NEAR_LOW,lower,5453710.906647454,5453710.906647454,5453710.906647454,10001,0.0,0.0
GAUSSIAN,12,STRESS_CONTRACT_CLEAR,interior,5491080.711589241,5491080.711589241,5491080.734587666,10001,0.0,0.0229984242469072
EMP,12,STRESS_CONTRACT_CLEAR,interior,5432257.501034324,5432257.501034323,5432257.501034323,10001,9.313225746154783e-10,-9.313225746154783e-10
GAUSSIAN,12,STRESS_CONTRACT_NEAR_HIGH,interior,5491080.711589241,5491080.711589241,5491080.727251086,10001,0.0,0.0156618449836969
EMP,12,STRESS_CONTRACT_NEAR_HIGH,interior,5432257.501034324,5432257.501034323,5432257.501034323,10001,9.313225746154783e-10,-9.313225746154783e-10
GAUSSIAN,12,STRESS_CAPACITY_NEAR,interior,5491080.711589241,5491080.711589241,5491080.721402047,10001,0.0,0.00981280580163
EMP,12,STRESS_CAPACITY_NEAR,interior,5432257.501034324,5432257.501034323,5432257.501034323,10001,9.313225746154783e-10,-9.313225746154783e-10
GAUSSIAN,12,STRESS_CAPACITY_CLEAR,interior,5491080.711589241,5491080.711589241,5491080.722054139,10001,0.0,0.0104648973792791
EMP,12,STRESS_CAPACITY_CLEAR,interior,5432257.501034324,5432257.501034323,5432257.501034323,10001,9.313225746154783e-10,-9.313225746154783e-10
GAUSSIAN,13,BASE_ACTUAL_NEAR,interior,6195186.876459571,6195186.876459571,6195186.876938081,10001,0.0,0.0004785107448697
EMP,13,BASE_ACTUAL_NEAR,interior,6085542.573558882,6085542.573558882,6085543.90437082,10001,0.0,1.3308119382709265
GAUSSIAN,13,BASE_CAPACITY_NEAR,interior,6195186.876459571,6195186.876459571,6195186.8794948775,10001,0.0,0.0030353069305419
EMP,13,BASE_CAPACITY_NEAR,interior,6085542.573558882,6085542.573558882,6085548.450000849,10001,0.0,5.876441966742277
GAUSSIAN,13,STRESS_ACTUAL_CLEAR,lower,5655191.496812839,5655191.496812839,5655191.496812839,10001,0.0,0.0
EMP,13,STRESS_ACTUAL_CLEAR,lower,5864456.515019878,5864456.515019878,5864456.515019878,10001,0.0,0.0
GAUSSIAN,13,STRESS_ACTUAL_NEAR,interior,5522863.271761058,5522863.271761058,5522863.275838245,10001,0.0,0.00407718680799
EMP,13,STRESS_ACTUAL_NEAR,lower,5568643.990922793,5568643.990922793,5568643.990922793,10001,0.0,0.0
GAUSSIAN,13,STRESS_CONTRACT_NEAR_LOW,interior,5522863.271761058,5522863.271761058,5522863.315339392,10001,0.0,0.0435783341526985
EMP,13,STRESS_CONTRACT_NEAR_LOW,lower,5547793.301306697,5547793.301306697,5547793.301306697,10001,0.0,0.0
GAUSSIAN,13,STRESS_CONTRACT_CLEAR,interior,5522863.271761058,5522863.271761058,5522863.275959202,10001,0.0,0.0041981441900134
EMP,13,STRESS_CONTRACT_CLEAR,interior,5479100.974960523,5479100.974960523,5479100.974960523,10001,0.0,0.0
GAUSSIAN,13,STRESS_CONTRACT_NEAR_HIGH,interior,5522863.271761058,5522863.271761058,5522863.273432272,10001,0.0,0.0016712136566638
EMP,13,STRESS_CONTRACT_NEAR_HIGH,interior,5479100.974960523,5479100.974960523,5479100.974960523,10001,0.0,0.0
GAUSSIAN,13,STRESS_CAPACITY_NEAR,interior,5522863.271761058,5522863.271761058,5522863.292753825,10001,0.0,0.0209927670657634
EMP,13,STRESS_CAPACITY_NEAR,interior,5479100.974960523,5479100.974960523,5479100.974960523,10001,0.0,0.0
GAUSSIAN,13,STRESS_CAPACITY_CLEAR,interior,5522863.271761058,5522863.271761058,5522863.286470755,10001,0.0,0.0147096971049904
EMP,13,STRESS_CAPACITY_CLEAR,interior,5479100.974960523,5479100.974960523,5479100.974960523,10001,0.0,0.0
GAUSSIAN,14,BASE_ACTUAL_NEAR,interior,6330092.726264389,6330092.72626439,6330092.726825411,10001,0.0,0.0005610221996903
EMP,14,BASE_ACTUAL_NEAR,interior,6370643.547101556,6370643.547101556,6370647.84543574,10001,0.0,4.298334183171392
GAUSSIAN,14,BASE_CAPACITY_NEAR,interior,6330092.726264389,6330092.72626439,6330092.739129113,10001,0.0,0.0128647238016128
EMP,14,BASE_CAPACITY_NEAR,interior,6370643.547101556,6370643.547101556,6370645.0368258655,10001,0.0,1.4897243091836572
GAUSSIAN,14,STRESS_ACTUAL_CLEAR,lower,5707432.373804062,5707432.373804062,5707432.373804062,10001,0.0,0.0
EMP,14,STRESS_ACTUAL_CLEAR,lower,5820690.202228985,5820690.202228985,5820690.202228984,10001,9.313225746154783e-10,-9.313225746154783e-10
GAUSSIAN,14,STRESS_ACTUAL_NEAR,interior,5634321.466032186,5634321.466032185,5634321.513653404,10001,9.313225746154783e-10,0.0476212184876203
EMP,14,STRESS_ACTUAL_NEAR,interior,5696798.85868737,5696798.858687369,5696798.858687369,10001,9.313225746154783e-10,-9.313225746154783e-10
GAUSSIAN,14,STRESS_CONTRACT_NEAR_LOW,interior,5634321.466032186,5634321.466032186,5634321.482129037,10001,0.0,0.0160968517884612
EMP,14,STRESS_CONTRACT_NEAR_LOW,interior,5696798.85868737,5696798.858687369,5696798.858687369,10001,9.313225746154783e-10,-9.313225746154783e-10
GAUSSIAN,14,STRESS_CONTRACT_CLEAR,interior,5634321.466032186,5634321.466032185,5634321.468085708,10001,9.313225746154783e-10,0.0020535225048661
EMP,14,STRESS_CONTRACT_CLEAR,interior,5696798.85868737,5696798.858687369,5696798.858687369,10001,9.313225746154783e-10,-9.313225746154783e-10
GAUSSIAN,14,STRESS_CONTRACT_NEAR_HIGH,interior,5634321.466032186,5634321.466032185,5634321.466404198,10001,9.313225746154783e-10,0.0003720121458172
EMP,14,STRESS_CONTRACT_NEAR_HIGH,interior,5696798.85868737,5696798.858687369,5696798.858687369,10001,9.313225746154783e-10,-9.313225746154783e-10
GAUSSIAN,14,STRESS_CAPACITY_NEAR,interior,5634321.466032186,5634321.466032186,5634321.472900306,10001,0.0,0.0068681202828884
EMP,14,STRESS_CAPACITY_NEAR,interior,5696798.85868737,5696798.858687369,5696798.858687369,10001,9.313225746154783e-10,-9.313225746154783e-10
GAUSSIAN,14,STRESS_CAPACITY_CLEAR,interior,5634321.466032186,5634321.466032186,5634321.484282807,10001,0.0,0.0182506209239363
EMP,14,STRESS_CAPACITY_CLEAR,interior,5696798.85868737,5696798.858687369,5696798.858687369,10001,9.313225746154783e-10,-9.313225746154783e-10
GAUSSIAN,15,BASE_ACTUAL_NEAR,interior,6301041.097379404,6301041.097379404,6301041.100571483,10001,0.0,0.0031920792534947
EMP,15,BASE_ACTUAL_NEAR,interior,6260838.5456537,6260838.5456537,6260840.471764598,10001,0.0,1.9261108981445432
GAUSSIAN,15,BASE_CAPACITY_NEAR,interior,6301041.097379404,6301041.097379404,6301041.102207213,10001,0.0,0.0048278085887432
EMP,15,BASE_CAPACITY_NEAR,interior,6260838.5456537,6260838.5456537,6260841.1691593975,10001,0.0,2.6235056975856423
GAUSSIAN,15,STRESS_ACTUAL_CLEAR,lower,5713228.964014065,5713228.964014065,5713228.964014065,10001,0.0,0.0
EMP,15,STRESS_ACTUAL_CLEAR,lower,5813707.399922071,5813707.399922071,5813707.399922071,10001,0.0,0.0
GAUSSIAN,15,STRESS_ACTUAL_NEAR,interior,5617335.173862899,5617335.173862899,5617335.182322068,10001,0.0,0.0084591694176197
EMP,15,STRESS_ACTUAL_NEAR,lower,5644037.570490165,5644037.570490165,5644037.570490165,10001,0.0,0.0
GAUSSIAN,15,STRESS_CONTRACT_NEAR_LOW,interior,5617335.173862899,5617335.173862899,5617335.185850252,10001,0.0,0.0119873527437448
EMP,15,STRESS_CONTRACT_NEAR_LOW,lower,5638824.898086141,5638824.898086141,5638824.898086141,10001,0.0,0.0
GAUSSIAN,15,STRESS_CONTRACT_CLEAR,interior,5617335.173862899,5617335.173862899,5617335.196443838,10001,0.0,0.0225809393450617
EMP,15,STRESS_CONTRACT_CLEAR,interior,5623718.012111549,5623718.012111549,5623718.012111549,10001,0.0,0.0
GAUSSIAN,15,STRESS_CONTRACT_NEAR_HIGH,interior,5617335.173862899,5617335.1738629,5617335.192276944,10001,0.0,0.018414044752717
EMP,15,STRESS_CONTRACT_NEAR_HIGH,interior,5623718.012111549,5623718.012111549,5623718.012111549,10001,0.0,0.0
GAUSSIAN,15,STRESS_CAPACITY_NEAR,interior,5617335.173862899,5617335.173862899,5617335.1885903375,10001,0.0,0.0147274388000369
EMP,15,STRESS_CAPACITY_NEAR,interior,5623718.012111549,5623718.012111549,5623718.012111549,10001,0.0,0.0
GAUSSIAN,15,STRESS_CAPACITY_CLEAR,interior,5617335.173862899,5617335.1738629,5617335.176019549,10001,0.0,0.002156650647521
EMP,15,STRESS_CAPACITY_CLEAR,interior,5623718.012111549,5623718.012111549,5623718.012111549,10001,0.0,0.0
GAUSSIAN,16,BASE_ACTUAL_NEAR,interior,5791830.260950215,5791830.260950215,5791830.260999285,10001,0.0,4.906952381134033e-05
EMP,16,BASE_ACTUAL_NEAR,interior,5625462.592410778,5625462.592410778,5625468.592177207,10001,0.0,5.999766428954899
GAUSSIAN,16,BASE_CAPACITY_NEAR,interior,5791830.260950215,5791830.260950215,5791830.260994943,10001,0.0,4.472769796848297e-05
EMP,16,BASE_CAPACITY_NEAR,interior,5625462.592410778,5625462.592410778,5625462.717411331,10001,0.0,0.1250005532056093
GAUSSIAN,16,STRESS_ACTUAL_CLEAR,lower,5482777.411500558,5482777.411500558,5482777.411500558,10001,0.0,0.0
EMP,16,STRESS_ACTUAL_CLEAR,lower,5631370.672691726,5631370.672691726,5631370.672691726,10001,0.0,0.0
GAUSSIAN,16,STRESS_ACTUAL_NEAR,lower,5194186.062044606,5194186.062044606,5194186.062044606,10001,0.0,0.0
EMP,16,STRESS_ACTUAL_NEAR,lower,5175588.046571705,5175588.046571705,5175588.046571705,10001,0.0,0.0
GAUSSIAN,16,STRESS_CONTRACT_NEAR_LOW,lower,5182417.290274588,5182417.290274588,5182417.290274588,10001,0.0,0.0
EMP,16,STRESS_CONTRACT_NEAR_LOW,lower,5149524.684551583,5149524.684551583,5149524.684551583,10001,0.0,0.0
GAUSSIAN,16,STRESS_CONTRACT_CLEAR,interior,5161290.763132171,5161290.763132171,5161290.791362939,10001,0.0,0.0282307686284184
EMP,16,STRESS_CONTRACT_CLEAR,interior,5049611.860094814,5049611.860094814,5049611.860094814,10001,0.0,0.0
GAUSSIAN,16,STRESS_CONTRACT_NEAR_HIGH,interior,5161290.763132171,5161290.763132171,5161290.787924459,10001,0.0,0.0247922884300351
EMP,16,STRESS_CONTRACT_NEAR_HIGH,interior,5049611.860094814,5049611.860094814,5049611.860094814,10001,0.0,0.0
GAUSSIAN,16,STRESS_CAPACITY_NEAR,interior,5161290.763132171,5161290.763132171,5161290.784758099,10001,0.0,0.0216259285807609
EMP,16,STRESS_CAPACITY_NEAR,interior,5049611.860094814,5049611.860094814,5049611.860094814,10001,0.0,0.0
GAUSSIAN,16,STRESS_CAPACITY_CLEAR,interior,5161290.763132171,5161290.763132171,5161290.763777273,10001,0.0,0.0006451020017266
EMP,16,STRESS_CAPACITY_CLEAR,interior,5049611.860094814,5049611.860094814,5049611.860094814,10001,0.0,0.0
GAUSSIAN,17,BASE_ACTUAL_NEAR,interior,6290760.7239709925,6290760.7239709925,6290760.724545734,10001,0.0,0.000574741512537
EMP,17,BASE_ACTUAL_NEAR,interior,6136827.136914592,6136827.136914592,6136836.450882022,10001,0.0,9.31396743003279
GAUSSIAN,17,BASE_CAPACITY_NEAR,interior,6290760.7239709925,6290760.723970993,6290760.7285046745,10001,0.0,0.0045336820185184
EMP,17,BASE_CAPACITY_NEAR,interior,6136827.136914592,6136827.136914592,6136832.625453081,10001,0.0,5.488538488745689
GAUSSIAN,17,STRESS_ACTUAL_CLEAR,lower,5755619.527377836,5755619.527377836,5755619.527377836,10001,0.0,0.0
EMP,17,STRESS_ACTUAL_CLEAR,lower,5889881.60235223,5889881.60235223,5889881.60235223,10001,0.0,0.0
GAUSSIAN,17,STRESS_ACTUAL_NEAR,lower,5626604.939175049,5626604.939175049,5626604.939175049,10001,0.0,0.0
EMP,17,STRESS_ACTUAL_NEAR,lower,5586061.348313662,5586061.348313662,5586061.348313662,10001,0.0,0.0
GAUSSIAN,17,STRESS_CONTRACT_NEAR_LOW,interior,5626603.016547266,5626603.016547266,5626603.018671495,10001,0.0,0.0021242285147309
EMP,17,STRESS_CONTRACT_NEAR_LOW,lower,5570423.33110159,5570423.33110159,5570423.33110159,10001,0.0,0.0
GAUSSIAN,17,STRESS_CONTRACT_CLEAR,interior,5626603.016547266,5626603.016547266,5626603.021640334,10001,0.0,0.0050930678844451
EMP,17,STRESS_CONTRACT_CLEAR,interior,5524502.802424387,5524502.802424387,5524502.802424387,10001,0.0,0.0
GAUSSIAN,17,STRESS_CONTRACT_NEAR_HIGH,interior,5626603.016547266,5626603.016547267,5626603.023456904,10001,0.0,0.0069096377119421
EMP,17,STRESS_CONTRACT_NEAR_HIGH,interior,5524502.802424387,5524502.802424387,5524502.802424387,10001,0.0,0.0
GAUSSIAN,17,STRESS_CAPACITY_NEAR,interior,5626603.016547266,5626603.016547267,5626603.025514897,10001,0.0,0.0089676305651664
EMP,17,STRESS_CAPACITY_NEAR,interior,5524502.802424387,5524502.802424387,5524502.802424387,10001,0.0,0.0
GAUSSIAN,17,STRESS_CAPACITY_CLEAR,interior,5626603.016547266,5626603.016547266,5626603.019394296,10001,0.0,0.0028470298275351
EMP,17,STRESS_CAPACITY_CLEAR,interior,5524502.802424387,5524502.802424387,5524502.802424387,10001,0.0,0.0
GAUSSIAN,18,BASE_ACTUAL_NEAR,interior,5586994.561215514,5586994.561215513,5586994.563422617,10001,9.313225746154783e-10,0.002207102254033
EMP,18,BASE_ACTUAL_NEAR,interior,5503769.191623054,5503769.191623054,5503772.078565581,10001,0.0,2.8869425263255835
GAUSSIAN,18,BASE_CAPACITY_NEAR,interior,5586994.561215514,5586994.561215514,5586994.5612740405,10001,0.0,5.85261732339859e-05
EMP,18,BASE_CAPACITY_NEAR,interior,5503769.191623054,5503769.191623054,5503774.025435668,10001,0.0,4.833812613040209
GAUSSIAN,18,STRESS_ACTUAL_CLEAR,lower,5401564.62273416,5401564.62273416,5401564.62273416,10001,0.0,0.0
EMP,18,STRESS_ACTUAL_CLEAR,lower,5521175.336518206,5521175.336518206,5521175.336518206,10001,0.0,0.0
GAUSSIAN,18,STRESS_ACTUAL_NEAR,lower,5031625.263381407,5031625.263381407,5031625.263381407,10001,0.0,0.0
EMP,18,STRESS_ACTUAL_NEAR,lower,5118358.958656758,5118358.958656758,5118358.958656758,10001,0.0,0.0
GAUSSIAN,18,STRESS_CONTRACT_NEAR_LOW,lower,5013234.547224142,5013234.547224142,5013234.547224142,10001,0.0,0.0
EMP,18,STRESS_CONTRACT_NEAR_LOW,lower,5092295.596636636,5092295.596636636,5092295.596636636,10001,0.0,0.0
GAUSSIAN,18,STRESS_CONTRACT_CLEAR,interior,4965760.049796144,4965760.049796144,4965760.073995007,10001,0.0,0.0241988636553287
EMP,18,STRESS_CONTRACT_CLEAR,interior,4916676.236163275,4916676.236163275,4916676.236163275,10001,0.0,0.0
GAUSSIAN,18,STRESS_CONTRACT_NEAR_HIGH,interior,4965760.049796144,4965760.049796144,4965760.056449261,10001,0.0,0.0066531170159578
EMP,18,STRESS_CONTRACT_NEAR_HIGH,interior,4916676.236163275,4916676.236163275,4916676.236163275,10001,0.0,0.0
GAUSSIAN,18,STRESS_CAPACITY_NEAR,interior,4965760.049796144,4965760.049796144,4965760.049872519,10001,0.0,7.637590169906616e-05
EMP,18,STRESS_CAPACITY_NEAR,interior,4916676.236163275,4916676.236163275,4916676.236163275,10001,0.0,0.0
GAUSSIAN,18,STRESS_CAPACITY_CLEAR,interior,4965760.049796144,4965760.049796145,4965760.066654301,10001,0.0,0.0168581577017903
EMP,18,STRESS_CAPACITY_CLEAR,interior,4916676.236163275,4916676.236163275,4916676.236163275,10001,0.0,0.0
GAUSSIAN,19,BASE_ACTUAL_NEAR,interior,6193465.916546243,6193465.916546243,6193465.918309494,10001,0.0,0.0017632506787776
EMP,19,BASE_ACTUAL_NEAR,interior,5972814.453579898,5972814.453579898,5972825.087902572,10001,0.0,10.634322674013674
GAUSSIAN,19,BASE_CAPACITY_NEAR,interior,6193465.916546243,6193465.916546243,6193465.91722045,10001,0.0,0.0006742067635059
EMP,19,BASE_CAPACITY_NEAR,interior,5972814.453579898,5972814.453579898,5972823.653366719,10001,0.0,9.199786821380258
GAUSSIAN,19,STRESS_ACTUAL_CLEAR,lower,5666468.9587073065,5666468.9587073065,5666468.9587073065,10001,0.0,0.0
EMP,19,STRESS_ACTUAL_CLEAR,lower,5817481.5568494415,5817481.5568494415,5817481.5568494415,10001,0.0,0.0
GAUSSIAN,19,STRESS_ACTUAL_NEAR,interior,5525874.146523613,5525874.1465236135,5525874.149002626,10001,0.0,0.0024790130555629
EMP,19,STRESS_ACTUAL_NEAR,lower,5442787.692267727,5442787.692267727,5442787.692267727,10001,0.0,0.0
GAUSSIAN,19,STRESS_CONTRACT_NEAR_LOW,interior,5525874.146523613,5525874.1465236135,5525874.171174365,10001,0.0,0.024650752544403
EMP,19,STRESS_CONTRACT_NEAR_LOW,lower,5427149.675055655,5427149.675055655,5427149.675055655,10001,0.0,0.0
GAUSSIAN,19,STRESS_CONTRACT_CLEAR,interior,5525874.146523613,5525874.1465236135,5525874.150414733,10001,0.0,0.0038911206647753
EMP,19,STRESS_CONTRACT_CLEAR,interior,5360878.362408878,5360878.362408878,5360878.362408878,10001,0.0,0.0
GAUSSIAN,19,STRESS_CONTRACT_NEAR_HIGH,interior,5525874.146523613,5525874.1465236135,5525874.1660432285,10001,0.0,0.0195196159183979
EMP,19,STRESS_CONTRACT_NEAR_HIGH,interior,5360878.362408878,5360878.362408878,5360878.362408878,10001,0.0,0.0
GAUSSIAN,19,STRESS_CAPACITY_NEAR,interior,5525874.146523613,5525874.1465236135,5525874.160619276,10001,0.0,0.0140956630930304
EMP,19,STRESS_CAPACITY_NEAR,interior,5360878.362408878,5360878.362408878,5360878.362408878,10001,0.0,0.0
GAUSSIAN,19,STRESS_CAPACITY_CLEAR,interior,5525874.146523613,5525874.1465236135,5525874.158095677,10001,0.0,0.0115720648318529
EMP,19,STRESS_CAPACITY_CLEAR,interior,5360878.362408878,5360878.362408878,5360878.362408878,10001,0.0,0.0
GAUSSIAN,20,BASE_ACTUAL_NEAR,interior,5656860.592474479,5656860.592474479,5656860.592797643,10001,0.0,0.0003231633454561
EMP,20,BASE_ACTUAL_NEAR,interior,5635584.916302059,5635584.916302059,5635593.896193732,10001,0.0,8.979891672730446
GAUSSIAN,20,BASE_CAPACITY_NEAR,interior,5656860.592474479,5656860.592474479,5656860.593502209,10001,0.0,0.0010277293622493
EMP,20,BASE_CAPACITY_NEAR,interior,5635584.916302059,5635584.916302059,5635587.611560471,10001,0.0,2.6952584125101566
GAUSSIAN,20,STRESS_ACTUAL_CLEAR,lower,5394691.73787713,5394691.73787713,5394691.73787713,10001,0.0,0.0
EMP,20,STRESS_ACTUAL_CLEAR,lower,5444068.418578874,5444068.418578874,5444068.418578874,10001,0.0,0.0
GAUSSIAN,20,STRESS_ACTUAL_NEAR,lower,5048861.43744594,5048861.43744594,5048861.43744594,10001,0.0,0.0
EMP,20,STRESS_ACTUAL_NEAR,lower,5069217.090605589,5069217.090605589,5069217.090605589,10001,0.0,0.0
GAUSSIAN,20,STRESS_CONTRACT_NEAR_LOW,lower,5035684.219633668,5035684.219633668,5035684.219633668,10001,0.0,0.0
EMP,20,STRESS_CONTRACT_NEAR_LOW,lower,5044984.568723156,5044984.568723156,5044984.568723156,10001,0.0,0.0
GAUSSIAN,20,STRESS_CONTRACT_CLEAR,interior,5017399.822677769,5017399.822677767,5017399.859272803,10001,1.862645149230957e-09,0.0365950344130396
EMP,20,STRESS_CONTRACT_CLEAR,interior,5001989.379284004,5001989.379284003,5001989.379284003,10001,9.313225746154783e-10,-9.313225746154783e-10
GAUSSIAN,20,STRESS_CONTRACT_NEAR_HIGH,interior,5017399.822677769,5017399.822677769,5017399.826458581,10001,0.0,0.0037808120250701
EMP,20,STRESS_CONTRACT_NEAR_HIGH,interior,5001989.379284004,5001989.379284003,5001989.379284003,10001,9.313225746154783e-10,-9.313225746154783e-10
GAUSSIAN,20,STRESS_CAPACITY_NEAR,interior,5017399.822677769,5017399.822677767,5017399.82707019,10001,1.862645149230957e-09,0.0043924208730459
EMP,20,STRESS_CAPACITY_NEAR,interior,5001989.379284004,5001989.379284003,5001989.379284003,10001,9.313225746154783e-10,-9.313225746154783e-10
GAUSSIAN,20,STRESS_CAPACITY_CLEAR,interior,5017399.822677769,5017399.822677767,5017399.824067472,10001,1.862645149230957e-09,0.0013897027820348
EMP,20,STRESS_CAPACITY_CLEAR,interior,5001989.379284004,5001989.379284003,5001989.379284003,10001,9.313225746154783e-10,-9.313225746154783e-10
GAUSSIAN,21,BASE_ACTUAL_NEAR,interior,6208464.126547658,6208464.126547658,6208464.127193723,10001,0.0,0.0006460649892687
EMP,21,BASE_ACTUAL_NEAR,interior,6271556.899069528,6271556.899069528,6271563.254121315,10001,0.0,6.355051786638796
GAUSSIAN,21,BASE_CAPACITY_NEAR,interior,6208464.126547658,6208464.126547658,6208464.136002212,10001,0.0,0.0094545539468526
EMP,21,BASE_CAPACITY_NEAR,interior,6271556.899069528,6271556.899069528,6271563.301666974,10001,0.0,6.402597445994616
GAUSSIAN,21,STRESS_ACTUAL_CLEAR,lower,5627294.901755813,5627294.901755813,5627294.901755813,10001,0.0,0.0
EMP,21,STRESS_ACTUAL_CLEAR,lower,5712405.524467384,5712405.524467384,5712405.524467384,10001,0.0,0.0
GAUSSIAN,21,STRESS_ACTUAL_NEAR,interior,5521626.844702322,5521626.844702322,5521626.844830198,10001,0.0,0.0001278761774301
EMP,21,STRESS_ACTUAL_NEAR,interior,5595456.123700887,5595456.123700887,5595456.123700887,10001,0.0,0.0
GAUSSIAN,21,STRESS_CONTRACT_NEAR_LOW,interior,5521626.844702322,5521626.844702322,5521626.850702825,10001,0.0,0.0060005029663443
EMP,21,STRESS_CONTRACT_NEAR_LOW,interior,5595456.123700887,5595456.123700887,5595456.123700887,10001,0.0,0.0
GAUSSIAN,21,STRESS_CONTRACT_CLEAR,interior,5521626.844702322,5521626.844702322,5521626.870524211,10001,0.0,0.0258218888193368
EMP,21,STRESS_CONTRACT_CLEAR,interior,5595456.123700887,5595456.123700887,5595456.123700887,10001,0.0,0.0
GAUSSIAN,21,STRESS_CONTRACT_NEAR_HIGH,interior,5521626.844702322,5521626.844702324,5521626.85714558,10001,0.0,0.0124432584270834
EMP,21,STRESS_CONTRACT_NEAR_HIGH,interior,5595456.123700887,5595456.123700887,5595456.123700887,10001,0.0,0.0
GAUSSIAN,21,STRESS_CAPACITY_NEAR,interior,5521626.844702322,5521626.844702324,5521626.848694091,10001,0.0,0.003991768695414
EMP,21,STRESS_CAPACITY_NEAR,interior,5595456.123700887,5595456.123700887,5595456.123700887,10001,0.0,0.0
GAUSSIAN,21,STRESS_CAPACITY_CLEAR,interior,5521626.844702322,5521626.844702322,5521626.870524211,10001,0.0,0.0258218888193368
EMP,21,STRESS_CAPACITY_CLEAR,interior,5595456.123700887,5595456.123700887,5595456.123700887,10001,0.0,0.0
GAUSSIAN,22,BASE_ACTUAL_NEAR,interior,5486351.123743687,5486351.123743687,5486351.148155257,10001,0.0,0.0244115702807903
EMP,22,BASE_ACTUAL_NEAR,interior,5386843.509041047,5386843.509041047,5386852.546531228,10001,0.0,9.03749018162489
GAUSSIAN,22,BASE_CAPACITY_NEAR,interior,5486351.123743687,5486351.123743687,5486351.140418686,10001,0.0,0.0166749991476535
EMP,22,BASE_CAPACITY_NEAR,interior,5386843.509041047,5386843.509041047,5386853.639510927,10001,0.0,10.130469880066812
GAUSSIAN,22,STRESS_ACTUAL_CLEAR,lower,5364759.11870093,5364759.11870093,5364759.11870093,10001,0.0,0.0
EMP,22,STRESS_ACTUAL_CLEAR,lower,5443273.691151305,5443273.691151305,5443273.691151305,10001,0.0,0.0
GAUSSIAN,22,STRESS_ACTUAL_NEAR,lower,4942813.274634841,4942813.274634841,4942813.274634841,10001,0.0,0.0
EMP,22,STRESS_ACTUAL_NEAR,lower,4985751.621036357,4985751.621036357,4985751.621036357,10001,0.0,0.0
GAUSSIAN,22,STRESS_CONTRACT_NEAR_LOW,lower,4920808.650695531,4920808.650695531,4920808.650695531,10001,0.0,0.0
EMP,22,STRESS_CONTRACT_NEAR_LOW,lower,4949262.914208186,4949262.914208186,4949262.914208186,10001,0.0,0.0
GAUSSIAN,22,STRESS_CONTRACT_CLEAR,interior,4863503.48701427,4863503.487014271,4863503.530923749,10001,0.0,0.043909478932619
EMP,22,STRESS_CONTRACT_CLEAR,interior,4775310.207784796,4775310.207784796,4775310.207784796,10001,0.0,0.0
GAUSSIAN,22,STRESS_CONTRACT_NEAR_HIGH,interior,4863503.48701427,4863503.487014271,4863503.51084434,10001,0.0,0.0238300692290067
EMP,22,STRESS_CONTRACT_NEAR_HIGH,interior,4775310.207784796,4775310.207784796,4775310.207784796,10001,0.0,0.0
GAUSSIAN,22,STRESS_CAPACITY_NEAR,interior,4863503.48701427,4863503.487014271,4863503.492974613,10001,0.0,0.0059603424742817
EMP,22,STRESS_CAPACITY_NEAR,interior,4775310.207784796,4775310.207784796,4775310.207784796,10001,0.0,0.0
GAUSSIAN,22,STRESS_CAPACITY_CLEAR,interior,4863503.48701427,4863503.48701427,4863503.48829456,10001,0.0,0.0012802900746464
EMP,22,STRESS_CAPACITY_CLEAR,interior,4775310.207784796,4775310.207784796,4775310.207784796,10001,0.0,0.0
GAUSSIAN,23,BASE_ACTUAL_NEAR,interior,6353992.483676689,6353992.483676689,6353992.483850423,10001,0.0,0.0001737345010042
EMP,23,BASE_ACTUAL_NEAR,interior,6041870.451993486,6041870.451993486,6041876.531238137,10001,0.0,6.079244650900364
GAUSSIAN,23,BASE_CAPACITY_NEAR,interior,6353992.483676689,6353992.483676689,6353992.484769335,10001,0.0,0.0010926462709903
EMP,23,BASE_CAPACITY_NEAR,interior,6041870.451993486,6041870.451993486,6041881.063611276,10001,0.0,10.61161778960377
GAUSSIAN,23,STRESS_ACTUAL_CLEAR,lower,5811910.031233231,5811910.031233231,5811910.031233231,10001,0.0,0.0
EMP,23,STRESS_ACTUAL_CLEAR,lower,5977107.117120763,5977107.117120763,5977107.117120763,10001,0.0,0.0
GAUSSIAN,23,STRESS_ACTUAL_NEAR,lower,5690889.719652167,5690889.719652167,5690889.719652167,10001,0.0,0.0
EMP,23,STRESS_ACTUAL_NEAR,lower,5641836.277174927,5641836.277174927,5641836.277174927,10001,0.0,0.0
GAUSSIAN,23,STRESS_CONTRACT_NEAR_LOW,interior,5690886.811400666,5690886.811400667,5690886.811490955,10001,0.0,9.02889296412468e-05
EMP,23,STRESS_CONTRACT_NEAR_LOW,lower,5620985.58755883,5620985.58755883,5620985.58755883,10001,0.0,0.0
GAUSSIAN,23,STRESS_CONTRACT_CLEAR,interior,5690886.811400666,5690886.811400667,5690886.811470882,10001,0.0,7.021613419055939e-05
EMP,23,STRESS_CONTRACT_CLEAR,interior,5457199.343469145,5457199.343469145,5457199.343469145,10001,0.0,0.0
GAUSSIAN,23,STRESS_CONTRACT_NEAR_HIGH,interior,5690886.811400666,5690886.811400667,5690886.811699868,10001,0.0,0.0002992022782564
EMP,23,STRESS_CONTRACT_NEAR_HIGH,interior,5457199.343469145,5457199.343469145,5457199.343469145,10001,0.0,0.0
GAUSSIAN,23,STRESS_CAPACITY_NEAR,interior,5690886.811400666,5690886.811400667,5690886.812080571,10001,0.0,0.00067990552634
EMP,23,STRESS_CAPACITY_NEAR,interior,5457199.343469145,5457199.343469145,5457199.343469145,10001,0.0,0.0
GAUSSIAN,23,STRESS_CAPACITY_CLEAR,interior,5690886.811400666,5690886.811400667,5690886.827983067,10001,0.0,0.0165824014693498
EMP,23,STRESS_CAPACITY_CLEAR,interior,5457199.343469145,5457199.343469145,5457199.343469145,10001,0.0,0.0
GAUSSIAN,24,BASE_ACTUAL_NEAR,interior,5365559.64061824,5365559.64061824,5365559.640631825,10001,0.0,1.3585202395915983e-05
EMP,24,BASE_ACTUAL_NEAR,interior,5291859.128757106,5291859.128757106,5291867.490953125,10001,0.0,8.362196018919349
GAUSSIAN,24,BASE_CAPACITY_NEAR,interior,5365559.64061824,5365559.64061824,5365559.665190087,10001,0.0,0.0245718471705913
EMP,24,BASE_CAPACITY_NEAR,interior,5291859.128757106,5291859.128757106,5291861.56679206,10001,0.0,2.4380349535495043
GAUSSIAN,24,STRESS_ACTUAL_CLEAR,lower,5362361.742155326,5362361.742155326,5362361.742155326,10001,0.0,0.0
EMP,24,STRESS_ACTUAL_CLEAR,lower,5445943.127612403,5445943.127612403,5445943.127612403,10001,0.0,0.0
GAUSSIAN,24,STRESS_ACTUAL_NEAR,lower,4908120.383734217,4908120.383734217,4908120.383734217,10001,0.0,0.0
EMP,24,STRESS_ACTUAL_NEAR,lower,4985484.941898486,4985484.941898486,4985484.941898486,10001,0.0,0.0
GAUSSIAN,24,STRESS_CONTRACT_NEAR_LOW,lower,4880074.196298919,4880074.196298919,4880074.196298919,10001,0.0,0.0
EMP,24,STRESS_CONTRACT_NEAR_LOW,lower,4959421.579878364,4959421.579878364,4959421.579878364,10001,0.0,0.0
GAUSSIAN,24,STRESS_CONTRACT_CLEAR,interior,4764137.172708998,4764137.172708998,4764137.174272466,10001,0.0,0.001563468016684
EMP,24,STRESS_CONTRACT_CLEAR,interior,4735915.936600348,4735915.936600348,4735915.936600348,10001,0.0,0.0
GAUSSIAN,24,STRESS_CONTRACT_NEAR_HIGH,interior,4764137.172708998,4764137.172708998,4764137.19391456,10001,0.0,0.021205561235547
EMP,24,STRESS_CONTRACT_NEAR_HIGH,interior,4735915.936600348,4735915.936600348,4735915.936600348,10001,0.0,0.0
GAUSSIAN,24,STRESS_CAPACITY_NEAR,interior,4764137.172708998,4764137.172708998,4764137.180300178,10001,0.0,0.0075911795720458
EMP,24,STRESS_CAPACITY_NEAR,interior,4735915.936600348,4735915.936600348,4735915.936600348,10001,0.0,0.0
GAUSSIAN,24,STRESS_CAPACITY_CLEAR,interior,4764137.172708998,4764137.172708998,4764137.203358009,10001,0.0,0.0306490110233426
EMP,24,STRESS_CAPACITY_CLEAR,interior,4735915.936600348,4735915.936600348,4735915.936600348,10001,0.0,0.0
GAUSSIAN,25,BASE_ACTUAL_NEAR,interior,6168528.320921288,6168528.320921288,6168528.33258438,10001,0.0,0.0116630923002958
EMP,25,BASE_ACTUAL_NEAR,interior,5837013.792234278,5837013.792234278,5837015.169652424,10001,0.0,1.3774181455373764
GAUSSIAN,25,BASE_CAPACITY_NEAR,interior,6168528.320921288,6168528.320921288,6168528.321659688,10001,0.0,0.0007384000346064
EMP,25,BASE_CAPACITY_NEAR,interior,5837013.792234278,5837013.792234278,5837016.243043455,10001,0.0,2.4508091770112514
GAUSSIAN,25,STRESS_ACTUAL_CLEAR,lower,5721782.096126642,5721782.096126642,5721782.096126642,10001,0.0,0.0
EMP,25,STRESS_ACTUAL_CLEAR,lower,5824349.300053826,5824349.300053826,5824349.300053826,10001,0.0,0.0
GAUSSIAN,25,STRESS_ACTUAL_NEAR,lower,5538771.751056204,5538771.751056204,5538771.751056204,10001,0.0,0.0
EMP,25,STRESS_ACTUAL_NEAR,lower,5416230.842615506,5416230.842615506,5416230.842615506,10001,0.0,0.0
GAUSSIAN,25,STRESS_CONTRACT_NEAR_LOW,lower,5533594.233818166,5533594.233818166,5533594.233818166,10001,0.0,0.0
EMP,25,STRESS_CONTRACT_NEAR_LOW,lower,5389271.775296535,5389271.775296535,5389271.775296535,10001,0.0,0.0
GAUSSIAN,25,STRESS_CONTRACT_CLEAR,interior,5528911.136815558,5528911.136815558,5528911.158220825,10001,0.0,0.021405266597867
EMP,25,STRESS_CONTRACT_CLEAR,interior,5240090.335769822,5240090.335769821,5240090.335769821,10001,9.313225746154783e-10,-9.313225746154783e-10
GAUSSIAN,25,STRESS_CONTRACT_NEAR_HIGH,interior,5528911.136815558,5528911.136815557,5528911.136829854,10001,9.313225746154783e-10,1.4295801520347595e-05
EMP,25,STRESS_CONTRACT_NEAR_HIGH,interior,5240090.335769822,5240090.335769821,5240090.335769821,10001,9.313225746154783e-10,-9.313225746154783e-10
GAUSSIAN,25,STRESS_CAPACITY_NEAR,interior,5528911.136815558,5528911.136815558,5528911.155448009,10001,0.0,0.0186324510723352
EMP,25,STRESS_CAPACITY_NEAR,interior,5240090.335769822,5240090.335769821,5240090.335769821,10001,9.313225746154783e-10,-9.313225746154783e-10
GAUSSIAN,25,STRESS_CAPACITY_CLEAR,interior,5528911.136815558,5528911.136815557,5528911.155141456,10001,9.313225746154783e-10,0.0183258978649973
EMP,25,STRESS_CAPACITY_CLEAR,interior,5240090.335769822,5240090.335769821,5240090.335769821,10001,9.313225746154783e-10,-9.313225746154783e-10
GAUSSIAN,26,BASE_ACTUAL_NEAR,interior,6328738.935892007,6328738.935892008,6328738.95261192,10001,0.0,0.0167199131101369
EMP,26,BASE_ACTUAL_NEAR,interior,6122108.725770811,6122108.725770811,6122110.555620122,10001,0.0,1.8298493111506104
GAUSSIAN,26,BASE_CAPACITY_NEAR,interior,6328738.935892007,6328738.935892007,6328738.936714349,10001,0.0,0.0008223420009016
EMP,26,BASE_CAPACITY_NEAR,interior,6122108.725770811,6122108.725770811,6122119.026212779,10001,0.0,10.300441968254743
GAUSSIAN,26,STRESS_ACTUAL_CLEAR,lower,5731772.813428221,5731772.813428221,5731772.813428221,10001,0.0,0.0
EMP,26,STRESS_ACTUAL_CLEAR,lower,5863468.282332726,5863468.282332726,5863468.282332726,10001,0.0,0.0
GAUSSIAN,26,STRESS_ACTUAL_NEAR,interior,5642984.342295141,5642984.34229514,5642984.390287986,10001,9.313225746154783e-10,0.0479928450658917
EMP,26,STRESS_ACTUAL_NEAR,lower,5554077.568377773,5554077.568377773,5554077.568377773,10001,0.0,0.0
GAUSSIAN,26,STRESS_CONTRACT_NEAR_LOW,interior,5642984.342295141,5642984.342295141,5642984.367387734,10001,0.0,0.0250925933942198
EMP,26,STRESS_CONTRACT_NEAR_LOW,lower,5538439.5511657,5538439.5511657,5538439.5511657,10001,0.0,0.0
GAUSSIAN,26,STRESS_CONTRACT_CLEAR,interior,5642984.342295141,5642984.342295141,5642984.370242124,10001,0.0,0.0279469825327396
EMP,26,STRESS_CONTRACT_CLEAR,interior,5492743.435168374,5492743.435168373,5492743.435168373,10001,9.313225746154783e-10,-9.313225746154783e-10
GAUSSIAN,26,STRESS_CONTRACT_NEAR_HIGH,interior,5642984.342295141,5642984.34229514,5642984.351806004,10001,9.313225746154783e-10,0.0095108626410365
EMP,26,STRESS_CONTRACT_NEAR_HIGH,interior,5492743.435168374,5492743.435168373,5492743.435168373,10001,9.313225746154783e-10,-9.313225746154783e-10
GAUSSIAN,26,STRESS_CAPACITY_NEAR,interior,5642984.342295141,5642984.34229514,5642984.343134412,10001,9.313225746154783e-10,0.0008392706513404
EMP,26,STRESS_CAPACITY_NEAR,interior,5492743.435168374,5492743.435168373,5492743.435168373,10001,9.313225746154783e-10,-9.313225746154783e-10
GAUSSIAN,26,STRESS_CAPACITY_CLEAR,interior,5642984.342295141,5642984.342295141,5642984.362672957,10001,0.0,0.0203778157010674
EMP,26,STRESS_CAPACITY_CLEAR,interior,5492743.435168374,5492743.435168373,5492743.435168373,10001,9.313225746154783e-10,-9.313225746154783e-10
GAUSSIAN,27,BASE_ACTUAL_NEAR,interior,5709704.341438171,5709704.341438172,5709704.3469484905,10001,0.0,0.0055103190243244
EMP,27,BASE_ACTUAL_NEAR,interior,5773273.4995903885,5773273.4995903885,5773274.200798893,10001,0.0,0.7012085048481822
GAUSSIAN,27,BASE_CAPACITY_NEAR,interior,5709704.341438171,5709704.341438172,5709704.34962919,10001,0.0,0.0081910183653235
EMP,27,BASE_CAPACITY_NEAR,interior,5773273.4995903885,5773273.4995903885,5773273.657625413,10001,0.0,0.1580350240692496
GAUSSIAN,27,STRESS_ACTUAL_CLEAR,lower,5404457.49329964,5404457.49329964,5404457.49329964,10001,0.0,0.0
EMP,27,STRESS_ACTUAL_CLEAR,lower,5430447.809290024,5430447.809290024,5430447.809290024,10001,0.0,0.0
GAUSSIAN,27,STRESS_ACTUAL_NEAR,lower,5083623.709822014,5083623.709822014,5083623.709822014,10001,0.0,0.0
EMP,27,STRESS_ACTUAL_NEAR,lower,5127473.118661813,5127473.118661813,5127473.118661813,10001,0.0,0.0
GAUSSIAN,27,STRESS_CONTRACT_NEAR_LOW,lower,5073473.820995789,5073473.820995789,5073473.820995789,10001,0.0,0.0
EMP,27,STRESS_CONTRACT_NEAR_LOW,lower,5124102.263698066,5124102.263698066,5124102.263698066,10001,0.0,0.0
GAUSSIAN,27,STRESS_CONTRACT_CLEAR,interior,5063817.802782392,5063817.802782392,5063817.845733179,10001,0.0,0.0429507866501808
EMP,27,STRESS_CONTRACT_CLEAR,interior,5124102.263698066,5124102.263698066,5124102.263698066,10001,0.0,0.0
GAUSSIAN,27,STRESS_CONTRACT_NEAR_HIGH,interior,5063817.802782392,5063817.802782392,5063817.804071457,10001,0.0,0.0012890649959445
EMP,27,STRESS_CONTRACT_NEAR_HIGH,interior,5124102.263698066,5124102.263698066,5124102.263698066,10001,0.0,0.0
GAUSSIAN,27,STRESS_CAPACITY_NEAR,interior,5063817.802782392,5063817.802782394,5063817.820403344,10001,0.0,0.0176209518685936
EMP,27,STRESS_CAPACITY_NEAR,interior,5124102.263698066,5124102.263698066,5124102.263698066,10001,0.0,0.0
GAUSSIAN,27,STRESS_CAPACITY_CLEAR,interior,5063817.802782392,5063817.802782392,5063817.83404424,10001,0.0,0.0312618473544716
EMP,27,STRESS_CAPACITY_CLEAR,interior,5124102.263698066,5124102.263698066,5124102.263698066,10001,0.0,0.0
GAUSSIAN,28,BASE_ACTUAL_NEAR,interior,5695364.242824402,5695364.242824401,5695364.257054604,10001,9.313225746154783e-10,0.0142302019521594
EMP,28,BASE_ACTUAL_NEAR,interior,5648808.1205683015,5648808.1205683015,5648816.230904015,10001,0.0,8.110335713252425
GAUSSIAN,28,BASE_CAPACITY_NEAR,interior,5695364.242824402,5695364.242824401,5695364.255295767,10001,9.313225746154783e-10,0.0124713648110628
EMP,28,BASE_CAPACITY_NEAR,interior,5648808.1205683015,5648808.1205683015,5648818.553485872,10001,0.0,10.43291757069528
GAUSSIAN,28,STRESS_ACTUAL_CLEAR,lower,5418013.835214434,5418013.835214434,5418013.835214434,10001,0.0,0.0
EMP,28,STRESS_ACTUAL_CLEAR,lower,5499081.803756926,5499081.803756926,5499081.803756926,10001,0.0,0.0
GAUSSIAN,28,STRESS_ACTUAL_NEAR,lower,5091395.52838855,5091395.52838855,5091395.52838855,10001,0.0,0.0
EMP,28,STRESS_ACTUAL_NEAR,lower,5172940.65694751,5172940.65694751,5172940.65694751,10001,0.0,0.0
GAUSSIAN,28,STRESS_CONTRACT_NEAR_LOW,lower,5078606.624363769,5078606.624363769,5078606.624363769,10001,0.0,0.0
EMP,28,STRESS_CONTRACT_NEAR_LOW,lower,5157302.639735438,5157302.639735438,5157302.639735438,10001,0.0,0.0
GAUSSIAN,28,STRESS_CONTRACT_CLEAR,interior,5058972.919715235,5058972.919715236,5058972.921958871,10001,0.0,0.0022436361759901
EMP,28,STRESS_CONTRACT_CLEAR,interior,5046261.68512779,5046261.68512779,5046261.68512779,10001,0.0,0.0
GAUSSIAN,28,STRESS_CONTRACT_NEAR_HIGH,interior,5058972.919715235,5058972.919715235,5058972.949168973,10001,0.0,0.0294537376612424
EMP,28,STRESS_CONTRACT_NEAR_HIGH,interior,5046261.68512779,5046261.68512779,5046261.68512779,10001,0.0,0.0
GAUSSIAN,28,STRESS_CAPACITY_NEAR,interior,5058972.919715235,5058972.919715235,5058972.919820767,10001,0.0,0.0001055318862199
EMP,28,STRESS_CAPACITY_NEAR,interior,5046261.68512779,5046261.68512779,5046261.68512779,10001,0.0,0.0
GAUSSIAN,28,STRESS_CAPACITY_CLEAR,interior,5058972.919715235,5058972.919715235,5058972.92032727,10001,0.0,0.0006120353937149
EMP,28,STRESS_CAPACITY_CLEAR,interior,5046261.68512779,5046261.68512779,5046261.68512779,10001,0.0,0.0
GAUSSIAN,29,BASE_ACTUAL_NEAR,interior,5590416.644254622,5590416.644254622,5590416.646302472,10001,0.0,0.0020478498190641
EMP,29,BASE_ACTUAL_NEAR,interior,5534149.018039286,5534149.018039286,5534151.79572885,10001,0.0,2.7776895640417933
GAUSSIAN,29,BASE_CAPACITY_NEAR,interior,5590416.644254622,5590416.644254622,5590416.644322503,10001,0.0,6.788130849599838e-05
EMP,29,BASE_CAPACITY_NEAR,interior,5534149.018039286,5534149.018039286,5534155.587002178,10001,0.0,6.568962891586125
GAUSSIAN,29,STRESS_ACTUAL_CLEAR,lower,5398020.009948897,5398020.009948897,5398020.009948897,10001,0.0,0.0
EMP,29,STRESS_ACTUAL_CLEAR,lower,5516913.037073664,5516913.037073664,5516913.037073664,10001,0.0,0.0
GAUSSIAN,29,STRESS_ACTUAL_NEAR,lower,5028024.58348141,5028024.58348141,5028024.58348141,10001,0.0,0.0
EMP,29,STRESS_ACTUAL_NEAR,lower,5079744.966145146,5079744.966145146,5079744.966145146,10001,0.0,0.0
GAUSSIAN,29,STRESS_CONTRACT_NEAR_LOW,lower,5010062.547884363,5010062.547884363,5010062.547884363,10001,0.0,0.0
EMP,29,STRESS_CONTRACT_NEAR_LOW,lower,5048468.931720999,5048468.931720999,5048468.931720999,10001,0.0,0.0
GAUSSIAN,29,STRESS_CONTRACT_CLEAR,interior,4966618.379479599,4966618.379479599,4966618.3918143455,10001,0.0,0.0123347463086247
EMP,29,STRESS_CONTRACT_CLEAR,interior,4932846.592436895,4932846.592436895,4932846.592436895,10001,0.0,0.0
GAUSSIAN,29,STRESS_CONTRACT_NEAR_HIGH,interior,4966618.379479599,4966618.379479599,4966618.398782173,10001,0.0,0.0193025739863514
EMP,29,STRESS_CONTRACT_NEAR_HIGH,interior,4932846.592436895,4932846.592436895,4932846.592436895,10001,0.0,0.0
GAUSSIAN,29,STRESS_CAPACITY_NEAR,interior,4966618.379479599,4966618.379479599,4966618.407157471,10001,0.0,0.027677871286869
EMP,29,STRESS_CAPACITY_NEAR,interior,4932846.592436895,4932846.592436895,4932846.592436895,10001,0.0,0.0
GAUSSIAN,29,STRESS_CAPACITY_CLEAR,interior,4966618.379479599,4966618.379479599,4966618.395238331,10001,0.0,0.0157587314024567
EMP,29,STRESS_CAPACITY_CLEAR,interior,4932846.592436895,4932846.592436895,4932846.592436895,10001,0.0,0.0
GAUSSIAN,30,BASE_ACTUAL_NEAR,interior,5675250.56390704,5675250.563907039,5675250.596295869,10001,9.313225746154783e-10,0.0323888286948204
EMP,30,BASE_ACTUAL_NEAR,interior,5654472.508396512,5654472.508396512,5654475.3558726935,10001,0.0,2.847476181574166
GAUSSIAN,30,BASE_CAPACITY_NEAR,interior,5675250.56390704,5675250.563907039,5675250.582456224,10001,9.313225746154783e-10,0.018549183383584
EMP,30,BASE_CAPACITY_NEAR,interior,5654472.508396512,5654472.508396512,5654473.921336841,10001,0.0,1.4129403289407492
GAUSSIAN,30,STRESS_ACTUAL_CLEAR,lower,5410109.693845406,5410109.693845406,5410109.693845406,10001,0.0,0.0
EMP,30,STRESS_ACTUAL_CLEAR,lower,5511336.807145505,5511336.807145505,5511336.807145505,10001,0.0,0.0
GAUSSIAN,30,STRESS_ACTUAL_NEAR,lower,5074395.446117636,5074395.446117636,5074395.446117636,10001,0.0,0.0
EMP,30,STRESS_ACTUAL_NEAR,lower,5168295.141699174,5168295.141699174,5168295.141699174,10001,0.0,0.0
GAUSSIAN,30,STRESS_CONTRACT_NEAR_LOW,lower,5060944.520916555,5060944.520916555,5060944.520916555,10001,0.0,0.0
EMP,30,STRESS_CONTRACT_NEAR_LOW,lower,5147444.452083077,5147444.452083077,5147444.452083077,10001,0.0,0.0
GAUSSIAN,30,STRESS_CONTRACT_CLEAR,interior,5039500.385427299,5039500.385427299,5039500.412429657,10001,0.0,0.0270023578777909
EMP,30,STRESS_CONTRACT_CLEAR,interior,5043451.524228,5043451.524228,5043451.524228,10001,0.0,0.0
GAUSSIAN,30,STRESS_CONTRACT_NEAR_HIGH,interior,5039500.385427299,5039500.385427299,5039500.385687388,10001,0.0,0.0002600885927677
EMP,30,STRESS_CONTRACT_NEAR_HIGH,interior,5043451.524228,5043451.524228,5043451.524228,10001,0.0,0.0
GAUSSIAN,30,STRESS_CAPACITY_NEAR,interior,5039500.385427299,5039500.385427299,5039500.402259283,10001,0.0,0.0168319838121533
EMP,30,STRESS_CAPACITY_NEAR,interior,5043451.524228,5043451.524228,5043451.524228,10001,0.0,0.0
GAUSSIAN,30,STRESS_CAPACITY_CLEAR,interior,5039500.385427299,5039500.385427298,5039500.385546462,10001,9.313225746154783e-10,0.000119162723422
EMP,30,STRESS_CAPACITY_CLEAR,interior,5043451.524228,5043451.524228,5043451.524228,10001,0.0,0.0
GAUSSIAN,31,BASE_ACTUAL_NEAR,interior,6015475.097823752,6015475.097823754,6015475.098279825,10001,0.0,0.000456073321402
EMP,31,BASE_ACTUAL_NEAR,interior,5909648.3037329605,5909648.3037329605,5909652.798006753,10001,0.0,4.494273792952299
GAUSSIAN,31,BASE_CAPACITY_NEAR,interior,6015475.097823752,6015475.097823752,6015475.098948129,10001,0.0,0.00112437736243
EMP,31,BASE_CAPACITY_NEAR,interior,5909648.3037329605,5909648.3037329605,5909653.822675221,10001,0.0,5.518942260183394
GAUSSIAN,31,STRESS_ACTUAL_CLEAR,lower,5586425.540133598,5586425.540133598,5586425.540133598,10001,0.0,0.0
EMP,31,STRESS_ACTUAL_CLEAR,lower,5738777.0043239305,5738777.0043239305,5738777.0043239305,10001,0.0,0.0
GAUSSIAN,31,STRESS_ACTUAL_NEAR,lower,5376761.112765673,5376761.112765673,5376761.112765673,10001,0.0,0.0
EMP,31,STRESS_ACTUAL_NEAR,lower,5424382.643045354,5424382.643045354,5424382.643045354,10001,0.0,0.0
GAUSSIAN,31,STRESS_CONTRACT_NEAR_LOW,lower,5371706.990211627,5371706.990211627,5371706.990211627,10001,0.0,0.0
EMP,31,STRESS_CONTRACT_NEAR_LOW,lower,5403531.953429256,5403531.953429256,5403531.953429256,10001,0.0,0.0
GAUSSIAN,31,STRESS_CONTRACT_CLEAR,interior,5368581.952360794,5368581.952360796,5368581.953067325,10001,0.0,0.0007065311074256
EMP,31,STRESS_CONTRACT_CLEAR,interior,5320807.077260789,5320807.0772607885,5320807.0772607885,10001,9.313225746154783e-10,-9.313225746154783e-10
GAUSSIAN,31,STRESS_CONTRACT_NEAR_HIGH,interior,5368581.952360794,5368581.952360794,5368581.952448588,10001,0.0,8.779391646385193e-05
EMP,31,STRESS_CONTRACT_NEAR_HIGH,interior,5320807.077260789,5320807.0772607885,5320807.0772607885,10001,9.313225746154783e-10,-9.313225746154783e-10
GAUSSIAN,31,STRESS_CAPACITY_NEAR,interior,5368581.952360794,5368581.952360796,5368581.952418099,10001,0.0,5.730520933866501e-05
EMP,31,STRESS_CAPACITY_NEAR,interior,5320807.077260789,5320807.0772607885,5320807.0772607885,10001,9.313225746154783e-10,-9.313225746154783e-10
GAUSSIAN,31,STRESS_CAPACITY_CLEAR,interior,5368581.952360794,5368581.952360796,5368581.962351506,10001,0.0,0.0099907116964459
EMP,31,STRESS_CAPACITY_CLEAR,interior,5320807.077260789,5320807.0772607885,5320807.0772607885,10001,9.313225746154783e-10,-9.313225746154783e-10
GAUSSIAN,32,BASE_ACTUAL_NEAR,interior,5266187.709106107,5266187.709106107,5266187.749989948,10001,0.0,0.0408838409930467
EMP,32,BASE_ACTUAL_NEAR,interior,5267894.922419716,5267894.922419716,5267899.5877517285,10001,0.0,4.665332012809813
GAUSSIAN,32,BASE_CAPACITY_NEAR,interior,5266187.709106107,5266187.709106107,5266187.741349649,10001,0.0,0.0322435414418578
EMP,32,BASE_CAPACITY_NEAR,interior,5267894.922419716,5267894.922419716,5267898.812039235,10001,0.0,3.889619519002736
GAUSSIAN,32,STRESS_ACTUAL_CLEAR,lower,5344374.928713307,5344374.928713307,5344374.928713307,10001,0.0,0.0
EMP,32,STRESS_ACTUAL_CLEAR,lower,5337838.117269346,5337838.117269346,5337838.117269346,10001,0.0,0.0
GAUSSIAN,32,STRESS_ACTUAL_NEAR,lower,4839999.225072673,4839999.225072673,4839999.225072673,10001,0.0,0.0
EMP,32,STRESS_ACTUAL_NEAR,lower,4864226.337433102,4864226.337433102,4864226.337433102,10001,0.0,0.0
GAUSSIAN,32,STRESS_CONTRACT_NEAR_LOW,lower,4806790.946255384,4806790.946255384,4806790.946255384,10001,0.0,0.0
EMP,32,STRESS_CONTRACT_NEAR_LOW,lower,4843375.647817004,4843375.647817004,4843375.647817004,10001,0.0,0.0
GAUSSIAN,32,STRESS_CONTRACT_CLEAR,interior,4664129.376393349,4664129.376393349,4664129.420558143,10001,0.0,0.0441647944971919
EMP,32,STRESS_CONTRACT_CLEAR,interior,4683154.490658691,4683154.49065869,4683154.49065869,10001,9.313225746154783e-10,-9.313225746154783e-10
GAUSSIAN,32,STRESS_CONTRACT_NEAR_HIGH,interior,4664129.376393349,4664129.376393349,4664129.376525264,10001,0.0,0.0001319153234362
EMP,32,STRESS_CONTRACT_NEAR_HIGH,interior,4683154.490658691,4683154.49065869,4683154.49065869,10001,9.313225746154783e-10,-9.313225746154783e-10
GAUSSIAN,32,STRESS_CAPACITY_NEAR,interior,4664129.376393349,4664129.376393349,4664129.42912849,10001,0.0,0.0527351414784789
EMP,32,STRESS_CAPACITY_NEAR,interior,4683154.490658691,4683154.49065869,4683154.49065869,10001,9.313225746154783e-10,-9.313225746154783e-10
GAUSSIAN,32,STRESS_CAPACITY_CLEAR,interior,4664129.376393349,4664129.376393349,4664129.396925819,10001,0.0,0.0205324701964855
EMP,32,STRESS_CAPACITY_CLEAR,interior,4683154.490658691,4683154.49065869,4683154.49065869,10001,9.313225746154783e-10,-9.313225746154783e-10
GAUSSIAN,33,BASE_ACTUAL_NEAR,interior,5065023.890095815,5065023.890095815,5065023.890196301,10001,0.0,0.0001004859805107
EMP,33,BASE_ACTUAL_NEAR,interior,5093737.978724876,5093737.978724876,5093745.391234861,10001,0.0,7.412509984336793
GAUSSIAN,33,BASE_CAPACITY_NEAR,interior,5065023.890095815,5065023.890095815,5065023.9100794215,10001,0.0,0.0199836064130067
EMP,33,BASE_CAPACITY_NEAR,interior,5093737.978724876,5093737.978724876,5093745.992920779,10001,0.0,8.014195902273059
GAUSSIAN,33,STRESS_ACTUAL_CLEAR,lower,5337760.542121418,5337760.542121418,5337760.542121418,10001,0.0,0.0
EMP,33,STRESS_ACTUAL_CLEAR,lower,5336473.373620048,5336473.373620048,5336473.373620048,10001,0.0,0.0
GAUSSIAN,33,STRESS_ACTUAL_NEAR,lower,4779909.361498917,4779909.361498917,4779909.361498917,10001,0.0,0.0
EMP,33,STRESS_ACTUAL_NEAR,lower,4789815.592851717,4789815.592851717,4789815.592851717,10001,0.0,0.0
GAUSSIAN,33,STRESS_CONTRACT_NEAR_LOW,lower,4737506.399003452,4737506.399003452,4737506.399003452,10001,0.0,0.0
EMP,33,STRESS_CONTRACT_NEAR_LOW,lower,4751561.397025573,4751561.397025573,4751561.397025573,10001,0.0,0.0
GAUSSIAN,33,STRESS_CONTRACT_CLEAR,interior,4480820.217926662,4480820.217926663,4480820.223599146,10001,0.0,0.0056724837049841
EMP,33,STRESS_CONTRACT_CLEAR,interior,4513577.339242716,4513577.339242716,4513577.339242716,10001,0.0,0.0
GAUSSIAN,33,STRESS_CONTRACT_NEAR_HIGH,interior,4480820.217926662,4480820.217926663,4480820.238193076,10001,0.0,0.0202664136886596
EMP,33,STRESS_CONTRACT_NEAR_HIGH,interior,4513577.339242716,4513577.339242716,4513577.339242716,10001,0.0,0.0
GAUSSIAN,33,STRESS_CAPACITY_NEAR,interior,4480820.217926662,4480820.217926662,4480820.236752199,10001,0.0,0.0188255365937948
EMP,33,STRESS_CAPACITY_NEAR,interior,4513577.339242716,4513577.339242716,4513577.339242716,10001,0.0,0.0
GAUSSIAN,33,STRESS_CAPACITY_CLEAR,interior,4480820.217926662,4480820.217926662,4480820.248742037,10001,0.0,0.0308153750374913
EMP,33,STRESS_CAPACITY_CLEAR,interior,4513577.339242716,4513577.339242716,4513577.339242716,10001,0.0,0.0
GAUSSIAN,34,BASE_ACTUAL_NEAR,interior,6475456.988998616,6475456.988998616,6475456.990946902,10001,0.0,0.0019482858479022
EMP,34,BASE_ACTUAL_NEAR,interior,6090769.299542253,6090769.299542253,6090776.999876885,10001,0.0,7.700334631837904
GAUSSIAN,34,BASE_CAPACITY_NEAR,interior,6475456.988998616,6475456.988998616,6475456.991071716,10001,0.0,0.0020730998367071
EMP,34,BASE_CAPACITY_NEAR,interior,6090769.299542253,6090769.299542253,6090774.95053995,10001,0.0,5.650997697375715
GAUSSIAN,34,STRESS_ACTUAL_CLEAR,lower,5900389.766272912,5900389.766272912,5900389.766272912,10001,0.0,0.0
EMP,34,STRESS_ACTUAL_CLEAR,lower,6151424.907207498,6151424.907207498,6151424.907207498,10001,0.0,0.0
GAUSSIAN,34,STRESS_ACTUAL_NEAR,interior,5805507.37475824,5805507.37475824,5805507.378688161,10001,0.0,0.003929921425879
EMP,34,STRESS_ACTUAL_NEAR,lower,5795660.015632828,5795660.015632828,5795660.015632828,10001,0.0,0.0
GAUSSIAN,34,STRESS_CONTRACT_NEAR_LOW,interior,5805507.37475824,5805507.37475824,5805507.374885637,10001,0.0,0.0001273974776268
EMP,34,STRESS_CONTRACT_NEAR_LOW,lower,5764383.981208682,5764383.981208682,5764383.981208682,10001,0.0,0.0
GAUSSIAN,34,STRESS_CONTRACT_CLEAR,interior,5805507.37475824,5805507.37475824,5805507.378166164,10001,0.0,0.0034079244360327
EMP,34,STRESS_CONTRACT_CLEAR,interior,5513456.495593403,5513456.495593403,5513456.495593403,10001,0.0,0.0
GAUSSIAN,34,STRESS_CONTRACT_NEAR_HIGH,interior,5805507.37475824,5805507.37475824,5805507.383696036,10001,0.0,0.0089377965778112
EMP,34,STRESS_CONTRACT_NEAR_HIGH,interior,5513456.495593403,5513456.495593403,5513456.495593403,10001,0.0,0.0
GAUSSIAN,34,STRESS_CAPACITY_NEAR,interior,5805507.37475824,5805507.37475824,5805507.391692785,10001,0.0,0.0169345447793602
EMP,34,STRESS_CAPACITY_NEAR,interior,5513456.495593403,5513456.495593403,5513456.495593403,10001,0.0,0.0
GAUSSIAN,34,STRESS_CAPACITY_CLEAR,interior,5805507.37475824,5805507.374758239,5805507.375011867,10001,9.313225746154783e-10,0.000253627076745
EMP,34,STRESS_CAPACITY_CLEAR,interior,5513456.495593403,5513456.495593403,5513456.495593403,10001,0.0,0.0
GAUSSIAN,35,BASE_ACTUAL_NEAR,interior,6862875.7360501,6862875.7360501,6862875.750817359,10001,0.0,0.0147672593593597
EMP,35,BASE_ACTUAL_NEAR,interior,6188248.499901207,6188248.499901207,6188256.625303606,10001,0.0,8.12540239840746
GAUSSIAN,35,BASE_CAPACITY_NEAR,interior,6862875.7360501,6862875.7360501,6862875.739373269,10001,0.0,0.0033231684938073
EMP,35,BASE_CAPACITY_NEAR,interior,6188248.499901207,6188248.499901207,6188253.209742051,10001,0.0,4.709840843454003
GAUSSIAN,35,STRESS_ACTUAL_CLEAR,lower,6199002.810766128,6199002.810766128,6199002.810766128,10001,0.0,0.0
EMP,35,STRESS_ACTUAL_CLEAR,lower,6067539.713540329,6067539.713540329,6067539.713540329,10001,0.0,0.0
GAUSSIAN,35,STRESS_ACTUAL_NEAR,interior,6166248.47237295,6166248.47237295,6166248.496715064,10001,0.0,0.0243421141058206
EMP,35,STRESS_ACTUAL_NEAR,lower,5721306.513665611,5721306.513665611,5721306.513665611,10001,0.0,0.0
GAUSSIAN,35,STRESS_CONTRACT_NEAR_LOW,interior,6166248.47237295,6166248.47237295,6166248.490958856,10001,0.0,0.0185859063640236
EMP,35,STRESS_CONTRACT_NEAR_LOW,lower,5695243.151645488,5695243.151645488,5695243.151645488,10001,0.0,0.0
GAUSSIAN,35,STRESS_CONTRACT_CLEAR,interior,6166248.47237295,6166248.47237295,6166248.477165699,10001,0.0,0.0047927489504218
EMP,35,STRESS_CONTRACT_CLEAR,interior,5573299.802659118,5573299.802659118,5573299.802659118,10001,0.0,0.0
GAUSSIAN,35,STRESS_CONTRACT_NEAR_HIGH,interior,6166248.47237295,6166248.47237295,6166248.479041696,10001,0.0,0.0066687455400824
EMP,35,STRESS_CONTRACT_NEAR_HIGH,interior,5573299.802659118,5573299.802659118,5573299.802659118,10001,0.0,0.0
GAUSSIAN,35,STRESS_CAPACITY_NEAR,interior,6166248.47237295,6166248.47237295,6166248.481190033,10001,0.0,0.0088170832023024
EMP,35,STRESS_CAPACITY_NEAR,interior,5573299.802659118,5573299.802659118,5573299.802659118,10001,0.0,0.0
GAUSSIAN,35,STRESS_CAPACITY_CLEAR,interior,6166248.47237295,6166248.47237295,6166248.472468096,10001,0.0,9.514577686786652e-05
EMP,35,STRESS_CAPACITY_CLEAR,interior,5573299.802659118,5573299.802659118,5573299.802659118,10001,0.0,0.0
GAUSSIAN,36,BASE_ACTUAL_NEAR,interior,5755380.31433029,5755380.31433029,5755380.318874976,10001,0.0,0.0045446855947375
EMP,36,BASE_ACTUAL_NEAR,interior,5699292.551013149,5699292.551013149,5699303.113490214,10001,0.0,10.562477064318957
GAUSSIAN,36,BASE_CAPACITY_NEAR,interior,5755380.31433029,5755380.31433029,5755380.322068657,10001,0.0,0.0077383667230606
EMP,36,BASE_CAPACITY_NEAR,interior,5699292.551013149,5699292.551013149,5699300.409049736,10001,0.0,7.858036587014794
GAUSSIAN,36,STRESS_ACTUAL_CLEAR,lower,5437498.288427929,5437498.288427929,5437498.288427929,10001,0.0,0.0
EMP,36,STRESS_ACTUAL_CLEAR,lower,5544201.379369503,5544201.379369503,5544201.379369503,10001,0.0,0.0
GAUSSIAN,36,STRESS_ACTUAL_NEAR,lower,5137127.219684431,5137127.219684431,5137127.219684431,10001,0.0,0.0
EMP,36,STRESS_ACTUAL_NEAR,lower,5167863.036442194,5167863.036442194,5167863.036442194,10001,0.0,0.0
GAUSSIAN,36,STRESS_CONTRACT_NEAR_LOW,lower,5126773.429324379,5126773.429324379,5126773.429324379,10001,0.0,0.0
EMP,36,STRESS_CONTRACT_NEAR_LOW,lower,5147012.346826097,5147012.346826097,5147012.346826096,10001,9.313225746154783e-10,-9.313225746154783e-10
GAUSSIAN,36,STRESS_CONTRACT_CLEAR,interior,5114364.83755318,5114364.83755318,5114364.870857424,10001,0.0,0.0333042442798614
EMP,36,STRESS_CONTRACT_CLEAR,interior,5076023.134385906,5076023.134385906,5076023.134385906,10001,0.0,0.0
GAUSSIAN,36,STRESS_CONTRACT_NEAR_HIGH,interior,5114364.83755318,5114364.83755318,5114364.871241189,10001,0.0,0.0336880087852478
EMP,36,STRESS_CONTRACT_NEAR_HIGH,interior,5076023.134385906,5076023.134385906,5076023.134385906,10001,0.0,0.0
GAUSSIAN,36,STRESS_CAPACITY_NEAR,interior,5114364.83755318,5114364.83755318,5114364.871621056,10001,0.0,0.0340678766369819
EMP,36,STRESS_CAPACITY_NEAR,interior,5076023.134385906,5076023.134385906,5076023.134385906,10001,0.0,0.0
GAUSSIAN,36,STRESS_CAPACITY_CLEAR,interior,5114364.83755318,5114364.83755318,5114364.862266319,10001,0.0,0.0247131390497088
EMP,36,STRESS_CAPACITY_CLEAR,interior,5076023.134385906,5076023.134385906,5076023.134385906,10001,0.0,0.0
GAUSSIAN,37,BASE_ACTUAL_NEAR,interior,6016291.160998602,6016291.160998602,6016291.167609611,10001,0.0,0.0066110081970691
EMP,37,BASE_ACTUAL_NEAR,interior,5979516.659925407,5979516.659925407,5979525.720581485,10001,0.0,9.06065607815981
GAUSSIAN,37,BASE_CAPACITY_NEAR,interior,6016291.160998602,6016291.160998602,6016291.162990683,10001,0.0,0.001992080360651
EMP,37,BASE_CAPACITY_NEAR,interior,5979516.659925407,5979516.659925407,5979523.124754703,10001,0.0,6.464829295873642
GAUSSIAN,37,STRESS_ACTUAL_CLEAR,lower,5593770.1403616825,5593770.1403616825,5593770.1403616825,10001,0.0,0.0
EMP,37,STRESS_ACTUAL_CLEAR,lower,5724776.830570707,5724776.830570707,5724776.830570707,10001,0.0,0.0
GAUSSIAN,37,STRESS_ACTUAL_NEAR,lower,5381826.489387001,5381826.489387001,5381826.489387001,10001,0.0,0.0
EMP,37,STRESS_ACTUAL_NEAR,lower,5504200.461275261,5504200.461275261,5504200.461275261,10001,0.0,0.0
GAUSSIAN,37,STRESS_CONTRACT_NEAR_LOW,lower,5376203.062273742,5376203.062273742,5376203.062273742,10001,0.0,0.0
EMP,37,STRESS_CONTRACT_NEAR_LOW,lower,5493775.116467212,5493775.116467212,5493775.116467212,10001,0.0,0.0
GAUSSIAN,37,STRESS_CONTRACT_CLEAR,interior,5371915.38657662,5371915.38657662,5371915.410986362,10001,0.0,0.0244097420945763
EMP,37,STRESS_CONTRACT_CLEAR,interior,5410516.154192195,5410516.154192195,5410516.154192195,10001,0.0,0.0
GAUSSIAN,37,STRESS_CONTRACT_NEAR_HIGH,interior,5371915.38657662,5371915.38657662,5371915.39326222,10001,0.0,0.0066855996847152
EMP,37,STRESS_CONTRACT_NEAR_HIGH,interior,5410516.154192195,5410516.154192195,5410516.154192195,10001,0.0,0.0
GAUSSIAN,37,STRESS_CAPACITY_NEAR,interior,5371915.38657662,5371915.38657662,5371915.386861158,10001,0.0,0.0002845376729965
EMP,37,STRESS_CAPACITY_NEAR,interior,5410516.154192195,5410516.154192195,5410516.154192195,10001,0.0,0.0
GAUSSIAN,37,STRESS_CAPACITY_CLEAR,interior,5371915.38657662,5371915.38657662,5371915.387947686,10001,0.0,0.0013710660859942
EMP,37,STRESS_CAPACITY_CLEAR,interior,5410516.154192195,5410516.154192195,5410516.154192195,10001,0.0,0.0
GAUSSIAN,38,BASE_ACTUAL_NEAR,interior,6060647.18981096,6060647.18981096,6060647.197237482,10001,0.0,0.0074265226721763
EMP,38,BASE_ACTUAL_NEAR,interior,5990396.57504031,5990396.57504031,5990406.074551066,10001,0.0,9.49951075669378
GAUSSIAN,38,BASE_CAPACITY_NEAR,interior,6060647.18981096,6060647.18981096,6060647.203186414,10001,0.0,0.0133754545822739
EMP,38,BASE_CAPACITY_NEAR,interior,5990396.57504031,5990396.57504031,5990405.254816295,10001,0.0,8.679775984957814
GAUSSIAN,38,STRESS_ACTUAL_CLEAR,lower,5566537.348165148,5566537.348165148,5566537.348165148,10001,0.0,0.0
EMP,38,STRESS_ACTUAL_CLEAR,lower,5659496.741914542,5659496.741914542,5659496.741914542,10001,0.0,0.0
GAUSSIAN,38,STRESS_ACTUAL_NEAR,lower,5394172.43407442,5394172.43407442,5394172.43407442,10001,0.0,0.0
EMP,38,STRESS_ACTUAL_NEAR,lower,5381618.859115591,5381618.859115591,5381618.859115591,10001,0.0,0.0
GAUSSIAN,38,STRESS_CONTRACT_NEAR_LOW,interior,5394128.902751762,5394128.902751762,5394128.902768794,10001,0.0,1.703202724456787e-05
EMP,38,STRESS_CONTRACT_NEAR_LOW,lower,5367185.5955731785,5367185.5955731785,5367185.5955731785,10001,0.0,0.0
GAUSSIAN,38,STRESS_CONTRACT_CLEAR,interior,5394128.902751762,5394128.902751762,5394128.919802329,10001,0.0,0.0170505661517381
EMP,38,STRESS_CONTRACT_CLEAR,interior,5344876.938687125,5344876.938687125,5344876.938687125,10001,0.0,0.0
GAUSSIAN,38,STRESS_CONTRACT_NEAR_HIGH,interior,5394128.902751762,5394128.902751762,5394128.92674556,10001,0.0,0.0239937976002693
EMP,38,STRESS_CONTRACT_NEAR_HIGH,interior,5344876.938687125,5344876.938687125,5344876.938687125,10001,0.0,0.0
GAUSSIAN,38,STRESS_CAPACITY_NEAR,interior,5394128.902751762,5394128.902751762,5394128.934734698,10001,0.0,0.0319829359650611
EMP,38,STRESS_CAPACITY_NEAR,interior,5344876.938687125,5344876.938687125,5344876.938687125,10001,0.0,0.0
GAUSSIAN,38,STRESS_CAPACITY_CLEAR,interior,5394128.902751762,5394128.902751762,5394128.919802329,10001,0.0,0.0170505661517381
EMP,38,STRESS_CAPACITY_CLEAR,interior,5344876.938687125,5344876.938687125,5344876.938687125,10001,0.0,0.0
GAUSSIAN,39,BASE_ACTUAL_NEAR,interior,5612931.028621021,5612931.028621022,5612931.055161141,10001,0.0,0.0265401201322674
EMP,39,BASE_ACTUAL_NEAR,interior,5608967.697311595,5608967.697311595,5608977.81440702,10001,0.0,10.11709542479366
GAUSSIAN,39,BASE_CAPACITY_NEAR,interior,5612931.028621021,5612931.028621022,5612931.030656129,10001,0.0,0.0020351083949208
EMP,39,BASE_CAPACITY_NEAR,interior,5608967.697311595,5608967.697311595,5608977.609473326,10001,0.0,9.912161731161175
GAUSSIAN,39,STRESS_ACTUAL_CLEAR,lower,5403341.23062285,5403341.23062285,5403341.23062285,10001,0.0,0.0
EMP,39,STRESS_ACTUAL_CLEAR,lower,5495978.948433137,5495978.948433137,5495978.948433137,10001,0.0,0.0
GAUSSIAN,39,STRESS_ACTUAL_NEAR,lower,5042672.734584127,5042672.734584127,5042672.734584127,10001,0.0,0.0
EMP,39,STRESS_ACTUAL_NEAR,lower,5133512.099383134,5133512.099383134,5133512.099383134,10001,0.0,0.0
GAUSSIAN,39,STRESS_CONTRACT_NEAR_LOW,lower,5025694.767061492,5025694.767061492,5025694.767061492,10001,0.0,0.0
EMP,39,STRESS_CONTRACT_NEAR_LOW,lower,5107448.7373630125,5107448.7373630125,5107448.7373630125,10001,0.0,0.0
GAUSSIAN,39,STRESS_CONTRACT_CLEAR,interior,4987145.024717327,4987145.024717327,4987145.044431337,10001,0.0,0.0197140099480748
EMP,39,STRESS_CONTRACT_CLEAR,interior,5017284.380796127,5017284.380796127,5017284.380796127,10001,0.0,0.0
GAUSSIAN,39,STRESS_CONTRACT_NEAR_HIGH,interior,4987145.024717327,4987145.024717327,4987145.025114786,10001,0.0,0.0003974586725234
EMP,39,STRESS_CONTRACT_NEAR_HIGH,interior,5017284.380796127,5017284.380796127,5017284.380796127,10001,0.0,0.0
GAUSSIAN,39,STRESS_CAPACITY_NEAR,interior,4987145.024717327,4987145.024717327,4987145.034446857,10001,0.0,0.0097295297309756
EMP,39,STRESS_CAPACITY_NEAR,interior,5017284.380796127,5017284.380796127,5017284.380796127,10001,0.0,0.0
GAUSSIAN,39,STRESS_CAPACITY_CLEAR,interior,4987145.024717327,4987145.024717327,4987145.026897857,10001,0.0,0.0021805297583341
EMP,39,STRESS_CAPACITY_CLEAR,interior,5017284.380796127,5017284.380796127,5017284.380796127,10001,0.0,0.0
GAUSSIAN,40,BASE_ACTUAL_NEAR,interior,5570015.406218185,5570015.406218186,5570015.40674571,10001,0.0,0.0005275253206491
EMP,40,BASE_ACTUAL_NEAR,interior,5453200.6182191335,5453200.6182191335,5453206.423289515,10001,0.0,5.805070381611586
GAUSSIAN,40,BASE_CAPACITY_NEAR,interior,5570015.406218185,5570015.406218185,5570015.410694263,10001,0.0,0.0044760778546333
EMP,40,BASE_CAPACITY_NEAR,interior,5453200.6182191335,5453200.6182191335,5453207.74070317,10001,0.0,7.122484036721289
GAUSSIAN,40,STRESS_ACTUAL_CLEAR,lower,5394574.396600772,5394574.396600772,5394574.396600772,10001,0.0,0.0
EMP,40,STRESS_ACTUAL_CLEAR,lower,5521921.105220811,5521921.105220811,5521921.105220811,10001,0.0,0.0
GAUSSIAN,40,STRESS_ACTUAL_NEAR,lower,5016633.263013222,5016633.263013222,5016633.263013222,10001,0.0,0.0
EMP,40,STRESS_ACTUAL_NEAR,lower,5068632.887012458,5068632.887012458,5068632.887012458,10001,0.0,0.0
GAUSSIAN,40,STRESS_CONTRACT_NEAR_LOW,lower,4997701.90541068,4997701.90541068,4997701.90541068,10001,0.0,0.0
EMP,40,STRESS_CONTRACT_NEAR_LOW,lower,5032144.180184287,5032144.180184287,5032144.180184287,10001,0.0,0.0
GAUSSIAN,40,STRESS_CONTRACT_CLEAR,interior,4948632.290677422,4948632.290677422,4948632.291604077,10001,0.0,0.000926655717194
EMP,40,STRESS_CONTRACT_CLEAR,interior,4866120.620097727,4866120.620097726,4866120.620097726,10001,9.313225746154783e-10,-9.313225746154783e-10
GAUSSIAN,40,STRESS_CONTRACT_NEAR_HIGH,interior,4948632.290677422,4948632.290677422,4948632.292970276,10001,0.0,0.0022928537800908
EMP,40,STRESS_CONTRACT_NEAR_HIGH,interior,4866120.620097727,4866120.620097726,4866120.620097726,10001,9.313225746154783e-10,-9.313225746154783e-10
GAUSSIAN,40,STRESS_CAPACITY_NEAR,interior,4948632.290677422,4948632.290677422,4948632.306296001,10001,0.0,0.0156185794621706
EMP,40,STRESS_CAPACITY_NEAR,interior,4866120.620097727,4866120.620097726,4866120.620097726,10001,9.313225746154783e-10,-9.313225746154783e-10
GAUSSIAN,40,STRESS_CAPACITY_CLEAR,interior,4948632.290677422,4948632.290677422,4948632.294207041,10001,0.0,0.0035296194255352
EMP,40,STRESS_CAPACITY_CLEAR,interior,4866120.620097727,4866120.620097726,4866120.620097726,10001,9.313225746154783e-10,-9.313225746154783e-10
GAUSSIAN,41,BASE_ACTUAL_NEAR,interior,5910884.950459087,5910884.950459087,5910884.951416444,10001,0.0,0.0009573567658662
EMP,41,BASE_ACTUAL_NEAR,interior,5959097.797241997,5959097.797241997,5959102.956378561,10001,0.0,5.159136564470828
GAUSSIAN,41,BASE_CAPACITY_NEAR,interior,5910884.950459087,5910884.950459087,5910884.950486936,10001,0.0,2.784840762615204e-05
EMP,41,BASE_CAPACITY_NEAR,interior,5959097.797241997,5959097.797241997,5959105.278960419,10001,0.0,7.481718421913683
GAUSSIAN,41,STRESS_ACTUAL_CLEAR,lower,5487426.106809215,5487426.106809215,5487426.106809215,10001,0.0,0.0
EMP,41,STRESS_ACTUAL_CLEAR,lower,5482291.272209125,5482291.272209125,5482291.272209125,10001,0.0,0.0
GAUSSIAN,41,STRESS_ACTUAL_NEAR,lower,5257170.015455805,5257170.015455805,5257170.015455805,10001,0.0,0.0
EMP,41,STRESS_ACTUAL_NEAR,lower,5291774.887620556,5291774.887620556,5291774.887620556,10001,0.0,0.0
GAUSSIAN,41,STRESS_CONTRACT_NEAR_LOW,lower,5253941.813646123,5253941.813646123,5253941.813646123,10001,0.0,0.0
EMP,41,STRESS_CONTRACT_NEAR_LOW,lower,5291774.887620557,5291774.887620556,5291774.887620556,10001,9.313225746154783e-10,-9.313225746154783e-10
GAUSSIAN,41,STRESS_CONTRACT_CLEAR,interior,5253486.503615307,5253486.503615306,5253486.5053375065,10001,9.313225746154783e-10,0.0017221998423337
EMP,41,STRESS_CONTRACT_CLEAR,interior,5291774.887620556,5291774.887620556,5291774.887620556,10001,0.0,0.0
GAUSSIAN,41,STRESS_CONTRACT_NEAR_HIGH,interior,5253486.503615307,5253486.503615307,5253486.515806866,10001,0.0,0.0121915591880679
EMP,41,STRESS_CONTRACT_NEAR_HIGH,interior,5291774.887620556,5291774.887620556,5291774.887620556,10001,0.0,0.0
GAUSSIAN,41,STRESS_CAPACITY_NEAR,interior,5253486.503615307,5253486.503615307,5253486.535386792,10001,0.0,0.0317714856937527
EMP,41,STRESS_CAPACITY_NEAR,interior,5291774.887620556,5291774.887620556,5291774.887620556,10001,0.0,0.0
GAUSSIAN,41,STRESS_CAPACITY_CLEAR,interior,5253486.503615307,5253486.503615307,5253486.508458106,10001,0.0,0.0048427991569042
EMP,41,STRESS_CAPACITY_CLEAR,interior,5291774.887620556,5291774.887620556,5291774.887620556,10001,0.0,0.0
GAUSSIAN,42,BASE_ACTUAL_NEAR,interior,6117041.514982853,6117041.514982854,6117041.515196801,10001,0.0,0.0002139480784535
EMP,42,BASE_ACTUAL_NEAR,interior,5972363.17097525,5972363.17097525,5972369.41989786,10001,0.0,6.248922609724104
GAUSSIAN,42,BASE_CAPACITY_NEAR,interior,6117041.514982853,6117041.514982853,6117041.516616803,10001,0.0,0.0016339495778083
EMP,42,BASE_CAPACITY_NEAR,interior,5972363.17097525,5972363.17097525,5972368.2280797325,10001,0.0,5.057104482315481
GAUSSIAN,42,STRESS_ACTUAL_CLEAR,lower,5628558.866311215,5628558.866311215,5628558.866311215,10001,0.0,0.0
EMP,42,STRESS_ACTUAL_CLEAR,lower,5774068.355956383,5774068.355956383,5774068.355956383,10001,0.0,0.0
GAUSSIAN,42,STRESS_ACTUAL_NEAR,lower,5458793.228167715,5458793.228167715,5458793.228167715,10001,0.0,0.0
EMP,42,STRESS_ACTUAL_NEAR,lower,5451547.257579608,5451547.257579608,5451547.257579608,10001,0.0,0.0
GAUSSIAN,42,STRESS_CONTRACT_NEAR_LOW,interior,5457731.697006259,5457731.697006258,5457731.733988493,10001,9.313225746154783e-10,0.0369822336360812
EMP,42,STRESS_CONTRACT_NEAR_LOW,lower,5430696.56796351,5430696.56796351,5430696.56796351,10001,0.0,0.0
GAUSSIAN,42,STRESS_CONTRACT_CLEAR,interior,5457731.697006259,5457731.697006258,5457731.699575573,10001,9.313225746154783e-10,0.0025693140923976
EMP,42,STRESS_CONTRACT_CLEAR,interior,5369706.998995501,5369706.998995501,5369706.998995501,10001,0.0,0.0
GAUSSIAN,42,STRESS_CONTRACT_NEAR_HIGH,interior,5457731.697006259,5457731.697006259,5457731.721225924,10001,0.0,0.0242196647450327
EMP,42,STRESS_CONTRACT_NEAR_HIGH,interior,5369706.998995501,5369706.998995501,5369706.998995501,10001,0.0,0.0
GAUSSIAN,42,STRESS_CAPACITY_NEAR,interior,5457731.697006259,5457731.697006258,5457731.703036564,10001,9.313225746154783e-10,0.006030305288732
EMP,42,STRESS_CAPACITY_NEAR,interior,5369706.998995501,5369706.998995501,5369706.998995501,10001,0.0,0.0
GAUSSIAN,42,STRESS_CAPACITY_CLEAR,interior,5457731.697006259,5457731.697006258,5457731.700513764,10001,9.313225746154783e-10,0.0035075051710009
EMP,42,STRESS_CAPACITY_CLEAR,interior,5369706.998995501,5369706.998995501,5369706.998995501,10001,0.0,0.0
GAUSSIAN,43,BASE_ACTUAL_NEAR,interior,6002382.8380283285,6002382.838028328,6002382.860961833,10001,9.313225746154783e-10,0.0229335045441985
EMP,43,BASE_ACTUAL_NEAR,interior,6040510.718530709,6040510.718530709,6040519.775797054,10001,0.0,9.057266345247626
GAUSSIAN,43,BASE_CAPACITY_NEAR,interior,6002382.8380283285,6002382.838028328,6002382.84181617,10001,9.313225746154783e-10,0.0037878416478633
EMP,43,BASE_CAPACITY_NEAR,interior,6040510.718530709,6040510.718530709,6040511.271048781,10001,0.0,0.5525180725380778
GAUSSIAN,43,STRESS_ACTUAL_CLEAR,lower,5514023.521549085,5514023.521549085,5514023.521549085,10001,0.0,0.0
EMP,43,STRESS_ACTUAL_CLEAR,lower,5551840.497200984,5551840.497200984,5551840.497200984,10001,0.0,0.0
GAUSSIAN,43,STRESS_ACTUAL_NEAR,interior,5331894.084184103,5331894.084184103,5331894.096743129,10001,0.0,0.012559026479721
EMP,43,STRESS_ACTUAL_NEAR,lower,5377896.303595906,5377896.303595905,5377896.303595906,10001,9.313225746154783e-10,0.0
GAUSSIAN,43,STRESS_CONTRACT_NEAR_LOW,interior,5331894.084184103,5331894.084184103,5331894.139868128,10001,0.0,0.0556840253993868
EMP,43,STRESS_CONTRACT_NEAR_LOW,lower,5377896.303595906,5377896.303595905,5377896.303595906,10001,9.313225746154783e-10,0.0
GAUSSIAN,43,STRESS_CONTRACT_CLEAR,interior,5331894.084184103,5331894.084184102,5331894.100215744,10001,9.313225746154783e-10,0.0160316415131092
EMP,43,STRESS_CONTRACT_CLEAR,interior,5377896.303595906,5377896.303595905,5377896.303595906,10001,9.313225746154783e-10,0.0
GAUSSIAN,43,STRESS_CONTRACT_NEAR_HIGH,interior,5331894.084184103,5331894.084184103,5331894.114360317,10001,0.0,0.0301762139424681
EMP,43,STRESS_CONTRACT_NEAR_HIGH,interior,5377896.303595906,5377896.303595905,5377896.303595906,10001,9.313225746154783e-10,0.0
GAUSSIAN,43,STRESS_CAPACITY_NEAR,interior,5331894.084184103,5331894.084184102,5331894.091020372,10001,9.313225746154783e-10,0.0068362690508365
EMP,43,STRESS_CAPACITY_NEAR,interior,5377896.303595906,5377896.303595905,5377896.303595906,10001,9.313225746154783e-10,0.0
GAUSSIAN,43,STRESS_CAPACITY_CLEAR,interior,5331894.084184103,5331894.084184102,5331894.0890553165,10001,9.313225746154783e-10,0.0048712138086557
EMP,43,STRESS_CAPACITY_CLEAR,interior,5377896.303595906,5377896.303595905,5377896.303595906,10001,9.313225746154783e-10,0.0
GAUSSIAN,44,BASE_ACTUAL_NEAR,interior,5553009.290877257,5553009.290877258,5553009.296649152,10001,0.0,0.0057718958705663
EMP,44,BASE_ACTUAL_NEAR,interior,5520163.219886322,5520163.219886322,5520170.518702613,10001,0.0,7.298816291615367
GAUSSIAN,44,BASE_CAPACITY_NEAR,interior,5553009.290877257,5553009.290877258,5553009.3129704185,10001,0.0,0.0220931619405746
EMP,44,BASE_CAPACITY_NEAR,interior,5520163.219886322,5520163.219886322,5520168.914660388,10001,0.0,5.694774066098034
GAUSSIAN,44,STRESS_ACTUAL_CLEAR,lower,5385097.55958046,5385097.55958046,5385097.55958046,10001,0.0,0.0
EMP,44,STRESS_ACTUAL_CLEAR,lower,5437218.951763343,5437218.951763343,5437218.951763343,10001,0.0,0.0
GAUSSIAN,44,STRESS_ACTUAL_NEAR,lower,4997521.351121903,4997521.351121903,4997521.351121903,10001,0.0,0.0
EMP,44,STRESS_ACTUAL_NEAR,lower,5085917.944717192,5085917.944717192,5085917.944717192,10001,0.0,0.0
GAUSSIAN,44,STRESS_CONTRACT_NEAR_LOW,lower,4978201.041303185,4978201.041303185,4978201.041303185,10001,0.0,0.0
EMP,44,STRESS_CONTRACT_NEAR_LOW,lower,5065067.255101095,5065067.255101095,5065067.255101095,10001,0.0,0.0
GAUSSIAN,44,STRESS_CONTRACT_CLEAR,interior,4929857.400163235,4929857.400163235,4929857.4422757095,10001,0.0,0.0421124743297696
EMP,44,STRESS_CONTRACT_CLEAR,interior,4948726.087222485,4948726.087222485,4948726.087222485,10001,0.0,0.0
GAUSSIAN,44,STRESS_CONTRACT_NEAR_HIGH,interior,4929857.400163235,4929857.400163235,4929857.436415318,10001,0.0,0.0362520832568407
EMP,44,STRESS_CONTRACT_NEAR_HIGH,interior,4948726.087222485,4948726.087222485,4948726.087222485,10001,0.0,0.0
GAUSSIAN,44,STRESS_CAPACITY_NEAR,interior,4929857.400163235,4929857.400163234,4929857.428992327,10001,9.313225746154783e-10,0.0288290921598672
EMP,44,STRESS_CAPACITY_NEAR,interior,4948726.087222485,4948726.087222485,4948726.087222485,10001,0.0,0.0
GAUSSIAN,44,STRESS_CAPACITY_CLEAR,interior,4929857.400163235,4929857.400163235,4929857.4052503565,10001,0.0,0.0050871213898062
EMP,44,STRESS_CAPACITY_CLEAR,interior,4948726.087222485,4948726.087222485,4948726.087222485,10001,0.0,0.0
GAUSSIAN,45,BASE_ACTUAL_NEAR,interior,6347337.828894935,6347337.828894936,6347337.842367795,10001,0.0,0.0134728606790304
EMP,45,BASE_ACTUAL_NEAR,interior,6295140.129941083,6295140.129941083,6295142.790878796,10001,0.0,2.660937713459134
GAUSSIAN,45,BASE_CAPACITY_NEAR,interior,6347337.828894935,6347337.828894935,6347337.828904629,10001,0.0,9.694136679172516e-06
EMP,45,BASE_CAPACITY_NEAR,interior,6295140.129941083,6295140.129941083,6295144.232882015,10001,0.0,4.10294093284756
GAUSSIAN,45,STRESS_ACTUAL_CLEAR,lower,5764956.170147381,5764956.170147381,5764956.170147381,10001,0.0,0.0
EMP,45,STRESS_ACTUAL_CLEAR,lower,5938811.304444318,5938811.304444318,5938811.304444318,10001,0.0,0.0
GAUSSIAN,45,STRESS_ACTUAL_NEAR,interior,5668249.646232003,5668249.646232003,5668249.681357581,10001,0.0,0.0351255778223276
EMP,45,STRESS_ACTUAL_NEAR,lower,5716584.03637444,5716584.03637444,5716584.03637444,10001,0.0,0.0
GAUSSIAN,45,STRESS_CONTRACT_NEAR_LOW,interior,5668249.646232003,5668249.646232003,5668249.646253188,10001,0.0,2.118479460477829e-05
EMP,45,STRESS_CONTRACT_NEAR_LOW,lower,5706158.691566392,5706158.691566392,5706158.691566392,10001,0.0,0.0
GAUSSIAN,45,STRESS_CONTRACT_CLEAR,interior,5668249.646232003,5668249.646232003,5668249.658419385,10001,0.0,0.0121873812749981
EMP,45,STRESS_CONTRACT_CLEAR,interior,5686699.692450182,5686699.692450181,5686699.692450181,10001,9.313225746154783e-10,-9.313225746154783e-10
GAUSSIAN,45,STRESS_CONTRACT_NEAR_HIGH,interior,5668249.646232003,5668249.646232003,5668249.652454713,10001,0.0,0.0062227100133895
EMP,45,STRESS_CONTRACT_NEAR_HIGH,interior,5686699.692450182,5686699.692450181,5686699.692450181,10001,9.313225746154783e-10,-9.313225746154783e-10
GAUSSIAN,45,STRESS_CAPACITY_NEAR,interior,5668249.646232003,5668249.646232003,5668249.649578626,10001,0.0,0.0033466229215264
EMP,45,STRESS_CAPACITY_NEAR,interior,5686699.692450182,5686699.692450181,5686699.692450181,10001,9.313225746154783e-10,-9.313225746154783e-10
GAUSSIAN,45,STRESS_CAPACITY_CLEAR,interior,5668249.646232003,5668249.646232003,5668249.656350527,10001,0.0,0.0101185236126184
EMP,45,STRESS_CAPACITY_CLEAR,interior,5686699.692450182,5686699.692450181,5686699.692450181,10001,9.313225746154783e-10,-9.313225746154783e-10
GAUSSIAN,46,BASE_ACTUAL_NEAR,interior,6046435.616870832,6046435.616870832,6046435.631264354,10001,0.0,0.0143935224041342
EMP,46,BASE_ACTUAL_NEAR,interior,6067733.795582016,6067733.795582016,6067738.359719199,10001,0.0,4.5641371831297874
GAUSSIAN,46,BASE_CAPACITY_NEAR,interior,6046435.616870832,6046435.616870832,6046435.618012639,10001,0.0,0.001141807064414
EMP,46,BASE_CAPACITY_NEAR,interior,6067733.795582016,6067733.795582016,6067739.691788206,10001,0.0,5.896206189878285
GAUSSIAN,46,STRESS_ACTUAL_CLEAR,lower,5562626.6636730805,5562626.6636730805,5562626.6636730805,10001,0.0,0.0
EMP,46,STRESS_ACTUAL_CLEAR,lower,5641522.915718738,5641522.915718738,5641522.915718738,10001,0.0,0.0
GAUSSIAN,46,STRESS_ACTUAL_NEAR,lower,5382678.342748815,5382678.342748815,5382678.342748815,10001,0.0,0.0
EMP,46,STRESS_ACTUAL_NEAR,lower,5439703.394212511,5439703.394212511,5439703.394212511,10001,0.0,0.0
GAUSSIAN,46,STRESS_CONTRACT_NEAR_LOW,interior,5382341.712430032,5382341.712430034,5382341.755665551,10001,0.0,0.0432355189695954
EMP,46,STRESS_CONTRACT_NEAR_LOW,lower,5429278.049404463,5429278.049404463,5429278.049404463,10001,0.0,0.0
GAUSSIAN,46,STRESS_CONTRACT_CLEAR,interior,5382341.712430032,5382341.712430034,5382341.742455402,10001,0.0,0.0300253704190254
EMP,46,STRESS_CONTRACT_CLEAR,interior,5420679.982905863,5420679.982905863,5420679.982905863,10001,0.0,0.0
GAUSSIAN,46,STRESS_CONTRACT_NEAR_HIGH,interior,5382341.712430032,5382341.712430032,5382341.715246167,10001,0.0,0.0028161350637674
EMP,46,STRESS_CONTRACT_NEAR_HIGH,interior,5420679.982905863,5420679.982905863,5420679.982905863,10001,0.0,0.0
GAUSSIAN,46,STRESS_CAPACITY_NEAR,interior,5382341.712430032,5382341.712430032,5382341.716687488,10001,0.0,0.0042574563995003
EMP,46,STRESS_CAPACITY_NEAR,interior,5420679.982905863,5420679.982905863,5420679.982905863,10001,0.0,0.0
GAUSSIAN,46,STRESS_CAPACITY_CLEAR,interior,5382341.712430032,5382341.712430034,5382341.732259811,10001,0.0,0.0198297789320349
EMP,46,STRESS_CAPACITY_CLEAR,interior,5420679.982905863,5420679.982905863,5420679.982905863,10001,0.0,0.0
GAUSSIAN,47,BASE_ACTUAL_NEAR,interior,5796039.596781108,5796039.596781108,5796039.6065164665,10001,0.0,0.0097353588789701
EMP,47,BASE_ACTUAL_NEAR,interior,5769676.740930945,5769676.740930945,5769682.999097531,10001,0.0,6.258166586048901
GAUSSIAN,47,BASE_CAPACITY_NEAR,interior,5796039.596781108,5796039.596781108,5796039.62032593,10001,0.0,0.0235448228195309
EMP,47,BASE_CAPACITY_NEAR,interior,5769676.740930945,5769676.740930945,5769680.403270748,10001,0.0,3.662339803762734
GAUSSIAN,47,STRESS_ACTUAL_CLEAR,lower,5483908.702505171,5483908.702505171,5483908.702505171,10001,0.0,0.0
EMP,47,STRESS_ACTUAL_CLEAR,lower,5544237.407083765,5544237.407083765,5544237.407083765,10001,0.0,0.0
GAUSSIAN,47,STRESS_ACTUAL_NEAR,lower,5196932.960852083,5196932.960852083,5196932.960852083,10001,0.0,0.0
EMP,47,STRESS_ACTUAL_NEAR,lower,5241423.508728368,5241423.508728368,5241423.508728368,10001,0.0,0.0
GAUSSIAN,47,STRESS_CONTRACT_NEAR_LOW,lower,5185343.516397784,5185343.516397784,5185343.516397784,10001,0.0,0.0
EMP,47,STRESS_CONTRACT_NEAR_LOW,lower,5225785.491516295,5225785.491516295,5225785.491516295,10001,0.0,0.0
GAUSSIAN,47,STRESS_CONTRACT_CLEAR,interior,5164963.677726007,5164963.677726007,5164963.680626907,10001,0.0,0.0029009003192186
EMP,47,STRESS_CONTRACT_CLEAR,interior,5166495.004813224,5166495.004813223,5166495.004813223,10001,9.313225746154783e-10,-9.313225746154783e-10
GAUSSIAN,47,STRESS_CONTRACT_NEAR_HIGH,interior,5164963.677726007,5164963.677726007,5164963.67826077,10001,0.0,0.0005347626283764
EMP,47,STRESS_CONTRACT_NEAR_HIGH,interior,5166495.004813224,5166495.004813223,5166495.004813223,10001,9.313225746154783e-10,-9.313225746154783e-10
GAUSSIAN,47,STRESS_CAPACITY_NEAR,interior,5164963.677726007,5164963.677726007,5164963.677776789,10001,0.0,5.07822260260582e-05
EMP,47,STRESS_CAPACITY_NEAR,interior,5166495.004813224,5166495.004813223,5166495.004813223,10001,9.313225746154783e-10,-9.313225746154783e-10
GAUSSIAN,47,STRESS_CAPACITY_CLEAR,interior,5164963.677726007,5164963.677726007,5164963.679087973,10001,0.0,0.0013619661331176
EMP,47,STRESS_CAPACITY_CLEAR,interior,5166495.004813224,5166495.004813223,5166495.004813223,10001,9.313225746154783e-10,-9.313225746154783e-10
GAUSSIAN,48,BASE_ACTUAL_NEAR,interior,6464872.143935086,6464872.143935086,6464872.145482234,10001,0.0,0.0015471475198864
EMP,48,BASE_ACTUAL_NEAR,interior,6257223.505059061,6257223.505059061,6257225.632093394,10001,0.0,2.1270343335345387
GAUSSIAN,48,BASE_CAPACITY_NEAR,interior,6464872.143935086,6464872.143935086,6464872.148083128,10001,0.0,0.0041480418294668
EMP,48,BASE_CAPACITY_NEAR,interior,6257223.505059061,6257223.505059061,6257232.873083891,10001,0.0,9.368024830706418
GAUSSIAN,48,STRESS_ACTUAL_CLEAR,lower,5860583.165799497,5860583.165799497,5860583.165799497,10001,0.0,0.0
EMP,48,STRESS_ACTUAL_CLEAR,lower,5930332.096849248,5930332.096849248,5930332.096849248,10001,0.0,0.0
GAUSSIAN,48,STRESS_ACTUAL_NEAR,interior,5782629.1704033,5782629.1704033,5782629.18998878,10001,0.0,0.0195854799821972
EMP,48,STRESS_ACTUAL_NEAR,lower,5652139.882506885,5652139.882506885,5652139.882506885,10001,0.0,0.0
GAUSSIAN,48,STRESS_CONTRACT_NEAR_LOW,interior,5782629.1704033,5782629.1704033,5782629.183148539,10001,0.0,0.0127452388405799
EMP,48,STRESS_CONTRACT_NEAR_LOW,lower,5646927.210102861,5646927.210102861,5646927.210102861,10001,0.0,0.0
GAUSSIAN,48,STRESS_CONTRACT_CLEAR,interior,5782629.1704033,5782629.1704033,5782629.176214238,10001,0.0,0.0058109378442168
EMP,48,STRESS_CONTRACT_CLEAR,interior,5623181.340448545,5623181.340448544,5623181.340448544,10001,9.313225746154783e-10,-9.313225746154783e-10
GAUSSIAN,48,STRESS_CONTRACT_NEAR_HIGH,interior,5782629.1704033,5782629.170403299,5782629.173674751,10001,9.313225746154783e-10,0.0032714512199163
EMP,48,STRESS_CONTRACT_NEAR_HIGH,interior,5623181.340448545,5623181.340448544,5623181.340448544,10001,9.313225746154783e-10,-9.313225746154783e-10
GAUSSIAN,48,STRESS_CAPACITY_NEAR,interior,5782629.1704033,5782629.170403299,5782629.171882732,10001,9.313225746154783e-10,0.0014794319868087
EMP,48,STRESS_CAPACITY_NEAR,interior,5623181.340448545,5623181.340448544,5623181.340448544,10001,9.313225746154783e-10,-9.313225746154783e-10
GAUSSIAN,48,STRESS_CAPACITY_CLEAR,interior,5782629.1704033,5782629.170403299,5782629.180119827,10001,9.313225746154783e-10,0.0097165275365114
EMP,48,STRESS_CAPACITY_CLEAR,interior,5623181.340448545,5623181.340448544,5623181.340448544,10001,9.313225746154783e-10,-9.313225746154783e-10
GAUSSIAN,49,BASE_ACTUAL_NEAR,interior,5456585.519327688,5456585.519327688,5456585.532744935,10001,0.0,0.0134172467514872
EMP,49,BASE_ACTUAL_NEAR,interior,5510867.889832933,5510867.889832933,5510877.885832473,10001,0.0,9.995999539270995
GAUSSIAN,49,BASE_CAPACITY_NEAR,interior,5456585.519327688,5456585.519327688,5456585.5534126535,10001,0.0,0.0340849654749035
EMP,49,BASE_CAPACITY_NEAR,interior,5510867.889832933,5510867.889832933,5510867.950834842,10001,0.0,0.0610019089654088
GAUSSIAN,49,STRESS_ACTUAL_CLEAR,lower,5367974.79895242,5367974.79895242,5367974.79895242,10001,0.0,0.0
EMP,49,STRESS_ACTUAL_CLEAR,lower,5350631.198789526,5350631.198789526,5350631.198789526,10001,0.0,0.0
GAUSSIAN,49,STRESS_ACTUAL_NEAR,lower,4940730.723261407,4940730.723261407,4940730.723261407,10001,0.0,0.0
EMP,49,STRESS_ACTUAL_NEAR,lower,4917864.762056249,4917864.762056249,4917864.762056249,10001,0.0,0.0
GAUSSIAN,49,STRESS_CONTRACT_NEAR_LOW,lower,4916911.248435764,4916911.248435764,4916911.248435764,10001,0.0,0.0
EMP,49,STRESS_CONTRACT_NEAR_LOW,lower,4904359.980477782,4904359.980477782,4904359.980477782,10001,0.0,0.0
GAUSSIAN,49,STRESS_CONTRACT_CLEAR,interior,4841835.624127748,4841835.624127749,4841835.64364913,10001,0.0,0.0195213826373219
EMP,49,STRESS_CONTRACT_CLEAR,interior,4891312.067706862,4891312.067706862,4891312.067706862,10001,0.0,0.0
GAUSSIAN,49,STRESS_CONTRACT_NEAR_HIGH,interior,4841835.624127748,4841835.624127748,4841835.642404887,10001,0.0,0.0182771394029259
EMP,49,STRESS_CONTRACT_NEAR_HIGH,interior,4891312.067706862,4891312.067706862,4891312.067706862,10001,0.0,0.0
GAUSSIAN,49,STRESS_CAPACITY_NEAR,interior,4841835.624127748,4841835.624127748,4841835.6412202455,10001,0.0,0.0170924980193376
EMP,49,STRESS_CAPACITY_NEAR,interior,4891312.067706862,4891312.067706862,4891312.067706862,10001,0.0,0.0
GAUSSIAN,49,STRESS_CAPACITY_CLEAR,interior,4841835.624127748,4841835.624127748,4841835.630308624,10001,0.0,0.006180876865983
EMP,49,STRESS_CAPACITY_CLEAR,interior,4891312.067706862,4891312.067706862,4891312.067706862,10001,0.0,0.0
GAUSSIAN,50,BASE_ACTUAL_NEAR,interior,5415368.679974534,5415368.679974534,5415368.713560325,10001,0.0,0.0335857914760708
EMP,50,BASE_ACTUAL_NEAR,interior,5356738.668328769,5356738.668328769,5356742.692601842,10001,0.0,4.024273073300719
GAUSSIAN,50,BASE_CAPACITY_NEAR,interior,5415368.679974534,5415368.679974534,5415368.688942824,10001,0.0,0.0089682899415493
EMP,50,BASE_CAPACITY_NEAR,interior,5356738.668328769,5356738.668328769,5356740.543621834,10001,0.0,1.8752930657938125
GAUSSIAN,50,STRESS_ACTUAL_CLEAR,lower,5352202.259215923,5352202.259215923,5352202.259215923,10001,0.0,0.0
EMP,50,STRESS_ACTUAL_CLEAR,lower,5391437.939264405,5391437.939264405,5391437.939264405,10001,0.0,0.0
GAUSSIAN,50,STRESS_ACTUAL_NEAR,lower,4895341.347686176,4895341.347686176,4895341.347686176,10001,0.0,0.0
EMP,50,STRESS_ACTUAL_NEAR,lower,4971062.456803804,4971062.456803804,4971062.456803804,10001,0.0,0.0
GAUSSIAN,50,STRESS_CONTRACT_NEAR_LOW,lower,4869746.932455264,4869746.932455264,4869746.932455264,10001,0.0,0.0
EMP,50,STRESS_CONTRACT_NEAR_LOW,lower,4939786.422379658,4939786.422379658,4939786.422379658,10001,0.0,0.0
GAUSSIAN,50,STRESS_CONTRACT_CLEAR,interior,4795592.2202177495,4795592.220217751,4795592.220283396,10001,0.0,6.564613431692123e-05
EMP,50,STRESS_CONTRACT_CLEAR,interior,4760304.227703293,4760304.227703293,4760304.227703293,10001,0.0,0.0
GAUSSIAN,50,STRESS_CONTRACT_NEAR_HIGH,interior,4795592.2202177495,4795592.220217751,4795592.261081282,10001,0.0,0.0408635325729846
EMP,50,STRESS_CONTRACT_NEAR_HIGH,interior,4760304.227703293,4760304.227703293,4760304.227703293,10001,0.0,0.0
GAUSSIAN,50,STRESS_CAPACITY_NEAR,interior,4795592.2202177495,4795592.2202177495,4795592.224286376,10001,0.0,0.0040686260908842
EMP,50,STRESS_CAPACITY_NEAR,interior,4760304.227703293,4760304.227703293,4760304.227703293,10001,0.0,0.0
GAUSSIAN,50,STRESS_CAPACITY_CLEAR,interior,4795592.2202177495,4795592.2202177495,4795592.240025521,10001,0.0,0.0198077717795968
EMP,50,STRESS_CAPACITY_CLEAR,interior,4760304.227703293,4760304.227703293,4760304.227703293,10001,0.0,0.0
GAUSSIAN,51,BASE_ACTUAL_NEAR,interior,6077725.139957414,6077725.139957414,6077725.143834675,10001,0.0,0.0038772607222199
EMP,51,BASE_ACTUAL_NEAR,interior,6023898.840431128,6023898.840431128,6023905.594242816,10001,0.0,6.753811688162386
GAUSSIAN,51,BASE_CAPACITY_NEAR,interior,6077725.139957414,6077725.139957414,6077725.148087189,10001,0.0,0.0081297745928168
EMP,51,BASE_CAPACITY_NEAR,interior,6023898.840431128,6023898.840431128,6023907.710563509,10001,0.0,8.870132381096482
GAUSSIAN,51,STRESS_ACTUAL_CLEAR,lower,5570729.649271415,5570729.649271415,5570729.649271415,10001,0.0,0.0
EMP,51,STRESS_ACTUAL_CLEAR,lower,5664064.570175734,5664064.570175734,5664064.570175734,10001,0.0,0.0
GAUSSIAN,51,STRESS_ACTUAL_NEAR,interior,5408052.8863120815,5408052.886312082,5408052.886483043,10001,0.0,0.0001709619536995
EMP,51,STRESS_ACTUAL_NEAR,lower,5428547.477818701,5428547.477818701,5428547.477818701,10001,0.0,0.0
GAUSSIAN,51,STRESS_CONTRACT_NEAR_LOW,interior,5408052.8863120815,5408052.886312082,5408052.9078215,10001,0.0,0.0215094182640314
EMP,51,STRESS_CONTRACT_NEAR_LOW,lower,5417397.836586371,5417397.836586371,5417397.836586371,10001,0.0,0.0
GAUSSIAN,51,STRESS_CONTRACT_CLEAR,interior,5408052.8863120815,5408052.886312082,5408052.894128371,10001,0.0,0.0078162895515561
EMP,51,STRESS_CONTRACT_CLEAR,interior,5396538.293958227,5396538.293958226,5396538.293958226,10001,9.313225746154783e-10,-9.313225746154783e-10
GAUSSIAN,51,STRESS_CONTRACT_NEAR_HIGH,interior,5408052.8863120815,5408052.886312082,5408052.919653407,10001,0.0,0.0333413258194923
EMP,51,STRESS_CONTRACT_NEAR_HIGH,interior,5396538.293958227,5396538.293958226,5396538.293958226,10001,9.313225746154783e-10,-9.313225746154783e-10
GAUSSIAN,51,STRESS_CAPACITY_NEAR,interior,5408052.8863120815,5408052.886312082,5408052.893594777,10001,0.0,0.0072826957330107
EMP,51,STRESS_CAPACITY_NEAR,interior,5396538.293958227,5396538.293958226,5396538.293958226,10001,9.313225746154783e-10,-9.313225746154783e-10
GAUSSIAN,51,STRESS_CAPACITY_CLEAR,interior,5408052.8863120815,5408052.8863120815,5408052.890155301,10001,0.0,0.0038432199507951
EMP,51,STRESS_CAPACITY_CLEAR,interior,5396538.293958227,5396538.293958226,5396538.293958226,10001,9.313225746154783e-10,-9.313225746154783e-10
GAUSSIAN,52,BASE_ACTUAL_NEAR,interior,5852109.94749903,5852109.94749903,5852109.947904739,10001,0.0,0.0004057083278894
EMP,52,BASE_ACTUAL_NEAR,interior,5849347.696090411,5849347.696090411,5849357.046281571,10001,0.0,9.350191159173846
GAUSSIAN,52,BASE_CAPACITY_NEAR,interior,5852109.94749903,5852109.94749903,5852109.947874475,10001,0.0,0.0003754450008273
EMP,52,BASE_CAPACITY_NEAR,interior,5849347.696090411,5849347.696090411,5849352.774534949,10001,0.0,5.078444537706673
GAUSSIAN,52,STRESS_ACTUAL_CLEAR,lower,5498249.712896331,5498249.712896331,5498249.712896331,10001,0.0,0.0
EMP,52,STRESS_ACTUAL_CLEAR,lower,5606971.596605781,5606971.596605781,5606971.596605781,10001,0.0,0.0
GAUSSIAN,52,STRESS_ACTUAL_NEAR,lower,5233588.785986152,5233588.785986152,5233588.785986152,10001,0.0,0.0
EMP,52,STRESS_ACTUAL_NEAR,lower,5355921.804747518,5355921.804747518,5355921.804747518,10001,0.0,0.0
GAUSSIAN,52,STRESS_CONTRACT_NEAR_LOW,lower,5224544.0431463085,5224544.0431463085,5224544.0431463085,10001,0.0,0.0
EMP,52,STRESS_CONTRACT_NEAR_LOW,lower,5350709.132343494,5350709.132343494,5350709.132343494,10001,0.0,0.0
GAUSSIAN,52,STRESS_CONTRACT_CLEAR,interior,5213321.963139246,5213321.963139245,5213321.968047655,10001,9.313225746154783e-10,0.0049084089696407
EMP,52,STRESS_CONTRACT_CLEAR,interior,5292993.190262122,5292993.190262122,5292993.190262122,10001,0.0,0.0
GAUSSIAN,52,STRESS_CONTRACT_NEAR_HIGH,interior,5213321.963139246,5213321.963139246,5213321.964753069,10001,0.0,0.0016138227656483
EMP,52,STRESS_CONTRACT_NEAR_HIGH,interior,5292993.190262122,5292993.190262122,5292993.190262122,10001,0.0,0.0
GAUSSIAN,52,STRESS_CAPACITY_NEAR,interior,5213321.963139246,5213321.963139246,5213321.963254928,10001,0.0,0.0001156814396381
EMP,52,STRESS_CAPACITY_NEAR,interior,5292993.190262122,5292993.190262122,5292993.190262122,10001,0.0,0.0
GAUSSIAN,52,STRESS_CAPACITY_CLEAR,interior,5213321.963139246,5213321.963139246,5213321.9632037785,10001,0.0,6.453227251768112e-05
EMP,52,STRESS_CAPACITY_CLEAR,interior,5292993.190262122,5292993.190262122,5292993.190262122,10001,0.0,0.0
GAUSSIAN,53,BASE_ACTUAL_NEAR,interior,5959932.590974532,5959932.590974533,5959932.591639271,10001,0.0,0.0006647389382123
EMP,53,BASE_ACTUAL_NEAR,interior,5886033.851703384,5886033.851703384,5886040.293951925,10001,0.0,6.44224854093045
GAUSSIAN,53,BASE_CAPACITY_NEAR,interior,5959932.590974532,5959932.590974532,5959932.598809819,10001,0.0,0.0078352866694331
EMP,53,BASE_CAPACITY_NEAR,interior,5886033.851703384,5886033.851703384,5886040.089018231,10001,0.0,6.237314847297967
GAUSSIAN,53,STRESS_ACTUAL_CLEAR,lower,5539793.616416493,5539793.616416493,5539793.616416493,10001,0.0,0.0
EMP,53,STRESS_ACTUAL_CLEAR,lower,5642752.542989828,5642752.542989828,5642752.542989828,10001,0.0,0.0
GAUSSIAN,53,STRESS_ACTUAL_NEAR,lower,5317575.576437227,5317575.576437227,5317575.576437227,10001,0.0,0.0
EMP,53,STRESS_ACTUAL_NEAR,lower,5387111.295493232,5387111.295493232,5387111.295493232,10001,0.0,0.0
GAUSSIAN,53,STRESS_CONTRACT_NEAR_LOW,lower,5312644.254683717,5312644.254683717,5312644.254683717,10001,0.0,0.0
EMP,53,STRESS_CONTRACT_NEAR_LOW,lower,5376685.950685184,5376685.950685184,5376685.950685184,10001,0.0,0.0
GAUSSIAN,53,STRESS_CONTRACT_CLEAR,interior,5310162.607961609,5310162.607961609,5310162.608702673,10001,0.0,0.0007410636171698
EMP,53,STRESS_CONTRACT_CLEAR,interior,5289552.361090699,5289552.361090699,5289552.361090699,10001,0.0,0.0
GAUSSIAN,53,STRESS_CONTRACT_NEAR_HIGH,interior,5310162.607961609,5310162.607961609,5310162.608640497,10001,0.0,0.0006788875907659
EMP,53,STRESS_CONTRACT_NEAR_HIGH,interior,5289552.361090699,5289552.361090699,5289552.361090699,10001,0.0,0.0
GAUSSIAN,53,STRESS_CAPACITY_NEAR,interior,5310162.607961609,5310162.607961608,5310162.61412302,10001,9.313225746154783e-10,0.0061614112928509
EMP,53,STRESS_CAPACITY_NEAR,interior,5289552.361090699,5289552.361090699,5289552.361090699,10001,0.0,0.0
GAUSSIAN,53,STRESS_CAPACITY_CLEAR,interior,5310162.607961609,5310162.607961609,5310162.610445669,10001,0.0,0.0024840598925948
EMP,53,STRESS_CAPACITY_CLEAR,interior,5289552.361090699,5289552.361090699,5289552.361090699,10001,0.0,0.0
GAUSSIAN,54,BASE_ACTUAL_NEAR,interior,4944331.255071347,4944331.255071347,4944331.267163368,10001,0.0,0.0120920212939381
EMP,54,BASE_ACTUAL_NEAR,interior,4939548.747199212,4939548.747199212,4939557.991023567,10001,0.0,9.24382435437292
GAUSSIAN,54,BASE_CAPACITY_NEAR,interior,4944331.255071347,4944331.255071347,4944331.292376947,10001,0.0,0.0373056000098586
EMP,54,BASE_CAPACITY_NEAR,interior,4939548.747199212,4939548.747199212,4939550.408476914,10001,0.0,1.6612777020782232
GAUSSIAN,54,STRESS_ACTUAL_CLEAR,lower,5336700.310055595,5336700.310055595,5336700.310055595,10001,0.0,0.0
EMP,54,STRESS_ACTUAL_CLEAR,lower,5336473.373620048,5336473.373620048,5336473.373620048,10001,0.0,0.0
GAUSSIAN,54,STRESS_ACTUAL_NEAR,lower,4758644.034723781,4758644.034723781,4758644.034723781,10001,0.0,0.0
EMP,54,STRESS_ACTUAL_NEAR,lower,4777958.180224212,4777958.180224212,4777958.180224212,10001,0.0,0.0
GAUSSIAN,54,STRESS_CONTRACT_NEAR_LOW,lower,4711705.578941907,4711705.578941907,4711705.578941907,10001,0.0,0.0
EMP,54,STRESS_CONTRACT_NEAR_LOW,lower,4736256.800992016,4736256.800992016,4736256.800992016,10001,0.0,0.0
GAUSSIAN,54,STRESS_CONTRACT_CLEAR,interior,4369912.841546508,4369912.841546508,4369912.873776018,10001,0.0,0.0322295101359486
EMP,54,STRESS_CONTRACT_CLEAR,interior,4384610.439632689,4384610.439632688,4384610.439632688,10001,9.313225746154783e-10,-9.313225746154783e-10
GAUSSIAN,54,STRESS_CONTRACT_NEAR_HIGH,interior,4369912.841546508,4369912.841546508,4369912.877172138,10001,0.0,0.0356256300583481
EMP,54,STRESS_CONTRACT_NEAR_HIGH,interior,4384610.439632689,4384610.439632688,4384610.439632688,10001,9.313225746154783e-10,-9.313225746154783e-10
GAUSSIAN,54,STRESS_CAPACITY_NEAR,interior,4369912.841546508,4369912.841546508,4369912.842345449,10001,0.0,0.0007989415898919
EMP,54,STRESS_CAPACITY_NEAR,interior,4384610.439632689,4384610.439632688,4384610.439632688,10001,9.313225746154783e-10,-9.313225746154783e-10
GAUSSIAN,54,STRESS_CAPACITY_CLEAR,interior,4369912.841546508,4369912.841546508,4369912.843868559,10001,0.0,0.0023220516741275
EMP,54,STRESS_CAPACITY_CLEAR,interior,4384610.439632689,4384610.439632688,4384610.439632688,10001,9.313225746154783e-10,-9.313225746154783e-10
GAUSSIAN,55,BASE_ACTUAL_NEAR,interior,6164262.602909349,6164262.60290935,6164262.612723583,10001,0.0,0.0098142344504594
EMP,55,BASE_ACTUAL_NEAR,interior,5989548.88925442,5989548.88925442,5989553.631834902,10001,0.0,4.742580481804907
GAUSSIAN,55,BASE_CAPACITY_NEAR,interior,6164262.602909349,6164262.60290935,6164262.61661231,10001,0.0,0.0137029606848955
EMP,55,BASE_CAPACITY_NEAR,interior,5989548.88925442,5989548.88925442,5989556.774549847,10001,0.0,7.885295426473021
GAUSSIAN,55,STRESS_ACTUAL_CLEAR,lower,5675209.955873541,5675209.955873541,5675209.955873541,10001,0.0,0.0
EMP,55,STRESS_ACTUAL_CLEAR,lower,5831912.660548484,5831912.660548484,5831912.660548484,10001,0.0,0.0
GAUSSIAN,55,STRESS_ACTUAL_NEAR,lower,5510434.580427865,5510434.580427865,5510434.580427865,10001,0.0,0.0
EMP,55,STRESS_ACTUAL_NEAR,lower,5536726.034698757,5536726.034698757,5536726.034698757,10001,0.0,0.0
GAUSSIAN,55,STRESS_CONTRACT_NEAR_LOW,lower,5508690.363251455,5508690.363251455,5508690.363251455,10001,0.0,0.0
EMP,55,STRESS_CONTRACT_NEAR_LOW,lower,5515875.34508266,5515875.34508266,5515875.34508266,10001,0.0,0.0
GAUSSIAN,55,STRESS_CONTRACT_CLEAR,interior,5508597.549488988,5508597.549488988,5508597.56715738,10001,0.0,0.017668392509222
EMP,55,STRESS_CONTRACT_CLEAR,interior,5391465.752630763,5391465.752630762,5391465.752630762,10001,9.313225746154783e-10,-9.313225746154783e-10
GAUSSIAN,55,STRESS_CONTRACT_NEAR_HIGH,interior,5508597.549488988,5508597.549488988,5508597.569047683,10001,0.0,0.0195586951449513
EMP,55,STRESS_CONTRACT_NEAR_HIGH,interior,5391465.752630763,5391465.752630762,5391465.752630762,10001,9.313225746154783e-10,-9.313225746154783e-10
GAUSSIAN,55,STRESS_CAPACITY_NEAR,interior,5508597.549488988,5508597.549488988,5508597.571002008,10001,0.0,0.02151302061975
EMP,55,STRESS_CAPACITY_NEAR,interior,5391465.752630763,5391465.752630762,5391465.752630762,10001,9.313225746154783e-10,-9.313225746154783e-10
GAUSSIAN,55,STRESS_CAPACITY_CLEAR,interior,5508597.549488988,5508597.549488987,5508597.553828761,10001,9.313225746154783e-10,0.0043397732079029
EMP,55,STRESS_CAPACITY_CLEAR,interior,5391465.752630763,5391465.752630762,5391465.752630762,10001,9.313225746154783e-10,-9.313225746154783e-10
GAUSSIAN,56,BASE_ACTUAL_NEAR,interior,5947591.96817855,5947591.968178551,5947591.986672981,10001,0.0,0.0184944309294223
EMP,56,BASE_ACTUAL_NEAR,interior,5941828.946627799,5941828.946627799,5941829.349780888,10001,0.0,0.4031530888751149
GAUSSIAN,56,BASE_CAPACITY_NEAR,interior,5947591.96817855,5947591.968178551,5947591.968541376,10001,0.0,0.0003628265112638
EMP,56,BASE_CAPACITY_NEAR,interior,5941828.946627799,5941828.946627799,5941829.911937431,10001,0.0,0.9653096310794352
GAUSSIAN,56,STRESS_ACTUAL_CLEAR,lower,5506551.44100167,5506551.44100167,5506551.44100167,10001,0.0,0.0
EMP,56,STRESS_ACTUAL_CLEAR,lower,5565856.152740721,5565856.152740721,5565856.152740721,10001,0.0,0.0
GAUSSIAN,56,STRESS_ACTUAL_NEAR,lower,5290738.290405522,5290738.290405522,5290738.290405522,10001,0.0,0.0
EMP,56,STRESS_ACTUAL_NEAR,lower,5333458.170127992,5333458.170127992,5333458.170127992,10001,0.0,0.0
GAUSSIAN,56,STRESS_CONTRACT_NEAR_LOW,lower,5288466.670219909,5288466.670219909,5288466.670219909,10001,0.0,0.0
EMP,56,STRESS_CONTRACT_NEAR_LOW,lower,5323032.825319944,5323032.825319944,5323032.825319944,10001,0.0,0.0
GAUSSIAN,56,STRESS_CONTRACT_CLEAR,interior,5288368.386446841,5288368.386446841,5288368.387869588,10001,0.0,0.0014227470383048
EMP,56,STRESS_CONTRACT_CLEAR,interior,5305547.762233999,5305547.762233999,5305547.762233999,10001,0.0,0.0
GAUSSIAN,56,STRESS_CONTRACT_NEAR_HIGH,interior,5288368.386446841,5288368.386446841,5288368.386752656,10001,0.0,0.0003058146685361
EMP,56,STRESS_CONTRACT_NEAR_HIGH,interior,5305547.762233999,5305547.762233999,5305547.762233999,10001,0.0,0.0
GAUSSIAN,56,STRESS_CAPACITY_NEAR,interior,5288368.386446841,5288368.386446841,5288368.386452725,10001,0.0,5.884096026420593e-06
EMP,56,STRESS_CAPACITY_NEAR,interior,5305547.762233999,5305547.762233999,5305547.762233999,10001,0.0,0.0
GAUSSIAN,56,STRESS_CAPACITY_CLEAR,interior,5288368.386446841,5288368.386446841,5288368.3976831,10001,0.0,0.0112362587824463
EMP,56,STRESS_CAPACITY_CLEAR,interior,5305547.762233999,5305547.762233999,5305547.762233999,10001,0.0,0.0
GAUSSIAN,57,BASE_ACTUAL_NEAR,interior,5686829.2063583145,5686829.2063583145,5686829.206362464,10001,0.0,4.149973392486572e-06
EMP,57,BASE_ACTUAL_NEAR,interior,5549073.473837934,5549073.473837934,5549083.930304482,10001,0.0,10.456466547213497
GAUSSIAN,57,BASE_CAPACITY_NEAR,interior,5686829.2063583145,5686829.2063583145,5686829.2109580245,10001,0.0,0.0045997099950909
EMP,57,BASE_CAPACITY_NEAR,interior,5549073.473837934,5549073.473837934,5549073.581152971,10001,0.0,0.1073150364682078
GAUSSIAN,57,STRESS_ACTUAL_CLEAR,lower,5428173.381649494,5428173.381649494,5428173.381649494,10001,0.0,0.0
EMP,57,STRESS_ACTUAL_CLEAR,lower,5600449.063720736,5600449.063720736,5600449.063720736,10001,0.0,0.0
GAUSSIAN,57,STRESS_ACTUAL_NEAR,lower,5098886.637456855,5098886.637456855,5098886.637456855,10001,0.0,0.0
EMP,57,STRESS_ACTUAL_NEAR,lower,5126095.87495451,5126095.87495451,5126095.87495451,10001,0.0,0.0
GAUSSIAN,57,STRESS_CONTRACT_NEAR_LOW,lower,5084640.748597851,5084640.748597851,5084640.748597851,10001,0.0,0.0
EMP,57,STRESS_CONTRACT_NEAR_LOW,lower,5089121.469446445,5089121.469446445,5089121.469446445,10001,0.0,0.0
GAUSSIAN,57,STRESS_CONTRACT_CLEAR,interior,5056974.968867437,5056974.968867437,5056974.97218411,10001,0.0,0.0033166734501719
EMP,57,STRESS_CONTRACT_CLEAR,interior,4939101.112524383,4939101.112524383,4939101.112524383,10001,0.0,0.0
GAUSSIAN,57,STRESS_CONTRACT_NEAR_HIGH,interior,5056974.968867437,5056974.968867438,5056974.986527766,10001,0.0,0.017660329118371
EMP,57,STRESS_CONTRACT_NEAR_HIGH,interior,4939101.112524383,4939101.112524383,4939101.112524383,10001,0.0,0.0
GAUSSIAN,57,STRESS_CAPACITY_NEAR,interior,5056974.968867437,5056974.968867437,5056975.000116367,10001,0.0,0.0312489299103617
EMP,57,STRESS_CAPACITY_NEAR,interior,4939101.112524383,4939101.112524383,4939101.112524383,10001,0.0,0.0
GAUSSIAN,57,STRESS_CAPACITY_CLEAR,interior,5056974.968867437,5056974.968867437,5056974.969751852,10001,0.0,0.0008844146504998
EMP,57,STRESS_CAPACITY_CLEAR,interior,4939101.112524383,4939101.112524383,4939101.112524383,10001,0.0,0.0
GAUSSIAN,58,BASE_ACTUAL_NEAR,interior,6356456.437145708,6356456.437145707,6356456.437494763,10001,9.313225746154783e-10,0.000349055044353
EMP,58,BASE_ACTUAL_NEAR,interior,6370711.347208319,6370711.347208319,6370721.770502502,10001,0.0,10.423294182866812
GAUSSIAN,58,BASE_CAPACITY_NEAR,interior,6356456.437145708,6356456.437145708,6356456.437156295,10001,0.0,1.058727502822876e-05
EMP,58,BASE_CAPACITY_NEAR,interior,6370711.347208319,6370711.347208319,6370721.461435846,10001,0.0,10.114227526821196
GAUSSIAN,58,STRESS_ACTUAL_CLEAR,lower,5724004.714573094,5724004.714573094,5724004.714573094,10001,0.0,0.0
EMP,58,STRESS_ACTUAL_CLEAR,lower,5797744.670623845,5797744.670623845,5797744.670623845,10001,0.0,0.0
GAUSSIAN,58,STRESS_ACTUAL_NEAR,interior,5658034.931123387,5658034.931123388,5658034.956379326,10001,0.0,0.0252559389919042
EMP,58,STRESS_ACTUAL_NEAR,lower,5697072.865598221,5697072.865598221,5697072.865598221,10001,0.0,0.0
GAUSSIAN,58,STRESS_CONTRACT_NEAR_LOW,interior,5658034.931123387,5658034.931123387,5658034.941052474,10001,0.0,0.0099290870130062
EMP,58,STRESS_CONTRACT_NEAR_LOW,interior,5697072.865598221,5697072.865598221,5697072.865598221,10001,0.0,0.0
GAUSSIAN,58,STRESS_CONTRACT_CLEAR,interior,5658034.931123387,5658034.931123387,5658034.931295093,10001,0.0,0.0001717060804367
EMP,58,STRESS_CONTRACT_CLEAR,interior,5697072.865598221,5697072.865598221,5697072.865598221,10001,0.0,0.0
GAUSSIAN,58,STRESS_CONTRACT_NEAR_HIGH,interior,5658034.931123387,5658034.931123387,5658034.9608724015,10001,0.0,0.0297490144148468
EMP,58,STRESS_CONTRACT_NEAR_HIGH,interior,5697072.865598221,5697072.865598221,5697072.865598221,10001,0.0,0.0
GAUSSIAN,58,STRESS_CAPACITY_NEAR,interior,5658034.931123387,5658034.931123387,5658034.931131602,10001,0.0,8.215196430683136e-06
EMP,58,STRESS_CAPACITY_NEAR,interior,5697072.865598221,5697072.865598221,5697072.865598221,10001,0.0,0.0
GAUSSIAN,58,STRESS_CAPACITY_CLEAR,interior,5658034.931123387,5658034.931123387,5658034.935249424,10001,0.0,0.0041260365396738
EMP,58,STRESS_CAPACITY_CLEAR,interior,5697072.865598221,5697072.865598221,5697072.865598221,10001,0.0,0.0
GAUSSIAN,59,BASE_ACTUAL_NEAR,interior,5423391.538625944,5423391.538625945,5423391.539713857,10001,0.0,0.0010879123583436
EMP,59,BASE_ACTUAL_NEAR,interior,5356579.947061256,5356579.947061256,5356590.235672816,10001,0.0,10.28861156012863
GAUSSIAN,59,BASE_CAPACITY_NEAR,interior,5423391.538625944,5423391.538625944,5423391.5389032,10001,0.0,0.0002772556617856
EMP,59,BASE_CAPACITY_NEAR,interior,5356579.947061256,5356579.947061256,5356581.423524004,10001,0.0,1.476462747901678
GAUSSIAN,59,STRESS_ACTUAL_CLEAR,lower,5354456.9786319565,5354456.9786319565,5354456.9786319565,10001,0.0,0.0
EMP,59,STRESS_ACTUAL_CLEAR,lower,5407094.258478339,5407094.258478339,5407094.258478339,10001,0.0,0.0
GAUSSIAN,59,STRESS_ACTUAL_NEAR,lower,4903139.615486977,4903139.615486977,4903139.615486977,10001,0.0,0.0
EMP,59,STRESS_ACTUAL_NEAR,lower,4982140.399703169,4982140.399703169,4982140.399703169,10001,0.0,0.0
GAUSSIAN,59,STRESS_CONTRACT_NEAR_LOW,lower,4877943.108518618,4877943.108518618,4877943.108518618,10001,0.0,0.0
EMP,59,STRESS_CONTRACT_NEAR_LOW,lower,4950864.365279023,4950864.365279023,4950864.365279023,10001,0.0,0.0
GAUSSIAN,59,STRESS_CONTRACT_CLEAR,interior,4804248.378637331,4804248.378637331,4804248.389345892,10001,0.0,0.0107085611671209
EMP,59,STRESS_CONTRACT_CLEAR,interior,4751806.093383859,4751806.093383859,4751806.093383859,10001,0.0,0.0
GAUSSIAN,59,STRESS_CONTRACT_NEAR_HIGH,interior,4804248.378637331,4804248.378637331,4804248.382999117,10001,0.0,0.0043617859482765
EMP,59,STRESS_CONTRACT_NEAR_HIGH,interior,4751806.093383859,4751806.093383859,4751806.093383859,10001,0.0,0.0
GAUSSIAN,59,STRESS_CAPACITY_NEAR,interior,4804248.378637331,4804248.378637331,4804248.425991315,10001,0.0,0.0473539847880601
EMP,59,STRESS_CAPACITY_NEAR,interior,4751806.093383859,4751806.093383859,4751806.093383859,10001,0.0,0.0
GAUSSIAN,59,STRESS_CAPACITY_CLEAR,interior,4804248.378637331,4804248.378637331,4804248.398723675,10001,0.0,0.0200863443315029
EMP,59,STRESS_CAPACITY_CLEAR,interior,4751806.093383859,4751806.093383859,4751806.093383859,10001,0.0,0.0
GAUSSIAN,60,BASE_ACTUAL_NEAR,interior,5799637.048987191,5799637.048987191,5799637.061777893,10001,0.0,0.0127907022833824
EMP,60,BASE_ACTUAL_NEAR,interior,5760348.938902675,5760348.938902675,5760356.713515553,10001,0.0,7.774612877517939
GAUSSIAN,60,BASE_CAPACITY_NEAR,interior,5799637.048987191,5799637.048987192,5799637.049049402,10001,0.0,6.221048533916473e-05
EMP,60,BASE_CAPACITY_NEAR,interior,5760348.938902675,5760348.938902675,5760359.275186718,10001,0.0,10.33628404326737
GAUSSIAN,60,STRESS_ACTUAL_CLEAR,lower,5481430.932640041,5481430.932640041,5481430.932640041,10001,0.0,0.0
EMP,60,STRESS_ACTUAL_CLEAR,lower,5564040.591242093,5564040.591242093,5564040.591242093,10001,0.0,0.0
GAUSSIAN,60,STRESS_ACTUAL_NEAR,lower,5196237.125645765,5196237.125645765,5196237.125645765,10001,0.0,0.0
EMP,60,STRESS_ACTUAL_NEAR,lower,5231716.266389399,5231716.266389399,5231716.266389399,10001,0.0,0.0
GAUSSIAN,60,STRESS_CONTRACT_NEAR_LOW,lower,5185063.272338484,5185063.272338484,5185063.272338484,10001,0.0,0.0
EMP,60,STRESS_CONTRACT_NEAR_LOW,lower,5216078.2491773255,5216078.2491773255,5216078.2491773255,10001,0.0,0.0
GAUSSIAN,60,STRESS_CONTRACT_CLEAR,interior,5166707.544668064,5166707.544668064,5166707.546318649,10001,0.0,0.0016505848616361
EMP,60,STRESS_CONTRACT_CLEAR,interior,5158244.400130434,5158244.400130434,5158244.400130434,10001,0.0,0.0
GAUSSIAN,60,STRESS_CONTRACT_NEAR_HIGH,interior,5166707.544668064,5166707.544668064,5166707.563815289,10001,0.0,0.0191472247242927
EMP,60,STRESS_CONTRACT_NEAR_HIGH,interior,5158244.400130434,5158244.400130434,5158244.400130434,10001,0.0,0.0
GAUSSIAN,60,STRESS_CAPACITY_NEAR,interior,5166707.544668064,5166707.544668064,5166707.560412896,10001,0.0,0.0157448314130306
EMP,60,STRESS_CAPACITY_NEAR,interior,5158244.400130434,5158244.400130434,5158244.400130434,10001,0.0,0.0
GAUSSIAN,60,STRESS_CAPACITY_CLEAR,interior,5166707.544668064,5166707.544668064,5166707.54755094,10001,0.0,0.0028828755021095
EMP,60,STRESS_CAPACITY_CLEAR,interior,5158244.400130434,5158244.400130434,5158244.400130434,10001,0.0,0.0
GAUSSIAN,61,BASE_ACTUAL_NEAR,interior,5435755.454691316,5435755.454691316,5435755.454758849,10001,0.0,6.75329938530922e-05
EMP,61,BASE_ACTUAL_NEAR,interior,5394324.4191616345,5394324.4191616345,5394325.511593378,10001,0.0,1.0924317436292768
GAUSSIAN,61,BASE_CAPACITY_NEAR,interior,5435755.454691316,5435755.454691316,5435755.454797033,10001,0.0,0.0001057172194123
EMP,61,BASE_CAPACITY_NEAR,interior,5394324.4191616345,5394324.4191616345,5394326.514769995,10001,0.0,2.095608360134065
GAUSSIAN,61,STRESS_ACTUAL_CLEAR,lower,5361915.501268329,5361915.501268329,5361915.501268329,10001,0.0,0.0
EMP,61,STRESS_ACTUAL_CLEAR,lower,5432718.075032318,5432718.075032318,5432718.075032318,10001,0.0,0.0
GAUSSIAN,61,STRESS_ACTUAL_NEAR,lower,4923232.342069241,4923232.342069241,4923232.342069241,10001,0.0,0.0
EMP,61,STRESS_ACTUAL_NEAR,lower,4988068.030485999,4988068.030485999,4988068.030485999,10001,0.0,0.0
GAUSSIAN,61,STRESS_CONTRACT_NEAR_LOW,lower,4898504.920814514,4898504.920814514,4898504.920814514,10001,0.0,0.0
EMP,61,STRESS_CONTRACT_NEAR_LOW,lower,4956791.996061852,4956791.996061852,4956791.996061852,10001,0.0,0.0
GAUSSIAN,61,STRESS_CONTRACT_CLEAR,interior,4820541.133524968,4820541.133524968,4820541.138048572,10001,0.0,0.0045236032456159
EMP,61,STRESS_CONTRACT_CLEAR,interior,4810090.507754131,4810090.50775413,4810090.50775413,10001,9.313225746154783e-10,-9.313225746154783e-10
GAUSSIAN,61,STRESS_CONTRACT_NEAR_HIGH,interior,4820541.133524968,4820541.133524968,4820541.138365524,10001,0.0,0.0048405556008219
EMP,61,STRESS_CONTRACT_NEAR_HIGH,interior,4810090.507754131,4810090.50775413,4810090.50775413,10001,9.313225746154783e-10,-9.313225746154783e-10
GAUSSIAN,61,STRESS_CAPACITY_NEAR,interior,4820541.133524968,4820541.133524968,4820541.138687964,10001,0.0,0.0051629953086376
EMP,61,STRESS_CAPACITY_NEAR,interior,4810090.507754131,4810090.50775413,4810090.50775413,10001,9.313225746154783e-10,-9.313225746154783e-10
GAUSSIAN,61,STRESS_CAPACITY_CLEAR,interior,4820541.133524968,4820541.133524968,4820541.143232876,10001,0.0,0.0097079081460833
EMP,61,STRESS_CAPACITY_CLEAR,interior,4810090.507754131,4810090.50775413,4810090.50775413,10001,9.313225746154783e-10,-9.313225746154783e-10
GAUSSIAN,62,BASE_ACTUAL_NEAR,interior,6068280.757342745,6068280.757342745,6068280.766626557,10001,0.0,0.0092838127166032
EMP,62,BASE_ACTUAL_NEAR,interior,5922265.196342393,5922265.196342393,5922270.607030271,10001,0.0,5.41068787779659
GAUSSIAN,62,BASE_CAPACITY_NEAR,interior,6068280.757342745,6068280.757342745,6068280.781587401,10001,0.0,0.0242446567863225
EMP,62,BASE_CAPACITY_NEAR,interior,5922265.196342393,5922265.196342393,5922271.385011149,10001,0.0,6.188668755814433
GAUSSIAN,62,STRESS_ACTUAL_CLEAR,lower,5580744.279426237,5580744.279426237,5580744.279426237,10001,0.0,0.0
EMP,62,STRESS_ACTUAL_CLEAR,lower,5732615.333106412,5732615.333106412,5732615.333106412,10001,0.0,0.0
GAUSSIAN,62,STRESS_ACTUAL_NEAR,lower,5405326.788323794,5405326.788323794,5405326.788323794,10001,0.0,0.0
EMP,62,STRESS_ACTUAL_NEAR,lower,5376929.3978916295,5376929.3978916295,5376929.3978916295,10001,0.0,0.0
GAUSSIAN,62,STRESS_CONTRACT_NEAR_LOW,interior,5404933.429344498,5404933.429344498,5404933.432362551,10001,0.0,0.0030180532485246
EMP,62,STRESS_CONTRACT_NEAR_LOW,lower,5356419.078291247,5356419.078291247,5356419.078291247,10001,0.0,0.0
GAUSSIAN,62,STRESS_CONTRACT_CLEAR,interior,5404933.429344498,5404933.429344498,5404933.449332344,10001,0.0,0.019987846724689
EMP,62,STRESS_CONTRACT_CLEAR,interior,5299566.672854962,5299566.672854962,5299566.672854962,10001,0.0,0.0
GAUSSIAN,62,STRESS_CONTRACT_NEAR_HIGH,interior,5404933.429344498,5404933.429344498,5404933.429427497,10001,0.0,8.299946784973145e-05
EMP,62,STRESS_CONTRACT_NEAR_HIGH,interior,5299566.672854962,5299566.672854962,5299566.672854962,10001,0.0,0.0
GAUSSIAN,62,STRESS_CAPACITY_NEAR,interior,5404933.429344498,5404933.429344497,5404933.444003128,10001,9.313225746154783e-10,0.0146586308255791
EMP,62,STRESS_CAPACITY_NEAR,interior,5299566.672854962,5299566.672854962,5299566.672854962,10001,0.0,0.0
GAUSSIAN,62,STRESS_CAPACITY_CLEAR,interior,5404933.429344498,5404933.429344497,5404933.43082425,10001,9.313225746154783e-10,0.0014797523617744
EMP,62,STRESS_CAPACITY_CLEAR,interior,5299566.672854962,5299566.672854962,5299566.672854962,10001,0.0,0.0
GAUSSIAN,63,BASE_ACTUAL_NEAR,interior,6516488.575803811,6516488.575803811,6516488.578266453,10001,0.0,0.0024626422673463
EMP,63,BASE_ACTUAL_NEAR,interior,6327722.390211177,6327722.390211177,6327726.703282834,10001,0.0,4.31307165697217
GAUSSIAN,63,BASE_CAPACITY_NEAR,interior,6516488.575803811,6516488.575803811,6516488.575806406,10001,0.0,2.595596015453338e-06
EMP,63,BASE_CAPACITY_NEAR,interior,6327722.390211177,6327722.390211177,6327731.246495341,10001,0.0,8.85628416389227
GAUSSIAN,63,STRESS_ACTUAL_CLEAR,lower,5896122.367085086,5896122.367085086,5896122.367085086,10001,0.0,0.0
EMP,63,STRESS_ACTUAL_CLEAR,lower,6000528.9455622565,6000528.9455622565,6000528.9455622565,10001,0.0,0.0
GAUSSIAN,63,STRESS_ACTUAL_NEAR,interior,5829675.242836503,5829675.242836503,5829675.267540914,10001,0.0,0.0247044106945395
EMP,63,STRESS_ACTUAL_NEAR,lower,5718848.341008028,5718848.341008028,5718848.341008028,10001,0.0,0.0
GAUSSIAN,63,STRESS_CONTRACT_NEAR_LOW,interior,5829675.242836503,5829675.242836502,5829675.251375066,10001,9.313225746154783e-10,0.0085385628044605
EMP,63,STRESS_CONTRACT_NEAR_LOW,lower,5703210.323795956,5703210.323795956,5703210.323795956,10001,0.0,0.0
GAUSSIAN,63,STRESS_CONTRACT_CLEAR,interior,5829675.242836503,5829675.242836503,5829675.242895505,10001,0.0,5.900207906961441e-05
EMP,63,STRESS_CONTRACT_CLEAR,interior,5679302.159441025,5679302.159441025,5679302.159441025,10001,0.0,0.0
GAUSSIAN,63,STRESS_CONTRACT_NEAR_HIGH,interior,5829675.242836503,5829675.242836503,5829675.261507391,10001,0.0,0.0186708876863122
EMP,63,STRESS_CONTRACT_NEAR_HIGH,interior,5679302.159441025,5679302.159441025,5679302.159441025,10001,0.0,0.0
GAUSSIAN,63,STRESS_CAPACITY_NEAR,interior,5829675.242836503,5829675.242836503,5829675.244603026,10001,0.0,0.0017665224149823
EMP,63,STRESS_CAPACITY_NEAR,interior,5679302.159441025,5679302.159441025,5679302.159441025,10001,0.0,0.0
GAUSSIAN,63,STRESS_CAPACITY_CLEAR,interior,5829675.242836503,5829675.242836502,5829675.250113279,10001,9.313225746154783e-10,0.0072767753154039
EMP,63,STRESS_CAPACITY_CLEAR,interior,5679302.159441025,5679302.159441025,5679302.159441025,10001,0.0,0.0
GAUSSIAN,64,BASE_ACTUAL_NEAR,interior,5626659.609559515,5626659.609559514,5626659.622120315,10001,9.313225746154783e-10,0.0125608006492257
EMP,64,BASE_ACTUAL_NEAR,interior,5632667.300935023,5632667.300935023,5632673.976764924,10001,0.0,6.675829900428653
GAUSSIAN,64,BASE_CAPACITY_NEAR,interior,5626659.609559515,5626659.609559514,5626659.611358394,10001,9.313225746154783e-10,0.0017988793551921
EMP,64,BASE_CAPACITY_NEAR,interior,5632667.300935023,5632667.300935023,5632670.08302475,10001,0.0,2.782089726999402
GAUSSIAN,64,STRESS_ACTUAL_CLEAR,lower,5400898.201348414,5400898.201348414,5400898.201348414,10001,0.0,0.0
EMP,64,STRESS_ACTUAL_CLEAR,lower,5457411.341712065,5457411.341712065,5457411.341712065,10001,0.0,0.0
GAUSSIAN,64,STRESS_ACTUAL_NEAR,lower,5044510.98533511,5044510.98533511,5044510.98533511,10001,0.0,0.0
EMP,64,STRESS_ACTUAL_NEAR,lower,5087229.623152082,5087229.623152082,5087229.623152082,10001,0.0,0.0
GAUSSIAN,64,STRESS_CONTRACT_NEAR_LOW,lower,5028589.108154318,5028589.108154318,5028589.108154318,10001,0.0,0.0
EMP,64,STRESS_CONTRACT_NEAR_LOW,lower,5071591.6059400095,5071591.6059400095,5071591.6059400095,10001,0.0,0.0
GAUSSIAN,64,STRESS_CONTRACT_CLEAR,interior,4996733.936006809,4996733.936006809,4996733.957052733,10001,0.0,0.0210459241643548
EMP,64,STRESS_CONTRACT_CLEAR,interior,5018250.862095476,5018250.862095476,5018250.862095476,10001,0.0,0.0
GAUSSIAN,64,STRESS_CONTRACT_NEAR_HIGH,interior,4996733.936006809,4996733.936006809,4996733.958405019,10001,0.0,0.0223982101306319
EMP,64,STRESS_CONTRACT_NEAR_HIGH,interior,5018250.862095476,5018250.862095476,5018250.862095476,10001,0.0,0.0
GAUSSIAN,64,STRESS_CAPACITY_NEAR,interior,4996733.936006809,4996733.936006809,4996733.937347021,10001,0.0,0.0013402123004198
EMP,64,STRESS_CAPACITY_NEAR,interior,5018250.862095476,5018250.862095476,5018250.862095476,10001,0.0,0.0
GAUSSIAN,64,STRESS_CAPACITY_CLEAR,interior,4996733.936006809,4996733.936006809,4996733.967247447,10001,0.0,0.0312406383454799
EMP,64,STRESS_CAPACITY_CLEAR,interior,5018250.862095476,5018250.862095476,5018250.862095476,10001,0.0,0.0
GAUSSIAN,65,BASE_ACTUAL_NEAR,interior,5605629.2323205145,5605629.232320515,5605629.232618777,10001,0.0,0.0002982625737786
EMP,65,BASE_ACTUAL_NEAR,interior,5592068.539266044,5592068.539266044,5592077.422819475,10001,0.0,8.883553430438042
GAUSSIAN,65,BASE_CAPACITY_NEAR,interior,5605629.2323205145,5605629.2323205145,5605629.251863496,10001,0.0,0.0195429818704724
EMP,65,BASE_CAPACITY_NEAR,interior,5592068.539266044,5592068.539266044,5592074.417125306,10001,0.0,5.87785926181823
GAUSSIAN,65,STRESS_ACTUAL_CLEAR,lower,5392882.51747218,5392882.51747218,5392882.51747218,10001,0.0,0.0
EMP,65,STRESS_ACTUAL_CLEAR,lower,5465190.167554431,5465190.167554431,5465190.167554431,10001,0.0,0.0
GAUSSIAN,65,STRESS_ACTUAL_NEAR,lower,5026450.044937007,5026450.044937007,5026450.044937007,10001,0.0,0.0
EMP,65,STRESS_ACTUAL_NEAR,lower,5074558.341406545,5074558.341406545,5074558.341406545,10001,0.0,0.0
GAUSSIAN,65,STRESS_CONTRACT_NEAR_LOW,lower,5009825.626202818,5009825.626202818,5009825.626202818,10001,0.0,0.0
EMP,65,STRESS_CONTRACT_NEAR_LOW,lower,5053455.736408937,5053455.736408937,5053455.736408937,10001,0.0,0.0
GAUSSIAN,65,STRESS_CONTRACT_CLEAR,interior,4975942.59163011,4975942.59163011,4975942.595028317,10001,0.0,0.0033982070162892
EMP,65,STRESS_CONTRACT_CLEAR,interior,4980636.809697779,4980636.809697778,4980636.809697778,10001,9.313225746154783e-10,-9.313225746154783e-10
GAUSSIAN,65,STRESS_CONTRACT_NEAR_HIGH,interior,4975942.59163011,4975942.591630109,4975942.629615074,10001,9.313225746154783e-10,0.0379849644377827
EMP,65,STRESS_CONTRACT_NEAR_HIGH,interior,4980636.809697779,4980636.809697778,4980636.809697778,10001,9.313225746154783e-10,-9.313225746154783e-10
GAUSSIAN,65,STRESS_CAPACITY_NEAR,interior,4975942.59163011,4975942.59163011,4975942.598112716,10001,0.0,0.0064826067537069
EMP,65,STRESS_CAPACITY_NEAR,interior,4980636.809697779,4980636.809697778,4980636.809697778,10001,9.313225746154783e-10,-9.313225746154783e-10
GAUSSIAN,65,STRESS_CAPACITY_CLEAR,interior,4975942.59163011,4975942.59163011,4975942.593515568,10001,0.0,0.0018854588270187
EMP,65,STRESS_CAPACITY_CLEAR,interior,4980636.809697779,4980636.809697778,4980636.809697778,10001,9.313225746154783e-10,-9.313225746154783e-10
GAUSSIAN,66,BASE_ACTUAL_NEAR,interior,5548387.051379879,5548387.051379879,5548387.067529682,10001,0.0,0.0161498030647635
EMP,66,BASE_ACTUAL_NEAR,interior,5586453.32948208,5586453.32948208,5586456.800880039,10001,0.0,3.471397959627211
GAUSSIAN,66,BASE_CAPACITY_NEAR,interior,5548387.051379879,5548387.051379879,5548387.070551772,10001,0.0,0.0191718926653265
EMP,66,BASE_CAPACITY_NEAR,interior,5586453.32948208,5586453.32948208,5586457.581411511,10001,0.0,4.251929431222379
GAUSSIAN,66,STRESS_ACTUAL_CLEAR,lower,5380534.793144634,5380534.793144634,5380534.793144634,10001,0.0,0.0
EMP,66,STRESS_ACTUAL_CLEAR,lower,5369205.379667488,5369205.379667488,5369205.379667488,10001,0.0,0.0
GAUSSIAN,66,STRESS_ACTUAL_NEAR,lower,4989099.194150064,4989099.194150064,4989099.194150064,10001,0.0,0.0
EMP,66,STRESS_ACTUAL_NEAR,lower,5005347.137117052,5005347.137117052,5005347.137117052,10001,0.0,0.0
GAUSSIAN,66,STRESS_CONTRACT_NEAR_LOW,lower,4969811.6303071445,4969811.6303071445,4969811.6303071445,10001,0.0,0.0
EMP,66,STRESS_CONTRACT_NEAR_LOW,lower,4984496.447500953,4984496.447500953,4984496.447500953,10001,0.0,0.0
GAUSSIAN,66,STRESS_CONTRACT_CLEAR,interior,4923510.126593922,4923510.126593922,4923510.144242761,10001,0.0,0.0176488384604454
EMP,66,STRESS_CONTRACT_CLEAR,interior,4944508.773395476,4944508.773395476,4944508.773395476,10001,0.0,0.0
GAUSSIAN,66,STRESS_CONTRACT_NEAR_HIGH,interior,4923510.126593922,4923510.126593923,4923510.1335755065,10001,0.0,0.0069815842434763
EMP,66,STRESS_CONTRACT_NEAR_HIGH,interior,4944508.773395476,4944508.773395476,4944508.773395476,10001,0.0,0.0
GAUSSIAN,66,STRESS_CAPACITY_NEAR,interior,4923510.126593922,4923510.126593923,4923510.12782164,10001,0.0,0.001227717846632
EMP,66,STRESS_CAPACITY_NEAR,interior,4944508.773395476,4944508.773395476,4944508.773395476,10001,0.0,0.0
GAUSSIAN,66,STRESS_CAPACITY_CLEAR,interior,4923510.126593922,4923510.126593923,4923510.150467699,10001,0.0,0.023873777128756
EMP,66,STRESS_CAPACITY_CLEAR,interior,4944508.773395476,4944508.773395476,4944508.773395476,10001,0.0,0.0
GAUSSIAN,67,BASE_ACTUAL_NEAR,interior,5993477.922186102,5993477.922186102,5993477.934690302,10001,0.0,0.012504200451076
EMP,67,BASE_ACTUAL_NEAR,interior,5922018.958007806,5922018.958007806,5922020.967310665,10001,0.0,2.0093028591945767
GAUSSIAN,67,BASE_CAPACITY_NEAR,interior,5993477.922186102,5993477.922186103,5993477.94252307,10001,0.0,0.0203369678929448
EMP,67,BASE_CAPACITY_NEAR,interior,5922018.958007806,5922018.958007806,5922024.623709928,10001,0.0,5.66570212226361
GAUSSIAN,67,STRESS_ACTUAL_CLEAR,lower,5520557.809671742,5520557.809671742,5520557.809671742,10001,0.0,0.0
EMP,67,STRESS_ACTUAL_CLEAR,lower,5612002.437369581,5612002.437369581,5612002.437369581,10001,0.0,0.0
GAUSSIAN,67,STRESS_ACTUAL_NEAR,lower,5328005.4926816905,5328005.4926816905,5328005.4926816905,10001,0.0,0.0
EMP,67,STRESS_ACTUAL_NEAR,lower,5335191.508498809,5335191.508498809,5335191.508498809,10001,0.0,0.0
GAUSSIAN,67,STRESS_CONTRACT_NEAR_LOW,interior,5327767.890586244,5327767.890586245,5327767.89840575,10001,0.0,0.0078195063397288
EMP,67,STRESS_CONTRACT_NEAR_LOW,lower,5319553.491286736,5319553.491286736,5319553.491286736,10001,0.0,0.0
GAUSSIAN,67,STRESS_CONTRACT_CLEAR,interior,5327767.890586244,5327767.890586245,5327767.917291414,10001,0.0,0.0267051700502634
EMP,67,STRESS_CONTRACT_CLEAR,interior,5289493.4691240415,5289493.4691240415,5289493.4691240415,10001,0.0,0.0
GAUSSIAN,67,STRESS_CONTRACT_NEAR_HIGH,interior,5327767.890586244,5327767.890586245,5327767.8951966055,10001,0.0,0.0046103615313768
EMP,67,STRESS_CONTRACT_NEAR_HIGH,interior,5289493.4691240415,5289493.4691240415,5289493.4691240415,10001,0.0,0.0
GAUSSIAN,67,STRESS_CAPACITY_NEAR,interior,5327767.890586244,5327767.890586244,5327767.891268116,10001,0.0,0.000681871548295
EMP,67,STRESS_CAPACITY_NEAR,interior,5289493.4691240415,5289493.4691240415,5289493.4691240415,10001,0.0,0.0
GAUSSIAN,67,STRESS_CAPACITY_CLEAR,interior,5327767.890586244,5327767.890586245,5327767.900038229,10001,0.0,0.0094519853591918
EMP,67,STRESS_CAPACITY_CLEAR,interior,5289493.4691240415,5289493.4691240415,5289493.4691240415,10001,0.0,0.0
GAUSSIAN,68,BASE_ACTUAL_NEAR,interior,5876322.278198627,5876322.278198626,5876322.278206987,10001,9.313225746154783e-10,8.36048275232315e-06
EMP,68,BASE_ACTUAL_NEAR,interior,5792565.63661003,5792565.63661003,5792568.419502011,10001,0.0,2.7828919803723693
GAUSSIAN,68,BASE_CAPACITY_NEAR,interior,5876322.278198627,5876322.278198627,5876322.287150151,10001,0.0,0.008951524272561
EMP,68,BASE_CAPACITY_NEAR,interior,5792565.63661003,5792565.63661003,5792567.117740953,10001,0.0,1.481130923144519
GAUSSIAN,68,STRESS_ACTUAL_CLEAR,lower,5529659.220218939,5529659.220218939,5529659.220218939,10001,0.0,0.0
EMP,68,STRESS_ACTUAL_CLEAR,lower,5650658.737419895,5650658.737419895,5650658.737419895,10001,0.0,0.0
GAUSSIAN,68,STRESS_ACTUAL_NEAR,lower,5269563.367031652,5269563.367031652,5269563.367031652,10001,0.0,0.0
EMP,68,STRESS_ACTUAL_NEAR,lower,5377890.876343556,5377890.876343556,5377890.876343556,10001,0.0,0.0
GAUSSIAN,68,STRESS_CONTRACT_NEAR_LOW,lower,5259647.34280807,5259647.34280807,5259647.34280807,10001,0.0,0.0
EMP,68,STRESS_CONTRACT_NEAR_LOW,lower,5357040.186727459,5357040.186727459,5357040.186727459,10001,0.0,0.0
GAUSSIAN,68,STRESS_CONTRACT_CLEAR,interior,5243826.654259331,5243826.65425933,5243826.654708193,10001,9.313225746154783e-10,0.0004488620907068
EMP,68,STRESS_CONTRACT_CLEAR,interior,5206255.672409286,5206255.672409286,5206255.672409286,10001,0.0,0.0
GAUSSIAN,68,STRESS_CONTRACT_NEAR_HIGH,interior,5243826.654259331,5243826.654259331,5243826.663562068,10001,0.0,0.0093027371913194
EMP,68,STRESS_CONTRACT_NEAR_HIGH,interior,5206255.672409286,5206255.672409286,5206255.672409286,10001,0.0,0.0
GAUSSIAN,68,STRESS_CAPACITY_NEAR,interior,5243826.654259331,5243826.654259331,5243826.671078752,10001,0.0,0.0168194212019443
EMP,68,STRESS_CAPACITY_NEAR,interior,5206255.672409286,5206255.672409286,5206255.672409286,10001,0.0,0.0
GAUSSIAN,68,STRESS_CAPACITY_CLEAR,interior,5243826.654259331,5243826.654259331,5243826.654516437,10001,0.0,0.0002571064978837
EMP,68,STRESS_CAPACITY_CLEAR,interior,5206255.672409286,5206255.672409286,5206255.672409286,10001,0.0,0.0
GAUSSIAN,69,BASE_ACTUAL_NEAR,interior,5695250.735014488,5695250.735014488,5695250.735031288,10001,0.0,1.6800127923488617e-05
EMP,69,BASE_ACTUAL_NEAR,interior,5644857.388980049,5644857.388980049,5644868.426306288,10001,0.0,11.037326239049436
GAUSSIAN,69,BASE_CAPACITY_NEAR,interior,5695250.735014488,5695250.735014488,5695250.74517925,10001,0.0,0.0101647619158029
EMP,69,BASE_CAPACITY_NEAR,interior,5644857.388980049,5644857.388980049,5644862.380762335,10001,0.0,4.991782286204398
GAUSSIAN,69,STRESS_ACTUAL_CLEAR,lower,5423322.160616022,5423322.160616022,5423322.160616022,10001,0.0,0.0
EMP,69,STRESS_ACTUAL_CLEAR,lower,5525060.001565693,5525060.001565693,5525060.001565693,10001,0.0,0.0
GAUSSIAN,69,STRESS_ACTUAL_NEAR,lower,5097010.386981657,5097010.386981657,5097010.386981657,10001,0.0,0.0
EMP,69,STRESS_ACTUAL_NEAR,lower,5164300.358786727,5164300.358786727,5164300.358786727,10001,0.0,0.0
GAUSSIAN,69,STRESS_CONTRACT_NEAR_LOW,lower,5083723.428299376,5083723.428299376,5083723.428299376,10001,0.0,0.0
EMP,69,STRESS_CONTRACT_NEAR_LOW,lower,5138236.996766605,5138236.996766605,5138236.996766605,10001,0.0,0.0
GAUSSIAN,69,STRESS_CONTRACT_CLEAR,interior,5061329.863116088,5061329.863116088,5061329.863185,10001,0.0,6.89113512635231e-05
EMP,69,STRESS_CONTRACT_CLEAR,interior,5038833.962991942,5038833.962991942,5038833.962991942,10001,0.0,0.0
GAUSSIAN,69,STRESS_CONTRACT_NEAR_HIGH,interior,5061329.863116088,5061329.863116088,5061329.868862003,10001,0.0,0.0057459147647023
EMP,69,STRESS_CONTRACT_NEAR_HIGH,interior,5038833.962991942,5038833.962991942,5038833.962991942,10001,0.0,0.0
GAUSSIAN,69,STRESS_CAPACITY_NEAR,interior,5061329.863116088,5061329.863116087,5061329.888264095,10001,9.313225746154783e-10,0.0251480061560869
EMP,69,STRESS_CAPACITY_NEAR,interior,5038833.962991942,5038833.962991942,5038833.962991942,10001,0.0,0.0
GAUSSIAN,69,STRESS_CAPACITY_CLEAR,interior,5061329.863116088,5061329.863116088,5061329.867042447,10001,0.0,0.0039263581857085
EMP,69,STRESS_CAPACITY_CLEAR,interior,5038833.962991942,5038833.962991942,5038833.962991942,10001,0.0,0.0
GAUSSIAN,70,BASE_ACTUAL_NEAR,interior,5519875.246524499,5519875.246524499,5519875.24740204,10001,0.0,0.0008775414898991
EMP,70,BASE_ACTUAL_NEAR,interior,5496553.371373001,5496553.371373001,5496553.589510319,10001,0.0,0.2181373182684183
GAUSSIAN,70,BASE_CAPACITY_NEAR,interior,5519875.246524499,5519875.246524499,5519875.251885169,10001,0.0,0.0053606703877449
EMP,70,BASE_CAPACITY_NEAR,interior,5496553.371373001,5496553.371373001,5496558.682044193,10001,0.0,5.3106711925938725
GAUSSIAN,70,STRESS_ACTUAL_CLEAR,lower,5383624.979962702,5383624.979962702,5383624.979962702,10001,0.0,0.0
EMP,70,STRESS_ACTUAL_CLEAR,lower,5444584.725745032,5444584.725745032,5444584.725745032,10001,0.0,0.0
GAUSSIAN,70,STRESS_ACTUAL_NEAR,lower,4985138.200830775,4985138.200830775,4985138.200830775,10001,0.0,0.0
EMP,70,STRESS_ACTUAL_NEAR,lower,5096332.561121898,5096332.561121898,5096332.561121898,10001,0.0,0.0
GAUSSIAN,70,STRESS_CONTRACT_NEAR_LOW,lower,4964021.677208291,4964021.677208291,4964021.677208291,10001,0.0,0.0
EMP,70,STRESS_CONTRACT_NEAR_LOW,lower,5073617.743636742,5073617.743636742,5073617.743636742,10001,0.0,0.0
GAUSSIAN,70,STRESS_CONTRACT_CLEAR,interior,4902597.926613808,4902597.926613808,4902597.934059802,10001,0.0,0.0074459947645664
EMP,70,STRESS_CONTRACT_CLEAR,interior,4909296.59493218,4909296.59493218,4909296.59493218,10001,0.0,0.0
GAUSSIAN,70,STRESS_CONTRACT_NEAR_HIGH,interior,4902597.926613808,4902597.926613808,4902597.929094502,10001,0.0,0.0024806940928101
EMP,70,STRESS_CONTRACT_NEAR_HIGH,interior,4909296.59493218,4909296.59493218,4909296.59493218,10001,0.0,0.0
GAUSSIAN,70,STRESS_CAPACITY_NEAR,interior,4902597.926613808,4902597.926613808,4902597.960382359,10001,0.0,0.0337685514241457
EMP,70,STRESS_CAPACITY_NEAR,interior,4909296.59493218,4909296.59493218,4909296.59493218,10001,0.0,0.0
GAUSSIAN,70,STRESS_CAPACITY_CLEAR,interior,4902597.926613808,4902597.926613808,4902597.934059802,10001,0.0,0.0074459947645664
EMP,70,STRESS_CAPACITY_CLEAR,interior,4909296.59493218,4909296.59493218,4909296.59493218,10001,0.0,0.0
GAUSSIAN,71,BASE_ACTUAL_NEAR,interior,6092880.982779455,6092880.982779455,6092880.984126043,10001,0.0,0.001346587203443
EMP,71,BASE_ACTUAL_NEAR,interior,6136470.265070471,6136470.265070471,6136478.765798527,10001,0.0,8.50072805583477
GAUSSIAN,71,BASE_CAPACITY_NEAR,interior,6092880.982779455,6092880.982779455,6092880.990554058,10001,0.0,0.0077746026217937
EMP,71,BASE_CAPACITY_NEAR,interior,6136470.265070471,6136470.265070471,6136480.097867534,10001,0.0,9.832797062583268
GAUSSIAN,71,STRESS_ACTUAL_CLEAR,lower,5601937.582763864,5601937.582763864,5601937.582763864,10001,0.0,0.0
EMP,71,STRESS_ACTUAL_CLEAR,lower,5696926.168547915,5696926.168547915,5696926.168547915,10001,0.0,0.0
GAUSSIAN,71,STRESS_ACTUAL_NEAR,lower,5431034.388685535,5431034.388685535,5431034.388685535,10001,0.0,0.0
EMP,71,STRESS_ACTUAL_NEAR,lower,5517092.7639266765,5517092.7639266765,5517092.7639266765,10001,0.0,0.0
GAUSSIAN,71,STRESS_CONTRACT_NEAR_LOW,interior,5430543.477018599,5430543.477018599,5430543.488722045,10001,0.0,0.0117034455761313
EMP,71,STRESS_CONTRACT_NEAR_LOW,lower,5507843.728842416,5507843.728842416,5507843.728842416,10001,0.0,0.0
GAUSSIAN,71,STRESS_CONTRACT_CLEAR,interior,5430543.477018599,5430543.477018599,5430543.495772931,10001,0.0,0.01875433139503
EMP,71,STRESS_CONTRACT_CLEAR,interior,5504769.662992431,5504769.662992431,5504769.662992431,10001,0.0,0.0
GAUSSIAN,71,STRESS_CONTRACT_NEAR_HIGH,interior,5430543.477018599,5430543.477018599,5430543.481036264,10001,0.0,0.0040176641196012
EMP,71,STRESS_CONTRACT_NEAR_HIGH,interior,5504769.662992431,5504769.662992431,5504769.662992431,10001,0.0,0.0
GAUSSIAN,71,STRESS_CAPACITY_NEAR,interior,5430543.477018599,5430543.477018599,5430543.484432288,10001,0.0,0.0074136890470981
EMP,71,STRESS_CAPACITY_NEAR,interior,5504769.662992431,5504769.662992431,5504769.662992431,10001,0.0,0.0
GAUSSIAN,71,STRESS_CAPACITY_CLEAR,interior,5430543.477018599,5430543.477018599,5430543.479695395,10001,0.0,0.0026767952367663
EMP,71,STRESS_CAPACITY_CLEAR,interior,5504769.662992431,5504769.662992431,5504769.662992431,10001,0.0,0.0
GAUSSIAN,72,BASE_ACTUAL_NEAR,interior,5702418.868610963,5702418.868610965,5702418.87204505,10001,0.0,0.0034340871497988
EMP,72,BASE_ACTUAL_NEAR,interior,5631166.66912971,5631166.66912971,5631170.9154265765,10001,0.0,4.246296866796911
GAUSSIAN,72,BASE_CAPACITY_NEAR,interior,5702418.868610963,5702418.868610963,5702418.879599878,10001,0.0,0.0109889144077897
EMP,72,BASE_CAPACITY_NEAR,interior,5631166.66912971,5631166.66912971,5631174.467610594,10001,0.0,7.798480884172022
GAUSSIAN,72,STRESS_ACTUAL_CLEAR,lower,5444121.913202968,5444121.913202968,5444121.913202968,10001,0.0,0.0
EMP,72,STRESS_ACTUAL_CLEAR,lower,5580485.15738653,5580485.15738653,5580485.15738653,10001,0.0,0.0
GAUSSIAN,72,STRESS_ACTUAL_NEAR,lower,5121753.12134385,5121753.12134385,5121753.12134385,10001,0.0,0.0
EMP,72,STRESS_ACTUAL_NEAR,lower,5217032.709647584,5217032.709647584,5217032.709647584,10001,0.0,0.0
GAUSSIAN,72,STRESS_CONTRACT_NEAR_LOW,lower,5107293.450873397,5107293.450873397,5107293.450873397,10001,0.0,0.0
EMP,72,STRESS_CONTRACT_NEAR_LOW,lower,5190969.347627462,5190969.347627462,5190969.347627462,10001,0.0,0.0
GAUSSIAN,72,STRESS_CONTRACT_CLEAR,interior,5076214.208170253,5076214.208170253,5076214.215716258,10001,0.0,0.0075460048392415
EMP,72,STRESS_CONTRACT_CLEAR,interior,5044970.294126621,5044970.2941266205,5044970.2941266205,10001,9.313225746154783e-10,-9.313225746154783e-10
GAUSSIAN,72,STRESS_CONTRACT_NEAR_HIGH,interior,5076214.208170253,5076214.208170253,5076214.220638735,10001,0.0,0.0124684823676943
EMP,72,STRESS_CONTRACT_NEAR_HIGH,interior,5044970.294126621,5044970.2941266205,5044970.2941266205,10001,9.313225746154783e-10,-9.313225746154783e-10
GAUSSIAN,72,STRESS_CAPACITY_NEAR,interior,5076214.208170253,5076214.208170253,5076214.212279384,10001,0.0,0.0041091311722993
EMP,72,STRESS_CAPACITY_NEAR,interior,5044970.294126621,5044970.2941266205,5044970.2941266205,10001,9.313225746154783e-10,-9.313225746154783e-10
GAUSSIAN,72,STRESS_CAPACITY_CLEAR,interior,5076214.208170253,5076214.208170253,5076214.21823757,10001,0.0,0.0100673167034983
EMP,72,STRESS_CAPACITY_CLEAR,interior,5044970.294126621,5044970.2941266205,5044970.2941266205,10001,9.313225746154783e-10,-9.313225746154783e-10
GAUSSIAN,73,BASE_ACTUAL_NEAR,interior,5649226.879843359,5649226.879843359,5649226.899426448,10001,0.0,0.0195830892771482
EMP,73,BASE_ACTUAL_NEAR,interior,5591933.051903132,5591933.051903132,5591937.123324563,10001,0.0,4.071421430446208
GAUSSIAN,73,BASE_CAPACITY_NEAR,interior,5649226.879843359,5649226.87984336,5649226.890300551,10001,0.0,0.0104571925476193
EMP,73,BASE_CAPACITY_NEAR,interior,5591933.051903132,5591933.051903132,5591942.651812068,10001,0.0,9.599908935837448
GAUSSIAN,73,STRESS_ACTUAL_CLEAR,lower,5412438.388749672,5412438.388749672,5412438.388749672,10001,0.0,0.0
EMP,73,STRESS_ACTUAL_CLEAR,lower,5545060.793627693,5545060.793627693,5545060.793627693,10001,0.0,0.0
GAUSSIAN,73,STRESS_ACTUAL_NEAR,lower,5066899.307776861,5066899.307776861,5066899.307776861,10001,0.0,0.0
EMP,73,STRESS_ACTUAL_NEAR,lower,5130001.753457245,5130001.753457245,5130001.753457245,10001,0.0,0.0
GAUSSIAN,73,STRESS_CONTRACT_NEAR_LOW,lower,5051496.431199712,5051496.431199712,5051496.431199712,10001,0.0,0.0
EMP,73,STRESS_CONTRACT_NEAR_LOW,lower,5093562.503151304,5093562.503151304,5093562.503151304,10001,0.0,0.0
GAUSSIAN,73,STRESS_CONTRACT_CLEAR,interior,5020199.63888638,5020199.63888638,5020199.6425901335,10001,0.0,0.0037037534639239
EMP,73,STRESS_CONTRACT_CLEAR,interior,4984156.64454237,4984156.64454237,4984156.64454237,10001,0.0,0.0
GAUSSIAN,73,STRESS_CONTRACT_NEAR_HIGH,interior,5020199.63888638,5020199.63888638,5020199.67572735,10001,0.0,0.0368409696966409
EMP,73,STRESS_CONTRACT_NEAR_HIGH,interior,4984156.64454237,4984156.64454237,4984156.64454237,10001,0.0,0.0
GAUSSIAN,73,STRESS_CAPACITY_NEAR,interior,5020199.63888638,5020199.63888638,5020199.6441193605,10001,0.0,0.0052329804748296
EMP,73,STRESS_CAPACITY_NEAR,interior,4984156.64454237,4984156.64454237,4984156.64454237,10001,0.0,0.0
GAUSSIAN,73,STRESS_CAPACITY_CLEAR,interior,5020199.63888638,5020199.63888638,5020199.641056764,10001,0.0,0.0021703839302062
EMP,73,STRESS_CAPACITY_CLEAR,interior,4984156.64454237,4984156.64454237,4984156.64454237,10001,0.0,0.0
GAUSSIAN,74,BASE_ACTUAL_NEAR,interior,5660035.074164992,5660035.074164992,5660035.103837482,10001,0.0,0.0296724895015358
EMP,74,BASE_ACTUAL_NEAR,interior,5593542.824199014,5593542.824199014,5593543.524596476,10001,0.0,0.7003974616527557
GAUSSIAN,74,BASE_CAPACITY_NEAR,interior,5660035.074164992,5660035.074164992,5660035.092204982,10001,0.0,0.0180399902164936
EMP,74,BASE_CAPACITY_NEAR,interior,5593542.824199014,5593542.824199014,5593548.721458841,10001,0.0,5.897259826771915
GAUSSIAN,74,STRESS_ACTUAL_CLEAR,lower,5409147.31103009,5409147.31103009,5409147.31103009,10001,0.0,0.0
EMP,74,STRESS_ACTUAL_CLEAR,lower,5529630.109472931,5529630.109472931,5529630.109472931,10001,0.0,0.0
GAUSSIAN,74,STRESS_ACTUAL_NEAR,lower,5067183.907422766,5067183.907422766,5067183.907422766,10001,0.0,0.0
EMP,74,STRESS_ACTUAL_NEAR,lower,5106287.4199894285,5106287.4199894285,5106287.4199894285,10001,0.0,0.0
GAUSSIAN,74,STRESS_CONTRACT_NEAR_LOW,lower,5052768.326062048,5052768.326062048,5052768.326062048,10001,0.0,0.0
EMP,74,STRESS_CONTRACT_NEAR_LOW,lower,5075011.385565282,5075011.385565282,5075011.385565282,10001,0.0,0.0
GAUSSIAN,74,STRESS_CONTRACT_CLEAR,interior,5027094.605728417,5027094.605728417,5027094.640114203,10001,0.0,0.0343857863917946
EMP,74,STRESS_CONTRACT_CLEAR,interior,4976352.304517832,4976352.304517831,4976352.304517831,10001,9.313225746154783e-10,-9.313225746154783e-10
GAUSSIAN,74,STRESS_CONTRACT_NEAR_HIGH,interior,5027094.605728417,5027094.605728417,5027094.630528723,10001,0.0,0.0248003061860799
EMP,74,STRESS_CONTRACT_NEAR_HIGH,interior,4976352.304517832,4976352.304517831,4976352.304517831,10001,9.313225746154783e-10,-9.313225746154783e-10
GAUSSIAN,74,STRESS_CAPACITY_NEAR,interior,5027094.605728417,5027094.605728417,5027094.622620182,10001,0.0,0.0168917654082179
EMP,74,STRESS_CAPACITY_NEAR,interior,4976352.304517832,4976352.304517831,4976352.304517831,10001,9.313225746154783e-10,-9.313225746154783e-10
GAUSSIAN,74,STRESS_CAPACITY_CLEAR,interior,5027094.605728417,5027094.605728417,5027094.634942079,10001,0.0,0.0292136622592806
EMP,74,STRESS_CAPACITY_CLEAR,interior,4976352.304517832,4976352.304517831,4976352.304517831,10001,9.313225746154783e-10,-9.313225746154783e-10
GAUSSIAN,75,BASE_ACTUAL_NEAR,interior,5571259.868450571,5571259.868450571,5571259.903785183,10001,0.0,0.0353346122428774
EMP,75,BASE_ACTUAL_NEAR,interior,5556715.877240312,5556715.877240312,5556721.160007149,10001,0.0,5.282766836695373
GAUSSIAN,75,BASE_CAPACITY_NEAR,interior,5571259.868450571,5571259.868450572,5571259.8825108325,10001,0.0,0.0140602616593241
EMP,75,BASE_CAPACITY_NEAR,interior,5556715.877240312,5556715.877240312,5556720.955073455,10001,0.0,5.07783314306289
GAUSSIAN,75,STRESS_ACTUAL_CLEAR,lower,5378515.17062078,5378515.17062078,5378515.17062078,10001,0.0,0.0
EMP,75,STRESS_ACTUAL_CLEAR,lower,5428382.858223588,5428382.858223588,5428382.858223588,10001,0.0,0.0
GAUSSIAN,75,STRESS_ACTUAL_NEAR,lower,4993759.640518132,4993759.640518132,4993759.640518132,10001,0.0,0.0
EMP,75,STRESS_ACTUAL_NEAR,lower,5083643.242498999,5083643.242498999,5083643.242498999,10001,0.0,0.0
GAUSSIAN,75,STRESS_CONTRACT_NEAR_LOW,lower,4976105.962002745,4976105.962002745,4976105.962002745,10001,0.0,0.0
EMP,75,STRESS_CONTRACT_NEAR_LOW,lower,5057579.880478877,5057579.880478877,5057579.880478877,10001,0.0,0.0
GAUSSIAN,75,STRESS_CONTRACT_CLEAR,interior,4940558.103647873,4940558.103647873,4940558.105237151,10001,0.0,0.0015892777591943
EMP,75,STRESS_CONTRACT_CLEAR,interior,4944991.85118771,4944991.85118771,4944991.85118771,10001,0.0,0.0
GAUSSIAN,75,STRESS_CONTRACT_NEAR_HIGH,interior,4940558.103647873,4940558.103647872,4940558.1296551535,10001,9.313225746154783e-10,0.0260072806850075
EMP,75,STRESS_CONTRACT_NEAR_HIGH,interior,4944991.85118771,4944991.85118771,4944991.85118771,10001,0.0,0.0
GAUSSIAN,75,STRESS_CAPACITY_NEAR,interior,4940558.103647873,4940558.103647873,4940558.124775093,10001,0.0,0.0211272202432155
EMP,75,STRESS_CAPACITY_NEAR,interior,4944991.85118771,4944991.85118771,4944991.85118771,10001,0.0,0.0
GAUSSIAN,75,STRESS_CAPACITY_CLEAR,interior,4940558.103647873,4940558.103647873,4940558.1212400105,10001,0.0,0.0175921376794576
EMP,75,STRESS_CAPACITY_CLEAR,interior,4944991.85118771,4944991.85118771,4944991.85118771,10001,0.0,0.0
GAUSSIAN,76,BASE_ACTUAL_NEAR,interior,6064301.084224721,6064301.084224721,6064301.099011724,10001,0.0,0.014787002466619
EMP,76,BASE_ACTUAL_NEAR,interior,6102704.174388242,6102704.174388242,6102712.057790155,10001,0.0,7.883401912637055
GAUSSIAN,76,BASE_CAPACITY_NEAR,interior,6064301.084224721,6064301.084224722,6064301.085573681,10001,0.0,0.0013489592820405
EMP,76,BASE_CAPACITY_NEAR,interior,6102704.174388242,6102704.174388242,6102714.839667331,10001,0.0,10.665279089473188
GAUSSIAN,76,STRESS_ACTUAL_CLEAR,lower,5555701.994551575,5555701.994551575,5555701.994551575,10001,0.0,0.0
EMP,76,STRESS_ACTUAL_CLEAR,lower,5603662.102388904,5603662.102388904,5603662.102388904,10001,0.0,0.0
GAUSSIAN,76,STRESS_ACTUAL_NEAR,interior,5392760.283931977,5392760.283931977,5392760.318102206,10001,0.0,0.0341702289879322
EMP,76,STRESS_ACTUAL_NEAR,lower,5476800.657815599,5476800.657815599,5476800.657815599,10001,0.0,0.0
GAUSSIAN,76,STRESS_CONTRACT_NEAR_LOW,interior,5392760.283931977,5392760.283931977,5392760.285362818,10001,0.0,0.0014308411628007
EMP,76,STRESS_CONTRACT_NEAR_LOW,lower,5471587.985411575,5471587.985411575,5471587.985411575,10001,0.0,0.0
GAUSSIAN,76,STRESS_CONTRACT_CLEAR,interior,5392760.283931977,5392760.283931977,5392760.313130956,10001,0.0,0.0291989790275692
EMP,76,STRESS_CONTRACT_CLEAR,interior,5461198.781141995,5461198.781141995,5461198.781141995,10001,0.0,0.0
GAUSSIAN,76,STRESS_CONTRACT_NEAR_HIGH,interior,5392760.283931977,5392760.283931977,5392760.284035305,10001,0.0,0.0001033274456858
EMP,76,STRESS_CONTRACT_NEAR_HIGH,interior,5461198.781141995,5461198.781141995,5461198.781141995,10001,0.0,0.0
GAUSSIAN,76,STRESS_CAPACITY_NEAR,interior,5392760.283931977,5392760.283931977,5392760.305841572,10001,0.0,0.0219095945358276
EMP,76,STRESS_CAPACITY_NEAR,interior,5461198.781141995,5461198.781141995,5461198.781141995,10001,0.0,0.0
GAUSSIAN,76,STRESS_CAPACITY_CLEAR,interior,5392760.283931977,5392760.283931977,5392760.284444673,10001,0.0,0.0005126958712935
EMP,76,STRESS_CAPACITY_CLEAR,interior,5461198.781141995,5461198.781141995,5461198.781141995,10001,0.0,0.0
GAUSSIAN,77,BASE_ACTUAL_NEAR,interior,6475390.6604514215,6475390.6604514215,6475390.660555109,10001,0.0,0.0001036878675222
EMP,77,BASE_ACTUAL_NEAR,interior,6039102.514629287,6039102.514629287,6039106.073710838,10001,0.0,3.559081551618874
GAUSSIAN,77,BASE_CAPACITY_NEAR,interior,6475390.6604514215,6475390.6604514215,6475390.660472169,10001,0.0,2.074707299470901e-05
EMP,77,BASE_CAPACITY_NEAR,interior,6039102.514629287,6039102.514629287,6039106.346955763,10001,0.0,3.8323264764621854
GAUSSIAN,77,STRESS_ACTUAL_CLEAR,lower,5897450.503072254,5897450.503072254,5897450.503072254,10001,0.0,0.0
EMP,77,STRESS_ACTUAL_CLEAR,lower,5928701.988491666,5928701.988491666,5928701.988491666,10001,0.0,0.0
GAUSSIAN,77,STRESS_ACTUAL_NEAR,interior,5804282.7374202,5804282.737420201,5804282.754325304,10001,0.0,0.0169051038101315
EMP,77,STRESS_ACTUAL_NEAR,lower,5538627.17668737,5538627.17668737,5538627.17668737,10001,0.0,0.0
GAUSSIAN,77,STRESS_CONTRACT_NEAR_LOW,interior,5804282.7374202,5804282.737420201,5804282.752783033,10001,0.0,0.0153628326952457
EMP,77,STRESS_CONTRACT_NEAR_LOW,lower,5517776.487071272,5517776.487071272,5517776.487071272,10001,0.0,0.0
GAUSSIAN,77,STRESS_CONTRACT_CLEAR,interior,5804282.7374202,5804282.7374202,5804282.738030918,10001,0.0,0.0006107175722718
EMP,77,STRESS_CONTRACT_CLEAR,interior,5432101.6511932295,5432101.651193229,5432101.651193229,10001,9.313225746154783e-10,-9.313225746154783e-10
GAUSSIAN,77,STRESS_CONTRACT_NEAR_HIGH,interior,5804282.7374202,5804282.737420201,5804282.738196963,10001,0.0,0.0007767630741
EMP,77,STRESS_CONTRACT_NEAR_HIGH,interior,5432101.6511932295,5432101.651193229,5432101.651193229,10001,9.313225746154783e-10,-9.313225746154783e-10
GAUSSIAN,77,STRESS_CAPACITY_NEAR,interior,5804282.7374202,5804282.7374202,5804282.73837987,10001,0.0,0.000959669239819
EMP,77,STRESS_CAPACITY_NEAR,interior,5432101.6511932295,5432101.651193229,5432101.651193229,10001,9.313225746154783e-10,-9.313225746154783e-10
GAUSSIAN,77,STRESS_CAPACITY_CLEAR,interior,5804282.7374202,5804282.7374202,5804282.741955234,10001,0.0,0.0045350333675742
EMP,77,STRESS_CAPACITY_CLEAR,interior,5432101.6511932295,5432101.651193229,5432101.651193229,10001,9.313225746154783e-10,-9.313225746154783e-10
GAUSSIAN,78,BASE_ACTUAL_NEAR,interior,5868833.979505446,5868833.979505446,5868833.988905064,10001,0.0,0.0093996180221438
EMP,78,BASE_ACTUAL_NEAR,interior,5885294.3414263,5885294.3414263,5885305.214935173,10001,0.0,10.873508873395622
GAUSSIAN,78,BASE_CAPACITY_NEAR,interior,5868833.979505446,5868833.979505446,5868834.006396107,10001,0.0,0.0268906615674495
EMP,78,BASE_CAPACITY_NEAR,interior,5885294.3414263,5885294.3414263,5885305.118569978,10001,0.0,10.777143677696586
GAUSSIAN,78,STRESS_ACTUAL_CLEAR,lower,5447127.2516402425,5447127.2516402425,5447127.2516402425,10001,0.0,0.0
EMP,78,STRESS_ACTUAL_CLEAR,lower,5509017.7211354105,5509017.7211354105,5509017.7211354105,10001,0.0,0.0
GAUSSIAN,78,STRESS_ACTUAL_NEAR,lower,5207192.83885956,5207192.83885956,5207192.83885956,10001,0.0,0.0
EMP,78,STRESS_ACTUAL_NEAR,lower,5265038.62643094,5265038.62643094,5265038.62643094,10001,0.0,0.0
GAUSSIAN,78,STRESS_CONTRACT_NEAR_LOW,interior,5205656.214599361,5205656.214599361,5205656.254375717,10001,0.0,0.039776355959475
EMP,78,STRESS_CONTRACT_NEAR_LOW,lower,5259825.954026917,5259825.954026917,5259825.954026917,10001,0.0,0.0
GAUSSIAN,78,STRESS_CONTRACT_CLEAR,interior,5205656.214599361,5205656.214599361,5205656.241564488,10001,0.0,0.0269651273265481
EMP,78,STRESS_CONTRACT_CLEAR,interior,5259350.926166681,5259350.926166681,5259350.926166681,10001,0.0,0.0
GAUSSIAN,78,STRESS_CONTRACT_NEAR_HIGH,interior,5205656.214599361,5205656.21459936,5205656.215454802,10001,9.313225746154783e-10,0.0008554412052035
EMP,78,STRESS_CONTRACT_NEAR_HIGH,interior,5259350.926166681,5259350.926166681,5259350.926166681,10001,0.0,0.0
GAUSSIAN,78,STRESS_CAPACITY_NEAR,interior,5205656.214599361,5205656.21459936,5205656.225330566,10001,9.313225746154783e-10,0.0107312053442001
EMP,78,STRESS_CAPACITY_NEAR,interior,5259350.926166681,5259350.926166681,5259350.926166681,10001,0.0,0.0
GAUSSIAN,78,STRESS_CAPACITY_CLEAR,interior,5205656.214599361,5205656.214599361,5205656.241610272,10001,0.0,0.0270109111443161
EMP,78,STRESS_CAPACITY_CLEAR,interior,5259350.926166681,5259350.926166681,5259350.926166681,10001,0.0,0.0
GAUSSIAN,79,BASE_ACTUAL_NEAR,interior,5902485.023056138,5902485.023056138,5902485.040107167,10001,0.0,0.0170510290190577
EMP,79,BASE_ACTUAL_NEAR,interior,5944012.252944419,5944012.252944419,5944023.071914942,10001,0.0,10.8189705228433
GAUSSIAN,79,BASE_CAPACITY_NEAR,interior,5902485.023056138,5902485.023056138,5902485.028672049,10001,0.0,0.0056159105151891
EMP,79,BASE_CAPACITY_NEAR,interior,5944012.252944419,5944012.252944419,5944023.102805896,10001,0.0,10.849861476570368
GAUSSIAN,79,STRESS_ACTUAL_CLEAR,lower,5493845.450898824,5493845.450898824,5493845.450898824,10001,0.0,0.0
EMP,79,STRESS_ACTUAL_CLEAR,lower,5522996.367238911,5522996.367238911,5522996.367238911,10001,0.0,0.0
GAUSSIAN,79,STRESS_ACTUAL_NEAR,lower,5256211.43187834,5256211.43187834,5256211.43187834,10001,0.0,0.0
EMP,79,STRESS_ACTUAL_NEAR,lower,5325984.34755596,5325984.34755596,5325984.34755596,10001,0.0,0.0
GAUSSIAN,79,STRESS_CONTRACT_NEAR_LOW,lower,5251463.383395799,5251463.383395799,5251463.383395799,10001,0.0,0.0
EMP,79,STRESS_CONTRACT_NEAR_LOW,lower,5320771.675151936,5320771.675151936,5320771.675151936,10001,0.0,0.0
GAUSSIAN,79,STRESS_CONTRACT_CLEAR,interior,5249650.430280201,5249650.430280201,5249650.4425672535,10001,0.0,0.0122870523482561
EMP,79,STRESS_CONTRACT_CLEAR,interior,5310124.154913046,5310124.154913046,5310124.154913046,10001,0.0,0.0
GAUSSIAN,79,STRESS_CONTRACT_NEAR_HIGH,interior,5249650.430280201,5249650.430280201,5249650.431016078,10001,0.0,0.0007358770817518
EMP,79,STRESS_CONTRACT_NEAR_HIGH,interior,5310124.154913046,5310124.154913046,5310124.154913046,10001,0.0,0.0
GAUSSIAN,79,STRESS_CAPACITY_NEAR,interior,5249650.430280201,5249650.4302802,5249650.456826489,10001,9.313225746154783e-10,0.0265462882816791
EMP,79,STRESS_CAPACITY_NEAR,interior,5310124.154913046,5310124.154913046,5310124.154913046,10001,0.0,0.0
GAUSSIAN,79,STRESS_CAPACITY_CLEAR,interior,5249650.430280201,5249650.430280201,5249650.433016015,10001,0.0,0.0027358140796422
EMP,79,STRESS_CAPACITY_CLEAR,interior,5310124.154913046,5310124.154913046,5310124.154913046,10001,0.0,0.0
GAUSSIAN,80,BASE_ACTUAL_NEAR,interior,5847031.46104796,5847031.46104796,5847031.479541934,10001,9.313225746154783e-10,0.0184939736500382
EMP,80,BASE_ACTUAL_NEAR,interior,5856210.862645259,5856210.862645259,5856211.18848078,10001,0.0,0.325835520401597
GAUSSIAN,80,BASE_CAPACITY_NEAR,interior,5847031.46104796,5847031.46104796,5847031.470566944,10001,0.0,0.0095189837738871
EMP,80,BASE_CAPACITY_NEAR,interior,5856210.862645259,5856210.862645259,5856213.750151945,10001,0.0,2.887506686151028
GAUSSIAN,80,STRESS_ACTUAL_CLEAR,lower,5450359.350128519,5450359.350128519,5450359.350128519,10001,0.0,0.0
EMP,80,STRESS_ACTUAL_CLEAR,lower,5502193.450688557,5502193.450688557,5502193.450688557,10001,0.0,0.0
GAUSSIAN,80,STRESS_ACTUAL_NEAR,lower,5195436.662506642,5195436.662506642,5195436.662506642,10001,0.0,0.0
EMP,80,STRESS_ACTUAL_NEAR,lower,5234095.300953258,5234095.300953258,5234095.300953258,10001,0.0,0.0
GAUSSIAN,80,STRESS_CONTRACT_NEAR_LOW,lower,5191232.923384005,5191232.923384005,5191232.923384005,10001,0.0,0.0
EMP,80,STRESS_CONTRACT_NEAR_LOW,lower,5219008.934585154,5219008.934585154,5219008.934585154,10001,0.0,0.0
GAUSSIAN,80,STRESS_CONTRACT_CLEAR,interior,5190304.911283221,5190304.911283221,5190304.911757219,10001,0.0,0.0004739975556731
EMP,80,STRESS_CONTRACT_CLEAR,interior,5202356.75815683,5202356.758156829,5202356.758156829,10001,1.862645149230957e-09,-1.862645149230957e-09
GAUSSIAN,80,STRESS_CONTRACT_NEAR_HIGH,interior,5190304.911283221,5190304.911283221,5190304.936465867,10001,0.0,0.0251826457679271
EMP,80,STRESS_CONTRACT_NEAR_HIGH,interior,5202356.75815683,5202356.758156829,5202356.758156829,10001,1.862645149230957e-09,-1.862645149230957e-09
GAUSSIAN,80,STRESS_CAPACITY_NEAR,interior,5190304.911283221,5190304.911283221,5190304.922872547,10001,0.0,0.0115893259644508
EMP,80,STRESS_CAPACITY_NEAR,interior,5202356.75815683,5202356.758156829,5202356.758156829,10001,1.862645149230957e-09,-1.862645149230957e-09
GAUSSIAN,80,STRESS_CAPACITY_CLEAR,interior,5190304.911283221,5190304.911283221,5190304.913872037,10001,0.0,0.0025888159871101
EMP,80,STRESS_CAPACITY_CLEAR,interior,5202356.75815683,5202356.758156829,5202356.758156829,10001,1.862645149230957e-09,-1.862645149230957e-09
GAUSSIAN,81,BASE_ACTUAL_NEAR,interior,6141943.690007148,6141943.690007148,6141943.699136375,10001,0.0,0.0091292262077331
EMP,81,BASE_ACTUAL_NEAR,interior,5937254.827633745,5937254.827633745,5937262.72752689,10001,0.0,7.89989314507693
GAUSSIAN,81,BASE_CAPACITY_NEAR,interior,6141943.690007148,6141943.690007148,6141943.692494126,10001,0.0,0.002486977726221
EMP,81,BASE_CAPACITY_NEAR,interior,5937254.827633745,5937254.827633745,5937260.962383274,10001,0.0,6.134749528951943
GAUSSIAN,81,STRESS_ACTUAL_CLEAR,lower,5670520.302977098,5670520.302977098,5670520.302977098,10001,0.0,0.0
EMP,81,STRESS_ACTUAL_CLEAR,lower,5938105.1408702405,5938105.1408702405,5938105.1408702405,10001,0.0,0.0
GAUSSIAN,81,STRESS_ACTUAL_NEAR,lower,5494951.490973726,5494951.490973726,5494951.490973726,10001,0.0,0.0
EMP,81,STRESS_ACTUAL_NEAR,lower,5615684.117928993,5615684.117928993,5615684.117928993,10001,0.0,0.0
GAUSSIAN,81,STRESS_CONTRACT_NEAR_LOW,lower,5491919.168263208,5491919.168263208,5491919.168263208,10001,0.0,0.0
EMP,81,STRESS_CONTRACT_NEAR_LOW,lower,5589620.755908871,5589620.755908871,5589620.755908871,10001,0.0,0.0
GAUSSIAN,81,STRESS_CONTRACT_CLEAR,interior,5491037.975461118,5491037.975461118,5491037.983394862,10001,0.0,0.0079337442293763
EMP,81,STRESS_CONTRACT_CLEAR,interior,5371727.352660632,5371727.352660631,5371727.352660631,10001,9.313225746154783e-10,-9.313225746154783e-10
GAUSSIAN,81,STRESS_CONTRACT_NEAR_HIGH,interior,5491037.975461118,5491037.975461118,5491037.979533126,10001,0.0,0.0040720077231526
EMP,81,STRESS_CONTRACT_NEAR_HIGH,interior,5371727.352660632,5371727.352660631,5371727.352660631,10001,9.313225746154783e-10,-9.313225746154783e-10
GAUSSIAN,81,STRESS_CAPACITY_NEAR,interior,5491037.975461118,5491037.975461118,5491037.986541264,10001,0.0,0.0110801458358764
EMP,81,STRESS_CAPACITY_NEAR,interior,5371727.352660632,5371727.352660631,5371727.352660631,10001,9.313225746154783e-10,-9.313225746154783e-10
GAUSSIAN,81,STRESS_CAPACITY_CLEAR,interior,5491037.975461118,5491037.975461118,5491037.978408087,10001,0.0,0.0029469691216945
EMP,81,STRESS_CAPACITY_CLEAR,interior,5371727.352660632,5371727.352660631,5371727.352660631,10001,9.313225746154783e-10,-9.313225746154783e-10
GAUSSIAN,82,BASE_ACTUAL_NEAR,interior,5843375.587503888,5843375.587503888,5843375.587589406,10001,0.0,8.551869541406631e-05
EMP,82,BASE_ACTUAL_NEAR,interior,5775313.587951893,5775313.587951893,5775322.503904913,10001,0.0,8.91595301963389
GAUSSIAN,82,BASE_CAPACITY_NEAR,interior,5843375.587503888,5843375.587503888,5843375.59041952,10001,0.0,0.0029156319797039
EMP,82,BASE_CAPACITY_NEAR,interior,5775313.587951893,5775313.587951893,5775318.684674494,10001,0.0,5.096722600981593
GAUSSIAN,82,STRESS_ACTUAL_CLEAR,lower,5477318.978062199,5477318.978062199,5477318.978062199,10001,0.0,0.0
EMP,82,STRESS_ACTUAL_CLEAR,lower,5589527.065441994,5589527.065441994,5589527.065441994,10001,0.0,0.0
GAUSSIAN,82,STRESS_ACTUAL_NEAR,lower,5212956.589906568,5212956.589906568,5212956.589906568,10001,0.0,0.0
EMP,82,STRESS_ACTUAL_NEAR,lower,5242112.654955868,5242112.654955868,5242112.654955868,10001,0.0,0.0
GAUSSIAN,82,STRESS_CONTRACT_NEAR_LOW,lower,5205217.62704575,5205217.62704575,5205217.62704575,10001,0.0,0.0
EMP,82,STRESS_CONTRACT_NEAR_LOW,lower,5216049.292935745,5216049.292935745,5216049.292935745,10001,0.0,0.0
GAUSSIAN,82,STRESS_CONTRACT_CLEAR,interior,5198393.547571504,5198393.547571503,5198393.548901932,10001,9.313225746154783e-10,0.0013304287567734
EMP,82,STRESS_CONTRACT_CLEAR,interior,5144051.249206802,5144051.249206802,5144051.249206802,10001,0.0,0.0
GAUSSIAN,82,STRESS_CONTRACT_NEAR_HIGH,interior,5198393.547571504,5198393.547571504,5198393.5695730345,10001,0.0,0.0220015309751033
EMP,82,STRESS_CONTRACT_NEAR_HIGH,interior,5144051.249206802,5144051.249206802,5144051.249206802,10001,0.0,0.0
GAUSSIAN,82,STRESS_CAPACITY_NEAR,interior,5198393.547571504,5198393.547571504,5198393.549459435,10001,0.0,0.0018879314884543
EMP,82,STRESS_CAPACITY_NEAR,interior,5144051.249206802,5144051.249206802,5144051.249206802,10001,0.0,0.0
GAUSSIAN,82,STRESS_CAPACITY_CLEAR,interior,5198393.547571504,5198393.547571503,5198393.554891401,10001,9.313225746154783e-10,0.0073198974132537
EMP,82,STRESS_CAPACITY_CLEAR,interior,5144051.249206802,5144051.249206802,5144051.249206802,10001,0.0,0.0
GAUSSIAN,83,BASE_ACTUAL_NEAR,interior,6039038.106920584,6039038.106920584,6039038.121510707,10001,0.0,0.0145901227369904
EMP,83,BASE_ACTUAL_NEAR,interior,5954707.046345046,5954707.046345046,5954707.149269285,10001,0.0,0.1029242388904094
GAUSSIAN,83,BASE_CAPACITY_NEAR,interior,6039038.106920584,6039038.106920583,6039038.107294718,10001,9.313225746154783e-10,0.0003741336986422
EMP,83,BASE_CAPACITY_NEAR,interior,5954707.046345046,5954707.046345046,5954711.281031519,10001,0.0,4.2346864733845
GAUSSIAN,83,STRESS_ACTUAL_CLEAR,lower,5588067.276287459,5588067.276287459,5588067.276287459,10001,0.0,0.0
EMP,83,STRESS_ACTUAL_CLEAR,lower,5772536.332992693,5772536.332992693,5772536.332992693,10001,0.0,0.0
GAUSSIAN,83,STRESS_ACTUAL_NEAR,lower,5390776.406923633,5390776.406923633,5390776.406923633,10001,0.0,0.0
EMP,83,STRESS_ACTUAL_NEAR,lower,5448582.025598961,5448582.025598961,5448582.025598961,10001,0.0,0.0
GAUSSIAN,83,STRESS_CONTRACT_NEAR_LOW,lower,5387366.409086179,5387366.409086179,5387366.409086179,10001,0.0,0.0
EMP,83,STRESS_CONTRACT_NEAR_LOW,lower,5425641.144373423,5425641.144373423,5425641.144373423,10001,0.0,0.0
GAUSSIAN,83,STRESS_CONTRACT_CLEAR,interior,5386405.694057087,5386405.694057087,5386405.711768783,10001,0.0,0.0177116962149739
EMP,83,STRESS_CONTRACT_CLEAR,interior,5356768.799249716,5356768.799249715,5356768.799249715,10001,9.313225746154783e-10,-9.313225746154783e-10
GAUSSIAN,83,STRESS_CONTRACT_NEAR_HIGH,interior,5386405.694057087,5386405.694057087,5386405.694673761,10001,0.0,0.000616674311459
EMP,83,STRESS_CONTRACT_NEAR_HIGH,interior,5356768.799249716,5356768.799249715,5356768.799249715,10001,9.313225746154783e-10,-9.313225746154783e-10
GAUSSIAN,83,STRESS_CAPACITY_NEAR,interior,5386405.694057087,5386405.694057087,5386405.7200823445,10001,0.0,0.0260252580046653
EMP,83,STRESS_CAPACITY_NEAR,interior,5356768.799249716,5356768.799249715,5356768.799249715,10001,9.313225746154783e-10,-9.313225746154783e-10
GAUSSIAN,83,STRESS_CAPACITY_CLEAR,interior,5386405.694057087,5386405.694057087,5386405.713544542,10001,0.0,0.0194874554872512
EMP,83,STRESS_CAPACITY_CLEAR,interior,5356768.799249716,5356768.799249715,5356768.799249715,10001,9.313225746154783e-10,-9.313225746154783e-10
GAUSSIAN,84,BASE_ACTUAL_NEAR,interior,6071049.109074078,6071049.109074078,6071049.128210205,10001,0.0,0.0191361270844936
EMP,84,BASE_ACTUAL_NEAR,interior,5887971.091282699,5887971.091282699,5887975.33480542,10001,0.0,4.24352272041142
GAUSSIAN,84,BASE_CAPACITY_NEAR,interior,6071049.109074078,6071049.109074078,6071049.113491346,10001,0.0,0.0044172685593366
EMP,84,BASE_CAPACITY_NEAR,interior,5887971.091282699,5887971.091282699,5887979.641988474,10001,0.0,8.55070577468723
GAUSSIAN,84,STRESS_ACTUAL_CLEAR,lower,5601864.813927823,5601864.813927823,5601864.813927823,10001,0.0,0.0
EMP,84,STRESS_ACTUAL_CLEAR,lower,5773049.716234961,5773049.716234961,5773049.716234961,10001,0.0,0.0
GAUSSIAN,84,STRESS_ACTUAL_NEAR,lower,5417135.546036843,5417135.546036843,5417135.546036843,10001,0.0,0.0
EMP,84,STRESS_ACTUAL_NEAR,lower,5445963.265004428,5445963.265004428,5445963.265004428,10001,0.0,0.0
GAUSSIAN,84,STRESS_CONTRACT_NEAR_LOW,lower,5414950.716633622,5414950.716633622,5414950.716633622,10001,0.0,0.0
EMP,84,STRESS_CONTRACT_NEAR_LOW,lower,5421790.909580262,5421790.909580262,5421790.909580262,10001,0.0,0.0
GAUSSIAN,84,STRESS_CONTRACT_CLEAR,interior,5414767.655258359,5414767.65525836,5414767.662040937,10001,0.0,0.0067825773730874
EMP,84,STRESS_CONTRACT_CLEAR,interior,5298779.271622484,5298779.271622483,5298779.271622483,10001,9.313225746154783e-10,-9.313225746154783e-10
GAUSSIAN,84,STRESS_CONTRACT_NEAR_HIGH,interior,5414767.655258359,5414767.65525836,5414767.665212537,10001,0.0,0.0099541777744889
EMP,84,STRESS_CONTRACT_NEAR_HIGH,interior,5298779.271622484,5298779.271622483,5298779.271622483,10001,9.313225746154783e-10,-9.313225746154783e-10
GAUSSIAN,84,STRESS_CAPACITY_NEAR,interior,5414767.655258359,5414767.655258359,5414767.668926441,10001,0.0,0.0136680817231535
EMP,84,STRESS_CAPACITY_NEAR,interior,5298779.271622484,5298779.271622483,5298779.271622484,10001,9.313225746154783e-10,0.0
GAUSSIAN,84,STRESS_CAPACITY_CLEAR,interior,5414767.655258359,5414767.655258359,5414767.655324238,10001,0.0,6.58789649605751e-05
EMP,84,STRESS_CAPACITY_CLEAR,interior,5298779.271622484,5298779.271622483,5298779.271622483,10001,9.313225746154783e-10,-9.313225746154783e-10
GAUSSIAN,85,BASE_ACTUAL_NEAR,interior,6277404.156736602,6277404.156736601,6277404.171189948,10001,9.313225746154783e-10,0.0144533459097146
EMP,85,BASE_ACTUAL_NEAR,interior,6163786.154679748,6163786.154679748,6163795.623298974,10001,0.0,9.468619225546718
GAUSSIAN,85,BASE_CAPACITY_NEAR,interior,6277404.156736602,6277404.156736602,6277404.159989167,10001,0.0,0.0032525649294257
EMP,85,BASE_CAPACITY_NEAR,interior,6163786.154679748,6163786.154679748,6163795.116203143,10001,0.0,8.96152339503169
GAUSSIAN,85,STRESS_ACTUAL_CLEAR,lower,5699773.25212405,5699773.25212405,5699773.25212405,10001,0.0,0.0
EMP,85,STRESS_ACTUAL_CLEAR,lower,5827441.092225187,5827441.092225187,5827441.092225187,10001,0.0,0.0
GAUSSIAN,85,STRESS_ACTUAL_NEAR,interior,5596246.036623637,5596246.036623638,5596246.058827457,10001,0.0,0.0222038198262453
EMP,85,STRESS_ACTUAL_NEAR,lower,5572337.843549501,5572337.843549501,5572337.843549501,10001,0.0,0.0
GAUSSIAN,85,STRESS_CONTRACT_NEAR_LOW,interior,5596246.036623637,5596246.036623637,5596246.036652911,10001,0.0,2.927333116531372e-05
EMP,85,STRESS_CONTRACT_NEAR_LOW,lower,5556699.826337428,5556699.826337428,5556699.826337428,10001,0.0,0.0
GAUSSIAN,85,STRESS_CONTRACT_CLEAR,interior,5596246.036623637,5596246.036623638,5596246.036695672,10001,0.0,7.203500717878342e-05
EMP,85,STRESS_CONTRACT_CLEAR,interior,5532837.683141851,5532837.68314185,5532837.683141851,10001,9.313225746154783e-10,0.0
GAUSSIAN,85,STRESS_CONTRACT_NEAR_HIGH,interior,5596246.036623637,5596246.036623638,5596246.047011635,10001,0.0,0.0103879980742931
EMP,85,STRESS_CONTRACT_NEAR_HIGH,interior,5532837.683141851,5532837.68314185,5532837.683141851,10001,9.313225746154783e-10,0.0
GAUSSIAN,85,STRESS_CAPACITY_NEAR,interior,5596246.036623637,5596246.036623637,5596246.053236692,10001,0.0,0.0166130550205707
EMP,85,STRESS_CAPACITY_NEAR,interior,5532837.683141851,5532837.68314185,5532837.683141851,10001,9.313225746154783e-10,0.0
GAUSSIAN,85,STRESS_CAPACITY_CLEAR,interior,5596246.036623637,5596246.036623638,5596246.039959983,10001,0.0,0.0033363457769155
EMP,85,STRESS_CAPACITY_CLEAR,interior,5532837.683141851,5532837.68314185,5532837.683141851,10001,9.313225746154783e-10,0.0
GAUSSIAN,86,BASE_ACTUAL_NEAR,interior,6607548.702283235,6607548.702283235,6607548.714881464,10001,0.0,0.0125982286408543
EMP,86,BASE_ACTUAL_NEAR,interior,6394254.419337399,6394254.419337399,6394260.700506898,10001,0.0,6.281169498339295
GAUSSIAN,86,BASE_CAPACITY_NEAR,interior,6607548.702283235,6607548.702283235,6607548.718607021,10001,0.0,0.0163237852975726
EMP,86,BASE_CAPACITY_NEAR,interior,6394254.419337399,6394254.419337399,6394264.258752501,10001,0.0,9.839415101334453
GAUSSIAN,86,STRESS_ACTUAL_CLEAR,lower,5923495.307213261,5923495.307213261,5923495.307213261,10001,0.0,0.0
EMP,86,STRESS_ACTUAL_CLEAR,lower,5909102.176093108,5909102.176093108,5909102.176093108,10001,0.0,0.0
GAUSSIAN,86,STRESS_ACTUAL_NEAR,interior,5895213.441837231,5895213.441837231,5895213.456978121,10001,0.0,0.0151408901438117
EMP,86,STRESS_ACTUAL_NEAR,interior,5711612.711405578,5711612.711405578,5711612.711405578,10001,0.0,0.0
GAUSSIAN,86,STRESS_CONTRACT_NEAR_LOW,interior,5895213.441837231,5895213.441837231,5895213.44269268,10001,0.0,0.0008554495871067
EMP,86,STRESS_CONTRACT_NEAR_LOW,interior,5711612.711405578,5711612.711405578,5711612.711405578,10001,0.0,0.0
GAUSSIAN,86,STRESS_CONTRACT_CLEAR,interior,5895213.441837231,5895213.441837231,5895213.443257776,10001,0.0,0.0014205453917384
EMP,86,STRESS_CONTRACT_CLEAR,interior,5711612.711405578,5711612.711405578,5711612.711405578,10001,0.0,0.0
GAUSSIAN,86,STRESS_CONTRACT_NEAR_HIGH,interior,5895213.441837231,5895213.441837231,5895213.442700269,10001,0.0,0.0008630380034446
EMP,86,STRESS_CONTRACT_NEAR_HIGH,interior,5711612.711405578,5711612.711405578,5711612.711405578,10001,0.0,0.0
GAUSSIAN,86,STRESS_CAPACITY_NEAR,interior,5895213.441837231,5895213.441837231,5895213.450936369,10001,0.0,0.009099137969315
EMP,86,STRESS_CAPACITY_NEAR,interior,5711612.711405578,5711612.711405578,5711612.711405578,10001,0.0,0.0
GAUSSIAN,86,STRESS_CAPACITY_CLEAR,interior,5895213.441837231,5895213.441837231,5895213.442038102,10001,0.0,0.0002008713781833
EMP,86,STRESS_CAPACITY_CLEAR,interior,5711612.711405578,5711612.711405578,5711612.711405578,10001,0.0,0.0
GAUSSIAN,87,BASE_ACTUAL_NEAR,interior,6724875.230011613,6724875.230011614,6724875.23254817,10001,0.0,0.0025365566834807
EMP,87,BASE_ACTUAL_NEAR,interior,6429952.936947492,6429952.936947492,6429956.6807986,10001,0.0,3.74385110847652
GAUSSIAN,87,BASE_CAPACITY_NEAR,interior,6724875.230011613,6724875.230011613,6724875.230574779,10001,0.0,0.0005631661042571
EMP,87,BASE_CAPACITY_NEAR,interior,6429952.936947492,6429952.936947492,6429961.744014697,10001,0.0,8.80706720519811
GAUSSIAN,87,STRESS_ACTUAL_CLEAR,lower,6059453.269127555,6059453.269127555,6059453.269127555,10001,0.0,0.0
EMP,87,STRESS_ACTUAL_CLEAR,lower,6175155.067212272,6175155.067212272,6175155.067212272,10001,0.0,0.0
GAUSSIAN,87,STRESS_ACTUAL_NEAR,interior,6024348.962100962,6024348.962100962,6024348.987645421,10001,0.0,0.0255444590002298
EMP,87,STRESS_ACTUAL_NEAR,lower,5875113.594189952,5875113.594189952,5875113.594189952,10001,0.0,0.0
GAUSSIAN,87,STRESS_CONTRACT_NEAR_LOW,interior,6024348.962100962,6024348.962100962,6024348.966496475,10001,0.0,0.0043955128639936
EMP,87,STRESS_CONTRACT_NEAR_LOW,lower,5857211.360383855,5857211.360383855,5857211.360383854,10001,9.313225746154783e-10,-9.313225746154783e-10
GAUSSIAN,87,STRESS_CONTRACT_CLEAR,interior,6024348.962100962,6024348.962100962,6024348.9839078,10001,0.0,0.02180683799088
EMP,87,STRESS_CONTRACT_CLEAR,interior,5795311.150719431,5795311.150719431,5795311.150719431,10001,0.0,0.0
GAUSSIAN,87,STRESS_CONTRACT_NEAR_HIGH,interior,6024348.962100962,6024348.962100962,6024348.96872429,10001,0.0,0.0066233277320861
EMP,87,STRESS_CONTRACT_NEAR_HIGH,interior,5795311.150719431,5795311.150719431,5795311.150719431,10001,0.0,0.0
GAUSSIAN,87,STRESS_CAPACITY_NEAR,interior,6024348.962100962,6024348.962100962,6024348.962325518,10001,0.0,0.0002245558425784
EMP,87,STRESS_CAPACITY_NEAR,interior,5795311.150719431,5795311.150719431,5795311.150719431,10001,0.0,0.0
GAUSSIAN,87,STRESS_CAPACITY_CLEAR,interior,6024348.962100962,6024348.962100962,6024348.963147937,10001,0.0,0.0010469751432538
EMP,87,STRESS_CAPACITY_CLEAR,interior,5795311.150719431,5795311.150719431,5795311.150719431,10001,0.0,0.0
GAUSSIAN,88,BASE_ACTUAL_NEAR,interior,6718779.823970404,6718779.823970404,6718779.82409785,10001,0.0,0.0001274459064006
EMP,88,BASE_ACTUAL_NEAR,interior,6025279.480387221,6025279.480387221,6025282.390752691,10001,0.0,2.910365469753742
GAUSSIAN,88,BASE_CAPACITY_NEAR,interior,6718779.823970404,6718779.823970404,6718779.8342354605,10001,9.313225746154783e-10,0.0102650560438632
EMP,88,BASE_CAPACITY_NEAR,interior,6025279.480387221,6025279.480387221,6025284.162891844,10001,0.0,4.682504623197019
GAUSSIAN,88,STRESS_ACTUAL_CLEAR,lower,6115476.823206039,6115476.823206039,6115476.823206039,10001,0.0,0.0
EMP,88,STRESS_ACTUAL_CLEAR,lower,6146250.359014801,6146250.359014801,6146250.359014801,10001,0.0,0.0
GAUSSIAN,88,STRESS_ACTUAL_NEAR,interior,6046381.786995335,6046381.786995335,6046381.798770605,10001,0.0,0.0117752701044082
EMP,88,STRESS_ACTUAL_NEAR,lower,5682108.54993187,5682108.54993187,5682108.54993187,10001,0.0,0.0
GAUSSIAN,88,STRESS_CONTRACT_NEAR_LOW,interior,6046381.786995335,6046381.786995335,6046381.791643353,10001,0.0,0.0046480186283588
EMP,88,STRESS_CONTRACT_NEAR_LOW,lower,5649722.767262534,5649722.767262534,5649722.767262534,10001,0.0,0.0
GAUSSIAN,88,STRESS_CONTRACT_CLEAR,interior,6046381.786995335,6046381.786995335,6046381.789727922,10001,0.0,0.0027325870469212
EMP,88,STRESS_CONTRACT_CLEAR,interior,5432953.150045661,5432953.150045661,5432953.150045661,10001,0.0,0.0
GAUSSIAN,88,STRESS_CONTRACT_NEAR_HIGH,interior,6046381.786995335,6046381.786995335,6046381.795198064,10001,0.0,0.0082027297466993
EMP,88,STRESS_CONTRACT_NEAR_HIGH,interior,5432953.150045661,5432953.150045661,5432953.150045661,10001,0.0,0.0
GAUSSIAN,88,STRESS_CAPACITY_NEAR,interior,6046381.786995335,6046381.786995335,6046381.788283754,10001,0.0,0.0012884195894002
EMP,88,STRESS_CAPACITY_NEAR,interior,5432953.150045661,5432953.150045661,5432953.150045661,10001,0.0,0.0
GAUSSIAN,88,STRESS_CAPACITY_CLEAR,interior,6046381.786995335,6046381.786995335,6046381.790834943,10001,0.0,0.0038396082818508
EMP,88,STRESS_CAPACITY_CLEAR,interior,5432953.150045661,5432953.150045661,5432953.150045661,10001,0.0,0.0
GAUSSIAN,89,BASE_ACTUAL_NEAR,interior,6114985.5699995225,6114985.569999523,6114985.594454898,10001,0.0,0.0244553750380873
EMP,89,BASE_ACTUAL_NEAR,interior,6108708.961930983,6108708.961930983,6108712.636951387,10001,0.0,3.675020404160023
GAUSSIAN,89,BASE_CAPACITY_NEAR,interior,6114985.5699995225,6114985.5699995225,6114985.570398593,10001,0.0,0.0003990707919001
EMP,89,BASE_CAPACITY_NEAR,interior,6108708.961930983,6108708.961930983,6108713.354219314,10001,0.0,4.392288330942392
GAUSSIAN,89,STRESS_ACTUAL_CLEAR,lower,5591240.646444979,5591240.646444979,5591240.646444979,10001,0.0,0.0
EMP,89,STRESS_ACTUAL_CLEAR,lower,5666585.681071712,5666585.681071712,5666585.681071712,10001,0.0,0.0
GAUSSIAN,89,STRESS_ACTUAL_NEAR,interior,5442433.173836494,5442433.173836496,5442433.189365692,10001,0.0,0.015529197640717
EMP,89,STRESS_ACTUAL_NEAR,lower,5456432.169322897,5456432.169322897,5456432.169322897,10001,0.0,0.0
GAUSSIAN,89,STRESS_CONTRACT_NEAR_LOW,interior,5442433.173836494,5442433.173836496,5442433.179994058,10001,0.0,0.0061575639992952
EMP,89,STRESS_CONTRACT_NEAR_LOW,lower,5452738.675621354,5452738.675621354,5452738.675621354,10001,0.0,0.0
GAUSSIAN,89,STRESS_CONTRACT_CLEAR,interior,5442433.173836494,5442433.173836494,5442433.179787389,10001,0.0,0.0059508951380848
EMP,89,STRESS_CONTRACT_CLEAR,interior,5452738.675621354,5452738.675621354,5452738.675621354,10001,0.0,0.0
GAUSSIAN,89,STRESS_CONTRACT_NEAR_HIGH,interior,5442433.173836494,5442433.173836496,5442433.178618819,10001,0.0,0.0047823255881667
EMP,89,STRESS_CONTRACT_NEAR_HIGH,interior,5452738.675621354,5452738.675621354,5452738.675621354,10001,0.0,0.0
GAUSSIAN,89,STRESS_CAPACITY_NEAR,interior,5442433.173836494,5442433.173836496,5442433.195537328,10001,0.0,0.0217008339241147
EMP,89,STRESS_CAPACITY_NEAR,interior,5452738.675621354,5452738.675621354,5452738.675621354,10001,0.0,0.0
GAUSSIAN,89,STRESS_CAPACITY_CLEAR,interior,5442433.173836494,5442433.173836494,5442433.177940494,10001,0.0,0.0041040005162358
EMP,89,STRESS_CAPACITY_CLEAR,interior,5452738.675621354,5452738.675621354,5452738.675621354,10001,0.0,0.0
GAUSSIAN,90,BASE_ACTUAL_NEAR,interior,5379771.553860865,5379771.553860865,5379771.55939249,10001,0.0,0.0055316258221864
EMP,90,BASE_ACTUAL_NEAR,interior,5431804.653916071,5431804.653916071,5431810.413180583,10001,0.0,5.759264511987567
GAUSSIAN,90,BASE_CAPACITY_NEAR,interior,5379771.553860865,5379771.553860865,5379771.554028024,10001,0.0,0.0001671593636274
EMP,90,BASE_CAPACITY_NEAR,interior,5431804.653916071,5431804.653916071,5431807.494826311,10001,0.0,2.8409102400764823
GAUSSIAN,90,STRESS_ACTUAL_CLEAR,lower,5353905.409690756,5353905.409690756,5353905.409690756,10001,0.0,0.0
EMP,90,STRESS_ACTUAL_CLEAR,lower,5352159.209635783,5352159.209635783,5352159.209635783,10001,0.0,0.0
GAUSSIAN,90,STRESS_ACTUAL_NEAR,lower,4891320.589443593,4891320.589443593,4891320.589443593,10001,0.0,0.0
EMP,90,STRESS_ACTUAL_NEAR,lower,4923488.782259443,4923488.782259443,4923488.782259443,10001,0.0,0.0
GAUSSIAN,90,STRESS_CONTRACT_NEAR_LOW,lower,4863827.202480672,4863827.202480672,4863827.202480672,10001,0.0,0.0
EMP,90,STRESS_CONTRACT_NEAR_LOW,lower,4897781.982024692,4897781.982024692,4897781.982024692,10001,0.0,0.0
GAUSSIAN,90,STRESS_CONTRACT_CLEAR,interior,4768275.777362162,4768275.777362162,4768275.825057261,10001,0.0,0.0476950984448194
EMP,90,STRESS_CONTRACT_CLEAR,interior,4861863.052515748,4861863.052515747,4861863.052515747,10001,9.313225746154783e-10,-9.313225746154783e-10
GAUSSIAN,90,STRESS_CONTRACT_NEAR_HIGH,interior,4768275.777362162,4768275.777362161,4768275.778494729,10001,9.313225746154783e-10,0.0011325664818286
EMP,90,STRESS_CONTRACT_NEAR_HIGH,interior,4861863.052515748,4861863.052515747,4861863.052515747,10001,9.313225746154783e-10,-9.313225746154783e-10
GAUSSIAN,90,STRESS_CAPACITY_NEAR,interior,4768275.777362162,4768275.777362162,4768275.803153131,10001,0.0,0.0257909689098596
EMP,90,STRESS_CAPACITY_NEAR,interior,4861863.052515748,4861863.052515747,4861863.052515747,10001,9.313225746154783e-10,-9.313225746154783e-10
GAUSSIAN,90,STRESS_CAPACITY_CLEAR,interior,4768275.777362162,4768275.777362162,4768275.778027382,10001,0.0,0.0006652195006608
EMP,90,STRESS_CAPACITY_CLEAR,interior,4861863.052515748,4861863.052515747,4861863.052515747,10001,9.313225746154783e-10,-9.313225746154783e-10
GAUSSIAN,91,BASE_ACTUAL_NEAR,interior,6533089.464856183,6533089.464856184,6533089.473155407,10001,0.0,0.0082992240786552
EMP,91,BASE_ACTUAL_NEAR,interior,6526576.563969208,6526576.563969208,6526585.353230252,10001,0.0,8.78926104400307
GAUSSIAN,91,BASE_CAPACITY_NEAR,interior,6533089.464856183,6533089.464856184,6533089.476281351,10001,0.0,0.0114251682534813
EMP,91,BASE_CAPACITY_NEAR,interior,6526576.563969208,6526576.563969208,6526578.681705394,10001,0.0,2.117736185900867
GAUSSIAN,91,STRESS_ACTUAL_CLEAR,lower,5859834.211026042,5859834.211026042,5859834.211026042,10001,0.0,0.0
EMP,91,STRESS_ACTUAL_CLEAR,lower,6008756.712722142,6008756.712722142,6008756.712722142,10001,0.0,0.0
GAUSSIAN,91,STRESS_ACTUAL_NEAR,interior,5823830.1888036495,5823830.18880365,5823830.193030218,10001,0.0,0.0042265681549906
EMP,91,STRESS_ACTUAL_NEAR,lower,5888581.154842342,5888581.154842342,5888581.154842342,10001,0.0,0.0
GAUSSIAN,91,STRESS_CONTRACT_NEAR_LOW,interior,5823830.1888036495,5823830.1888036495,5823830.2143308455,10001,0.0,0.0255271960049867
EMP,91,STRESS_CONTRACT_NEAR_LOW,lower,5883368.4824383175,5883368.4824383175,5883368.482438318,10001,0.0,9.313225746154783e-10
GAUSSIAN,91,STRESS_CONTRACT_CLEAR,interior,5823830.1888036495,5823830.18880365,5823830.200665477,10001,0.0,0.011861827224493
EMP,91,STRESS_CONTRACT_CLEAR,interior,5875476.330522945,5875476.330522945,5875476.330522945,10001,0.0,0.0
GAUSSIAN,91,STRESS_CONTRACT_NEAR_HIGH,interior,5823830.1888036495,5823830.18880365,5823830.214075205,10001,0.0,0.0252715554088354
EMP,91,STRESS_CONTRACT_NEAR_HIGH,interior,5875476.330522945,5875476.330522945,5875476.330522945,10001,0.0,0.0
GAUSSIAN,91,STRESS_CAPACITY_NEAR,interior,5823830.1888036495,5823830.18880365,5823830.1967792045,10001,0.0,0.0079755550250411
EMP,91,STRESS_CAPACITY_NEAR,interior,5875476.330522945,5875476.330522945,5875476.330522945,10001,0.0,0.0
GAUSSIAN,91,STRESS_CAPACITY_CLEAR,interior,5823830.1888036495,5823830.1888036495,5823830.203446312,10001,0.0,0.0146426623687148
EMP,91,STRESS_CAPACITY_CLEAR,interior,5875476.330522945,5875476.330522945,5875476.330522945,10001,0.0,0.0
GAUSSIAN,92,BASE_ACTUAL_NEAR,interior,6628765.046697861,6628765.046697861,6628765.047435593,10001,0.0,0.0007377322763204
EMP,92,BASE_ACTUAL_NEAR,interior,6687111.506937038,6687111.506937038,6687121.029809799,10001,0.0,9.522872760891914
GAUSSIAN,92,BASE_CAPACITY_NEAR,interior,6628765.046697861,6628765.046697861,6628765.058955954,10001,0.0,0.012258093804121
EMP,92,BASE_CAPACITY_NEAR,interior,6687111.506937038,6687111.506937038,6687114.062064227,10001,0.0,2.555127188563347
GAUSSIAN,92,STRESS_ACTUAL_CLEAR,lower,5939189.188722728,5939189.188722728,5939189.188722728,10001,0.0,0.0
EMP,92,STRESS_ACTUAL_CLEAR,lower,6043551.202738749,6043551.202738749,6043551.202738749,10001,0.0,0.0
GAUSSIAN,92,STRESS_ACTUAL_NEAR,interior,5914232.143955523,5914232.143955524,5914232.149758776,10001,0.0,0.005803252570331
EMP,92,STRESS_ACTUAL_NEAR,interior,5999837.250675803,5999837.250675803,5999837.250675803,10001,0.0,0.0
GAUSSIAN,92,STRESS_CONTRACT_NEAR_LOW,interior,5914232.143955523,5914232.143955523,5914232.160279683,10001,0.0,0.0163241596892476
EMP,92,STRESS_CONTRACT_NEAR_LOW,interior,5999837.250675803,5999837.250675803,5999837.250675803,10001,0.0,0.0
GAUSSIAN,92,STRESS_CONTRACT_CLEAR,interior,5914232.143955523,5914232.143955524,5914232.162732061,10001,0.0,0.0187765378504991
EMP,92,STRESS_CONTRACT_CLEAR,interior,5999837.250675803,5999837.250675803,5999837.250675803,10001,0.0,0.0
GAUSSIAN,92,STRESS_CONTRACT_NEAR_HIGH,interior,5914232.143955523,5914232.143955524,5914232.144071039,10001,0.0,0.0001155156642198
EMP,92,STRESS_CONTRACT_NEAR_HIGH,interior,5999837.250675803,5999837.250675803,5999837.250675803,10001,0.0,0.0
GAUSSIAN,92,STRESS_CAPACITY_NEAR,interior,5914232.143955523,5914232.143955523,5914232.1683533685,10001,0.0,0.0243978453800082
EMP,92,STRESS_CAPACITY_NEAR,interior,5999837.250675803,5999837.250675803,5999837.250675803,10001,0.0,0.0
GAUSSIAN,92,STRESS_CAPACITY_CLEAR,interior,5914232.143955523,5914232.143955523,5914232.153496031,10001,0.0,0.009540507569909
EMP,92,STRESS_CAPACITY_CLEAR,interior,5999837.250675803,5999837.250675803,5999837.250675803,10001,0.0,0.0
GAUSSIAN,93,BASE_ACTUAL_NEAR,interior,5757441.375988669,5757441.375988669,5757441.398590344,10001,0.0,0.0226016752421855
EMP,93,BASE_ACTUAL_NEAR,interior,5630630.901569604,5630630.901569604,5630634.182681974,10001,0.0,3.281112370081246
GAUSSIAN,93,BASE_CAPACITY_NEAR,interior,5757441.375988669,5757441.375988669,5757441.376048203,10001,0.0,5.953386425971985e-05
EMP,93,BASE_CAPACITY_NEAR,interior,5630630.901569604,5630630.901569604,5630634.997345766,10001,0.0,4.095776162110269
GAUSSIAN,93,STRESS_ACTUAL_CLEAR,lower,5451028.99653364,5451028.99653364,5451028.99653364,10001,0.0,0.0
EMP,93,STRESS_ACTUAL_CLEAR,lower,5605243.598765512,5605243.598765512,5605243.598765512,10001,0.0,0.0
GAUSSIAN,93,STRESS_ACTUAL_NEAR,lower,5150647.125916419,5150647.125916419,5150647.125916419,10001,0.0,0.0
EMP,93,STRESS_ACTUAL_NEAR,lower,5244922.996984567,5244922.996984567,5244922.996984567,10001,0.0,0.0
GAUSSIAN,93,STRESS_CONTRACT_NEAR_LOW,lower,5139165.569807943,5139165.569807943,5139165.569807943,10001,0.0,0.0
EMP,93,STRESS_CONTRACT_NEAR_LOW,lower,5217373.69545248,5217373.69545248,5217373.69545248,10001,0.0,0.0
GAUSSIAN,93,STRESS_CONTRACT_CLEAR,interior,5121751.05754322,5121751.05754322,5121751.057543222,10001,0.0,1.862645149230957e-09
EMP,93,STRESS_CONTRACT_CLEAR,interior,5033807.605124903,5033807.605124903,5033807.605124903,10001,0.0,0.0
GAUSSIAN,93,STRESS_CONTRACT_NEAR_HIGH,interior,5121751.05754322,5121751.057543221,5121751.090409983,10001,0.0,0.0328667629510164
EMP,93,STRESS_CONTRACT_NEAR_HIGH,interior,5033807.605124903,5033807.605124903,5033807.605124903,10001,0.0,0.0
GAUSSIAN,93,STRESS_CAPACITY_NEAR,interior,5121751.05754322,5121751.05754322,5121751.057836459,10001,0.0,0.0002932390198111
EMP,93,STRESS_CAPACITY_NEAR,interior,5033807.605124903,5033807.605124903,5033807.605124903,10001,0.0,0.0
GAUSSIAN,93,STRESS_CAPACITY_CLEAR,interior,5121751.05754322,5121751.057543221,5121751.060531378,10001,0.0,0.0029881577938795
EMP,93,STRESS_CAPACITY_CLEAR,interior,5033807.605124903,5033807.605124903,5033807.605124903,10001,0.0,0.0
GAUSSIAN,94,BASE_ACTUAL_NEAR,interior,6547814.659052202,6547814.659052202,6547814.663496234,10001,0.0,0.0044440329074859
EMP,94,BASE_ACTUAL_NEAR,interior,6595579.540303575,6595579.540303575,6595580.427352353,10001,0.0,0.8870487781241536
GAUSSIAN,94,BASE_CAPACITY_NEAR,interior,6547814.659052202,6547814.659052202,6547814.671452016,10001,0.0,0.0123998140916228
EMP,94,BASE_CAPACITY_NEAR,interior,6595579.540303575,6595579.540303575,6595584.368960209,10001,0.0,4.828656634315848
GAUSSIAN,94,STRESS_ACTUAL_CLEAR,lower,5863514.617103975,5863514.617103975,5863514.617103975,10001,0.0,0.0
EMP,94,STRESS_ACTUAL_CLEAR,lower,5934724.499468244,5934724.499468244,5934724.499468244,10001,0.0,0.0
GAUSSIAN,94,STRESS_ACTUAL_NEAR,interior,5833859.406527408,5833859.406527408,5833859.406771819,10001,0.0,0.0002444116398692
EMP,94,STRESS_ACTUAL_NEAR,interior,5890993.945563923,5890993.945563922,5890993.945563922,10001,9.313225746154783e-10,-9.313225746154783e-10
GAUSSIAN,94,STRESS_CONTRACT_NEAR_LOW,interior,5833859.406527408,5833859.406527408,5833859.427512254,10001,0.0,0.0209848461672663
EMP,94,STRESS_CONTRACT_NEAR_LOW,interior,5890993.945563923,5890993.945563922,5890993.945563922,10001,9.313225746154783e-10,-9.313225746154783e-10
GAUSSIAN,94,STRESS_CONTRACT_CLEAR,interior,5833859.406527408,5833859.406527409,5833859.421955509,10001,0.0,0.0154281016439199
EMP,94,STRESS_CONTRACT_CLEAR,interior,5890993.945563923,5890993.945563922,5890993.945563922,10001,9.313225746154783e-10,-9.313225746154783e-10
GAUSSIAN,94,STRESS_CONTRACT_NEAR_HIGH,interior,5833859.406527408,5833859.406527409,5833859.40741368,10001,0.0,0.0008862726390361
EMP,94,STRESS_CONTRACT_NEAR_HIGH,interior,5890993.945563923,5890993.945563922,5890993.945563922,10001,9.313225746154783e-10,-9.313225746154783e-10
GAUSSIAN,94,STRESS_CAPACITY_NEAR,interior,5833859.406527408,5833859.406527409,5833859.410519488,10001,0.0,0.0039920806884765
EMP,94,STRESS_CAPACITY_NEAR,interior,5890993.945563923,5890993.945563922,5890993.945563922,10001,9.313225746154783e-10,-9.313225746154783e-10
GAUSSIAN,94,STRESS_CAPACITY_CLEAR,interior,5833859.406527408,5833859.406527408,5833859.41217855,10001,0.0,0.0056511424481868
EMP,94,STRESS_CAPACITY_CLEAR,interior,5890993.945563923,5890993.945563922,5890993.945563922,10001,9.313225746154783e-10,-9.313225746154783e-10
GAUSSIAN,95,BASE_ACTUAL_NEAR,interior,5412246.49413899,5412246.49413899,5412246.504942454,10001,0.0,0.0108034648001194
EMP,95,BASE_ACTUAL_NEAR,interior,5414163.741907166,5414163.741907166,5414166.7643573005,10001,0.0,3.0224501341581345
GAUSSIAN,95,BASE_CAPACITY_NEAR,interior,5412246.49413899,5412246.49413899,5412246.494141862,10001,0.0,2.872198820114136e-06
EMP,95,BASE_CAPACITY_NEAR,interior,5414163.741907166,5414163.741907166,5414168.677071772,10001,0.0,4.935164605267346
GAUSSIAN,95,STRESS_ACTUAL_CLEAR,lower,5353837.374032863,5353837.374032863,5353837.374032863,10001,0.0,0.0
EMP,95,STRESS_ACTUAL_CLEAR,lower,5361288.7420375375,5361288.7420375375,5361288.7420375375,10001,0.0,0.0
GAUSSIAN,95,STRESS_ACTUAL_NEAR,lower,4898784.350730699,4898784.350730699,4898784.350730699,10001,0.0,0.0
EMP,95,STRESS_ACTUAL_NEAR,lower,4973880.617193767,4973880.617193767,4973880.617193767,10001,0.0,0.0
GAUSSIAN,95,STRESS_CONTRACT_NEAR_LOW,lower,4872981.533379968,4872981.533379968,4872981.533379968,10001,0.0,0.0
EMP,95,STRESS_CONTRACT_NEAR_LOW,lower,4953029.927577669,4953029.927577669,4953029.927577669,10001,0.0,0.0
GAUSSIAN,95,STRESS_CONTRACT_CLEAR,interior,4794617.9394628005,4794617.9394628005,4794617.953328018,10001,0.0,0.0138652175664901
EMP,95,STRESS_CONTRACT_CLEAR,interior,4818990.227055583,4818990.227055581,4818990.227055581,10001,1.862645149230957e-09,-1.862645149230957e-09
GAUSSIAN,95,STRESS_CONTRACT_NEAR_HIGH,interior,4794617.9394628005,4794617.939462801,4794617.98393994,10001,0.0,0.0444771395996212
EMP,95,STRESS_CONTRACT_NEAR_HIGH,interior,4818990.227055583,4818990.227055581,4818990.227055581,10001,1.862645149230957e-09,-1.862645149230957e-09
GAUSSIAN,95,STRESS_CAPACITY_NEAR,interior,4794617.9394628005,4794617.939462801,4794617.961212352,10001,0.0,0.0217495514079928
EMP,95,STRESS_CAPACITY_NEAR,interior,4818990.227055583,4818990.227055581,4818990.227055581,10001,1.862645149230957e-09,-1.862645149230957e-09
GAUSSIAN,95,STRESS_CAPACITY_CLEAR,interior,4794617.9394628005,4794617.939462801,4794617.962086539,10001,0.0,0.0226237382739782
EMP,95,STRESS_CAPACITY_CLEAR,interior,4818990.227055583,4818990.227055581,4818990.227055581,10001,1.862645149230957e-09,-1.862645149230957e-09
GAUSSIAN,96,BASE_ACTUAL_NEAR,interior,5757288.630738769,5757288.630738768,5757288.631114583,10001,9.313225746154783e-10,0.0003758138045668
EMP,96,BASE_ACTUAL_NEAR,interior,5782956.773227175,5782956.773227175,5782965.134829609,10001,0.0,8.36160243395716
GAUSSIAN,96,BASE_CAPACITY_NEAR,interior,5757288.630738769,5757288.630738769,5757288.631344783,10001,0.0,0.00060601439327
EMP,96,BASE_CAPACITY_NEAR,interior,5782956.773227175,5782956.773227175,5782967.511521894,10001,0.0,10.738294718787074
GAUSSIAN,96,STRESS_ACTUAL_CLEAR,lower,5415313.854078224,5415313.854078224,5415313.854078224,10001,0.0,0.0
EMP,96,STRESS_ACTUAL_CLEAR,lower,5416773.907300053,5416773.907300053,5416773.907300053,10001,0.0,0.0
GAUSSIAN,96,STRESS_ACTUAL_NEAR,lower,5118028.5432398,5118028.5432398,5118028.5432398,10001,0.0,0.0
EMP,96,STRESS_ACTUAL_NEAR,lower,5142266.874025035,5142266.874025035,5142266.874025035,10001,0.0,0.0
GAUSSIAN,96,STRESS_CONTRACT_NEAR_LOW,lower,5110524.968729815,5110524.968729815,5110524.968729815,10001,0.0,0.0
EMP,96,STRESS_CONTRACT_NEAR_LOW,lower,5138804.407727226,5138804.407727225,5138804.407727225,10001,9.313225746154783e-10,-9.313225746154783e-10
GAUSSIAN,96,STRESS_CONTRACT_CLEAR,interior,5106053.7597576585,5106053.7597576585,5106053.800465927,10001,0.0,0.0407082680612802
EMP,96,STRESS_CONTRACT_CLEAR,interior,5138804.407727225,5138804.407727225,5138804.407727225,10001,0.0,0.0
GAUSSIAN,96,STRESS_CONTRACT_NEAR_HIGH,interior,5106053.7597576585,5106053.7597576585,5106053.798674501,10001,0.0,0.0389168420806527
EMP,96,STRESS_CONTRACT_NEAR_HIGH,interior,5138804.407727225,5138804.407727225,5138804.407727225,10001,0.0,0.0
GAUSSIAN,96,STRESS_CAPACITY_NEAR,interior,5106053.7597576585,5106053.7597576585,5106053.796950649,10001,0.0,0.0371929900720715
EMP,96,STRESS_CAPACITY_NEAR,interior,5138804.407727225,5138804.407727225,5138804.407727225,10001,0.0,0.0
GAUSSIAN,96,STRESS_CAPACITY_CLEAR,interior,5106053.7597576585,5106053.7597576585,5106053.779682806,10001,0.0,0.0199251472949981
EMP,96,STRESS_CAPACITY_CLEAR,interior,5138804.407727225,5138804.407727225,5138804.407727225,10001,0.0,0.0
GAUSSIAN,97,BASE_ACTUAL_NEAR,interior,6002962.064287666,6002962.064287666,6002962.06789195,10001,0.0,0.0036042835563421
EMP,97,BASE_ACTUAL_NEAR,interior,5871306.762259302,5871306.762259302,5871314.81254247,10001,0.0,8.050283168442547
GAUSSIAN,97,BASE_CAPACITY_NEAR,interior,6002962.064287666,6002962.064287666,6002962.072053309,10001,0.0,0.0077656423673033
EMP,97,BASE_CAPACITY_NEAR,interior,5871306.762259302,5871306.762259302,5871307.298307049,10001,0.0,0.5360477473586798
GAUSSIAN,97,STRESS_ACTUAL_CLEAR,lower,5538303.9754769495,5538303.9754769495,5538303.9754769495,10001,0.0,0.0
EMP,97,STRESS_ACTUAL_CLEAR,lower,5694754.491776357,5694754.491776357,5694754.491776357,10001,0.0,0.0
GAUSSIAN,97,STRESS_ACTUAL_NEAR,lower,5342524.464473384,5342524.464473384,5342524.464473384,10001,0.0,0.0
EMP,97,STRESS_ACTUAL_NEAR,lower,5355784.234045821,5355784.234045821,5355784.234045821,10001,0.0,0.0
GAUSSIAN,97,STRESS_CONTRACT_NEAR_LOW,interior,5341423.707481652,5341423.707481651,5341423.709142153,10001,9.313225746154783e-10,0.0016605015844106
EMP,97,STRESS_CONTRACT_NEAR_LOW,lower,5333205.41566538,5333205.41566538,5333205.41566538,10001,0.0,0.0
GAUSSIAN,97,STRESS_CONTRACT_CLEAR,interior,5341423.707481652,5341423.707481652,5341423.721200244,10001,0.0,0.0137185920029878
EMP,97,STRESS_CONTRACT_CLEAR,interior,5254527.751876033,5254527.751876033,5254527.751876033,10001,0.0,0.0
GAUSSIAN,97,STRESS_CONTRACT_NEAR_HIGH,interior,5341423.707481652,5341423.707481651,5341423.721944605,10001,9.313225746154783e-10,0.0144629534333944
EMP,97,STRESS_CONTRACT_NEAR_HIGH,interior,5254527.751876033,5254527.751876033,5254527.751876033,10001,0.0,0.0
GAUSSIAN,97,STRESS_CAPACITY_NEAR,interior,5341423.707481652,5341423.707481651,5341423.70763938,10001,9.313225746154783e-10,0.0001577287912368
EMP,97,STRESS_CAPACITY_NEAR,interior,5254527.751876033,5254527.751876033,5254527.751876033,10001,0.0,0.0
GAUSSIAN,97,STRESS_CAPACITY_CLEAR,interior,5341423.707481652,5341423.707481652,5341423.716628077,10001,0.0,0.0091464258730411
EMP,97,STRESS_CAPACITY_CLEAR,interior,5254527.751876033,5254527.751876033,5254527.751876033,10001,0.0,0.0
GAUSSIAN,98,BASE_ACTUAL_NEAR,interior,5684491.696518157,5684491.696518157,5684491.718441284,10001,0.0,0.0219231275841593
EMP,98,BASE_ACTUAL_NEAR,interior,5626946.662559179,5626946.662559179,5626946.903637345,10001,0.0,0.2410781662911176
GAUSSIAN,98,BASE_CAPACITY_NEAR,interior,5684491.696518157,5684491.696518157,5684491.696989779,10001,0.0,0.0004716226831078
EMP,98,BASE_CAPACITY_NEAR,interior,5626946.662559179,5626946.662559179,5626951.502626042,10001,0.0,4.84006686322391
GAUSSIAN,98,STRESS_ACTUAL_CLEAR,lower,5394995.5942866085,5394995.5942866085,5394995.5942866085,10001,0.0,0.0
EMP,98,STRESS_ACTUAL_CLEAR,lower,5500645.826489185,5500645.826489185,5500645.826489185,10001,0.0,0.0
GAUSSIAN,98,STRESS_ACTUAL_NEAR,lower,5061560.182484907,5061560.182484907,5061560.182484907,10001,0.0,0.0
EMP,98,STRESS_ACTUAL_NEAR,lower,5087416.833610851,5087416.833610851,5087416.833610851,10001,0.0,0.0
GAUSSIAN,98,STRESS_CONTRACT_NEAR_LOW,lower,5050563.039784205,5050563.039784205,5050563.039784205,10001,0.0,0.0
EMP,98,STRESS_CONTRACT_NEAR_LOW,lower,5065032.11873929,5065032.11873929,5065032.11873929,10001,0.0,0.0
GAUSSIAN,98,STRESS_CONTRACT_CLEAR,interior,5039351.850525428,5039351.850525428,5039351.8605722105,10001,0.0,0.0100467829033732
EMP,98,STRESS_CONTRACT_CLEAR,interior,5009147.567956244,5009147.567956243,5009147.567956243,10001,9.313225746154783e-10,-9.313225746154783e-10
GAUSSIAN,98,STRESS_CONTRACT_NEAR_HIGH,interior,5039351.850525428,5039351.850525428,5039351.851202665,10001,0.0,0.0006772372871637
EMP,98,STRESS_CONTRACT_NEAR_HIGH,interior,5009147.567956244,5009147.567956243,5009147.567956243,10001,9.313225746154783e-10,-9.313225746154783e-10
GAUSSIAN,98,STRESS_CAPACITY_NEAR,interior,5039351.850525428,5039351.850525428,5039351.8731139945,10001,0.0,0.0225885668769478
EMP,98,STRESS_CAPACITY_NEAR,interior,5009147.567956244,5009147.567956243,5009147.567956243,10001,9.313225746154783e-10,-9.313225746154783e-10
GAUSSIAN,98,STRESS_CAPACITY_CLEAR,interior,5039351.850525428,5039351.850525427,5039351.853519593,10001,9.313225746154783e-10,0.0029941657558083
EMP,98,STRESS_CAPACITY_CLEAR,interior,5009147.567956244,5009147.567956243,5009147.567956243,10001,9.313225746154783e-10,-9.313225746154783e-10
GAUSSIAN,99,BASE_ACTUAL_NEAR,interior,6322705.771518145,6322705.771518145,6322705.7761935815,10001,0.0,0.0046754367649555
EMP,99,BASE_ACTUAL_NEAR,interior,6366162.587219295,6366162.587219295,6366167.352336112,10001,0.0,4.7651168163865805
GAUSSIAN,99,BASE_CAPACITY_NEAR,interior,6322705.771518145,6322705.771518146,6322705.790170846,10001,0.0,0.0186527008190751
EMP,99,BASE_CAPACITY_NEAR,interior,6366162.587219295,6366162.587219295,6366170.221407818,10001,0.0,7.634188522584736
GAUSSIAN,99,STRESS_ACTUAL_CLEAR,lower,5691291.11013797,5691291.11013797,5691291.11013797,10001,0.0,0.0
EMP,99,STRESS_ACTUAL_CLEAR,lower,5793085.29872205,5793085.29872205,5793085.29872205,10001,0.0,0.0
GAUSSIAN,99,STRESS_ACTUAL_NEAR,interior,5623109.124470251,5623109.124470252,5623109.131235906,10001,0.0,0.0067656552419066
EMP,99,STRESS_ACTUAL_NEAR,interior,5681159.111663246,5681159.111663246,5681159.111663246,10001,0.0,0.0
GAUSSIAN,99,STRESS_CONTRACT_NEAR_LOW,interior,5623109.124470251,5623109.124470251,5623109.147014914,10001,0.0,0.0225446633994579
EMP,99,STRESS_CONTRACT_NEAR_LOW,interior,5681159.111663246,5681159.111663246,5681159.111663246,10001,0.0,0.0
GAUSSIAN,99,STRESS_CONTRACT_CLEAR,interior,5623109.124470251,5623109.124470251,5623109.127491375,10001,0.0,0.0030211238190531
EMP,99,STRESS_CONTRACT_CLEAR,interior,5681159.111663246,5681159.111663246,5681159.111663246,10001,0.0,0.0
GAUSSIAN,99,STRESS_CONTRACT_NEAR_HIGH,interior,5623109.124470251,5623109.124470251,5623109.137163641,10001,0.0,0.0126933902502059
EMP,99,STRESS_CONTRACT_NEAR_HIGH,interior,5681159.111663246,5681159.111663246,5681159.111663246,10001,0.0,0.0
GAUSSIAN,99,STRESS_CAPACITY_NEAR,interior,5623109.124470251,5623109.124470251,5623109.131684972,10001,0.0,0.0072147212922573
EMP,99,STRESS_CAPACITY_NEAR,interior,5681159.111663246,5681159.111663246,5681159.111663246,10001,0.0,0.0
GAUSSIAN,99,STRESS_CAPACITY_CLEAR,interior,5623109.124470251,5623109.124470251,5623109.133388436,10001,0.0,0.0089181847870349
EMP,99,STRESS_CAPACITY_CLEAR,interior,5681159.111663246,5681159.111663246,5681159.111663246,10001,0.0,0.0
ORACLE,-1,BASE_ACTUAL_NEAR,interior,5894015.071988972,5894015.071988974,5894081.073161803,101,0.0,66.00117283128202
ORACLE,-1,BASE_CAPACITY_NEAR,interior,5894015.071988972,5894015.071988972,5894126.449947262,101,0.0,111.37795829027893
ORACLE,-1,STRESS_ACTUAL_CLEAR,lower,5655122.8127588285,5655122.8127588285,5655122.8127588285,101,0.0,0.0
ORACLE,-1,STRESS_ACTUAL_NEAR,lower,5341435.487882147,5341435.487882147,5341435.487882147,101,0.0,0.0
ORACLE,-1,STRESS_CONTRACT_NEAR_LOW,lower,5324611.921627271,5324611.921627271,5324611.921627271,101,0.0,0.0
ORACLE,-1,STRESS_CONTRACT_CLEAR,interior,5276065.102807532,5276065.102807532,5276070.2229255065,101,0.0,5.120117974467576
ORACLE,-1,STRESS_CONTRACT_NEAR_HIGH,interior,5276065.102807532,5276065.102807529,5276270.531938024,101,2.7939677238464355e-09,205.4291304918006
ORACLE,-1,STRESS_CAPACITY_NEAR,interior,5276065.102807532,5276065.102807532,5276207.175163081,101,0.0,142.0723555488512
ORACLE,-1,STRESS_CAPACITY_CLEAR,interior,5276065.102807532,5276065.102807533,5276120.557469497,101,0.0,55.45466196537018
KDE,-1,BASE_ACTUAL_NEAR,interior,6820625.913059848,6820625.913059847,6820647.186481478,101,9.313225746154783e-10,21.27342162933201
KDE,-1,BASE_CAPACITY_NEAR,interior,6820625.913059848,6820625.913059848,6820650.433605172,101,0.0,24.520545323379334
KDE,-1,STRESS_ACTUAL_CLEAR,lower,6272943.51246587,6272943.51246587,6272943.51246587,101,0.0,0.0
KDE,-1,STRESS_ACTUAL_NEAR,lower,6179850.129837107,6179850.129837107,6179850.129837107,101,0.0,0.0
KDE,-1,STRESS_CONTRACT_NEAR_LOW,lower,6178585.648483306,6178585.648483306,6178585.648483306,101,0.0,0.0
KDE,-1,STRESS_CONTRACT_CLEAR,interior,6178382.164261068,6178382.164261068,6178434.760301858,101,0.0,52.59604078996927
KDE,-1,STRESS_CONTRACT_NEAR_HIGH,interior,6178382.164261068,6178382.164261067,6178382.794188717,101,9.313225746154783e-10,0.6299276491627097
KDE,-1,STRESS_CAPACITY_NEAR,interior,6178382.164261068,6178382.164261068,6178413.072529042,101,0.0,30.908267973922197
KDE,-1,STRESS_CAPACITY_CLEAR,interior,6178382.164261068,6178382.164261068,6178404.370039647,101,0.0,22.205778578296304
GEV,-1,BASE_ACTUAL_NEAR,interior,5783538.152861428,5783538.152861428,5783722.337365408,101,0.0,184.18450398091227
GEV,-1,BASE_CAPACITY_NEAR,interior,5783538.152861428,5783538.152861429,5783553.53621445,101,0.0,15.3833530228585
GEV,-1,STRESS_ACTUAL_CLEAR,lower,5625598.378855535,5625598.378855535,5625598.378855535,101,0.0,0.0
GEV,-1,STRESS_ACTUAL_NEAR,lower,5281731.579333554,5281731.579333554,5281731.579333554,101,0.0,0.0
GEV,-1,STRESS_CONTRACT_NEAR_LOW,lower,5261053.793788307,5261053.793788307,5261053.793788307,101,0.0,0.0
GEV,-1,STRESS_CONTRACT_CLEAR,interior,5179474.563138394,5179474.563138394,5179477.610971401,101,0.0,3.047833007760346
GEV,-1,STRESS_CONTRACT_NEAR_HIGH,interior,5179474.563138394,5179474.563138394,5179594.535431755,101,0.0,119.97229336109012
GEV,-1,STRESS_CAPACITY_NEAR,interior,5179474.563138394,5179474.563138392,5179691.162512273,101,1.862645149230957e-09,216.59937387891117
GEV,-1,STRESS_CAPACITY_CLEAR,interior,5179474.563138394,5179474.563138392,5179484.374772658,101,1.862645149230957e-09,9.811634263955057
TAIL_POISSON,-1,BASE_ACTUAL_NEAR,interior,5894015.072057438,5894015.072057439,5894081.073228282,101,0.0,66.00117084383965
TAIL_POISSON,-1,BASE_CAPACITY_NEAR,interior,5894015.072057438,5894015.072057438,5894126.4500183975,101,0.0,111.3779609594494
TAIL_POISSON,-1,STRESS_ACTUAL_CLEAR,lower,5655122.812847644,5655122.812847644,5655122.812847644,101,0.0,0.0
TAIL_POISSON,-1,STRESS_ACTUAL_NEAR,lower,5341435.487966131,5341435.487966131,5341435.487966131,101,0.0,0.0
TAIL_POISSON,-1,STRESS_CONTRACT_NEAR_LOW,lower,5324611.921723517,5324611.921723517,5324611.921723517,101,0.0,0.0
TAIL_POISSON,-1,STRESS_CONTRACT_CLEAR,interior,5276065.102856417,5276065.102856417,5276070.222973984,101,0.0,5.120117566548288
TAIL_POISSON,-1,STRESS_CONTRACT_NEAR_HIGH,interior,5276065.102856417,5276065.102856418,5276270.531984374,101,0.0,205.42912795674056
TAIL_POISSON,-1,STRESS_CAPACITY_NEAR,interior,5276065.102856417,5276065.102856417,5276207.175214177,101,0.0,142.07235775981098
TAIL_POISSON,-1,STRESS_CAPACITY_CLEAR,interior,5276065.102856417,5276065.102856417,5276120.557519753,101,0.0,55.45466333627701
TAIL_NEGATIVE_BINOMIAL,-1,BASE_ACTUAL_NEAR,interior,5890160.786744454,5890160.786744453,5890344.272905548,101,9.313225746154783e-10,183.4861610941589
TAIL_NEGATIVE_BINOMIAL,-1,BASE_CAPACITY_NEAR,interior,5890160.786744454,5890160.786744453,5890185.925341818,101,9.313225746154783e-10,25.13859736360609
TAIL_NEGATIVE_BINOMIAL,-1,STRESS_ACTUAL_CLEAR,lower,5654788.950076852,5654788.950076852,5654788.950076852,101,0.0,0.0
TAIL_NEGATIVE_BINOMIAL,-1,STRESS_ACTUAL_NEAR,lower,5340160.232881393,5340160.232881393,5340160.232881393,101,0.0,0.0
TAIL_NEGATIVE_BINOMIAL,-1,STRESS_CONTRACT_NEAR_LOW,lower,5323173.147435975,5323173.147435975,5323173.147435975,101,0.0,0.0
TAIL_NEGATIVE_BINOMIAL,-1,STRESS_CONTRACT_CLEAR,interior,5273125.595012262,5273125.595012262,5273170.596051519,101,0.0,45.00103925634176
TAIL_NEGATIVE_BINOMIAL,-1,STRESS_CONTRACT_NEAR_HIGH,interior,5273125.595012262,5273125.595012262,5273475.71348533,101,0.0,350.1184730678797
TAIL_NEGATIVE_BINOMIAL,-1,STRESS_CAPACITY_NEAR,interior,5273125.595012262,5273125.595012263,5273180.268286505,101,0.0,54.67327424231917
TAIL_NEGATIVE_BINOMIAL,-1,STRESS_CAPACITY_CLEAR,interior,5273125.595012262,5273125.595012262,5273134.278696936,101,0.0,8.683684673160315
POINT_MASS,-1,BASE_ACTUAL_NEAR,upper,26532063.369383782,26532063.369383782,26532063.369383782,10001,0.0,0.0
POINT_MASS,-1,BASE_CAPACITY_NEAR,upper,26682348.077806264,26682348.077806264,26682348.077806264,10001,0.0,0.0
POINT_MASS,-1,STRESS_ACTUAL_CLEAR,upper,17322343.19232983,17322343.19232983,17322343.19232983,10001,0.0,0.0
POINT_MASS,-1,STRESS_ACTUAL_NEAR,upper,19397638.393182077,19397638.393182077,19397638.393182077,10001,0.0,0.0
POINT_MASS,-1,STRESS_CONTRACT_NEAR_LOW,upper,19580081.927322924,19580081.927322924,19580081.927322924,10001,0.0,0.0
POINT_MASS,-1,STRESS_CONTRACT_CLEAR,upper,24046299.643091094,24046299.643091094,24046299.643091094,10001,0.0,0.0
POINT_MASS,-1,STRESS_CONTRACT_NEAR_HIGH,upper,24141170.28084434,24141170.28084434,24141170.28084434,10001,0.0,0.0
POINT_MASS,-1,STRESS_CAPACITY_NEAR,upper,24234546.89280619,24234546.89280619,24234546.89280619,10001,0.0,0.0
POINT_MASS,-1,STRESS_CAPACITY_CLEAR,upper,25327053.252759904,25327053.252759904,25327053.252759904,10001,0.0,0.0
FLAT_OPTIMUM,-1,BASE_ACTUAL_NEAR,interior,5914285.714285714,5914285.714285714,5914326.29056545,10001,0.0,40.57627973612398
FLAT_OPTIMUM,-1,BASE_CAPACITY_NEAR,interior,5914285.714285714,5914285.714285714,5914313.209623453,10001,0.0,27.49533773958683
FLAT_OPTIMUM,-1,STRESS_ACTUAL_CLEAR,lower,5400000.0,5400000.0,5400000.0,10001,0.0,0.0
FLAT_OPTIMUM,-1,STRESS_ACTUAL_NEAR,lower,5400000.0,5400000.0,5400000.0,10001,0.0,0.0
FLAT_OPTIMUM,-1,STRESS_CONTRACT_NEAR_LOW,lower,5400000.0,5400000.0,5400000.0,10001,0.0,0.0
FLAT_OPTIMUM,-1,STRESS_CONTRACT_CLEAR,interior,5400000.0,5400000.0,5400000.0,10001,0.0,0.0
FLAT_OPTIMUM,-1,STRESS_CONTRACT_NEAR_HIGH,interior,5400000.0,5400000.0,5400000.0,10001,0.0,0.0
FLAT_OPTIMUM,-1,STRESS_CAPACITY_NEAR,interior,5400000.0,5400000.0,5400000.0,10001,0.0,0.0
FLAT_OPTIMUM,-1,STRESS_CAPACITY_CLEAR,interior,5400000.0,5400000.0,5400000.0,10001,0.0,0.0
