replication_id,method_id,q99_relative_error,mean_relative_error,stoploss_relative_error,regret_cny_per_month
0,EMP,0.0459314854201293,0.0286499160416875,0.13664833574764307,14954.95768883545
0,EVENT-EMP,0.0459314854201293,0.0194448673627292,0.1331871908138742,7388.42442076498
0,GEV,0.014297680707478798,0.0286500081733223,0.09768899156639592,13008.083366324814
0,KDE,0.0017749301271593003,0.0286499159956803,0.020527284206677467,28785.54529624184
0,TAIL,0.0986212408780859,0.0094242998394955,0.10176404432282324,19447.884100056355
1,EMP,0.2263461866976394,0.0266765460658835,0.17281605324944124,32047.9020690979
1,EVENT-EMP,0.2263461866976394,0.0101417866501249,0.09110435544309295,16495.03835864365
1,GEV,0.1771795747666199,0.0266765460710432,0.13977012937976976,14433.2496918147
1,KDE,0.1740206143605912,0.0266765460658853,0.23250396519427952,18392.098896255717
1,TAIL,0.0444702201672921,0.0094255362084226,0.023628355207844533,5950.373759188999
2,EMP,0.1716164993547121,0.042626984526297,0.42068451132560597,20124.71311286899
2,EVENT-EMP,0.1716164993547121,0.030963422411914004,0.3545684208092015,8038.739315788883
2,GEV,0.0910199921092715,0.0426270328959001,0.38163405062679817,15701.748519480849
2,KDE,0.135025968940995,0.0426269845262968,0.3162727418847162,8997.541375433406
2,TAIL,0.121067275896081,0.0339540454514401,0.3511170947581265,10590.693950216597
3,EMP,0.1621114534074535,0.0363868407622368,0.3822533544160102,20463.05606170868
3,EVENT-EMP,0.1621114534074535,0.0467568291894602,0.4047007271086754,18761.874849218566
3,GEV,0.040801397219376,0.0364036792215769,0.3635537806959211,18000.27727307224
3,KDE,0.1256523900199951,0.0363868407622368,0.28709339366023595,10115.586314351609
3,TAIL,0.11589889702430309,0.0415700736579054,0.3601517292655424,12538.190696821239
4,EMP,0.0989887353561414,0.0629050893929005,0.5407547219108676,14817.900658757942
4,EVENT-EMP,0.0989887353561414,0.0613332938758091,0.5516056840099139,14817.900658757942
4,GEV,0.1581052729993312,0.0629031776309211,0.5327407267672224,14817.900658757942
4,KDE,0.0236883102882346,0.0629050894097568,0.7423461222915042,14817.900658757942
4,TAIL,0.2002019398269238,0.0638529684927641,0.6620150217227627,14817.900658757942
5,EMP,0.2042089160560169,0.007731421761359501,0.15819168792294236,3288.9872981290227
5,EVENT-EMP,0.2042089160560169,0.0013511883786892,0.13878058315614422,6788.129929583106
5,GEV,0.057823081142672,0.0077314059546748,0.13938025901264472,3387.873143827439
5,KDE,0.1545438488808067,0.0077314217613599,0.041887062751311904,1949.9659886534016
5,TAIL,0.1308248891054531,0.0006324069861814,0.18948188413767486,4184.754141265423
6,EMP,0.2188977756770578,0.020247508544324,0.08903755823284147,28785.54529624184
6,EVENT-EMP,0.2188977756770578,0.0220767546712356,0.18813647363276262,10686.918753577085
6,GEV,0.077785272739501,0.0202475085443242,0.07989872934239575,8652.200876898132
6,KDE,0.1584177911870077,0.02024750854092,0.07810856258280797,28785.54529624184
6,TAIL,0.22268734775052432,0.0214497442788934,0.4332399172976507,14817.900658757942
7,EMP,0.1950212499916138,0.0690110586790103,0.37775406914160986,44434.09818976931
7,EVENT-EMP,0.1950212499916138,0.0373980377794975,0.3568854223832739,9858.572956939228
7,GEV,0.0897608405542967,0.0690110586792359,0.3391640973724579,23358.7995045421
7,KDE,0.1492676971276495,0.0690110586709258,0.2612589567954911,28785.54529624184
7,TAIL,0.1426064776043749,0.0401839918039686,0.40308669471064895,11506.319867536115
8,EMP,0.1517591589116356,0.029275108730974005,0.3281287605483154,7883.784690137331
8,EVENT-EMP,0.1517591589116356,0.0385273867646146,0.38394913155997823,7932.108623247594
8,GEV,0.1634562193145021,0.0292751087309744,0.2977820043815264,7951.956721654162
8,KDE,0.1123942856417457,0.029275108730969297,0.1972295287828273,8107.1686563327285
8,TAIL,0.0123299420551488,0.0240625919666318,0.12054132686316926,11126.131019844053
9,EMP,0.1825965476047983,0.0532091736334099,0.25295159626855973,18542.18366646394
9,EVENT-EMP,0.1825965476047983,0.0193231842324251,0.09840563902597785,14051.307577571417
9,GEV,0.1274440790591338,0.0532091736334091,0.2878640273066158,19159.975007488494
9,KDE,0.1260176699197569,0.0532091736340215,0.3869528798789933,21850.68089605992
9,TAIL,0.048620494143222,0.0236075748599536,0.19971386533712782,13499.961548449368
10,EMP,0.364902322966715,0.0804422140857189,0.8550467872090489,87496.06463477139
10,EVENT-EMP,0.364902322966715,0.0783275735869616,0.8257483945948919,76360.62664591645
10,GEV,0.3525908679737687,0.080442214093312,0.8555704800112559,79769.2293402921
10,KDE,0.3422858372582387,0.0804422140857189,0.8219873563802576,78898.78236804862
10,TAIL,0.3339679831712878,0.0827979927317485,0.8214015082176841,81062.99636951378
11,EMP,0.2119527144666387,0.0137731273636269,0.1315621456220435,11936.8089361286
11,EVENT-EMP,0.2119527144666387,0.0189498967351813,0.2364451235374193,8525.714473721573
11,GEV,0.1511651233579171,0.0137731273636269,0.11326343908585002,13096.072602218534
11,KDE,0.1725562081202568,0.0137731273636269,0.09415557537664523,11716.691372459134
11,TAIL,0.1364602046583558,0.0234352750449215,0.32182328898344303,8381.571337295696
12,EMP,0.0838508917600006,0.0179420233737832,0.2152821060530813,14817.900658757942
12,EVENT-EMP,0.0838508917600006,0.0162268257671092,0.171697743119111,13499.961548449368
12,GEV,0.11138116127663308,0.0179413925866792,0.2577835217485738,14817.900658757942
12,KDE,0.007454830701981601,0.0179420239431449,0.43049017353722635,14817.900658757942
12,TAIL,0.1237546348935972,0.0199762017983542,0.2685295269366607,14817.900658757942
13,EMP,0.1564004381765751,0.0274053894480739,0.2996119771731561,14817.900658757942
13,EVENT-EMP,0.1564004381765751,0.0240249085939898,0.21811882840672003,14817.900658757942
13,GEV,0.0985403513904249,0.0274051742360047,0.29268574053047347,14817.900658757942
13,KDE,0.05759701884279381,0.0274053938413566,0.5117782321187874,14817.900658757942
13,TAIL,0.0068332342229325,0.023239593518317,0.1368930609898046,14051.307577571417
14,EMP,0.1682334140741942,0.0663065881654711,0.5513756903664125,14817.900658757942
14,EVENT-EMP,0.1682334140741942,0.0380841567698859,0.4156862610273997,14817.900658757942
14,GEV,6.321324873189129e-05,0.0663065881654672,0.5557200250088687,14817.900658757942
14,KDE,0.082623699231007,0.0663065881753148,0.7233898672742132,14817.900658757942
14,TAIL,0.0705975063467804,0.0321782672110061,0.30651659891180205,14817.900658757942
15,EMP,0.0957778444196889,0.0447624404961842,0.42790302575076594,14817.900658757942
15,EVENT-EMP,0.0957778444196889,0.0130278394530942,0.2860539851165245,14817.900658757942
15,GEV,0.1159047050328541,0.0447623855566488,0.45048971837054197,14817.900658757942
15,KDE,0.0089180955332391,0.0447624408805682,0.6372269837207445,14817.900658757942
15,TAIL,0.0754310064470393,0.0070155798228933,0.1517808990685494,10036.11448167906
16,EMP,0.0101294845710985,0.0357529412227722,0.22711712654641575,35009.42461302349
16,EVENT-EMP,0.0101294845710985,0.0373063619078062,0.24543851021404434,17501.310746074032
16,GEV,0.0452099511384346,0.0357765544536725,0.1886525132748371,20597.092663138483
16,KDE,0.0372581891811767,0.0357529412091132,0.06905261007490525,28785.54529624184
16,TAIL,0.0748651320490904,0.0398396137247761,0.29636536504601946,14118.385098546743
17,EMP,0.0548337866037758,0.0084294296445483,0.34765934865828524,14817.900658757942
17,EVENT-EMP,0.0548337866037758,0.014712453385420602,0.28468483937819006,14817.900658757942
17,GEV,0.2704819471432049,0.0083593185833518,0.3996202147906066,14817.900658757942
17,KDE,0.1197636577995541,0.0084295734066717,0.6058470529360479,14817.900658757942
17,TAIL,0.0949790566154507,0.0129217973870466,0.21230190864152357,14817.900658757942
18,EMP,0.2031875999032668,0.0454681342677842,0.35949020164452233,22000.2158090466
18,EVENT-EMP,0.2031875999032668,0.0169078417247037,0.1657087886563015,11517.35034860267
18,GEV,0.0574204798471052,0.0454683787500052,0.33281775444906625,18852.93198903526
18,KDE,0.1492848926175215,0.0454681342677826,0.24940668548248304,12108.987292752912
18,TAIL,0.0836156611815851,0.0168304997647068,0.21363696158003903,8288.101045644842
19,EMP,0.0122372053427395,0.0185887634706039,0.15583212463496865,13499.961548449368
19,EVENT-EMP,0.0122372053427395,0.0176212268965005,0.20280327392388514,14817.900658757942
19,GEV,0.1703293216744242,0.0185162423604727,0.19722407352392105,14817.900658757942
19,KDE,0.057630289157676505,0.0185887642199171,0.40925754075798326,14817.900658757942
19,TAIL,0.0780397913192528,0.0211470044840802,0.22346247715013087,14817.900658757942
20,EMP,0.1980410212454492,0.0139067889941745,0.3584314275782983,8472.280913049666
20,EVENT-EMP,0.1980410212454492,0.0239811489971639,0.39517028222666467,8472.280913049666
20,GEV,0.1757869159970617,0.0139067889941772,0.32314575129169604,8030.769522429754
20,KDE,0.1636617982571952,0.013906788994174699,0.2402847066516437,9617.8367626369
20,TAIL,0.1375407876782739,0.0259711811868584,0.3443803323522241,8780.130263420753
21,EMP,0.1936782054807181,0.0541406309343199,0.3964562838519697,20403.587173913504
21,EVENT-EMP,0.1936782054807181,0.05663921232442751,0.42644756977467835,20403.587173913504
21,GEV,0.0843859572653322,0.0541406309343282,0.40015452868092427,19519.021280325327
21,KDE,0.12491658192615801,0.0541406309427026,0.5477466476616013,14817.900658757942
21,TAIL,0.3291066851550464,0.0849118120269104,0.9928066850397129,14817.900658757942
22,EMP,0.1964159721552361,0.0386350410291623,0.5582321130803082,9268.150585797615
22,EVENT-EMP,0.1964159721552361,0.0405130588314629,0.5653448754002981,8605.888190167336
22,GEV,0.2136205895845266,0.0386350410291625,0.5343849055819017,9998.734848804772
22,KDE,0.1644887598943471,0.0386350410291623,0.4474843511689458,8523.938602533502
22,TAIL,0.22858085719398108,0.0357042220238672,0.5035706050713409,8466.215338295637
23,EMP,0.1248924715176606,0.0039886118612788,0.38127078673397796,10036.11448167906
23,EVENT-EMP,0.1248924715176606,0.0240413589419605,0.4059852355648133,14817.900658757942
23,GEV,0.3883864249749781,0.002548044920434,0.38392073245773545,10036.11448167906
23,KDE,0.1931768183630313,0.0039890454151155,0.6605608417714923,10036.11448167906
23,TAIL,0.055899847088930504,0.0165673418387638,0.18086117799804013,14817.900658757942
24,EMP,0.1930665703936786,0.0742736733199344,0.5360563001717203,134947.4348219218
24,EVENT-EMP,0.1930665703936786,0.0618166704739328,0.5447260179584349,86524.87962111871
24,GEV,0.1020639028448672,0.0742748791786574,0.5087896228009321,101942.27837885491
24,KDE,0.1579322264421944,0.0742736733199342,0.4687727900604934,22558.70047606745
24,TAIL,0.183745898293527,0.06185380885662049,0.5370290770922188,17726.752677765053
25,EMP,0.2256379976374914,0.0331477797363331,0.09371222157199467,28785.54529624184
25,EVENT-EMP,0.2256379976374914,0.0055344163004105,0.22463883961581013,10036.11448167906
25,GEV,0.2685627193517585,0.0335252748093841,0.1584876010230336,28785.54529624184
25,KDE,0.2923195251201758,0.0331464987512694,0.3691988923168981,28785.54529624184
25,TAIL,0.0193924337134473,0.0047689485466869,0.011628638142980355,1477.4090403396015
26,EMP,0.000590762542667,0.0475592784748695,0.3148304460035312,14051.307577571417
26,EVENT-EMP,0.000590762542667,0.0096309696371997,0.2089392152136378,14817.900658757942
26,GEV,0.1839774586298662,0.0475108623545356,0.36473994205304516,14051.307577571417
26,KDE,0.06058518598590631,0.0475592787149906,0.5912464079680324,14817.900658757942
26,TAIL,0.0048360839521272,0.0035798501988615,0.02068174372524131,76.40146001366277
27,EMP,0.2690368480505586,0.0038465218631221,0.24188541245456208,15807.789259081603
27,EVENT-EMP,0.2690368480505586,0.0124640528698105,0.2955063860563192,16323.520226788087
27,GEV,0.1634183616413181,0.0038465218631221,0.24317520709957943,4310.371269692563
27,KDE,0.2147901510246457,0.0038465218631219,0.14932697922138652,8306.933399769063
27,TAIL,0.0310174456162096,0.0063556636356234,0.08116034750959408,3238.302205409441
28,EMP,0.168950455002037,0.0211229515352872,0.27176217714063533,13179.92013760563
28,EVENT-EMP,0.168950455002037,0.0186606227964404,0.16401696370862903,11085.879842390306
28,GEV,0.0435774252508714,0.021123264274157,0.24443275143479581,10601.58825983604
28,KDE,0.1303149183584106,0.0211229515352874,0.15579979911908193,7365.03732230359
28,TAIL,0.1223144897335257,0.029230157645712105,0.32873778612921845,9464.945701324381
29,EMP,0.1568830141487422,0.0407864039428398,0.3907977126167511,10332.443827652683
29,EVENT-EMP,0.1568830141487422,0.0216069022066851,0.24372045193183758,7998.059937145251
29,GEV,0.0701839450512699,0.0407866805951501,0.35404645321859846,16144.823960039454
29,KDE,0.11857079341195338,0.0407864039428394,0.2768476326222158,10323.130944425551
29,TAIL,0.1287321941911188,0.0217971203711553,0.27656849561180624,8109.021847677417
30,EMP,0.2426364299290921,0.0215655097064223,0.27490863466873716,9454.911584682452
30,EVENT-EMP,0.2426364299290921,0.032976775373791,0.32394882678571274,9306.739104311604
30,GEV,0.060406063126608095,0.0215655675702079,0.2577295648555271,10090.201537359817
30,KDE,0.1788049105889518,0.0215655097064225,0.16836770836915224,7389.041940354742
30,TAIL,0.1744003954680565,0.0339458286682598,0.4282979676101875,9333.68862390425
31,EMP,0.0789485283436897,0.0135244802494341,0.09169428591583431,19447.884100056355
31,EVENT-EMP,0.0789485283436897,0.0112640606396181,0.09127641319900531,19447.884100056355
31,GEV,0.1680255133190186,0.013569461658816,0.1177742232021193,19447.884100056355
31,KDE,0.0003615518860545,0.013524479006411,0.273458376426052,19447.884100056355
31,TAIL,0.0492899259963036,0.0269934758493375,0.19315372672849807,10997.292586217945
32,EMP,0.3287083499801027,0.0693225921785713,0.6841905413271758,87012.00613459449
32,EVENT-EMP,0.3287083499801027,0.0450813233654474,0.6247354134849021,8017.144689187097
32,GEV,0.2757042529370433,0.0693225921787403,0.6705938503751567,73837.16229431953
32,KDE,0.2911157606261803,0.0693225921785713,0.6212642744058956,71491.59537088995
32,TAIL,0.2550883192429415,0.0490110052848951,0.6118071980605932,10690.433723406555
33,EMP,0.3741771059802413,0.095221477823687,0.8272742566730458,81753.67357279401
33,EVENT-EMP,0.3741771059802413,0.0932694327423585,0.8400707660870348,88322.1131881703
33,GEV,0.3087932709127299,0.0952214778236872,0.8014024656586145,92688.05076755997
33,KDE,0.3319476128179034,0.0952214778236868,0.7795054300529399,85948.85485767863
33,TAIL,0.2509542908251935,0.0859819260055294,0.712911476426813,92122.74106441211
34,EMP,0.1515505276424491,0.0121227509571698,0.5666206098367598,14817.900658757942
34,EVENT-EMP,0.1515505276424491,0.0056846454716788,0.46341323219861663,10036.11448167906
34,GEV,0.4394225259408392,0.0101637686367142,0.4749289994048087,14817.900658757942
34,KDE,0.2224793818748004,0.0121287982500298,0.8635279872433472,14817.900658757942
34,TAIL,0.0450771395095899,0.0256529299777855,0.19291144032312257,9721.296743289256
35,EMP,0.4793053949896746,0.0469320229288542,0.4988302619402807,14817.900658757942
35,EVENT-EMP,0.4793053949896746,0.0390102156519988,0.5906676517247358,14817.900658757942
35,GEV,0.4143121727026738,0.0454870097730578,0.573135238633921,14817.900658757942
35,KDE,0.5611552023736006,0.0469602323744571,1.0766964283018072,14817.900658757942
35,TAIL,0.24169409459647773,0.0346796081206648,0.5150698259086445,14817.900658757942
36,EMP,0.160541037804179,0.014714820992699,0.2419497961122212,7933.737433092979
36,EVENT-EMP,0.160541037804179,0.029010396713689504,0.2789997345589839,7933.737433092979
36,GEV,0.0825448167295661,0.014714821000002999,0.20085485102086809,8117.7241957541555
36,KDE,0.1179473385411724,0.0147148209926966,0.10124025505446306,7850.305944741393
36,TAIL,0.081197757573845,0.031033783466840097,0.2648725411404078,10572.746217947453
37,EMP,0.0912400540732082,0.0182824048722276,0.19671608721206457,28785.54529624184
37,EVENT-EMP,0.0912400540732082,0.0108048073678983,0.14839231169828457,19447.884100056355
37,GEV,0.1065470323906234,0.0182824895555103,0.17759923864861185,28785.54529624184
37,KDE,0.0336191171437302,0.0182823769438555,0.34314103411840374,28785.54529624184
37,TAIL,0.023520101074061,0.0181585311486669,0.050906200285102156,10713.741633733114
38,EMP,0.0659509686605858,0.0215997761951999,0.08799543410868046,14051.307577571417
38,EVENT-EMP,0.0659509686605858,0.0030343293442259,0.014896777282497001,3259.5488712250567
38,GEV,0.0276523341449342,0.0215997176370092,0.11245089044421973,14051.307577571417
38,KDE,0.0188163977066124,0.0215997761967018,0.2620263538455532,14817.900658757942
38,TAIL,0.0369610106977559,0.0078151258952539,0.09332704567002685,3259.8093469250534
39,EMP,0.2587125731178106,0.0379076124747125,0.31582429885385815,13142.453616155623
39,EVENT-EMP,0.2587125731178106,0.0240773974666136,0.28643870831979235,8972.168098956658
39,GEV,0.0759464725895825,0.0379076155488193,0.30103678820787605,12578.475748285031
39,KDE,0.1864962085989856,0.0379076124747121,0.2138987282708307,9895.949699536897
39,TAIL,0.0512965132178998,0.0245952116788324,0.1758302935513364,10175.68985991242
40,EMP,0.1442327679941301,0.0445471832286708,0.4091166161741724,21898.76828925684
40,EVENT-EMP,0.1442327679941301,0.06222493111113011,0.4201096039644139,22665.361370443366
40,GEV,0.0732614193766288,0.0445479652008044,0.3866636335130103,17773.60166324613
40,KDE,0.1061815108739698,0.04454718322867,0.3029552654934451,11752.263047748866
40,TAIL,0.1201782866817002,0.0620030205545145,0.44060242462495736,22150.446307063725
41,EMP,0.2512119963270289,0.0101489241683794,0.1471674370006661,15299.307213950487
41,EVENT-EMP,0.2512119963270289,0.0139521379142914,0.1396686950815037,34991.554427847994
41,GEV,0.1921017111854485,0.0101489242108581,0.11588170750757934,11925.686251625935
41,KDE,0.181160182415068,0.010148924169399,0.18851958108618333,14817.900658757942
41,TAIL,0.0717304245875594,0.0200606864955083,0.22353604293307963,14817.900658757942
42,EMP,0.0185421616742032,0.0059369110446669,0.1473678431412363,10036.11448167906
42,EVENT-EMP,0.0185421616742032,0.013539200607272,0.06322514456799862,5771.039201044995
42,GEV,0.0772738944067655,0.0059368774213384,0.19970476415470506,10036.11448167906
42,KDE,0.0351411895929631,0.0059369247482332,0.36891159869757545,10036.11448167906
42,TAIL,0.11636857760634062,0.0325651050532563,0.35182142965582885,14817.900658757942
43,EMP,0.1875343616123497,0.0312541250938983,0.17787350464650567,14051.307577571417
43,EVENT-EMP,0.1875343616123497,0.0227632260433448,0.11480594470173432,14051.307577571417
43,GEV,0.1229942080019167,0.0312541250938989,0.1547912620817555,14051.307577571417
43,KDE,0.1416856610685192,0.0312541250939003,0.2546564887246945,16263.85867988608
43,TAIL,0.083812389842646,0.0421820598362875,0.3628532844262841,14817.900658757942
44,EMP,0.2155197032944388,0.0405848028953178,0.3851200084804497,38763.42220823249
44,EVENT-EMP,0.2155197032944388,0.0412130802939212,0.43436154833948515,15593.55565443635
44,GEV,0.1022217985210666,0.0405848062736192,0.3736731143981288,13868.766676095316
44,KDE,0.1787924052671277,0.0405848028953178,0.30095054468398597,8999.746848194549
44,TAIL,0.1395460778771965,0.036945891345355,0.38638236680384014,10745.901532289261
45,EMP,0.0502322778516111,0.0343385820620324,0.5292940180592995,14817.900658757942
45,EVENT-EMP,0.0502322778516111,0.0528898704364167,0.6125801190315793,14817.900658757942
45,GEV,0.2566313911845064,0.034304633513363,0.5077324869459461,14817.900658757942
45,KDE,0.0221776179211618,0.0343385889485785,0.7355777404227604,14817.900658757942
45,TAIL,0.1440367797970862,0.0435811441863642,0.4615969028466654,14817.900658757942
46,EMP,0.1734373179583904,0.0175875795387579,0.16879454221884316,13499.961548449368
46,EVENT-EMP,0.1734373179583904,0.009887968952012,0.1467761728483661,14817.900658757942
46,GEV,0.0555682315129785,0.0175875795387568,0.18090649327314198,14817.900658757942
46,KDE,0.1104718875050938,0.017587579613643,0.3180221768120187,14817.900658757942
46,TAIL,0.0581536530639223,0.0100993172127953,0.13942090641131358,14817.900658757942
47,EMP,0.0801011054203313,0.0349054611419015,0.15504814211544315,28785.54529624184
47,EVENT-EMP,0.0801011054203313,0.0327853289194337,0.22839524335304245,12933.434318638097
47,GEV,0.026697414292601,0.0349054611630947,0.1151974723358982,28785.54529624184
47,KDE,0.0327157245671724,0.0349054610550128,0.01809016589875168,28785.54529624184
47,TAIL,0.059700294136678,0.0347724151590411,0.26587186925699935,12121.928721259037
48,EMP,0.1367259985862239,0.0357812137137762,0.4749092132615034,14817.900658757942
48,EVENT-EMP,0.1367259985862239,0.042631871067233,0.48096671761099535,14817.900658757942
48,GEV,0.2621957216494366,0.0357540285936832,0.5416201790162576,14817.900658757942
48,KDE,0.2006445079489033,0.0357814053207642,0.7805657254134818,14817.900658757942
48,TAIL,0.2669786496677316,0.0525080614204167,0.6829476936934318,14817.900658757942
49,EMP,0.3126565838474804,0.0527056458827566,0.5338323342629226,7884.0998756180825
49,EVENT-EMP,0.3126565838474804,0.0327550846145644,0.5191079695566062,14792.551210587533
49,GEV,0.2754255655327401,0.0527056458912063,0.5182287217693745,7960.942389611465
49,KDE,0.262151778703766,0.0527056458827566,0.4317090050521351,8157.909273409906
49,TAIL,0.0176703677259325,0.022089912621571,0.15073446432763482,11105.462880990779
50,EMP,0.2799026354545646,0.0417141580392061,0.5835811801881068,74412.26735960733
50,EVENT-EMP,0.2799026354545646,0.0469037071850269,0.5504416358130448,11255.061958740465
50,GEV,0.2121070270133422,0.0417141580392069,0.5622689215454422,11300.282753526233
50,KDE,0.2430540993664262,0.0417141580392061,0.5007973141767083,9499.235098117031
50,TAIL,0.1743454701466822,0.0472373886478391,0.4806770953847943,12733.534407756913
51,EMP,0.0980455766673755,0.0268727167226012,0.1268172028423819,14051.307577571417
51,EVENT-EMP,0.0980455766673755,0.0362952424138363,0.2009247108322737,14051.307577571417
51,GEV,0.0042955897420225,0.0268727167135808,0.1690804206856661,14051.307577571417
51,KDE,0.0516999274401775,0.0268727167476379,0.3097300272340898,14817.900658757942
51,TAIL,0.0614645441353152,0.0387120649693917,0.30873387906699623,14051.307577571417
52,EMP,0.166194189251521,0.0225531537830485,0.05130130940372277,28785.54529624184
52,EVENT-EMP,0.166194189251521,0.0075585373412746,0.044257696374848304,10036.11448167906
52,GEV,0.0826058701850125,0.0225595516230265,0.058952023134341926,14519.940640544519
52,KDE,0.1106750164749382,0.0225531537786328,0.12035872948951296,28785.54529624184
52,TAIL,0.0239683993325143,0.0105634068396043,0.09641537953612934,8276.216927184103
53,EMP,0.0940205569566911,0.0060218291715182,0.04396701343559811,6615.724531624157
53,EVENT-EMP,0.0940205569566911,0.0137748612032714,0.108386050578809,14051.307577571417
53,GEV,0.0258373248548647,0.0060218355726216,0.04927885450978209,10036.11448167906
53,KDE,0.0448077406377489,0.0060218279501968,0.1916354533922785,10036.11448167906
53,TAIL,0.115610332257802,0.0202626244248569,0.27638296396147155,14817.900658757942
54,EMP,0.3830871210609988,0.1090204070615891,0.8679136467529293,136070.46938946244
54,EVENT-EMP,0.3830871210609988,0.1031182821314859,0.867053572143367,88862.53108521095
54,GEV,0.3013564975799679,0.1090204070615896,0.8429530733440357,118432.8493310924
54,KDE,0.3453910534920791,0.109020407061589,0.8423862902693526,107351.4748676682
54,TAIL,0.3174672053077851,0.1046023032879517,0.8433778338010067,104663.04919399176
55,EMP,0.0422823392989889,0.0027024802237569,0.21645556403711808,10036.11448167906
55,EVENT-EMP,0.0422823392989889,0.0054879792524767,0.14233970353570866,10036.11448167906
55,GEV,0.253732591266908,0.0029005142751417,0.2525623760096299,10036.11448167906
55,KDE,0.1008353264920705,0.002702465198676,0.44331572698557953,10036.11448167906
55,TAIL,0.0734780713372623,0.0052352605784361,0.07866477953609069,10036.11448167906
56,EMP,0.1283642764220187,0.0121858628612937,0.06479209075698833,8155.916724461958
56,EVENT-EMP,0.1283642764220187,0.019167170000184,0.11764155878377551,14051.307577571417
56,GEV,0.0529425043932501,0.0121858628612931,0.0463435976398443,8018.412491275205
56,KDE,0.0851000199987301,0.0121858628614433,0.15453320240953,14817.900658757942
56,TAIL,0.0211411598163916,0.020970633570793,0.1495815881328083,14051.307577571417
57,EMP,0.143250472972941,0.0330676904652182,0.3421610104640389,10079.000710265711
57,EVENT-EMP,0.143250472972941,0.056226367542988404,0.3767358931184349,11694.884523560293
57,GEV,0.0653313030229561,0.0330678284643167,0.31327809319859706,13195.592920953408
57,KDE,0.0917784850056731,0.0330676904651801,0.1841540542982247,9701.837565755472
57,TAIL,0.1461316018286134,0.0603419465122755,0.47487355292334044,18552.961203472998
58,EMP,0.0862924997153255,0.0702830669812123,0.538568824334693,15427.448039939212
58,EVENT-EMP,0.0862924997153255,0.046443192753811,0.441021104034343,14817.900658757942
58,GEV,0.0206126453075214,0.0702830669812113,0.5653361898510086,17924.637738980146
58,KDE,0.0335986214191607,0.0702830669930609,0.7320145811595037,14817.900658757942
58,TAIL,0.1708566863292952,0.0490768305191312,0.5310808285915548,14817.900658757942
59,EMP,0.24726043556314417,0.0432059974965048,0.5779041087633089,70257.49381088134
59,EVENT-EMP,0.24726043556314417,0.0627514677957299,0.604968604348193,80942.96914148207
59,GEV,0.2023821730410578,0.0432059974965074,0.554280973339318,12066.150986068262
59,KDE,0.2167168951610914,0.0432059974965044,0.4897523222231998,9817.170532261953
59,TAIL,0.1357244067889248,0.0477654746613087,0.42327442560134915,14327.577766618071
60,EMP,0.0749079635837423,0.031562881682546,0.15498608591848084,9259.021062845364
60,EVENT-EMP,0.0749079635837423,0.0240291449772556,0.16055966643659283,7447.950271528835
60,GEV,0.009015482317302,0.0315628885898889,0.12250620863840014,12642.672545624897
60,KDE,0.028233228926525505,0.0315628815632435,0.012163337972149902,28785.54529624184
60,TAIL,0.0513060566223886,0.0241490385726323,0.07162775676906975,13325.692054702902
61,EMP,0.24279945270118908,0.0510464014749691,0.5272680292837748,24862.081101741333
61,EVENT-EMP,0.24279945270118908,0.0497690779970087,0.5238524408656153,13139.169448121453
61,GEV,0.1663980933377095,0.0510464014764764,0.5038093108183211,15296.430749691095
61,KDE,0.2064422381680952,0.0510464014749689,0.4462475429900763,10853.355068269806
61,TAIL,0.0610192640609935,0.027136981673919,0.22072041417907773,9647.798364972696
62,EMP,0.0602171426637734,0.0153603044960771,0.05980303000383466,7380.806521473245
62,EVENT-EMP,0.0602171426637734,0.0176028837143626,0.08120750336817045,7363.240403844768
62,GEV,0.0498061716523004,0.0153600267167745,0.110458178210762,14051.307577571417
62,KDE,0.010427816556328,0.0153603045504433,0.2740216256530729,14817.900658757942
62,TAIL,0.0899533418688114,0.0317585498096723,0.31133286909955277,14817.900658757942
63,EMP,0.1155502622006967,0.0424000137664538,0.5698895667973146,14817.900658757942
63,EVENT-EMP,0.1155502622006967,0.05688736072530879,0.5347120152083211,14817.900658757942
63,GEV,0.282301263683814,0.0423774536264693,0.630974057361803,14817.900658757942
63,KDE,0.1807703277500187,0.0424004182255337,0.8775991592918767,14817.900658757942
63,TAIL,0.074421998065533,0.0482334744651951,0.3996040371961824,14817.900658757942
64,EMP,0.1786771451096892,0.0306582681177378,0.3463623787685221,8813.005848665722
64,EVENT-EMP,0.1786771451096892,0.0205598966824846,0.2849582398943501,7889.1677772089215
64,GEV,0.1377885295359509,0.030658268117738,0.3279483939084622,8955.338386322992
64,KDE,0.141434193580203,0.030658268117738,0.24137178108633256,7946.9622677114485
64,TAIL,0.0575099026616622,0.0197591031529188,0.18395340718265427,8917.07961978422
65,EMP,0.2363220393835715,0.0303115584523908,0.376754761724371,9663.522371717108
65,EVENT-EMP,0.2363220393835715,0.0538558320422486,0.43266051938190675,15431.409018974751
65,GEV,0.1567501198886331,0.030311558452391998,0.344733804870021,8492.460212594518
65,KDE,0.1876044578077344,0.030311558452391,0.2664611914709584,7905.6564900971325
65,TAIL,0.11523689516152309,0.0529449030178271,0.3929540535386049,17241.07510742359
66,EMP,0.3047221316668117,0.0371728128382399,0.4421698531410178,10552.138033648333
66,EVENT-EMP,0.3047221316668117,0.0268441952224187,0.462077526496283,10852.796919678338
66,GEV,0.25559025060316,0.0371728128456476,0.4247343533438145,8204.768231354965
66,KDE,0.2471281218870357,0.0371728128382399,0.3397889596745592,9030.783421515176
66,TAIL,0.06033810053297,0.0179023092120156,0.17466358606382792,8575.513082609512
67,EMP,0.1225295745100617,0.0226231219865941,0.03773851207164014,5767.539544487372
67,EVENT-EMP,0.1225295745100617,0.0036872527402341,0.06865708308044553,3514.907562458474
67,GEV,0.0624230422573557,0.0226231219865925,0.07515943558721387,8806.410479917087
67,KDE,0.0787417280696238,0.0226231219874232,0.17777199618890893,14051.307577571417
67,TAIL,0.0219444867620519,0.0066288505460378,0.07168318330642803,3369.5153598905436
68,EMP,0.0709017554656994,0.0352801237989343,0.03310078617654356,28785.54529624184
68,EVENT-EMP,0.0709017554656994,0.0084922597529482,0.07343730527405773,19447.884100056355
68,GEV,0.0651777562606681,0.0352802806707793,0.046669938787532166,28785.54529624184
68,KDE,0.019013684866288,0.0352801157555044,0.14083529386197594,28785.54529624184
68,TAIL,0.0399852138547632,0.0203851958242985,0.14751155548546294,8515.991355933249
69,EMP,0.1830746990530045,0.0257547067345216,0.27937595008464666,9629.508209486492
69,EVENT-EMP,0.1830746990530045,0.0173858587403009,0.21218247600235868,8028.777810501245
69,GEV,0.0811696520085031,0.0257547067905716,0.24496918230546383,9497.748067193354
69,KDE,0.1413054906468462,0.0257547067345006,0.14981284176383294,8704.708130680645
69,TAIL,0.014239027983781898,0.0121682057144261,0.0785984590532163,9215.515495991645
70,EMP,0.23723622252957266,0.0503560288661313,0.4046209293213564,20951.257068472605
70,EVENT-EMP,0.23723622252957266,0.0301262360830065,0.31465062261269877,8193.175736623196
70,GEV,0.0862313929917054,0.0503560518444113,0.37801320945907546,19214.3510229898
70,KDE,0.1947992076031229,0.0503560288661309,0.31267951658093307,12814.53647894288
70,TAIL,0.0053847427292631,0.0254306998168417,0.12949994009995583,11893.154433793077
71,EMP,0.1835472123944466,0.0125345226409682,0.2522579742102564,14817.900658757942
71,EVENT-EMP,0.1835472123944466,0.015272833087464598,0.22510938926344812,14817.900658757942
71,GEV,0.020331810726557,0.0125345226409689,0.254822296976031,14817.900658757942
71,KDE,0.0991077416993499,0.0125345266007394,0.41217808095616043,14817.900658757942
71,TAIL,0.0410609282421706,0.006982458219501799,0.09241367393537372,10036.11448167906
72,EMP,0.1685016334060088,0.0405060966900321,0.2272020605910535,24710.196593302302
72,EVENT-EMP,0.1685016334060088,0.0460043227091651,0.2828330910118892,24710.196593302302
72,GEV,0.015297320012666402,0.0405061596180221,0.1965502709455986,16401.976318934
72,KDE,0.11587066813458662,0.0405060966855625,0.09628501624314129,28785.54529624184
72,TAIL,0.0797178318541644,0.0452027350515519,0.30579105268814327,15246.68801204612
73,EMP,0.2041459846091644,0.0331976644287833,0.3270479369549941,10550.704711361788
73,EVENT-EMP,0.2041459846091644,0.0088429327000631,0.21448258349231702,8859.011255943837
73,GEV,0.0762956602981807,0.033197670619498,0.29797021200841733,12025.526964300623
73,KDE,0.1469349637818741,0.0331976644287821,0.1999920718158489,9391.98244677422
73,TAIL,0.11354664922934139,0.0119242172692859,0.22422517988563437,7884.682690702379
74,EMP,0.1750570500599664,0.0262628241275806,0.34364131955947175,8452.219849202782
74,EVENT-EMP,0.1750570500599664,0.0479367980946104,0.3914401895300494,15455.05996327009
74,GEV,0.0919275623736701,0.0262628258421699,0.3051378186631638,10095.403146389872
74,KDE,0.1336785956255957,0.0262628241275808,0.21396460266025666,7922.523767632742
74,TAIL,0.0936437793434959,0.0394419539888549,0.32503268588083956,12142.167104075352
75,EMP,0.2314473827007264,0.0271068766213464,0.4072027480581931,9607.301333283074
75,EVENT-EMP,0.2314473827007264,0.0195298733040116,0.3283002350780004,8235.64667632555
75,GEV,0.1127742669268525,0.027106889676683,0.38056490564132445,10617.087229090122
75,KDE,0.1966908433634193,0.0271068766213464,0.31092244326251905,8157.253927128079
75,TAIL,0.1959177166192812,0.0192900361935675,0.38424023161759624,7900.103572718489
76,EMP,0.154755797399672,0.030886901402899895,0.22380508617721226,14051.307577571417
76,EVENT-EMP,0.154755797399672,0.0188863098816664,0.1264657809433314,14051.307577571417
76,GEV,0.0563734705407882,0.0308869014028854,0.18797662456725484,14051.307577571417
76,KDE,0.1083187489344625,0.0308869014030311,0.3323970909840046,14817.900658757942
76,TAIL,0.0008509310576772,0.0197040074530742,0.11758274014529985,14051.307577571417
77,EMP,0.3150008439035939,0.0143269140218192,0.276116170240793,14817.900658757942
77,EVENT-EMP,0.3150008439035939,0.023516312950323,0.5024603327081169,14817.900658757942
77,GEV,0.352771699035388,0.0125037993336454,0.3182320508142522,14817.900658757942
77,KDE,0.3851665053331936,0.0143276059924146,0.6531471506279443,14817.900658757942
77,TAIL,0.12311134415133049,0.019324439605452,0.2865698309869686,14817.900658757942
78,EMP,0.1990993142571927,0.0225845750991792,0.08486566684475937,5353.885132157968
78,EVENT-EMP,0.1990993142571927,0.0219987666440874,0.08313516328983034,12753.104120484657
78,GEV,0.0903401375334271,0.0225845750979491,0.07612969027616148,11351.022553090523
78,KDE,0.1601144939945777,0.0225845750991792,0.09889747115866523,10349.928106688998
78,TAIL,0.1138951349463442,0.0211836428839483,0.06331320878981998,8866.72731583131
79,EMP,0.1630709812527956,0.001902036988251,0.0829894961377947,2957.420613645576
79,EVENT-EMP,0.1630709812527956,0.0221633779220734,0.08473546430281682,10078.619044527411
79,GEV,0.0916050140608414,0.001902036988252,0.04644227500465889,3308.5752015980997
79,KDE,0.11928612286094038,0.0019020369884915002,0.14987230667474843,10036.11448167906
79,TAIL,0.0708571077594644,0.0406934733665535,0.3290405006530812,13499.961548449368
80,EMP,0.2102071740444311,0.0113027099555109,0.11013174272034981,14944.595210988591
80,EVENT-EMP,0.2102071740444311,0.0020140023001351,0.19170671726605393,10162.809033909709
80,GEV,0.1376940466734921,0.0113027099555119,0.09063679475020364,12342.441814270078
80,KDE,0.1685452032201099,0.0113027099555109,0.09036891303893319,9994.94985656792
80,TAIL,0.0709800652156363,0.0053650205840712,0.0788650419552421,3935.03214778896
81,EMP,0.080453841749627,0.0107983181072726,0.32068760226312415,19447.884100056355
81,EVENT-EMP,0.080453841749627,0.0008853846679417999,0.3579504149140088,10036.11448167906
81,GEV,0.2869448093206372,0.0112144489180587,0.24624112040173435,19447.884100056355
81,KDE,0.007374605198712001,0.0107982568043307,0.5010795257216965,19447.884100056355
81,TAIL,0.0127571517197077,0.0120442271386297,0.04695126458845464,9620.111490326623
82,EMP,0.1380608132338507,0.0105988012392262,0.1454679945164095,8143.4933560105665
82,EVENT-EMP,0.1380608132338507,0.0226049693722903,0.20912873831670212,7989.5638431344805
82,GEV,0.0310038120498276,0.0105988027674147,0.09878806633389588,8168.107115013215
82,KDE,0.0888238946657533,0.0105988012391318,0.03145544942881304,19447.884100056355
82,TAIL,0.0849208649210247,0.0248161727572444,0.24790162259219584,9282.228551528728
83,EMP,0.0658994540363486,0.0036431408569670997,0.1388229557259938,10036.11448167906
83,EVENT-EMP,0.0658994540363486,0.007326268634350101,0.058470894994954024,5771.588658417575
83,GEV,0.1329224438447476,0.0036513034211087,0.14386671623714908,10036.11448167906
83,KDE,0.0131878917008291,0.0036431401705511,0.3124046369991127,10036.11448167906
83,TAIL,0.0719854486706407,0.0083449433039684,0.14897512433393037,14817.900658757942
84,EMP,0.0188986616523213,0.0019942030496593,0.10670477877678007,7310.809535543124
84,EVENT-EMP,0.0188986616523213,0.0069917132059488,0.10505706738509743,10036.11448167906
84,GEV,0.1700537106756598,0.0018932752718473,0.12340881573003837,4244.562364830222
84,KDE,0.03347559848903,0.0019942033267219,0.30501999662518503,10036.11448167906
84,TAIL,0.0194044840313598,0.0162499856588562,0.10905690842316357,9687.532249289565
85,EMP,0.0243690338065688,0.0408750912763566,0.335469571589755,14817.900658757942
85,EVENT-EMP,0.0243690338065688,0.0181685695951854,0.23731983055186268,14817.900658757942
85,GEV,0.1684805501985888,0.0408611794908139,0.36848457501014553,14817.900658757942
85,KDE,0.0322186169883937,0.0408750913933161,0.5628140271953632,14817.900658757942
85,TAIL,0.0472793412113427,0.0109726800567569,0.1289146605769096,14817.900658757942
86,EMP,0.041866807205692,0.0868953909116719,0.670876692929283,19011.660303009052
86,EVENT-EMP,0.041866807205692,0.0710047884600224,0.5645822521992716,19011.660303009052
86,GEV,0.141454249799441,0.0868952468044761,0.7059921573499679,15910.031249743472
86,KDE,0.1203312099757537,0.0868953929665756,0.9601248357227692,14817.900658757942
86,TAIL,0.1380754739928371,0.0734186218285289,0.6458843126792533,14817.900658757942
87,EMP,0.1361570617040284,0.06016039882503459,0.7629307803956225,14817.900658757942
87,EVENT-EMP,0.1361570617040284,0.0708432784734359,0.8615749862110467,14817.900658757942
87,GEV,0.4009220490634617,0.05997363775914769,0.8242677991675824,14817.900658757942
87,KDE,0.2109756016143534,0.0601625960819964,1.1605691851062714,14817.900658757942
87,TAIL,0.2653358328711748,0.0704595270171251,0.7904873695724297,14817.900658757942
88,EMP,0.469025246008293,0.0060471410157751,0.43368435572593467,10036.11448167906
88,EVENT-EMP,0.469025246008293,0.0101556516327407,0.3830151671915871,19447.884100056355
88,GEV,0.47042679665245785,0.0020944761526682,0.43344596607326547,10036.11448167906
88,KDE,0.5541129365691774,0.0061040717034114,0.9479422355035363,10036.11448167906
88,TAIL,0.0723721064373264,0.039518158466916,0.28638006370251967,14104.608185743293
89,EMP,0.1256463121605732,0.030868535377479505,0.2147995915878818,14051.307577571417
89,EVENT-EMP,0.1256463121605732,0.0106134909288336,0.09986333194698153,14051.307577571417
89,GEV,0.05682969500282439,0.030868535377478704,0.25226020221931783,14051.307577571417
89,KDE,0.0769511073294603,0.0308685353959266,0.3883968505010735,14817.900658757942
89,TAIL,0.0010852710892892,0.0008456310439402,0.0002552398279783854,0.09712773954702747
90,EMP,0.3107393543892345,0.0559075480834263,0.5573103044984181,39244.56795545885
90,EVENT-EMP,0.3107393543892345,0.063275016130047,0.5930432348564038,15761.59719179757
90,GEV,0.2156155541287092,0.0559075480834284,0.5544400959254081,13389.45108754312
90,KDE,0.2712001072884608,0.0559075480834261,0.49465022136188136,9482.966249948988
90,TAIL,0.2228256685408594,0.0664429529042128,0.6203414715019656,79180.8973950247
91,EMP,0.0771265108762954,0.0839408166227967,0.7842587112355008,14817.900658757942
91,EVENT-EMP,0.0771265108762954,0.0836355845336639,0.772283835623115,14817.900658757942
91,GEV,0.1346908528699027,0.0839408158685019,0.7917067684145614,14817.900658757942
91,KDE,0.0093117780155201,0.0839408171042415,1.010300536912916,14817.900658757942
91,TAIL,0.2993971565633173,0.0975504900715446,1.03993367633692,14817.900658757942
92,EMP,0.1144051638062095,0.0902171049076206,0.9911597012353508,14817.900658757942
92,EVENT-EMP,0.1144051638062095,0.0672516965511014,0.7422280403593619,14817.900658757942
92,GEV,0.0499592467373684,0.0902171049076202,0.9971055606271538,14817.900658757942
92,KDE,0.0209989419422548,0.0902171388329718,1.201685280123967,14817.900658757942
92,TAIL,0.2024071715543679,0.0588075791627078,0.6346926015404467,14817.900658757942
93,EMP,0.1390868599413834,0.0247859704528938,0.20737094833645905,15675.889286197411
93,EVENT-EMP,0.1390868599413834,0.028248803442301,0.2229442090479975,11515.875226864902
93,GEV,0.0143432562576346,0.0247919624673411,0.18774963402578443,14400.313537822105
93,KDE,0.0949776855515749,0.0247859704528447,0.06539915610641639,28785.54529624184
93,TAIL,0.0949707687025693,0.0247467742413129,0.2566527302535412,9015.911757608565
94,EMP,0.0848568449912423,0.0921969726742148,0.8732027460866499,14817.900658757942
94,EVENT-EMP,0.0848568449912423,0.0533872915740876,0.6168057328761193,14817.900658757942
94,GEV,0.0613453892846249,0.092196972674214,0.8546695336796629,14817.900658757942
94,KDE,0.0175568157023912,0.092196972833073,1.0514237227202403,14817.900658757942
94,TAIL,0.1268697338751813,0.0420805361372278,0.4199965620849253,14817.900658757942
95,EMP,0.2992843254517578,0.0456268464158379,0.5531673507065977,15021.678889147317
95,EVENT-EMP,0.2992843254517578,0.0522703631441776,0.5743738710634245,15021.678889147317
95,GEV,0.2103477144029757,0.0456268464158383,0.538140742046122,11346.486775471209
95,KDE,0.2606816137713657,0.0456268464158379,0.48258176061193464,9590.36985746616
95,TAIL,0.1428029786497132,0.0413990313520425,0.4073073359921534,11830.082788491001
96,EMP,0.2590326653309523,0.0043907192970224,0.22182153596720192,7032.229714281133
96,EVENT-EMP,0.2590326653309523,0.0084232731512678,0.26346391496139293,11738.114523469781
96,GEV,0.2143348957722786,0.0043907193004529,0.198571365226886,10002.136363854528
96,KDE,0.2145614089536002,0.0043907192970224,0.11204395368226401,13127.026195331686
96,TAIL,0.0323831112567933,0.0042211818592513,0.06097209679584021,3176.9991402811265
97,EMP,0.0954199745111003,0.014435875360325198,0.03355797676898529,5676.899026507098
97,EVENT-EMP,0.0954199745111003,0.0079903345532005,0.027629616280558947,4346.534792598544
97,GEV,0.0412752249885645,0.014434422666022302,0.03953581280760718,7363.0891906482475
97,KDE,0.0481035969385438,0.014435875361088198,0.19493215904130654,14817.900658757942
97,TAIL,0.0593680948118949,0.014640463989167999,0.1738482978758765,14817.900658757942
98,EMP,0.1961353841721174,0.0042943308968219,0.3365208069134515,3736.60485639568
98,EVENT-EMP,0.1961353841721174,0.0062117834357502,0.17340564399661026,3291.110430836574
98,GEV,0.1081027075186711,0.0042943568259195,0.31245083564226556,3243.787653192774
98,KDE,0.1601813865395995,0.0042943308968221,0.22463345552544822,3989.606488197628
98,TAIL,0.0843625238635996,0.0057237116299943,0.16197827552060254,3201.917035322222
99,EMP,0.1351809639238115,0.0737647138761318,0.5472043567066273,22493.38819250506
99,EVENT-EMP,0.1351809639238115,0.0724616630884357,0.560099732222076,26422.152040449488
99,GEV,0.0015816950875302,0.0737647138761291,0.5376595644784116,19677.87588530448
99,KDE,0.0796699557339568,0.073764713876208,0.7044096205758357,14817.900658757942
99,TAIL,0.2731229213036357,0.0917998076098085,0.9488790730914286,14817.900658757942
100,EMP,0.330067439455767,0.1380218038583247,1.4775620732820667,14817.900658757942
100,EVENT-EMP,0.330067439455767,0.1085750203223783,1.3613441614757673,14817.900658757942
100,GEV,0.4980348276359232,0.1379298038104342,1.535180093160813,14817.900658757942
100,KDE,0.4085110829077966,0.1380290358905728,1.9247492444193952,14817.900658757942
100,TAIL,0.427650384479784,0.0994036220016768,1.2003711878083494,14817.900658757942
101,EMP,0.0710784109160078,0.05625861894792491,0.7353967893488894,14817.900658757942
101,EVENT-EMP,0.0710784109160078,0.0652968225218939,0.6597291688016816,14817.900658757942
101,GEV,0.1553982757835098,0.05625861815699381,0.7088635105002172,14817.900658757942
101,KDE,0.0090360961323042,0.0562586395437501,0.9310690947548517,14817.900658757942
101,TAIL,0.3332365871283521,0.0803562294406938,0.9469892571978029,14817.900658757942
102,EMP,0.248110897843211,0.0639591368574694,0.5785881774376498,84598.54234849765
102,EVENT-EMP,0.248110897843211,0.0509745953126537,0.41802724045572043,23986.663725129023
102,GEV,0.1631064881297725,0.0639591399282887,0.5621446355476873,85159.3072061249
102,KDE,0.2091310671129314,0.0639591368574696,0.4937526640322032,17768.438515203696
102,TAIL,0.1709226377377356,0.0482239181574238,0.4733893937338872,12984.760160905309
103,EMP,0.11321714709629388,0.0068539147955853,0.09863980895818196,8982.124928986861
103,EVENT-EMP,0.11321714709629388,0.0256971237324364,0.1642697347791062,14454.602819362035
103,GEV,0.0203884966326099,0.0068549801669505,0.07470284120256948,4165.007931889552
103,KDE,0.0600245402708339,0.0068539147843773,0.059271750002132535,10036.11448167906
103,TAIL,0.0941580442396439,0.0252257850348212,0.2637216084896874,9192.404900689298
104,EMP,0.1481242039104343,0.0407043068633601,0.4809195099628227,14817.900658757942
104,EVENT-EMP,0.1481242039104343,0.06218716122339131,0.5181269873594163,14817.900658757942
104,GEV,0.1167905079597248,0.0407042765309624,0.44973889610824336,14817.900658757942
104,KDE,0.0522721944987583,0.0407043070823236,0.6517536803432157,14817.900658757942
104,TAIL,0.2478918746659895,0.0777202337327902,0.8199842042273408,14817.900658757942
105,EMP,0.1790826634888859,0.0332229928387325,0.2458150302466232,18517.463068490848
105,EVENT-EMP,0.1790826634888859,0.0344623495090515,0.25145192188069854,15904.209501397796
105,GEV,0.0445162844210755,0.0332230019439799,0.2226207221418435,13051.644652623994
105,KDE,0.1288418015367788,0.0332229928384996,0.119187216202878,28785.54529624184
105,TAIL,0.066454851048435,0.0291710097253194,0.23395419831383654,9918.09192937985
106,EMP,0.1608024128793136,0.0458725618167546,0.15219027958158404,28303.266863037832
106,EVENT-EMP,0.1608024128793136,0.025161493955186,0.12459864996579932,19064.70174589132
106,GEV,0.2168374372303619,0.0466296521070819,0.12896862778806967,28785.54529624184
106,KDE,0.2217076996657049,0.0458724588250493,0.17579660002129646,28785.54529624184
106,TAIL,0.0268778625036804,0.0323731357225484,0.18899819281662558,13241.821631349934
107,EMP,0.322421585003783,0.0764654401112272,0.7434601361577843,73817.88779931888
107,EVENT-EMP,0.322421585003783,0.0792197642002175,0.7614207943493637,73817.88779931888
107,GEV,0.2790317987877367,0.0764654401112276,0.7132053753421721,79734.73362033276
107,KDE,0.2927697857288414,0.0764654401112272,0.6768583849962181,73807.29359422956
107,TAIL,0.2792026692053986,0.0813202364345755,0.7410332895085912,85390.098841543
108,EMP,0.1290780001896341,0.0376217317184304,0.18216594339169598,32821.27691405453
108,EVENT-EMP,0.1290780001896341,0.0022811508857465,0.03960505402778839,3379.6578400488943
108,GEV,0.0127725234418531,0.0376222027342516,0.15911811779143725,16894.661244806524
108,KDE,0.0841467502555147,0.0376217317168894,0.059558235133008806,28785.54529624184
108,TAIL,0.0106988469726067,0.0020750806989538,0.023184483575120634,553.3174329240704
109,EMP,0.06021925331962579,0.0180011533438284,0.1444891356272227,12008.277563555373
109,EVENT-EMP,0.06021925331962579,0.0024083624065247,0.07368965495297304,6330.747560170169
109,GEV,0.09666431276593,0.0180011533438317,0.15457474127892576,14051.307577571417
109,KDE,0.0127490529951096,0.0180011533793007,0.2849836084392764,14817.900658757942
109,TAIL,0.0131482382766813,0.0002215919158729,0.015574172873388744,561.3877922662846
110,EMP,0.24832564974387697,0.0191891789663164,0.38360299731430914,12048.22701858419
110,EVENT-EMP,0.24832564974387697,0.0229775086678769,0.4059656445841171,7895.5777403603615
110,GEV,0.2205159702337894,0.0191891789662901,0.3679293663872502,8468.20096465604
110,KDE,0.2119395818292022,0.0191891789663164,0.2838727937751224,9393.533316649186
110,TAIL,0.0677634939587787,0.016350953221845,0.18553926348208769,8381.778503416417
111,EMP,0.1374047547493443,0.0126296489441365,0.2677506051103866,7995.84942781087
111,EVENT-EMP,0.1374047547493443,0.0207425380347099,0.24060212886693882,15662.8000510782
111,GEV,0.0745583252531217,0.0126296558575248,0.23784261343283822,8417.012736885497
111,KDE,0.098476800585052,0.0126296489441359,0.1354943764378982,8173.848063141109
111,TAIL,0.0499729226461307,0.0181136176327075,0.19820394061809352,9184.183574930765
112,EMP,0.2086999317468417,0.0767711500530105,0.7176568689720217,97527.88937735598
112,EVENT-EMP,0.2086999317468417,0.0849238485397761,0.7155754452819407,96289.29733076133
112,GEV,0.2518500985155974,0.0767711500530289,0.7288227629589135,89159.2970666281
112,KDE,0.1795293003530997,0.0767711500530105,0.6446698562352295,80562.97957988021
112,TAIL,0.2196493661038569,0.0800425575435498,0.64843544139069,89133.86826462651
113,EMP,0.1530091008623934,0.0507524729829243,0.5199759125509175,23582.46545147306
113,EVENT-EMP,0.1530091008623934,0.055691462733437995,0.5417480154034174,73008.47875787441
113,GEV,0.11821840254442469,0.0507529067030964,0.4887628491164663,20046.819239644643
113,KDE,0.11818947849073351,0.0507524729829243,0.41618345107212695,11876.231878846575
113,TAIL,0.1565103688481841,0.0434124326541042,0.43894521621781796,12098.150409460068
114,EMP,0.1322185825745531,0.0457576606133407,0.23414660905532644,24699.34143850642
114,EVENT-EMP,0.1322185825745531,0.0305903150408761,0.27719130790572755,12651.826856341213
114,GEV,0.0728175568118675,0.0457576606133401,0.20109498996245562,28785.54529624184
114,KDE,0.0862188575803794,0.0457576604597274,0.09607968157585584,28785.54529624184
114,TAIL,0.0044250033873911,0.0216955691329397,0.09925947987217844,10794.917091979956
115,EMP,0.1713857504120565,0.0186478501020477,0.28115972836591113,7967.868629446563
115,EVENT-EMP,0.1713857504120565,0.0202714038556489,0.2750251365292012,7994.138795482926
115,GEV,0.100699170146986,0.0186478501023919,0.24374346397556618,8262.75195344196
115,KDE,0.1303407210353928,0.0186478501020463,0.13477328947255549,7489.684217109345
115,TAIL,0.0952086176627288,0.0199867376932351,0.24934993540562023,8525.671117336178
116,EMP,0.1739531690027836,0.0245587697322702,0.25957261305925616,14817.900658757942
116,EVENT-EMP,0.1739531690027836,0.0151330054352473,0.17439361473548087,14817.900658757942
116,GEV,0.11966286079055008,0.0245581864293875,0.30754618019665414,14817.900658757942
116,KDE,0.23417347156553786,0.0245588090174408,0.5374242371276815,14817.900658757942
116,TAIL,0.030829036408448,0.0032409743118442,0.06226635536385049,3177.1045990212715
117,EMP,0.0901572286716451,0.0080994399635786,0.04846612006200393,11543.134880979545
117,EVENT-EMP,0.0901572286716451,0.0094544994829507,0.06618177446069101,8435.308709178431
117,GEV,0.113234695242514,0.0081337381911263,0.052619586542960985,12227.950083332757
117,KDE,0.1439254132843082,0.0080994375327056,0.19687616418642603,19447.884100056355
117,TAIL,0.0286542640884221,0.0105972691492276,0.08303230345147679,7565.3111163272215
118,EMP,0.1105504323244371,0.0430583001247017,0.2677347029068905,10688.335122018121
118,EVENT-EMP,0.1105504323244371,0.021860767805502,0.24269779563596502,9273.886452876963
118,GEV,0.0058213572319231,0.0430589534869605,0.22423571382047078,19165.827280120928
118,KDE,0.0669776087109426,0.0430583001243622,0.13828054794593136,28785.54529624184
118,TAIL,0.1302550886269157,0.0231151231681393,0.29973246712693163,8314.141889149943
119,EMP,0.2490220485238211,0.0216882184595863,0.4380410831121514,9102.92517712526
119,EVENT-EMP,0.2490220485238211,0.0368303213497755,0.479422013643106,8786.092807029685
119,GEV,0.194193845738851,0.0216882184595859,0.41771061231996287,7939.267528804329
119,KDE,0.2165962164926021,0.0216882184595861,0.3500186514686183,8324.423091546321
119,TAIL,0.0861702047895499,0.031158662434471605,0.26915106184245896,10351.537921566827
120,EMP,0.1709721206709871,0.060644440647149606,0.7172047729905852,14817.900658757942
120,EVENT-EMP,0.1709721206709871,0.0589010861700954,0.6980636285786473,14817.900658757942
120,GEV,0.4794900893100439,0.0583132625551457,0.6937535941804891,14817.900658757942
120,KDE,0.24321359452914,0.0606448197270539,1.0929565364911247,14817.900658757942
120,TAIL,0.131949109397248,0.0567577628038929,0.5434498255560287,14817.900658757942
121,EMP,0.4224018397656286,0.0020828045187684,0.3231417741669376,10036.11448167906
121,EVENT-EMP,0.4224018397656286,0.0041338566239483,0.2705162627795167,10036.11448167906
121,GEV,0.4179138755100352,0.0014189865623181,0.3402257519813668,10036.11448167906
121,KDE,0.5012720208680651,0.0020942738095879,0.7580407234560768,10036.11448167906
121,TAIL,0.0138971118088292,0.0171611483429366,0.10510771609280108,9938.868909748891
122,EMP,0.1511164181839872,0.0039769183118049,0.14452736154274812,10036.11448167906
122,EVENT-EMP,0.1511164181839872,0.0023122841260013,0.20992311230906852,10036.11448167906
122,GEV,0.1231901143770132,0.0039650251125399,0.12847037681809648,10036.11448167906
122,KDE,0.0723198857787325,0.0039769183432076,0.3056616016529116,10036.11448167906
122,TAIL,0.0535444201365939,0.0102812817350876,0.13247292557764856,8010.477825660569
123,EMP,0.4683154264612195,0.1020832098110957,1.1828924461997241,14817.900658757942
123,EVENT-EMP,0.4683154264612195,0.0930392284894642,1.0261187119334443,14817.900658757942
123,GEV,0.3677950971073203,0.1020799266863204,1.2638292485900668,14817.900658757942
123,KDE,0.552120978620296,0.1021271680806609,1.6500146032015948,14817.900658757942
123,TAIL,0.3040576765762802,0.0779876819109006,0.893162892454224,14817.900658757942
124,EMP,0.1303063996191638,0.0512966603707193,0.39378845406036095,14817.900658757942
124,EVENT-EMP,0.1303063996191638,0.0217355036649273,0.24362199295885079,14817.900658757942
124,GEV,0.027860588478194497,0.0512966603706195,0.4109711638627977,14051.307577571417
124,KDE,0.0669958616275121,0.0512966604540554,0.5893049869382623,14817.900658757942
124,TAIL,0.1101821787722608,0.022753024102683,0.2879476418133444,14817.900658757942
125,EMP,0.2209143708479217,0.0139875594544965,0.2366284184955304,10678.374829411507
125,EVENT-EMP,0.2209143708479217,0.0230424277347073,0.3056043522230897,9585.92072416097
125,GEV,0.1827585177184852,0.0139875594540385,0.1989814440113637,9867.566672763167
125,KDE,0.1785862779078284,0.013987559454469799,0.10247684117322936,11931.859845643243
125,TAIL,0.1090103792042576,0.028442492234102796,0.298901636976028,9469.49180727204
126,EMP,0.24393718264003977,0.0027357087985254,0.14972217887092826,9368.376076543911
126,EVENT-EMP,0.24393718264003977,0.0116857715719725,0.12723722908632676,36170.35831642958
126,GEV,0.1527919594204126,0.002735708798525,0.15532219203900188,5379.528785146359
126,KDE,0.190205552284462,0.0027357087985252,0.08452005769926581,5549.259578426679
126,TAIL,0.0034217184738888,0.0163540787254527,0.09277529139072287,14051.307577571417
127,EMP,0.2154947656999474,0.039548597915743,0.4028889367756976,11394.452656233063
127,EVENT-EMP,0.2154947656999474,0.0326840561121407,0.3683076565280644,8783.983727140041
127,GEV,0.110434924061226,0.0395485983491273,0.3729514218490942,12931.425859340467
127,KDE,0.1569782948662713,0.039548597915743,0.2830400199681373,9932.519038515476
127,TAIL,0.1207109740815963,0.030083697724070005,0.33159026232660377,9688.283101736257
128,EMP,0.2380991213183796,0.0208974236698744,0.2694881709072441,9302.582284031747
128,EVENT-EMP,0.2380991213183796,0.0248550034577491,0.3066161220886129,9302.582284031747
128,GEV,0.1742499870182243,0.0208974236698746,0.2655418210146827,8140.1987777330605
128,KDE,0.1956799493210201,0.0208974236698742,0.16994615407153094,10609.833246440627
128,TAIL,0.0181441221795046,0.0211446780960878,0.12420486559131755,10510.167974099517
129,EMP,0.0323299577624071,0.0192382210250015,0.1125497455766132,11587.571433588242
129,EVENT-EMP,0.0323299577624071,0.0188486892799988,0.062297877660809395,28785.54529624184
129,GEV,0.0070594526653559,0.0192382239379938,0.06970042474024268,9950.485564910496
129,KDE,0.0157166691647107,0.0192382208568357,0.058639541442723354,28785.54529624184
129,TAIL,0.0044937341302009,0.0236578205621597,0.1138150374128749,11268.646706348905
130,EMP,0.2918055608210838,0.0330198392426128,0.5237914813701949,15290.339719623638
130,EVENT-EMP,0.2918055608210838,0.030959524837658698,0.5115300027302485,12070.59436631327
130,GEV,0.2171622001345304,0.0330198392426136,0.5085311829985064,8759.124747626172
130,KDE,0.2530088780993572,0.0330198392426128,0.4507721161210628,8000.523508671052
130,TAIL,0.2018423240086835,0.0328834420498327,0.47681363806795635,8846.793035592264
131,EMP,0.0506094705254579,0.11640626159394249,1.1709386980107057,14817.900658757942
131,EVENT-EMP,0.0506094705254579,0.105853114915075,1.131964757836594,14817.900658757942
131,GEV,0.3294388443721082,0.1164000184231202,1.2046453898786829,14817.900658757942
131,KDE,0.1485529423233191,0.11640643600971229,1.5103874940004873,14817.900658757942
131,TAIL,0.3485530195080521,0.0942695975872468,1.0633077788848684,14817.900658757942
132,EMP,0.0530154908922676,0.029053554154966504,0.2982394267098576,14817.900658757942
132,EVENT-EMP,0.0530154908922676,0.0429610058799763,0.5317891869515995,14817.900658757942
132,GEV,0.1763225453790785,0.0290408827886344,0.34514723902715316,14817.900658757942
132,KDE,0.1093142952513229,0.029053560871270496,0.5488370062777835,14817.900658757942
132,TAIL,0.1649413194522059,0.0368633055324513,0.4363809439931864,14817.900658757942
133,EMP,0.1115757721046253,0.043592047525495,0.34671316557381177,25899.388020061266
133,EVENT-EMP,0.1115757721046253,0.0479333188058917,0.376301619476733,17292.08320061614
133,GEV,0.0443982730282932,0.0435925871910167,0.3122254262418628,18780.228435369518
133,KDE,0.0698454166990438,0.0435920475205391,0.21142820273313473,11506.06618032294
133,TAIL,0.0718774994556323,0.037817880448517,0.2825357335458787,13651.579399627633
134,EMP,0.1493978757196602,0.0186443157731324,0.15251941918707806,14051.307577571417
134,EVENT-EMP,0.1493978757196602,0.0135531552975408,0.09700310081508248,14051.307577571417
134,GEV,0.11158288580607828,0.0186443157592888,0.19381532531505719,14817.900658757942
134,KDE,0.0991857086360727,0.0186443159038296,0.3136305720087174,14817.900658757942
134,TAIL,0.2808464541151232,0.0393342961936163,0.6212693941369766,14817.900658757942
135,EMP,0.3042781340093023,0.0549920494930991,0.6764347781901939,69080.3286487667
135,EVENT-EMP,0.3042781340093023,0.0453905826722242,0.5744455082958051,11886.680479038507
135,GEV,0.2898108113626396,0.0549920494902831,0.6653736651925537,68070.66318242086
135,KDE,0.2757266069247998,0.0549920494930991,0.6110344423509452,9048.989391750967
135,TAIL,0.1333874717194176,0.0370031498297475,0.37532197771921755,10813.581340900311
136,EMP,0.06110061242325201,0.0288826584674944,0.24771373378596995,14817.900658757942
136,EVENT-EMP,0.06110061242325201,0.0193400299624757,0.18763446753265464,14817.900658757942
136,GEV,0.1483177348859065,0.0288731884642581,0.2892194477884315,14817.900658757942
136,KDE,0.1152565967861541,0.0288826623881788,0.4838925565340507,14817.900658757942
136,TAIL,0.0445264801374562,0.0234666585419491,0.18924352676277223,13499.961548449368
137,EMP,0.3841880168520971,0.0107318416754007,0.19733026148209573,19447.884100056355
137,EVENT-EMP,0.3841880168520971,0.0060193183913496,0.1682714414843229,10036.11448167906
137,GEV,0.3331290916901114,0.0117878272957368,0.2637022439626536,19447.884100056355
137,KDE,0.4598807890472141,0.0107223561503868,0.6048862623496905,19447.884100056355
137,TAIL,0.0121928196530234,0.0124827655395689,0.038496592728300354,9554.795365034292
138,EMP,0.309347752689095,0.0424463650713385,0.468770504937976,22316.97455023974
138,EVENT-EMP,0.309347752689095,0.0553800331221001,0.5005800215655862,23973.901307359647
138,GEV,0.1452847083883359,0.0424463657517615,0.4683451444439472,13793.934589090446
138,KDE,0.2462604849555467,0.0424463650713383,0.3975954715784647,11185.380092391746
138,TAIL,0.23671391592774638,0.0530603086015467,0.5974049091674812,12459.637618781999
139,EMP,0.11261583672769158,0.0049692127377781,0.04930388078699157,5338.051812463026
139,EVENT-EMP,0.11261583672769158,0.0073114817667084,0.08842515324049277,4664.141199426002
139,GEV,0.0160539340914766,0.0049688848260249,0.018777645302759747,557.1168666256385
139,KDE,0.0547208230560717,0.0049692127453095,0.1261128813523037,10036.11448167906
139,TAIL,0.0549177717622485,0.0037405958304332,0.11187329364256368,10036.11448167906
140,EMP,0.291122476591152,0.0274793026293042,0.4934565499392299,8224.478095489554
140,EVENT-EMP,0.291122476591152,0.0374260402097347,0.5299418465153714,9804.749528311813
140,GEV,0.272286372226409,0.0274793025383458,0.4844931481102644,8412.074492280992
140,KDE,0.2585531753890086,0.0274793026293044,0.4110023033211166,9473.11787979429
140,TAIL,0.0780573090507559,0.0347008108961891,0.27461391384775363,11053.68176676178
141,EMP,0.1920444300058343,0.015415772737699,0.16770775841489274,9660.918003456667
141,EVENT-EMP,0.1920444300058343,0.0023141801609299,0.011589450276494865,1020.2399282981124
141,GEV,0.021769213298502,0.015415869573083,0.1525650331104748,9309.076063908016
141,KDE,0.12348307907738192,0.0154157727372478,0.0283855808755992,19447.884100056355
141,TAIL,0.1049590616334665,0.0016376565126794,0.17386914027126565,3520.6665694125822
142,EMP,0.2595110370634005,0.023255778918241,0.11247900032067654,24621.506123940046
142,EVENT-EMP,0.2595110370634005,0.0029143367329904,0.14323203315787678,4872.36855659251
142,GEV,0.1687376328412363,0.023255778918231,0.10425587449532198,13045.066950395083
142,KDE,0.1883374194175208,0.0232557789182408,0.15339890219517946,14079.23231858015
142,TAIL,0.0910102749988812,0.0018616927080504,0.12952778281414037,3751.847097302994
143,EMP,0.1629321513771133,0.0192554404130584,0.19914697530618122,14817.900658757942
143,EVENT-EMP,0.1629321513771133,0.0202362168918719,0.1538466900788749,14051.307577571417
143,GEV,0.0363746241427119,0.0192554396990876,0.20388990792699307,14817.900658757942
143,KDE,0.0870171212802659,0.0192554404253563,0.357005541606954,14817.900658757942
143,TAIL,0.0156277238295665,0.0171198203759033,0.1435503671016845,13499.961548449368
144,EMP,0.2103111293878929,0.0459312487400367,0.45220023240232265,17959.832191814046
144,EVENT-EMP,0.2103111293878929,0.0085495411818045,0.2304316210453766,8326.141235203171
144,GEV,0.1605228232767152,0.0459312487400379,0.4268525800289397,11873.39662603196
144,KDE,0.1743730822835181,0.0459312487400367,0.354213387806061,8626.846663919277
144,TAIL,0.1399851449830612,0.0131171335710807,0.2573387251089558,7946.861022229306
145,EMP,0.2688279259645625,0.0671177377472331,0.5943988946271532,88048.75703753199
145,EVENT-EMP,0.2688279259645625,0.0553729213461416,0.5920673472138893,10489.064584955884
145,GEV,0.2165037260465004,0.0671177377472329,0.5750797259928909,17050.56570469495
145,KDE,0.23556642182376042,0.0671177377472331,0.5227141838865028,12714.378932801075
145,TAIL,0.1743029177017991,0.057602130952467606,0.5066399409281371,16062.701295335777
146,EMP,0.1316152130534915,0.091302874007492,0.7265604819203989,25485.428535084342
146,EVENT-EMP,0.1316152130534915,0.0846224659826539,0.6471859911953308,26401.709226529423
146,GEV,0.0412481102597312,0.0913028740074926,0.7637117404035294,36164.23823387362
146,KDE,0.0606931577400881,0.0913028740694955,0.920200131114833,14817.900658757942
146,TAIL,0.0378387745793071,0.0827269641118945,0.6464485518624413,21387.6252439972
147,EMP,0.0722892830500468,0.0848105087915561,1.0126695574633078,14817.900658757942
147,EVENT-EMP,0.0722892830500468,0.0708096056970332,0.8842501415727815,14817.900658757942
147,GEV,0.2192575012986855,0.0848105081521357,1.0469531094715487,14817.900658757942
147,KDE,0.1441590376023688,0.084811920068744,1.2951936683444105,14817.900658757942
147,TAIL,0.3586018240175163,0.0748417420026467,0.9385920690021199,14817.900658757942
148,EMP,0.1956830184949289,0.0043612611687571,0.041430123104177215,6319.8321569889995
148,EVENT-EMP,0.1956830184949289,0.0321548278016424,0.11804704410144631,13450.190244020274
148,GEV,0.0102565974398654,0.004361325308002,0.02826932419803263,2868.5899314863814
148,KDE,0.1168212742159603,0.0043612611679723,0.11110952349900281,10036.11448167906
148,TAIL,0.0628597322965071,0.0332589653492145,0.2476096674620513,12444.009839777524
149,EMP,0.1992783079240241,0.0253513734600809,0.3002315284011064,14381.909361829981
149,EVENT-EMP,0.1992783079240241,0.0005095582177228,0.17234025106295137,4657.635440877225
149,GEV,0.0790066276875482,0.0253513763340129,0.2753536309840418,10055.685499744179
149,KDE,0.1565758200356153,0.0253513734600805,0.1865830202502402,7466.808243528319
149,TAIL,0.0745614693782312,0.0323791318970494,0.28875258498670126,14817.900658757942
150,EMP,0.10553474809398,0.0412626907019846,0.47641549909736763,14817.900658757942
150,EVENT-EMP,0.10553474809398,0.0342907840306592,0.36566545455711247,14817.900658757942
150,GEV,0.055816865625737594,0.041262690701984,0.48017418225139363,14817.900658757942
150,KDE,0.0398067264050128,0.0412626930659697,0.6598227246730941,14817.900658757942
150,TAIL,0.1126703130191077,0.0283434322323785,0.330373063869845,14817.900658757942
151,EMP,0.0395895184673708,0.0475562608475831,0.5034833829301121,14817.900658757942
151,EVENT-EMP,0.0395895184673708,0.028749658463997,0.4389029377784021,14817.900658757942
151,GEV,0.1081798079356168,0.0475562530204492,0.48670147978086553,14817.900658757942
151,KDE,0.014066140746504498,0.047556261669118,0.6820967439230518,14817.900658757942
151,TAIL,0.1522771369918749,0.0287672259225814,0.3741343783493096,14817.900658757942
152,EMP,0.0051333233798736,0.0901712114135228,0.8344528105726843,14817.900658757942
152,EVENT-EMP,0.0051333233798736,0.0660976637356996,0.6302412304430735,14817.900658757942
152,GEV,0.11735694799829198,0.0901712114116333,0.8579481922547108,14817.900658757942
152,KDE,0.0514243521229385,0.0901712125228895,1.059014944861654,14817.900658757942
152,TAIL,0.1922576843572757,0.0696017277854809,0.6994113371093831,14817.900658757942
153,EMP,0.1931476732196063,0.0190269824874362,0.05295670384990034,28785.54529624184
153,EVENT-EMP,0.1931476732196063,0.0276026443873569,0.1358619594572108,10120.164741536291
153,GEV,0.0386373183761189,0.0190269824874627,0.05721167062841345,8945.030110294
153,KDE,0.1381771962015735,0.019026982479991,0.08855305881240721,28785.54529624184
153,TAIL,0.1009237823043459,0.0415739941785412,0.3403932175386063,12586.404292066582
154,EMP,0.028973364785094095,0.0329232134654824,0.10906263833616188,32004.70154829789
154,EVENT-EMP,0.028973364785094095,0.0103376950617524,0.16992844954723474,19447.884100056355
154,GEV,0.1441389768155343,0.0330873626983224,0.10673799735810963,25013.19033256049
154,KDE,0.0814493200823592,0.0329232124361871,0.09427194180136166,28785.54529624184
154,TAIL,0.0087888337148184,0.0175091868819545,0.09918047113947062,10084.848226704324
155,EMP,0.24708582098755782,0.01819839089052,0.10978426273243848,14759.666297878655
155,EVENT-EMP,0.24708582098755782,0.0136087694192792,0.10734792407167748,14759.666297878655
155,GEV,0.1818274265858011,0.01819839089142,0.09597215173025321,18365.96811401275
155,KDE,0.1941797381457037,0.0181983908905202,0.12157317294086006,12059.979093312182
155,TAIL,0.1330488230694558,0.0100098335708318,0.12260438607844794,11129.684333688787
156,EMP,0.2943366330739124,0.014313122708611502,0.3706193601580694,8399.04019112171
156,EVENT-EMP,0.2943366330739124,0.0106033647265845,0.3329390056712732,11430.76391438488
156,GEV,0.1947202755997982,0.014313122708611101,0.3464394042471121,8202.966748545257
156,KDE,0.2342506367191185,0.0143131227086113,0.26896448199199574,8931.4607516819
156,TAIL,0.0260531082059723,0.0048051339281814,0.06031477523136037,3197.0734333056544
157,EMP,0.1035224707892843,0.0155143531896595,0.059628062003771735,8790.343448172634
157,EVENT-EMP,0.1035224707892843,0.0031125881222263,0.08394029978848312,5129.414325892201
157,GEV,0.0644192530712937,0.015514353189659701,0.06748275558270969,8456.246264062615
157,KDE,0.057437522492683496,0.0155143531907854,0.1763964038273874,14817.900658757942
157,TAIL,0.0355250613049721,0.011935346842656,0.11900785851931268,14817.900658757942
158,EMP,0.1238725303114742,0.029470249540370204,0.10699034101345636,28785.54529624184
158,EVENT-EMP,0.1238725303114742,0.0254504472932586,0.16558329711800626,11705.805912394077
158,GEV,0.0121430631370539,0.029470249658090204,0.07564558269109747,28785.54529624184
158,KDE,0.0754267174318006,0.029470249501543103,0.04941019357148989,28785.54529624184
158,TAIL,0.0667840288556048,0.0334692404538862,0.2559749968498278,11111.723216538318
159,EMP,0.006041694411376,0.0232235508010756,0.29741593530683347,14817.900658757942
159,EVENT-EMP,0.006041694411376,0.0429027610239844,0.4409451373977842,14817.900658757942
159,GEV,0.213323427991309,0.0231595882981702,0.32085702730997023,14817.900658757942
159,KDE,0.0646625938571611,0.0232235573189625,0.5261774353988603,14817.900658757942
159,TAIL,0.1798250006108359,0.0478526768204263,0.5379242132769505,14817.900658757942
160,EMP,0.2520476760929107,0.0841397938410008,0.49437147131809517,58870.99572289828
160,EVENT-EMP,0.2520476760929107,0.0658819350931076,0.5018157723572709,20455.892455828685
160,GEV,0.0933799255978402,0.0841398381304454,0.4647208081460139,39738.905921871774
160,KDE,0.2055858766438884,0.0841397938409975,0.4203620575095777,28785.54529624184
160,TAIL,0.1975108543158998,0.0671641973153059,0.584575989564871,81589.23685761169
161,EMP,0.1981193243396338,0.0219060537064314,0.2311081132472241,27603.235163339104
161,EVENT-EMP,0.1981193243396338,0.0164468178241383,0.11599484355591518,15151.399590960393
161,GEV,0.1632716957746039,0.0219060537043442,0.14824639404683565,14051.307577571417
161,KDE,0.1521296714409256,0.0219060537066715,0.26459281622394104,14817.900658757942
161,TAIL,0.0455446107294167,0.0260524208622395,0.21115068717819943,13499.961548449368
162,EMP,0.1479797586519331,0.0109813421903682,0.360930512555719,8372.851618753746
162,EVENT-EMP,0.1479797586519331,0.0263056102243668,0.4155956625412132,9884.454771532057
162,GEV,0.1722784648134708,0.0109813421903688,0.32764904640510184,8044.610856051867
162,KDE,0.11219118907471562,0.010981342190368,0.21975105710744045,9164.550355507374
162,TAIL,0.1288584127631973,0.015449119059552398,0.2768564870887402,7920.3972094506025
163,EMP,0.2760662680098124,0.0507104902795717,0.49080633337564844,16883.868732018087
163,EVENT-EMP,0.2760662680098124,0.0426954706946073,0.4727032576821458,8138.054789084941
163,GEV,0.2054451171188445,0.0507104902795717,0.4632524635460345,10242.54356803062
163,KDE,0.23080857590886972,0.0507104902795702,0.39251855290860843,8364.596413102312
163,TAIL,0.0468643198124907,0.0330877712655116,0.21747975385592505,12670.130770564392
164,EMP,0.1317889283974155,0.0181178135634602,0.031462637689566746,7008.056639127847
164,EVENT-EMP,0.1317889283974155,0.0388286669976033,0.24526778572768912,14759.937244996532
164,GEV,0.0331103710570274,0.0181178135607838,0.06747404630497483,14051.307577571417
164,KDE,0.0823739917131359,0.0181178135643689,0.19459076279421542,14817.900658757942
164,TAIL,0.182896264511721,0.0527848116291696,0.5553122482794595,14817.900658757942
165,EMP,0.23476813012341446,0.0130979100994297,0.20702241228532448,11059.565568005666
165,EVENT-EMP,0.23476813012341446,0.0025715290528319,0.1840705310576226,6922.977393594157
165,GEV,0.1027100675646435,0.0130979100994291,0.18559132636024325,7883.001354095526
165,KDE,0.1687270680735924,0.0130979100994291,0.08202941225406234,8371.068232556805
165,TAIL,0.0836293521344715,0.0040450052132271,0.12570201508316411,3428.0680606379688
166,EMP,0.231992457172152,0.0511485463556022,0.534986041729085,8041.025816287845
166,EVENT-EMP,0.231992457172152,0.0628650755052847,0.5641042585970022,8278.189675814472
166,GEV,0.2437191709037789,0.051148546355508,0.49971669202469143,8772.17204575458
166,KDE,0.1970251386577974,0.0511485463556016,0.4178332247220886,7941.880799696781
166,TAIL,0.1322874664082773,0.0666053012885517,0.4539505759011439,22300.82400809663
167,EMP,0.1770046607802435,0.018940921998298,0.2569702128817875,9978.41552427908
167,EVENT-EMP,0.1770046607802435,0.0167834619837626,0.2087374533677991,8975.394270835133
167,GEV,0.0522020305290588,0.0189409827943523,0.23088067317153552,9660.374700622946
167,KDE,0.1383626053910539,0.0189409219982978,0.1425517398211003,7342.429116735856
167,TAIL,0.0582097078738068,0.0186691091095182,0.17624155528772734,8712.128481167369
168,EMP,0.0914942712968207,0.0028628751966304,0.07393601146859716,1476.3100498532876
168,EVENT-EMP,0.0914942712968207,0.0009830419225251,0.0679839645024229,1367.3984227914157
168,GEV,0.11729077318880919,0.0028741779936924,0.09456449045140584,3911.714528976112
168,KDE,0.0324908207747097,0.0028628749891097,0.26613364638765624,10036.11448167906
168,TAIL,0.0164683670110077,0.0008421289666221,0.028853942489851278,3329.7395337652415
169,EMP,0.2684942426252206,0.0261497612852888,0.10047136276239853,41895.14598455746
169,EVENT-EMP,0.2684942426252206,0.0075735536251543,0.1431283927342903,4135.075856228566
169,GEV,0.1536881498497355,0.0261497612852887,0.09181497230782873,16346.386095662187
169,KDE,0.2090960423819131,0.026149761285289,0.12531617593336575,12015.449830651076
169,TAIL,0.1660066970035829,0.0048238105657775,0.21282411869258588,5764.890742489654
170,EMP,0.2161021056132684,0.0006894752784668,0.22765183704160963,4311.224478852521
170,EVENT-EMP,0.2161021056132684,0.0062003035695997,0.2785269023858273,4311.224478852521
170,GEV,0.1402740279737505,0.0006894752784674,0.20240673343398766,4356.525120620823
170,KDE,0.1759187062313732,0.000689475278467,0.10616562106567905,6406.8221979910095
170,TAIL,0.0927890439446448,0.0033098969372167,0.16000711877782656,3339.9764530698044
171,EMP,0.0755755189580872,0.039540187491387,0.5022053996056655,14817.900658757942
171,EVENT-EMP,0.0755755189580872,0.0377575056979507,0.45736913687354414,14817.900658757942
171,GEV,0.2649843888019429,0.0394990742093667,0.5360627554614044,14817.900658757942
171,KDE,0.1363156542650268,0.0395402250526065,0.7652376072888157,14817.900658757942
171,TAIL,0.0709469683253048,0.027922820024654096,0.2634080154369155,14817.900658757942
172,EMP,0.1479443884748792,0.0723420192586562,0.3524330850093742,35787.568990463704
172,EVENT-EMP,0.1479443884748792,0.0321243571713079,0.22951394614692522,9904.235887914896
172,GEV,0.0071308212727417,0.0723526735943038,0.32009749798659737,41124.958417857684
172,KDE,0.1039452247605993,0.0723420192570123,0.2507485631193492,28785.54529624184
172,TAIL,0.0262836054841115,0.0322933633009405,0.1790334775316881,12952.584850709574
173,EMP,0.2000093305850073,0.0230062232313871,0.18846053649296912,11263.162977601713
173,EVENT-EMP,0.2000093305850073,0.0090331469400288,0.031043945233595407,7766.295887629605
173,GEV,0.0413415892132037,0.0230062245367164,0.16201428122145523,10338.054364402778
173,KDE,0.1431011013613675,0.0230062232312513,0.042240494374356036,28785.54529624184
173,TAIL,0.0883563554166858,0.0182824757302185,0.22404519409472115,8352.86985858561
174,EMP,0.2283386022904915,0.0165451828362448,0.11508339111475974,7332.207851470448
174,EVENT-EMP,0.2283386022904915,0.0027039449487608,0.13840074593971316,3177.6690714038496
174,GEV,0.0975960056624379,0.0165451828362462,0.1080106905211668,7406.0005754781905
174,KDE,0.1698390387271595,0.0165451828360124,0.06799324489013969,28785.54529624184
174,TAIL,0.0213237046921114,0.0001842499547126,0.02939084397071653,569.8504725905757
175,EMP,0.3214713883827932,0.0469783152046519,0.7141405147960861,65194.845309267024
175,EVENT-EMP,0.3214713883827932,0.0583104236257809,0.738270435980282,68339.80741777147
175,GEV,0.3317977991213193,0.0469783151853904,0.6878226904119233,64856.32056311601
175,KDE,0.2907594069045797,0.046978315204652,0.6273234156164829,8041.401852838074
175,TAIL,0.292747699558766,0.0608645546982974,0.7167049002120496,72018.98582702958
176,EMP,0.3370298641265588,0.0252422312189005,0.5129912046916981,7884.147582381032
176,EVENT-EMP,0.3370298641265588,0.0317659226295475,0.5540356843177723,7884.147582381032
176,GEV,0.2675659213568693,0.0252422312182937,0.521454570937392,7999.097645347007
176,KDE,0.2881205417387729,0.0252422312189003,0.44954699200455994,8871.461203750534
176,TAIL,0.1118928773094214,0.0195866458869534,0.272073046945567,8298.41652339107
177,EMP,0.12083539300348528,0.0205472147165744,0.06253865024280553,8153.714735362369
177,EVENT-EMP,0.12083539300348528,0.0096475837923986,0.044104533861868175,8153.714735362369
177,GEV,0.0037321815361206997,0.0205472084529125,0.0855725685011646,14051.307577571417
177,KDE,0.0728130651578134,0.020547214716973,0.22120350243507647,14817.900658757942
177,TAIL,0.0366969127305163,0.0201169892651711,0.16472134867127983,13499.961548449368
178,EMP,0.1379478064068644,0.0065048912800551,0.09592681930011308,21115.93650854555
178,EVENT-EMP,0.1379478064068644,0.002813778434532,0.12467444663514016,16914.275402664414
178,GEV,0.1335027631894547,0.0065048912800543,0.0718694957460729,7131.541131006761
178,KDE,0.0970206915149916,0.006504891280061,0.10409621393654427,9269.521400492535
178,TAIL,0.0224122370988237,0.0092102432013414,0.09526580095939795,14817.900658757942
179,EMP,0.1108771887677401,0.0089884096942688,0.10131209955922667,19447.884100056355
179,EVENT-EMP,0.1108771887677401,0.0026412175538732,0.03854026064096166,3385.3792857360095
179,GEV,0.0555676723367076,0.0089884323545351,0.09773687941235916,19447.884100056355
179,KDE,0.059816716502024705,0.0089884095398865,0.2436729102809756,19447.884100056355
179,TAIL,0.1302780078830235,0.0056119127693358,0.19154668601273117,10036.11448167906
180,EMP,0.1087873089506939,0.0127927948874794,0.1929714008600561,11521.43978640406
180,EVENT-EMP,0.1087873089506939,0.0233867329140676,0.24922146352555552,8228.746939455159
180,GEV,0.0882465468267497,0.012792794887479,0.16181707250000685,7888.443474807466
180,KDE,0.0670925714282349,0.0127927948873235,0.05320371006212253,6943.863959646681
180,TAIL,0.0798996966729743,0.0247599417622884,0.2388827865242805,9344.050845982198
181,EMP,0.143495562927378,0.0034219138509715,0.07313308959814588,4134.964166001003
181,EVENT-EMP,0.143495562927378,0.000202806533691,0.056523178239783194,1335.014935297374
181,GEV,0.159864952518399,0.0034870604455234,0.108669678140369,4492.290912584919
181,KDE,0.2017965093857936,0.0034218778444219,0.3203499646680827,10036.11448167906
181,TAIL,0.0035290277586344,0.005468810946115,0.0316745660328146,2753.443420085642
182,EMP,0.1271934378064034,0.0061145371673216,0.3233288440352541,10036.11448167906
182,EVENT-EMP,0.1271934378064034,0.004917634503752,0.26233275368899556,10036.11448167906
182,GEV,0.2231855340470371,0.0060348318095657,0.27189234887356983,10036.11448167906
182,KDE,0.0220089742419242,0.0061145419924867,0.5053946942409165,10036.11448167906
182,TAIL,0.0875277817104017,0.0145856742125813,0.20601842838378523,14817.900658757942
183,EMP,0.597967266074107,0.0840607853779819,1.2372320510985528,14817.900658757942
183,EVENT-EMP,0.597967266074107,0.0655345380619491,1.117866940485249,14817.900658757942
183,GEV,0.6957443834634094,0.0820817896776451,1.2667662217516007,14817.900658757942
183,KDE,0.6941423983034755,0.0842819073307814,1.7991329646631995,14817.900658757942
183,TAIL,0.1053524379585072,0.0228773474359433,0.2826455954754463,14817.900658757942
184,EMP,0.2828486231015624,0.0259276418866179,0.3419267522768681,18979.964502370607
184,EVENT-EMP,0.2828486231015624,0.0360283461563447,0.40584290583772126,8013.115337578892
184,GEV,0.1834515824432987,0.0259276418866181,0.3466038621846466,7891.127971770242
184,KDE,0.230755111565734,0.0259276418866181,0.25927151052535885,8549.729192077803
184,TAIL,0.1353806665346103,0.0381316011289074,0.3800601141744487,11046.964506738199
185,EMP,0.2989944565181329,0.0244104333613931,0.5307185167590747,8280.431647749618
185,EVENT-EMP,0.2989944565181329,0.0383856629197328,0.5575239792660648,8248.183480910646
185,GEV,0.2770066723104983,0.0244104331604365,0.5050406002898926,8438.158506858163
185,KDE,0.2631429935648222,0.0244104333613933,0.43676132216259883,9222.418515461808
185,TAIL,0.2121294022596083,0.0450294288257693,0.5006611104334037,9919.871062473707
186,EMP,0.2309626381823744,0.0628468009228639,1.0937254106687204,14817.900658757942
186,EVENT-EMP,0.2309626381823744,0.0822960945264593,1.2263435952316681,14817.900658757942
186,GEV,0.5751616413725066,0.06215126673422159,1.0840428444441397,14817.900658757942
186,KDE,0.3108287199924041,0.0628660602770523,1.4569449515668338,14817.900658757942
186,TAIL,0.1400348134796173,0.0362273974842785,0.4091125854899068,14817.900658757942
187,EMP,0.23646582085801024,0.0325940870118288,0.3968641800837181,13334.999242200518
187,EVENT-EMP,0.23646582085801024,0.028029808088416302,0.4327453782256888,8249.716631765788
187,GEV,0.1635998988982323,0.0325940870118299,0.36872068036343786,8724.507338976488
187,KDE,0.1995732900608227,0.0325940870118288,0.2957097447289888,7885.049629601029
187,TAIL,0.0987325015288637,0.0256499036862555,0.2724432600931787,9184.050223895969
188,EMP,0.0549308082421799,0.0158538580681872,0.31268369588156614,14817.900658757942
188,EVENT-EMP,0.0549308082421799,0.0013438308636176,0.1719286069147268,10036.11448167906
188,GEV,0.0844796708820494,0.0158538572755547,0.3265961601406301,14817.900658757942
188,KDE,0.0003101993906317,0.0158538618737915,0.4947070668140654,14817.900658757942
188,TAIL,0.0588424848960086,0.0099416011026581,0.1373452297084176,7964.974733575247
189,EMP,0.3806772741764703,0.0364753271944066,0.7700166515132784,65236.27212593746
189,EVENT-EMP,0.3806772741764703,0.05620532038607099,0.7953776181107265,64875.73183387849
189,GEV,0.3914609473993915,0.0364750208035724,0.7637407164845068,66458.84685576831
189,KDE,0.346836445177883,0.0364753271944066,0.6994529322414338,65454.908388814576
189,TAIL,0.3581412744228446,0.0626753929122284,0.8151563979245998,68885.35369559501
190,EMP,0.1443302762889776,0.0140077096413114,0.075891080953338,19447.884100056355
190,EVENT-EMP,0.1443302762889776,0.0155215235773317,0.22420176331486377,14817.900658757942
190,GEV,0.1714351190851862,0.0140345323374836,0.1508847792455465,19447.884100056355
190,KDE,0.2045675542773336,0.0140075629638273,0.33741261150995944,19447.884100056355
190,TAIL,0.0416834227930031,0.001669887033312,0.05378806417374018,3344.3715341593033
191,EMP,0.00044133190694069994,0.0085058440333199,0.2041873349654331,14817.900658757942
191,EVENT-EMP,0.00044133190694069994,0.0334675207887684,0.2318736693174106,14051.307577571417
191,GEV,0.0310546829171071,0.0085058440333203,0.273623057092484,14817.900658757942
191,KDE,0.0547971127818862,0.0085059023156581,0.43128063424507546,14817.900658757942
191,TAIL,0.2284678431844551,0.0524415989295864,0.6070015571105807,14817.900658757942
192,EMP,0.1387609120616009,0.0432370214432775,0.40305571714161376,14817.900658757942
192,EVENT-EMP,0.1387609120616009,0.0341476369014769,0.35559739530777085,14817.900658757942
192,GEV,0.1964983982646387,0.043228475521359,0.4731384355351069,14817.900658757942
192,KDE,0.1988119869770931,0.043237040216802,0.7043232396426217,14817.900658757942
192,TAIL,0.1664642135846081,0.03775445933236,0.45162294608657017,14817.900658757942
193,EMP,0.1118944523518149,0.0588933322383729,0.3729399487171732,14051.307577571417
193,EVENT-EMP,0.1118944523518149,0.014153748955888898,0.23675003172237266,14817.900658757942
193,GEV,0.1229655779837828,0.0588869037159382,0.37441174837641306,14051.307577571417
193,KDE,0.0428924959013144,0.0588933322384929,0.5646205952307946,14817.900658757942
193,TAIL,0.0684646568606833,0.007557686269019999,0.14352561005499276,10036.11448167906
194,EMP,0.2713563732284547,0.007385783936258401,0.2919587854060145,3845.809189243449
194,EVENT-EMP,0.2713563732284547,0.0234261825370192,0.3386886263353546,8551.693998432098
194,GEV,0.189330023076494,0.0073857839362578,0.2662297876944978,4792.5366939516325
194,KDE,0.2160303726320338,0.007385783936258401,0.18224933659950057,6894.333293698935
194,TAIL,0.0528407538455103,0.0217947471448672,0.1837900371483801,8736.388165716702
195,EMP,0.1585506336996569,0.059151984078256406,0.37444051601703116,24281.415948759768
195,EVENT-EMP,0.1585506336996569,0.0271191350868728,0.24439600126225536,8870.663735077716
195,GEV,0.066745835664026,0.0591519871125957,0.32686165947031487,22290.9340664139
195,KDE,0.11717446357178149,0.0591519840781802,0.2595849752680238,28785.54529624184
195,TAIL,0.094465800160921,0.0317914047566755,0.2670606372882729,9874.991964362562
196,EMP,0.0531173992005792,0.0304200173891194,0.10465803219513002,11710.390158472583
196,EVENT-EMP,0.0531173992005792,0.0223565109773631,0.12097854930045217,10923.777750617513
196,GEV,0.095286018267813,0.0304258489106125,0.06293522160847698,28785.54529624184
196,KDE,0.1074474406479493,0.0304200069834401,0.13508871975299688,28785.54529624184
196,TAIL,0.0437496536908307,0.0216609547337184,0.0612522143843143,12357.215703555383
197,EMP,0.12189250686017458,0.0136626444865171,0.015878047674419374,17973.954534917655
197,EVENT-EMP,0.12189250686017458,0.01932090989732,0.06951450762404512,16646.370642549668
197,GEV,0.0925288259699896,0.0136731655669171,0.0496173175237106,12479.058787125163
197,KDE,0.0708374773107267,0.0136626444794322,0.1447063685838173,19447.884100056355
197,TAIL,0.0640025869389302,0.0169483251363983,0.1804885765469076,8453.648852572776
198,EMP,0.1332621688556222,0.0374832806114379,0.14780059463913148,14051.307577571417
198,EVENT-EMP,0.1332621688556222,0.0099284573314662,0.049643704881273155,5373.730301519028
198,GEV,0.0472388312502965,0.0374831845576253,0.21899656727691758,14051.307577571417
198,KDE,0.1877661303524828,0.0374832819409883,0.4504958848112146,14817.900658757942
198,TAIL,0.0247435805598025,0.0113320535891305,0.09556762055482443,13499.961548449368
199,EMP,0.0416009315579506,0.0417215990096417,0.25010777793382455,21536.437824384207
199,EVENT-EMP,0.0416009315579506,0.0266895600036104,0.14499684902421112,18285.476631932994
199,GEV,0.0811624979193874,0.0417215990096421,0.23019969480466232,14051.307577571417
199,KDE,0.004040815958401,0.0417215990128716,0.37984646110967474,14817.900658757942
199,TAIL,0.0710033938259165,0.0161882558322483,0.048841067758984766,7430.441820779608
200,EMP,0.1782970649959284,0.0058894905917992,0.07610590373902823,3452.198443584661
200,EVENT-EMP,0.1782970649959284,0.0204082976188648,0.07863250035346026,8748.055308936888
200,GEV,0.0803410782903481,0.0058894905918006,0.04608192542813299,943.3281131494376
200,KDE,0.1297384200001915,0.0058894905884146,0.0950926864456562,10036.11448167906
200,TAIL,0.0116961792043041,0.0208323457759371,0.12372852446867166,14051.307577571417
201,EMP,0.1402496404061353,0.0271409838240161,0.304512012801602,14817.900658757942
201,EVENT-EMP,0.1402496404061353,0.0293361865752166,0.33033912056508147,14817.900658757942
201,GEV,5.733902916732958e-05,0.0271409838240161,0.3310291995085357,14817.900658757942
201,KDE,0.0737342522725724,0.0271409847499267,0.4848240011994938,14817.900658757942
201,TAIL,0.0800055505859559,0.0218224887593819,0.22741885600822956,14817.900658757942
202,EMP,0.1076162378845196,0.0334292112864914,0.27427738293988874,14817.900658757942
202,EVENT-EMP,0.1076162378845196,0.0343650375733355,0.28330084090492175,13499.961548449368
202,GEV,0.1035748992401525,0.033428744926387,0.3078170032390356,14817.900658757942
202,KDE,0.0343709634091746,0.0334292114005139,0.49092764992856747,14817.900658757942
202,TAIL,0.0439405310053056,0.0330466775015938,0.24307448377192145,14051.307577571417
203,EMP,0.2491693411033459,0.0009268433653698,0.2666159531537395,8940.778897712215
203,EVENT-EMP,0.2491693411033459,0.0166815333940445,0.33433336388875934,12771.792269899823
203,GEV,0.2181904200408615,0.0009268433651742,0.23975320311005088,8233.289230309323
203,KDE,0.2012185944772225,0.00092684336537,0.14755612185853972,9798.663617301629
203,TAIL,0.0849226566902957,0.0097580775258484,0.17668379936188414,7888.146555790988
204,EMP,0.2591625991711506,0.0552847302253222,0.5463997525014866,8018.405306659639
204,EVENT-EMP,0.2591625991711506,0.0360867697766456,0.4576305732311244,7970.315361678291
204,GEV,0.2625405472055981,0.0552847302394848,0.5191377369046957,8461.045993128171
204,KDE,0.2240082651166568,0.055284730225322,0.44023407164629813,7913.021734992352
204,TAIL,0.1278171518121014,0.0362919716915834,0.3550452479237229,10632.72266179044
205,EMP,0.1562669917205006,0.0670489502370342,0.763140993178862,14817.900658757942
205,EVENT-EMP,0.1562669917205006,0.0773775950483639,0.8458924772741769,14817.900658757942
205,GEV,0.4459384052856219,0.0659965750101725,0.7574490356316215,14817.900658757942
205,KDE,0.2257816036153477,0.0670491567407991,1.1044850343932806,14817.900658757942
205,TAIL,0.2954519344785868,0.0807890013734491,0.8959444981462215,14817.900658757942
206,EMP,0.0831687670532654,0.0342342520052336,0.1301379711459661,11813.158555119713
206,EVENT-EMP,0.0831687670532654,0.029035947286236104,0.11768279708166782,14051.307577571417
206,GEV,0.0400503327341909,0.0342342520052332,0.16208591890443183,14051.307577571417
206,KDE,0.0221615170649022,0.034234252016385,0.3327390892538592,14817.900658757942
206,TAIL,0.1659897044280585,0.0445493941797352,0.4843300822690251,14817.900658757942
207,EMP,0.05827914352115101,0.033352935235793,0.3808118950546151,14817.900658757942
207,EVENT-EMP,0.05827914352115101,0.028414543855690404,0.28121167088167737,14817.900658757942
207,GEV,0.0412078286171743,0.033352935235794,0.43119391304244153,14817.900658757942
207,KDE,0.0001876736689632,0.0333529423177673,0.593221383331172,14817.900658757942
207,TAIL,0.0267523398258711,0.0042879294934976,0.01613438206624649,722.8767598099594
208,EMP,0.2736797404768762,0.014828644589903898,0.4400732102637913,10881.025053493368
208,EVENT-EMP,0.2736797404768762,0.0161583757382815,0.3945418289153475,13712.566226117313
208,GEV,0.2753604422127728,0.0148286445757266,0.4129542138106728,11146.230264274715
208,KDE,0.235979426936483,0.0148286445899041,0.331638853825111,12070.97862073686
208,TAIL,0.0043878231388917,0.0099118067958623,0.053981453110808784,9092.311549588727
209,EMP,0.2363817445737615,0.0114792293001141,0.292024886958943,10453.065571974032
209,EVENT-EMP,0.2363817445737615,0.0229466198697519,0.31704292341710655,8850.301646519452
209,GEV,0.18169086609539,0.0114792293001141,0.2576873581046588,8970.201576396203
209,KDE,0.1874112765467826,0.011479229300111,0.16435520689490904,9937.386431052038
209,TAIL,0.1385892469782584,0.024786363668525,0.3248651034469942,8440.32897129065
210,EMP,0.2534422040235963,0.0382074746761865,0.36426950931708274,12157.466017025525
210,EVENT-EMP,0.2534422040235963,0.0363631538039085,0.4237178102717407,12157.466017025525
210,GEV,0.1793782516490511,0.0382074746761867,0.34802226626768656,8316.674807127254
210,KDE,0.2100072101519803,0.0382074746761865,0.26449803842250164,8842.833727984378
210,TAIL,0.1121719448155847,0.036053672126664,0.33799985276670524,11170.426375484716
211,EMP,0.2000397913255158,0.0002301256387153,0.10378334127929911,3877.4980061764104
211,EVENT-EMP,0.2000397913255158,0.0066791083279804,0.0782940489452511,3943.6655522292067
211,GEV,0.1528668157382392,3.152028956204984e-05,0.062224277644368886,3728.655447565123
211,KDE,0.259452846789718,0.00023013899057259998,0.30060869174727295,10036.11448167906
211,TAIL,0.0925924360891115,0.016206660739366,0.2246279462316934,8161.2955722166225
212,EMP,0.0918881066961427,0.030881551403229304,0.4139411824727886,14817.900658757942
212,EVENT-EMP,0.0918881066961427,0.007709019212369499,0.28751093800451394,10036.11448167906
212,GEV,0.1630387153795588,0.0308813999667122,0.49325163688581886,14817.900658757942
212,KDE,0.1548514193322208,0.030882115653872097,0.7188714956634826,14817.900658757942
212,TAIL,0.2940577491500116,0.0265210354116942,0.5627773471099976,14817.900658757942
213,EMP,0.0894305512851874,0.0300819110701431,0.11185407617971888,15546.427979423353
213,EVENT-EMP,0.0894305512851874,0.0407890132523554,0.15035292366207448,23289.696131273795
213,GEV,0.1476121897829699,0.030145948063792203,0.08060323089822097,28785.54529624184
213,KDE,0.1459295268525227,0.0300818859738156,0.17422252371290867,28785.54529624184
213,TAIL,0.0221856951459423,0.0441604656869752,0.1867877670665948,21115.919763466965
214,EMP,0.048064069436924,0.0463895051724676,0.2728452818377514,14051.307577571417
214,EVENT-EMP,0.048064069436924,0.029834096207537304,0.1715627534975029,14051.307577571417
214,GEV,0.0160078261707232,0.0463895051688303,0.3234362997686831,14051.307577571417
214,KDE,0.0002455247183031,0.0463895052742665,0.48037283112385254,14817.900658757942
214,TAIL,0.0100652302228176,0.0251276770088306,0.1444499034010394,14051.307577571417
215,EMP,0.0841116375724436,0.0128277570305595,0.13117544937970194,14817.900658757942
215,EVENT-EMP,0.0841116375724436,0.0014897940008468,0.04534531096155983,3404.696133747076
215,GEV,0.0462544183870002,0.0128277520854862,0.17649310509844662,14817.900658757942
215,KDE,0.0221111705367689,0.0128277582065835,0.33376792155379126,14817.900658757942
215,TAIL,0.0999578927688391,0.014419275427348797,0.23199765050429141,14817.900658757942
216,EMP,0.0252239580477355,0.0007083349472597,0.09409234754049464,8790.223518948278
216,EVENT-EMP,0.0252239580477355,0.0075234644108944,0.06411882257019601,4738.668547337461
216,GEV,0.1400339429687032,0.0009212000929727,0.06760578073974334,7691.623083456937
216,KDE,0.0333754900830412,0.0007083349131184,0.2020597322244827,10036.11448167906
216,TAIL,0.0121422734155861,0.0102460884047041,0.0332700679222431,7542.787163653721
217,EMP,0.2590091598059025,0.0339622576182763,0.35270510559777823,12513.941040620828
217,EVENT-EMP,0.2590091598059025,0.0146478992521007,0.28484556344885115,7889.674898964355
217,GEV,0.1152630532591618,0.0339622576197598,0.3335570932177519,10543.02128128428
217,KDE,0.2112866973171812,0.0339622576182763,0.2553666783771866,7597.245326535776
217,TAIL,0.0790163550032938,0.0157812395339812,0.19647469580074478,8191.896017771524
218,EMP,0.2944340349249209,0.0168654059608743,0.5061959981686599,8275.913099841215
218,EVENT-EMP,0.2944340349249209,0.0348538874527206,0.554840336115682,8492.800631516613
218,GEV,0.23334025696428962,0.0168654059608725,0.48725973870696543,7918.126405945048
218,KDE,0.2583308683312401,0.0168654059608743,0.4276484462816225,8297.39756729547
218,TAIL,0.2597866902589134,0.0364362616995573,0.5552693172733058,8173.400065282981
219,EMP,0.22765972644919566,0.0471853878464348,0.28107342473725144,24893.366506412625
219,EVENT-EMP,0.22765972644919566,0.0351810795629694,0.31491426480313184,9373.487293850942
219,GEV,0.0873513083790996,0.0471853878464342,0.2597026436719005,13693.092818071445
219,KDE,0.1600242193137425,0.0471853878424044,0.16755119496476906,28785.54529624184
219,TAIL,0.0836774376585051,0.0348533435203466,0.2839034634285668,10939.335907955654
220,EMP,0.1522258554683245,0.0257537444104714,0.3395613617642574,14817.900658757942
220,EVENT-EMP,0.1522258554683245,0.0200384397859102,0.3045834887309281,14817.900658757942
220,GEV,0.2456543187835553,0.0256798270351821,0.3966970374941556,14817.900658757942
220,KDE,0.2136027350789113,0.0257537936023439,0.6238971258342478,14817.900658757942
220,TAIL,0.0188600473227859,0.0102726086463445,0.08722404123088133,13499.961548449368
221,EMP,0.20937813844359,0.0433837705974658,0.25912970896377663,40928.16559960134
221,EVENT-EMP,0.20937813844359,0.0425386932107484,0.3209844612634174,26887.40411257278
221,GEV,0.0423340769565295,0.0433837808252371,0.24427556201145195,16332.917543768262
221,KDE,0.1449880200971052,0.0433837705971034,0.15305526971603886,28785.54529624184
221,TAIL,0.1347601016073884,0.0378894410704078,0.3839982129448567,11147.422443138747
222,EMP,0.0142279163047365,0.0320507602371927,0.17704690212830063,16735.632220815867
222,EVENT-EMP,0.0142279163047365,0.0300912959358515,0.17932435044309847,15644.587051842982
222,GEV,0.1309000607405338,0.0322404775753193,0.12831990658651127,24475.87749569801
222,KDE,0.0663781655140161,0.0320507597835858,0.07599566541838862,28785.54529624184
222,TAIL,0.111089238371471,0.028092157433208403,0.30184561149720446,9387.604855772728
223,EMP,0.2090687260707116,0.0163457140863317,0.1165474978965175,12950.275203531504
223,EVENT-EMP,0.2090687260707116,0.0031176324692609,0.20581057260811464,4902.121025340218
223,GEV,0.1632871026470331,0.0163457140863322,0.09449402649460202,15291.906262877605
223,KDE,0.1623170115000343,0.0163457140863319,0.10316317366514345,11267.188811266175
223,TAIL,0.1569199115478534,0.0020957811959688,0.22239961005012898,4858.379971500072
224,EMP,0.111019731630289,0.0437441682795132,0.3039039629473171,12546.271161640374
224,EVENT-EMP,0.111019731630289,0.0449986556585736,0.33999170319342625,16121.158268622123
224,GEV,0.0428116407527287,0.043744204934468,0.26414325447479026,17115.80339691012
224,KDE,0.058849495939950605,0.0437441682369666,0.1261428218573914,28785.54529624184
224,TAIL,0.079888448323623,0.0405526140704811,0.31310546752814866,13240.923187512284
225,EMP,0.0229162510056352,0.0783911030994799,0.6075288565212844,15438.281589826776
225,EVENT-EMP,0.0229162510056352,0.0646603856450343,0.5860135970681557,14817.900658757942
225,GEV,0.1213931565348774,0.0783910790544092,0.6526662514543573,14817.900658757942
225,KDE,0.0765806293053078,0.0783911039016838,0.850512398192834,14817.900658757942
225,TAIL,0.1772726264982486,0.0681255014307869,0.6917926973066545,14817.900658757942
226,EMP,0.0664145627936736,0.0344727305951296,0.34050200351372195,14817.900658757942
226,EVENT-EMP,0.0664145627936736,0.0333983580167517,0.3912016509426903,14817.900658757942
226,GEV,0.0512687448818946,0.0344727305946427,0.3907268612418282,14817.900658757942
226,KDE,0.0101133145993306,0.0344727320862303,0.5577408132821418,14817.900658757942
226,TAIL,0.2877149988146602,0.0520529464928038,0.6961234773684267,14817.900658757942
227,EMP,0.11820632986522212,0.0524587390924977,0.23258448422999026,52604.87972735986
227,EVENT-EMP,0.11820632986522212,0.0562342105763833,0.2483417301948336,40492.34397515748
227,GEV,0.0673165939592532,0.05258217431772,0.23662762291106926,34011.28921164479
227,KDE,0.0724537014936381,0.05245873908932,0.12805839061575366,28785.54529624184
227,TAIL,0.1524573046031646,0.0555471849398885,0.46772636721692595,16471.110761958174
228,EMP,0.1628067812242511,0.0138927615371808,0.11047899768996322,15059.927967361691
228,EVENT-EMP,0.1628067812242511,0.0052250934179329,0.1827154213042437,3964.9578555650596
228,GEV,0.1649293973220752,0.0138927615359675,0.08265544267705383,10668.352705209205
228,KDE,0.1228328117387654,0.013892761537254902,0.10330128393264816,11084.035626962574
228,TAIL,0.0248815368343535,0.004620624877102,0.058891553000964506,3330.9177161140574
229,EMP,0.05853360697673509,0.0194576093514887,0.06492607458958774,7354.807676234696
229,EVENT-EMP,0.05853360697673509,0.0067989516297136,0.03882806495679835,3990.1607830430275
229,GEV,0.05897791814829039,0.0194550942525059,0.08458773453495382,14051.307577571417
229,KDE,0.0131169800862225,0.019457609351591,0.2359875309507603,14817.900658757942
229,TAIL,0.0924491957157731,0.0041068883280249,0.16634562232586217,10036.11448167906
230,EMP,0.2274741409485677,0.0063950360911642,0.2196923369243753,3846.2486524975134
230,EVENT-EMP,0.2274741409485677,0.0075490960830591,0.19768757043864524,3846.2486524975134
230,GEV,0.1464851953809798,0.006395036091164,0.1975191896674313,4106.551885737624
230,KDE,0.1824298700748349,0.006395036091164,0.10438536585861136,6381.022211081866
230,TAIL,0.0758326210233625,0.015246891105304,0.1989311501675547,14817.900658757942
231,EMP,0.1230849133710649,0.0048601451068719,0.10533614180710693,4133.90878762015
231,EVENT-EMP,0.1230849133710649,0.0093390666339283,0.18780308225920814,8296.499018039554
231,GEV,0.0686290970788293,0.0048601451068588,0.05761930874120112,4043.0003214201165
231,KDE,0.0812785093049311,0.0048601451068908,0.08090393788133761,8718.175371370486
231,TAIL,0.0076585718303655,0.000192871292596,0.017504224149783434,1318.0385728297342
232,EMP,0.2975362345534464,0.0418454310104595,0.48483698356693977,13929.286076601597
232,EVENT-EMP,0.2975362345534464,0.0355059061385581,0.47020534712418655,7883.258491421118
232,GEV,0.1898384852908717,0.041845431010463,0.46070504592497563,10094.627845392251
232,KDE,0.2489464519642408,0.0418454310104595,0.39896305743121574,8341.352389153713
232,TAIL,0.1722438301681091,0.0369364144433486,0.4338241921809001,9895.476705287272
233,EMP,0.0186761005417949,0.0239401767803798,0.21063040744457526,14817.900658757942
233,EVENT-EMP,0.0186761005417949,0.0160513081636553,0.16954425066852605,14817.900658757942
233,GEV,0.1613399091267913,0.0239139828252268,0.25185678456235433,14817.900658757942
233,KDE,0.0351423751270065,0.0239401770277915,0.4447720024825828,14817.900658757942
233,TAIL,0.0515541055115865,0.0152698845502282,0.1634838675598882,14817.900658757942
234,EMP,0.1679927171542007,0.0229217899618845,0.09747373419921271,9953.127249705916
234,EVENT-EMP,0.1679927171542007,0.0170421058513884,0.13894449212825932,9953.127249705916
234,GEV,0.0253749907260736,0.0229217899643835,0.059694716507871455,28785.54529624184
234,KDE,0.1039070137773461,0.0229217898617327,0.07412996825423243,28785.54529624184
234,TAIL,0.0917715086486261,0.0173200394185814,0.22490347754327594,8233.231500819014
235,EMP,0.0850258264966191,0.031218435937597502,0.3132104851767938,14817.900658757942
235,EVENT-EMP,0.0850258264966191,0.0200423589750602,0.20922888031509626,14817.900658757942
235,GEV,0.11401165049462482,0.031218302851628396,0.3634593572628176,14817.900658757942
235,KDE,0.0073787893523715,0.0312184425090885,0.5563539028266937,14817.900658757942
235,TAIL,0.11153971366534601,0.0245458107245339,0.3230664356072422,14817.900658757942
236,EMP,0.023302619687662,0.0746602372541435,0.600034498029956,16851.966387266708
236,EVENT-EMP,0.023302619687662,0.0482703168186458,0.43741442015569987,14817.900658757942
236,GEV,0.1336134845845432,0.0746601416055298,0.6298500091542686,14817.900658757942
236,KDE,0.0793382047152339,0.0746602379315441,0.8484013933372179,14817.900658757942
236,TAIL,0.0111717339205056,0.0386984747027337,0.24502629892361139,14051.307577571417
237,EMP,0.0326687795049077,0.002295582690015,0.09748658333854557,3533.7151067591167
237,EVENT-EMP,0.0326687795049077,0.0159098244081862,0.14865404744300398,8239.599915947765
237,GEV,0.0068716637738454,0.0022956057342817,0.04748543106133993,3238.2840089772103
237,KDE,0.013992965980338702,0.0022955826803889,0.09704257117352266,10036.11448167906
237,TAIL,0.0234392482709532,0.0093222894898249,0.016784311879463155,6409.875160331529
238,EMP,0.1536406292148731,0.0416943366397842,0.19786505074105093,18708.610031618427
238,EVENT-EMP,0.1536406292148731,0.0449128733360312,0.25899615302215234,18708.610031618427
238,GEV,0.0040776091000561,0.041694364940032,0.15796191424889783,16450.637633501552
238,KDE,0.0966034297978827,0.041694336610651,0.05693705620539329,28785.54529624184
238,TAIL,0.0621574338611672,0.0432924937210457,0.28281333539853915,15730.466986559331
239,EMP,0.1646226283505052,0.0128588734656717,0.12193984981468844,14817.900658757942
239,EVENT-EMP,0.1646226283505052,0.0053334048354621,0.12110181726599183,10036.11448167906
239,GEV,0.0390751661841947,0.0128587732228853,0.09768292400072871,13499.961548449368
239,KDE,0.1099690482638555,0.0128588734663683,0.25972531232538926,14817.900658757942
239,TAIL,0.0037168478836228,0.0049568275054654,0.03348615006470515,2594.772910706492
240,EMP,0.2774249185770681,0.0304047678320049,0.2629486572559998,10197.587805031799
240,EVENT-EMP,0.2774249185770681,0.0220260513125481,0.3164573594785886,8390.694049715066
240,GEV,0.1794613792229347,0.0304047678005062,0.23168634513057698,8187.822075368526
240,KDE,0.1976172051254787,0.0304047678312631,0.12691575874338945,28785.54529624184
240,TAIL,0.0968403847382049,0.028116006666744305,0.23843581785981993,8852.734499303624
241,EMP,0.2504349219186288,0.069874913811797,0.6657735805668268,80984.44444784895
241,EVENT-EMP,0.2504349219186288,0.0689183324557212,0.6841599113507222,78436.37459131537
241,GEV,0.217038394684982,0.0698749138117931,0.636631389019917,83534.44236142893
241,KDE,0.2206830369680815,0.069874913811797,0.5935380389657277,75004.4351010186
241,TAIL,0.2318991442321334,0.0646101184151656,0.6198377441036703,76629.21726606124
242,EMP,0.2572707528938998,0.0396764465921963,0.5120811137461013,8888.49919534009
242,EVENT-EMP,0.2572707528938998,0.0463899569553195,0.5490752271802117,8114.931602898675
242,GEV,0.2284468851360024,0.0396764465921963,0.5042258292346521,8743.333605459893
242,KDE,0.2258926001700035,0.0396764465921961,0.4344502204826932,7902.901697850786
242,TAIL,0.1107535392908505,0.0346309728349166,0.33298012718364584,10904.161728583278
243,EMP,0.11693552959760102,0.0007739874005959,0.05926826511923568,3714.3789939075295
243,EVENT-EMP,0.11693552959760102,0.0036958273261409,0.12322072719877303,3714.3789939075295
243,GEV,0.0125811540502719,0.000773988848649,0.015867162200820753,554.5469654289386
243,KDE,0.0706205718109797,0.0007739873997988,0.10626831015959508,10036.11448167906
243,TAIL,0.036180630900118,0.0006584001701105,0.04717259071630242,3278.5254546033425
244,EMP,0.1919871742690574,0.023527031574643,0.3022396360127959,11999.509599048955
244,EVENT-EMP,0.1919871742690574,0.0340559573342493,0.3476801010959169,8105.179379829827
244,GEV,0.05590057343324991,0.0235273371352653,0.2799588527817167,11052.013881461384
244,KDE,0.1317809305025505,0.023527031574643,0.18289822182342216,7441.44827257283
244,TAIL,0.1516518704508139,0.030203759749523502,0.37044059529184836,8995.787089863481
245,EMP,0.22882740369758692,0.004971660466819,0.28076817643391694,5428.79421583739
245,EVENT-EMP,0.22882740369758692,0.0157409406214908,0.24166100278943942,9451.621254497208
245,GEV,0.1268639792201924,0.004971660466794,0.258236145041552,3271.885000315081
245,KDE,0.1891361469393531,0.004971660466819,0.16502753636429582,4149.02142659254
245,TAIL,0.136835780480981,0.016326767680204,0.28233151833432024,7903.264774646612
246,EMP,0.11117250635211248,0.0336889725375087,0.3958119569030945,9947.146927105574
246,EVENT-EMP,0.11117250635211248,0.0389075632257967,0.42158498458184906,7883.247513784096
246,GEV,0.126441095340249,0.0336889725378939,0.3568801282492444,10367.937036130577
246,KDE,0.0723954115572464,0.0336889725375087,0.25980945370698794,7942.006181440316
246,TAIL,0.0189339458538136,0.0320532234071714,0.19633083266045495,13937.63979896158
247,EMP,0.2766943841364361,0.057074474488395005,0.5085977698811474,12226.394689877829
247,EVENT-EMP,0.2766943841364361,0.0534453431834685,0.5222400940875739,7883.232372899852
247,GEV,0.2011324206008917,0.05707447448839479,0.4772962654659587,11991.902857109593
247,KDE,0.2357223339068615,0.057074474488395005,0.41389215532580975,9606.298220553435
247,TAIL,0.1768545566713753,0.0584176945920771,0.5172632242467743,16697.635055536095
248,EMP,0.1377891368722739,0.0160794312339017,0.174609386521836,14817.900658757942
248,EVENT-EMP,0.1377891368722739,0.0037478975385821004,0.09209390183991957,3506.650709693113
248,GEV,0.052955813806858,0.0160794223535522,0.1969682463373467,14817.900658757942
248,KDE,0.0728995962741337,0.0160794313404552,0.35784418650935507,14817.900658757942
248,TAIL,0.0486325576181798,0.0042633838382033,0.09160831681681908,3180.177360724865
249,EMP,0.0013417904467499,0.0048558123717615,0.4580850391384008,10036.11448167906
249,EVENT-EMP,0.0013417904467499,0.003131173092065,0.376010343821106,10036.11448167906
249,GEV,0.3110964435207765,0.0049282167432177,0.4528026105817815,10036.11448167906
249,KDE,0.0703065437587398,0.0048551753770011,0.6670222023641144,10036.11448167906
249,TAIL,0.0017460341483950999,0.0239278322988717,0.11213001576537913,11494.36572016403
250,EMP,0.2049111033129571,0.0063890585122671,0.22544671103257194,3328.0682881709395
250,EVENT-EMP,0.2049111033129571,0.007761160665356799,0.24203126978052847,5174.908201833773
250,GEV,0.110850118624912,0.0063890585123345,0.224912402063029,3212.3713859166537
250,KDE,0.164720535605479,0.0063890585122671,0.12772545160917897,5484.811526845417
250,TAIL,0.051794913818377,0.0030479604882841,0.0974317493462089,3192.7257292564545
251,EMP,0.0189956921042618,0.0150247752096506,0.2534320728852337,14817.900658757942
251,EVENT-EMP,0.0189956921042618,0.001357307982247,0.14695700726184704,10036.11448167906
251,GEV,0.0932256571301253,0.0150247177931794,0.2645156992473846,14817.900658757942
251,KDE,0.033835177287289,0.0150247758439109,0.4350185510599864,14817.900658757942
251,TAIL,0.0692729488932969,0.0130698300926479,0.1737202693052802,8101.1139896896975
252,EMP,0.28224153210691,0.0194567264354132,0.3536002154389237,8437.170657093948
252,EVENT-EMP,0.28224153210691,0.0409695268693312,0.42311830547686635,8615.112442869073
252,GEV,0.163037569735867,0.0194567264354113,0.3402183254566658,7917.055167385377
252,KDE,0.2269133624906551,0.0194567264354132,0.2587746673208278,8165.726354849525
252,TAIL,0.1673771637274102,0.0404716217016336,0.43999317903802865,10828.915663630081
253,EMP,0.2128571846606927,0.0221924239688944,0.04639857665540651,28785.54529624184
253,EVENT-EMP,0.2128571846606927,0.0025750495422998,0.118068910754388,10036.11448167906
253,GEV,0.05908649548062131,0.0221924239688948,0.015374323941373133,28785.54529624184
253,KDE,0.1333338981940093,0.0221924231050862,0.13169825190203596,28785.54529624184
253,TAIL,0.3131163174924918,0.0249649423377221,0.5245649232314463,14817.900658757942
254,EMP,0.2036640688821313,0.025666793999161,0.1295560657910958,59850.441572027485
254,EVENT-EMP,0.2036640688821313,0.0023737593500613,0.20084138689476883,13577.749132865625
254,GEV,0.2183265021313344,0.0256667939987716,0.12402358174288669,59262.74439963409
254,KDE,0.1688411733290456,0.0256667939991612,0.1386855883349513,15049.32099480658
254,TAIL,0.1030946859882523,0.0013618354071896,0.1386115011270172,3949.490705591523
255,EMP,0.2073735313256178,0.0115261086570522,0.09818010635344704,19447.884100056355
255,EVENT-EMP,0.2073735313256178,0.0199029602293892,0.09105229422928512,28785.54529624184
255,GEV,0.1008264271295703,0.0115261086570522,0.0370561415251438,19447.884100056355
255,KDE,0.1524253291708742,0.0115261086530639,0.1500592275123067,19447.884100056355
255,TAIL,0.0740561593958149,0.0190165545959092,0.03950630633703116,28785.54529624184
256,EMP,0.0236534413492413,0.0200678727650982,0.2563834372585716,14817.900658757942
256,EVENT-EMP,0.0236534413492413,0.0084330334470855,0.17637337260250727,14817.900658757942
256,GEV,0.2372699819800481,0.0198334434288005,0.27519574997892693,14817.900658757942
256,KDE,0.0886407195977481,0.0200678784465013,0.5180697124010398,14817.900658757942
256,TAIL,0.0150362519598652,0.0093462138379842,0.07155460607899652,6889.743923685824
257,EMP,0.2695252076880974,0.0603250557596742,0.641587652093622,79882.02224512109
257,EVENT-EMP,0.2695252076880974,0.0351876497274717,0.4524590711913179,10179.950934707498
257,GEV,0.2497639585175176,0.060325055759674,0.6337089642488859,73083.00944511386
257,KDE,0.2402016583970269,0.0603250557596742,0.5754234783143418,12080.288449976904
257,TAIL,0.1743489342397397,0.0380546390222485,0.42606663741448164,9658.398295519562
258,EMP,0.0055596338169691,0.050694045066768,0.5286466741504822,14817.900658757942
258,EVENT-EMP,0.0055596338169691,0.030000469412421397,0.4015409534340575,14817.900658757942
258,GEV,0.23047263605226231,0.0506822120995955,0.5738394276212102,14817.900658757942
258,KDE,0.0922462031664644,0.0506940725343859,0.8108234092077375,14817.900658757942
258,TAIL,0.1016157140599732,0.0245740825671177,0.2891433529064629,14817.900658757942
259,EMP,0.1680286384202352,0.0159569099963711,0.0611852302569787,28785.54529624184
259,EVENT-EMP,0.1680286384202352,0.0167841936823958,0.19075786171489087,14817.900658757942
259,GEV,0.0024293356972784,0.0159569099968119,0.05452087379033471,28785.54529624184
259,KDE,0.0944873329501101,0.0159569095872281,0.18931384922429234,28785.54529624184
259,TAIL,0.1432581690918894,0.01787164832858,0.3104843783441257,14817.900658757942
260,EMP,0.1820991198344361,0.0123436845982659,0.23643978246228897,8607.846951406138
260,EVENT-EMP,0.1820991198344361,0.0243513992361995,0.26802988989942667,7895.9625454271845
260,GEV,0.0231934496313028,0.0123460046411669,0.21524690305758037,9732.420464137569
260,KDE,0.1309539122311617,0.0123436845982657,0.10147287364738572,7882.897336099919
260,TAIL,0.0186023288784068,0.0164890336654601,0.07977496993797584,10782.917669433791
261,EMP,0.2519553607561822,0.0037477360501799997,0.2803748792808614,3749.7970568254177
261,EVENT-EMP,0.2519553607561822,0.0035207279603751995,0.2865230832653211,4976.262856194646
261,GEV,0.1870088308314024,0.0037477360501804,0.2616696415624642,5831.931433432943
261,KDE,0.2079938175306845,0.0037477360501799997,0.17640760426214266,9374.119751983839
261,TAIL,0.1145278333402809,0.0042318004037566,0.20511093340636252,3382.196199361131
262,EMP,0.0026895204799157,0.007503261026753301,0.1399190451903686,3235.3463715853995
262,EVENT-EMP,0.0026895204799157,0.0155220939032417,0.0967710412351656,7389.885151651998
262,GEV,0.0161790784224615,0.0075047382938204,0.09568198200699891,4325.374612388097
262,KDE,0.0492982757512527,0.007503261025913001,0.04315847323002296,10036.11448167906
262,TAIL,0.0627186982302507,0.021286540956586,0.19586603974649086,9009.513346033791
263,EMP,0.2543625254467768,0.0008710159681596,0.14425875135070185,6336.407959077715
263,EVENT-EMP,0.2543625254467768,0.0086205592719734,0.18387054969036115,8691.050118762689
263,GEV,0.1682615476684885,0.0008710159681592001,0.16261265398501434,6377.17506591717
263,KDE,0.1934528928074599,0.0008710159681593999,0.0856517098569355,5375.607491247149
263,TAIL,0.0878315646404294,0.0133957413236745,0.19084704196566293,7962.051383865997
264,EMP,0.2385607904165236,0.0393740811142624,0.46844162936378314,7891.081168352626
264,EVENT-EMP,0.2385607904165236,0.0238860717456773,0.34706263031236906,12742.776257647201
264,GEV,0.2455599720645026,0.0393740811150301,0.4452811845209227,7884.0013530862825
264,KDE,0.2032308486523625,0.0393740811142236,0.3582316214791093,8238.542057200955
264,TAIL,0.0659904150117094,0.0207854125947556,0.18636753317935603,8717.521967618415
265,EMP,0.3500716729860891,0.0404033504698011,0.6178108148025795,8536.182054740688
265,EVENT-EMP,0.3500716729860891,0.0506013171945073,0.6139618316184505,8132.825123460653
265,GEV,0.2970131073567191,0.0404033504697261,0.6009425993216774,7911.478129017477
265,KDE,0.2980022335531557,0.0404033504698009,0.5405681566505603,7901.952096511612
265,TAIL,0.206907791126419,0.0525257231303994,0.5488306427536879,13342.012964594178
266,EMP,0.1786233091102135,0.0470702298043573,0.4074522202456288,8193.56073168634
266,EVENT-EMP,0.1786233091102135,0.0333517114521607,0.4229246506754936,8278.670541212274
266,GEV,0.1206714890698531,0.0470702298047025,0.37292208606731364,13191.684579356262
266,KDE,0.1406025955350382,0.0470702298043571,0.2984785908698649,9292.620901212407
266,TAIL,0.1453698798006105,0.0333920701462823,0.375059731301648,9689.401713716486
267,EMP,0.1774532916810299,0.0144342309962222,0.20541846227778013,14817.900658757942
267,EVENT-EMP,0.1774532916810299,0.011217469202442,0.14607535643959807,14817.900658757942
267,GEV,0.0437448240325749,0.0144342293588501,0.19361730368485633,14817.900658757942
267,KDE,0.1016123493633079,0.01443423104807,0.3616829705153394,14817.900658757942
267,TAIL,0.1009318621539649,0.000934474394048,0.16463417186090645,3541.3366209497262
268,EMP,0.1496721863596817,0.0262034211744579,0.3153032580324071,8247.950584631724
268,EVENT-EMP,0.1496721863596817,0.0309443950738045,0.35755967686126755,7887.489985814628
268,GEV,0.1168963545631363,0.0262034211744569,0.2642498974419645,8512.719668004043
268,KDE,0.1095422627402324,0.0262034211742533,0.16253335257217325,8677.277420300059
268,TAIL,0.0371818486199315,0.0253955224193492,0.17449661083017334,11019.586273272833
269,EMP,0.1964250258567988,0.0133833161062223,0.13392084871291116,8137.52610065819
269,EVENT-EMP,0.1964250258567988,0.0116010137603312,0.06957360825743125,7691.335539016873
269,GEV,0.0342081878083961,0.0133833165651302,0.10205511823676033,7725.511013966675
269,KDE,0.1327958580759508,0.0133833161061661,0.03376918191872369,19447.884100056355
269,TAIL,0.0243776546186474,0.0059010702211128,0.014335415214233621,778.7423091390068
270,EMP,0.1937764691974988,0.0758127561566801,0.7327865852156523,78738.32161194872
270,EVENT-EMP,0.1937764691974988,0.0843820524179141,0.739875661653308,80168.45950585417
270,GEV,0.2704505887095376,0.0758127561566803,0.7481251179980082,86037.9221129198
270,KDE,0.164681193643163,0.0758127561566801,0.649039071614874,79369.95138527743
270,TAIL,0.2677565236520001,0.0780443333625063,0.7236460553882724,84728.36939290042
271,EMP,0.5059958529706722,0.1513875073326159,1.6917141479716153,14817.900658757942
271,EVENT-EMP,0.5059958529706722,0.1265552993452371,1.550117126209749,14817.900658757942
271,GEV,0.609586784151866,0.1511230707488148,1.7529322621133419,14817.900658757942
271,KDE,0.5951968139626715,0.1514346689224595,2.230934235125426,14817.900658757942
271,TAIL,0.3109237426758919,0.0978412591921487,1.0495500376892863,14817.900658757942
272,EMP,0.1286516360209364,0.0005230098572724,0.09318176789655529,11749.174147878672
272,EVENT-EMP,0.1286516360209364,0.0016799479372764,0.08405645648945381,11749.174147878672
272,GEV,0.0183609723650131,0.0005231878157981,0.10940102170840381,3278.1106125494052
272,KDE,0.087890292211813,0.000523009857272,0.0627319722636346,3042.8370170365606
272,TAIL,0.0513330147034572,0.0030200760663879,0.10086699947648556,3187.146235746228
273,EMP,0.0504961036850958,0.0701592874456841,0.9384240376915448,14817.900658757942
273,EVENT-EMP,0.0504961036850958,0.0708119270028778,0.7205913588346047,14817.900658757942
273,GEV,0.063987101870266,0.0701592875131515,0.9837781949807854,14817.900658757942
273,KDE,0.115626852811793,0.0701636563314854,1.192089675483886,14817.900658757942
273,TAIL,0.2588743771332627,0.0713986152783778,0.8499197877449094,14817.900658757942
274,EMP,0.1909952806567253,0.0382668501260886,0.1987570072590038,30077.846475966897
274,EVENT-EMP,0.1909952806567253,0.0147884629796002,0.2083429121564201,8051.195901468086
274,GEV,0.0056249593263292,0.0382670191044346,0.18475035173350854,16260.827610153705
274,KDE,0.1345084010190873,0.0382668501259031,0.09061885135694339,28785.54529624184
274,TAIL,0.0440970890006517,0.0007003912504288,0.07088058527063602,3241.0059452388023
275,EMP,0.3770300819372538,0.0537720179109545,0.7047631215940661,64824.9688832081
275,EVENT-EMP,0.3770300819372538,0.0378515333094117,0.6926946675612087,65743.66291384812
275,GEV,0.3513417543447624,0.0537720106010758,0.692612145634935,64717.492923194746
275,KDE,0.3213649623816176,0.0537720179109545,0.6225831821989366,8018.692028928548
275,TAIL,0.2633186932649644,0.0438554227396252,0.6004482843861649,9233.274286354892
276,EMP,0.0986094728822996,0.0078791732300613,0.0553328419624394,4111.367062277057
276,EVENT-EMP,0.0986094728822996,0.0261866950648259,0.11093065591374277,10856.232014113726
276,GEV,0.064378840341612,0.0078800677397357,0.036738713573275725,2142.122515711002
276,KDE,0.1534094269082008,0.0078791686668991,0.21976231780172426,10036.11448167906
276,TAIL,0.0780186513977968,0.0366604586247931,0.28526332056634446,11709.67754686779
277,EMP,0.2106602971701168,0.015186611357640498,0.08952902663057355,10571.342217793377
277,EVENT-EMP,0.2106602971701168,0.0087981836142973,0.11304612105040876,14051.307577571417
277,GEV,0.1059453260391083,0.0151866113576401,0.07921338460612083,9311.954164124094
277,KDE,0.1544005012112731,0.0151866113576634,0.17814524860469907,14817.900658757942
277,TAIL,0.041840721604554,0.0002143038331013,0.06606163006065267,3247.524236416651
278,EMP,0.2036913281771016,0.0649949502396249,0.5509361271121352,21067.936838016845
278,EVENT-EMP,0.2036913281771016,0.0558692016540544,0.47471776201673005,11037.254291849831
278,GEV,0.1402366306720186,0.0649949533293117,0.5128373304520376,23440.23377707756
278,KDE,0.1692074544466928,0.0649949502396249,0.4630588857545656,15308.884707407095
278,TAIL,0.0462598885442373,0.0471057606724334,0.27066475319580774,18029.689614825573
279,EMP,0.2542519373647265,0.0137520427112241,0.18314013499224374,15805.030618457744
279,EVENT-EMP,0.2542519373647265,0.0108591051595362,0.179793177731957,17868.253558008517
279,GEV,0.1622452933965984,0.0137520427103685,0.15745151660656828,9540.874624285536
279,KDE,0.182396220250143,0.0137520427111791,0.06558445082878771,19447.884100056355
279,TAIL,0.0121261668522783,0.0225544581734,0.1425720367695663,14051.307577571417
280,EMP,0.0321446121043035,0.0559081440726448,0.3958953722972167,27419.538012193516
280,EVENT-EMP,0.0321446121043035,0.05741699864920599,0.39307504160362416,24475.668661975924
280,GEV,0.0047753033984785,0.056055419229321904,0.3689009746058447,34422.46364892181
280,KDE,0.0789316865258019,0.0559081440700695,0.22743776498515578,16096.680557437861
280,TAIL,0.1667597736623829,0.0544429800011684,0.4861700297396625,15377.54688788578
281,EMP,0.11330470926742459,0.0315934910030359,0.2562679209837741,14051.307577571417
281,EVENT-EMP,0.11330470926742459,0.032016301319838,0.20426734856576,14051.307577571417
281,GEV,0.0796839987043671,0.0315933584346421,0.2723372960553642,14817.900658757942
281,KDE,0.050584021684286,0.0315934910169327,0.4386936539868176,14817.900658757942
281,TAIL,0.0265524146820848,0.029398791265340903,0.13202261542802318,14051.307577571417
282,EMP,0.2644158258409471,0.0098622547903463,0.12128463035069578,8206.189816587605
282,EVENT-EMP,0.2644158258409471,0.0036865822774222994,0.11760183175215716,30142.513008892434
282,GEV,0.11748140976434532,0.0098622547903467,0.12794686189730617,8461.116449416926
282,KDE,0.1928660200254149,0.0098622547903444,0.07674350248824505,19447.884100056355
282,TAIL,0.0217214688955953,0.0018060236581830997,0.033361650584242813,3341.299285200321
283,EMP,0.11737919991838812,0.0398321463964796,0.2292225520401446,14051.307577571417
283,EVENT-EMP,0.11737919991838812,0.015487499560083298,0.13706535707186895,14051.307577571417
283,GEV,0.0669286886747212,0.039832146396481,0.23702969849864466,14051.307577571417
283,KDE,0.0725818622929749,0.0398321463967425,0.36808701904610275,14817.900658757942
283,TAIL,0.2965575772181514,0.0358977412130543,0.5617576613086903,14817.900658757942
284,EMP,0.1375574595879325,0.0085563540574229,0.1737679557451136,14817.900658757942
284,EVENT-EMP,0.1375574595879325,0.0126128059996468,0.14497778221961927,14817.900658757942
284,GEV,0.0273947859260497,0.0085563540574229,0.12644659112312084,14817.900658757942
284,KDE,0.0890301782610502,0.0085563540801189,0.27443478147610784,14817.900658757942
284,TAIL,0.0293410518995847,0.0090720453626642,0.10037627686429525,14817.900658757942
285,EMP,0.038518049531459,0.0362076515423303,0.3017359603669769,48862.16684461385
285,EVENT-EMP,0.038518049531459,0.0572199685884783,0.3436404989211474,22428.749328797992
285,GEV,0.029605847607415796,0.0362870699677398,0.2643804844688784,22221.23338982587
285,KDE,0.0050529014968679,0.0362076515422902,0.16306571174134246,10484.171233411878
285,TAIL,0.1758407331480974,0.0630403336825121,0.5307811744910782,19035.88336050883
286,EMP,0.3181153655002886,0.0057515718846447,0.3606832951325429,10036.11448167906
286,EVENT-EMP,0.3181153655002886,0.0046196959180917,0.32140772241391935,10036.11448167906
286,GEV,0.4010668010986668,0.0036653920153200004,0.37437967765422053,10036.11448167906
286,KDE,0.3908652792444748,0.0057551580230621,0.704609021924564,10036.11448167906
286,TAIL,0.036558960838863,0.0046590214665352,0.01754205205993227,1639.393664311721
287,EMP,0.0446362304949833,0.0075737775146982,0.1793505125168371,10036.11448167906
287,EVENT-EMP,0.0446362304949833,0.0234819700993925,0.2395911287370186,14817.900658757942
287,GEV,0.0827994011414832,0.0075737611114766994,0.23606785666546548,10036.11448167906
287,KDE,0.1001103452925877,0.007573818655272001,0.4052572666223374,10036.11448167906
287,TAIL,0.0875526564486542,0.0192832323704406,0.23411099236745883,14817.900658757942
288,EMP,0.1511918861059745,0.0159390257526219,0.07058476136549095,7461.629433187242
288,EVENT-EMP,0.1511918861059745,0.0005413006151326,0.020115910678800412,2992.6869435920903
288,GEV,0.05918929620006571,0.0159372575385259,0.08353144838129681,14051.307577571417
288,KDE,0.0832344009162005,0.0159390257526912,0.2300973524599112,14817.900658757942
288,TAIL,0.0205198051855784,0.0055527818638388,0.012397211142062357,729.4093627526115
289,EMP,0.0771218665983132,0.01994044570436,0.22696537773238568,9542.433344576197
289,EVENT-EMP,0.0771218665983132,0.0205103818403602,0.27709043106537906,7972.527090477136
289,GEV,0.0994234032734119,0.0199404457043586,0.18775595883658946,8000.2079305102425
289,KDE,0.0337322882542808,0.0199404456973781,0.0704901665758855,28785.54529624184
289,TAIL,0.0219471833829873,0.010446161154918,0.02273497323849219,6503.7886884601585
290,EMP,0.12257587679550729,0.0173700129713507,0.118150394746155,10984.715208552674
290,EVENT-EMP,0.12257587679550729,0.005509240448492,0.15472854017563512,6867.630731416142
290,GEV,0.1118963211131545,0.0173700129713519,0.07206103958996324,11968.062997027508
290,KDE,0.0832609325289888,0.0173700129713546,0.08468946232331827,9950.073450786682
290,TAIL,0.0606400756841556,0.006970093502045001,0.04808843652544952,4069.2772611210958
291,EMP,0.1689869332152214,0.0940879001258853,0.6408564692305663,15591.973445679889
291,EVENT-EMP,0.1689869332152214,0.061929282639162295,0.4652626846107684,15591.973445679889
291,GEV,0.0206575652537187,0.0940879001258846,0.6677443204693193,65550.6079294306
291,KDE,0.0867720109320343,0.0940879001262248,0.8236055517655422,14817.900658757942
291,TAIL,0.1523810020478254,0.0609322824445094,0.5793835537203063,14817.900658757942
292,EMP,0.3847837311419014,0.1072774498111171,1.2146133194243491,14817.900658757942
292,EVENT-EMP,0.3847837311419014,0.1069099988422892,1.266954815923331,14817.900658757942
292,GEV,0.5196471463605408,0.1069632407542121,1.2685919396627765,14817.900658757942
292,KDE,0.46544163559107166,0.107288279162424,1.6708944078463057,14817.900658757942
292,TAIL,0.2673253648253384,0.0900271280351993,0.9380304266367846,14817.900658757942
293,EMP,0.2665024949254767,0.0103978255835477,0.10647804107522685,7884.418226213194
293,EVENT-EMP,0.2665024949254767,0.0267411440386824,0.19160186160386236,11487.75072495453
293,GEV,0.1133071868114581,0.0103978255835467,0.12145349617930185,8382.06519924508
293,KDE,0.1915041954055894,0.0103978255835438,0.0773729650980844,19447.884100056355
293,TAIL,0.0432314617506353,0.0184733479168374,0.15321763327891572,8347.560462739939
294,EMP,0.23567439527195522,0.0096218938852559,0.2682877496428896,7996.1243311263
294,EVENT-EMP,0.23567439527195522,0.0370063797282976,0.3418369368988704,11833.213175749095
294,GEV,0.1337900332943126,0.0096218938852565,0.24590072894877102,7978.491498440194
294,KDE,0.1838080199349268,0.0096218938852559,0.15555648495242083,9071.722413502013
294,TAIL,0.1222049824492995,0.0390868575976542,0.3622179070760356,11646.38164681072
295,EMP,0.1186622239130753,0.0207320088770546,0.12175764225231626,12299.276072768494
295,EVENT-EMP,0.1186622239130753,0.005159779414303,0.14861619687840436,7593.391263579846
295,GEV,0.11276561780161619,0.0207320088770537,0.08316156807267898,28785.54529624184
295,KDE,0.0691498270368106,0.020732008201205,0.06024991111790962,28785.54529624184
295,TAIL,0.0514906811772381,0.0072585327085686,0.09843307137714592,3177.6779276764846
296,EMP,0.0798613127809439,0.0602090054658968,0.5811664112217017,14817.900658757942
296,EVENT-EMP,0.0798613127809439,0.0502695897403402,0.6453358917349976,14817.900658757942
296,GEV,0.276608034836885,0.0601353746475146,0.6099310020645583,14817.900658757942
296,KDE,0.1391507396074685,0.0602090111569124,0.8614935456662444,14817.900658757942
296,TAIL,0.1305585764696724,0.0285278366933374,0.3426643687336864,14817.900658757942
297,EMP,0.0206611532924627,0.0271114415376406,0.4830686664704065,14817.900658757942
297,EVENT-EMP,0.0206611532924627,0.0316711118388238,0.4543320338195193,14817.900658757942
297,GEV,0.2126610804110757,0.0271084593887588,0.5007405047905239,14817.900658757942
297,KDE,0.0460684565607485,0.0271115991902921,0.7137029787998741,14817.900658757942
297,TAIL,0.2221431809628217,0.0279640469587014,0.47723250569135495,14817.900658757942
298,EMP,0.00989647623029,0.0540482417772892,0.5413346061112848,14817.900658757942
298,EVENT-EMP,0.00989647623029,0.0421082590384267,0.5030697840225974,14817.900658757942
298,GEV,0.2318071635188636,0.0540243377060037,0.5505446001469412,14817.900658757942
298,KDE,0.0669079592969816,0.0540482432849035,0.7879220948928176,14817.900658757942
298,TAIL,0.2068628522134062,0.0425822063448152,0.49981157195116016,14817.900658757942
299,EMP,0.3708089335830418,0.1032534406504259,1.0978028464637035,14817.900658757942
299,EVENT-EMP,0.3708089335830418,0.0981727181912624,1.0901743426077186,14817.900658757942
299,GEV,0.542784341771423,0.1018680151189988,1.0891329384387551,14817.900658757942
299,KDE,0.4483819661492519,0.1032561493596687,1.5377241445207015,14817.900658757942
299,TAIL,0.2160237366399883,0.0794699842639405,0.7903004013375803,14817.900658757942
300,EMP,0.2024419937095442,0.0330732268974868,0.412103113188091,15177.743419440463
300,EVENT-EMP,0.2024419937095442,0.0385197323275818,0.38104917747546396,14055.672023608971
300,GEV,0.1537803179750482,0.0330732268974864,0.38753269191877887,9474.770684212135
300,KDE,0.1658055806994663,0.0330732268974866,0.2955463192864077,8176.125903973046
300,TAIL,0.0948391918578088,0.0345290166027439,0.3032606545793436,11181.810361603895
301,EMP,0.0968118307611412,0.0340149587163153,0.6752267826462133,14817.900658757942
301,EVENT-EMP,0.0968118307611412,0.0572797890929981,0.8528836891911329,14817.900658757942
301,GEV,0.3980356957871557,0.0335527716907684,0.6208781830732347,14817.900658757942
301,KDE,0.1629742015468925,0.0340152700814837,0.9151788334082741,14817.900658757942
301,TAIL,0.1555514277076012,0.038791493936227,0.44499004977531936,14817.900658757942
302,EMP,0.2364539649258357,0.0028244186428644,0.2876294825731833,5005.502964861898
302,EVENT-EMP,0.2364539649258357,0.0069814636837941,0.3551810983351285,4022.282068512299
302,GEV,0.22324098176925203,0.0028244186439596,0.24898228661470304,8882.766539187067
302,KDE,0.2014754499858477,0.0028244186428644,0.16534803757688893,10883.1210217509
302,TAIL,0.0874388813094721,0.0027485394674248,0.14929263600761153,3339.5931996584145
303,EMP,0.050987307329577,0.0124360524395487,0.11741358650825223,19447.884100056355
303,EVENT-EMP,0.050987307329577,0.0066807546688625,0.0961952946984878,10036.11448167906
303,GEV,0.06183035487923369,0.0124360551165588,0.14185109634148296,19447.884100056355
303,KDE,0.0021737841181167,0.0124360474977861,0.286905589201588,19447.884100056355
303,TAIL,0.0468288572185698,0.0061447210696488,0.09214844924513874,3178.0376626605994
304,EMP,0.3117963614582762,0.0335780483820474,0.4851041978788999,7888.272435354069
304,EVENT-EMP,0.3117963614582762,0.0407946302643915,0.5051836170944859,7888.272435354069
304,GEV,0.24679372942081057,0.0335780483817486,0.4568878609185062,7904.616138141292
304,KDE,0.2604059333850691,0.0335780483820474,0.3833758305108835,8614.90010075892
304,TAIL,0.11213088887230331,0.0432670453752456,0.3597344049020767,12641.637176622637
305,EMP,0.341836512514976,0.0237801046361956,0.6297543317443149,7889.668932251632
305,EVENT-EMP,0.341836512514976,0.0508988553828776,0.6706117259123878,65961.53785263581
305,GEV,0.3016485913800738,0.0237801046302458,0.6049369243541382,8063.221615294926
305,KDE,0.3015529554246333,0.0237801046361956,0.5561165144210217,8233.071711660363
305,TAIL,0.2903857278082102,0.0539922452181425,0.6804534109248898,68588.75886866864
306,EMP,0.0677422720506311,0.0386052131057542,0.27586601428443913,14051.307577571417
306,EVENT-EMP,0.0677422720506311,0.0418512341003078,0.35255048827092744,14817.900658757942
306,GEV,0.1074571994279805,0.0386037640629569,0.30208518232798326,14051.307577571417
306,KDE,0.0132335781943779,0.038605213122575,0.48258938410886704,14817.900658757942
306,TAIL,0.11532341822294691,0.0495942027957637,0.4579076670584627,14817.900658757942
307,EMP,0.0760408986706744,0.0727981564594131,0.5305126342085856,14051.307577571417
307,EVENT-EMP,0.0760408986706744,0.084428460498385,0.74849752599853,14817.900658757942
307,GEV,0.0713633070603143,0.0727981563079614,0.5749756976600087,15332.037353017471
307,KDE,0.015670586182093,0.0727981567042219,0.7713568786392339,14817.900658757942
307,TAIL,0.2400620000425874,0.0957124378780971,0.954625377577551,14817.900658757942
308,EMP,0.0817035892115287,0.0134400247602464,0.26262673533637393,14817.900658757942
308,EVENT-EMP,0.0817035892115287,0.0177191279757408,0.16657722350019205,14817.900658757942
308,GEV,0.0247162627412197,0.013440024760247,0.301857123787402,14817.900658757942
308,KDE,0.02763613763686,0.0134400301442527,0.4607816261862101,14817.900658757942
308,TAIL,0.0754099612271003,0.0115356947372887,0.17970005364266825,14817.900658757942
309,EMP,0.3153496722781032,0.0362253700341497,0.4515753405306591,11696.10857819114
309,EVENT-EMP,0.3153496722781032,0.0521235485305414,0.4966285360505139,10226.21756071411
309,GEV,0.250613326336112,0.0362253700341729,0.4318323387481504,8037.416410783616
309,KDE,0.251454778775977,0.0362253700341497,0.3495864148535579,8991.59128543331
309,TAIL,0.0886747345391718,0.0505572566049982,0.3399622178254435,17355.104398889467
310,EMP,0.2757035472301427,0.017785713829895,0.185169199131133,64508.00675706317
310,EVENT-EMP,0.2757035472301427,0.0084531587985084,0.29512552422677946,21589.8585488551
310,GEV,0.265031733335042,0.0177857140924453,0.1684884681247898,62697.74267293637
310,KDE,0.2191948523639282,0.017785713829895,0.13927528715876114,28992.978199598794
310,TAIL,0.0322270946217684,0.0032201015865932,0.05995970193361503,3178.6359102054394
311,EMP,0.1668355415454737,0.0162483919404007,0.2328891913143335,8112.390562709111
311,EVENT-EMP,0.1668355415454737,0.0096701343874349,0.21316580429456422,9024.627569338618
311,GEV,0.1397174087223418,0.016248391940401,0.18161960364111052,8223.248013733266
311,KDE,0.1259153712201689,0.0162483919402895,0.0823854656355588,10767.508393681297
311,TAIL,0.0116560571567858,0.0045200640459537,0.035135805019585846,2670.414731186711
312,EMP,0.0882910234404396,0.0056093530911594,0.4330091274473816,10036.11448167906
312,EVENT-EMP,0.0882910234404396,0.003125377525476,0.349991333830555,10036.11448167906
312,GEV,0.2944512604761019,0.005470686771233,0.3972081680297058,10036.11448167906
312,KDE,0.1505382110703672,0.005609479730251,0.6239933987859518,10036.11448167906
312,TAIL,0.0308231672288702,0.0055744883915937,0.020734279140165977,1555.8244132613763
313,EMP,0.3182007984830461,0.0080651119334293,0.44597608661407023,10135.046535805799
313,EVENT-EMP,0.3182007984830461,0.0261600874182916,0.49273173097437806,9477.326626524018
313,GEV,0.261292214008787,0.0080651119325395,0.4456392156284276,9778.271238984229
313,KDE,0.2774405586029699,0.0080651119334291,0.37730517368778654,12528.342835945388
313,TAIL,0.24935278956513857,0.0300922029757651,0.5275124155721517,7970.996789320994
314,EMP,0.0454921669162822,0.038839791189426,0.42878460898949844,14817.900658757942
314,EVENT-EMP,0.0454921669162822,0.0413088648946456,0.43056697060583776,14817.900658757942
314,GEV,0.1025756507384626,0.0388397885874539,0.45328737965921,14817.900658757942
314,KDE,0.0096051555831208,0.0388397923898239,0.63151866644611,14817.900658757942
314,TAIL,0.1252551935372249,0.0339973884146784,0.3731653128044548,14817.900658757942
315,EMP,0.0413339417097176,0.0735853727229714,0.8051508603500723,14817.900658757942
315,EVENT-EMP,0.0413339417097176,0.0493036191543092,0.6102711785578324,14817.900658757942
315,GEV,0.1536068773800126,0.0735853727101201,0.8532714606797642,14817.900658757942
315,KDE,0.1025558842274011,0.0735857274318798,1.0676944231052008,14817.900658757942
315,TAIL,0.1748245412875123,0.0421917802357544,0.49037200805468983,14817.900658757942
316,EMP,0.1347971620883143,0.019822444703633,0.1104486443089609,14051.307577571417
316,EVENT-EMP,0.1347971620883143,0.014825076059669103,0.15833090884199397,14817.900658757942
316,GEV,0.028867993584716797,0.0198224447036328,0.12692207329208546,14051.307577571417
316,KDE,0.087613214153205,0.019822444704425,0.25988860266698993,14817.900658757942
316,TAIL,0.1184237402408865,0.016981063115187,0.256719401360563,14817.900658757942
317,EMP,0.1365854744910189,0.029903620026090903,0.03547409704770935,5360.997773047329
317,EVENT-EMP,0.1365854744910189,0.002010496644791,0.08166428658701425,4045.4469927343434
317,GEV,0.0118834195588577,0.0299031749385011,0.029453091101608757,6736.444105072154
317,KDE,0.0928036227745289,0.029903620026090698,0.13607373389441005,14051.307577571417
317,TAIL,0.0218895364612803,0.0083273687110349,0.07616048021204891,13499.961548449368
318,EMP,0.1358332672769225,0.033823962382335,0.3638220507042285,9383.864470011244
318,EVENT-EMP,0.1358332672769225,0.028468075774089503,0.3587787346849711,9383.864470011244
318,GEV,0.1184879498592239,0.0338239623823407,0.31660854384105996,9991.262388858946
318,KDE,0.096078929938076,0.0338239623823003,0.21985105769503557,8781.868066517636
318,TAIL,0.0941517531385358,0.0222238160576409,0.2553607257901649,8798.091208764663
319,EMP,0.22383830079350242,0.0166558531537252,0.14653260112481298,27855.057679326274
319,EVENT-EMP,0.22383830079350242,0.0054662303636322,0.24156396136538477,13362.820695010842
319,GEV,0.2302777267110844,0.0166558527867165,0.12949696450643006,22688.041087721373
319,KDE,0.1868383075952693,0.0166558531537252,0.13165640600213635,18477.116732824285
319,TAIL,0.11895551702703298,0.0077043053590301,0.2095826167990654,3305.721834768748
320,EMP,0.1589116930339038,0.0452696325936592,0.30049580940884096,19640.71039834867
320,EVENT-EMP,0.1589116930339038,0.0208298067944762,0.2091673588230114,14817.900658757942
320,GEV,0.0543598682946172,0.0452696325936588,0.301748420697665,14051.307577571417
320,KDE,0.0858775526086279,0.0452696325949805,0.4478957995829582,14817.900658757942
320,TAIL,0.0903996773975063,0.025184128019041,0.27691767662240174,14817.900658757942
321,EMP,0.23709302263728288,0.0242926485495513,0.31781113529467864,22352.662937924575
321,EVENT-EMP,0.23709302263728288,0.0316648132128412,0.28050883922427006,10515.430100436943
321,GEV,0.0735622723770691,0.0242928433689321,0.31618247551799733,10957.499419396432
321,KDE,0.192717663987,0.0242926485495511,0.22926238428571974,8360.583720522312
321,TAIL,0.0806308884832123,0.0267556122606428,0.2489600875176649,9707.331161392853
322,EMP,0.0858733744224342,0.0475477583285416,0.27769807396072754,14051.307577571417
322,EVENT-EMP,0.0858733744224342,0.0641840449061925,0.44861012903960584,14051.307577571417
322,GEV,0.0657389415551117,0.0475477413383917,0.3523891317776698,14051.307577571417
322,KDE,0.13920293197599,0.0475477592218103,0.5515887127149287,14817.900658757942
322,TAIL,0.0433401829748009,0.0655914874557707,0.48260015166506737,14505.296090325444
323,EMP,0.2559043768799675,0.0379284105327942,0.37733695111269727,19212.847705446184
323,EVENT-EMP,0.2559043768799675,0.031209993231994297,0.3083853994986751,16766.398927639242
323,GEV,0.12430547004906971,0.03792841053362,0.3644096480251927,11353.143503553856
323,KDE,0.2095083514804243,0.0379284105327944,0.29158653799555667,8146.555242851998
323,TAIL,0.1342029691870529,0.0328117492371036,0.3634622572958428,9961.212595968818
324,EMP,0.2030749866623809,0.0209993478877,0.27607599286267326,8371.882683521759
324,EVENT-EMP,0.2030749866623809,0.0341558310692534,0.3425221773344,8951.45980601044
324,GEV,0.1041689901939824,0.020999347888041,0.26012132657051473,8464.795406837637
324,KDE,0.1624557229101538,0.0209993478877,0.1690222676133875,8172.934363220199
324,TAIL,0.097895631773341,0.0311584802503808,0.2971836310349009,10281.108350547653
325,EMP,0.204836495640891,0.06071780618353749,0.4857239523777898,18312.949733400408
325,EVENT-EMP,0.204836495640891,0.05657042359766681,0.42861803270041293,13637.21136401718
325,GEV,0.1370673540589711,0.06071780618436759,0.44867658599118254,19801.845391779207
325,KDE,0.1671322433140252,0.0607178061835359,0.3783645806692648,13988.690040477863
325,TAIL,0.2200425813895584,0.0681890507260409,0.6180717960270347,80307.36204738419
326,EMP,0.1844196774381207,0.0118022410601492,0.043825905708784925,7406.767597656076
326,EVENT-EMP,0.1844196774381207,0.0172250073506285,0.07357125128457506,12333.534992441846
326,GEV,0.0224811633449226,0.0118022408187797,0.032059519993702434,7643.088836308569
326,KDE,0.1303352694389812,0.0118022410601608,0.15096222979903487,14817.900658757942
326,TAIL,0.0699142230108335,0.029825765586098903,0.24201100016757998,9991.609798521737
327,EMP,0.200916816459614,0.0267404059503441,0.32360990545345725,9140.943021086665
327,EVENT-EMP,0.200916816459614,0.0235232437490951,0.2823000661750173,8712.724232513458
327,GEV,0.101994536551698,0.0267404059648305,0.29289094412690675,9481.440084720341
327,KDE,0.1481581499693413,0.0267404059503425,0.19239173760217987,7446.960882539861
327,TAIL,0.0156018763847314,0.0119975985571375,0.08209454742672892,7883.247066914414
328,EMP,0.2773829653231514,0.0382414667992963,0.4280722427935732,11387.802137999484
328,EVENT-EMP,0.2773829653231514,0.037046664990875,0.4272708194430258,7884.991016074084
328,GEV,0.133178989568869,0.0382414668249585,0.40685676327365167,11930.480183921443
328,KDE,0.2201271200644521,0.0382414667992961,0.3408228552258688,8868.804865298482
328,TAIL,0.1607657779184935,0.0382091968552976,0.4225029533883313,10480.374592962675
329,EMP,0.0563574221772554,0.0170483034514313,0.19878619902749428,14817.900658757942
329,EVENT-EMP,0.0563574221772554,0.0390124650221883,0.3637926313867712,14817.900658757942
329,GEV,0.0526748350082408,0.0170482978581105,0.20828344639932164,14817.900658757942
329,KDE,0.0066105212002312,0.017048303871642,0.3695845791735161,14817.900658757942
329,TAIL,0.0454023035803067,0.0345900691355055,0.2785553785448806,14051.307577571417
330,EMP,0.0934478123229094,0.0327153316048637,0.17736686655394646,14051.307577571417
330,EVENT-EMP,0.0934478123229094,0.0474705099748221,0.5245020274568637,14817.900658757942
330,GEV,0.0322779113233733,0.032715328436362,0.22498328937760462,14051.307577571417
330,KDE,0.041520241093532,0.0327153316595265,0.38454267229280753,14817.900658757942
330,TAIL,0.2099835420897814,0.0515727283504815,0.596185143437421,14817.900658757942
331,EMP,0.0449797848114155,0.0134466760755332,0.21508331559403285,14817.900658757942
331,EVENT-EMP,0.0449797848114155,0.0160631059127882,0.16059802633744436,14817.900658757942
331,GEV,0.0346313573433262,0.0134466760712693,0.23519321596474269,14817.900658757942
331,KDE,0.0066555752609051,0.0134466770359996,0.40292758770830006,14817.900658757942
331,TAIL,0.0849821293768958,0.0147018224342909,0.20283734181111523,14817.900658757942
332,EMP,0.0231351856554042,0.0430494339915868,0.20289260037591073,23789.8086768426
332,EVENT-EMP,0.0231351856554042,0.0223087872973332,0.1956228533702212,8073.174437828983
332,GEV,0.0421578823665101,0.0430536403675198,0.15791501046464002,21758.671078285824
332,KDE,0.0259757061608479,0.0430494336973486,0.04622895975067389,28785.54529624184
332,TAIL,0.0629084687677153,0.0216951937174501,0.20506767484555719,9190.153316670097
333,EMP,0.1165445755025398,0.0002928879149147,0.15173773847589,10036.11448167906
333,EVENT-EMP,0.1165445755025398,0.008003653249635,0.13120919404718012,10036.11448167906
333,GEV,0.2152236942138674,0.0004138844965545,0.20689169128462825,10036.11448167906
333,KDE,0.1753454279526223,0.0002928503776282,0.40373872856543647,10036.11448167906
333,TAIL,0.0841753614369097,0.014271794344394302,0.1982528123236242,14817.900658757942
334,EMP,0.2665199649824867,0.0157947228174692,0.29630873661275414,9320.200639264347
334,EVENT-EMP,0.2665199649824867,0.0208883736566295,0.36640390261694256,7924.099843947527
334,GEV,0.192134970583176,0.0157947228158544,0.2680451984343252,8956.271283633696
334,KDE,0.2111175376316192,0.0157947228174694,0.18040355165930472,11225.772068294697
334,TAIL,0.1246896420764702,0.0183406219671197,0.27796059850214555,8050.361961153958
335,EMP,0.2813023271511432,0.001044302104061,0.20260150791332998,4640.78517397638
335,EVENT-EMP,0.2813023271511432,0.0170631831556075,0.30198663573130946,10678.66401943223
335,GEV,0.1687517966237993,0.0010443021040614,0.20101487299740609,5755.691168266245
335,KDE,0.2137664704676908,0.0010443021040612,0.10159511004203851,8443.524751817393
335,TAIL,0.1587690502245954,0.0187761241799173,0.32930415692057774,7908.814690724947
336,EMP,0.23416454934777253,0.0174885077402269,0.07711650030111537,8477.904956106613
336,EVENT-EMP,0.23416454934777253,0.0005282031037791,0.14291050503762462,3696.118779027731
336,GEV,0.0869976663159056,0.017488507740115,0.07343588678014819,10565.513154143053
336,KDE,0.1779222606279918,0.0174885077402267,0.09406986331401725,9462.509644333584
336,TAIL,0.1421611041642582,0.0042825331618768,0.2298184869558287,3811.9256404081557
337,EMP,0.1120155326686137,0.0546043441088598,0.41922180334691606,17443.39370624659
337,EVENT-EMP,0.1120155326686137,0.0403306435705835,0.33511691294992085,14374.591426442998
337,GEV,0.0448508855295565,0.0546120736983871,0.38986841475073425,26982.53133071276
337,KDE,0.0721377468559847,0.0546043441088582,0.30310107885667814,15619.215077468194
337,TAIL,0.1366624302577532,0.040958322585482,0.39302018098171937,11795.94021532281
338,EMP,0.23763977835474076,0.054975276244913,0.5237811377268726,9473.970084094131
338,EVENT-EMP,0.23763977835474076,0.0585644598597711,0.4699790213022614,16271.90055215483
338,GEV,0.1507150756357208,0.0549752763510456,0.49528963764954537,17834.7866092436
338,KDE,0.182617715437364,0.054975276244913,0.41768630697166675,11451.238320708588
338,TAIL,0.1580982317095771,0.0613965798991862,0.4928668418722779,17951.35240530502
339,EMP,0.2593978139772307,0.014569928980736101,0.15708913565467697,9518.378540413765
339,EVENT-EMP,0.2593978139772307,0.0177426160423105,0.25563346230106376,8030.570148751761
339,GEV,0.0960000415619268,0.014569928980736498,0.17660729952013007,7894.5544529634835
339,KDE,0.1964770565242958,0.0145699289807331,0.05847517674761064,19447.884100056355
339,TAIL,0.1297783551316099,0.0188191251121141,0.2551103938958845,7920.160136677946
340,EMP,0.1922167107702616,0.0098186843544064,0.044332165019415254,7660.393863815814
340,EVENT-EMP,0.1922167107702616,0.0033355943816703,0.026795510650017156,1193.5787821699762
340,GEV,0.0313234180714765,0.0098186843541368,0.05510842757907685,7771.966562813252
340,KDE,0.1227286929952728,0.0098186843546227,0.1792355943674548,14817.900658757942
340,TAIL,0.0078361994901408,0.0003269678125053,0.008193877549547523,556.4231124801769
341,EMP,0.11709848482759701,0.0845898796316891,1.0078393978663724,14817.900658757942
341,EVENT-EMP,0.11709848482759701,0.0581499536844671,0.8142779471299094,14817.900658757942
341,GEV,0.365687203211671,0.0845711128393285,1.050063756950899,14817.900658757942
341,KDE,0.1882582366073875,0.0845910650875221,1.3433330578961507,14817.900658757942
341,TAIL,0.3151469006736662,0.0607625304442322,0.7784231872321578,14817.900658757942
342,EMP,0.3295549395637798,0.0526914051999869,0.5892654383281137,19021.98708601327
342,EVENT-EMP,0.3295549395637798,0.0485934474660572,0.6031431257526196,8807.086211480511
342,GEV,0.2558702415051517,0.0526914051999761,0.5759095719541398,9975.225228810683
342,KDE,0.2764742724901723,0.0526914051999871,0.5126185282523957,9420.506408450814
342,TAIL,0.24314530289772643,0.0545857760871828,0.5945488064990536,11810.93350845979
343,EMP,0.1055934287823475,0.0079646487322723,0.18749260450412106,19447.884100056355
343,EVENT-EMP,0.1055934287823475,0.007392091616692,0.23548541781080332,10036.11448167906
343,GEV,0.1861903961613414,0.0080113027211259,0.17415768956206187,19447.884100056355
343,KDE,0.0292732759338077,0.0079646472432841,0.34843860351634753,19447.884100056355
343,TAIL,0.0031255490383976,0.0091427875093413,0.03792643652545323,9081.907920468599
344,EMP,0.1786196109624184,0.0171158339841049,0.15493105001109309,21287.5810982259
344,EVENT-EMP,0.1786196109624184,0.015225688070712402,0.1612456892325621,7884.468962277907
344,GEV,0.0536478731802506,0.0171158340078128,0.13826795133235834,7810.344698937922
344,KDE,0.11575451272438891,0.0171158339807755,0.02205482726556277,28785.54529624184
344,TAIL,0.0924530202730349,0.0208720435921164,0.242850904422737,8600.899522570893
345,EMP,0.2572616439813048,0.01774074736772,0.2133482848136748,8767.30446940288
345,EVENT-EMP,0.2572616439813048,0.0307926403415026,0.2929670946369831,13763.232708406635
345,GEV,0.081832783729852,0.017740747373988,0.2071136225856357,8327.906166150546
345,KDE,0.1885583449288433,0.0177407473677198,0.10476501724812631,8777.950209413655
345,TAIL,0.169096097168221,0.037417955862119,0.4413751356935756,10305.143009423899
346,EMP,0.2545367330888186,0.0331284479279174,0.21676983301669767,67350.86017069624
346,EVENT-EMP,0.2545367330888186,0.0021150444406623,0.2941395406222377,17087.158549832697
346,GEV,0.2337905489864846,0.0331284479255176,0.20770979871315923,56449.41080777585
346,KDE,0.22493173632801952,0.0331284479279174,0.14716556782488924,60785.76360152703
346,TAIL,0.1104180998660749,0.0038471959502746006,0.14121661266101793,4383.435955257983
347,EMP,0.24022945088312386,0.0215781074005368,0.35719831478568353,8363.231450262168
347,EVENT-EMP,0.24022945088312386,0.0335884339960633,0.40223356300054197,9321.918516865311
347,GEV,0.1527794842352276,0.0215781074005374,0.3257592210038467,8012.99905716069
347,KDE,0.185370864831547,0.021578107400537,0.23769747323921248,8006.207187141913
347,TAIL,0.1621317860876028,0.0304826710282954,0.38736541607857383,8864.937562732957
348,EMP,0.0767066175293069,0.0700254850533021,0.6463120809884126,14817.900658757942
348,EVENT-EMP,0.0767066175293069,0.0530437299201495,0.5256076616859441,14817.900658757942
348,GEV,0.025147098290599,0.0700254850533002,0.653483933619119,14817.900658757942
348,KDE,0.022183836346375,0.0700254853448971,0.8351945356839366,14817.900658757942
348,TAIL,0.0888611660677225,0.0523681203802079,0.43768704360513255,14817.900658757942
349,EMP,0.2596395409084128,0.0496647396098875,0.4219977585937321,24768.526149995934
349,EVENT-EMP,0.2596395409084128,0.0481144678698765,0.41148668861854976,16341.686993956877
349,GEV,0.12204763113322989,0.049664742907321,0.4414320652399819,17000.560557371937
349,KDE,0.2014861978766167,0.0496647396098875,0.32874906360785905,14790.308701013526
349,TAIL,0.1401046170422548,0.0463125203964275,0.4183524152406338,13403.222436804635
350,EMP,0.3576723114740672,0.0903255703764926,0.995688907825441,14817.900658757942
350,EVENT-EMP,0.3576723114740672,0.0770281819320998,0.9230810350812132,14817.900658757942
350,GEV,0.437459176027989,0.090138257688915,1.049764426872873,14817.900658757942
350,KDE,0.4341901099308535,0.0903300161503389,1.4206147619439422,14817.900658757942
350,TAIL,0.3045216459873182,0.0710093372602064,0.8487575703985089,14817.900658757942
351,EMP,0.1025660373175776,0.015067988643795802,0.12355183061038705,14817.900658757942
351,EVENT-EMP,0.1025660373175776,0.014788524617333999,0.10408657565615755,13499.961548449368
351,GEV,0.0574946471218489,0.0150679004686441,0.1577641099564659,14817.900658757942
351,KDE,0.0503773654152088,0.0150679886841126,0.31327194159783317,14817.900658757942
351,TAIL,0.1146244615824102,0.0191693140285303,0.2716815210372734,14817.900658757942
352,EMP,0.0649540243245661,0.0455995889435488,0.5288141423131887,14817.900658757942
352,EVENT-EMP,0.0649540243245661,0.0387761140777466,0.45219233347884813,14817.900658757942
352,GEV,0.0100977187258349,0.0455995889435495,0.5093415295744561,14817.900658757942
352,KDE,0.0050844827296176,0.0455995918681203,0.7021893986212329,14817.900658757942
352,TAIL,0.1269041295314115,0.0339446983497125,0.37794478890539274,14817.900658757942
353,EMP,0.156371373267337,0.003690044078717,0.10133946943531748,3319.7219462694807
353,EVENT-EMP,0.156371373267337,0.0135140979080113,0.15307731210387157,8025.606755458129
353,GEV,0.0994666383547818,0.0036900440787160003,0.07061571425866801,4238.752081464872
353,KDE,0.1140711240368059,0.0036900440786161,0.09054139181206425,10036.11448167906
353,TAIL,0.0979708702221746,0.0202529949445197,0.25528074381063903,8529.292064340165
354,EMP,0.24676467014038123,0.0375035484358398,0.46848012357987223,18848.191589635797
354,EVENT-EMP,0.24676467014038123,0.0455732648917027,0.4951239685390854,18848.191589635797
354,GEV,0.1763803222595521,0.0375035484358402,0.4571335570449179,10248.213626523813
354,KDE,0.2143514311853841,0.0375035484358398,0.3938743611818802,8106.215959190391
354,TAIL,0.1734260935365337,0.0455139638286046,0.45528402025765846,11654.133686944842
355,EMP,0.0187584766420063,0.052918989101501,0.6521425584379532,14817.900658757942
355,EVENT-EMP,0.0187584766420063,0.0432493732476032,0.5263294930293898,14817.900658757942
355,GEV,0.3040131109682766,0.0528767842016856,0.6860066227430601,14817.900658757942
355,KDE,0.0981317616381095,0.0529193634537209,0.9678765521538089,14817.900658757942
355,TAIL,0.1333141716358013,0.0439518752996128,0.44523576533872866,14817.900658757942
356,EMP,0.1330300779557579,0.007512852399501101,0.18657543979832392,3805.615593561489
356,EVENT-EMP,0.1330300779557579,0.0295400496900693,0.24716805215810927,8511.500402750136
356,GEV,0.0389586941576659,0.0075128910381811005,0.1560977892828172,3518.3412836680395
356,KDE,0.0844692661741251,0.0075128523994982006,0.034463620527688116,435.80481502124
356,TAIL,0.0754235516475077,0.029273418796707702,0.2439618304268204,9654.819727641841
357,EMP,0.2824363234010954,0.0137887282966706,0.412486852239754,10677.461569898453
357,EVENT-EMP,0.2824363234010954,0.0339876919681417,0.4718994180925209,8439.449774649307
357,GEV,0.23925983803297798,0.0137887282968775,0.3966920439451609,9134.845765396642
357,KDE,0.2460177925514454,0.0137887282966704,0.32427227928669045,10648.994153064987
357,TAIL,0.1680981709530638,0.0357751901282348,0.4298457054279464,9890.643553577363
358,EMP,0.2030263972275541,0.0300433354379883,0.09147960600940419,8926.943144092853
358,EVENT-EMP,0.2030263972275541,0.029886921840385796,0.11487998053486852,20883.785316726502
358,GEV,0.0967084205734578,0.0300433354379881,0.07960975981905923,9756.197027599543
358,KDE,0.151039309495895,0.0300433354379883,0.16552572716410224,14051.307577571417
358,TAIL,0.1035463644859531,0.055474234602084,0.48117765733062057,14817.900658757942
359,EMP,0.1217747635079086,0.0088593424902417,0.10346782764221933,13499.961548449368
359,EVENT-EMP,0.1217747635079086,0.0022075240269378,0.02606988204608019,769.8173778295104
359,GEV,0.040204174200011,0.0088593424902399,0.11067683614477174,14817.900658757942
359,KDE,0.0743231859135699,0.0088593426297561,0.24301023650257564,14817.900658757942
359,TAIL,0.0232718540421259,0.0009133176408811999,0.02169863298526713,615.6807670168994
360,EMP,0.081581249710831,0.041349364111745,0.4172853798881662,14817.900658757942
360,EVENT-EMP,0.081581249710831,0.035383110011982,0.3534811967835516,14817.900658757942
360,GEV,0.0695495250428649,0.0413493640495165,0.4258172339814228,14817.900658757942
360,KDE,0.0279681652207837,0.0413493643475638,0.6074905091342502,14817.900658757942
360,TAIL,0.0673871305946005,0.0318712762306875,0.27283181431797643,14817.900658757942
361,EMP,0.1419606343429628,0.0138548960204842,0.032811231645030955,8447.654783957845
361,EVENT-EMP,0.1419606343429628,0.0099003245841267,0.09558941198923501,8782.087564767338
361,GEV,0.0135968491563323,0.0138548764054201,0.014879008810117512,5728.027912799476
361,KDE,0.0961235121388371,0.0138548960205726,0.12560121335559707,13499.961548449368
361,TAIL,0.1256698546879162,0.0129047990912774,0.25438127291518325,7882.865335982914
362,EMP,0.3167919767307793,0.0652584839554296,0.6182479664868881,100472.758867972
362,EVENT-EMP,0.3167919767307793,0.0789483322828248,0.6505089918147035,101912.02515345749
362,GEV,0.2000446899690727,0.0652584839556972,0.6044533555503284,81922.50123313276
362,KDE,0.2693447985777127,0.0652584839554296,0.562894765989635,16704.59957927279
362,TAIL,0.2083340011031725,0.0761535631406296,0.6178851292905834,86378.8086551521
363,EMP,0.3318960211941397,0.0560445980353201,0.629215435581652,7887.306515160948
363,EVENT-EMP,0.3318960211941397,0.0337551139753092,0.577910548211745,11689.424777082479
363,GEV,0.3098880444751368,0.05604459782875001,0.5988351651412933,7920.655010123737
363,KDE,0.2833417389860178,0.0560445980353199,0.522012148188945,7956.587775889786
363,TAIL,0.058871179938021094,0.0217200440591146,0.18758313182109995,9106.659408698479
364,EMP,0.0002783006794123,0.0123546888903588,0.29634607302804916,14817.900658757942
364,EVENT-EMP,0.0002783006794123,0.0098353851329059,0.24669616208848502,14817.900658757942
364,GEV,0.23359758562337107,0.0122826901412113,0.323265080635562,14817.900658757942
364,KDE,0.0640017782438608,0.0123546956132545,0.5160432481001718,14817.900658757942
364,TAIL,0.308129473338037,0.028572353833068095,0.5772126108831904,14817.900658757942
365,EMP,0.0498748660231934,0.0255331114225275,0.19371358943939002,11190.174291081727
365,EVENT-EMP,0.0498748660231934,0.030621358221827304,0.2289778034475589,20595.728442112293
365,GEV,0.0128272483496586,0.0255339305472726,0.14045015790551124,13278.02260184971
365,KDE,0.0040488273692663,0.0255331114192137,0.026008043597895224,28785.54529624184
365,TAIL,0.1411343266449012,0.0323955947878681,0.37098225758061915,9702.307586793788
366,EMP,0.1542860342640235,0.0233566389876585,0.1890978707646185,9015.819366542004
366,EVENT-EMP,0.1542860342640235,0.0132098013151105,0.2160283935988956,8314.807653860811
366,GEV,0.0300853870541732,0.0233566449417609,0.15261096831627052,10729.3062707937
366,KDE,0.1033738242903636,0.0233566389873251,0.044602674782389044,28785.54529624184
366,TAIL,0.0004021209009789,0.0043704953954964,0.01701793075078649,1369.2688544261166
367,EMP,0.1542003380920048,0.000583313412265,0.07810624944622285,7150.7834848769835
367,EVENT-EMP,0.1542003380920048,0.0130505404808854,0.1476980064135394,11856.668294065632
367,GEV,0.1191808857999137,0.0005833134122651,0.051275202349437235,2537.5545409485285
367,KDE,0.11127276310099801,0.0005833134136273,0.1106280065977143,10036.11448167906
367,TAIL,0.0275861827790839,0.019798447030565,0.13434173042752362,10091.079767291125
368,EMP,0.2192949437737498,0.0157649921962124,0.15908736880412613,10178.716828277646
368,EVENT-EMP,0.2192949437737498,0.037111086354294,0.23953994428410466,22282.271022865858
368,GEV,0.0830184720984228,0.0157649921962126,0.1394883119563833,7905.739062001929
368,KDE,0.1566034207584805,0.0157649921958459,0.03099635360900362,28785.54529624184
368,TAIL,0.0400758752969076,0.0336484356125524,0.2165350334025577,13294.30636397718
369,EMP,0.0922115912315938,0.0328321229978322,0.3171267876000772,16698.551329580758
369,EVENT-EMP,0.0922115912315938,0.034398404944128,0.32209327326079307,10868.978398099853
369,GEV,0.0452204403184001,0.0328324399897381,0.2790098163028137,13138.887290831344
369,KDE,0.0512030129888839,0.0328321229978287,0.18740321198373527,9104.202568845203
369,TAIL,0.1839272078691608,0.0384083306965316,0.46478534260827775,10073.050773923285
370,EMP,0.2793348548443596,0.011048096133877,0.416788300087563,8729.4908402528
370,EVENT-EMP,0.2793348548443596,0.0202059847028776,0.3886692447882258,8729.4908402528
370,GEV,0.1949648270007419,0.0110480961338846,0.39708912655887596,7998.068142053981
370,KDE,0.2359001213970573,0.011048096133877,0.3219973956474789,8733.902785553599
370,TAIL,0.1517962637815651,0.0200811427052985,0.3342717165266535,8022.492563182488
371,EMP,0.0930322885810785,0.0452432554717511,0.3473451266742369,29103.35265072466
371,EVENT-EMP,0.0930322885810785,0.0543721733019174,0.34822501962498503,28395.960893380146
371,GEV,0.0142953003161441,0.0452573223451169,0.32171952461004655,23311.457984308403
371,KDE,0.0513884625051526,0.0452432554717336,0.22617560378057405,12566.778965809071
371,TAIL,0.1206318359689755,0.0562640678284987,0.4234965480990032,19177.400880139943
372,EMP,0.2793596986036001,0.000851416018889,0.26389618151390626,17414.419366202215
372,EVENT-EMP,0.2793596986036001,0.0070418269784245,0.25408852361356843,41752.84662965458
372,GEV,0.23964834112926686,0.0008514160325848,0.25280740712503336,10288.899003227758
372,KDE,0.2301637706074787,0.000851416018889,0.1622574060008083,12773.994615820133
372,TAIL,0.0385079687427305,0.0244873591095847,0.1901062613507876,14051.307577571417
373,EMP,0.0232067877447047,0.1346005442322287,1.607021433440414,14817.900658757942
373,EVENT-EMP,0.0232067877447047,0.1087291847837259,1.3746435868154598,14817.900658757942
373,GEV,0.1810317346584988,0.134600544232224,1.5630984933289644,14817.900658757942
373,KDE,0.0742955731128841,0.1346014034225949,1.8382173845789498,14817.900658757942
373,TAIL,0.8060991585593031,0.1401222362218971,1.8757207991403861,14817.900658757942
374,EMP,0.012570667744864,0.0807805122847429,0.7623236049774895,14817.900658757942
374,EVENT-EMP,0.012570667744864,0.0502203266263318,0.6064808415766736,14817.900658757942
374,GEV,0.2452283217611216,0.0807747345088342,0.7946239456384147,14817.900658757942
374,KDE,0.0923718792152309,0.0807805224845779,1.0407844721721498,14817.900658757942
374,TAIL,0.1231048289408453,0.0378816496030921,0.390352992804208,14817.900658757942
375,EMP,0.21479347256862,0.0646549837247129,0.5360173002456337,14817.900658757942
375,EVENT-EMP,0.21479347256862,0.0671812235040146,0.4822028547700353,101602.11766734792
375,GEV,0.1223462912649311,0.0646549838051553,0.5147146789956751,31057.95951650002
375,KDE,0.1334696023535413,0.0646549837440432,0.6779406071010213,14817.900658757942
375,TAIL,0.0974556650833685,0.0699898114542075,0.5960348800909566,14817.900658757942
376,EMP,0.24134878625914696,0.0305250926021086,0.35526589477067844,13975.150084314868
376,EVENT-EMP,0.24134878625914696,0.0421218605601728,0.40554411276436614,10484.7226891558
376,GEV,0.1283467429178346,0.030525092602110997,0.3317666671386392,9392.355254008435
376,KDE,0.1893309291199123,0.0305250926021084,0.2522140829749248,7939.106272160697
376,TAIL,0.121839869212055,0.0374829387389488,0.35593328029662286,11225.508169461662
377,EMP,0.031236131780158802,0.0027231469329946,0.2032344237379416,3849.24651123604
377,EVENT-EMP,0.031236131780158802,0.0025906587448418,0.16881373968428612,9358.717698445129
377,GEV,0.0494005534229696,0.0027231748349355,0.16215153986820555,3236.1834704027406
377,KDE,0.0118804573435058,0.0027231469326106,0.026410237800376577,1552.3573905022608
377,TAIL,0.12193345346116462,0.0016722882805153,0.1614117971776214,4309.505824839904
378,EMP,0.0964379541530003,0.035971640717327,0.15094923886907463,14051.307577571417
378,EVENT-EMP,0.0964379541530003,0.0310782988579486,0.13146999722376257,14051.307577571417
378,GEV,0.031969843303028,0.0359716407173266,0.19275529706433522,14051.307577571417
378,KDE,0.0499427651393558,0.0359716408005523,0.3387033337795793,14817.900658757942
378,TAIL,0.0324106293226484,0.0215379255253774,0.157219689397757,14051.307577571417
379,EMP,0.345215159880441,0.0695940442846396,0.7027266200838038,91799.22947179858
379,EVENT-EMP,0.345215159880441,0.05774575388125279,0.6966143359882587,66317.23556053183
379,GEV,0.2794314870655095,0.0695940442846188,0.687934176084315,74659.65986929295
379,KDE,0.3045973079456166,0.0695940442846398,0.6447106438242464,71644.14974994957
379,TAIL,0.2461434182127837,0.0612478045428948,0.6269913506925493,73494.40579598273
380,EMP,0.1726702548732186,0.0147980410959948,0.18021894966596264,11069.617350854496
380,EVENT-EMP,0.1726702548732186,0.0008659037101726,0.19295632358823264,6287.831173775614
380,GEV,0.1511137212431141,0.0147980410959948,0.13675382068261208,12615.616278615365
380,KDE,0.1341872634867011,0.0147980410959948,0.07494297912494498,10447.149039172671
380,TAIL,0.040847337993248,0.0041715799282659,0.03304754725137052,801.385634440308
381,EMP,0.23305098369318017,0.0050437937254549,0.28450439081933016,3176.9811836126155
381,EVENT-EMP,0.23305098369318017,0.0218579632372468,0.3470216411752196,9114.567339358853
381,GEV,0.1315374076219597,0.0050437937254549,0.2576653409256713,3324.5794077592177
381,KDE,0.1790753728421321,0.0050437937254549,0.17021774766540537,4987.010485279891
381,TAIL,0.1537569128871643,0.0195875944944233,0.3437878644681565,8028.369196703038
382,EMP,0.3373134393688736,0.0503977619734194,0.5224197770321886,8594.23746159207
382,EVENT-EMP,0.3373134393688736,0.0356655678005891,0.5497593688175055,8287.518028390594
382,GEV,0.2736057886037091,0.0503977621911697,0.504845749343157,7897.084894862336
382,KDE,0.2664604695449477,0.0503977619734192,0.42274264741856676,7898.476675460425
382,TAIL,0.1484266057983093,0.0335628948454052,0.383153478397545,9710.953835902736
383,EMP,0.1166390516608618,0.0249857972910023,0.2224110977031049,11306.716480912952
383,EVENT-EMP,0.1166390516608618,0.0325809745603367,0.22290952506256043,12073.309562099477
383,GEV,0.0499688312117521,0.0249857977859009,0.17986881446995115,10490.521989565654
383,KDE,0.0729511244998572,0.0249857972890336,0.06580052215784533,28785.54529624184
383,TAIL,0.0956926683691204,0.0391729401101349,0.31787224385891855,11818.237641867563
384,EMP,0.1295303592655894,0.061328997239179,0.8932647384208576,14817.900658757942
384,EVENT-EMP,0.1295303592655894,0.0630924515654503,0.8119667808668543,14817.900658757942
384,GEV,0.3147033893997933,0.0613264034242293,0.9283923878995353,14817.900658757942
384,KDE,0.1988269589334358,0.06133184848729951,1.194965884639156,14817.900658757942
384,TAIL,0.1817938404945022,0.05587265367157171,0.5771975862095934,14817.900658757942
385,EMP,0.2440096399022463,0.019854387953833,0.3090939338418663,11444.81775932728
385,EVENT-EMP,0.2440096399022463,0.0189695634468422,0.3599001428082447,11444.81775932728
385,GEV,0.1889875341024015,0.0198543879537989,0.2889231910422065,8340.529706961164
385,KDE,0.1995123492399119,0.019854387953833,0.20036411928421205,10417.911833278835
385,TAIL,0.0558962498474623,0.0075957369936958,0.11927463772661771,10036.11448167906
386,EMP,0.2546988573308006,0.0372965171678532,0.3892465060025027,7974.907266176927
386,EVENT-EMP,0.2546988573308006,0.0438940689306122,0.38524704598757653,18747.959976035792
386,GEV,0.1418631588685032,0.0372965171678522,0.3692305238159058,10262.527988495616
386,KDE,0.2058286745629615,0.037296517167853,0.2972859135811241,8052.3236041832715
386,TAIL,0.18029766553478,0.0476035102481202,0.4812930810225551,12308.461178391553
387,EMP,0.0105023827602303,0.027831972381633104,0.5852812092324733,14817.900658757942
387,EVENT-EMP,0.0105023827602303,0.0163703100885014,0.551309044903349,14817.900658757942
387,GEV,0.3020859830149121,0.027808744439156104,0.6221513795698118,14817.900658757942
387,KDE,0.11116524160567501,0.0278331315369041,0.8720021358320749,14817.900658757942
387,TAIL,0.1515259115039255,0.0011394126225295,0.19823257257189364,10036.11448167906
388,EMP,0.2584155304026823,0.0338014721640873,0.3302062427509011,10326.297933135182
388,EVENT-EMP,0.2584155304026823,0.0381706384876821,0.36518983106646175,9251.098549073875
388,GEV,0.1445252089821365,0.0338014721640798,0.303985869539692,8638.778762548542
388,KDE,0.1945020514838966,0.0338014721640847,0.20861280177672462,8683.53881571597
388,TAIL,0.0048268263659836,0.0395408744722905,0.1847401156007037,16089.26021257105
389,EMP,0.2534773087781882,0.0133422986008034,0.3158666095914808,8399.973836376643
389,EVENT-EMP,0.2534773087781882,0.024633740537233,0.3265886864397113,7906.486297081226
389,GEV,0.1843272508004333,0.0133422986008032,0.289513023468221,8529.12379842562
389,KDE,0.209050243748231,0.0133422986008036,0.20104143010050002,9405.343530244194
389,TAIL,0.1595977876128683,0.0264078589835665,0.35637729265414714,8301.230135868924
390,EMP,0.1282647731089596,0.0265980499545298,0.5841102094076768,14817.900658757942
390,EVENT-EMP,0.1282647731089596,0.0250536768415518,0.5296211212624464,14817.900658757942
390,GEV,0.4086900434568536,0.026081390384139,0.606921316221038,14817.900658757942
390,KDE,0.1986282329928404,0.026599155309594,0.8830504963725465,14817.900658757942
390,TAIL,0.0839143949591647,0.0086712392900343,0.15547680191402427,14817.900658757942
391,EMP,0.295874319475139,0.0366091334445581,0.48481203122431704,14647.839048207117
391,EVENT-EMP,0.295874319475139,0.0506687692070295,0.5180831518546292,14647.839048207117
391,GEV,0.1627425736769176,0.0366091334485734,0.46698063217017594,11210.748688404137
391,KDE,0.24488609855760307,0.0366091334445579,0.40867138559439675,8850.504151180075
391,TAIL,0.1939966874080615,0.0510712451747001,0.5232574157976857,13286.513168060223
392,EMP,0.3252436157887686,0.0380776498562173,0.6965346245804924,64846.86958368412
392,EVENT-EMP,0.3252436157887686,0.05659382418627609,0.7236605684035725,65901.51009731863
392,GEV,0.3202018086903553,0.0380776498562888,0.6775874664088207,64818.19247689388
392,KDE,0.3007232638742764,0.0380776498562173,0.6297956418850554,7882.86197723293
392,TAIL,0.3008068224130892,0.0675788732489118,0.7058174386442685,70922.70225201588
393,EMP,0.0395175316008036,0.004368445885974,0.2669112691564102,10036.11448167906
393,EVENT-EMP,0.0395175316008036,0.0130749454593326,0.40317230355157757,14817.900658757942
393,GEV,0.2067982520986739,0.0043846924056993,0.2915474359946241,10036.11448167906
393,KDE,0.0317382341545494,0.0043683910432413,0.47212938642782565,10036.11448167906
393,TAIL,0.030914284081054302,0.0079623344027597,0.017362060999645455,6427.809222467658
394,EMP,0.11580848145345718,0.0195637796896906,0.16750822289885947,9097.585825894648
394,EVENT-EMP,0.11580848145345718,0.014062420367846,0.16789612152906083,9868.9237135121
394,GEV,0.0662976838046648,0.0195637796896902,0.11729328388145098,8862.302917680703
394,KDE,0.0708913344768465,0.0195637794270918,0.022506887482383758,28785.54529624184
394,TAIL,0.0547524004475931,0.0219593586491235,0.13813367672505833,9261.67030966437
395,EMP,0.6779404134494731,0.0746040970807954,1.171055911575752,14817.900658757942
395,EVENT-EMP,0.6779404134494731,0.0775498786374171,1.1116864690399653,14817.900658757942
395,GEV,0.7070983055577711,0.0726230122482954,1.2524463024582693,14817.900658757942
395,KDE,0.7799468774520749,0.0751664148082072,1.824215053567237,14817.900658757942
395,TAIL,0.3767373114102281,0.0635010388996831,0.8906123760557426,14817.900658757942
396,EMP,0.1846460227821674,0.0023474435065478,0.2020725840716755,4059.058560118286
396,EVENT-EMP,0.1846460227821674,0.0197302679495168,0.25736191350351806,7894.549948013389
396,GEV,0.12401227544802201,0.0023474435065476,0.17304076810097518,3945.11862185525
396,KDE,0.133664810021626,0.0023474435065476,0.06524785671425437,6469.2275328122905
396,TAIL,0.090878342753838,0.0194294395286092,0.2293504428877353,8411.443322644569
397,EMP,0.2045962685072536,0.0240292636809189,0.36377731313440465,8350.425663809292
397,EVENT-EMP,0.2045962685072536,0.0228005496713052,0.36468463521863703,8037.348527438939
397,GEV,0.1495190168919763,0.0240292636809203,0.32409706091896756,8143.698437249598
397,KDE,0.1670629552682497,0.0240292636809193,0.2320099830101194,7960.354926135391
397,TAIL,0.1600108265240839,0.0228324721842857,0.32891180936920766,7973.386541844967
398,EMP,0.0846495433212672,0.0461717380708718,0.35794947432657254,14051.307577571417
398,EVENT-EMP,0.0846495433212672,0.0468159800978729,0.374035075983292,14051.307577571417
398,GEV,0.1285786153307353,0.0461704182529328,0.39283018276309917,14817.900658757942
398,KDE,0.0163577787656564,0.0461717381185114,0.589383747551653,14817.900658757942
398,TAIL,0.1728700195121412,0.0613004389803736,0.6191332142390834,14817.900658757942
399,EMP,0.22729951039308277,0.018267018733819,0.3196242939334913,8499.67316193351
399,EVENT-EMP,0.22729951039308277,0.0416174464059562,0.38331728201046583,8550.167968798118
399,GEV,0.179911987641756,0.0182670187338194,0.2844210450599887,8217.23244278816
399,KDE,0.1876301903497825,0.018267018733819,0.19779047855864273,9579.395226914125
399,TAIL,0.030446039876474602,0.0311014706990203,0.10015719294996106,14794.476013195701
400,EMP,0.2219096310247856,0.0103573408189165,0.3606841162774208,8111.127762347772
400,EVENT-EMP,0.2219096310247856,0.0339118401230739,0.40126861774349415,7967.267465203069
400,GEV,0.141571470609684,0.0103573408208794,0.3371540031054823,7906.493949137938
400,KDE,0.1872717298911183,0.0103573408189165,0.26078003364002356,8516.458903377565
400,TAIL,0.0699607839553264,0.0366814599215772,0.2710755224709267,13231.8380142143
401,EMP,0.0345234076611615,0.0301276345358399,0.33141675558222816,14817.900658757942
401,EVENT-EMP,0.0345234076611615,0.0109143382343331,0.24625231615772528,14817.900658757942
401,GEV,0.1022399471458599,0.0301276306748079,0.40762663312505143,14817.900658757942
401,KDE,0.0947437833037417,0.030127703079514,0.6124069138704267,14817.900658757942
401,TAIL,0.0019164056368338,0.0034195876924936,0.016469068089607502,29.256057019241982
402,EMP,0.193732571053381,0.0112381235418343,0.20953399528254033,7970.216331746015
402,EVENT-EMP,0.193732571053381,0.0064184371368657,0.11043697618093455,3257.5563397667265
402,GEV,0.11183217454329439,0.0112381235413863,0.17447123361070485,9401.640164024404
402,KDE,0.1568063506211356,0.0112381235418345,0.07888891542509752,12477.04559901874
402,TAIL,0.0681511245834299,0.006649155731057,0.07748983896864238,3963.809510218497
403,EMP,0.0371752082660672,0.0388370935159241,0.28604652927643426,14051.307577571417
403,EVENT-EMP,0.0371752082660672,0.0225842042634886,0.29476740129957507,14817.900658757942
403,GEV,0.1339114362289671,0.0388335045565127,0.33585505453176157,14817.900658757942
403,KDE,0.0434248609684347,0.0388370974330621,0.5490380330214273,14817.900658757942
403,TAIL,0.0020244101437031,0.0067455244387905,0.038276539716429636,2632.155746729217
404,EMP,0.0290393738045227,0.0222915460899786,0.15466165504708063,11557.470662061436
404,EVENT-EMP,0.0290393738045227,0.0289684841390727,0.19301171881335435,11652.476879166441
404,GEV,0.0694645283629893,0.0223093340705446,0.10628034498205224,15249.694366947437
404,KDE,0.0792010900873885,0.0222915459906359,0.0560769642116041,28785.54529624184
404,TAIL,0.072167219731336,0.0301311604170381,0.25617709984077375,10758.466340989495
405,EMP,0.413891465908463,0.0111326492500424,0.22014316691520464,14817.900658757942
405,EVENT-EMP,0.413891465908463,0.0038317514084934994,0.1790460729472182,3980.706574768035
405,GEV,0.3389389608717671,0.0087241557943131,0.25538045640768936,14817.900658757942
405,KDE,0.48988094021524414,0.0111366532014059,0.6955068535921263,14817.900658757942
405,TAIL,0.0288910320000221,0.0033775688214986,0.03181230287973005,661.881076462567
406,EMP,0.2445760533314346,0.0364990877235793,0.4543091611204221,7894.052678009495
406,EVENT-EMP,0.2445760533314346,0.0209138442279689,0.36205715232608443,14470.923441048712
406,GEV,0.23197489081253847,0.0364990877220157,0.43522938247695886,7897.358456344656
406,KDE,0.2099747786567675,0.0364990877235795,0.35537064690656445,8262.89193249649
406,TAIL,0.0257567872431143,0.0080007505913875,0.017310065299073012,6396.124145435791
407,EMP,0.2529905149835721,0.044145337771681,0.6548071024886533,66035.58987440045
407,EVENT-EMP,0.2529905149835721,0.0567078959000068,0.6822462994226586,66991.07773659047
407,GEV,0.2666601617637901,0.044145337771688,0.6363826046079308,67469.77974065725
407,KDE,0.2261863900914157,0.0441453377716812,0.5758081517703312,8336.89094785663
407,TAIL,0.2730696804111341,0.0542480662080885,0.6541470172804098,69417.34729797061
408,EMP,0.2402586378717978,0.0392502518209049,0.5547260803318821,8777.242513248697
408,EVENT-EMP,0.2402586378717978,0.0484460034850217,0.5891931892724502,8046.984173504326
408,GEV,0.23498042731196941,0.0392502518209047,0.5311884448315293,8881.830378005901
408,KDE,0.2095547612502613,0.0392502518209049,0.4631938260246577,7940.9049614329515
408,TAIL,0.1528439378610593,0.0425395828736304,0.42902197685513843,11918.389949116856
409,EMP,0.1508399273272128,0.0413183550903461,0.39306190684899917,22440.06792326427
409,EVENT-EMP,0.1508399273272128,0.043567815197769,0.40287016118259505,10054.325540026339
409,GEV,0.0907908848681872,0.0413183658875144,0.35991457781977476,14588.918747740177
409,KDE,0.1129264240828454,0.0413183550903455,0.284575438281726,10089.982137292935
409,TAIL,0.1896898166406188,0.043548749280278,0.48822220031563796,11070.521628002636
410,EMP,0.2559673238755301,0.0689919524079516,0.6439067948083804,76132.16929638054
410,EVENT-EMP,0.2559673238755301,0.067418979172118,0.654382338314243,72767.21234178626
410,GEV,0.22614005128542752,0.0689919524079525,0.6158282336563705,79152.32683767461
410,KDE,0.22348391942234277,0.0689919524079516,0.5582257289214007,13798.260811439097
410,TAIL,0.2398846276802954,0.0692667031573151,0.6523003108806693,79480.85986279696
411,EMP,0.3024711524316593,0.0935074904807284,1.5595886436468378,14817.900658757942
411,EVENT-EMP,0.3024711524316593,0.0921195951978874,1.5271985208543188,14817.900658757942
411,GEV,0.7500490086033084,0.0921903643717468,1.5089623392084122,14817.900658757942
411,KDE,0.3953609671014784,0.093670336563011,2.0259038709803794,14817.900658757942
411,TAIL,0.744966475684496,0.0946370038316608,1.4620083949616756,14817.900658757942
412,EMP,0.22872243186682809,0.0502077628866861,0.2223309744518274,37577.525720134065
412,EVENT-EMP,0.22872243186682809,0.036081994776061,0.14908798232656256,20831.13132477738
412,GEV,0.0075442284978735,0.0502090015675356,0.22322011240111106,23356.602991273627
412,KDE,0.1545725611644773,0.0502077628838526,0.12432460067362287,28785.54529624184
412,TAIL,0.062459768810227,0.0364642760852492,0.261569209037297,13478.837612621486
413,EMP,0.2026993618978462,0.0850434848664574,0.7420460240902726,14817.900658757942
413,EVENT-EMP,0.2026993618978462,0.0901715124519798,0.8747656719545787,14817.900658757942
413,GEV,0.311178107376801,0.0849579314933399,0.7990534246671235,14817.900658757942
413,KDE,0.2669617155136045,0.0850435267984152,1.0969631157343696,14817.900658757942
413,TAIL,0.2528066987498157,0.0852819058354786,0.8855982697676983,14817.900658757942
414,EMP,0.2560537610679348,0.0304835746799108,0.3698918042851153,7905.050414707822
414,EVENT-EMP,0.2560537610679348,0.0417730650593453,0.38355700896877076,13672.756758894462
414,GEV,0.1625839567260541,0.0304835746799119,0.3425495297629079,8316.242480496876
414,KDE,0.1967725396974728,0.0304835746799104,0.24969466193260687,7892.39718454207
414,TAIL,0.1632282599141219,0.0470979640143947,0.46215569094815323,12987.41555517912
415,EMP,0.128310491076628,0.0692542973066697,0.43757736419197435,38347.63555692261
415,EVENT-EMP,0.128310491076628,0.0594350710189525,0.41209433552677827,18287.860935460467
415,GEV,0.0500717315313913,0.0692557626360711,0.394326616101967,33957.1600213976
415,KDE,0.0877194618202487,0.069254297306629,0.33368923297931413,19250.403935382765
415,TAIL,0.12176540841208279,0.062323029305278506,0.4479887029118374,22469.95193360808
416,EMP,0.1726982300859147,0.0229486361261275,0.043760657684589345,5794.70412706563
416,EVENT-EMP,0.1726982300859147,0.0088246325956866,0.07217037041521442,8651.121193403895
416,GEV,0.0903430571805381,0.0229486361261269,0.0631006655474387,8656.639789469747
416,KDE,0.1324213683505211,0.0229486361261685,0.15539727209738696,14051.307577571417
416,TAIL,0.014012382877321698,0.0194341515077168,0.12450170939142977,14051.307577571417
417,EMP,0.537236042904095,0.05882088188055531,0.6375311821888894,14817.900658757942
417,EVENT-EMP,0.537236042904095,0.0401411706633095,0.5882549581869099,14817.900658757942
417,GEV,0.5196895043934747,0.0488283743912317,0.5446934220429158,14817.900658757942
417,KDE,0.6237805919428508,0.05884075776563061,1.2568929154911954,14817.900658757942
417,TAIL,0.1292276243319175,0.0437700188493332,0.4383147462195879,14817.900658757942
418,EMP,0.2798976524746437,0.0846573637139281,1.0430270561379955,14817.900658757942
418,EVENT-EMP,0.2798976524746437,0.0578118478082564,0.8955083840921453,14817.900658757942
418,GEV,0.48763635086016754,0.0843595883194591,1.0879949377760367,14817.900658757942
418,KDE,0.356553543500186,0.0846656856001639,1.4662564641429623,14817.900658757942
418,TAIL,0.2312558232759675,0.0395967495468628,0.5473952622552094,14817.900658757942
419,EMP,0.1377420241157937,0.0163654929917819,0.11597159916898897,8002.270465170965
419,EVENT-EMP,0.1377420241157937,0.0139562575348221,0.1838804613608085,8002.270465170965
419,GEV,0.057231090321982606,0.0163654929917823,0.07586616699895085,8701.581855063016
419,KDE,0.0904982441140146,0.0163654929864173,0.05501861443581795,28785.54529624184
419,TAIL,0.0443757156198907,0.0124105034557002,0.13144261546404887,8230.91660627971
420,EMP,0.0621044092182526,0.0519973614767792,0.4487929884212589,14817.900658757942
420,EVENT-EMP,0.0621044092182526,0.05611794433289089,0.5727705160109154,14817.900658757942
420,GEV,0.2076096045452247,0.0519600188150341,0.45546858081817276,14817.900658757942
420,KDE,0.005441436423335,0.0519973617331298,0.6872368770146993,14817.900658757942
420,TAIL,0.22514616973630291,0.0682668265095871,0.717111966056974,14817.900658757942
421,EMP,0.12361767421080651,0.0328699511030442,0.06693554736990995,28785.54529624184
421,EVENT-EMP,0.12361767421080651,0.0328165075909498,0.04609701000053526,28785.54529624184
421,GEV,0.1313203277089523,0.032891017729742,0.07156719930816556,28785.54529624184
421,KDE,0.0418658851614149,0.0328699470470216,0.16493790599662767,28785.54529624184
421,TAIL,0.1341786694349923,0.05569820819182279,0.4366419230051854,16513.60753421175
422,EMP,0.1772310239774517,0.0686308218432426,0.7217198054202323,14817.900658757942
422,EVENT-EMP,0.1772310239774517,0.0330514709206816,0.5893246179617879,14817.900658757942
422,GEV,0.3282706977286968,0.0684576197975119,0.6985828947720905,14817.900658757942
422,KDE,0.24059152816110987,0.0686308447629653,0.9938338895207064,14817.900658757942
422,TAIL,0.105131414733391,0.022314645734628,0.27297770634217317,14817.900658757942
423,EMP,0.2507835096756363,0.0207774357495109,0.12132159363920215,28785.54529624184
423,EVENT-EMP,0.2507835096756363,0.0077805372692722,0.10431969176505679,12868.632070075306
423,GEV,0.2931410178873104,0.0218822840715927,0.15602297164626952,28785.54529624184
423,KDE,0.3177440201883868,0.0207767493527246,0.41421162939416395,28785.54529624184
423,TAIL,0.0177526582267256,0.0123995690482667,0.09158278120799052,7940.294164340012
424,EMP,0.334333374451039,0.0530036185072959,0.7463652455148386,68525.17159665914
424,EVENT-EMP,0.334333374451039,0.0648059070337662,0.7709406438026186,76259.20888336624
424,GEV,0.3174186380978676,0.0530036185073181,0.7310634532061222,67783.33668632682
424,KDE,0.3100351750161927,0.0530036185072957,0.6907202385468356,66385.3068320656
424,TAIL,0.3344020815400955,0.0634603363568123,0.7861103262772917,70836.59590851102
425,EMP,0.1697343012432423,0.0094701901967796,0.24724515126552798,9334.857817119298
425,EVENT-EMP,0.1697343012432423,0.001283286015558,0.15670030352502787,5399.3131133677025
425,GEV,0.1073112809697596,0.0094701901967796,0.2048901504030317,7897.600836204675
425,KDE,0.1309771236034359,0.009470190196777,0.10439039914620622,8824.010643865913
425,TAIL,0.0919869365228885,0.0062802617079381,0.16458940007064785,3249.1356227912215
426,EMP,0.1646668414845662,0.0222032149955689,0.34206792868098684,14817.900658757942
426,EVENT-EMP,0.1646668414845662,0.0027418780080103,0.22125572665927062,10036.11448167906
426,GEV,0.0721471237608429,0.0222032146475988,0.3284214065249587,14817.900658757942
426,KDE,0.0713395557149703,0.0222032163186474,0.5224272032236605,14817.900658757942
426,TAIL,0.2528636880200308,0.009881498995226,0.34648417727119757,14817.900658757942
427,EMP,0.2642157518874194,0.009487070767186,0.1757006223732325,12959.036180077328
427,EVENT-EMP,0.2642157518874194,0.003874222164471,0.19515300291333204,8177.250002998445
427,GEV,0.2186974224108618,0.0094870707652242,0.13264773526023202,18927.548244621812
427,KDE,0.2041834568816316,0.0094870707671868,0.10707701593295539,13222.874052433504
427,TAIL,0.0528957483991215,0.0001059871006335,0.08665796476374138,3289.580178758337
428,EMP,0.1591291237861634,0.026466339618434,0.24364649972764724,14817.900658757942
428,EVENT-EMP,0.1591291237861634,0.0036024468407875997,0.11446926741203661,10036.11448167906
428,GEV,0.0769236122883513,0.0264661900384146,0.24089363261887098,14817.900658757942
428,KDE,0.0783734236698603,0.0264663396227068,0.4140833511956682,14817.900658757942
428,TAIL,0.0221950977342433,2.9625458822578623e-05,0.03299800813811579,567.3122672451041
429,EMP,0.2610247989902222,0.0197096289252352,0.17690822341332618,13499.961548449368
429,EVENT-EMP,0.2610247989902222,0.0075267682925951,0.13158533920669646,10036.11448167906
429,GEV,0.2217849539676465,0.0193954678099917,0.21893557759851934,14817.900658757942
429,KDE,0.3251205564702057,0.0197097460582806,0.519492015120266,14817.900658757942
429,TAIL,0.0225582072839363,0.0008513936921137,0.03087016705403628,580.621229696812
430,EMP,0.1908870303201998,0.029017955269808302,0.11678809025409574,28785.54529624184
430,EVENT-EMP,0.1908870303201998,0.0066120525307333,0.14650560432508128,4883.249668105092
430,GEV,0.05667301653292659,0.029017955269807598,0.09203061089927274,28785.54529624184
430,KDE,0.1375470881352463,0.0290179552511799,0.056571318491352995,28785.54529624184
430,TAIL,0.031216359878173,0.0076158587550631,0.08868704343043171,3293.689580145189
431,EMP,0.24774147372126074,0.0031813096251649,0.21459050983882744,3655.437350144506
431,EVENT-EMP,0.24774147372126074,0.0039836446196182,0.18285857440315598,6938.174114157963
431,GEV,0.1676827678118911,0.0031813096251649,0.17489675974518493,6516.480186552637
431,KDE,0.1904335520423564,0.0031813096251649,0.08301043615289985,8192.83691819778
431,TAIL,0.0729641528893342,0.0056833148367039,0.10823256599052222,10036.11448167906
432,EMP,0.0084433489301224,0.0537090689722018,0.4205967634172422,15781.73794632778
432,EVENT-EMP,0.0084433489301224,0.0501597709147762,0.43335162276796085,11143.647037497723
432,GEV,0.0784641107823345,0.0537091778328186,0.3869623284207719,21790.941870360944
432,KDE,0.0365692760968242,0.0537090689647976,0.24583784656032634,12808.319567791186
432,TAIL,0.1232549022634931,0.0493686796953644,0.4025049973361552,14613.704044230593
433,EMP,0.0586464292958428,0.0100120784988786,0.05598153027743691,5383.11440983456
433,EVENT-EMP,0.0586464292958428,0.0045898386876006,0.08142135162498573,3448.425816567201
433,GEV,0.0672002221648857,0.0100120784988794,0.044572156531471216,8091.750693231717
433,KDE,0.0137163580049545,0.0100120785020893,0.1451328710094396,14817.900658757942
433,TAIL,0.104368417827054,0.016467091826571,0.23659949841151237,8055.968742445111
434,EMP,0.0899082470385765,0.0064967392325939,0.04348700585487283,10036.11448167906
434,EVENT-EMP,0.0899082470385765,0.0100665434342697,0.009172241474218188,6417.896467529859
434,GEV,0.0501190244649188,0.0064968064347452,0.06882124964074049,10036.11448167906
434,KDE,0.0384748101588494,0.0064967381453803,0.2070089080577911,10036.11448167906
434,TAIL,0.014520481169647203,0.0106723593172262,0.07322194372473435,7754.402191534638
435,EMP,0.1217843513897865,0.0040038594338328,0.06080400135150383,805.9875958458418
435,EVENT-EMP,0.1217843513897865,0.0095294052302827,0.13377364466657193,8113.580455586314
435,GEV,0.0764896480561173,0.0040038594338326,0.040705323284697476,984.7727663901945
435,KDE,0.07784984622869,0.004003859430321,0.10710742799305682,10036.11448167906
435,TAIL,0.0827420308634614,0.0068860493229663,0.1588431221978044,10036.11448167906
436,EMP,0.2719421823077383,0.0338513942454114,0.5295734747379126,8934.604095562361
436,EVENT-EMP,0.2719421823077383,0.0377529615465109,0.5763482591418968,8934.604095562361
436,GEV,0.2694479261763729,0.0338513942454147,0.5175018088148776,7904.004564386173
436,KDE,0.2413783503570033,0.0338513942454116,0.4448726076497464,8439.041425547563
436,TAIL,0.2688270403391533,0.0382027025385365,0.5874209597866307,8358.693932301985
437,EMP,0.1958137011483509,0.0525863846874213,0.45238879746825916,21514.807109995123
437,EVENT-EMP,0.1958137011483509,0.0573369334356933,0.46140265837584654,20963.461080873076
437,GEV,0.1066744032307844,0.0525863878179155,0.4104478666184524,17729.881004401792
437,KDE,0.1583775927268817,0.0525863846874211,0.34327825260617095,12309.223479106402
437,TAIL,0.1695590590308289,0.057720183042768505,0.5078444707129471,16975.82440850542
438,EMP,0.0842348801712279,0.0038862732676407,0.06388415701547527,7318.4958861681325
438,EVENT-EMP,0.0842348801712279,0.0030950319571417,0.03967891365087922,8594.724042642447
438,GEV,0.1029028861067229,0.0038753219915975998,0.0828127473241774,3567.240273467886
438,KDE,0.0242525432800582,0.0038862733161080997,0.24473745654151113,10036.11448167906
438,TAIL,0.0874476894472978,0.0033240555901191,0.15068373243938343,3315.2420443329547
439,EMP,0.2516595856261293,0.007186894024459701,0.27994814171089616,3209.5108578939817
439,EVENT-EMP,0.2516595856261293,0.025585908226557,0.3391496940983853,7885.979937553716
439,GEV,0.157910448067821,0.0071868940244583,0.24933227928258417,3822.969878855989
439,KDE,0.1972360004507261,0.0071868940244595,0.1470270852431923,4714.837435362447
439,TAIL,0.0421681909357953,0.0176837471432084,0.1416996101010639,8159.061827325262
440,EMP,0.3348465522876112,5.072317294971301e-05,0.308803471329672,10036.11448167906
440,EVENT-EMP,0.3348465522876112,0.0044132228229535,0.3179848895928558,10036.11448167906
440,GEV,0.4142078805528151,0.0048027150264125,0.29526358590112495,10036.11448167906
440,KDE,0.4099201741675361,4.675968387809229e-05,0.7123477930871289,10036.11448167906
440,TAIL,0.0333196003430501,0.0107306260946134,0.10171516949442469,8153.692649849069
441,EMP,0.2835573294785141,0.0843265772447518,0.591711118670169,129283.48071267694
441,EVENT-EMP,0.2835573294785141,0.08596924008512,0.6193829215744172,85488.30974616928
441,GEV,0.1399779900418326,0.0843266361403858,0.5676047529592365,106405.36826557739
441,KDE,0.23605535468455394,0.0843265772447518,0.5365241239192488,28524.613648219656
441,TAIL,0.2401350056870936,0.0901106254855172,0.7026638418188355,96801.42083642984
442,EMP,0.2723699271248159,0.0468836542407665,0.422178787886742,35765.50380594563
442,EVENT-EMP,0.2723699271248159,0.0273121233051569,0.3249208905105499,7885.429276039514
442,GEV,0.1101732587835187,0.0468836606488388,0.41351446463916464,16260.381617651941
442,KDE,0.2197375411028668,0.0468836542407661,0.34264598437663313,12531.130788847186
442,TAIL,0.0734566449096672,0.022200968791339,0.22298984306412914,9096.095735780586
443,EMP,0.0718397013134129,0.0297184653958754,0.3850844048610929,14817.900658757942
443,EVENT-EMP,0.0718397013134129,0.0243807516326697,0.3248337049893714,14817.900658757942
443,GEV,0.2125011702978846,0.029705453442464495,0.43680786738185357,14817.900658757942
443,KDE,0.1309870159955379,0.029718503239340596,0.6480300095632427,14817.900658757942
443,TAIL,0.1228877371001196,0.0255421005859383,0.3243124833924147,14817.900658757942
444,EMP,0.1634524829018317,0.047028124680037,0.6459269739871178,14817.900658757942
444,EVENT-EMP,0.1634524829018317,0.0425348760286556,0.587027139157875,14817.900658757942
444,GEV,0.3369889615380753,0.0469545474679466,0.6996314721021748,14817.900658757942
444,KDE,0.2312365235338048,0.0470291735441462,0.9857470486332799,14817.900658757942
444,TAIL,0.0524362527147461,0.019563870699691,0.17732545413917514,14817.900658757942
445,EMP,0.0269530719312477,0.0801998996506621,0.7634272520571957,14817.900658757942
445,EVENT-EMP,0.0269530719312477,0.0761770105008118,0.7693146158261128,14817.900658757942
445,GEV,0.2563817226153292,0.0801883810347857,0.7809381336651448,14817.900658757942
445,KDE,0.0919408171859874,0.0801999050892833,1.029476663390695,14817.900658757942
445,TAIL,0.1488406074392792,0.0644009907822548,0.6016572211194017,14817.900658757942
446,EMP,0.22771898352509373,0.0322211016064651,1.0421328514283266,14817.900658757942
446,EVENT-EMP,0.22771898352509373,0.0464418648188521,0.9665183204207994,14817.900658757942
446,GEV,0.712789230205315,0.0268046797983033,0.9201528535583682,14817.900658757942
446,KDE,0.3656678893133883,0.0323342637745815,1.4258558276983633,14817.900658757942
446,TAIL,0.4046232160542378,0.0370196684327635,0.6790441076433378,14817.900658757942
447,EMP,0.0936887648383544,2.5885086602122992e-05,0.021554847987560924,1338.336086849061
447,EVENT-EMP,0.0936887648383544,0.0173011397560083,0.10072617737805653,14051.307577571417
447,GEV,0.0240682164006207,2.588219175491949e-05,0.07750978847648377,10036.11448167906
447,KDE,0.0384175278985508,2.5885332960271693e-05,0.221445957290879,10036.11448167906
447,TAIL,0.029812539481229798,0.016802905692438,0.13516024506364613,13499.961548449368
448,EMP,0.23356706538873176,0.0034445602219084,0.1624722629894066,3177.0355363698263
448,EVENT-EMP,0.23356706538873176,0.0324758502966149,0.25233385230927785,10552.426607173556
448,GEV,0.134219846375285,0.0034445602219092,0.12810914590681335,4854.698053894772
448,KDE,0.1775453101958328,0.0034445602219016,0.06421587818616453,2919.2327755205333
448,TAIL,0.1515867931852148,0.0390640117784274,0.41209564772459784,10906.36776209219
449,EMP,0.3860912511606115,0.0878933902617955,1.4406777545011629,14817.900658757942
449,EVENT-EMP,0.3860912511606115,0.1086623969067386,1.5308938125666993,14817.900658757942
449,GEV,0.7543646247644489,0.0858897659868671,1.409509212072758,14817.900658757942
449,KDE,0.47805458885027885,0.0880390422216605,1.9073907866583157,14817.900658757942
449,TAIL,0.24735493695119576,0.0698290082368898,0.7622262001548734,14817.900658757942
450,EMP,0.0671045068153841,0.0458320104165608,0.4010395170721217,10402.5778557028
450,EVENT-EMP,0.0671045068153841,0.0144770164377951,0.2325096620820052,8789.076335555874
450,GEV,0.0800498066537161,0.0458320648299399,0.36442710622033153,16537.564473145332
450,KDE,0.0245853266474688,0.0458320104143149,0.2349916374540868,11427.921420227736
450,TAIL,0.014535322061523002,0.0019462797801728,0.030523750448274007,551.5627406342991
451,EMP,0.3126633463686032,0.0688027848591308,0.6471420449638161,80990.32118111104
451,EVENT-EMP,0.3126633463686032,0.0731728282066379,0.6682916255510105,78230.7690697689
451,GEV,0.1978968548248533,0.0688027848762045,0.6197101102454662,85646.07547373448
451,KDE,0.2685880014813628,0.068802784859131,0.5869584443916547,17921.757263832103
451,TAIL,0.2675845434418136,0.0730460593648982,0.7066272313819977,80446.78068945184
452,EMP,0.0221683071612997,0.0473309071623715,0.41305947193232795,14817.900658757942
452,EVENT-EMP,0.0221683071612997,0.0548839127846925,0.4310189698790726,16001.938912996195
452,GEV,0.12175585450046499,0.0473304834879526,0.41917971322578784,14817.900658757942
452,KDE,0.029506625829564,0.0473309073310731,0.6079279991997265,14817.900658757942
452,TAIL,0.2040455001112031,0.0661815438040124,0.6627980275631096,14817.900658757942
453,EMP,0.1525326355826257,0.0294921848405122,0.3216973958986737,13499.961548449368
453,EVENT-EMP,0.1525326355826257,0.028284675402004005,0.2621861605917194,14051.307577571417
453,GEV,0.1587737601664295,0.029490132548935302,0.3844254129506813,14817.900658757942
453,KDE,0.2131677438721704,0.029492243838622603,0.6125830729785197,14817.900658757942
453,TAIL,0.0091375928980567,0.0212618953472658,0.12641747505586343,14051.307577571417
454,EMP,0.0630506829076077,0.0520911687961872,0.3831275503389263,12274.759971454429
454,EVENT-EMP,0.0630506829076077,0.0389132622303305,0.4003842871112916,8552.630853675306
454,GEV,0.0869400727635588,0.0520911693271388,0.3449245112180062,18216.22977842794
454,KDE,0.019509974057528,0.0520911687868214,0.23680491831972944,28785.54529624184
454,TAIL,0.1975196426779687,0.034844311949293,0.460395787309384,8883.248121949844
455,EMP,0.0931404914963303,0.0426716992569319,0.5771697945229213,14817.900658757942
455,EVENT-EMP,0.0931404914963303,0.0443277941417465,0.4402682799443238,14817.900658757942
455,GEV,0.0497974481310441,0.0426716992569295,0.5888891358276233,14817.900658757942
455,KDE,0.0234762316526938,0.0426717445864888,0.7736421931039321,14817.900658757942
455,TAIL,0.1959141281786755,0.0465810841988717,0.5467167385230787,14817.900658757942
456,EMP,0.3113725075498099,0.0946143782615736,0.7015100855214556,103623.20515470445
456,EVENT-EMP,0.3113725075498099,0.0896491133005794,0.6985566222333595,82213.44335726007
456,GEV,0.1973637208728854,0.0946143782855644,0.6560560311888316,109031.18693575336
456,KDE,0.2725250933454402,0.0946143782615736,0.6436479808814938,93830.98063618514
456,TAIL,0.0924912760237706,0.081693080724287,0.47253006039078305,39179.60555362546
457,EMP,0.1551447900111824,0.076982545287032,0.6253422365589332,14051.307577571417
457,EVENT-EMP,0.1551447900111824,0.0784730038095626,0.7468171041674729,14817.900658757942
457,GEV,0.1822843297349934,0.0769807910272346,0.6698341208863058,14817.900658757942
457,KDE,0.2141110079175175,0.0769825492176103,0.9139961029219302,14817.900658757942
457,TAIL,0.3262742346310874,0.0972720869294873,1.0609047595731473,14817.900658757942
458,EMP,0.0684507462015135,0.0239689107294092,0.09484558795153016,28519.20034546405
458,EVENT-EMP,0.0684507462015135,0.0348756923240866,0.16276133239384627,16998.186660903815
458,GEV,0.0432488221747399,0.0239700634517131,0.07891276632178677,13281.333955389448
458,KDE,0.020705170844758,0.0239689106603182,0.053451573066429364,28785.54529624184
458,TAIL,0.1112123325563193,0.0409079698244756,0.34734234116483687,12352.133764499798
459,EMP,0.2632214549815855,0.0055956726749401,0.2135037603950384,3505.1349050119106
459,EVENT-EMP,0.2632214549815855,0.016424986800233,0.28159121401111664,8211.019714200558
459,GEV,0.1689028577777597,0.005595672674896,0.19410498176167906,5231.751689139961
459,KDE,0.2080331737169194,0.0055956726749403,0.09302830644464108,8426.376535493466
459,TAIL,0.112647753985958,0.0258889580375912,0.29591678605327953,9010.88690124856
460,EMP,0.2575608873777579,0.0022058417118347,0.2299643323069681,3255.114256788873
460,EVENT-EMP,0.2575608873777579,0.0066907864405153,0.22033925064232202,4646.009554472028
460,GEV,0.132993663865706,0.0022058417118334,0.2211553943543921,3725.458183251528
460,KDE,0.2008819633164529,0.0022058417118347,0.1275648187050264,5999.851111557542
460,TAIL,0.153524292357173,0.0099080275256648,0.2606189932800781,8183.914651473986
461,EMP,0.094980115465793,0.002351142801205,0.23890204263577608,4147.854901757919
461,EVENT-EMP,0.094980115465793,0.0022545549202495,0.18270345970763602,7763.863213635877
461,GEV,0.1109595021986919,0.0023511428011899,0.18855909476208688,3750.5496231021557
461,KDE,0.0557210571086717,0.0023511428012056,0.06786278508729805,6188.041797882153
461,TAIL,0.0319997616382614,0.0009030831609404001,0.0375549076918668,618.5446070418177
462,EMP,0.23155140539375,0.029758972767274596,0.1028467883185779,14051.307577571417
462,EVENT-EMP,0.23155140539375,0.0078303469085027,0.06045258079269546,4108.564213920385
462,GEV,0.0895952501507252,0.0297589727672752,0.09199412542562098,9869.038680982776
462,KDE,0.1658440840422808,0.029758972767274596,0.19799886063924563,14051.307577571417
462,TAIL,0.005102439260662,0.0108188804873651,0.059066760334676914,7575.081190335772
463,EMP,0.0821820651092914,0.073342536645803,0.7813500999536066,14817.900658757942
463,EVENT-EMP,0.0821820651092914,0.0522058626109935,0.6345859292112882,14817.900658757942
463,GEV,0.284542773924736,0.0733271920408167,0.8001412810902132,14817.900658757942
463,KDE,0.1441748630997469,0.073342567287673,1.060910546294198,14817.900658757942
463,TAIL,0.1586174806446245,0.0481208323277036,0.5058422968734526,14817.900658757942
464,EMP,0.2741623406314397,0.0345663500579407,0.334111394742034,18712.637057005737
464,EVENT-EMP,0.2741623406314397,0.0210844374799876,0.3198144399882326,8243.571287939325
464,GEV,0.172939353802716,0.0345663500579403,0.3126165447293621,8026.692546798226
464,KDE,0.2073791201632868,0.0345663500579277,0.2230753902651765,8696.355916869516
464,TAIL,0.1103130813466682,0.0230882040544246,0.27163027980593246,8509.576820556695
465,EMP,0.11415204206492652,0.0660019978328297,0.605264645747067,14817.900658757942
465,EVENT-EMP,0.11415204206492652,0.0451002316745181,0.4935971323496531,14817.900658757942
465,GEV,0.12216561753082028,0.0660019919764481,0.6213833750729499,14817.900658757942
465,KDE,0.022119069249045,0.0660020021986066,0.8342684685309464,14817.900658757942
465,TAIL,0.22880630969061352,0.0482769757146433,0.5924388172343238,14817.900658757942
466,EMP,0.2845955671878453,0.0767621329672022,0.7107474112527524,106491.74892280955
466,EVENT-EMP,0.2845955671878453,0.0764933129571976,0.7255132907763838,79986.78166144382
466,GEV,0.214762039455564,0.0767621329993858,0.6702307513341526,91796.98950564738
466,KDE,0.2565681518374108,0.076762132967202,0.6502642624233748,80034.92675726199
466,TAIL,0.2923222186258968,0.0740060585811488,0.7486221370783359,79475.38282400949
467,EMP,0.1779539146194978,0.0327201013337656,0.23216001237235398,14051.307577571417
467,EVENT-EMP,0.1779539146194978,0.0330677203306754,0.24052832255866216,16874.3818436741
467,GEV,0.030274471543409495,0.0327201013337658,0.21693409959473023,14051.307577571417
467,KDE,0.1133944686109303,0.0327201013338869,0.3643811868815843,14817.900658757942
467,TAIL,0.031277553102917,0.030650732601527404,0.15444856866526332,14051.307577571417
468,EMP,0.3009508792754722,0.0781184272370015,0.5518398002862743,105696.1242530916
468,EVENT-EMP,0.3009508792754722,0.0887983006078584,0.5890425297751247,105696.1242530916
468,GEV,0.1693591676200453,0.0781184272370039,0.5404079943496832,90315.97371487143
468,KDE,0.24372605843801556,0.0781184272370013,0.48463815471735405,21638.678999164764
468,TAIL,0.2214335459495434,0.0926939446351886,0.6738883394947814,101782.5887230795
469,EMP,0.5832347197650439,0.0854140254285395,1.1567850085636224,14817.900658757942
469,EVENT-EMP,0.5832347197650439,0.0841590100359497,1.1475513694844526,14817.900658757942
469,GEV,0.6960794788336322,0.0826115978075869,1.2052706096232568,14817.900658757942
469,KDE,0.6791578364942511,0.085625077216744,1.7865187548036774,14817.900658757942
469,TAIL,0.1220872895960493,0.0483802552962579,0.4542075658959949,14817.900658757942
470,EMP,0.1772211318717501,0.0763122658209291,0.11473512477540673,28785.54529624184
470,EVENT-EMP,0.1772211318717501,0.0494388519104518,0.15762441302556407,39964.957426950336
470,GEV,0.0904316390397776,0.076320588404106,0.1587973516031086,28785.54529624184
470,KDE,0.1025001551275269,0.0763122591371282,0.04601973757514263,28785.54529624184
470,TAIL,0.0016836446227728,0.0586094168212486,0.25389308113668313,26390.56639210942
471,EMP,0.2896988565390682,0.0497522718865807,0.6042164361560431,7895.949111204906
471,EVENT-EMP,0.2896988565390682,0.0700194144283268,0.6319696381313118,69999.44249154338
471,GEV,0.2520865020197058,0.0497522718865942,0.5754312136289627,9907.701909159932
471,KDE,0.2551480505598366,0.0497522718865805,0.5166841696332782,8249.1290986451
471,TAIL,0.233635936437776,0.073121849218335,0.6504840374085857,82650.87427074711
472,EMP,0.1053032277758414,0.0376867317894708,0.09091500680954612,11585.829440784226
472,EVENT-EMP,0.1053032277758414,0.003322781042807,0.048415893047318824,11847.077783319684
472,GEV,0.029252103313550597,0.0376867224489118,0.07730808741927704,9055.051211483984
472,KDE,0.0655273695356582,0.0376867317894708,0.19690728838854032,14051.307577571417
472,TAIL,0.0144685269673849,0.0029130750324577,0.04039945180086691,3329.249107858166
473,EMP,0.0413454015568776,0.0733180255113596,0.5991682175709516,14051.307577571417
473,EVENT-EMP,0.0413454015568776,0.062246775484461,0.572108979448268,14817.900658757942
473,GEV,0.1770749915106336,0.0733156675738876,0.6247965895302576,14817.900658757942
473,KDE,0.0386520733521024,0.073318025961701,0.8498864998501346,14817.900658757942
473,TAIL,0.0978589927418464,0.057929776001326795,0.5463901443171992,14817.900658757942
474,EMP,0.019745817382879,0.030091994687430196,0.2542651930865273,14817.900658757942
474,EVENT-EMP,0.019745817382879,0.0103138821396317,0.19704660336141153,14817.900658757942
474,GEV,0.1087272092051915,0.030090840342808196,0.2780360532145188,14817.900658757942
474,KDE,0.031227205439413302,0.0300919948252462,0.4644150133019326,14817.900658757942
474,TAIL,0.0329159650704788,0.0106754475718044,0.10230911820461365,14817.900658757942
475,EMP,0.48766155589277793,0.0223704792210947,0.6727113862918043,14817.900658757942
475,EVENT-EMP,0.48766155589277793,0.039519323951761,0.7019494146411616,14817.900658757942
475,GEV,0.5918158959486871,0.0172427721110523,0.6684520431420056,14817.900658757942
475,KDE,0.5763448994733936,0.022486281116219,1.1804239857637668,14817.900658757942
475,TAIL,0.146023769891921,0.0203407598021523,0.32798228536678775,14817.900658757942
476,EMP,0.1517827103851985,0.0236770361165369,0.40330468269326447,14817.900658757942
476,EVENT-EMP,0.1517827103851985,0.029956566891625395,0.31010690511315725,14817.900658757942
476,GEV,0.0468847690926058,0.0236770361165367,0.4171042188870048,14817.900658757942
476,KDE,0.0606381450124073,0.0236770437369001,0.59643694967816,14817.900658757942
476,TAIL,0.0571114854139769,0.020205636274048,0.19146788611863413,14817.900658757942
477,EMP,0.7322476269900288,0.0315437149042107,0.7061086895106367,14817.900658757942
477,EVENT-EMP,0.7322476269900288,0.0217466431375759,0.65161974951334,14817.900658757942
477,GEV,0.6213185955394814,0.0216469556743961,0.6405942343163082,14817.900658757942
477,KDE,0.8349110880500542,0.0319865728055318,1.4149869796793195,14817.900658757942
477,TAIL,0.127584118673352,0.0004115244278006,0.17624082386541984,10036.11448167906
478,EMP,0.2103298599772082,0.0054004306534113,0.1051777172246105,6579.183576203469
478,EVENT-EMP,0.2103298599772082,0.0097364377314973,0.17988995814360143,8283.170217530493
478,GEV,0.0875888968960487,0.0054004306534105,0.08339835717297578,3645.7296664269847
478,KDE,0.1519179898564131,0.0054004306529308,0.06835952533424056,10036.11448167906
478,TAIL,0.0842644093570511,0.0087248135674516,0.17186999405095468,7883.607186816945
479,EMP,0.0789443172846793,0.0273079134190844,0.2579313416002629,14817.900658757942
479,EVENT-EMP,0.0789443172846793,0.013949633246546099,0.189023600608648,14817.900658757942
479,GEV,0.0276853864739626,0.0273079134189576,0.29953489866588967,14817.900658757942
479,KDE,0.0254265429496894,0.0273079150429777,0.45589097544675955,14817.900658757942
479,TAIL,0.1175769256047275,0.0153045423182543,0.2600544827334999,14817.900658757942
480,EMP,0.3348227906984548,0.0555059775415248,0.6144927497351886,14165.01890768266
480,EVENT-EMP,0.3348227906984548,0.0608597244073341,0.6469397913890663,71068.74111113159
480,GEV,0.236580897020977,0.0555059775415256,0.5938202503234683,12789.738310878165
480,KDE,0.2812936899474726,0.055505977541525,0.5444215063021569,10230.492451017411
480,TAIL,0.2548320198988641,0.0624777292335543,0.6426848624519064,73511.68588744063
481,EMP,0.0489801427664608,0.0427422599308095,0.053997282658936975,28785.54529624184
481,EVENT-EMP,0.0489801427664608,0.0030101236152453,0.07987197361419664,10036.11448167906
481,GEV,0.1307060063399447,0.0427506228248809,0.07092407583145542,28785.54529624184
481,KDE,0.0049553809218099,0.0427422496585457,0.15840938937909954,28785.54529624184
481,TAIL,0.0620720071575503,0.0194252321078868,0.18794334456327927,8788.056710125878
482,EMP,0.2329509168957301,0.0289920094182828,0.22356180915318527,10088.464506843127
482,EVENT-EMP,0.2329509168957301,0.018176730154111,0.23171241196388484,8032.479235091247
482,GEV,0.0829067839959578,0.0289920094183148,0.2132870561268185,8741.663703356558
482,KDE,0.1773844543051142,0.0289920094182608,0.11606363417804297,28785.54529624184
482,TAIL,0.028925048840937804,0.0030494455521449,0.026998003129617743,1436.3412851655028
483,EMP,0.1519704304037716,0.0015180600351384,0.07642902487850232,5920.543692497744
483,EVENT-EMP,0.1519704304037716,0.0020684970692409,0.08345452864578153,6105.496846184652
483,GEV,0.0065299118221143,0.0015182812826621,0.05439584962825365,3371.356894100292
483,KDE,0.1046648882567224,0.0015180600351122,0.06860219431879422,10036.11448167906
483,TAIL,0.1923376895175743,0.0343470488865213,0.4628115039398486,14817.900658757942
484,EMP,0.2760921824310026,0.0279522627293392,0.15612431988608455,44309.61464905387
484,EVENT-EMP,0.2760921824310026,0.0010239021922244,0.208215262291788,14082.158321770425
484,GEV,0.1704170257414945,0.027952262729339903,0.1368798384611291,16266.867688530641
484,KDE,0.2214128192489941,0.0279522627293393,0.11345643736661046,13472.08853732629
484,TAIL,0.3196542913462049,0.04454687974211,0.7038325725689204,14817.900658757942
485,EMP,1.016980447122836,0.0771054092311451,1.5965809794441688,14817.900658757942
485,EVENT-EMP,1.016980447122836,0.0864824865812467,1.646271198757298,14817.900658757942
485,GEV,1.0343065043443265,0.0570680723452288,1.3370822640142253,14817.900658757942
485,KDE,1.1489207875450649,0.0824541375331398,2.524893869065435,14817.900658757942
485,TAIL,0.135826859537107,0.0171961220542026,0.3003584496291025,14817.900658757942
486,EMP,0.0299964504617835,0.029652349116942405,0.2065785526710192,30984.758492247824
486,EVENT-EMP,0.0299964504617835,0.0081478707490223,0.08130133648246535,7954.221094064725
486,GEV,0.053363895781659,0.0296753102076463,0.15535997714293284,18043.319692392834
486,KDE,0.0790863614640522,0.029652349034792,0.036882674926088946,28785.54529624184
486,TAIL,0.0340130754330046,0.0083276692402361,0.09476805866597234,8015.228142667562
487,EMP,0.3117788297826472,0.0527328078928247,0.5355843731971217,13428.292833600193
487,EVENT-EMP,0.3117788297826472,0.0660665812511417,0.5820841249280713,15005.005872483986
487,GEV,0.23635735422088539,0.0527328078942681,0.5145492702661907,9676.257298286075
487,KDE,0.2625015981283408,0.0527328078928249,0.44907207505919733,8426.796073421216
487,TAIL,0.1641484836235959,0.0632152867350625,0.514306346076776,19244.85322008158
488,EMP,0.3611301247123747,0.0818208290125085,1.0113028946610019,14817.900658757942
488,EVENT-EMP,0.3611301247123747,0.077719153572255,0.8875896240352109,14817.900658757942
488,GEV,0.4326687668454774,0.0817262539533542,1.067549034744612,14817.900658757942
488,KDE,0.4393651743487478,0.0818313457036751,1.4219540314947068,14817.900658757942
488,TAIL,0.2897537286762579,0.0682455223798284,0.8118746320452518,14817.900658757942
489,EMP,0.210264916388326,0.0330111560384405,0.31006482212227304,9241.471875325777
489,EVENT-EMP,0.210264916388326,0.0123489799803825,0.14559430582326602,8007.626438405365
489,GEV,0.12170906564987148,0.0330111560384424,0.27938907447883143,9094.28090819499
489,KDE,0.1664694984861168,0.033011156038391,0.19358897361462798,8665.252696491778
489,TAIL,0.1000987595364716,0.0205754873258527,0.2426700611505117,8340.006358576007
490,EMP,0.2433011466324008,0.0739647701291797,0.5752855057188344,93228.23525268491
490,EVENT-EMP,0.2433011466324008,0.0686273864688502,0.5792958252826235,79185.13084391359
490,GEV,0.1774383921816574,0.0739647701293268,0.5647752643203359,88501.74496970895
490,KDE,0.1986072920100541,0.0739647701291797,0.49449441267331273,19269.120188211713
490,TAIL,0.22412768940103417,0.0677669984788248,0.6123688228816452,78769.46782172512
491,EMP,0.2648158663395254,0.0982609031208986,0.9741382464120938,14817.900658757942
491,EVENT-EMP,0.2648158663395254,0.0958969815013099,0.9742035840023081,14817.900658757942
491,GEV,0.4611832204752514,0.0976552590662606,1.005936324297274,14817.900658757942
491,KDE,0.3359924882572489,0.0982613418522809,1.3796208965674503,14817.900658757942
491,TAIL,0.2850861791954731,0.0980406522727197,1.0219528761955017,14817.900658757942
492,EMP,0.11194365463948938,0.0193153378877115,0.10988118875984873,13913.328114357468
492,EVENT-EMP,0.11194365463948938,0.0275226177374919,0.1785158598754063,13913.328114357468
492,GEV,0.0535869716674993,0.0193153378877129,0.07807986129349115,8833.020088151097
492,KDE,0.0664770104110754,0.0193153378425951,0.05787287545705063,28785.54529624184
492,TAIL,0.0974895647696399,0.0190376848258311,0.0546845934807068,13989.489729546944
493,EMP,0.2969919133176931,0.0673309748933997,0.7128913063131236,68217.45169145903
493,EVENT-EMP,0.2969919133176931,0.0742990249953419,0.734645313203191,75852.88940436434
493,GEV,0.3036211757434686,0.0673309748869493,0.6898123474612565,69706.81555140059
493,KDE,0.2672926198075036,0.0673309748933999,0.6304413210926095,67945.17364565945
493,TAIL,0.1645899802106349,0.062024427708244,0.5061309940044036,18246.265992019635
494,EMP,0.1669994146260801,0.0374844687049541,0.24967950844266562,14051.307577571417
494,EVENT-EMP,0.1669994146260801,0.0327711171881413,0.3147449134723809,14817.900658757942
494,GEV,0.0346441412052049,0.0374844638703622,0.24517366541126537,14051.307577571417
494,KDE,0.100979592451921,0.0374844687050312,0.40367137878475023,14817.900658757942
494,TAIL,0.0560728451172694,0.030920778809499,0.29275863828407106,14817.900658757942
495,EMP,0.0803630192799547,0.0210149536384111,0.12758397566618662,14051.307577571417
495,EVENT-EMP,0.0803630192799547,0.0113248384227401,0.16495181891801713,14817.900658757942
495,GEV,0.1190351134675243,0.0209855914519368,0.13565245779242874,14051.307577571417
495,KDE,0.0327834075159319,0.0210149536388982,0.3060967494361855,14817.900658757942
495,TAIL,0.0471242829818455,0.0119338533770714,0.12777003675490317,14817.900658757942
496,EMP,0.0522447443604246,0.0383493100256736,0.3147185959300418,33215.83522470606
496,EVENT-EMP,0.0522447443604246,0.0474015627654863,0.33759879419799776,27768.65431805514
496,GEV,0.06231979243675231,0.0393049191672571,0.29649969758665784,29633.883118117537
496,KDE,0.0096171476435444,0.0383493100256718,0.1860041905540832,13159.057426991561
496,TAIL,0.1774768702813874,0.0421976250437315,0.4645927691706231,11065.25013964375
497,EMP,0.328536584422211,0.0868116825344728,0.7969004756081511,14817.900658757942
497,EVENT-EMP,0.328536584422211,0.075947372662875,0.7961936873148404,14817.900658757942
497,GEV,0.3714241270604984,0.086576879661493,0.8555292398893284,14817.900658757942
497,KDE,0.3999479129174365,0.0868123889946384,1.2199735726028385,14817.900658757942
497,TAIL,0.2521335551122798,0.0735802023125302,0.8215867575773976,14817.900658757942
498,EMP,0.0915269398248181,0.0599723450675964,0.41279848917475026,30557.66041540696
498,EVENT-EMP,0.0915269398248181,0.057516558048462306,0.41518286969213747,23832.152373134468
498,GEV,0.0410337103311118,0.0599782780993314,0.38599024192281256,29979.391075377353
498,KDE,0.0500381212459084,0.0599723450675362,0.2927979354265452,17274.98153503146
498,TAIL,0.2012145391081683,0.0549955801799119,0.5440997985243017,14289.233645162856
499,EMP,0.2877526362385942,0.0645538259042813,0.5907609869955344,11807.252589939782
499,EVENT-EMP,0.2877526362385942,0.0543234000079683,0.5879657952019254,8724.010845599385
499,GEV,0.2081527286186878,0.0645538259042821,0.5489935584196426,16042.18859796195
499,KDE,0.2486541711844254,0.0645538259042815,0.5009020637240469,10452.457771501815
499,TAIL,0.0985080850844003,0.0450438746038286,0.349996370650884,13936.584530864846
500,EMP,0.0164286330542852,0.0209158452340658,0.1654221601643273,14051.307577571417
500,EVENT-EMP,0.0164286330542852,0.0247810003521031,0.22918136660185537,14817.900658757942
500,GEV,0.1175711134283029,0.0209082065123228,0.1927147037686148,14817.900658757942
500,KDE,0.0347854670413101,0.020915845252859,0.3640992500564177,14817.900658757942
500,TAIL,0.0424280995670781,0.0152371639078881,0.034504400327845235,7907.750102738332
501,EMP,0.0250189747367549,0.0081804797026794,0.17163993850502798,19447.884100056355
501,EVENT-EMP,0.0250189747367549,0.007140127232584799,0.09394921935728723,10036.11448167906
501,GEV,0.1974276298585767,0.0082562482755842,0.17190920990115938,19447.884100056355
501,KDE,0.0804691432541274,0.0081804714542579,0.34681805217364714,19447.884100056355
501,TAIL,0.0273404887994638,0.0089171618650027,0.020217417950359032,6498.357896595987
502,EMP,0.2811947696168171,0.0163250973511626,0.4522212665224086,7985.857442354162
502,EVENT-EMP,0.2811947696168171,0.0196574597237838,0.3903233626641923,8100.668142671076
502,GEV,0.2246272268721965,0.0163250973511622,0.42865200493345756,8112.015835067567
502,KDE,0.2459177987573031,0.0163250973511622,0.36512270736285024,9114.635000314252
502,TAIL,0.1719978638796368,0.021690228158044,0.36836773067425194,7975.751317633316
503,EMP,0.1833967895402247,0.0249901846651244,0.15680214462461245,29671.274608522654
503,EVENT-EMP,0.1833967895402247,0.0382120348395771,0.20880860706918491,28295.802125759423
503,GEV,0.061100435088179,0.0250719684363436,0.17557037495562713,17904.161436097074
503,KDE,0.116115892606426,0.0249901846650871,0.044583588330162495,28785.54529624184
503,TAIL,0.12330260727033789,0.0336688378020389,0.3443769247577,10248.737127084596
504,EMP,0.0469349462635568,0.0026752626455967,0.12004636880094179,10036.11448167906
504,EVENT-EMP,0.0469349462635568,0.0014309121752748,0.06263070578348919,3462.5391625694724
504,GEV,0.0948067422912707,0.0026756294329703,0.1576571619815243,10036.11448167906
504,KDE,0.0062777677539341,0.0026752611417181,0.3047759219638946,10036.11448167906
504,TAIL,0.1779060354322905,0.0113382869633361,0.3142743849898092,14817.900658757942
505,EMP,0.0358713372186663,0.0223204255528583,0.20984301446317688,13499.961548449368
505,EVENT-EMP,0.0358713372186663,0.0111922015635106,0.12074572944135392,14817.900658757942
505,GEV,0.0857396194465031,0.0223203574696078,0.267989223431371,14817.900658757942
505,KDE,0.0268139848978391,0.0223204283313416,0.4421127481589031,14817.900658757942
505,TAIL,0.1039131050956604,0.0151281038747916,0.2277130142222728,14817.900658757942
506,EMP,0.2316300701528035,0.0353932447079145,0.40878278107574056,18482.722173513845
506,EVENT-EMP,0.2316300701528035,0.0464303692357921,0.44409241075144473,14340.981797006913
506,GEV,0.0906041234545958,0.0353934317764324,0.38284434690726976,13851.812587316768
506,KDE,0.184891294677664,0.0353932447079145,0.30688103633479025,9436.563259781959
506,TAIL,0.2038260847329875,0.046929767209166,0.5217384949600969,11561.814062882835
507,EMP,0.2613159784500523,0.0040322258619619,0.0820439196519649,3327.1140939717493
507,EVENT-EMP,0.2613159784500523,0.0010358969750006,0.09595274939113978,3338.6395083270563
507,GEV,0.0717801307714113,0.0040322258619615,0.03327452286772506,1448.991401706512
507,KDE,0.1744645865166114,0.0040322258619672,0.1568375983397977,10036.11448167906
507,TAIL,0.0888249017230485,0.01551044730751,0.20460572618239625,14817.900658757942
508,EMP,0.1283333562308782,0.0102182859341942,0.17202677367384325,14817.900658757942
508,EVENT-EMP,0.1283333562308782,0.014446311958307598,0.13290824121804745,14817.900658757942
508,GEV,0.0652441748938187,0.0102182527380402,0.18256418317981726,14817.900658757942
508,KDE,0.05663846876597551,0.0102182860073455,0.3376718103568662,14817.900658757942
508,TAIL,0.1401936347155661,0.0280042453821861,0.34838602942990005,14817.900658757942
509,EMP,0.0509393275439014,0.0204119673372222,0.33359944941472564,14817.900658757942
509,EVENT-EMP,0.0509393275439014,0.0207668616999854,0.23192052104313599,14817.900658757942
509,GEV,0.0580071603544563,0.0204119673300902,0.32687572938937554,14817.900658757942
509,KDE,0.0027837942068654,0.0204119689054547,0.5010452898490617,14817.900658757942
509,TAIL,0.1373534937407398,0.0299707880773104,0.37066051929773525,14817.900658757942
510,EMP,0.203072534618719,0.0414634159826435,0.2735067802665976,15571.63810075923
510,EVENT-EMP,0.203072534618719,0.0256213338030751,0.16334748155696963,15265.092147571966
510,GEV,0.105141109438501,0.0414634159826453,0.2500679001515175,15056.208087293224
510,KDE,0.1417916068655718,0.0414634159905398,0.3838145322797448,14817.900658757942
510,TAIL,0.1375727529552011,0.0278189657174921,0.3599138468549279,14817.900658757942
511,EMP,0.1445918427101323,0.0140759008267168,0.16786108415063727,14817.900658757942
511,EVENT-EMP,0.1445918427101323,0.020777444815166,0.26638525771222293,14817.900658757942
511,GEV,0.0051694174839346,0.0140759008267158,0.21867391137201264,14817.900658757942
511,KDE,0.064599930863095,0.014075902358826001,0.366619510730452,14817.900658757942
511,TAIL,0.1091157998953312,0.0230438574556342,0.28462355006741785,14817.900658757942
512,EMP,0.2615394344650848,0.0248782508431928,0.38295332666936194,12145.178002489733
512,EVENT-EMP,0.2615394344650848,0.0380056431141818,0.4318067434909798,12145.178002489733
512,GEV,0.1707461763515063,0.0248782508431897,0.35692958534710917,8024.557803723651
512,KDE,0.2147382075459082,0.0248782508431928,0.2823752627210798,7989.768031578821
512,TAIL,0.1473856397024606,0.0377724122708265,0.3815069903332145,10281.79428235814
513,EMP,0.1738043738635535,0.0205594583224555,0.35009189033819577,9487.051965906905
513,EVENT-EMP,0.1738043738635535,0.0324798928929539,0.35080467684456174,8597.545414979259
513,GEV,0.12145085916249482,0.0205594583236646,0.3120198863683897,8486.008171511505
513,KDE,0.1377486155429155,0.0205594583224553,0.23139556898506447,8019.361412368094
513,TAIL,0.1057592494787732,0.0336922162155988,0.3137095895701489,10620.131629171161
514,EMP,0.048586851329349,0.0212239884777192,0.16497360591732077,14051.307577571417
514,EVENT-EMP,0.048586851329349,0.014786363613851402,0.17170208400709,14817.900658757942
514,GEV,0.0249606610522729,0.021223988477719,0.20907540849623357,14817.900658757942
514,KDE,0.0004501865033929,0.02122398865253,0.35453751047049864,14817.900658757942
514,TAIL,0.1023604698303304,0.0091128251151171,0.19755044224930102,14817.900658757942
515,EMP,0.0653658853408818,0.0028253723587348,0.48625076587565796,10036.11448167906
515,EVENT-EMP,0.0653658853408818,0.0265945112691611,0.453067925494213,14817.900658757942
515,GEV,0.2717245816623536,0.0028103478396404,0.4828240656161522,10036.11448167906
515,KDE,0.0426931860501907,0.0028264229195935,0.7222965320072181,10036.11448167906
515,TAIL,0.2790797722934142,0.0330815353472895,0.5752788852684622,14817.900658757942
516,EMP,0.2846018016854664,0.0217803853568961,0.3349981516499011,14817.900658757942
516,EVENT-EMP,0.2846018016854664,0.0023771107149154,0.24484295131888714,10036.11448167906
516,GEV,0.2715962933833756,0.021664629103928,0.4114227493773978,14817.900658757942
516,KDE,0.3534510689998554,0.0217821955392346,0.6960795246206304,14817.900658757942
516,TAIL,0.0304434014407771,0.0112923129043397,0.02322186236857062,6698.821236175176
517,EMP,0.3108049911872558,0.0739163627475611,0.6518794984716938,79322.80907721652
517,EVENT-EMP,0.3108049911872558,0.0676499269092481,0.6553952999331304,69651.2452758799
517,GEV,0.2240990891830064,0.0739163627475604,0.6239210468730169,82547.78942189738
517,KDE,0.2748852283133397,0.0739163627475611,0.5891956558357248,15591.123605821593
517,TAIL,0.1434034159750893,0.06228082358003631,0.47690786812631625,21024.723898878012
518,EMP,0.0391761223325756,0.0329893860562055,0.2645508004341202,14817.900658757942
518,EVENT-EMP,0.0391761223325756,0.0046923386189525,0.15757016945709387,10036.11448167906
518,GEV,0.0681849205605051,0.0329893510332117,0.27901427515504157,14817.900658757942
518,KDE,0.0101625026828107,0.0329893860971019,0.44554603751749255,14817.900658757942
518,TAIL,0.0680519797991225,0.0189014502165016,0.18531475743385892,8500.542152178476
519,EMP,0.1948964594664698,0.0543763795294896,0.5033935168186083,92160.26515754871
519,EVENT-EMP,0.1948964594664698,0.0536323796360343,0.5141352764982664,22022.472514512017
519,GEV,0.085085568985815,0.0543882744964762,0.4799498472174947,25601.4910314943
519,KDE,0.1590380504174932,0.0543763795294896,0.4149039144060829,16217.14218559023
519,TAIL,0.186882278447387,0.0463915226525962,0.5005928577857761,12168.006546304561
520,EMP,0.3042086847319546,0.0691521417249114,0.6249275785530936,75246.09038724544
520,EVENT-EMP,0.3042086847319546,0.0726010261565498,0.6418712677421069,81786.28479008915
520,GEV,0.24889337763457034,0.069152141724964,0.6016805020441384,73475.91368686242
520,KDE,0.2673663502554901,0.0691521417249116,0.5500772156334204,11127.979109888896
520,TAIL,0.2103945324695352,0.0737120729629572,0.6166057562532757,84988.36449780109
521,EMP,0.1676170671932371,0.0370474137254338,0.2987096850015459,23013.890365520496
521,EVENT-EMP,0.1676170671932371,0.0381257455331672,0.3350333315892668,14796.443266720822
521,GEV,0.0576561069318114,0.0370474372868059,0.27825401113774656,14470.96147984049
521,KDE,0.12056359715545452,0.0370474137253268,0.18354406279433,9686.666689471653
521,TAIL,0.1037513299806276,0.0379374628903698,0.33806380937405983,12093.829909629809
522,EMP,0.1376350111274179,0.0418771549333206,0.2233931230360964,14051.307577571417
522,EVENT-EMP,0.1376350111274179,0.0193343975331778,0.13451820509459436,14051.307577571417
522,GEV,0.0447983335824677,0.0418771549333204,0.2540774724128944,14051.307577571417
522,KDE,0.0886834941524942,0.0418771549343282,0.38787378238496006,14817.900658757942
522,TAIL,0.0217048860564233,0.0158146539764825,0.1176217250134765,14051.307577571417
523,EMP,0.1850266853821559,0.0007650202268129,0.09134566291696691,3717.652998843334
523,EVENT-EMP,0.1850266853821559,0.0079777154462045,0.12412349491019604,13515.821975492561
523,GEV,0.1191450237865405,0.0007650202268127,0.05761943174223667,2198.5998959677913
523,KDE,0.1397183725080538,0.0007650202267746,0.11887574810886953,10036.11448167906
523,TAIL,0.1388709006477844,0.0105025051992233,0.2577736337613029,14817.900658757942
524,EMP,0.1707253814149715,0.0463744299254925,0.627565065336007,14817.900658757942
524,EVENT-EMP,0.1707253814149715,0.0541831576431574,0.5548966402603829,14817.900658757942
524,GEV,0.287892457366915,0.0463502258097228,0.656919564601169,14817.900658757942
524,KDE,0.2360904439019645,0.04637470442849,0.9082642964346694,14817.900658757942
524,TAIL,0.0912730756570679,0.0485119716050207,0.40668446411875864,14817.900658757942
525,EMP,0.2024406529908188,0.0270667403477292,0.13160743241262546,19866.079910959634
525,EVENT-EMP,0.2024406529908188,0.0111153823341673,0.08548367058599353,11775.651029979086
525,GEV,0.1194543240081645,0.0270667403477294,0.0990251428792245,10508.423518946394
525,KDE,0.1556405368511938,0.0270667403477294,0.20074870221557944,14447.259578261524
525,TAIL,0.060363465308568,0.0206199314232535,0.18741158045776551,14817.900658757942
526,EMP,0.23432386318665477,0.0809455833705182,1.1429096526324842,14817.900658757942
526,EVENT-EMP,0.23432386318665477,0.0797184208211724,1.011545938435183,14817.900658757942
526,GEV,0.5410107617890129,0.0804929347647956,1.1426070308731784,14817.900658757942
526,KDE,0.3128758844152768,0.0809583370938321,1.5244380602112095,14817.900658757942
526,TAIL,0.2274935843402664,0.0692504682788634,0.741701837259924,14817.900658757942
527,EMP,0.2634367016402527,0.0859923937702527,0.6020703029213359,33315.14005096412
527,EVENT-EMP,0.2634367016402527,0.0592956412295382,0.5858512946384954,15848.51821634546
527,GEV,0.1802226085366954,0.0859923937702535,0.5576854948810382,94022.38362187095
527,KDE,0.2264998805278944,0.0859923937702525,0.51727264698965,19344.523030417662
527,TAIL,0.0961579670064756,0.0454338929260173,0.3457346047250031,14102.08958748045
528,EMP,0.2117296501339209,0.0355462924307447,0.3706280432635556,11026.803019507479
528,EVENT-EMP,0.2117296501339209,0.0345297870844101,0.40952141202163556,9621.870490031937
528,GEV,0.11241217965879852,0.0355462924403512,0.34093422813814006,11140.593144997023
528,KDE,0.1499966890430134,0.0355462924307425,0.2485175656912507,9193.340150832199
528,TAIL,0.11355710966930949,0.0299477272530311,0.3053732662671576,9547.648784267405
529,EMP,0.1927776184222544,0.0038218007284995994,0.11111635395842072,3256.642614857811
529,EVENT-EMP,0.1927776184222544,0.0027690226961953,0.028525855498972567,2035.1519717236774
529,GEV,0.060448611961774104,0.0038218007289033,0.08498420940299845,3264.814382024627
529,KDE,0.1443549416936018,0.0038218007284725,0.062484473458987035,10036.11448167906
529,TAIL,0.0212016245678802,0.0038942081045257,0.08332145059423907,10036.11448167906
530,EMP,0.0968052414184299,0.0364869357568191,0.23575415917013195,10708.830490939008
530,EVENT-EMP,0.0968052414184299,0.0220945987840328,0.2329076485601679,11260.176520061059
530,GEV,0.0069283370003487,0.0364885446971123,0.19904884680056478,17383.20194652956
530,KDE,0.0494181004959094,0.0364869357515075,0.08076274281411437,28785.54529624184
530,TAIL,0.0782923505049144,0.0210574111062161,0.22083146980042642,8798.121649551826
531,EMP,0.1920117933508683,0.0069228372978424,0.04825747167471589,5126.939746179411
531,EVENT-EMP,0.1920117933508683,0.0127314782871224,0.04178210159265431,6342.850183687898
531,GEV,0.0892810798591108,0.0069319324984297,0.03957706444701656,2783.806497048897
531,KDE,0.1101522639410399,0.0069228372961584,0.19205659905438124,10036.11448167906
531,TAIL,0.1001966761724518,0.0240606146572285,0.2716262764065634,8962.048848098455
532,EMP,0.1634795126067069,0.0064958237616566,0.23702260470690234,7326.587364835561
532,EVENT-EMP,0.1634795126067069,0.0264887693161111,0.293151565244605,12032.47217402421
532,GEV,0.1455235482583231,0.0064958237616564,0.2093803438700271,3927.799926084673
532,KDE,0.1251774077459573,0.0064958237616568,0.10861024209828748,6785.708850543532
532,TAIL,0.1021880575099299,0.0264673407275043,0.2844958338640735,9311.331316993572
533,EMP,0.1538899764515299,0.019076407192792,0.18761574095158176,12782.608011884617
533,EVENT-EMP,0.1538899764515299,0.0279261108502397,0.23579945608659003,12782.608011884617
533,GEV,0.0308374299598742,0.0190764229205019,0.1561506040613399,8890.06489160657
533,KDE,0.1024533854575351,0.0190764071926088,0.04974290724815943,28785.54529624184
533,TAIL,0.1207933482681368,0.0305281567676615,0.3220220229051772,9532.370796612464
534,EMP,0.2240822974408943,0.0512780678969346,0.4545962933569889,10995.577046155931
534,EVENT-EMP,0.2240822974408943,0.049977113544786,0.49741452012355963,14862.804645595761
534,GEV,0.1746146967083346,0.0512780678969324,0.4260667711998745,11623.810134598054
534,KDE,0.1874743969550073,0.0512780678969344,0.35550061688600043,9091.90894822528
534,TAIL,0.1810979289554935,0.0583354146506789,0.5029051773935637,14880.807618790926
535,EMP,0.1615685085076433,0.034390809614249,0.18311382892926872,14051.307577571417
535,EVENT-EMP,0.1615685085076433,0.0342827235592673,0.18652215842620185,14051.307577571417
535,GEV,0.0276208412520235,0.03439079928885,0.1990851019118235,14051.307577571417
535,KDE,0.0944521889735206,0.034390809614289,0.35110553136531497,14817.900658757942
535,TAIL,0.1811776837032505,0.055883435717967694,0.577922740099695,14817.900658757942
536,EMP,0.0261267816355374,0.0339696278346297,0.5495051525622803,14817.900658757942
536,EVENT-EMP,0.0261267816355374,0.0389483705702014,0.5658485148550977,14817.900658757942
536,GEV,0.2876787647092285,0.033934223389262,0.5805768578518358,14817.900658757942
536,KDE,0.0812435573709202,0.0339698541314831,0.8313186191580443,14817.900658757942
536,TAIL,0.0935058871479632,0.0242359718492092,0.2762487356210349,14817.900658757942
537,EMP,0.1309736300838365,0.0202476812733338,0.0682098545186654,7420.512335509993
537,EVENT-EMP,0.1309736300838365,0.0161171181297734,0.06219313451507739,7850.345703778996
537,GEV,0.0452433761916962,0.0202476812704891,0.05329757817839369,8270.899320915134
537,KDE,0.086578813824439,0.0202476812734594,0.1642499953349955,14051.307577571417
537,TAIL,0.0268648642091084,0.0169821201760942,0.06789639471243322,14051.307577571417
538,EMP,0.0789095617457317,0.055399031040461,0.4166322280072637,14051.307577571417
538,EVENT-EMP,0.0789095617457317,0.0404734278273891,0.3844580549841687,14817.900658757942
538,GEV,0.1388662234065644,0.0553973727956992,0.4529550543135072,13499.961548449368
538,KDE,0.0023928459910503,0.0553990311824582,0.6540213559442255,14817.900658757942
538,TAIL,0.3126419600811091,0.0630779484653703,0.8223990643394381,14817.900658757942
539,EMP,0.1513236315977669,0.0073608562018466,0.20358904882022144,3372.189911641698
539,EVENT-EMP,0.1513236315977669,0.0315714010479415,0.2693353795060965,8672.590927616693
539,GEV,0.051582763857037,0.0073608690833302,0.17109552802333483,3397.557050400931
539,KDE,0.1087345453650851,0.007360856201846201,0.06395753412891247,3880.519056577753
539,TAIL,0.1449596914640257,0.0356336081198153,0.37155389370766,9795.564347236108
540,EMP,0.253706957416507,0.040321403950654,0.2707204477547898,11763.397883993573
540,EVENT-EMP,0.253706957416507,0.0366367173101271,0.29617927999318105,10445.458773684999
540,GEV,0.106584471723174,0.0403214039506532,0.2562130989962361,11032.568176667206
540,KDE,0.1896028783836451,0.0403214039506322,0.16580704272633578,28785.54529624184
540,TAIL,0.0582575811292578,0.0351490308126978,0.22826228965630435,12630.88187958145
541,EMP,0.1456034648288264,0.0083834009564072,0.08830558627479773,10533.523874830145
541,EVENT-EMP,0.1456034648288264,0.0128450908519818,0.1485642741128984,9940.046368392186
541,GEV,0.0508490678091613,0.0083834009564402,0.05888511217122361,7341.652102801949
541,KDE,0.0933231960215591,0.0083834009523346,0.06752799446491126,19447.884100056355
541,TAIL,0.0639281070152876,0.014838808903823398,0.17761830543268955,8310.378274270644
542,EMP,0.23080947681317918,0.0174070137947826,0.43735968374562645,8115.471296576162
542,EVENT-EMP,0.23080947681317918,0.0338108024120697,0.46374873987889004,8115.471296576162
542,GEV,0.1663470580362858,0.0174070137950481,0.4135121306359062,8160.8879283160595
542,KDE,0.1986298017961926,0.0174070137947823,0.3385653533794753,7975.1620788043365
542,TAIL,0.1909906072832973,0.0337930724713552,0.44452213013657943,8872.653097846545
543,EMP,0.0243356037816756,0.014360393905368899,0.039891510530793664,19447.884100056355
543,EVENT-EMP,0.0243356037816756,0.0232589285605681,0.05561019076829188,15937.658608237902
543,GEV,0.0945593879878392,0.0143619825623713,0.07570621452072035,19447.884100056355
543,KDE,0.0778030614615515,0.014360389619125101,0.22927453508656448,19447.884100056355
543,TAIL,0.088992800493783,0.0309233721584203,0.2826596893306389,10490.723323076032
544,EMP,0.0370154571359367,0.0207457930095377,0.134007367132868,18031.030956018716
544,EVENT-EMP,0.0370154571359367,0.0056171383553972,0.11459437823067978,4017.4842743205113
544,GEV,0.0364602029571665,0.020747457208174,0.08973677026996334,12584.687958141169
544,KDE,0.0107363331516067,0.0207457929552573,0.041311853158599934,28785.54529624184
544,TAIL,0.0366260864753384,0.0009352390949976,0.050243753547195624,3279.88254222636
545,EMP,0.3182115655664776,0.0035123850364258006,0.2788237139454538,12232.112150415674
545,EVENT-EMP,0.3182115655664776,0.0108510532934899,0.35061075534183667,15519.40158813602
545,GEV,0.2591549836848279,0.0035123850351355002,0.28130983521400554,11026.88577026584
545,KDE,0.251102780479107,0.0035123850364256,0.17841569791226664,15786.837443627624
545,TAIL,0.1612901811972375,0.014493821629787998,0.32694043561336,7888.158467661279
546,EMP,0.0214609109734512,0.03211497300872,0.6204803533951406,14817.900658757942
546,EVENT-EMP,0.0214609109734512,0.0410591015401052,0.6796477847740973,14817.900658757942
546,GEV,0.3553866496319588,0.0318006967427145,0.5566329831422155,14817.900658757942
546,KDE,0.0975811766302257,0.0321151001535034,0.8379428891817235,14817.900658757942
546,TAIL,0.4204198709093076,0.0518961173607206,0.8186963206788309,14817.900658757942
547,EMP,1.350622266712834,0.1003227802395373,1.8024453379538083,14817.900658757942
547,EVENT-EMP,1.350622266712834,0.1066623335553742,1.7060651798544753,14817.900658757942
547,GEV,1.1419787143756703,0.0749195908079688,1.5225526428044096,14817.900658757942
547,KDE,1.5054335434426542,0.1136329952744123,3.0530503894435888,14817.900658757942
547,TAIL,0.061179627853443094,0.0454035057029849,0.3492142602892059,14051.307577571417
548,EMP,0.2024842121256915,0.05927598583787671,0.5131624075488773,34486.75416880442
548,EVENT-EMP,0.2024842121256915,0.0537481488697481,0.5358216232935351,11160.223817283288
548,GEV,0.177720504735016,0.0592759858378763,0.4906723593382909,15568.692744761705
548,KDE,0.1669668661458306,0.05927598583787671,0.4213634875719869,11910.835421475893
548,TAIL,0.1908481214334647,0.0548720382066836,0.5331080417447709,14910.647521703815
549,EMP,0.3206039048673089,0.0273604124360131,0.5771755480761869,7967.168771438922
549,EVENT-EMP,0.3206039048673089,0.0392279801997289,0.5894059308245415,7885.640427564892
549,GEV,0.273667217221753,0.0273604124360267,0.5470874206303686,7916.408560831412
549,KDE,0.2782829177045153,0.0273604124360131,0.4902323632146996,8088.182526189524
549,TAIL,0.1342154914004054,0.0312563659327254,0.35561993305118017,9582.61057889027
550,EMP,0.2427544309899266,0.0158069368152217,0.09488998280295838,12322.91439236535
550,EVENT-EMP,0.2427544309899266,0.0026412963160111,0.13443423332106935,5214.68886181857
550,GEV,0.1368946881467677,0.0158069368152221,0.0723613432727577,9531.92474709265
550,KDE,0.1796556453636175,0.0158069368152217,0.12739480803865288,14051.307577571417
550,TAIL,0.0135426318689467,0.0003057880644809,0.0212708566236975,555.1749351947673
551,EMP,1.110633237003105,0.1396350628293191,1.5921562497962218,14817.900658757942
551,EVENT-EMP,1.110633237003105,0.1239872329800323,1.4347884212039235,14817.900658757942
551,GEV,0.8196017935653817,0.1362022436996622,1.6738981154221868,14817.900658757942
551,KDE,1.2400114868286969,0.1423716810435768,2.711842484600206,14817.900658757942
551,TAIL,0.4707974452621742,0.11157222111564671,1.3437248048808152,14817.900658757942
552,EMP,0.082781230224002,0.0131637912789382,0.14411202577441176,12663.975763698729
552,EVENT-EMP,0.082781230224002,0.013943014345774,0.14985494809928923,9052.006038262509
552,GEV,0.0074906854512931005,0.0131638847184875,0.10898890424446803,8468.227167918036
552,KDE,0.0386540022292319,0.0131637912784376,0.020409724609826055,19447.884100056355
552,TAIL,0.0046517023311536,0.0136745361434155,0.05520974566621318,9582.602856628288
553,EMP,0.0646069348698909,0.0161902573592661,0.1944482336418629,14817.900658757942
553,EVENT-EMP,0.0646069348698909,0.0144515296153836,0.221535563364508,14817.900658757942
553,GEV,0.1660353987130634,0.0161719700928744,0.2537497741076506,14817.900658757942
553,KDE,0.12025131209182878,0.0161902641535331,0.4458320698269327,14817.900658757942
553,TAIL,0.0815329247947879,0.0109220601350751,0.17937677465117619,14817.900658757942
554,EMP,0.0995140633812806,0.0074374261690844995,0.049206685962758075,3407.636703902338
554,EVENT-EMP,0.0995140633812806,0.0019650011957321,0.008399632934039922,14.243924237994683
554,GEV,0.0743439759807674,0.0074335134698447,0.06453081751657086,2055.2477062779167
554,KDE,0.0531125364963164,0.0074374261693515,0.20521060592913143,10036.11448167906
554,TAIL,0.0062997547391144,0.0058267341432063,0.02299637322157279,2631.702059415376
555,EMP,0.1750577988546838,0.0078921429400804,0.052111299432445204,3249.595465283427
555,EVENT-EMP,0.1750577988546838,0.025541700552572,0.14702056139074132,9264.647775891857
555,GEV,0.0597828730075804,0.0078921429400796,0.022912999206591476,1470.3735845185195
555,KDE,0.1173445659437463,0.0078921429350931,0.10404987768843592,10036.11448167906
555,TAIL,0.0161591832442056,0.0233633583331953,0.09451268026930769,12032.739694671705
556,EMP,0.0344569610495972,0.0397503562588608,0.3937251028491865,9104.464829964563
556,EVENT-EMP,0.0344569610495972,0.0468788119777898,0.4184016652716475,8731.00195841398
556,GEV,0.1271819897715514,0.0397503562588634,0.352647042972626,11164.049430936577
556,KDE,0.0097197159531376,0.0397503561448731,0.20353779925246165,9148.642128259875
556,TAIL,0.1222763782090559,0.0466575027989538,0.39595491534182503,14323.087637597077
557,EMP,0.1114323197236441,0.0071810464061294,0.14083196298706707,13458.90709677204
557,EVENT-EMP,0.1114323197236441,0.0195838913030083,0.1835226780219916,18164.79190596069
557,GEV,0.1348460822710909,0.007181046406129799,0.11872238177254266,4706.796592556768
557,KDE,0.0688277131675693,0.007181046405567499,0.06635245390908245,10036.11448167906
557,TAIL,0.0141125589495712,0.0182480045150954,0.06172658177955375,10552.478072029538
558,EMP,0.2270326784386012,0.0658509463475039,0.4928003033126176,31064.420212759014
558,EVENT-EMP,0.2270326784386012,0.05928065404674519,0.483048216512886,21125.954642660607
558,GEV,0.1292707685543969,0.0658509463906967,0.45977010368071713,23415.74864902782
558,KDE,0.1895946126532339,0.0658509463475035,0.406064865969485,15785.118063243726
558,TAIL,0.0920654911589167,0.0434273473143112,0.3289033020089178,13394.234490498591
559,EMP,0.1495163397887469,0.0281759663135,0.2044051908378228,14051.307577571417
559,EVENT-EMP,0.1495163397887469,0.0074129077784826,0.10549919822872345,10036.11448167906
559,GEV,0.0471141588539246,0.028175958518870798,0.2313362810916848,13499.961548449368
559,KDE,0.0687515908466116,0.028175966317098105,0.3881337216414961,14817.900658757942
559,TAIL,0.0160770764235342,0.0033135320622542,0.03935584117860025,2010.451760221583
560,EMP,0.288734188852137,0.0323310051398916,0.46640322197037076,11000.450208366537
560,EVENT-EMP,0.288734188852137,0.0349652185962731,0.48938382542463565,11000.450208366537
560,GEV,0.2698091239497098,0.0323310051411876,0.4371220051241505,8843.597417037003
560,KDE,0.24395119516305927,0.0323310051398916,0.35237615207293493,9607.737425513254
560,TAIL,0.1319437713144833,0.0345231024214288,0.35806489668346164,10202.880278504454
561,EMP,0.2207246831482062,0.0248000723659393,0.3537560056392405,8437.973800115287
561,EVENT-EMP,0.2207246831482062,0.0123468324933566,0.31527435513120244,9293.530518279413
561,GEV,0.1509857813928358,0.024800072365941,0.33934967466400384,8267.8909767
561,KDE,0.1844550322219054,0.0248000723659393,0.2617894876115609,8180.585063628852
561,TAIL,0.1393534172292354,0.014206300273298398,0.2669646509901472,7890.449670640752
562,EMP,0.0960667423125444,0.0049478750395348,0.018510731503792267,1425.911483250455
562,EVENT-EMP,0.0960667423125444,0.0201579747467651,0.1001751409997065,9444.236266014786
562,GEV,0.0084023809433943,0.0049478765242376,0.027117530405180668,3337.6769122053975
562,KDE,0.0489703753301099,0.0049478750247186,0.15102288568881483,10036.11448167906
562,TAIL,0.0469531646700746,0.0280430515608104,0.19143596393919898,11227.454516132364
563,EMP,0.335212760654884,0.0744780382610789,0.6609260416915,88047.30957311185
563,EVENT-EMP,0.335212760654884,0.0716992220780725,0.6165762048288779,17699.097979478538
563,GEV,0.2139921552892163,0.0744780382610783,0.6277674414132294,85695.34800340029
563,KDE,0.2831675290432581,0.0744780382610789,0.5977535186226393,16917.003764670033
563,TAIL,0.2409088139952979,0.0804361849064529,0.6831979742756737,88317.86696264934
564,EMP,0.2866898854804713,0.0293978568488657,0.6309209954843957,8170.952741545935
564,EVENT-EMP,0.2866898854804713,0.0510834098663891,0.6587362244460213,66999.61253882159
564,GEV,0.2948791533201781,0.0293978568497695,0.6062264598625757,7887.717091989082
564,KDE,0.2610168662149877,0.0293978568488657,0.5476323929242716,8006.026991502072
564,TAIL,0.2644978297273426,0.055509205299815,0.6380709881557112,69745.87480869683
565,EMP,0.0863149036932077,0.0235636699504705,0.2549380406393793,8991.642502827259
565,EVENT-EMP,0.0863149036932077,0.0241868010061805,0.21754640971343353,10309.581613135835
565,GEV,0.0524966122355023,0.0235636782049601,0.2155513593405523,10016.923064275024
565,KDE,0.0426150987362118,0.0235636699416843,0.07481278129732612,8758.60241447948
565,TAIL,0.0900025449177,0.0271131551717584,0.2611280926221305,9482.098990880884
566,EMP,0.2591792534826684,0.06194612474292319,0.5369301905650015,20341.522757792536
566,EVENT-EMP,0.2591792534826684,0.0724667562846124,0.5574728001283367,85138.96817546824
566,GEV,0.1631147836902861,0.06194612474298819,0.5059372454811553,18483.370572938584
566,KDE,0.2075019546475044,0.061946124742923,0.44561754934684217,13457.964010754911
566,TAIL,0.1883501693939709,0.073812707732371,0.5811486339340488,86140.73077697949
567,EMP,0.1656977193031237,0.0054215307740154,0.013319092865675545,1714.0353184081614
567,EVENT-EMP,0.1656977193031237,0.0043410929089307,0.05076712072626113,4260.76526551466
567,GEV,0.0264525011462736,0.0054215307383342,0.019863306988287636,852.1412508247628
567,KDE,0.1125306364238755,0.0054215307751695,0.1433063064484169,10036.11448167906
567,TAIL,0.0057819491814396,0.0005073876932664,0.0027535951882633556,6.757001795081629
568,EMP,0.0188709686050855,0.0223123039418798,0.056989803564151544,34870.53362820981
568,EVENT-EMP,0.0188709686050855,0.0188254389408675,0.04535152072694839,23106.528563573956
568,GEV,0.1527206994985615,0.0224140582950852,0.07835730062852855,19033.41146234454
568,KDE,0.0715893088364638,0.0223123027434882,0.167657217804681,28785.54529624184
568,TAIL,0.0498240266661392,0.0272979079787267,0.2000812434418834,11174.79468093502
569,EMP,0.11151755222941621,0.0192401129386382,0.26147489220503656,14817.900658757942
569,EVENT-EMP,0.11151755222941621,0.0154859883332191,0.18504450949214085,14817.900658757942
569,GEV,0.117605021964271,0.0192400654082101,0.35254479331420546,14817.900658757942
569,KDE,0.1712172236432033,0.0192403617466862,0.5511654156881629,14817.900658757942
569,TAIL,0.2955715741727456,0.0427914384286845,0.6440201974331224,14817.900658757942
570,EMP,0.776974221235585,0.0822832600928295,1.2651547363874571,14817.900658757942
570,EVENT-EMP,0.776974221235585,0.0895206525625011,1.2310535867470993,14817.900658757942
570,GEV,0.795917725565984,0.0770937252980337,1.2660329054571688,14817.900658757942
570,KDE,0.885528531380146,0.0831443506134317,1.9874069841356083,14817.900658757942
570,TAIL,0.2598360405737976,0.0609717446551917,0.7161742834688634,14817.900658757942
571,EMP,0.0877364720438973,0.0356138094582475,0.26634369918394724,35956.18633235153
571,EVENT-EMP,0.0877364720438973,0.0323257374285989,0.2786447388387496,12831.5373323507
571,GEV,0.015091477864675098,0.0356245359415526,0.22951818756538792,18996.549769357156
571,KDE,0.0448100351762393,0.0356138094581605,0.13613008650975633,28785.54529624184
571,TAIL,0.0643631596969954,0.0186596403375897,0.18717909212629558,8634.091539362445
572,EMP,0.147743839302419,0.0677089579446333,0.522333437917366,101376.02989843767
572,EVENT-EMP,0.147743839302419,0.0694835153544515,0.5146259444832058,101079.0778452604
572,GEV,0.0843638336768396,0.0677132159273572,0.48205292472187566,98578.12899652816
572,KDE,0.1109288018454986,0.0677089579446333,0.42414906068342995,19726.79116042548
572,TAIL,0.1909223377625135,0.066157144029378,0.5509791393648771,19070.14991156167
573,EMP,0.3015510908329346,0.0001168172028836,0.3399649411191993,12813.061024227698
573,EVENT-EMP,0.3015510908329346,0.0138665562496308,0.38619303842458513,17518.94583341635
573,GEV,0.2385908282204819,0.0001168172033277,0.3228954811700307,7525.287326202004
573,KDE,0.2483857957154828,0.0001168172028834,0.2465460154236426,9400.758262852103
573,TAIL,0.18666751068971,0.0167477710820046,0.3656865706725357,7916.6506071227295
574,EMP,0.1379267164950948,0.0142483604626406,0.13845613021814,8155.865150551208
574,EVENT-EMP,0.1379267164950948,0.0110385217733047,0.22043629776714968,7901.2654042032855
574,GEV,0.0828110846891115,0.014248360423723301,0.1141970450456542,9435.646416709034
574,KDE,0.1004552216329405,0.014248360462640799,0.07256663427843607,9374.567309041404
574,TAIL,0.0353810137403496,0.0040190522840967,0.07026842462724782,3177.3507755773358
575,EMP,0.1275495236083185,0.0109672781942436,0.12963856861753015,14817.900658757942
575,EVENT-EMP,0.1275495236083185,0.0070755263311587,0.06647974915054117,9269.521400492535
575,GEV,0.0429294306035865,0.0109672670887919,0.14598560547202946,14817.900658757942
575,KDE,0.0725619802284236,0.0109672782039852,0.28886184947050114,14817.900658757942
575,TAIL,8.724368899236004e-05,0.0058752187045952,0.05068574385127571,2094.296650587374
576,EMP,0.1321062493521249,0.0178720334521496,0.25202379847119494,11504.992143660784
576,EVENT-EMP,0.1321062493521249,0.0195316441545818,0.2809443361779654,11163.362848641662
576,GEV,0.0946709123482853,0.0178720334521733,0.21178589232445882,8120.264881364692
576,KDE,0.0916210074615111,0.017872033452136,0.10568699044733175,9040.445780370696
576,TAIL,0.0083982720522601,0.0010936876597956,0.013607797437810577,0.016237835296326202
577,EMP,0.2118303707397072,0.0128147983780767,0.20431557646583265,9747.399660154557
577,EVENT-EMP,0.2118303707397072,0.0087672435263686,0.19708347804520668,8331.855129409581
577,GEV,0.0879629616452829,0.0128147983781541,0.18282196993207273,7925.489183341465
577,KDE,0.1642126999239751,0.0128147983780744,0.07741107647684346,8982.735249359781
577,TAIL,0.0753150761604283,0.0035376494315861,0.1332677760092781,3250.010339719761
578,EMP,0.1419811980620673,0.028240085091131302,0.3672972151294272,14817.900658757942
578,EVENT-EMP,0.1419811980620673,0.028959849585646,0.3421269763400282,14817.900658757942
578,GEV,0.1130351113152912,0.0282400245221225,0.3694867916419958,14817.900658757942
578,KDE,0.0519855087464537,0.028240085614751005,0.5660436350824614,14817.900658757942
578,TAIL,0.0767550230454043,0.0272335943314876,0.264645280770752,14817.900658757942
579,EMP,0.2322019788398823,0.030673365090725095,0.2927140909083716,17841.102596808225
579,EVENT-EMP,0.2322019788398823,0.0244885692781433,0.30938743626481474,8587.267542506257
579,GEV,0.0438839005250695,0.0306739764558498,0.28294417506737496,13382.298028848445
579,KDE,0.1733299544737978,0.030673365090725095,0.1936084905251387,9799.825801440204
579,TAIL,0.0659121776661052,0.019815291222355,0.19186686914218298,8747.639756023264
580,EMP,0.2163129553388654,0.0085489411533409,0.06432666644100929,4891.212311045889
580,EVENT-EMP,0.2163129553388654,0.0248869325927867,0.1687891387679686,19259.516200201586
580,GEV,0.1059477436465204,0.0085489411533407,0.044029534200153986,5576.620170270715
580,KDE,0.149624310990644,0.0085489411273852,0.10591811492253474,19447.884100056355
580,TAIL,0.2587618107180957,0.0496420482173496,0.641089784622711,14817.900658757942
581,EMP,0.1805407656138324,0.0334324055583242,0.20158013751717446,16383.462218467146
581,EVENT-EMP,0.1805407656138324,0.0232617051906722,0.10789515812849267,11163.841446841447
581,GEV,0.1627770185658963,0.0334324057253128,0.21376405483686614,16081.102118928193
581,KDE,0.1352533261661462,0.0334324055593852,0.29150773002445557,19397.309162612797
581,TAIL,0.12274831817357461,0.0393861550909784,0.40394915242279905,14817.900658757942
582,EMP,0.1282811799779467,0.0254024961842698,0.15867572543006553,18570.917516765494
582,EVENT-EMP,0.1282811799779467,0.0269719191501252,0.18307370044089952,16086.95423408598
582,GEV,0.0056652427671492,0.0254025299565245,0.12157487034728054,11711.383821047222
582,KDE,0.0773061606854657,0.025402496167488,0.004868567084300574,28785.54529624184
582,TAIL,0.0254043194688556,0.0228826941936699,0.15046752866170776,10845.564319962325
583,EMP,0.22777185234037636,0.0431471168951483,0.2669790731078623,15492.207719632113
583,EVENT-EMP,0.22777185234037636,0.0330381666504265,0.263521075616939,13972.653393093498
583,GEV,0.0480681864824328,0.0431471220685973,0.2495315744330196,15913.53959637446
583,KDE,0.1612127831506533,0.0431471168949898,0.16056496182865415,28785.54529624184
583,TAIL,0.0409733064939512,0.0248733153720849,0.17518631282308422,10812.126416138062
584,EMP,0.1241260338388932,0.0023178972295947,0.0753384541754433,9221.094275369205
584,EVENT-EMP,0.1241260338388932,0.0169107545508769,0.14984958686250677,13499.961548449368
584,GEV,0.0997378312193848,0.0023374464307891,0.03999081736937652,2549.9351578577316
584,KDE,0.17949763706734,0.0023178906535919,0.23792810233111097,10036.11448167906
584,TAIL,0.03339726951496,0.0169667570169234,0.13413948542449214,13499.961548449368
585,EMP,0.1132480832485122,0.0024209155783256,0.08524424748185543,8360.287164343728
585,EVENT-EMP,0.1132480832485122,0.0064020810338511,0.07208381960634486,1321.2825913782128
585,GEV,0.1867375503896702,0.0025422158772776,0.1365305020726905,10036.11448167906
585,KDE,0.1712733997908386,0.0024209025502961,0.34751301666246387,10036.11448167906
585,TAIL,0.0428295270642604,0.0178118005340263,0.15723667228669727,8896.860586769879
586,EMP,0.001853976114807,0.0736577735619813,0.4626558919269088,14051.307577571417
586,EVENT-EMP,0.001853976114807,0.0402550801184328,0.31376173184664696,13499.961548449368
586,GEV,0.0802656401935741,0.0736577038232463,0.4910184031581508,14158.137396410935
586,KDE,0.050630305073593,0.0736577735634926,0.6894396154041754,14817.900658757942
586,TAIL,0.0834790878610165,0.0453629704079123,0.3791943342723132,14817.900658757942
587,EMP,0.0277819575026007,0.007452100719042799,0.1781856211527232,3227.451595176839
587,EVENT-EMP,0.0277819575026007,0.0103092321831641,0.1845854623867872,7999.7791013503465
587,GEV,0.0175746408403106,0.007452276676219099,0.12936724987641424,3747.0755803745446
587,KDE,0.0175992355728969,0.0074521007080853,0.022342559440516635,1612.8383782391127
587,TAIL,0.0671395651513479,0.0067144285431012,0.12155774575647148,3182.3825221163115
588,EMP,0.1079000361995466,0.0024480002275496,0.02124659420498339,761.9588108532546
588,EVENT-EMP,0.1079000361995466,0.030697041832341905,0.29926088380235033,14817.900658757942
588,GEV,0.0325215048832149,0.0024480002275498,0.036275177067597135,3428.4298422639777
588,KDE,0.05894544579948429,0.002448000014473,0.1551841851913941,10036.11448167906
588,TAIL,0.2762367672326406,0.0459679659375788,0.6287166183214059,14817.900658757942
589,EMP,0.1206749366311989,0.0342089006914157,0.1934710685001996,34179.032910683505
589,EVENT-EMP,0.1206749366311989,0.026853405740914,0.19680976343387319,15394.256218323488
589,GEV,0.0336985119186762,0.0342200486176938,0.18591265624454112,18756.38560328198
589,KDE,0.0758380355594357,0.0342089006910252,0.07729296095516025,28785.54529624184
589,TAIL,0.1105984887352238,0.0268081405453102,0.29481992020252085,9163.782142451964
590,EMP,0.24961281686757072,0.0113067353937167,0.2710053510395325,27611.620939386492
590,EVENT-EMP,0.24961281686757072,0.0047214636313632,0.27773541743101965,14677.418905720631
590,GEV,0.2576757619967705,0.0113067353922222,0.2567690745900638,18678.021451022993
590,KDE,0.2115692097042749,0.0113067353937171,0.1680459801440957,19923.980148026618
590,TAIL,0.173630437947969,0.001256452244177,0.2395064072916896,5280.738174466002
591,EMP,0.0983134410506645,0.042742009005424,0.5477627999604245,14817.900658757942
591,EVENT-EMP,0.0983134410506645,0.0427979286167681,0.41269711705875284,14817.900658757942
591,GEV,0.0849114964068389,0.0427420090053419,0.544106453759804,14817.900658757942
591,KDE,0.0191909182538778,0.0427420155585714,0.7362112034804117,14817.900658757942
591,TAIL,0.1587634480196205,0.0416375220267302,0.4592940636602182,14817.900658757942
592,EMP,0.2961947653346481,0.0188729350346128,0.3036714660580095,8855.335456226021
592,EVENT-EMP,0.2961947653346481,0.0146667928901275,0.3368111404917929,8159.893350302242
592,GEV,0.1998153445838623,0.0188729350345714,0.28718747773089354,8793.607775499426
592,KDE,0.22579545834752407,0.0188729350346126,0.19358016387739352,9938.089753541784
592,TAIL,0.058718413149949494,0.006933255932989,0.1274657867769614,3187.296025522881
593,EMP,0.11993467692732142,0.0183221928708744,0.15462197021446195,28785.54529624184
593,EVENT-EMP,0.11993467692732142,0.0251083082925281,0.06984221369937954,28785.54529624184
593,GEV,0.1251763116675879,0.018323719724272,0.14305176372323192,28785.54529624184
593,KDE,0.0579364736455774,0.0183221873170884,0.30912966337734493,28785.54529624184
593,TAIL,0.018197089265597,0.027797908254671697,0.10400739750361408,13242.604120000886
594,EMP,0.189888865632028,0.0500251905018925,0.4659480975916823,27196.75413631058
594,EVENT-EMP,0.189888865632028,0.0581899681537033,0.4759608647082274,26645.40810718853
594,GEV,0.0815488648867764,0.0500278792531049,0.43748014101337057,21772.76716443834
594,KDE,0.1548736671171967,0.0500251905018927,0.38084063656504674,12680.118198407503
594,TAIL,0.195756910350686,0.05645246372581271,0.545744124110169,15338.248365445374
595,EMP,0.252800480607695,0.0257923642406353,0.14355256705000452,19991.414446610026
595,EVENT-EMP,0.252800480607695,0.0057725444058566,0.15482422450912792,10101.468950949817
595,GEV,0.1889899963630708,0.025792364243554,0.12385483701123887,15582.303192368192
595,KDE,0.1873425701979498,0.0257923642406353,0.16863653429013203,15420.20195723532
595,TAIL,0.0077156012615122,0.0150208293167206,0.06549315921778158,14051.307577571417
596,EMP,8.22828921746219e-05,0.0032537485974011,0.08467414069127026,6837.00686215185
596,EVENT-EMP,8.22828921746219e-05,0.018884774004276,0.05974731908876788,19188.22243766021
596,GEV,0.1553294895553249,0.0033021100792101,0.11464450075292805,10036.11448167906
596,KDE,0.0538417095358419,0.0032537480597586,0.281711071244277,10036.11448167906
596,TAIL,0.0768562050658159,0.028900816487386,0.25327148377394265,10257.140527607873
597,EMP,0.3385427425877106,0.0109591260824869,0.40543782388684846,10465.851944934577
597,EVENT-EMP,0.3385427425877106,0.0261664960875682,0.49648497221218346,8186.1866167544695
597,GEV,0.3091591926194649,0.0109590502424484,0.39605456461451066,16828.416255400825
597,KDE,0.2755676157081561,0.0109591260824867,0.3079961505213221,17216.058071087737
597,TAIL,0.1985019878642612,0.0302664669801202,0.4336089873271587,8262.101135373427
598,EMP,0.2920272541386192,0.0420280331385366,0.4360695453338202,8324.607320911871
598,EVENT-EMP,0.2920272541386192,0.0366374073819184,0.4397942967783648,7993.333719607443
598,GEV,0.2128888352134831,0.0420280331400191,0.41145095610284493,8205.007464183494
598,KDE,0.2373054263695498,0.0420280331385366,0.33135452885760935,8002.446319598394
598,TAIL,0.0355292581889179,0.0275644802012343,0.17916267715224302,11574.709466691129
599,EMP,0.066894430287565,0.0527717052153053,0.3275418836226804,24550.406225685965
599,EVENT-EMP,0.066894430287565,0.0631098342213072,0.36348798191155374,27854.779101467382
599,GEV,0.0218939877818217,0.0527720844879163,0.27325548628445845,23042.634259361465
599,KDE,0.0217873053280925,0.0527717052083,0.1747314333458333,28785.54529624184
599,TAIL,0.1716368983348989,0.0690375788687597,0.5441275910289485,22111.98288829904
600,EMP,0.2674642676687016,0.0407542484515935,0.47718310177589907,12048.62831185603
600,EVENT-EMP,0.2674642676687016,0.0460884793441026,0.45657383067778784,12048.62831185603
600,GEV,0.1581794244263485,0.0407542484518466,0.45321472484570285,11896.247526037507
600,KDE,0.2122555735652472,0.0407542484515935,0.37630632214304316,9567.496167175783
600,TAIL,0.0677236518645194,0.0372255833920506,0.25719307510566586,12958.06510926038
601,EMP,0.0085090183509109,0.0559150990784545,0.8360728556622425,14817.900658757942
601,EVENT-EMP,0.0085090183509109,0.0915262133124857,0.9472189528923488,14817.900658757942
601,GEV,0.2169842477897404,0.055915082501455,0.8204705209664892,14817.900658757942
601,KDE,0.0800219220880942,0.0559154902976311,1.064769474951431,14817.900658757942
601,TAIL,0.3145604962633724,0.0841039914462885,0.948606775479375,14817.900658757942
602,EMP,0.2013803341450113,0.0436457277237468,0.4274235872666324,11857.835295984833
602,EVENT-EMP,0.2013803341450113,0.0407155460721739,0.434309555298553,10759.24014440272
602,GEV,0.1838064362684389,0.0436457277237462,0.38971871827972754,9123.245157620559
602,KDE,0.1625497391591466,0.043645727723739,0.30254464786368446,8830.849205689816
602,TAIL,0.1541506297881755,0.045711153182649,0.4400858673183911,12786.004677161574
603,EMP,0.1440122910337009,0.0045303810482509,0.05464278296068129,8906.8746598871
603,EVENT-EMP,0.1440122910337009,0.0303790663406317,0.13891057488379185,14930.698579384325
603,GEV,0.0496026420880107,0.0045400479672182,0.07330201318544574,4722.150232366804
603,KDE,0.1001401421141771,0.0045303810482424,0.07417883591280455,10036.11448167906
603,TAIL,0.0793580765063171,0.0344413253451633,0.27562527392241326,10945.571201502658
604,EMP,0.3057942350850504,0.0515308110056838,0.6256172806387071,70277.23042231012
604,EVENT-EMP,0.3057942350850504,0.0450351410345622,0.601985612226643,8143.969745971573
604,GEV,0.2384697477952805,0.0515308110056832,0.6010122701627362,12151.732142517343
604,KDE,0.2717664369000723,0.0515308110056838,0.5576072434800249,9728.929903446386
604,TAIL,0.1503436000844252,0.0381550319836546,0.4073853725077046,10760.304771154808
605,EMP,0.1804122220645814,0.0048632072668738,0.1483114210031322,10036.11448167906
605,EVENT-EMP,0.1804122220645814,0.0139075546696354,0.13881297034353246,14817.900658757942
605,GEV,0.0408655321309184,0.0048632005208849,0.12704069258757783,10036.11448167906
605,KDE,0.1105871996027732,0.0048632072799982,0.2905932709891768,10036.11448167906
605,TAIL,0.0011016974262082,0.0068704501052301,0.03643269166856419,2641.3506597043533
606,EMP,0.1144790203998337,0.0445159014988132,0.48245354537930996,14817.900658757942
606,EVENT-EMP,0.1144790203998337,0.0154643600892135,0.309948436759136,14817.900658757942
606,GEV,0.0830222964002361,0.0445159012679647,0.4618569099632405,14817.900658757942
606,KDE,0.0502122537901567,0.044515901713185,0.6564460632715515,14817.900658757942
606,TAIL,0.0846349823396453,0.015415092576096199,0.21190007803398164,14817.900658757942
607,EMP,0.24253193185778377,0.0040401721353568,0.25626081373733434,7072.675031233475
607,EVENT-EMP,0.24253193185778377,0.0106239326908237,0.2547706586348937,17202.93896459012
607,GEV,0.1356759835446224,0.004040172135358,0.24246670532714715,3518.14642560006
607,KDE,0.189772979509976,0.004040172135357,0.15390361113238415,5797.729198068588
607,TAIL,0.0584203706025705,0.0096923699356396,0.13532768429565412,7948.058855485173
608,EMP,0.00819169773881,0.0790221516257796,0.7511296438274625,31028.50436359768
608,EVENT-EMP,0.00819169773881,0.0531755529510056,0.575900690755078,14817.900658757942
608,GEV,0.0989595970384927,0.0790221516257561,0.779301022228229,14817.900658757942
608,KDE,0.0737192434048255,0.0790221659584252,0.9994124789836941,14817.900658757942
608,TAIL,0.2215327285334615,0.0536642565766095,0.6246730673714135,14817.900658757942
609,EMP,0.1490554506733377,0.0299115354600386,0.5668236741250234,14817.900658757942
609,EVENT-EMP,0.1490554506733377,0.0172842038475084,0.44994791485167795,14817.900658757942
609,GEV,0.3707106337690853,0.0294832181427246,0.5529692843677805,14817.900658757942
609,KDE,0.2145718840407168,0.029911747136247495,0.820776683432271,14817.900658757942
609,TAIL,0.0303477317796932,0.0057079542364129,0.017471026383764455,850.4797911302499
610,EMP,0.1489879385842458,0.0302170109798052,0.3680031486278328,14817.900658757942
610,EVENT-EMP,0.1489879385842458,0.0218020492878924,0.2970063728065951,14817.900658757942
610,GEV,0.191144841396787,0.0302108840048866,0.4229392715223198,14817.900658757942
610,KDE,0.2098421816663168,0.0302170665720623,0.6456369556839955,14817.900658757942
610,TAIL,0.175062106918853,0.0246262549270534,0.3543977088714234,14817.900658757942
611,EMP,0.0983894684832483,0.0512926251472942,0.38741337877131865,14202.778338614748
611,EVENT-EMP,0.0983894684832483,0.0342500706068122,0.27610901460426085,14817.900658757942
611,GEV,0.0245619731120644,0.0512926251474504,0.3941633753985252,14604.79627220995
611,KDE,0.0500369680661181,0.0512926252066811,0.552193929302253,14817.900658757942
611,TAIL,0.0187446877317647,0.0332578693350071,0.21742149157645382,14051.307577571417
612,EMP,0.0744589357372854,0.0055874003528349,0.05063071084375308,3999.832479628941
612,EVENT-EMP,0.0744589357372854,0.014950441704486402,0.13400250653802923,13499.961548449368
612,GEV,0.0681525224117757,0.0055842864663371,0.05092680252468657,2074.0993050928746
612,KDE,0.0088735146661709,0.0055874003932699,0.22168553812499858,10036.11448167906
612,TAIL,0.0385675306851337,0.014622708396205898,0.12865223123819391,13499.961548449368
613,EMP,0.0826765811509234,0.0825269696882499,0.6729262213357843,14817.900658757942
613,EVENT-EMP,0.0826765811509234,0.0870731556811254,0.7362533699750655,58798.596059438045
613,GEV,0.0597812569053274,0.0825269696882124,0.6781498509131607,20424.92950638632
613,KDE,0.019178576681179,0.0825269696945021,0.865387013048164,14817.900658757942
613,TAIL,0.2950023057856643,0.1017584634232859,1.0613090935255387,14817.900658757942
614,EMP,0.1024568408065651,0.06128739519849221,0.5845644865780772,14817.900658757942
614,EVENT-EMP,0.1024568408065651,0.0631349475807665,0.625759083770736,14817.900658757942
614,GEV,0.227851017966666,0.061279225325605896,0.6355011636356879,14817.900658757942
614,KDE,0.164575290099482,0.0612874309854416,0.897460536957619,14817.900658757942
614,TAIL,0.2029788682679619,0.0663226620979353,0.6744192042075926,14817.900658757942
615,EMP,0.0252671230781064,0.0902754643893166,1.0887058908651817,14817.900658757942
615,EVENT-EMP,0.0252671230781064,0.1036441407189914,1.2317585361157182,14817.900658757942
615,GEV,0.22855714468958707,0.0902754642934404,1.1391753636714284,14817.900658757942
615,KDE,0.11559344732451152,0.0902772131002635,1.3855033172315134,14817.900658757942
615,TAIL,0.382024082044711,0.0966001201744077,1.117046836614358,14817.900658757942
616,EMP,0.109841961231735,0.0546959801202312,0.4022745925685508,14051.307577571417
616,EVENT-EMP,0.109841961231735,0.0360773694922639,0.32599659944537795,14817.900658757942
616,GEV,0.1448773730378739,0.0546914477060892,0.4237085636047697,14051.307577571417
616,KDE,0.0243927329713785,0.05469598021054,0.6439868449039995,14817.900658757942
616,TAIL,0.1348526849940813,0.0461221867170541,0.45745510450112714,14817.900658757942
617,EMP,0.1903246733553404,0.015160246045235502,0.22246441614490806,14817.900658757942
617,EVENT-EMP,0.1903246733553404,0.013000263370415,0.13299453831017327,14051.307577571417
617,GEV,0.1294532741886984,0.0151602461074801,0.21079848174361668,14817.900658757942
617,KDE,0.1313841568843923,0.0151602463953162,0.3373995652682223,14817.900658757942
617,TAIL,0.0135760107993868,0.0006303441040413,0.018000477345601923,558.9468320494311
618,EMP,0.23627881351297614,0.0495965352892845,0.4514022670796243,13889.415791173466
618,EVENT-EMP,0.23627881351297614,0.0519734052567062,0.4951396356245081,12463.291700918538
618,GEV,0.1525795272694578,0.0495965352892827,0.4191669848632993,13010.702308086367
618,KDE,0.1956144024917972,0.0495965352892845,0.35554161966651887,9864.687947998444
618,TAIL,0.135164780833675,0.0444745579015476,0.4034438352925693,12875.371499953173
619,EMP,0.188828682800545,0.0384541601320547,0.25621029746244417,14051.307577571417
619,EVENT-EMP,0.188828682800545,0.0284745393747893,0.15831617831214437,14051.307577571417
619,GEV,0.0652622950587897,0.0384541601320555,0.27401175600151834,14051.307577571417
619,KDE,0.1151911465153349,0.0384541601385754,0.41308193011110395,14817.900658757942
619,TAIL,0.0714424887806494,0.0329089746754756,0.30937798886805595,14817.900658757942
620,EMP,0.1713881738052546,0.0089340111995667,0.2234843045898814,8555.64805274581
620,EVENT-EMP,0.1713881738052546,0.0044565312283985,0.09011640175696625,3338.5240393320305
620,GEV,0.0676651762027177,0.0089340129246005,0.19205299335310114,8052.693000144635
620,KDE,0.1321526535764964,0.0089340111995665,0.09167121699430338,8436.46053328303
620,TAIL,0.0735974674230489,0.0010552460128332,0.11807780247857767,3363.7892312080494
621,EMP,0.3613214852693959,0.052473406856006,0.6289451398750449,8695.915640746865
621,EVENT-EMP,0.3613214852693959,0.058398686055196505,0.6742904177011066,65784.34837335887
621,GEV,0.321092960772433,0.0524734068690794,0.6333905207524052,7905.545624910234
621,KDE,0.305768695690827,0.0524734068560058,0.5576587878062111,7902.885854684748
621,TAIL,0.1963871351255964,0.057303460765782105,0.5443476303950603,15416.158296571424
622,EMP,0.2954401472041928,0.0685391169857678,0.628295113480482,92285.62941609985
622,EVENT-EMP,0.2954401472041928,0.0742928067037157,0.6524617172030551,93355.30625452536
622,GEV,0.1654096195661738,0.0685391732854797,0.5968078612488943,90710.5314728361
622,KDE,0.2525928441104949,0.0685391169857678,0.5622523062839095,18993.20527854531
622,TAIL,0.2848990149118454,0.0683028012105047,0.7137982701515199,75463.052968245
623,EMP,0.1356120311470186,0.0083077466988271,0.10524855235221106,19950.250312711112
623,EVENT-EMP,0.1356120311470186,0.0082559498796306,0.11464657073060867,15914.982459286744
623,GEV,0.146443102290831,0.0083077466988671,0.07387826866731682,9468.657028604091
623,KDE,0.093985587470427,0.0083077466990588,0.13402696664759045,14051.307577571417
623,TAIL,0.0866538268799056,0.0074986618868482,0.049337832576247284,1791.2984861760503
624,EMP,0.0248300603947953,0.0085323917804181,0.1401522287948184,9411.173470057547
624,EVENT-EMP,0.0248300603947953,0.0016927289853754,0.1215925506845358,4012.0447592454857
624,GEV,0.0345755516653453,0.0085323928556684,0.09746524034738281,8026.597538734165
624,KDE,0.0210761186998966,0.0085323917746709,0.040324444325304756,19447.884100056355
624,TAIL,0.2068514246579841,0.0436747071695185,0.5382132150942741,14817.900658757942
625,EMP,0.1986336761584947,0.0502462056753745,0.33367111394769916,18279.17271915513
625,EVENT-EMP,0.1986336761584947,0.0218431685626562,0.15115454632797715,14051.307577571417
625,GEV,0.0638127354998154,0.0502462056754216,0.32504388719340926,15143.747100526052
625,KDE,0.130247589296079,0.050246205675414,0.47244439690412576,14817.900658757942
625,TAIL,0.1621989518396138,0.0367957892277869,0.44960871553102294,14817.900658757942
626,EMP,0.283203300097515,0.0591898328416417,0.6800833700660996,68028.45477040153
626,EVENT-EMP,0.283203300097515,0.06231841513025901,0.6054069064751568,68028.45477040153
626,GEV,0.2738016353034699,0.0591898328416394,0.6614007719769935,70829.46954547738
626,KDE,0.2529758171385354,0.059189832841641504,0.5957670829164475,11288.78265172895
626,TAIL,0.1399999802902132,0.05835244267572529,0.45882236120949454,17863.90760988525
627,EMP,0.0908065515492267,0.0023516445797583,0.016169788326501656,241.4974088743329
627,EVENT-EMP,0.0908065515492267,0.0058431996091588,0.014069979286612723,2704.0887172407365
627,GEV,0.045570269393329,0.002352146705775,0.022733569193663386,1600.5386504780295
627,KDE,0.0432091232998538,0.0023516445099635,0.15605765913201447,10036.11448167906
627,TAIL,0.0797355398155186,0.0003549209222356,0.13995939854739523,10036.11448167906
628,EMP,0.22806485510510446,0.0109387678624606,0.05941061074550543,10542.21172294745
628,EVENT-EMP,0.22806485510510446,0.0102758473887119,0.04649055192010074,6032.530173321152
628,GEV,0.0709934238263827,0.0109387678624598,0.059572365685519345,8756.59074367024
628,KDE,0.1453241842895745,0.01093876786095,0.08914861026490607,19447.884100056355
628,TAIL,0.050749761336952,0.015052107890189601,0.14624184654912484,8362.382004580773
629,EMP,0.1681459427714828,0.0078019192979881,0.17898276635545596,7635.950144383953
629,EVENT-EMP,0.1681459427714828,0.0035117869186993994,0.09307651458696287,4363.33853132733
629,GEV,0.057542856498817706,0.007801865955600001,0.1573706640312486,3312.39565307171
629,KDE,0.129545771159456,0.007801919297988301,0.046953089915725284,2009.8517081354642
629,TAIL,0.0366237204373315,0.0056274915895928,0.08683900893285794,3202.854460173804
630,EMP,0.2173458313505276,0.0042697074856235,0.17399275559935792,3180.7134181005467
630,EVENT-EMP,0.2173458313505276,0.0156936377401172,0.24537798530776767,8245.95761276999
630,GEV,0.1053463667155792,0.0042697074856221,0.1310050128408957,3727.730627574544
630,KDE,0.1503386259229057,0.0042697074856182,0.04659234732863918,2094.720248757137
630,TAIL,0.1044542293568752,0.0164041970126742,0.2426783377014527,8084.659371646431
631,EMP,0.1926159917688158,0.0817063968647081,0.9170009124385076,14817.900658757942
631,EVENT-EMP,0.1926159917688158,0.047179241654878,0.722596260769896,14817.900658757942
631,GEV,0.3043490167836968,0.081699854535107,0.9457990798318998,14817.900658757942
631,KDE,0.2607834910416317,0.0817079179094674,1.239200863095838,14817.900658757942
631,TAIL,0.2442311875013733,0.035387787871791,0.5452724046604969,14817.900658757942
632,EMP,0.2444998229742147,0.0112181402233884,0.28483256440654153,9098.274823738262
632,EVENT-EMP,0.2444998229742147,0.0137432351825308,0.32758824343995824,11664.709350840189
632,GEV,0.1479791933998143,0.0112181402233888,0.2731028444026611,7984.699076442358
632,KDE,0.2023679236381438,0.0112181402233886,0.1889895854718801,9754.6868749174
632,TAIL,0.1723662845466056,0.0173193354233754,0.35425483454114326,7883.446864146739
633,EMP,0.3463681525884373,0.0550867243055252,0.7189061578663211,65085.772521636965
633,EVENT-EMP,0.3463681525884373,0.062672128298617,0.7475068236922982,68156.68022903304
633,GEV,0.331346333082312,0.0550867311236761,0.6974465238658296,65388.67761884009
633,KDE,0.3069536048054491,0.0550867243055252,0.6411423212191681,8143.805369938724
633,TAIL,0.1929860707536453,0.0534041032435251,0.532819491146244,14308.326134241497
634,EMP,0.397482921815006,0.0597306019703254,0.7292422910965153,14817.900658757942
634,EVENT-EMP,0.397482921815006,0.0667470178030253,0.755761736367377,14817.900658757942
634,GEV,0.51536758444431,0.05726560643163419,0.7538622378334003,14817.900658757942
634,KDE,0.47675217420887545,0.0597385428682239,1.2076241888672046,14817.900658757942
634,TAIL,0.24276187721709977,0.0602580934458581,0.7289831064768468,14817.900658757942
635,EMP,0.0413748292312997,0.0163718235169595,0.13942145553100246,10012.731275324712
635,EVENT-EMP,0.0413748292312997,0.0039403943223226,0.020200485944583513,1322.2822347284398
635,GEV,0.0469991878269973,0.0163731163135517,0.05695994155134068,11478.500111474967
635,KDE,0.0932915345486463,0.0163718226422564,0.1301278066634715,28785.54529624184
635,TAIL,0.0953530007043648,0.0068328091245081,0.09464071587048234,10036.11448167906
636,EMP,0.1629617474114066,0.0314004037349387,0.26534744718961467,14051.307577571417
636,EVENT-EMP,0.1629617474114066,0.0469136413715159,0.3837561606318678,14051.307577571417
636,GEV,0.1438555727926222,0.031397278288248,0.33634719628420556,14817.900658757942
636,KDE,0.2224082030815971,0.0314004531405926,0.5637084527774422,14817.900658757942
636,TAIL,0.1304576177824268,0.0461069127870139,0.4529091630143992,14817.900658757942
637,EMP,0.1869894635943153,0.015135161383859798,0.22413702746276487,10789.015577968212
637,EVENT-EMP,0.1869894635943153,0.0246031145766655,0.2756767110201321,7900.467932853848
637,GEV,0.1619261993225446,0.0151351613838596,0.20374455934334232,8702.154717903895
637,KDE,0.147474514812873,0.015135161383848898,0.10367268620257887,11317.171636014245
637,TAIL,0.1391596303846516,0.031183168546646895,0.35480628759934224,9369.011678093733
638,EMP,0.0579670944554401,0.0129896334119635,0.06560861135384079,18150.706236091133
638,EVENT-EMP,0.0579670944554401,0.0006299621416081,0.037681725833800465,1519.2255211020301
638,GEV,0.1057842739887086,0.0130035365560336,0.048818236930625765,8691.947544505612
638,KDE,0.0031553191989719,0.0129896331919643,0.1852486291667513,19447.884100056355
638,TAIL,0.1047047466928371,0.0168326694073147,0.2510748035344724,14817.900658757942
639,EMP,0.2134254290981284,0.0522940442264315,0.7971901751843112,14817.900658757942
639,EVENT-EMP,0.2134254290981284,0.0343949020441151,0.6542131243224039,14817.900658757942
639,GEV,0.4157668734854101,0.0520659690344331,0.8063217864251769,14817.900658757942
639,KDE,0.2849263680636321,0.0522962318606224,1.108192198237704,14817.900658757942
639,TAIL,0.0511847990818,0.0186131481100521,0.18095239231478433,14817.900658757942
640,EMP,0.0120263260974692,0.0338532580207327,0.4132328028188998,14817.900658757942
640,EVENT-EMP,0.0120263260974692,0.0378467519187267,0.4599272113449595,14817.900658757942
640,GEV,0.2127313182926759,0.0338436091482201,0.4696067149399178,14817.900658757942
640,KDE,0.0871835728271721,0.0338532845291014,0.6927790333383185,14817.900658757942
640,TAIL,0.2081796608519755,0.0366514282993184,0.5045613054330343,14817.900658757942
641,EMP,0.12095959655920512,0.0013391927574721,0.17737335071732133,5606.184740325643
641,EVENT-EMP,0.12095959655920512,0.0115810148921514,0.10250430310786302,11268.39743157559
641,GEV,0.0510093857006086,0.0013391778984366,0.14319366125066524,3180.755296737163
641,KDE,0.0815591588717793,0.0013391927574723,0.04150223668927988,1945.896635139982
641,TAIL,0.1507545844572137,0.0157819843903038,0.10263474500747796,13656.720654217423
642,EMP,0.2048512625957263,0.008689267638184,0.36116277888577086,8731.690405454798
642,EVENT-EMP,0.2048512625957263,0.031331236813376,0.41236109178377806,8713.857001618482
642,GEV,0.1687000958960396,0.0086892676381862,0.3328248368435926,8038.643698926084
642,KDE,0.1721440998555718,0.008689267638184,0.2557042104869374,9711.838841429291
642,TAIL,0.1601955654584949,0.0324658451823467,0.3884852197279962,9140.116705235094
643,EMP,0.0872942875373679,0.0519437150454107,0.6194388587212563,14817.900658757942
643,EVENT-EMP,0.0872942875373679,0.06242480656120781,0.7504231806300963,14817.900658757942
643,GEV,0.265408873821287,0.0519310548995465,0.6645284946627561,14817.900658757942
643,KDE,0.1501331765300365,0.0519438756796739,0.907808504918616,14817.900658757942
643,TAIL,0.2719855771614579,0.0564481837690418,0.7085111011205195,14817.900658757942
644,EMP,0.3156946704290733,0.0505308439607977,0.6410863286903281,69469.47531926508
644,EVENT-EMP,0.3156946704290733,0.0394577724180659,0.5459783794897084,7886.064800833973
644,GEV,0.2676396684205231,0.050530843960827,0.621121990861669,67794.18061648848
644,KDE,0.2821369209026508,0.0505308439607977,0.5675198027792088,9174.734279472694
644,TAIL,0.2018423972016169,0.0423659131681113,0.4917806645552397,10170.22332199663
645,EMP,0.2845564734135762,0.0325581022203943,0.29066664352734073,20556.437612080015
645,EVENT-EMP,0.2845564734135762,0.0005367509019297,0.13008610987976127,28110.011128471542
645,GEV,0.1616035463958049,0.0325581022203939,0.31511771939687105,8194.591238785535
645,KDE,0.2198106157140543,0.0325581022203825,0.20181774405623273,8699.292662727335
645,TAIL,0.066039280669418,0.0004337370045779,0.09621376399236525,3425.564505822853
646,EMP,0.0601820589503753,0.0275937537018962,0.2362176453661226,14183.045424861833
646,EVENT-EMP,0.0601820589503753,0.0102250064205835,0.14727518237716586,8571.498018833809
646,GEV,0.0628005785480472,0.027593753708356,0.18439890837912745,10312.758887284746
646,KDE,0.0147501949979858,0.0275937536831631,0.061826834593938534,28785.54529624184
646,TAIL,0.0591992825155681,0.0144968190490617,0.16688376190297782,8290.116294968562
647,EMP,0.1851853789225852,0.0090911799769722,0.07673872080844528,10221.43730163719
647,EVENT-EMP,0.1851853789225852,0.0008407528778053,0.07516456946225895,9473.397208237917
647,GEV,0.0523594675768283,0.0090911799769723,0.01665635094433439,6103.64238227014
647,KDE,0.12039523055055391,0.0090911799754863,0.13037223535600484,19447.884100056355
647,TAIL,0.0582712942115499,0.0051432989668874,0.11315446504218646,10036.11448167906
648,EMP,0.2651601321241263,0.0220707038704413,0.3660745152588547,8026.676611402693
648,EVENT-EMP,0.2651601321241263,0.031919970692634,0.4160879516972251,8328.795744914873
648,GEV,0.1962831712383376,0.0220707038704411,0.3359911411792243,8039.792321709606
648,KDE,0.2090261410254879,0.0220707038704405,0.2551328301668649,8809.1685655235
648,TAIL,0.0440057077482301,0.0223047248905421,0.17599439897158417,9036.455147628983
649,EMP,0.2138780396090439,0.0101108765738131,0.07651132816996713,19447.884100056355
649,EVENT-EMP,0.2138780396090439,0.015087976018102698,0.059667406666317535,7226.414731549721
649,GEV,0.056878322619049806,0.0101108765738121,0.032343440311598755,19447.884100056355
649,KDE,0.1444902803073333,0.0101108765053413,0.1612645281294966,19447.884100056355
649,TAIL,0.0575749227080644,0.0338598114495705,0.2093126042505326,11613.125868531875
650,EMP,0.23137852932529787,0.0141781996172599,0.0657635516252276,8918.167268083947
650,EVENT-EMP,0.23137852932529787,0.0123883330623587,0.07507998080785204,12346.561672015943
650,GEV,0.0801830636546607,0.014178199617215602,0.06246617936935691,10046.87792078923
650,KDE,0.1734005656432929,0.014178199617260297,0.10194666741331998,14051.307577571417
650,TAIL,0.0828005005937662,0.0121023022724407,0.04993591909784501,6800.815135883581
651,EMP,0.05578246428385839,0.025560990928218,0.3362097280568104,14357.640613084039
651,EVENT-EMP,0.05578246428385839,0.0207259888437656,0.21789509523345957,13226.632499681475
651,GEV,0.0537762479793293,0.0255616713617399,0.2952753103491969,11896.555400203602
651,KDE,0.014290020989098103,0.0255609909282046,0.17597359455932482,7519.1116071958095
651,TAIL,0.1071174480338518,0.0199544147568652,0.2523766706831092,8265.857227032693
652,EMP,0.1441167252830814,0.001753548881028,0.1319450028897257,3177.344399807561
652,EVENT-EMP,0.1441167252830814,0.015920610726557,0.17985501456674924,7969.335707032743
652,GEV,0.0767699245461808,0.0017535488810309998,0.09609095320414081,3510.6156820520346
652,KDE,0.0996306281641423,0.0017535488810174,0.05087413189415466,3070.900301036218
652,TAIL,0.0030434125158583,0.0128309851876469,0.0751641830883491,9702.961920054318
653,EMP,0.23106622855395986,0.0445679442287498,0.808645850269857,14817.900658757942
653,EVENT-EMP,0.23106622855395986,0.0431379180538478,0.7679492957677091,14817.900658757942
653,GEV,0.4269612860576697,0.0443458129340029,0.8050820492903923,14817.900658757942
653,KDE,0.3040020265380408,0.0445723678096811,1.1187772283349287,14817.900658757942
653,TAIL,0.1067037161245382,0.0190985418253054,0.26913925294761604,14817.900658757942
654,EMP,0.2637633484583651,0.029344504090162,0.4398799986775473,9849.938791334009
654,EVENT-EMP,0.2637633484583651,0.0358449942257415,0.44885135125579684,9488.954923413694
654,GEV,0.129725223999899,0.029344507247634696,0.4127176277371694,10723.086245498
654,KDE,0.2188762200283508,0.0293445040901618,0.3511515808247229,8307.20625613071
654,TAIL,0.189925978413059,0.0377560030568024,0.47522178772218887,9906.281252151044
655,EMP,0.0170779949893831,0.027895425861515402,0.23739962164005945,24965.436642306548
655,EVENT-EMP,0.0170779949893831,0.0257352793836903,0.20474070890779753,18085.278103502158
655,GEV,0.0718320214208519,0.0281321497692405,0.20429856323727633,21090.432210081257
655,KDE,0.0640290252074591,0.027895425859818704,0.07249251135671955,28785.54529624184
655,TAIL,0.1235805108293899,0.0236499604201411,0.3053721012412091,8577.15217276104
656,EMP,0.1271867199018841,0.009264119891794,0.0392383979413113,5383.807505602431
656,EVENT-EMP,0.1271867199018841,0.0096501550235523,0.06328459365064627,7048.5860023940395
656,GEV,0.05670952738324629,0.0092624701138965,0.055710020678709275,7342.744021038317
656,KDE,0.0785382438340141,0.0092641198920677,0.20449336206347443,14817.900658757942
656,TAIL,0.0299387247533619,0.0065072864842347,0.01603092876235538,844.407298302485
657,EMP,0.22421044410720808,0.0198633302479029,0.3807625282712003,9972.965222337903
657,EVENT-EMP,0.22421044410720808,0.0125088512424159,0.3810748643555983,10062.038425647965
657,GEV,0.1635307569937211,0.0198633302479038,0.3584551925676698,7983.004322444399
657,KDE,0.190176495198332,0.0198633302479029,0.2797042557268729,8115.423080968671
657,TAIL,0.1633008312229806,0.0108773196385699,0.3142550200188672,7995.1424929496525
658,EMP,0.1819792979631568,0.0684551429475742,0.8784804405298612,14817.900658757942
658,EVENT-EMP,0.1819792979631568,0.0656918429836435,0.7626042853837993,14817.900658757942
658,GEV,0.3038271860055256,0.0684490292982696,0.8836082051728112,14817.900658757942
658,KDE,0.2498923819173646,0.0684557252967382,1.171227689180038,14817.900658757942
658,TAIL,0.1657247992226448,0.0624476387692619,0.6241373973666016,14817.900658757942
659,EMP,0.24793783843090772,0.1101668691818456,1.1330535447644938,14817.900658757942
659,EVENT-EMP,0.24793783843090772,0.0761967925571827,0.9448785278516707,14817.900658757942
659,GEV,0.516043311545213,0.1093583474021546,1.1478866949093072,14817.900658757942
659,KDE,0.3214036452904217,0.1101679383733645,1.5561845723944971,14817.900658757942
659,TAIL,0.47772571493770755,0.0948765876644283,1.2065614321681934,14817.900658757942
660,EMP,0.11902523252708311,0.0196678634371305,0.20457298088154366,14817.900658757942
660,EVENT-EMP,0.11902523252708311,0.02589146555626,0.22213335183699812,17134.846025369854
660,GEV,0.0200598302364876,0.019667863437131,0.20912662303623336,14817.900658757942
660,KDE,0.0695290398519125,0.0196678635645143,0.35758251858613815,14817.900658757942
660,TAIL,0.1505701526481876,0.0365666808993099,0.44439210507085913,14817.900658757942
661,EMP,0.24503278990598754,0.039159569110496,0.4358865334788788,9858.091862786252
661,EVENT-EMP,0.24503278990598754,0.0360607679764467,0.4738977310615142,9416.989560464086
661,GEV,0.2005500580651602,0.0391595691104956,0.4318166464364055,8717.090973748205
661,KDE,0.2101606515251682,0.0391595691104958,0.3460140166006239,8085.573122779218
661,TAIL,0.1124942275132025,0.0364961068988216,0.34116556234162515,11303.571570469687
662,EMP,0.3483149362151179,0.0817905789670328,0.7694955814530822,83672.10560592885
662,EVENT-EMP,0.3483149362151179,0.0826763665140656,0.76577984659588,78605.55976843875
662,GEV,0.288264425747974,0.081790578967032,0.7608545749401494,85728.37773070608
662,KDE,0.3095939242303994,0.0817905789670328,0.7233966726931484,81436.17390226573
662,TAIL,0.2542316835160992,0.0790649500286106,0.7008215499308326,86085.0615764546
663,EMP,0.242267549285403,0.0194503247894488,0.30635679007119737,14546.957575727874
663,EVENT-EMP,0.242267549285403,0.0138074040479594,0.34466801640907685,14868.53685090846
663,GEV,0.1921122394799834,0.0194503247897957,0.28751797318654426,8471.086362220347
663,KDE,0.1988583112807133,0.0194503247894486,0.19744180454621124,10670.25609228636
663,TAIL,0.0910027031550639,0.0124415957309802,0.20956075918862932,7972.463927293196
664,EMP,0.121819801499076,0.0205425196995054,0.1020722607977345,29343.276794349775
664,EVENT-EMP,0.121819801499076,0.0003210235706207,0.043445240681402375,7384.310366810507
664,GEV,0.1002514085952208,0.0206010204817489,0.09892269664484726,16473.836067175183
664,KDE,0.06214067328388159,0.0205425196455713,0.09780952502050753,28785.54529624184
664,TAIL,0.1025256869918339,0.0033405623056813,0.11444121693573885,4356.4111416851065
665,EMP,0.2595137114148302,0.0226377479972909,0.38159658226221427,11728.196085817493
665,EVENT-EMP,0.2595137114148302,0.0269140340855458,0.34186146800588096,9606.829118358282
665,GEV,0.1109076895611946,0.0226377743088316,0.3725946450073263,9896.178119816506
665,KDE,0.2038973756872225,0.0226377479972907,0.29331640757766947,7948.27418102355
665,TAIL,0.0728980375719392,0.0233575487041906,0.21074760011126162,9069.226772968039
666,EMP,0.0896050119823071,0.0184416294210334,0.22325312494417304,14817.900658757942
666,EVENT-EMP,0.0896050119823071,0.0062940469411801,0.11819455617588025,10036.11448167906
666,GEV,0.016438934395321,0.0184416294210323,0.26841843630132023,14817.900658757942
666,KDE,0.0333579049573239,0.0184416314458995,0.41665851750185684,14817.900658757942
666,TAIL,0.0468100720381732,0.0037322921210649,0.11375852691623499,10036.11448167906
667,EMP,0.1107895802624337,0.0044870411943247,0.15734809138301703,10036.11448167906
667,EVENT-EMP,0.1107895802624337,0.0002721291259683,0.11104719182681104,10036.11448167906
667,GEV,0.1652741211496565,0.0045135966967487,0.1650188484992547,10036.11448167906
667,KDE,0.0281805172322309,0.0044870403484486,0.3436408415365623,10036.11448167906
667,TAIL,0.0524703948620414,5.133115419215496e-05,0.07482323535487911,3371.612452470387
668,EMP,0.2194281524155381,0.0723367267185788,0.6781762250448827,82034.48763151799
668,EVENT-EMP,0.2194281524155381,0.06106276066049059,0.6884567397634301,71622.68138623817
668,GEV,0.2207332348003884,0.0723367267185915,0.655227574038994,85887.10432574691
668,KDE,0.189391152860917,0.0723367267185788,0.6023615854247604,75595.16902337845
668,TAIL,0.2338689639443698,0.0555611625018084,0.6031278381605735,72187.9956899691
669,EMP,0.2485589716964027,0.0283477892534102,0.48418872242873906,15920.19285618669
669,EVENT-EMP,0.2485589716964027,0.017228118644675,0.3498107461498213,8062.018592044092
669,GEV,0.151535595799191,0.0283477905307633,0.455012495053937,10275.90457464972
669,KDE,0.215704975162369,0.0283477892534101,0.3937235616923448,8295.041890754364
669,TAIL,0.1813478166092589,0.0188385242803886,0.36926443791836666,7883.356964137095
670,EMP,0.1369897800728167,0.0346566116393547,0.6624892917112132,14817.900658757942
670,EVENT-EMP,0.1369897800728167,0.0447367597156676,0.7186024627340349,14817.900658757942
670,GEV,0.2111216896119581,0.034655938635079,0.5899319295030557,14817.900658757942
670,KDE,0.0166985645912419,0.034656663482749,0.8528697719607176,14817.900658757942
670,TAIL,0.1784522521057608,0.0423709901481518,0.49947391645663886,14817.900658757942
671,EMP,0.0346143504752472,0.014251843956613799,0.23860282405913313,14817.900658757942
671,EVENT-EMP,0.0346143504752472,0.0335471730349947,0.3020068012597583,14817.900658757942
671,GEV,0.212598301323677,0.014165249066803899,0.26867534606959176,14817.900658757942
671,KDE,0.0901794351817904,0.014251845756032298,0.45822969620712445,14817.900658757942
671,TAIL,0.0188006790432914,0.0314063921908039,0.19899226794185382,14051.307577571417
672,EMP,0.1700002260037844,0.0062958832063277,0.02200745997691221,2393.1100397987498
672,EVENT-EMP,0.1700002260037844,0.016992413267621,0.14460816986549666,14051.307577571417
672,GEV,0.0425512178647184,0.0062958832063275,0.04947449540735932,2967.053864901989
672,KDE,0.11263732105781002,0.0062958832164162,0.173079506956474,10036.11448167906
672,TAIL,0.1137845596618825,0.0174977116834385,0.2999807215660837,14817.900658757942
673,EMP,0.3592893944462511,0.0412390804942121,0.7258059360725402,64769.695337588586
673,EVENT-EMP,0.3592893944462511,0.0539145603976134,0.749610804479866,65044.80484227712
673,GEV,0.3246844870985342,0.04123908049423,0.7034447715235375,65136.293142759554
673,KDE,0.3197218884035041,0.0412390804942119,0.6572323806472077,64757.53521497175
673,TAIL,0.2900484848940079,0.06135395253022421,0.6969591808328103,70960.99095501585
674,EMP,0.3020814287223081,0.053055824287238,0.5545992575765645,19259.28700689692
674,EVENT-EMP,0.3020814287223081,0.0541491390895521,0.5883210946748227,11525.522931104215
674,GEV,0.23374511855337593,0.053055824287238,0.539334908204935,10627.13403218519
674,KDE,0.2537659996634188,0.053055824287238,0.47698630031629285,9097.389273268482
674,TAIL,0.2241685759855511,0.05568087831620569,0.5767920621925212,13400.84113729714
675,EMP,0.2703667767514645,0.0286092815458232,0.38065723745726593,16454.67205869996
675,EVENT-EMP,0.2703667767514645,0.0470434531245156,0.4356135103475163,16454.67205869996
675,GEV,0.1096600776861491,0.0286092990169485,0.38020595549528,11034.475176501088
675,KDE,0.2196197165633319,0.0286092815458233,0.3030436414860568,8672.160083432993
675,TAIL,0.179131545526253,0.0471061456094203,0.4900891129101136,12609.70299826935
676,EMP,0.0411241163739276,0.0133638017118385,0.13786340954368997,14051.307577571417
676,EVENT-EMP,0.0411241163739276,0.0394657463057829,0.31764871209549095,22676.831498363365
676,GEV,0.068426250366423,0.0133638017118597,0.15698609985132592,14817.900658757942
676,KDE,0.0082739615210441,0.0133638019644479,0.304576775777077,14817.900658757942
676,TAIL,0.3820911302237696,0.0661492076470973,0.8967804469737009,14817.900658757942
677,EMP,0.1541763820268474,0.0395983681234919,0.19279941942709555,17144.6011303893
677,EVENT-EMP,0.1541763820268474,0.0250472133187469,0.06721846947208421,11784.309101317698
677,GEV,0.0116745256017728,0.0395983876505519,0.16618459162464766,15471.872455236813
677,KDE,0.0979594608656573,0.0395983680646628,0.037473918607103224,28785.54529624184
677,TAIL,0.0135244919098001,0.0272857563513827,0.1481769881808792,12144.423441481465
678,EMP,0.2506617095056762,0.0339510957127927,0.44534642805593994,9258.340504207648
678,EVENT-EMP,0.2506617095056762,0.0481107022182644,0.4851343837597175,9258.340504207648
678,GEV,0.1702629340078018,0.0339510957127921,0.4146121479037779,9283.240186716119
678,KDE,0.1941245522546932,0.0339510957127927,0.32672184964034723,8075.933023568243
678,TAIL,0.194627930761522,0.0498647316158535,0.5181521907888094,12781.624252141144
679,EMP,0.1919122377948997,0.0342936351086561,0.38990356152774575,8145.769745935376
679,EVENT-EMP,0.1919122377948997,0.0390876052327294,0.4357362133983658,8150.236898035742
679,GEV,0.1595166278516318,0.0342936351086728,0.34947527660150196,8741.863586699279
679,KDE,0.1543290542718831,0.0342936351086555,0.26042828349199526,7365.511362415117
679,TAIL,0.1540350209378156,0.0391415186904514,0.4230350845920036,11069.509113316426
680,EMP,0.2798048278148636,0.0249578103414058,0.4803023720880168,7934.569586678408
680,EVENT-EMP,0.2798048278148636,0.0351862867507151,0.5042345158436177,7934.569586678408
680,GEV,0.2079148545484306,0.024957810341395,0.46045769909624756,8058.544695784648
680,KDE,0.24384839723186444,0.0249578103414058,0.3976611107560624,8009.15997348136
680,TAIL,0.1632897805374962,0.0324435182624181,0.4041605015117749,9262.435463892296
681,EMP,0.2236801501758076,0.0099069081214993,0.26300982020855,7965.616463638532
681,EVENT-EMP,0.2236801501758076,0.002801640102567,0.2236793229749835,5291.641980239708
681,GEV,0.1373744400734736,0.0099069081215007,0.23170891657201606,8085.091496341242
681,KDE,0.1783332884034162,0.0099069081214993,0.1431397503863732,9591.869515195178
681,TAIL,0.069268260582081,0.0221862943799944,0.21938292663893114,14817.900658757942
682,EMP,0.1802274565031228,0.033673556563632,0.4414316937999369,20313.709378799733
682,EVENT-EMP,0.1802274565031228,0.0435361063604338,0.47116304593905006,20313.709378799733
682,GEV,0.1136736439148276,0.0336736633756555,0.4241555201617293,12897.707972960547
682,KDE,0.1466811289682445,0.0336735565636318,0.3576989847721065,8568.061451184252
682,TAIL,0.1869858697549741,0.0362372990203635,0.4651011415209164,9668.412111884296
683,EMP,0.130901907550398,0.0176666320163995,0.14537223316018244,8557.79929723808
683,EVENT-EMP,0.130901907550398,0.009276144731267,0.0645815994104869,11910.503699267283
683,GEV,0.0674245025517336,0.0176666320163989,0.10443725751422198,8729.467924445868
683,KDE,0.0869024695154843,0.0176666320147966,0.0403213292716518,28785.54529624184
683,TAIL,0.0523993177986576,0.0023923232730412,0.06437555798920655,3483.3553253954483
684,EMP,0.3060258877424325,0.0220451717836992,0.533716049901917,7894.120909624112
684,EVENT-EMP,0.3060258877424325,0.0389489269025661,0.5591996018485177,8111.551626030666
684,GEV,0.2664535520161206,0.0220451717837404,0.5035761079016989,8215.347021182068
684,KDE,0.263852906816249,0.022045171783699,0.43655586076288183,8507.078242424875
684,TAIL,0.2598579907636155,0.0417936564426371,0.5704171632442744,8656.079527513124
685,EMP,0.0110830843052663,0.0371082538549479,0.16980701748417212,14051.307577571417
685,EVENT-EMP,0.0110830843052663,0.0235649838901962,0.16688422756544355,14051.307577571417
685,GEV,0.1108779994347743,0.037095384066656,0.21711341025310174,14051.307577571417
685,KDE,0.0605957567343925,0.0371082538853946,0.40897626764965356,14817.900658757942
685,TAIL,0.002255352203646,0.0131176679626894,0.06382358420653028,7621.18532385853
686,EMP,0.2208067283917477,0.0387000979619424,0.4763850753157503,14988.744807419987
686,EVENT-EMP,0.2208067283917477,0.0482361581450844,0.5261175169840526,18862.669511833537
686,GEV,0.1956831385591157,0.0387000979619488,0.46472810299867895,9481.702179341888
686,KDE,0.1879298856167412,0.0387000979619424,0.39364755540703733,8017.1558779571205
686,TAIL,0.12040618864312799,0.0436165217115007,0.3808060537584736,13254.738318494521
687,EMP,0.3017846772860195,0.061760281756001706,0.7255967374318287,82935.2194183949
687,EVENT-EMP,0.3017846772860195,0.061235776016168794,0.7088104096525984,75935.53388765868
687,GEV,0.23280174844418816,0.06176028392309991,0.7031972924274599,82534.24353274082
687,KDE,0.2683328187428618,0.0617602817560019,0.667049122339296,75253.30444032823
687,TAIL,0.3005566225226662,0.055926220917559694,0.7045089983177343,68944.26110492564
688,EMP,0.1517681804318771,0.0048515026419883,0.04444484212900932,3602.041866986288
688,EVENT-EMP,0.1517681804318771,0.0011534891448454,0.051192375679784505,7753.020891824323
688,GEV,0.0422316620208471,0.0048515026419881,0.05435595353210233,2399.8701251551715
688,KDE,0.0871290681776201,0.0048515026446719,0.1778794227535415,10036.11448167906
688,TAIL,0.12150784466194721,0.0193341328194213,0.2873572309434724,8203.47508612182
689,EMP,0.1879419007180596,0.030406840823417,0.15577100797533106,18482.869080404027
689,EVENT-EMP,0.1879419007180596,0.0210398505568577,0.1261011019864008,20356.089736851864
689,GEV,0.1584699070103788,0.0304068408236163,0.13405359260736502,14051.307577571417
689,KDE,0.1467469099351597,0.030406840823417,0.2179861844370489,16097.368768759072
689,TAIL,0.0320275517651134,0.0216006104554837,0.08417418983486498,14051.307577571417
690,EMP,0.2177499917825239,0.0084805546144081,0.09159620491593871,14817.900658757942
690,EVENT-EMP,0.2177499917825239,0.02422955897384,0.15018770874361337,14051.307577571417
690,GEV,0.0317360092345178,0.0084805546143905,0.06249128139030196,14051.307577571417
690,KDE,0.1388152403840573,0.0084805546153696,0.20149293436479676,14817.900658757942
690,TAIL,0.0116140558652095,0.0207006560026661,0.10946529504366337,14051.307577571417
691,EMP,0.18433708279768,0.0084098163858233,0.05263746605726271,5625.985303263904
691,EVENT-EMP,0.18433708279768,0.0293704443283587,0.17736967359952302,15220.633452070773
691,GEV,0.048416569237909,0.0084098163776648,0.029781633151423736,5901.08447445391
691,KDE,0.1372787841910957,0.0084098163858307,0.11932829278810694,14817.900658757942
691,TAIL,0.1127794218390762,0.0362620158729941,0.3779937953425805,14817.900658757942
692,EMP,0.2888562548103052,0.0233580204375005,0.13918700125548053,45289.6051914724
692,EVENT-EMP,0.2888562548103052,0.0066960083100624,0.13725099995961265,14207.468041326436
692,GEV,0.2093277242933085,0.023358020440682,0.12893034227440883,16654.74412690755
692,KDE,0.2144552107916121,0.0233580204375005,0.16686074931504205,15771.54263071219
692,TAIL,0.028092857938077705,0.0050724698472796,0.015422607351820765,762.0718855698491
693,EMP,0.24910275969939658,0.0159696268642925,0.14358399376306302,8633.356590470195
693,EVENT-EMP,0.24910275969939658,0.0278318461257714,0.3280409222874191,14817.900658757942
693,GEV,0.2269091638535442,0.0156196184193061,0.20975844064024324,14817.900658757942
693,KDE,0.3131654126405816,0.015970020106589,0.5100429234398501,14817.900658757942
693,TAIL,0.0702681186469045,0.0161700550768101,0.18775291452891568,14817.900658757942
694,EMP,0.1948517549903742,0.0179405973764288,0.06538245207798214,7756.144048850052
694,EVENT-EMP,0.1948517549903742,0.0176314636320879,0.08128367073535664,9395.695446495381
694,GEV,0.1051661739884741,0.017940597376429,0.07864822491134606,9414.27807933061
694,KDE,0.1436116210638993,0.017940597376442,0.17143466840629676,14051.307577571417
694,TAIL,0.3103477696699956,0.057211272487262294,0.7715394795409493,14817.900658757942
695,EMP,0.1360861862387412,0.024773522747395,0.26388016201405684,14817.900658757942
695,EVENT-EMP,0.1360861862387412,0.0135905758769225,0.12594907008685424,14817.900658757942
695,GEV,0.0102923743055048,0.0247735227473848,0.3082996426671325,14817.900658757942
695,KDE,0.056210718479279304,0.0247735233649154,0.456672979430526,14817.900658757942
695,TAIL,0.0219223968944467,0.0108637863540462,0.027066300656624066,7596.7888334260015
696,EMP,0.1400072171861257,0.0031045282170191,0.0804457263818815,10036.11448167906
696,EVENT-EMP,0.1400072171861257,0.0114474476728779,0.21509855099390823,14817.900658757942
696,GEV,0.0134559113053919,0.0031045282171876,0.05809049503343611,10036.11448167906
696,KDE,0.0910931711357763,0.0031045275354741,0.1980670993245381,10036.11448167906
696,TAIL,0.0872635269492041,0.0079757872466771,0.1778964675362688,10036.11448167906
697,EMP,0.1949015032856335,0.0686177803793215,0.5980209102115687,14817.900658757942
697,EVENT-EMP,0.1949015032856335,0.0456823867338599,0.3635128227761395,13934.80115034928
697,GEV,0.0963241766255184,0.0686177803863145,0.5912208976372946,31623.907993037876
697,KDE,0.1129206975089885,0.0686177804020367,0.7488041419315385,14817.900658757942
697,TAIL,0.0709125004816665,0.0480863591399473,0.40543809336538283,14817.900658757942
698,EMP,0.0964478981307827,0.0315880970968041,0.2758286747019086,13499.961548449368
698,EVENT-EMP,0.0964478981307827,0.0271566947258009,0.20947261595564395,14051.307577571417
698,GEV,0.1114705759495697,0.0315876832464602,0.32484687349066727,14817.900658757942
698,KDE,0.1520585932535325,0.0315880994312518,0.5183297272495362,14817.900658757942
698,TAIL,0.0358475736302468,0.0266198222212932,0.19224882832879553,14051.307577571417
699,EMP,0.0436455054343497,0.0155216561049192,0.27499627607226457,14817.900658757942
699,EVENT-EMP,0.0436455054343497,0.0043807817644064,0.2449178201249603,10036.11448167906
699,GEV,0.179662885464117,0.015510237362068,0.3085242710947097,14817.900658757942
699,KDE,0.0185258028388536,0.0155216610616322,0.5081585238817097,14817.900658757942
699,TAIL,0.0630901593506251,0.0072885432469296,0.06929109490378099,10036.11448167906
700,EMP,0.2305978189562764,0.0296924047360381,0.47806166691000107,7903.522660023223
700,EVENT-EMP,0.2305978189562764,0.0200814657819628,0.3789185085758018,13248.73954076351
700,GEV,0.2405466456187185,0.0296924047370339,0.4753830829095085,7883.861710225232
700,KDE,0.1989709126610138,0.029692404736037896,0.3930918749958394,8249.949089648202
700,TAIL,0.0957686411881684,0.0185502522904914,0.2431973790485356,8360.332538072333
701,EMP,0.0420803664873594,0.0079073517836451,0.06401325927628526,3776.3231008219427
701,EVENT-EMP,0.0420803664873594,0.0028515975157204,0.02418587289950973,689.4829120981611
701,GEV,0.045126539373003,0.007907801655217,0.024288571028932632,1969.5141791056635
701,KDE,0.0933995439899048,0.0079073514555272,0.16171948505802933,10036.11448167906
701,TAIL,0.0503902539818241,0.0039913554512036,0.09460065302411984,10036.11448167906
702,EMP,0.1550497538444848,0.014762607957507898,0.2987981957822836,8343.083073850721
702,EVENT-EMP,0.1550497538444848,0.0088157089852168,0.310190998902582,8878.402909970842
702,GEV,0.1523749387253569,0.0147626079575038,0.261827927332516,7994.7740431887405
702,KDE,0.1173836979687985,0.014762607957507898,0.16730152862682496,9851.80308669371
702,TAIL,0.0946167056772153,0.0025346815908815,0.14767222218926135,3463.9843553601663
703,EMP,0.0226331586737411,0.030976146970143798,0.4701991786244723,14817.900658757942
703,EVENT-EMP,0.0226331586737411,0.0158027858975959,0.3538273134316921,14817.900658757942
703,GEV,0.2169850108615851,0.030965712970681,0.4649410878276843,14817.900658757942
703,KDE,0.0822075092516295,0.030976172073984995,0.6799027493730709,14817.900658757942
703,TAIL,0.2256085237527513,0.0201304894256114,0.3730544948792469,14817.900658757942
704,EMP,0.0756750959811892,0.0353438083953452,0.5004887631587568,14817.900658757942
704,EVENT-EMP,0.0756750959811892,0.0111613501643164,0.3530324561304145,14817.900658757942
704,GEV,0.1480910171171391,0.0353437717819389,0.5099086445474939,14817.900658757942
704,KDE,0.0009669364107248999,0.0353438255820681,0.7164746979392655,14817.900658757942
704,TAIL,0.060845549124486,0.003378205986046,0.1123695527310295,10036.11448167906
705,EMP,0.3179045539135768,0.0230900458173748,0.548917744004823,9622.194171549441
705,EVENT-EMP,0.3179045539135768,0.0400599811916726,0.5136172513269375,9219.96572977615
705,GEV,0.23693556312590142,0.023090045817394,0.5261957395715832,7960.4711662720265
705,KDE,0.2732946642964507,0.0230900458173748,0.47370977915322754,7924.425879600148
705,TAIL,0.1025306726454583,0.0361804706395139,0.308567652166414,11097.816107503138
706,EMP,0.3092134288431175,0.0352330378567619,0.3479153777918969,20356.577018603683
706,EVENT-EMP,0.3092134288431175,0.0398184670635127,0.3895879022247601,17869.756853673607
706,GEV,0.1650385776707858,0.0352330378567633,0.3538586968690722,8670.415543986173
706,KDE,0.2313859921601715,0.0352330378567621,0.2562958989898765,8818.736006386267
706,TAIL,0.0883443903284091,0.031052859301347095,0.2788447220410865,10467.456602482125
707,EMP,0.3385671644202941,0.0726988960004833,0.7316588078429335,89387.0459077826
707,EVENT-EMP,0.3385671644202941,0.071673898840199,0.7291069254056518,75878.86208645668
707,GEV,0.2570586475206307,0.0726988960004835,0.7013646365730268,82278.09266906315
707,KDE,0.3011836762427328,0.0726988960004831,0.6775923984659346,75608.93690778647
707,TAIL,0.2645185663397653,0.0740717977691152,0.7033783517345427,81286.57488406656
708,EMP,0.2194467137414916,0.0070483697249302995,0.10145576675046963,4454.571611792367
708,EVENT-EMP,0.2194467137414916,0.0068168700687436,0.0721406856066209,4249.679087085236
708,GEV,0.11379009264732828,0.0070483697249252,0.08210208653054168,5726.390511310556
708,KDE,0.1709583503951317,0.0070483697249309,0.08642235472032993,4471.3024677006115
708,TAIL,0.0118196114204613,0.0080064931556445,0.053311388689348406,2624.9914191736734
709,EMP,0.1276777748656273,0.0158787150749969,0.18481911952197627,14817.900658757942
709,EVENT-EMP,0.1276777748656273,0.0267400054904186,0.2701306009982819,14817.900658757942
709,GEV,0.0694426415118316,0.0158786869221688,0.21867692751600387,14817.900658757942
709,KDE,0.0597325241995506,0.0158787151595149,0.3829465185396844,14817.900658757942
709,TAIL,0.0046698442331108,0.0225125083670065,0.14452094239040914,14051.307577571417
710,EMP,0.3124479022032967,0.0332765018551734,0.5334689654831866,9447.37958608599
710,EVENT-EMP,0.3124479022032967,0.030932681244938,0.5000070488142896,8218.70111138591
710,GEV,0.250005166421024,0.0332765018550812,0.5026401012581202,7914.273242948577
710,KDE,0.2542118206285603,0.0332765018551733,0.4267586704863775,7889.62092433311
710,TAIL,0.1903821831332457,0.032607115700987,0.4238306373112825,8522.37922652904
711,EMP,0.0650857138970143,0.0503942428823484,0.5698675857090977,14817.900658757942
711,EVENT-EMP,0.0650857138970143,0.0432411677439552,0.46869310574780054,14817.900658757942
711,GEV,0.2150151779160619,0.0503922113100549,0.621310360005447,14817.900658757942
711,KDE,0.1257522747327555,0.0503944116655589,0.8449826546827853,14817.900658757942
711,TAIL,0.0100666557875646,0.0383229097007855,0.24410163641884708,14051.307577571417
712,EMP,0.0933405230120203,0.0809338444899547,0.5524533556637948,29243.205880808335
712,EVENT-EMP,0.0933405230120203,0.0506536643320627,0.4967252916895217,14817.900658757942
712,GEV,0.11846152339687982,0.0809334172683396,0.5792144265978286,14628.230194929987
712,KDE,0.1462959652475942,0.0809338445398565,0.7984193422735939,14817.900658757942
712,TAIL,0.24977505734221697,0.0629577131445842,0.7262622927014564,14817.900658757942
713,EMP,0.1879460535600375,0.0211801605459786,0.29916698844114853,12541.135332505839
713,EVENT-EMP,0.1879460535600375,0.0296551846435967,0.3542888355537052,8874.383310925527
713,GEV,0.0927368480041628,0.0211801606429812,0.26692313038000337,8890.5965589853
713,KDE,0.1500438121904725,0.0211801605459784,0.17997859221495577,7896.234957426786
713,TAIL,0.101448190997923,0.0244072013070219,0.2717624227401932,8952.017557796402
714,EMP,0.1662164807189377,0.006951490319129701,0.055130898720328746,10036.11448167906
714,EVENT-EMP,0.1662164807189377,0.0056133390137715,0.05706808730769448,3467.690433629892
714,GEV,0.0425094664578295,0.006951490319129099,0.03857118057318766,10036.11448167906
714,KDE,0.106137838551256,0.0069514901683774,0.15646148802554427,10036.11448167906
714,TAIL,0.0488572400385498,0.0057154187025394,0.11585631673218034,10036.11448167906
715,EMP,0.0324211556075807,0.0455388307212421,0.7931031765415989,14817.900658757942
715,EVENT-EMP,0.0324211556075807,0.0413116601179727,0.6587793914871479,14817.900658757942
715,GEV,0.3652756434366448,0.0454785828622664,0.7803190393617888,14817.900658757942
715,KDE,0.1350719393640234,0.045539887802996,1.056658361495604,14817.900658757942
715,TAIL,0.1125447990234969,0.0286599612979382,0.32871536049194267,14817.900658757942
716,EMP,0.12012709408035999,0.0505258072687008,0.5232994141013256,14817.900658757942
716,EVENT-EMP,0.12012709408035999,0.047899130467344,0.4694444657571137,14817.900658757942
716,GEV,0.0375627841789908,0.0505258072687012,0.5089983013775736,14817.900658757942
716,KDE,0.0477137104514473,0.0505258074559978,0.6896477510988942,14817.900658757942
716,TAIL,0.1367741275243437,0.0380436873757146,0.41438421943849224,14817.900658757942
717,EMP,0.11990337955265579,0.015588265046624299,0.4164858549653744,14817.900658757942
717,EVENT-EMP,0.11990337955265579,0.004990396535462,0.31836534796377536,10036.11448167906
717,GEV,0.2933679145909844,0.015519803841259498,0.4805328764972555,14817.900658757942
717,KDE,0.1882847163521059,0.015589071016254298,0.7209712507689533,14817.900658757942
717,TAIL,0.029386609595096196,0.0221618339959735,0.14033318652670632,10302.970211847996
718,EMP,0.0789238575487941,0.0423008181024197,0.30821603504744366,27632.921913176982
718,EVENT-EMP,0.0789238575487941,0.0221170916013157,0.21549832814433528,19338.43832131703
718,GEV,0.0949101625960277,0.0423008181026282,0.31464962439857425,15786.805639697755
718,KDE,0.0318526705055918,0.0423008181318164,0.46006098349874974,14817.900658757942
718,TAIL,0.0121960455557982,0.0044888312094393,0.04571249896170299,2030.161212767164
719,EMP,0.0100791496804304,0.06590258554306,0.6672586351850333,14817.900658757942
719,EVENT-EMP,0.0100791496804304,0.042337731462904,0.5308912656142398,14817.900658757942
719,GEV,0.24471573108158293,0.065895456008816,0.7079500900357344,14817.900658757942
719,KDE,0.0878913597156294,0.0659029625917901,0.9620970884240053,14817.900658757942
719,TAIL,0.2516477970524662,0.0464411258038719,0.6233693071646271,14817.900658757942
720,EMP,0.2065763278729816,0.0135961678151881,0.28222127726015195,8054.772766495434
720,EVENT-EMP,0.2065763278729816,0.0156982242210062,0.3134698912820854,9942.063737945942
720,GEV,0.1085369126936067,0.0135961678158941,0.25352864556127663,7989.172932174988
720,KDE,0.152475263425268,0.0135961678151867,0.1511994496723818,8306.584073181266
720,TAIL,0.0950500456450575,0.0121094148801837,0.19881209657942656,7906.973894590202
721,EMP,0.1212383242389009,0.0239939635293172,0.3827038712485543,8015.609372690941
721,EVENT-EMP,0.1212383242389009,0.0365797633394981,0.42761800251262294,8620.97084100327
721,GEV,0.1450318712859852,0.0239939635293003,0.3442992098307029,8411.953696005046
721,KDE,0.0836435487152108,0.0239939635293172,0.2436855167431552,8033.260376349402
721,TAIL,0.1101777934759908,0.0325865428754034,0.31379614952030965,10173.03791269008
722,EMP,0.3242687622233461,0.0863250300550552,0.8106331162629143,86409.18953921687
722,EVENT-EMP,0.3242687622233461,0.0925896202467769,0.8007844311354637,80457.06220790248
722,GEV,0.3214458846209216,0.0863250300550721,0.8033116618513492,83743.82665027016
722,KDE,0.2987338769312425,0.0863250300550552,0.7586392500318921,81127.28736726567
722,TAIL,0.2813329092496742,0.0961699464553221,0.7697582778983241,97081.64493029378
723,EMP,0.2011583069435407,0.0255865343096096,0.1159200415911666,16112.84115325618
723,EVENT-EMP,0.2011583069435407,0.0235035095474744,0.09330882326008473,16487.998867004077
723,GEV,0.1505439690714397,0.0255865343096102,0.0838458699056978,16427.97529055944
723,KDE,0.1596264859317186,0.0255865343096094,0.11308294133033057,11730.742446715529
723,TAIL,0.0345948467880752,0.0247209905557892,0.0825663199637174,14051.307577571417
724,EMP,0.0895254261416975,0.0201100841506161,0.29934510910166995,14817.900658757942
724,EVENT-EMP,0.0895254261416975,0.0057404337557906,0.176450535639891,10036.11448167906
724,GEV,0.1354808858183961,0.0201085240787801,0.2979356967089103,14817.900658757942
724,KDE,0.0039267294070136,0.0201100850674242,0.4822694556239089,14817.900658757942
724,TAIL,0.12385951720458618,0.0087992464238321,0.20194998421770585,14817.900658757942
725,EMP,0.3390097396731698,0.1091321636106081,1.0523450482435364,14817.900658757942
725,EVENT-EMP,0.3390097396731698,0.0719385438544587,0.873720694175208,14817.900658757942
725,GEV,0.3955412364876911,0.1090302402407617,1.111389906653968,14817.900658757942
725,KDE,0.4122643112754334,0.1091331796831322,1.474018142271956,14817.900658757942
725,TAIL,0.1933078889029539,0.0424937381627687,0.5227456107782158,14817.900658757942
726,EMP,0.22542183606001076,0.0408042752390354,0.21926141258290177,14051.307577571417
726,EVENT-EMP,0.22542183606001076,0.0164535179760689,0.11507731135802965,14051.307577571417
726,GEV,0.0993150892020147,0.0408042752390356,0.22564452527456424,14295.46581610913
726,KDE,0.1481889394837198,0.0408042752391072,0.347723669338339,14817.900658757942
726,TAIL,0.059653776286979904,0.0111929737729835,0.15835679818588808,14817.900658757942
727,EMP,0.22460588949974072,0.0195742608315893,0.28194524215368033,8723.407836262137
727,EVENT-EMP,0.22460588949974072,0.0255406932504463,0.3068374751161367,13168.844056704702
727,GEV,0.1559102564465349,0.0195742608315899,0.25824797944119965,7941.659849467377
727,KDE,0.18094389372733,0.0195742608315888,0.16879682212054123,9177.500535150059
727,TAIL,0.0187673603612642,0.0182244258290309,0.09277969266791299,11264.035753739066
728,EMP,0.2382745987560847,0.0035285424077108,0.11264622254401568,9793.30036166238
728,EVENT-EMP,0.2382745987560847,0.0156217439512678,0.1602060829837439,7893.550976817806
728,GEV,0.1361932159627092,0.0035285424077104006,0.09310606416380365,5595.926053456549
728,KDE,0.170885085330268,0.0035285424077022,0.08401343289506814,10036.11448167906
728,TAIL,0.0672336745883068,0.0188786399035965,0.1869294241227223,8582.94725829518
729,EMP,0.1358827960531539,0.0116219200655562,0.03488420417051367,19447.884100056355
729,EVENT-EMP,0.1358827960531539,0.01089951128957,0.05464510168224141,7461.3718586595105
729,GEV,0.0027580638939207,0.0116219200692547,0.05342565797108472,19447.884100056355
729,KDE,0.0779081241496412,0.0116219198031519,0.1811688971371186,19447.884100056355
729,TAIL,0.0344137295289668,0.0155908050200204,0.12594015900081604,8070.136331966768
730,EMP,0.3234874945639348,0.0458819176279002,0.5311337027475523,7992.052849631446
730,EVENT-EMP,0.3234874945639348,0.0447742712718427,0.5758349909396029,7992.052849631446
730,GEV,0.2865546147853574,0.0458819175253789,0.5068791237771004,8035.247035994194
730,KDE,0.2683989070405405,0.0458819176279002,0.42590776608728775,8533.898495599939
730,TAIL,0.056116161350761105,0.0176580744409973,0.038527505402537444,11533.10507826445
731,EMP,0.1893365843350306,0.0165836084279732,0.18539731482776164,7925.820067938107
731,EVENT-EMP,0.1893365843350306,0.0225051335244311,0.2531339552328434,7925.820067938107
731,GEV,0.0824921996260093,0.0165836084279726,0.15517562426376827,7967.462287898486
731,KDE,0.1439761740549581,0.0165836084279543,0.05584969369492427,28785.54529624184
731,TAIL,0.1259930733594023,0.0226595853540368,0.3096145899195323,8485.30795997226
732,EMP,0.344036690466517,0.1325125369517159,1.2257801411178744,32397.62248964256
732,EVENT-EMP,0.344036690466517,0.1041216534635086,0.9988699295152514,14817.900658757942
732,GEV,0.2490053177490995,0.1325124134130429,1.276868858581737,14817.900658757942
732,KDE,0.4163215108350804,0.1325172610163263,1.6297500024761493,14817.900658757942
732,TAIL,0.23184954289432844,0.0990417007281652,0.9660715118134873,14817.900658757942
733,EMP,0.1076791733346591,0.0770770906631551,0.8715451555997267,14817.900658757942
733,EVENT-EMP,0.1076791733346591,0.0714683894608966,0.7404415724901406,14817.900658757942
733,GEV,0.1796196680482647,0.0770770903442012,0.9010604387507107,14817.900658757942
733,KDE,0.1708598783472662,0.0770772909250249,1.1303251171244744,14817.900658757942
733,TAIL,0.232993693143158,0.0665842262273179,0.7269777792439538,14817.900658757942
734,EMP,0.187955613499592,0.0278180697401657,0.17394275383682883,20115.596776570193
734,EVENT-EMP,0.187955613499592,0.025892824813399,0.20571168916171967,19065.294861366663
734,GEV,0.036762875899632,0.027818075522890402,0.18212630220888737,11607.904528803192
734,KDE,0.1442219856363714,0.027818069740086597,0.07039027299968441,28785.54529624184
734,TAIL,0.0503429009813696,0.0176337288439647,0.1599997815785194,8684.30422007727
735,EMP,0.1919162966211245,0.0435130594334822,0.41067266892552684,10866.38647402668
735,EVENT-EMP,0.1919162966211245,0.0322073429597581,0.3493239126157383,8528.287912187787
735,GEV,0.1138444822428262,0.0435130595084019,0.37762675704818294,13692.185843708306
735,KDE,0.1518943174795771,0.0435130594334814,0.29951183230147144,10238.818915314661
735,TAIL,0.11776324665929458,0.0318684555560676,0.3401810470484021,10236.110378001506
736,EMP,0.0956349008633792,0.0089242327022932,0.18794822595065014,14817.900658757942
736,EVENT-EMP,0.0956349008633792,0.0239360165224318,0.29721810293824064,14817.900658757942
736,GEV,0.158446178134143,0.0089166448436922,0.25172283135443924,14817.900658757942
736,KDE,0.153268762706406,0.0089242584422817,0.4409321179447769,14817.900658757942
736,TAIL,0.0034321857788492,0.0047564617316277,0.023822724799388,2605.717631150244
737,EMP,0.0733530715272625,0.0218212307552736,0.270953765814914,14817.900658757942
737,EVENT-EMP,0.0733530715272625,0.031126033239632995,0.2248723553845381,14051.307577571417
737,GEV,0.1224253679675367,0.0218204284388611,0.29370318002968676,14817.900658757942
737,KDE,0.0144950982615376,0.0218212311362684,0.4617993912695252,14817.900658757942
737,TAIL,0.1250191492251316,0.0417278291741354,0.4193945890038278,14817.900658757942
738,EMP,0.3095708583358464,0.0660694441697637,0.430268963527569,44834.16973696152
738,EVENT-EMP,0.3095708583358464,0.0475746447736241,0.3660984096783906,16745.299132219207
738,GEV,0.150834605929877,0.0660694441697633,0.42820341327693795,18489.958765518542
738,KDE,0.23057164003046962,0.0660694441697503,0.3434809115353137,28785.54529624184
738,TAIL,0.1467949360302472,0.0527976378080926,0.424484423890861,13626.71389481208
739,EMP,0.1677950991801662,0.0277411612581154,0.4096691532363712,14817.900658757942
739,EVENT-EMP,0.1677950991801662,0.0230338548281038,0.353900013583683,14817.900658757942
739,GEV,0.0826455395341537,0.0277411603924778,0.3675623598253621,14817.900658757942
739,KDE,0.0794052340367184,0.0277411614715311,0.5641206116814025,14817.900658757942
739,TAIL,0.3777124928811225,0.0421667624618499,0.6915516149291432,14817.900658757942
740,EMP,0.1080492385169804,0.0779647013164908,0.7145084551528411,14817.900658757942
740,EVENT-EMP,0.1080492385169804,0.0485807686490238,0.5047458643382543,14817.900658757942
740,GEV,0.0625761851591727,0.0779647013164908,0.696647248519656,14817.900658757942
740,KDE,0.046631185948959,0.0779647014789075,0.9146619411341208,14817.900658757942
740,TAIL,0.08420489079367,0.0418999845868862,0.3942742170871077,14817.900658757942
741,EMP,0.3826294312576339,0.0646945685371386,0.7748928578351948,86600.68387007962
741,EVENT-EMP,0.3826294312576339,0.0725857876993528,0.7784540126582129,74602.76292198358
741,GEV,0.3392457296745126,0.0646945685338518,0.772028974163068,69121.41000840275
741,KDE,0.335954790012253,0.0646945685371384,0.7250872182916827,68929.29289341552
741,TAIL,0.3006279981285542,0.0763269548313203,0.7607955066177056,79717.30582639865
742,EMP,0.1815729725437294,0.0577558021224478,0.46986617434945505,12760.40069703261
742,EVENT-EMP,0.1815729725437294,0.0398594181297422,0.4560946215744426,9757.096316133315
742,GEV,0.0921374112610247,0.0577558743486877,0.42103590858184503,23359.10934159346
742,KDE,0.1446037652073189,0.0577558021224478,0.36738134724685745,13536.858380393436
742,TAIL,0.2149185739338849,0.0367954789249632,0.48893924135779276,8842.687122222967
743,EMP,0.2053423584223577,0.0153103923121498,0.10776737620432808,7961.966835529751
743,EVENT-EMP,0.2053423584223577,0.0014906343193399,0.1690306673610605,4835.863674320798
743,GEV,0.1069874513137671,0.015310392312149599,0.08497335750324621,11093.44859439652
743,KDE,0.1633342868347338,0.0153103923121498,0.08782954181202952,9807.738347239689
743,TAIL,0.11479832630389358,3.939523113435903e-05,0.1593089127909793,3977.182727713345
744,EMP,0.0965180079755796,0.0313771603871112,0.40648193972588686,14817.900658757942
744,EVENT-EMP,0.0965180079755796,0.0242366927018034,0.3473073301104458,14817.900658757942
744,GEV,0.273322046216398,0.031295140712529,0.47578300233972587,14817.900658757942
744,KDE,0.1708182663690025,0.0313773842154843,0.7444319764137706,14817.900658757942
744,TAIL,0.1197341813963791,0.027780260891102297,0.33220128282037725,14817.900658757942
745,EMP,0.2534258166147161,0.0437850227703618,0.5043757230107886,14817.900658757942
745,EVENT-EMP,0.2534258166147161,0.0259662958308514,0.4034325567856885,14817.900658757942
745,GEV,0.2913245324498968,0.0437098530875291,0.5737297178018768,14817.900658757942
745,KDE,0.3213950546023598,0.0437867010397926,0.8612884742491065,14817.900658757942
745,TAIL,0.331831135058018,0.0345491400322372,0.6251576365033081,14817.900658757942
746,EMP,0.120367409318308,0.0272508543066112,0.31873373463516386,14817.900658757942
746,EVENT-EMP,0.120367409318308,0.0145825787769179,0.20492889086715074,14817.900658757942
746,GEV,0.12418927777647479,0.0272507738977284,0.3889294259403995,14817.900658757942
746,KDE,0.1795883911891273,0.0272509112946271,0.5922727567701148,14817.900658757942
746,TAIL,0.0076458083621364,0.0026193920842408,0.006177883977779122,589.8405813835562
747,EMP,0.0625175306166276,0.0200829106884252,0.15464103401237683,14545.604522274807
747,EVENT-EMP,0.0625175306166276,0.0325424741750243,0.20190606027340052,14545.604522274807
747,GEV,0.0263748340765658,0.0200842841824846,0.10566051262481141,12233.44058017557
747,KDE,0.0164326519464244,0.020082910683022,0.018281949378433512,28785.54529624184
747,TAIL,0.1316643271415153,0.0448306935526178,0.39975923498430926,13183.878361362033
748,EMP,0.2305538070145855,0.0156287245430051,0.16012284653400927,11023.391562737525
748,EVENT-EMP,0.2305538070145855,0.0136026858106405,0.16827457122514855,8734.72759524764
748,GEV,0.0566909053123787,0.0156287246399916,0.1542303049261521,8331.153839732831
748,KDE,0.1665214719160095,0.0156287245429953,0.03654353826053366,19447.884100056355
748,TAIL,0.0604167229145033,0.0115634414630833,0.1461542418296026,8029.620795501086
749,EMP,0.0042976685049459,0.0414694849352283,0.5180833610461791,14817.900658757942
749,EVENT-EMP,0.0042976685049459,0.056288180233226494,0.6061647675618579,14817.900658757942
749,GEV,0.1255993828153954,0.041469483979341,0.5497235917036263,14817.900658757942
749,KDE,0.05620347501002129,0.0414695048522407,0.7405132306172579,14817.900658757942
749,TAIL,0.1479230087461253,0.056377033728889,0.5446577181226074,14817.900658757942
750,EMP,0.3060392960334998,0.06012752181904749,0.8157946028756271,68485.73591563023
750,EVENT-EMP,0.3060392960334998,0.0739384827782481,0.8247157223488457,69306.07226635765
750,GEV,0.3382429787638015,0.060127521819034,0.80605640053724,71063.54901087408
750,KDE,0.2846562731474852,0.06012752181904749,0.7563037858561587,69366.29408792366
750,TAIL,0.2937004044786782,0.0744938447337924,0.7432152701425215,78688.25081069767
751,EMP,0.1143041574171047,0.0531401644747685,0.5979604061242357,14817.900658757942
751,EVENT-EMP,0.1143041574171047,0.028922067788337797,0.5006018237754185,14817.900658757942
751,GEV,0.0670112703914532,0.0531401644747693,0.5836226755971661,14817.900658757942
751,KDE,0.0452484915963263,0.0531401675839482,0.7883563871060636,14817.900658757942
751,TAIL,0.3132729929746524,0.030331601438068696,0.5971991846701693,14817.900658757942
752,EMP,0.1495344711929591,0.0313636006449754,0.23494658560118628,12166.791876209589
752,EVENT-EMP,0.1495344711929591,0.0054169939470622,0.11114891017208005,14774.140258817519
752,GEV,0.1155629725063752,0.0313636006449759,0.18791428648453198,8910.040611452734
752,KDE,0.1049264864628096,0.0313636006380895,0.08482641440329955,28785.54529624184
752,TAIL,0.3635688440762298,0.0277520747649696,0.5987448426446657,14817.900658757942
753,EMP,0.2939735601952704,0.0655071762477505,0.6028215159629641,83716.60963042412
753,EVENT-EMP,0.2939735601952704,0.0571249715314975,0.47525628812902077,17442.60293388274
753,GEV,0.2070538620606473,0.0655071762477497,0.5809650025229666,78616.98493189282
753,KDE,0.2530261025458266,0.0655071762477505,0.5267410866391482,14263.951107599461
753,TAIL,0.1575853605007336,0.0541816310793607,0.47916179975254614,16024.18071065005
754,EMP,0.0502864435637412,0.0189118302010701,0.16119668139137341,28785.54529624184
754,EVENT-EMP,0.0502864435637412,0.0185010670224593,0.22912894291912567,14817.900658757942
754,GEV,0.1487279634207042,0.0189149911270982,0.1750267524478969,28785.54529624184
754,KDE,0.0059098946906369,0.0189118178976518,0.3299989635200831,28785.54529624184
754,TAIL,0.0785776932828076,0.0088426414890108,0.1632795888584648,14817.900658757942
755,EMP,0.1859088921797764,0.0191248185551599,0.16147576487628554,14051.307577571417
755,EVENT-EMP,0.1859088921797764,0.0348602391609723,0.2498884643417901,19418.093686235447
755,GEV,0.0081310535669287,0.0191248185446552,0.12486716326798021,14051.307577571417
755,KDE,0.1286243254079814,0.0191248185552247,0.27809540689184464,14817.900658757942
755,TAIL,0.0053060022854268,0.0333849366453753,0.20173692114452343,14051.307577571417
756,EMP,0.1168586299876957,0.0129535430970163,0.26251830684703764,9183.778598477133
756,EVENT-EMP,0.1168586299876957,0.0098040242534887,0.19292850607927503,11144.741349363285
756,GEV,0.1401843828552132,0.0129535430970142,0.22472233051682058,8065.365731132527
756,KDE,0.0765965422545838,0.0129535430969659,0.11205230307118239,9616.852950062292
756,TAIL,0.0080382903141535,0.0255034305333203,0.1462100525346983,14051.307577571417
757,EMP,0.2000675732967868,0.0439108072985389,0.39142392845860136,14817.900658757942
757,EVENT-EMP,0.2000675732967868,0.0225214083213189,0.2321540673491037,14817.900658757942
757,GEV,0.069675243856287,0.0439108072985395,0.3682122232865122,15570.88032780712
757,KDE,0.1265109411963709,0.043910807317931,0.5429676112888768,14817.900658757942
757,TAIL,0.044464872747308,0.0171726306107306,0.158493218729089,14817.900658757942
758,EMP,0.2141288587736803,0.1777906102453463,2.0600304258086677,14817.900658757942
758,EVENT-EMP,0.2141288587736803,0.1710532040003244,1.945923767837242,14817.900658757942
758,GEV,0.5888202114220737,0.1777493062172732,2.0982492258471086,14817.900658757942
758,KDE,0.3482341453487992,0.1778194816792151,2.5139199148281213,14817.900658757942
758,TAIL,0.5073772658352931,0.1566760221838955,1.743474242013284,14817.900658757942
759,EMP,0.0721801169030529,0.0201918289000994,0.3076359990809448,14817.900658757942
759,EVENT-EMP,0.0721801169030529,0.0243054739863481,0.3247087765634537,14817.900658757942
759,GEV,0.1142900330226772,0.0201917457053005,0.3328125888967963,14817.900658757942
759,KDE,0.0108921255526229,0.0201918343795896,0.5079558674467278,14817.900658757942
759,TAIL,0.1585255859819668,0.0354341945699293,0.42839417006261105,14817.900658757942
760,EMP,0.0537433320318152,0.0345830763482467,0.1644745600211994,20219.36476585269
760,EVENT-EMP,0.0537433320318152,0.045491919774026,0.20645786366044575,20177.596409541246
760,GEV,0.1259810428180433,0.0347457004212746,0.13322988937094393,25384.73383320123
760,KDE,0.0005489104594136,0.0345830762929777,0.044768952021592985,28785.54529624184
760,TAIL,0.1696524789421863,0.05639792277065089,0.5003713907912059,16226.412947649447
761,EMP,0.0604065866271183,0.029356672886565,0.30206405643501943,14817.900658757942
761,EVENT-EMP,0.0604065866271183,0.0199553601266412,0.20219695164952173,13499.961548449368
761,GEV,0.0565035265289683,0.0293566728699513,0.35049902986908904,14817.900658757942
761,KDE,0.0020014064385131,0.029356674240461695,0.5147230416164782,14817.900658757942
761,TAIL,0.0046587643992731,0.0108181824772438,0.04429665758548993,7531.8537536500435
762,EMP,0.1061225073396086,0.05938600076991989,0.5564703733267468,14817.900658757942
762,EVENT-EMP,0.1061225073396086,0.0374833188181866,0.43526709813062603,14817.900658757942
762,GEV,0.1500927346368436,0.0593854952267385,0.5447652681047774,14817.900658757942
762,KDE,0.029576016734860003,0.0593860011274266,0.7668315977400406,14817.900658757942
762,TAIL,0.0414245420297054,0.0327582749274535,0.2388754006411349,14051.307577571417
763,EMP,0.0806651758323072,0.0285311999764869,0.43550716464485806,14817.900658757942
763,EVENT-EMP,0.0806651758323072,0.0256625807535687,0.3265854918053035,14817.900658757942
763,GEV,0.182974307568618,0.0285299810323509,0.46544504603401005,14817.900658757942
763,KDE,0.0211200561785165,0.0285312567401909,0.6873869767384347,14817.900658757942
763,TAIL,0.026656670517243,0.0240897040874204,0.2048604200962871,13499.961548449368
764,EMP,0.1094173249793681,0.035292769180955,0.45577905316688777,14817.900658757942
764,EVENT-EMP,0.1094173249793681,0.036001826914804,0.3726715987005765,14817.900658757942
764,GEV,0.1473420547955771,0.0352925136298256,0.4519783458439839,14817.900658757942
764,KDE,0.0295567144314383,0.035292771998395,0.6724666106471785,14817.900658757942
764,TAIL,0.0074637461403481,0.0201095031406725,0.10465998495692687,14051.307577571417
765,EMP,0.0669100579546179,0.0533148638263363,0.4540631722444117,14051.307577571417
765,EVENT-EMP,0.0669100579546179,0.0478991102092053,0.4714425446248435,14817.900658757942
765,GEV,0.1917656467418262,0.0533028674447991,0.4875542139521486,14817.900658757942
765,KDE,0.12398576279210899,0.0533148662572802,0.7117271905464283,14817.900658757942
765,TAIL,0.1034828549477461,0.0463720323688958,0.42324881317254187,14817.900658757942
766,EMP,0.3087414643291816,0.0733392734500881,0.6458474060526345,75702.82757479035
766,EVENT-EMP,0.3087414643291816,0.055581385557967,0.6245370433911563,65364.070340394144
766,GEV,0.2667558968581972,0.0733392734501886,0.6164461826924307,72318.74639922712
766,KDE,0.2665340304329584,0.0733392734500881,0.5556685733927993,10957.351716753406
766,TAIL,0.1640506136852435,0.0523100012679316,0.4831465357618236,14991.176718955548
767,EMP,0.0749660755622915,0.0403066945613967,0.46588623695606657,14817.900658757942
767,EVENT-EMP,0.0749660755622915,0.0215206649240921,0.3353350971089967,14817.900658757942
767,GEV,0.22544820815613362,0.0402738422776258,0.45706797744097927,14817.900658757942
767,KDE,0.0094415384325466,0.0403066962153907,0.6810511278668824,14817.900658757942
767,TAIL,0.11258474721658722,0.0195559987699954,0.251921089963035,14817.900658757942
768,EMP,0.170202179529962,0.0273014439985795,0.1291129127351035,14051.307577571417
768,EVENT-EMP,0.170202179529962,0.0254063899826687,0.034322195891613824,5418.414448067132
768,GEV,0.0429742225183178,0.0273014439985793,0.1268452419323713,14051.307577571417
768,KDE,0.098808687420806,0.0273014439986178,0.2588853344210179,14817.900658757942
768,TAIL,0.1230068585519681,0.0286739634522346,0.088639679644865,10243.672155412018
769,EMP,0.1291080147565198,0.0271873021301053,0.14072477041978176,7469.457955912997
769,EVENT-EMP,0.1291080147565198,0.0125657159985567,0.08510083625319774,5042.147114321176
769,GEV,0.1641318694524701,0.0271006539278013,0.2033629653539226,13499.961548449368
769,KDE,0.1852457347701588,0.0271873043012484,0.44770930761588423,14817.900658757942
769,TAIL,0.05852140967623579,0.0195305608853848,0.1929164499256275,14817.900658757942
770,EMP,0.2082655996549325,0.0237413796530049,0.2545368051181533,10235.223702294752
770,EVENT-EMP,0.2082655996549325,0.0244102573197534,0.2859372373934718,8592.896840786872
770,GEV,0.0628887867542075,0.0237413818936412,0.2267367677750223,9754.171171652773
770,KDE,0.144784340195903,0.0237413796530035,0.13421206667388333,8649.757792316379
770,TAIL,0.0542550968586615,0.0200804126814771,0.17586657398282585,8957.72078979419
771,EMP,0.312670066272344,0.0465802607440366,0.6000663990560392,23797.37434925201
771,EVENT-EMP,0.312670066272344,0.0455855655473256,0.5579820373971898,19111.677017161932
771,GEV,0.2220239155551561,0.0465802607440368,0.5875379794265547,12211.95967936547
771,KDE,0.2804070238227942,0.0465802607440368,0.5440440728299292,9156.41374638242
771,TAIL,0.2448125455424942,0.0471108788752637,0.5908047373847458,10559.103810269697
772,EMP,0.2114196533570125,0.0490885555597812,0.2967018938710015,43607.643549355365
772,EVENT-EMP,0.2114196533570125,0.0450321829241585,0.34537717480893715,18668.605736865353
772,GEV,0.0558470718106797,0.0490885603526468,0.2823875195370403,18088.369691498578
772,KDE,0.166701058417908,0.049088555559622,0.19735049039404684,28785.54529624184
772,TAIL,0.0567427553858763,0.0357556249638683,0.2448421259283212,13226.581091124566
773,EMP,0.107685232904984,0.0094437123505905,0.3723642407497635,14817.900658757942
773,EVENT-EMP,0.107685232904984,0.004251294620847,0.24588367078079548,10036.11448167906
773,GEV,0.1401167476788094,0.0094436663466084,0.37933113347018793,14817.900658757942
773,KDE,0.019333316681182,0.0094437594190577,0.5729283275941567,14817.900658757942
773,TAIL,0.0848821139207262,0.0035689988599052003,0.14249312486115256,10036.11448167906
774,EMP,0.0085116912006998,0.0492941193862251,0.7824731310826325,14817.900658757942
774,EVENT-EMP,0.0085116912006998,0.0325192037777807,0.6413683353641546,14817.900658757942
774,GEV,0.4018458132453671,0.0489761479054945,0.726787508047263,14817.900658757942
774,KDE,0.0875759443882466,0.0492942622705771,1.037803427813378,14817.900658757942
774,TAIL,0.06012536297178301,0.0083967442118879,0.13401272103260176,14817.900658757942
775,EMP,0.24282384856626824,0.0477626472382856,0.6362788586599631,70058.11039817416
775,EVENT-EMP,0.24282384856626824,0.0464672229619013,0.6348565760126239,65188.60906557035
775,GEV,0.2079186535313375,0.0477626472974769,0.6107722103413104,73818.91738211902
775,KDE,0.2140341129489942,0.0477626472382856,0.5461756646816776,11103.786216423847
775,TAIL,0.1732559684138278,0.0396640681351492,0.4503085159015736,10584.563827803047
776,EMP,0.1927966129208694,0.0068663825665105,0.36787649910660086,10036.11448167906
776,EVENT-EMP,0.1927966129208694,0.0026855792541266,0.31756779101635696,10036.11448167906
776,GEV,0.4059292171958624,0.0042726142410615,0.3629970067477478,10036.11448167906
776,KDE,0.2663304797958736,0.0068682535840206,0.7376084754218213,10036.11448167906
776,TAIL,0.089590330976312,0.002823370473143,0.12958828409587306,10036.11448167906
777,EMP,0.1746475035271606,0.0266380208649012,0.19322759387239904,8849.747066637812
777,EVENT-EMP,0.1746475035271606,0.0266235603359935,0.1809808789561581,8849.747066637812
777,GEV,0.0118732859235748,0.0266381049264345,0.15688657354482166,12314.67316584786
777,KDE,0.1236598921252155,0.0266380208648303,0.05607905916199116,28785.54529624184
777,TAIL,0.0958847212096985,0.0373047109348293,0.31530475141892594,11917.862249416612
778,EMP,0.1849247686884139,0.0040084351312276,0.10821667501251234,10036.11448167906
778,EVENT-EMP,0.1849247686884139,0.0241932808008746,0.14782651796387483,15050.248374290453
778,GEV,0.0713829030696934,0.0040084351312231,0.0652895807514366,2774.0472068789727
778,KDE,0.1341407096652382,0.0040084351644175,0.18605163315089654,10036.11448167906
778,TAIL,0.0635513676428012,0.0348027769901362,0.28384331354957726,13499.961548449368
779,EMP,0.0798385113213089,0.0058355511814379,0.30697157411596004,10036.11448167906
779,EVENT-EMP,0.0798385113213089,0.0057392143205569,0.34803940652239607,10036.11448167906
779,GEV,0.1658228792663242,0.0058338757621232,0.32313460963886576,10036.11448167906
779,KDE,0.0023212916622268,0.0058355652402493,0.5111854845788928,10036.11448167906
779,TAIL,0.15871985023585,0.0003874040548596,0.18381236007099122,10036.11448167906
780,EMP,0.2173257943731786,0.0382817003861481,0.535845747272883,11448.585312339166
780,EVENT-EMP,0.2173257943731786,0.0461430114530386,0.5520153567887978,10823.490353187857
780,GEV,0.1133547408611481,0.0382883713653971,0.4965194543020473,16642.2652346973
780,KDE,0.1867860603051291,0.0382817003861481,0.4462260876839054,10425.618884231586
780,TAIL,0.1083969442486291,0.0333824233916922,0.31860079718328804,10455.42996075408
781,EMP,0.2121081773351805,0.0345267416635945,0.48124157883843693,8687.111284827814
781,EVENT-EMP,0.2121081773351805,0.0359773335246459,0.4644108555236702,8687.111284827814
781,GEV,0.1741675179133276,0.0345267416635945,0.4445553272888972,9717.036331851348
781,KDE,0.1788451978511901,0.0345267416635945,0.3750623377016473,8095.410540633214
781,TAIL,0.1976580345615951,0.0422518706204406,0.4740043161586992,9748.54001025483
782,EMP,0.1459110415744893,0.0354744397292497,0.3434389194649101,15732.389599308375
782,EVENT-EMP,0.1459110415744893,0.0255754252351277,0.28700043101381567,8105.926361215613
782,GEV,0.0192875603247475,0.0354875637696819,0.309761298997442,17220.20257670184
782,KDE,0.1074278771784358,0.0354744397292497,0.23402568527557532,10232.687486744177
782,TAIL,0.0923569098006286,0.0223003713528753,0.2495159512437455,8774.53051258903
783,EMP,0.0020303632728337,0.0510105338686947,0.3473586569547155,20280.161853674592
783,EVENT-EMP,0.0020303632728337,0.0385322897170479,0.21700946844627833,14675.554045767316
783,GEV,0.0012170033562669,0.0510105338686955,0.3904866931488903,14051.307577571417
783,KDE,0.0484592427204259,0.051010534134984,0.5597218773878712,14817.900658757942
783,TAIL,0.0149987616349492,0.0402344134316169,0.27564345060683637,14051.307577571417
784,EMP,0.1434147573842107,0.0739106867750568,0.7932405650897759,14817.900658757942
784,EVENT-EMP,0.1434147573842107,0.071160229233802,0.6765799527859151,14817.900658757942
784,GEV,0.0065549700667818,0.0739106867750574,0.7930570129199084,14817.900658757942
784,KDE,0.0469283234278574,0.0739106949287065,0.9808774990215237,14817.900658757942
784,TAIL,0.2270000038331458,0.0742233346171526,0.7666983342656291,14817.900658757942
785,EMP,0.3188301231320491,0.0598606125502625,0.6530693936199028,67290.93722043849
785,EVENT-EMP,0.3188301231320491,0.0536619892031737,0.6403191983017525,64941.54263609772
785,GEV,0.2633806856046757,0.0598606125503603,0.6239532135292386,70233.52793311741
785,KDE,0.2837537556787195,0.0598606125502627,0.5760784236018659,9112.580312954573
785,TAIL,0.0908732339012367,0.0405248601870043,0.3171201021043207,12454.656406843103
786,EMP,0.1006800832072302,0.0083604043236043,0.06152765527268342,19447.884100056355
786,EVENT-EMP,0.1006800832072302,0.005024815744191,0.05227011424090078,10036.11448167906
786,GEV,0.0072336009960778,0.0083604043719132,0.05332879770699737,19447.884100056355
786,KDE,0.0524677145472859,0.0083604042599178,0.1858817363488121,19447.884100056355
786,TAIL,0.0804817685529817,0.0182311998541173,0.21417045397875759,8450.566960897608
787,EMP,0.0379892548999052,0.031232467048037497,0.04857658245980571,28785.54529624184
787,EVENT-EMP,0.0379892548999052,0.0121437567166479,0.013103644216897168,6023.844682465412
787,GEV,0.1750700142544312,0.0314714276919575,0.09895121497860758,28785.54529624184
787,KDE,0.0138404196705729,0.0312324668201115,0.12503170469855562,28785.54529624184
787,TAIL,0.0867802493164814,0.021934896269604,0.23388983201652122,8735.916546773477
788,EMP,0.2316510393233344,0.0019280965969468002,0.24647810597391798,14348.549419072973
788,EVENT-EMP,0.2316510393233344,0.0094412801809901,0.29356685645604247,7934.179083778213
788,GEV,0.181315246268253,0.0019280965969470003,0.23540373458497232,5460.327000061257
788,KDE,0.1843323239743859,0.0019280965969465003,0.13898268273567962,8418.835688712283
788,TAIL,0.1307755838301202,0.008314623802418,0.24650083531514122,7977.047436878085
789,EMP,0.2033083523164385,0.0679787660852913,0.333320361171501,50707.82138569839
789,EVENT-EMP,0.2033083523164385,0.0461331348915927,0.2835691870152644,24986.676711884018
789,GEV,0.0130171424496741,0.0679805794319656,0.314879005830599,34201.87466803938
789,KDE,0.136130299770046,0.0679787660831952,0.22845975498444546,28785.54529624184
789,TAIL,0.12193275292057032,0.0513590153420955,0.41322392161834665,15520.503432780815
790,EMP,0.1161092481002556,0.0052666749026338,0.041921577765242135,3729.449741696939
790,EVENT-EMP,0.1161092481002556,0.0111882362843415,0.017481464287535466,6104.92462049404
790,GEV,0.0481542957655471,0.0052667245125932,0.07406635761966213,10036.11448167906
790,KDE,0.0607051972860769,0.0052666748407817,0.21127416732029713,10036.11448167906
790,TAIL,0.05738649515951791,0.0097949706113466,0.032254678477945664,6877.601891830357
791,EMP,0.0447086566484074,0.0234333524341372,0.29086645282366375,14817.900658757942
791,EVENT-EMP,0.0447086566484074,0.0267363297457695,0.21146473797446194,14051.307577571417
791,GEV,0.0463007985364905,0.0234333524340854,0.3457780310069541,14817.900658757942
791,KDE,0.0110314225730161,0.0234333566187347,0.5044260752960983,14817.900658757942
791,TAIL,0.1980691706325351,0.0374745881677168,0.49404574385958405,14817.900658757942
792,EMP,0.3629180971913489,0.0943600399296405,0.818026619336283,101747.00715188599
792,EVENT-EMP,0.3629180971913489,0.0954294949088488,0.8313088771760013,97790.65085312269
792,GEV,0.3168147792415374,0.0943600399296372,0.7955553097500156,87768.28855961065
792,KDE,0.3247925240054991,0.0943600399296403,0.7644666921698775,83179.82980474044
792,TAIL,0.201235313849359,0.0865569772972908,0.6299120404523167,97281.85369841248
793,EMP,0.0670485418613272,0.0494150209505983,0.40859900866577276,14817.900658757942
793,EVENT-EMP,0.0670485418613272,0.0198232967468438,0.2836919037393147,14817.900658757942
793,GEV,0.0747323062398719,0.0494150201259085,0.4413633927271761,14817.900658757942
793,KDE,0.0056354921118706,0.0494150211964752,0.6138635690767363,14817.900658757942
793,TAIL,0.0287539353670601,0.0040722481040424,0.06925100764599547,3329.332888264002
794,EMP,0.0341164971180398,0.0329289512976084,0.3206799098002943,14817.900658757942
794,EVENT-EMP,0.0341164971180398,0.0335460888701147,0.26946578495252216,14051.307577571417
794,GEV,0.0839163326845194,0.0329289488949739,0.37580621176472906,14817.900658757942
794,KDE,0.0234622384762948,0.0329289532320505,0.5487042594457152,14817.900658757942
794,TAIL,0.12187365509329669,0.0400402500746031,0.3999315229911312,14817.900658757942
795,EMP,0.3082127898162814,0.030596406834384797,0.4761036938034509,13873.205950528696
795,EVENT-EMP,0.3082127898162814,0.03843553545167,0.48645380104109065,13873.205950528696
795,GEV,0.2315024856491198,0.030596406833924,0.4522480465224901,7888.0596766568115
795,KDE,0.255789497356724,0.0305964068343844,0.38109261670466704,7956.493699202004
795,TAIL,0.0348971565043432,0.0256776747099851,0.17170688037569323,11122.13358966913
796,EMP,0.0880527054346541,0.0433250821014407,0.3858296547770766,14817.900658757942
796,EVENT-EMP,0.0880527054346541,0.0370414734113686,0.3078753823853938,14817.900658757942
796,GEV,0.0786013206072607,0.0433250813008762,0.42476731723070343,14817.900658757942
796,KDE,0.1441606325441985,0.0433250875809625,0.6369234800037846,14817.900658757942
796,TAIL,0.1637719661170294,0.0419658090788236,0.45722568880429154,14817.900658757942
797,EMP,0.2581937373574997,0.05693849971529,0.543317562518443,22601.617515133694
797,EVENT-EMP,0.2581937373574997,0.0610522152624131,0.5561932172414067,18199.143789021608
797,GEV,0.1582905925865984,0.0569384997768235,0.5139958902506474,18472.737766506772
797,KDE,0.221537664031913,0.05693849971529,0.4683454089277376,12770.050249879869
797,TAIL,0.1095491153377617,0.0465141137388631,0.36561103123226435,13769.136662930561
798,EMP,0.9355684455612704,0.0676683629019499,1.286233463415068,14817.900658757942
798,EVENT-EMP,0.9355684455612704,0.0541411577306126,1.2414130330030702,14817.900658757942
798,GEV,0.891956237002502,0.05727681061285699,1.2310340907135247,14817.900658757942
798,KDE,1.0566722421005754,0.0702873803871751,2.125172015258312,14817.900658757942
798,TAIL,0.1127546337805848,0.0005415658618433,0.16506305231523874,10036.11448167906
799,EMP,0.23737340733759002,0.0417279541823023,0.1477534610540611,49456.800815213675
799,EVENT-EMP,0.23737340733759002,0.0213961993164766,0.12289155344616313,10814.657882205314
799,GEV,0.1589761587339191,0.0417279541820735,0.16279020529345445,50483.06969252011
799,KDE,0.1809963013359773,0.0417279541823023,0.24032835283558418,16794.27154990389
799,TAIL,0.0968270415731664,0.030010745965135796,0.3003657705498595,14817.900658757942
800,EMP,0.2068409282634159,0.0169302691439936,0.2821430005894714,7978.058085935812
800,EVENT-EMP,0.2068409282634159,0.0163639946986263,0.32078868962406276,8517.644275015531
800,GEV,0.1473675905484207,0.016930269143994,0.25739098162078883,7918.240563785657
800,KDE,0.1653541068979032,0.0169302691439928,0.16819296037988313,9024.68001336356
800,TAIL,0.1655139403034831,0.0165135789509865,0.33389574775875075,7883.3031965640075
801,EMP,0.0565430741715405,0.0530299064779292,0.6020334017747309,14817.900658757942
801,EVENT-EMP,0.0565430741715405,0.0520859080708626,0.5678596975964431,14817.900658757942
801,GEV,0.2567952656876011,0.0530029838821606,0.6003289666667658,14817.900658757942
801,KDE,0.0388996141612441,0.0530299127440759,0.8482445373646996,14817.900658757942
801,TAIL,0.0746642411049934,0.0437851644427113,0.3551095103665006,13499.961548449368
802,EMP,0.1655017301064314,0.0227758759865115,0.19129946802824643,9715.657959372737
802,EVENT-EMP,0.1655017301064314,0.0078288729844989,0.03802577893925298,3248.9034639118863
802,GEV,0.0518462002744531,0.0227758760497817,0.15874445524259667,9854.303905355433
802,KDE,0.1210681479770478,0.022775875986449,0.05590441626666129,28785.54529624184
802,TAIL,0.1450211203466454,0.0058165804850896,0.23806360571623675,10036.11448167906
803,EMP,0.2737414461525085,0.0480748346034169,0.5886321910690323,10808.526241593994
803,EVENT-EMP,0.2737414461525085,0.0473410721940783,0.6059477679441779,10808.526241593994
803,GEV,0.2373413950514133,0.0480748346034173,0.5623218092431113,10392.063664888652
803,KDE,0.24270719854789974,0.0480748346034171,0.508574041845308,8670.425446068868
803,TAIL,0.2597639423485758,0.0536970974082714,0.6192315851353888,68709.85263853437
804,EMP,0.3222370398281837,0.0621000617513351,0.5309630845974803,29702.39109536043
804,EVENT-EMP,0.3222370398281837,0.0648852231126647,0.5830993184196646,12405.251475500254
804,GEV,0.1991736882687143,0.062100061751323904,0.5271931706483769,15442.210156088075
804,KDE,0.267532324739956,0.0621000617513351,0.4640053098934198,11022.456991037976
804,TAIL,0.23817394993120958,0.0664506596835473,0.6380962245272168,77613.43983034251
805,EMP,0.0482004125197807,4.777233045777229e-05,0.1205075490234046,10036.11448167906
805,EVENT-EMP,0.0482004125197807,0.0009593774712405,0.11893815292792059,10036.11448167906
805,GEV,0.1383683813054759,5.558011666762195e-05,0.1706319016603823,10036.11448167906
805,KDE,0.103291422370024,4.776954364836592e-05,0.3412769214116777,10036.11448167906
805,TAIL,0.0394928485496334,0.0042814074231956,0.041131750514161486,3428.5528398376578
806,EMP,0.1238212552131206,0.0045369889135688,0.07098798097328543,3982.003153584794
806,EVENT-EMP,0.1238212552131206,0.0001376000924088,0.08982986034371176,5612.390520161845
806,GEV,0.0524670973378903,0.0045369889121888,0.04097119119606449,936.7034111289928
806,KDE,0.0818396005419094,0.0045369889135832,0.10006219673555827,10036.11448167906
806,TAIL,0.0064981460570917,0.0042701122646667,0.0168422474980221,640.8845523889695
807,EMP,0.2703070275572873,0.0339915014940215,0.6410372420484692,14817.900658757942
807,EVENT-EMP,0.2703070275572873,0.0434385559961341,0.6890179581510346,14817.900658757942
807,GEV,0.4880941603758521,0.0316670660415264,0.6172895036514753,14817.900658757942
807,KDE,0.3432711150231982,0.0339935557068676,0.9758907504166479,14817.900658757942
807,TAIL,0.1653803449599811,0.0284232826547566,0.3978272852608875,14817.900658757942
808,EMP,0.0487526725476223,0.0261264415788747,0.301354077314326,14817.900658757942
808,EVENT-EMP,0.0487526725476223,0.0195293972583036,0.15996955426519566,14817.900658757942
808,GEV,0.0063009855721749,0.0261264415788754,0.33209186990311,14817.900658757942
808,KDE,0.0029868823564382,0.0261264429229546,0.48972301909237526,14817.900658757942
808,TAIL,0.0804810045750448,0.0220258579519378,0.23187928395607857,14817.900658757942
809,EMP,0.3297310545507938,0.0213410091802817,0.32439546935437713,14817.900658757942
809,EVENT-EMP,0.3297310545507938,0.0126728445900975,0.26278906192242685,14817.900658757942
809,GEV,0.2341386469822196,0.0213026912354776,0.3961638082122972,14817.900658757942
809,KDE,0.4009257042416992,0.0213434631405075,0.7123605651223667,14817.900658757942
809,TAIL,0.0253576724561737,0.003410543846045,0.05142646533945279,3324.7690421053103
810,EMP,0.0717849856722689,0.0069183290664022,0.2054709943081653,3285.7722703456466
810,EVENT-EMP,0.0717849856722689,0.0103605320353891,0.22168348526878068,7991.657079534295
810,GEV,0.0389457893946129,0.0069175869145768,0.1653659159584523,3178.0804476348885
810,KDE,0.0323372820118805,0.0069183290664022,0.046422263432402994,2258.8960407287295
810,TAIL,0.0808702694319216,0.0099875280409732,0.17463495880797378,14817.900658757942
811,EMP,0.3045949767064,0.073687948721318,0.6230405055067031,107996.00332720784
811,EVENT-EMP,0.3045949767064,0.0717131345435095,0.6414696192955388,83981.15508807657
811,GEV,0.2013484053408184,0.0736879487213237,0.6118180871736706,86126.6604878474
811,KDE,0.2659572675939806,0.0736879487213182,0.5696742886423536,19281.233413291473
811,TAIL,0.1996029018652143,0.0675228623145932,0.5778587677621968,80722.83784924075
812,EMP,0.0004155229741578,0.05737566689533789,0.19984801138142438,44040.0571129589
812,EVENT-EMP,0.0004155229741578,0.0429953974543792,0.1512704394152949,30274.46707044728
812,GEV,0.13448933053968,0.0580081368090731,0.21703357506183765,46064.07414646974
812,KDE,0.0512490086353608,0.05737566659002989,0.08240691874904112,28785.54529624184
812,TAIL,0.0444127282475929,0.0445895805827356,0.26734707136131797,17329.398138187826
813,EMP,0.0787046504924194,0.0474567370362673,0.3479064372022343,14051.307577571417
813,EVENT-EMP,0.0787046504924194,0.0387882163955958,0.3171023417649821,14051.307577571417
813,GEV,0.1914980655469094,0.0473779015792692,0.3514344166530632,14051.307577571417
813,KDE,0.0039675298740453,0.0474567370535986,0.5685114912494833,14817.900658757942
813,TAIL,0.0191739558764461,0.0356604162827142,0.17734065522156436,14051.307577571417
814,EMP,0.1521790321559254,0.0023291343270955,0.03135510338452255,653.352886998819
814,EVENT-EMP,0.1521790321559254,0.0040988232631672,0.03939417847746514,3476.7046972187236
814,GEV,0.0130826482958762,0.0023291343265942,0.07118693119483262,10036.11448167906
814,KDE,0.0715819445031239,0.0023291345955198,0.2203395987262961,10036.11448167906
814,TAIL,0.0767297247333179,0.004646627702073,0.1360938816573866,10036.11448167906
815,EMP,0.2684965121780297,0.0443367219337663,0.46058605696692034,9178.698623001887
815,EVENT-EMP,0.2684965121780297,0.0420558814996058,0.47732783668865264,12633.368881459968
815,GEV,0.2198626970771422,0.0443367219338614,0.44319808152207407,8470.090508394254
815,KDE,0.2274611592528042,0.0443367219337661,0.36631552396127115,7938.787476943496
815,TAIL,0.1023233957019811,0.0421899222055523,0.3405743748716268,12612.404522721346
816,EMP,0.2248043077599639,0.0169370295281486,0.13755820216392534,37570.34382749608
816,EVENT-EMP,0.2248043077599639,0.0092486443074861,0.2350958223474771,15365.991001082584
816,GEV,0.22974913868147262,0.0169370292087977,0.12679367121014817,22895.956149200494
816,KDE,0.1880916913387855,0.0169370295281486,0.1346196490684214,19289.986790806364
816,TAIL,0.029226849122789,0.0063174292252381,0.08136058295617082,3252.191207803682
817,EMP,0.1523403679208645,0.0179345452328773,0.24712307801394345,10498.036495399041
817,EVENT-EMP,0.1523403679208645,0.0397354333199965,0.31342609726318127,15469.312738137009
817,GEV,0.0978580697811399,0.0179345452329005,0.22050027017411666,8122.783952718601
817,KDE,0.1070236280985828,0.0179345452328728,0.10400583846760747,7860.324982431717
817,TAIL,0.1075445699957198,0.0412899023199695,0.351112691018404,12870.100784877628
818,EMP,0.1705437119619359,0.06241474012148989,0.509461482542136,25612.912011529217
818,EVENT-EMP,0.1705437119619359,0.0662424214697948,0.47948839244655406,32738.449396845368
818,GEV,0.0921757252029105,0.0624147400955124,0.5484501547285899,14817.900658757942
818,KDE,0.0961690426987606,0.06241474050911241,0.6915706987552485,14817.900658757942
818,TAIL,0.2063023988854304,0.0784314000157166,0.7735909062797676,14817.900658757942
819,EMP,0.0329253881525475,0.0332964520874602,0.6996132150184067,14817.900658757942
819,EVENT-EMP,0.0329253881525475,0.029049637848178895,0.6136657858678003,14817.900658757942
819,GEV,0.3306619537458914,0.0332667265534124,0.6990024513612583,14817.900658757942
819,KDE,0.1040969329407098,0.033297593409557,0.9590114520031102,14817.900658757942
819,TAIL,0.1287045403572877,0.014848626590536,0.27031563138747106,14817.900658757942
820,EMP,0.1433756022320579,0.0239253420777513,0.45637477019819694,14817.900658757942
820,EVENT-EMP,0.1433756022320579,0.0338994790604441,0.5114827343882321,14817.900658757942
820,GEV,0.1734351989256721,0.0239225572824925,0.3883930767333695,14817.900658757942
820,KDE,0.0393694571284551,0.0239253482508516,0.6509926085706784,14817.900658757942
820,TAIL,0.1798781169823512,0.0229609002123496,0.38485305764556654,14817.900658757942
821,EMP,0.0109465048871045,0.0023982592743764,0.06604505170255688,3181.295249141649
821,EVENT-EMP,0.0109465048871045,0.0034203655865966,0.10378442856236596,3181.295249141649
821,GEV,0.0628272425522085,0.0023903226568529,0.030650940721435364,3811.275660247128
821,KDE,0.05924119485615469,0.0023982593093586,0.1506278923030967,10036.11448167906
821,TAIL,0.068420832804766,0.0097079836634246,0.16304386314379235,14817.900658757942
822,EMP,0.1770181045621633,0.0189673465695653,0.02689827455101261,28785.54529624184
822,EVENT-EMP,0.1770181045621633,0.0099159387350198,0.021206483355847634,19447.884100056355
822,GEV,0.0045001365911631,0.0189673465697243,0.05779518157916092,28785.54529624184
822,KDE,0.102345558673149,0.0189673460149588,0.19486963203786697,28785.54529624184
822,TAIL,0.061544236289503305,0.0239534516073667,0.20488609840599312,9451.255529887976
823,EMP,0.225235342475244,0.0281251173092395,0.334366855262604,8302.73181936983
823,EVENT-EMP,0.225235342475244,0.0155328862419372,0.18791747384230154,7938.297459891997
823,GEV,0.1049852569979389,0.028125117312899104,0.29586411980750804,9560.776424065853
823,KDE,0.1810513372544263,0.028125117309239295,0.21418605126074552,7349.393167268175
823,TAIL,0.0292617058256129,0.014043593212993498,0.04324648210349843,10179.24007358402
824,EMP,0.1014683044382508,0.0013555673242601,0.020076426860437122,1318.2373200107572
824,EVENT-EMP,0.1014683044382508,0.0070279591591635,0.023137372164548378,1325.889171933445
824,GEV,0.050003680320701,0.0013555673242606,0.049362967071814326,3610.0700324751024
824,KDE,0.0544298525023414,0.0013555672387568,0.16829343943860492,10036.11448167906
824,TAIL,0.0390343391868309,0.0163493003306855,0.03034585685309421,10522.808766876968
825,EMP,0.105742565723796,0.0664490849873352,0.7350746031672365,14817.900658757942
825,EVENT-EMP,0.105742565723796,0.0660910387076923,0.6611196361380158,14817.900658757942
825,GEV,0.134568415569952,0.0664490848963925,0.7327479198931866,14817.900658757942
825,KDE,0.0116813797991068,0.0664490911448784,0.949691982225629,14817.900658757942
825,TAIL,0.1997907405628478,0.0698347196443749,0.7040319885707319,14817.900658757942
826,EMP,0.1340854460595163,0.0033030007324768,0.0468872485606653,17170.637618090856
826,EVENT-EMP,0.1340854460595163,0.015144693741455502,0.038194588752226435,21350.82409299041
826,GEV,0.103965453566059,0.0033352109040802,0.04723460242576513,6310.723195795488
826,KDE,0.0789677989856178,0.0033030007280669,0.1781020047309244,10036.11448167906
826,TAIL,0.0185991293942354,0.0198992538073,0.13217773042132278,10453.510313117566
827,EMP,0.1501448138895964,0.0184006850470028,0.2630776562063583,7883.456960561995
827,EVENT-EMP,0.1501448138895964,0.0061032174775339,0.26697096623771505,3912.4651287367774
827,GEV,0.11477479011343078,0.0184006850470022,0.21821135890800675,7923.926759527996
827,KDE,0.1101679916536485,0.0184006850469739,0.12188089910258891,8027.125088368232
827,TAIL,0.0660125838881382,0.0016223987889247,0.11187580878360819,3282.8399702390243
828,EMP,0.23147691340695736,0.0435205443128646,0.30538508048256685,19779.853052286122
828,EVENT-EMP,0.23147691340695736,0.0255577416804157,0.3210111012609704,8126.230951660003
828,GEV,0.1087936552431364,0.0435205443128642,0.2900513702617007,12202.06738206403
828,KDE,0.1800307886677149,0.0435205443125428,0.20107099812957172,28785.54529624184
828,TAIL,0.0938932186564182,0.0237857567574009,0.23512140488472458,8589.154975464568
829,EMP,0.22855857297490323,0.0399698066050549,0.27463652729002175,23024.99682074816
829,EVENT-EMP,0.22855857297490323,0.05569975179286871,0.25757953891093716,25496.84875212144
829,GEV,0.0571163941724769,0.0399698084450907,0.25274396089327866,14425.599485550387
829,KDE,0.1681785707242662,0.0399698066050237,0.16613542459045846,28785.54529624184
829,TAIL,0.1679604111011778,0.0716110746635169,0.5445936626214593,87419.59752533905
830,EMP,0.0083928507772771,0.012634184399642,0.07474447957449834,10354.273456180468
830,EVENT-EMP,0.0083928507772771,0.0269246127224848,0.08438248492759547,15911.523730951361
830,GEV,0.02610383458164,0.0126342075654001,0.01791521899619679,6599.372339730048
830,KDE,0.059987441650946195,0.0126341794903687,0.17023643546146291,19447.884100056355
830,TAIL,0.094410973288602,0.0379514114654992,0.30535938438077664,11179.232445636453
831,EMP,0.3369594924595775,0.0468861979872696,0.622862798159528,18641.971921241842
831,EVENT-EMP,0.3369594924595775,0.0581541828651418,0.6514416437248781,68803.89799829945
831,GEV,0.2548318471487771,0.04688619798727,0.610207790508213,10373.666375580555
831,KDE,0.2947148789537926,0.0468861979872694,0.5630209468874676,8720.096890167022
831,TAIL,0.28446003855433,0.0597842383899189,0.6982424064699445,71775.52433617826
832,EMP,0.0923823908025801,0.0059414983921414,0.22791019878563945,10036.11448167906
832,EVENT-EMP,0.0923823908025801,0.0173703805073118,0.22408356845319555,14817.900658757942
832,GEV,0.1489314008677971,0.0059400822450272,0.2854853940041844,10036.11448167906
832,KDE,0.1512376092860206,0.0059415851973702,0.47045681485944957,10036.11448167906
832,TAIL,0.0768098703494038,0.015586777523057902,0.20014156388484144,14817.900658757942
833,EMP,0.2992256498911371,0.1031307372467717,1.025891312903384,14817.900658757942
833,EVENT-EMP,0.2992256498911371,0.0789272532259901,0.9128815365072634,14817.900658757942
833,GEV,0.3435820466084335,0.1031027565274147,1.0617003668757532,14817.900658757942
833,KDE,0.3705571279966034,0.1031314840612917,1.3991446479568375,14817.900658757942
833,TAIL,0.4438550478165958,0.0893197768750869,1.1472643814131311,14817.900658757942
834,EMP,0.061129552796308,0.0244417228679561,0.15696665207531602,32049.489104312845
834,EVENT-EMP,0.061129552796308,0.0181148898619989,0.09975392504360725,14553.209770956388
834,GEV,0.1478478092671478,0.0261722588986418,0.195228752861115,26554.834728291262
834,KDE,0.0134497305060399,0.0244417228676979,0.04401104995389572,28785.54529624184
834,TAIL,0.1034184159306986,0.0189650385745342,0.23427917966181402,8118.794321131271
835,EMP,0.0974324080482945,0.0815973002690794,0.7983390628924151,14817.900658757942
835,EVENT-EMP,0.0974324080482945,0.0857205509937681,0.723407242234124,49177.78694397604
835,GEV,0.0387631372522051,0.0815973002279668,0.8186184631649076,14817.900658757942
835,KDE,0.0275938401193309,0.0815973088704801,0.9888894280500864,14817.900658757942
835,TAIL,0.3315237034782089,0.0979375062800503,1.0706118073684112,14817.900658757942
836,EMP,0.0518528148774438,0.0104195126926615,0.08580107569515377,7909.459569176969
836,EVENT-EMP,0.0518528148774438,0.0191133701143119,0.10871153982051289,9227.398679485545
836,GEV,0.0302528427933941,0.0104198721775629,0.041520418549770365,9854.14196045138
836,KDE,0.0045780966591429,0.0104195126716126,0.09518653884627075,19447.884100056355
836,TAIL,0.0093825429627157,0.0178206279370133,0.07589404109587623,10510.368791253619
837,EMP,0.2596871260410337,0.0110923115860798,0.28897917817743124,8801.704657065993
837,EVENT-EMP,0.2596871260410337,0.0187154718776428,0.31790184858490406,7981.05579973602
837,GEV,0.132056761842735,0.0110923115860796,0.27392028290722953,7884.947901504426
837,KDE,0.2107191517660601,0.0110923115860796,0.18389926899072015,8501.02372300066
837,TAIL,0.1511915732417797,0.0194295037021774,0.3328478887957973,8003.812761936027
838,EMP,0.4133096265762874,0.0089104251737499,0.3145955360305638,14817.900658757942
838,EVENT-EMP,0.4133096265762874,8.098051666341e-05,0.2752378445252985,10036.11448167906
838,GEV,0.3603665779772171,0.0080088993619735,0.38831857514614376,10036.11448167906
838,KDE,0.49093896357161676,0.0089229435894959,0.7588588711767862,14817.900658757942
838,TAIL,0.0191592113757479,0.0158327066221038,0.09921022025965814,9569.084718693979
839,EMP,0.12225777134885539,0.0128027791398932,0.14952008125626293,8504.894358365798
839,EVENT-EMP,0.12225777134885539,0.022404078693916,0.20962665659779448,8563.209956109213
839,GEV,0.0291854163108033,0.0128027799082024,0.0925309732981736,7724.462806787342
839,KDE,0.0722605860156058,0.0128027791374724,0.031674407344503656,19447.884100056355
839,TAIL,0.0045602844737641,0.008827929864494,0.0319386491826785,9049.946032351194
840,EMP,0.0630417127744383,0.009695612014691,0.2108964102859815,14817.900658757942
840,EVENT-EMP,0.0630417127744383,0.0133323935025789,0.181188836461845,14817.900658757942
840,GEV,0.1909208818788861,0.0096130090901583,0.20673395034642764,14817.900658757942
840,KDE,0.0114498358899429,0.0096956156207851,0.42059873985046964,14817.900658757942
840,TAIL,0.0102099532419328,0.014336835914427502,0.07471039074953456,14051.307577571417
841,EMP,0.2983698611322019,0.0253773208198082,0.19542047818994263,10378.353405870808
841,EVENT-EMP,0.2983698611322019,0.007500754585924601,0.16680689612788044,8051.383182522737
841,GEV,0.192249092110607,0.0253773208127845,0.19984118361372388,9486.62789233867
841,KDE,0.2116382290941755,0.0253773208177325,0.07946899108879828,28785.54529624184
841,TAIL,0.030678913935967295,0.006288849688804,0.05618820234547485,3189.967366742177
842,EMP,0.0314099860938191,0.032409566621531,0.1549631033492606,37653.08871572992
842,EVENT-EMP,0.0314099860938191,0.0214285230810628,0.09459735772382516,9261.945581335574
842,GEV,0.107440462277509,0.0325274074447666,0.1405413582819002,23024.820419291034
842,KDE,0.0165367727049601,0.0324095666113043,0.023021336014019077,28785.54529624184
842,TAIL,0.0753714728742669,0.0264963737266778,0.2372990418162957,9697.351438969064
843,EMP,0.165060569765832,0.006982733172695101,0.16879085516917186,4605.658091641239
843,EVENT-EMP,0.165060569765832,0.0038631220713829994,0.08449710009268892,6778.1586888835045
843,GEV,0.0791414412795572,0.006982733172819199,0.1416002028217788,3196.268845660819
843,KDE,0.1250245207713173,0.0069827331726939,0.04826220326762636,1243.2148047244798
843,TAIL,0.0263114498464388,0.0086524751777742,0.08504552228521509,14817.900658757942
844,EMP,0.2508056375031439,0.0277844777824282,0.37881321153537045,13543.73097763583
844,EVENT-EMP,0.2508056375031439,0.0202059276658344,0.3044112437597378,8016.869410931754
844,GEV,0.1374295711789312,0.027784477782584503,0.3647466230112402,9241.639067260548
844,KDE,0.1993873902360189,0.0277844777824282,0.2877211960404839,7954.945582963838
844,TAIL,0.0874965040245501,0.0232428317682133,0.24414550495953394,8905.373991233297
845,EMP,0.3026551420088244,0.034694537829208,0.46297508112373925,8586.416340808386
845,EVENT-EMP,0.3026551420088244,0.0446700795752061,0.5007445001699246,10294.934740921171
845,GEV,0.2165832382027313,0.0346945378292086,0.43750430363155335,8071.123617172551
845,KDE,0.2501294906097129,0.0346945378292082,0.3667978195920071,7924.964409613982
845,TAIL,0.1292209367720504,0.0405593124213649,0.38683918830534925,12098.667260221207
846,EMP,0.1056641414885549,0.0567647716969987,0.5551883166290847,14817.900658757942
846,EVENT-EMP,0.1056641414885549,0.0517390458587762,0.46446283540559985,14817.900658757942
846,GEV,0.0074008576313138,0.0567647716969985,0.5428851716677144,14817.900658757942
846,KDE,0.0505109130906942,0.0567647717982023,0.7190231667134916,14817.900658757942
846,TAIL,0.24583982204642257,0.0600000646942587,0.7216444766722419,14817.900658757942
847,EMP,0.0948214190215277,0.0038713349434024,0.05284151415648971,2236.870869175117
847,EVENT-EMP,0.0948214190215277,0.0082712791251633,0.07401822249626863,10027.852663702952
847,GEV,0.1803178165151629,0.0040218354425839,0.10514755067211647,4923.698681378323
847,KDE,0.1502805232672725,0.0038713332650222,0.2854087736137013,10036.11448167906
847,TAIL,0.0977741781956943,0.0148025628853089,0.22778919825186886,8042.941156951711
848,EMP,0.2707244882878932,0.0223396589173148,0.3512369319134233,7927.6428712907555
848,EVENT-EMP,0.2707244882878932,0.0338525544203602,0.3618474193726626,7927.6428712907555
848,GEV,0.180128220237845,0.0223396589173156,0.3231053031533373,7905.747174285352
848,KDE,0.2074750729060907,0.0223396589173148,0.23563312965699362,8258.309690685943
848,TAIL,0.0754255068929064,0.0292875672237589,0.24543806196226953,9685.020686217273
849,EMP,0.2170412139281337,0.0335533994490151,0.23696737509896015,14069.478562660204
849,EVENT-EMP,0.2170412139281337,0.0209649857998449,0.20427860566066652,8121.696849841003
849,GEV,0.0508452539139763,0.0335534008641893,0.21708503180314975,12546.357821173966
849,KDE,0.1634646347860033,0.0335533994489974,0.11978717124528972,28785.54529624184
849,TAIL,0.00564288288289,0.0203503644298708,0.09794940756877028,10417.276212173205
850,EMP,0.24043401206633114,0.0116189334520376,0.3800687560408895,7924.232371535152
850,EVENT-EMP,0.24043401206633114,0.0211995283425767,0.4154420693358799,7924.232371535152
850,GEV,0.1791172303322549,0.0116189334520404,0.35209075964190967,7996.37067292134
850,KDE,0.1913841083126278,0.0116189334520376,0.2665545151996974,8899.133132835852
850,TAIL,0.0808832051203864,0.0180774938836549,0.21575532644673515,8444.612622314133
851,EMP,0.158310222087865,0.0223050947899305,0.45395789043032597,14817.900658757942
851,EVENT-EMP,0.158310222087865,0.0199185109510179,0.37431077380369465,14817.900658757942
851,GEV,0.3163282183824052,0.0221666280808884,0.5041735909451899,14817.900658757942
851,KDE,0.2249438645526895,0.0223056810478788,0.7553484738932081,14817.900658757942
851,TAIL,0.0260062283922333,0.0011421053868512,0.0344146008192045,3345.6543011648787
852,EMP,0.364056781205834,0.061602215663822596,0.7834579127189261,74717.96676805492
852,EVENT-EMP,0.364056781205834,0.0701311886633068,0.7999040235377594,74717.96676805492
852,GEV,0.3463990995548853,0.061602215668396,0.780296166072543,68091.57075682987
852,KDE,0.3192236388581631,0.0616022156638228,0.7241311864817116,68641.4852951761
852,TAIL,0.3144474503782704,0.0715909979854585,0.7823196672594473,77000.7029915659
853,EMP,0.1261475063189051,0.0249646316209568,0.35395663377218634,14817.900658757942
853,EVENT-EMP,0.1261475063189051,0.0448117778235079,0.7101210625035836,14817.900658757942
853,GEV,0.2937202508735957,0.024626671410465,0.3869802757151867,14817.900658757942
853,KDE,0.1871447488280282,0.0249646604115506,0.6268323039781363,14817.900658757942
853,TAIL,0.3720748008316009,0.05620779848057081,0.8272475110770033,14817.900658757942
854,EMP,0.2642582114883964,0.0591874224510892,0.6576868749417802,65830.29963500384
854,EVENT-EMP,0.2642582114883964,0.0275617336085235,0.5284699517289179,9375.304283007048
854,GEV,0.2665330306154808,0.059187422451077096,0.6377053608187756,70443.86512442016
854,KDE,0.2350659394125948,0.0591874224510892,0.5774296971781823,9628.41970424354
854,TAIL,0.1418318441840444,0.0264689763656041,0.3529817671998312,8786.100837618733
855,EMP,0.2788178601460038,0.0301416044686437,0.38307102857958886,8000.017093820187
855,EVENT-EMP,0.2788178601460038,0.0361577794940323,0.448098896145954,7997.614648683307
855,GEV,0.2071404747526323,0.030141604470959902,0.36116801832208906,7905.174465397683
855,KDE,0.2288759094301147,0.0301416044686436,0.27853803941858035,8858.581509418475
855,TAIL,0.0687974663260671,0.0258626713456914,0.23326951321149458,9870.95733268497
856,EMP,0.1912837161751537,0.0122019642935708,0.10868035207097264,14051.307577571417
856,EVENT-EMP,0.1912837161751537,0.001623998460175,0.06619219581097256,4134.535853279444
856,GEV,0.0612959270523684,0.0122019642935715,0.07697626932566179,14051.307577571417
856,KDE,0.12106582395224048,0.0122019642949284,0.1909540346666246,14817.900658757942
856,TAIL,0.0264688979982057,0.0047285541794317,0.06372045967518362,3199.60466630405
857,EMP,0.1622556954859105,0.066104659811874,0.3180283265546404,61577.957643101305
857,EVENT-EMP,0.1622556954859105,0.0653915555909445,0.36180580591756445,23710.000398714095
857,GEV,0.0018136286154995002,0.066107078025608,0.29265644979767363,33602.010874041975
857,KDE,0.1188395366528518,0.0661046598108062,0.22445153014030148,28785.54529624184
857,TAIL,0.1642628116717455,0.0750646698458626,0.5462441358258858,90451.82828146458
858,EMP,0.1273872289468045,0.029878620625052102,0.33894727935581975,15825.64620923251
858,EVENT-EMP,0.1273872289468045,0.025648794257136,0.28550170088592464,7884.704184299026
858,GEV,0.114955071946851,0.02987862062507,0.3014155737324697,9410.918139311796
858,KDE,0.0873359413075877,0.029878620625020495,0.19628730378292616,8680.833662753304
858,TAIL,0.081350669152537,0.0219786559970652,0.2258365346757263,8839.430908817178
859,EMP,0.12059228232576381,0.0550906098358151,0.6761965957924443,14817.900658757942
859,EVENT-EMP,0.12059228232576381,0.0557610563848237,0.6123919342421934,14817.900658757942
859,GEV,0.1695422694674838,0.0550906045189734,0.7062212674530569,14817.900658757942
859,KDE,0.1845570141463231,0.0550908923318613,0.9457934792111973,14817.900658757942
859,TAIL,0.17538119270219,0.0439303087599768,0.5026138689668823,14817.900658757942
860,EMP,0.23423415105310466,0.0232900383126861,0.23956414164541495,9565.426508941067
860,EVENT-EMP,0.23423415105310466,0.0189160775480779,0.2983312059284009,8782.515948227918
860,GEV,0.1440071211484162,0.0232900383126858,0.22233682330072846,7897.666033990371
860,KDE,0.1779198638086473,0.0232900383126394,0.12568105293263632,9896.715576862916
860,TAIL,0.1466921038073375,0.0205548097336509,0.31422984457842956,8006.095647122711
861,EMP,0.0633496357979982,0.010067060688256,0.15576590586938732,8283.869172965797
861,EVENT-EMP,0.0633496357979982,0.0285825414395476,0.20968996595195433,9282.672613013225
861,GEV,0.0087890828419286,0.0100671294759783,0.09703434515381264,8583.232167236818
861,KDE,0.0177724425630398,0.0100670606696597,0.04117175517706271,19447.884100056355
861,TAIL,0.0630510918653076,0.0226347369978055,0.20267643959859985,9251.89048484868
862,EMP,0.3001412312751135,0.0786664257872946,1.0769603733373279,14817.900658757942
862,EVENT-EMP,0.3001412312751135,0.0738702121780688,1.0001519692068002,14817.900658757942
862,GEV,0.5738347011836655,0.0776979801419095,1.0973900574995878,14817.900658757942
862,KDE,0.3804447434406389,0.0786802436477968,1.4991343568122584,14817.900658757942
862,TAIL,0.4969542834931457,0.0809278551693195,1.0984547698281193,14817.900658757942
863,EMP,0.3644243945065529,0.0885747819854378,0.8503827924907988,89620.2279411244
863,EVENT-EMP,0.3644243945065529,0.0858469628315755,0.8603894438243997,82373.17881922837
863,GEV,0.3467150842062308,0.0885747819857977,0.8391047394059199,81970.00840539444
863,KDE,0.3377400753670509,0.0885747819854378,0.8056008766384223,79752.21298072363
863,TAIL,0.3588821324025629,0.0905808595007125,0.8678290544010389,83236.74537288025
864,EMP,0.0574886544049124,0.0535675435228511,0.43940570788445726,14051.307577571417
864,EVENT-EMP,0.0574886544049124,0.0368324972556785,0.34175215578813295,14817.900658757942
864,GEV,0.095398685260223,0.0535675238178361,0.4591034635711055,14817.900658757942
864,KDE,0.0110120122968129,0.0535675436075583,0.6430582096730202,14817.900658757942
864,TAIL,0.11867601812410761,0.0329214400386035,0.34865945257453496,14817.900658757942
865,EMP,0.0562386538295582,0.0654163479125527,0.5340628418192017,94343.00829151708
865,EVENT-EMP,0.0562386538295582,0.0720739973198016,0.5476792572218702,88896.33478667907
865,GEV,0.11926928523252661,0.0654179063775501,0.5335522998767741,92491.85270248746
865,KDE,0.0163716249079784,0.065416347912546,0.4051961272682063,17965.345256619778
865,TAIL,0.1961167064638444,0.0717542207405546,0.5894896754370963,83952.07517636092
866,EMP,0.1582470209357171,0.0047750109842541,0.11656366643038168,10036.11448167906
866,EVENT-EMP,0.1582470209357171,0.0006499032291823,0.14365318113095815,10036.11448167906
866,GEV,0.0404249634566263,0.0047750025568783,0.12162228667842573,10036.11448167906
866,KDE,0.09383909685008,0.0047750110279398,0.2731410889227357,10036.11448167906
866,TAIL,0.0052096478207498,0.0121801031357828,0.05068386618624824,9455.490107647143
867,EMP,0.0432001274447923,0.0555033214326771,0.6224934529915599,14817.900658757942
867,EVENT-EMP,0.0432001274447923,0.0367238356059161,0.5134580462037899,14817.900658757942
867,GEV,0.3149638757578697,0.0553368065773537,0.6133774988276576,14817.900658757942
867,KDE,0.1048156210953452,0.0555033309461941,0.8766727162805932,14817.900658757942
867,TAIL,0.0839070924811951,0.028343565493669103,0.30897401842337874,14817.900658757942
868,EMP,0.2199664392352935,0.0565705649313821,0.43382828184558025,22051.824493594468
868,EVENT-EMP,0.2199664392352935,0.0412064245171783,0.37819791734557096,15276.766028309241
868,GEV,0.1257144139649622,0.0565705649341022,0.4171213207165705,18338.95013671958
868,KDE,0.1713565440435276,0.0565705649313804,0.3343665803168731,13205.763986722566
868,TAIL,0.05971430421892611,0.031831745044198,0.22993558305921427,11970.67798895389
869,EMP,0.0667981153503118,0.0358944808050117,0.16867262534980487,37606.90519782839
869,EVENT-EMP,0.0667981153503118,0.0187202437582325,0.1701465925283013,7884.706203695697
869,GEV,0.0639132907165166,0.0359123115211845,0.1438095640282825,20641.988898678992
869,KDE,0.0194169418152346,0.0358944807833516,0.03275643031474721,28785.54529624184
869,TAIL,0.064798336500935,0.0118108567910187,0.16115298538156891,8051.273906052734
870,EMP,0.2113920854986113,0.0760353226544397,0.7803157576370656,14817.900658757942
870,EVENT-EMP,0.2113920854986113,0.1118557057470627,1.2138518319855356,14817.900658757942
870,GEV,0.3045198552561169,0.076004479255648,0.8160377728824076,14817.900658757942
870,KDE,0.2773814218464052,0.0760354877281173,1.1002223441399503,14817.900658757942
870,TAIL,0.2686013996088938,0.1075640919865904,1.0793574079627475,14817.900658757942
871,EMP,0.2137800947305638,0.0265181760767327,0.2767527131561477,9086.386360458719
871,EVENT-EMP,0.2137800947305638,0.0239218965179214,0.32022639753493987,9086.386360458719
871,GEV,0.1466465782508724,0.0265181760767325,0.24060235548982037,7889.099476906161
871,KDE,0.1470483583518499,0.0265181760753791,0.1365827237567751,9026.485375923105
871,TAIL,0.1402084279119601,0.0235751335144508,0.3092721631260275,8198.177479889866
872,EMP,0.2808086316145546,0.0135326536493983,0.49857768124163204,10717.072548614506
872,EVENT-EMP,0.2808086316145546,0.0333939898707196,0.5521991742672072,11153.638660877012
872,GEV,0.2403233175863481,0.0135326536493985,0.4801163409330158,8132.392870503788
872,KDE,0.2517018728590152,0.0135326536493985,0.41959487746525775,8897.894726739576
872,TAIL,0.0631703925850612,0.0093331323527933,0.142894985316123,7932.689784621199
873,EMP,0.214437121812256,0.0240805493320195,0.24125507702096627,12835.898467336781
873,EVENT-EMP,0.214437121812256,0.020361153250231,0.1463028439562786,14153.837577645356
873,GEV,0.0483587943304978,0.0240806117728263,0.23604736447040434,10675.861138101358
873,KDE,0.1499734549941862,0.0240805493320136,0.10147139268997118,9365.337307475196
873,TAIL,0.0824660909854288,0.0179290745688894,0.21679954500768764,8405.880110980943
874,EMP,0.1923871891965058,0.0038483886197296,0.1692799679118545,10036.11448167906
874,EVENT-EMP,0.1923871891965058,0.0501516454719761,0.3083516736011284,49456.800815213675
874,GEV,0.0534193434905593,0.0038483886197294,0.09562169020572295,10036.11448167906
874,KDE,0.1261194543554229,0.0038483885386117,0.2514864341468181,10036.11448167906
874,TAIL,0.0188537250182029,0.0351715360936794,0.2856998226970461,14051.307577571417
875,EMP,0.1600137615418949,0.026653492424603,0.05018168466139104,8477.394979599243
875,EVENT-EMP,0.1600137615418949,0.027783595801418197,0.0855049478610553,14051.307577571417
875,GEV,0.015321253627433497,0.0266532657717277,0.07027382170097016,7887.413835292578
875,KDE,0.0957889133159297,0.0266534924246042,0.21126161393135484,14051.307577571417
875,TAIL,0.066491590680795,0.0289859964440397,0.0889929881715535,14051.307577571417
876,EMP,0.164252905946072,0.0081721367387608,0.13215583941772588,9499.150323297725
876,EVENT-EMP,0.164252905946072,0.0026634481644864,0.11955859117452802,4326.707883208266
876,GEV,0.0765466619886705,0.008172136711914,0.11706586582098964,8703.60964374265
876,KDE,0.1259954352685247,0.0081721367387612,0.06504479681625469,8534.297855849274
876,TAIL,0.0678007163295461,0.0065004055546012,0.13346528119044698,3177.628819985522
877,EMP,0.23193195347529022,0.0543498811695198,0.5662413874324274,85914.7102426514
877,EVENT-EMP,0.23193195347529022,0.0630999410829152,0.587595102300696,82568.76551176648
877,GEV,0.184980433455228,0.0543498811695924,0.5449823942892567,15991.210481974607
877,KDE,0.2002413661884503,0.0543498811695198,0.4887420900726211,11539.48001300078
877,TAIL,0.2122388542320893,0.0649317860559756,0.596786922791342,78666.56993144874
878,EMP,0.2033201923101877,0.0386171420688813,0.2954148502676663,14051.307577571417
878,EVENT-EMP,0.2033201923101877,0.046917472952404,0.35437164138314653,23065.2850166404
878,GEV,0.1152719136207226,0.0386171420697126,0.293712903113307,16488.68918368117
878,KDE,0.1385370403366606,0.0386171420842251,0.4350427183761399,14817.900658757942
878,TAIL,0.3443741449433268,0.0732596517175586,0.9136124735407165,14817.900658757942
879,EMP,0.030894361909306296,0.0360502753696482,0.2673031055107414,14051.307577571417
879,EVENT-EMP,0.030894361909306296,0.029451895564726802,0.20750379988590806,14051.307577571417
879,GEV,0.0887052383650608,0.036050179930215,0.3238532042079871,14817.900658757942
879,KDE,0.0253924610509174,0.0360502760711822,0.501688695218288,14817.900658757942
879,TAIL,0.0135423968264432,0.0247496907038861,0.14877925644985973,14051.307577571417
880,EMP,0.0217379592253106,0.0231413593201346,0.2674833438642651,14817.900658757942
880,EVENT-EMP,0.0217379592253106,0.007731786151776699,0.1747022448034996,10036.11448167906
880,GEV,0.1350637738430157,0.0231391789066186,0.29572809536641564,14817.900658757942
880,KDE,0.0763166602133914,0.0231413604736417,0.48060699618011504,14817.900658757942
880,TAIL,0.0405570439951008,0.0035069629029523004,0.08352135863575197,3177.075160784854
881,EMP,0.0979933447332564,0.0491482209711727,0.5202661109920664,14817.900658757942
881,EVENT-EMP,0.0979933447332564,0.0616952403828188,0.5819936825141819,14817.900658757942
881,GEV,0.034299158903504,0.0491482209711698,0.533231662936298,14817.900658757942
881,KDE,0.0224777034158194,0.0491482230556779,0.7129132980203762,14817.900658757942
881,TAIL,0.3321930962904496,0.0873819336184488,0.9943698399948465,14817.900658757942
882,EMP,0.7024522912854096,0.11349825072936372,1.3833500737848852,14817.900658757942
882,EVENT-EMP,0.7024522912854096,0.0905760932100535,1.2927790054957484,14817.900658757942
882,GEV,0.8038735480869431,0.107190395164521,1.3659965134401892,14817.900658757942
882,KDE,0.8059330813035878,0.1138153250883663,2.1254987984906455,14817.900658757942
882,TAIL,0.2062218686464659,0.0537792210586656,0.6316716338310495,14817.900658757942
883,EMP,0.2231186161037907,0.045805183324333,0.4127872099522617,17076.033193276264
883,EVENT-EMP,0.2231186161037907,0.063287928644219,0.4542575545656573,19356.601251876604
883,GEV,0.1389657005120139,0.0458051833243303,0.38615955618447784,12326.75938715941
883,KDE,0.1699778983865107,0.045805183324332,0.3035456136736565,9951.92435107225
883,TAIL,0.095408913837658,0.0606740718027564,0.4070825029867692,23270.98026480309
884,EMP,0.0335288701250621,0.0112668464992169,0.17893989918313774,14817.900658757942
884,EVENT-EMP,0.0335288701250621,0.0099563284599016,0.14706915522847666,14817.900658757942
884,GEV,0.1134313175091051,0.0112657161118195,0.21951479643105673,14817.900658757942
884,KDE,0.0205729984076478,0.0112668470244163,0.38032501838230137,14817.900658757942
884,TAIL,0.0099974990845143,0.0008495598082753,0.03004379038683638,3327.802822848368
885,EMP,0.1576950043617069,0.0485102912795437,0.35299027252683,14051.307577571417
885,EVENT-EMP,0.1576950043617069,0.0480237935145018,0.36841989099294026,14051.307577571417
885,GEV,0.0139402611187707,0.0485102912795447,0.384850834567121,14051.307577571417
885,KDE,0.0903776343855813,0.0485102912930352,0.5412954085958526,14817.900658757942
885,TAIL,0.2949275389987396,0.07633214789485,0.8655894663997517,14817.900658757942
886,EMP,0.0281190061650467,0.0638126150434753,0.5645320944158541,14817.900658757942
886,EVENT-EMP,0.0281190061650467,0.0410971897764047,0.3983156587444522,14817.900658757942
886,GEV,0.0284268461626753,0.0638126150434804,0.5940919172976145,14817.900658757942
886,KDE,0.0244082403472864,0.063812615599807,0.7660765919728317,14817.900658757942
886,TAIL,0.2144257320687567,0.0459938694630963,0.5657687889389977,14817.900658757942
887,EMP,0.0454300852141141,0.0525906420380461,0.30306439191487766,14051.307577571417
887,EVENT-EMP,0.0454300852141141,0.0433535380066026,0.4678649874347403,14817.900658757942
887,GEV,0.1998676372463373,0.052373719291541,0.32360662303380605,14051.307577571417
887,KDE,0.0971974264109172,0.0525906420447099,0.5617715274052237,14817.900658757942
887,TAIL,0.0646506257730175,0.0417946988427969,0.3261242733847134,14051.307577571417
888,EMP,0.23118976392347956,0.044061705740329,0.4248267673805926,10373.475448945537
888,EVENT-EMP,0.23118976392347956,0.0521594700305393,0.45257423432493415,10373.475448945537
888,GEV,0.144000747049709,0.044061705740328,0.38560268862133235,11592.386349891933
888,KDE,0.1878552876694735,0.0440617057403288,0.3129859670512952,9482.343340415197
888,TAIL,0.1857638819251639,0.0535453052269819,0.5181829857803751,14481.063194356859
889,EMP,0.1283728887879707,0.0157287361767998,0.05569001593429838,7984.0402416392335
889,EVENT-EMP,0.1283728887879707,0.009140952541367,0.04139146759614329,7984.0402416392335
889,GEV,0.0520345274311516,0.0157278013880021,0.08422011716750277,14051.307577571417
889,KDE,0.0527124431420567,0.0157287361826759,0.2364948015139826,14817.900658757942
889,TAIL,0.1109632597712354,0.0314191369311327,0.3374471811024245,14817.900658757942
890,EMP,0.0329750102252796,0.035134875990949,0.1764701284063782,15763.009426808605
890,EVENT-EMP,0.0329750102252796,0.0379786156083367,0.132785164416993,14051.307577571417
890,GEV,0.0285048976210879,0.0351348759909486,0.22972391031783065,14051.307577571417
890,KDE,0.0828408161455429,0.0351348761421654,0.3967569758126985,14817.900658757942
890,TAIL,0.1685243460587143,0.06042043074213291,0.5935577752156517,14817.900658757942
891,EMP,0.132751597056065,0.036239668599719,0.4497502071395856,14817.900658757942
891,EVENT-EMP,0.132751597056065,0.0039642009165877,0.28400836003674756,10036.11448167906
891,GEV,0.1068617456462189,0.0362396570158685,0.4243949192522639,14817.900658757942
891,KDE,0.056604806463946694,0.0362396689752132,0.6242272604987593,14817.900658757942
891,TAIL,0.0239233121663218,0.0045052671201508,0.024482114558043368,1439.7988857690038
892,EMP,0.2429528781896666,0.0008507542600619,0.3057592242860828,4577.27247956509
892,EVENT-EMP,0.2429528781896666,0.0120295879717192,0.3266407549169245,9779.809012383534
892,GEV,0.1807575754611221,0.0008507542600629,0.2764725507061608,4928.256550375269
892,KDE,0.1915924441041611,0.0008507542600619,0.1906894026930721,6807.74101382701
892,TAIL,0.1291223914777612,0.0127670753998508,0.23785264126787364,7906.166638759275
893,EMP,0.2436874412661155,0.0006777773757634,0.2829143627186894,3532.400192740891
893,EVENT-EMP,0.2436874412661155,0.0187835468259553,0.2858826615445704,8238.285001929538
893,GEV,0.1194232209957901,0.0006777774505405,0.2709274799837768,3266.0753749607957
893,KDE,0.1858746313659824,0.0006777773757636,0.16986914345157197,4673.096536212808
893,TAIL,0.0032223674410948,0.0111832383548343,0.04922828238776278,9162.61315878729
894,EMP,0.184518570564298,0.00046339579218189996,0.31460107117049085,5294.0563427693105
894,EVENT-EMP,0.184518570564298,0.018653008441627,0.33908706632676294,9999.941151957959
894,GEV,0.1782581035022657,0.00046339579220150006,0.2983215760914144,4370.013717413156
894,KDE,0.1514468483105338,0.00046339579218200003,0.20961775829396778,7044.94312025348
894,TAIL,0.0329394608135133,0.0159802336886723,0.10121182674234738,9149.528825658374
895,EMP,0.007531230227130499,0.0323265483620227,0.21201578150816716,14051.307577571417
895,EVENT-EMP,0.007531230227130499,0.028301358639975602,0.1949086613699726,15506.243879761236
895,GEV,0.0551749153582209,0.0323264955030921,0.23180089569341375,14051.307577571417
895,KDE,0.041410223520385,0.0323265483941037,0.39866589572436967,14817.900658757942
895,TAIL,0.0538947858408544,0.0297035358842753,0.256654561726815,14817.900658757942
896,EMP,0.2549672247687815,0.0537661420427272,0.5293000106518203,8691.616612167098
896,EVENT-EMP,0.2549672247687815,0.0628778632208706,0.5736555528923335,13427.195533165397
896,GEV,0.1992770926327103,0.0537661420427264,0.5024306544265731,12515.708720486302
896,KDE,0.2203971082133102,0.053766142042727,0.4407531319082475,8526.824168537745
896,TAIL,0.1886006274138598,0.0630907852730962,0.5530180175922719,18546.92142633752
897,EMP,0.2913014135753896,0.0487759570170224,0.5056714505865925,12403.814913204871
897,EVENT-EMP,0.2913014135753896,0.0359978357642374,0.47204607831409245,9724.063219274394
897,GEV,0.1923318618800964,0.0487759570170289,0.47683202793862517,11367.021264631921
897,KDE,0.241867905470565,0.0487759570170224,0.40793617168402435,9618.846982519142
897,TAIL,0.1546779114926985,0.0353265086884832,0.38943265449945075,9726.996034415439
898,EMP,0.0707706942679227,0.0202075572911485,0.12983282607750296,28785.54529624184
898,EVENT-EMP,0.0707706942679227,0.0165044496386079,0.06347004289985711,28785.54529624184
898,GEV,0.1399446611070722,0.0202122519141283,0.13380820736184898,28785.54529624184
898,KDE,0.014483188755774198,0.0202075451126607,0.30070548520563634,28785.54529624184
898,TAIL,0.122488617717605,0.0415811232002153,0.3712708976358025,12357.428776315413
899,EMP,0.0876324027193997,0.0276292894473103,0.08032754590719499,28785.54529624184
899,EVENT-EMP,0.0876324027193997,0.031102767952887703,0.10480382614601626,18360.88690489903
899,GEV,0.2078256917662562,0.027816610912777602,0.09746394253938916,28785.54529624184
899,KDE,0.1458033023719809,0.0276292490979424,0.26127805059745773,28785.54529624184
899,TAIL,0.1343159256731482,0.0440138027719139,0.4029017360368865,12885.943457482383
900,EMP,0.0426565180285243,0.0629273016316381,0.6427979012665703,14817.900658757942
900,EVENT-EMP,0.0426565180285243,0.0657362773268415,0.577093179192139,14817.900658757942
900,GEV,0.0773513860966383,0.0629273016316385,0.68623345322173,14817.900658757942
900,KDE,0.100053969781434,0.0629273226604072,0.8781603765547505,14817.900658757942
900,TAIL,0.22264959640463727,0.0712868446571068,0.7786465074923451,14817.900658757942
901,EMP,0.1811178747718285,0.0405267105242152,0.6327503760768769,66856.60541714687
901,EVENT-EMP,0.1811178747718285,0.0657763002140328,0.6520044210239186,69899.80605420843
901,GEV,0.2342865056242886,0.0405267105242152,0.6208350435792576,69193.15769934365
901,KDE,0.1519373713619154,0.0405267105242152,0.530950290674552,8972.997886495667
901,TAIL,0.1911838831376347,0.0656454788825109,0.5629377686518815,80069.91347131712
902,EMP,0.2371513790315607,0.0088851664425327,0.1615973344010276,8345.99891414576
902,EVENT-EMP,0.2371513790315607,0.0039955381927892,0.20899101113928178,3564.212737066878
902,GEV,0.16516799469761,0.0088851664425319,0.11926696250791521,13351.555093965078
902,KDE,0.1782379404731579,0.0088851664425331,0.08414850877155011,10403.182931592895
902,TAIL,0.0062089136511525,0.0043979467976243,0.03992260297262283,2037.512172166258
903,EMP,0.06199949596160889,0.0447236588389996,0.5299056710623385,14817.900658757942
903,EVENT-EMP,0.06199949596160889,0.0408881043090887,0.47203368448060906,14817.900658757942
903,GEV,0.24460326503898816,0.0447027970186054,0.550559635113535,14817.900658757942
903,KDE,0.1217135565466787,0.0447236802672352,0.787754644931377,14817.900658757942
903,TAIL,0.1301998705155633,0.0400349527251203,0.44539772041619624,14817.900658757942
904,EMP,0.2250346562765086,0.033036873671034,0.30148313822811623,8801.112289616527
904,EVENT-EMP,0.2250346562765086,0.0220746571974223,0.25810991604817923,7887.082731983003
904,GEV,0.1300815315145519,0.0330368736710322,0.271136469778807,8664.319971528836
904,KDE,0.1800103713313965,0.0330368736710281,0.1861379168491604,8661.836268456653
904,TAIL,0.0139890276199853,0.013009654637887,0.08401359606342779,9329.35941729322
905,EMP,0.0830095854363736,0.0014372507202147,0.03539587560254245,596.8109191401552
905,EVENT-EMP,0.0830095854363736,0.0111301209465641,0.043307206052609126,6069.288809515329
905,GEV,0.0166594179662102,0.0014372504446324,0.09412210954438785,10036.11448167906
905,KDE,0.003193426371019,0.0014372520988037,0.26010120897001276,10036.11448167906
905,TAIL,0.0203377797020314,0.0184654008021512,0.05767446953198844,10667.96092944468
906,EMP,0.223790804935232,0.0139208904808616,0.10558178448921292,14051.307577571417
906,EVENT-EMP,0.223790804935232,0.0070739836842223,0.06735763739315934,1757.4810925595875
906,GEV,0.11123024768813988,0.0139208904808624,0.08989150686259947,14051.307577571417
906,KDE,0.1587361493239074,0.0139208904811928,0.19226358566975332,14817.900658757942
906,TAIL,0.0193805763642876,0.0117880226587866,0.03639577640646151,7637.857691048541
907,EMP,0.0094521148128166,0.0240690838279503,0.11278054646061496,14051.307577571417
907,EVENT-EMP,0.0094521148128166,0.0295638959886641,0.09825568912583556,14051.307577571417
907,GEV,0.0227715138443525,0.0240690821929576,0.17287204637349451,14051.307577571417
907,KDE,0.0401023594869297,0.0240690838616387,0.33874543076880187,14817.900658757942
907,TAIL,0.0156787375760418,0.0332554595766791,0.2262160855448558,14051.307577571417
908,EMP,0.114607790744327,0.0463297608640168,0.467964578830728,14817.900658757942
908,EVENT-EMP,0.114607790744327,0.0381698443299351,0.39491255039663953,14817.900658757942
908,GEV,0.1837136165577647,0.0463282440325042,0.5327348073610603,14817.900658757942
908,KDE,0.1746144527953847,0.0463298572274252,0.7570651521778119,14817.900658757942
908,TAIL,0.1405423045985945,0.0389998864293573,0.4171991987614763,14817.900658757942
909,EMP,0.292817595931624,0.0183512810406843,0.3078135443446832,51991.50001646692
909,EVENT-EMP,0.292817595931624,0.005158001008452,0.3465210383065995,8602.90790332626
909,GEV,0.2611372928894447,0.0183512812370074,0.27743456745771233,54469.8057073692
909,KDE,0.2518160135346954,0.0183512810406841,0.2078235370552735,55305.06247393963
909,TAIL,0.0775756993424429,0.0127923473430772,0.04820656162456827,6714.016773006569
910,EMP,0.2419406771046631,0.0374301970830615,0.4363161907049259,7957.390365067869
910,EVENT-EMP,0.2419406771046631,0.0352725670761829,0.4699486825861486,9000.790975462645
910,GEV,0.1730003447577386,0.0374301970830626,0.41877595493247166,9602.497371234933
910,KDE,0.2076238362054177,0.0374301970830615,0.3492537556192526,7911.024626915964
910,TAIL,0.026233174365929,0.0038062227084267996,0.026904855281298767,1433.94917383552
911,EMP,0.1460295905393646,0.0186692008482831,0.03996151079465646,28785.54529624184
911,EVENT-EMP,0.1460295905393646,0.0014502834319194,0.010268542601852134,988.844342748324
911,GEV,0.0724995009537963,0.0186695473132757,0.05063330982174102,28785.54529624184
911,KDE,0.0791658779552887,0.0186692006580762,0.1892823833808757,28785.54529624184
911,TAIL,0.0714477442990084,0.0065095815695194,0.15342833659220148,10036.11448167906
912,EMP,0.0081726527368004,0.0305399960271017,0.36576687217555964,14817.900658757942
912,EVENT-EMP,0.0081726527368004,0.0145769106018653,0.29701057598626623,14817.900658757942
912,GEV,0.1544776773360661,0.030539085497283895,0.40846020977695835,14817.900658757942
912,KDE,0.0489953802396515,0.0305400079911928,0.6069228482186914,14817.900658757942
912,TAIL,0.0490463832868845,0.003920615785521,0.09392096236446298,10036.11448167906
913,EMP,0.3025810312062058,0.0487582575759779,0.5610193930717994,11363.00853430728
913,EVENT-EMP,0.3025810312062058,0.0489668792470137,0.566450197653541,7883.535981813756
913,GEV,0.2362686973190747,0.0487582575759736,0.5273300087725264,9598.543947408289
913,KDE,0.2583658023921254,0.0487582575759779,0.4690810997406472,8314.020622351827
913,TAIL,0.11931002825748542,0.0462426567663536,0.3880227668997371,14211.616535486342
914,EMP,0.1267520575822219,0.0731201930105868,0.840890233580876,14817.900658757942
914,EVENT-EMP,0.1267520575822219,0.0668661613586258,0.787280073545098,14817.900658757942
914,GEV,0.2811177737050727,0.0731162852100571,0.8710694759768514,14817.900658757942
914,KDE,0.191896632151455,0.0731205898064353,1.1330585264392905,14817.900658757942
914,TAIL,0.3688103628742887,0.0844580916179137,1.0188667339636082,14817.900658757942
915,EMP,0.3393119038150135,0.0619174923734818,0.7345836714843453,82219.08248638983
915,EVENT-EMP,0.3393119038150135,0.0670130668443832,0.7143851422164693,68562.25976532987
915,GEV,0.2927180117122059,0.061917492373473694,0.714961989554861,72172.11171091016
915,KDE,0.3050787108304014,0.0619174923734818,0.6771006979483372,69834.78232636882
915,TAIL,0.2187456630935159,0.0638276440403383,0.5959608337389839,76920.72741396436
916,EMP,0.171078435216731,0.0537992575769384,0.5647591551978578,14817.900658757942
916,EVENT-EMP,0.171078435216731,0.0219554411381093,0.43035778936164887,14817.900658757942
916,GEV,0.2987524492113291,0.0536782929085735,0.5953102496291776,14817.900658757942
916,KDE,0.23410604245208017,0.0537993011404744,0.8593078510543048,14817.900658757942
916,TAIL,0.0885146390388465,0.0166784654214496,0.2186102518397479,14817.900658757942
917,EMP,0.2938395862631822,0.0531910691782891,0.6576732851870538,64749.07320022086
917,EVENT-EMP,0.2938395862631822,0.0502536581657484,0.6461641388794898,64798.54162576919
917,GEV,0.2878645400109177,0.0531910691784952,0.631554635718433,66600.67986093502
917,KDE,0.264018275710637,0.0531910691782891,0.5722756603616256,8425.03496625678
917,TAIL,0.2694997697221608,0.0529214144701157,0.6368949439961425,68720.28865100071
918,EMP,0.3513547662827591,0.0918133016665703,0.7498852257740148,110322.57051273208
918,EVENT-EMP,0.3513547662827591,0.1007856704722779,0.7696613763959773,115894.18162323482
918,GEV,0.2673626439974899,0.0918133016665705,0.7319228241451717,93097.55472681609
918,KDE,0.3064587456581518,0.0918133016665701,0.7003338248837526,87349.77990976658
918,TAIL,0.3134765205100368,0.1015665675589794,0.8312910700610303,101107.84970888722
919,EMP,0.0614826278990139,0.0373552913915778,0.4364974169112147,14817.900658757942
919,EVENT-EMP,0.0614826278990139,0.0226211965464185,0.3421997161235699,14817.900658757942
919,GEV,0.2248890001786989,0.0373242464774501,0.44732536570470416,14817.900658757942
919,KDE,0.013962860264255701,0.037355295504066,0.7064565561901713,14817.900658757942
919,TAIL,0.1490913987365981,0.0336618364021883,0.407339878752528,14817.900658757942
920,EMP,0.1085720679282333,0.0404897966103017,0.26226093543409396,14051.307577571417
920,EVENT-EMP,0.1085720679282333,0.0343178695226137,0.27296766992872146,14817.900658757942
920,GEV,0.0078317871802562,0.0404897966102993,0.27588651553602656,14051.307577571417
920,KDE,0.0542006477312884,0.0404897966114324,0.42809085070400804,14817.900658757942
920,TAIL,0.0607323953597876,0.0349004677014546,0.3024978305634982,14817.900658757942
921,EMP,0.1038614091429541,0.0924193394968977,0.6206038091797015,58177.832109068935
921,EVENT-EMP,0.1038614091429541,0.0527177131409689,0.4003644218031052,14956.947821098172
921,GEV,0.0042442714105982,0.0924193394968981,0.6669040152570515,27212.992316746255
921,KDE,0.0415996592641516,0.0924193394979343,0.8248855556010828,14817.900658757942
921,TAIL,0.1301070187299972,0.056900934754405906,0.5167621391808321,14817.900658757942
922,EMP,0.24290675400879533,0.0427950188340324,0.47639952784821715,29264.05061891799
922,EVENT-EMP,0.24290675400879533,0.0457964055706838,0.4256513510701068,16891.600635416806
922,GEV,0.136086376226779,0.0427950267864502,0.4677784996142092,14689.802096403204
922,KDE,0.2084744275872872,0.0427950188340324,0.39396462794384074,11083.64834039379
922,TAIL,0.1198512788330345,0.0446438245541566,0.3823915130900761,13587.53865625585
923,EMP,0.1895642269618966,0.0539310056605659,0.4743588686875304,24239.83711361047
923,EVENT-EMP,0.1895642269618966,0.0547181420362174,0.49292727002236714,16616.96354530814
923,GEV,0.1155517532434811,0.0539310123392432,0.44146916368882294,18597.400472339552
923,KDE,0.1532114762216503,0.0539310056605657,0.3723791116152808,13302.461362936534
923,TAIL,0.1314734706463796,0.0449683294466376,0.40210990224731824,13309.84379710164
924,EMP,0.0232328646704117,0.0865269546076005,0.8740161846771192,14817.900658757942
924,EVENT-EMP,0.0232328646704117,0.0592944910842107,0.6599472145441394,14817.900658757942
924,GEV,0.1288257582356943,0.0865269546075685,0.9086026494937529,14817.900658757942
924,KDE,0.0824573304054932,0.0865269863827892,1.1193363439822552,14817.900658757942
924,TAIL,0.1597754934679905,0.0578603601931469,0.5941208762222848,14817.900658757942
925,EMP,0.2625899768011694,0.0039181878411285,0.3180262543942735,3344.1001731097285
925,EVENT-EMP,0.2625899768011694,0.0021941389781357,0.2965926017559124,6195.7670908143955
925,GEV,0.1783575843976138,0.0039181878411324,0.2930979868861044,4828.389870884725
925,KDE,0.2184535226643193,0.0039181878411285,0.21739383840656834,7331.896589291178
925,TAIL,0.1633955297837691,0.0042298153897547,0.2589006792283058,4075.568707199974
926,EMP,0.2445390051061772,0.0830270522314121,1.5201124656452822,14817.900658757942
926,EVENT-EMP,0.2445390051061772,0.11530557980193192,1.589531172077363,14817.900658757942
926,GEV,0.6960045997255232,0.0824213516905809,1.477566601609662,14817.900658757942
926,KDE,0.3554799929264497,0.0831876199341233,1.9111060827791657,14817.900658757942
926,TAIL,0.1314215585111978,0.0552936181521983,0.5107493532713849,14817.900658757942
927,EMP,0.2706130054186516,0.0553127994437606,0.5359417723610636,24793.571738513496
927,EVENT-EMP,0.2706130054186516,0.0483255956704167,0.5487834341448644,14232.310313844122
927,GEV,0.172735347799696,0.0553127994438069,0.5153864232743635,16276.536643468775
927,KDE,0.23396337168112438,0.0553127994437606,0.45706953079999824,12731.03766525723
927,TAIL,0.1543728556705322,0.0416521839529743,0.4259324019514713,11553.016468632037
928,EMP,0.1790362023272947,0.0712590288576284,0.5301941119310594,120077.44144606373
928,EVENT-EMP,0.1790362023272947,0.0589465322143857,0.5211496182669189,12425.930149283573
928,GEV,0.1033972194757175,0.071260843031224,0.5126910270199222,99720.05121074151
928,KDE,0.142547284634903,0.0712590288576284,0.44541817308739556,21743.115781690616
928,TAIL,0.1690171902349331,0.058962405327930595,0.5082299526547646,17436.1851502986
929,EMP,0.2113248256866437,0.0096773891934771,0.3348464905476064,9387.819985600188
929,EVENT-EMP,0.2113248256866437,0.0237295506869791,0.25389724113461787,9387.819985600188
929,GEV,0.1397143310441538,0.0096773891934315,0.3042526084452839,7884.898617140639
929,KDE,0.1663238760601246,0.0096773891934771,0.2122957223690308,8613.984462185763
929,TAIL,0.1027696135159857,0.029524010298325895,0.2978204165619543,9871.821125877092
930,EMP,0.1945759459780789,0.0187357300804023,0.28018573470570546,14817.900658757942
930,EVENT-EMP,0.1945759459780789,0.046659922051823,0.4440913710033954,14817.900658757942
930,GEV,0.0316761956808041,0.0187357300804019,0.2884115610277643,14817.900658757942
930,KDE,0.1036096438995056,0.0187357307696317,0.44555474551458146,14817.900658757942
930,TAIL,0.4232659148614367,0.0720734913731151,1.0160600355561418,14817.900658757942
931,EMP,0.103851856287724,0.010927554293828,0.1461011498932125,8231.749418858128
931,EVENT-EMP,0.103851856287724,0.021983253459267,0.21383912201699148,7890.028808372095
931,GEV,0.1081415353064518,0.0109275542938276,0.107841921735079,8345.714074480347
931,KDE,0.0599367039046608,0.0109275542788043,0.0467266559486872,19447.884100056355
931,TAIL,0.0186157339102131,0.0161822735444527,0.09989712277077518,9605.95376062362
932,EMP,0.0970067847410741,0.0250421157330913,0.3671512596955737,14817.900658757942
932,EVENT-EMP,0.0970067847410741,0.0176733903087721,0.36589967056598444,14817.900658757942
932,GEV,0.125158832798996,0.0250420513882985,0.38863378550669103,14817.900658757942
932,KDE,0.0066905945063156,0.0250421281369256,0.5873258770766049,14817.900658757942
932,TAIL,0.2908018457602856,0.026375535590024,0.5185159161227362,14817.900658757942
933,EMP,0.0821219904555519,0.0273966863053852,0.06708698310105723,28785.54529624184
933,EVENT-EMP,0.0821219904555519,0.0084500534300387,0.05240212359985962,6024.454930049058
933,GEV,0.2164271669311042,0.0275753194187992,0.11175696812511014,28785.54529624184
933,KDE,0.140644636953226,0.0273966293050083,0.2761546245245648,28785.54529624184
933,TAIL,0.0823247558350522,0.0229258183465769,0.22758981122337707,8814.593109345995
934,EMP,0.2156866461979516,0.0206366463466447,0.329792411096729,7912.916157899114
934,EVENT-EMP,0.2156866461979516,0.0411756117095811,0.381081836049348,9628.996133235283
934,GEV,0.11560010448896858,0.0206366463485088,0.2990506723677703,8518.436086451946
934,KDE,0.1727672010214106,0.0206366463466447,0.20939995956382104,7891.269965049501
934,TAIL,0.1304273414099739,0.0441831803532771,0.38538865092869967,12546.358452463212
935,EMP,0.3435640413409953,0.11311528938286691,0.7404580531189056,119734.8662875037
935,EVENT-EMP,0.3435640413409953,0.1039744899788935,0.7409979348313368,115686.71322132222
935,GEV,0.2432715604565145,0.1131152893828667,0.7267304839240186,119654.16812805366
935,KDE,0.2876709226658066,0.11311528938286691,0.6922117698617473,110770.08823289216
935,TAIL,0.2674851745575886,0.1084537656529713,0.775555792039543,115900.9995834665
936,EMP,0.101102914414713,0.013283787440832,0.16442464158254333,12382.25203865632
936,EVENT-EMP,0.101102914414713,0.0107476318120094,0.23532624256639492,9850.5795448469
936,GEV,0.1165449049329549,0.013283787440831,0.13138139773281238,10474.882761939636
936,KDE,0.0626713563311694,0.0132837874408322,0.06887831485513558,9953.89677973816
936,TAIL,0.0200555739970115,0.0015785680495653,0.04604954480426498,3177.1631907698593
937,EMP,0.2678949816600873,0.0085303090070129,0.1946214349396691,7882.914342382923
937,EVENT-EMP,0.2678949816600873,0.0167077530931194,0.20404975315748555,11513.667550609447
937,GEV,0.1472733076941664,0.0085303090070129,0.18035778291793922,8911.831321199426
937,KDE,0.1964748795383951,0.0085303090070127,0.07884719842637075,11332.60205497872
937,TAIL,0.11921646350219979,0.0238009143093633,0.3028897982932539,8693.540283020275
938,EMP,0.0756919188988801,0.054077714453623,0.36271782301761185,14051.307577571417
938,EVENT-EMP,0.0756919188988801,0.0483142178576927,0.2845455817804263,14051.307577571417
938,GEV,0.0050367127048,0.0540777144536222,0.3974467084392519,14143.666734038645
938,KDE,0.0281249167604027,0.0540777145059114,0.553130703884939,14817.900658757942
938,TAIL,0.1904652459666914,0.0626041058747603,0.6393653399379734,14817.900658757942
939,EMP,0.2128331893140829,0.0394858566958451,0.2865027870283684,31513.558715462375
939,EVENT-EMP,0.2128331893140829,0.0232215004415776,0.18742789506361068,9382.767219922505
939,GEV,0.0688980857160151,0.0394858587392049,0.28273264634743245,14268.367479472421
939,KDE,0.1587223284274906,0.0394858566956857,0.18891810320021962,28785.54529624184
939,TAIL,0.0423976277636217,0.0230407927643986,0.1764462967583192,9205.032893056363
940,EMP,0.1308962587132897,0.0205073160567431,0.2124394636540939,13499.961548449368
940,EVENT-EMP,0.1308962587132897,0.030824945952619,0.24706323547593534,13499.961548449368
940,GEV,0.041308692269099,0.0205073160567342,0.20638697457578872,14817.900658757942
940,KDE,0.077666536640959,0.0205073160746777,0.351545290351124,14817.900658757942
940,TAIL,0.06156902965711239,0.032816911833026,0.2876373226182838,14817.900658757942
941,EMP,0.2764596831766145,0.05651133860194489,0.8460241771152842,14817.900658757942
941,EVENT-EMP,0.2764596831766145,0.0493910785166922,0.727026022682394,14817.900658757942
941,GEV,0.4110569718171188,0.0564027210335758,0.8868444333223845,14817.900658757942
941,KDE,0.3507703837126416,0.0565168589973993,1.1954056484834135,14817.900658757942
941,TAIL,0.4138116356957728,0.0554678141218222,0.8366382567017915,14817.900658757942
942,EMP,0.1400889476668821,0.0413637003360906,0.13866073084560304,28785.54529624184
942,EVENT-EMP,0.1400889476668821,0.0090924547677749,0.23886234622145036,19447.884100056355
942,GEV,0.3035574228054958,0.0427627764841641,0.1318807069171014,28785.54529624184
942,KDE,0.2032902686143165,0.0413634203000191,0.32413852619086,28785.54529624184
942,TAIL,0.0055116044875732,0.0198265817962641,0.07918548586910071,10612.848993888125
943,EMP,0.178830574738431,0.0044916262571678,0.08066476055686721,3178.3318494159935
943,EVENT-EMP,0.178830574738431,0.0177474032893326,0.07606448508307397,8150.600381243146
943,GEV,0.0679953437232137,0.0044916262571639,0.05150819385446882,4060.214438558763
943,KDE,0.1314928284119629,0.0044916262574127,0.08977397400611235,10036.11448167906
943,TAIL,0.0785993238608998,0.029493286744990896,0.2820540413158146,14817.900658757942
944,EMP,0.2215824109828194,0.0231855760874247,0.3094063433810967,8062.22149507391
944,EVENT-EMP,0.2215824109828194,0.0253362656995791,0.27737684025687565,7975.400437311891
944,GEV,0.0879228685324152,0.0231855776581414,0.2856408754292245,9544.395356167108
944,KDE,0.1807974571705848,0.0231855760874247,0.20706905056930572,7915.74350496723
944,TAIL,0.1095304579906927,0.0292867209158899,0.2894831725205977,9345.313474669121
945,EMP,1.188812365422617,0.0803601559194617,1.4282767978765776,14817.900658757942
945,EVENT-EMP,1.188812365422617,0.088480694450834,1.3876814657176488,14817.900658757942
945,GEV,0.978169961291658,0.0660447328977193,1.3463773688656735,14817.900658757942
945,KDE,1.3288497494313989,0.087570754196575,2.5532467421084895,14817.900658757942
945,TAIL,0.3855706965162096,0.0454115721216755,0.7330870980244987,14817.900658757942
946,EMP,0.0733531425215672,0.0131586311804283,0.19704693765256284,9635.582946693421
946,EVENT-EMP,0.0733531425215672,0.0210447895749417,0.07922892042711753,9800.273809160622
946,GEV,0.0974981747141742,0.0131586311229034,0.16106975687420297,9256.72311988742
946,KDE,0.03466437290522,0.0131586311804283,0.053797375768998595,8899.260588740102
946,TAIL,0.0467254925987221,0.0470097668265049,0.33311299594534993,14051.307577571417
947,EMP,0.2918517408490178,0.0209974099814553,0.3246868930465047,7927.770219926101
947,EVENT-EMP,0.2918517408490178,0.0251877976149795,0.3861146082629717,7927.770219926101
947,GEV,0.2257183214529255,0.0209974099975187,0.29277720476063185,9960.588576219665
947,KDE,0.22389159177055204,0.020997409981452,0.2016330428223035,10870.309309458049
947,TAIL,0.2275213864395188,0.0267583542853738,0.46546064948003213,14817.900658757942
948,EMP,0.1639795870925847,0.0183652485863433,0.1930780284964323,14817.900658757942
948,EVENT-EMP,0.1639795870925847,0.0169396509824913,0.3055313287867468,14817.900658757942
948,GEV,0.054315578375769,0.018365229007843,0.19426819446679422,14817.900658757942
948,KDE,0.0891631290463312,0.0183652485904314,0.3548705988863918,14817.900658757942
948,TAIL,0.0726428563343696,0.0033875917737197,0.12788229843218313,3247.1949941654584
949,EMP,0.2586175350683692,0.0055531778203668,0.1344509529102515,3918.786635767565
949,EVENT-EMP,0.2586175350683692,0.0027682310236129,0.15774714306461735,3918.786635767565
949,GEV,0.128808491657101,0.005553177820367,0.12359282618599256,4502.197283810212
949,KDE,0.1807058865503109,0.0055531778203599,0.06333407607879624,4370.01502598698
949,TAIL,0.0318039494738707,0.0015260965904719,0.05345626470731615,3192.6695282259543
950,EMP,0.2416323964143741,0.0413282436436046,0.3958371453604029,20461.89451606075
950,EVENT-EMP,0.2416323964143741,0.0450024600204528,0.4141844678238831,18072.703825213015
950,GEV,0.144699257000115,0.0413282436436042,0.37442050705141106,10794.157260793261
950,KDE,0.2010013375505419,0.0413282436436044,0.3010589152374996,9325.868201336823
950,TAIL,0.1778450349576262,0.051467299069158,0.49599858024919335,13836.56337743563
951,EMP,0.0213131481577679,0.0093279079046676,0.06945559855846245,8443.63208257138
951,EVENT-EMP,0.0213131481577679,0.007693258092666199,0.03160535606538447,768.2177760534818
951,GEV,0.0461302161724314,0.0093277339898942,0.09055310804313171,14817.900658757942
951,KDE,0.0272233008651412,0.0093279079557525,0.2444382842205732,14817.900658757942
951,TAIL,0.0020828090680993,0.0062736167759369,0.03015257288695778,2610.3581422680163
952,EMP,0.057233635758672206,0.0306615622886887,0.40616123990874464,10209.417075769665
952,EVENT-EMP,0.057233635758672206,0.0414824978708056,0.4378871011483586,10209.417075769665
952,GEV,0.0587330428248887,0.0306711667317985,0.3751341542436302,14963.953318693055
952,KDE,0.0178172696304191,0.0306615622886889,0.2648835737477055,8488.546796558427
952,TAIL,0.1952723902261979,0.0338953143451491,0.4644987913772125,9022.333616054306
953,EMP,0.1402283264158655,0.030564012243130895,0.1846383415204048,14051.307577571417
953,EVENT-EMP,0.1402283264158655,0.0213231760802555,0.11057195604662214,14051.307577571417
953,GEV,0.0430269290700008,0.030564012243131697,0.18522560097877294,14051.307577571417
953,KDE,0.0939260321904252,0.0305640122432852,0.323159671711338,14817.900658757942
953,TAIL,0.0348802720157802,0.0232929248749767,0.17168423918901682,14051.307577571417
954,EMP,0.0798799169553042,0.0234147962965111,0.1157087461119444,17439.425805365045
954,EVENT-EMP,0.0798799169553042,0.0196655819147061,0.1358315504125867,9274.427000989517
954,GEV,0.0628245596304188,0.0234226392921364,0.09475825904844998,14756.89372618962
954,KDE,0.0333489007100806,0.0234147962901981,0.03267095861085011,28785.54529624184
954,TAIL,0.0776797490670783,0.0215190373818419,0.22786108225134127,8944.275937435217
955,EMP,0.0394536764103574,0.0084133472625345,0.018669607023910045,7521.166211481102
955,EVENT-EMP,0.0394536764103574,0.010600599329692,0.04814581560549658,8727.25886305111
955,GEV,0.0630022621733174,0.0084136467432934,0.06129760811424233,19447.884100056355
955,KDE,0.0107466816378533,0.0084133467613479,0.2038099754910866,19447.884100056355
955,TAIL,0.0686332103503844,0.0239221094584625,0.2210943154711249,9441.916509966366
956,EMP,0.1153443840035669,0.0352293247648967,0.1186275826923792,28785.54529624184
956,EVENT-EMP,0.1153443840035669,0.0103835571829838,0.0738325624998245,9733.596648116907
956,GEV,0.2000631756262228,0.0353350893131385,0.0962641848500178,28785.54529624184
956,KDE,0.037425747781976,0.0352293183042554,0.25958982160616123,28785.54529624184
956,TAIL,0.0181832269878716,0.0115975592221388,0.051271147907000554,9788.694079059487
957,EMP,0.2706011726145726,0.0860757527776859,0.764309180101754,14817.900658757942
957,EVENT-EMP,0.2706011726145726,0.0693311195015616,0.6310177165370543,14817.900658757942
957,GEV,0.1613639136245729,0.0860757458237316,0.8348464152418118,14817.900658757942
957,KDE,0.3373508371925122,0.086076274813408,1.1212683721238563,14817.900658757942
957,TAIL,0.2927460835569391,0.0806365161394578,0.9065626776139563,14817.900658757942
958,EMP,0.3167175225016827,0.0219342434831517,0.5736532574483298,9450.39979569614
958,EVENT-EMP,0.3167175225016827,0.04469225554432,0.6230791884966292,11363.898915471198
958,GEV,0.2702238535642005,0.0219342434831563,0.5624530445256144,7906.558656744969
958,KDE,0.2866748639706926,0.0219342434831519,0.5110999691460971,8263.005490163961
958,TAIL,0.2854334332461288,0.0458750765933537,0.6576065925604777,66854.1095454937
959,EMP,0.0737476896027332,0.0193381906951645,0.08052475400883817,28785.54529624184
959,EVENT-EMP,0.0737476896027332,0.0126140275283708,0.08246279872557123,19447.884100056355
959,GEV,0.1598179143195277,0.0193571677463468,0.12482374161734436,28785.54529624184
959,KDE,0.1313559264874298,0.0193381231915325,0.29759922648292947,28785.54529624184
959,TAIL,0.0092562054616074,0.0243968925101663,0.12430032204942203,11405.42963408182
960,EMP,0.1429285772208076,0.0226986271632208,0.20826888674217384,14817.900658757942
960,EVENT-EMP,0.1429285772208076,0.0093895514090184,0.18146918603880072,14817.900658757942
960,GEV,0.1028624866438785,0.0226960449044032,0.20546190123880245,14817.900658757942
960,KDE,0.0680691863121936,0.02269862717024,0.38312607295414836,14817.900658757942
960,TAIL,0.0831020349665481,0.0111938314344299,0.16764823503217155,14817.900658757942
961,EMP,0.106296344015845,0.0032802530241309,0.22772944722584398,3282.694284282521
961,EVENT-EMP,0.106296344015845,0.007399484200014999,0.2900087204183024,3182.600911389622
961,GEV,0.1119985250258469,0.0032802530240665,0.19680296498676375,3761.104336153612
961,KDE,0.0683174543086208,0.0032802530241307,0.08398809503394943,7142.973763647697
961,TAIL,0.1291346038046681,0.0047529736330622,0.23113689531781492,3443.3102247940583
962,EMP,0.1000759862707498,0.0035327721514344995,0.0707477302276769,6967.198946639792
962,EVENT-EMP,0.1000759862707498,0.0092070260324465,0.03880033701646843,6518.670030358352
962,GEV,0.1738627126837794,0.0039320416063082,0.0778433180187019,9853.06965418491
962,KDE,0.1541591563242917,0.0035327718350343005,0.22348912144938426,10036.11448167906
962,TAIL,0.0140084722939411,0.016284610345616,0.09126612806726112,9604.586195568245
963,EMP,0.2365488520599011,0.006317198145851,0.12763182348062974,3660.5676753662733
963,EVENT-EMP,0.2365488520599011,0.0065800853165795,0.126046357187527,7983.473632790356
963,GEV,0.1055091068784447,0.0063171981458506,0.11004547898743951,4797.196746825448
963,KDE,0.1771378241406547,0.0063171981458512,0.06483794091851028,3723.3768495098793
963,TAIL,0.0551120003105936,0.0031020690215769,0.07013621647619428,3528.037806896079
964,EMP,0.3192349972660626,0.0815698570260427,0.7889948214796109,79288.78781863881
964,EVENT-EMP,0.3192349972660626,0.0838444189251008,0.7855695029963845,77797.33738475665
964,GEV,0.2930827243310883,0.0815698570260425,0.7749306139204156,86237.38146463741
964,KDE,0.2896675248728035,0.0815698570260427,0.7339483078588502,80396.64374352868
964,TAIL,0.2779715761704398,0.0843881057585106,0.7498949371328103,88666.61986564721
965,EMP,0.1406044074788249,0.0043260867947507,0.1542775177492097,6642.202404527511
965,EVENT-EMP,0.1406044074788249,0.0026342732337683,0.22370729424140892,4191.499659955088
965,GEV,0.1382024033367574,0.0043260867947503,0.11749109802350108,5154.871495320048
965,KDE,0.0995293470358083,0.0043260867946776,0.0690920647378738,4417.063910587173
965,TAIL,0.0994447240319637,0.0026967680700166,0.18005212795684095,3354.018904051019
966,EMP,0.1988592085662043,0.037857988973898,0.40514518434708235,7907.619779376313
966,EVENT-EMP,0.1988592085662043,0.035386649396025,0.41972034302111455,7907.619779376313
966,GEV,0.159079264946283,0.0378579889738985,0.3753322306573611,9517.535249966508
966,KDE,0.1602110014848778,0.0378579889738978,0.28871444486783016,7439.167277518039
966,TAIL,0.0825806795645547,0.027879162796270902,0.25783993147597667,9914.195060401846
967,EMP,0.1345063898164105,0.0212910813863413,0.18718289453412157,9761.906206647247
967,EVENT-EMP,0.1345063898164105,0.0401647155915106,0.24740975743046972,16826.511984523386
967,GEV,0.0322404504714364,0.0212910840169967,0.14150545598658967,10202.768780765125
967,KDE,0.0855194956039858,0.0212910813848423,0.02855417790163943,28785.54529624184
967,TAIL,0.1033714406156411,0.044803524053054,0.351098720241487,13329.171963687675
968,EMP,0.0709007861318691,0.0390359842471079,0.18762919248131782,11718.38903148224
968,EVENT-EMP,0.0709007861318691,0.0318059297292488,0.20237322670504726,10687.967321815591
968,GEV,0.0294848210568763,0.0390359842622626,0.13142313805992265,28785.54529624184
968,KDE,0.0229800787147731,0.0390359839362355,0.0227018215251601,28785.54529624184
968,TAIL,0.055298895310526,0.0358394483555675,0.23822778364656594,13151.844736847406
969,EMP,0.23091910181526648,0.0159413617443451,0.10422139243440581,7983.416155636621
969,EVENT-EMP,0.23091910181526648,0.0090098802878399,0.19527796353539417,7983.416155636621
969,GEV,0.0948795709111463,0.015941361744336,0.10245700126148362,7411.5195729943625
969,KDE,0.1632700978656297,0.0159413617440087,0.06529270375248844,28785.54529624184
969,TAIL,0.1189144065091485,0.0095993979110001,0.2197680698577066,7931.029133321407
970,EMP,0.2686131417253416,0.0348981551941763,0.45533722390863257,12315.895494023338
970,EVENT-EMP,0.2686131417253416,0.0438303773599127,0.5068432195122341,8774.456751982061
970,GEV,0.1941967966830484,0.0348981551941796,0.43803837680940627,8739.705037790973
970,KDE,0.23135602849883197,0.0348981551941763,0.36926893105295167,7969.543739406392
970,TAIL,0.0117482553540277,0.0209492136444176,0.10850137478975244,10516.6562045378
971,EMP,0.2410387692395614,0.0332427326266774,0.4812782069300878,11622.929033281283
971,EVENT-EMP,0.2410387692395614,0.0383661337916153,0.5147747374910184,11304.042392089965
971,GEV,0.1807147816557313,0.0332427326266772,0.45399808326133173,9427.594258065024
971,KDE,0.2082747094385636,0.0332427326266774,0.3889579468076517,8101.07113470044
971,TAIL,0.0970890332143517,0.025616925640569,0.27132136712911264,9228.760737196231
972,EMP,0.129804281459623,0.0592327536674723,0.45065391969277513,15399.678080057105
972,EVENT-EMP,0.129804281459623,0.0534348119501523,0.48323287087953737,15951.024109179154
972,GEV,0.1488811713732605,0.0592327536674701,0.40553461660970835,15794.514503425298
972,KDE,0.0888687272955074,0.059232753666896204,0.3107171476785389,10947.068846347742
972,TAIL,0.1264891326169515,0.0482896690858246,0.40790561873962683,14773.168338367404
973,EMP,0.0567165895886061,0.0180401001593425,0.1364606375424248,28785.54529624184
973,EVENT-EMP,0.0567165895886061,0.0103518793644662,0.19339145776775063,19447.884100056355
973,GEV,0.2012340155995294,0.0180979702635257,0.1683171762448696,28785.54529624184
973,KDE,0.0239703475156575,0.0180400427770942,0.3591368522361942,28785.54529624184
973,TAIL,0.0267357873703524,0.0158480275961896,0.04268958247436029,10373.732444223018
974,EMP,1.6974654228707389,0.1318691511765076,2.203463421163377,14817.900658757942
974,EVENT-EMP,1.6974654228707389,0.1348290550472063,2.0846883858431315,14817.900658757942
974,GEV,1.3176852844923517,0.0954085394374927,1.7907625336104585,14817.900658757942
974,KDE,1.8823512308229486,0.1626294375909975,3.9228010284134456,14817.900658757942
974,TAIL,0.1809254006465703,0.0524863811879215,0.5698628850421718,14817.900658757942
975,EMP,0.1464314234135196,0.0384728259217335,0.1640923920063483,43658.859482255764
975,EVENT-EMP,0.1464314234135196,0.0143377663676191,0.07900479039438443,9100.47084260825
975,GEV,0.0598490333311896,0.0384917739625913,0.15661680372222994,21883.015182922903
975,KDE,0.1007017650460006,0.0384728259210167,0.055088534631338344,28785.54529624184
975,TAIL,0.007655941790369,0.0171141010999206,0.09286073886610548,9999.603500686899
976,EMP,0.11687432828806948,0.0051210323883125,0.10592817870081953,10036.11448167906
976,EVENT-EMP,0.11687432828806948,0.0165986988275405,0.025462829013307067,28785.54529624184
976,GEV,0.1078027070686447,0.0051079479796877,0.09113442097983578,3548.819317296458
976,KDE,0.0656376118493249,0.0051210323936603,0.2507767838490673,10036.11448167906
976,TAIL,0.0320832524793862,0.0195934321790573,0.14266471589329058,8715.21149614205
977,EMP,0.1399028776627715,0.0161712272448269,0.09369440875543233,8821.696180065059
977,EVENT-EMP,0.1399028776627715,0.0110095078493052,0.0598795437449272,9159.418386877825
977,GEV,0.1074000212268207,0.0161712272448267,0.11299343564763066,14051.307577571417
977,KDE,0.0958992207917404,0.0161712272457515,0.20345388198604705,14817.900658757942
977,TAIL,0.02487982145175,0.0134070712534278,0.10692318267093973,13499.961548449368
978,EMP,0.0776516984595541,0.0884180197972227,0.747118111410131,15880.349079178335
978,EVENT-EMP,0.0776516984595541,0.0758237820648588,0.8534719257290417,14817.900658757942
978,GEV,0.1961483955261636,0.0884162961830949,0.7679852923452971,14817.900658757942
978,KDE,0.0201643998672629,0.088418020224095,1.0131720276272895,14817.900658757942
978,TAIL,0.2687734784272498,0.0722017844102434,0.8152525691931941,14817.900658757942
979,EMP,0.2348930775234095,0.060230101102763695,0.590309235802803,103220.83246641193
979,EVENT-EMP,0.2348930775234095,0.0537318609132735,0.5951790520307415,69046.76160667754
979,GEV,0.1480668436988462,0.0602303960723694,0.5637489719162915,86297.83808193397
979,KDE,0.2040819902621322,0.0602301011027635,0.5240833551618536,15536.079109510718
979,TAIL,0.12023355967709258,0.0389715479846876,0.3619507673659454,11758.274222742766
980,EMP,0.1449507810769384,0.0105139116734474,0.14339970688579692,7944.411959609948
980,EVENT-EMP,0.1449507810769384,0.0351299184582758,0.21773694474516947,10795.859092886249
980,GEV,0.0518552684878042,0.0105139116784398,0.1002224981519027,7927.347721038076
980,KDE,0.0915859193359783,0.0105139116730742,0.0327271127604806,19447.884100056355
980,TAIL,0.1054127900058902,0.0465028718596094,0.3614434752064718,14067.907127516344
981,EMP,0.1294587487738574,0.0021697736708097,0.0554378354204904,4228.617953957266
981,EVENT-EMP,0.1294587487738574,0.0215683149513311,0.24725375737990804,14817.900658757942
981,GEV,0.0235678756267781,0.0021697682566428,0.07370638068718434,3329.610168564237
981,KDE,0.0777058191874359,0.002169773771802,0.22164733638050338,10036.11448167906
981,TAIL,0.1725767972009046,0.0216132510708153,0.39599255586551263,14817.900658757942
982,EMP,0.3490073106829404,0.0233929273494141,0.572932617195438,14817.900658757942
982,EVENT-EMP,0.3490073106829404,0.0143820890757519,0.5486319055039264,14817.900658757942
982,GEV,0.5098363556410214,0.0195863060935724,0.5597212104597381,14817.900658757942
982,KDE,0.426879848133494,0.0234016325660085,0.9710410353372912,14817.900658757942
982,TAIL,0.11518796144973059,0.002353015941972,0.18069415952095785,10036.11448167906
983,EMP,0.0902316079629327,0.1058894298891117,1.3153958305820987,14817.900658757942
983,EVENT-EMP,0.0902316079629327,0.1269236469973899,1.4017625889801149,14817.900658757942
983,GEV,0.3438711406166593,0.105888858248209,1.3122877612845165,14817.900658757942
983,KDE,0.168512889758506,0.1058918103219891,1.623710273308331,14817.900658757942
983,TAIL,0.4082571247932887,0.1261200423095392,1.3801354021972985,14817.900658757942
984,EMP,0.216099981101002,0.0259323226971315,0.3294860140140453,17729.05288225909
984,EVENT-EMP,0.216099981101002,0.030538343202950395,0.33655008892327487,17729.05288225909
984,GEV,0.0952449757451277,0.0259323251410802,0.31625546673055027,10090.37221724416
984,KDE,0.1737164500641654,0.0259323226971309,0.21661658803419254,7724.2139081315445
984,TAIL,0.0833285643772288,0.019454277966458,0.21528998406398292,8472.430761324553
985,EMP,0.11594000031756561,0.0252642096622992,0.22135100077880424,14817.900658757942
985,EVENT-EMP,0.11594000031756561,0.0129191765893258,0.12050289034394937,14817.900658757942
985,GEV,0.12346859415428178,0.0252587072183975,0.23742131634984798,14817.900658757942
985,KDE,0.0333342160928857,0.0252642096933247,0.41716348192712677,14817.900658757942
985,TAIL,0.030123772705989895,0.0155042682987777,0.12912740898246827,13499.961548449368
986,EMP,0.3743665456769921,0.087217223455751,0.7873705591833613,118330.73406222586
986,EVENT-EMP,0.3743665456769921,0.0919247646449259,0.8030664628540608,95802.73687263206
986,GEV,0.264678400190987,0.0872172234570144,0.7736964582774488,99062.24184276495
986,KDE,0.3291473033418761,0.087217223455751,0.7590240795173017,93057.39680452521
986,TAIL,0.3327005943704755,0.0918223751926669,0.8374767525528002,88636.44110284622
987,EMP,0.039741383603218,0.0263575416493908,0.17219390837680146,14051.307577571417
987,EVENT-EMP,0.039741383603218,0.0021706451775549,0.06906258587615297,3760.3648234830343
987,GEV,0.0987037889177331,0.0263557438216571,0.22204822203612787,14817.900658757942
987,KDE,0.0914218342372091,0.02635754194351,0.3999518395945272,14817.900658757942
987,TAIL,0.0708266138494025,0.0054618932822577,0.13719267629808063,10036.11448167906
988,EMP,0.0719098545123068,0.0128463421365014,0.13014533968828465,19447.884100056355
988,EVENT-EMP,0.0719098545123068,0.0032412363914817,0.19068374113324904,10036.11448167906
988,GEV,0.2215155137635333,0.0129925357341016,0.17264920995152108,19447.884100056355
988,KDE,0.1300556942410412,0.0128463069061288,0.35400173603099205,19447.884100056355
988,TAIL,0.0001986309221447,0.0124061984214392,0.05296167128811269,9332.767694273965
989,EMP,0.1489467647366349,0.0733781736859468,1.021413065877764,14817.900658757942
989,EVENT-EMP,0.1489467647366349,0.0649992014024728,0.8475093692959482,14817.900658757942
989,GEV,0.3908843717206432,0.0733519249278234,1.0354759313779018,14817.900658757942
989,KDE,0.2210751649836458,0.0733806370060765,1.3349376534291217,14817.900658757942
989,TAIL,0.4386482349620402,0.0773938744329371,1.0071243832603658,14817.900658757942
990,EMP,0.4084167069329346,0.123596483291331,1.3628092389705289,14817.900658757942
990,EVENT-EMP,0.4084167069329346,0.1262248113185591,1.5783618334574732,14817.900658757942
990,GEV,0.679179776769707,0.12054283889116618,1.3316011711703737,14817.900658757942
990,KDE,0.4940333024399269,0.1236095367443355,1.8890596827431432,14817.900658757942
990,TAIL,0.575079568235265,0.1271700600784502,1.553049307291466,14817.900658757942
991,EMP,0.2217547615608311,0.0327822594237462,0.5074400876664372,8543.767941278094
991,EVENT-EMP,0.2217547615608311,0.0261475364608558,0.5200502275479799,8033.1803235877305
991,GEV,0.2058406909803296,0.0327822594237405,0.4769076089071293,8703.030470474312
991,KDE,0.1858291453240516,0.0327822594237462,0.38782899671403825,7925.62343435362
991,TAIL,0.2159590365410424,0.0230040697973887,0.45585858111856836,7905.12103064948
992,EMP,0.22997884648469918,0.0200578200912596,0.19337112447827748,7960.403011903788
992,EVENT-EMP,0.22997884648469918,0.0086944168433239,0.14505028449545476,7909.342818325696
992,GEV,0.1036788911316569,0.0200578200912595,0.17716068411559016,7924.367109985093
992,KDE,0.1710093112299231,0.0200578200911297,0.07451055712724151,28785.54529624184
992,TAIL,0.0406153331888083,0.0094363371234339,0.11308149146759056,8053.0752151890965
993,EMP,0.1821057855071311,0.0749415001057515,0.4523656419050543,67118.34697296719
993,EVENT-EMP,0.1821057855071311,0.053873507305332,0.48564126251083206,16898.74009059711
993,GEV,0.1080350111120986,0.0749415002015621,0.43048040664743314,28891.004349060982
993,KDE,0.1423614981303409,0.0749415001055933,0.3631100824188643,28785.54529624184
993,TAIL,0.1568759625302837,0.0515933616351358,0.4644551357429023,14740.847876234291
994,EMP,0.0065584404569045,0.0144793024735179,0.03344184917330135,19447.884100056355
994,EVENT-EMP,0.0065584404569045,0.0138373065348884,0.04888960471815389,7844.470176412931
994,GEV,0.0591088491464666,0.0144793461748522,0.07650083878983203,19447.884100056355
994,KDE,0.059971050138381,0.0144792937709307,0.2271261236197912,19447.884100056355
994,TAIL,0.0202402344100087,0.0163158701989655,0.08488288793791118,14051.307577571417
995,EMP,0.0135416773568943,0.0068486906604743,0.0300117614154905,3657.653616354697
995,EVENT-EMP,0.0135416773568943,0.0028634728721431,0.023601966692956597,100.04610788884263
995,GEV,0.0432832742591422,0.0068487134233315,0.07138702355275142,10036.11448167906
995,KDE,0.0372742314340138,0.0068486888514102,0.21408995902957118,10036.11448167906
995,TAIL,0.0340880253968099,0.0099575150718905,0.08932270366499045,8012.752033117848
996,EMP,0.1897675294773567,0.0087967602173045,0.14948224743500613,17956.736223356802
996,EVENT-EMP,0.1897675294773567,0.0223621915689798,0.18444953061973324,8695.6979320248
996,GEV,0.0424722004737274,0.0087967643570924,0.13632445723055253,8116.413355933502
996,KDE,0.1411436692008079,0.0087967602173032,0.03246705588237184,6391.704336096844
996,TAIL,0.0932935017926264,0.0270007475103649,0.2645630984895797,9433.110736004697
997,EMP,0.1942038664668489,0.0802310493330395,0.6639352306700003,83596.8185208984
997,EVENT-EMP,0.1942038664668489,0.0830994905516268,0.6691690295056675,73847.39732984474
997,GEV,0.1974651080286965,0.0802310493857214,0.6403191758977086,94535.17154389061
997,KDE,0.1619406510777042,0.0802310493330395,0.5791238553936094,83096.32481565274
997,TAIL,0.2103649137082419,0.0841346245811516,0.6437182218003483,94719.54925161134
998,EMP,0.061895648031839806,0.0235875171650511,0.4415889780725856,14817.900658757942
998,EVENT-EMP,0.061895648031839806,0.0649361809618095,0.6716572786352937,14817.900658757942
998,GEV,0.1469585794963884,0.0235874463444684,0.4410598230734794,14817.900658757942
998,KDE,0.0035785938068615994,0.0235875425692252,0.6337452806817975,14817.900658757942
998,TAIL,0.3235954915620952,0.0773382511648816,0.9183177990163771,14817.900658757942
999,EMP,0.1500679892473812,0.0195176251065147,0.11247062142159753,7638.496740715992
999,EVENT-EMP,0.1500679892473812,0.0122995397960955,0.14340318432923557,10015.855009382798
999,GEV,0.1396291993101593,0.0195176251065147,0.08688920876125117,10877.739223660074
999,KDE,0.1103595807273624,0.0195176251065151,0.15833895895311495,14051.307577571417
999,TAIL,0.0699858884189361,0.0169179887679697,0.04699682595342839,7291.3216778664955
