prefix_replications,method_id,cell_id,metric,estimate,mcse,normal_ci95_low,normal_ci95_high,replications
100,EMP,BASE_ACTUAL_NEAR,action_accuracy,0.6,0.0492365963917331,0.5034962710722031,0.6965037289277969,100
200,EMP,BASE_ACTUAL_NEAR,action_accuracy,0.625,0.03431856376795913,0.5577356150148001,0.6922643849851999,200
400,EMP,BASE_ACTUAL_NEAR,action_accuracy,0.6175,0.024330316186073,0.569812580275297,0.6651874197247031,400
600,EMP,BASE_ACTUAL_NEAR,action_accuracy,0.6166666666666667,0.019865528271455254,0.5777302312546144,0.655603102078719,600
800,EMP,BASE_ACTUAL_NEAR,action_accuracy,0.60125,0.01732225801254896,0.567298374295404,0.6352016257045959,800
1000,EMP,BASE_ACTUAL_NEAR,action_accuracy,0.604,0.015473313265859495,0.5736723059989154,0.6343276940010846,1000
100,EMP,BASE_CAPACITY_NEAR,action_accuracy,0.52,0.05021167315686782,0.42158512061253905,0.618414879387461,100
200,EMP,BASE_CAPACITY_NEAR,action_accuracy,0.495,0.035442288003096976,0.4255331155139299,0.5644668844860701,200
400,EMP,BASE_CAPACITY_NEAR,action_accuracy,0.5175,0.025015972341295295,0.4684686942110612,0.5665313057889387,400
600,EMP,BASE_CAPACITY_NEAR,action_accuracy,0.5283333333333333,0.020396619176391666,0.48835595974760565,0.5683107069190609,600
800,EMP,BASE_CAPACITY_NEAR,action_accuracy,0.535,0.017645337838485632,0.5004151378365682,0.5695848621634318,800
1000,EMP,BASE_CAPACITY_NEAR,action_accuracy,0.531,0.015788865959538965,0.5000538227193037,0.5619461772806964,1000
100,EMP,STRESS_ACTUAL_CLEAR,action_accuracy,1.0,0.0,1.0,1.0,100
200,EMP,STRESS_ACTUAL_CLEAR,action_accuracy,0.995,0.005000000000000001,0.9852,1.0048,200
400,EMP,STRESS_ACTUAL_CLEAR,action_accuracy,0.99,0.004981167541368988,0.9802369116189168,0.9997630883810832,400
600,EMP,STRESS_ACTUAL_CLEAR,action_accuracy,0.9916666666666667,0.003714315780554692,0.9843866077367796,0.9989467255965538,600
800,EMP,STRESS_ACTUAL_CLEAR,action_accuracy,0.99125,0.003294748257849642,0.9847922934146147,0.9977077065853852,800
1000,EMP,STRESS_ACTUAL_CLEAR,action_accuracy,0.991,0.0029879638431426726,0.9851435908674403,0.9968564091325597,1000
100,EMP,STRESS_ACTUAL_NEAR,action_accuracy,0.45,0.05000000000000001,0.352,0.548,100
200,EMP,STRESS_ACTUAL_NEAR,action_accuracy,0.475,0.03539972744976418,0.40561653419846216,0.5443834658015377,200
400,EMP,STRESS_ACTUAL_NEAR,action_accuracy,0.43,0.0247847879612821,0.38142181559588706,0.4785781844041129,400
600,EMP,STRESS_ACTUAL_NEAR,action_accuracy,0.45666666666666667,0.020352577627018403,0.4167756145177106,0.4965577188156227,600
800,EMP,STRESS_ACTUAL_NEAR,action_accuracy,0.46,0.01763203365365023,0.42544121403884555,0.4945587859611545,800
1000,EMP,STRESS_ACTUAL_NEAR,action_accuracy,0.465,0.015780495050030086,0.43407022970194103,0.495929770298059,1000
100,EMP,STRESS_CAPACITY_CLEAR,action_accuracy,0.93,0.02564323999762428,0.8797392496046564,0.9802607503953437,100
200,EMP,STRESS_CAPACITY_CLEAR,action_accuracy,0.93,0.018086892447072265,0.8945496908037384,0.9654503091962617,200
400,EMP,STRESS_CAPACITY_CLEAR,action_accuracy,0.9475,0.011165619222935151,0.9256153863230471,0.9693846136769529,400
600,EMP,STRESS_CAPACITY_CLEAR,action_accuracy,0.94,0.00970344929464206,0.9209812393825015,0.9590187606174984,600
800,EMP,STRESS_CAPACITY_CLEAR,action_accuracy,0.9325,0.008875706180369555,0.9151036158864757,0.9498963841135243,800
1000,EMP,STRESS_CAPACITY_CLEAR,action_accuracy,0.93,0.008072494358323527,0.914177911057686,0.9458220889423141,1000
100,EMP,STRESS_CAPACITY_NEAR,action_accuracy,0.48,0.05021167315686782,0.381585120612539,0.578414879387461,100
200,EMP,STRESS_CAPACITY_NEAR,action_accuracy,0.45,0.03526639466921483,0.38087786644833893,0.519122133551661,200
400,EMP,STRESS_CAPACITY_NEAR,action_accuracy,0.4175,0.02468821875639084,0.36911109123747393,0.46588890876252603,400
600,EMP,STRESS_CAPACITY_NEAR,action_accuracy,0.43,0.02022824683332484,0.3903526362066833,0.4696473637933167,600
800,EMP,STRESS_CAPACITY_NEAR,action_accuracy,0.45,0.01760006257811153,0.4155038773469014,0.4844961226530986,800
1000,EMP,STRESS_CAPACITY_NEAR,action_accuracy,0.445,0.015723301886761003,0.41418232830194845,0.47581767169805156,1000
100,EMP,STRESS_CONTRACT_CLEAR,action_accuracy,0.56,0.049888765156985884,0.46221802029230774,0.6577819797076924,100
200,EMP,STRESS_CONTRACT_CLEAR,action_accuracy,0.6,0.03472794481039396,0.5319332281716278,0.6680667718283722,200
400,EMP,STRESS_CONTRACT_CLEAR,action_accuracy,0.6225,0.024268431488608678,0.574933874282327,0.6700661257176731,400
600,EMP,STRESS_CONTRACT_CLEAR,action_accuracy,0.62,0.01983235244928821,0.5811285891993951,0.6588714108006049,600
800,EMP,STRESS_CONTRACT_CLEAR,action_accuracy,0.6025,0.017313054751575147,0.5685664126869128,0.6364335873130873,800
1000,EMP,STRESS_CONTRACT_CLEAR,action_accuracy,0.6,0.015499685165842573,0.5696206170749485,0.6303793829250515,1000
100,EMP,STRESS_CONTRACT_NEAR_HIGH,action_accuracy,0.51,0.05024183937956913,0.4115259948160445,0.6084740051839554,100
200,EMP,STRESS_CONTRACT_NEAR_HIGH,action_accuracy,0.565,0.03514328173714403,0.49611916779519766,0.6338808322048023,200
400,EMP,STRESS_CONTRACT_NEAR_HIGH,action_accuracy,0.5875,0.024645036407943733,0.5391957286404303,0.6358042713595697,400
600,EMP,STRESS_CONTRACT_NEAR_HIGH,action_accuracy,0.5833333333333334,0.020143705568969716,0.5438516704181527,0.622814996248514,600
800,EMP,STRESS_CONTRACT_NEAR_HIGH,action_accuracy,0.56875,0.017520716773874803,0.5344093951232054,0.6030906048767946,800
1000,EMP,STRESS_CONTRACT_NEAR_HIGH,action_accuracy,0.567,0.015676630912181255,0.5362738034121247,0.5977261965878752,1000
100,EMP,STRESS_CONTRACT_NEAR_LOW,action_accuracy,0.59,0.04943110704237103,0.49311503019695274,0.6868849698030473,100
200,EMP,STRESS_CONTRACT_NEAR_LOW,action_accuracy,0.56,0.03518793763172075,0.4910316422418274,0.6289683577581727,200
400,EMP,STRESS_CONTRACT_NEAR_LOW,action_accuracy,0.6,0.024525573579398635,0.5519298757843787,0.6480701242156213,400
600,EMP,STRESS_CONTRACT_NEAR_LOW,action_accuracy,0.5833333333333334,0.020143705568969716,0.5438516704181527,0.622814996248514,600
800,EMP,STRESS_CONTRACT_NEAR_LOW,action_accuracy,0.57875,0.01746795519511007,0.5445128078175843,0.6129871921824157,800
1000,EMP,STRESS_CONTRACT_NEAR_LOW,action_accuracy,0.576,0.015635487471405182,0.5453544445560458,0.6066455554439542,1000
100,EVENT-EMP,BASE_ACTUAL_NEAR,action_accuracy,0.62,0.04878317312145634,0.5243849806819456,0.7156150193180544,100
200,EVENT-EMP,BASE_ACTUAL_NEAR,action_accuracy,0.65,0.0338114785302567,0.5837295020806968,0.7162704979193032,200
400,EVENT-EMP,BASE_ACTUAL_NEAR,action_accuracy,0.6675,0.02358495283014151,0.6212734924529226,0.7137265075470773,400
600,EVENT-EMP,BASE_ACTUAL_NEAR,action_accuracy,0.6716666666666666,0.019187614064331414,0.6340589431005771,0.7092743902327562,600
800,EVENT-EMP,BASE_ACTUAL_NEAR,action_accuracy,0.64,0.0169811793042534,0.6067168885636633,0.6732831114363367,800
1000,EVENT-EMP,BASE_ACTUAL_NEAR,action_accuracy,0.642,0.015167928865407633,0.6122708594238011,0.6717291405761989,1000
100,EVENT-EMP,BASE_CAPACITY_NEAR,action_accuracy,0.51,0.05024183937956913,0.4115259948160445,0.6084740051839554,100
200,EVENT-EMP,BASE_CAPACITY_NEAR,action_accuracy,0.515,0.035428106832977174,0.44556091060736475,0.5844390893926352,200
400,EVENT-EMP,BASE_CAPACITY_NEAR,action_accuracy,0.5075,0.02502849253543831,0.4584441546305409,0.556555845369459,400
600,EVENT-EMP,BASE_CAPACITY_NEAR,action_accuracy,0.5033333333333333,0.02042899216839903,0.4632925086832712,0.5433741579833954,600
800,EVENT-EMP,BASE_CAPACITY_NEAR,action_accuracy,0.52375,0.017668762076519278,0.48911922633002225,0.5583807736699778,800
1000,EVENT-EMP,BASE_CAPACITY_NEAR,action_accuracy,0.517,0.015810153729833274,0.4860120986895268,0.5479879013104733,1000
100,EVENT-EMP,STRESS_ACTUAL_CLEAR,action_accuracy,1.0,0.0,1.0,1.0,100
200,EVENT-EMP,STRESS_ACTUAL_CLEAR,action_accuracy,1.0,0.0,1.0,1.0,200
400,EVENT-EMP,STRESS_ACTUAL_CLEAR,action_accuracy,0.9975,0.0025,0.9926,1.0024,400
600,EVENT-EMP,STRESS_ACTUAL_CLEAR,action_accuracy,0.9983333333333333,0.0016666666666666668,0.9950666666666667,1.0016,600
800,EVENT-EMP,STRESS_ACTUAL_CLEAR,action_accuracy,0.99875,0.0012500000000000002,0.9963000000000001,1.0012,800
1000,EVENT-EMP,STRESS_ACTUAL_CLEAR,action_accuracy,0.998,0.0014135055705578234,0.9952295290817067,1.0007704709182934,1000
100,EVENT-EMP,STRESS_ACTUAL_NEAR,action_accuracy,0.47,0.05016135580465918,0.37168374262286796,0.568316257377132,100
200,EVENT-EMP,STRESS_ACTUAL_NEAR,action_accuracy,0.47,0.035380203419000424,0.40065480129875913,0.5393451987012408,200
400,EVENT-EMP,STRESS_ACTUAL_NEAR,action_accuracy,0.4625,0.024960808880119943,0.4135768145949649,0.5114231854050351,400
600,EVENT-EMP,STRESS_ACTUAL_NEAR,action_accuracy,0.48,0.02041309606154907,0.4399903317193638,0.5200096682806361,600
800,EVENT-EMP,STRESS_ACTUAL_NEAR,action_accuracy,0.47375,0.017664334342388892,0.43912790468891777,0.5083720953110822,800
1000,EVENT-EMP,STRESS_ACTUAL_NEAR,action_accuracy,0.474,0.0157978977580428,0.44303612039423607,0.5049638796057638,1000
100,EVENT-EMP,STRESS_CAPACITY_CLEAR,action_accuracy,0.95,0.02190429135575904,0.9070675889427122,0.9929324110572877,100
200,EVENT-EMP,STRESS_CAPACITY_CLEAR,action_accuracy,0.95,0.015449707678033378,0.9197185729510545,0.9802814270489454,200
400,EVENT-EMP,STRESS_CAPACITY_CLEAR,action_accuracy,0.9575,0.01009897759037653,0.937706003922862,0.9772939960771381,400
600,EVENT-EMP,STRESS_CAPACITY_CLEAR,action_accuracy,0.9433333333333334,0.009446762839168331,0.9248176781685634,0.9618489884981033,600
800,EVENT-EMP,STRESS_CAPACITY_CLEAR,action_accuracy,0.9375,0.008563518833897847,0.9207155030855603,0.9542844969144397,800
1000,EVENT-EMP,STRESS_CAPACITY_CLEAR,action_accuracy,0.935,0.007799733061832043,0.9197125231988093,0.9502874768011909,1000
100,EVENT-EMP,STRESS_CAPACITY_NEAR,action_accuracy,0.5,0.050251890762960605,0.4015062941045972,0.5984937058954027,100
200,EVENT-EMP,STRESS_CAPACITY_NEAR,action_accuracy,0.465,0.035357115664894155,0.39570005329680746,0.5342999467031926,200
400,EVENT-EMP,STRESS_CAPACITY_NEAR,action_accuracy,0.425,0.024748104405776173,0.3764937153646787,0.4735062846353213,400
600,EVENT-EMP,STRESS_CAPACITY_NEAR,action_accuracy,0.4166666666666667,0.020143705568969713,0.37718500375148606,0.4561483295818473,600
800,EVENT-EMP,STRESS_CAPACITY_NEAR,action_accuracy,0.44375,0.01757643552408068,0.40930018637280186,0.4781998136271981,800
1000,EVENT-EMP,STRESS_CAPACITY_NEAR,action_accuracy,0.446,0.015726771166750392,0.41517552851316925,0.47682447148683077,1000
100,EVENT-EMP,STRESS_CONTRACT_CLEAR,action_accuracy,0.58,0.04960449637488583,0.4827751871052237,0.6772248128947762,100
200,EVENT-EMP,STRESS_CONTRACT_CLEAR,action_accuracy,0.62,0.03440813273035824,0.5525600598484979,0.6874399401515021,200
400,EVENT-EMP,STRESS_CONTRACT_CLEAR,action_accuracy,0.635,0.02410165397458807,0.5877607582098074,0.6822392417901926,400
600,EVENT-EMP,STRESS_CONTRACT_CLEAR,action_accuracy,0.6366666666666667,0.019651480134827492,0.5981497656024048,0.6751835677309286,600
800,EVENT-EMP,STRESS_CONTRACT_CLEAR,action_accuracy,0.6175,0.017193362153100234,0.5838010101799236,0.6511989898200765,800
1000,EVENT-EMP,STRESS_CONTRACT_CLEAR,action_accuracy,0.618,0.015372453034968503,0.5878699920514617,0.6481300079485383,1000
100,EVENT-EMP,STRESS_CONTRACT_NEAR_HIGH,action_accuracy,0.57,0.04975698519562429,0.47247630901657633,0.6675236909834236,100
200,EVENT-EMP,STRESS_CONTRACT_NEAR_HIGH,action_accuracy,0.59,0.034865138597849225,0.5216643283482155,0.6583356716517844,200
400,EVENT-EMP,STRESS_CONTRACT_NEAR_HIGH,action_accuracy,0.6075,0.024445927747963395,0.5595859816139918,0.6554140183860083,400
600,EVENT-EMP,STRESS_CONTRACT_NEAR_HIGH,action_accuracy,0.61,0.01992892211237063,0.5709393126597535,0.6490606873402465,600
800,EVENT-EMP,STRESS_CONTRACT_NEAR_HIGH,action_accuracy,0.59375,0.01737501181782582,0.5596949768370614,0.6278050231629386,800
1000,EVENT-EMP,STRESS_CONTRACT_NEAR_HIGH,action_accuracy,0.593,0.015543249100255476,0.5625352317634993,0.6234647682365007,1000
100,EVENT-EMP,STRESS_CONTRACT_NEAR_LOW,action_accuracy,0.61,0.04902071300001973,0.5139194025199614,0.7060805974800386,100
200,EVENT-EMP,STRESS_CONTRACT_NEAR_LOW,action_accuracy,0.585,0.03492813871897355,0.5165408481108118,0.6534591518891881,200
400,EVENT-EMP,STRESS_CONTRACT_NEAR_LOW,action_accuracy,0.595,0.02457534065727376,0.5468323323117434,0.6431676676882565,400
600,EVENT-EMP,STRESS_CONTRACT_NEAR_LOW,action_accuracy,0.5783333333333334,0.020177173870254122,0.5387860725476353,0.6178805941190314,600
800,EVENT-EMP,STRESS_CONTRACT_NEAR_LOW,action_accuracy,0.5825,0.017446279067945856,0.5483052930268262,0.6166947069731739,800
1000,EVENT-EMP,STRESS_CONTRACT_NEAR_LOW,action_accuracy,0.577,0.015630589090476255,0.5463640453826665,0.6076359546173334,1000
100,GEV,BASE_ACTUAL_NEAR,action_accuracy,0.6,0.0492365963917331,0.5034962710722031,0.6965037289277969,100
200,GEV,BASE_ACTUAL_NEAR,action_accuracy,0.625,0.03431856376795913,0.5577356150148001,0.6922643849851999,200
400,GEV,BASE_ACTUAL_NEAR,action_accuracy,0.6175,0.024330316186073,0.569812580275297,0.6651874197247031,400
600,GEV,BASE_ACTUAL_NEAR,action_accuracy,0.6166666666666667,0.019865528271455254,0.5777302312546144,0.655603102078719,600
800,GEV,BASE_ACTUAL_NEAR,action_accuracy,0.60125,0.01732225801254896,0.567298374295404,0.6352016257045959,800
1000,GEV,BASE_ACTUAL_NEAR,action_accuracy,0.605,0.015466551464829328,0.5746855591289345,0.6353144408710655,1000
100,GEV,BASE_CAPACITY_NEAR,action_accuracy,0.52,0.05021167315686782,0.42158512061253905,0.618414879387461,100
200,GEV,BASE_CAPACITY_NEAR,action_accuracy,0.495,0.035442288003096976,0.4255331155139299,0.5644668844860701,200
400,GEV,BASE_CAPACITY_NEAR,action_accuracy,0.5175,0.025015972341295295,0.4684686942110612,0.5665313057889387,400
600,GEV,BASE_CAPACITY_NEAR,action_accuracy,0.5283333333333333,0.020396619176391666,0.48835595974760565,0.5683107069190609,600
800,GEV,BASE_CAPACITY_NEAR,action_accuracy,0.535,0.017645337838485632,0.5004151378365682,0.5695848621634318,800
1000,GEV,BASE_CAPACITY_NEAR,action_accuracy,0.531,0.015788865959538965,0.5000538227193037,0.5619461772806964,1000
100,GEV,STRESS_ACTUAL_CLEAR,action_accuracy,1.0,0.0,1.0,1.0,100
200,GEV,STRESS_ACTUAL_CLEAR,action_accuracy,1.0,0.0,1.0,1.0,200
400,GEV,STRESS_ACTUAL_CLEAR,action_accuracy,0.99,0.004981167541368988,0.9802369116189168,0.9997630883810832,400
600,GEV,STRESS_ACTUAL_CLEAR,action_accuracy,0.9933333333333333,0.0033249756101939067,0.9868163811373533,0.9998502855293133,600
800,GEV,STRESS_ACTUAL_CLEAR,action_accuracy,0.99375,0.00278807973536688,0.9882853637186809,0.9992146362813191,800
1000,GEV,STRESS_ACTUAL_CLEAR,action_accuracy,0.994,0.002443352199329841,0.9892110296893135,0.9987889703106865,1000
100,GEV,STRESS_ACTUAL_NEAR,action_accuracy,0.47,0.05016135580465918,0.37168374262286796,0.568316257377132,100
200,GEV,STRESS_ACTUAL_NEAR,action_accuracy,0.48,0.03541569365103442,0.4105852404439725,0.5494147595560275,200
400,GEV,STRESS_ACTUAL_NEAR,action_accuracy,0.46,0.024951079956135037,0.41109588328597535,0.5089041167140247,400
600,GEV,STRESS_ACTUAL_NEAR,action_accuracy,0.49833333333333335,0.020429332663897536,0.45829184131209416,0.5383748253545725,600
800,GEV,STRESS_ACTUAL_NEAR,action_accuracy,0.49875,0.017688673164567875,0.464080200597447,0.533419799402553,800
1000,GEV,STRESS_ACTUAL_NEAR,action_accuracy,0.506,0.015818160898606833,0.4749964046387306,0.5370035953612694,1000
100,GEV,STRESS_CAPACITY_CLEAR,action_accuracy,0.95,0.021904291355759036,0.9070675889427122,0.9929324110572877,100
200,GEV,STRESS_CAPACITY_CLEAR,action_accuracy,0.945,0.016161092305986408,0.9133242590802666,0.9766757409197333,200
400,GEV,STRESS_CAPACITY_CLEAR,action_accuracy,0.955,0.01037818707276436,0.9346587533373818,0.9753412466626181,400
600,GEV,STRESS_CAPACITY_CLEAR,action_accuracy,0.945,0.009315020989064449,0.9267425588614336,0.9632574411385663,600
800,GEV,STRESS_CAPACITY_CLEAR,action_accuracy,0.9375,0.008563518833897847,0.9207155030855603,0.9542844969144397,800
1000,GEV,STRESS_CAPACITY_CLEAR,action_accuracy,0.935,0.007799733061832043,0.9197125231988093,0.9502874768011909,1000
100,GEV,STRESS_CAPACITY_NEAR,action_accuracy,0.47,0.05016135580465918,0.37168374262286796,0.568316257377132,100
200,GEV,STRESS_CAPACITY_NEAR,action_accuracy,0.445,0.03522897106090454,0.3759512167206271,0.5140487832793729,200
400,GEV,STRESS_CAPACITY_NEAR,action_accuracy,0.4325,0.024802162065186362,0.3838877623522347,0.4811122376477653,400
600,GEV,STRESS_CAPACITY_NEAR,action_accuracy,0.44333333333333336,0.02029781968475283,0.4035496067512178,0.4831170599154489,600
800,GEV,STRESS_CAPACITY_NEAR,action_accuracy,0.4625,0.01763890873542694,0.4279277388785632,0.4970722611214368,800
1000,GEV,STRESS_CAPACITY_NEAR,action_accuracy,0.457,0.0157606915901365,0.4261090444833325,0.48789095551666756,1000
100,GEV,STRESS_CONTRACT_CLEAR,action_accuracy,0.55,0.05,0.45200000000000007,0.648,100
200,GEV,STRESS_CONTRACT_CLEAR,action_accuracy,0.57,0.03509498954918332,0.5012138204836006,0.6387861795163993,200
400,GEV,STRESS_CONTRACT_CLEAR,action_accuracy,0.5925,0.024599231297972052,0.5442855066559749,0.6407144933440252,400
600,GEV,STRESS_CONTRACT_CLEAR,action_accuracy,0.5966666666666667,0.02004400649204181,0.5573804139422647,0.6359529193910687,600
800,GEV,STRESS_CONTRACT_CLEAR,action_accuracy,0.58125,0.01745361947895465,0.547040905821249,0.6154590941787511,800
1000,GEV,STRESS_CONTRACT_CLEAR,action_accuracy,0.576,0.015635487471405182,0.5453544445560458,0.6066455554439542,1000
100,GEV,STRESS_CONTRACT_NEAR_HIGH,action_accuracy,0.49,0.05024183937956913,0.3915259948160445,0.5884740051839554,100
200,GEV,STRESS_CONTRACT_NEAR_HIGH,action_accuracy,0.525,0.03539972744976418,0.4556165341984622,0.5943834658015378,200
400,GEV,STRESS_CONTRACT_NEAR_HIGH,action_accuracy,0.56,0.024850429767895824,0.5112931576549242,0.6087068423450759,400
600,GEV,STRESS_CONTRACT_NEAR_HIGH,action_accuracy,0.56,0.020281820770243,0.5202476312903238,0.5997523687096763,600
800,GEV,STRESS_CONTRACT_NEAR_HIGH,action_accuracy,0.54625,0.017612891281647197,0.5117287330879715,0.5807712669120285,800
1000,GEV,STRESS_CONTRACT_NEAR_HIGH,action_accuracy,0.543,0.0157606915901365,0.5121090444833325,0.5738909555166676,1000
100,GEV,STRESS_CONTRACT_NEAR_LOW,action_accuracy,0.55,0.05,0.45200000000000007,0.648,100
200,GEV,STRESS_CONTRACT_NEAR_LOW,action_accuracy,0.54,0.035330457200978174,0.4707523038860828,0.6092476961139173,200
400,GEV,STRESS_CONTRACT_NEAR_LOW,action_accuracy,0.565,0.024818892876375905,0.5163549699623031,0.6136450300376968,400
600,GEV,STRESS_CONTRACT_NEAR_LOW,action_accuracy,0.5366666666666666,0.020374439597383734,0.4967327650557945,0.5766005682775387,600
800,GEV,STRESS_CONTRACT_NEAR_LOW,action_accuracy,0.53375,0.017648385301627267,0.4991591648088105,0.5683408351911894,800
1000,GEV,STRESS_CONTRACT_NEAR_LOW,action_accuracy,0.527,0.01579621855130273,0.49603941163944665,0.5579605883605534,1000
100,KDE,BASE_ACTUAL_NEAR,action_accuracy,0.6,0.0492365963917331,0.5034962710722031,0.6965037289277969,100
200,KDE,BASE_ACTUAL_NEAR,action_accuracy,0.625,0.03431856376795913,0.5577356150148001,0.6922643849851999,200
400,KDE,BASE_ACTUAL_NEAR,action_accuracy,0.6175,0.024330316186073,0.569812580275297,0.6651874197247031,400
600,KDE,BASE_ACTUAL_NEAR,action_accuracy,0.6166666666666667,0.019865528271455254,0.5777302312546144,0.655603102078719,600
800,KDE,BASE_ACTUAL_NEAR,action_accuracy,0.60125,0.01732225801254896,0.567298374295404,0.6352016257045959,800
1000,KDE,BASE_ACTUAL_NEAR,action_accuracy,0.604,0.015473313265859495,0.5736723059989154,0.6343276940010846,1000
100,KDE,BASE_CAPACITY_NEAR,action_accuracy,0.52,0.05021167315686782,0.42158512061253905,0.618414879387461,100
200,KDE,BASE_CAPACITY_NEAR,action_accuracy,0.495,0.035442288003096976,0.4255331155139299,0.5644668844860701,200
400,KDE,BASE_CAPACITY_NEAR,action_accuracy,0.5175,0.025015972341295295,0.4684686942110612,0.5665313057889387,400
600,KDE,BASE_CAPACITY_NEAR,action_accuracy,0.5283333333333333,0.020396619176391666,0.48835595974760565,0.5683107069190609,600
800,KDE,BASE_CAPACITY_NEAR,action_accuracy,0.535,0.017645337838485632,0.5004151378365682,0.5695848621634318,800
1000,KDE,BASE_CAPACITY_NEAR,action_accuracy,0.531,0.015788865959538965,0.5000538227193037,0.5619461772806964,1000
100,KDE,STRESS_ACTUAL_CLEAR,action_accuracy,1.0,0.0,1.0,1.0,100
200,KDE,STRESS_ACTUAL_CLEAR,action_accuracy,1.0,0.0,1.0,1.0,200
400,KDE,STRESS_ACTUAL_CLEAR,action_accuracy,0.9975,0.0025,0.9926,1.0024,400
600,KDE,STRESS_ACTUAL_CLEAR,action_accuracy,0.9983333333333333,0.0016666666666666668,0.9950666666666667,1.0016,600
800,KDE,STRESS_ACTUAL_CLEAR,action_accuracy,0.99875,0.0012500000000000002,0.9963000000000001,1.0012,800
1000,KDE,STRESS_ACTUAL_CLEAR,action_accuracy,0.998,0.0014135055705578234,0.9952295290817067,1.0007704709182934,1000
100,KDE,STRESS_ACTUAL_NEAR,action_accuracy,0.73,0.044619604333847374,0.6425455755056592,0.8174544244943408,100
200,KDE,STRESS_ACTUAL_NEAR,action_accuracy,0.735,0.0312852815908872,0.6736808480818611,0.7963191519181388,200
400,KDE,STRESS_ACTUAL_NEAR,action_accuracy,0.705,0.02283069428431294,0.6602518392027465,0.7497481607972534,400
600,KDE,STRESS_ACTUAL_NEAR,action_accuracy,0.7183333333333334,0.01837880736590147,0.6823108708961665,0.7543557957705003,600
800,KDE,STRESS_ACTUAL_NEAR,action_accuracy,0.7075,0.016093583870668855,0.6759565756134891,0.7390434243865109,800
1000,KDE,STRESS_ACTUAL_NEAR,action_accuracy,0.713,0.014312087053810001,0.6849483093745323,0.7410516906254676,1000
100,KDE,STRESS_CAPACITY_CLEAR,action_accuracy,0.96,0.01969463855669324,0.9213985084288812,0.9986014915711188,100
200,KDE,STRESS_CAPACITY_CLEAR,action_accuracy,0.965,0.013027801736688055,0.9394655085960913,0.9905344914039086,200
400,KDE,STRESS_CAPACITY_CLEAR,action_accuracy,0.975,0.007816023641463079,0.9596805936627324,0.9903194063372676,400
600,KDE,STRESS_CAPACITY_CLEAR,action_accuracy,0.9766666666666667,0.006168053958167541,0.9645772809086584,0.988756052424675,600
800,KDE,STRESS_CAPACITY_CLEAR,action_accuracy,0.97125,0.005911681812506099,0.959663103647488,0.9828368963525119,800
1000,KDE,STRESS_CAPACITY_CLEAR,action_accuracy,0.969,0.005483527064679181,0.9582522869532287,0.9797477130467712,1000
100,KDE,STRESS_CAPACITY_NEAR,action_accuracy,0.52,0.05021167315686782,0.42158512061253905,0.618414879387461,100
200,KDE,STRESS_CAPACITY_NEAR,action_accuracy,0.52,0.03541569365103442,0.4505852404439725,0.5894147595560275,200
400,KDE,STRESS_CAPACITY_NEAR,action_accuracy,0.52,0.025011275652681852,0.4709778997207436,0.5690221002792565,400
600,KDE,STRESS_CAPACITY_NEAR,action_accuracy,0.52,0.02041309606154907,0.47999033171936384,0.5600096682806361,600
800,KDE,STRESS_CAPACITY_NEAR,action_accuracy,0.53625,0.017642179003030455,0.5016713291540603,0.5708286708459397,800
1000,KDE,STRESS_CAPACITY_NEAR,action_accuracy,0.536,0.015778243024904673,0.5050746436711868,0.5669253563288132,1000
100,KDE,STRESS_CONTRACT_CLEAR,action_accuracy,0.4,0.0492365963917331,0.30349627107220317,0.4965037289277969,100
200,KDE,STRESS_CONTRACT_CLEAR,action_accuracy,0.385,0.03449382728261703,0.31739209852607064,0.4526079014739294,200
400,KDE,STRESS_CONTRACT_CLEAR,action_accuracy,0.4075,0.024599231297972052,0.35928550665597475,0.4557144933440252,400
600,KDE,STRESS_CONTRACT_CLEAR,action_accuracy,0.3983333333333333,0.020002666303442974,0.3591281073785851,0.43753855928808155,600
800,KDE,STRESS_CONTRACT_CLEAR,action_accuracy,0.39,0.01725535232847985,0.3561795094361795,0.42382049056382054,800
1000,KDE,STRESS_CONTRACT_CLEAR,action_accuracy,0.389,0.01542455564730851,0.3587678709312753,0.4192321290687247,1000
100,KDE,STRESS_CONTRACT_NEAR_HIGH,action_accuracy,0.38,0.048783173121456344,0.28438498068194557,0.47561501931805444,100
200,KDE,STRESS_CONTRACT_NEAR_HIGH,action_accuracy,0.365,0.034127679271557736,0.29810974862774686,0.4318902513722531,200
400,KDE,STRESS_CONTRACT_NEAR_HIGH,action_accuracy,0.3825,0.024330316186072995,0.3348125802752969,0.4301874197247031,400
600,KDE,STRESS_CONTRACT_NEAR_HIGH,action_accuracy,0.38,0.01983235244928821,0.3411285891993951,0.4188714108006049,600
800,KDE,STRESS_CONTRACT_NEAR_HIGH,action_accuracy,0.37125,0.017092234420105514,0.33774922053659323,0.4047507794634068,800
1000,KDE,STRESS_CONTRACT_NEAR_HIGH,action_accuracy,0.37,0.015275252316519466,0.34006050545962185,0.39993949454037814,1000
100,KDE,STRESS_CONTRACT_NEAR_LOW,action_accuracy,0.35,0.047937248544110224,0.2560429928535439,0.44395700714645603,100
200,KDE,STRESS_CONTRACT_NEAR_LOW,action_accuracy,0.35,0.0338114785302567,0.28372950208069686,0.4162704979193031,200
400,KDE,STRESS_CONTRACT_NEAR_LOW,action_accuracy,0.36,0.024030056367444423,0.31290108951980894,0.40709891048019103,400
600,KDE,STRESS_CONTRACT_NEAR_LOW,action_accuracy,0.33166666666666667,0.01923685462268816,0.2939624316061979,0.36937090172713544,600
800,KDE,STRESS_CONTRACT_NEAR_LOW,action_accuracy,0.3375,0.01672847841220128,0.3047121823120855,0.3702878176879145,800
1000,KDE,STRESS_CONTRACT_NEAR_LOW,action_accuracy,0.332,0.014899597242811567,0.30279678940408933,0.3612032105959107,1000
100,TAIL,BASE_ACTUAL_NEAR,action_accuracy,0.63,0.048523658709390974,0.5348936289295937,0.7251063710704063,100
200,TAIL,BASE_ACTUAL_NEAR,action_accuracy,0.65,0.0338114785302567,0.5837295020806968,0.7162704979193032,200
400,TAIL,BASE_ACTUAL_NEAR,action_accuracy,0.6625,0.02367245949084853,0.6161019793979369,0.7088980206020631,400
600,TAIL,BASE_ACTUAL_NEAR,action_accuracy,0.66,0.019355215678379674,0.6220637772703759,0.6979362227296242,600
800,TAIL,BASE_ACTUAL_NEAR,action_accuracy,0.64125,0.01696821874665378,0.6079922912565586,0.6745077087434413,800
1000,TAIL,BASE_ACTUAL_NEAR,action_accuracy,0.643,0.01515852172148659,0.6132892974258863,0.6727107025741137,1000
100,TAIL,BASE_CAPACITY_NEAR,action_accuracy,0.5,0.050251890762960605,0.4015062941045972,0.5984937058954027,100
200,TAIL,BASE_CAPACITY_NEAR,action_accuracy,0.495,0.035442288003096976,0.4255331155139299,0.5644668844860701,200
400,TAIL,BASE_CAPACITY_NEAR,action_accuracy,0.5,0.02503130871608794,0.45093863491646763,0.5490613650835323,400
600,TAIL,BASE_CAPACITY_NEAR,action_accuracy,0.49833333333333335,0.020429332663897536,0.45829184131209416,0.5383748253545725,600
800,TAIL,BASE_CAPACITY_NEAR,action_accuracy,0.5175,0.017677890775707587,0.4828513340796131,0.5521486659203868,800
1000,TAIL,BASE_CAPACITY_NEAR,action_accuracy,0.512,0.01581474331458169,0.48100310310341987,0.5429968968965802,1000
100,TAIL,STRESS_ACTUAL_CLEAR,action_accuracy,1.0,0.0,1.0,1.0,100
200,TAIL,STRESS_ACTUAL_CLEAR,action_accuracy,1.0,0.0,1.0,1.0,200
400,TAIL,STRESS_ACTUAL_CLEAR,action_accuracy,1.0,0.0,1.0,1.0,400
600,TAIL,STRESS_ACTUAL_CLEAR,action_accuracy,1.0,0.0,1.0,1.0,600
800,TAIL,STRESS_ACTUAL_CLEAR,action_accuracy,1.0,0.0,1.0,1.0,800
1000,TAIL,STRESS_ACTUAL_CLEAR,action_accuracy,1.0,0.0,1.0,1.0,1000
100,TAIL,STRESS_ACTUAL_NEAR,action_accuracy,0.62,0.04878317312145634,0.5243849806819456,0.7156150193180544,100
200,TAIL,STRESS_ACTUAL_NEAR,action_accuracy,0.58,0.03498743493048719,0.5114246275362451,0.6485753724637549,200
400,TAIL,STRESS_ACTUAL_NEAR,action_accuracy,0.5275,0.02499342018675273,0.4785128964339646,0.5764871035660353,400
600,TAIL,STRESS_ACTUAL_NEAR,action_accuracy,0.5266666666666666,0.02040037025789598,0.4866819409611905,0.5666513923721428,600
800,TAIL,STRESS_ACTUAL_NEAR,action_accuracy,0.52,0.01767457179425113,0.4853578392832678,0.5546421607167322,800
1000,TAIL,STRESS_ACTUAL_NEAR,action_accuracy,0.524,0.015801065586651862,0.4930299114501624,0.5549700885498376,1000
100,TAIL,STRESS_CAPACITY_CLEAR,action_accuracy,0.96,0.019694638556693237,0.9213985084288813,0.9986014915711187,100
200,TAIL,STRESS_CAPACITY_CLEAR,action_accuracy,0.955,0.014695399751940973,0.9261970164861957,0.9838029835138042,200
400,TAIL,STRESS_CAPACITY_CLEAR,action_accuracy,0.96,0.009810229431759455,0.9407719503137514,0.9792280496862485,400
600,TAIL,STRESS_CAPACITY_CLEAR,action_accuracy,0.95,0.008904989128889646,0.9325462213073763,0.9674537786926236,600
800,TAIL,STRESS_CAPACITY_CLEAR,action_accuracy,0.95,0.007710337971810927,0.9348877375752506,0.9651122624247493,800
1000,TAIL,STRESS_CAPACITY_CLEAR,action_accuracy,0.941,0.007454835650406692,0.9263885221252028,0.955611477874797,1000
100,TAIL,STRESS_CAPACITY_NEAR,action_accuracy,0.45,0.05,0.352,0.548,100
200,TAIL,STRESS_CAPACITY_NEAR,action_accuracy,0.42,0.0349874349304872,0.3514246275362451,0.4885753724637549,200
400,TAIL,STRESS_CAPACITY_NEAR,action_accuracy,0.42,0.024708830724853692,0.37157069177928675,0.4684293082207132,400
600,TAIL,STRESS_CAPACITY_NEAR,action_accuracy,0.43166666666666664,0.020237758539681298,0.3920006599288913,0.47133267340444196,600
800,TAIL,STRESS_CAPACITY_NEAR,action_accuracy,0.45875,0.01762842870900397,0.4241982797303522,0.4933017202696478,800
1000,TAIL,STRESS_CAPACITY_NEAR,action_accuracy,0.452,0.01574623586588058,0.42113737770287407,0.48286262229712595,1000
100,TAIL,STRESS_CONTRACT_CLEAR,action_accuracy,0.61,0.04902071300001973,0.5139194025199614,0.7060805974800386,100
200,TAIL,STRESS_CONTRACT_CLEAR,action_accuracy,0.635,0.034127679271557736,0.5681097486277469,0.7018902513722531,200
400,TAIL,STRESS_CONTRACT_CLEAR,action_accuracy,0.65,0.023878346647045964,0.60319844057179,0.6968015594282101,400
600,TAIL,STRESS_CONTRACT_CLEAR,action_accuracy,0.6483333333333333,0.019509734833987994,0.6100942530587169,0.6865724136079497,600
800,TAIL,STRESS_CONTRACT_CLEAR,action_accuracy,0.62375,0.017138394837235962,0.5901587461190175,0.6573412538809825,800
1000,TAIL,STRESS_CONTRACT_CLEAR,action_accuracy,0.626,0.015308767369006507,0.5959948159567472,0.6560051840432528,1000
100,TAIL,STRESS_CONTRACT_NEAR_HIGH,action_accuracy,0.6,0.0492365963917331,0.5034962710722031,0.6965037289277969,100
200,TAIL,STRESS_CONTRACT_NEAR_HIGH,action_accuracy,0.625,0.03431856376795913,0.5577356150148001,0.6922643849851999,200
400,TAIL,STRESS_CONTRACT_NEAR_HIGH,action_accuracy,0.6325,0.02413639967919168,0.5851926566287843,0.6798073433712156,400
600,TAIL,STRESS_CONTRACT_NEAR_HIGH,action_accuracy,0.625,0.01978072618858012,0.586229776670383,0.663770223329617,600
800,TAIL,STRESS_CONTRACT_NEAR_HIGH,action_accuracy,0.59375,0.01737501181782582,0.5596949768370614,0.6278050231629386,800
1000,TAIL,STRESS_CONTRACT_NEAR_HIGH,action_accuracy,0.595,0.01553113699045296,0.5645589714987121,0.6254410285012878,1000
100,TAIL,STRESS_CONTRACT_NEAR_LOW,action_accuracy,0.5,0.050251890762960605,0.4015062941045972,0.5984937058954027,100
200,TAIL,STRESS_CONTRACT_NEAR_LOW,action_accuracy,0.545,0.03530021993753284,0.4758115689224357,0.6141884310775644,200
400,TAIL,STRESS_CONTRACT_NEAR_LOW,action_accuracy,0.5725,0.02476676921083687,0.5239571323467598,0.6210428676532402,400
600,TAIL,STRESS_CONTRACT_NEAR_LOW,action_accuracy,0.5733333333333334,0.02020852157574867,0.533724631044866,0.6129420356218007,600
800,TAIL,STRESS_CONTRACT_NEAR_LOW,action_accuracy,0.57125,0.017508211465220788,0.5369339055281673,0.6055660944718327,800
1000,TAIL,STRESS_CONTRACT_NEAR_LOW,action_accuracy,0.562,0.015697210019694662,0.5312334683613985,0.5927665316386016,1000
100,TAIL-minus-EVENT-EMP,BASE_ACTUAL_NEAR,paired_accuracy_TAIL_minus_EVENT_EMP,0.01,0.026571800956288343,-0.04208072987432515,0.062080729874325155,100
200,TAIL-minus-EVENT-EMP,BASE_ACTUAL_NEAR,paired_accuracy_TAIL_minus_EVENT_EMP,0.0,0.018755233775398516,-0.03676025819978109,0.03676025819978109,200
400,TAIL-minus-EVENT-EMP,BASE_ACTUAL_NEAR,paired_accuracy_TAIL_minus_EVENT_EMP,-0.005,0.013242958123079,-0.03095619792123484,0.020956197921234838,400
600,TAIL-minus-EVENT-EMP,BASE_ACTUAL_NEAR,paired_accuracy_TAIL_minus_EVENT_EMP,-0.011666666666666667,0.010406102043884044,-0.032062626672679395,0.008729293339346059,600
800,TAIL-minus-EVENT-EMP,BASE_ACTUAL_NEAR,paired_accuracy_TAIL_minus_EVENT_EMP,0.00125,0.009443093343278057,-0.01725846295282499,0.019758462952824993,800
1000,TAIL-minus-EVENT-EMP,BASE_ACTUAL_NEAR,paired_accuracy_TAIL_minus_EVENT_EMP,0.001,0.008310720069167776,-0.015289011335568842,0.017289011335568844,1000
100,TAIL-minus-EVENT-EMP,BASE_CAPACITY_NEAR,paired_accuracy_TAIL_minus_EVENT_EMP,-0.01,0.026571800956288343,-0.062080729874325155,0.04208072987432515,100
200,TAIL-minus-EVENT-EMP,BASE_CAPACITY_NEAR,paired_accuracy_TAIL_minus_EVENT_EMP,-0.02,0.01730599570776515,-0.05391975158721969,0.013919751587219694,200
400,TAIL-minus-EVENT-EMP,BASE_CAPACITY_NEAR,paired_accuracy_TAIL_minus_EVENT_EMP,-0.0075,0.011998720692041052,-0.03101749255640046,0.01601749255640046,400
600,TAIL-minus-EVENT-EMP,BASE_CAPACITY_NEAR,paired_accuracy_TAIL_minus_EVENT_EMP,-0.005,0.010678824109555646,-0.025930495254729066,0.015930495254729064,600
800,TAIL-minus-EVENT-EMP,BASE_CAPACITY_NEAR,paired_accuracy_TAIL_minus_EVENT_EMP,-0.00625,0.008387586744066288,-0.022689670018369926,0.010189670018369923,800
1000,TAIL-minus-EVENT-EMP,BASE_CAPACITY_NEAR,paired_accuracy_TAIL_minus_EVENT_EMP,-0.005,0.0074182228350212044,-0.01953971675664156,0.009539716756641562,1000
100,TAIL-minus-EVENT-EMP,STRESS_ACTUAL_CLEAR,paired_accuracy_TAIL_minus_EVENT_EMP,0.0,0.0,0.0,0.0,100
200,TAIL-minus-EVENT-EMP,STRESS_ACTUAL_CLEAR,paired_accuracy_TAIL_minus_EVENT_EMP,0.0,0.0,0.0,0.0,200
400,TAIL-minus-EVENT-EMP,STRESS_ACTUAL_CLEAR,paired_accuracy_TAIL_minus_EVENT_EMP,0.0025,0.0025,-0.0024,0.0074,400
600,TAIL-minus-EVENT-EMP,STRESS_ACTUAL_CLEAR,paired_accuracy_TAIL_minus_EVENT_EMP,0.0016666666666666668,0.0016666666666666666,-0.0015999999999999996,0.004933333333333333,600
800,TAIL-minus-EVENT-EMP,STRESS_ACTUAL_CLEAR,paired_accuracy_TAIL_minus_EVENT_EMP,0.00125,0.0012500000000000002,-0.0012000000000000003,0.0037,800
1000,TAIL-minus-EVENT-EMP,STRESS_ACTUAL_CLEAR,paired_accuracy_TAIL_minus_EVENT_EMP,0.002,0.0014135055705578234,-0.0007704709182933338,0.004770470918293334,1000
100,TAIL-minus-EVENT-EMP,STRESS_ACTUAL_NEAR,paired_accuracy_TAIL_minus_EVENT_EMP,0.15,0.05,0.05199999999999999,0.248,100
200,TAIL-minus-EVENT-EMP,STRESS_ACTUAL_NEAR,paired_accuracy_TAIL_minus_EVENT_EMP,0.11,0.03599972082527152,0.039440547182467825,0.18055945281753216,200
400,TAIL-minus-EVENT-EMP,STRESS_ACTUAL_NEAR,paired_accuracy_TAIL_minus_EVENT_EMP,0.065,0.026050606235038614,0.013940811779324318,0.11605918822067568,400
600,TAIL-minus-EVENT-EMP,STRESS_ACTUAL_NEAR,paired_accuracy_TAIL_minus_EVENT_EMP,0.04666666666666667,0.021406663063651066,0.004709607061910578,0.08862372627142276,600
800,TAIL-minus-EVENT-EMP,STRESS_ACTUAL_NEAR,paired_accuracy_TAIL_minus_EVENT_EMP,0.04625,0.01860635422098445,0.009781545726870476,0.08271845427312952,800
1000,TAIL-minus-EVENT-EMP,STRESS_ACTUAL_NEAR,paired_accuracy_TAIL_minus_EVENT_EMP,0.05,0.01630232393757914,0.01804744508234489,0.08195255491765512,1000
100,TAIL-minus-EVENT-EMP,STRESS_CAPACITY_CLEAR,paired_accuracy_TAIL_minus_EVENT_EMP,0.01,0.017378728435078386,-0.024062307732753634,0.04406230773275364,100
200,TAIL-minus-EVENT-EMP,STRESS_CAPACITY_CLEAR,paired_accuracy_TAIL_minus_EVENT_EMP,0.005,0.01120279039180927,-0.016957469167946167,0.02695746916794617,200
400,TAIL-minus-EVENT-EMP,STRESS_CAPACITY_CLEAR,paired_accuracy_TAIL_minus_EVENT_EMP,0.0025,0.0066214790615395,-0.010478098960617419,0.01547809896061742,400
600,TAIL-minus-EVENT-EMP,STRESS_CAPACITY_CLEAR,paired_accuracy_TAIL_minus_EVENT_EMP,0.006666666666666667,0.0057718960402185935,-0.004646249572161775,0.01797958290549511,600
800,TAIL-minus-EVENT-EMP,STRESS_CAPACITY_CLEAR,paired_accuracy_TAIL_minus_EVENT_EMP,0.0125,0.005288160673063003,0.0021352050807965147,0.022864794919203485,800
1000,TAIL-minus-EVENT-EMP,STRESS_CAPACITY_CLEAR,paired_accuracy_TAIL_minus_EVENT_EMP,0.006,0.004897753361285968,-0.003599596588120497,0.015599596588120497,1000
100,TAIL-minus-EVENT-EMP,STRESS_CAPACITY_NEAR,paired_accuracy_TAIL_minus_EVENT_EMP,-0.05,0.035887028128263665,-0.12033857513139679,0.02033857513139678,100
200,TAIL-minus-EVENT-EMP,STRESS_CAPACITY_NEAR,paired_accuracy_TAIL_minus_EVENT_EMP,-0.045,0.02680424102046945,-0.09753631240012012,0.007536312400120121,200
400,TAIL-minus-EVENT-EMP,STRESS_CAPACITY_NEAR,paired_accuracy_TAIL_minus_EVENT_EMP,-0.005,0.01769803806579831,-0.03968815460896469,0.02968815460896469,400
600,TAIL-minus-EVENT-EMP,STRESS_CAPACITY_NEAR,paired_accuracy_TAIL_minus_EVENT_EMP,0.015,0.01423870355437226,-0.012907858966569631,0.04290785896656963,600
800,TAIL-minus-EVENT-EMP,STRESS_CAPACITY_NEAR,paired_accuracy_TAIL_minus_EVENT_EMP,0.015,0.011721368866738116,-0.007973882978806707,0.0379738829788067,800
1000,TAIL-minus-EVENT-EMP,STRESS_CAPACITY_NEAR,paired_accuracy_TAIL_minus_EVENT_EMP,0.006,0.010680733967198982,-0.014934238575710005,0.026934238575710007,1000
100,TAIL-minus-EVENT-EMP,STRESS_CONTRACT_CLEAR,paired_accuracy_TAIL_minus_EVENT_EMP,0.03,0.043704702379732674,-0.055661216664276036,0.11566121666427603,100
200,TAIL-minus-EVENT-EMP,STRESS_CONTRACT_CLEAR,paired_accuracy_TAIL_minus_EVENT_EMP,0.015,0.03047158656748444,-0.0447243096722695,0.0747243096722695,200
400,TAIL-minus-EVENT-EMP,STRESS_CONTRACT_CLEAR,paired_accuracy_TAIL_minus_EVENT_EMP,0.015,0.019048480556958396,-0.022335021891638454,0.05233502189163845,400
600,TAIL-minus-EVENT-EMP,STRESS_CONTRACT_CLEAR,paired_accuracy_TAIL_minus_EVENT_EMP,0.011666666666666667,0.015371338784220827,-0.018461157350406154,0.041794490683739485,600
800,TAIL-minus-EVENT-EMP,STRESS_CONTRACT_CLEAR,paired_accuracy_TAIL_minus_EVENT_EMP,0.00625,0.01329415623921431,-0.019806546228860043,0.03230654622886005,800
1000,TAIL-minus-EVENT-EMP,STRESS_CONTRACT_CLEAR,paired_accuracy_TAIL_minus_EVENT_EMP,0.008,0.011919650920982464,-0.01536251580512563,0.031362515805125626,1000
100,TAIL-minus-EVENT-EMP,STRESS_CONTRACT_NEAR_HIGH,paired_accuracy_TAIL_minus_EVENT_EMP,0.03,0.04370470237973267,-0.05566121666427602,0.11566121666427602,100
200,TAIL-minus-EVENT-EMP,STRESS_CONTRACT_NEAR_HIGH,paired_accuracy_TAIL_minus_EVENT_EMP,0.035,0.030389018778360675,-0.024562476805586916,0.09456247680558692,200
400,TAIL-minus-EVENT-EMP,STRESS_CONTRACT_NEAR_HIGH,paired_accuracy_TAIL_minus_EVENT_EMP,0.025,0.01902214775631705,-0.012283409602381418,0.06228340960238142,400
600,TAIL-minus-EVENT-EMP,STRESS_CONTRACT_NEAR_HIGH,paired_accuracy_TAIL_minus_EVENT_EMP,0.015,0.014999999999999998,-0.014399999999999996,0.044399999999999995,600
800,TAIL-minus-EVENT-EMP,STRESS_CONTRACT_NEAR_HIGH,paired_accuracy_TAIL_minus_EVENT_EMP,0.0,0.012632278815997783,-0.024759266479355654,0.024759266479355654,800
1000,TAIL-minus-EVENT-EMP,STRESS_CONTRACT_NEAR_HIGH,paired_accuracy_TAIL_minus_EVENT_EMP,0.002,0.011230410594547385,-0.02001160476531287,0.024011604765312874,1000
100,TAIL-minus-EVENT-EMP,STRESS_CONTRACT_NEAR_LOW,paired_accuracy_TAIL_minus_EVENT_EMP,-0.11,0.05103969538555756,-0.2100378029556928,-0.009962197044307189,100
200,TAIL-minus-EVENT-EMP,STRESS_CONTRACT_NEAR_LOW,paired_accuracy_TAIL_minus_EVENT_EMP,-0.04,0.03603460090401388,-0.1106278177718672,0.030627817771867204,200
400,TAIL-minus-EVENT-EMP,STRESS_CONTRACT_NEAR_LOW,paired_accuracy_TAIL_minus_EVENT_EMP,-0.0225,0.025130922848316174,-0.07175660878269971,0.026756608782699705,400
600,TAIL-minus-EVENT-EMP,STRESS_CONTRACT_NEAR_LOW,paired_accuracy_TAIL_minus_EVENT_EMP,-0.005,0.0208996995236313,-0.04596341106631734,0.03596341106631735,600
800,TAIL-minus-EVENT-EMP,STRESS_CONTRACT_NEAR_LOW,paired_accuracy_TAIL_minus_EVENT_EMP,-0.01125,0.018077964843729342,-0.0466828110937095,0.024182811093709507,800
1000,TAIL-minus-EVENT-EMP,STRESS_CONTRACT_NEAR_LOW,paired_accuracy_TAIL_minus_EVENT_EMP,-0.015,0.01615660967022587,-0.0466669549536427,0.016666954953642704,1000
100,TAIL-minus-EVENT-EMP,BASE_ACTUAL_NEAR,paired_regret_cny_per_month_TAIL_minus_EVENT_EMP,-430.36075593709944,1143.5460346158393,-2671.7109837841444,1810.9894719099457,100
200,TAIL-minus-EVENT-EMP,BASE_ACTUAL_NEAR,paired_regret_cny_per_month_TAIL_minus_EVENT_EMP,0.0,807.1516585357525,-1582.017250730075,1582.017250730075,200
400,TAIL-minus-EVENT-EMP,BASE_ACTUAL_NEAR,paired_regret_cny_per_month_TAIL_minus_EVENT_EMP,215.18037796854972,569.924946869163,-901.8725178950099,1332.2332738321093,400
600,TAIL-minus-EVENT-EMP,BASE_ACTUAL_NEAR,paired_regret_cny_per_month_TAIL_minus_EVENT_EMP,502.0875485932827,447.8377941964533,-375.6745280317657,1379.849625218331,600
800,TAIL-minus-EVENT-EMP,BASE_ACTUAL_NEAR,paired_regret_cny_per_month_TAIL_minus_EVENT_EMP,-53.79509449213743,406.3936789597736,-850.3267052532937,742.7365162690188,800
1000,TAIL-minus-EVENT-EMP,BASE_ACTUAL_NEAR,paired_regret_cny_per_month_TAIL_minus_EVENT_EMP,-43.036075593709946,357.6607771348668,-744.0511987780488,657.979047590629,1000
100,TAIL-minus-EVENT-EMP,BASE_CAPACITY_NEAR,paired_regret_cny_per_month_TAIL_minus_EVENT_EMP,423.5296328269784,1125.3945102568355,-1782.2436072764194,2629.302872930376,100
200,TAIL-minus-EVENT-EMP,BASE_CAPACITY_NEAR,paired_regret_cny_per_month_TAIL_minus_EVENT_EMP,847.0592656539568,732.960200781504,-589.5427278777911,2283.6612591857047,200
400,TAIL-minus-EVENT-EMP,BASE_CAPACITY_NEAR,paired_regret_cny_per_month_TAIL_minus_EVENT_EMP,317.6472246202338,508.18137690936146,-678.3882741221146,1313.6827233625822,400
600,TAIL-minus-EVENT-EMP,BASE_CAPACITY_NEAR,paired_regret_cny_per_month_TAIL_minus_EVENT_EMP,211.76481641348923,452.2798454143987,-674.7036805987323,1098.2333134257108,600
800,TAIL-minus-EVENT-EMP,BASE_CAPACITY_NEAR,paired_regret_cny_per_month_TAIL_minus_EVENT_EMP,264.70602051686154,355.23915340188273,-431.5627201508286,960.9747611845517,800
1000,TAIL-minus-EVENT-EMP,BASE_CAPACITY_NEAR,paired_regret_cny_per_month_TAIL_minus_EVENT_EMP,211.7648164134892,314.1837193545237,-404.0352735213773,827.5649063483556,1000
100,TAIL-minus-EVENT-EMP,STRESS_ACTUAL_CLEAR,paired_regret_cny_per_month_TAIL_minus_EVENT_EMP,0.0,0.0,0.0,0.0,100
200,TAIL-minus-EVENT-EMP,STRESS_ACTUAL_CLEAR,paired_regret_cny_per_month_TAIL_minus_EVENT_EMP,0.0,0.0,0.0,0.0,200
400,TAIL-minus-EVENT-EMP,STRESS_ACTUAL_CLEAR,paired_regret_cny_per_month_TAIL_minus_EVENT_EMP,-796.6235978469508,796.6235978469509,-2358.005849626975,764.758653933073,400
600,TAIL-minus-EVENT-EMP,STRESS_ACTUAL_CLEAR,paired_regret_cny_per_month_TAIL_minus_EVENT_EMP,-531.0823985646339,531.0823985646341,-1572.0038997513168,509.83910262204904,600
800,TAIL-minus-EVENT-EMP,STRESS_ACTUAL_CLEAR,paired_regret_cny_per_month_TAIL_minus_EVENT_EMP,-398.3117989234754,398.31179892347535,-1179.002924813487,382.37932696653627,800
1000,TAIL-minus-EVENT-EMP,STRESS_ACTUAL_CLEAR,paired_regret_cny_per_month_TAIL_minus_EVENT_EMP,-637.2988782775607,450.4127572777925,-1520.107882542034,245.5101259869126,1000
100,TAIL-minus-EVENT-EMP,STRESS_ACTUAL_NEAR,paired_regret_cny_per_month_TAIL_minus_EVENT_EMP,-1856.1237597780303,721.0960510224768,-3269.4720197820848,-442.77549977397575,100
200,TAIL-minus-EVENT-EMP,STRESS_ACTUAL_NEAR,paired_regret_cny_per_month_TAIL_minus_EVENT_EMP,-1308.7322903155675,404.2509186020012,-2101.0640907754896,-516.4004898556452,200
400,TAIL-minus-EVENT-EMP,STRESS_ACTUAL_NEAR,paired_regret_cny_per_month_TAIL_minus_EVENT_EMP,-1475.1093998319982,638.7673187916616,-2727.093344663655,-223.1254550003414,400
600,TAIL-minus-EVENT-EMP,STRESS_ACTUAL_NEAR,paired_regret_cny_per_month_TAIL_minus_EVENT_EMP,-1032.75208847232,432.17473251917903,-1879.814564209911,-185.68961273472928,600
800,TAIL-minus-EVENT-EMP,STRESS_ACTUAL_NEAR,paired_regret_cny_per_month_TAIL_minus_EVENT_EMP,-1158.1751092005545,413.31592427063987,-1968.2743207710087,-348.07589763010037,800
1000,TAIL-minus-EVENT-EMP,STRESS_ACTUAL_NEAR,paired_regret_cny_per_month_TAIL_minus_EVENT_EMP,-1248.536417196774,376.3939811596426,-1986.2686202696734,-510.80421412387454,1000
100,TAIL-minus-EVENT-EMP,STRESS_CAPACITY_CLEAR,paired_regret_cny_per_month_TAIL_minus_EVENT_EMP,-5072.627838550527,9583.088065864034,-23855.480447644033,13710.224770542982,100
200,TAIL-minus-EVENT-EMP,STRESS_CAPACITY_CLEAR,paired_regret_cny_per_month_TAIL_minus_EVENT_EMP,-2303.59259037375,6127.861501439898,-14314.201133195951,9707.015952448452,200
400,TAIL-minus-EVENT-EMP,STRESS_CAPACITY_CLEAR,paired_regret_cny_per_month_TAIL_minus_EVENT_EMP,-1061.4730119576657,3592.1412530191565,-8102.069867875212,5979.12384395988,400
600,TAIL-minus-EVENT-EMP,STRESS_CAPACITY_CLEAR,paired_regret_cny_per_month_TAIL_minus_EVENT_EMP,-3300.536850083573,3160.3358616653577,-9494.795138947673,2893.721438780528,600
800,TAIL-minus-EVENT-EMP,STRESS_CAPACITY_CLEAR,paired_regret_cny_per_month_TAIL_minus_EVENT_EMP,-6268.196412819408,2841.1490815762736,-11836.848612708904,-699.5442129299117,800
1000,TAIL-minus-EVENT-EMP,STRESS_CAPACITY_CLEAR,paired_regret_cny_per_month_TAIL_minus_EVENT_EMP,-2767.8625574475227,2633.0238270090085,-7928.589258385179,2392.8641434901338,1000
100,TAIL-minus-EVENT-EMP,STRESS_CAPACITY_NEAR,paired_regret_cny_per_month_TAIL_minus_EVENT_EMP,684.9392674527224,1326.109159283153,-1914.2346847422573,3284.1132196477024,100
200,TAIL-minus-EVENT-EMP,STRESS_CAPACITY_NEAR,paired_regret_cny_per_month_TAIL_minus_EVENT_EMP,-396.82623301679286,1133.7108163370842,-2618.8994330374776,1825.246967003892,200
400,TAIL-minus-EVENT-EMP,STRESS_CAPACITY_NEAR,paired_regret_cny_per_month_TAIL_minus_EVENT_EMP,-2028.1614623234864,806.4703413361254,-3608.843331342292,-447.4795933046805,400
600,TAIL-minus-EVENT-EMP,STRESS_CAPACITY_NEAR,paired_regret_cny_per_month_TAIL_minus_EVENT_EMP,-2841.7884555930955,663.5699833665491,-4142.385622991532,-1541.1912881946594,600
800,TAIL-minus-EVENT-EMP,STRESS_CAPACITY_NEAR,paired_regret_cny_per_month_TAIL_minus_EVENT_EMP,-2650.7895406665675,557.6436083938517,-3743.7710131185167,-1557.8080682146183,800
1000,TAIL-minus-EVENT-EMP,STRESS_CAPACITY_NEAR,paired_regret_cny_per_month_TAIL_minus_EVENT_EMP,-2171.564324546123,488.63496998986864,-3129.2888657262656,-1213.8397833659803,1000
100,TAIL-minus-EVENT-EMP,STRESS_CONTRACT_CLEAR,paired_regret_cny_per_month_TAIL_minus_EVENT_EMP,-4413.230048024812,2532.5331217132075,-9376.994966582699,550.5348705330744,100
200,TAIL-minus-EVENT-EMP,STRESS_CONTRACT_CLEAR,paired_regret_cny_per_month_TAIL_minus_EVENT_EMP,-3629.3638487669455,1745.6597786758146,-7050.8570149715415,-207.87068256234897,200
400,TAIL-minus-EVENT-EMP,STRESS_CONTRACT_CLEAR,paired_regret_cny_per_month_TAIL_minus_EVENT_EMP,-4158.589577659639,1170.7148249021832,-6453.190634467917,-1863.9885208513601,400
600,TAIL-minus-EVENT-EMP,STRESS_CONTRACT_CLEAR,paired_regret_cny_per_month_TAIL_minus_EVENT_EMP,-3807.6830637389576,951.1402026255118,-5671.917860884961,-1943.4482665929545,600
800,TAIL-minus-EVENT-EMP,STRESS_CONTRACT_CLEAR,paired_regret_cny_per_month_TAIL_minus_EVENT_EMP,-3295.1791552640834,818.7802217087632,-4899.988389813259,-1690.3699207149077,800
1000,TAIL-minus-EVENT-EMP,STRESS_CONTRACT_CLEAR,paired_regret_cny_per_month_TAIL_minus_EVENT_EMP,-2974.500130625996,730.5450086426042,-4406.3683475655,-1542.6319136864918,1000
100,TAIL-minus-EVENT-EMP,STRESS_CONTRACT_NEAR_HIGH,paired_regret_cny_per_month_TAIL_minus_EVENT_EMP,-4415.162172699244,1764.4311489084018,-7873.447224559712,-956.877120838777,100
200,TAIL-minus-EVENT-EMP,STRESS_CONTRACT_NEAR_HIGH,paired_regret_cny_per_month_TAIL_minus_EVENT_EMP,-3906.3750987064604,1130.318670565868,-6121.799693015561,-1690.9505043973595,200
400,TAIL-minus-EVENT-EMP,STRESS_CONTRACT_NEAR_HIGH,paired_regret_cny_per_month_TAIL_minus_EVENT_EMP,-3640.3386676284717,732.9313906404618,-5076.884193283777,-2203.7931419731667,400
600,TAIL-minus-EVENT-EMP,STRESS_CONTRACT_NEAR_HIGH,paired_regret_cny_per_month_TAIL_minus_EVENT_EMP,-3410.9522444779177,579.3669648708825,-4546.511495624847,-2275.3929933309882,600
800,TAIL-minus-EVENT-EMP,STRESS_CONTRACT_NEAR_HIGH,paired_regret_cny_per_month_TAIL_minus_EVENT_EMP,-2937.278019279926,482.2366930860431,-3882.4619377285703,-1992.0941008312816,800
1000,TAIL-minus-EVENT-EMP,STRESS_CONTRACT_NEAR_HIGH,paired_regret_cny_per_month_TAIL_minus_EVENT_EMP,-2757.757752165973,427.9546159798055,-3596.548799486392,-1918.9667048455544,1000
100,TAIL-minus-EVENT-EMP,STRESS_CONTRACT_NEAR_LOW,paired_regret_cny_per_month_TAIL_minus_EVENT_EMP,-491.2012772278209,906.7139916890313,-2268.360700938322,1285.9581464826806,100
200,TAIL-minus-EVENT-EMP,STRESS_CONTRACT_NEAR_LOW,paired_regret_cny_per_month_TAIL_minus_EVENT_EMP,-885.048527624756,580.6992085164695,-2023.2189763170363,253.1219210675241,200
400,TAIL-minus-EVENT-EMP,STRESS_CONTRACT_NEAR_LOW,paired_regret_cny_per_month_TAIL_minus_EVENT_EMP,-1370.3382669200842,699.9173910664736,-2742.176353410372,1.4998195702039538,400
600,TAIL-minus-EVENT-EMP,STRESS_CONTRACT_NEAR_LOW,paired_regret_cny_per_month_TAIL_minus_EVENT_EMP,-1167.3034054095406,490.4500564091247,-2128.585515971425,-206.02129484765612,600
800,TAIL-minus-EVENT-EMP,STRESS_CONTRACT_NEAR_LOW,paired_regret_cny_per_month_TAIL_minus_EVENT_EMP,-1292.668795150544,461.05271464422316,-2196.3321158532212,-389.0054744478665,800
1000,TAIL-minus-EVENT-EMP,STRESS_CONTRACT_NEAR_LOW,paired_regret_cny_per_month_TAIL_minus_EVENT_EMP,-1292.1710562688988,417.29055431678626,-2110.0605427297996,-474.2815698079978,1000
100,TAIL-minus-EVENT-EMP,BASE_ACTUAL_NEAR,paired_regret_over_capacity_fee_TAIL_minus_EVENT_EMP,-7.999999999999899e-05,0.00021257440765030407,-0.0004966458389945949,0.000336645838994597,100
200,TAIL-minus-EVENT-EMP,BASE_ACTUAL_NEAR,paired_regret_over_capacity_fee_TAIL_minus_EVENT_EMP,0.0,0.00015004187020318624,-0.000294082065598245,0.000294082065598245,200
400,TAIL-minus-EVENT-EMP,BASE_ACTUAL_NEAR,paired_regret_over_capacity_fee_TAIL_minus_EVENT_EMP,3.9999999999999495e-05,0.00010594366498463067,-0.00016764958336987662,0.0002476495833698756,400
600,TAIL-minus-EVENT-EMP,BASE_ACTUAL_NEAR,paired_regret_over_capacity_fee_TAIL_minus_EVENT_EMP,9.333333333333216e-05,8.324881635107131e-05,-6.98343467147676e-05,0.00025650101338143194,600
800,TAIL-minus-EVENT-EMP,BASE_ACTUAL_NEAR,paired_regret_over_capacity_fee_TAIL_minus_EVENT_EMP,-9.999999999999879e-06,7.554474674622348e-05,-0.00015806770362259792,0.00013806770362259814,800
1000,TAIL-minus-EVENT-EMP,BASE_ACTUAL_NEAR,paired_regret_over_capacity_fee_TAIL_minus_EVENT_EMP,-7.999999999999903e-06,6.648576055334139e-05,-0.000138312090684549,0.00012231209068454922,1000
100,TAIL-minus-EVENT-EMP,BASE_CAPACITY_NEAR,paired_regret_over_capacity_fee_TAIL_minus_EVENT_EMP,7.9999999999998e-05,0.00021257440765030147,-0.0003366458389945929,0.0004966458389945888,100
200,TAIL-minus-EVENT-EMP,BASE_CAPACITY_NEAR,paired_regret_over_capacity_fee_TAIL_minus_EVENT_EMP,0.000159999999999996,0.0001384479656621178,-0.00011135801269775486,0.0004313580126977469,200
400,TAIL-minus-EVENT-EMP,BASE_CAPACITY_NEAR,paired_regret_over_capacity_fee_TAIL_minus_EVENT_EMP,5.999999999999851e-05,9.598976553632599e-05,-0.00012813994045120044,0.00024813994045119747,400
600,TAIL-minus-EVENT-EMP,BASE_CAPACITY_NEAR,paired_regret_over_capacity_fee_TAIL_minus_EVENT_EMP,3.999999999999901e-05,8.543059287644305e-05,-0.00012744396203782937,0.00020744396203782736,600
800,TAIL-minus-EVENT-EMP,BASE_CAPACITY_NEAR,paired_regret_over_capacity_fee_TAIL_minus_EVENT_EMP,4.999999999999876e-05,6.710069395252865e-05,-8.151736014695738e-05,0.00018151736014695492,800
1000,TAIL-minus-EVENT-EMP,BASE_CAPACITY_NEAR,paired_regret_over_capacity_fee_TAIL_minus_EVENT_EMP,3.9999999999999e-05,5.934578268016817e-05,-7.63177340531306e-05,0.0001563177340531286,1000
100,TAIL-minus-EVENT-EMP,STRESS_ACTUAL_CLEAR,paired_regret_over_capacity_fee_TAIL_minus_EVENT_EMP,0.0,0.0,0.0,0.0,100
200,TAIL-minus-EVENT-EMP,STRESS_ACTUAL_CLEAR,paired_regret_over_capacity_fee_TAIL_minus_EVENT_EMP,0.0,0.0,0.0,0.0,200
400,TAIL-minus-EVENT-EMP,STRESS_ACTUAL_CLEAR,paired_regret_over_capacity_fee_TAIL_minus_EVENT_EMP,-9.5538582679406e-05,9.553858267940599e-05,-0.00028279420473104175,9.171703937222972e-05,400
600,TAIL-minus-EVENT-EMP,STRESS_ACTUAL_CLEAR,paired_regret_over_capacity_fee_TAIL_minus_EVENT_EMP,-6.369238845293734e-05,6.369238845293734e-05,-0.00018852946982069453,6.114469291481985e-05,600
800,TAIL-minus-EVENT-EMP,STRESS_ACTUAL_CLEAR,paired_regret_over_capacity_fee_TAIL_minus_EVENT_EMP,-4.7769291339703e-05,4.7769291339702996e-05,-0.00014139710236552087,4.585851968611486e-05,800
1000,TAIL-minus-EVENT-EMP,STRESS_ACTUAL_CLEAR,paired_regret_over_capacity_fee_TAIL_minus_EVENT_EMP,-7.643086614352481e-05,5.401772752821582e-05,-0.0001823056120988278,2.9443879811778196e-05,1000
100,TAIL-minus-EVENT-EMP,STRESS_ACTUAL_NEAR,paired_regret_over_capacity_fee_TAIL_minus_EVENT_EMP,-0.00025042926544831197,9.72906862615862e-05,-0.0004411190105210209,-5.973952037560302e-05,100
200,TAIL-minus-EVENT-EMP,STRESS_ACTUAL_NEAR,paired_regret_over_capacity_fee_TAIL_minus_EVENT_EMP,-0.0001765748993867775,5.454176213681569e-05,-0.0002834767531749362,-6.967304559861873e-05,200
400,TAIL-minus-EVENT-EMP,STRESS_ACTUAL_NEAR,paired_regret_over_capacity_fee_TAIL_minus_EVENT_EMP,-0.00019902259292236448,8.618284723456001e-05,-0.0003679409735021021,-3.0104212342626862e-05,400
600,TAIL-minus-EVENT-EMP,STRESS_ACTUAL_NEAR,paired_regret_over_capacity_fee_TAIL_minus_EVENT_EMP,-0.00013933949476368148,5.830925887347288e-05,-0.0002536256421556883,-2.5053347371674643e-05,600
800,TAIL-minus-EVENT-EMP,STRESS_ACTUAL_NEAR,paired_regret_over_capacity_fee_TAIL_minus_EVENT_EMP,-0.00015626163952144127,5.576481781881122e-05,-0.00026556068244631124,-4.696259659657129e-05,800
1000,TAIL-minus-EVENT-EMP,STRESS_ACTUAL_NEAR,paired_regret_over_capacity_fee_TAIL_minus_EVENT_EMP,-0.00016845323820511326,5.07832884118942e-05,-0.0002679884834924259,-6.891799291780064e-05,1000
100,TAIL-minus-EVENT-EMP,STRESS_CAPACITY_CLEAR,paired_regret_over_capacity_fee_TAIL_minus_EVENT_EMP,-0.001064625040061353,0.002011264346754689,-0.005006703159700543,0.002877453079577837,100
200,TAIL-minus-EVENT-EMP,STRESS_CAPACITY_CLEAR,paired_regret_over_capacity_fee_TAIL_minus_EVENT_EMP,-0.00048346979748320354,0.0012860937179111163,-0.0030042134845889913,0.0020372738896225844,200
400,TAIL-minus-EVENT-EMP,STRESS_CAPACITY_CLEAR,paired_regret_over_capacity_fee_TAIL_minus_EVENT_EMP,-0.00022277817018060282,0.0007539057954021569,-0.0017004335291688304,0.0012548771888076249,400
600,TAIL-minus-EVENT-EMP,STRESS_CAPACITY_CLEAR,paired_regret_over_capacity_fee_TAIL_minus_EVENT_EMP,-0.000692704903273222,0.0006632800198277937,-0.0019927337421356975,0.0006073239355892537,600
800,TAIL-minus-EVENT-EMP,STRESS_CAPACITY_CLEAR,paired_regret_over_capacity_fee_TAIL_minus_EVENT_EMP,-0.001315546708630046,0.0005962902367498981,-0.002484275572659846,-0.0001468178446002459,800
1000,TAIL-minus-EVENT-EMP,STRESS_CAPACITY_CLEAR,paired_regret_over_capacity_fee_TAIL_minus_EVENT_EMP,-0.0005809091224301009,0.0005526096505658408,-0.001664024037539149,0.0005022057926789471,1000
100,TAIL-minus-EVENT-EMP,STRESS_CAPACITY_NEAR,paired_regret_over_capacity_fee_TAIL_minus_EVENT_EMP,0.00013040415401901803,0.0002524751481928036,-0.00036444713643887707,0.0006252554444769131,100
200,TAIL-minus-EVENT-EMP,STRESS_CAPACITY_NEAR,paired_regret_over_capacity_fee_TAIL_minus_EVENT_EMP,-7.555091621708601e-05,0.00021584483023797074,-0.0004986067834835087,0.00034750495104933667,200
400,TAIL-minus-EVENT-EMP,STRESS_CAPACITY_NEAR,paired_regret_over_capacity_fee_TAIL_minus_EVENT_EMP,-0.0003861374172514307,0.0001535422008939342,-0.0006870801310035417,-8.51947034993197e-05,400
600,TAIL-minus-EVENT-EMP,STRESS_CAPACITY_NEAR,paired_regret_over_capacity_fee_TAIL_minus_EVENT_EMP,-0.0005410421581329823,0.00012633570073321095,-0.0007886601315700759,-0.0002934241846958889,600
800,TAIL-minus-EVENT-EMP,STRESS_CAPACITY_NEAR,paired_regret_over_capacity_fee_TAIL_minus_EVENT_EMP,-0.0005046782743507399,0.00010616859983390407,-0.0007127687300251919,-0.0002965878186762879,800
1000,TAIL-minus-EVENT-EMP,STRESS_CAPACITY_NEAR,paired_regret_over_capacity_fee_TAIL_minus_EVENT_EMP,-0.00041343958814549345,9.303018955624071e-05,-0.0005957787596757253,-0.00023110041661526166,1000
100,TAIL-minus-EVENT-EMP,STRESS_CONTRACT_CLEAR,paired_regret_over_capacity_fee_TAIL_minus_EVENT_EMP,-0.0008269937351961436,0.00047457055332316464,-0.0017571520197095462,0.0001031645493172591,100
200,TAIL-minus-EVENT-EMP,STRESS_CONTRACT_CLEAR,paired_regret_over_capacity_fee_TAIL_minus_EVENT_EMP,-0.0006801053045084213,0.00032711861494618945,-0.0013212577898029526,-3.895281921388995e-05,200
400,TAIL-minus-EVENT-EMP,STRESS_CONTRACT_CLEAR,paired_regret_over_capacity_fee_TAIL_minus_EVENT_EMP,-0.0007792767407435983,0.00021937986811466358,-0.001209261282248339,-0.00034929219923885763,400
600,TAIL-minus-EVENT-EMP,STRESS_CONTRACT_CLEAR,paired_regret_over_capacity_fee_TAIL_minus_EVENT_EMP,-0.0007135204838764088,0.00017823385146589687,-0.0010628588327495666,-0.000364182135003251,600
800,TAIL-minus-EVENT-EMP,STRESS_CONTRACT_CLEAR,paired_regret_over_capacity_fee_TAIL_minus_EVENT_EMP,-0.0006174825440998604,0.00015343095793492802,-0.0009182072216523192,-0.00031675786654740146,800
1000,TAIL-minus-EVENT-EMP,STRESS_CONTRACT_CLEAR,paired_regret_over_capacity_fee_TAIL_minus_EVENT_EMP,-0.0005573906065623647,0.00013689659021891266,-0.0008257079233914336,-0.00028907328973329594,1000
100,TAIL-minus-EVENT-EMP,STRESS_CONTRACT_NEAR_HIGH,paired_regret_over_capacity_fee_TAIL_minus_EVENT_EMP,-0.000833974641770172,0.0003332812652812272,-0.0014872059217213773,-0.00018074336181896663,100
200,TAIL-minus-EVENT-EMP,STRESS_CONTRACT_NEAR_HIGH,paired_regret_over_capacity_fee_TAIL_minus_EVENT_EMP,-0.0007378704668444703,0.00021350452633430778,-0.0011563393384597135,-0.000319401595229227,200
400,TAIL-minus-EVENT-EMP,STRESS_CONTRACT_NEAR_HIGH,paired_regret_over_capacity_fee_TAIL_minus_EVENT_EMP,-0.0006876191672029794,0.000138442523749428,-0.0009589665137518583,-0.0004162718206541005,400
600,TAIL-minus-EVENT-EMP,STRESS_CONTRACT_NEAR_HIGH,paired_regret_over_capacity_fee_TAIL_minus_EVENT_EMP,-0.0006442906432233106,0.00010943592513302188,-0.0008587850564840335,-0.00042979622996258774,600
800,TAIL-minus-EVENT-EMP,STRESS_CONTRACT_NEAR_HIGH,paired_regret_over_capacity_fee_TAIL_minus_EVENT_EMP,-0.0005548188918303716,9.108910559427815e-05,-0.0007333535387951568,-0.0003762842448655864,800
1000,TAIL-minus-EVENT-EMP,STRESS_CONTRACT_NEAR_HIGH,paired_regret_over_capacity_fee_TAIL_minus_EVENT_EMP,-0.0005209095257412635,8.083582971482408e-05,-0.0006793477519823187,-0.00036247129950020833,1000
100,TAIL-minus-EVENT-EMP,STRESS_CONTRACT_NEAR_LOW,paired_regret_over_capacity_fee_TAIL_minus_EVENT_EMP,-6.7009521979359e-05,0.00012369363430400293,-0.00030944904521520473,0.00017543000125648674,100
200,TAIL-minus-EVENT-EMP,STRESS_CONTRACT_NEAR_LOW,paired_regret_over_capacity_fee_TAIL_minus_EVENT_EMP,-0.00012073803858853349,7.9218801294835e-05,-0.00027600688912641006,3.45308119493431e-05,200
400,TAIL-minus-EVENT-EMP,STRESS_CONTRACT_NEAR_LOW,paired_regret_over_capacity_fee_TAIL_minus_EVENT_EMP,-0.00018694111044370877,9.548250783283482e-05,-0.00037408682579606503,2.046049086474645e-07,400
600,TAIL-minus-EVENT-EMP,STRESS_CONTRACT_NEAR_LOW,paired_regret_over_capacity_fee_TAIL_minus_EVENT_EMP,-0.0001592431592255225,6.690704067424852e-05,-0.0002903809589470496,-2.8105359503995396e-05,600
800,TAIL-minus-EVENT-EMP,STRESS_CONTRACT_NEAR_LOW,paired_regret_over_capacity_fee_TAIL_minus_EVENT_EMP,-0.0001763454658129793,6.289666466250987e-05,-0.00029962292855149864,-5.306800307445993e-05,800
1000,TAIL-minus-EVENT-EMP,STRESS_CONTRACT_NEAR_LOW,paired_regret_over_capacity_fee_TAIL_minus_EVENT_EMP,-0.00017627756443308512,5.6926644672180165e-05,-0.00028785378799055824,-6.4701340875612e-05,1000
100,TAIL-minus-EVENT-EMP,BASE_ACTUAL_NEAR,paired_regret_over_oracle_value_TAIL_minus_EVENT_EMP,-8.064516129032201e-05,0.00021428871738942058,-0.0005006510473735864,0.0003393607247929423,100
200,TAIL-minus-EVENT-EMP,BASE_ACTUAL_NEAR,paired_regret_over_oracle_value_TAIL_minus_EVENT_EMP,0.0,0.00015125188528547083,-0.00029645369515952284,0.00029645369515952284,200
400,TAIL-minus-EVENT-EMP,BASE_ACTUAL_NEAR,paired_regret_over_oracle_value_TAIL_minus_EVENT_EMP,4.032258064516099e-05,0.00010679804937966857,-0.0001690015961389894,0.0002496467574293114,400
600,TAIL-minus-EVENT-EMP,BASE_ACTUAL_NEAR,paired_regret_over_oracle_value_TAIL_minus_EVENT_EMP,9.408602150537565e-05,8.392017777325783e-05,-7.03975269302097e-05,0.000258569569940961,600
800,TAIL-minus-EVENT-EMP,BASE_ACTUAL_NEAR,paired_regret_over_oracle_value_TAIL_minus_EVENT_EMP,-1.0080645161290253e-05,7.61539785748225e-05,-0.00015934244316794235,0.00013918115284536182,800
1000,TAIL-minus-EVENT-EMP,BASE_ACTUAL_NEAR,paired_regret_over_oracle_value_TAIL_minus_EVENT_EMP,-8.064516129032206e-06,6.702193604167515e-05,-0.0001394275107707155,0.0001232984785126511,1000
100,TAIL-minus-EVENT-EMP,BASE_CAPACITY_NEAR,paired_regret_over_oracle_value_TAIL_minus_EVENT_EMP,7.9999999999998e-05,0.00021257440765030147,-0.0003366458389945929,0.0004966458389945888,100
200,TAIL-minus-EVENT-EMP,BASE_CAPACITY_NEAR,paired_regret_over_oracle_value_TAIL_minus_EVENT_EMP,0.000159999999999996,0.0001384479656621178,-0.00011135801269775486,0.0004313580126977469,200
400,TAIL-minus-EVENT-EMP,BASE_CAPACITY_NEAR,paired_regret_over_oracle_value_TAIL_minus_EVENT_EMP,5.999999999999851e-05,9.598976553632599e-05,-0.00012813994045120044,0.00024813994045119747,400
600,TAIL-minus-EVENT-EMP,BASE_CAPACITY_NEAR,paired_regret_over_oracle_value_TAIL_minus_EVENT_EMP,3.999999999999901e-05,8.543059287644305e-05,-0.00012744396203782937,0.00020744396203782736,600
800,TAIL-minus-EVENT-EMP,BASE_CAPACITY_NEAR,paired_regret_over_oracle_value_TAIL_minus_EVENT_EMP,4.999999999999876e-05,6.710069395252865e-05,-8.151736014695738e-05,0.00018151736014695492,800
1000,TAIL-minus-EVENT-EMP,BASE_CAPACITY_NEAR,paired_regret_over_oracle_value_TAIL_minus_EVENT_EMP,3.9999999999999e-05,5.934578268016817e-05,-7.63177340531306e-05,0.0001563177340531286,1000
100,TAIL-minus-EVENT-EMP,STRESS_ACTUAL_CLEAR,paired_regret_over_oracle_value_TAIL_minus_EVENT_EMP,0.0,0.0,0.0,0.0,100
200,TAIL-minus-EVENT-EMP,STRESS_ACTUAL_CLEAR,paired_regret_over_oracle_value_TAIL_minus_EVENT_EMP,0.0,0.0,0.0,0.0,200
400,TAIL-minus-EVENT-EMP,STRESS_ACTUAL_CLEAR,paired_regret_over_oracle_value_TAIL_minus_EVENT_EMP,-0.000149279035436572,0.00014927903543657202,-0.00044186594489225314,0.00014330787401910914,400
600,TAIL-minus-EVENT-EMP,STRESS_ACTUAL_CLEAR,paired_regret_over_oracle_value_TAIL_minus_EVENT_EMP,-9.951935695771467e-05,9.951935695771468e-05,-0.00029457729659483547,9.55385826794061e-05,600
800,TAIL-minus-EVENT-EMP,STRESS_ACTUAL_CLEAR,paired_regret_over_oracle_value_TAIL_minus_EVENT_EMP,-7.4639517718286e-05,7.4639517718286e-05,-0.00022093297244612652,7.165393700955454e-05,800
1000,TAIL-minus-EVENT-EMP,STRESS_ACTUAL_CLEAR,paired_regret_over_oracle_value_TAIL_minus_EVENT_EMP,-0.0001194232283492576,8.440269926283729e-05,-0.00028485251890441866,4.6006062205903466e-05,1000
100,TAIL-minus-EVENT-EMP,STRESS_ACTUAL_NEAR,paired_regret_over_oracle_value_TAIL_minus_EVENT_EMP,-0.0003478184242337661,0.0001351259531410917,-0.0006126652923903058,-8.297155607722636e-05,100
200,TAIL-minus-EVENT-EMP,STRESS_ACTUAL_NEAR,paired_regret_over_oracle_value_TAIL_minus_EVENT_EMP,-0.0002452429158149695,7.575244741224402e-05,-0.00039371771274296775,-9.676811888697124e-05,200
400,TAIL-minus-EVENT-EMP,STRESS_ACTUAL_NEAR,paired_regret_over_oracle_value_TAIL_minus_EVENT_EMP,-0.000276420267947729,0.00011969839893688898,-0.0005110291298640314,-4.1811406031426576e-05,400
600,TAIL-minus-EVENT-EMP,STRESS_ACTUAL_NEAR,paired_regret_over_oracle_value_TAIL_minus_EVENT_EMP,-0.00019352707606066935,8.098508176871238e-05,-0.0003522578363273456,-3.4796315793993084e-05,600
800,TAIL-minus-EVENT-EMP,STRESS_ACTUAL_NEAR,paired_regret_over_oracle_value_TAIL_minus_EVENT_EMP,-0.00021703005489089123,7.745113585946009e-05,-0.000368834281175433,-6.522582860634947e-05,800
1000,TAIL-minus-EVENT-EMP,STRESS_ACTUAL_NEAR,paired_regret_over_oracle_value_TAIL_minus_EVENT_EMP,-0.00023396283084043562,7.053234501651977e-05,-0.00037220622707281436,-9.571943460805687e-05,1000
100,TAIL-minus-EVENT-EMP,STRESS_CAPACITY_CLEAR,paired_regret_over_oracle_value_TAIL_minus_EVENT_EMP,-0.001064625040061353,0.002011264346754689,-0.005006703159700543,0.002877453079577837,100
200,TAIL-minus-EVENT-EMP,STRESS_CAPACITY_CLEAR,paired_regret_over_oracle_value_TAIL_minus_EVENT_EMP,-0.00048346979748320354,0.0012860937179111163,-0.0030042134845889913,0.0020372738896225844,200
400,TAIL-minus-EVENT-EMP,STRESS_CAPACITY_CLEAR,paired_regret_over_oracle_value_TAIL_minus_EVENT_EMP,-0.00022277817018060282,0.0007539057954021569,-0.0017004335291688304,0.0012548771888076249,400
600,TAIL-minus-EVENT-EMP,STRESS_CAPACITY_CLEAR,paired_regret_over_oracle_value_TAIL_minus_EVENT_EMP,-0.000692704903273222,0.0006632800198277937,-0.0019927337421356975,0.0006073239355892537,600
800,TAIL-minus-EVENT-EMP,STRESS_CAPACITY_CLEAR,paired_regret_over_oracle_value_TAIL_minus_EVENT_EMP,-0.001315546708630046,0.0005962902367498981,-0.002484275572659846,-0.0001468178446002459,800
1000,TAIL-minus-EVENT-EMP,STRESS_CAPACITY_CLEAR,paired_regret_over_oracle_value_TAIL_minus_EVENT_EMP,-0.0005809091224301009,0.0005526096505658408,-0.001664024037539149,0.0005022057926789471,1000
100,TAIL-minus-EVENT-EMP,STRESS_CAPACITY_NEAR,paired_regret_over_oracle_value_TAIL_minus_EVENT_EMP,0.00013040415401901803,0.0002524751481928036,-0.00036444713643887707,0.0006252554444769131,100
200,TAIL-minus-EVENT-EMP,STRESS_CAPACITY_NEAR,paired_regret_over_oracle_value_TAIL_minus_EVENT_EMP,-7.555091621708601e-05,0.00021584483023797074,-0.0004986067834835087,0.00034750495104933667,200
400,TAIL-minus-EVENT-EMP,STRESS_CAPACITY_NEAR,paired_regret_over_oracle_value_TAIL_minus_EVENT_EMP,-0.0003861374172514307,0.0001535422008939342,-0.0006870801310035417,-8.51947034993197e-05,400
600,TAIL-minus-EVENT-EMP,STRESS_CAPACITY_NEAR,paired_regret_over_oracle_value_TAIL_minus_EVENT_EMP,-0.0005410421581329823,0.00012633570073321095,-0.0007886601315700759,-0.0002934241846958889,600
800,TAIL-minus-EVENT-EMP,STRESS_CAPACITY_NEAR,paired_regret_over_oracle_value_TAIL_minus_EVENT_EMP,-0.0005046782743507399,0.00010616859983390407,-0.0007127687300251919,-0.0002965878186762879,800
1000,TAIL-minus-EVENT-EMP,STRESS_CAPACITY_NEAR,paired_regret_over_oracle_value_TAIL_minus_EVENT_EMP,-0.00041343958814549345,9.303018955624071e-05,-0.0005957787596757253,-0.00023110041661526166,1000
100,TAIL-minus-EVENT-EMP,STRESS_CONTRACT_CLEAR,paired_regret_over_oracle_value_TAIL_minus_EVENT_EMP,-0.0008364623942332426,0.00048000414558295966,-0.0017772705195758434,0.00010434573110935832,100
200,TAIL-minus-EVENT-EMP,STRESS_CONTRACT_CLEAR,paired_regret_over_oracle_value_TAIL_minus_EVENT_EMP,-0.0006878921654768218,0.00033086395725990896,-0.0013363855217062434,-3.939880924740016e-05,200
400,TAIL-minus-EVENT-EMP,STRESS_CONTRACT_CLEAR,paired_regret_over_oracle_value_TAIL_minus_EVENT_EMP,-0.0007881990643835599,0.00022189165639355197,-0.0012231067109149218,-0.000353291417852198,400
600,TAIL-minus-EVENT-EMP,STRESS_CONTRACT_CLEAR,paired_regret_over_oracle_value_TAIL_minus_EVENT_EMP,-0.0007216899317092952,0.0001802745387124549,-0.0010750280275857067,-0.0003683518358328836,600
800,TAIL-minus-EVENT-EMP,STRESS_CONTRACT_CLEAR,paired_regret_over_oracle_value_TAIL_minus_EVENT_EMP,-0.0006245524062071625,0.00015518766462397637,-0.0009287202288701562,-0.0003203845835441689,800
1000,TAIL-minus-EVENT-EMP,STRESS_CONTRACT_CLEAR,paired_regret_over_oracle_value_TAIL_minus_EVENT_EMP,-0.0005637724464474837,0.0001384639867794391,-0.0008351618605351844,-0.0002923830323597831,1000
100,TAIL-minus-EVENT-EMP,STRESS_CONTRACT_NEAR_HIGH,paired_regret_over_oracle_value_TAIL_minus_EVENT_EMP,-0.0008368285998498877,0.00033442179247740857,-0.0014922953131056085,-0.0001813618865941669,100
200,TAIL-minus-EVENT-EMP,STRESS_CONTRACT_NEAR_HIGH,paired_regret_over_oracle_value_TAIL_minus_EVENT_EMP,-0.000740395545276307,0.00021423516361926482,-0.001160296465970066,-0.00032049462458254795,200
400,TAIL-minus-EVENT-EMP,STRESS_CONTRACT_NEAR_HIGH,paired_regret_over_oracle_value_TAIL_minus_EVENT_EMP,-0.0006899722798513922,0.0001389162901440408,-0.0009622482085337122,-0.0004176963511690723,400
600,TAIL-minus-EVENT-EMP,STRESS_CONTRACT_NEAR_HIGH,paired_regret_over_oracle_value_TAIL_minus_EVENT_EMP,-0.0006464954806306065,0.000109810427578421,-0.0008617239186843116,-0.0004312670425769013,600
800,TAIL-minus-EVENT-EMP,STRESS_CONTRACT_NEAR_HIGH,paired_regret_over_oracle_value_TAIL_minus_EVENT_EMP,-0.0005567175465133909,9.140082309246544e-05,-0.0007358631597746232,-0.00037757193325215865,800
1000,TAIL-minus-EVENT-EMP,STRESS_CONTRACT_NEAR_HIGH,paired_regret_over_oracle_value_TAIL_minus_EVENT_EMP,-0.0005226921386353826,8.111245931216399e-05,-0.0006816725588872241,-0.0003637117183835412,1000
100,TAIL-minus-EVENT-EMP,STRESS_CONTRACT_NEAR_LOW,paired_regret_over_oracle_value_TAIL_minus_EVENT_EMP,-9.225109443801802e-05,0.000170287338314023,-0.0004260142775335031,0.00024151208865746704,100
200,TAIL-minus-EVENT-EMP,STRESS_CONTRACT_NEAR_LOW,paired_regret_over_oracle_value_TAIL_minus_EVENT_EMP,-0.00016621841002719903,0.0001090594426530513,-0.0003799749176271796,4.7538097572781524e-05,200
400,TAIL-minus-EVENT-EMP,STRESS_CONTRACT_NEAR_LOW,paired_regret_over_oracle_value_TAIL_minus_EVENT_EMP,-0.00025735927558478055,0.00013144946549504895,-0.0005150002279550765,2.8167678551541293e-07,400
600,TAIL-minus-EVENT-EMP,STRESS_CONTRACT_NEAR_LOW,paired_regret_over_oracle_value_TAIL_minus_EVENT_EMP,-0.0002192278841333455,9.211000982382089e-05,-0.0003997635033880344,-3.869226487865658e-05,600
800,TAIL-minus-EVENT-EMP,STRESS_CONTRACT_NEAR_LOW,paired_regret_over_oracle_value_TAIL_minus_EVENT_EMP,-0.00024277239621915602,8.658897989758417e-05,-0.000412486796818421,-7.305799561989104e-05,800
1000,TAIL-minus-EVENT-EMP,STRESS_CONTRACT_NEAR_LOW,paired_regret_over_oracle_value_TAIL_minus_EVENT_EMP,-0.00024267891731609802,7.837013484904919e-05,-0.00039628438162023444,-8.907345301196161e-05,1000
100,EMP,BASE_ACTUAL_NEAR,regret_cny_per_month,17214.43023748398,2118.9498842916114,13061.28846427242,21367.572010695538,100
200,EMP,BASE_ACTUAL_NEAR,regret_cny_per_month,16138.52834764123,1476.9363045854445,13243.733190653758,19033.3235046287,200
400,EMP,BASE_ACTUAL_NEAR,regret_cny_per_month,16461.298914594056,1047.0813266027021,14409.019514452759,18513.57831473535,400
600,EMP,BASE_ACTUAL_NEAR,regret_cny_per_month,16497.162310922147,854.9343763993306,14821.490933179459,18172.833688664836,600
800,EMP,BASE_ACTUAL_NEAR,regret_cny_per_month,17160.63514299184,745.4820052818048,15699.490412639501,18621.779873344178,800
1000,EMP,BASE_ACTUAL_NEAR,regret_cny_per_month,17042.28593510914,665.9106793946842,15737.101003495558,18347.47086672272,1000
100,EMP,BASE_CAPACITY_NEAR,regret_cny_per_month,20329.422375694965,2126.613149575648,16161.260602526694,24497.584148863236,100
200,EMP,BASE_CAPACITY_NEAR,regret_cny_per_month,21388.246457762412,1501.0859224499686,18446.118049760473,24330.374865764352,200
400,EMP,BASE_CAPACITY_NEAR,regret_cny_per_month,20435.30478390171,1059.5005580518643,18358.683690120055,22511.925877683363,400
600,EMP,BASE_CAPACITY_NEAR,regret_cny_per_month,19976.481015005815,863.857263068887,18283.320779390797,21669.641250620833,600
800,EMP,BASE_CAPACITY_NEAR,regret_cny_per_month,19694.127926454497,747.332345584181,18229.356529109504,21158.89932379949,800
1000,EMP,BASE_CAPACITY_NEAR,regret_cny_per_month,19863.539779585288,668.7052602597915,18552.877469476098,21174.202089694478,1000
100,EMP,STRESS_ACTUAL_CLEAR,regret_cny_per_month,0.0,0.0,0.0,0.0,100
200,EMP,STRESS_ACTUAL_CLEAR,regret_cny_per_month,1593.2471956939016,1593.2471956939016,-1529.5173078661455,4716.011699253949,200
400,EMP,STRESS_ACTUAL_CLEAR,regret_cny_per_month,3186.4943913878033,1587.2462433135256,75.49175449329323,6297.497028282313,400
600,EMP,STRESS_ACTUAL_CLEAR,regret_cny_per_month,2655.4119928231694,1183.5646402580735,335.6252979173455,4975.198687728993,600
800,EMP,STRESS_ACTUAL_CLEAR,regret_cny_per_month,2788.182592464328,1049.869684467262,730.4380109084946,4845.927174020162,800
1000,EMP,STRESS_ACTUAL_CLEAR,regret_cny_per_month,2867.844952249023,952.113002784367,1001.7034667916639,4733.986437706382,1000
100,EMP,STRESS_ACTUAL_NEAR,regret_cny_per_month,3951.021924898112,696.5817599765747,2585.7216753440252,5316.322174452199,100
200,EMP,STRESS_ACTUAL_NEAR,regret_cny_per_month,3853.003089908636,530.2047487130413,2813.801782431075,4892.204397386196,200
400,EMP,STRESS_ACTUAL_NEAR,regret_cny_per_month,3506.15331381012,282.98282425534575,2951.5069782696423,4060.7996493505975,400
600,EMP,STRESS_ACTUAL_NEAR,regret_cny_per_month,3168.3564324346594,199.59310826814448,2777.1539402290964,3559.5589246402224,600
800,EMP,STRESS_ACTUAL_NEAR,regret_cny_per_month,3397.56488797158,229.37491187144883,2947.99006070354,3847.13971523962,800
1000,EMP,STRESS_ACTUAL_NEAR,regret_cny_per_month,3314.311874525644,195.62093357498347,2930.8948447186763,3697.7289043326114,1000
100,EMP,STRESS_CAPACITY_CLEAR,regret_cny_per_month,40718.69641286082,14995.076797643651,11328.345889479267,70109.04693624238,100
200,EMP,STRESS_CAPACITY_CLEAR,regret_cny_per_month,39282.31560540391,10191.911198800286,19306.169655755348,59258.46155505246,200
400,EMP,STRESS_CAPACITY_CLEAR,regret_cny_per_month,29201.038200889983,6230.6731116187675,16988.9189021172,41413.15749966277,400
600,EMP,STRESS_CAPACITY_CLEAR,regret_cny_per_month,33603.49050437731,5450.608639802779,22920.297570363866,44286.683438390755,600
800,EMP,STRESS_CAPACITY_CLEAR,regret_cny_per_month,37392.56973238065,4929.07883867338,27731.575208580827,47053.56425618048,800
1000,EMP,STRESS_CAPACITY_CLEAR,regret_cny_per_month,39067.16828874449,4517.448249944837,30212.96971885261,47921.36685863637,1000
100,EMP,STRESS_CAPACITY_NEAR,regret_cny_per_month,29943.825554867908,3954.888836773819,22192.243434791224,37695.407674944596,100
200,EMP,STRESS_CAPACITY_NEAR,regret_cny_per_month,28953.4452018109,2551.7109221393425,23952.09179441779,33954.79860920401,200
400,EMP,STRESS_CAPACITY_NEAR,regret_cny_per_month,27340.828833761363,1619.716726618689,24166.184049588734,30515.473617933993,400
600,EMP,STRESS_CAPACITY_NEAR,regret_cny_per_month,27809.21055604581,1354.949333301634,25153.50986277461,30464.911249317014,600
800,EMP,STRESS_CAPACITY_NEAR,regret_cny_per_month,26284.33291114428,1135.1348483486634,24059.4686083809,28509.19721390766,800
1000,EMP,STRESS_CAPACITY_NEAR,regret_cny_per_month,27126.02468049957,1060.474957172857,25047.49376444077,29204.55559655837,1000
100,EMP,STRESS_CONTRACT_CLEAR,regret_cny_per_month,42926.86162123586,3224.4682833122697,36606.90378594381,49246.81945652791,100
200,EMP,STRESS_CONTRACT_CLEAR,regret_cny_per_month,39881.55352758372,2161.2095575088038,35645.58279486646,44117.524260300976,200
400,EMP,STRESS_CONTRACT_CLEAR,regret_cny_per_month,36180.14136556848,1483.5821339095255,33272.32038310581,39087.96234803115,400
600,EMP,STRESS_CONTRACT_CLEAR,regret_cny_per_month,37161.179695328,1199.7529478607505,34809.66391752093,39512.69547313507,600
800,EMP,STRESS_CONTRACT_CLEAR,regret_cny_per_month,37334.84374647275,1019.3088241249122,35336.998451187916,39332.68904175758,800
1000,EMP,STRESS_CONTRACT_CLEAR,regret_cny_per_month,37724.19173107603,939.6468349649642,35882.4839345447,39565.89952760736,1000
100,EMP,STRESS_CONTRACT_NEAR_HIGH,regret_cny_per_month,26989.5434208167,2885.6264541049504,21333.715570770997,32645.3712708624,100
200,EMP,STRESS_CONTRACT_NEAR_HIGH,regret_cny_per_month,25281.983514259122,1875.9298364170031,21605.161034881796,28958.805993636448,200
400,EMP,STRESS_CONTRACT_NEAR_HIGH,regret_cny_per_month,21987.13304730358,1189.1082941530601,19656.480790763584,24317.78530384358,400
600,EMP,STRESS_CONTRACT_NEAR_HIGH,regret_cny_per_month,22689.030875094762,976.8809852094148,20774.34414408431,24603.717606105216,600
800,EMP,STRESS_CONTRACT_NEAR_HIGH,regret_cny_per_month,21987.672627447944,803.2657098316269,20413.271836177955,23562.073418717933,800
1000,EMP,STRESS_CONTRACT_NEAR_HIGH,regret_cny_per_month,22504.15581879425,764.782078667196,21005.182944606546,24003.128692981954,1000
100,EMP,STRESS_CONTRACT_NEAR_LOW,regret_cny_per_month,7050.085352139492,1018.8030796328312,5053.231316059143,9046.939388219842,100
200,EMP,STRESS_CONTRACT_NEAR_LOW,regret_cny_per_month,7305.681503782915,742.0556351783506,5851.252458833347,8760.110548732482,200
400,EMP,STRESS_CONTRACT_NEAR_LOW,regret_cny_per_month,6084.261573692667,435.9141391497361,5229.869860959185,6938.65328642615,400
600,EMP,STRESS_CONTRACT_NEAR_LOW,regret_cny_per_month,5967.083114474217,324.75007837870936,5330.572960851947,6603.593268096487,600
800,EMP,STRESS_CONTRACT_NEAR_LOW,regret_cny_per_month,6292.331425329252,327.99707508128625,5649.457158169931,6935.205692488573,800
1000,EMP,STRESS_CONTRACT_NEAR_LOW,regret_cny_per_month,6233.31104770948,284.7791231450027,5675.143966345275,6791.478129073685,1000
100,EVENT-EMP,BASE_ACTUAL_NEAR,regret_cny_per_month,16353.70872560978,2099.436326156034,12238.813526343954,20468.603924875606,100
200,EVENT-EMP,BASE_ACTUAL_NEAR,regret_cny_per_month,15062.62645779848,1455.1133459632285,12210.604299710552,17914.648615886406,200
400,EVENT-EMP,BASE_ACTUAL_NEAR,regret_cny_per_month,14309.495134908557,1015.0038128720535,12320.087661679332,16298.902608137781,400
600,EVENT-EMP,BASE_ACTUAL_NEAR,regret_cny_per_month,14130.178153268098,825.7596093354991,12511.689318970519,15748.666987565677,600
800,EVENT-EMP,BASE_ACTUAL_NEAR,regret_cny_per_month,15492.98721373558,730.8033162081922,14060.612713967523,16925.361713503637,800
1000,EVENT-EMP,BASE_ACTUAL_NEAR,regret_cny_per_month,15406.91506254816,652.768133251698,14127.489521374831,16686.340603721488,1000
100,EVENT-EMP,BASE_CAPACITY_NEAR,regret_cny_per_month,20752.952008521945,2127.8907784980943,16582.28608266568,24923.61793437821,100
200,EVENT-EMP,BASE_CAPACITY_NEAR,regret_cny_per_month,20541.187192108453,1500.485307872579,17600.2359886782,23482.138395538706,200
400,EVENT-EMP,BASE_CAPACITY_NEAR,regret_cny_per_month,20858.83441672869,1060.0308253746957,18781.173998994287,22936.49483446309,400
600,EVENT-EMP,BASE_CAPACITY_NEAR,regret_cny_per_month,21035.305097073262,865.228355210726,19339.45752086024,22731.152673286284,600
800,EVENT-EMP,BASE_CAPACITY_NEAR,regret_cny_per_month,20170.598763384845,748.324431477545,18703.88287768886,21637.314649080832,800
1000,EVENT-EMP,BASE_CAPACITY_NEAR,regret_cny_per_month,20456.481265543058,669.606860413437,19144.05181913272,21768.910711953395,1000
100,EVENT-EMP,STRESS_ACTUAL_CLEAR,regret_cny_per_month,0.0,0.0,0.0,0.0,100
200,EVENT-EMP,STRESS_ACTUAL_CLEAR,regret_cny_per_month,0.0,0.0,0.0,0.0,200
400,EVENT-EMP,STRESS_ACTUAL_CLEAR,regret_cny_per_month,796.6235978469508,796.6235978469509,-764.758653933073,2358.005849626975,400
600,EVENT-EMP,STRESS_ACTUAL_CLEAR,regret_cny_per_month,531.0823985646339,531.0823985646341,-509.83910262204904,1572.0038997513168,600
800,EVENT-EMP,STRESS_ACTUAL_CLEAR,regret_cny_per_month,398.3117989234754,398.31179892347535,-382.37932696653627,1179.002924813487,800
1000,EVENT-EMP,STRESS_ACTUAL_CLEAR,regret_cny_per_month,637.2988782775607,450.4127572777925,-245.5101259869126,1520.107882542034,1000
100,EVENT-EMP,STRESS_ACTUAL_NEAR,regret_cny_per_month,3741.72717937544,691.3938151781115,2386.595301626341,5096.859057124539,100
200,EVENT-EMP,STRESS_ACTUAL_NEAR,regret_cny_per_month,3515.828512254306,449.04226132646727,2635.7056800544306,4395.951344454182,200
400,EVENT-EMP,STRESS_ACTUAL_NEAR,regret_cny_per_month,3881.2125046022097,639.0964686366053,2628.583426074463,5133.841583129956,400
600,EVENT-EMP,STRESS_ACTUAL_NEAR,regret_cny_per_month,3422.488916484715,431.8085130071196,2576.1442309907607,4268.833601978669,600
800,EVENT-EMP,STRESS_ACTUAL_NEAR,regret_cny_per_month,3570.7420129721563,410.6704556622831,2765.8279198740815,4375.6561060702315,800
1000,EVENT-EMP,STRESS_ACTUAL_NEAR,regret_cny_per_month,3635.1044523271125,373.1298859235023,2903.769875917048,4366.439028737177,1000
100,EVENT-EMP,STRESS_CAPACITY_CLEAR,regret_cny_per_month,27761.850730515245,12164.515954433818,3919.399459824963,51604.30200120553,100
200,EVENT-EMP,STRESS_CAPACITY_CLEAR,regret_cny_per_month,27265.38181224206,8431.932724404247,10738.793672409734,43791.96995207439,200
400,EVENT-EMP,STRESS_CAPACITY_CLEAR,regret_cny_per_month,22990.0425190557,5469.21617466098,12270.37881672018,33709.70622139122,400
600,EVENT-EMP,STRESS_CAPACITY_CLEAR,regret_cny_per_month,30739.608047941154,5129.962561070468,20684.88142824304,40794.33466763927,600
800,EVENT-EMP,STRESS_CAPACITY_CLEAR,regret_cny_per_month,33690.8061045469,4621.088611974089,24633.472425077685,42748.139784016115,800
1000,EVENT-EMP,STRESS_CAPACITY_CLEAR,regret_cny_per_month,35208.95089773252,4230.632094302033,26916.911992900532,43500.9898025645,1000
100,EVENT-EMP,STRESS_CAPACITY_NEAR,regret_cny_per_month,18878.187985725188,2191.962218997453,14581.94203649018,23174.433934960194,100
200,EVENT-EMP,STRESS_CAPACITY_NEAR,regret_cny_per_month,20053.243616332904,1581.5335592382278,16953.43784022598,23153.04939243983,200
400,EVENT-EMP,STRESS_CAPACITY_NEAR,regret_cny_per_month,21351.704763913982,1139.8871666077716,19117.52591736275,23585.883610465215,400
600,EVENT-EMP,STRESS_CAPACITY_NEAR,regret_cny_per_month,22546.45069770869,970.329836929438,20644.604217326993,24448.297178090386,600
800,EVENT-EMP,STRESS_CAPACITY_NEAR,regret_cny_per_month,21379.167898183372,825.6323780380475,19760.9284372288,22997.407359137946,800
1000,EVENT-EMP,STRESS_CAPACITY_NEAR,regret_cny_per_month,21297.501943739324,746.2100706214665,19834.93020532125,22760.0736821574,1000
100,EVENT-EMP,STRESS_CONTRACT_CLEAR,regret_cny_per_month,34740.20396413203,2622.08990849726,29600.9077434774,39879.50018478666,100
200,EVENT-EMP,STRESS_CONTRACT_CLEAR,regret_cny_per_month,31777.883809932522,1877.4479439766205,28098.085839738345,35457.681780126695,200
400,EVENT-EMP,STRESS_CONTRACT_CLEAR,regret_cny_per_month,30882.144971602313,1360.9665205334545,28214.65059135674,33549.63935184789,400
600,EVENT-EMP,STRESS_CONTRACT_CLEAR,regret_cny_per_month,31331.128127332726,1093.8558053355882,29187.170748874974,33475.08550579048,600
800,EVENT-EMP,STRESS_CONTRACT_CLEAR,regret_cny_per_month,32034.874211540147,942.2997123103988,30187.966775411765,33881.781647668526,800
1000,EVENT-EMP,STRESS_CONTRACT_CLEAR,regret_cny_per_month,31822.885152636125,847.9219283164988,30160.958173135787,33484.81213213646,1000
100,EVENT-EMP,STRESS_CONTRACT_NEAR_HIGH,regret_cny_per_month,18824.474329515277,1662.5339283546168,15565.907829940228,22083.040829090325,100
200,EVENT-EMP,STRESS_CONTRACT_NEAR_HIGH,regret_cny_per_month,16986.082478410444,1111.203960329951,14808.12271616374,19164.04224065715,200
400,EVENT-EMP,STRESS_CONTRACT_NEAR_HIGH,regret_cny_per_month,16058.69050419798,776.0659487091813,14537.601244727986,17579.779763667975,400
600,EVENT-EMP,STRESS_CONTRACT_NEAR_HIGH,regret_cny_per_month,16580.711258178788,632.9936725332192,15340.043660013678,17821.378856343897,600
800,EVENT-EMP,STRESS_CONTRACT_NEAR_HIGH,regret_cny_per_month,16328.672868611011,519.7629922869024,15309.937403728682,17347.40833349334,800
1000,EVENT-EMP,STRESS_CONTRACT_NEAR_HIGH,regret_cny_per_month,16357.504143386699,479.56661808647834,15417.553571937202,17297.454714836196,1000
100,EVENT-EMP,STRESS_CONTRACT_NEAR_LOW,regret_cny_per_month,6421.927273616409,1003.0949358789961,4455.861199293577,8387.993347939242,100
200,EVENT-EMP,STRESS_CONTRACT_NEAR_LOW,regret_cny_per_month,6489.135247470141,662.8720975787012,5189.905936215886,7788.3645587243955,200
400,EVENT-EMP,STRESS_CONTRACT_NEAR_LOW,regret_cny_per_month,6554.886766935178,735.9069100891664,5112.509223160411,7997.264310709944,400
600,EVENT-EMP,STRESS_CONTRACT_NEAR_LOW,regret_cny_per_month,6304.041437729703,512.6476415612161,5299.25206026972,7308.830815189686,600
800,EVENT-EMP,STRESS_CONTRACT_NEAR_LOW,regret_cny_per_month,6435.155223605183,478.18494240492373,5497.912736491533,7372.397710718833,800
1000,EVENT-EMP,STRESS_CONTRACT_NEAR_LOW,regret_cny_per_month,6532.998138346442,433.8527599210633,5682.646728901158,7383.349547791726,1000
100,GEV,BASE_ACTUAL_NEAR,regret_cny_per_month,17214.43023748398,2118.9498842916114,13061.28846427242,21367.572010695538,100
200,GEV,BASE_ACTUAL_NEAR,regret_cny_per_month,16138.52834764123,1476.9363045854445,13243.733190653758,19033.3235046287,200
400,GEV,BASE_ACTUAL_NEAR,regret_cny_per_month,16461.298914594056,1047.0813266027021,14409.019514452759,18513.57831473535,400
600,GEV,BASE_ACTUAL_NEAR,regret_cny_per_month,16497.162310922147,854.9343763993306,14821.490933179459,18172.833688664836,600
800,GEV,BASE_ACTUAL_NEAR,regret_cny_per_month,17160.63514299184,745.4820052818048,15699.490412639501,18621.779873344178,800
1000,GEV,BASE_ACTUAL_NEAR,regret_cny_per_month,16999.24985951543,665.6196780144003,15694.635290607204,18303.864428423654,1000
100,GEV,BASE_CAPACITY_NEAR,regret_cny_per_month,20329.422375694965,2126.613149575648,16161.260602526694,24497.584148863236,100
200,GEV,BASE_CAPACITY_NEAR,regret_cny_per_month,21388.246457762412,1501.0859224499686,18446.118049760473,24330.374865764352,200
400,GEV,BASE_CAPACITY_NEAR,regret_cny_per_month,20435.30478390171,1059.5005580518643,18358.683690120055,22511.925877683363,400
600,GEV,BASE_CAPACITY_NEAR,regret_cny_per_month,19976.481015005815,863.857263068887,18283.320779390797,21669.641250620833,600
800,GEV,BASE_CAPACITY_NEAR,regret_cny_per_month,19694.127926454497,747.332345584181,18229.356529109504,21158.89932379949,800
1000,GEV,BASE_CAPACITY_NEAR,regret_cny_per_month,19863.539779585288,668.7052602597915,18552.877469476098,21174.202089694478,1000
100,GEV,STRESS_ACTUAL_CLEAR,regret_cny_per_month,0.0,0.0,0.0,0.0,100
200,GEV,STRESS_ACTUAL_CLEAR,regret_cny_per_month,0.0,0.0,0.0,0.0,200
400,GEV,STRESS_ACTUAL_CLEAR,regret_cny_per_month,3186.4943913878033,1587.2462433135256,75.49175449329323,6297.497028282313,400
600,GEV,STRESS_ACTUAL_CLEAR,regret_cny_per_month,2124.3295942585355,1059.5016133384124,47.706432115247026,4200.952756401824,600
800,GEV,STRESS_ACTUAL_CLEAR,regret_cny_per_month,1991.5589946173773,888.4200439488554,250.2557084776206,3732.8622807571337,800
1000,GEV,STRESS_ACTUAL_CLEAR,regret_cny_per_month,1911.8966348326821,778.5728079349591,385.8939312801624,3437.899338385202,1000
100,GEV,STRESS_ACTUAL_NEAR,regret_cny_per_month,3196.881815896239,412.8692041790362,2387.658175705328,4006.10545608715,100
200,GEV,STRESS_ACTUAL_NEAR,regret_cny_per_month,3319.262068912834,524.8698542817751,2290.517154520555,4348.006983305113,200
400,GEV,STRESS_ACTUAL_NEAR,regret_cny_per_month,3379.34427655468,366.2308809664392,2661.531749860459,4097.156803248901,400
600,GEV,STRESS_ACTUAL_NEAR,regret_cny_per_month,2957.0661920148464,252.0280076905603,2463.0912969413484,3451.0410870883443,600
800,GEV,STRESS_ACTUAL_NEAR,regret_cny_per_month,2951.7319696414283,216.18591207770726,2528.007581969122,3375.4563573137348,800
1000,GEV,STRESS_ACTUAL_NEAR,regret_cny_per_month,2876.2344343872032,184.42803249079236,2514.7554907052504,3237.713378069156,1000
100,GEV,STRESS_CAPACITY_CLEAR,regret_cny_per_month,28754.62417654181,12621.683362425014,4016.1247861887823,53493.123566894836,100
200,GEV,STRESS_CAPACITY_CLEAR,regret_cny_per_month,30451.93605643632,8966.37328454095,12877.844418736058,48026.02769413658,200
400,GEV,STRESS_CAPACITY_CLEAR,regret_cny_per_month,24601.48683127716,5683.029784188415,13462.748454267869,35740.22520828646,400
600,GEV,STRESS_CAPACITY_CLEAR,regret_cny_per_month,30366.255000655678,5150.927392275848,20270.437311795016,40462.07268951634,600
800,GEV,STRESS_CAPACITY_CLEAR,regret_cny_per_month,34212.149227056194,4693.863619046517,25012.17653372502,43412.12192038736,800
1000,GEV,STRESS_CAPACITY_CLEAR,regret_cny_per_month,35750.760694274235,4296.274757657609,27330.062169265322,44171.45921928315,1000
100,GEV,STRESS_CAPACITY_NEAR,regret_cny_per_month,23948.554248251243,2849.3297173404308,18363.868002263996,29533.24049423849,100
200,GEV,STRESS_CAPACITY_NEAR,regret_cny_per_month,24050.21520146164,1972.5319701918304,20184.05253988565,27916.37786303763,200
400,GEV,STRESS_CAPACITY_NEAR,regret_cny_per_month,23137.888621006838,1299.4736947697681,20590.920179258093,25684.857062755582,400
600,GEV,STRESS_CAPACITY_NEAR,regret_cny_per_month,23575.325997809057,1097.0152627463729,21425.17608282617,25725.475912791946,600
800,GEV,STRESS_CAPACITY_NEAR,regret_cny_per_month,22116.174403229757,914.2639454481208,20324.21707015144,23908.131736308074,800
1000,GEV,STRESS_CAPACITY_NEAR,regret_cny_per_month,22711.221420509653,843.2555425353515,21058.440557140366,24364.00228387894,1000
100,GEV,STRESS_CONTRACT_CLEAR,regret_cny_per_month,36950.20943583197,2644.862860241694,31766.278229758245,42134.14064190569,100
200,GEV,STRESS_CONTRACT_CLEAR,regret_cny_per_month,35176.60032934022,1914.1337136257214,31424.898250633803,38928.30240804663,200
400,GEV,STRESS_CONTRACT_CLEAR,regret_cny_per_month,32980.44426223944,1348.9222314925396,30336.556688514065,35624.33183596482,400
600,GEV,STRESS_CONTRACT_CLEAR,regret_cny_per_month,33600.98655836565,1093.8373183904973,31457.065414320277,35744.90770241102,600
800,GEV,STRESS_CONTRACT_CLEAR,regret_cny_per_month,33822.8550029604,947.0458887511089,31966.64506100823,35679.06494491258,800
1000,GEV,STRESS_CONTRACT_CLEAR,regret_cny_per_month,34231.80324030432,856.1911175840779,32553.668649839525,35909.93783076911,1000
100,GEV,STRESS_CONTRACT_NEAR_HIGH,regret_cny_per_month,20757.347677748567,1826.3258947321192,17177.748924073614,24336.94643142352,100
200,GEV,STRESS_CONTRACT_NEAR_HIGH,regret_cny_per_month,20021.71906058818,1337.5306502012947,17400.158986193645,22643.279134982717,200
400,GEV,STRESS_CONTRACT_NEAR_HIGH,regret_cny_per_month,18162.33336245847,877.2053280716227,16443.01091943809,19881.65580547885,400
600,GEV,STRESS_CONTRACT_NEAR_HIGH,regret_cny_per_month,18838.673665652634,725.2849592701342,17417.11514548317,20260.232185822097,600
800,GEV,STRESS_CONTRACT_NEAR_HIGH,regret_cny_per_month,18185.886060966317,596.6667129335003,17016.419303616658,19355.352818315976,800
1000,GEV,STRESS_CONTRACT_NEAR_HIGH,regret_cny_per_month,18569.703442034057,558.6690163870657,17474.71216991541,19664.694714152705,1000
100,GEV,STRESS_CONTRACT_NEAR_LOW,regret_cny_per_month,6779.217224706197,772.5604431960516,5264.998756041936,8293.435693370458,100
200,GEV,STRESS_CONTRACT_NEAR_LOW,regret_cny_per_month,6716.6496860597235,704.2807663383226,5336.259384036612,8097.039988082835,200
400,GEV,STRESS_CONTRACT_NEAR_LOW,regret_cny_per_month,6250.903575637713,491.8105890112408,5286.954821175681,7214.852330099746,400
600,GEV,STRESS_CONTRACT_NEAR_LOW,regret_cny_per_month,6269.173115040845,356.4901515664545,5570.452417970594,6967.893812111096,600
800,GEV,STRESS_CONTRACT_NEAR_LOW,regret_cny_per_month,6344.073504866495,306.70018203866243,5742.941148070717,6945.205861662273,800
1000,GEV,STRESS_CONTRACT_NEAR_LOW,regret_cny_per_month,6349.254600387774,266.651450978721,5826.617756469481,6871.891444306068,1000
100,KDE,BASE_ACTUAL_NEAR,regret_cny_per_month,17214.43023748398,2118.9498842916114,13061.28846427242,21367.572010695538,100
200,KDE,BASE_ACTUAL_NEAR,regret_cny_per_month,16138.52834764123,1476.9363045854445,13243.733190653758,19033.3235046287,200
400,KDE,BASE_ACTUAL_NEAR,regret_cny_per_month,16461.298914594056,1047.0813266027021,14409.019514452759,18513.57831473535,400
600,KDE,BASE_ACTUAL_NEAR,regret_cny_per_month,16497.162310922147,854.9343763993306,14821.490933179459,18172.833688664836,600
800,KDE,BASE_ACTUAL_NEAR,regret_cny_per_month,17160.63514299184,745.4820052818048,15699.490412639501,18621.779873344178,800
1000,KDE,BASE_ACTUAL_NEAR,regret_cny_per_month,17042.28593510914,665.9106793946842,15737.101003495558,18347.47086672272,1000
100,KDE,BASE_CAPACITY_NEAR,regret_cny_per_month,20329.422375694965,2126.613149575648,16161.260602526694,24497.584148863236,100
200,KDE,BASE_CAPACITY_NEAR,regret_cny_per_month,21388.246457762412,1501.0859224499686,18446.118049760473,24330.374865764352,200
400,KDE,BASE_CAPACITY_NEAR,regret_cny_per_month,20435.30478390171,1059.5005580518643,18358.683690120055,22511.925877683363,400
600,KDE,BASE_CAPACITY_NEAR,regret_cny_per_month,19976.481015005815,863.857263068887,18283.320779390797,21669.641250620833,600
800,KDE,BASE_CAPACITY_NEAR,regret_cny_per_month,19694.127926454497,747.332345584181,18229.356529109504,21158.89932379949,800
1000,KDE,BASE_CAPACITY_NEAR,regret_cny_per_month,19863.539779585288,668.7052602597915,18552.877469476098,21174.202089694478,1000
100,KDE,STRESS_ACTUAL_CLEAR,regret_cny_per_month,0.0,0.0,0.0,0.0,100
200,KDE,STRESS_ACTUAL_CLEAR,regret_cny_per_month,0.0,0.0,0.0,0.0,200
400,KDE,STRESS_ACTUAL_CLEAR,regret_cny_per_month,796.6235978469508,796.6235978469509,-764.758653933073,2358.005849626975,400
600,KDE,STRESS_ACTUAL_CLEAR,regret_cny_per_month,531.0823985646339,531.082398564634,-509.8391026220488,1572.0038997513166,600
800,KDE,STRESS_ACTUAL_CLEAR,regret_cny_per_month,398.3117989234754,398.31179892347535,-382.37932696653627,1179.002924813487,800
1000,KDE,STRESS_ACTUAL_CLEAR,regret_cny_per_month,637.2988782775607,450.4127572777923,-245.51012598691227,1520.1078825420336,1000
100,KDE,STRESS_ACTUAL_NEAR,regret_cny_per_month,1733.289565220382,401.1483176940581,947.038862540028,2519.5402679007357,100
200,KDE,STRESS_ACTUAL_NEAR,regret_cny_per_month,1511.7196366829894,228.42396319167293,1064.0086688273104,1959.4306045386684,200
400,KDE,STRESS_ACTUAL_NEAR,regret_cny_per_month,1562.2033859324924,140.66615208289227,1286.4977278500237,1837.9090440149612,400
600,KDE,STRESS_ACTUAL_NEAR,regret_cny_per_month,1489.3240095754438,111.38740669211374,1271.004692458901,1707.6433266919867,600
800,KDE,STRESS_ACTUAL_NEAR,regret_cny_per_month,1526.0735997032875,93.51912263736577,1342.7761193340507,1709.3710800725244,800
1000,KDE,STRESS_ACTUAL_NEAR,regret_cny_per_month,1483.8509356538482,81.01357236058857,1325.0643338270945,1642.6375374806018,1000
100,KDE,STRESS_CAPACITY_CLEAR,regret_cny_per_month,22376.69063373969,11034.695440179043,748.6875709887681,44004.69369649061,100
200,KDE,STRESS_CAPACITY_CLEAR,regret_cny_per_month,19154.297913582126,7139.791811358765,5160.305963318948,33148.289863845304,200
400,KDE,STRESS_CAPACITY_CLEAR,regret_cny_per_month,13591.861553770823,4253.9425138048755,5254.134226713268,21929.588880828378,400
600,KDE,STRESS_CAPACITY_CLEAR,regret_cny_per_month,12652.643504665999,3348.24489073522,6090.0835188249675,19215.203490507032,600
800,KDE,STRESS_CAPACITY_CLEAR,regret_cny_per_month,15503.671503469157,3190.510921357872,9250.270097607729,21757.072909330585,800
1000,KDE,STRESS_CAPACITY_CLEAR,regret_cny_per_month,16840.999055247543,2982.039078155765,10996.202462062243,22685.795648432842,1000
100,KDE,STRESS_CAPACITY_NEAR,regret_cny_per_month,22519.10642576551,3003.8639729602955,16631.53303876333,28406.67981276769,100
200,KDE,STRESS_CAPACITY_NEAR,regret_cny_per_month,22575.33706586583,2107.3748431998356,18444.882373194152,26705.79175853751,200
400,KDE,STRESS_CAPACITY_NEAR,regret_cny_per_month,21655.50121720883,1426.379682676664,18859.79703916257,24451.205395255092,400
600,KDE,STRESS_CAPACITY_NEAR,regret_cny_per_month,22208.805902742803,1179.090026983256,19897.78944985562,24519.822355629985,600
800,KDE,STRESS_CAPACITY_NEAR,regret_cny_per_month,20978.877732803925,994.6778523356123,19029.309142226124,22928.446323381726,800
1000,KDE,STRESS_CAPACITY_NEAR,regret_cny_per_month,21338.812017406846,905.8679801488064,19563.310776315186,23114.313258498507,1000
100,KDE,STRESS_CONTRACT_CLEAR,regret_cny_per_month,41032.5171679008,2647.2607005421423,35843.8861948382,46221.1481409634,100
200,KDE,STRESS_CONTRACT_CLEAR,regret_cny_per_month,41214.67752666536,1846.904220614735,37594.74525426047,44834.60979907024,200
400,KDE,STRESS_CONTRACT_CLEAR,regret_cny_per_month,40065.6343745527,1312.5832181682952,37492.97126694284,42638.297482162554,400
600,KDE,STRESS_CONTRACT_CLEAR,regret_cny_per_month,40839.399377963244,1051.270279974803,38778.90962921263,42899.88912671386,600
800,KDE,STRESS_CONTRACT_CLEAR,regret_cny_per_month,40941.68998735338,912.94446952904,39152.31882707646,42731.061147630295,800
1000,KDE,STRESS_CONTRACT_CLEAR,regret_cny_per_month,41090.643252498565,817.7924449622312,39487.77006037259,42693.51644462454,1000
100,KDE,STRESS_CONTRACT_NEAR_HIGH,regret_cny_per_month,21824.82077230255,2008.00606750858,17889.128879985736,25760.512664619368,100
200,KDE,STRESS_CONTRACT_NEAR_HIGH,regret_cny_per_month,22474.400787075792,1433.4226384054903,19664.89241580103,25283.909158350554,200
400,KDE,STRESS_CONTRACT_NEAR_HIGH,regret_cny_per_month,21516.423147444824,975.3119633824256,19604.81169921527,23428.034595674377,400
600,KDE,STRESS_CONTRACT_NEAR_HIGH,regret_cny_per_month,21837.523810825456,781.1867380816367,20306.39780418545,23368.649817465463,600
800,KDE,STRESS_CONTRACT_NEAR_HIGH,regret_cny_per_month,21269.873996141097,660.9534853654345,19974.405164824846,22565.34282745735,800
1000,KDE,STRESS_CONTRACT_NEAR_HIGH,regret_cny_per_month,21693.306201767966,604.4445096921094,20508.594962771433,22878.0174407645,1000
100,KDE,STRESS_CONTRACT_NEAR_LOW,regret_cny_per_month,8608.169497405235,692.4134209152646,7251.039192411316,9965.299802399153,100
200,KDE,STRESS_CONTRACT_NEAR_LOW,regret_cny_per_month,8160.313259700592,447.8735776226059,7282.481047560284,9038.1454718409,200
400,KDE,STRESS_CONTRACT_NEAR_LOW,regret_cny_per_month,7894.499858094456,300.223044499292,7306.062690875843,8482.937025313067,400
600,KDE,STRESS_CONTRACT_NEAR_LOW,regret_cny_per_month,8210.104816456305,238.77391841963095,7742.107936353828,8678.101696558782,600
800,KDE,STRESS_CONTRACT_NEAR_LOW,regret_cny_per_month,8137.558114888778,205.8610509640616,7734.070454999217,8541.045774778338,800
1000,KDE,STRESS_CONTRACT_NEAR_LOW,regret_cny_per_month,8156.4328847882625,181.86867263814565,7799.970286417497,8512.895483159027,1000
100,TAIL,BASE_ACTUAL_NEAR,regret_cny_per_month,15923.347969672679,2088.267844300732,11830.342994843244,20016.352944502112,100
200,TAIL,BASE_ACTUAL_NEAR,regret_cny_per_month,15062.62645779848,1455.1133459632285,12210.604299710552,17914.648615886406,200
400,TAIL,BASE_ACTUAL_NEAR,regret_cny_per_month,14524.675512877107,1018.7697561371937,12527.886790848208,16521.46423490601,400
600,TAIL,BASE_ACTUAL_NEAR,regret_cny_per_month,14632.26570186138,832.9725250673075,12999.639552729459,16264.891850993303,600
800,TAIL,BASE_ACTUAL_NEAR,regret_cny_per_month,15439.192119243444,730.2455446715983,14007.910851687111,16870.473386799775,800
1000,TAIL,BASE_ACTUAL_NEAR,regret_cny_per_month,15363.87898695445,652.3632866947912,14085.24694503266,16642.51102887624,1000
100,TAIL,BASE_CAPACITY_NEAR,regret_cny_per_month,21176.48164134892,2128.316484369813,17004.981331984087,25347.981950713754,100
200,TAIL,BASE_CAPACITY_NEAR,regret_cny_per_month,21388.246457762412,1501.0859224499686,18446.118049760473,24330.374865764352,200
400,TAIL,BASE_CAPACITY_NEAR,regret_cny_per_month,21176.48164134892,1060.150098970347,19098.58744736704,23254.3758353308,400
600,TAIL,BASE_CAPACITY_NEAR,regret_cny_per_month,21247.06991348675,865.2427762040719,19551.194072126767,22942.945754846733,600
800,TAIL,BASE_CAPACITY_NEAR,regret_cny_per_month,20435.30478390171,748.7110589390861,18967.8311083811,21902.77845942232,800
1000,TAIL,BASE_CAPACITY_NEAR,regret_cny_per_month,20668.246081956546,669.8012429277692,19355.435645818117,21981.056518094974,1000
100,TAIL,STRESS_ACTUAL_CLEAR,regret_cny_per_month,0.0,0.0,0.0,0.0,100
200,TAIL,STRESS_ACTUAL_CLEAR,regret_cny_per_month,0.0,0.0,0.0,0.0,200
400,TAIL,STRESS_ACTUAL_CLEAR,regret_cny_per_month,0.0,0.0,0.0,0.0,400
600,TAIL,STRESS_ACTUAL_CLEAR,regret_cny_per_month,0.0,0.0,0.0,0.0,600
800,TAIL,STRESS_ACTUAL_CLEAR,regret_cny_per_month,0.0,0.0,0.0,0.0,800
1000,TAIL,STRESS_ACTUAL_CLEAR,regret_cny_per_month,0.0,0.0,0.0,0.0,1000
100,TAIL,STRESS_ACTUAL_NEAR,regret_cny_per_month,1885.6034195974103,242.06767909639612,1411.150768568474,2360.056070626347,100
200,TAIL,STRESS_ACTUAL_NEAR,regret_cny_per_month,2207.096221938739,220.9751780144035,1773.984873030508,2640.2075708469697,200
400,TAIL,STRESS_ACTUAL_NEAR,regret_cny_per_month,2406.103104770212,141.31781617988162,2129.1201850576444,2683.08602448278,400
600,TAIL,STRESS_ACTUAL_NEAR,regret_cny_per_month,2389.736828012396,110.84363392105388,2172.4833055271306,2606.9903504976614,600
800,TAIL,STRESS_ACTUAL_NEAR,regret_cny_per_month,2412.5669037716025,94.0009057617901,2228.3251284784938,2596.808679064711,800
1000,TAIL,STRESS_ACTUAL_NEAR,regret_cny_per_month,2386.5680351303386,82.95127724874474,2223.983531722799,2549.152538537878,1000
100,TAIL,STRESS_CAPACITY_CLEAR,regret_cny_per_month,22689.222891964717,11181.345261589453,773.7861792493895,44604.65960468004,100
200,TAIL,STRESS_CAPACITY_CLEAR,regret_cny_per_month,24961.789221868312,8159.19085829231,8969.775139615385,40953.80330412124,200
400,TAIL,STRESS_CAPACITY_CLEAR,regret_cny_per_month,21928.56950709803,5382.319548173558,11379.223192677855,32477.915821518203,400
600,TAIL,STRESS_CAPACITY_CLEAR,regret_cny_per_month,27439.071197857582,4890.679172579496,17853.34001960177,37024.802376113395,600
800,TAIL,STRESS_CAPACITY_CLEAR,regret_cny_per_month,27422.609691727488,4232.060898633448,19127.770330405932,35717.449053049044,800
1000,TAIL,STRESS_CAPACITY_CLEAR,regret_cny_per_month,32441.088340284994,4102.8253566870035,24399.550641178466,40482.62603939152,1000
100,TAIL,STRESS_CAPACITY_NEAR,regret_cny_per_month,19563.12725317791,2152.959222143863,15343.32717777594,23782.92732857988,100
200,TAIL,STRESS_CAPACITY_NEAR,regret_cny_per_month,19656.41738331611,1404.3093203439514,16903.971115441967,22408.863651190255,200
400,TAIL,STRESS_CAPACITY_NEAR,regret_cny_per_month,19323.543301590496,955.4732833188449,17450.81566628556,21196.27093689543,400
600,TAIL,STRESS_CAPACITY_NEAR,regret_cny_per_month,19704.66224211559,833.1393772483315,18071.709062708862,21337.61542152232,600
800,TAIL,STRESS_CAPACITY_NEAR,regret_cny_per_month,18728.378357516805,714.7684655287518,17327.432165080452,20129.32454995316,800
1000,TAIL,STRESS_CAPACITY_NEAR,regret_cny_per_month,19125.937619193195,655.275834082664,17841.596984391173,20410.278253995217,1000
100,TAIL,STRESS_CONTRACT_CLEAR,regret_cny_per_month,30326.97391610722,2715.852061103948,25003.903876343484,35650.04395587096,100
200,TAIL,STRESS_CONTRACT_CLEAR,regret_cny_per_month,28148.519961165577,1895.5965689127158,24433.150686096655,31863.8892362345,200
400,TAIL,STRESS_CONTRACT_CLEAR,regret_cny_per_month,26723.555393942675,1327.504044262664,24121.647467187853,29325.463320697498,400
600,TAIL,STRESS_CONTRACT_CLEAR,regret_cny_per_month,27523.44506359377,1089.1136484311464,25388.78231266872,29658.107814518815,600
800,TAIL,STRESS_CONTRACT_CLEAR,regret_cny_per_month,28739.69505627606,949.3102848934972,26879.046897884808,30600.343214667315,800
1000,TAIL,STRESS_CONTRACT_CLEAR,regret_cny_per_month,28848.385022010134,853.1264803189229,27176.257120585044,30520.512923435224,1000
100,TAIL,STRESS_CONTRACT_NEAR_HIGH,regret_cny_per_month,14409.312156816031,1358.7055966799833,11746.249187323265,17072.375126308798,100
200,TAIL,STRESS_CONTRACT_NEAR_HIGH,regret_cny_per_month,13079.707379703983,848.4217936395411,11416.800664170481,14742.614095237484,200
400,TAIL,STRESS_CONTRACT_NEAR_HIGH,regret_cny_per_month,12418.351836569509,553.5919878578912,11333.311540368042,13503.392132770976,400
600,TAIL,STRESS_CONTRACT_NEAR_HIGH,regret_cny_per_month,13169.759013700872,491.30776474727224,12206.795794796219,14132.722232605525,600
800,TAIL,STRESS_CONTRACT_NEAR_HIGH,regret_cny_per_month,13391.394849331085,408.7866621173946,12590.172991580992,14192.616707081179,800
1000,TAIL,STRESS_CONTRACT_NEAR_HIGH,regret_cny_per_month,13599.746391220726,384.2715880532086,12846.574078636437,14352.918703805015,1000
100,TAIL,STRESS_CONTRACT_NEAR_LOW,regret_cny_per_month,5930.725996388588,596.0603898311399,4762.447632319554,7099.004360457622,100
200,TAIL,STRESS_CONTRACT_NEAR_LOW,regret_cny_per_month,5604.086719845384,454.9573008771421,4712.370410126186,6495.803029564583,200
400,TAIL,STRESS_CONTRACT_NEAR_LOW,regret_cny_per_month,5184.548500015093,306.9741459048629,4582.879174041562,5786.217825988624,400
600,TAIL,STRESS_CONTRACT_NEAR_LOW,regret_cny_per_month,5136.738032320162,246.95570679018087,4652.704847011408,5620.771217628917,600
800,TAIL,STRESS_CONTRACT_NEAR_LOW,regret_cny_per_month,5142.486428454639,212.39245359631948,4726.1972194058535,5558.775637503425,800
1000,TAIL,STRESS_CONTRACT_NEAR_LOW,regret_cny_per_month,5240.827082077543,189.54258539661794,4869.323614700173,5612.330549454914,1000
100,EMP,BASE_ACTUAL_NEAR,regret_over_capacity_fee,0.0031999999999999594,0.00039389277113385975,0.0024279701685775944,0.003972029831422324,100
200,EMP,BASE_ACTUAL_NEAR,regret_over_capacity_fee,0.0029999999999999623,0.0002745485101436696,0.00246188492011837,0.0035381150798815546,200
400,EMP,BASE_ACTUAL_NEAR,regret_over_capacity_fee,0.0030599999999999616,0.00019464252948858156,0.002678500642202342,0.0034414993577975813,400
600,EMP,BASE_ACTUAL_NEAR,regret_over_capacity_fee,0.003066666666666628,0.00015892422617164008,0.0027551751833702134,0.003378158149963043,600
800,EMP,BASE_ACTUAL_NEAR,regret_over_capacity_fee,0.0031899999999999594,0.00013857806410038994,0.0029183869943631953,0.0034616130056367234,800
1000,EMP,BASE_ACTUAL_NEAR,regret_over_capacity_fee,0.00316799999999996,0.0001237865061268744,0.002925378447991286,0.0034106215520086336,1000
100,EMP,BASE_CAPACITY_NEAR,regret_over_capacity_fee,0.0038399999999999043,0.00040169338525493267,0.0030526809649002364,0.004627319035099572,100
200,EMP,BASE_CAPACITY_NEAR,regret_over_capacity_fee,0.0040399999999999,0.00028353830402476875,0.003484264924111353,0.004595735075888447,200
400,EMP,BASE_CAPACITY_NEAR,regret_over_capacity_fee,0.0038599999999999034,0.00020012777873035736,0.003467749553688403,0.004252250446311404,400
600,EMP,BASE_CAPACITY_NEAR,regret_over_capacity_fee,0.003773333333333239,0.00016317295341112924,0.0034535143446474256,0.004093152322019052,600
800,EMP,BASE_CAPACITY_NEAR,regret_over_capacity_fee,0.0037199999999999065,0.00014116270270788154,0.0034433211026924588,0.003996678897307354,800
1000,EMP,BASE_CAPACITY_NEAR,regret_over_capacity_fee,0.0037519999999999065,0.00012631092767630858,0.0035044305817543415,0.003999569418245471,1000
100,EMP,STRESS_ACTUAL_CLEAR,regret_over_capacity_fee,0.0,0.0,0.0,0.0,100
200,EMP,STRESS_ACTUAL_CLEAR,regret_over_capacity_fee,0.000191077165358812,0.00019107716535881198,-0.00018343407874445945,0.0005655884094620835,200
400,EMP,STRESS_ACTUAL_CLEAR,regret_over_capacity_fee,0.000382154330717624,0.00019035747479642187,9.053680116637185e-06,0.0007552549813186109,400
600,EMP,STRESS_ACTUAL_CLEAR,regret_over_capacity_fee,0.0003184619422646867,0.00014194418611917874,4.0251337471096415e-05,0.0005966725470582771,600
800,EMP,STRESS_ACTUAL_CLEAR,regret_over_capacity_fee,0.00033438503937792104,0.00012591023153615878,8.760098556704981e-05,0.0005811690931887923,800
1000,EMP,STRESS_ACTUAL_CLEAR,regret_over_capacity_fee,0.0003439388976458616,0.00011418633226846476,0.00012013368639967071,0.0005677441088920525,1000
100,EMP,STRESS_ACTUAL_NEAR,regret_over_capacity_fee,0.000533074108453152,9.398320427539273e-05,0.00034886702807338226,0.0007172811888329217,100
200,EMP,STRESS_ACTUAL_NEAR,regret_over_capacity_fee,0.000519849351904889,7.153552399614503e-05,0.0003796397248724447,0.0006600589789373333,200
400,EMP,STRESS_ACTUAL_NEAR,regret_over_capacity_fee,0.0004730521843174983,3.818020239190878e-05,0.0003982189876293571,0.0005478853810056395,400
600,EMP,STRESS_ACTUAL_NEAR,regret_over_capacity_fee,0.00042747643839649146,2.6929214837546535e-05,0.00037469517731490026,0.00048025769947808265,600
800,EMP,STRESS_ACTUAL_NEAR,regret_over_capacity_fee,0.00045840137260536116,3.0947392591487836e-05,0.000397744483126045,0.0005190582620846773,800
1000,EMP,STRESS_ACTUAL_NEAR,regret_over_capacity_fee,0.00044716882903503497,2.6393286785658815e-05,0.0003954379869351437,0.0004988996711349262,1000
100,EMP,STRESS_CAPACITY_CLEAR,regret_over_capacity_fee,0.008545894786591535,0.003147113240812102,0.0023775528345998153,0.014714236738583256,100
200,EMP,STRESS_CAPACITY_CLEAR,regret_over_capacity_fee,0.008244432305338594,0.002139041974627689,0.004051910035068324,0.012436954575608864,200
400,EMP,STRESS_CAPACITY_CLEAR,regret_over_capacity_fee,0.006128609756898479,0.0013076714519947435,0.0035655737109887816,0.008691645802808175,400
600,EMP,STRESS_CAPACITY_CLEAR,regret_over_capacity_fee,0.007052580745731688,0.0011439543026217597,0.004810430312593039,0.009294731178870337,600
800,EMP,STRESS_CAPACITY_CLEAR,regret_over_capacity_fee,0.007847819180976599,0.0010344974879110567,0.005820204104670928,0.00987543425728227,800
1000,EMP,STRESS_CAPACITY_CLEAR,regret_over_capacity_fee,0.008199277953805668,0.0009481059279615646,0.006340990335001001,0.010057565572610335,1000
100,EMP,STRESS_CAPACITY_NEAR,regret_over_capacity_fee,0.0057009422953623705,0.0007529630107451332,0.004225134794301909,0.007176749796422832,100
200,EMP,STRESS_CAPACITY_NEAR,regret_over_capacity_fee,0.0055123858521352685,0.0004858149034733947,0.0045601886413274145,0.006464583062943122,200
400,EMP,STRESS_CAPACITY_NEAR,regret_over_capacity_fee,0.005205363195929847,0.00030837447861718694,0.004600949217840161,0.0058097771740195335,400
600,EMP,STRESS_CAPACITY_NEAR,regret_over_capacity_fee,0.005294537412031704,0.0002579659685813455,0.004788924113612267,0.005800150710451141,600
800,EMP,STRESS_CAPACITY_NEAR,regret_over_capacity_fee,0.005004219147749054,0.00021611594871312703,0.004580631888271325,0.005427806407226783,800
1000,EMP,STRESS_CAPACITY_NEAR,regret_over_capacity_fee,0.005164467082629102,0.0002019016082444587,0.004768739930469963,0.005560194234788241,1000
100,EMP,STRESS_CONTRACT_CLEAR,regret_over_capacity_fee,0.008044050558452562,0.0006042320569333065,0.006859755726863282,0.009228345390041843,100
200,EMP,STRESS_CONTRACT_CLEAR,regret_over_capacity_fee,0.007473391270858978,0.0004049883520814277,0.00667961410077938,0.008267168440938576,200
400,EMP,STRESS_CONTRACT_CLEAR,regret_over_capacity_fee,0.006779784856496913,0.00027800797081521287,0.006234889233699096,0.00732468047929473,400
600,EMP,STRESS_CONTRACT_CLEAR,regret_over_capacity_fee,0.0069636213082272126,0.000224821312477923,0.006522971535770483,0.007404271080683942,600
800,EMP,STRESS_CONTRACT_CLEAR,regret_over_capacity_fee,0.006996164157968245,0.00019100794715170714,0.006621788581550899,0.007370539734385591,800
1000,EMP,STRESS_CONTRACT_CLEAR,regret_over_capacity_fee,0.007069123949453002,0.00017608011305930008,0.006724006927856774,0.0074142409710492305,1000
100,EMP,STRESS_CONTRACT_NEAR_HIGH,regret_over_capacity_fee,0.0050980222074504256,0.0005450624901674795,0.004029699726722165,0.006166344688178686,100
200,EMP,STRESS_CONTRACT_NEAR_HIGH,regret_over_capacity_fee,0.004775483282339586,0.0003543421174845298,0.004080972732069908,0.005469993832609265,200
400,EMP,STRESS_CONTRACT_NEAR_HIGH,regret_over_capacity_fee,0.0041531229634239105,0.00022460922721576128,0.0037128888780810186,0.004593357048766802,400
600,EMP,STRESS_CONTRACT_NEAR_HIGH,regret_over_capacity_fee,0.004285703595028105,0.00018452186756121912,0.003924040734608116,0.004647366455448094,600
800,EMP,STRESS_CONTRACT_NEAR_HIGH,regret_over_capacity_fee,0.004153224884064648,0.00015172788821787338,0.0038558382231576164,0.00445061154497168,800
1000,EMP,STRESS_CONTRACT_NEAR_HIGH,regret_over_capacity_fee,0.004250782769287248,0.00014445876168095377,0.003967643596392579,0.004533921942181917,1000
100,EMP,STRESS_CONTRACT_NEAR_LOW,regret_over_capacity_fee,0.000961770400978468,0.00013898479202371875,0.0006893602086119792,0.0012341805933449568,100
200,EMP,STRESS_CONTRACT_NEAR_LOW,regret_over_capacity_fee,0.0009966387466758772,0.00010123099368963462,0.0007982259990441934,0.001195051494307561,200
400,EMP,STRESS_CONTRACT_NEAR_LOW,regret_over_capacity_fee,0.0008300130283688634,5.946726819058964e-05,0.0007134571827153076,0.0009465688740224191,400
600,EMP,STRESS_CONTRACT_NEAR_LOW,regret_over_capacity_fee,0.0008140275802388813,4.430230238351601e-05,0.0007271950675671899,0.0009008600929105726,600
800,EMP,STRESS_CONTRACT_NEAR_LOW,regret_over_capacity_fee,0.0008583978513383212,4.474525664075297e-05,0.0007706971483224455,0.000946098554354197,800
1000,EMP,STRESS_CONTRACT_NEAR_LOW,regret_over_capacity_fee,0.0008503463101988876,3.884947738602181e-05,0.0007742013345222848,0.0009264912858754904,1000
100,EVENT-EMP,BASE_ACTUAL_NEAR,regret_over_capacity_fee,0.0030399999999999616,0.00039026538497164575,0.002275079845455536,0.003804920154544387,100
200,EVENT-EMP,BASE_ACTUAL_NEAR,regret_over_capacity_fee,0.002799999999999965,0.00027049182824205023,0.0022698360166455464,0.0033301639833543833,200
400,EVENT-EMP,BASE_ACTUAL_NEAR,regret_over_capacity_fee,0.0026599999999999666,0.0001886796226411297,0.0022901879396233526,0.0030298120603765807,400
600,EVENT-EMP,BASE_ACTUAL_NEAR,regret_over_capacity_fee,0.0026266666666666335,0.00015350091251464942,0.0023258048781379208,0.0029275284551953462,600
800,EVENT-EMP,BASE_ACTUAL_NEAR,regret_over_capacity_fee,0.0028799999999999638,0.0001358494344340255,0.002613735108509274,0.0031462648914906536,800
1000,EVENT-EMP,BASE_ACTUAL_NEAR,regret_over_capacity_fee,0.0028639999999999634,0.00012134343092325954,0.002626166875390375,0.003101833124609552,1000
100,EVENT-EMP,BASE_CAPACITY_NEAR,regret_over_capacity_fee,0.003919999999999903,0.00040193471503654316,0.003132207958528278,0.004707792041471527,100
200,EVENT-EMP,BASE_CAPACITY_NEAR,regret_over_capacity_fee,0.0038799999999999035,0.0002834248546638104,0.0033244872848588354,0.004435512715140972,200
400,EVENT-EMP,BASE_CAPACITY_NEAR,regret_over_capacity_fee,0.003939999999999902,0.00020022794028350148,0.003547553237044239,0.004332446762955565,400
600,EVENT-EMP,BASE_CAPACITY_NEAR,regret_over_capacity_fee,0.003973333333333234,0.0001634319373471882,0.0036530067361327453,0.004293659930533723,600
800,EVENT-EMP,BASE_CAPACITY_NEAR,regret_over_capacity_fee,0.003809999999999905,0.00014135009661215067,0.00353295381064009,0.00408704618935972,800
1000,EVENT-EMP,BASE_CAPACITY_NEAR,regret_over_capacity_fee,0.003863999999999904,0.00012648122983866303,0.0036160967895161244,0.0041119032104836835,1000
100,EVENT-EMP,STRESS_ACTUAL_CLEAR,regret_over_capacity_fee,0.0,0.0,0.0,0.0,100
200,EVENT-EMP,STRESS_ACTUAL_CLEAR,regret_over_capacity_fee,0.0,0.0,0.0,0.0,200
400,EVENT-EMP,STRESS_ACTUAL_CLEAR,regret_over_capacity_fee,9.5538582679406e-05,9.553858267940599e-05,-9.171703937222972e-05,0.00028279420473104175,400
600,EVENT-EMP,STRESS_ACTUAL_CLEAR,regret_over_capacity_fee,6.369238845293734e-05,6.369238845293734e-05,-6.114469291481985e-05,0.00018852946982069453,600
800,EVENT-EMP,STRESS_ACTUAL_CLEAR,regret_over_capacity_fee,4.7769291339703e-05,4.7769291339702996e-05,-4.585851968611486e-05,0.00014139710236552087,800
1000,EVENT-EMP,STRESS_ACTUAL_CLEAR,regret_over_capacity_fee,7.643086614352481e-05,5.401772752821582e-05,-2.9443879811778196e-05,0.0001823056120988278,1000
100,EVENT-EMP,STRESS_ACTUAL_NEAR,regret_over_capacity_fee,0.0005048359432406659,9.328324383459723e-05,0.0003220007853248554,0.0006876711011564765,100
200,EVENT-EMP,STRESS_ACTUAL_NEAR,regret_over_capacity_fee,0.00047435756755322454,6.058503538184627e-05,0.00035561089820480585,0.0005931042369016432,200
400,EVENT-EMP,STRESS_ACTUAL_NEAR,regret_over_capacity_fee,0.0005236553820595168,8.622725631744448e-05,0.0003546499596773256,0.000692660804441708,400
600,EVENT-EMP,STRESS_ACTUAL_NEAR,regret_over_capacity_fee,0.0004617641366019305,5.825984833017553e-05,0.00034757483387478646,0.0005759534393290746,600
800,EVENT-EMP,STRESS_ACTUAL_NEAR,regret_over_capacity_fee,0.00048176652806866546,5.540788970080871e-05,0.0003731670642550804,0.0005903659918822505,800
1000,EVENT-EMP,STRESS_ACTUAL_NEAR,regret_over_capacity_fee,0.0004904503447189363,5.034289484005736e-05,0.00039177827083242383,0.0005891224186054487,1000
100,EVENT-EMP,STRESS_CAPACITY_CLEAR,regret_over_capacity_fee,0.005826558223241848,0.0025530452257693406,0.0008225895807339404,0.010830526865749755,100
200,EVENT-EMP,STRESS_CAPACITY_CLEAR,regret_over_capacity_fee,0.005722361097249487,0.0017696639690954715,0.0022538197178223625,0.00919090247667661,200
400,EVENT-EMP,STRESS_CAPACITY_CLEAR,regret_over_capacity_fee,0.004825068133690581,0.001147859585677083,0.0025752633457634985,0.0070748729216176635,400
600,EVENT-EMP,STRESS_CAPACITY_CLEAR,regret_over_capacity_fee,0.006451519309341042,0.001076658247148972,0.004341269144929057,0.008561769473753027,600
800,EVENT-EMP,STRESS_CAPACITY_CLEAR,regret_over_capacity_fee,0.00707090623249854,0.000969857597527943,0.005169985341343771,0.008971827123653308,800
1000,EVENT-EMP,STRESS_CAPACITY_CLEAR,regret_over_capacity_fee,0.0073895290474784,0.0008879099760979408,0.0056492254943264365,0.009129832600630364,1000
100,EVENT-EMP,STRESS_CAPACITY_NEAR,regret_over_capacity_fee,0.003594178711414717,0.00041732310059118137,0.0027762254342560016,0.004412131988573433,100
200,EVENT-EMP,STRESS_CAPACITY_NEAR,regret_over_capacity_fee,0.003817895094335141,0.00030110486527097906,0.0032277295584040217,0.004408060630266259,200
400,EVENT-EMP,STRESS_CAPACITY_NEAR,regret_over_capacity_fee,0.004065106395428442,0.00021702073264311364,0.0036397457594479397,0.004490467031408945,400
600,EVENT-EMP,STRESS_CAPACITY_NEAR,regret_over_capacity_fee,0.004292571573974247,0.00018473906741364298,0.0039304830018435065,0.004654660146104987,600
800,EVENT-EMP,STRESS_CAPACITY_NEAR,regret_over_capacity_fee,0.00407033504410036,0.00015719042096852355,0.003762241819002054,0.004378428269198666,800
1000,EVENT-EMP,STRESS_CAPACITY_NEAR,regret_over_capacity_fee,0.004054786833904969,0.00014206937403626706,0.0037763308607938854,0.004333242807016052,1000
100,EVENT-EMP,STRESS_CONTRACT_CLEAR,regret_over_capacity_fee,0.0065099554578242754,0.0004913525703059082,0.005546904420024696,0.007473006495623855,100
200,EVENT-EMP,STRESS_CONTRACT_CLEAR,regret_over_capacity_fee,0.005954847253060575,0.0003518143561359194,0.005265291115034173,0.006644403391086977,200
400,EVENT-EMP,STRESS_CONTRACT_CLEAR,regret_over_capacity_fee,0.005786995045128996,0.0002550310711304507,0.005287134145713312,0.0062868559445446795,400
600,EVENT-EMP,STRESS_CONTRACT_CLEAR,regret_over_capacity_fee,0.005871129851825471,0.00020497728157754447,0.005469374379933484,0.006272885323717459,600
800,EVENT-EMP,STRESS_CONTRACT_CLEAR,regret_over_capacity_fee,0.006003004600360011,0.00017657723487734346,0.005656913220000418,0.006349095980719604,800
1000,EVENT-EMP,STRESS_CONTRACT_CLEAR,regret_over_capacity_fee,0.005963280039950519,0.00015889181280432412,0.005651852086854044,0.0062747079930469945,1000
100,EVENT-EMP,STRESS_CONTRACT_NEAR_HIGH,regret_over_capacity_fee,0.0035557321840957957,0.000314034022556105,0.00294022549988583,0.004171238868305761,100
200,EVENT-EMP,STRESS_CONTRACT_NEAR_HIGH,regret_over_capacity_fee,0.0032084805712471035,0.00020989397184095055,0.0027970883864388407,0.0036198727560553664,200
400,EVENT-EMP,STRESS_CONTRACT_NEAR_HIGH,regret_over_capacity_fee,0.0030333066231061382,0.00014659015824306263,0.0027459899129497357,0.003320623333262541,400
600,EVENT-EMP,STRESS_CONTRACT_NEAR_HIGH,regret_over_capacity_fee,0.003131910491835965,0.00011956540907101933,0.002897562290056767,0.003366258693615163,600
800,EVENT-EMP,STRESS_CONTRACT_NEAR_HIGH,regret_over_capacity_fee,0.0030843032653218782,9.817740285468522e-05,0.002891875555726695,0.0032767309749170614,800
1000,EVENT-EMP,STRESS_CONTRACT_NEAR_HIGH,regret_over_capacity_fee,0.003089749169937005,9.058475835760576e-05,0.002912203043556098,0.0032672952963179124,1000
100,EVENT-EMP,STRESS_CONTRACT_NEAR_LOW,regret_over_capacity_fee,0.0008760772757348589,0.00013684189204986628,0.0006078671673171211,0.0011442873841525968,100
200,EVENT-EMP,STRESS_CONTRACT_NEAR_LOW,regret_over_capacity_fee,0.000885245766147906,9.042880068001394e-05,0.0007080053168150787,0.0010624862154807334,200
400,EVENT-EMP,STRESS_CONTRACT_NEAR_LOW,regret_over_capacity_fee,0.0008942155675165728,0.00010039218656898985,0.0006974468818413527,0.0010909842531917928,400
600,EVENT-EMP,STRESS_CONTRACT_NEAR_LOW,regret_over_capacity_fee,0.0008599953275048233,6.993522817924118e-05,0.0007229222802735105,0.000997068374736136,600
800,EVENT-EMP,STRESS_CONTRACT_NEAR_LOW,regret_over_capacity_fee,0.0008778818284642763,6.523383772355134e-05,0.0007500235065261157,0.001005740150402437,800
1000,EVENT-EMP,STRESS_CONTRACT_NEAR_LOW,regret_over_capacity_fee,0.0008912295277676676,5.9186055491976735e-05,0.0007752248590033932,0.001007234196531942,1000
100,GEV,BASE_ACTUAL_NEAR,regret_over_capacity_fee,0.0031999999999999594,0.00039389277113385975,0.0024279701685775944,0.003972029831422324,100
200,GEV,BASE_ACTUAL_NEAR,regret_over_capacity_fee,0.0029999999999999623,0.0002745485101436696,0.00246188492011837,0.0035381150798815546,200
400,GEV,BASE_ACTUAL_NEAR,regret_over_capacity_fee,0.0030599999999999616,0.00019464252948858156,0.002678500642202342,0.0034414993577975813,400
600,GEV,BASE_ACTUAL_NEAR,regret_over_capacity_fee,0.003066666666666628,0.00015892422617164008,0.0027551751833702134,0.003378158149963043,600
800,GEV,BASE_ACTUAL_NEAR,regret_over_capacity_fee,0.0031899999999999594,0.00013857806410038994,0.0029183869943631953,0.0034616130056367234,800
1000,GEV,BASE_ACTUAL_NEAR,regret_over_capacity_fee,0.0031599999999999597,0.00012373241171863308,0.002917484473031439,0.0034025155269684806,1000
100,GEV,BASE_CAPACITY_NEAR,regret_over_capacity_fee,0.0038399999999999043,0.00040169338525493267,0.0030526809649002364,0.004627319035099572,100
200,GEV,BASE_CAPACITY_NEAR,regret_over_capacity_fee,0.0040399999999999,0.00028353830402476875,0.003484264924111353,0.004595735075888447,200
400,GEV,BASE_CAPACITY_NEAR,regret_over_capacity_fee,0.0038599999999999034,0.00020012777873035736,0.003467749553688403,0.004252250446311404,400
600,GEV,BASE_CAPACITY_NEAR,regret_over_capacity_fee,0.003773333333333239,0.00016317295341112924,0.0034535143446474256,0.004093152322019052,600
800,GEV,BASE_CAPACITY_NEAR,regret_over_capacity_fee,0.0037199999999999065,0.00014116270270788154,0.0034433211026924588,0.003996678897307354,800
1000,GEV,BASE_CAPACITY_NEAR,regret_over_capacity_fee,0.0037519999999999065,0.00012631092767630858,0.0035044305817543415,0.003999569418245471,1000
100,GEV,STRESS_ACTUAL_CLEAR,regret_over_capacity_fee,0.0,0.0,0.0,0.0,100
200,GEV,STRESS_ACTUAL_CLEAR,regret_over_capacity_fee,0.0,0.0,0.0,0.0,200
400,GEV,STRESS_ACTUAL_CLEAR,regret_over_capacity_fee,0.000382154330717624,0.00019035747479642187,9.053680116637185e-06,0.0007552549813186109,400
600,GEV,STRESS_ACTUAL_CLEAR,regret_over_capacity_fee,0.00025476955381174935,0.0001270653828966076,5.721403334398413e-06,0.0005038177042891003,600
800,GEV,STRESS_ACTUAL_CLEAR,regret_over_capacity_fee,0.000238846456698515,0.00010654767452565004,3.0013014628240932e-05,0.0004476798987687891,800
1000,GEV,STRESS_ACTUAL_CLEAR,regret_over_capacity_fee,0.00022929259843057444,9.337376244423298e-05,4.6280024039877806e-05,0.00041230517282127104,1000
100,GEV,STRESS_ACTUAL_NEAR,regret_over_capacity_fee,0.00043132509923566486,5.5704546091877854e-05,0.0003221441888955843,0.0005405060095757454,100
200,GEV,STRESS_ACTUAL_NEAR,regret_over_capacity_fee,0.00044783671205613304,7.08157370279389e-05,0.00030903786748137283,0.0005866355566308932,200
400,GEV,STRESS_ACTUAL_NEAR,regret_over_capacity_fee,0.00045594303742748526,4.941207719677227e-05,0.0003590953661218116,0.0005527907087331589,400
600,GEV,STRESS_ACTUAL_NEAR,regret_over_capacity_fee,0.00039896903988603,3.400376106704074e-05,0.00033232166819463017,0.0004656164115774299,600
800,GEV,STRESS_ACTUAL_NEAR,regret_over_capacity_fee,0.00039824934359224796,2.9167925294145663e-05,0.0003410802100157225,0.00045541847716877343,800
1000,GEV,STRESS_ACTUAL_NEAR,regret_over_capacity_fee,0.0003880631735175034,2.488313425300394e-05,0.0003392922303816157,0.0004368341166533911,1000
100,GEV,STRESS_CAPACITY_CLEAR,regret_over_capacity_fee,0.006034917973530545,0.002648993890946095,0.0008428899472761988,0.011226945999784892,100
200,GEV,STRESS_CAPACITY_CLEAR,regret_over_capacity_fee,0.006391143737698894,0.001881830447862526,0.002702756059888343,0.010079531415509446,200
400,GEV,STRESS_CAPACITY_CLEAR,regret_over_capacity_fee,0.005163272318988284,0.0011927340235135977,0.002825513632901632,0.007501031005074935,400
600,GEV,STRESS_CAPACITY_CLEAR,regret_over_capacity_fee,0.00637316130327906,0.0010810582711547317,0.004254287091815787,0.008492035514742334,600
800,GEV,STRESS_CAPACITY_CLEAR,regret_over_capacity_fee,0.007180323867766214,0.0009851313564722003,0.005249466409080701,0.009111181326451726,800
1000,GEV,STRESS_CAPACITY_CLEAR,regret_over_capacity_fee,0.00750324215530097,0.0009016868241792371,0.005735935979909666,0.009270548330692276,1000
100,GEV,STRESS_CAPACITY_NEAR,regret_over_capacity_fee,0.004559515135314444,0.0005424779231783313,0.0034962584058849146,0.005622771864743973,100
200,GEV,STRESS_CAPACITY_NEAR,regret_over_capacity_fee,0.004578870151489045,0.0003755462346391129,0.0038427995315963837,0.0053149407713817065,200
400,GEV,STRESS_CAPACITY_NEAR,regret_over_capacity_fee,0.0044051742027143015,0.00024740407783398427,0.0039202622101596925,0.0048900861952689105,400
600,GEV,STRESS_CAPACITY_NEAR,regret_over_capacity_fee,0.004488456989625233,0.0002088584405686321,0.0040790944461107145,0.004897819533139752,600
800,GEV,STRESS_CAPACITY_NEAR,regret_over_capacity_fee,0.004210652170543582,0.00017406479964223332,0.003869485163244805,0.004551819177842359,800
1000,GEV,STRESS_CAPACITY_NEAR,regret_over_capacity_fee,0.004323941927135445,0.00016054565838388707,0.0040092724367030265,0.004638611417567864,1000
100,GEV,STRESS_CONTRACT_CLEAR,regret_over_capacity_fee,0.006924087660305547,0.0004956199862845974,0.005952672487187736,0.007895502833423359,100
200,GEV,STRESS_CONTRACT_CLEAR,regret_over_capacity_fee,0.006591731629961744,0.0003586888905110842,0.005888701404560019,0.00729476185536347,200
400,GEV,STRESS_CONTRACT_CLEAR,regret_over_capacity_fee,0.006180194662878371,0.0002527740957465852,0.005684757435215064,0.006675631890541678,400
600,GEV,STRESS_CONTRACT_CLEAR,regret_over_capacity_fee,0.006296477880779121,0.00020497381731495083,0.005894729198841817,0.0066982265627164245,600
800,GEV,STRESS_CONTRACT_CLEAR,regret_over_capacity_fee,0.006338053736041797,0.00017746661932816296,0.005990219162158597,0.006685888309924996,800
1000,GEV,STRESS_CONTRACT_CLEAR,regret_over_capacity_fee,0.006414686412476666,0.00016044137347644448,0.0061002213204628345,0.006729151504490497,1000
100,GEV,STRESS_CONTRACT_NEAR_HIGH,regret_over_capacity_fee,0.003920830292642614,0.00034497248894566545,0.00324468421430911,0.004596976370976119,100
200,GEV,STRESS_CONTRACT_NEAR_HIGH,regret_over_capacity_fee,0.003781878293038681,0.0002526445465028755,0.003286694981893045,0.004277061604184317,200
400,GEV,STRESS_CONTRACT_NEAR_HIGH,regret_over_capacity_fee,0.0034306611778217623,0.00016569425326231412,0.0031059004414276266,0.003755421914215898,400
600,GEV,STRESS_CONTRACT_NEAR_HIGH,regret_over_capacity_fee,0.003558414279521817,0.00013699819857779135,0.0032898978103093456,0.003826930748734288,600
800,GEV,STRESS_CONTRACT_NEAR_HIGH,regret_over_capacity_fee,0.0034351100185511605,0.00011270365361702831,0.003214210857461785,0.003656009179640536,800
1000,GEV,STRESS_CONTRACT_NEAR_HIGH,regret_over_capacity_fee,0.003507608819356351,0.00010552631468226591,0.00330077724257911,0.0037144403961335924,1000
100,GEV,STRESS_CONTRACT_NEAR_LOW,regret_over_capacity_fee,0.0009248186572020942,0.00010539244989527434,0.0007182494554073565,0.0011313878589968318,100
200,GEV,STRESS_CONTRACT_NEAR_LOW,regret_over_capacity_fee,0.000916283213483815,9.607775809935095e-05,0.0007279708076090871,0.0011045956193585429,200
400,GEV,STRESS_CONTRACT_NEAR_LOW,regret_over_capacity_fee,0.0008527462772623548,6.709264409901874e-05,0.000721244694828278,0.0009842478596964316,400
600,GEV,STRESS_CONTRACT_NEAR_LOW,regret_over_capacity_fee,0.0008552386020158565,4.863227307069364e-05,0.0007599193467972969,0.000950557857234416,600
800,GEV,STRESS_CONTRACT_NEAR_LOW,regret_over_capacity_fee,0.0008654564893686949,4.1839941266807285e-05,0.0007834502044857526,0.0009474627742516371,800
1000,GEV,STRESS_CONTRACT_NEAR_LOW,regret_over_capacity_fee,0.0008661632927715071,3.6376506115839924e-05,0.0007948653407844608,0.0009374612447585534,1000
100,KDE,BASE_ACTUAL_NEAR,regret_over_capacity_fee,0.0031999999999999594,0.00039389277113385975,0.0024279701685775944,0.003972029831422324,100
200,KDE,BASE_ACTUAL_NEAR,regret_over_capacity_fee,0.0029999999999999623,0.0002745485101436696,0.00246188492011837,0.0035381150798815546,200
400,KDE,BASE_ACTUAL_NEAR,regret_over_capacity_fee,0.0030599999999999616,0.00019464252948858156,0.002678500642202342,0.0034414993577975813,400
600,KDE,BASE_ACTUAL_NEAR,regret_over_capacity_fee,0.003066666666666628,0.00015892422617164008,0.0027551751833702134,0.003378158149963043,600
800,KDE,BASE_ACTUAL_NEAR,regret_over_capacity_fee,0.0031899999999999594,0.00013857806410038994,0.0029183869943631953,0.0034616130056367234,800
1000,KDE,BASE_ACTUAL_NEAR,regret_over_capacity_fee,0.00316799999999996,0.0001237865061268744,0.002925378447991286,0.0034106215520086336,1000
100,KDE,BASE_CAPACITY_NEAR,regret_over_capacity_fee,0.0038399999999999043,0.00040169338525493267,0.0030526809649002364,0.004627319035099572,100
200,KDE,BASE_CAPACITY_NEAR,regret_over_capacity_fee,0.0040399999999999,0.00028353830402476875,0.003484264924111353,0.004595735075888447,200
400,KDE,BASE_CAPACITY_NEAR,regret_over_capacity_fee,0.0038599999999999034,0.00020012777873035736,0.003467749553688403,0.004252250446311404,400
600,KDE,BASE_CAPACITY_NEAR,regret_over_capacity_fee,0.003773333333333239,0.00016317295341112924,0.0034535143446474256,0.004093152322019052,600
800,KDE,BASE_CAPACITY_NEAR,regret_over_capacity_fee,0.0037199999999999065,0.00014116270270788154,0.0034433211026924588,0.003996678897307354,800
1000,KDE,BASE_CAPACITY_NEAR,regret_over_capacity_fee,0.0037519999999999065,0.00012631092767630858,0.0035044305817543415,0.003999569418245471,1000
100,KDE,STRESS_ACTUAL_CLEAR,regret_over_capacity_fee,0.0,0.0,0.0,0.0,100
200,KDE,STRESS_ACTUAL_CLEAR,regret_over_capacity_fee,0.0,0.0,0.0,0.0,200
400,KDE,STRESS_ACTUAL_CLEAR,regret_over_capacity_fee,9.5538582679406e-05,9.553858267940599e-05,-9.171703937222972e-05,0.00028279420473104175,400
600,KDE,STRESS_ACTUAL_CLEAR,regret_over_capacity_fee,6.369238845293734e-05,6.369238845293734e-05,-6.114469291481985e-05,0.00018852946982069453,600
800,KDE,STRESS_ACTUAL_CLEAR,regret_over_capacity_fee,4.7769291339703e-05,4.776929133970301e-05,-4.585851968611489e-05,0.0001413971023655209,800
1000,KDE,STRESS_ACTUAL_CLEAR,regret_over_capacity_fee,7.643086614352481e-05,5.401772752821582e-05,-2.9443879811778196e-05,0.0001823056120988278,1000
100,KDE,STRESS_ACTUAL_NEAR,regret_over_capacity_fee,0.00023385640657887002,5.412315747090193e-05,0.00012777501793590225,0.0003399377952218378,100
200,KDE,STRESS_ACTUAL_NEAR,regret_over_capacity_fee,0.000203962066744714,3.081909005880249e-05,0.00014355665022946113,0.00026436748325996687,200
400,KDE,STRESS_ACTUAL_NEAR,regret_over_capacity_fee,0.00021077336269145576,1.897875664485384e-05,0.00017357499966754223,0.0002479717257153693,400
600,KDE,STRESS_ACTUAL_NEAR,regret_over_capacity_fee,0.00020094043609306515,1.5028451788922502e-05,0.00017148467058677704,0.00023039620159935327,600
800,KDE,STRESS_ACTUAL_NEAR,regret_over_capacity_fee,0.00020589871153820164,1.2617652817636548e-05,0.00018116811201563402,0.00023062931106076926,800
1000,KDE,STRESS_ACTUAL_NEAR,regret_over_capacity_fee,0.00020020200587002118,1.093039691492954e-05,0.00017877842791675928,0.00022162558382328307,1000
100,KDE,STRESS_CAPACITY_CLEAR,regret_over_capacity_fee,0.004696340027419169,0.0023159225255567567,0.00015713187732792518,0.009235548177510412,100
200,KDE,STRESS_CAPACITY_CLEAR,regret_over_capacity_fee,0.0040200357354466185,0.0014984740424737217,0.0010830266121981242,0.006957044858695112,200
400,KDE,STRESS_CAPACITY_CLEAR,regret_over_capacity_fee,0.0028526114297646576,0.0008928022838104168,0.0011027189534962407,0.004602503906033074,400
600,KDE,STRESS_CAPACITY_CLEAR,regret_over_capacity_fee,0.0026554916951853735,0.0007027176967023022,0.001278165009648861,0.004032818380721886,600
800,KDE,STRESS_CAPACITY_CLEAR,regret_over_capacity_fee,0.003253855283851315,0.0006696130537416664,0.0019414136985176488,0.004566296869184981,800
1000,KDE,STRESS_CAPACITY_CLEAR,regret_over_capacity_fee,0.003534528821059604,0.0006258597267709804,0.0023078437565884824,0.004761213885530725,1000
100,KDE,STRESS_CAPACITY_NEAR,regret_over_capacity_fee,0.004287365555251926,0.0005718993767708699,0.003166442776781021,0.00540828833372283,100
200,KDE,STRESS_CAPACITY_NEAR,regret_over_capacity_fee,0.004298071189168196,0.00040121868709682936,0.003511682562458411,0.005084459815877982,200
400,KDE,STRESS_CAPACITY_NEAR,regret_over_capacity_fee,0.004122945566532223,0.0002715654433437947,0.0035906772975783856,0.004655213835486061,400
600,KDE,STRESS_CAPACITY_NEAR,regret_over_capacity_fee,0.004228288087921243,0.00022448448320512056,0.003788298500839207,0.00466827767500328,600
800,KDE,STRESS_CAPACITY_NEAR,regret_over_capacity_fee,0.003994124637048405,0.00018937463512301423,0.0036229503522072974,0.004365298921889513,800
1000,KDE,STRESS_CAPACITY_NEAR,regret_over_capacity_fee,0.004062651772396688,0.00017246630937593283,0.0037246178060198597,0.004400685738773516,1000
100,KDE,STRESS_CONTRACT_CLEAR,regret_over_capacity_fee,0.007689069970954562,0.0004960693167942001,0.00671677411003793,0.008661365831871194,100
200,KDE,STRESS_CONTRACT_CLEAR,regret_over_capacity_fee,0.007723204941001454,0.00034609077780554264,0.007044867016502591,0.008401542865500317,200
400,KDE,STRESS_CONTRACT_CLEAR,regret_over_capacity_fee,0.007507886120562332,0.00024596453992571654,0.007025795622307927,0.007989976618816737,400
600,KDE,STRESS_CONTRACT_CLEAR,regret_over_capacity_fee,0.007652881691464179,0.00019699719390929162,0.0072667671914019676,0.00803899619152639,600
800,KDE,STRESS_CONTRACT_CLEAR,regret_over_capacity_fee,0.007672049895300026,0.00017107636553421665,0.007336740218852961,0.008007359571747091,800
1000,KDE,STRESS_CONTRACT_CLEAR,regret_over_capacity_fee,0.007699962198935142,0.00015324585877348276,0.0073996003157391155,0.008000324082131168,1000
100,KDE,STRESS_CONTRACT_NEAR_HIGH,regret_over_capacity_fee,0.004122463994148468,0.00037928983700252354,0.003379055913623522,0.004865872074673414,100
200,KDE,STRESS_CONTRACT_NEAR_HIGH,regret_over_capacity_fee,0.0042451623773406754,0.0002707574681540264,0.0037144777397587836,0.004775847014922567,200
400,KDE,STRESS_CONTRACT_NEAR_HIGH,regret_over_capacity_fee,0.004064211139858354,0.00018422549692636862,0.0037031291658826716,0.004425293113834036,400
600,KDE,STRESS_CONTRACT_NEAR_HIGH,regret_over_capacity_fee,0.00412486345572817,0.00014755741795299687,0.0038356509165402963,0.004414075994916044,600
800,KDE,STRESS_CONTRACT_NEAR_HIGH,regret_over_capacity_fee,0.004017640768919618,0.00012484670429385267,0.003772941228503667,0.004262340309335569,800
1000,KDE,STRESS_CONTRACT_NEAR_HIGH,regret_over_capacity_fee,0.004097622366013645,0.00011417279223794524,0.0038738436932272725,0.004321401038800018,1000
100,KDE,STRESS_CONTRACT_NEAR_LOW,regret_over_capacity_fee,0.0011743237444207068,9.44588186119555e-05,0.000989184459941274,0.0013594630289001397,100
200,KDE,STRESS_CONTRACT_NEAR_LOW,regret_over_capacity_fee,0.0011132273389442553,6.10987709825434e-05,0.0009934737478184703,0.0012329809300700404,200
400,KDE,STRESS_CONTRACT_NEAR_LOW,regret_over_capacity_fee,0.0010769651592572244,4.0956332224181405e-05,0.0009966907480978289,0.00115723957041662,400
600,KDE,STRESS_CONTRACT_NEAR_LOW,regret_over_capacity_fee,0.001120019887277269,3.257346199247891e-05,0.0010561759017720103,0.0011838638727825275,600
800,KDE,STRESS_CONTRACT_NEAR_LOW,regret_over_capacity_fee,0.0011101230893278524,2.8083499084371997e-05,0.0010550794311224832,0.0011651667475332216,800
1000,KDE,STRESS_CONTRACT_NEAR_LOW,regret_over_capacity_fee,0.0011126979794331322,2.4810466465562545e-05,0.0010640694651606296,0.0011613264937056348,1000
100,TAIL,BASE_ACTUAL_NEAR,regret_over_capacity_fee,0.0029599999999999627,0.0003881892696751229,0.002199149031436722,0.0037208509685632035,100
200,TAIL,BASE_ACTUAL_NEAR,regret_over_capacity_fee,0.002799999999999965,0.0002704918282420502,0.0022698360166455464,0.0033301639833543833,200
400,TAIL,BASE_ACTUAL_NEAR,regret_over_capacity_fee,0.002699999999999966,0.00018937967592678586,0.0023288158351834655,0.0030711841648164663,400
600,TAIL,BASE_ACTUAL_NEAR,regret_over_capacity_fee,0.002719999999999966,0.00015484172542703543,0.0024165102181629766,0.0030234897818369553,600
800,TAIL,BASE_ACTUAL_NEAR,regret_over_capacity_fee,0.0028699999999999637,0.00013574574997322856,0.002603938330052436,0.0031360616699474915,800
1000,TAIL,BASE_ACTUAL_NEAR,regret_over_capacity_fee,0.0028559999999999636,0.00012126817377189121,0.002618314379407057,0.00309368562059287,1000
100,TAIL,BASE_CAPACITY_NEAR,regret_over_capacity_fee,0.0039999999999999,0.00040201512610367484,0.0032120503528366975,0.004787949647163103,100
200,TAIL,BASE_CAPACITY_NEAR,regret_over_capacity_fee,0.0040399999999999,0.00028353830402476875,0.003484264924111353,0.004595735075888447,200
400,TAIL,BASE_CAPACITY_NEAR,regret_over_capacity_fee,0.0039999999999999,0.0002002504697286985,0.003607509079331651,0.004392490920668149,400
600,TAIL,BASE_CAPACITY_NEAR,regret_over_capacity_fee,0.004013333333333233,0.00016343466131117618,0.0036930013971633283,0.004333665269503139,600
800,TAIL,BASE_CAPACITY_NEAR,regret_over_capacity_fee,0.0038599999999999034,0.00014142312620565715,0.0035828106726368152,0.004137189327362991,800
1000,TAIL,BASE_CAPACITY_NEAR,regret_over_capacity_fee,0.0039039999999999023,0.0001265179465166503,0.0036560248248272676,0.004151975175172537,1000
100,TAIL,STRESS_ACTUAL_CLEAR,regret_over_capacity_fee,0.0,0.0,0.0,0.0,100
200,TAIL,STRESS_ACTUAL_CLEAR,regret_over_capacity_fee,0.0,0.0,0.0,0.0,200
400,TAIL,STRESS_ACTUAL_CLEAR,regret_over_capacity_fee,0.0,0.0,0.0,0.0,400
600,TAIL,STRESS_ACTUAL_CLEAR,regret_over_capacity_fee,0.0,0.0,0.0,0.0,600
800,TAIL,STRESS_ACTUAL_CLEAR,regret_over_capacity_fee,0.0,0.0,0.0,0.0,800
1000,TAIL,STRESS_ACTUAL_CLEAR,regret_over_capacity_fee,0.0,0.0,0.0,0.0,1000
100,TAIL,STRESS_ACTUAL_NEAR,regret_over_capacity_fee,0.00025440667779235397,3.265990791052359e-05,0.00019039325828772773,0.0003184200972969802,100
200,TAIL,STRESS_ACTUAL_NEAR,regret_over_capacity_fee,0.000297782668166447,2.981409575785716e-05,0.00023934704048104695,0.00035621829585184703,200
400,TAIL,STRESS_ACTUAL_NEAR,regret_over_capacity_fee,0.00032463278913715226,1.9066679532682938e-05,0.0002872620972530937,0.00036200348102121083,400
600,TAIL,STRESS_ACTUAL_NEAR,regret_over_capacity_fee,0.000322424641838249,1.4955085659692069e-05,0.0002931126739452525,0.00035173660973124543,600
800,TAIL,STRESS_ACTUAL_NEAR,regret_over_capacity_fee,0.00032550488854722425,1.2682655268749627e-05,0.000300646884220475,0.0003503628928739735,800
1000,TAIL,STRESS_ACTUAL_NEAR,regret_over_capacity_fee,0.000321997106513823,1.1191833152270971e-05,0.0003000611135353719,0.0003439330994922741,1000
100,TAIL,STRESS_CAPACITY_CLEAR,regret_over_capacity_fee,0.004761933183180495,0.002346700867071883,0.00016239948371960487,0.009361466882641386,100
200,TAIL,STRESS_CAPACITY_CLEAR,regret_over_capacity_fee,0.005238891299766284,0.001712421878924945,0.0018825444170733918,0.008595238182459176,200
400,TAIL,STRESS_CAPACITY_CLEAR,regret_over_capacity_fee,0.004602289963509979,0.0011296220316124425,0.002388230781549592,0.006816349145470366,400
600,TAIL,STRESS_CAPACITY_CLEAR,regret_over_capacity_fee,0.00575881440606782,0.0010264383029373715,0.0037469953323105718,0.0077706334798250684,600
800,TAIL,STRESS_CAPACITY_CLEAR,regret_over_capacity_fee,0.005755359523868493,0.0008882098484554224,0.004014468220895864,0.007496250826841121,800
1000,TAIL,STRESS_CAPACITY_CLEAR,regret_over_capacity_fee,0.006808619925048299,0.0008610863538090263,0.005120890671582608,0.00849634917851399,1000
100,TAIL,STRESS_CAPACITY_NEAR,regret_over_capacity_fee,0.003724582865433735,0.00040989740162692925,0.0029211839582449534,0.004527981772622516,100
200,TAIL,STRESS_CAPACITY_NEAR,regret_over_capacity_fee,0.0037423441781180545,0.0002673635132375029,0.003218311692172549,0.00426637666406356,200
400,TAIL,STRESS_CAPACITY_NEAR,regret_over_capacity_fee,0.003678968978177012,0.00018191055925636805,0.0033224242820345307,0.004035513674319494,400
600,TAIL,STRESS_CAPACITY_NEAR,regret_over_capacity_fee,0.0037515294158412646,0.00015861966284113388,0.003440634876672642,0.004062423955009887,600
800,TAIL,STRESS_CAPACITY_NEAR,regret_over_capacity_fee,0.003565656769749621,0.00013608327262852615,0.00329893355539771,0.0038323799841015324,800
1000,TAIL,STRESS_CAPACITY_NEAR,regret_over_capacity_fee,0.0036413472457594753,0.00012475659500505636,0.003396824319549565,0.003885870171969386,1000
100,TAIL,STRESS_CONTRACT_CLEAR,regret_over_capacity_fee,0.005682961722628133,0.0005089226294146422,0.004685473368975434,0.006680450076280832,100
200,TAIL,STRESS_CONTRACT_CLEAR,regret_over_capacity_fee,0.005274741948552154,0.0003552152210265438,0.004578520115340128,0.00597096378176418,200
400,TAIL,STRESS_CONTRACT_CLEAR,regret_over_capacity_fee,0.0050077183043853975,0.00024876054864715554,0.004520147629036972,0.005495288979733823,400
600,TAIL,STRESS_CONTRACT_CLEAR,regret_over_capacity_fee,0.005157609367949063,0.0002040886503463115,0.004757595613270293,0.0055576231226278335,600
800,TAIL,STRESS_CONTRACT_CLEAR,regret_over_capacity_fee,0.005385522056260152,0.0001778909437806341,0.00503685580645011,0.005734188306070195,800
1000,TAIL,STRESS_CONTRACT_CLEAR,regret_over_capacity_fee,0.005405889433388155,0.00015986709210172523,0.005092549932868774,0.005719228933907536,1000
100,TAIL,STRESS_CONTRACT_NEAR_HIGH,regret_over_capacity_fee,0.0027217575423256236,0.0002566442565278567,0.0022187347995310247,0.0032247802851202226,100
200,TAIL,STRESS_CONTRACT_NEAR_HIGH,regret_over_capacity_fee,0.0024706101044026335,0.00016025736626293978,0.0021565056665272717,0.0027847145422779953,200
400,TAIL,STRESS_CONTRACT_NEAR_HIGH,regret_over_capacity_fee,0.002345687455903159,0.00010456732090508158,0.002140735506929199,0.0025506394048771188,400
600,TAIL,STRESS_CONTRACT_NEAR_HIGH,regret_over_capacity_fee,0.0024876198486126553,9.280252934707294e-05,0.0023057268910923923,0.0026695128061329184,600
800,TAIL,STRESS_CONTRACT_NEAR_HIGH,regret_over_capacity_fee,0.0025294843734915066,7.721521809726725e-05,0.002378142546020863,0.0026808262009621504,800
1000,TAIL,STRESS_CONTRACT_NEAR_HIGH,regret_over_capacity_fee,0.0025688396441957417,7.258459541322003e-05,0.0024265738371858307,0.002711105451205653,1000
100,TAIL,STRESS_CONTRACT_NEAR_LOW,regret_over_capacity_fee,0.0008090677537555,8.131436876311058e-05,0.0006496915909798033,0.0009684439165311967,100
200,TAIL,STRESS_CONTRACT_NEAR_LOW,regret_over_capacity_fee,0.0007645077275593725,6.206513025546583e-05,0.0006428600722586595,0.0008861553828600856,200
400,TAIL,STRESS_CONTRACT_NEAR_LOW,regret_over_capacity_fee,0.0007072744570728641,4.187731533028115e-05,0.0006251949190255131,0.0007893539951202151,400
600,TAIL,STRESS_CONTRACT_NEAR_LOW,regret_over_capacity_fee,0.0007007521682793009,3.368961895921354e-05,0.0006347205151192424,0.0007667838214393594,600
800,TAIL,STRESS_CONTRACT_NEAR_LOW,regret_over_capacity_fee,0.0007015363626512971,2.897451095370659e-05,0.0006447463211820322,0.000758326404120562,800
1000,TAIL,STRESS_CONTRACT_NEAR_LOW,regret_over_capacity_fee,0.0007149519633345827,2.585733920286206e-05,0.0006642715784969731,0.0007656323481721923,1000
100,EMP,BASE_ACTUAL_NEAR,regret_over_oracle_value,0.0032258064516128802,0.0003970693257397802,0.002447550573162911,0.0040040623300628495,100
200,EMP,BASE_ACTUAL_NEAR,regret_over_oracle_value,0.003024193548387075,0.0002767626110319265,0.002481738830764499,0.003566648266009651,200
400,EMP,BASE_ACTUAL_NEAR,regret_over_oracle_value,0.0030846774193548166,0.00019621222730703894,0.00270010145383302,0.003469253384876613,400
600,EMP,BASE_ACTUAL_NEAR,regret_over_oracle_value,0.0030913978494623434,0.0001602058731568961,0.002777394338074827,0.0034054013608498597,600
800,EMP,BASE_ACTUAL_NEAR,regret_over_oracle_value,0.0032157258064515904,0.00013969562913345837,0.002941922373350012,0.003489529239553169,800
1000,EMP,BASE_ACTUAL_NEAR,regret_over_oracle_value,0.0031935483870967514,0.00012478478440209183,0.0029489702096686513,0.0034381265645248515,1000
100,EMP,BASE_CAPACITY_NEAR,regret_over_oracle_value,0.0038399999999999043,0.00040169338525493267,0.0030526809649002364,0.004627319035099572,100
200,EMP,BASE_CAPACITY_NEAR,regret_over_oracle_value,0.0040399999999999,0.00028353830402476875,0.003484264924111353,0.004595735075888447,200
400,EMP,BASE_CAPACITY_NEAR,regret_over_oracle_value,0.0038599999999999034,0.00020012777873035736,0.003467749553688403,0.004252250446311404,400
600,EMP,BASE_CAPACITY_NEAR,regret_over_oracle_value,0.003773333333333239,0.00016317295341112924,0.0034535143446474256,0.004093152322019052,600
800,EMP,BASE_CAPACITY_NEAR,regret_over_oracle_value,0.0037199999999999065,0.00014116270270788154,0.0034433211026924588,0.003996678897307354,800
1000,EMP,BASE_CAPACITY_NEAR,regret_over_oracle_value,0.0037519999999999065,0.00012631092767630858,0.0035044305817543415,0.003999569418245471,1000
100,EMP,STRESS_ACTUAL_CLEAR,regret_over_oracle_value,0.0,0.0,0.0,0.0,100
200,EMP,STRESS_ACTUAL_CLEAR,regret_over_oracle_value,0.000298558070873144,0.000298558070873144,-0.00028661574803821817,0.0008837318897845061,200
400,EMP,STRESS_ACTUAL_CLEAR,regret_over_oracle_value,0.000597116141746288,0.00029743355436940937,1.4146375182245551e-05,0.0011800859083103304,400
600,EMP,STRESS_ACTUAL_CLEAR,regret_over_oracle_value,0.0004975967847885733,0.000221787790811217,6.289271479858799e-05,0.0009323008547785586,600
800,EMP,STRESS_ACTUAL_CLEAR,regret_over_oracle_value,0.0005224766240280019,0.00019673473677524824,0.0001368765399485154,0.0009080767081074885,800
1000,EMP,STRESS_ACTUAL_CLEAR,regret_over_oracle_value,0.0005374045275716592,0.0001784161441694764,0.00018770888499948545,0.000887100170143833,1000
100,EMP,STRESS_ACTUAL_NEAR,regret_over_oracle_value,0.0007403807061849319,0.000130532228160268,0.00048453753899080663,0.0009962238733790573,100
200,EMP,STRESS_ACTUAL_NEAR,regret_over_oracle_value,0.000722012988756788,9.935489443909046e-05,0.0005272773956561707,0.0009167485818574052,200
400,EMP,STRESS_ACTUAL_NEAR,regret_over_oracle_value,0.0006570169226631897,5.302805887765116e-05,0.0005530819272629935,0.000760951918063386,400
600,EMP,STRESS_ACTUAL_NEAR,regret_over_oracle_value,0.0005937172755506804,3.740168727437022e-05,0.0005204099684929148,0.000667024582608446,600
800,EMP,STRESS_ACTUAL_NEAR,regret_over_oracle_value,0.0006366685730629994,4.298248971039981e-05,0.0005524228932306157,0.000720914252895383,800
1000,EMP,STRESS_ACTUAL_NEAR,regret_over_oracle_value,0.000621067818104213,3.6657342757859535e-05,0.0005492194262988083,0.0006929162099096176,1000
100,EMP,STRESS_CAPACITY_CLEAR,regret_over_oracle_value,0.008545894786591535,0.003147113240812102,0.0023775528345998153,0.014714236738583256,100
200,EMP,STRESS_CAPACITY_CLEAR,regret_over_oracle_value,0.008244432305338594,0.002139041974627689,0.004051910035068324,0.012436954575608864,200
400,EMP,STRESS_CAPACITY_CLEAR,regret_over_oracle_value,0.006128609756898479,0.0013076714519947435,0.0035655737109887816,0.008691645802808175,400
600,EMP,STRESS_CAPACITY_CLEAR,regret_over_oracle_value,0.007052580745731688,0.0011439543026217597,0.004810430312593039,0.009294731178870337,600
800,EMP,STRESS_CAPACITY_CLEAR,regret_over_oracle_value,0.007847819180976599,0.0010344974879110567,0.005820204104670928,0.00987543425728227,800
1000,EMP,STRESS_CAPACITY_CLEAR,regret_over_oracle_value,0.008199277953805668,0.0009481059279615646,0.006340990335001001,0.010057565572610335,1000
100,EMP,STRESS_CAPACITY_NEAR,regret_over_oracle_value,0.0057009422953623705,0.0007529630107451332,0.004225134794301909,0.007176749796422832,100
200,EMP,STRESS_CAPACITY_NEAR,regret_over_oracle_value,0.0055123858521352685,0.0004858149034733947,0.0045601886413274145,0.006464583062943122,200
400,EMP,STRESS_CAPACITY_NEAR,regret_over_oracle_value,0.005205363195929847,0.00030837447861718694,0.004600949217840161,0.0058097771740195335,400
600,EMP,STRESS_CAPACITY_NEAR,regret_over_oracle_value,0.005294537412031704,0.0002579659685813455,0.004788924113612267,0.005800150710451141,600
800,EMP,STRESS_CAPACITY_NEAR,regret_over_oracle_value,0.005004219147749054,0.00021611594871312703,0.004580631888271325,0.005427806407226783,800
1000,EMP,STRESS_CAPACITY_NEAR,regret_over_oracle_value,0.005164467082629102,0.0002019016082444587,0.004768739930469963,0.005560194234788241,1000
100,EMP,STRESS_CONTRACT_CLEAR,regret_over_oracle_value,0.008136150859547404,0.0006111502076796666,0.0069382964524952575,0.00933400526659955,100
200,EMP,STRESS_CONTRACT_CLEAR,regret_over_oracle_value,0.007558957812397239,0.00040962526341056034,0.006756092296112541,0.008361823328681937,200
400,EMP,STRESS_CONTRACT_CLEAR,regret_over_oracle_value,0.00685740995620312,0.000281191021149468,0.0063062755547501625,0.007408544357656078,400
600,EMP,STRESS_CONTRACT_CLEAR,regret_over_oracle_value,0.0070433512421128565,0.00022739540253631976,0.0065976562531416694,0.0074890462310840435,600
800,EMP,STRESS_CONTRACT_CLEAR,regret_over_oracle_value,0.007076266690986361,0.00019319489131824948,0.0066976047040025926,0.00745492867797013,800
1000,EMP,STRESS_CONTRACT_CLEAR,regret_over_oracle_value,0.007150061835097851,0.00017809614109290498,0.006800993398555758,0.007499130271639945,1000
100,EMP,STRESS_CONTRACT_NEAR_HIGH,regret_over_oracle_value,0.005115468231514913,0.0005469277573109231,0.004043489827185503,0.006187446635844323,100
200,EMP,STRESS_CONTRACT_NEAR_HIGH,regret_over_oracle_value,0.004791825540743542,0.0003555547173629019,0.004094938294712255,0.00548871278677483,200
400,EMP,STRESS_CONTRACT_NEAR_HIGH,regret_over_oracle_value,0.004167335432537285,0.0002253778660768048,0.0037255948150267475,0.004609076050047822,400
600,EMP,STRESS_CONTRACT_NEAR_HIGH,regret_over_oracle_value,0.004300369770460386,0.00018515332282188673,0.003937469257729488,0.0046632702831912835,600
800,EMP,STRESS_CONTRACT_NEAR_HIGH,regret_over_oracle_value,0.0041674377019622925,0.00015224711867262353,0.0038690333493639506,0.004465842054560635,800
1000,EMP,STRESS_CONTRACT_NEAR_HIGH,regret_over_oracle_value,0.004265329441598233,0.0001449531163404778,0.003981221333570897,0.004549437549625569,1000
100,EMP,STRESS_CONTRACT_NEAR_LOW,regret_over_oracle_value,0.001324056185860917,0.00019133846647014646,0.00094903279157943,0.0016990795801424042,100
200,EMP,STRESS_CONTRACT_NEAR_LOW,regret_over_oracle_value,0.0013720589615383789,0.0001393633275252033,0.0010989068395889806,0.0016452110834877772,200
400,EMP,STRESS_CONTRACT_NEAR_LOW,regret_over_oracle_value,0.0011426676090664498,8.186777657525691e-05,0.0009822067669789463,0.0013031284511539534,400
600,EMP,STRESS_CONTRACT_NEAR_LOW,regret_over_oracle_value,0.0011206606607774108,6.099037510314122e-05,0.0010011195255752539,0.0012402017959795677,600
800,EMP,STRESS_CONTRACT_NEAR_LOW,regret_over_oracle_value,0.0011817446074842035,6.16001841841353e-05,0.0010610082464832984,0.0013024809684851087,800
1000,EMP,STRESS_CONTRACT_NEAR_LOW,regret_over_oracle_value,0.0011706601606759684,5.348354534314442e-05,0.0010658324118034055,0.0012754879095485314,1000
100,EVENT-EMP,BASE_ACTUAL_NEAR,regret_over_oracle_value,0.003064516129032236,0.00039341268646335474,0.002293427263564061,0.003835604994500411,100
200,EVENT-EMP,BASE_ACTUAL_NEAR,regret_over_oracle_value,0.00282258064516127,0.0002726732139536812,0.002288141145812055,0.0033570201445104852,200
400,EVENT-EMP,BASE_ACTUAL_NEAR,regret_over_oracle_value,0.002681451612903206,0.00019020123250113987,0.002308657197200972,0.00305424602860544,400
600,EVENT-EMP,BASE_ACTUAL_NEAR,regret_over_oracle_value,0.0026478494623655728,0.00015473882309944583,0.002344561369090659,0.0029511375556404867,600
800,EVENT-EMP,BASE_ACTUAL_NEAR,regret_over_oracle_value,0.002903225806451592,0.00013694499438913934,0.0026348136174488787,0.003171637995454305,800
1000,EVENT-EMP,BASE_ACTUAL_NEAR,regret_over_oracle_value,0.002887096774193528,0.00012232200697909293,0.0026473456405145058,0.00312684790787255,1000
100,EVENT-EMP,BASE_CAPACITY_NEAR,regret_over_oracle_value,0.003919999999999903,0.00040193471503654316,0.003132207958528278,0.004707792041471527,100
200,EVENT-EMP,BASE_CAPACITY_NEAR,regret_over_oracle_value,0.0038799999999999035,0.0002834248546638104,0.0033244872848588354,0.004435512715140972,200
400,EVENT-EMP,BASE_CAPACITY_NEAR,regret_over_oracle_value,0.003939999999999902,0.00020022794028350148,0.003547553237044239,0.004332446762955565,400
600,EVENT-EMP,BASE_CAPACITY_NEAR,regret_over_oracle_value,0.003973333333333234,0.0001634319373471882,0.0036530067361327453,0.004293659930533723,600
800,EVENT-EMP,BASE_CAPACITY_NEAR,regret_over_oracle_value,0.003809999999999905,0.00014135009661215067,0.00353295381064009,0.00408704618935972,800
1000,EVENT-EMP,BASE_CAPACITY_NEAR,regret_over_oracle_value,0.003863999999999904,0.00012648122983866303,0.0036160967895161244,0.0041119032104836835,1000
100,EVENT-EMP,STRESS_ACTUAL_CLEAR,regret_over_oracle_value,0.0,0.0,0.0,0.0,100
200,EVENT-EMP,STRESS_ACTUAL_CLEAR,regret_over_oracle_value,0.0,0.0,0.0,0.0,200
400,EVENT-EMP,STRESS_ACTUAL_CLEAR,regret_over_oracle_value,0.000149279035436572,0.00014927903543657202,-0.00014330787401910914,0.00044186594489225314,400
600,EVENT-EMP,STRESS_ACTUAL_CLEAR,regret_over_oracle_value,9.951935695771467e-05,9.951935695771468e-05,-9.55385826794061e-05,0.00029457729659483547,600
800,EVENT-EMP,STRESS_ACTUAL_CLEAR,regret_over_oracle_value,7.4639517718286e-05,7.4639517718286e-05,-7.165393700955454e-05,0.00022093297244612652,800
1000,EVENT-EMP,STRESS_ACTUAL_CLEAR,regret_over_oracle_value,0.0001194232283492576,8.440269926283729e-05,-4.6006062205903466e-05,0.00028485251890441866,1000
100,EVENT-EMP,STRESS_ACTUAL_NEAR,regret_over_oracle_value,0.0007011610322787,0.00012956006088138484,0.00044722331295118565,0.0009550987516062143,100
200,EVENT-EMP,STRESS_ACTUAL_NEAR,regret_over_oracle_value,0.0006588299549350324,8.414588247478666e-05,0.0004939040252844506,0.0008237558845856142,200
400,EVENT-EMP,STRESS_ACTUAL_NEAR,regret_over_oracle_value,0.0007272991417493266,0.00011976007821867297,0.0004925693884407276,0.0009620288950579256,400
600,EVENT-EMP,STRESS_ACTUAL_NEAR,regret_over_oracle_value,0.0006413390786137903,8.091645601413274e-05,0.0004827428248260901,0.0007999353324014904,600
800,EVENT-EMP,STRESS_ACTUAL_NEAR,regret_over_oracle_value,0.0006691201778731444,7.695540236223444e-05,0.000518287589243165,0.0008199527665031239,800
1000,EVENT-EMP,STRESS_ACTUAL_NEAR,regret_over_oracle_value,0.0006811810343318538,6.99206872778575e-05,0.000544136487267253,0.0008182255813964545,1000
100,EVENT-EMP,STRESS_CAPACITY_CLEAR,regret_over_oracle_value,0.005826558223241848,0.0025530452257693406,0.0008225895807339404,0.010830526865749755,100
200,EVENT-EMP,STRESS_CAPACITY_CLEAR,regret_over_oracle_value,0.005722361097249487,0.0017696639690954715,0.0022538197178223625,0.00919090247667661,200
400,EVENT-EMP,STRESS_CAPACITY_CLEAR,regret_over_oracle_value,0.004825068133690581,0.001147859585677083,0.0025752633457634985,0.0070748729216176635,400
600,EVENT-EMP,STRESS_CAPACITY_CLEAR,regret_over_oracle_value,0.006451519309341042,0.001076658247148972,0.004341269144929057,0.008561769473753027,600
800,EVENT-EMP,STRESS_CAPACITY_CLEAR,regret_over_oracle_value,0.00707090623249854,0.000969857597527943,0.005169985341343771,0.008971827123653308,800
1000,EVENT-EMP,STRESS_CAPACITY_CLEAR,regret_over_oracle_value,0.0073895290474784,0.0008879099760979408,0.0056492254943264365,0.009129832600630364,1000
100,EVENT-EMP,STRESS_CAPACITY_NEAR,regret_over_oracle_value,0.003594178711414717,0.00041732310059118137,0.0027762254342560016,0.004412131988573433,100
200,EVENT-EMP,STRESS_CAPACITY_NEAR,regret_over_oracle_value,0.003817895094335141,0.00030110486527097906,0.0032277295584040217,0.004408060630266259,200
400,EVENT-EMP,STRESS_CAPACITY_NEAR,regret_over_oracle_value,0.004065106395428442,0.00021702073264311364,0.0036397457594479397,0.004490467031408945,400
600,EVENT-EMP,STRESS_CAPACITY_NEAR,regret_over_oracle_value,0.004292571573974247,0.00018473906741364298,0.0039304830018435065,0.004654660146104987,600
800,EVENT-EMP,STRESS_CAPACITY_NEAR,regret_over_oracle_value,0.00407033504410036,0.00015719042096852355,0.003762241819002054,0.004378428269198666,800
1000,EVENT-EMP,STRESS_CAPACITY_NEAR,regret_over_oracle_value,0.004054786833904969,0.00014206937403626706,0.0037763308607938854,0.004333242807016052,1000
100,EVENT-EMP,STRESS_CONTRACT_CLEAR,regret_over_oracle_value,0.006584491147701268,0.0004969783081527877,0.005610413663721805,0.007558568631680732,100
200,EVENT-EMP,STRESS_CONTRACT_CLEAR,regret_over_oracle_value,0.00602302723539602,0.0003558424521671606,0.005325576029148385,0.006720478441643654,200
400,EVENT-EMP,STRESS_CONTRACT_CLEAR,regret_over_oracle_value,0.0058532532047735454,0.00025795104761107754,0.005347669151455833,0.0063588372580912576,400
600,EVENT-EMP,STRESS_CONTRACT_CLEAR,regret_over_oracle_value,0.005938351312355935,0.00020732416754173786,0.0055319959439741285,0.006344706680737742,600
800,EVENT-EMP,STRESS_CONTRACT_CLEAR,regret_over_oracle_value,0.006071735959909457,0.00017859895470375716,0.0057216820086900926,0.006421789911128821,800
1000,EVENT-EMP,STRESS_CONTRACT_CLEAR,regret_over_oracle_value,0.006031556573420989,0.00016071104351333629,0.00571656292813485,0.006346550218707128,1000
100,EVENT-EMP,STRESS_CONTRACT_NEAR_HIGH,regret_over_oracle_value,0.0035679003125829545,0.0003151086834523583,0.002950287293016332,0.004185513332149577,100
200,EVENT-EMP,STRESS_CONTRACT_NEAR_HIGH,regret_over_oracle_value,0.0032194603643862247,0.00021061225338911137,0.0028066603477435665,0.003632260381028883,200
400,EVENT-EMP,STRESS_CONTRACT_NEAR_HIGH,regret_over_oracle_value,0.003043686950650489,0.00014709180678915698,0.0027553870093437417,0.0033319868919572367,400
600,EVENT-EMP,STRESS_CONTRACT_NEAR_HIGH,regret_over_oracle_value,0.0031426282532706984,0.00011997457578686534,0.0029074780847284424,0.0033777784218129545,600
800,EVENT-EMP,STRESS_CONTRACT_NEAR_HIGH,regret_over_oracle_value,0.0030948581092985045,9.851337732931341e-05,0.0029017718897330503,0.0032879443288639587,800
1000,EVENT-EMP,STRESS_CONTRACT_NEAR_HIGH,regret_over_oracle_value,0.0031003226504316963,9.089474992097563e-05,0.002922168940586584,0.0032784763602768086,1000
100,EVENT-EMP,STRESS_CONTRACT_NEAR_LOW,regret_over_oracle_value,0.001206083629781918,0.00018838836532004526,0.0008368424337546292,0.0015753248258092067,100
200,EVENT-EMP,STRESS_CONTRACT_NEAR_LOW,regret_over_oracle_value,0.001218705765412262,0.00012449209582510035,0.0009747012575950654,0.0014627102732294587,200
400,EVENT-EMP,STRESS_CONTRACT_NEAR_LOW,regret_over_oracle_value,0.0012310543685466946,0.00013820855320931258,0.0009601656042564419,0.0015019431328369471,400
600,EVENT-EMP,STRESS_CONTRACT_NEAR_LOW,regret_over_oracle_value,0.0011839438311220599,9.627887423663002e-05,0.000995237237618265,0.0013726504246258547,600
800,EVENT-EMP,STRESS_CONTRACT_NEAR_LOW,regret_over_oracle_value,0.00120856793289799,8.980653415559748e-05,0.0010325471259530188,0.0013845887398429612,800
1000,EVENT-EMP,STRESS_CONTRACT_NEAR_LOW,regret_over_oracle_value,0.0012269435283745061,8.148063489075272e-05,0.0010672414839886309,0.0013866455727603814,1000
100,GEV,BASE_ACTUAL_NEAR,regret_over_oracle_value,0.0032258064516128802,0.0003970693257397802,0.002447550573162911,0.0040040623300628495,100
200,GEV,BASE_ACTUAL_NEAR,regret_over_oracle_value,0.003024193548387075,0.0002767626110319265,0.002481738830764499,0.003566648266009651,200
400,GEV,BASE_ACTUAL_NEAR,regret_over_oracle_value,0.0030846774193548166,0.00019621222730703894,0.00270010145383302,0.003469253384876613,400
600,GEV,BASE_ACTUAL_NEAR,regret_over_oracle_value,0.0030913978494623434,0.0001602058731568961,0.002777394338074827,0.0034054013608498597,600
800,GEV,BASE_ACTUAL_NEAR,regret_over_oracle_value,0.0032157258064515904,0.00013969562913345837,0.002941922373350012,0.003489529239553169,800
1000,GEV,BASE_ACTUAL_NEAR,regret_over_oracle_value,0.003185483870967719,0.00012473025374862273,0.0029410125736204188,0.0034299551683150196,1000
100,GEV,BASE_CAPACITY_NEAR,regret_over_oracle_value,0.0038399999999999043,0.00040169338525493267,0.0030526809649002364,0.004627319035099572,100
200,GEV,BASE_CAPACITY_NEAR,regret_over_oracle_value,0.0040399999999999,0.00028353830402476875,0.003484264924111353,0.004595735075888447,200
400,GEV,BASE_CAPACITY_NEAR,regret_over_oracle_value,0.0038599999999999034,0.00020012777873035736,0.003467749553688403,0.004252250446311404,400
600,GEV,BASE_CAPACITY_NEAR,regret_over_oracle_value,0.003773333333333239,0.00016317295341112924,0.0034535143446474256,0.004093152322019052,600
800,GEV,BASE_CAPACITY_NEAR,regret_over_oracle_value,0.0037199999999999065,0.00014116270270788154,0.0034433211026924588,0.003996678897307354,800
1000,GEV,BASE_CAPACITY_NEAR,regret_over_oracle_value,0.0037519999999999065,0.00012631092767630858,0.0035044305817543415,0.003999569418245471,1000
100,GEV,STRESS_ACTUAL_CLEAR,regret_over_oracle_value,0.0,0.0,0.0,0.0,100
200,GEV,STRESS_ACTUAL_CLEAR,regret_over_oracle_value,0.0,0.0,0.0,0.0,200
400,GEV,STRESS_ACTUAL_CLEAR,regret_over_oracle_value,0.000597116141746288,0.00029743355436940937,1.4146375182245551e-05,0.0011800859083103304,400
600,GEV,STRESS_ACTUAL_CLEAR,regret_over_oracle_value,0.0003980774278308587,0.00019853966077594955,8.939692709997562e-06,0.0007872151629517198,600
800,GEV,STRESS_ACTUAL_CLEAR,regret_over_oracle_value,0.00037319758859143,0.00016648074144632832,4.6895335356626506e-05,0.0006994998418262335,800
1000,GEV,STRESS_ACTUAL_CLEAR,regret_over_oracle_value,0.0003582696850477728,0.00014589650381911415,7.231253756230906e-05,0.0006442268325332365,1000
100,GEV,STRESS_ACTUAL_NEAR,regret_over_oracle_value,0.00059906263782731,7.736742512760825e-05,0.0004474224845771978,0.0007507027910774221,100
200,GEV,STRESS_ACTUAL_NEAR,regret_over_oracle_value,0.000621995433411293,9.835519031658159e-05,0.0004292192603907931,0.000814771606431793,200
400,GEV,STRESS_ACTUAL_NEAR,regret_over_oracle_value,0.0006332542186492825,6.862788499551714e-05,0.0004987435640580689,0.0007677648732404961,400
600,GEV,STRESS_ACTUAL_NEAR,regret_over_oracle_value,0.0005541236665083725,4.722744592644552e-05,0.0004615578724925393,0.0006466894605242057,600
800,GEV,STRESS_ACTUAL_NEAR,regret_over_oracle_value,0.0005531240883225642,4.051100735298016e-05,0.0004737225139107231,0.0006325256627344053,800
1000,GEV,STRESS_ACTUAL_NEAR,regret_over_oracle_value,0.0005389766298854188,3.455990868472773e-05,0.0004712392088633525,0.0006067140509074852,1000
100,GEV,STRESS_CAPACITY_CLEAR,regret_over_oracle_value,0.006034917973530545,0.002648993890946095,0.0008428899472761988,0.011226945999784892,100
200,GEV,STRESS_CAPACITY_CLEAR,regret_over_oracle_value,0.006391143737698894,0.001881830447862526,0.002702756059888343,0.010079531415509446,200
400,GEV,STRESS_CAPACITY_CLEAR,regret_over_oracle_value,0.005163272318988284,0.0011927340235135977,0.002825513632901632,0.007501031005074935,400
600,GEV,STRESS_CAPACITY_CLEAR,regret_over_oracle_value,0.00637316130327906,0.0010810582711547317,0.004254287091815787,0.008492035514742334,600
800,GEV,STRESS_CAPACITY_CLEAR,regret_over_oracle_value,0.007180323867766214,0.0009851313564722003,0.005249466409080701,0.009111181326451726,800
1000,GEV,STRESS_CAPACITY_CLEAR,regret_over_oracle_value,0.00750324215530097,0.0009016868241792371,0.005735935979909666,0.009270548330692276,1000
100,GEV,STRESS_CAPACITY_NEAR,regret_over_oracle_value,0.004559515135314444,0.0005424779231783313,0.0034962584058849146,0.005622771864743973,100
200,GEV,STRESS_CAPACITY_NEAR,regret_over_oracle_value,0.004578870151489045,0.0003755462346391129,0.0038427995315963837,0.0053149407713817065,200
400,GEV,STRESS_CAPACITY_NEAR,regret_over_oracle_value,0.0044051742027143015,0.00024740407783398427,0.0039202622101596925,0.0048900861952689105,400
600,GEV,STRESS_CAPACITY_NEAR,regret_over_oracle_value,0.004488456989625233,0.0002088584405686321,0.0040790944461107145,0.004897819533139752,600
800,GEV,STRESS_CAPACITY_NEAR,regret_over_oracle_value,0.004210652170543582,0.00017406479964223332,0.003869485163244805,0.004551819177842359,800
1000,GEV,STRESS_CAPACITY_NEAR,regret_over_oracle_value,0.004323941927135445,0.00016054565838388707,0.0040092724367030265,0.004638611417567864,1000
100,GEV,STRESS_CONTRACT_CLEAR,regret_over_oracle_value,0.00700336495396342,0.0005012945838811366,0.006020827569556393,0.007985902338370448,100
200,GEV,STRESS_CONTRACT_CLEAR,regret_over_oracle_value,0.006667203615554618,0.0003627956964759887,0.00595612405046168,0.007378283180647555,200
400,GEV,STRESS_CONTRACT_CLEAR,regret_over_oracle_value,0.006250954758820053,0.00025566823100320346,0.0057498450260537745,0.006752064491586332,400
600,GEV,STRESS_CONTRACT_CLEAR,regret_over_oracle_value,0.006368569360617897,0.00020732066361509366,0.005962220859932314,0.00677491786130348,600
800,GEV,STRESS_CONTRACT_CLEAR,regret_over_oracle_value,0.006410621238347134,0.00017949852215567975,0.006058804134922002,0.006762438341772266,800
1000,GEV,STRESS_CONTRACT_CLEAR,regret_over_oracle_value,0.006488131320079505,0.00016227834586962815,0.006170065762175034,0.006806196877983976,1000
100,GEV,STRESS_CONTRACT_NEAR_HIGH,regret_over_oracle_value,0.00393424782925873,0.0003461530248670132,0.0032557879005193843,0.004612707757998076,100
200,GEV,STRESS_CONTRACT_NEAR_HIGH,regret_over_oracle_value,0.0037948203197746377,0.0002535091254824657,0.0032979424338290047,0.004291698205720271,200
400,GEV,STRESS_CONTRACT_NEAR_HIGH,regret_over_oracle_value,0.003442401298800034,0.0001662612782402623,0.00311652919344912,0.0037682734041509483,400
600,GEV,STRESS_CONTRACT_NEAR_HIGH,regret_over_oracle_value,0.003570591586451007,0.0001374670223239266,0.0033011562226961107,0.003840026950205903,600
800,GEV,STRESS_CONTRACT_NEAR_HIGH,regret_over_oracle_value,0.0034468653639790846,0.00011308933860880475,0.0032252102603058273,0.003668520467652342,800
1000,GEV,STRESS_CONTRACT_NEAR_HIGH,regret_over_oracle_value,0.003519612264100447,0.00010588743798665077,0.0033120728856466113,0.0037271516425542825,1000
100,GEV,STRESS_CONTRACT_NEAR_LOW,regret_over_oracle_value,0.001273185224480031,0.00014509234749261068,0.000988804223394514,0.0015575662255655478,100
200,GEV,STRESS_CONTRACT_NEAR_LOW,regret_over_oracle_value,0.00126143459559526,0.00013226893841365245,0.0010021874763045014,0.0015206817148860187,200
400,GEV,STRESS_CONTRACT_NEAR_LOW,regret_over_oracle_value,0.0011739641625801783,9.236552752579432e-05,0.0009929277286296215,0.001355000596530735,400
600,GEV,STRESS_CONTRACT_NEAR_LOW,regret_over_oracle_value,0.0011773953120558648,6.695138665758433e-05,0.0010461705942069995,0.00130862002990473,600
800,GEV,STRESS_CONTRACT_NEAR_LOW,regret_over_oracle_value,0.0011914621381322254,5.76004761573173e-05,0.0010785652048638835,0.0013043590714005673,800
1000,GEV,STRESS_CONTRACT_NEAR_LOW,regret_over_oracle_value,0.0011924351847312149,5.0079039543829467e-05,0.0010942802672253091,0.0012905901022371206,1000
100,KDE,BASE_ACTUAL_NEAR,regret_over_oracle_value,0.0032258064516128802,0.0003970693257397802,0.002447550573162911,0.0040040623300628495,100
200,KDE,BASE_ACTUAL_NEAR,regret_over_oracle_value,0.003024193548387075,0.0002767626110319265,0.002481738830764499,0.003566648266009651,200
400,KDE,BASE_ACTUAL_NEAR,regret_over_oracle_value,0.0030846774193548166,0.00019621222730703894,0.00270010145383302,0.003469253384876613,400
600,KDE,BASE_ACTUAL_NEAR,regret_over_oracle_value,0.0030913978494623434,0.0001602058731568961,0.002777394338074827,0.0034054013608498597,600
800,KDE,BASE_ACTUAL_NEAR,regret_over_oracle_value,0.0032157258064515904,0.00013969562913345837,0.002941922373350012,0.003489529239553169,800
1000,KDE,BASE_ACTUAL_NEAR,regret_over_oracle_value,0.0031935483870967514,0.00012478478440209183,0.0029489702096686513,0.0034381265645248515,1000
100,KDE,BASE_CAPACITY_NEAR,regret_over_oracle_value,0.0038399999999999043,0.00040169338525493267,0.0030526809649002364,0.004627319035099572,100
200,KDE,BASE_CAPACITY_NEAR,regret_over_oracle_value,0.0040399999999999,0.00028353830402476875,0.003484264924111353,0.004595735075888447,200
400,KDE,BASE_CAPACITY_NEAR,regret_over_oracle_value,0.0038599999999999034,0.00020012777873035736,0.003467749553688403,0.004252250446311404,400
600,KDE,BASE_CAPACITY_NEAR,regret_over_oracle_value,0.003773333333333239,0.00016317295341112924,0.0034535143446474256,0.004093152322019052,600
800,KDE,BASE_CAPACITY_NEAR,regret_over_oracle_value,0.0037199999999999065,0.00014116270270788154,0.0034433211026924588,0.003996678897307354,800
1000,KDE,BASE_CAPACITY_NEAR,regret_over_oracle_value,0.0037519999999999065,0.00012631092767630858,0.0035044305817543415,0.003999569418245471,1000
100,KDE,STRESS_ACTUAL_CLEAR,regret_over_oracle_value,0.0,0.0,0.0,0.0,100
200,KDE,STRESS_ACTUAL_CLEAR,regret_over_oracle_value,0.0,0.0,0.0,0.0,200
400,KDE,STRESS_ACTUAL_CLEAR,regret_over_oracle_value,0.000149279035436572,0.00014927903543657202,-0.00014330787401910914,0.00044186594489225314,400
600,KDE,STRESS_ACTUAL_CLEAR,regret_over_oracle_value,9.951935695771467e-05,9.951935695771468e-05,-9.55385826794061e-05,0.00029457729659483547,600
800,KDE,STRESS_ACTUAL_CLEAR,regret_over_oracle_value,7.4639517718286e-05,7.4639517718286e-05,-7.165393700955454e-05,0.00022093297244612652,800
1000,KDE,STRESS_ACTUAL_CLEAR,regret_over_oracle_value,0.0001194232283492576,8.44026992628373e-05,-4.6006062205903493e-05,0.0002848525189044187,1000
100,KDE,STRESS_ACTUAL_NEAR,regret_over_oracle_value,0.000324800564692874,7.517105204291951e-05,0.00017746530268875174,0.0004721358266969962,100
200,KDE,STRESS_ACTUAL_NEAR,regret_over_oracle_value,0.000283280648256546,4.28042917483368e-05,0.0001993842364298059,0.0003671770600832861,200
400,KDE,STRESS_ACTUAL_NEAR,regret_over_oracle_value,0.0002927407815159092,2.6359384228963617e-05,0.00024107638842714053,0.00034440517460467793,400
600,KDE,STRESS_ACTUAL_NEAR,regret_over_oracle_value,0.00027908393901814467,2.0872849706836775e-05,0.00023817315359274459,0.00031999472444354474,600
800,KDE,STRESS_ACTUAL_NEAR,regret_over_oracle_value,0.00028597043269194524,1.7524517802272942e-05,0.00025162237779949027,0.0003203184875844002,800
1000,KDE,STRESS_ACTUAL_NEAR,regret_over_oracle_value,0.00027805834148613903,1.5181106826290987e-05,0.0002483033721066087,0.00030781331086566935,1000
100,KDE,STRESS_CAPACITY_CLEAR,regret_over_oracle_value,0.004696340027419169,0.0023159225255567567,0.00015713187732792518,0.009235548177510412,100
200,KDE,STRESS_CAPACITY_CLEAR,regret_over_oracle_value,0.0040200357354466185,0.0014984740424737217,0.0010830266121981242,0.006957044858695112,200
400,KDE,STRESS_CAPACITY_CLEAR,regret_over_oracle_value,0.0028526114297646576,0.0008928022838104168,0.0011027189534962407,0.004602503906033074,400
600,KDE,STRESS_CAPACITY_CLEAR,regret_over_oracle_value,0.0026554916951853735,0.0007027176967023022,0.001278165009648861,0.004032818380721886,600
800,KDE,STRESS_CAPACITY_CLEAR,regret_over_oracle_value,0.003253855283851315,0.0006696130537416664,0.0019414136985176488,0.004566296869184981,800
1000,KDE,STRESS_CAPACITY_CLEAR,regret_over_oracle_value,0.003534528821059604,0.0006258597267709804,0.0023078437565884824,0.004761213885530725,1000
100,KDE,STRESS_CAPACITY_NEAR,regret_over_oracle_value,0.004287365555251926,0.0005718993767708699,0.003166442776781021,0.00540828833372283,100
200,KDE,STRESS_CAPACITY_NEAR,regret_over_oracle_value,0.004298071189168196,0.00040121868709682936,0.003511682562458411,0.005084459815877982,200
400,KDE,STRESS_CAPACITY_NEAR,regret_over_oracle_value,0.004122945566532223,0.0002715654433437947,0.0035906772975783856,0.004655213835486061,400
600,KDE,STRESS_CAPACITY_NEAR,regret_over_oracle_value,0.004228288087921243,0.00022448448320512056,0.003788298500839207,0.00466827767500328,600
800,KDE,STRESS_CAPACITY_NEAR,regret_over_oracle_value,0.003994124637048405,0.00018937463512301423,0.0036229503522072974,0.004365298921889513,800
1000,KDE,STRESS_CAPACITY_NEAR,regret_over_oracle_value,0.004062651772396688,0.00017246630937593283,0.0037246178060198597,0.004400685738773516,1000
100,KDE,STRESS_CONTRACT_CLEAR,regret_over_oracle_value,0.00777710592427414,0.0005017490589972932,0.006793677768639445,0.008760534079908835,100
200,KDE,STRESS_CONTRACT_CLEAR,regret_over_oracle_value,0.007811631722423904,0.00035005334176637525,0.007125527172561808,0.008497736272286,200
400,KDE,STRESS_CONTRACT_CLEAR,regret_over_oracle_value,0.007593847610643098,0.00024878070922017845,0.007106237420571548,0.008081457800714648,400
600,KDE,STRESS_CONTRACT_CLEAR,regret_over_oracle_value,0.0077405033073286444,0.000199252711915058,0.007349967991975131,0.008131038622682158,600
800,KDE,STRESS_CONTRACT_CLEAR,regret_over_oracle_value,0.007759890977381407,0.00017303510319522703,0.007420742175118762,0.008099039779644051,800
1000,KDE,STRESS_CONTRACT_CLEAR,regret_over_oracle_value,0.0077881228627434615,0.00015500044617096557,0.007484321988248369,0.008091923737238554,1000
100,KDE,STRESS_CONTRACT_NEAR_HIGH,regret_over_oracle_value,0.004136571544708328,0.000380587810874446,0.003390619435394414,0.004882523654022242,100
200,KDE,STRESS_CONTRACT_NEAR_HIGH,regret_over_oracle_value,0.004259689816017674,0.000271684031655092,0.003727189113973694,0.004792190518061654,200
400,KDE,STRESS_CONTRACT_NEAR_HIGH,regret_over_oracle_value,0.004078119342385497,0.00018485593797230333,0.0037158017039597827,0.004440436980811212,400
600,KDE,STRESS_CONTRACT_NEAR_HIGH,regret_over_oracle_value,0.004138979217524219,0.0001480623765741528,0.00384877695943888,0.004429181475609559,600
800,KDE,STRESS_CONTRACT_NEAR_HIGH,regret_over_oracle_value,0.004031389602228854,0.0001252739442153059,0.003785852671566855,0.004276926532890854,800
1000,KDE,STRESS_CONTRACT_NEAR_HIGH,regret_over_oracle_value,0.004111644905636986,0.00011456350479270383,0.0038871004362432864,0.004336189375030685,1000
100,KDE,STRESS_CONTRACT_NEAR_LOW,regret_over_oracle_value,0.001616675473087677,0.0001300401665148287,0.001361796746718613,0.0018715541994567412,100
200,KDE,STRESS_CONTRACT_NEAR_LOW,regret_over_oracle_value,0.0015325648854436172,8.411384420401502e-05,0.0013677017508037478,0.0016974280200834867,200
400,KDE,STRESS_CONTRACT_NEAR_LOW,regret_over_oracle_value,0.0014826432375341302,5.638402364684143e-05,0.001372130551186321,0.0015931559238819394,400
600,KDE,STRESS_CONTRACT_NEAR_LOW,regret_over_oracle_value,0.0015419160940365793,4.484344059888851e-05,0.0014540229504627577,0.0016298092376104008,600
800,KDE,STRESS_CONTRACT_NEAR_LOW,regret_over_oracle_value,0.0015282913073600406,3.8662169937286916e-05,0.0014525134542829584,0.0016040691604371229,800
1000,KDE,STRESS_CONTRACT_NEAR_LOW,regret_over_oracle_value,0.001531836123428761,3.415623059765837e-05,0.0014648899114573506,0.0015987823354001716,1000
100,TAIL,BASE_ACTUAL_NEAR,regret_over_oracle_value,0.002983870967741914,0.0003913198283015374,0.0022168841042709006,0.0037508578312129273,100
200,TAIL,BASE_ACTUAL_NEAR,regret_over_oracle_value,0.00282258064516127,0.0002726732139536812,0.002288141145812055,0.0033570201445104852,200
400,TAIL,BASE_ACTUAL_NEAR,regret_over_oracle_value,0.0027217741935483676,0.00019090693137780937,0.002347596608047861,0.003095951779048874,400
600,TAIL,BASE_ACTUAL_NEAR,regret_over_oracle_value,0.002741935483870948,0.0001560904490191898,0.002435998203793336,0.0030478727639485603,600
800,TAIL,BASE_ACTUAL_NEAR,regret_over_oracle_value,0.002893145161290302,0.000136840473763336,0.0026249378327141636,0.0031613524898664405,800
1000,TAIL,BASE_ACTUAL_NEAR,regret_over_oracle_value,0.0028790322580644957,0.00012224614291521358,0.0026394298179506772,0.003118634698178314,1000
100,TAIL,BASE_CAPACITY_NEAR,regret_over_oracle_value,0.0039999999999999,0.00040201512610367484,0.0032120503528366975,0.004787949647163103,100
200,TAIL,BASE_CAPACITY_NEAR,regret_over_oracle_value,0.0040399999999999,0.00028353830402476875,0.003484264924111353,0.004595735075888447,200
400,TAIL,BASE_CAPACITY_NEAR,regret_over_oracle_value,0.0039999999999999,0.0002002504697286985,0.003607509079331651,0.004392490920668149,400
600,TAIL,BASE_CAPACITY_NEAR,regret_over_oracle_value,0.004013333333333233,0.00016343466131117618,0.0036930013971633283,0.004333665269503139,600
800,TAIL,BASE_CAPACITY_NEAR,regret_over_oracle_value,0.0038599999999999034,0.00014142312620565715,0.0035828106726368152,0.004137189327362991,800
1000,TAIL,BASE_CAPACITY_NEAR,regret_over_oracle_value,0.0039039999999999023,0.0001265179465166503,0.0036560248248272676,0.004151975175172537,1000
100,TAIL,STRESS_ACTUAL_CLEAR,regret_over_oracle_value,0.0,0.0,0.0,0.0,100
200,TAIL,STRESS_ACTUAL_CLEAR,regret_over_oracle_value,0.0,0.0,0.0,0.0,200
400,TAIL,STRESS_ACTUAL_CLEAR,regret_over_oracle_value,0.0,0.0,0.0,0.0,400
600,TAIL,STRESS_ACTUAL_CLEAR,regret_over_oracle_value,0.0,0.0,0.0,0.0,600
800,TAIL,STRESS_ACTUAL_CLEAR,regret_over_oracle_value,0.0,0.0,0.0,0.0,800
1000,TAIL,STRESS_ACTUAL_CLEAR,regret_over_oracle_value,0.0,0.0,0.0,0.0,1000
100,TAIL,STRESS_ACTUAL_NEAR,regret_over_oracle_value,0.00035334260804493404,4.536098320906028e-05,0.00026443508095517587,0.0004422501351346922,100
200,TAIL,STRESS_ACTUAL_NEAR,regret_over_oracle_value,0.000413587039120063,4.1408466330357034e-05,0.00033242644511256327,0.0004947476331275628,200
400,TAIL,STRESS_ACTUAL_NEAR,regret_over_oracle_value,0.00045087887380159774,2.6481499350948414e-05,0.00039897513507373885,0.0005027826125294566,400
600,TAIL,STRESS_ACTUAL_NEAR,regret_over_oracle_value,0.000447812002553121,2.0770952305127777e-05,0.00040710093603507055,0.0004885230690711715,600
800,TAIL,STRESS_ACTUAL_NEAR,regret_over_oracle_value,0.00045209012298225317,1.7614798984374397e-05,0.00041756511697287936,0.000486615128991627,800
1000,TAIL,STRESS_ACTUAL_NEAR,regret_over_oracle_value,0.00044721820349141815,1.5544212711487376e-05,0.0004167515465769029,0.0004776848604059334,1000
100,TAIL,STRESS_CAPACITY_CLEAR,regret_over_oracle_value,0.004761933183180495,0.002346700867071883,0.00016239948371960487,0.009361466882641386,100
200,TAIL,STRESS_CAPACITY_CLEAR,regret_over_oracle_value,0.005238891299766284,0.001712421878924945,0.0018825444170733918,0.008595238182459176,200
400,TAIL,STRESS_CAPACITY_CLEAR,regret_over_oracle_value,0.004602289963509979,0.0011296220316124425,0.002388230781549592,0.006816349145470366,400
600,TAIL,STRESS_CAPACITY_CLEAR,regret_over_oracle_value,0.00575881440606782,0.0010264383029373715,0.0037469953323105718,0.0077706334798250684,600
800,TAIL,STRESS_CAPACITY_CLEAR,regret_over_oracle_value,0.005755359523868493,0.0008882098484554224,0.004014468220895864,0.007496250826841121,800
1000,TAIL,STRESS_CAPACITY_CLEAR,regret_over_oracle_value,0.006808619925048299,0.0008610863538090263,0.005120890671582608,0.00849634917851399,1000
100,TAIL,STRESS_CAPACITY_NEAR,regret_over_oracle_value,0.003724582865433735,0.00040989740162692925,0.0029211839582449534,0.004527981772622516,100
200,TAIL,STRESS_CAPACITY_NEAR,regret_over_oracle_value,0.0037423441781180545,0.0002673635132375029,0.003218311692172549,0.00426637666406356,200
400,TAIL,STRESS_CAPACITY_NEAR,regret_over_oracle_value,0.003678968978177012,0.00018191055925636805,0.0033224242820345307,0.004035513674319494,400
600,TAIL,STRESS_CAPACITY_NEAR,regret_over_oracle_value,0.0037515294158412646,0.00015861966284113388,0.003440634876672642,0.004062423955009887,600
800,TAIL,STRESS_CAPACITY_NEAR,regret_over_oracle_value,0.003565656769749621,0.00013608327262852615,0.00329893355539771,0.0038323799841015324,800
1000,TAIL,STRESS_CAPACITY_NEAR,regret_over_oracle_value,0.0036413472457594753,0.00012475659500505636,0.003396824319549565,0.003885870171969386,1000
100,TAIL,STRESS_CONTRACT_CLEAR,regret_over_oracle_value,0.005748028753468026,0.0005147495355314639,0.004739119663826357,0.006756937843109696,100
200,TAIL,STRESS_CONTRACT_CLEAR,regret_over_oracle_value,0.005335135069919197,0.00035928225523677,0.004630941849655127,0.006039328290183266,200
400,TAIL,STRESS_CONTRACT_CLEAR,regret_over_oracle_value,0.0050650541403899855,0.0002516087308240872,0.004571901027974775,0.005558207252805196,400
600,TAIL,STRESS_CONTRACT_CLEAR,regret_over_oracle_value,0.00521666138064664,0.00020642536193338435,0.004812067671257207,0.0056212550900360736,600
800,TAIL,STRESS_CONTRACT_CLEAR,regret_over_oracle_value,0.005447183553702294,0.00017992770490802735,0.0050945252520825605,0.005799841855322027,800
1000,TAIL,STRESS_CONTRACT_CLEAR,regret_over_oracle_value,0.005467784126973505,0.00016169748926429085,0.005150857048015495,0.0057847112059315154,1000
100,TAIL,STRESS_CONTRACT_NEAR_HIGH,regret_over_oracle_value,0.002731071712733067,0.0002575225229796684,0.0022263275676929167,0.003235815857773217,100
200,TAIL,STRESS_CONTRACT_NEAR_HIGH,regret_over_oracle_value,0.0024790648191099175,0.00016080578558215106,0.0021638854793689013,0.0027942441588509337,200
400,TAIL,STRESS_CONTRACT_NEAR_HIGH,regret_over_oracle_value,0.002353714670799097,0.00010492516242138627,0.00214806135245318,0.002559367989145014,400
600,TAIL,STRESS_CONTRACT_NEAR_HIGH,regret_over_oracle_value,0.0024961327726400915,9.312011038033488e-05,0.0023136173562946353,0.0026786481889855478,600
800,TAIL,STRESS_CONTRACT_NEAR_HIGH,regret_over_oracle_value,0.002538140562785113,7.747945754116393e-05,0.0023862808260044317,0.0026900002995657946,800
1000,TAIL,STRESS_CONTRACT_NEAR_HIGH,regret_over_oracle_value,0.0025776305117963133,7.283298832850379e-05,0.002434877854672446,0.0027203831689201806,1000
100,TAIL,STRESS_CONTRACT_NEAR_LOW,regret_over_oracle_value,0.0011138325353439,0.00011194438178866624,0.0008944215470381142,0.001333243523649686,100
200,TAIL,STRESS_CONTRACT_NEAR_LOW,regret_over_oracle_value,0.0010524873553850631,8.54442178272576e-05,0.0008850166884436382,0.001219958022326488,200
400,TAIL,STRESS_CONTRACT_NEAR_LOW,regret_over_oracle_value,0.000973695092961914,5.765192852046227e-05,0.0008606973130618079,0.00108669287286202,400
600,TAIL,STRESS_CONTRACT_NEAR_LOW,regret_over_oracle_value,0.0009647159469887143,4.638003866293091e-05,0.0008738110712093697,0.001055620822768059,600
800,TAIL,STRESS_CONTRACT_NEAR_LOW,regret_over_oracle_value,0.000965795536678834,3.988881381826699e-05,0.0008876134615950306,0.0010439776117626373,800
1000,TAIL,STRESS_CONTRACT_NEAR_LOW,regret_over_oracle_value,0.0009842646110584082,3.559744600855103e-05,0.0009144936168816481,0.0010540356052351682,1000
